hitter_id,player,team,opponent,game_start_time,game_status,batting_order,pitcher,pitcher_id,pitcher_hand,hitter_hand,barrel_pct,iso,avg_exit_velocity,ev50,xslg,xiso,xwoba,bat_speed,fast_swing_pct,pull_pct,fb_pct,hard_hit_pct,hr_total,pitcher_barrel_pct_allowed,pitcher_hard_hit_pct_allowed,pitcher_avg_exit_velocity_allowed,pitcher_xslg_allowed,pitcher_xiso_allowed,pitcher_fb_pct_allowed,pitcher_hr_allowed,pitcher_hr_allowed_vs_lhh,pitcher_hr_allowed_vs_rhh,ballpark,park_hr_factor,weather_temp,wind_speed,wind_direction,confirmed_lineup,rotowire_confirmed_lineup,rotowire_batting_order,rotowire_player_found,lineup_disagreement,lineup_sources_used,source_warnings,stat_years_used,bvp_pa,bvp_hr,bvp_note,recent_games,recent_hits,recent_abs,recent_hr,recent_form_note,split_matchup_note,pitch_mix_note,public_attention,odds
664983,Jake McCarthy,COL,DET,2026-09-13T16:10:00Z,Scheduled,1,Jackson Jobe,695549,R,L,5.37,0.1739,85.19,96.9112,0.4006,0.1364,0.3112,70.89,12.77,37.66,21.8,28.3,11.7,9.33,38.82,88.47,0.4324,0.1806,24.22,5.6,5.6,5.6,Comerica Park,100,,,,No,Yes,1,Yes,Yes,RotoWire projected lineup; MLB probable pitchers,lineup projected / unconfirmed,H:2026/2025 P:2026/2025,,,Direct BvP not yet weighted; 2026/2025 Statcast baseline active,7,12,30,1,Contact streak: 12/30 over last 7 games,"platoon edge; pitcher baseline 9.3% barrel, 5.6 HR allowed",neutral batted-ball profile; pitcher fly-ball pressure modest,,
681393,Connor Norby,COL,DET,2026-09-13T16:10:00Z,Scheduled,2,Jackson Jobe,695549,R,R,8.0,0.1359,87.18,98.0584,0.3687,0.1487,0.3028,70.21,8.48,43.08,34.3,36.19,7.3,9.33,38.82,88.47,0.4324,0.1806,24.22,5.6,5.6,5.6,Comerica Park,100,,,,No,Yes,2,Yes,Yes,RotoWire projected lineup; MLB probable pitchers,lineup projected / unconfirmed,H:2026/2025 P:2026/2025,,,Direct BvP not yet weighted; 2026/2025 Statcast baseline active,7,7,20,1,Contact streak: 7/20 over last 7 games,"same-side matchup; pitcher baseline 9.3% barrel, 5.6 HR allowed",neutral batted-ball profile; pitcher fly-ball pressure modest,,
696100,Hunter Goodman,COL,DET,2026-09-13T16:10:00Z,Scheduled,3,Jackson Jobe,695549,R,R,14.3,0.2658,90.31,102.4405,0.4539,0.2238,0.3199,74.86,48.25,48.49,32.06,45.22,35.2,9.33,38.82,88.47,0.4324,0.1806,24.22,5.6,5.6,5.6,Comerica Park,100,,,,No,Yes,3,Yes,Yes,RotoWire projected lineup; MLB probable pitchers,lineup projected / unconfirmed,H:2026/2025 P:2026/2025,,,Direct BvP not yet weighted; 2026/2025 Statcast baseline active,7,3,27,2,Hot streak: 2 HR in last 7 games,"same-side matchup; pitcher baseline 9.3% barrel, 5.6 HR allowed",neutral batted-ball profile; pitcher fly-ball pressure modest,,
681198,TJ Rumfield,COL,DET,2026-09-13T16:10:00Z,Scheduled,4,Jackson Jobe,695549,R,L,5.0,0.158,84.2,96.2236,0.387,0.128,0.334,68.5,7.9,41.6,28.5,28.0,15.0,9.33,38.82,88.47,0.4324,0.1806,24.22,5.6,5.6,5.6,Comerica Park,100,,,,No,Yes,4,Yes,Yes,RotoWire projected lineup; MLB probable pitchers,lineup projected / unconfirmed,H:2026 P:2026/2025,,,Direct BvP not yet weighted; 2026/2025 Statcast baseline active,7,11,27,1,Contact streak: 11/27 over last 7 games,"platoon edge; pitcher baseline 9.3% barrel, 5.6 HR allowed",neutral batted-ball profile; pitcher fly-ball pressure modest,,
694249,Cole Carrigg,COL,DET,2026-09-13T16:10:00Z,Scheduled,5,Jackson Jobe,695549,R,S,5.4,0.18,87.3,98.3991,0.387,0.135,0.316,73.3,35.0,48.3,27.8,34.6,7.0,9.33,38.82,88.47,0.4324,0.1806,24.22,5.6,5.6,5.6,Comerica Park,100,,,,No,Yes,5,Yes,Yes,RotoWire projected lineup; MLB probable pitchers,lineup projected / unconfirmed,H:2026 P:2026/2025,,,Direct BvP not yet weighted; 2026/2025 Statcast baseline active,7,6,26,0,"Last 7 games: 6/26, 0 HR","switch hitter; pitcher baseline 9.3% barrel, 5.6 HR allowed",neutral batted-ball profile; pitcher fly-ball pressure modest,,
691720,Kyle Karros,COL,DET,2026-09-13T16:10:00Z,Scheduled,6,Jackson Jobe,695549,R,R,6.11,0.1294,88.95,99.5429,0.3642,0.1236,0.314,69.8,5.3,39.29,23.99,38.67,8.0,9.33,38.82,88.47,0.4324,0.1806,24.22,5.6,5.6,5.6,Comerica Park,100,,,,No,Yes,6,Yes,Yes,RotoWire projected lineup; MLB probable pitchers,lineup projected / unconfirmed,H:2026/2025 P:2026/2025,,,Direct BvP not yet weighted; 2026/2025 Statcast baseline active,7,4,25,1,"Last 7 games: 4/25, 1 HR","same-side matchup; pitcher baseline 9.3% barrel, 5.6 HR allowed",neutral batted-ball profile; pitcher fly-ball pressure modest,,
687597,Jordan Beck,COL,DET,2026-09-13T16:10:00Z,Scheduled,7,Jackson Jobe,695549,R,R,5.75,0.1167,86.77,98.5013,0.3243,0.1087,0.2642,73.76,37.25,38.89,28.67,32.97,5.5,9.33,38.82,88.47,0.4324,0.1806,24.22,5.6,5.6,5.6,Comerica Park,100,,,,No,Yes,7,Yes,Yes,RotoWire projected lineup; MLB probable pitchers,lineup projected / unconfirmed,H:2026/2025 P:2026/2025,,,Direct BvP not yet weighted; 2026/2025 Statcast baseline active,7,2,15,0,"Last 7 games: 2/15, 0 HR","same-side matchup; pitcher baseline 9.3% barrel, 5.6 HR allowed",neutral batted-ball profile; pitcher fly-ball pressure modest,,
691182,Adael Amador,COL,DET,2026-09-13T16:10:00Z,Scheduled,8,Jackson Jobe,695549,R,S,7.39,0.2238,83.33,97.0273,0.3158,0.1097,0.2697,69.41,8.92,54.9,27.54,26.52,2.4,9.33,38.82,88.47,0.4324,0.1806,24.22,5.6,5.6,5.6,Comerica Park,100,,,,No,Yes,8,Yes,Yes,RotoWire projected lineup; MLB probable pitchers,lineup projected / unconfirmed,H:2026/2025 P:2026/2025,,,Direct BvP not yet weighted; 2026/2025 Statcast baseline active,7,7,24,1,"Last 7 games: 7/24, 1 HR","switch hitter; pitcher baseline 9.3% barrel, 5.6 HR allowed",neutral batted-ball profile; pitcher fly-ball pressure modest,,
678662,Ezequiel Tovar,COL,DET,2026-09-13T16:10:00Z,Scheduled,9,Jackson Jobe,695549,R,R,7.2,0.1274,87.86,98.8858,0.385,0.1506,0.2889,71.95,21.1,37.26,30.27,34.63,9.7,9.33,38.82,88.47,0.4324,0.1806,24.22,5.6,5.6,5.6,Comerica Park,100,,,,No,Yes,9,Yes,Yes,RotoWire projected lineup; MLB probable pitchers,lineup projected / unconfirmed,H:2026/2025 P:2026/2025,,,Direct BvP not yet weighted; 2026/2025 Statcast baseline active,7,6,19,1,"Last 7 games: 6/19, 1 HR","same-side matchup; pitcher baseline 9.3% barrel, 5.6 HR allowed",neutral batted-ball profile; pitcher fly-ball pressure modest,,
805808,Kevin McGonigle,DET,COL,2026-09-13T16:10:00Z,Scheduled,1,Gabriel Hughes,687312,R,L,6.9,0.146,87.9,98.2395,0.432,0.172,0.35,71.2,15.7,37.4,35.9,36.4,16.0,4.5,29.2,87.3,0.349,0.113,26.4,5.0,5.0,5.0,Comerica Park,100,,,,No,Yes,1,Yes,Yes,RotoWire projected lineup; MLB probable pitchers,lineup projected / unconfirmed,H:2026 P:2026,,,Direct BvP not yet weighted; 2026/2025 Statcast baseline active,7,7,27,3,Hot streak: 3 HR in last 7 games,"platoon edge; pitcher baseline 4.5% barrel, 5.0 HR allowed",fly-ball profile; pitcher fly-ball pressure modest,,
701678,Hao-Yu Lee,DET,COL,2026-09-13T16:10:00Z,Scheduled,2,Gabriel Hughes,687312,R,R,8.5,0.144,89.8,100.2932,0.389,0.159,0.299,71.5,22.0,28.0,25.5,41.0,8.0,4.5,29.2,87.3,0.349,0.113,26.4,5.0,5.0,5.0,Comerica Park,100,,,,No,Yes,2,Yes,Yes,RotoWire projected lineup; MLB probable pitchers,lineup projected / unconfirmed,H:2026 P:2026,,,Direct BvP not yet weighted; 2026/2025 Statcast baseline active,7,4,22,0,"Last 7 games: 4/22, 0 HR","same-side matchup; pitcher baseline 4.5% barrel, 5.0 HR allowed",neutral batted-ball profile; pitcher fly-ball pressure modest,,
690993,Colt Keith,DET,COL,2026-09-13T16:10:00Z,Scheduled,3,Gabriel Hughes,687312,R,L,8.08,0.1493,89.16,100.2841,0.4307,0.1611,0.3361,71.61,16.69,37.87,26.02,42.44,10.9,4.5,29.2,87.3,0.349,0.113,26.4,5.0,5.0,5.0,Comerica Park,100,,,,No,Yes,3,Yes,Yes,RotoWire projected lineup; MLB probable pitchers,lineup projected / unconfirmed,H:2026/2025 P:2026,,,Direct BvP not yet weighted; 2026/2025 Statcast baseline active,7,4,17,1,"Last 7 games: 4/17, 1 HR","platoon edge; pitcher baseline 4.5% barrel, 5.0 HR allowed",neutral batted-ball profile; pitcher fly-ball pressure modest,,
682985,Riley Greene,DET,COL,2026-09-13T16:10:00Z,Scheduled,4,Gabriel Hughes,687312,R,L,15.84,0.2098,90.25,102.6361,0.5022,0.2459,0.3614,75.6,57.94,38.84,33.94,47.25,24.1,4.5,29.2,87.3,0.349,0.113,26.4,5.0,5.0,5.0,Comerica Park,100,,,,No,Yes,4,Yes,Yes,RotoWire projected lineup; MLB probable pitchers,lineup projected / unconfirmed,H:2026/2025 P:2026,,,Direct BvP not yet weighted; 2026/2025 Statcast baseline active,7,14,28,3,Hot streak: 3 HR in last 7 games,"platoon edge; pitcher baseline 4.5% barrel, 5.0 HR allowed",neutral batted-ball profile; pitcher fly-ball pressure modest,,
680664,Eduardo Valencia,DET,COL,2026-09-13T16:10:00Z,Scheduled,5,Gabriel Hughes,687312,R,R,17.9,0.28,89.3,101.389,0.497,0.25,0.323,73.2,29.6,38.8,23.9,44.8,6.0,4.5,29.2,87.3,0.349,0.113,26.4,5.0,5.0,5.0,Comerica Park,100,,,,No,Yes,5,Yes,Yes,RotoWire projected lineup; MLB probable pitchers,lineup projected / unconfirmed,H:2026 P:2026,,,Direct BvP not yet weighted; 2026/2025 Statcast baseline active,7,7,25,0,"Last 7 games: 7/25, 0 HR","same-side matchup; pitcher baseline 4.5% barrel, 5.0 HR allowed",neutral batted-ball profile; pitcher fly-ball pressure modest,,
703601,Max Clark,DET,COL,2026-09-13T16:10:00Z,Scheduled,6,Gabriel Hughes,687312,R,L,1.0,0.172,87.6,98.2654,0.364,0.091,0.318,73.3,27.5,37.8,26.5,39.8,3.0,4.5,29.2,87.3,0.349,0.113,26.4,5.0,5.0,5.0,Comerica Park,100,,,,No,Yes,6,Yes,Yes,RotoWire projected lineup; MLB probable pitchers,lineup projected / unconfirmed,H:2026 P:2026,,,Direct BvP not yet weighted; 2026/2025 Statcast baseline active,7,9,23,1,Contact streak: 9/23 over last 7 games,"platoon edge; pitcher baseline 4.5% barrel, 5.0 HR allowed",neutral batted-ball profile; pitcher fly-ball pressure modest,,
679529,Spencer Torkelson,DET,COL,2026-09-13T16:10:00Z,Scheduled,7,Gabriel Hughes,687312,R,R,12.59,0.1957,89.57,100.1202,0.4119,0.1957,0.3165,73.14,26.16,47.49,35.9,42.23,24.7,4.5,29.2,87.3,0.349,0.113,26.4,5.0,5.0,5.0,Comerica Park,100,,,,No,Yes,7,Yes,Yes,RotoWire projected lineup; MLB probable pitchers,lineup projected / unconfirmed,H:2026/2025 P:2026,,,Direct BvP not yet weighted; 2026/2025 Statcast baseline active,7,4,20,1,"Last 7 games: 4/20, 1 HR","same-side matchup; pitcher baseline 4.5% barrel, 5.0 HR allowed",fly-ball profile; pitcher fly-ball pressure modest,,
814430,Brett Callahan,DET,COL,2026-09-13T16:10:00Z,Scheduled,8,Gabriel Hughes,687312,R,L,11.1,0.156,91.9,101.9318,0.4,0.184,0.291,73.9,43.7,40.7,29.6,51.9,1.0,4.5,29.2,87.3,0.349,0.113,26.4,5.0,5.0,5.0,Comerica Park,100,,,,No,Yes,8,Yes,Yes,RotoWire projected lineup; MLB probable pitchers,lineup projected / unconfirmed,H:2026 P:2026,,,Direct BvP not yet weighted; 2026/2025 Statcast baseline active,7,2,15,0,"Last 7 games: 2/15, 0 HR","platoon edge; pitcher baseline 4.5% barrel, 5.0 HR allowed",neutral batted-ball profile; pitcher fly-ball pressure modest,,
807726,John Peck,DET,COL,2026-09-13T16:10:00Z,Scheduled,9,Gabriel Hughes,687312,R,R,15.8,0.037,89.4,99.381,0.435,0.182,0.37,72.1,14.3,25.0,15.0,45.0,0.0,4.5,29.2,87.3,0.349,0.113,26.4,5.0,5.0,5.0,Comerica Park,100,,,,No,Yes,9,Yes,Yes,RotoWire projected lineup; MLB probable pitchers,lineup projected / unconfirmed,H:2026 P:2026,,,Direct BvP not yet weighted; 2026/2025 Statcast baseline active,7,5,19,0,"Last 7 games: 5/19, 0 HR","same-side matchup; pitcher baseline 4.5% barrel, 5.0 HR allowed",neutral batted-ball profile; pitcher fly-ball pressure modest,,
687263,Zach Neto,LAA,WSH,2026-09-13T17:35:00Z,Scheduled,1,Jake Irvin,663623,R,R,12.32,0.2037,90.09,100.328,0.4348,0.2097,0.3202,71.4,14.53,47.69,34.26,42.61,25.3,11.02,46.12,89.77,0.4672,0.2085,28.74,21.9,21.9,21.9,Nationals Park,101,,,,No,Yes,1,Yes,Yes,RotoWire projected lineup; MLB probable pitchers,lineup projected / unconfirmed,H:2026/2025 P:2026/2025,,,Direct BvP not yet weighted; 2026/2025 Statcast baseline active,7,10,29,2,Hot streak: 2 HR in last 7 games,"same-side matchup; pitcher baseline 11.0% barrel, 21.9 HR allowed",neutral batted-ball profile; pitcher fly-ball pressure modest,,
545361,Mike Trout,LAA,WSH,2026-09-13T17:35:00Z,Scheduled,2,Jake Irvin,663623,R,R,15.73,0.1923,90.27,102.8741,0.4845,0.2369,0.3713,74.56,47.07,35.81,31.63,46.5,22.5,11.02,46.12,89.77,0.4672,0.2085,28.74,21.9,21.9,21.9,Nationals Park,101,,,,No,Yes,2,Yes,Yes,RotoWire projected lineup; MLB probable pitchers,lineup projected / unconfirmed,H:2026/2025 P:2026/2025,,,Direct BvP not yet weighted; 2026/2025 Statcast baseline active,7,8,26,1,"Last 7 games: 8/26, 1 HR","same-side matchup; pitcher baseline 11.0% barrel, 21.9 HR allowed",neutral batted-ball profile; pitcher fly-ball pressure modest,,
642350,Jose Siri,LAA,WSH,2026-09-13T17:35:00Z,Scheduled,3,Jake Irvin,663623,R,R,16.15,0.1383,88.33,99.9178,0.3802,0.198,0.275,73.15,35.15,31.69,44.09,39.88,5.6,11.02,46.12,89.77,0.4672,0.2085,28.74,21.9,21.9,21.9,Nationals Park,101,,,,No,Yes,3,Yes,Yes,RotoWire projected lineup; MLB probable pitchers,lineup projected / unconfirmed,H:2026/2025 P:2026/2025,,,Direct BvP not yet weighted; 2026/2025 Statcast baseline active,7,4,13,1,"Last 7 games: 4/13, 1 HR","same-side matchup; pitcher baseline 11.0% barrel, 21.9 HR allowed",fly-ball profile; pitcher fly-ball pressure modest,,
687093,Vaughn Grissom,LAA,WSH,2026-09-13T17:35:00Z,Scheduled,4,Jake Irvin,663623,R,R,7.0,0.138,87.7,98.9125,0.385,0.138,0.311,71.0,16.7,39.9,24.8,36.9,10.0,11.02,46.12,89.77,0.4672,0.2085,28.74,21.9,21.9,21.9,Nationals Park,101,,,,No,Yes,4,Yes,Yes,RotoWire projected lineup; MLB probable pitchers,lineup projected / unconfirmed,H:2026 P:2026/2025,,,Direct BvP not yet weighted; 2026/2025 Statcast baseline active,7,4,27,1,"Last 7 games: 4/27, 1 HR","same-side matchup; pitcher baseline 11.0% barrel, 21.9 HR allowed",neutral batted-ball profile; pitcher fly-ball pressure modest,,
695681,Christian Moore,LAA,WSH,2026-09-13T17:35:00Z,Scheduled,5,Jake Irvin,663623,R,R,8.23,0.116,88.9,99.7874,0.3149,0.1133,0.2589,71.86,23.33,24.82,26.59,38.68,2.8,11.02,46.12,89.77,0.4672,0.2085,28.74,21.9,21.9,21.9,Nationals Park,101,,,,No,Yes,5,Yes,Yes,RotoWire projected lineup; MLB probable pitchers,lineup projected / unconfirmed,H:2026/2025 P:2026/2025,,,Direct BvP not yet weighted; 2026/2025 Statcast baseline active,7,6,27,0,"Last 7 games: 6/27, 0 HR","same-side matchup; pitcher baseline 11.0% barrel, 21.9 HR allowed",neutral batted-ball profile; pitcher fly-ball pressure modest,,
672724,Oswald Peraza,LAA,WSH,2026-09-13T17:35:00Z,Scheduled,6,Jake Irvin,663623,R,R,6.49,0.1063,87.24,99.5578,0.3249,0.1099,0.2655,72.83,29.3,36.62,20.73,36.63,6.4,11.02,46.12,89.77,0.4672,0.2085,28.74,21.9,21.9,21.9,Nationals Park,101,,,,No,Yes,6,Yes,Yes,RotoWire projected lineup; MLB probable pitchers,lineup projected / unconfirmed,H:2026/2025 P:2026/2025,,,Direct BvP not yet weighted; 2026/2025 Statcast baseline active,7,3,19,0,"Last 7 games: 3/19, 0 HR","same-side matchup; pitcher baseline 11.0% barrel, 21.9 HR allowed",neutral batted-ball profile; pitcher fly-ball pressure modest,,
694203,Denzer Guzman,LAA,WSH,2026-09-13T17:35:00Z,Scheduled,7,Jake Irvin,663623,R,R,8.7,0.139,86.57,98.7234,0.3286,0.1169,0.2525,73.43,35.06,39.62,23.77,37.09,5.5,11.02,46.12,89.77,0.4672,0.2085,28.74,21.9,21.9,21.9,Nationals Park,101,,,,No,Yes,7,Yes,Yes,RotoWire projected lineup; MLB probable pitchers,lineup projected / unconfirmed,H:2026/2025 P:2026/2025,,,Direct BvP not yet weighted; 2026/2025 Statcast baseline active,7,6,20,1,"Last 7 games: 6/20, 1 HR","same-side matchup; pitcher baseline 11.0% barrel, 21.9 HR allowed",neutral batted-ball profile; pitcher fly-ball pressure modest,,
677347,Kyren Paris,LAA,WSH,2026-09-13T17:35:00Z,Scheduled,8,Jake Irvin,663623,R,R,5.01,0.0573,94.08,100.2594,0.2479,0.1134,0.2405,72.22,16.96,41.44,54.09,70.34,1.8,11.02,46.12,89.77,0.4672,0.2085,28.74,21.9,21.9,21.9,Nationals Park,101,,,,No,Yes,8,Yes,Yes,RotoWire projected lineup; MLB probable pitchers,lineup projected / unconfirmed,H:2026/2025 P:2026/2025,,,Direct BvP not yet weighted; 2026/2025 Statcast baseline active,7,0,13,0,"Last 7 games: 0/13, 0 HR","same-side matchup; pitcher baseline 11.0% barrel, 21.9 HR allowed",lift-pull EV profile; pitcher fly-ball pressure modest,,
623168,Tyler Heineman,LAA,WSH,2026-09-13T17:35:00Z,Scheduled,9,Jake Irvin,663623,R,S,1.45,0.0724,82.58,92.6774,0.2741,0.0552,0.2506,65.47,0.42,43.85,22.03,15.82,1.6,11.02,46.12,89.77,0.4672,0.2085,28.74,21.9,21.9,21.9,Nationals Park,101,,,,No,Yes,9,Yes,Yes,RotoWire projected lineup; MLB probable pitchers,lineup projected / unconfirmed,H:2026/2025 P:2026/2025,,,Direct BvP not yet weighted; 2026/2025 Statcast baseline active,7,3,15,0,"Last 7 games: 3/15, 0 HR","switch hitter; pitcher baseline 11.0% barrel, 21.9 HR allowed",neutral batted-ball profile; pitcher fly-ball pressure modest,,
695578,James Wood,WSH,LAA,2026-09-13T17:35:00Z,Scheduled,1,Grayson Rodriguez,680570,R,L,19.2,0.2477,95.07,106.3781,0.5497,0.2792,0.3988,76.63,66.99,32.22,24.73,57.91,30.3,9.5,46.0,90.6,0.472,0.199,28.6,14.0,14.0,14.0,Nationals Park,101,,,,No,Yes,1,Yes,Yes,RotoWire projected lineup; MLB probable pitchers,lineup projected / unconfirmed,H:2026/2025 P:2026,,,Direct BvP not yet weighted; 2026/2025 Statcast baseline active,7,6,24,0,"Last 7 games: 6/24, 0 HR","platoon edge; pitcher baseline 9.5% barrel, 14.0 HR allowed",EV profile; pitcher fly-ball pressure modest,,
694673,Abimelec Ortiz,WSH,LAA,2026-09-13T17:35:00Z,Scheduled,2,Grayson Rodriguez,680570,R,L,9.0,0.176,89.2,99.8808,0.405,0.183,0.285,75.5,59.5,42.3,32.1,37.2,5.0,9.5,46.0,90.6,0.472,0.199,28.6,14.0,14.0,14.0,Nationals Park,101,,,,No,Yes,2,Yes,Yes,RotoWire projected lineup; MLB probable pitchers,lineup projected / unconfirmed,H:2026 P:2026,,,Direct BvP not yet weighted; 2026/2025 Statcast baseline active,7,5,16,0,"Last 7 games: 5/16, 0 HR","platoon edge; pitcher baseline 9.5% barrel, 14.0 HR allowed",neutral batted-ball profile; pitcher fly-ball pressure modest,,
686611,Dylan Crews,WSH,LAA,2026-09-13T17:35:00Z,Scheduled,3,Grayson Rodriguez,680570,R,R,9.17,0.1489,90.12,100.9831,0.4028,0.1678,0.3091,73.83,37.86,34.43,26.58,41.5,10.7,9.5,46.0,90.6,0.472,0.199,28.6,14.0,14.0,14.0,Nationals Park,101,,,,No,Yes,3,Yes,Yes,RotoWire projected lineup; MLB probable pitchers,lineup projected / unconfirmed,H:2026/2025 P:2026,,,Direct BvP not yet weighted; 2026/2025 Statcast baseline active,7,8,28,1,"Last 7 games: 8/28, 1 HR","same-side matchup; pitcher baseline 9.5% barrel, 14.0 HR allowed",neutral batted-ball profile; pitcher fly-ball pressure modest,,
682928,CJ Abrams,WSH,LAA,2026-09-13T17:35:00Z,Scheduled,4,Grayson Rodriguez,680570,R,L,9.35,0.2145,89.33,99.8866,0.4171,0.1735,0.3216,72.82,27.26,44.43,28.94,40.53,26.7,9.5,46.0,90.6,0.472,0.199,28.6,14.0,14.0,14.0,Nationals Park,101,,,,No,Yes,4,Yes,Yes,RotoWire projected lineup; MLB probable pitchers,lineup projected / unconfirmed,H:2026/2025 P:2026,,,Direct BvP not yet weighted; 2026/2025 Statcast baseline active,7,6,28,1,"Last 7 games: 6/28, 1 HR","platoon edge; pitcher baseline 9.5% barrel, 14.0 HR allowed",neutral batted-ball profile; pitcher fly-ball pressure modest,,
691781,Brady House,WSH,LAA,2026-09-13T17:35:00Z,Scheduled,5,Grayson Rodriguez,680570,R,R,8.43,0.1363,89.8,101.6983,0.4239,0.1581,0.3218,73.17,29.62,32.05,26.14,47.0,8.2,9.5,46.0,90.6,0.472,0.199,28.6,14.0,14.0,14.0,Nationals Park,101,,,,No,Yes,5,Yes,Yes,RotoWire projected lineup; MLB probable pitchers,lineup projected / unconfirmed,H:2026/2025 P:2026,,,Direct BvP not yet weighted; 2026/2025 Statcast baseline active,7,4,24,0,"Last 7 games: 4/24, 0 HR","same-side matchup; pitcher baseline 9.5% barrel, 14.0 HR allowed",neutral batted-ball profile; pitcher fly-ball pressure modest,,
695734,Daylen Lile,WSH,LAA,2026-09-13T17:35:00Z,Scheduled,6,Grayson Rodriguez,680570,R,L,8.07,0.1871,88.76,99.0872,0.4441,0.1733,0.3326,70.71,9.85,40.8,33.46,38.84,16.7,9.5,46.0,90.6,0.472,0.199,28.6,14.0,14.0,14.0,Nationals Park,101,,,,No,Yes,6,Yes,Yes,RotoWire projected lineup; MLB probable pitchers,lineup projected / unconfirmed,H:2026/2025 P:2026,,,Direct BvP not yet weighted; 2026/2025 Statcast baseline active,7,3,26,0,"Last 7 games: 3/26, 0 HR","platoon edge; pitcher baseline 9.5% barrel, 14.0 HR allowed",neutral batted-ball profile; pitcher fly-ball pressure modest,,
660688,Keibert Ruiz,WSH,LAA,2026-09-13T17:35:00Z,Scheduled,7,Grayson Rodriguez,680570,R,S,4.02,0.1431,87.6,97.5911,0.3678,0.115,0.2884,67.22,0.86,55.8,26.28,35.1,7.6,9.5,46.0,90.6,0.472,0.199,28.6,14.0,14.0,14.0,Nationals Park,101,,,,No,Yes,7,Yes,Yes,RotoWire projected lineup; MLB probable pitchers,lineup projected / unconfirmed,H:2026/2025 P:2026,,,Direct BvP not yet weighted; 2026/2025 Statcast baseline active,7,8,19,1,Contact streak: 8/19 over last 7 games,"switch hitter; pitcher baseline 9.5% barrel, 14.0 HR allowed",neutral batted-ball profile; pitcher fly-ball pressure modest,,
678391,Jorbit Vivas,WSH,LAA,2026-09-13T17:35:00Z,Scheduled,8,Grayson Rodriguez,680570,R,L,3.72,0.0897,83.73,95.1498,0.3212,0.0785,0.301,69.6,4.52,42.09,21.39,26.56,2.4,9.5,46.0,90.6,0.472,0.199,28.6,14.0,14.0,14.0,Nationals Park,101,,,,No,Yes,8,Yes,Yes,RotoWire projected lineup; MLB probable pitchers,lineup projected / unconfirmed,H:2026/2025 P:2026,,,Direct BvP not yet weighted; 2026/2025 Statcast baseline active,7,5,20,0,"Last 7 games: 5/20, 0 HR","platoon edge; pitcher baseline 9.5% barrel, 14.0 HR allowed",neutral batted-ball profile; pitcher fly-ball pressure modest,,
696285,Jacob Young,WSH,LAA,2026-09-13T17:35:00Z,Scheduled,9,Grayson Rodriguez,680570,R,R,4.7,0.1155,87.67,97.7876,0.3689,0.1104,0.3096,69.21,2.16,35.28,24.42,31.75,7.6,9.5,46.0,90.6,0.472,0.199,28.6,14.0,14.0,14.0,Nationals Park,101,,,,No,Yes,9,Yes,Yes,RotoWire projected lineup; MLB probable pitchers,lineup projected / unconfirmed,H:2026/2025 P:2026,,,Direct BvP not yet weighted; 2026/2025 Statcast baseline active,7,4,16,0,"Last 7 games: 4/16, 0 HR","same-side matchup; pitcher baseline 9.5% barrel, 14.0 HR allowed",neutral batted-ball profile; pitcher fly-ball pressure modest,,
656941,Kyle Schwarber,PHI,ATL,2026-09-13T17:35:00Z,Scheduled,1,Grant Holmes,656550,R,L,18.14,0.2957,92.97,104.1943,0.5243,0.2826,0.3758,77.16,75.42,54.7,33.11,52.53,47.6,8.98,43.79,91.01,0.4245,0.1747,26.76,18.1,18.1,18.1,Truist Park,106,,,,No,Yes,1,Yes,Yes,RotoWire projected lineup; MLB probable pitchers,lineup projected / unconfirmed,H:2026/2025 P:2026/2025,,,Direct BvP not yet weighted; 2026/2025 Statcast baseline active,7,5,29,3,Hot streak: 3 HR in last 7 games,"platoon edge; pitcher baseline 9.0% barrel, 18.1 HR allowed",lift-pull EV profile; pitcher fly-ball pressure modest,,
607208,Trea Turner,PHI,ATL,2026-09-13T17:35:00Z,Scheduled,2,Grant Holmes,656550,R,R,6.36,0.1481,88.67,99.3,0.3806,0.1302,0.3007,71.45,18.58,35.17,25.48,40.35,17.8,8.98,43.79,91.01,0.4245,0.1747,26.76,18.1,18.1,18.1,Truist Park,106,,,,No,Yes,2,Yes,Yes,RotoWire projected lineup; MLB probable pitchers,lineup projected / unconfirmed,H:2026/2025 P:2026/2025,,,Direct BvP not yet weighted; 2026/2025 Statcast baseline active,7,7,29,2,Hot streak: 2 HR in last 7 games,"same-side matchup; pitcher baseline 9.0% barrel, 18.1 HR allowed",neutral batted-ball profile; pitcher fly-ball pressure modest,,
547180,Bryce Harper,PHI,ATL,2026-09-13T17:35:00Z,Scheduled,3,Grant Holmes,656550,R,L,11.18,0.2232,90.74,101.864,0.492,0.2191,0.3813,74.1,44.66,38.47,27.1,45.61,27.0,8.98,43.79,91.01,0.4245,0.1747,26.76,18.1,18.1,18.1,Truist Park,106,,,,No,Yes,3,Yes,Yes,RotoWire projected lineup; MLB probable pitchers,lineup projected / unconfirmed,H:2026/2025 P:2026/2025,,,Direct BvP not yet weighted; 2026/2025 Statcast baseline active,7,5,25,1,"Last 7 games: 5/25, 1 HR","platoon edge; pitcher baseline 9.0% barrel, 18.1 HR allowed",neutral batted-ball profile; pitcher fly-ball pressure modest,,
650333,Luis Arraez,PHI,ATL,2026-09-13T17:35:00Z,Scheduled,4,Grant Holmes,656550,R,L,1.24,0.1084,86.24,93.9151,0.3742,0.0858,0.3058,62.92,0.19,30.03,28.45,18.31,6.6,8.98,43.79,91.01,0.4245,0.1747,26.76,18.1,18.1,18.1,Truist Park,106,,,,No,Yes,4,Yes,Yes,RotoWire projected lineup; MLB probable pitchers,lineup projected / unconfirmed,H:2026/2025 P:2026/2025,,,Direct BvP not yet weighted; 2026/2025 Statcast baseline active,7,7,25,0,"Last 7 games: 7/25, 0 HR","platoon edge; pitcher baseline 9.0% barrel, 18.1 HR allowed",neutral batted-ball profile; pitcher fly-ball pressure modest,,
664761,Alec Bohm,PHI,ATL,2026-09-13T17:35:00Z,Scheduled,5,Grant Holmes,656550,R,R,6.06,0.1374,90.52,100.3549,0.4088,0.146,0.3219,71.21,14.77,28.7,22.58,44.16,13.8,8.98,43.79,91.01,0.4245,0.1747,26.76,18.1,18.1,18.1,Truist Park,106,,,,No,Yes,5,Yes,Yes,RotoWire projected lineup; MLB probable pitchers,lineup projected / unconfirmed,H:2026/2025 P:2026/2025,,,Direct BvP not yet weighted; 2026/2025 Statcast baseline active,7,5,21,0,"Last 7 games: 5/21, 0 HR","same-side matchup; pitcher baseline 9.0% barrel, 18.1 HR allowed",neutral batted-ball profile; pitcher fly-ball pressure modest,,
681082,Bryson Stott,PHI,ATL,2026-09-13T17:35:00Z,Scheduled,6,Grant Holmes,656550,R,L,5.8,0.1396,88.72,98.3699,0.3986,0.1383,0.3235,69.72,6.61,34.59,27.59,35.03,10.9,8.98,43.79,91.01,0.4245,0.1747,26.76,18.1,18.1,18.1,Truist Park,106,,,,No,Yes,6,Yes,Yes,RotoWire projected lineup; MLB probable pitchers,lineup projected / unconfirmed,H:2026/2025 P:2026/2025,,,Direct BvP not yet weighted; 2026/2025 Statcast baseline active,7,2,20,0,"Last 7 games: 2/20, 0 HR","platoon edge; pitcher baseline 9.0% barrel, 18.1 HR allowed",neutral batted-ball profile; pitcher fly-ball pressure modest,,
669016,Brandon Marsh,PHI,ATL,2026-09-13T17:35:00Z,Scheduled,7,Grant Holmes,656550,R,L,8.26,0.1546,89.84,100.093,0.4152,0.1578,0.3125,71.54,15.65,37.98,26.24,44.44,15.2,8.98,43.79,91.01,0.4245,0.1747,26.76,18.1,18.1,18.1,Truist Park,106,,,,No,Yes,7,Yes,Yes,RotoWire projected lineup; MLB probable pitchers,lineup projected / unconfirmed,H:2026/2025 P:2026/2025,,,Direct BvP not yet weighted; 2026/2025 Statcast baseline active,7,3,17,0,"Last 7 games: 3/17, 0 HR","platoon edge; pitcher baseline 9.0% barrel, 18.1 HR allowed",neutral batted-ball profile; pitcher fly-ball pressure modest,,
592663,J.T. Realmuto,PHI,ATL,2026-09-13T17:35:00Z,Scheduled,8,Grant Holmes,656550,R,R,6.28,0.127,89.79,100.1466,0.3956,0.1426,0.3181,72.77,31.03,42.02,25.8,42.07,10.6,8.98,43.79,91.01,0.4245,0.1747,26.76,18.1,18.1,18.1,Truist Park,106,,,,No,Yes,8,Yes,Yes,RotoWire projected lineup; MLB probable pitchers,lineup projected / unconfirmed,H:2026/2025 P:2026/2025,,,Direct BvP not yet weighted; 2026/2025 Statcast baseline active,7,3,21,0,"Last 7 games: 3/21, 0 HR","same-side matchup; pitcher baseline 9.0% barrel, 18.1 HR allowed",neutral batted-ball profile; pitcher fly-ball pressure modest,,
702222,Justin Crawford,PHI,ATL,2026-09-13T17:35:00Z,Scheduled,9,Grant Holmes,656550,R,L,1.3,0.082,87.2,98.2598,0.316,0.061,0.28,69.2,5.9,27.0,15.8,36.3,2.0,8.98,43.79,91.01,0.4245,0.1747,26.76,18.1,18.1,18.1,Truist Park,106,,,,No,Yes,9,Yes,Yes,RotoWire projected lineup; MLB probable pitchers,lineup projected / unconfirmed,H:2026 P:2026/2025,,,Direct BvP not yet weighted; 2026/2025 Statcast baseline active,7,5,19,1,"Last 7 games: 5/19, 1 HR","platoon edge; pitcher baseline 9.0% barrel, 18.1 HR allowed",neutral batted-ball profile; pitcher fly-ball pressure modest,,
686948,Drake Baldwin,ATL,PHI,2026-09-13T17:35:00Z,Scheduled,1,Andrew Painter,691725,R,L,12.05,0.1803,91.56,102.2177,0.4877,0.2129,0.3614,75.3,56.72,32.01,25.53,50.44,21.8,8.5,35.7,87.4,0.426,0.173,26.6,19.0,19.0,19.0,Truist Park,106,,,,No,Yes,1,Yes,Yes,RotoWire projected lineup; MLB probable pitchers,lineup projected / unconfirmed,H:2026/2025 P:2026,,,Direct BvP not yet weighted; 2026/2025 Statcast baseline active,7,8,30,1,"Last 7 games: 8/30, 1 HR","platoon edge; pitcher baseline 8.5% barrel, 19.0 HR allowed",neutral batted-ball profile; pitcher fly-ball pressure modest,,
660670,Ronald Acuna,ATL,PHI,2026-09-13T17:35:00Z,Scheduled,2,Andrew Painter,691725,R,R,13.25,0.1986,90.88,103.1718,0.4951,0.2363,0.3711,76.05,62.81,35.32,27.32,47.39,17.5,8.5,35.7,87.4,0.426,0.173,26.6,19.0,19.0,19.0,Truist Park,106,,,,No,Yes,2,Yes,Yes,RotoWire projected lineup; MLB probable pitchers,lineup projected / unconfirmed,H:2026/2025 P:2026,,,Direct BvP not yet weighted; 2026/2025 Statcast baseline active,7,8,26,2,Hot streak: 2 HR in last 7 games,"same-side matchup; pitcher baseline 8.5% barrel, 19.0 HR allowed",neutral batted-ball profile; pitcher fly-ball pressure modest,,
621566,Matt Olson,ATL,PHI,2026-09-13T17:35:00Z,Scheduled,3,Andrew Painter,691725,R,L,14.68,0.2435,92.88,103.732,0.5032,0.2559,0.3565,74.53,47.68,38.21,33.34,51.97,35.3,8.5,35.7,87.4,0.426,0.173,26.6,19.0,19.0,19.0,Truist Park,106,,,,No,Yes,3,Yes,Yes,RotoWire projected lineup; MLB probable pitchers,lineup projected / unconfirmed,H:2026/2025 P:2026,,,Direct BvP not yet weighted; 2026/2025 Statcast baseline active,7,4,25,1,"Last 7 games: 4/25, 1 HR","platoon edge; pitcher baseline 8.5% barrel, 19.0 HR allowed",lift-pull EV profile; pitcher fly-ball pressure modest,,
645277,Ozzie Albies,ATL,PHI,2026-09-13T17:35:00Z,Scheduled,4,Andrew Painter,691725,R,S,4.2,0.1509,87.29,96.7187,0.3565,0.1226,0.2871,68.86,5.6,46.49,31.69,28.81,19.5,8.5,35.7,87.4,0.426,0.173,26.6,19.0,19.0,19.0,Truist Park,106,,,,No,Yes,4,Yes,Yes,RotoWire projected lineup; MLB probable pitchers,lineup projected / unconfirmed,H:2026/2025 P:2026,,,Direct BvP not yet weighted; 2026/2025 Statcast baseline active,7,3,23,0,"Last 7 games: 3/23, 0 HR","switch hitter; pitcher baseline 8.5% barrel, 19.0 HR allowed",neutral batted-ball profile; pitcher fly-ball pressure modest,,
671739,Michael Harris,ATL,PHI,2026-09-13T17:35:00Z,Scheduled,5,Andrew Painter,691725,R,L,9.94,0.1859,90.34,103.0965,0.4611,0.1816,0.3304,74.72,47.47,36.29,22.35,46.2,22.8,8.5,35.7,87.4,0.426,0.173,26.6,19.0,19.0,19.0,Truist Park,106,,,,No,Yes,5,Yes,Yes,RotoWire projected lineup; MLB probable pitchers,lineup projected / unconfirmed,H:2026/2025 P:2026,,,Direct BvP not yet weighted; 2026/2025 Statcast baseline active,7,6,27,1,"Last 7 games: 6/27, 1 HR","platoon edge; pitcher baseline 8.5% barrel, 19.0 HR allowed",neutral batted-ball profile; pitcher fly-ball pressure modest,,
643289,Mauricio Dubon,ATL,PHI,2026-09-13T17:35:00Z,Scheduled,6,Andrew Painter,691725,R,R,2.95,0.1175,85.83,96.1841,0.3632,0.1001,0.2969,68.87,4.1,31.68,25.93,28.47,9.8,8.5,35.7,87.4,0.426,0.173,26.6,19.0,19.0,19.0,Truist Park,106,,,,No,Yes,6,Yes,Yes,RotoWire projected lineup; MLB probable pitchers,lineup projected / unconfirmed,H:2026/2025 P:2026,,,Direct BvP not yet weighted; 2026/2025 Statcast baseline active,7,6,25,0,"Last 7 games: 6/25, 0 HR","same-side matchup; pitcher baseline 8.5% barrel, 19.0 HR allowed",neutral batted-ball profile; pitcher fly-ball pressure modest,,
663586,Austin Riley,ATL,PHI,2026-09-13T17:35:00Z,Scheduled,7,Andrew Painter,691725,R,R,13.17,0.1526,91.67,102.8052,0.4202,0.197,0.309,75.83,59.71,40.29,31.43,46.49,16.7,8.5,35.7,87.4,0.426,0.173,26.6,19.0,19.0,19.0,Truist Park,106,,,,No,Yes,7,Yes,Yes,RotoWire projected lineup; MLB probable pitchers,lineup projected / unconfirmed,H:2026/2025 P:2026,,,Direct BvP not yet weighted; 2026/2025 Statcast baseline active,7,5,22,1,"Last 7 games: 5/22, 1 HR","same-side matchup; pitcher baseline 8.5% barrel, 19.0 HR allowed",neutral batted-ball profile; pitcher fly-ball pressure modest,,
669221,Sean Murphy,ATL,PHI,2026-09-13T17:35:00Z,Scheduled,8,Andrew Painter,691725,R,R,9.62,0.1708,87.35,101.0558,0.3506,0.1482,0.2762,72.53,27.84,46.81,25.86,40.93,6.9,8.5,35.7,87.4,0.426,0.173,26.6,19.0,19.0,19.0,Truist Park,106,,,,No,Yes,8,Yes,Yes,RotoWire projected lineup; MLB probable pitchers,lineup projected / unconfirmed,H:2026/2025 P:2026,,,Direct BvP not yet weighted; 2026/2025 Statcast baseline active,7,4,23,1,"Last 7 games: 4/23, 1 HR","same-side matchup; pitcher baseline 8.5% barrel, 19.0 HR allowed",neutral batted-ball profile; pitcher fly-ball pressure modest,,
673490,Ha-Seong Kim,ATL,PHI,2026-09-13T17:35:00Z,Scheduled,9,Andrew Painter,691725,R,R,3.52,0.0396,87.25,96.803,0.2587,0.0713,0.241,71.52,15.98,43.31,28.17,30.98,1.5,8.5,35.7,87.4,0.426,0.173,26.6,19.0,19.0,19.0,Truist Park,106,,,,No,Yes,9,Yes,Yes,RotoWire projected lineup; MLB probable pitchers,lineup projected / unconfirmed,H:2026/2025 P:2026,,,Direct BvP not yet weighted; 2026/2025 Statcast baseline active,7,4,18,0,"Last 7 games: 4/18, 0 HR","same-side matchup; pitcher baseline 8.5% barrel, 19.0 HR allowed",neutral batted-ball profile; pitcher fly-ball pressure modest,,
596019,Francisco Lindor,NYM,NYY,2026-09-13T17:35:00Z,Scheduled,1,Cam Schlittler,693645,R,S,9.04,0.1997,90.92,100.3776,0.4428,0.1954,0.3373,72.16,23.51,45.6,31.84,47.06,21.9,7.99,39.85,88.72,0.3504,0.1351,26.32,13.6,13.6,13.6,Yankee Stadium,119,,,,No,Yes,1,Yes,Yes,RotoWire projected lineup; MLB probable pitchers,lineup projected / unconfirmed,H:2026/2025 P:2026/2025,,,Direct BvP not yet weighted; 2026/2025 Statcast baseline active,7,8,33,4,Hot streak: 4 HR in last 7 games,"switch hitter; pitcher baseline 8.0% barrel, 13.6 HR allowed",neutral batted-ball profile; pitcher fly-ball pressure modest,,
665742,Juan Soto,NYM,NYY,2026-09-13T17:35:00Z,Scheduled,2,Cam Schlittler,693645,R,L,15.26,0.2536,92.75,103.0245,0.5863,0.2951,0.4192,72.69,32.19,39.25,32.12,49.77,29.7,7.99,39.85,88.72,0.3504,0.1351,26.32,13.6,13.6,13.6,Yankee Stadium,119,,,,No,Yes,2,Yes,Yes,RotoWire projected lineup; MLB probable pitchers,lineup projected / unconfirmed,H:2026/2025 P:2026/2025,,,Direct BvP not yet weighted; 2026/2025 Statcast baseline active,7,8,31,2,Hot streak: 2 HR in last 7 games,"platoon edge; pitcher baseline 8.0% barrel, 13.6 HR allowed",lift-pull EV profile; pitcher fly-ball pressure modest,,
666182,Bo Bichette,NYM,NYY,2026-09-13T17:35:00Z,Scheduled,3,Cam Schlittler,693645,R,R,7.06,0.1447,90.02,101.037,0.4352,0.1517,0.3355,69.66,13.09,26.63,23.3,43.69,16.6,7.99,39.85,88.72,0.3504,0.1351,26.32,13.6,13.6,13.6,Yankee Stadium,119,,,,No,Yes,3,Yes,Yes,RotoWire projected lineup; MLB probable pitchers,lineup projected / unconfirmed,H:2026/2025 P:2026/2025,,,Direct BvP not yet weighted; 2026/2025 Statcast baseline active,7,6,30,1,"Last 7 games: 6/30, 1 HR","same-side matchup; pitcher baseline 8.0% barrel, 13.6 HR allowed",neutral batted-ball profile; pitcher fly-ball pressure modest,,
701807,Carson Benge,NYM,NYY,2026-09-13T17:35:00Z,Scheduled,4,Cam Schlittler,693645,R,L,7.0,0.137,88.6,99.5118,0.424,0.15,0.334,71.0,17.3,33.6,26.7,38.3,16.0,7.99,39.85,88.72,0.3504,0.1351,26.32,13.6,13.6,13.6,Yankee Stadium,119,,,,No,Yes,4,Yes,Yes,RotoWire projected lineup; MLB probable pitchers,lineup projected / unconfirmed,H:2026 P:2026/2025,,,Direct BvP not yet weighted; 2026/2025 Statcast baseline active,7,5,27,1,"Last 7 games: 5/27, 1 HR","platoon edge; pitcher baseline 8.0% barrel, 13.6 HR allowed",neutral batted-ball profile; pitcher fly-ball pressure modest,,
676724,Jared Young,NYM,NYY,2026-09-13T17:35:00Z,Scheduled,5,Cam Schlittler,693645,R,L,9.19,0.2026,88.31,100.7429,0.4091,0.178,0.3065,73.37,33.18,40.42,26.81,43.43,6.8,7.99,39.85,88.72,0.3504,0.1351,26.32,13.6,13.6,13.6,Yankee Stadium,119,,,,No,Yes,5,Yes,Yes,RotoWire projected lineup; MLB probable pitchers,lineup projected / unconfirmed,H:2026/2025 P:2026/2025,,,Direct BvP not yet weighted; 2026/2025 Statcast baseline active,7,8,22,1,Contact streak: 8/22 over last 7 games,"platoon edge; pitcher baseline 8.0% barrel, 13.6 HR allowed",neutral batted-ball profile; pitcher fly-ball pressure modest,,
543760,Marcus Semien,NYM,NYY,2026-09-13T17:35:00Z,Scheduled,6,Cam Schlittler,693645,R,R,6.45,0.1298,87.11,97.4281,0.388,0.1425,0.3103,68.57,3.27,46.91,32.0,34.09,14.3,7.99,39.85,88.72,0.3504,0.1351,26.32,13.6,13.6,13.6,Yankee Stadium,119,,,,No,Yes,6,Yes,Yes,RotoWire projected lineup; MLB probable pitchers,lineup projected / unconfirmed,H:2026/2025 P:2026/2025,,,Direct BvP not yet weighted; 2026/2025 Statcast baseline active,7,7,26,0,"Last 7 games: 7/26, 0 HR","same-side matchup; pitcher baseline 8.0% barrel, 13.6 HR allowed",neutral batted-ball profile; pitcher fly-ball pressure modest,,
805999,A.J. Ewing,NYM,NYY,2026-09-13T17:35:00Z,Scheduled,7,Cam Schlittler,693645,R,L,7.1,0.124,89.4,100.1708,0.409,0.145,0.327,70.5,12.8,32.4,24.3,42.6,9.0,7.99,39.85,88.72,0.3504,0.1351,26.32,13.6,13.6,13.6,Yankee Stadium,119,,,,No,Yes,7,Yes,Yes,RotoWire projected lineup; MLB probable pitchers,lineup projected / unconfirmed,H:2026 P:2026/2025,,,Direct BvP not yet weighted; 2026/2025 Statcast baseline active,7,12,25,2,Hot streak: 2 HR in last 7 games,"platoon edge; pitcher baseline 8.0% barrel, 13.6 HR allowed",neutral batted-ball profile; pitcher fly-ball pressure modest,,
620443,Luis Torrens,NYM,NYY,2026-09-13T17:35:00Z,Scheduled,8,Cam Schlittler,693645,R,R,7.06,0.147,89.13,99.4971,0.3938,0.1478,0.3079,70.42,7.92,30.59,21.39,43.2,7.1,7.99,39.85,88.72,0.3504,0.1351,26.32,13.6,13.6,13.6,Yankee Stadium,119,,,,No,Yes,8,Yes,Yes,RotoWire projected lineup; MLB probable pitchers,lineup projected / unconfirmed,H:2026/2025 P:2026/2025,,,Direct BvP not yet weighted; 2026/2025 Statcast baseline active,7,6,20,1,"Last 7 games: 6/20, 1 HR","same-side matchup; pitcher baseline 8.0% barrel, 13.6 HR allowed",neutral batted-ball profile; pitcher fly-ball pressure modest,,
703492,Nick Morabito,NYM,NYY,2026-09-13T17:35:00Z,Scheduled,9,Cam Schlittler,693645,R,R,0.0,0.043,87.9,96.7416,0.313,0.052,0.319,70.4,22.9,46.2,15.4,30.8,0.0,7.99,39.85,88.72,0.3504,0.1351,26.32,13.6,13.6,13.6,Yankee Stadium,119,,,,No,Yes,9,Yes,Yes,RotoWire projected lineup; MLB probable pitchers,lineup projected / unconfirmed,H:2026 P:2026/2025,,,Direct BvP not yet weighted; 2026/2025 Statcast baseline active,7,5,15,0,Contact streak: 5/15 over last 7 games,"same-side matchup; pitcher baseline 8.0% barrel, 13.6 HR allowed",neutral batted-ball profile; pitcher fly-ball pressure modest,,
502671,Paul Goldschmidt,NYY,NYM,2026-09-13T17:35:00Z,Scheduled,1,Christian Scott,681035,R,R,9.89,0.1822,87.88,99.3805,0.4297,0.1833,0.3185,71.69,16.48,33.32,29.35,38.73,15.6,6.6,33.7,86.5,0.351,0.126,27.9,10.0,10.0,10.0,Yankee Stadium,119,,,,No,Yes,1,Yes,Yes,RotoWire projected lineup; MLB probable pitchers,lineup projected / unconfirmed,H:2026/2025 P:2026,,,Direct BvP not yet weighted; 2026/2025 Statcast baseline active,7,4,12,0,Contact streak: 4/12 over last 7 games,"same-side matchup; pitcher baseline 6.6% barrel, 10.0 HR allowed",neutral batted-ball profile; pitcher fly-ball pressure modest,,
592450,Aaron Judge,NYY,NYM,2026-09-13T17:35:00Z,Scheduled,2,Christian Scott,681035,R,R,22.07,0.2975,94.42,105.6911,0.6206,0.345,0.422,76.34,66.58,41.62,34.2,57.64,27.8,6.6,33.7,86.5,0.351,0.126,27.9,10.0,10.0,10.0,Yankee Stadium,119,,,,No,Yes,2,Yes,Yes,RotoWire projected lineup; MLB probable pitchers,lineup projected / unconfirmed,H:2026/2025 P:2026,,,Direct BvP not yet weighted; 2026/2025 Statcast baseline active,7,5,26,0,"Last 7 games: 5/26, 0 HR","same-side matchup; pitcher baseline 6.6% barrel, 10.0 HR allowed",lift-pull EV profile; pitcher fly-ball pressure modest,,
641355,Cody Bellinger,NYY,NYM,2026-09-13T17:35:00Z,Scheduled,3,Christian Scott,681035,R,L,6.8,0.1772,88.93,98.4726,0.4166,0.1505,0.3342,69.82,4.33,43.8,31.43,37.41,18.5,6.6,33.7,86.5,0.351,0.126,27.9,10.0,10.0,10.0,Yankee Stadium,119,,,,No,Yes,3,Yes,Yes,RotoWire projected lineup; MLB probable pitchers,lineup projected / unconfirmed,H:2026/2025 P:2026,,,Direct BvP not yet weighted; 2026/2025 Statcast baseline active,7,10,28,3,Hot streak: 3 HR in last 7 games,"platoon edge; pitcher baseline 6.6% barrel, 10.0 HR allowed",neutral batted-ball profile; pitcher fly-ball pressure modest,,
671218,Heliot Ramos,NYY,NYM,2026-09-13T17:35:00Z,Scheduled,4,Christian Scott,681035,R,R,12.37,0.1545,92.15,103.0441,0.4373,0.1855,0.3263,72.99,32.4,33.1,23.58,49.22,14.0,6.6,33.7,86.5,0.351,0.126,27.9,10.0,10.0,10.0,Yankee Stadium,119,,,,No,Yes,4,Yes,Yes,RotoWire projected lineup; MLB probable pitchers,lineup projected / unconfirmed,H:2026/2025 P:2026,,,Direct BvP not yet weighted; 2026/2025 Statcast baseline active,7,5,16,2,Hot streak: 2 HR in last 7 games,"same-side matchup; pitcher baseline 6.6% barrel, 10.0 HR allowed",EV profile; pitcher fly-ball pressure modest,,
642708,Amed Rosario,NYY,NYM,2026-09-13T17:35:00Z,Scheduled,5,Christian Scott,681035,R,R,9.36,0.1747,90.92,101.6353,0.4334,0.1727,0.3177,73.73,37.55,38.73,23.72,42.48,8.8,6.6,33.7,86.5,0.351,0.126,27.9,10.0,10.0,10.0,Yankee Stadium,119,,,,No,Yes,5,Yes,Yes,RotoWire projected lineup; MLB probable pitchers,lineup projected / unconfirmed,H:2026/2025 P:2026,,,Direct BvP not yet weighted; 2026/2025 Statcast baseline active,7,6,25,0,"Last 7 games: 6/25, 0 HR","same-side matchup; pitcher baseline 6.6% barrel, 10.0 HR allowed",neutral batted-ball profile; pitcher fly-ball pressure modest,,
682987,Spencer Jones,NYY,NYM,2026-09-13T17:35:00Z,Scheduled,6,Christian Scott,681035,R,L,15.6,0.194,94.3,104.5907,0.445,0.2,0.332,77.2,72.1,33.6,34.4,55.9,9.0,6.6,33.7,86.5,0.351,0.126,27.9,10.0,10.0,10.0,Yankee Stadium,119,,,,No,Yes,6,Yes,Yes,RotoWire projected lineup; MLB probable pitchers,lineup projected / unconfirmed,H:2026 P:2026,,,Direct BvP not yet weighted; 2026/2025 Statcast baseline active,7,11,24,0,Contact streak: 11/24 over last 7 games,"platoon edge; pitcher baseline 6.6% barrel, 10.0 HR allowed",EV profile; pitcher fly-ball pressure modest,,
806146,George Lombard,NYY,NYM,2026-09-13T17:35:00Z,Scheduled,7,Christian Scott,681035,R,R,5.5,0.127,85.7,97.2994,0.309,0.094,0.265,71.9,19.2,28.4,23.0,33.8,3.0,6.6,33.7,86.5,0.351,0.126,27.9,10.0,10.0,10.0,Yankee Stadium,119,,,,No,Yes,7,Yes,Yes,RotoWire projected lineup; MLB probable pitchers,lineup projected / unconfirmed,H:2026 P:2026,,,Direct BvP not yet weighted; 2026/2025 Statcast baseline active,7,3,24,1,"Last 7 games: 3/24, 1 HR","same-side matchup; pitcher baseline 6.6% barrel, 10.0 HR allowed",neutral batted-ball profile; pitcher fly-ball pressure modest,,
683011,Anthony Volpe,NYY,NYM,2026-09-13T17:35:00Z,Scheduled,8,Christian Scott,681035,R,R,6.3,0.1202,88.25,98.806,0.3483,0.1176,0.2947,71.83,20.38,31.61,23.43,37.49,7.1,6.6,33.7,86.5,0.351,0.126,27.9,10.0,10.0,10.0,Yankee Stadium,119,,,,No,Yes,8,Yes,Yes,RotoWire projected lineup; MLB probable pitchers,lineup projected / unconfirmed,H:2026/2025 P:2026,,,Direct BvP not yet weighted; 2026/2025 Statcast baseline active,7,4,22,1,"Last 7 games: 4/22, 1 HR","same-side matchup; pitcher baseline 6.6% barrel, 10.0 HR allowed",neutral batted-ball profile; pitcher fly-ball pressure modest,,
669224,Austin Wells,NYY,NYM,2026-09-13T17:35:00Z,Scheduled,9,Christian Scott,681035,R,L,7.61,0.1491,89.62,100.6394,0.3592,0.1528,0.2896,72.91,27.74,45.12,32.79,43.38,13.3,6.6,33.7,86.5,0.351,0.126,27.9,10.0,10.0,10.0,Yankee Stadium,119,,,,No,Yes,9,Yes,Yes,RotoWire projected lineup; MLB probable pitchers,lineup projected / unconfirmed,H:2026/2025 P:2026,,,Direct BvP not yet weighted; 2026/2025 Statcast baseline active,7,0,17,0,"Last 7 games: 0/17, 0 HR","platoon edge; pitcher baseline 6.6% barrel, 10.0 HR allowed",neutral batted-ball profile; pitcher fly-ball pressure modest,,
687637,Dylan Beavers,BAL,TOR,2026-09-13T17:37:00Z,Scheduled,1,Dylan Cease,656302,R,L,7.76,0.1534,88.1,99.1823,0.387,0.1621,0.3146,72.41,22.1,40.88,33.14,35.49,6.1,6.22,33.86,86.66,0.3093,0.1121,25.05,14.0,14.0,14.0,Rogers Centre,105,,,,No,Yes,1,Yes,Yes,RotoWire projected lineup; MLB probable pitchers,lineup projected / unconfirmed,H:2026/2025 P:2026/2025,,,Direct BvP not yet weighted; 2026/2025 Statcast baseline active,7,6,28,1,"Last 7 games: 6/28, 1 HR","platoon edge; pitcher baseline 6.2% barrel, 14.0 HR allowed",neutral batted-ball profile; pitcher fly-ball pressure modest,,
624413,Pete Alonso,BAL,TOR,2026-09-13T17:37:00Z,Scheduled,2,Dylan Cease,656302,R,R,15.4,0.2352,93.85,104.2348,0.5482,0.2696,0.3902,74.78,48.58,36.64,30.32,55.94,35.2,6.22,33.86,86.66,0.3093,0.1121,25.05,14.0,14.0,14.0,Rogers Centre,105,,,,No,Yes,2,Yes,Yes,RotoWire projected lineup; MLB probable pitchers,lineup projected / unconfirmed,H:2026/2025 P:2026/2025,,,Direct BvP not yet weighted; 2026/2025 Statcast baseline active,7,6,24,2,Hot streak: 2 HR in last 7 games,"same-side matchup; pitcher baseline 6.2% barrel, 14.0 HR allowed",EV profile; pitcher fly-ball pressure modest,,
702616,Jackson Holliday,BAL,TOR,2026-09-13T17:37:00Z,Scheduled,3,Dylan Cease,656302,R,L,6.96,0.1211,87.54,98.0864,0.3732,0.1329,0.3032,70.6,7.41,34.01,23.98,36.11,10.0,6.22,33.86,86.66,0.3093,0.1121,25.05,14.0,14.0,14.0,Rogers Centre,105,,,,No,Yes,3,Yes,Yes,RotoWire projected lineup; MLB probable pitchers,lineup projected / unconfirmed,H:2026/2025 P:2026/2025,,,Direct BvP not yet weighted; 2026/2025 Statcast baseline active,7,4,30,0,"Last 7 games: 4/30, 0 HR","platoon edge; pitcher baseline 6.2% barrel, 14.0 HR allowed",neutral batted-ball profile; pitcher fly-ball pressure modest,,
691723,Coby Mayo,BAL,TOR,2026-09-13T17:37:00Z,Scheduled,4,Dylan Cease,656302,R,R,12.34,0.2228,90.24,102.6438,0.4372,0.2146,0.3171,75.47,55.65,48.64,34.32,44.96,19.4,6.22,33.86,86.66,0.3093,0.1121,25.05,14.0,14.0,14.0,Rogers Centre,105,,,,No,Yes,4,Yes,Yes,RotoWire projected lineup; MLB probable pitchers,lineup projected / unconfirmed,H:2026/2025 P:2026/2025,,,Direct BvP not yet weighted; 2026/2025 Statcast baseline active,7,6,24,4,Hot streak: 4 HR in last 7 games,"same-side matchup; pitcher baseline 6.2% barrel, 14.0 HR allowed",neutral batted-ball profile; pitcher fly-ball pressure modest,,
683002,Gunnar Henderson,BAL,TOR,2026-09-13T17:37:00Z,Scheduled,5,Dylan Cease,656302,R,L,7.48,0.1717,90.14,101.1714,0.4019,0.1497,0.3235,74.6,46.26,40.73,23.17,45.0,20.5,6.22,33.86,86.66,0.3093,0.1121,25.05,14.0,14.0,14.0,Rogers Centre,105,,,,No,Yes,5,Yes,Yes,RotoWire projected lineup; MLB probable pitchers,lineup projected / unconfirmed,H:2026/2025 P:2026/2025,,,Direct BvP not yet weighted; 2026/2025 Statcast baseline active,7,6,24,0,"Last 7 games: 6/24, 0 HR","platoon edge; pitcher baseline 6.2% barrel, 14.0 HR allowed",neutral batted-ball profile; pitcher fly-ball pressure modest,,
687952,Christian Encarnacion-Strand,BAL,TOR,2026-09-13T17:37:00Z,Scheduled,6,Dylan Cease,656302,R,R,14.25,0.2019,90.42,101.4197,0.4799,0.2388,0.3245,73.6,36.62,45.6,31.47,40.78,7.4,6.22,33.86,86.66,0.3093,0.1121,25.05,14.0,14.0,14.0,Rogers Centre,105,,,,No,Yes,6,Yes,Yes,RotoWire projected lineup; MLB probable pitchers,lineup projected / unconfirmed,H:2026/2025 P:2026/2025,,,Direct BvP not yet weighted; 2026/2025 Statcast baseline active,7,5,22,0,"Last 7 games: 5/22, 0 HR","same-side matchup; pitcher baseline 6.2% barrel, 14.0 HR allowed",neutral batted-ball profile; pitcher fly-ball pressure modest,,
677008,Heston Kjerstad,BAL,TOR,2026-09-13T17:37:00Z,Scheduled,7,Dylan Cease,656302,R,L,2.4,0.0405,87.05,93.2692,0.363,0.0851,0.2858,71.29,11.84,31.54,27.52,32.35,1.2,6.22,33.86,86.66,0.3093,0.1121,25.05,14.0,14.0,14.0,Rogers Centre,105,,,,No,Yes,7,Yes,Yes,RotoWire projected lineup; MLB probable pitchers,lineup projected / unconfirmed,H:2026/2025 P:2026/2025,,,Direct BvP not yet weighted; 2026/2025 Statcast baseline active,6,2,11,0,"Last 6 games: 2/11, 0 HR","platoon edge; pitcher baseline 6.2% barrel, 14.0 HR allowed",neutral batted-ball profile; pitcher fly-ball pressure modest,,
681297,Colton Cowser,BAL,TOR,2026-09-13T17:37:00Z,Scheduled,8,Dylan Cease,656302,R,L,11.44,0.1638,88.87,100.8981,0.4089,0.196,0.3105,74.3,43.38,38.24,32.36,42.43,13.9,6.22,33.86,86.66,0.3093,0.1121,25.05,14.0,14.0,14.0,Rogers Centre,105,,,,No,Yes,8,Yes,Yes,RotoWire projected lineup; MLB probable pitchers,lineup projected / unconfirmed,H:2026/2025 P:2026/2025,,,Direct BvP not yet weighted; 2026/2025 Statcast baseline active,7,3,12,0,"Last 7 games: 3/12, 0 HR","platoon edge; pitcher baseline 6.2% barrel, 14.0 HR allowed",neutral batted-ball profile; pitcher fly-ball pressure modest,,
665966,Carlos Narvaez,BAL,TOR,2026-09-13T17:37:00Z,Scheduled,9,Dylan Cease,656302,R,R,7.21,0.101,90.96,100.1141,0.3271,0.1277,0.2713,72.09,19.95,32.58,30.24,40.12,6.6,6.22,33.86,86.66,0.3093,0.1121,25.05,14.0,14.0,14.0,Rogers Centre,105,,,,No,Yes,9,Yes,Yes,RotoWire projected lineup; MLB probable pitchers,lineup projected / unconfirmed,H:2026/2025 P:2026/2025,,,Direct BvP not yet weighted; 2026/2025 Statcast baseline active,7,2,14,0,"Last 7 games: 2/14, 0 HR","same-side matchup; pitcher baseline 6.2% barrel, 14.0 HR allowed",neutral batted-ball profile; pitcher fly-ball pressure modest,,
703520,Brett Bateman,TOR,BAL,2026-09-13T17:37:00Z,Scheduled,1,Trevor Rogers,669432,L,L,1.1,0.085,84.4,94.9018,0.328,0.063,0.304,68.4,2.8,30.5,10.5,20.0,1.0,6.97,40.42,88.72,0.3809,0.1454,24.46,13.0,13.0,13.0,Rogers Centre,105,,,,No,Yes,1,Yes,Yes,RotoWire projected lineup; MLB probable pitchers,lineup projected / unconfirmed,H:2026 P:2026/2025,,,Direct BvP not yet weighted; 2026/2025 Statcast baseline active,7,10,28,2,Hot streak: 2 HR in last 7 games,"same-side matchup; pitcher baseline 7.0% barrel, 13.0 HR allowed",neutral batted-ball profile; pitcher fly-ball pressure modest,,
543807,George Springer,TOR,BAL,2026-09-13T17:37:00Z,Scheduled,2,Trevor Rogers,669432,L,R,9.62,0.1873,89.02,100.3644,0.438,0.1848,0.3354,73.24,35.51,40.74,26.65,41.37,19.4,6.97,40.42,88.72,0.3809,0.1454,24.46,13.0,13.0,13.0,Rogers Centre,105,,,,No,Yes,2,Yes,Yes,RotoWire projected lineup; MLB probable pitchers,lineup projected / unconfirmed,H:2026/2025 P:2026/2025,,,Direct BvP not yet weighted; 2026/2025 Statcast baseline active,7,6,26,0,"Last 7 games: 6/26, 0 HR","platoon edge; pitcher baseline 7.0% barrel, 13.0 HR allowed",neutral batted-ball profile; pitcher fly-ball pressure modest,,
665489,Vladimir Guerrero,TOR,BAL,2026-09-13T17:37:00Z,Scheduled,3,Trevor Rogers,669432,L,R,8.35,0.1169,90.95,103.3885,0.4325,0.1437,0.3476,76.42,63.68,35.32,19.17,46.36,12.5,6.97,40.42,88.72,0.3809,0.1454,24.46,13.0,13.0,13.0,Rogers Centre,105,,,,No,Yes,3,Yes,Yes,RotoWire projected lineup; MLB probable pitchers,lineup projected / unconfirmed,H:2026/2025 P:2026/2025,,,Direct BvP not yet weighted; 2026/2025 Statcast baseline active,7,6,28,0,"Last 7 games: 6/28, 0 HR","platoon edge; pitcher baseline 7.0% barrel, 13.0 HR allowed",neutral batted-ball profile; pitcher fly-ball pressure modest,,
672386,Alejandro Kirk,TOR,BAL,2026-09-13T17:37:00Z,Scheduled,4,Trevor Rogers,669432,L,R,5.69,0.1397,89.28,100.4822,0.3988,0.1344,0.3205,71.94,19.65,25.37,21.55,44.08,10.8,6.97,40.42,88.72,0.3809,0.1454,24.46,13.0,13.0,13.0,Rogers Centre,105,,,,No,Yes,4,Yes,Yes,RotoWire projected lineup; MLB probable pitchers,lineup projected / unconfirmed,H:2026/2025 P:2026/2025,,,Direct BvP not yet weighted; 2026/2025 Statcast baseline active,7,9,28,2,Hot streak: 2 HR in last 7 games,"platoon edge; pitcher baseline 7.0% barrel, 13.0 HR allowed",neutral batted-ball profile; pitcher fly-ball pressure modest,,
664770,Nathan Lukes,TOR,BAL,2026-09-13T17:37:00Z,Scheduled,5,Trevor Rogers,669432,L,L,3.19,0.1268,87.2,96.8541,0.3577,0.1015,0.2954,67.3,3.76,31.98,21.09,30.7,10.6,6.97,40.42,88.72,0.3809,0.1454,24.46,13.0,13.0,13.0,Rogers Centre,105,,,,No,Yes,5,Yes,Yes,RotoWire projected lineup; MLB probable pitchers,lineup projected / unconfirmed,H:2026/2025 P:2026/2025,,,Direct BvP not yet weighted; 2026/2025 Statcast baseline active,7,10,26,0,Contact streak: 10/26 over last 7 games,"same-side matchup; pitcher baseline 7.0% barrel, 13.0 HR allowed",neutral batted-ball profile; pitcher fly-ball pressure modest,,
672960,Kazuma Okamoto,TOR,BAL,2026-09-13T17:37:00Z,Scheduled,6,Trevor Rogers,669432,L,R,13.6,0.225,90.6,101.398,0.445,0.223,0.325,73.1,34.5,52.0,33.2,44.3,31.0,6.97,40.42,88.72,0.3809,0.1454,24.46,13.0,13.0,13.0,Rogers Centre,105,,,,No,Yes,6,Yes,Yes,RotoWire projected lineup; MLB probable pitchers,lineup projected / unconfirmed,H:2026 P:2026/2025,,,Direct BvP not yet weighted; 2026/2025 Statcast baseline active,7,10,25,3,Hot streak: 3 HR in last 7 games,"platoon edge; pitcher baseline 7.0% barrel, 13.0 HR allowed",neutral batted-ball profile; pitcher fly-ball pressure modest,,
669701,Josh Smith,TOR,BAL,2026-09-13T17:37:00Z,Scheduled,7,Trevor Rogers,669432,L,L,6.61,0.1248,86.22,97.236,0.3415,0.1225,0.2911,68.86,2.97,35.39,30.19,30.26,7.2,6.97,40.42,88.72,0.3809,0.1454,24.46,13.0,13.0,13.0,Rogers Centre,105,,,,No,Yes,7,Yes,Yes,RotoWire projected lineup; MLB probable pitchers,lineup projected / unconfirmed,H:2026/2025 P:2026/2025,,,Direct BvP not yet weighted; 2026/2025 Statcast baseline active,7,4,13,2,Hot streak: 2 HR in last 7 games,"same-side matchup; pitcher baseline 7.0% barrel, 13.0 HR allowed",neutral batted-ball profile; pitcher fly-ball pressure modest,,
665926,Andres Gimenez,TOR,BAL,2026-09-13T17:37:00Z,Scheduled,8,Trevor Rogers,669432,L,L,3.28,0.1121,85.74,95.9952,0.3414,0.0999,0.2849,68.53,5.21,38.59,23.09,25.53,8.4,6.97,40.42,88.72,0.3809,0.1454,24.46,13.0,13.0,13.0,Rogers Centre,105,,,,No,Yes,8,Yes,Yes,RotoWire projected lineup; MLB probable pitchers,lineup projected / unconfirmed,H:2026/2025 P:2026/2025,,,Direct BvP not yet weighted; 2026/2025 Statcast baseline active,7,7,25,1,"Last 7 games: 7/25, 1 HR","same-side matchup; pitcher baseline 7.0% barrel, 13.0 HR allowed",neutral batted-ball profile; pitcher fly-ball pressure modest,,
,Rudy Martin,TOR,BAL,2026-09-13T17:37:00Z,Scheduled,9,Trevor Rogers,669432,L,,,,,,,,,,,,,,,6.97,40.42,88.72,0.3809,0.1454,24.46,13.0,13.0,13.0,Rogers Centre,105,,,,No,Yes,9,Yes,Yes,RotoWire projected lineup; MLB probable pitchers,lineup projected / unconfirmed,H: P:2026/2025,,,Direct BvP not yet weighted; 2026/2025 Statcast baseline active,,,,,Recent form unavailable,"handedness incomplete; pitcher baseline 7.0% barrel, 13.0 HR allowed",neutral batted-ball profile; pitcher fly-ball pressure modest,,
665161,Jeremy Pena,HOU,TB,2026-09-13T17:40:00Z,Scheduled,1,Freddy Peralta,642547,R,R,6.94,0.1793,88.55,99.877,0.4194,0.1508,0.3263,72.23,14.83,46.27,24.43,40.38,17.0,7.2,37.65,87.86,0.375,0.1466,28.69,22.4,22.4,22.4,Tropicana Field,100,,,,No,Yes,1,Yes,Yes,RotoWire projected lineup; MLB probable pitchers,lineup projected / unconfirmed,H:2026/2025 P:2026/2025,,,Direct BvP not yet weighted; 2026/2025 Statcast baseline active,7,5,30,0,"Last 7 games: 5/30, 0 HR","same-side matchup; pitcher baseline 7.2% barrel, 22.4 HR allowed",neutral batted-ball profile; pitcher fly-ball pressure modest,,
670623,Isaac Paredes,HOU,TB,2026-09-13T17:40:00Z,Scheduled,2,Freddy Peralta,642547,R,R,5.25,0.1774,86.56,97.0281,0.3716,0.1292,0.3214,67.74,7.5,51.72,30.87,30.31,19.3,7.2,37.65,87.86,0.375,0.1466,28.69,22.4,22.4,22.4,Tropicana Field,100,,,,No,Yes,2,Yes,Yes,RotoWire projected lineup; MLB probable pitchers,lineup projected / unconfirmed,H:2026/2025 P:2026/2025,,,Direct BvP not yet weighted; 2026/2025 Statcast baseline active,7,8,27,2,Hot streak: 2 HR in last 7 games,"same-side matchup; pitcher baseline 7.2% barrel, 22.4 HR allowed",neutral batted-ball profile; pitcher fly-ball pressure modest,,
514888,Jose Altuve,HOU,TB,2026-09-13T17:40:00Z,Scheduled,3,Freddy Peralta,642547,R,R,4.94,0.1595,85.45,97.094,0.3434,0.1169,0.2811,69.0,9.85,45.22,22.72,31.74,18.3,7.2,37.65,87.86,0.375,0.1466,28.69,22.4,22.4,22.4,Tropicana Field,100,,,,No,Yes,3,Yes,Yes,RotoWire projected lineup; MLB probable pitchers,lineup projected / unconfirmed,H:2026/2025 P:2026/2025,,,Direct BvP not yet weighted; 2026/2025 Statcast baseline active,7,9,29,0,"Last 7 games: 9/29, 0 HR","same-side matchup; pitcher baseline 7.2% barrel, 22.4 HR allowed",neutral batted-ball profile; pitcher fly-ball pressure modest,,
673237,Yainer Diaz,HOU,TB,2026-09-13T17:40:00Z,Scheduled,4,Freddy Peralta,642547,R,R,7.22,0.1596,89.2,99.977,0.4174,0.1522,0.3092,72.48,22.37,36.35,18.82,39.47,13.7,7.2,37.65,87.86,0.375,0.1466,28.69,22.4,22.4,22.4,Tropicana Field,100,,,,No,Yes,4,Yes,Yes,RotoWire projected lineup; MLB probable pitchers,lineup projected / unconfirmed,H:2026/2025 P:2026/2025,,,Direct BvP not yet weighted; 2026/2025 Statcast baseline active,7,11,23,0,Contact streak: 11/23 over last 7 games,"same-side matchup; pitcher baseline 7.2% barrel, 22.4 HR allowed",neutral batted-ball profile; pitcher fly-ball pressure modest,,
662139,Daulton Varsho,HOU,TB,2026-09-13T17:40:00Z,Scheduled,5,Freddy Peralta,642547,R,L,9.6,0.1875,87.73,99.4604,0.4016,0.1697,0.3011,73.71,36.32,41.15,31.62,37.71,13.7,7.2,37.65,87.86,0.375,0.1466,28.69,22.4,22.4,22.4,Tropicana Field,100,,,,No,Yes,5,Yes,Yes,RotoWire projected lineup; MLB probable pitchers,lineup projected / unconfirmed,H:2026/2025 P:2026/2025,,,Direct BvP not yet weighted; 2026/2025 Statcast baseline active,7,6,28,1,"Last 7 games: 6/28, 1 HR","platoon edge; pitcher baseline 7.2% barrel, 22.4 HR allowed",neutral batted-ball profile; pitcher fly-ball pressure modest,,
572233,Christian Walker,HOU,TB,2026-09-13T17:40:00Z,Scheduled,6,Freddy Peralta,642547,R,R,10.24,0.1907,89.43,101.3857,0.4035,0.1743,0.307,74.31,43.55,41.99,27.44,42.11,25.6,7.2,37.65,87.86,0.375,0.1466,28.69,22.4,22.4,22.4,Tropicana Field,100,,,,No,Yes,6,Yes,Yes,RotoWire projected lineup; MLB probable pitchers,lineup projected / unconfirmed,H:2026/2025 P:2026/2025,,,Direct BvP not yet weighted; 2026/2025 Statcast baseline active,7,4,26,1,"Last 7 games: 4/26, 1 HR","same-side matchup; pitcher baseline 7.2% barrel, 22.4 HR allowed",neutral batted-ball profile; pitcher fly-ball pressure modest,,
701358,Cam Smith,HOU,TB,2026-09-13T17:40:00Z,Scheduled,7,Freddy Peralta,642547,R,R,10.12,0.1696,88.81,101.5514,0.4173,0.1767,0.318,76.88,68.81,37.14,24.93,43.67,16.7,7.2,37.65,87.86,0.375,0.1466,28.69,22.4,22.4,22.4,Tropicana Field,100,,,,No,Yes,7,Yes,Yes,RotoWire projected lineup; MLB probable pitchers,lineup projected / unconfirmed,H:2026/2025 P:2026/2025,,,Direct BvP not yet weighted; 2026/2025 Statcast baseline active,7,8,25,3,Hot streak: 3 HR in last 7 games,"same-side matchup; pitcher baseline 7.2% barrel, 22.4 HR allowed",neutral batted-ball profile; pitcher fly-ball pressure modest,,
666211,Taylor Trammell,HOU,TB,2026-09-13T17:40:00Z,Scheduled,8,Freddy Peralta,642547,R,L,10.6,0.1472,89.11,100.7646,0.3518,0.1592,0.2815,75.93,60.18,46.47,28.13,37.85,5.8,7.2,37.65,87.86,0.375,0.1466,28.69,22.4,22.4,22.4,Tropicana Field,100,,,,No,Yes,8,Yes,Yes,RotoWire projected lineup; MLB probable pitchers,lineup projected / unconfirmed,H:2026/2025 P:2026/2025,,,Direct BvP not yet weighted; 2026/2025 Statcast baseline active,7,4,21,0,"Last 7 games: 4/21, 0 HR","platoon edge; pitcher baseline 7.2% barrel, 22.4 HR allowed",neutral batted-ball profile; pitcher fly-ball pressure modest,,
543877,Christian Vazquez,HOU,TB,2026-09-13T17:40:00Z,Scheduled,9,Freddy Peralta,642547,R,R,2.61,0.1095,85.9,95.4541,0.2825,0.0816,0.2472,65.95,1.01,34.7,24.63,24.04,5.8,7.2,37.65,87.86,0.375,0.1466,28.69,22.4,22.4,22.4,Tropicana Field,100,,,,No,Yes,9,Yes,Yes,RotoWire projected lineup; MLB probable pitchers,lineup projected / unconfirmed,H:2026/2025 P:2026/2025,,,Direct BvP not yet weighted; 2026/2025 Statcast baseline active,7,2,16,0,"Last 7 games: 2/16, 0 HR","same-side matchup; pitcher baseline 7.2% barrel, 22.4 HR allowed",neutral batted-ball profile; pitcher fly-ball pressure modest,,
650490,Yandy Diaz,TB,HOU,2026-09-13T17:40:00Z,Scheduled,1,Hayden Wesneski,669713,R,R,7.6,0.1694,91.67,103.287,0.4523,0.1663,0.3533,73.5,37.37,23.53,19.44,49.56,22.9,7.56,41.05,88.51,0.3912,0.1494,23.55,4.2,4.2,4.2,Tropicana Field,100,,,,No,Yes,1,Yes,Yes,RotoWire projected lineup; MLB probable pitchers,lineup projected / unconfirmed,H:2026/2025 P:2026/2025,,,Direct BvP not yet weighted; 2026/2025 Statcast baseline active,7,6,30,1,"Last 7 games: 6/30, 1 HR","same-side matchup; pitcher baseline 7.6% barrel, 4.2 HR allowed",neutral batted-ball profile; pitcher fly-ball pressure modest,,
666018,Jonathan Aranda,TB,HOU,2026-09-13T17:40:00Z,Scheduled,2,Hayden Wesneski,669713,R,L,10.73,0.1576,91.74,101.2004,0.4646,0.196,0.3568,70.29,13.04,32.99,30.06,48.2,17.5,7.56,41.05,88.51,0.3912,0.1494,23.55,4.2,4.2,4.2,Tropicana Field,100,,,,No,Yes,2,Yes,Yes,RotoWire projected lineup; MLB probable pitchers,lineup projected / unconfirmed,H:2026/2025 P:2026/2025,,,Direct BvP not yet weighted; 2026/2025 Statcast baseline active,7,7,25,1,"Last 7 games: 7/25, 1 HR","platoon edge; pitcher baseline 7.6% barrel, 4.2 HR allowed",neutral batted-ball profile; pitcher fly-ball pressure modest,,
691406,Junior Caminero,TB,HOU,2026-09-13T17:40:00Z,Scheduled,3,Hayden Wesneski,669713,R,R,13.44,0.2598,92.75,105.1676,0.4989,0.2313,0.3586,79.27,83.99,45.45,23.56,50.56,41.5,7.56,41.05,88.51,0.3912,0.1494,23.55,4.2,4.2,4.2,Tropicana Field,100,,,,No,Yes,3,Yes,Yes,RotoWire projected lineup; MLB probable pitchers,lineup projected / unconfirmed,H:2026/2025 P:2026/2025,,,Direct BvP not yet weighted; 2026/2025 Statcast baseline active,7,7,26,3,Hot streak: 3 HR in last 7 games,"same-side matchup; pitcher baseline 7.6% barrel, 4.2 HR allowed",EV profile; pitcher fly-ball pressure modest,,
689414,Liam Hicks,TB,HOU,2026-09-13T17:40:00Z,Scheduled,4,Hayden Wesneski,669713,R,L,3.88,0.1382,84.81,96.2246,0.3542,0.1004,0.3164,68.03,3.65,41.75,24.01,27.77,14.4,7.56,41.05,88.51,0.3912,0.1494,23.55,4.2,4.2,4.2,Tropicana Field,100,,,,No,Yes,4,Yes,Yes,RotoWire projected lineup; MLB probable pitchers,lineup projected / unconfirmed,H:2026/2025 P:2026/2025,,,Direct BvP not yet weighted; 2026/2025 Statcast baseline active,7,5,19,1,"Last 7 games: 5/19, 1 HR","platoon edge; pitcher baseline 7.6% barrel, 4.2 HR allowed",neutral batted-ball profile; pitcher fly-ball pressure modest,,
683748,Victor Mesa,TB,HOU,2026-09-13T17:40:00Z,Scheduled,5,Hayden Wesneski,669713,R,L,10.39,0.2218,89.77,99.9457,0.4388,0.1963,0.3305,73.65,31.55,40.45,34.68,40.8,9.4,7.56,41.05,88.51,0.3912,0.1494,23.55,4.2,4.2,4.2,Tropicana Field,100,,,,No,Yes,5,Yes,Yes,RotoWire projected lineup; MLB probable pitchers,lineup projected / unconfirmed,H:2026/2025 P:2026/2025,,,Direct BvP not yet weighted; 2026/2025 Statcast baseline active,7,11,21,3,Hot streak: 3 HR in last 7 games,"platoon edge; pitcher baseline 7.6% barrel, 4.2 HR allowed",neutral batted-ball profile; pitcher fly-ball pressure modest,,
802415,Chandler Simpson,TB,HOU,2026-09-13T17:40:00Z,Scheduled,6,Hayden Wesneski,669713,R,L,0.0,0.05,83.88,92.7884,0.308,0.0382,0.2739,64.73,0.51,27.92,12.58,14.36,0.0,7.56,41.05,88.51,0.3912,0.1494,23.55,4.2,4.2,4.2,Tropicana Field,100,,,,No,Yes,6,Yes,Yes,RotoWire projected lineup; MLB probable pitchers,lineup projected / unconfirmed,H:2026/2025 P:2026/2025,,,Direct BvP not yet weighted; 2026/2025 Statcast baseline active,7,6,28,0,"Last 7 games: 6/28, 0 HR","platoon edge; pitcher baseline 7.6% barrel, 4.2 HR allowed",neutral batted-ball profile; pitcher fly-ball pressure modest,,
656775,Cedric Mullins,TB,HOU,2026-09-13T17:40:00Z,Scheduled,7,Hayden Wesneski,669713,R,L,4.8,0.1505,88.1,97.8517,0.3199,0.125,0.2701,71.03,9.92,45.32,32.29,33.03,14.9,7.56,41.05,88.51,0.3912,0.1494,23.55,4.2,4.2,4.2,Tropicana Field,100,,,,No,Yes,7,Yes,Yes,RotoWire projected lineup; MLB probable pitchers,lineup projected / unconfirmed,H:2026/2025 P:2026/2025,,,Direct BvP not yet weighted; 2026/2025 Statcast baseline active,7,2,20,0,"Last 7 games: 2/20, 0 HR","platoon edge; pitcher baseline 7.6% barrel, 4.2 HR allowed",neutral batted-ball profile; pitcher fly-ball pressure modest,,
680700,Richie Palacios,TB,HOU,2026-09-13T17:40:00Z,Scheduled,8,Hayden Wesneski,669713,R,L,4.85,0.1316,87.24,97.0366,0.3674,0.1025,0.3229,68.84,3.59,36.46,21.4,32.83,6.6,7.56,41.05,88.51,0.3912,0.1494,23.55,4.2,4.2,4.2,Tropicana Field,100,,,,No,Yes,8,Yes,Yes,RotoWire projected lineup; MLB probable pitchers,lineup projected / unconfirmed,H:2026/2025 P:2026/2025,,,Direct BvP not yet weighted; 2026/2025 Statcast baseline active,7,6,16,3,Hot streak: 3 HR in last 7 games,"platoon edge; pitcher baseline 7.6% barrel, 4.2 HR allowed",neutral batted-ball profile; pitcher fly-ball pressure modest,,
622761,Jorge Mateo,TB,HOU,2026-09-13T17:40:00Z,Scheduled,9,Hayden Wesneski,669713,R,R,6.76,0.1114,86.91,98.8628,0.346,0.13,0.2669,73.37,31.67,36.27,28.95,36.91,3.8,7.56,41.05,88.51,0.3912,0.1494,23.55,4.2,4.2,4.2,Tropicana Field,100,,,,No,Yes,9,Yes,Yes,RotoWire projected lineup; MLB probable pitchers,lineup projected / unconfirmed,H:2026/2025 P:2026/2025,,,Direct BvP not yet weighted; 2026/2025 Statcast baseline active,7,2,21,0,"Last 7 games: 2/21, 0 HR","same-side matchup; pitcher baseline 7.6% barrel, 4.2 HR allowed",neutral batted-ball profile; pitcher fly-ball pressure modest,,
669242,Tommy Edman,LAD,MIA,2026-09-13T17:40:00Z,Scheduled,1,Eury Pérez,691587,R,S,5.06,0.1423,87.88,99.0841,0.376,0.116,0.3168,70.59,13.51,43.16,26.57,36.05,8.1,9.84,41.46,89.1,0.3828,0.1679,31.5,15.5,15.5,15.5,loanDepot park,89,,,,No,Yes,1,Yes,Yes,RotoWire projected lineup; MLB probable pitchers,lineup projected / unconfirmed,H:2026/2025 P:2026/2025,,,Direct BvP not yet weighted; 2026/2025 Statcast baseline active,7,3,25,1,"Last 7 games: 3/25, 1 HR","switch hitter; pitcher baseline 9.8% barrel, 15.5 HR allowed",neutral batted-ball profile; pitcher allows elevated contact,,
518692,Freddie Freeman,LAD,MIA,2026-09-13T17:40:00Z,Scheduled,2,Eury Pérez,691587,R,L,8.86,0.1713,89.92,100.229,0.4719,0.1867,0.3633,70.08,8.12,36.19,27.35,42.62,18.4,9.84,41.46,89.1,0.3828,0.1679,31.5,15.5,15.5,15.5,loanDepot park,89,,,,No,Yes,2,Yes,Yes,RotoWire projected lineup; MLB probable pitchers,lineup projected / unconfirmed,H:2026/2025 P:2026/2025,,,Direct BvP not yet weighted; 2026/2025 Statcast baseline active,7,3,24,1,"Last 7 games: 3/24, 1 HR","platoon edge; pitcher baseline 9.8% barrel, 15.5 HR allowed",neutral batted-ball profile; pitcher allows elevated contact,,
605141,Mookie Betts,LAD,MIA,2026-09-13T17:40:00Z,Scheduled,3,Eury Pérez,691587,R,R,7.11,0.1697,89.87,98.424,0.4262,0.1532,0.3321,69.46,8.25,39.82,33.59,37.34,19.3,9.84,41.46,89.1,0.3828,0.1679,31.5,15.5,15.5,15.5,loanDepot park,89,,,,No,Yes,3,Yes,Yes,RotoWire projected lineup; MLB probable pitchers,lineup projected / unconfirmed,H:2026/2025 P:2026/2025,,,Direct BvP not yet weighted; 2026/2025 Statcast baseline active,7,9,27,3,Hot streak: 3 HR in last 7 games,"same-side matchup; pitcher baseline 9.8% barrel, 15.5 HR allowed",neutral batted-ball profile; pitcher allows elevated contact,,
571970,Max Muncy,LAD,MIA,2026-09-13T17:40:00Z,Scheduled,4,Eury Pérez,691587,R,L,13.25,0.2368,90.74,101.3804,0.4767,0.2359,0.3572,71.38,14.62,51.99,35.23,48.21,24.6,9.84,41.46,89.1,0.3828,0.1679,31.5,15.5,15.5,15.5,loanDepot park,89,,,,No,Yes,4,Yes,Yes,RotoWire projected lineup; MLB probable pitchers,lineup projected / unconfirmed,H:2026/2025 P:2026/2025,,,Direct BvP not yet weighted; 2026/2025 Statcast baseline active,7,11,26,2,Hot streak: 2 HR in last 7 games,"platoon edge; pitcher baseline 9.8% barrel, 15.5 HR allowed",fly-ball profile; pitcher allows elevated contact,,
663656,Kyle Tucker,LAD,MIA,2026-09-13T17:40:00Z,Scheduled,5,Eury Pérez,691587,R,L,7.65,0.1609,89.19,98.8366,0.4186,0.1584,0.3426,71.58,20.73,43.17,33.75,38.16,16.4,9.84,41.46,89.1,0.3828,0.1679,31.5,15.5,15.5,15.5,loanDepot park,89,,,,No,Yes,5,Yes,Yes,RotoWire projected lineup; MLB probable pitchers,lineup projected / unconfirmed,H:2026/2025 P:2026/2025,,,Direct BvP not yet weighted; 2026/2025 Statcast baseline active,7,6,24,2,Hot streak: 2 HR in last 7 games,"platoon edge; pitcher baseline 9.8% barrel, 15.5 HR allowed",neutral batted-ball profile; pitcher allows elevated contact,,
606192,Teoscar Hernandez,LAD,MIA,2026-09-13T17:40:00Z,Scheduled,6,Eury Pérez,691587,R,R,10.8,0.1699,90.2,101.5154,0.4406,0.1857,0.3282,72.62,26.32,34.85,29.1,45.05,16.6,9.84,41.46,89.1,0.3828,0.1679,31.5,15.5,15.5,15.5,loanDepot park,89,,,,No,Yes,6,Yes,Yes,RotoWire projected lineup; MLB probable pitchers,lineup projected / unconfirmed,H:2026/2025 P:2026/2025,,,Direct BvP not yet weighted; 2026/2025 Statcast baseline active,7,9,23,1,Contact streak: 9/23 over last 7 games,"same-side matchup; pitcher baseline 9.8% barrel, 15.5 HR allowed",neutral batted-ball profile; pitcher allows elevated contact,,
800543,Josue De Paula,LAD,MIA,2026-09-13T17:40:00Z,Scheduled,7,Eury Pérez,691587,R,L,0.0,0.0,90.8,93.8437,0.209,0.032,0.302,76.9,80.0,66.7,33.3,33.3,0.0,9.84,41.46,89.1,0.3828,0.1679,31.5,15.5,15.5,15.5,loanDepot park,89,,,,No,Yes,7,Yes,Yes,RotoWire projected lineup; MLB probable pitchers,lineup projected / unconfirmed,H:2026 P:2026/2025,,,Direct BvP not yet weighted; 2026/2025 Statcast baseline active,2,0,5,0,"Last 2 games: 0/5, 0 HR","platoon edge; pitcher baseline 9.8% barrel, 15.5 HR allowed",neutral batted-ball profile; pitcher allows elevated contact,,
676439,Hunter Feduccia,LAD,MIA,2026-09-13T17:40:00Z,Scheduled,8,Eury Pérez,691587,R,L,8.2,0.0878,89.07,98.7982,0.351,0.1241,0.3023,70.78,12.7,32.87,27.45,36.86,2.1,9.84,41.46,89.1,0.3828,0.1679,31.5,15.5,15.5,15.5,loanDepot park,89,,,,No,Yes,8,Yes,Yes,RotoWire projected lineup; MLB probable pitchers,lineup projected / unconfirmed,H:2026/2025 P:2026/2025,,,Direct BvP not yet weighted; 2026/2025 Statcast baseline active,7,3,18,0,"Last 7 games: 3/18, 0 HR","platoon edge; pitcher baseline 9.8% barrel, 15.5 HR allowed",neutral batted-ball profile; pitcher allows elevated contact,,
690976,Alex Freeland,LAD,MIA,2026-09-13T17:40:00Z,Scheduled,9,Eury Pérez,691587,R,S,6.67,0.0913,89.79,99.0446,0.3207,0.1196,0.2789,70.77,10.24,35.06,25.9,38.35,2.7,9.84,41.46,89.1,0.3828,0.1679,31.5,15.5,15.5,15.5,loanDepot park,89,,,,No,Yes,9,Yes,Yes,RotoWire projected lineup; MLB probable pitchers,lineup projected / unconfirmed,H:2026/2025 P:2026/2025,,,Direct BvP not yet weighted; 2026/2025 Statcast baseline active,7,4,16,0,"Last 7 games: 4/16, 0 HR","switch hitter; pitcher baseline 9.8% barrel, 15.5 HR allowed",neutral batted-ball profile; pitcher allows elevated contact,,
669065,Kyle Stowers,MIA,LAD,2026-09-13T17:40:00Z,Scheduled,1,Emmet Sheehan,686218,R,L,14.41,0.2329,92.08,103.4116,0.467,0.2265,0.3442,75.28,54.46,45.5,32.06,54.94,20.8,10.38,40.13,89.16,0.3838,0.164,30.01,16.8,16.8,16.8,loanDepot park,89,,,,No,Yes,1,Yes,Yes,RotoWire projected lineup; MLB probable pitchers,lineup projected / unconfirmed,H:2026/2025 P:2026/2025,,,Direct BvP not yet weighted; 2026/2025 Statcast baseline active,7,4,25,1,"Last 7 games: 4/25, 1 HR","platoon edge; pitcher baseline 10.4% barrel, 16.8 HR allowed",lift-pull EV profile; pitcher allows elevated contact,,
681715,Heriberto Hernandez,MIA,LAD,2026-09-13T17:40:00Z,Scheduled,2,Emmet Sheehan,686218,R,R,13.03,0.2126,91.11,101.7358,0.4735,0.2271,0.3487,74.07,43.99,47.03,31.18,47.22,19.8,10.38,40.13,89.16,0.3838,0.164,30.01,16.8,16.8,16.8,loanDepot park,89,,,,No,Yes,2,Yes,Yes,RotoWire projected lineup; MLB probable pitchers,lineup projected / unconfirmed,H:2026/2025 P:2026/2025,,,Direct BvP not yet weighted; 2026/2025 Statcast baseline active,7,5,30,1,"Last 7 games: 5/30, 1 HR","same-side matchup; pitcher baseline 10.4% barrel, 16.8 HR allowed",neutral batted-ball profile; pitcher allows elevated contact,,
665052,Griffin Conine,MIA,LAD,2026-09-13T17:40:00Z,Scheduled,3,Emmet Sheehan,686218,R,L,14.73,0.2049,91.46,103.2796,0.4544,0.2089,0.344,74.33,44.39,42.04,23.62,49.85,11.1,10.38,40.13,89.16,0.3838,0.164,30.01,16.8,16.8,16.8,loanDepot park,89,,,,No,Yes,3,Yes,Yes,RotoWire projected lineup; MLB probable pitchers,lineup projected / unconfirmed,H:2026/2025 P:2026/2025,,,Direct BvP not yet weighted; 2026/2025 Statcast baseline active,7,9,25,1,Contact streak: 9/25 over last 7 games,"platoon edge; pitcher baseline 10.4% barrel, 16.8 HR allowed",neutral batted-ball profile; pitcher allows elevated contact,,
672640,Otto Lopez,MIA,LAD,2026-09-13T17:40:00Z,Scheduled,4,Emmet Sheehan,686218,R,R,6.4,0.1325,88.85,100.1735,0.4242,0.1461,0.3272,71.77,23.02,33.91,22.71,40.05,11.5,10.38,40.13,89.16,0.3838,0.164,30.01,16.8,16.8,16.8,loanDepot park,89,,,,No,Yes,4,Yes,Yes,RotoWire projected lineup; MLB probable pitchers,lineup projected / unconfirmed,H:2026/2025 P:2026/2025,,,Direct BvP not yet weighted; 2026/2025 Statcast baseline active,7,13,25,0,Contact streak: 13/25 over last 7 games,"same-side matchup; pitcher baseline 10.4% barrel, 16.8 HR allowed",neutral batted-ball profile; pitcher allows elevated contact,,
805300,Jakob Marsee,MIA,LAD,2026-09-13T17:40:00Z,Scheduled,5,Emmet Sheehan,686218,R,L,4.95,0.137,87.85,98.6517,0.3601,0.1176,0.3197,70.36,5.65,41.79,23.12,36.99,7.8,10.38,40.13,89.16,0.3838,0.164,30.01,16.8,16.8,16.8,loanDepot park,89,,,,No,Yes,5,Yes,Yes,RotoWire projected lineup; MLB probable pitchers,lineup projected / unconfirmed,H:2026/2025 P:2026/2025,,,Direct BvP not yet weighted; 2026/2025 Statcast baseline active,7,11,27,0,Contact streak: 11/27 over last 7 games,"platoon edge; pitcher baseline 10.4% barrel, 16.8 HR allowed",neutral batted-ball profile; pitcher allows elevated contact,,
691594,Javier Sanoja,MIA,LAD,2026-09-13T17:40:00Z,Scheduled,6,Emmet Sheehan,686218,R,R,2.08,0.1509,87.45,97.51,0.3476,0.0823,0.289,68.93,6.32,37.52,18.83,32.48,7.4,10.38,40.13,89.16,0.3838,0.164,30.01,16.8,16.8,16.8,loanDepot park,89,,,,No,Yes,6,Yes,Yes,RotoWire projected lineup; MLB probable pitchers,lineup projected / unconfirmed,H:2026/2025 P:2026/2025,,,Direct BvP not yet weighted; 2026/2025 Statcast baseline active,7,10,28,1,Contact streak: 10/28 over last 7 games,"same-side matchup; pitcher baseline 10.4% barrel, 16.8 HR allowed",neutral batted-ball profile; pitcher allows elevated contact,,
683357,Owen Caissie,MIA,LAD,2026-09-13T17:40:00Z,Scheduled,7,Emmet Sheehan,686218,R,L,13.93,0.1806,89.96,100.1339,0.3768,0.1727,0.2796,74.95,55.07,31.46,30.69,37.43,10.1,10.38,40.13,89.16,0.3838,0.164,30.01,16.8,16.8,16.8,loanDepot park,89,,,,No,Yes,7,Yes,Yes,RotoWire projected lineup; MLB probable pitchers,lineup projected / unconfirmed,H:2026/2025 P:2026/2025,,,Direct BvP not yet weighted; 2026/2025 Statcast baseline active,7,3,17,1,"Last 7 games: 3/17, 1 HR","platoon edge; pitcher baseline 10.4% barrel, 16.8 HR allowed",neutral batted-ball profile; pitcher allows elevated contact,,
688363,Graham Pauley,MIA,LAD,2026-09-13T17:40:00Z,Scheduled,8,Emmet Sheehan,686218,R,L,5.92,0.1511,85.06,96.3538,0.308,0.1095,0.2556,71.28,15.59,48.57,29.01,27.56,3.3,10.38,40.13,89.16,0.3838,0.164,30.01,16.8,16.8,16.8,loanDepot park,89,,,,No,Yes,8,Yes,Yes,RotoWire projected lineup; MLB probable pitchers,lineup projected / unconfirmed,H:2026/2025 P:2026/2025,,,Direct BvP not yet weighted; 2026/2025 Statcast baseline active,7,5,19,2,Hot streak: 2 HR in last 7 games,"platoon edge; pitcher baseline 10.4% barrel, 16.8 HR allowed",neutral batted-ball profile; pitcher allows elevated contact,,
691788,Joe Mack,MIA,LAD,2026-09-13T17:40:00Z,Scheduled,9,Emmet Sheehan,686218,R,L,8.4,0.175,88.5,99.643,0.398,0.172,0.293,74.3,43.8,48.3,25.1,38.9,13.0,10.38,40.13,89.16,0.3838,0.164,30.01,16.8,16.8,16.8,loanDepot park,89,,,,No,Yes,9,Yes,Yes,RotoWire projected lineup; MLB probable pitchers,lineup projected / unconfirmed,H:2026 P:2026/2025,,,Direct BvP not yet weighted; 2026/2025 Statcast baseline active,7,5,21,1,"Last 7 games: 5/21, 1 HR","platoon edge; pitcher baseline 10.4% barrel, 16.8 HR allowed",neutral batted-ball profile; pitcher allows elevated contact,,
680757,Steven Kwan,CLE,MIN,2026-09-13T18:10:00Z,Scheduled,1,,,,L,0.92,0.0733,84.38,92.669,0.345,0.0727,0.3184,62.73,0.31,28.44,23.09,12.65,4.7,,,,,,,,,,Target Field,99,,,,No,Yes,1,Yes,Yes,RotoWire projected lineup; MLB probable pitchers,lineup projected / unconfirmed,H:2026/2025 P:,,,Direct BvP not yet weighted; 2026/2025 Statcast baseline active,7,9,30,0,"Last 7 games: 9/30, 0 HR","handedness incomplete; pitcher baseline 0.0% barrel, 0.0 HR allowed",neutral batted-ball profile; pitcher fly-ball pressure modest,,
608070,Jose Ramirez,CLE,MIN,2026-09-13T18:10:00Z,Scheduled,2,,,,S,4.97,0.1598,88.83,99.1377,0.4096,0.1382,0.3322,70.27,12.7,50.55,28.92,38.05,16.7,,,,,,,,,,Target Field,99,,,,No,Yes,2,Yes,Yes,RotoWire projected lineup; MLB probable pitchers,lineup projected / unconfirmed,H:2026/2025 P:,,,Direct BvP not yet weighted; 2026/2025 Statcast baseline active,7,3,30,0,"Last 7 games: 3/30, 0 HR","switch hitter; pitcher baseline 0.0% barrel, 0.0 HR allowed",neutral batted-ball profile; pitcher fly-ball pressure modest,,
800050,Chase DeLauter,CLE,MIN,2026-09-13T18:10:00Z,Scheduled,3,,,,L,6.3,0.167,91.5,101.4354,0.43,0.152,0.345,71.5,18.6,37.7,19.9,46.5,14.0,,,,,,,,,,Target Field,99,,,,No,Yes,3,Yes,Yes,RotoWire projected lineup; MLB probable pitchers,lineup projected / unconfirmed,H:2026 P:,,,Direct BvP not yet weighted; 2026/2025 Statcast baseline active,7,8,26,1,"Last 7 games: 8/26, 1 HR","handedness incomplete; pitcher baseline 0.0% barrel, 0.0 HR allowed",neutral batted-ball profile; pitcher fly-ball pressure modest,,
666176,Jo Adell,CLE,MIN,2026-09-13T18:10:00Z,Scheduled,4,,,,R,11.42,0.1846,90.58,102.8339,0.4685,0.2127,0.3356,77.39,71.97,39.19,27.21,45.59,25.1,,,,,,,,,,Target Field,99,,,,No,Yes,4,Yes,Yes,RotoWire projected lineup; MLB probable pitchers,lineup projected / unconfirmed,H:2026/2025 P:,,,Direct BvP not yet weighted; 2026/2025 Statcast baseline active,7,5,26,0,"Last 7 games: 5/26, 0 HR","handedness incomplete; pitcher baseline 0.0% barrel, 0.0 HR allowed",neutral batted-ball profile; pitcher fly-ball pressure modest,,
682657,Angel Martinez,CLE,MIN,2026-09-13T18:10:00Z,Scheduled,5,,,,S,6.23,0.1777,87.38,98.4809,0.3788,0.1354,0.29,71.01,15.74,46.07,26.73,33.71,13.8,,,,,,,,,,Target Field,99,,,,No,Yes,5,Yes,Yes,RotoWire projected lineup; MLB probable pitchers,lineup projected / unconfirmed,H:2026/2025 P:,,,Direct BvP not yet weighted; 2026/2025 Statcast baseline active,7,7,26,1,"Last 7 games: 7/26, 1 HR","switch hitter; pitcher baseline 0.0% barrel, 0.0 HR allowed",neutral batted-ball profile; pitcher fly-ball pressure modest,,
681807,David Fry,CLE,MIN,2026-09-13T18:10:00Z,Scheduled,6,,,,R,6.72,0.1584,86.46,97.6031,0.2539,0.0968,0.2377,70.96,11.75,52.31,29.87,34.62,6.6,,,,,,,,,,Target Field,99,,,,No,Yes,6,Yes,Yes,RotoWire projected lineup; MLB probable pitchers,lineup projected / unconfirmed,H:2026/2025 P:,,,Direct BvP not yet weighted; 2026/2025 Statcast baseline active,7,2,13,0,"Last 7 games: 2/13, 0 HR","handedness incomplete; pitcher baseline 0.0% barrel, 0.0 HR allowed",neutral batted-ball profile; pitcher fly-ball pressure modest,,
683953,Travis Bazzana,CLE,MIN,2026-09-13T18:10:00Z,Scheduled,7,,,,L,4.9,0.141,87.9,98.4493,0.351,0.122,0.306,69.6,12.0,39.1,28.0,36.7,11.0,,,,,,,,,,Target Field,99,,,,No,Yes,7,Yes,Yes,RotoWire projected lineup; MLB probable pitchers,lineup projected / unconfirmed,H:2026 P:,,,Direct BvP not yet weighted; 2026/2025 Statcast baseline active,7,10,22,2,Hot streak: 2 HR in last 7 games,"handedness incomplete; pitcher baseline 0.0% barrel, 0.0 HR allowed",neutral batted-ball profile; pitcher fly-ball pressure modest,,
595978,Austin Hedges,CLE,MIN,2026-09-13T18:10:00Z,Scheduled,8,,,,R,4.03,0.1167,86.59,97.6441,0.3036,0.093,0.2672,69.82,10.37,48.02,24.29,31.99,5.0,,,,,,,,,,Target Field,99,,,,No,Yes,8,Yes,Yes,RotoWire projected lineup; MLB probable pitchers,lineup projected / unconfirmed,H:2026/2025 P:,,,Direct BvP not yet weighted; 2026/2025 Statcast baseline active,7,4,20,0,"Last 7 games: 4/20, 0 HR","handedness incomplete; pitcher baseline 0.0% barrel, 0.0 HR allowed",neutral batted-ball profile; pitcher fly-ball pressure modest,,
677587,Brayan Rocchio,CLE,MIN,2026-09-13T18:10:00Z,Scheduled,9,,,,S,3.16,0.1231,87.23,97.3355,0.3524,0.1081,0.2929,69.93,6.8,43.43,25.58,32.28,10.6,,,,,,,,,,Target Field,99,,,,No,Yes,9,Yes,Yes,RotoWire projected lineup; MLB probable pitchers,lineup projected / unconfirmed,H:2026/2025 P:,,,Direct BvP not yet weighted; 2026/2025 Statcast baseline active,7,5,23,1,"Last 7 games: 5/23, 1 HR","switch hitter; pitcher baseline 0.0% barrel, 0.0 HR allowed",neutral batted-ball profile; pitcher fly-ball pressure modest,,
807712,Luke Keaschall,MIN,CLE,2026-09-13T18:10:00Z,Scheduled,1,Tanner Bibee,676440,R,R,4.01,0.122,85.71,96.7753,0.364,0.1146,0.3184,68.64,7.24,38.12,27.53,29.8,7.5,8.03,38.28,88.85,0.4088,0.1646,27.62,27.0,27.0,27.0,Target Field,99,,,,No,Yes,1,Yes,Yes,RotoWire projected lineup; MLB probable pitchers,lineup projected / unconfirmed,H:2026/2025 P:2026/2025,,,Direct BvP not yet weighted; 2026/2025 Statcast baseline active,7,5,24,0,"Last 7 games: 5/24, 0 HR","same-side matchup; pitcher baseline 8.0% barrel, 27.0 HR allowed",neutral batted-ball profile; pitcher fly-ball pressure modest,,
686797,Brooks Lee,MIN,CLE,2026-09-13T18:10:00Z,Scheduled,2,Tanner Bibee,676440,R,S,4.75,0.1704,88.39,97.7305,0.3572,0.1295,0.2792,69.99,8.7,41.57,30.05,35.49,20.9,8.03,38.28,88.85,0.4088,0.1646,27.62,27.0,27.0,27.0,Target Field,99,,,,No,Yes,2,Yes,Yes,RotoWire projected lineup; MLB probable pitchers,lineup projected / unconfirmed,H:2026/2025 P:2026/2025,,,Direct BvP not yet weighted; 2026/2025 Statcast baseline active,7,7,26,1,"Last 7 games: 7/26, 1 HR","switch hitter; pitcher baseline 8.0% barrel, 27.0 HR allowed",neutral batted-ball profile; pitcher fly-ball pressure modest,,
665019,Kody Clemens,MIN,CLE,2026-09-13T18:10:00Z,Scheduled,3,Tanner Bibee,676440,R,L,12.07,0.2287,92.13,101.5976,0.4657,0.2146,0.3366,72.06,14.56,46.78,34.02,47.6,23.9,8.03,38.28,88.85,0.4088,0.1646,27.62,27.0,27.0,27.0,Target Field,99,,,,No,Yes,3,Yes,Yes,RotoWire projected lineup; MLB probable pitchers,lineup projected / unconfirmed,H:2026/2025 P:2026/2025,,,Direct BvP not yet weighted; 2026/2025 Statcast baseline active,7,6,25,2,Hot streak: 2 HR in last 7 games,"platoon edge; pitcher baseline 8.0% barrel, 27.0 HR allowed",lift-pull EV profile; pitcher fly-ball pressure modest,,
605137,Josh Bell,MIN,CLE,2026-09-13T18:10:00Z,Scheduled,4,Tanner Bibee,676440,R,S,10.49,0.1716,89.98,101.0179,0.457,0.2024,0.3422,72.33,28.64,41.36,26.85,43.71,19.9,8.03,38.28,88.85,0.4088,0.1646,27.62,27.0,27.0,27.0,Target Field,99,,,,No,Yes,4,Yes,Yes,RotoWire projected lineup; MLB probable pitchers,lineup projected / unconfirmed,H:2026/2025 P:2026/2025,,,Direct BvP not yet weighted; 2026/2025 Statcast baseline active,7,4,24,1,"Last 7 games: 4/24, 1 HR","switch hitter; pitcher baseline 8.0% barrel, 27.0 HR allowed",neutral batted-ball profile; pitcher fly-ball pressure modest,,
668904,Royce Lewis,MIN,CLE,2026-09-13T18:10:00Z,Scheduled,5,Tanner Bibee,676440,R,R,10.52,0.1587,89.87,100.6722,0.4035,0.1635,0.3068,74.72,50.45,46.23,30.57,40.72,13.7,8.03,38.28,88.85,0.4088,0.1646,27.62,27.0,27.0,27.0,Target Field,99,,,,No,Yes,5,Yes,Yes,RotoWire projected lineup; MLB probable pitchers,lineup projected / unconfirmed,H:2026/2025 P:2026/2025,,,Direct BvP not yet weighted; 2026/2025 Statcast baseline active,7,3,24,0,"Last 7 games: 3/24, 0 HR","same-side matchup; pitcher baseline 8.0% barrel, 27.0 HR allowed",neutral batted-ball profile; pitcher fly-ball pressure modest,,
701785,Kaelen Culpepper,MIN,CLE,2026-09-13T18:10:00Z,Scheduled,6,Tanner Bibee,676440,R,R,3.7,0.133,87.3,97.6862,0.376,0.124,0.303,73.7,36.1,42.2,24.1,31.3,3.0,8.03,38.28,88.85,0.4088,0.1646,27.62,27.0,27.0,27.0,Target Field,99,,,,No,Yes,6,Yes,Yes,RotoWire projected lineup; MLB probable pitchers,lineup projected / unconfirmed,H:2026 P:2026/2025,,,Direct BvP not yet weighted; 2026/2025 Statcast baseline active,7,5,23,0,"Last 7 games: 5/23, 0 HR","same-side matchup; pitcher baseline 8.0% barrel, 27.0 HR allowed",neutral batted-ball profile; pitcher fly-ball pressure modest,,
605170,Victor Caratini,MIN,CLE,2026-09-13T18:10:00Z,Scheduled,7,Tanner Bibee,676440,R,S,6.79,0.1142,89.26,98.9523,0.3893,0.1497,0.3206,71.39,16.22,37.85,23.83,39.93,8.5,8.03,38.28,88.85,0.4088,0.1646,27.62,27.0,27.0,27.0,Target Field,99,,,,No,Yes,7,Yes,Yes,RotoWire projected lineup; MLB probable pitchers,lineup projected / unconfirmed,H:2026/2025 P:2026/2025,,,Direct BvP not yet weighted; 2026/2025 Statcast baseline active,7,2,17,0,"Last 7 games: 2/17, 0 HR","switch hitter; pitcher baseline 8.0% barrel, 27.0 HR allowed",neutral batted-ball profile; pitcher fly-ball pressure modest,,
668885,Austin Martin,MIN,CLE,2026-09-13T18:10:00Z,Scheduled,8,Tanner Bibee,676440,R,R,3.82,0.0893,86.76,97.3124,0.3484,0.0974,0.3226,68.83,4.27,40.72,21.05,32.02,2.4,8.03,38.28,88.85,0.4088,0.1646,27.62,27.0,27.0,27.0,Target Field,99,,,,No,Yes,8,Yes,Yes,RotoWire projected lineup; MLB probable pitchers,lineup projected / unconfirmed,H:2026/2025 P:2026/2025,,,Direct BvP not yet weighted; 2026/2025 Statcast baseline active,7,5,17,1,"Last 7 games: 5/17, 1 HR","same-side matchup; pitcher baseline 8.0% barrel, 27.0 HR allowed",neutral batted-ball profile; pitcher fly-ball pressure modest,,
,Emmanuel Rodriguez,MIN,CLE,2026-09-13T18:10:00Z,Scheduled,9,Tanner Bibee,676440,R,,,,,,,,,,,,,,,8.03,38.28,88.85,0.4088,0.1646,27.62,27.0,27.0,27.0,Target Field,99,,,,No,Yes,9,Yes,Yes,RotoWire projected lineup; MLB probable pitchers,lineup projected / unconfirmed,H: P:2026/2025,,,Direct BvP not yet weighted; 2026/2025 Statcast baseline active,,,,,Recent form unavailable,"handedness incomplete; pitcher baseline 8.0% barrel, 27.0 HR allowed",neutral batted-ball profile; pitcher fly-ball pressure modest,,
667472,Dane Myers,CIN,MIL,2026-09-13T18:10:00Z,Scheduled,1,Robert Gasser,688107,L,R,5.35,0.1064,89.72,99.0829,0.367,0.1267,0.3099,71.04,17.98,29.12,24.19,38.15,6.0,7.95,36.49,88.13,0.3918,0.1572,26.47,10.1,10.1,10.1,American Family Field,100,,,,No,Yes,1,Yes,Yes,RotoWire projected lineup; MLB probable pitchers,lineup projected / unconfirmed,H:2026/2025 P:2026/2025,,,Direct BvP not yet weighted; 2026/2025 Statcast baseline active,7,10,23,0,Contact streak: 10/23 over last 7 games,"platoon edge; pitcher baseline 8.0% barrel, 10.1 HR allowed",neutral batted-ball profile; pitcher fly-ball pressure modest,,
682829,Elly De La Cruz,CIN,MIL,2026-09-13T18:10:00Z,Scheduled,2,Robert Gasser,688107,L,S,14.22,0.211,93.45,104.4575,0.4765,0.2052,0.3577,75.45,54.68,34.26,25.03,50.36,24.8,7.95,36.49,88.13,0.3918,0.1572,26.47,10.1,10.1,10.1,American Family Field,100,,,,No,Yes,2,Yes,Yes,RotoWire projected lineup; MLB probable pitchers,lineup projected / unconfirmed,H:2026/2025 P:2026/2025,,,Direct BvP not yet weighted; 2026/2025 Statcast baseline active,7,11,27,5,Hot streak: 5 HR in last 7 games,"switch hitter; pitcher baseline 8.0% barrel, 10.1 HR allowed",EV profile; pitcher fly-ball pressure modest,,
701398,Sal Stewart,CIN,MIL,2026-09-13T18:10:00Z,Scheduled,3,Robert Gasser,688107,L,R,14.4,0.234,91.76,101.443,0.525,0.2561,0.3653,72.1,26.37,37.8,32.3,43.54,23.2,7.95,36.49,88.13,0.3918,0.1572,26.47,10.1,10.1,10.1,American Family Field,100,,,,No,Yes,3,Yes,Yes,RotoWire projected lineup; MLB probable pitchers,lineup projected / unconfirmed,H:2026/2025 P:2026/2025,,,Direct BvP not yet weighted; 2026/2025 Statcast baseline active,7,8,25,0,Contact streak: 8/25 over last 7 games,"platoon edge; pitcher baseline 8.0% barrel, 10.1 HR allowed",neutral batted-ball profile; pitcher fly-ball pressure modest,,
663886,Tyler Stephenson,CIN,MIL,2026-09-13T18:10:00Z,Scheduled,4,Robert Gasser,688107,L,R,12.89,0.1774,90.85,100.4014,0.4312,0.1991,0.3264,70.45,6.86,37.22,33.43,45.98,14.4,7.95,36.49,88.13,0.3918,0.1572,26.47,10.1,10.1,10.1,American Family Field,100,,,,No,Yes,4,Yes,Yes,RotoWire projected lineup; MLB probable pitchers,lineup projected / unconfirmed,H:2026/2025 P:2026/2025,,,Direct BvP not yet weighted; 2026/2025 Statcast baseline active,7,6,22,1,"Last 7 games: 6/22, 1 HR","platoon edge; pitcher baseline 8.0% barrel, 10.1 HR allowed",neutral batted-ball profile; pitcher fly-ball pressure modest,,
553993,Eugenio Suarez,CIN,MIL,2026-09-13T18:10:00Z,Scheduled,5,Robert Gasser,688107,L,R,12.62,0.2371,89.01,100.102,0.3888,0.189,0.3011,72.16,23.07,47.19,34.46,39.69,30.1,7.95,36.49,88.13,0.3918,0.1572,26.47,10.1,10.1,10.1,American Family Field,100,,,,No,Yes,5,Yes,Yes,RotoWire projected lineup; MLB probable pitchers,lineup projected / unconfirmed,H:2026/2025 P:2026/2025,,,Direct BvP not yet weighted; 2026/2025 Statcast baseline active,7,7,23,3,Hot streak: 3 HR in last 7 games,"platoon edge; pitcher baseline 8.0% barrel, 10.1 HR allowed",neutral batted-ball profile; pitcher fly-ball pressure modest,,
668709,JJ Bleday,CIN,MIL,2026-09-13T18:10:00Z,Scheduled,6,Robert Gasser,688107,L,L,9.34,0.1997,88.49,99.819,0.3989,0.1732,0.3222,73.0,26.81,47.07,32.85,39.54,19.6,7.95,36.49,88.13,0.3918,0.1572,26.47,10.1,10.1,10.1,American Family Field,100,,,,No,Yes,6,Yes,Yes,RotoWire projected lineup; MLB probable pitchers,lineup projected / unconfirmed,H:2026/2025 P:2026/2025,,,Direct BvP not yet weighted; 2026/2025 Statcast baseline active,7,3,26,0,"Last 7 games: 3/26, 0 HR","same-side matchup; pitcher baseline 8.0% barrel, 10.1 HR allowed",neutral batted-ball profile; pitcher fly-ball pressure modest,,
682877,Juan Brito,CIN,MIL,2026-09-13T18:10:00Z,Scheduled,7,Robert Gasser,688107,L,S,4.3,0.121,84.2,95.867,0.303,0.087,0.269,69.2,2.2,50.0,21.7,28.3,1.0,7.95,36.49,88.13,0.3918,0.1572,26.47,10.1,10.1,10.1,American Family Field,100,,,,No,Yes,7,Yes,Yes,RotoWire projected lineup; MLB probable pitchers,lineup projected / unconfirmed,H:2026 P:2026/2025,,,Direct BvP not yet weighted; 2026/2025 Statcast baseline active,7,7,19,2,Hot streak: 2 HR in last 7 games,"switch hitter; pitcher baseline 8.0% barrel, 10.1 HR allowed",neutral batted-ball profile; pitcher fly-ball pressure modest,,
699302,Hector Rodriguez,CIN,MIL,2026-09-13T18:10:00Z,Scheduled,8,Robert Gasser,688107,L,L,6.9,0.177,88.0,99.1093,0.334,0.12,0.271,74.3,46.2,40.3,26.4,33.3,5.0,7.95,36.49,88.13,0.3918,0.1572,26.47,10.1,10.1,10.1,American Family Field,100,,,,No,Yes,8,Yes,Yes,RotoWire projected lineup; MLB probable pitchers,lineup projected / unconfirmed,H:2026 P:2026/2025,,,Direct BvP not yet weighted; 2026/2025 Statcast baseline active,7,8,28,0,"Last 7 games: 8/28, 0 HR","same-side matchup; pitcher baseline 8.0% barrel, 10.1 HR allowed",neutral batted-ball profile; pitcher fly-ball pressure modest,,
663647,Ke'Bryan Hayes,CIN,MIL,2026-09-13T18:10:00Z,Scheduled,9,Robert Gasser,688107,L,R,6.77,0.0864,90.28,99.9157,0.3749,0.1327,0.2946,70.89,7.71,30.18,26.94,41.17,5.0,7.95,36.49,88.13,0.3918,0.1572,26.47,10.1,10.1,10.1,American Family Field,100,,,,No,Yes,9,Yes,Yes,RotoWire projected lineup; MLB probable pitchers,lineup projected / unconfirmed,H:2026/2025 P:2026/2025,,,Direct BvP not yet weighted; 2026/2025 Statcast baseline active,7,2,22,0,"Last 7 games: 2/22, 0 HR","platoon edge; pitcher baseline 8.0% barrel, 10.1 HR allowed",neutral batted-ball profile; pitcher fly-ball pressure modest,,
694192,Jackson Chourio,MIL,CIN,2026-09-13T18:10:00Z,Scheduled,1,Chase Burns,695505,R,R,11.59,0.2007,90.98,101.955,0.4617,0.2035,0.3315,74.32,44.87,31.57,29.41,45.94,22.4,8.38,40.38,89.64,0.3553,0.1453,29.15,12.0,12.0,12.0,American Family Field,100,,,,No,Yes,1,Yes,Yes,RotoWire projected lineup; MLB probable pitchers,lineup projected / unconfirmed,H:2026/2025 P:2026/2025,,,Direct BvP not yet weighted; 2026/2025 Statcast baseline active,7,14,31,2,Hot streak: 2 HR in last 7 games,"same-side matchup; pitcher baseline 8.4% barrel, 12.0 HR allowed",neutral batted-ball profile; pitcher fly-ball pressure modest,,
668930,Brice Turang,MIL,CIN,2026-09-13T18:10:00Z,Scheduled,2,Chase Burns,695505,R,L,7.72,0.1666,90.47,100.3171,0.4262,0.1698,0.3399,70.25,13.34,27.79,23.5,42.92,18.0,8.38,40.38,89.64,0.3553,0.1453,29.15,12.0,12.0,12.0,American Family Field,100,,,,No,Yes,2,Yes,Yes,RotoWire projected lineup; MLB probable pitchers,lineup projected / unconfirmed,H:2026/2025 P:2026/2025,,,Direct BvP not yet weighted; 2026/2025 Statcast baseline active,7,10,21,2,Hot streak: 2 HR in last 7 games,"platoon edge; pitcher baseline 8.4% barrel, 12.0 HR allowed",neutral batted-ball profile; pitcher fly-ball pressure modest,,
641343,Jake Bauers,MIL,CIN,2026-09-13T18:10:00Z,Scheduled,3,Chase Burns,695505,R,L,13.77,0.2067,92.26,103.0644,0.4724,0.2223,0.3708,76.5,69.51,40.83,30.54,50.92,19.6,8.38,40.38,89.64,0.3553,0.1453,29.15,12.0,12.0,12.0,American Family Field,100,,,,No,Yes,3,Yes,Yes,RotoWire projected lineup; MLB probable pitchers,lineup projected / unconfirmed,H:2026/2025 P:2026/2025,,,Direct BvP not yet weighted; 2026/2025 Statcast baseline active,7,5,17,2,Hot streak: 2 HR in last 7 games,"platoon edge; pitcher baseline 8.4% barrel, 12.0 HR allowed",lift-pull EV profile; pitcher fly-ball pressure modest,,
592885,Christian Yelich,MIL,CIN,2026-09-13T18:10:00Z,Scheduled,4,Chase Burns,695505,R,L,9.95,0.1607,89.43,101.1477,0.4068,0.1695,0.3174,73.16,32.39,34.52,18.88,44.51,16.4,8.38,40.38,89.64,0.3553,0.1453,29.15,12.0,12.0,12.0,American Family Field,100,,,,No,Yes,4,Yes,Yes,RotoWire projected lineup; MLB probable pitchers,lineup projected / unconfirmed,H:2026/2025 P:2026/2025,,,Direct BvP not yet weighted; 2026/2025 Statcast baseline active,7,5,22,1,"Last 7 games: 5/22, 1 HR","platoon edge; pitcher baseline 8.4% barrel, 12.0 HR allowed",neutral batted-ball profile; pitcher fly-ball pressure modest,,
661388,William Contreras,MIL,CIN,2026-09-13T18:10:00Z,Scheduled,5,Chase Burns,695505,R,R,7.87,0.1418,90.68,101.7376,0.4287,0.1716,0.3329,73.41,36.44,35.83,24.57,45.77,16.3,8.38,40.38,89.64,0.3553,0.1453,29.15,12.0,12.0,12.0,American Family Field,100,,,,No,Yes,5,Yes,Yes,RotoWire projected lineup; MLB probable pitchers,lineup projected / unconfirmed,H:2026/2025 P:2026/2025,,,Direct BvP not yet weighted; 2026/2025 Statcast baseline active,7,8,28,4,Hot streak: 4 HR in last 7 games,"same-side matchup; pitcher baseline 8.4% barrel, 12.0 HR allowed",neutral batted-ball profile; pitcher fly-ball pressure modest,,
669003,Garrett Mitchell,MIL,CIN,2026-09-13T18:10:00Z,Scheduled,6,Chase Burns,695505,R,L,10.34,0.1349,92.43,103.8655,0.4166,0.1603,0.3335,77.15,77.23,33.58,17.13,49.76,7.0,8.38,40.38,89.64,0.3553,0.1453,29.15,12.0,12.0,12.0,American Family Field,100,,,,No,Yes,6,Yes,Yes,RotoWire projected lineup; MLB probable pitchers,lineup projected / unconfirmed,H:2026/2025 P:2026/2025,,,Direct BvP not yet weighted; 2026/2025 Statcast baseline active,7,10,27,2,Hot streak: 2 HR in last 7 games,"platoon edge; pitcher baseline 8.4% barrel, 12.0 HR allowed",EV profile; pitcher fly-ball pressure modest,,
686217,Sal Frelick,MIL,CIN,2026-09-13T18:10:00Z,Scheduled,7,Chase Burns,695505,R,L,2.68,0.0995,85.85,96.5702,0.332,0.0854,0.2885,68.31,3.97,39.81,21.32,28.52,6.4,8.38,40.38,89.64,0.3553,0.1453,29.15,12.0,12.0,12.0,American Family Field,100,,,,No,Yes,7,Yes,Yes,RotoWire projected lineup; MLB probable pitchers,lineup projected / unconfirmed,H:2026/2025 P:2026/2025,,,Direct BvP not yet weighted; 2026/2025 Statcast baseline active,7,4,25,0,"Last 7 games: 4/25, 0 HR","platoon edge; pitcher baseline 8.4% barrel, 12.0 HR allowed",neutral batted-ball profile; pitcher fly-ball pressure modest,,
806198,Cooper Pratt,MIL,CIN,2026-09-13T18:10:00Z,Scheduled,8,Chase Burns,695505,R,R,3.2,0.095,86.9,96.6034,0.352,0.095,0.309,70.0,9.6,32.1,22.6,27.0,3.0,8.38,40.38,89.64,0.3553,0.1453,29.15,12.0,12.0,12.0,American Family Field,100,,,,No,Yes,8,Yes,Yes,RotoWire projected lineup; MLB probable pitchers,lineup projected / unconfirmed,H:2026 P:2026/2025,,,Direct BvP not yet weighted; 2026/2025 Statcast baseline active,7,6,24,0,"Last 7 games: 6/24, 0 HR","same-side matchup; pitcher baseline 8.4% barrel, 12.0 HR allowed",neutral batted-ball profile; pitcher fly-ball pressure modest,,
666152,David Hamilton,MIL,CIN,2026-09-13T18:10:00Z,Scheduled,9,Chase Burns,695505,R,L,4.11,0.1063,86.81,96.8702,0.3141,0.0946,0.2712,69.66,6.73,35.46,24.62,27.94,4.6,8.38,40.38,89.64,0.3553,0.1453,29.15,12.0,12.0,12.0,American Family Field,100,,,,No,Yes,9,Yes,Yes,RotoWire projected lineup; MLB probable pitchers,lineup projected / unconfirmed,H:2026/2025 P:2026/2025,,,Direct BvP not yet weighted; 2026/2025 Statcast baseline active,7,5,20,0,"Last 7 games: 5/20, 0 HR","platoon edge; pitcher baseline 8.4% barrel, 12.0 HR allowed",neutral batted-ball profile; pitcher fly-ball pressure modest,,
803011,Sam Antonacci,CWS,STL,2026-09-13T18:15:00Z,Scheduled,1,Michael McGreevy,700241,R,L,5.0,0.122,87.2,97.3994,0.384,0.114,0.339,69.7,7.6,32.0,21.7,32.1,8.0,9.43,41.29,90.08,0.4724,0.1935,26.83,17.6,17.6,17.6,Busch Stadium,90,,,,No,Yes,1,Yes,Yes,RotoWire projected lineup; MLB probable pitchers,lineup projected / unconfirmed,H:2026 P:2026/2025,,,Direct BvP not yet weighted; 2026/2025 Statcast baseline active,7,8,23,0,Contact streak: 8/23 over last 7 games,"platoon edge; pitcher baseline 9.4% barrel, 17.6 HR allowed",neutral batted-ball profile; pitcher fly-ball pressure modest,,
691019,Kyle Teel,CWS,STL,2026-09-13T18:15:00Z,Scheduled,2,Michael McGreevy,700241,R,L,11.84,0.1646,85.78,100.5621,0.4125,0.1783,0.3195,71.43,23.78,41.94,29.8,45.51,5.2,9.43,41.29,90.08,0.4724,0.1935,26.83,17.6,17.6,17.6,Busch Stadium,90,,,,No,Yes,2,Yes,Yes,RotoWire projected lineup; MLB probable pitchers,lineup projected / unconfirmed,H:2026/2025 P:2026/2025,,,Direct BvP not yet weighted; 2026/2025 Statcast baseline active,7,5,17,2,Hot streak: 2 HR in last 7 games,"platoon edge; pitcher baseline 9.4% barrel, 17.6 HR allowed",neutral batted-ball profile; pitcher fly-ball pressure modest,,
678246,Miguel Vargas,CWS,STL,2026-09-13T18:15:00Z,Scheduled,3,Michael McGreevy,700241,R,R,12.34,0.209,90.19,100.3155,0.4763,0.2193,0.3631,72.98,33.44,44.14,35.03,43.72,25.8,9.43,41.29,90.08,0.4724,0.1935,26.83,17.6,17.6,17.6,Busch Stadium,90,,,,No,Yes,3,Yes,Yes,RotoWire projected lineup; MLB probable pitchers,lineup projected / unconfirmed,H:2026/2025 P:2026/2025,,,Direct BvP not yet weighted; 2026/2025 Statcast baseline active,7,5,29,0,"Last 7 games: 5/29, 0 HR","same-side matchup; pitcher baseline 9.4% barrel, 17.6 HR allowed",fly-ball profile; pitcher fly-ball pressure modest,,
808959,Munetaka Murakami,CWS,STL,2026-09-13T18:15:00Z,Scheduled,4,Michael McGreevy,700241,R,L,19.0,0.267,93.8,104.3516,0.455,0.254,0.344,74.8,50.8,45.3,38.8,56.9,31.0,9.43,41.29,90.08,0.4724,0.1935,26.83,17.6,17.6,17.6,Busch Stadium,90,,,,No,Yes,4,Yes,Yes,RotoWire projected lineup; MLB probable pitchers,lineup projected / unconfirmed,H:2026 P:2026/2025,,,Direct BvP not yet weighted; 2026/2025 Statcast baseline active,7,4,25,2,Hot streak: 2 HR in last 7 games,"platoon edge; pitcher baseline 9.4% barrel, 17.6 HR allowed",lift-pull EV profile; pitcher fly-ball pressure modest,,
643217,Andrew Benintendi,CWS,STL,2026-09-13T18:15:00Z,Scheduled,5,Michael McGreevy,700241,R,L,9.49,0.1819,88.84,98.8508,0.4132,0.1725,0.3137,69.61,4.71,49.47,32.62,42.64,15.8,9.43,41.29,90.08,0.4724,0.1935,26.83,17.6,17.6,17.6,Busch Stadium,90,,,,No,Yes,5,Yes,Yes,RotoWire projected lineup; MLB probable pitchers,lineup projected / unconfirmed,H:2026/2025 P:2026/2025,,,Direct BvP not yet weighted; 2026/2025 Statcast baseline active,7,3,14,0,"Last 7 games: 3/14, 0 HR","platoon edge; pitcher baseline 9.4% barrel, 17.6 HR allowed",neutral batted-ball profile; pitcher fly-ball pressure modest,,
671976,Tristan Peters,CWS,STL,2026-09-13T18:15:00Z,Scheduled,6,Michael McGreevy,700241,R,L,4.06,0.1295,87.29,98.1897,0.332,0.1092,0.2663,69.23,5.46,41.84,20.16,35.66,8.4,9.43,41.29,90.08,0.4724,0.1935,26.83,17.6,17.6,17.6,Busch Stadium,90,,,,No,Yes,6,Yes,Yes,RotoWire projected lineup; MLB probable pitchers,lineup projected / unconfirmed,H:2026/2025 P:2026/2025,,,Direct BvP not yet weighted; 2026/2025 Statcast baseline active,7,6,24,0,"Last 7 games: 6/24, 0 HR","platoon edge; pitcher baseline 9.4% barrel, 17.6 HR allowed",neutral batted-ball profile; pitcher fly-ball pressure modest,,
805367,Chase Meidroth,CWS,STL,2026-09-13T18:15:00Z,Scheduled,7,Michael McGreevy,700241,R,R,3.7,0.1132,87.64,97.4012,0.3386,0.0982,0.2979,67.12,1.18,38.26,20.68,35.05,11.3,9.43,41.29,90.08,0.4724,0.1935,26.83,17.6,17.6,17.6,Busch Stadium,90,,,,No,Yes,7,Yes,Yes,RotoWire projected lineup; MLB probable pitchers,lineup projected / unconfirmed,H:2026/2025 P:2026/2025,,,Direct BvP not yet weighted; 2026/2025 Statcast baseline active,7,4,22,2,Hot streak: 2 HR in last 7 games,"same-side matchup; pitcher baseline 9.4% barrel, 17.6 HR allowed",neutral batted-ball profile; pitcher fly-ball pressure modest,,
695657,Colson Montgomery,CWS,STL,2026-09-13T18:15:00Z,Scheduled,8,Michael McGreevy,700241,R,L,13.31,0.2417,88.98,101.9097,0.4359,0.2227,0.3137,76.72,70.65,48.95,32.81,42.54,28.0,9.43,41.29,90.08,0.4724,0.1935,26.83,17.6,17.6,17.6,Busch Stadium,90,,,,No,Yes,8,Yes,Yes,RotoWire projected lineup; MLB probable pitchers,lineup projected / unconfirmed,H:2026/2025 P:2026/2025,,,Direct BvP not yet weighted; 2026/2025 Statcast baseline active,7,2,24,1,"Last 7 games: 2/24, 1 HR","platoon edge; pitcher baseline 9.4% barrel, 17.6 HR allowed",neutral batted-ball profile; pitcher fly-ball pressure modest,,
695731,Braden Montgomery,CWS,STL,2026-09-13T18:15:00Z,Scheduled,9,Michael McGreevy,700241,R,S,4.5,0.132,88.8,99.9179,0.398,0.143,0.332,69.7,8.3,38.2,20.0,40.5,6.0,9.43,41.29,90.08,0.4724,0.1935,26.83,17.6,17.6,17.6,Busch Stadium,90,,,,No,Yes,9,Yes,Yes,RotoWire projected lineup; MLB probable pitchers,lineup projected / unconfirmed,H:2026 P:2026/2025,,,Direct BvP not yet weighted; 2026/2025 Statcast baseline active,7,2,22,0,"Last 7 games: 2/22, 0 HR","switch hitter; pitcher baseline 9.4% barrel, 17.6 HR allowed",neutral batted-ball profile; pitcher fly-ball pressure modest,,
665877,Jose Fermin,STL,CWS,2026-09-13T18:15:00Z,Scheduled,1,,,,R,1.61,0.1165,86.33,96.4746,0.3467,0.0913,0.3012,68.07,3.09,48.11,25.08,31.01,4.5,,,,,,,,,,Busch Stadium,90,,,,No,Yes,1,Yes,Yes,RotoWire projected lineup; MLB probable pitchers,lineup projected / unconfirmed,H:2026/2025 P:,,,Direct BvP not yet weighted; 2026/2025 Statcast baseline active,7,4,17,0,"Last 7 games: 4/17, 0 HR","handedness incomplete; pitcher baseline 0.0% barrel, 0.0 HR allowed",neutral batted-ball profile; pitcher fly-ball pressure modest,,
671056,Ivan Herrera,STL,CWS,2026-09-13T18:15:00Z,Scheduled,2,,,,R,7.18,0.1485,89.8,101.2492,0.4112,0.1551,0.343,73.88,42.58,36.89,19.59,42.45,16.9,,,,,,,,,,Busch Stadium,90,,,,No,Yes,2,Yes,Yes,RotoWire projected lineup; MLB probable pitchers,lineup projected / unconfirmed,H:2026/2025 P:,,,Direct BvP not yet weighted; 2026/2025 Statcast baseline active,7,8,29,1,"Last 7 games: 8/29, 1 HR","handedness incomplete; pitcher baseline 0.0% barrel, 0.0 HR allowed",neutral batted-ball profile; pitcher fly-ball pressure modest,,
676475,Alec Burleson,STL,CWS,2026-09-13T18:15:00Z,Scheduled,3,,,,L,10.48,0.1802,91.7,101.9907,0.5081,0.2214,0.3674,73.28,34.56,44.31,27.47,47.76,20.8,,,,,,,,,,Busch Stadium,90,,,,No,Yes,3,Yes,Yes,RotoWire projected lineup; MLB probable pitchers,lineup projected / unconfirmed,H:2026/2025 P:,,,Direct BvP not yet weighted; 2026/2025 Statcast baseline active,7,8,26,1,"Last 7 games: 8/26, 1 HR","handedness incomplete; pitcher baseline 0.0% barrel, 0.0 HR allowed",neutral batted-ball profile; pitcher fly-ball pressure modest,,
695491,Joshua Baez,STL,CWS,2026-09-13T18:15:00Z,Scheduled,4,,,,R,13.8,0.319,92.8,102.8156,0.478,0.255,0.322,77.5,74.0,44.8,37.9,50.0,7.0,,,,,,,,,,Busch Stadium,90,,,,No,Yes,4,Yes,Yes,RotoWire projected lineup; MLB probable pitchers,lineup projected / unconfirmed,H:2026 P:,,,Direct BvP not yet weighted; 2026/2025 Statcast baseline active,7,9,26,1,Contact streak: 9/26 over last 7 games,"handedness incomplete; pitcher baseline 0.0% barrel, 0.0 HR allowed",lift-pull EV profile; pitcher fly-ball pressure modest,,
699024,Leo Bernal,STL,CWS,2026-09-13T18:15:00Z,Scheduled,5,,,,S,6.1,0.2,94.5,102.784,0.508,0.2,0.38,74.3,43.3,45.5,36.4,66.7,2.0,,,,,,,,,,Busch Stadium,90,,,,No,Yes,5,Yes,Yes,RotoWire projected lineup; MLB probable pitchers,lineup projected / unconfirmed,H:2026 P:,,,Direct BvP not yet weighted; 2026/2025 Statcast baseline active,7,9,30,2,Hot streak: 2 HR in last 7 games,"switch hitter; pitcher baseline 0.0% barrel, 0.0 HR allowed",lift-pull EV profile; pitcher fly-ball pressure modest,,
669357,Nolan Gorman,STL,CWS,2026-09-13T18:15:00Z,Scheduled,6,,,,L,10.18,0.1433,89.6,100.8675,0.3713,0.1746,0.2841,73.19,30.45,44.25,39.22,42.99,10.5,,,,,,,,,,Busch Stadium,90,,,,No,Yes,6,Yes,Yes,RotoWire projected lineup; MLB probable pitchers,lineup projected / unconfirmed,H:2026/2025 P:,,,Direct BvP not yet weighted; 2026/2025 Statcast baseline active,7,6,25,1,"Last 7 games: 6/25, 1 HR","handedness incomplete; pitcher baseline 0.0% barrel, 0.0 HR allowed",fly-ball profile; pitcher fly-ball pressure modest,,
695336,Thomas Saggese,STL,CWS,2026-09-13T18:15:00Z,Scheduled,7,,,,R,8.33,0.14,89.99,100.1792,0.3965,0.1565,0.3027,71.55,17.69,32.07,25.36,39.9,3.4,,,,,,,,,,Busch Stadium,90,,,,No,Yes,7,Yes,Yes,RotoWire projected lineup; MLB probable pitchers,lineup projected / unconfirmed,H:2026/2025 P:,,,Direct BvP not yet weighted; 2026/2025 Statcast baseline active,7,9,26,0,Contact streak: 9/26 over last 7 games,"handedness incomplete; pitcher baseline 0.0% barrel, 0.0 HR allowed",neutral batted-ball profile; pitcher fly-ball pressure modest,,
691026,Masyn Winn,STL,CWS,2026-09-13T18:15:00Z,Scheduled,8,,,,R,3.89,0.0932,88.23,98.6938,0.3379,0.093,0.2951,71.24,16.4,32.39,21.88,35.02,6.2,,,,,,,,,,Busch Stadium,90,,,,No,Yes,8,Yes,Yes,RotoWire projected lineup; MLB probable pitchers,lineup projected / unconfirmed,H:2026/2025 P:,,,Direct BvP not yet weighted; 2026/2025 Statcast baseline active,7,5,21,1,"Last 7 games: 5/21, 1 HR","handedness incomplete; pitcher baseline 0.0% barrel, 0.0 HR allowed",neutral batted-ball profile; pitcher fly-ball pressure modest,,
701675,Nathan Church,STL,CWS,2026-09-13T18:15:00Z,Scheduled,9,,,,L,4.64,0.1046,86.76,97.5145,0.3322,0.1046,0.2736,69.6,8.13,34.36,22.02,33.24,7.3,,,,,,,,,,Busch Stadium,90,,,,No,Yes,9,Yes,Yes,RotoWire projected lineup; MLB probable pitchers,lineup projected / unconfirmed,H:2026/2025 P:,,,Direct BvP not yet weighted; 2026/2025 Statcast baseline active,7,9,23,0,Contact streak: 9/23 over last 7 games,"handedness incomplete; pitcher baseline 0.0% barrel, 0.0 HR allowed",neutral batted-ball profile; pitcher fly-ball pressure modest,,
665833,Oneil Cruz,PIT,CHC,2026-09-13T18:20:00Z,Scheduled,1,Matthew Boyd,571510,L,L,17.09,0.1997,95.17,106.7579,0.4663,0.2245,0.3464,78.24,75.82,39.88,23.31,55.48,18.6,9.0,38.21,88.29,0.4204,0.1657,25.99,16.2,16.2,16.2,Wrigley Field,104,,,,No,Yes,1,Yes,Yes,RotoWire projected lineup; MLB probable pitchers,lineup projected / unconfirmed,H:2026/2025 P:2026/2025,,,Direct BvP not yet weighted; 2026/2025 Statcast baseline active,7,9,27,1,Contact streak: 9/27 over last 7 games,"same-side matchup; pitcher baseline 9.0% barrel, 16.2 HR allowed",EV profile; pitcher fly-ball pressure modest,,
664040,Brandon Lowe,PIT,CHC,2026-09-13T18:20:00Z,Scheduled,2,Matthew Boyd,571510,L,L,11.88,0.2196,90.96,101.3625,0.4402,0.1977,0.3259,73.66,40.09,46.3,32.78,45.48,29.6,9.0,38.21,88.29,0.4204,0.1657,25.99,16.2,16.2,16.2,Wrigley Field,104,,,,No,Yes,2,Yes,Yes,RotoWire projected lineup; MLB probable pitchers,lineup projected / unconfirmed,H:2026/2025 P:2026/2025,,,Direct BvP not yet weighted; 2026/2025 Statcast baseline active,7,8,25,0,Contact streak: 8/25 over last 7 games,"same-side matchup; pitcher baseline 9.0% barrel, 16.2 HR allowed",neutral batted-ball profile; pitcher fly-ball pressure modest,,
668804,Bryan Reynolds,PIT,CHC,2026-09-13T18:20:00Z,Scheduled,3,Matthew Boyd,571510,L,S,11.36,0.1633,91.06,102.0216,0.4547,0.196,0.3548,72.62,28.23,40.01,26.3,47.68,16.7,9.0,38.21,88.29,0.4204,0.1657,25.99,16.2,16.2,16.2,Wrigley Field,104,,,,No,Yes,3,Yes,Yes,RotoWire projected lineup; MLB probable pitchers,lineup projected / unconfirmed,H:2026/2025 P:2026/2025,,,Direct BvP not yet weighted; 2026/2025 Statcast baseline active,7,7,25,2,Hot streak: 2 HR in last 7 games,"switch hitter; pitcher baseline 9.0% barrel, 16.2 HR allowed",neutral batted-ball profile; pitcher fly-ball pressure modest,,
804606,Konnor Griffin,PIT,CHC,2026-09-13T18:20:00Z,Scheduled,4,Matthew Boyd,571510,L,R,7.8,0.127,88.0,100.7553,0.389,0.148,0.304,75.7,57.4,40.3,17.1,37.6,5.0,9.0,38.21,88.29,0.4204,0.1657,25.99,16.2,16.2,16.2,Wrigley Field,104,,,,No,Yes,4,Yes,Yes,RotoWire projected lineup; MLB probable pitchers,lineup projected / unconfirmed,H:2026 P:2026/2025,,,Direct BvP not yet weighted; 2026/2025 Statcast baseline active,7,5,28,0,"Last 7 games: 5/28, 0 HR","platoon edge; pitcher baseline 9.0% barrel, 16.2 HR allowed",neutral batted-ball profile; pitcher fly-ball pressure modest,,
656811,Ryan O'Hearn,PIT,CHC,2026-09-13T18:20:00Z,Scheduled,5,Matthew Boyd,571510,L,L,7.32,0.1749,89.4,99.4005,0.4157,0.1579,0.3276,71.1,11.71,38.52,28.85,43.48,17.0,9.0,38.21,88.29,0.4204,0.1657,25.99,16.2,16.2,16.2,Wrigley Field,104,,,,No,Yes,5,Yes,Yes,RotoWire projected lineup; MLB probable pitchers,lineup projected / unconfirmed,H:2026/2025 P:2026/2025,,,Direct BvP not yet weighted; 2026/2025 Statcast baseline active,7,4,28,1,"Last 7 games: 4/28, 1 HR","same-side matchup; pitcher baseline 9.0% barrel, 16.2 HR allowed",neutral batted-ball profile; pitcher fly-ball pressure modest,,
687462,Spencer Horwitz,PIT,CHC,2026-09-13T18:20:00Z,Scheduled,6,Matthew Boyd,571510,L,L,6.76,0.1347,86.98,97.5323,0.3657,0.1339,0.3148,68.61,5.46,39.38,27.84,32.92,10.3,9.0,38.21,88.29,0.4204,0.1657,25.99,16.2,16.2,16.2,Wrigley Field,104,,,,No,Yes,6,Yes,Yes,RotoWire projected lineup; MLB probable pitchers,lineup projected / unconfirmed,H:2026/2025 P:2026/2025,,,Direct BvP not yet weighted; 2026/2025 Statcast baseline active,7,5,21,0,"Last 7 games: 5/21, 0 HR","same-side matchup; pitcher baseline 9.0% barrel, 16.2 HR allowed",neutral batted-ball profile; pitcher fly-ball pressure modest,,
663968,Jake Mangum,PIT,CHC,2026-09-13T18:20:00Z,Scheduled,7,Matthew Boyd,571510,L,S,2.14,0.0811,86.04,96.6405,0.3297,0.0815,0.2823,67.65,4.15,27.93,16.12,28.85,3.7,9.0,38.21,88.29,0.4204,0.1657,25.99,16.2,16.2,16.2,Wrigley Field,104,,,,No,Yes,7,Yes,Yes,RotoWire projected lineup; MLB probable pitchers,lineup projected / unconfirmed,H:2026/2025 P:2026/2025,,,Direct BvP not yet weighted; 2026/2025 Statcast baseline active,7,5,24,0,"Last 7 games: 5/24, 0 HR","switch hitter; pitcher baseline 9.0% barrel, 16.2 HR allowed",neutral batted-ball profile; pitcher fly-ball pressure modest,,
694378,Jacob Gonzalez,PIT,CHC,2026-09-13T18:20:00Z,Scheduled,8,Matthew Boyd,571510,L,L,4.4,0.137,88.1,98.987,0.399,0.146,0.306,71.2,14.3,42.8,26.4,38.0,6.0,9.0,38.21,88.29,0.4204,0.1657,25.99,16.2,16.2,16.2,Wrigley Field,104,,,,No,Yes,8,Yes,Yes,RotoWire projected lineup; MLB probable pitchers,lineup projected / unconfirmed,H:2026 P:2026/2025,,,Direct BvP not yet weighted; 2026/2025 Statcast baseline active,7,4,16,0,"Last 7 games: 4/16, 0 HR","same-side matchup; pitcher baseline 9.0% barrel, 16.2 HR allowed",neutral batted-ball profile; pitcher fly-ball pressure modest,,
680779,Henry Davis,PIT,CHC,2026-09-13T18:20:00Z,Scheduled,9,Matthew Boyd,571510,L,R,9.47,0.1271,89.65,100.4454,0.3519,0.1487,0.2881,74.18,42.98,49.6,27.12,39.43,8.4,9.0,38.21,88.29,0.4204,0.1657,25.99,16.2,16.2,16.2,Wrigley Field,104,,,,No,Yes,9,Yes,Yes,RotoWire projected lineup; MLB probable pitchers,lineup projected / unconfirmed,H:2026/2025 P:2026/2025,,,Direct BvP not yet weighted; 2026/2025 Statcast baseline active,7,2,14,1,"Last 7 games: 2/14, 1 HR","platoon edge; pitcher baseline 9.0% barrel, 16.2 HR allowed",neutral batted-ball profile; pitcher fly-ball pressure modest,,
691718,Pete Crow-Armstrong,CHC,PIT,2026-09-13T18:20:00Z,Scheduled,1,Bubba Chandler,696149,R,L,13.17,0.2725,90.27,101.858,0.4939,0.2386,0.3574,74.31,44.88,49.81,35.01,46.78,38.0,6.81,39.09,89.29,0.3814,0.1504,25.74,9.7,9.7,9.7,Wrigley Field,104,,,,No,Yes,1,Yes,Yes,RotoWire projected lineup; MLB probable pitchers,lineup projected / unconfirmed,H:2026/2025 P:2026/2025,,,Direct BvP not yet weighted; 2026/2025 Statcast baseline active,7,7,27,2,Hot streak: 2 HR in last 7 games,"platoon edge; pitcher baseline 6.8% barrel, 9.7 HR allowed",fly-ball profile; pitcher fly-ball pressure modest,,
608324,Alex Bregman,CHC,PIT,2026-09-13T18:20:00Z,Scheduled,2,Bubba Chandler,696149,R,R,6.04,0.1869,88.77,98.4017,0.3941,0.1446,0.3251,70.16,4.94,47.49,27.16,39.64,22.9,6.81,39.09,89.29,0.3814,0.1504,25.74,9.7,9.7,9.7,Wrigley Field,104,,,,No,Yes,2,Yes,Yes,RotoWire projected lineup; MLB probable pitchers,lineup projected / unconfirmed,H:2026/2025 P:2026/2025,,,Direct BvP not yet weighted; 2026/2025 Statcast baseline active,7,7,22,1,"Last 7 games: 7/22, 1 HR","same-side matchup; pitcher baseline 6.8% barrel, 9.7 HR allowed",neutral batted-ball profile; pitcher fly-ball pressure modest,,
683737,Michael Busch,CHC,PIT,2026-09-13T18:20:00Z,Scheduled,3,Bubba Chandler,696149,R,L,11.43,0.1864,89.61,99.7423,0.4458,0.2055,0.3444,68.9,5.85,40.28,35.25,42.26,22.8,6.81,39.09,89.29,0.3814,0.1504,25.74,9.7,9.7,9.7,Wrigley Field,104,,,,No,Yes,3,Yes,Yes,RotoWire projected lineup; MLB probable pitchers,lineup projected / unconfirmed,H:2026/2025 P:2026/2025,,,Direct BvP not yet weighted; 2026/2025 Statcast baseline active,7,6,22,1,"Last 7 games: 6/22, 1 HR","platoon edge; pitcher baseline 6.8% barrel, 9.7 HR allowed",fly-ball profile; pitcher fly-ball pressure modest,,
664023,Ian Happ,CHC,PIT,2026-09-13T18:20:00Z,Scheduled,4,Bubba Chandler,696149,R,S,11.03,0.1875,89.51,100.7396,0.4122,0.1909,0.3253,71.74,17.87,44.82,31.2,42.3,23.0,6.81,39.09,89.29,0.3814,0.1504,25.74,9.7,9.7,9.7,Wrigley Field,104,,,,No,Yes,4,Yes,Yes,RotoWire projected lineup; MLB probable pitchers,lineup projected / unconfirmed,H:2026/2025 P:2026/2025,,,Direct BvP not yet weighted; 2026/2025 Statcast baseline active,7,4,18,0,"Last 7 games: 4/18, 0 HR","switch hitter; pitcher baseline 6.8% barrel, 9.7 HR allowed",neutral batted-ball profile; pitcher fly-ball pressure modest,,
663538,Nico Hoerner,CHC,PIT,2026-09-13T18:20:00Z,Scheduled,5,Bubba Chandler,696149,R,R,1.77,0.0942,86.21,96.3469,0.3826,0.085,0.3234,68.33,1.76,32.66,21.7,29.6,7.7,6.81,39.09,89.29,0.3814,0.1504,25.74,9.7,9.7,9.7,Wrigley Field,104,,,,No,Yes,5,Yes,Yes,RotoWire projected lineup; MLB probable pitchers,lineup projected / unconfirmed,H:2026/2025 P:2026/2025,,,Direct BvP not yet weighted; 2026/2025 Statcast baseline active,7,10,29,0,Contact streak: 10/29 over last 7 games,"same-side matchup; pitcher baseline 6.8% barrel, 9.7 HR allowed",neutral batted-ball profile; pitcher fly-ball pressure modest,,
624424,Michael Conforto,CHC,PIT,2026-09-13T18:20:00Z,Scheduled,6,Bubba Chandler,696149,R,L,10.75,0.211,90.25,100.6636,0.4296,0.1938,0.3342,72.92,33.65,42.97,34.06,42.18,13.4,6.81,39.09,89.29,0.3814,0.1504,25.74,9.7,9.7,9.7,Wrigley Field,104,,,,No,Yes,6,Yes,Yes,RotoWire projected lineup; MLB probable pitchers,lineup projected / unconfirmed,H:2026/2025 P:2026/2025,,,Direct BvP not yet weighted; 2026/2025 Statcast baseline active,7,6,18,1,Contact streak: 6/18 over last 7 games,"platoon edge; pitcher baseline 6.8% barrel, 9.7 HR allowed",neutral batted-ball profile; pitcher fly-ball pressure modest,,
608348,Carson Kelly,CHC,PIT,2026-09-13T18:20:00Z,Scheduled,7,Bubba Chandler,696149,R,R,6.8,0.1433,87.82,98.8235,0.3872,0.1463,0.3147,70.61,7.98,41.46,26.41,37.99,12.1,6.81,39.09,89.29,0.3814,0.1504,25.74,9.7,9.7,9.7,Wrigley Field,104,,,,No,Yes,7,Yes,Yes,RotoWire projected lineup; MLB probable pitchers,lineup projected / unconfirmed,H:2026/2025 P:2026/2025,,,Direct BvP not yet weighted; 2026/2025 Statcast baseline active,7,5,22,0,"Last 7 games: 5/22, 0 HR","same-side matchup; pitcher baseline 6.8% barrel, 9.7 HR allowed",neutral batted-ball profile; pitcher fly-ball pressure modest,,
699393,Pedro Ramirez,CHC,PIT,2026-09-13T18:20:00Z,Scheduled,8,Bubba Chandler,696149,R,S,4.9,0.15,88.9,99.2496,0.356,0.109,0.289,72.3,22.3,41.4,22.8,39.5,5.0,6.81,39.09,89.29,0.3814,0.1504,25.74,9.7,9.7,9.7,Wrigley Field,104,,,,No,Yes,8,Yes,Yes,RotoWire projected lineup; MLB probable pitchers,lineup projected / unconfirmed,H:2026 P:2026/2025,,,Direct BvP not yet weighted; 2026/2025 Statcast baseline active,7,5,26,2,Hot streak: 2 HR in last 7 games,"switch hitter; pitcher baseline 6.8% barrel, 9.7 HR allowed",neutral batted-ball profile; pitcher fly-ball pressure modest,,
621438,Tyrone Taylor,CHC,PIT,2026-09-13T18:20:00Z,Scheduled,9,Bubba Chandler,696149,R,R,7.79,0.1919,86.71,98.2766,0.4088,0.156,0.3106,71.21,12.98,51.1,29.65,34.54,8.3,6.81,39.09,89.29,0.3814,0.1504,25.74,9.7,9.7,9.7,Wrigley Field,104,,,,No,Yes,9,Yes,Yes,RotoWire projected lineup; MLB probable pitchers,lineup projected / unconfirmed,H:2026/2025 P:2026/2025,,,Direct BvP not yet weighted; 2026/2025 Statcast baseline active,7,4,16,0,"Last 7 games: 4/16, 0 HR","same-side matchup; pitcher baseline 6.8% barrel, 9.7 HR allowed",neutral batted-ball profile; pitcher fly-ball pressure modest,,
695600,Carter Jensen,KC,BOS,2026-09-13T19:05:00Z,Scheduled,1,Payton Tolle,801139,L,L,14.64,0.2262,92.6,103.1296,0.4762,0.2242,0.3546,74.1,38.87,40.86,31.05,49.2,17.0,6.54,35.99,88.01,0.3497,0.1359,27.18,12.0,12.0,12.0,Fenway Park,102,,,,No,Yes,1,Yes,Yes,RotoWire projected lineup; MLB probable pitchers,lineup projected / unconfirmed,H:2026/2025 P:2026/2025,,,Direct BvP not yet weighted; 2026/2025 Statcast baseline active,7,6,26,2,Hot streak: 2 HR in last 7 games,"same-side matchup; pitcher baseline 6.5% barrel, 12.0 HR allowed",lift-pull EV profile; pitcher fly-ball pressure modest,,
677951,Bobby Witt,KC,BOS,2026-09-13T19:05:00Z,Scheduled,2,Payton Tolle,801139,L,R,12.22,0.1815,92.6,103.5002,0.5136,0.215,0.379,74.02,42.79,30.73,27.69,50.04,19.5,6.54,35.99,88.01,0.3497,0.1359,27.18,12.0,12.0,12.0,Fenway Park,102,,,,No,Yes,2,Yes,Yes,RotoWire projected lineup; MLB probable pitchers,lineup projected / unconfirmed,H:2026/2025 P:2026/2025,,,Direct BvP not yet weighted; 2026/2025 Statcast baseline active,7,6,27,1,"Last 7 games: 6/27, 1 HR","platoon edge; pitcher baseline 6.5% barrel, 12.0 HR allowed",EV profile; pitcher fly-ball pressure modest,,
521692,Salvador Perez,KC,BOS,2026-09-13T19:05:00Z,Scheduled,3,Payton Tolle,801139,L,R,11.58,0.1708,89.3,100.7563,0.4619,0.2086,0.3248,72.06,22.21,42.05,30.92,43.9,22.3,6.54,35.99,88.01,0.3497,0.1359,27.18,12.0,12.0,12.0,Fenway Park,102,,,,No,Yes,3,Yes,Yes,RotoWire projected lineup; MLB probable pitchers,lineup projected / unconfirmed,H:2026/2025 P:2026/2025,,,Direct BvP not yet weighted; 2026/2025 Statcast baseline active,7,10,28,1,Contact streak: 10/28 over last 7 games,"platoon edge; pitcher baseline 6.5% barrel, 12.0 HR allowed",neutral batted-ball profile; pitcher fly-ball pressure modest,,
686469,Vinnie Pasquantino,KC,BOS,2026-09-13T19:05:00Z,Scheduled,4,Payton Tolle,801139,L,L,8.84,0.1641,90.13,100.2152,0.4273,0.1756,0.3298,71.1,15.31,44.4,29.28,42.46,17.3,6.54,35.99,88.01,0.3497,0.1359,27.18,12.0,12.0,12.0,Fenway Park,102,,,,No,Yes,4,Yes,Yes,RotoWire projected lineup; MLB probable pitchers,lineup projected / unconfirmed,H:2026/2025 P:2026/2025,,,Direct BvP not yet weighted; 2026/2025 Statcast baseline active,7,6,27,1,"Last 7 games: 6/27, 1 HR","same-side matchup; pitcher baseline 6.5% barrel, 12.0 HR allowed",neutral batted-ball profile; pitcher fly-ball pressure modest,,
679845,Nick Loftin,KC,BOS,2026-09-13T19:05:00Z,Scheduled,5,Payton Tolle,801139,L,R,4.9,0.1476,87.22,96.9202,0.3436,0.1158,0.294,68.98,6.01,43.31,28.29,29.8,6.1,6.54,35.99,88.01,0.3497,0.1359,27.18,12.0,12.0,12.0,Fenway Park,102,,,,No,Yes,5,Yes,Yes,RotoWire projected lineup; MLB probable pitchers,lineup projected / unconfirmed,H:2026/2025 P:2026/2025,,,Direct BvP not yet weighted; 2026/2025 Statcast baseline active,7,5,27,0,"Last 7 games: 5/27, 0 HR","platoon edge; pitcher baseline 6.5% barrel, 12.0 HR allowed",neutral batted-ball profile; pitcher fly-ball pressure modest,,
686681,Michael Massey,KC,BOS,2026-09-13T19:05:00Z,Scheduled,6,Payton Tolle,801139,L,L,5.26,0.132,89.11,98.8405,0.395,0.143,0.2972,71.5,12.54,49.36,30.52,38.53,8.6,6.54,35.99,88.01,0.3497,0.1359,27.18,12.0,12.0,12.0,Fenway Park,102,,,,No,Yes,6,Yes,Yes,RotoWire projected lineup; MLB probable pitchers,lineup projected / unconfirmed,H:2026/2025 P:2026/2025,,,Direct BvP not yet weighted; 2026/2025 Statcast baseline active,7,8,26,0,"Last 7 games: 8/26, 0 HR","same-side matchup; pitcher baseline 6.5% barrel, 12.0 HR allowed",neutral batted-ball profile; pitcher fly-ball pressure modest,,
670231,John Rave,KC,BOS,2026-09-13T19:05:00Z,Scheduled,7,Payton Tolle,801139,L,L,8.65,0.1866,88.09,99.8141,0.3847,0.1493,0.3146,74.04,40.0,43.89,24.64,36.22,4.7,6.54,35.99,88.01,0.3497,0.1359,27.18,12.0,12.0,12.0,Fenway Park,102,,,,No,Yes,7,Yes,Yes,RotoWire projected lineup; MLB probable pitchers,lineup projected / unconfirmed,H:2026/2025 P:2026/2025,,,Direct BvP not yet weighted; 2026/2025 Statcast baseline active,7,5,22,2,Hot streak: 2 HR in last 7 games,"same-side matchup; pitcher baseline 6.5% barrel, 12.0 HR allowed",neutral batted-ball profile; pitcher fly-ball pressure modest,,
683090,Matthew Lugo,KC,BOS,2026-09-13T19:05:00Z,Scheduled,8,Payton Tolle,801139,L,R,3.99,0.0696,84.14,91.8319,0.1753,0.0598,0.1753,73.4,41.22,43.33,20.66,12.66,1.2,6.54,35.99,88.01,0.3497,0.1359,27.18,12.0,12.0,12.0,Fenway Park,102,,,,No,Yes,8,Yes,Yes,RotoWire projected lineup; MLB probable pitchers,lineup projected / unconfirmed,H:2026/2025 P:2026/2025,,,Direct BvP not yet weighted; 2026/2025 Statcast baseline active,7,1,10,0,"Last 7 games: 1/10, 0 HR","platoon edge; pitcher baseline 6.5% barrel, 12.0 HR allowed",neutral batted-ball profile; pitcher fly-ball pressure modest,,
664728,Kyle Isbel,KC,BOS,2026-09-13T19:05:00Z,Scheduled,9,Payton Tolle,801139,L,L,2.51,0.1064,88.15,98.8377,0.304,0.0791,0.258,71.17,13.13,33.3,19.99,33.58,5.4,6.54,35.99,88.01,0.3497,0.1359,27.18,12.0,12.0,12.0,Fenway Park,102,,,,No,Yes,9,Yes,Yes,RotoWire projected lineup; MLB probable pitchers,lineup projected / unconfirmed,H:2026/2025 P:2026/2025,,,Direct BvP not yet weighted; 2026/2025 Statcast baseline active,7,3,21,0,"Last 7 games: 3/21, 0 HR","same-side matchup; pitcher baseline 6.5% barrel, 12.0 HR allowed",neutral batted-ball profile; pitcher fly-ball pressure modest,,
701350,Roman Anthony,BOS,KC,2026-09-13T19:05:00Z,Scheduled,1,Noah Cameron,702070,L,L,13.64,0.1507,93.17,103.1979,0.4518,0.1903,0.3587,75.42,53.93,38.74,24.05,53.09,5.2,7.28,37.61,88.46,0.4012,0.1576,26.52,16.6,16.6,16.6,Fenway Park,102,,,,No,Yes,1,Yes,Yes,RotoWire projected lineup; MLB probable pitchers,lineup projected / unconfirmed,H:2026/2025 P:2026/2025,,,Direct BvP not yet weighted; 2026/2025 Statcast baseline active,7,5,31,1,"Last 7 games: 5/31, 1 HR","same-side matchup; pitcher baseline 7.3% barrel, 16.6 HR allowed",EV profile; pitcher fly-ball pressure modest,,
681508,Mickey Gasper,BOS,KC,2026-09-13T19:05:00Z,Scheduled,2,Noah Cameron,702070,L,S,7.46,0.1825,88.5,98.5541,0.3999,0.1636,0.3319,71.51,12.63,41.08,31.69,35.75,6.9,7.28,37.61,88.46,0.4012,0.1576,26.52,16.6,16.6,16.6,Fenway Park,102,,,,No,Yes,2,Yes,Yes,RotoWire projected lineup; MLB probable pitchers,lineup projected / unconfirmed,H:2026/2025 P:2026/2025,,,Direct BvP not yet weighted; 2026/2025 Statcast baseline active,7,4,22,2,Hot streak: 2 HR in last 7 games,"switch hitter; pitcher baseline 7.3% barrel, 16.6 HR allowed",neutral batted-ball profile; pitcher fly-ball pressure modest,,
668939,Adley Rutschman,BOS,KC,2026-09-13T19:05:00Z,Scheduled,3,Noah Cameron,702070,L,S,7.36,0.1733,88.84,99.3034,0.4191,0.1662,0.3334,70.42,11.86,39.17,29.43,39.23,11.1,7.28,37.61,88.46,0.4012,0.1576,26.52,16.6,16.6,16.6,Fenway Park,102,,,,No,Yes,3,Yes,Yes,RotoWire projected lineup; MLB probable pitchers,lineup projected / unconfirmed,H:2026/2025 P:2026/2025,,,Direct BvP not yet weighted; 2026/2025 Statcast baseline active,7,6,26,3,Hot streak: 3 HR in last 7 games,"switch hitter; pitcher baseline 7.3% barrel, 16.6 HR allowed",neutral batted-ball profile; pitcher fly-ball pressure modest,,
677800,Wilyer Abreu,BOS,KC,2026-09-13T19:05:00Z,Scheduled,4,Noah Cameron,702070,L,L,12.51,0.2136,90.1,101.3499,0.475,0.2236,0.3455,73.89,38.38,37.97,37.38,44.06,23.4,7.28,37.61,88.46,0.4012,0.1576,26.52,16.6,16.6,16.6,Fenway Park,102,,,,No,Yes,4,Yes,Yes,RotoWire projected lineup; MLB probable pitchers,lineup projected / unconfirmed,H:2026/2025 P:2026/2025,,,Direct BvP not yet weighted; 2026/2025 Statcast baseline active,7,6,24,1,"Last 7 games: 6/24, 1 HR","same-side matchup; pitcher baseline 7.3% barrel, 16.6 HR allowed",fly-ball profile; pitcher fly-ball pressure modest,,
596115,Trevor Story,BOS,KC,2026-09-13T19:05:00Z,Scheduled,5,Noah Cameron,702070,L,R,6.4,0.1245,88.74,99.7712,0.3503,0.1254,0.2676,70.96,13.68,42.79,23.97,40.7,9.6,7.28,37.61,88.46,0.4012,0.1576,26.52,16.6,16.6,16.6,Fenway Park,102,,,,No,Yes,5,Yes,Yes,RotoWire projected lineup; MLB probable pitchers,lineup projected / unconfirmed,H:2026/2025 P:2026/2025,,,Direct BvP not yet weighted; 2026/2025 Statcast baseline active,7,8,29,0,"Last 7 games: 8/29, 0 HR","platoon edge; pitcher baseline 7.3% barrel, 16.6 HR allowed",neutral batted-ball profile; pitcher fly-ball pressure modest,,
686765,Nick Sogard,BOS,KC,2026-09-13T19:05:00Z,Scheduled,6,Noah Cameron,702070,L,S,4.97,0.1183,86.49,96.9783,0.3638,0.1135,0.3125,68.78,3.61,44.33,23.81,31.06,2.8,7.28,37.61,88.46,0.4012,0.1576,26.52,16.6,16.6,16.6,Fenway Park,102,,,,No,Yes,6,Yes,Yes,RotoWire projected lineup; MLB probable pitchers,lineup projected / unconfirmed,H:2026/2025 P:2026/2025,,,Direct BvP not yet weighted; 2026/2025 Statcast baseline active,7,7,26,0,"Last 7 games: 7/26, 0 HR","switch hitter; pitcher baseline 7.3% barrel, 16.6 HR allowed",neutral batted-ball profile; pitcher fly-ball pressure modest,,
680776,Jarren Duran,BOS,KC,2026-09-13T19:05:00Z,Scheduled,7,Noah Cameron,702070,L,L,9.7,0.1671,90.47,102.0551,0.3967,0.1585,0.3071,74.98,50.03,38.27,23.7,42.46,18.8,7.28,37.61,88.46,0.4012,0.1576,26.52,16.6,16.6,16.6,Fenway Park,102,,,,No,Yes,7,Yes,Yes,RotoWire projected lineup; MLB probable pitchers,lineup projected / unconfirmed,H:2026/2025 P:2026/2025,,,Direct BvP not yet weighted; 2026/2025 Statcast baseline active,7,6,26,1,"Last 7 games: 6/26, 1 HR","same-side matchup; pitcher baseline 7.3% barrel, 16.6 HR allowed",neutral batted-ball profile; pitcher fly-ball pressure modest,,
702332,Caleb Durbin,BOS,KC,2026-09-13T19:05:00Z,Scheduled,8,Noah Cameron,702070,L,R,3.09,0.1303,83.87,95.5821,0.3291,0.0888,0.2952,68.81,4.88,40.39,19.75,25.78,11.7,7.28,37.61,88.46,0.4012,0.1576,26.52,16.6,16.6,16.6,Fenway Park,102,,,,No,Yes,8,Yes,Yes,RotoWire projected lineup; MLB probable pitchers,lineup projected / unconfirmed,H:2026/2025 P:2026/2025,,,Direct BvP not yet weighted; 2026/2025 Statcast baseline active,7,5,23,0,"Last 7 games: 5/23, 0 HR","platoon edge; pitcher baseline 7.3% barrel, 16.6 HR allowed",neutral batted-ball profile; pitcher fly-ball pressure modest,,
678011,Anthony Seigler,BOS,KC,2026-09-13T19:05:00Z,Scheduled,9,Noah Cameron,702070,L,S,4.55,0.1133,87.69,97.1811,0.3635,0.1216,0.3114,66.87,0.28,34.28,27.1,35.54,2.1,7.28,37.61,88.46,0.4012,0.1576,26.52,16.6,16.6,16.6,Fenway Park,102,,,,No,Yes,9,Yes,Yes,RotoWire projected lineup; MLB probable pitchers,lineup projected / unconfirmed,H:2026/2025 P:2026/2025,,,Direct BvP not yet weighted; 2026/2025 Statcast baseline active,7,3,13,0,"Last 7 games: 3/13, 0 HR","switch hitter; pitcher baseline 7.3% barrel, 16.6 HR allowed",neutral batted-ball profile; pitcher fly-ball pressure modest,,
641487,J.P. Crawford,SEA,ATH,2026-09-13T20:05:00Z,Scheduled,1,Jacob Lopez,682052,L,L,5.32,0.1141,87.55,98.0915,0.3629,0.1165,0.3238,71.28,18.67,35.28,21.21,34.56,10.6,6.39,31.1,85.01,0.3536,0.1429,35.28,17.8,17.8,17.8,Sutter Health Park,106,,,,No,Yes,1,Yes,Yes,RotoWire projected lineup; MLB probable pitchers,lineup projected / unconfirmed,H:2026/2025 P:2026/2025,,,Direct BvP not yet weighted; 2026/2025 Statcast baseline active,7,5,25,0,"Last 7 games: 5/25, 0 HR","same-side matchup; pitcher baseline 6.4% barrel, 17.8 HR allowed",neutral batted-ball profile; pitcher allows elevated contact,,
668227,Randy Arozarena,SEA,ATH,2026-09-13T20:05:00Z,Scheduled,2,Jacob Lopez,682052,L,R,8.84,0.1873,90.74,100.9306,0.4156,0.1676,0.3403,71.32,24.8,34.75,24.38,44.16,23.5,6.39,31.1,85.01,0.3536,0.1429,35.28,17.8,17.8,17.8,Sutter Health Park,106,,,,No,Yes,2,Yes,Yes,RotoWire projected lineup; MLB probable pitchers,lineup projected / unconfirmed,H:2026/2025 P:2026/2025,,,Direct BvP not yet weighted; 2026/2025 Statcast baseline active,7,8,25,1,Contact streak: 8/25 over last 7 games,"platoon edge; pitcher baseline 6.4% barrel, 17.8 HR allowed",neutral batted-ball profile; pitcher allows elevated contact,,
686527,Dominic Canzone,SEA,ATH,2026-09-13T20:05:00Z,Scheduled,3,Jacob Lopez,682052,L,L,12.82,0.2083,91.53,102.5654,0.4952,0.222,0.3585,73.94,41.43,39.69,26.09,46.13,18.0,6.39,31.1,85.01,0.3536,0.1429,35.28,17.8,17.8,17.8,Sutter Health Park,106,,,,No,Yes,3,Yes,Yes,RotoWire projected lineup; MLB probable pitchers,lineup projected / unconfirmed,H:2026/2025 P:2026/2025,,,Direct BvP not yet weighted; 2026/2025 Statcast baseline active,7,9,30,1,"Last 7 games: 9/30, 1 HR","same-side matchup; pitcher baseline 6.4% barrel, 17.8 HR allowed",neutral batted-ball profile; pitcher allows elevated contact,,
663728,Cal Raleigh,SEA,ATH,2026-09-13T20:05:00Z,Scheduled,4,Jacob Lopez,682052,L,S,16.14,0.2349,90.25,101.187,0.4427,0.2404,0.3304,75.06,52.11,53.66,42.01,42.18,32.7,6.39,31.1,85.01,0.3536,0.1429,35.28,17.8,17.8,17.8,Sutter Health Park,106,,,,No,Yes,4,Yes,Yes,RotoWire projected lineup; MLB probable pitchers,lineup projected / unconfirmed,H:2026/2025 P:2026/2025,,,Direct BvP not yet weighted; 2026/2025 Statcast baseline active,7,6,25,0,"Last 7 games: 6/25, 0 HR","switch hitter; pitcher baseline 6.4% barrel, 17.8 HR allowed",fly-ball profile; pitcher allows elevated contact,,
677594,Julio Rodriguez,SEA,ATH,2026-09-13T20:05:00Z,Scheduled,5,Jacob Lopez,682052,L,R,9.24,0.1706,90.68,102.8149,0.4531,0.1873,0.3377,76.61,66.57,38.49,25.91,45.48,24.3,6.39,31.1,85.01,0.3536,0.1429,35.28,17.8,17.8,17.8,Sutter Health Park,106,,,,No,Yes,5,Yes,Yes,RotoWire projected lineup; MLB probable pitchers,lineup projected / unconfirmed,H:2026/2025 P:2026/2025,,,Direct BvP not yet weighted; 2026/2025 Statcast baseline active,7,6,27,1,"Last 7 games: 6/27, 1 HR","platoon edge; pitcher baseline 6.4% barrel, 17.8 HR allowed",neutral batted-ball profile; pitcher allows elevated contact,,
647304,Josh Naylor,SEA,ATH,2026-09-13T20:05:00Z,Scheduled,6,Jacob Lopez,682052,L,L,5.16,0.1145,87.73,99.0327,0.3984,0.1289,0.3187,70.34,11.61,41.22,22.22,37.63,13.0,6.39,31.1,85.01,0.3536,0.1429,35.28,17.8,17.8,17.8,Sutter Health Park,106,,,,No,Yes,6,Yes,Yes,RotoWire projected lineup; MLB probable pitchers,lineup projected / unconfirmed,H:2026/2025 P:2026/2025,,,Direct BvP not yet weighted; 2026/2025 Statcast baseline active,7,6,26,0,"Last 7 games: 6/26, 0 HR","same-side matchup; pitcher baseline 6.4% barrel, 17.8 HR allowed",neutral batted-ball profile; pitcher allows elevated contact,,
702284,Cole Young,SEA,ATH,2026-09-13T20:05:00Z,Scheduled,7,Jacob Lopez,682052,L,L,5.18,0.1248,88.02,98.7485,0.3823,0.1324,0.311,71.51,21.51,42.05,26.52,35.65,12.4,6.39,31.1,85.01,0.3536,0.1429,35.28,17.8,17.8,17.8,Sutter Health Park,106,,,,No,Yes,7,Yes,Yes,RotoWire projected lineup; MLB probable pitchers,lineup projected / unconfirmed,H:2026/2025 P:2026/2025,,,Direct BvP not yet weighted; 2026/2025 Statcast baseline active,7,6,19,1,"Last 7 games: 6/19, 1 HR","same-side matchup; pitcher baseline 6.4% barrel, 17.8 HR allowed",neutral batted-ball profile; pitcher allows elevated contact,,
703197,Michael Arroyo,SEA,ATH,2026-09-13T20:05:00Z,Scheduled,8,Jacob Lopez,682052,L,R,0.0,0.0,78.2,79.7101,0.008,0.003,0.005,74.1,33.3,0.0,0.0,0.0,0.0,6.39,31.1,85.01,0.3536,0.1429,35.28,17.8,17.8,17.8,Sutter Health Park,106,,,,No,Yes,8,Yes,Yes,RotoWire projected lineup; MLB probable pitchers,lineup projected / unconfirmed,H:2026 P:2026/2025,,,Direct BvP not yet weighted; 2026/2025 Statcast baseline active,3,1,6,0,"Last 3 games: 1/6, 0 HR","platoon edge; pitcher baseline 6.4% barrel, 17.8 HR allowed",neutral batted-ball profile; pitcher allows elevated contact,,
642215,Weston Wilson,SEA,ATH,2026-09-13T20:05:00Z,Scheduled,9,Jacob Lopez,682052,L,R,6.31,0.1332,86.6,98.4942,0.3199,0.1179,0.2754,72.71,27.17,47.62,27.18,36.94,4.3,6.39,31.1,85.01,0.3536,0.1429,35.28,17.8,17.8,17.8,Sutter Health Park,106,,,,No,Yes,9,Yes,Yes,RotoWire projected lineup; MLB probable pitchers,lineup projected / unconfirmed,H:2026/2025 P:2026/2025,,,Direct BvP not yet weighted; 2026/2025 Statcast baseline active,7,2,15,0,"Last 7 games: 2/15, 0 HR","platoon edge; pitcher baseline 6.4% barrel, 17.8 HR allowed",neutral batted-ball profile; pitcher allows elevated contact,,
703607,Henry Bolte,ATH,SEA,2026-09-13T20:05:00Z,Scheduled,1,Bryce Miller,682243,R,R,7.6,0.125,90.8,104.3425,0.376,0.128,0.317,77.0,71.9,32.3,15.5,48.0,10.0,8.0,37.75,88.83,0.4024,0.1631,31.37,17.7,17.7,17.7,Sutter Health Park,106,,,,No,Yes,1,Yes,Yes,RotoWire projected lineup; MLB probable pitchers,lineup projected / unconfirmed,H:2026 P:2026/2025,,,Direct BvP not yet weighted; 2026/2025 Statcast baseline active,7,8,25,2,Hot streak: 2 HR in last 7 games,"same-side matchup; pitcher baseline 8.0% barrel, 17.7 HR allowed",neutral batted-ball profile; pitcher allows elevated contact,,
643446,Jeff McNeil,ATH,SEA,2026-09-13T20:05:00Z,Scheduled,2,Bryce Miller,682243,R,L,2.79,0.1232,86.85,96.6659,0.3768,0.1027,0.3132,69.37,5.86,43.84,23.82,31.22,9.2,8.0,37.75,88.83,0.4024,0.1631,31.37,17.7,17.7,17.7,Sutter Health Park,106,,,,No,Yes,2,Yes,Yes,RotoWire projected lineup; MLB probable pitchers,lineup projected / unconfirmed,H:2026/2025 P:2026/2025,,,Direct BvP not yet weighted; 2026/2025 Statcast baseline active,7,7,29,1,"Last 7 games: 7/29, 1 HR","platoon edge; pitcher baseline 8.0% barrel, 17.7 HR allowed",neutral batted-ball profile; pitcher allows elevated contact,,
671732,Lawrence Butler,ATH,SEA,2026-09-13T20:05:00Z,Scheduled,3,Bryce Miller,682243,R,L,8.22,0.1525,89.87,101.8451,0.3877,0.1486,0.3162,73.63,37.53,34.61,21.44,45.24,16.1,8.0,37.75,88.83,0.4024,0.1631,31.37,17.7,17.7,17.7,Sutter Health Park,106,,,,No,Yes,3,Yes,Yes,RotoWire projected lineup; MLB probable pitchers,lineup projected / unconfirmed,H:2026/2025 P:2026/2025,,,Direct BvP not yet weighted; 2026/2025 Statcast baseline active,7,4,26,2,Hot streak: 2 HR in last 7 games,"platoon edge; pitcher baseline 8.0% barrel, 17.7 HR allowed",neutral batted-ball profile; pitcher allows elevated contact,,
669127,Shea Langeliers,ATH,SEA,2026-09-13T20:05:00Z,Scheduled,4,Bryce Miller,682243,R,R,13.82,0.2418,91.53,102.5647,0.4983,0.2354,0.3528,74.78,49.38,40.44,30.61,45.39,25.4,8.0,37.75,88.83,0.4024,0.1631,31.37,17.7,17.7,17.7,Sutter Health Park,106,,,,No,Yes,4,Yes,Yes,RotoWire projected lineup; MLB probable pitchers,lineup projected / unconfirmed,H:2026/2025 P:2026/2025,,,Direct BvP not yet weighted; 2026/2025 Statcast baseline active,7,9,25,1,Contact streak: 9/25 over last 7 games,"same-side matchup; pitcher baseline 8.0% barrel, 17.7 HR allowed",neutral batted-ball profile; pitcher allows elevated contact,,
622268,Donovan Walton,ATH,SEA,2026-09-13T20:05:00Z,Scheduled,5,Bryce Miller,682243,R,L,3.57,0.1323,88.96,97.5344,0.3793,0.1124,0.3216,67.92,0.35,36.51,21.88,34.7,4.9,8.0,37.75,88.83,0.4024,0.1631,31.37,17.7,17.7,17.7,Sutter Health Park,106,,,,No,Yes,5,Yes,Yes,RotoWire projected lineup; MLB probable pitchers,lineup projected / unconfirmed,H:2026/2025 P:2026/2025,,,Direct BvP not yet weighted; 2026/2025 Statcast baseline active,7,6,20,2,Hot streak: 2 HR in last 7 games,"platoon edge; pitcher baseline 8.0% barrel, 17.7 HR allowed",neutral batted-ball profile; pitcher allows elevated contact,,
680869,Zack Gelof,ATH,SEA,2026-09-13T20:05:00Z,Scheduled,6,Bryce Miller,682243,R,R,10.19,0.1722,88.94,99.8453,0.3774,0.1739,0.2813,73.22,27.01,39.25,28.43,43.91,12.5,8.0,37.75,88.83,0.4024,0.1631,31.37,17.7,17.7,17.7,Sutter Health Park,106,,,,No,Yes,6,Yes,Yes,RotoWire projected lineup; MLB probable pitchers,lineup projected / unconfirmed,H:2026/2025 P:2026/2025,,,Direct BvP not yet weighted; 2026/2025 Statcast baseline active,7,3,26,0,"Last 7 games: 3/26, 0 HR","same-side matchup; pitcher baseline 8.0% barrel, 17.7 HR allowed",neutral batted-ball profile; pitcher allows elevated contact,,
666126,Carlos Cortes,ATH,SEA,2026-09-13T20:05:00Z,Scheduled,7,Bryce Miller,682243,R,L,7.17,0.1689,88.89,99.3495,0.3933,0.1413,0.3077,70.76,14.34,30.97,22.03,38.54,7.5,8.0,37.75,88.83,0.4024,0.1631,31.37,17.7,17.7,17.7,Sutter Health Park,106,,,,No,Yes,7,Yes,Yes,RotoWire projected lineup; MLB probable pitchers,lineup projected / unconfirmed,H:2026/2025 P:2026/2025,,,Direct BvP not yet weighted; 2026/2025 Statcast baseline active,7,5,21,1,"Last 7 games: 5/21, 1 HR","platoon edge; pitcher baseline 8.0% barrel, 17.7 HR allowed",neutral batted-ball profile; pitcher allows elevated contact,,
641680,Jonah Heim,ATH,SEA,2026-09-13T20:05:00Z,Scheduled,8,Bryce Miller,682243,R,S,6.38,0.1554,88.03,97.8362,0.3621,0.1368,0.2851,69.77,9.31,40.42,27.62,33.1,12.4,8.0,37.75,88.83,0.4024,0.1631,31.37,17.7,17.7,17.7,Sutter Health Park,106,,,,No,Yes,8,Yes,Yes,RotoWire projected lineup; MLB probable pitchers,lineup projected / unconfirmed,H:2026/2025 P:2026/2025,,,Direct BvP not yet weighted; 2026/2025 Statcast baseline active,7,4,25,0,"Last 7 games: 4/25, 0 HR","switch hitter; pitcher baseline 8.0% barrel, 17.7 HR allowed",neutral batted-ball profile; pitcher allows elevated contact,,
675961,Alika Williams,ATH,SEA,2026-09-13T20:05:00Z,Scheduled,9,Bryce Miller,682243,R,R,0.7,0.156,84.5,96.919,0.286,0.075,0.239,69.3,3.3,40.0,22.8,32.6,4.0,8.0,37.75,88.83,0.4024,0.1631,31.37,17.7,17.7,17.7,Sutter Health Park,106,,,,No,Yes,9,Yes,Yes,RotoWire projected lineup; MLB probable pitchers,lineup projected / unconfirmed,H:2026 P:2026/2025,,,Direct BvP not yet weighted; 2026/2025 Statcast baseline active,7,2,19,0,"Last 7 games: 2/19, 0 HR","same-side matchup; pitcher baseline 8.0% barrel, 17.7 HR allowed",neutral batted-ball profile; pitcher allows elevated contact,,
592626,Joc Pederson,TEX,AZ,2026-09-13T20:10:00Z,Scheduled,1,Eduardo Rodriguez,593958,L,L,10.76,0.2205,91.83,102.03,0.4308,0.1957,0.3353,72.53,25.69,43.46,30.52,49.21,20.9,7.64,33.66,87.57,0.4202,0.165,27.05,18.0,18.0,18.0,Chase Field,101,,,,No,Yes,1,Yes,Yes,RotoWire projected lineup; MLB probable pitchers,lineup projected / unconfirmed,H:2026/2025 P:2026/2025,,,Direct BvP not yet weighted; 2026/2025 Statcast baseline active,7,4,16,2,Hot streak: 2 HR in last 7 games,"same-side matchup; pitcher baseline 7.6% barrel, 18.0 HR allowed",neutral batted-ball profile; pitcher fly-ball pressure modest,,
608369,Corey Seager,TEX,AZ,2026-09-13T20:10:00Z,Scheduled,2,Eduardo Rodriguez,593958,L,L,15.09,0.2048,91.99,102.4354,0.5053,0.2462,0.365,71.8,15.09,40.57,31.13,49.61,18.2,7.64,33.66,87.57,0.4202,0.165,27.05,18.0,18.0,18.0,Chase Field,101,,,,No,Yes,2,Yes,Yes,RotoWire projected lineup; MLB probable pitchers,lineup projected / unconfirmed,H:2026/2025 P:2026/2025,,,Direct BvP not yet weighted; 2026/2025 Statcast baseline active,7,6,29,3,Hot streak: 3 HR in last 7 games,"same-side matchup; pitcher baseline 7.6% barrel, 18.0 HR allowed",neutral batted-ball profile; pitcher fly-ball pressure modest,,
673962,Josh Jung,TEX,AZ,2026-09-13T20:10:00Z,Scheduled,3,Eduardo Rodriguez,593958,L,R,6.9,0.1446,90.21,100.4188,0.4266,0.1529,0.3341,70.41,7.76,37.69,22.87,47.82,10.5,7.64,33.66,87.57,0.4202,0.165,27.05,18.0,18.0,18.0,Chase Field,101,,,,No,Yes,3,Yes,Yes,RotoWire projected lineup; MLB probable pitchers,lineup projected / unconfirmed,H:2026/2025 P:2026/2025,,,Direct BvP not yet weighted; 2026/2025 Statcast baseline active,7,8,26,0,"Last 7 games: 8/26, 0 HR","platoon edge; pitcher baseline 7.6% barrel, 18.0 HR allowed",neutral batted-ball profile; pitcher fly-ball pressure modest,,
607043,Brandon Nimmo,TEX,AZ,2026-09-13T20:10:00Z,Scheduled,4,Eduardo Rodriguez,593958,L,L,9.36,0.1572,92.11,102.0937,0.447,0.1796,0.3406,72.34,27.81,33.59,25.56,50.9,17.3,7.64,33.66,87.57,0.4202,0.165,27.05,18.0,18.0,18.0,Chase Field,101,,,,No,Yes,4,Yes,Yes,RotoWire projected lineup; MLB probable pitchers,lineup projected / unconfirmed,H:2026/2025 P:2026/2025,,,Direct BvP not yet weighted; 2026/2025 Statcast baseline active,7,5,29,0,"Last 7 games: 5/29, 0 HR","same-side matchup; pitcher baseline 7.6% barrel, 18.0 HR allowed",EV profile; pitcher fly-ball pressure modest,,
677649,Ezequiel Duran,TEX,AZ,2026-09-13T20:10:00Z,Scheduled,5,Eduardo Rodriguez,593958,L,R,5.19,0.1432,87.89,99.0878,0.3524,0.1167,0.2876,72.34,24.8,35.03,22.35,36.15,11.9,7.64,33.66,87.57,0.4202,0.165,27.05,18.0,18.0,18.0,Chase Field,101,,,,No,Yes,5,Yes,Yes,RotoWire projected lineup; MLB probable pitchers,lineup projected / unconfirmed,H:2026/2025 P:2026/2025,,,Direct BvP not yet weighted; 2026/2025 Statcast baseline active,7,4,29,0,"Last 7 games: 4/29, 0 HR","platoon edge; pitcher baseline 7.6% barrel, 18.0 HR allowed",neutral batted-ball profile; pitcher fly-ball pressure modest,,
694671,Wyatt Langford,TEX,AZ,2026-09-13T20:10:00Z,Scheduled,6,Eduardo Rodriguez,593958,L,R,8.75,0.1914,89.65,100.365,0.4046,0.1694,0.3236,72.89,27.85,42.96,30.04,40.21,17.8,7.64,33.66,87.57,0.4202,0.165,27.05,18.0,18.0,18.0,Chase Field,101,,,,No,Yes,6,Yes,Yes,RotoWire projected lineup; MLB probable pitchers,lineup projected / unconfirmed,H:2026/2025 P:2026/2025,,,Direct BvP not yet weighted; 2026/2025 Statcast baseline active,7,4,24,2,Hot streak: 2 HR in last 7 games,"platoon edge; pitcher baseline 7.6% barrel, 18.0 HR allowed",neutral batted-ball profile; pitcher fly-ball pressure modest,,
669394,Jake Burger,TEX,AZ,2026-09-13T20:10:00Z,Scheduled,7,Eduardo Rodriguez,593958,L,R,12.85,0.1921,90.26,102.8209,0.4423,0.2047,0.3205,75.37,58.21,41.18,28.6,47.31,23.0,7.64,33.66,87.57,0.4202,0.165,27.05,18.0,18.0,18.0,Chase Field,101,,,,No,Yes,7,Yes,Yes,RotoWire projected lineup; MLB probable pitchers,lineup projected / unconfirmed,H:2026/2025 P:2026/2025,,,Direct BvP not yet weighted; 2026/2025 Statcast baseline active,7,5,24,3,Hot streak: 3 HR in last 7 games,"platoon edge; pitcher baseline 7.6% barrel, 18.0 HR allowed",neutral batted-ball profile; pitcher fly-ball pressure modest,,
670032,Nicky Lopez,TEX,AZ,2026-09-13T20:10:00Z,Scheduled,8,Eduardo Rodriguez,593958,L,L,0.0,0.0294,84.59,95.096,0.2606,0.0405,0.2519,66.65,1.31,32.96,12.35,26.98,0.7,7.64,33.66,87.57,0.4202,0.165,27.05,18.0,18.0,18.0,Chase Field,101,,,,No,Yes,8,Yes,Yes,RotoWire projected lineup; MLB probable pitchers,lineup projected / unconfirmed,H:2026/2025 P:2026/2025,,,Direct BvP not yet weighted; 2026/2025 Statcast baseline active,7,6,12,0,Contact streak: 6/12 over last 7 games,"same-side matchup; pitcher baseline 7.6% barrel, 18.0 HR allowed",neutral batted-ball profile; pitcher fly-ball pressure modest,,
553869,Elias Diaz,TEX,AZ,2026-09-13T20:10:00Z,Scheduled,9,Eduardo Rodriguez,593958,L,R,8.79,0.1578,88.05,100.487,0.3543,0.139,0.2701,74.34,43.58,37.58,27.1,39.89,7.6,7.64,33.66,87.57,0.4202,0.165,27.05,18.0,18.0,18.0,Chase Field,101,,,,No,Yes,9,Yes,Yes,RotoWire projected lineup; MLB probable pitchers,lineup projected / unconfirmed,H:2026/2025 P:2026/2025,,,Direct BvP not yet weighted; 2026/2025 Statcast baseline active,7,6,17,1,Contact streak: 6/17 over last 7 games,"platoon edge; pitcher baseline 7.6% barrel, 18.0 HR allowed",neutral batted-ball profile; pitcher fly-ball pressure modest,,
665487,Fernando Tatis,SD,SF,2026-09-13T23:20:00Z,Scheduled,1,Logan Webb,657277,R,R,11.98,0.1703,93.09,104.458,0.4859,0.1974,0.3721,75.65,58.26,34.94,21.8,53.34,21.5,6.41,39.29,88.65,0.384,0.1289,19.21,12.6,12.6,12.6,Oracle Park,85,,,,No,Yes,1,Yes,Yes,RotoWire projected lineup; MLB probable pitchers,lineup projected / unconfirmed,H:2026/2025 P:2026/2025,,,Direct BvP not yet weighted; 2026/2025 Statcast baseline active,7,10,26,2,Hot streak: 2 HR in last 7 games,"same-side matchup; pitcher baseline 6.4% barrel, 12.6 HR allowed",EV profile; pitcher fly-ball pressure modest,,
687957,Dustin Harris,SD,SF,2026-09-13T23:20:00Z,Scheduled,2,Logan Webb,657277,R,L,2.16,0.1017,85.78,94.8775,0.3436,0.0876,0.2989,66.82,2.31,48.76,23.94,20.72,0.3,6.41,39.29,88.65,0.384,0.1289,19.21,12.6,12.6,12.6,Oracle Park,85,,,,No,Yes,2,Yes,Yes,RotoWire projected lineup; MLB probable pitchers,lineup projected / unconfirmed,H:2026/2025 P:2026/2025,,,Direct BvP not yet weighted; 2026/2025 Statcast baseline active,7,4,18,0,"Last 7 games: 4/18, 0 HR","platoon edge; pitcher baseline 6.4% barrel, 12.6 HR allowed",neutral batted-ball profile; pitcher fly-ball pressure modest,,
592518,Manny Machado,SD,SF,2026-09-13T23:20:00Z,Scheduled,3,Logan Webb,657277,R,R,10.73,0.1878,91.15,101.8877,0.4474,0.1918,0.3407,74.64,44.79,39.1,28.08,46.6,26.3,6.41,39.29,88.65,0.384,0.1289,19.21,12.6,12.6,12.6,Oracle Park,85,,,,No,Yes,3,Yes,Yes,RotoWire projected lineup; MLB probable pitchers,lineup projected / unconfirmed,H:2026/2025 P:2026/2025,,,Direct BvP not yet weighted; 2026/2025 Statcast baseline active,7,6,25,2,Hot streak: 2 HR in last 7 games,"same-side matchup; pitcher baseline 6.4% barrel, 12.6 HR allowed",neutral batted-ball profile; pitcher fly-ball pressure modest,,
669134,Luis Campusano,SD,SF,2026-09-13T23:20:00Z,Scheduled,4,Logan Webb,657277,R,R,6.86,0.1288,87.87,98.5477,0.3186,0.1211,0.3032,72.89,29.5,46.7,20.78,36.72,4.9,6.41,39.29,88.65,0.384,0.1289,19.21,12.6,12.6,12.6,Oracle Park,85,,,,No,Yes,4,Yes,Yes,RotoWire projected lineup; MLB probable pitchers,lineup projected / unconfirmed,H:2026/2025 P:2026/2025,,,Direct BvP not yet weighted; 2026/2025 Statcast baseline active,7,7,26,1,"Last 7 games: 7/26, 1 HR","same-side matchup; pitcher baseline 6.4% barrel, 12.6 HR allowed",neutral batted-ball profile; pitcher fly-ball pressure modest,,
701538,Jackson Merrill,SD,SF,2026-09-13T23:20:00Z,Scheduled,5,Logan Webb,657277,R,L,12.72,0.1881,90.82,101.0926,0.4893,0.2235,0.3456,72.88,27.68,37.07,30.48,46.61,21.6,6.41,39.29,88.65,0.384,0.1289,19.21,12.6,12.6,12.6,Oracle Park,85,,,,No,Yes,5,Yes,Yes,RotoWire projected lineup; MLB probable pitchers,lineup projected / unconfirmed,H:2026/2025 P:2026/2025,,,Direct BvP not yet weighted; 2026/2025 Statcast baseline active,7,11,27,3,Hot streak: 3 HR in last 7 games,"platoon edge; pitcher baseline 6.4% barrel, 12.6 HR allowed",neutral batted-ball profile; pitcher fly-ball pressure modest,,
669720,Austin Hays,SD,SF,2026-09-13T23:20:00Z,Scheduled,6,Logan Webb,657277,R,R,5.46,0.1233,87.19,99.2545,0.3785,0.1158,0.2902,72.6,23.86,49.1,21.3,40.71,5.9,6.41,39.29,88.65,0.384,0.1289,19.21,12.6,12.6,12.6,Oracle Park,85,,,,No,Yes,6,Yes,Yes,RotoWire projected lineup; MLB probable pitchers,lineup projected / unconfirmed,H:2026/2025 P:2026/2025,,,Direct BvP not yet weighted; 2026/2025 Statcast baseline active,7,6,13,0,Contact streak: 6/13 over last 7 games,"same-side matchup; pitcher baseline 6.4% barrel, 12.6 HR allowed",neutral batted-ball profile; pitcher fly-ball pressure modest,,
593428,Xander Bogaerts,SD,SF,2026-09-13T23:20:00Z,Scheduled,7,Logan Webb,657277,R,R,6.13,0.1091,89.14,100.0827,0.3829,0.132,0.3221,72.31,27.94,43.24,23.76,40.46,11.0,6.41,39.29,88.65,0.384,0.1289,19.21,12.6,12.6,12.6,Oracle Park,85,,,,No,Yes,7,Yes,Yes,RotoWire projected lineup; MLB probable pitchers,lineup projected / unconfirmed,H:2026/2025 P:2026/2025,,,Direct BvP not yet weighted; 2026/2025 Statcast baseline active,7,8,26,0,"Last 7 games: 8/26, 0 HR","same-side matchup; pitcher baseline 6.4% barrel, 12.6 HR allowed",neutral batted-ball profile; pitcher fly-ball pressure modest,,
630105,Jake Cronenworth,SD,SF,2026-09-13T23:20:00Z,Scheduled,8,Logan Webb,657277,R,L,3.89,0.096,87.38,97.6166,0.311,0.0965,0.2847,71.32,17.04,31.61,24.4,31.44,6.8,6.41,39.29,88.65,0.384,0.1289,19.21,12.6,12.6,12.6,Oracle Park,85,,,,No,Yes,8,Yes,Yes,RotoWire projected lineup; MLB probable pitchers,lineup projected / unconfirmed,H:2026/2025 P:2026/2025,,,Direct BvP not yet weighted; 2026/2025 Statcast baseline active,7,3,24,1,"Last 7 games: 3/24, 1 HR","platoon edge; pitcher baseline 6.4% barrel, 12.6 HR allowed",neutral batted-ball profile; pitcher fly-ball pressure modest,,
669392,Samad Taylor,SD,SF,2026-09-13T23:20:00Z,Scheduled,9,Logan Webb,657277,R,R,1.82,0.0553,81.79,93.8698,0.2993,0.0633,0.267,68.53,2.8,29.06,13.62,20.83,0.7,6.41,39.29,88.65,0.384,0.1289,19.21,12.6,12.6,12.6,Oracle Park,85,,,,No,Yes,9,Yes,Yes,RotoWire projected lineup; MLB probable pitchers,lineup projected / unconfirmed,H:2026/2025 P:2026/2025,,,Direct BvP not yet weighted; 2026/2025 Statcast baseline active,7,4,23,0,"Last 7 games: 4/23, 0 HR","same-side matchup; pitcher baseline 6.4% barrel, 12.6 HR allowed",neutral batted-ball profile; pitcher fly-ball pressure modest,,
687551,Drew Gilbert,SF,SD,2026-09-13T23:20:00Z,Scheduled,1,Nick Pivetta,601713,R,L,5.11,0.1453,86.46,98.1839,0.3703,0.1279,0.3078,70.45,10.2,41.05,19.9,35.8,6.5,8.73,36.81,88.34,0.3393,0.1435,31.97,6.6,6.6,6.6,Oracle Park,85,,,,No,Yes,1,Yes,Yes,RotoWire projected lineup; MLB probable pitchers,lineup projected / unconfirmed,H:2026/2025 P:2026/2025,,,Direct BvP not yet weighted; 2026/2025 Statcast baseline active,7,5,20,1,"Last 7 games: 5/20, 1 HR","platoon edge; pitcher baseline 8.7% barrel, 6.6 HR allowed",neutral batted-ball profile; pitcher allows elevated contact,,
646240,Rafael Devers,SF,SD,2026-09-13T23:20:00Z,Scheduled,2,Nick Pivetta,601713,R,L,13.41,0.2529,93.15,103.333,0.4751,0.235,0.3488,71.81,20.58,34.33,33.67,53.09,35.7,8.73,36.81,88.34,0.3393,0.1435,31.97,6.6,6.6,6.6,Oracle Park,85,,,,No,Yes,2,Yes,Yes,RotoWire projected lineup; MLB probable pitchers,lineup projected / unconfirmed,H:2026/2025 P:2026/2025,,,Direct BvP not yet weighted; 2026/2025 Statcast baseline active,7,10,27,5,Hot streak: 5 HR in last 7 games,"platoon edge; pitcher baseline 8.7% barrel, 6.6 HR allowed",EV profile; pitcher allows elevated contact,,
805811,Bryce Eldridge,SF,SD,2026-09-13T23:20:00Z,Scheduled,3,Nick Pivetta,601713,R,L,15.41,0.1546,93.5,103.2925,0.4778,0.2428,0.3594,72.86,28.01,37.15,36.77,57.39,11.2,8.73,36.81,88.34,0.3393,0.1435,31.97,6.6,6.6,6.6,Oracle Park,85,,,,No,Yes,3,Yes,Yes,RotoWire projected lineup; MLB probable pitchers,lineup projected / unconfirmed,H:2026/2025 P:2026/2025,,,Direct BvP not yet weighted; 2026/2025 Statcast baseline active,7,9,27,1,Contact streak: 9/27 over last 7 games,"platoon edge; pitcher baseline 8.7% barrel, 6.6 HR allowed",EV profile; pitcher allows elevated contact,,
813841,Jonah Cox,SF,SD,2026-09-13T23:20:00Z,Scheduled,4,Nick Pivetta,601713,R,R,7.9,0.183,90.1,99.7209,0.351,0.148,0.263,69.1,7.1,22.2,28.6,41.3,4.0,8.73,36.81,88.34,0.3393,0.1435,31.97,6.6,6.6,6.6,Oracle Park,85,,,,No,Yes,4,Yes,Yes,RotoWire projected lineup; MLB probable pitchers,lineup projected / unconfirmed,H:2026 P:2026/2025,,,Direct BvP not yet weighted; 2026/2025 Statcast baseline active,7,7,28,0,"Last 7 games: 7/28, 0 HR","same-side matchup; pitcher baseline 8.7% barrel, 6.6 HR allowed",neutral batted-ball profile; pitcher allows elevated contact,,
806367,Turner Hill,SF,SD,2026-09-13T23:20:00Z,Scheduled,5,Nick Pivetta,601713,R,L,3.5,0.089,86.9,96.4159,0.352,0.113,0.319,65.7,0.9,50.9,22.8,31.6,0.0,8.73,36.81,88.34,0.3393,0.1435,31.97,6.6,6.6,6.6,Oracle Park,85,,,,No,Yes,5,Yes,Yes,RotoWire projected lineup; MLB probable pitchers,lineup projected / unconfirmed,H:2026 P:2026/2025,,,Direct BvP not yet weighted; 2026/2025 Statcast baseline active,7,3,27,0,"Last 7 games: 3/27, 0 HR","platoon edge; pitcher baseline 8.7% barrel, 6.6 HR allowed",neutral batted-ball profile; pitcher allows elevated contact,,
808982,Jung Hoo Lee,SF,SD,2026-09-13T23:20:00Z,Scheduled,6,Nick Pivetta,601713,R,L,2.79,0.1305,87.45,96.9805,0.385,0.0996,0.3182,68.37,3.4,38.11,22.73,31.72,8.7,8.73,36.81,88.34,0.3393,0.1435,31.97,6.6,6.6,6.6,Oracle Park,85,,,,No,Yes,6,Yes,Yes,RotoWire projected lineup; MLB probable pitchers,lineup projected / unconfirmed,H:2026/2025 P:2026/2025,,,Direct BvP not yet weighted; 2026/2025 Statcast baseline active,7,5,26,0,"Last 7 games: 5/26, 0 HR","platoon edge; pitcher baseline 8.7% barrel, 6.6 HR allowed",neutral batted-ball profile; pitcher allows elevated contact,,
694376,Shay Whitcomb,SF,SD,2026-09-13T23:20:00Z,Scheduled,7,Nick Pivetta,601713,R,R,10.24,0.1374,85.83,97.4675,0.3475,0.1611,0.2372,71.66,17.78,42.09,27.09,29.61,2.4,8.73,36.81,88.34,0.3393,0.1435,31.97,6.6,6.6,6.6,Oracle Park,85,,,,No,Yes,7,Yes,Yes,RotoWire projected lineup; MLB probable pitchers,lineup projected / unconfirmed,H:2026/2025 P:2026/2025,,,Direct BvP not yet weighted; 2026/2025 Statcast baseline active,7,6,23,1,"Last 7 games: 6/23, 1 HR","same-side matchup; pitcher baseline 8.7% barrel, 6.6 HR allowed",neutral batted-ball profile; pitcher allows elevated contact,,
701852,Drew Cavanaugh,SF,SD,2026-09-13T23:20:00Z,Scheduled,8,Nick Pivetta,601713,R,L,4.7,0.024,85.1,98.0193,0.361,0.107,0.314,69.1,4.7,27.6,19.5,28.7,0.0,8.73,36.81,88.34,0.3393,0.1435,31.97,6.6,6.6,6.6,Oracle Park,85,,,,No,Yes,8,Yes,Yes,RotoWire projected lineup; MLB probable pitchers,lineup projected / unconfirmed,H:2026 P:2026/2025,,,Direct BvP not yet weighted; 2026/2025 Statcast baseline active,7,4,16,1,"Last 7 games: 4/16, 1 HR","platoon edge; pitcher baseline 8.7% barrel, 6.6 HR allowed",neutral batted-ball profile; pitcher allows elevated contact,,
683766,Christian Koss,SF,SD,2026-09-13T23:20:00Z,Scheduled,9,Nick Pivetta,601713,R,R,5.37,0.1075,85.01,97.4617,0.332,0.1026,0.2718,69.79,6.28,39.77,19.54,30.1,3.7,8.73,36.81,88.34,0.3393,0.1435,31.97,6.6,6.6,6.6,Oracle Park,85,,,,No,Yes,9,Yes,Yes,RotoWire projected lineup; MLB probable pitchers,lineup projected / unconfirmed,H:2026/2025 P:2026/2025,,,Direct BvP not yet weighted; 2026/2025 Statcast baseline active,7,8,20,3,Hot streak: 3 HR in last 7 games,"same-side matchup; pitcher baseline 8.7% barrel, 6.6 HR allowed",neutral batted-ball profile; pitcher allows elevated contact,,
