hitter_id,player,team,opponent,game_start_time,game_status,batting_order,pitcher,pitcher_id,pitcher_hand,hitter_hand,barrel_pct,iso,avg_exit_velocity,ev50,xslg,xiso,xwoba,bat_speed,fast_swing_pct,pull_pct,fb_pct,hard_hit_pct,hr_total,pitcher_barrel_pct_allowed,pitcher_hard_hit_pct_allowed,pitcher_avg_exit_velocity_allowed,pitcher_xslg_allowed,pitcher_xiso_allowed,pitcher_fb_pct_allowed,pitcher_hr_allowed,pitcher_hr_allowed_vs_lhh,pitcher_hr_allowed_vs_rhh,ballpark,park_hr_factor,weather_temp,wind_speed,wind_direction,confirmed_lineup,rotowire_confirmed_lineup,rotowire_batting_order,rotowire_player_found,lineup_disagreement,lineup_sources_used,source_warnings,stat_years_used,bvp_pa,bvp_hr,bvp_note,recent_games,recent_hits,recent_abs,recent_hr,recent_form_note,split_matchup_note,pitch_mix_note,public_attention,odds
687551,Drew Gilbert,SF,ATL,2026-08-31T22:05:00Z,In Progress,1,Bryce Elder,693821,R,L,5.32,0.1509,86.74,98.1806,0.378,0.1321,0.3134,70.52,10.2,41.61,20.53,35.73,6.5,6.68,40.93,89.93,0.4102,0.1547,26.22,22.6,22.6,22.6,Truist Park,106,92,5,Out To RF,Yes,Yes,1,Yes,No,MLB Stats API; RotoWire,,H:2026/2025 P:2026/2025,,,Direct BvP not yet weighted; 2026/2025 Statcast baseline active,7,3,16,1,"Last 7 games: 3/16, 1 HR","platoon edge; pitcher baseline 6.7% barrel, 22.6 HR allowed",neutral batted-ball profile; pitcher fly-ball pressure modest,,
646240,Rafael Devers,SF,ATL,2026-08-31T22:05:00Z,In Progress,2,Bryce Elder,693821,R,L,12.57,0.2319,93.01,103.1508,0.4618,0.2252,0.3411,71.81,20.44,33.91,33.46,52.18,30.8,6.68,40.93,89.93,0.4102,0.1547,26.22,22.6,22.6,22.6,Truist Park,106,92,5,Out To RF,Yes,Yes,2,Yes,No,MLB Stats API; RotoWire,,H:2026/2025 P:2026/2025,,,Direct BvP not yet weighted; 2026/2025 Statcast baseline active,7,11,25,3,Hot streak: 3 HR in last 7 games,"platoon edge; pitcher baseline 6.7% barrel, 22.6 HR allowed",EV profile; pitcher fly-ball pressure modest,,
805811,Bryce Eldridge,SF,ATL,2026-08-31T22:05:00Z,In Progress,3,Bryce Elder,693821,R,L,15.83,0.1546,93.43,103.3383,0.4806,0.2491,0.3573,73.0,28.57,38.41,37.54,57.32,10.5,6.68,40.93,89.93,0.4102,0.1547,26.22,22.6,22.6,22.6,Truist Park,106,92,5,Out To RF,Yes,Yes,3,Yes,No,MLB Stats API; RotoWire,,H:2026/2025 P:2026/2025,,,Direct BvP not yet weighted; 2026/2025 Statcast baseline active,7,11,26,1,Contact streak: 11/26 over last 7 games,"platoon edge; pitcher baseline 6.7% barrel, 22.6 HR allowed",lift-pull EV profile; pitcher fly-ball pressure modest,,
813841,Jonah Cox,SF,ATL,2026-08-31T22:05:00Z,In Progress,4,Bryce Elder,693821,R,R,12.9,0.241,92.0,100.4072,0.396,0.189,0.276,69.2,7.5,12.9,41.9,45.2,3.0,6.68,40.93,89.93,0.4102,0.1547,26.22,22.6,22.6,22.6,Truist Park,106,92,5,Out To RF,Yes,Yes,4,Yes,No,MLB Stats API; RotoWire,,H:2026 P:2026/2025,,,Direct BvP not yet weighted; 2026/2025 Statcast baseline active,7,5,14,1,Contact streak: 5/14 over last 7 games,"same-side matchup; pitcher baseline 6.7% barrel, 22.6 HR allowed",EV profile; pitcher fly-ball pressure modest,,
808982,Jung Hoo Lee,SF,ATL,2026-08-31T22:05:00Z,In Progress,5,Bryce Elder,693821,R,L,2.93,0.1347,87.24,96.8401,0.3864,0.0982,0.3196,68.37,3.61,37.62,22.73,30.95,8.7,6.68,40.93,89.93,0.4102,0.1547,26.22,22.6,22.6,22.6,Truist Park,106,92,5,Out To RF,Yes,Yes,5,Yes,No,MLB Stats API; RotoWire,,H:2026/2025 P:2026/2025,,,Direct BvP not yet weighted; 2026/2025 Statcast baseline active,7,6,19,0,"Last 7 games: 6/19, 0 HR","platoon edge; pitcher baseline 6.7% barrel, 22.6 HR allowed",neutral batted-ball profile; pitcher fly-ball pressure modest,,
678545,Osleivis Basabe,SF,ATL,2026-08-31T22:05:00Z,In Progress,6,Bryce Elder,693821,R,R,6.9,0.125,87.3,98.0764,0.352,0.126,0.27,73.3,30.9,39.7,34.2,34.2,3.0,6.68,40.93,89.93,0.4102,0.1547,26.22,22.6,22.6,22.6,Truist Park,106,92,5,Out To RF,Yes,Yes,6,Yes,No,MLB Stats API; RotoWire,,H:2026 P:2026/2025,,,Direct BvP not yet weighted; 2026/2025 Statcast baseline active,7,1,18,0,"Last 7 games: 1/18, 0 HR","same-side matchup; pitcher baseline 6.7% barrel, 22.6 HR allowed",neutral batted-ball profile; pitcher fly-ball pressure modest,,
668800,Andrew Knizner,SF,ATL,2026-08-31T22:05:00Z,In Progress,7,Bryce Elder,693821,R,R,4.13,0.1452,85.74,96.4187,0.3125,0.105,0.2773,70.25,7.75,30.82,32.72,25.37,1.0,6.68,40.93,89.93,0.4102,0.1547,26.22,22.6,22.6,22.6,Truist Park,106,92,5,Out To RF,Yes,Yes,7,Yes,No,MLB Stats API; RotoWire,,H:2026/2025 P:2026/2025,,,Direct BvP not yet weighted; 2026/2025 Statcast baseline active,7,5,18,1,"Last 7 games: 5/18, 1 HR","same-side matchup; pitcher baseline 6.7% barrel, 22.6 HR allowed",neutral batted-ball profile; pitcher fly-ball pressure modest,,
801501,Nate Furman,SF,ATL,2026-08-31T22:05:00Z,In Progress,8,Bryce Elder,693821,R,L,0.0,0.0,84.0,94.5239,0.203,0.032,0.247,66.3,0.0,41.7,16.7,25.0,0.0,6.68,40.93,89.93,0.4102,0.1547,26.22,22.6,22.6,22.6,Truist Park,106,92,5,Out To RF,Yes,Yes,8,Yes,No,MLB Stats API; RotoWire,,H:2026 P:2026/2025,,,Direct BvP not yet weighted; 2026/2025 Statcast baseline active,7,2,12,0,"Last 7 games: 2/12, 0 HR","platoon edge; pitcher baseline 6.7% barrel, 22.6 HR allowed",neutral batted-ball profile; pitcher fly-ball pressure modest,,
683766,Christian Koss,SF,ATL,2026-08-31T22:05:00Z,In Progress,9,Bryce Elder,693821,R,R,5.93,0.0781,85.92,97.9122,0.3103,0.0935,0.255,69.79,6.42,39.77,18.91,31.01,1.6,6.68,40.93,89.93,0.4102,0.1547,26.22,22.6,22.6,22.6,Truist Park,106,92,5,Out To RF,Yes,Yes,9,Yes,No,MLB Stats API; RotoWire,,H:2026/2025 P:2026/2025,,,Direct BvP not yet weighted; 2026/2025 Statcast baseline active,7,2,19,1,"Last 7 games: 2/19, 1 HR","same-side matchup; pitcher baseline 6.7% barrel, 22.6 HR allowed",neutral batted-ball profile; pitcher fly-ball pressure modest,,
686948,Drake Baldwin,ATL,SF,2026-08-31T22:05:00Z,In Progress,1,Anthony Molina,683627,R,L,12.33,0.1817,91.77,102.3639,0.4919,0.2164,0.3649,75.3,56.51,32.5,25.04,51.14,21.1,8.02,39.51,87.42,0.5199,0.2161,29.16,4.3,4.3,4.3,Truist Park,106,92,5,Out To RF,Yes,Yes,1,Yes,No,MLB Stats API; RotoWire,,H:2026/2025 P:2026/2025,,,Direct BvP not yet weighted; 2026/2025 Statcast baseline active,7,12,28,1,Contact streak: 12/28 over last 7 games,"platoon edge; pitcher baseline 8.0% barrel, 4.3 HR allowed",neutral batted-ball profile; pitcher fly-ball pressure modest,,
660670,Ronald Acuña Jr.,ATL,SF,2026-08-31T22:05:00Z,In Progress,2,Anthony Molina,683627,R,R,13.74,0.1874,90.95,103.0299,0.4923,0.2342,0.3739,76.12,63.16,36.3,27.32,47.46,15.4,8.02,39.51,87.42,0.5199,0.2161,29.16,4.3,4.3,4.3,Truist Park,106,92,5,Out To RF,Yes,Yes,2,Yes,No,MLB Stats API; RotoWire,,H:2026/2025 P:2026/2025,,,Direct BvP not yet weighted; 2026/2025 Statcast baseline active,7,8,23,0,Contact streak: 8/23 over last 7 games,"same-side matchup; pitcher baseline 8.0% barrel, 4.3 HR allowed",neutral batted-ball profile; pitcher fly-ball pressure modest,,
621566,Matt Olson,ATL,SF,2026-08-31T22:05:00Z,In Progress,3,Anthony Molina,683627,R,L,15.1,0.2519,92.88,103.8581,0.513,0.2629,0.3614,74.53,47.89,38.49,33.27,51.34,34.6,8.02,39.51,87.42,0.5199,0.2161,29.16,4.3,4.3,4.3,Truist Park,106,92,5,Out To RF,Yes,Yes,3,Yes,No,MLB Stats API; RotoWire,,H:2026/2025 P:2026/2025,,,Direct BvP not yet weighted; 2026/2025 Statcast baseline active,7,6,25,1,"Last 7 games: 6/25, 1 HR","platoon edge; pitcher baseline 8.0% barrel, 4.3 HR allowed",lift-pull EV profile; pitcher fly-ball pressure modest,,
643289,Mauricio Dubón,ATL,SF,2026-08-31T22:05:00Z,In Progress,4,Anthony Molina,683627,R,R,3.02,0.1182,85.97,96.2725,0.3632,0.1008,0.2976,68.8,3.68,31.4,25.58,28.82,9.1,8.02,39.51,87.42,0.5199,0.2161,29.16,4.3,4.3,4.3,Truist Park,106,92,5,Out To RF,Yes,Yes,4,Yes,No,MLB Stats API; RotoWire,,H:2026/2025 P:2026/2025,,,Direct BvP not yet weighted; 2026/2025 Statcast baseline active,7,7,25,0,"Last 7 games: 7/25, 0 HR","same-side matchup; pitcher baseline 8.0% barrel, 4.3 HR allowed",neutral batted-ball profile; pitcher fly-ball pressure modest,,
671739,Michael Harris II,ATL,SF,2026-08-31T22:05:00Z,In Progress,5,Anthony Molina,683627,R,L,10.08,0.1887,90.34,103.2093,0.4646,0.1823,0.3339,74.72,47.26,36.64,22.14,46.83,21.4,8.02,39.51,87.42,0.5199,0.2161,29.16,4.3,4.3,4.3,Truist Park,106,92,5,Out To RF,Yes,Yes,5,Yes,No,MLB Stats API; RotoWire,,H:2026/2025 P:2026/2025,,,Direct BvP not yet weighted; 2026/2025 Statcast baseline active,7,8,23,2,Hot streak: 2 HR in last 7 games,"platoon edge; pitcher baseline 8.0% barrel, 4.3 HR allowed",neutral batted-ball profile; pitcher fly-ball pressure modest,,
645277,Ozzie Albies,ATL,SF,2026-08-31T22:05:00Z,In Progress,6,Anthony Molina,683627,R,S,4.27,0.1488,87.08,96.6428,0.3583,0.1237,0.2899,68.86,5.74,46.56,32.04,28.6,18.8,8.02,39.51,87.42,0.5199,0.2161,29.16,4.3,4.3,4.3,Truist Park,106,92,5,Out To RF,Yes,Yes,6,Yes,No,MLB Stats API; RotoWire,,H:2026/2025 P:2026/2025,,,Direct BvP not yet weighted; 2026/2025 Statcast baseline active,7,6,22,0,"Last 7 games: 6/22, 0 HR","switch hitter; pitcher baseline 8.0% barrel, 4.3 HR allowed",neutral batted-ball profile; pitcher fly-ball pressure modest,,
669221,Sean Murphy,ATL,SF,2026-08-31T22:05:00Z,In Progress,7,Anthony Molina,683627,R,R,10.04,0.1778,86.58,100.6281,0.3597,0.1622,0.2657,72.04,24.9,48.63,25.09,38.9,6.2,8.02,39.51,87.42,0.5199,0.2161,29.16,4.3,4.3,4.3,Truist Park,106,92,5,Out To RF,Yes,Yes,7,Yes,No,MLB Stats API; RotoWire,,H:2026/2025 P:2026/2025,,,Direct BvP not yet weighted; 2026/2025 Statcast baseline active,7,8,22,2,Hot streak: 2 HR in last 7 games,"same-side matchup; pitcher baseline 8.0% barrel, 4.3 HR allowed",neutral batted-ball profile; pitcher fly-ball pressure modest,,
663586,Austin Riley,ATL,SF,2026-08-31T22:05:00Z,In Progress,8,Anthony Molina,683627,R,R,13.03,0.1491,91.67,102.8917,0.4167,0.1942,0.3083,75.76,58.8,40.36,31.85,46.63,15.3,8.02,39.51,87.42,0.5199,0.2161,29.16,4.3,4.3,4.3,Truist Park,106,92,5,Out To RF,Yes,Yes,8,Yes,No,MLB Stats API; RotoWire,,H:2026/2025 P:2026/2025,,,Direct BvP not yet weighted; 2026/2025 Statcast baseline active,7,4,19,0,"Last 7 games: 4/19, 0 HR","same-side matchup; pitcher baseline 8.0% barrel, 4.3 HR allowed",neutral batted-ball profile; pitcher fly-ball pressure modest,,
573262,Mike Yastrzemski,ATL,SF,2026-08-31T22:05:00Z,In Progress,9,Anthony Molina,683627,R,L,7.31,0.1553,90.73,99.8953,0.3819,0.1463,0.315,71.31,8.16,45.27,30.7,43.3,11.4,8.02,39.51,87.42,0.5199,0.2161,29.16,4.3,4.3,4.3,Truist Park,106,92,5,Out To RF,Yes,Yes,9,Yes,No,MLB Stats API; RotoWire,,H:2026/2025 P:2026/2025,,,Direct BvP not yet weighted; 2026/2025 Statcast baseline active,7,2,15,0,"Last 7 games: 2/15, 0 HR","platoon edge; pitcher baseline 8.0% barrel, 4.3 HR allowed",neutral batted-ball profile; pitcher fly-ball pressure modest,,
665487,Fernando Tatis Jr.,SD,CIN,2026-08-31T22:40:00Z,In Progress,1,Brady Singer,663903,R,R,11.84,0.1633,92.95,104.4835,0.4845,0.196,0.3721,75.58,57.98,35.08,22.08,53.06,19.4,9.47,41.4,90.65,0.4349,0.1723,27.28,23.9,23.9,23.9,Great American Ball Park,121,90,7,R To L,Yes,Yes,1,Yes,No,MLB Stats API; RotoWire,,H:2026/2025 P:2026/2025,,,Direct BvP not yet weighted; 2026/2025 Statcast baseline active,7,3,27,0,"Last 7 games: 3/27, 0 HR","same-side matchup; pitcher baseline 9.5% barrel, 23.9 HR allowed",EV profile; pitcher fly-ball pressure modest,,
630105,Jake Cronenworth,SD,CIN,2026-08-31T22:40:00Z,In Progress,2,Brady Singer,663903,R,L,4.1,0.0939,87.59,97.863,0.3194,0.0986,0.2903,71.32,17.46,31.54,23.14,32.56,6.1,9.47,41.4,90.65,0.4349,0.1723,27.28,23.9,23.9,23.9,Great American Ball Park,121,90,7,R To L,Yes,Yes,2,Yes,No,MLB Stats API; RotoWire,,H:2026/2025 P:2026/2025,,,Direct BvP not yet weighted; 2026/2025 Statcast baseline active,7,4,25,0,"Last 7 games: 4/25, 0 HR","platoon edge; pitcher baseline 9.5% barrel, 23.9 HR allowed",neutral batted-ball profile; pitcher fly-ball pressure modest,,
592518,Manny Machado,SD,CIN,2026-08-31T22:40:00Z,In Progress,3,Brady Singer,663903,R,R,10.45,0.185,91.15,101.9271,0.4432,0.1904,0.3368,74.64,44.37,39.66,27.45,46.81,24.9,9.47,41.4,90.65,0.4349,0.1723,27.28,23.9,23.9,23.9,Great American Ball Park,121,90,7,R To L,Yes,Yes,3,Yes,No,MLB Stats API; RotoWire,,H:2026/2025 P:2026/2025,,,Direct BvP not yet weighted; 2026/2025 Statcast baseline active,7,5,24,0,"Last 7 games: 5/24, 0 HR","same-side matchup; pitcher baseline 9.5% barrel, 23.9 HR allowed",neutral batted-ball profile; pitcher fly-ball pressure modest,,
664034,Ty France,SD,CIN,2026-08-31T22:40:00Z,In Progress,4,Brady Singer,663903,R,R,9.24,0.1849,91.18,101.0728,0.4271,0.1751,0.3301,71.77,19.46,35.38,25.74,46.86,15.4,9.47,41.4,90.65,0.4349,0.1723,27.28,23.9,23.9,23.9,Great American Ball Park,121,90,7,R To L,Yes,Yes,4,Yes,No,MLB Stats API; RotoWire,,H:2026/2025 P:2026/2025,,,Direct BvP not yet weighted; 2026/2025 Statcast baseline active,7,5,20,1,"Last 7 games: 5/20, 1 HR","same-side matchup; pitcher baseline 9.5% barrel, 23.9 HR allowed",neutral batted-ball profile; pitcher fly-ball pressure modest,,
701538,Jackson Merrill,SD,CIN,2026-08-31T22:40:00Z,In Progress,5,Brady Singer,663903,R,L,11.74,0.1832,90.4,100.7132,0.4739,0.2151,0.3372,72.88,27.33,37.56,30.27,45.35,20.2,9.47,41.4,90.65,0.4349,0.1723,27.28,23.9,23.9,23.9,Great American Ball Park,121,90,7,R To L,Yes,Yes,5,Yes,No,MLB Stats API; RotoWire,,H:2026/2025 P:2026/2025,,,Direct BvP not yet weighted; 2026/2025 Statcast baseline active,7,5,25,1,"Last 7 games: 5/25, 1 HR","platoon edge; pitcher baseline 9.5% barrel, 23.9 HR allowed",neutral batted-ball profile; pitcher fly-ball pressure modest,,
593428,Xander Bogaerts,SD,CIN,2026-08-31T22:40:00Z,In Progress,6,Brady Singer,663903,R,R,6.41,0.1112,89.07,100.0688,0.3871,0.1348,0.3242,72.38,28.01,43.31,23.41,40.6,11.0,9.47,41.4,90.65,0.4349,0.1723,27.28,23.9,23.9,23.9,Great American Ball Park,121,90,7,R To L,Yes,Yes,6,Yes,No,MLB Stats API; RotoWire,,H:2026/2025 P:2026/2025,,,Direct BvP not yet weighted; 2026/2025 Statcast baseline active,7,3,19,0,"Last 7 games: 3/19, 0 HR","same-side matchup; pitcher baseline 9.5% barrel, 23.9 HR allowed",neutral batted-ball profile; pitcher fly-ball pressure modest,,
687957,Dustin Harris,SD,CIN,2026-08-31T22:40:00Z,In Progress,7,Brady Singer,663903,R,L,1.11,0.0961,85.43,95.0346,0.3457,0.0799,0.3045,66.54,2.31,53.1,21.77,20.37,0.3,9.47,41.4,90.65,0.4349,0.1723,27.28,23.9,23.9,23.9,Great American Ball Park,121,90,7,R To L,Yes,Yes,7,Yes,No,MLB Stats API; RotoWire,,H:2026/2025 P:2026/2025,,,Direct BvP not yet weighted; 2026/2025 Statcast baseline active,7,7,14,0,Contact streak: 7/14 over last 7 games,"platoon edge; pitcher baseline 9.5% barrel, 23.9 HR allowed",neutral batted-ball profile; pitcher fly-ball pressure modest,,
669134,Luis Campusano,SD,CIN,2026-08-31T22:40:00Z,In Progress,8,Brady Singer,663903,R,R,6.51,0.1246,87.87,98.8068,0.2983,0.1071,0.2969,72.4,26.0,45.86,17.91,38.19,3.5,9.47,41.4,90.65,0.4349,0.1723,27.28,23.9,23.9,23.9,Great American Ball Park,121,90,7,R To L,Yes,Yes,8,Yes,No,MLB Stats API; RotoWire,,H:2026/2025 P:2026/2025,,,Direct BvP not yet weighted; 2026/2025 Statcast baseline active,7,1,16,0,"Last 7 games: 1/16, 0 HR","same-side matchup; pitcher baseline 9.5% barrel, 23.9 HR allowed",neutral batted-ball profile; pitcher fly-ball pressure modest,,
823550,Sung-Mun Song,SD,CIN,2026-08-31T22:40:00Z,In Progress,9,Brady Singer,663903,R,L,4.2,0.061,87.2,96.9545,0.27,0.088,0.257,72.1,14.6,38.9,27.4,26.3,1.0,9.47,41.4,90.65,0.4349,0.1723,27.28,23.9,23.9,23.9,Great American Ball Park,121,90,7,R To L,Yes,Yes,9,Yes,No,MLB Stats API; RotoWire,,H:2026 P:2026/2025,,,Direct BvP not yet weighted; 2026/2025 Statcast baseline active,7,0,6,0,"Last 7 games: 0/6, 0 HR","platoon edge; pitcher baseline 9.5% barrel, 23.9 HR allowed",neutral batted-ball profile; pitcher fly-ball pressure modest,,
699302,Héctor Rodríguez,CIN,SD,2026-08-31T22:40:00Z,In Progress,1,Michael King,650633,R,L,10.9,0.229,87.8,99.0015,0.379,0.173,0.296,74.8,53.3,41.3,26.1,32.6,4.0,9.3,33.55,87.1,0.4067,0.1709,27.75,16.2,16.2,16.2,Great American Ball Park,121,90,7,R To L,Yes,Yes,1,Yes,No,MLB Stats API; RotoWire,,H:2026 P:2026/2025,,,Direct BvP not yet weighted; 2026/2025 Statcast baseline active,7,9,25,3,Hot streak: 3 HR in last 7 games,"platoon edge; pitcher baseline 9.3% barrel, 16.2 HR allowed",neutral batted-ball profile; pitcher fly-ball pressure modest,,
682829,Elly De La Cruz,CIN,SD,2026-08-31T22:40:00Z,In Progress,2,Michael King,650633,R,S,12.68,0.1984,92.96,103.9903,0.4562,0.1898,0.3486,75.38,54.05,34.68,24.68,48.82,21.3,9.3,33.55,87.1,0.4067,0.1709,27.75,16.2,16.2,16.2,Great American Ball Park,121,90,7,R To L,Yes,Yes,2,Yes,No,MLB Stats API; RotoWire,,H:2026/2025 P:2026/2025,,,Direct BvP not yet weighted; 2026/2025 Statcast baseline active,7,11,26,0,Contact streak: 11/26 over last 7 games,"switch hitter; pitcher baseline 9.3% barrel, 16.2 HR allowed",EV profile; pitcher fly-ball pressure modest,,
701398,Sal Stewart,CIN,SD,2026-08-31T22:40:00Z,In Progress,3,Michael King,650633,R,R,14.82,0.2431,91.69,101.3089,0.5257,0.2589,0.3653,72.17,26.86,38.64,33.14,42.98,23.2,9.3,33.55,87.1,0.4067,0.1709,27.75,16.2,16.2,16.2,Great American Ball Park,121,90,7,R To L,Yes,Yes,3,Yes,No,MLB Stats API; RotoWire,,H:2026/2025 P:2026/2025,,,Direct BvP not yet weighted; 2026/2025 Statcast baseline active,7,9,25,4,Hot streak: 4 HR in last 7 games,"same-side matchup; pitcher baseline 9.3% barrel, 16.2 HR allowed",neutral batted-ball profile; pitcher fly-ball pressure modest,,
668709,JJ Bleday,CIN,SD,2026-08-31T22:40:00Z,In Progress,4,Michael King,650633,R,L,9.13,0.2053,88.63,99.8427,0.4066,0.176,0.3271,73.07,27.72,45.74,32.92,39.47,18.9,9.3,33.55,87.1,0.4067,0.1709,27.75,16.2,16.2,16.2,Great American Ball Park,121,90,7,R To L,Yes,Yes,4,Yes,No,MLB Stats API; RotoWire,,H:2026/2025 P:2026/2025,,,Direct BvP not yet weighted; 2026/2025 Statcast baseline active,7,3,22,0,"Last 7 games: 3/22, 0 HR","platoon edge; pitcher baseline 9.3% barrel, 16.2 HR allowed",neutral batted-ball profile; pitcher fly-ball pressure modest,,
663886,Tyler Stephenson,CIN,SD,2026-08-31T22:40:00Z,In Progress,5,Michael King,650633,R,R,13.24,0.1809,90.92,100.5149,0.441,0.2054,0.3298,70.52,7.07,37.08,33.43,46.61,13.7,9.3,33.55,87.1,0.4067,0.1709,27.75,16.2,16.2,16.2,Great American Ball Park,121,90,7,R To L,Yes,Yes,5,Yes,No,MLB Stats API; RotoWire,,H:2026/2025 P:2026/2025,,,Direct BvP not yet weighted; 2026/2025 Statcast baseline active,7,8,23,2,Hot streak: 2 HR in last 7 games,"same-side matchup; pitcher baseline 9.3% barrel, 16.2 HR allowed",neutral batted-ball profile; pitcher fly-ball pressure modest,,
553993,Eugenio Suárez,CIN,SD,2026-08-31T22:40:00Z,In Progress,6,Michael King,650633,R,R,11.92,0.2336,88.94,99.9412,0.3769,0.1785,0.2941,72.02,21.95,48.59,34.25,38.78,28.7,9.3,33.55,87.1,0.4067,0.1709,27.75,16.2,16.2,16.2,Great American Ball Park,121,90,7,R To L,Yes,Yes,6,Yes,No,MLB Stats API; RotoWire,,H:2026/2025 P:2026/2025,,,Direct BvP not yet weighted; 2026/2025 Statcast baseline active,7,5,22,2,Hot streak: 2 HR in last 7 games,"same-side matchup; pitcher baseline 9.3% barrel, 16.2 HR allowed",neutral batted-ball profile; pitcher fly-ball pressure modest,,
680574,Matt McLain,CIN,SD,2026-08-31T22:40:00Z,In Progress,7,Michael King,650633,R,R,9.2,0.1426,88.38,99.0073,0.375,0.1553,0.304,71.0,9.96,35.78,32.73,37.83,13.6,9.3,33.55,87.1,0.4067,0.1709,27.75,16.2,16.2,16.2,Great American Ball Park,121,90,7,R To L,Yes,Yes,7,Yes,No,MLB Stats API; RotoWire,,H:2026/2025 P:2026/2025,,,Direct BvP not yet weighted; 2026/2025 Statcast baseline active,7,2,23,0,"Last 7 games: 2/23, 0 HR","same-side matchup; pitcher baseline 9.3% barrel, 16.2 HR allowed",neutral batted-ball profile; pitcher fly-ball pressure modest,,
670770,TJ Friedl,CIN,SD,2026-08-31T22:40:00Z,In Progress,8,Michael King,650633,R,L,2.91,0.0974,87.38,97.1522,0.2785,0.0809,0.2608,70.74,10.03,40.3,24.68,29.02,7.0,9.3,33.55,87.1,0.4067,0.1709,27.75,16.2,16.2,16.2,Great American Ball Park,121,90,7,R To L,Yes,Yes,8,Yes,No,MLB Stats API; RotoWire,,H:2026/2025 P:2026/2025,,,Direct BvP not yet weighted; 2026/2025 Statcast baseline active,7,4,10,1,Contact streak: 4/10 over last 7 games,"platoon edge; pitcher baseline 9.3% barrel, 16.2 HR allowed",neutral batted-ball profile; pitcher fly-ball pressure modest,,
695490,Edwin Arroyo,CIN,SD,2026-08-31T22:40:00Z,In Progress,9,Michael King,650633,R,S,2.9,0.037,87.6,95.9205,0.366,0.082,0.304,69.2,5.0,41.5,19.8,26.4,0.0,9.3,33.55,87.1,0.4067,0.1709,27.75,16.2,16.2,16.2,Great American Ball Park,121,90,7,R To L,Yes,Yes,9,Yes,No,MLB Stats API; RotoWire,,H:2026 P:2026/2025,,,Direct BvP not yet weighted; 2026/2025 Statcast baseline active,7,2,18,0,"Last 7 games: 2/18, 0 HR","switch hitter; pitcher baseline 9.3% barrel, 16.2 HR allowed",neutral batted-ball profile; pitcher fly-ball pressure modest,,
596019,Francisco Lindor,NYM,TB,2026-08-31T22:40:00Z,In Progress,1,Ian Seymour,693855,L,S,9.32,0.1934,90.92,100.2716,0.4505,0.201,0.3422,72.02,22.53,44.76,31.42,46.57,19.1,8.85,36.68,88.35,0.3907,0.1642,28.96,14.8,14.8,14.8,Tropicana Field,100,72,0,None,Yes,Yes,1,Yes,No,MLB Stats API; RotoWire,,H:2026/2025 P:2026/2025,,,Direct BvP not yet weighted; 2026/2025 Statcast baseline active,7,5,24,2,Hot streak: 2 HR in last 7 games,"switch hitter; pitcher baseline 8.8% barrel, 14.8 HR allowed",neutral batted-ball profile; pitcher fly-ball pressure modest,,
666182,Bo Bichette,NYM,TB,2026-08-31T22:40:00Z,In Progress,2,Ian Seymour,693855,L,R,6.71,0.1405,90.09,101.0652,0.4303,0.1482,0.332,69.66,13.16,26.0,23.16,43.9,15.2,8.85,36.68,88.35,0.3907,0.1642,28.96,14.8,14.8,14.8,Tropicana Field,100,72,0,None,Yes,Yes,2,Yes,No,MLB Stats API; RotoWire,,H:2026/2025 P:2026/2025,,,Direct BvP not yet weighted; 2026/2025 Statcast baseline active,7,3,22,0,"Last 7 games: 3/22, 0 HR","platoon edge; pitcher baseline 8.8% barrel, 14.8 HR allowed",neutral batted-ball profile; pitcher fly-ball pressure modest,,
701807,Carson Benge,NYM,TB,2026-08-31T22:40:00Z,In Progress,3,Ian Seymour,693855,L,L,7.4,0.145,88.9,99.8211,0.438,0.158,0.339,71.0,17.4,32.9,27.4,40.0,16.0,8.85,36.68,88.35,0.3907,0.1642,28.96,14.8,14.8,14.8,Tropicana Field,100,72,0,None,Yes,Yes,3,Yes,No,MLB Stats API; RotoWire,,H:2026 P:2026/2025,,,Direct BvP not yet weighted; 2026/2025 Statcast baseline active,7,6,24,0,"Last 7 games: 6/24, 0 HR","same-side matchup; pitcher baseline 8.8% barrel, 14.8 HR allowed",neutral batted-ball profile; pitcher fly-ball pressure modest,,
668901,Mark Vientos,NYM,TB,2026-08-31T22:40:00Z,In Progress,4,Ian Seymour,693855,L,R,10.52,0.1779,90.07,101.182,0.4425,0.2059,0.313,72.74,24.47,37.28,30.21,45.81,12.8,8.85,36.68,88.35,0.3907,0.1642,28.96,14.8,14.8,14.8,Tropicana Field,100,72,0,None,Yes,Yes,4,Yes,No,MLB Stats API; RotoWire,,H:2026/2025 P:2026/2025,,,Direct BvP not yet weighted; 2026/2025 Statcast baseline active,7,2,17,1,"Last 7 games: 2/17, 1 HR","platoon edge; pitcher baseline 8.8% barrel, 14.8 HR allowed",neutral batted-ball profile; pitcher fly-ball pressure modest,,
676724,Jared Young,NYM,TB,2026-08-31T22:40:00Z,In Progress,5,Ian Seymour,693855,L,L,9.33,0.2117,88.17,100.6766,0.4126,0.1829,0.3065,73.37,33.04,40.07,27.51,42.73,6.8,8.85,36.68,88.35,0.3907,0.1642,28.96,14.8,14.8,14.8,Tropicana Field,100,72,0,None,Yes,Yes,5,Yes,No,MLB Stats API; RotoWire,,H:2026/2025 P:2026/2025,,,Direct BvP not yet weighted; 2026/2025 Statcast baseline active,7,6,23,0,"Last 7 games: 6/23, 0 HR","same-side matchup; pitcher baseline 8.8% barrel, 14.8 HR allowed",neutral batted-ball profile; pitcher fly-ball pressure modest,,
666624,Christopher Morel,NYM,TB,2026-08-31T22:40:00Z,In Progress,6,Ian Seymour,693855,L,R,5.84,0.0797,89.0,101.2201,0.2891,0.0964,0.2473,76.07,60.47,53.85,27.62,43.47,3.3,8.85,36.68,88.35,0.3907,0.1642,28.96,14.8,14.8,14.8,Tropicana Field,100,72,0,None,Yes,Yes,6,Yes,No,MLB Stats API; RotoWire,,H:2026/2025 P:2026/2025,,,Direct BvP not yet weighted; 2026/2025 Statcast baseline active,7,2,12,0,"Last 7 games: 2/12, 0 HR","platoon edge; pitcher baseline 8.8% barrel, 14.8 HR allowed",neutral batted-ball profile; pitcher fly-ball pressure modest,,
543760,Marcus Semien,NYM,TB,2026-08-31T22:40:00Z,In Progress,7,Ian Seymour,693855,L,R,6.45,0.1319,87.04,97.4011,0.3901,0.1425,0.3103,68.5,3.13,47.05,31.09,33.53,14.3,8.85,36.68,88.35,0.3907,0.1642,28.96,14.8,14.8,14.8,Tropicana Field,100,72,0,None,Yes,Yes,7,Yes,No,MLB Stats API; RotoWire,,H:2026/2025 P:2026/2025,,,Direct BvP not yet weighted; 2026/2025 Statcast baseline active,7,6,21,0,"Last 7 games: 6/21, 0 HR","platoon edge; pitcher baseline 8.8% barrel, 14.8 HR allowed",neutral batted-ball profile; pitcher fly-ball pressure modest,,
805999,A.J. Ewing,NYM,TB,2026-08-31T22:40:00Z,In Progress,8,Ian Seymour,693855,L,L,7.1,0.114,89.3,100.1976,0.391,0.139,0.315,70.4,12.1,31.1,24.8,42.1,7.0,8.85,36.68,88.35,0.3907,0.1642,28.96,14.8,14.8,14.8,Tropicana Field,100,72,0,None,Yes,Yes,8,Yes,No,MLB Stats API; RotoWire,,H:2026 P:2026/2025,,,Direct BvP not yet weighted; 2026/2025 Statcast baseline active,7,3,23,0,"Last 7 games: 3/23, 0 HR","same-side matchup; pitcher baseline 8.8% barrel, 14.8 HR allowed",neutral batted-ball profile; pitcher fly-ball pressure modest,,
682626,Francisco Alvarez,NYM,TB,2026-08-31T22:40:00Z,In Progress,9,Ian Seymour,693855,L,R,14.62,0.1728,90.86,102.6214,0.4272,0.1989,0.3239,74.11,42.04,38.38,24.96,47.16,12.4,8.85,36.68,88.35,0.3907,0.1642,28.96,14.8,14.8,14.8,Tropicana Field,100,72,0,None,Yes,Yes,9,Yes,No,MLB Stats API; RotoWire,,H:2026/2025 P:2026/2025,,,Direct BvP not yet weighted; 2026/2025 Statcast baseline active,7,3,17,0,"Last 7 games: 3/17, 0 HR","platoon edge; pitcher baseline 8.8% barrel, 14.8 HR allowed",neutral batted-ball profile; pitcher fly-ball pressure modest,,
650490,Yandy Díaz,TB,NYM,2026-08-31T22:40:00Z,In Progress,1,Robert Stock,476594,R,R,7.39,0.168,91.46,103.2288,0.452,0.1649,0.3551,73.5,37.3,23.18,19.3,49.07,21.5,9.3,35.93,89.4,0.4946,0.2019,31.88,1.7,1.7,1.7,Tropicana Field,100,72,0,None,Yes,Yes,1,Yes,No,MLB Stats API; RotoWire,,H:2026/2025 P:2026/2025,,,Direct BvP not yet weighted; 2026/2025 Statcast baseline active,7,6,25,1,"Last 7 games: 6/25, 1 HR","same-side matchup; pitcher baseline 9.3% barrel, 1.7 HR allowed",neutral batted-ball profile; pitcher allows elevated contact,,
666018,Jonathan Aranda,TB,NYM,2026-08-31T22:40:00Z,In Progress,2,Robert Stock,476594,R,L,10.8,0.152,91.67,101.2682,0.4653,0.1946,0.3582,70.22,12.48,32.57,30.2,48.27,16.1,9.3,35.93,89.4,0.4946,0.2019,31.88,1.7,1.7,1.7,Tropicana Field,100,72,0,None,Yes,Yes,2,Yes,No,MLB Stats API; RotoWire,,H:2026/2025 P:2026/2025,,,Direct BvP not yet weighted; 2026/2025 Statcast baseline active,7,6,25,2,Hot streak: 2 HR in last 7 games,"platoon edge; pitcher baseline 9.3% barrel, 1.7 HR allowed",neutral batted-ball profile; pitcher allows elevated contact,,
691406,Junior Caminero,TB,NYM,2026-08-31T22:40:00Z,In Progress,3,Robert Stock,476594,R,R,13.37,0.2612,92.82,105.3066,0.4996,0.2306,0.3607,79.34,84.62,45.94,23.7,50.7,39.4,9.3,35.93,89.4,0.4946,0.2019,31.88,1.7,1.7,1.7,Tropicana Field,100,72,0,None,Yes,Yes,3,Yes,No,MLB Stats API; RotoWire,,H:2026/2025 P:2026/2025,,,Direct BvP not yet weighted; 2026/2025 Statcast baseline active,7,10,23,2,Hot streak: 2 HR in last 7 games,"same-side matchup; pitcher baseline 9.3% barrel, 1.7 HR allowed",EV profile; pitcher allows elevated contact,,
689414,Liam Hicks,TB,NYM,2026-08-31T22:40:00Z,In Progress,4,Robert Stock,476594,R,L,3.88,0.1403,84.81,96.2459,0.3535,0.1011,0.3171,68.03,3.72,41.82,24.29,27.91,13.7,9.3,35.93,89.4,0.4946,0.2019,31.88,1.7,1.7,1.7,Tropicana Field,100,72,0,None,Yes,Yes,4,Yes,No,MLB Stats API; RotoWire,,H:2026/2025 P:2026/2025,,,Direct BvP not yet weighted; 2026/2025 Statcast baseline active,7,7,19,0,Contact streak: 7/19 over last 7 games,"platoon edge; pitcher baseline 9.3% barrel, 1.7 HR allowed",neutral batted-ball profile; pitcher allows elevated contact,,
802415,Chandler Simpson,TB,NYM,2026-08-31T22:40:00Z,In Progress,5,Robert Stock,476594,R,L,0.0,0.0528,83.95,92.834,0.3066,0.0382,0.2725,64.66,0.51,28.41,12.37,14.36,0.0,9.3,35.93,89.4,0.4946,0.2019,31.88,1.7,1.7,1.7,Tropicana Field,100,72,0,None,Yes,Yes,5,Yes,No,MLB Stats API; RotoWire,,H:2026/2025 P:2026/2025,,,Direct BvP not yet weighted; 2026/2025 Statcast baseline active,7,7,22,0,"Last 7 games: 7/22, 0 HR","platoon edge; pitcher baseline 9.3% barrel, 1.7 HR allowed",neutral batted-ball profile; pitcher allows elevated contact,,
656775,Cedric Mullins,TB,NYM,2026-08-31T22:40:00Z,In Progress,6,Robert Stock,476594,R,L,4.8,0.1568,88.17,97.9263,0.3157,0.1257,0.2666,70.96,9.15,45.25,32.15,33.24,14.9,9.3,35.93,89.4,0.4946,0.2019,31.88,1.7,1.7,1.7,Tropicana Field,100,72,0,None,Yes,Yes,6,Yes,No,MLB Stats API; RotoWire,,H:2026/2025 P:2026/2025,,,Direct BvP not yet weighted; 2026/2025 Statcast baseline active,7,3,16,1,"Last 7 games: 3/16, 1 HR","platoon edge; pitcher baseline 9.3% barrel, 1.7 HR allowed",neutral batted-ball profile; pitcher allows elevated contact,,
676356,Jonny DeLuca,TB,NYM,2026-08-31T22:40:00Z,In Progress,7,Robert Stock,476594,R,R,3.21,0.1552,85.67,97.3721,0.3381,0.0956,0.2677,72.82,28.8,45.95,22.41,30.12,6.3,9.3,35.93,89.4,0.4946,0.2019,31.88,1.7,1.7,1.7,Tropicana Field,100,72,0,None,Yes,Yes,7,Yes,No,MLB Stats API; RotoWire,,H:2026/2025 P:2026/2025,,,Direct BvP not yet weighted; 2026/2025 Statcast baseline active,7,7,28,1,"Last 7 games: 7/28, 1 HR","same-side matchup; pitcher baseline 9.3% barrel, 1.7 HR allowed",neutral batted-ball profile; pitcher allows elevated contact,,
680700,Richie Palacios,TB,NYM,2026-08-31T22:40:00Z,In Progress,8,Robert Stock,476594,R,L,4.22,0.1106,87.17,96.9141,0.3604,0.0983,0.3187,68.77,3.59,35.76,21.61,32.34,3.8,9.3,35.93,89.4,0.4946,0.2019,31.88,1.7,1.7,1.7,Tropicana Field,100,72,0,None,Yes,Yes,8,Yes,No,MLB Stats API; RotoWire,,H:2026/2025 P:2026/2025,,,Direct BvP not yet weighted; 2026/2025 Statcast baseline active,7,0,21,0,"Last 7 games: 0/21, 0 HR","platoon edge; pitcher baseline 9.3% barrel, 1.7 HR allowed",neutral batted-ball profile; pitcher allows elevated contact,,
670764,Taylor Walls,TB,NYM,2026-08-31T22:40:00Z,In Progress,9,Robert Stock,476594,R,S,2.36,0.0794,85.95,95.4669,0.2712,0.0766,0.2512,68.35,2.06,38.19,28.49,23.32,2.6,9.3,35.93,89.4,0.4946,0.2019,31.88,1.7,1.7,1.7,Tropicana Field,100,72,0,None,Yes,Yes,9,Yes,No,MLB Stats API; RotoWire,,H:2026/2025 P:2026/2025,,,Direct BvP not yet weighted; 2026/2025 Statcast baseline active,7,4,20,0,"Last 7 games: 4/20, 0 HR","switch hitter; pitcher baseline 9.3% barrel, 1.7 HR allowed",neutral batted-ball profile; pitcher allows elevated contact,,
668227,Randy Arozarena,SEA,BOS,2026-08-31T22:45:00Z,In Progress,1,Payton Tolle,801139,L,R,8.7,0.1859,90.81,100.9291,0.4128,0.1648,0.3389,71.32,24.8,33.98,24.24,44.37,22.1,6.47,35.08,87.87,0.3497,0.1338,27.6,11.3,11.3,11.3,Fenway Park,102,75,5,R To L,Yes,Yes,1,Yes,No,MLB Stats API; RotoWire,,H:2026/2025 P:2026/2025,,,Direct BvP not yet weighted; 2026/2025 Statcast baseline active,7,3,20,0,"Last 7 games: 3/20, 0 HR","platoon edge; pitcher baseline 6.5% barrel, 11.3 HR allowed",neutral batted-ball profile; pitcher fly-ball pressure modest,,
686527,Dominic Canzone,SEA,BOS,2026-08-31T22:45:00Z,In Progress,2,Payton Tolle,801139,L,L,12.96,0.2097,91.53,102.5424,0.4966,0.222,0.3606,74.08,42.06,40.32,25.95,46.13,17.3,6.47,35.08,87.87,0.3497,0.1338,27.6,11.3,11.3,11.3,Fenway Park,102,75,5,R To L,Yes,Yes,2,Yes,No,MLB Stats API; RotoWire,,H:2026/2025 P:2026/2025,,,Direct BvP not yet weighted; 2026/2025 Statcast baseline active,7,5,24,1,"Last 7 games: 5/24, 1 HR","same-side matchup; pitcher baseline 6.5% barrel, 11.3 HR allowed",neutral batted-ball profile; pitcher fly-ball pressure modest,,
677594,Julio Rodríguez,SEA,BOS,2026-08-31T22:45:00Z,In Progress,3,Payton Tolle,801139,L,R,9.66,0.172,90.47,102.6055,0.4615,0.1943,0.3419,76.61,67.13,37.86,26.68,44.64,23.6,6.47,35.08,87.87,0.3497,0.1338,27.6,11.3,11.3,11.3,Fenway Park,102,75,5,R To L,Yes,Yes,3,Yes,No,MLB Stats API; RotoWire,,H:2026/2025 P:2026/2025,,,Direct BvP not yet weighted; 2026/2025 Statcast baseline active,7,5,25,1,"Last 7 games: 5/25, 1 HR","platoon edge; pitcher baseline 6.5% barrel, 11.3 HR allowed",neutral batted-ball profile; pitcher fly-ball pressure modest,,
663728,Cal Raleigh,SEA,BOS,2026-08-31T22:45:00Z,In Progress,4,Payton Tolle,801139,L,S,16.14,0.23,90.25,101.1769,0.4399,0.2418,0.3283,75.06,52.18,54.85,42.85,41.55,31.3,6.47,35.08,87.87,0.3497,0.1338,27.6,11.3,11.3,11.3,Fenway Park,102,75,5,R To L,Yes,Yes,4,Yes,No,MLB Stats API; RotoWire,,H:2026/2025 P:2026/2025,,,Direct BvP not yet weighted; 2026/2025 Statcast baseline active,7,7,19,5,Hot streak: 5 HR in last 7 games,"switch hitter; pitcher baseline 6.5% barrel, 11.3 HR allowed",fly-ball profile; pitcher fly-ball pressure modest,,
647304,Josh Naylor,SEA,BOS,2026-08-31T22:45:00Z,In Progress,5,Payton Tolle,801139,L,L,5.16,0.118,87.87,99.095,0.3984,0.1296,0.3194,70.41,11.75,42.06,22.43,37.91,13.0,6.47,35.08,87.87,0.3497,0.1338,27.6,11.3,11.3,11.3,Fenway Park,102,75,5,R To L,Yes,Yes,5,Yes,No,MLB Stats API; RotoWire,,H:2026/2025 P:2026/2025,,,Direct BvP not yet weighted; 2026/2025 Statcast baseline active,7,8,24,0,Contact streak: 8/24 over last 7 games,"same-side matchup; pitcher baseline 6.5% barrel, 11.3 HR allowed",neutral batted-ball profile; pitcher fly-ball pressure modest,,
621493,Taylor Ward,SEA,BOS,2026-08-31T22:45:00Z,In Progress,6,Payton Tolle,801139,L,R,7.89,0.1378,89.33,99.4583,0.3919,0.1525,0.3365,68.8,4.09,33.66,29.94,39.69,15.7,6.47,35.08,87.87,0.3497,0.1338,27.6,11.3,11.3,11.3,Fenway Park,102,75,5,R To L,Yes,Yes,6,Yes,No,MLB Stats API; RotoWire,,H:2026/2025 P:2026/2025,,,Direct BvP not yet weighted; 2026/2025 Statcast baseline active,7,2,19,0,"Last 7 games: 2/19, 0 HR","platoon edge; pitcher baseline 6.5% barrel, 11.3 HR allowed",neutral batted-ball profile; pitcher fly-ball pressure modest,,
702284,Cole Young,SEA,BOS,2026-08-31T22:45:00Z,In Progress,7,Payton Tolle,801139,L,L,4.97,0.1269,88.16,98.8315,0.3802,0.1296,0.3096,71.44,21.51,42.19,26.66,35.72,12.4,6.47,35.08,87.87,0.3497,0.1338,27.6,11.3,11.3,11.3,Fenway Park,102,75,5,R To L,Yes,Yes,7,Yes,No,MLB Stats API; RotoWire,,H:2026/2025 P:2026/2025,,,Direct BvP not yet weighted; 2026/2025 Statcast baseline active,7,2,21,1,"Last 7 games: 2/21, 1 HR","same-side matchup; pitcher baseline 6.5% barrel, 11.3 HR allowed",neutral batted-ball profile; pitcher fly-ball pressure modest,,
642215,Weston Wilson,SEA,BOS,2026-08-31T22:45:00Z,In Progress,8,Payton Tolle,801139,L,R,6.87,0.1465,86.46,98.6395,0.3276,0.1256,0.2789,72.57,26.33,46.71,26.76,36.59,4.3,6.47,35.08,87.87,0.3497,0.1338,27.6,11.3,11.3,11.3,Fenway Park,102,75,5,R To L,Yes,Yes,8,Yes,No,MLB Stats API; RotoWire,,H:2026/2025 P:2026/2025,,,Direct BvP not yet weighted; 2026/2025 Statcast baseline active,7,3,19,0,"Last 7 games: 3/19, 0 HR","platoon edge; pitcher baseline 6.5% barrel, 11.3 HR allowed",neutral batted-ball profile; pitcher fly-ball pressure modest,,
641487,J.P. Crawford,SEA,BOS,2026-08-31T22:45:00Z,In Progress,9,Payton Tolle,801139,L,L,5.81,0.1204,87.62,98.2965,0.365,0.1207,0.322,71.28,19.09,35.07,21.0,35.4,10.6,6.47,35.08,87.87,0.3497,0.1338,27.6,11.3,11.3,11.3,Fenway Park,102,75,5,R To L,Yes,Yes,9,Yes,No,MLB Stats API; RotoWire,,H:2026/2025 P:2026/2025,,,Direct BvP not yet weighted; 2026/2025 Statcast baseline active,7,2,16,0,"Last 7 games: 2/16, 0 HR","same-side matchup; pitcher baseline 6.5% barrel, 11.3 HR allowed",neutral batted-ball profile; pitcher fly-ball pressure modest,,
701350,Roman Anthony,BOS,SEA,2026-08-31T22:45:00Z,In Progress,1,George Kirby,669923,R,L,10.91,0.1192,92.96,102.7628,0.4322,0.1714,0.3566,75.42,53.09,37.62,22.65,51.34,3.1,7.2,42.01,89.83,0.3969,0.1416,24.31,16.4,16.4,16.4,Fenway Park,102,75,5,R To L,Yes,Yes,1,Yes,No,MLB Stats API; RotoWire,,H:2026/2025 P:2026/2025,,,Direct BvP not yet weighted; 2026/2025 Statcast baseline active,7,8,23,0,Contact streak: 8/23 over last 7 games,"platoon edge; pitcher baseline 7.2% barrel, 16.4 HR allowed",EV profile; pitcher fly-ball pressure modest,,
681508,Mickey Gasper,BOS,SEA,2026-08-31T22:45:00Z,In Progress,2,George Kirby,669923,R,S,6.55,0.1538,88.57,98.7087,0.3866,0.1496,0.3228,71.65,13.54,40.52,31.06,36.03,4.1,7.2,42.01,89.83,0.3969,0.1416,24.31,16.4,16.4,16.4,Fenway Park,102,75,5,R To L,Yes,Yes,2,Yes,No,MLB Stats API; RotoWire,,H:2026/2025 P:2026/2025,,,Direct BvP not yet weighted; 2026/2025 Statcast baseline active,7,7,12,3,Hot streak: 3 HR in last 7 games,"switch hitter; pitcher baseline 7.2% barrel, 16.4 HR allowed",neutral batted-ball profile; pitcher fly-ball pressure modest,,
678882,Ceddanne Rafaela,BOS,SEA,2026-08-31T22:45:00Z,In Progress,3,George Kirby,669923,R,R,6.47,0.1643,86.9,97.6786,0.3747,0.1292,0.2889,70.02,8.76,34.94,26.07,33.8,16.0,7.2,42.01,89.83,0.3969,0.1416,24.31,16.4,16.4,16.4,Fenway Park,102,75,5,R To L,Yes,Yes,3,Yes,No,MLB Stats API; RotoWire,,H:2026/2025 P:2026/2025,,,Direct BvP not yet weighted; 2026/2025 Statcast baseline active,7,5,27,0,"Last 7 games: 5/27, 0 HR","same-side matchup; pitcher baseline 7.2% barrel, 16.4 HR allowed",neutral batted-ball profile; pitcher fly-ball pressure modest,,
677800,Wilyer Abreu,BOS,SEA,2026-08-31T22:45:00Z,In Progress,4,George Kirby,669923,R,L,12.44,0.215,90.1,101.3969,0.4778,0.2243,0.3476,73.89,38.73,38.95,36.68,44.27,22.7,7.2,42.01,89.83,0.3969,0.1416,24.31,16.4,16.4,16.4,Fenway Park,102,75,5,R To L,Yes,Yes,4,Yes,No,MLB Stats API; RotoWire,,H:2026/2025 P:2026/2025,,,Direct BvP not yet weighted; 2026/2025 Statcast baseline active,7,6,23,1,"Last 7 games: 6/23, 1 HR","platoon edge; pitcher baseline 7.2% barrel, 16.4 HR allowed",fly-ball profile; pitcher fly-ball pressure modest,,
686765,Nick Sogard,BOS,SEA,2026-08-31T22:45:00Z,In Progress,5,George Kirby,669923,R,S,5.18,0.1225,86.07,96.7167,0.3582,0.1107,0.3132,68.71,3.26,45.73,23.81,30.08,2.1,7.2,42.01,89.83,0.3969,0.1416,24.31,16.4,16.4,16.4,Fenway Park,102,75,5,R To L,Yes,Yes,5,Yes,No,MLB Stats API; RotoWire,,H:2026/2025 P:2026/2025,,,Direct BvP not yet weighted; 2026/2025 Statcast baseline active,7,4,24,1,"Last 7 games: 4/24, 1 HR","switch hitter; pitcher baseline 7.2% barrel, 16.4 HR allowed",neutral batted-ball profile; pitcher fly-ball pressure modest,,
702332,Caleb Durbin,BOS,SEA,2026-08-31T22:45:00Z,In Progress,6,George Kirby,669923,R,R,3.09,0.1352,84.08,95.6874,0.3319,0.0902,0.2945,68.88,5.09,40.18,20.17,26.2,11.7,7.2,42.01,89.83,0.3969,0.1416,24.31,16.4,16.4,16.4,Fenway Park,102,75,5,R To L,Yes,Yes,6,Yes,No,MLB Stats API; RotoWire,,H:2026/2025 P:2026/2025,,,Direct BvP not yet weighted; 2026/2025 Statcast baseline active,7,4,21,0,"Last 7 games: 4/21, 0 HR","same-side matchup; pitcher baseline 7.2% barrel, 16.4 HR allowed",neutral batted-ball profile; pitcher fly-ball pressure modest,,
680776,Jarren Duran,BOS,SEA,2026-08-31T22:45:00Z,In Progress,7,George Kirby,669923,R,L,9.63,0.1657,90.4,102.0781,0.3932,0.1529,0.3071,74.98,50.03,38.62,22.93,42.46,17.4,7.2,42.01,89.83,0.3969,0.1416,24.31,16.4,16.4,16.4,Fenway Park,102,75,5,R To L,Yes,Yes,7,Yes,No,MLB Stats API; RotoWire,,H:2026/2025 P:2026/2025,,,Direct BvP not yet weighted; 2026/2025 Statcast baseline active,7,4,20,1,"Last 7 games: 4/20, 1 HR","platoon edge; pitcher baseline 7.2% barrel, 16.4 HR allowed",neutral batted-ball profile; pitcher fly-ball pressure modest,,
596115,Trevor Story,BOS,SEA,2026-08-31T22:45:00Z,In Progress,8,George Kirby,669923,R,R,5.49,0.1217,89.72,100.197,0.344,0.1205,0.2669,71.1,14.66,43.07,23.2,43.5,9.6,7.2,42.01,89.83,0.3969,0.1416,24.31,16.4,16.4,16.4,Fenway Park,102,75,5,R To L,Yes,Yes,8,Yes,No,MLB Stats API; RotoWire,,H:2026/2025 P:2026/2025,,,Direct BvP not yet weighted; 2026/2025 Statcast baseline active,7,6,21,1,"Last 7 games: 6/21, 1 HR","same-side matchup; pitcher baseline 7.2% barrel, 16.4 HR allowed",neutral batted-ball profile; pitcher fly-ball pressure modest,,
657136,Connor Wong,BOS,SEA,2026-08-31T22:45:00Z,In Progress,9,George Kirby,669923,R,R,4.5,0.1026,86.06,98.9283,0.33,0.1062,0.2856,72.79,27.96,40.8,23.49,35.2,2.8,7.2,42.01,89.83,0.3969,0.1416,24.31,16.4,16.4,16.4,Fenway Park,102,75,5,R To L,Yes,Yes,9,Yes,No,MLB Stats API; RotoWire,,H:2026/2025 P:2026/2025,,,Direct BvP not yet weighted; 2026/2025 Statcast baseline active,7,6,21,1,"Last 7 games: 6/21, 1 HR","same-side matchup; pitcher baseline 7.2% barrel, 16.4 HR allowed",neutral batted-ball profile; pitcher fly-ball pressure modest,,
681715,Heriberto Hernández,MIA,WSH,2026-08-31T22:45:00Z,In Progress,1,Will Dion,702021,L,R,12.82,0.2161,90.97,101.6932,0.47,0.2229,0.3459,74.07,44.9,46.75,30.2,47.01,18.4,5.7,33.0,88.0,0.35,0.133,33.0,6.0,6.0,6.0,Nationals Park,101,83,3,R To L,Yes,Yes,1,Yes,No,MLB Stats API; RotoWire,,H:2026/2025 P:2026,,,Direct BvP not yet weighted; 2026/2025 Statcast baseline active,7,7,25,3,Hot streak: 3 HR in last 7 games,"platoon edge; pitcher baseline 5.7% barrel, 6.0 HR allowed",neutral batted-ball profile; pitcher allows elevated contact,,
672640,Otto Lopez,MIA,WSH,2026-08-31T22:45:00Z,In Progress,2,Will Dion,702021,L,R,6.61,0.1339,88.92,100.1887,0.427,0.1482,0.3265,71.7,22.67,32.93,22.43,40.12,11.5,5.7,33.0,88.0,0.35,0.133,33.0,6.0,6.0,6.0,Nationals Park,101,83,3,R To L,Yes,Yes,2,Yes,No,MLB Stats API; RotoWire,,H:2026/2025 P:2026,,,Direct BvP not yet weighted; 2026/2025 Statcast baseline active,7,8,28,1,"Last 7 games: 8/28, 1 HR","platoon edge; pitcher baseline 5.7% barrel, 6.0 HR allowed",neutral batted-ball profile; pitcher allows elevated contact,,
682663,Agustín Ramírez,MIA,WSH,2026-08-31T22:45:00Z,In Progress,3,Will Dion,702021,L,R,5.61,0.1232,89.75,102.188,0.3394,0.1098,0.2949,75.55,56.74,41.38,17.09,41.89,7.7,5.7,33.0,88.0,0.35,0.133,33.0,6.0,6.0,6.0,Nationals Park,101,83,3,R To L,Yes,Yes,3,Yes,No,MLB Stats API; RotoWire,,H:2026/2025 P:2026,,,Direct BvP not yet weighted; 2026/2025 Statcast baseline active,7,3,17,0,"Last 7 games: 3/17, 0 HR","platoon edge; pitcher baseline 5.7% barrel, 6.0 HR allowed",neutral batted-ball profile; pitcher allows elevated contact,,
691594,Javier Sanoja,MIA,WSH,2026-08-31T22:45:00Z,In Progress,4,Will Dion,702021,L,R,2.01,0.1432,87.31,97.3404,0.3343,0.0788,0.2806,68.86,6.53,37.45,19.25,31.71,6.0,5.7,33.0,88.0,0.35,0.133,33.0,6.0,6.0,6.0,Nationals Park,101,83,3,R To L,Yes,Yes,4,Yes,No,MLB Stats API; RotoWire,,H:2026/2025 P:2026,,,Direct BvP not yet weighted; 2026/2025 Statcast baseline active,7,6,24,0,"Last 7 games: 6/24, 0 HR","platoon edge; pitcher baseline 5.7% barrel, 6.0 HR allowed",neutral batted-ball profile; pitcher allows elevated contact,,
669065,Kyle Stowers,MIA,WSH,2026-08-31T22:45:00Z,In Progress,5,Will Dion,702021,L,L,14.27,0.2273,91.94,103.3199,0.4663,0.2237,0.3435,75.28,55.16,46.34,32.06,54.59,18.7,5.7,33.0,88.0,0.35,0.133,33.0,6.0,6.0,6.0,Nationals Park,101,83,3,R To L,Yes,Yes,5,Yes,No,MLB Stats API; RotoWire,,H:2026/2025 P:2026,,,Direct BvP not yet weighted; 2026/2025 Statcast baseline active,7,4,18,0,"Last 7 games: 4/18, 0 HR","same-side matchup; pitcher baseline 5.7% barrel, 6.0 HR allowed",neutral batted-ball profile; pitcher allows elevated contact,,
677870,Leo Jiménez,MIA,WSH,2026-08-31T22:45:00Z,In Progress,6,Will Dion,702021,L,R,5.53,0.0736,90.53,100.125,0.3308,0.1045,0.2953,71.58,13.29,35.14,23.89,43.14,1.7,5.7,33.0,88.0,0.35,0.133,33.0,6.0,6.0,6.0,Nationals Park,101,83,3,R To L,Yes,Yes,6,Yes,No,MLB Stats API; RotoWire,,H:2026/2025 P:2026,,,Direct BvP not yet weighted; 2026/2025 Statcast baseline active,7,2,13,0,"Last 7 games: 2/13, 0 HR","platoon edge; pitcher baseline 5.7% barrel, 6.0 HR allowed",neutral batted-ball profile; pitcher allows elevated contact,,
805300,Jakob Marsee,MIA,WSH,2026-08-31T22:45:00Z,In Progress,7,Will Dion,702021,L,L,4.81,0.1349,87.71,98.5758,0.3531,0.1162,0.3162,70.43,6.0,41.86,23.89,36.78,7.1,5.7,33.0,88.0,0.35,0.133,33.0,6.0,6.0,6.0,Nationals Park,101,83,3,R To L,Yes,Yes,7,Yes,No,MLB Stats API; RotoWire,,H:2026/2025 P:2026,,,Direct BvP not yet weighted; 2026/2025 Statcast baseline active,7,5,21,1,"Last 7 games: 5/21, 1 HR","same-side matchup; pitcher baseline 5.7% barrel, 6.0 HR allowed",neutral batted-ball profile; pitcher allows elevated contact,,
665923,Esteury Ruiz,MIA,WSH,2026-08-31T22:45:00Z,In Progress,8,Will Dion,702021,L,R,7.77,0.171,84.37,96.2164,0.3223,0.1379,0.2854,71.31,17.68,44.03,25.97,26.67,4.5,5.7,33.0,88.0,0.35,0.133,33.0,6.0,6.0,6.0,Nationals Park,101,83,3,R To L,Yes,Yes,8,Yes,No,MLB Stats API; RotoWire,,H:2026/2025 P:2026,,,Direct BvP not yet weighted; 2026/2025 Statcast baseline active,7,1,12,0,"Last 7 games: 1/12, 0 HR","platoon edge; pitcher baseline 5.7% barrel, 6.0 HR allowed",neutral batted-ball profile; pitcher allows elevated contact,,
640459,Brian Navarreto,MIA,WSH,2026-08-31T22:45:00Z,In Progress,9,Will Dion,702021,L,R,12.89,0.1827,88.26,98.0913,0.2755,0.1155,0.2276,73.07,26.18,55.15,20.77,33.45,1.0,5.7,33.0,88.0,0.35,0.133,33.0,6.0,6.0,6.0,Nationals Park,101,83,3,R To L,Yes,Yes,9,Yes,No,MLB Stats API; RotoWire,,H:2026/2025 P:2026,,,Direct BvP not yet weighted; 2026/2025 Statcast baseline active,7,0,8,0,"Last 7 games: 0/8, 0 HR","platoon edge; pitcher baseline 5.7% barrel, 6.0 HR allowed",neutral batted-ball profile; pitcher allows elevated contact,,
695734,Daylen Lile,WSH,MIA,2026-08-31T22:45:00Z,In Progress,1,Ryan Gusto,687473,R,L,7.58,0.1829,88.69,98.9591,0.4392,0.1663,0.3312,70.64,9.08,41.01,33.04,38.42,15.3,8.66,44.44,89.83,0.4285,0.1655,25.49,10.7,10.7,10.7,Nationals Park,101,83,3,R To L,Yes,Yes,1,Yes,No,MLB Stats API; RotoWire,,H:2026/2025 P:2026/2025,,,Direct BvP not yet weighted; 2026/2025 Statcast baseline active,7,9,20,2,Hot streak: 2 HR in last 7 games,"platoon edge; pitcher baseline 8.7% barrel, 10.7 HR allowed",neutral batted-ball profile; pitcher fly-ball pressure modest,,
694673,Abimelec Ortiz,WSH,MIA,2026-08-31T22:45:00Z,In Progress,2,Ryan Gusto,687473,R,L,9.5,0.214,90.3,100.0956,0.459,0.217,0.314,75.6,60.3,44.4,33.3,41.3,5.0,8.66,44.44,89.83,0.4285,0.1655,25.49,10.7,10.7,10.7,Nationals Park,101,83,3,R To L,Yes,Yes,2,Yes,No,MLB Stats API; RotoWire,,H:2026 P:2026/2025,,,Direct BvP not yet weighted; 2026/2025 Statcast baseline active,7,6,23,0,"Last 7 games: 6/23, 0 HR","platoon edge; pitcher baseline 8.7% barrel, 10.7 HR allowed",neutral batted-ball profile; pitcher fly-ball pressure modest,,
665953,Andrés Chaparro,WSH,MIA,2026-08-31T22:45:00Z,In Progress,3,Ryan Gusto,687473,R,R,13.13,0.2104,88.52,101.1119,0.4314,0.203,0.3336,74.28,43.77,50.62,26.3,44.03,6.6,8.66,44.44,89.83,0.4285,0.1655,25.49,10.7,10.7,10.7,Nationals Park,101,83,3,R To L,Yes,Yes,3,Yes,No,MLB Stats API; RotoWire,,H:2026/2025 P:2026/2025,,,Direct BvP not yet weighted; 2026/2025 Statcast baseline active,7,5,20,1,"Last 7 games: 5/20, 1 HR","same-side matchup; pitcher baseline 8.7% barrel, 10.7 HR allowed",neutral batted-ball profile; pitcher fly-ball pressure modest,,
660688,Keibert Ruiz,WSH,MIA,2026-08-31T22:45:00Z,In Progress,4,Ryan Gusto,687473,R,S,3.95,0.1403,87.6,97.5184,0.358,0.1073,0.2842,67.22,0.93,55.24,26.21,34.75,6.9,8.66,44.44,89.83,0.4285,0.1655,25.49,10.7,10.7,10.7,Nationals Park,101,83,3,R To L,Yes,Yes,4,Yes,No,MLB Stats API; RotoWire,,H:2026/2025 P:2026/2025,,,Direct BvP not yet weighted; 2026/2025 Statcast baseline active,7,8,21,2,Hot streak: 2 HR in last 7 games,"switch hitter; pitcher baseline 8.7% barrel, 10.7 HR allowed",neutral batted-ball profile; pitcher fly-ball pressure modest,,
691781,Brady House,WSH,MIA,2026-08-31T22:45:00Z,In Progress,5,Ryan Gusto,687473,R,R,9.06,0.1412,89.94,101.81,0.4253,0.1651,0.3204,73.31,31.09,32.89,26.14,47.14,8.2,8.66,44.44,89.83,0.4285,0.1655,25.49,10.7,10.7,10.7,Nationals Park,101,83,3,R To L,Yes,Yes,5,Yes,No,MLB Stats API; RotoWire,,H:2026/2025 P:2026/2025,,,Direct BvP not yet weighted; 2026/2025 Statcast baseline active,7,5,19,1,"Last 7 games: 5/19, 1 HR","same-side matchup; pitcher baseline 8.7% barrel, 10.7 HR allowed",neutral batted-ball profile; pitcher fly-ball pressure modest,,
678391,Jorbit Vivas,WSH,MIA,2026-08-31T22:45:00Z,In Progress,6,Ryan Gusto,687473,R,L,3.86,0.0862,83.66,95.131,0.324,0.0799,0.3024,69.6,4.45,41.53,21.74,26.63,2.4,8.66,44.44,89.83,0.4285,0.1655,25.49,10.7,10.7,10.7,Nationals Park,101,83,3,R To L,Yes,Yes,6,Yes,No,MLB Stats API; RotoWire,,H:2026/2025 P:2026/2025,,,Direct BvP not yet weighted; 2026/2025 Statcast baseline active,7,7,18,0,Contact streak: 7/18 over last 7 games,"platoon edge; pitcher baseline 8.7% barrel, 10.7 HR allowed",neutral batted-ball profile; pitcher fly-ball pressure modest,,
696285,Jacob Young,WSH,MIA,2026-08-31T22:45:00Z,In Progress,7,Ryan Gusto,687473,R,R,4.91,0.1204,87.74,97.9137,0.3745,0.1139,0.3117,69.21,2.09,35.63,24.21,32.31,7.6,8.66,44.44,89.83,0.4285,0.1655,25.49,10.7,10.7,10.7,Nationals Park,101,83,3,R To L,Yes,Yes,7,Yes,No,MLB Stats API; RotoWire,,H:2026/2025 P:2026/2025,,,Direct BvP not yet weighted; 2026/2025 Statcast baseline active,7,6,22,0,"Last 7 games: 6/22, 0 HR","same-side matchup; pitcher baseline 8.7% barrel, 10.7 HR allowed",neutral batted-ball profile; pitcher fly-ball pressure modest,,
683083,Nasim Nuñez,WSH,MIA,2026-08-31T22:45:00Z,In Progress,8,Ryan Gusto,687473,R,S,1.83,0.0762,86.22,96.1301,0.3019,0.0741,0.2757,68.67,4.7,30.8,19.52,27.85,1.9,8.66,44.44,89.83,0.4285,0.1655,25.49,10.7,10.7,10.7,Nationals Park,101,83,3,R To L,Yes,Yes,8,Yes,No,MLB Stats API; RotoWire,,H:2026/2025 P:2026/2025,,,Direct BvP not yet weighted; 2026/2025 Statcast baseline active,7,2,23,0,"Last 7 games: 2/23, 0 HR","switch hitter; pitcher baseline 8.7% barrel, 10.7 HR allowed",neutral batted-ball profile; pitcher fly-ball pressure modest,,
687605,Andrew Pinckney,WSH,MIA,2026-08-31T22:45:00Z,In Progress,9,Ryan Gusto,687473,R,R,16.7,0.278,94.8,103.8108,0.421,0.179,0.339,75.0,58.3,25.0,25.0,58.3,1.0,8.66,44.44,89.83,0.4285,0.1655,25.49,10.7,10.7,10.7,Nationals Park,101,83,3,R To L,Yes,Yes,9,Yes,No,MLB Stats API; RotoWire,,H:2026 P:2026/2025,,,Direct BvP not yet weighted; 2026/2025 Statcast baseline active,7,2,12,0,"Last 7 games: 2/12, 0 HR","same-side matchup; pitcher baseline 8.7% barrel, 10.7 HR allowed",EV profile; pitcher fly-ball pressure modest,,
650402,Gleyber Torres,DET,MIN,2026-08-31T23:40:00Z,Pre-Game,1,Taj Bradley,671737,R,R,7.29,0.1247,87.34,97.6904,0.399,0.1447,0.3357,68.7,5.96,26.48,27.8,34.52,10.4,8.8,43.61,90.32,0.3854,0.1568,29.4,19.7,19.7,19.7,Target Field,99,90,8,Out To RF,Yes,Yes,1,Yes,No,MLB Stats API; RotoWire,,H:2026/2025 P:2026/2025,,,Direct BvP not yet weighted; 2026/2025 Statcast baseline active,7,6,28,0,"Last 7 games: 6/28, 0 HR","same-side matchup; pitcher baseline 8.8% barrel, 19.7 HR allowed",neutral batted-ball profile; pitcher fly-ball pressure modest,,
690993,Colt Keith,DET,MIN,2026-08-31T23:40:00Z,Pre-Game,2,Taj Bradley,671737,R,L,8.01,0.1493,89.3,100.2511,0.4356,0.1639,0.3382,71.54,16.13,38.15,25.95,42.58,10.2,8.8,43.61,90.32,0.3854,0.1568,29.4,19.7,19.7,19.7,Target Field,99,90,8,Out To RF,Yes,Yes,2,Yes,No,MLB Stats API; RotoWire,,H:2026/2025 P:2026/2025,,,Direct BvP not yet weighted; 2026/2025 Statcast baseline active,7,0,17,0,"Last 7 games: 0/17, 0 HR","platoon edge; pitcher baseline 8.8% barrel, 19.7 HR allowed",neutral batted-ball profile; pitcher fly-ball pressure modest,,
805808,Kevin McGonigle,DET,MIN,2026-08-31T23:40:00Z,Pre-Game,3,Taj Bradley,671737,R,L,7.3,0.142,88.2,98.2716,0.435,0.174,0.352,71.2,16.1,37.1,36.4,36.8,14.0,8.8,43.61,90.32,0.3854,0.1568,29.4,19.7,19.7,19.7,Target Field,99,90,8,Out To RF,Yes,Yes,3,Yes,No,MLB Stats API; RotoWire,,H:2026 P:2026/2025,,,Direct BvP not yet weighted; 2026/2025 Statcast baseline active,7,5,27,1,"Last 7 games: 5/27, 1 HR","platoon edge; pitcher baseline 8.8% barrel, 19.7 HR allowed",fly-ball profile; pitcher fly-ball pressure modest,,
693307,Dillon Dingler,DET,MIN,2026-08-31T23:40:00Z,Pre-Game,4,Taj Bradley,671737,R,R,9.9,0.1988,88.88,100.5786,0.4713,0.1997,0.3483,71.7,15.48,40.59,28.78,43.32,22.1,8.8,43.61,90.32,0.3854,0.1568,29.4,19.7,19.7,19.7,Target Field,99,90,8,Out To RF,Yes,Yes,4,Yes,No,MLB Stats API; RotoWire,,H:2026/2025 P:2026/2025,,,Direct BvP not yet weighted; 2026/2025 Statcast baseline active,7,5,23,0,"Last 7 games: 5/23, 0 HR","same-side matchup; pitcher baseline 8.8% barrel, 19.7 HR allowed",neutral batted-ball profile; pitcher fly-ball pressure modest,,
814430,Brett Callahan,DET,MIN,2026-08-31T23:40:00Z,Pre-Game,5,Taj Bradley,671737,R,L,4.8,0.222,91.4,100.4768,0.458,0.164,0.351,74.2,44.2,38.1,28.6,47.6,1.0,8.8,43.61,90.32,0.3854,0.1568,29.4,19.7,19.7,19.7,Target Field,99,90,8,Out To RF,Yes,Yes,5,Yes,No,MLB Stats API; RotoWire,,H:2026 P:2026/2025,,,Direct BvP not yet weighted; 2026/2025 Statcast baseline active,7,3,16,0,"Last 7 games: 3/16, 0 HR","platoon edge; pitcher baseline 8.8% barrel, 19.7 HR allowed",neutral batted-ball profile; pitcher fly-ball pressure modest,,
656716,Zach McKinstry,DET,MIN,2026-08-31T23:40:00Z,Pre-Game,6,Taj Bradley,671737,R,L,3.37,0.1244,85.7,95.6757,0.3279,0.0914,0.291,67.92,4.0,40.54,27.02,24.76,6.4,8.8,43.61,90.32,0.3854,0.1568,29.4,19.7,19.7,19.7,Target Field,99,90,8,Out To RF,Yes,Yes,6,Yes,No,MLB Stats API; RotoWire,,H:2026/2025 P:2026/2025,,,Direct BvP not yet weighted; 2026/2025 Statcast baseline active,7,1,20,0,"Last 7 games: 1/20, 0 HR","platoon edge; pitcher baseline 8.8% barrel, 19.7 HR allowed",neutral batted-ball profile; pitcher fly-ball pressure modest,,
679529,Spencer Torkelson,DET,MIN,2026-08-31T23:40:00Z,Pre-Game,7,Taj Bradley,671737,R,R,12.66,0.1929,89.57,100.1348,0.4112,0.195,0.3158,73.07,25.81,46.79,35.62,42.23,23.3,8.8,43.61,90.32,0.3854,0.1568,29.4,19.7,19.7,19.7,Target Field,99,90,8,Out To RF,Yes,Yes,7,Yes,No,MLB Stats API; RotoWire,,H:2026/2025 P:2026/2025,,,Direct BvP not yet weighted; 2026/2025 Statcast baseline active,7,3,20,0,"Last 7 games: 3/20, 0 HR","same-side matchup; pitcher baseline 8.8% barrel, 19.7 HR allowed",fly-ball profile; pitcher fly-ball pressure modest,,
703601,Max Clark,DET,MIN,2026-08-31T23:40:00Z,Pre-Game,8,Taj Bradley,671737,R,L,1.3,0.169,86.5,97.7926,0.365,0.094,0.308,73.4,29.0,36.0,26.7,38.7,2.0,8.8,43.61,90.32,0.3854,0.1568,29.4,19.7,19.7,19.7,Target Field,99,90,8,Out To RF,Yes,Yes,8,Yes,No,MLB Stats API; RotoWire,,H:2026 P:2026/2025,,,Direct BvP not yet weighted; 2026/2025 Statcast baseline active,7,4,19,1,"Last 7 games: 4/19, 1 HR","platoon edge; pitcher baseline 8.8% barrel, 19.7 HR allowed",neutral batted-ball profile; pitcher fly-ball pressure modest,,
701678,Hao-Yu Lee,DET,MIN,2026-08-31T23:40:00Z,Pre-Game,9,Taj Bradley,671737,R,R,8.6,0.145,89.6,100.2399,0.401,0.161,0.302,71.5,21.7,29.2,25.9,41.1,7.0,8.8,43.61,90.32,0.3854,0.1568,29.4,19.7,19.7,19.7,Target Field,99,90,8,Out To RF,Yes,Yes,9,Yes,No,MLB Stats API; RotoWire,,H:2026 P:2026/2025,,,Direct BvP not yet weighted; 2026/2025 Statcast baseline active,7,4,25,0,"Last 7 games: 4/25, 0 HR","same-side matchup; pitcher baseline 8.8% barrel, 19.7 HR allowed",neutral batted-ball profile; pitcher fly-ball pressure modest,,
807712,Luke Keaschall,MIN,DET,2026-08-31T23:40:00Z,Pre-Game,1,Jackson Jobe,695549,R,R,4.08,0.1241,85.64,96.8406,0.3647,0.116,0.3163,68.64,7.52,37.91,27.74,29.94,7.5,9.19,41.48,88.61,0.4394,0.1764,22.68,3.5,3.5,3.5,Target Field,99,90,8,Out To RF,Yes,Yes,1,Yes,No,MLB Stats API; RotoWire,,H:2026/2025 P:2026/2025,,,Direct BvP not yet weighted; 2026/2025 Statcast baseline active,7,8,29,1,"Last 7 games: 8/29, 1 HR","same-side matchup; pitcher baseline 9.2% barrel, 3.5 HR allowed",neutral batted-ball profile; pitcher fly-ball pressure modest,,
686797,Brooks Lee,MIN,DET,2026-08-31T23:40:00Z,Pre-Game,2,Jackson Jobe,695549,R,S,4.54,0.1739,88.25,97.6699,0.3495,0.1232,0.2771,69.92,8.56,41.92,29.35,35.14,20.2,9.19,41.48,88.61,0.4394,0.1764,22.68,3.5,3.5,3.5,Target Field,99,90,8,Out To RF,Yes,Yes,2,Yes,No,MLB Stats API; RotoWire,,H:2026/2025 P:2026/2025,,,Direct BvP not yet weighted; 2026/2025 Statcast baseline active,7,8,29,3,Hot streak: 3 HR in last 7 games,"switch hitter; pitcher baseline 9.2% barrel, 3.5 HR allowed",neutral batted-ball profile; pitcher fly-ball pressure modest,,
665019,Kody Clemens,MIN,DET,2026-08-31T23:40:00Z,Pre-Game,3,Jackson Jobe,695549,R,L,11.93,0.2224,92.13,101.5416,0.4615,0.2118,0.3331,72.06,14.56,46.01,33.46,47.18,21.1,9.19,41.48,88.61,0.4394,0.1764,22.68,3.5,3.5,3.5,Target Field,99,90,8,Out To RF,Yes,Yes,3,Yes,No,MLB Stats API; RotoWire,,H:2026/2025 P:2026/2025,,,Direct BvP not yet weighted; 2026/2025 Statcast baseline active,7,5,26,1,"Last 7 games: 5/26, 1 HR","platoon edge; pitcher baseline 9.2% barrel, 3.5 HR allowed",lift-pull EV profile; pitcher fly-ball pressure modest,,
680777,Ryan Jeffers,MIN,DET,2026-08-31T23:40:00Z,Pre-Game,4,Jackson Jobe,695549,R,R,9.52,0.1751,88.74,100.8056,0.4224,0.1745,0.3432,73.0,36.19,36.41,26.98,40.35,9.7,9.19,41.48,88.61,0.4394,0.1764,22.68,3.5,3.5,3.5,Target Field,99,90,8,Out To RF,Yes,Yes,4,Yes,No,MLB Stats API; RotoWire,,H:2026/2025 P:2026/2025,,,Direct BvP not yet weighted; 2026/2025 Statcast baseline active,7,5,26,0,"Last 7 games: 5/26, 0 HR","same-side matchup; pitcher baseline 9.2% barrel, 3.5 HR allowed",neutral batted-ball profile; pitcher fly-ball pressure modest,,
605137,Josh Bell,MIN,DET,2026-08-31T23:40:00Z,Pre-Game,5,Jackson Jobe,695549,R,S,10.28,0.1702,89.91,100.8689,0.45,0.1975,0.3373,72.4,28.85,41.5,26.92,43.01,18.5,9.19,41.48,88.61,0.4394,0.1764,22.68,3.5,3.5,3.5,Target Field,99,90,8,Out To RF,Yes,Yes,5,Yes,No,MLB Stats API; RotoWire,,H:2026/2025 P:2026/2025,,,Direct BvP not yet weighted; 2026/2025 Statcast baseline active,7,6,26,0,"Last 7 games: 6/26, 0 HR","switch hitter; pitcher baseline 9.2% barrel, 3.5 HR allowed",neutral batted-ball profile; pitcher fly-ball pressure modest,,
663616,Trevor Larnach,MIN,DET,2026-08-31T23:40:00Z,Pre-Game,6,Jackson Jobe,695549,R,L,7.34,0.1568,88.59,99.7794,0.4023,0.1432,0.3271,72.1,22.34,42.76,24.19,39.75,12.8,9.19,41.48,88.61,0.4394,0.1764,22.68,3.5,3.5,3.5,Target Field,99,90,8,Out To RF,Yes,Yes,6,Yes,No,MLB Stats API; RotoWire,,H:2026/2025 P:2026/2025,,,Direct BvP not yet weighted; 2026/2025 Statcast baseline active,7,5,22,1,"Last 7 games: 5/22, 1 HR","platoon edge; pitcher baseline 9.2% barrel, 3.5 HR allowed",neutral batted-ball profile; pitcher fly-ball pressure modest,,
668904,Royce Lewis,MIN,DET,2026-08-31T23:40:00Z,Pre-Game,7,Jackson Jobe,695549,R,R,10.24,0.1594,89.8,100.6541,0.4042,0.1628,0.3082,74.72,50.38,47.14,29.8,40.51,13.0,9.19,41.48,88.61,0.4394,0.1764,22.68,3.5,3.5,3.5,Target Field,99,90,8,Out To RF,Yes,Yes,7,Yes,No,MLB Stats API; RotoWire,,H:2026/2025 P:2026/2025,,,Direct BvP not yet weighted; 2026/2025 Statcast baseline active,7,5,26,0,"Last 7 games: 5/26, 0 HR","same-side matchup; pitcher baseline 9.2% barrel, 3.5 HR allowed",neutral batted-ball profile; pitcher fly-ball pressure modest,,
701785,Kaelen Culpepper,MIN,DET,2026-08-31T23:40:00Z,Pre-Game,8,Jackson Jobe,695549,R,R,6.0,0.165,87.9,97.6255,0.429,0.168,0.326,73.3,34.1,41.2,27.5,31.4,3.0,9.19,41.48,88.61,0.4394,0.1764,22.68,3.5,3.5,3.5,Target Field,99,90,8,Out To RF,Yes,Yes,8,Yes,No,MLB Stats API; RotoWire,,H:2026 P:2026/2025,,,Direct BvP not yet weighted; 2026/2025 Statcast baseline active,7,9,25,1,Contact streak: 9/25 over last 7 games,"same-side matchup; pitcher baseline 9.2% barrel, 3.5 HR allowed",neutral batted-ball profile; pitcher fly-ball pressure modest,,
805805,Walker Jenkins,MIN,DET,2026-08-31T23:40:00Z,Pre-Game,9,Jackson Jobe,695549,R,L,12.5,0.111,85.2,97.8083,0.372,0.156,0.294,71.8,23.5,62.5,25.0,37.5,0.0,9.19,41.48,88.61,0.4394,0.1764,22.68,3.5,3.5,3.5,Target Field,99,90,8,Out To RF,Yes,Yes,9,Yes,No,MLB Stats API; RotoWire,,H:2026 P:2026/2025,,,Direct BvP not yet weighted; 2026/2025 Statcast baseline active,3,2,9,0,"Last 3 games: 2/9, 0 HR","platoon edge; pitcher baseline 9.2% barrel, 3.5 HR allowed",neutral batted-ball profile; pitcher fly-ball pressure modest,,
668930,Brice Turang,MIL,CHC,2026-08-31T23:40:00Z,Pre-Game,1,Clay Holmes,605280,R,L,7.72,0.1652,90.47,100.371,0.4248,0.1698,0.3371,70.18,13.27,27.72,24.13,43.13,17.3,5.82,42.16,89.56,0.3765,0.1241,19.39,7.0,7.0,7.0,Wrigley Field,104,85,11,Out To CF,Yes,Yes,1,Yes,No,MLB Stats API; RotoWire,,H:2026/2025 P:2026/2025,,,Direct BvP not yet weighted; 2026/2025 Statcast baseline active,7,4,29,1,"Last 7 games: 4/29, 1 HR","platoon edge; pitcher baseline 5.8% barrel, 7.0 HR allowed",neutral batted-ball profile; pitcher fly-ball pressure modest,,
694192,Jackson Chourio,MIL,CHC,2026-08-31T23:40:00Z,Pre-Game,2,Clay Holmes,605280,R,R,12.15,0.1944,91.19,101.986,0.4624,0.2077,0.3315,74.25,44.03,30.73,28.78,46.22,20.3,5.82,42.16,89.56,0.3765,0.1241,19.39,7.0,7.0,7.0,Wrigley Field,104,85,11,Out To CF,Yes,Yes,2,Yes,No,MLB Stats API; RotoWire,,H:2026/2025 P:2026/2025,,,Direct BvP not yet weighted; 2026/2025 Statcast baseline active,7,9,31,3,Hot streak: 3 HR in last 7 games,"same-side matchup; pitcher baseline 5.8% barrel, 7.0 HR allowed",neutral batted-ball profile; pitcher fly-ball pressure modest,,
641343,Jake Bauers,MIL,CHC,2026-08-31T23:40:00Z,Pre-Game,3,Clay Holmes,605280,R,L,13.77,0.2067,92.19,103.0923,0.4696,0.2195,0.3659,76.57,69.93,41.04,30.75,50.99,18.2,5.82,42.16,89.56,0.3765,0.1241,19.39,7.0,7.0,7.0,Wrigley Field,104,85,11,Out To CF,Yes,Yes,3,Yes,No,MLB Stats API; RotoWire,,H:2026/2025 P:2026/2025,,,Direct BvP not yet weighted; 2026/2025 Statcast baseline active,7,5,22,1,"Last 7 games: 5/22, 1 HR","platoon edge; pitcher baseline 5.8% barrel, 7.0 HR allowed",lift-pull EV profile; pitcher fly-ball pressure modest,,
661388,William Contreras,MIL,CHC,2026-08-31T23:40:00Z,Pre-Game,4,Clay Holmes,605280,R,R,7.45,0.1313,90.4,101.5794,0.4266,0.1674,0.3336,73.34,36.09,36.11,24.15,45.21,14.2,5.82,42.16,89.56,0.3765,0.1241,19.39,7.0,7.0,7.0,Wrigley Field,104,85,11,Out To CF,Yes,Yes,4,Yes,No,MLB Stats API; RotoWire,,H:2026/2025 P:2026/2025,,,Direct BvP not yet weighted; 2026/2025 Statcast baseline active,7,11,29,1,Contact streak: 11/29 over last 7 games,"same-side matchup; pitcher baseline 5.8% barrel, 7.0 HR allowed",neutral batted-ball profile; pitcher fly-ball pressure modest,,
592885,Christian Yelich,MIL,CHC,2026-08-31T23:40:00Z,Pre-Game,5,Clay Holmes,605280,R,L,10.3,0.1572,89.29,101.0469,0.411,0.1716,0.3202,73.16,31.97,33.96,18.74,44.02,15.0,5.82,42.16,89.56,0.3765,0.1241,19.39,7.0,7.0,7.0,Wrigley Field,104,85,11,Out To CF,Yes,Yes,5,Yes,No,MLB Stats API; RotoWire,,H:2026/2025 P:2026/2025,,,Direct BvP not yet weighted; 2026/2025 Statcast baseline active,7,9,24,0,Contact streak: 9/24 over last 7 games,"platoon edge; pitcher baseline 5.8% barrel, 7.0 HR allowed",neutral batted-ball profile; pitcher fly-ball pressure modest,,
669003,Garrett Mitchell,MIL,CHC,2026-08-31T23:40:00Z,Pre-Game,6,Clay Holmes,605280,R,L,10.41,0.1321,92.15,103.6153,0.4089,0.1582,0.33,77.15,77.16,34.0,17.41,48.64,6.3,5.82,42.16,89.56,0.3765,0.1241,19.39,7.0,7.0,7.0,Wrigley Field,104,85,11,Out To CF,Yes,Yes,6,Yes,No,MLB Stats API; RotoWire,,H:2026/2025 P:2026/2025,,,Direct BvP not yet weighted; 2026/2025 Statcast baseline active,7,5,22,0,"Last 7 games: 5/22, 0 HR","platoon edge; pitcher baseline 5.8% barrel, 7.0 HR allowed",EV profile; pitcher fly-ball pressure modest,,
686217,Sal Frelick,MIL,CHC,2026-08-31T23:40:00Z,Pre-Game,7,Clay Holmes,605280,R,L,2.54,0.103,85.85,96.4875,0.3271,0.0812,0.2878,68.24,3.62,39.46,20.9,27.96,6.4,5.82,42.16,89.56,0.3765,0.1241,19.39,7.0,7.0,7.0,Wrigley Field,104,85,11,Out To CF,Yes,Yes,7,Yes,No,MLB Stats API; RotoWire,,H:2026/2025 P:2026/2025,,,Direct BvP not yet weighted; 2026/2025 Statcast baseline active,7,6,23,1,"Last 7 games: 6/23, 1 HR","platoon edge; pitcher baseline 5.8% barrel, 7.0 HR allowed",neutral batted-ball profile; pitcher fly-ball pressure modest,,
666152,David Hamilton,MIL,CHC,2026-08-31T23:40:00Z,Pre-Game,8,Clay Holmes,605280,R,L,4.25,0.1049,86.81,96.7928,0.312,0.0946,0.2698,69.73,6.8,34.9,25.39,27.73,4.6,5.82,42.16,89.56,0.3765,0.1241,19.39,7.0,7.0,7.0,Wrigley Field,104,85,11,Out To CF,Yes,Yes,8,Yes,No,MLB Stats API; RotoWire,,H:2026/2025 P:2026/2025,,,Direct BvP not yet weighted; 2026/2025 Statcast baseline active,7,5,23,0,"Last 7 games: 5/23, 0 HR","platoon edge; pitcher baseline 5.8% barrel, 7.0 HR allowed",neutral batted-ball profile; pitcher fly-ball pressure modest,,
806198,Cooper Pratt,MIL,CHC,2026-08-31T23:40:00Z,Pre-Game,9,Clay Holmes,605280,R,R,3.2,0.083,86.9,96.8127,0.34,0.09,0.305,70.1,7.6,33.9,24.4,29.1,2.0,5.82,42.16,89.56,0.3765,0.1241,19.39,7.0,7.0,7.0,Wrigley Field,104,85,11,Out To CF,Yes,Yes,9,Yes,No,MLB Stats API; RotoWire,,H:2026 P:2026/2025,,,Direct BvP not yet weighted; 2026/2025 Statcast baseline active,7,4,15,0,"Last 7 games: 4/15, 0 HR","same-side matchup; pitcher baseline 5.8% barrel, 7.0 HR allowed",neutral batted-ball profile; pitcher fly-ball pressure modest,,
691718,Pete Crow-Armstrong,CHC,MIL,2026-08-31T23:40:00Z,Pre-Game,1,Kyle Harrison,690986,L,L,13.17,0.276,89.99,101.6408,0.4897,0.2372,0.3539,74.24,44.46,49.95,35.92,46.85,35.9,6.8,37.87,89.37,0.3698,0.1392,28.44,11.0,11.0,11.0,Wrigley Field,104,85,11,Out To CF,Yes,Yes,1,Yes,No,MLB Stats API; RotoWire,,H:2026/2025 P:2026/2025,,,Direct BvP not yet weighted; 2026/2025 Statcast baseline active,7,11,32,6,Hot streak: 6 HR in last 7 games,"same-side matchup; pitcher baseline 6.8% barrel, 11.0 HR allowed",fly-ball profile; pitcher fly-ball pressure modest,,
673548,Seiya Suzuki,CHC,MIL,2026-08-31T23:40:00Z,Pre-Game,2,Kyle Harrison,690986,L,R,12.26,0.219,89.34,101.0353,0.4461,0.1991,0.3408,73.37,37.32,42.53,31.2,41.56,25.7,6.8,37.87,89.37,0.3698,0.1392,28.44,11.0,11.0,11.0,Wrigley Field,104,85,11,Out To CF,Yes,Yes,2,Yes,No,MLB Stats API; RotoWire,,H:2026/2025 P:2026/2025,,,Direct BvP not yet weighted; 2026/2025 Statcast baseline active,7,11,29,1,Contact streak: 11/29 over last 7 games,"platoon edge; pitcher baseline 6.8% barrel, 11.0 HR allowed",neutral batted-ball profile; pitcher fly-ball pressure modest,,
608324,Alex Bregman,CHC,MIL,2026-08-31T23:40:00Z,Pre-Game,3,Kyle Harrison,690986,L,R,5.62,0.1736,88.7,98.2823,0.3885,0.1418,0.3216,70.16,4.87,46.79,27.23,39.36,19.4,6.8,37.87,89.37,0.3698,0.1392,28.44,11.0,11.0,11.0,Wrigley Field,104,85,11,Out To CF,Yes,Yes,3,Yes,No,MLB Stats API; RotoWire,,H:2026/2025 P:2026/2025,,,Direct BvP not yet weighted; 2026/2025 Statcast baseline active,7,6,29,1,"Last 7 games: 6/29, 1 HR","platoon edge; pitcher baseline 6.8% barrel, 11.0 HR allowed",neutral batted-ball profile; pitcher fly-ball pressure modest,,
621438,Tyrone Taylor,CHC,MIL,2026-08-31T23:40:00Z,Pre-Game,4,Kyle Harrison,690986,L,R,7.65,0.1856,86.5,98.2991,0.4053,0.1567,0.3092,71.21,12.63,50.05,30.56,34.61,7.6,6.8,37.87,89.37,0.3698,0.1392,28.44,11.0,11.0,11.0,Wrigley Field,104,85,11,Out To CF,Yes,Yes,4,Yes,No,MLB Stats API; RotoWire,,H:2026/2025 P:2026/2025,,,Direct BvP not yet weighted; 2026/2025 Statcast baseline active,7,10,18,0,Contact streak: 10/18 over last 7 games,"platoon edge; pitcher baseline 6.8% barrel, 11.0 HR allowed",neutral batted-ball profile; pitcher fly-ball pressure modest,,
663538,Nico Hoerner,CHC,MIL,2026-08-31T23:40:00Z,Pre-Game,5,Kyle Harrison,690986,L,R,1.56,0.0942,86.14,96.2492,0.3805,0.0829,0.3234,68.33,1.76,32.59,21.63,28.83,7.0,6.8,37.87,89.37,0.3698,0.1392,28.44,11.0,11.0,11.0,Wrigley Field,104,85,11,Out To CF,Yes,Yes,5,Yes,No,MLB Stats API; RotoWire,,H:2026/2025 P:2026/2025,,,Direct BvP not yet weighted; 2026/2025 Statcast baseline active,7,7,28,0,"Last 7 games: 7/28, 0 HR","platoon edge; pitcher baseline 6.8% barrel, 11.0 HR allowed",neutral batted-ball profile; pitcher fly-ball pressure modest,,
683737,Michael Busch,CHC,MIL,2026-08-31T23:40:00Z,Pre-Game,6,Kyle Harrison,690986,L,L,11.64,0.185,89.47,99.7206,0.4444,0.2048,0.3444,68.97,5.85,39.72,35.18,42.12,22.1,6.8,37.87,89.37,0.3698,0.1392,28.44,11.0,11.0,11.0,Wrigley Field,104,85,11,Out To CF,Yes,Yes,6,Yes,No,MLB Stats API; RotoWire,,H:2026/2025 P:2026/2025,,,Direct BvP not yet weighted; 2026/2025 Statcast baseline active,7,4,26,1,"Last 7 games: 4/26, 1 HR","same-side matchup; pitcher baseline 6.8% barrel, 11.0 HR allowed",fly-ball profile; pitcher fly-ball pressure modest,,
608348,Carson Kelly,CHC,MIL,2026-08-31T23:40:00Z,Pre-Game,7,Kyle Harrison,690986,L,R,6.66,0.1419,87.68,98.7483,0.3879,0.1477,0.3161,70.68,8.33,41.04,25.92,37.78,11.4,6.8,37.87,89.37,0.3698,0.1392,28.44,11.0,11.0,11.0,Wrigley Field,104,85,11,Out To CF,Yes,Yes,7,Yes,No,MLB Stats API; RotoWire,,H:2026/2025 P:2026/2025,,,Direct BvP not yet weighted; 2026/2025 Statcast baseline active,7,6,26,2,Hot streak: 2 HR in last 7 games,"platoon edge; pitcher baseline 6.8% barrel, 11.0 HR allowed",neutral batted-ball profile; pitcher fly-ball pressure modest,,
665804,Miguel Amaya,CHC,MIL,2026-08-31T23:40:00Z,Pre-Game,8,Kyle Harrison,690986,L,R,6.81,0.1553,87.24,97.7323,0.3405,0.1266,0.2901,71.01,13.94,40.52,32.44,34.44,4.7,6.8,37.87,89.37,0.3698,0.1392,28.44,11.0,11.0,11.0,Wrigley Field,104,85,11,Out To CF,Yes,Yes,8,Yes,No,MLB Stats API; RotoWire,,H:2026/2025 P:2026/2025,,,Direct BvP not yet weighted; 2026/2025 Statcast baseline active,7,2,16,1,"Last 7 games: 2/16, 1 HR","platoon edge; pitcher baseline 6.8% barrel, 11.0 HR allowed",neutral batted-ball profile; pitcher fly-ball pressure modest,,
807713,Matt Shaw,CHC,MIL,2026-08-31T23:40:00Z,Pre-Game,9,Kyle Harrison,690986,L,R,5.32,0.1715,86.16,97.0975,0.3596,0.1226,0.2999,69.25,8.42,33.69,25.21,33.46,6.7,6.8,37.87,89.37,0.3698,0.1392,28.44,11.0,11.0,11.0,Wrigley Field,104,85,11,Out To CF,Yes,Yes,9,Yes,No,MLB Stats API; RotoWire,,H:2026/2025 P:2026/2025,,,Direct BvP not yet weighted; 2026/2025 Statcast baseline active,7,2,7,0,"Last 7 games: 2/7, 0 HR","platoon edge; pitcher baseline 6.8% barrel, 11.0 HR allowed",neutral batted-ball profile; pitcher fly-ball pressure modest,,
703607,Henry Bolte,ATH,TEX,2026-09-01T00:05:00Z,Pre-Game,1,Jacob deGrom,594798,R,R,6.7,0.1,90.9,104.3822,0.355,0.112,0.304,77.0,72.6,32.3,15.7,47.7,6.0,8.67,43.72,90.31,0.3938,0.1616,29.46,19.7,19.7,19.7,Globe Life Field,100,74,0,None,Yes,Yes,1,Yes,No,MLB Stats API; RotoWire,,H:2026 P:2026/2025,,,Direct BvP not yet weighted; 2026/2025 Statcast baseline active,7,11,31,0,Contact streak: 11/31 over last 7 games,"same-side matchup; pitcher baseline 8.7% barrel, 19.7 HR allowed",neutral batted-ball profile; pitcher fly-ball pressure modest,,
643446,Jeff McNeil,ATH,TEX,2026-09-01T00:05:00Z,Pre-Game,2,Jacob deGrom,594798,R,L,2.72,0.1176,86.78,96.6459,0.3775,0.102,0.3146,69.3,5.79,43.28,23.26,31.08,7.8,8.67,43.72,90.31,0.3938,0.1616,29.46,19.7,19.7,19.7,Globe Life Field,100,74,0,None,Yes,Yes,2,Yes,No,MLB Stats API; RotoWire,,H:2026/2025 P:2026/2025,,,Direct BvP not yet weighted; 2026/2025 Statcast baseline active,7,10,30,0,Contact streak: 10/30 over last 7 games,"platoon edge; pitcher baseline 8.7% barrel, 19.7 HR allowed",neutral batted-ball profile; pitcher fly-ball pressure modest,,
680869,Zack Gelof,ATH,TEX,2026-09-01T00:05:00Z,Pre-Game,3,Jacob deGrom,594798,R,R,9.21,0.1631,88.52,99.5953,0.3634,0.1627,0.2771,73.22,27.92,38.83,27.38,43.56,10.4,8.67,43.72,90.31,0.3938,0.1616,29.46,19.7,19.7,19.7,Globe Life Field,100,74,0,None,Yes,Yes,3,Yes,No,MLB Stats API; RotoWire,,H:2026/2025 P:2026/2025,,,Direct BvP not yet weighted; 2026/2025 Statcast baseline active,7,5,27,0,"Last 7 games: 5/27, 0 HR","same-side matchup; pitcher baseline 8.7% barrel, 19.7 HR allowed",neutral batted-ball profile; pitcher fly-ball pressure modest,,
671732,Lawrence Butler,ATH,TEX,2026-09-01T00:05:00Z,Pre-Game,4,Jacob deGrom,594798,R,L,8.01,0.1511,89.73,101.7615,0.3839,0.1472,0.3152,73.63,37.95,34.47,22.0,45.17,14.7,8.67,43.72,90.31,0.3938,0.1616,29.46,19.7,19.7,19.7,Globe Life Field,100,74,0,None,Yes,Yes,4,Yes,No,MLB Stats API; RotoWire,,H:2026/2025 P:2026/2025,,,Direct BvP not yet weighted; 2026/2025 Statcast baseline active,7,9,24,1,Contact streak: 9/24 over last 7 games,"platoon edge; pitcher baseline 8.7% barrel, 19.7 HR allowed",neutral batted-ball profile; pitcher fly-ball pressure modest,,
695720,Tommy White,ATH,TEX,2026-09-01T00:05:00Z,Pre-Game,5,Jacob deGrom,594798,R,R,8.2,0.076,85.8,97.15,0.399,0.128,0.302,69.3,13.2,27.0,24.6,32.0,2.0,8.67,43.72,90.31,0.3938,0.1616,29.46,19.7,19.7,19.7,Globe Life Field,100,74,0,None,Yes,Yes,5,Yes,No,MLB Stats API; RotoWire,,H:2026 P:2026/2025,,,Direct BvP not yet weighted; 2026/2025 Statcast baseline active,7,7,29,0,"Last 7 games: 7/29, 0 HR","same-side matchup; pitcher baseline 8.7% barrel, 19.7 HR allowed",neutral batted-ball profile; pitcher fly-ball pressure modest,,
691777,Max Muncy,ATH,TEX,2026-09-01T00:05:00Z,Pre-Game,6,Jacob deGrom,594798,R,R,10.94,0.1594,88.92,100.9081,0.3607,0.1479,0.2824,73.8,43.09,41.49,23.07,40.03,7.6,8.67,43.72,90.31,0.3938,0.1616,29.46,19.7,19.7,19.7,Globe Life Field,100,74,0,None,Yes,Yes,6,Yes,No,MLB Stats API; RotoWire,,H:2026/2025 P:2026/2025,,,Direct BvP not yet weighted; 2026/2025 Statcast baseline active,7,6,23,1,"Last 7 games: 6/23, 1 HR","same-side matchup; pitcher baseline 8.7% barrel, 19.7 HR allowed",neutral batted-ball profile; pitcher fly-ball pressure modest,,
666126,Carlos Cortes,ATH,TEX,2026-09-01T00:05:00Z,Pre-Game,7,Jacob deGrom,594798,R,L,7.24,0.1696,89.24,99.5453,0.3961,0.1434,0.3098,70.76,14.41,30.34,22.59,39.1,6.8,8.67,43.72,90.31,0.3938,0.1616,29.46,19.7,19.7,19.7,Globe Life Field,100,74,0,None,Yes,Yes,7,Yes,No,MLB Stats API; RotoWire,,H:2026/2025 P:2026/2025,,,Direct BvP not yet weighted; 2026/2025 Statcast baseline active,7,5,25,1,"Last 7 games: 5/25, 1 HR","platoon edge; pitcher baseline 8.7% barrel, 19.7 HR allowed",neutral batted-ball profile; pitcher fly-ball pressure modest,,
641680,Jonah Heim,ATH,TEX,2026-09-01T00:05:00Z,Pre-Game,8,Jacob deGrom,594798,R,S,6.66,0.1589,87.89,97.9623,0.3677,0.1396,0.2907,69.84,9.45,40.63,27.62,33.8,11.7,8.67,43.72,90.31,0.3938,0.1616,29.46,19.7,19.7,19.7,Globe Life Field,100,74,0,None,Yes,Yes,8,Yes,No,MLB Stats API; RotoWire,,H:2026/2025 P:2026/2025,,,Direct BvP not yet weighted; 2026/2025 Statcast baseline active,7,5,23,1,"Last 7 games: 5/23, 1 HR","switch hitter; pitcher baseline 8.7% barrel, 19.7 HR allowed",neutral batted-ball profile; pitcher fly-ball pressure modest,,
687231,Darell Hernaiz,ATH,TEX,2026-09-01T00:05:00Z,Pre-Game,9,Jacob deGrom,594798,R,R,1.59,0.054,85.07,96.4217,0.2985,0.0656,0.2812,68.9,6.08,29.03,20.88,28.49,1.3,8.67,43.72,90.31,0.3938,0.1616,29.46,19.7,19.7,19.7,Globe Life Field,100,74,0,None,Yes,Yes,9,Yes,No,MLB Stats API; RotoWire,,H:2026/2025 P:2026/2025,,,Direct BvP not yet weighted; 2026/2025 Statcast baseline active,7,4,22,0,"Last 7 games: 4/22, 0 HR","same-side matchup; pitcher baseline 8.7% barrel, 19.7 HR allowed",neutral batted-ball profile; pitcher fly-ball pressure modest,,
677649,Ezequiel Duran,TEX,ATH,2026-09-01T00:05:00Z,Pre-Game,1,Gage Jump,695611,L,R,5.19,0.1446,87.82,98.9049,0.3496,0.1153,0.2848,72.27,24.24,35.66,22.14,35.66,10.5,6.2,37.9,89.1,0.381,0.129,26.3,9.0,9.0,9.0,Globe Life Field,100,74,0,None,Yes,Yes,1,Yes,No,MLB Stats API; RotoWire,,H:2026/2025 P:2026,,,Direct BvP not yet weighted; 2026/2025 Statcast baseline active,7,9,27,2,Hot streak: 2 HR in last 7 games,"platoon edge; pitcher baseline 6.2% barrel, 9.0 HR allowed",neutral batted-ball profile; pitcher fly-ball pressure modest,,
608369,Corey Seager,TEX,ATH,2026-09-01T00:05:00Z,Pre-Game,2,Gage Jump,695611,L,L,14.46,0.1908,92.06,102.5789,0.4962,0.2399,0.3622,71.73,14.88,40.99,31.06,49.89,15.4,6.2,37.9,89.1,0.381,0.129,26.3,9.0,9.0,9.0,Globe Life Field,100,74,0,None,Yes,Yes,2,Yes,No,MLB Stats API; RotoWire,,H:2026/2025 P:2026,,,Direct BvP not yet weighted; 2026/2025 Statcast baseline active,7,7,27,0,"Last 7 games: 7/27, 0 HR","same-side matchup; pitcher baseline 6.2% barrel, 9.0 HR allowed",lift-pull EV profile; pitcher fly-ball pressure modest,,
694671,Wyatt Langford,TEX,ATH,2026-09-01T00:05:00Z,Pre-Game,3,Gage Jump,695611,L,R,8.96,0.1963,89.86,100.7223,0.4088,0.1694,0.325,72.75,26.24,42.89,29.06,41.4,17.1,6.2,37.9,89.1,0.381,0.129,26.3,9.0,9.0,9.0,Globe Life Field,100,74,0,None,Yes,Yes,3,Yes,No,MLB Stats API; RotoWire,,H:2026/2025 P:2026,,,Direct BvP not yet weighted; 2026/2025 Statcast baseline active,7,8,23,1,Contact streak: 8/23 over last 7 games,"platoon edge; pitcher baseline 6.2% barrel, 9.0 HR allowed",neutral batted-ball profile; pitcher fly-ball pressure modest,,
607043,Brandon Nimmo,TEX,ATH,2026-09-01T00:05:00Z,Pre-Game,4,Gage Jump,695611,L,L,9.78,0.1642,92.11,102.1198,0.4561,0.1859,0.3448,72.27,27.6,32.82,26.19,50.41,17.3,6.2,37.9,89.1,0.381,0.129,26.3,9.0,9.0,9.0,Globe Life Field,100,74,0,None,Yes,Yes,4,Yes,No,MLB Stats API; RotoWire,,H:2026/2025 P:2026,,,Direct BvP not yet weighted; 2026/2025 Statcast baseline active,7,6,27,1,"Last 7 games: 6/27, 1 HR","same-side matchup; pitcher baseline 6.2% barrel, 9.0 HR allowed",EV profile; pitcher fly-ball pressure modest,,
669394,Jake Burger,TEX,ATH,2026-09-01T00:05:00Z,Pre-Game,5,Gage Jump,695611,L,R,12.36,0.1872,90.26,102.7858,0.4346,0.1984,0.3149,75.44,58.42,41.74,28.04,47.38,20.9,6.2,37.9,89.1,0.381,0.129,26.3,9.0,9.0,9.0,Globe Life Field,100,74,0,None,Yes,Yes,5,Yes,No,MLB Stats API; RotoWire,,H:2026/2025 P:2026,,,Direct BvP not yet weighted; 2026/2025 Statcast baseline active,7,6,24,2,Hot streak: 2 HR in last 7 games,"platoon edge; pitcher baseline 6.2% barrel, 9.0 HR allowed",neutral batted-ball profile; pitcher fly-ball pressure modest,,
679822,Justin Foscue,TEX,ATH,2026-09-01T00:05:00Z,Pre-Game,6,Gage Jump,695611,L,R,7.56,0.1873,90.34,99.494,0.3888,0.1733,0.2841,71.1,9.94,47.83,36.56,48.57,6.3,6.2,37.9,89.1,0.381,0.129,26.3,9.0,9.0,9.0,Globe Life Field,100,74,0,None,Yes,Yes,6,Yes,No,MLB Stats API; RotoWire,,H:2026/2025 P:2026,,,Direct BvP not yet weighted; 2026/2025 Statcast baseline active,7,5,24,1,"Last 7 games: 5/24, 1 HR","platoon edge; pitcher baseline 6.2% barrel, 9.0 HR allowed",fly-ball profile; pitcher fly-ball pressure modest,,
553869,Elias Díaz,TEX,ATH,2026-09-01T00:05:00Z,Pre-Game,7,Gage Jump,695611,L,R,7.95,0.1571,87.56,100.142,0.3557,0.1397,0.2715,74.27,43.51,37.51,28.22,38.56,6.9,6.2,37.9,89.1,0.381,0.129,26.3,9.0,9.0,9.0,Globe Life Field,100,74,0,None,Yes,Yes,7,Yes,No,MLB Stats API; RotoWire,,H:2026/2025 P:2026,,,Direct BvP not yet weighted; 2026/2025 Statcast baseline active,7,3,13,1,"Last 7 games: 3/13, 1 HR","platoon edge; pitcher baseline 6.2% barrel, 9.0 HR allowed",neutral batted-ball profile; pitcher fly-ball pressure modest,,
683227,Cody Freeman,TEX,ATH,2026-09-01T00:05:00Z,Pre-Game,8,Gage Jump,695611,L,R,2.73,0.1091,83.43,94.2793,0.2595,0.0681,0.2437,66.81,0.45,41.25,20.14,20.9,1.6,6.2,37.9,89.1,0.381,0.129,26.3,9.0,9.0,9.0,Globe Life Field,100,74,0,None,Yes,Yes,8,Yes,No,MLB Stats API; RotoWire,,H:2026/2025 P:2026,,,Direct BvP not yet weighted; 2026/2025 Statcast baseline active,7,7,24,1,"Last 7 games: 7/24, 1 HR","platoon edge; pitcher baseline 6.2% barrel, 9.0 HR allowed",neutral batted-ball profile; pitcher fly-ball pressure modest,,
643376,Danny Jansen,TEX,ATH,2026-09-01T00:05:00Z,Pre-Game,9,Gage Jump,695611,L,R,7.61,0.1728,87.25,97.6411,0.3105,0.1339,0.2654,70.06,6.67,53.91,29.68,33.82,7.7,6.2,37.9,89.1,0.381,0.129,26.3,9.0,9.0,9.0,Globe Life Field,100,74,0,None,Yes,Yes,9,Yes,No,MLB Stats API; RotoWire,,H:2026/2025 P:2026,,,Direct BvP not yet weighted; 2026/2025 Statcast baseline active,7,3,20,2,Hot streak: 2 HR in last 7 games,"platoon edge; pitcher baseline 6.2% barrel, 9.0 HR allowed",neutral batted-ball profile; pitcher fly-ball pressure modest,,
803011,Sam Antonacci,CWS,HOU,2026-09-01T00:10:00Z,Pre-Game,1,Peter Lambert,663567,R,L,5.2,0.125,87.3,97.5553,0.39,0.117,0.341,69.9,8.2,32.8,21.9,32.6,8.0,6.7,36.1,88.5,0.352,0.141,32.5,13.0,13.0,13.0,Daikin Park,100,72,0,None,Yes,Yes,1,Yes,No,MLB Stats API; RotoWire,,H:2026 P:2026,,,Direct BvP not yet weighted; 2026/2025 Statcast baseline active,7,7,24,0,"Last 7 games: 7/24, 0 HR","platoon edge; pitcher baseline 6.7% barrel, 13.0 HR allowed",neutral batted-ball profile; pitcher allows elevated contact,,
808959,Munetaka Murakami,CWS,HOU,2026-09-01T00:10:00Z,Pre-Game,2,Peter Lambert,663567,R,L,19.6,0.279,93.9,104.3785,0.486,0.272,0.36,74.8,51.2,43.5,37.9,57.0,29.0,6.7,36.1,88.5,0.352,0.141,32.5,13.0,13.0,13.0,Daikin Park,100,72,0,None,Yes,Yes,2,Yes,No,MLB Stats API; RotoWire,,H:2026 P:2026,,,Direct BvP not yet weighted; 2026/2025 Statcast baseline active,7,3,24,0,"Last 7 games: 3/24, 0 HR","platoon edge; pitcher baseline 6.7% barrel, 13.0 HR allowed",lift-pull EV profile; pitcher allows elevated contact,,
678246,Miguel Vargas,CWS,HOU,2026-09-01T00:10:00Z,Pre-Game,3,Peter Lambert,663567,R,R,12.76,0.2188,90.4,100.5061,0.4854,0.227,0.368,72.91,33.09,44.07,35.17,44.49,25.1,6.7,36.1,88.5,0.352,0.141,32.5,13.0,13.0,13.0,Daikin Park,100,72,0,None,Yes,Yes,3,Yes,No,MLB Stats API; RotoWire,,H:2026/2025 P:2026,,,Direct BvP not yet weighted; 2026/2025 Statcast baseline active,7,8,24,0,Contact streak: 8/24 over last 7 games,"same-side matchup; pitcher baseline 6.7% barrel, 13.0 HR allowed",fly-ball profile; pitcher allows elevated contact,,
643217,Andrew Benintendi,CWS,HOU,2026-09-01T00:10:00Z,Pre-Game,4,Peter Lambert,663567,R,L,9.49,0.1861,88.7,98.8096,0.4181,0.1753,0.3158,69.61,4.43,49.68,31.78,42.01,15.8,6.7,36.1,88.5,0.352,0.141,32.5,13.0,13.0,13.0,Daikin Park,100,72,0,None,Yes,Yes,4,Yes,No,MLB Stats API; RotoWire,,H:2026/2025 P:2026,,,Direct BvP not yet weighted; 2026/2025 Statcast baseline active,7,8,26,1,"Last 7 games: 8/26, 1 HR","platoon edge; pitcher baseline 6.7% barrel, 13.0 HR allowed",neutral batted-ball profile; pitcher allows elevated contact,,
695731,Braden Montgomery,CWS,HOU,2026-09-01T00:10:00Z,Pre-Game,5,Peter Lambert,663567,R,S,4.2,0.132,89.0,100.0039,0.381,0.131,0.321,69.8,8.6,36.5,19.8,41.1,5.0,6.7,36.1,88.5,0.352,0.141,32.5,13.0,13.0,13.0,Daikin Park,100,72,0,None,Yes,Yes,5,Yes,No,MLB Stats API; RotoWire,,H:2026 P:2026,,,Direct BvP not yet weighted; 2026/2025 Statcast baseline active,7,5,28,0,"Last 7 games: 5/28, 0 HR","switch hitter; pitcher baseline 6.7% barrel, 13.0 HR allowed",neutral batted-ball profile; pitcher allows elevated contact,,
695657,Colson Montgomery,CWS,HOU,2026-09-01T00:10:00Z,Pre-Game,6,Peter Lambert,663567,R,L,12.96,0.2375,88.98,101.8021,0.4338,0.2199,0.3123,76.65,69.6,48.67,33.72,42.68,25.9,6.7,36.1,88.5,0.352,0.141,32.5,13.0,13.0,13.0,Daikin Park,100,72,0,None,Yes,Yes,6,Yes,No,MLB Stats API; RotoWire,,H:2026/2025 P:2026,,,Direct BvP not yet weighted; 2026/2025 Statcast baseline active,7,3,28,1,"Last 7 games: 3/28, 1 HR","platoon edge; pitcher baseline 6.7% barrel, 13.0 HR allowed",neutral batted-ball profile; pitcher allows elevated contact,,
805367,Chase Meidroth,CWS,HOU,2026-09-01T00:10:00Z,Pre-Game,7,Peter Lambert,663567,R,R,3.49,0.1097,87.85,97.3867,0.333,0.0926,0.2944,67.19,1.25,38.61,19.84,35.12,9.9,6.7,36.1,88.5,0.352,0.141,32.5,13.0,13.0,13.0,Daikin Park,100,72,0,None,Yes,Yes,7,Yes,No,MLB Stats API; RotoWire,,H:2026/2025 P:2026,,,Direct BvP not yet weighted; 2026/2025 Statcast baseline active,7,8,29,0,"Last 7 games: 8/29, 0 HR","same-side matchup; pitcher baseline 6.7% barrel, 13.0 HR allowed",neutral batted-ball profile; pitcher allows elevated contact,,
671976,Tristan Peters,CWS,HOU,2026-09-01T00:10:00Z,Pre-Game,8,Peter Lambert,663567,R,L,3.99,0.1309,87.22,98.0643,0.3292,0.1057,0.2649,69.23,5.6,41.7,19.39,34.96,8.4,6.7,36.1,88.5,0.352,0.141,32.5,13.0,13.0,13.0,Daikin Park,100,72,0,None,Yes,Yes,8,Yes,No,MLB Stats API; RotoWire,,H:2026/2025 P:2026,,,Direct BvP not yet weighted; 2026/2025 Statcast baseline active,7,11,25,4,Hot streak: 4 HR in last 7 games,"platoon edge; pitcher baseline 6.7% barrel, 13.0 HR allowed",neutral batted-ball profile; pitcher allows elevated contact,,
668670,Jake Rogers,CWS,HOU,2026-09-01T00:10:00Z,Pre-Game,9,Peter Lambert,663567,R,R,9.97,0.1425,88.59,98.2843,0.3196,0.134,0.274,70.57,4.86,47.02,32.15,38.59,3.7,6.7,36.1,88.5,0.352,0.141,32.5,13.0,13.0,13.0,Daikin Park,100,72,0,None,Yes,Yes,9,Yes,No,MLB Stats API; RotoWire,,H:2026/2025 P:2026,,,Direct BvP not yet weighted; 2026/2025 Statcast baseline active,7,3,18,1,"Last 7 games: 3/18, 1 HR","same-side matchup; pitcher baseline 6.7% barrel, 13.0 HR allowed",neutral batted-ball profile; pitcher allows elevated contact,,
665161,Jeremy Peña,HOU,CWS,2026-09-01T00:10:00Z,Pre-Game,1,Anthony Kay,641743,L,R,6.94,0.1919,88.48,99.9282,0.4271,0.1522,0.3326,72.23,14.62,45.92,24.08,40.45,17.0,8.6,39.7,88.4,0.413,0.154,22.1,18.0,18.0,18.0,Daikin Park,100,72,0,None,Yes,Yes,1,Yes,No,MLB Stats API; RotoWire,,H:2026/2025 P:2026,,,Direct BvP not yet weighted; 2026/2025 Statcast baseline active,7,9,30,3,Hot streak: 3 HR in last 7 games,"platoon edge; pitcher baseline 8.6% barrel, 18.0 HR allowed",neutral batted-ball profile; pitcher fly-ball pressure modest,,
670541,Yordan Alvarez,HOU,CWS,2026-09-01T00:10:00Z,Pre-Game,2,Anthony Kay,641743,L,L,15.9,0.2501,94.56,104.9952,0.6288,0.3154,0.435,76.17,61.87,40.81,36.66,53.39,27.7,8.6,39.7,88.4,0.413,0.154,22.1,18.0,18.0,18.0,Daikin Park,100,72,0,None,Yes,Yes,2,Yes,No,MLB Stats API; RotoWire,,H:2026/2025 P:2026,,,Direct BvP not yet weighted; 2026/2025 Statcast baseline active,7,7,25,1,"Last 7 games: 7/25, 1 HR","same-side matchup; pitcher baseline 8.6% barrel, 18.0 HR allowed",lift-pull EV profile; pitcher fly-ball pressure modest,,
670623,Isaac Paredes,HOU,CWS,2026-09-01T00:10:00Z,Pre-Game,3,Anthony Kay,641743,L,R,5.39,0.1739,86.35,96.8588,0.3709,0.1285,0.3221,67.67,7.43,51.72,30.8,29.68,17.9,8.6,39.7,88.4,0.413,0.154,22.1,18.0,18.0,18.0,Daikin Park,100,72,0,None,Yes,Yes,3,Yes,No,MLB Stats API; RotoWire,,H:2026/2025 P:2026,,,Direct BvP not yet weighted; 2026/2025 Statcast baseline active,7,4,22,1,"Last 7 games: 4/22, 1 HR","platoon edge; pitcher baseline 8.6% barrel, 18.0 HR allowed",neutral batted-ball profile; pitcher fly-ball pressure modest,,
572233,Christian Walker,HOU,CWS,2026-09-01T00:10:00Z,Pre-Game,4,Anthony Kay,641743,L,R,10.24,0.197,89.78,101.6345,0.4021,0.1736,0.307,74.31,43.69,42.27,27.37,43.02,24.9,8.6,39.7,88.4,0.413,0.154,22.1,18.0,18.0,18.0,Daikin Park,100,72,0,None,Yes,Yes,4,Yes,No,MLB Stats API; RotoWire,,H:2026/2025 P:2026,,,Direct BvP not yet weighted; 2026/2025 Statcast baseline active,7,5,29,1,"Last 7 games: 5/29, 1 HR","platoon edge; pitcher baseline 8.6% barrel, 18.0 HR allowed",neutral batted-ball profile; pitcher fly-ball pressure modest,,
662139,Daulton Varsho,HOU,CWS,2026-09-01T00:10:00Z,Pre-Game,5,Anthony Kay,641743,L,L,9.18,0.1861,87.73,99.5409,0.3967,0.1655,0.2997,73.71,35.97,41.01,30.5,38.55,13.0,8.6,39.7,88.4,0.413,0.154,22.1,18.0,18.0,18.0,Daikin Park,100,72,0,None,Yes,Yes,5,Yes,No,MLB Stats API; RotoWire,,H:2026/2025 P:2026,,,Direct BvP not yet weighted; 2026/2025 Statcast baseline active,7,6,29,1,"Last 7 games: 6/29, 1 HR","same-side matchup; pitcher baseline 8.6% barrel, 18.0 HR allowed",neutral batted-ball profile; pitcher fly-ball pressure modest,,
701358,Cam Smith,HOU,CWS,2026-09-01T00:10:00Z,Pre-Game,6,Anthony Kay,641743,L,R,9.84,0.157,88.88,101.5369,0.4117,0.1725,0.3159,76.74,68.11,37.63,25.21,43.39,14.6,8.6,39.7,88.4,0.413,0.154,22.1,18.0,18.0,18.0,Daikin Park,100,72,0,None,Yes,Yes,6,Yes,No,MLB Stats API; RotoWire,,H:2026/2025 P:2026,,,Direct BvP not yet weighted; 2026/2025 Statcast baseline active,7,1,18,0,"Last 7 games: 1/18, 0 HR","platoon edge; pitcher baseline 8.6% barrel, 18.0 HR allowed",neutral batted-ball profile; pitcher fly-ball pressure modest,,
676369,Nelson Velázquez,HOU,CWS,2026-09-01T00:10:00Z,Pre-Game,7,Anthony Kay,641743,L,R,12.5,0.188,94.6,102.7723,0.462,0.225,0.333,74.8,53.9,44.6,35.7,62.5,4.0,8.6,39.7,88.4,0.413,0.154,22.1,18.0,18.0,18.0,Daikin Park,100,72,0,None,Yes,Yes,7,Yes,No,MLB Stats API; RotoWire,,H:2026 P:2026,,,Direct BvP not yet weighted; 2026/2025 Statcast baseline active,7,0,11,0,"Last 7 games: 0/11, 0 HR","platoon edge; pitcher baseline 8.6% barrel, 18.0 HR allowed",lift-pull EV profile; pitcher fly-ball pressure modest,,
669397,Nick Allen,HOU,CWS,2026-09-01T00:10:00Z,Pre-Game,8,Anthony Kay,641743,L,R,1.33,0.0692,85.78,96.2137,0.2761,0.0537,0.252,67.65,1.11,35.74,20.57,26.64,1.4,8.6,39.7,88.4,0.413,0.154,22.1,18.0,18.0,18.0,Daikin Park,100,72,0,None,Yes,Yes,8,Yes,No,MLB Stats API; RotoWire,,H:2026/2025 P:2026,,,Direct BvP not yet weighted; 2026/2025 Statcast baseline active,7,6,12,0,Contact streak: 6/12 over last 7 games,"platoon edge; pitcher baseline 8.6% barrel, 18.0 HR allowed",neutral batted-ball profile; pitcher fly-ball pressure modest,,
543877,Christian Vázquez,HOU,CWS,2026-09-01T00:10:00Z,Pre-Game,9,Anthony Kay,641743,L,R,2.68,0.1137,85.9,95.4937,0.2832,0.083,0.2472,65.95,1.01,34.42,25.54,24.18,5.8,8.6,39.7,88.4,0.413,0.154,22.1,18.0,18.0,18.0,Daikin Park,100,72,0,None,Yes,Yes,9,Yes,No,MLB Stats API; RotoWire,,H:2026/2025 P:2026,,,Direct BvP not yet weighted; 2026/2025 Statcast baseline active,7,4,18,2,Hot streak: 2 HR in last 7 games,"platoon edge; pitcher baseline 8.6% barrel, 18.0 HR allowed",neutral batted-ball profile; pitcher fly-ball pressure modest,,
702616,Jackson Holliday,BAL,COL,2026-09-01T00:40:00Z,Pre-Game,1,Tanner Gordon,685299,R,L,6.61,0.1232,87.61,98.0968,0.3725,0.1322,0.307,70.6,7.55,33.59,24.26,36.04,9.3,10.24,42.25,90.8,0.4789,0.2097,33.88,16.7,16.7,16.7,Coors Field,120,74,2,In From RF,Yes,Yes,1,Yes,No,MLB Stats API; RotoWire,,H:2026/2025 P:2026/2025,,,Direct BvP not yet weighted; 2026/2025 Statcast baseline active,7,6,29,0,"Last 7 games: 6/29, 0 HR","platoon edge; pitcher baseline 10.2% barrel, 16.7 HR allowed",neutral batted-ball profile; pitcher allows elevated contact,,
624413,Pete Alonso,BAL,COL,2026-09-01T00:40:00Z,Pre-Game,2,Tanner Gordon,685299,R,R,15.4,0.2387,93.99,104.2624,0.5538,0.2724,0.3902,74.78,48.79,36.08,30.6,56.29,33.8,10.24,42.25,90.8,0.4789,0.2097,33.88,16.7,16.7,16.7,Coors Field,120,74,2,In From RF,Yes,Yes,2,Yes,No,MLB Stats API; RotoWire,,H:2026/2025 P:2026/2025,,,Direct BvP not yet weighted; 2026/2025 Statcast baseline active,7,6,27,2,Hot streak: 2 HR in last 7 games,"same-side matchup; pitcher baseline 10.2% barrel, 16.7 HR allowed",EV profile; pitcher allows elevated contact,,
683002,Gunnar Henderson,BAL,COL,2026-09-01T00:40:00Z,Pre-Game,3,Tanner Gordon,685299,R,L,7.69,0.1787,90.49,101.4033,0.4082,0.1539,0.3263,74.67,47.1,41.08,23.31,45.84,20.5,10.24,42.25,90.8,0.4789,0.2097,33.88,16.7,16.7,16.7,Coors Field,120,74,2,In From RF,Yes,Yes,3,Yes,No,MLB Stats API; RotoWire,,H:2026/2025 P:2026/2025,,,Direct BvP not yet weighted; 2026/2025 Statcast baseline active,7,6,24,2,Hot streak: 2 HR in last 7 games,"platoon edge; pitcher baseline 10.2% barrel, 16.7 HR allowed",neutral batted-ball profile; pitcher allows elevated contact,,
691723,Coby Mayo,BAL,COL,2026-09-01T00:40:00Z,Pre-Game,4,Tanner Gordon,685299,R,R,12.2,0.2116,90.52,102.7596,0.4218,0.2027,0.31,75.4,54.74,49.27,34.04,45.17,16.6,10.24,42.25,90.8,0.4789,0.2097,33.88,16.7,16.7,16.7,Coors Field,120,74,2,In From RF,Yes,Yes,4,Yes,No,MLB Stats API; RotoWire,,H:2026/2025 P:2026/2025,,,Direct BvP not yet weighted; 2026/2025 Statcast baseline active,7,8,26,2,Hot streak: 2 HR in last 7 games,"same-side matchup; pitcher baseline 10.2% barrel, 16.7 HR allowed",neutral batted-ball profile; pitcher allows elevated contact,,
687637,Dylan Beavers,BAL,COL,2026-09-01T00:40:00Z,Pre-Game,5,Tanner Gordon,685299,R,L,8.18,0.1492,88.52,99.2832,0.3884,0.1621,0.3188,72.41,21.4,40.39,31.74,35.98,5.4,10.24,42.25,90.8,0.4789,0.2097,33.88,16.7,16.7,16.7,Coors Field,120,74,2,In From RF,Yes,Yes,5,Yes,No,MLB Stats API; RotoWire,,H:2026/2025 P:2026/2025,,,Direct BvP not yet weighted; 2026/2025 Statcast baseline active,7,6,21,0,"Last 7 games: 6/21, 0 HR","platoon edge; pitcher baseline 10.2% barrel, 16.7 HR allowed",neutral batted-ball profile; pitcher allows elevated contact,,
694212,Samuel Basallo,BAL,COL,2026-09-01T00:40:00Z,Pre-Game,6,Tanner Gordon,685299,R,L,11.56,0.1881,90.01,102.1054,0.424,0.1959,0.3092,74.8,49.14,42.39,28.77,43.49,13.1,10.24,42.25,90.8,0.4789,0.2097,33.88,16.7,16.7,16.7,Coors Field,120,74,2,In From RF,Yes,Yes,6,Yes,No,MLB Stats API; RotoWire,,H:2026/2025 P:2026/2025,,,Direct BvP not yet weighted; 2026/2025 Statcast baseline active,7,3,24,1,"Last 7 games: 3/24, 1 HR","platoon edge; pitcher baseline 10.2% barrel, 16.7 HR allowed",neutral batted-ball profile; pitcher allows elevated contact,,
677942,Blaze Alexander,BAL,COL,2026-09-01T00:40:00Z,Pre-Game,7,Tanner Gordon,685299,R,R,8.67,0.1306,91.6,100.729,0.4377,0.1605,0.3421,72.24,24.7,34.37,22.2,47.19,4.9,10.24,42.25,90.8,0.4789,0.2097,33.88,16.7,16.7,16.7,Coors Field,120,74,2,In From RF,Yes,Yes,7,Yes,No,MLB Stats API; RotoWire,,H:2026/2025 P:2026/2025,,,Direct BvP not yet weighted; 2026/2025 Statcast baseline active,7,8,27,1,"Last 7 games: 8/27, 1 HR","same-side matchup; pitcher baseline 10.2% barrel, 16.7 HR allowed",neutral batted-ball profile; pitcher allows elevated contact,,
681297,Colton Cowser,BAL,COL,2026-09-01T00:40:00Z,Pre-Game,8,Tanner Gordon,685299,R,L,11.86,0.1666,88.87,100.971,0.4208,0.2044,0.3161,74.44,44.78,38.31,33.27,42.22,13.9,10.24,42.25,90.8,0.4789,0.2097,33.88,16.7,16.7,16.7,Coors Field,120,74,2,In From RF,Yes,Yes,8,Yes,No,MLB Stats API; RotoWire,,H:2026/2025 P:2026/2025,,,Direct BvP not yet weighted; 2026/2025 Statcast baseline active,7,9,22,2,Hot streak: 2 HR in last 7 games,"platoon edge; pitcher baseline 10.2% barrel, 16.7 HR allowed",neutral batted-ball profile; pitcher allows elevated contact,,
665750,Leody Taveras,BAL,COL,2026-09-01T00:40:00Z,Pre-Game,9,Tanner Gordon,685299,R,S,4.93,0.1242,88.36,99.3167,0.3223,0.1124,0.2628,72.46,25.02,33.86,24.52,34.08,6.5,10.24,42.25,90.8,0.4789,0.2097,33.88,16.7,16.7,16.7,Coors Field,120,74,2,In From RF,Yes,Yes,9,Yes,No,MLB Stats API; RotoWire,,H:2026/2025 P:2026/2025,,,Direct BvP not yet weighted; 2026/2025 Statcast baseline active,7,5,28,1,"Last 7 games: 5/28, 1 HR","switch hitter; pitcher baseline 10.2% barrel, 16.7 HR allowed",neutral batted-ball profile; pitcher allows elevated contact,,
664983,Jake McCarthy,COL,BAL,2026-09-01T00:40:00Z,Pre-Game,1,Cade Povich,700249,L,L,5.16,0.1725,84.91,96.7042,0.3943,0.1301,0.3091,70.82,12.35,38.15,20.96,27.39,11.0,8.99,44.31,91.13,0.4656,0.1994,29.41,8.6,8.6,8.6,Coors Field,120,74,2,In From RF,Yes,Yes,1,Yes,No,MLB Stats API; RotoWire,,H:2026/2025 P:2026/2025,,,Direct BvP not yet weighted; 2026/2025 Statcast baseline active,7,7,30,1,"Last 7 games: 7/30, 1 HR","same-side matchup; pitcher baseline 9.0% barrel, 8.6 HR allowed",neutral batted-ball profile; pitcher fly-ball pressure modest,,
681393,Connor Norby,COL,BAL,2026-09-01T00:40:00Z,Pre-Game,2,Cade Povich,700249,L,R,7.79,0.1366,87.67,98.2851,0.3666,0.1487,0.3014,70.14,7.57,41.19,34.23,37.8,6.6,8.99,44.31,91.13,0.4656,0.1994,29.41,8.6,8.6,8.6,Coors Field,120,74,2,In From RF,Yes,Yes,2,Yes,No,MLB Stats API; RotoWire,,H:2026/2025 P:2026/2025,,,Direct BvP not yet weighted; 2026/2025 Statcast baseline active,7,8,26,1,"Last 7 games: 8/26, 1 HR","platoon edge; pitcher baseline 9.0% barrel, 8.6 HR allowed",neutral batted-ball profile; pitcher fly-ball pressure modest,,
696100,Hunter Goodman,COL,BAL,2026-09-01T00:40:00Z,Pre-Game,3,Cade Povich,700249,L,R,15.35,0.2742,90.45,102.6876,0.4679,0.2343,0.3269,75.0,49.58,48.28,32.62,45.99,34.5,8.99,44.31,91.13,0.4656,0.1994,29.41,8.6,8.6,8.6,Coors Field,120,74,2,In From RF,Yes,Yes,3,Yes,No,MLB Stats API; RotoWire,,H:2026/2025 P:2026/2025,,,Direct BvP not yet weighted; 2026/2025 Statcast baseline active,7,7,26,2,Hot streak: 2 HR in last 7 games,"platoon edge; pitcher baseline 9.0% barrel, 8.6 HR allowed",neutral batted-ball profile; pitcher fly-ball pressure modest,,
681198,TJ Rumfield,COL,BAL,2026-09-01T00:40:00Z,Pre-Game,4,Cade Povich,700249,L,L,4.3,0.148,84.1,96.0656,0.374,0.119,0.326,68.6,8.1,41.4,28.2,27.7,13.0,8.99,44.31,91.13,0.4656,0.1994,29.41,8.6,8.6,8.6,Coors Field,120,74,2,In From RF,Yes,Yes,4,Yes,No,MLB Stats API; RotoWire,,H:2026 P:2026/2025,,,Direct BvP not yet weighted; 2026/2025 Statcast baseline active,7,7,21,0,Contact streak: 7/21 over last 7 games,"same-side matchup; pitcher baseline 9.0% barrel, 8.6 HR allowed",neutral batted-ball profile; pitcher fly-ball pressure modest,,
650489,Willi Castro,COL,BAL,2026-09-01T00:40:00Z,Pre-Game,5,Cade Povich,700249,L,S,7.62,0.1526,87.33,100.1115,0.3855,0.1491,0.3095,72.51,25.9,42.6,29.92,39.19,13.8,8.99,44.31,91.13,0.4656,0.1994,29.41,8.6,8.6,8.6,Coors Field,120,74,2,In From RF,Yes,Yes,5,Yes,No,MLB Stats API; RotoWire,,H:2026/2025 P:2026/2025,,,Direct BvP not yet weighted; 2026/2025 Statcast baseline active,7,5,25,1,"Last 7 games: 5/25, 1 HR","switch hitter; pitcher baseline 9.0% barrel, 8.6 HR allowed",neutral batted-ball profile; pitcher fly-ball pressure modest,,
666160,Mickey Moniak,COL,BAL,2026-09-01T00:40:00Z,Pre-Game,6,Cade Povich,700249,L,L,11.14,0.2536,89.77,100.3608,0.4284,0.1979,0.3006,74.19,43.25,46.38,37.75,43.13,21.9,8.99,44.31,91.13,0.4656,0.1994,29.41,8.6,8.6,8.6,Coors Field,120,74,2,In From RF,Yes,Yes,6,Yes,No,MLB Stats API; RotoWire,,H:2026/2025 P:2026/2025,,,Direct BvP not yet weighted; 2026/2025 Statcast baseline active,7,4,29,0,"Last 7 games: 4/29, 0 HR","same-side matchup; pitcher baseline 9.0% barrel, 8.6 HR allowed",fly-ball profile; pitcher fly-ball pressure modest,,
687597,Jordan Beck,COL,BAL,2026-09-01T00:40:00Z,Pre-Game,7,Cade Povich,700249,L,R,6.03,0.1244,87.05,98.578,0.3257,0.1073,0.2674,73.69,36.27,38.47,28.39,32.76,5.5,8.99,44.31,91.13,0.4656,0.1994,29.41,8.6,8.6,8.6,Coors Field,120,74,2,In From RF,Yes,Yes,7,Yes,No,MLB Stats API; RotoWire,,H:2026/2025 P:2026/2025,,,Direct BvP not yet weighted; 2026/2025 Statcast baseline active,7,6,18,0,Contact streak: 6/18 over last 7 games,"platoon edge; pitcher baseline 9.0% barrel, 8.6 HR allowed",neutral batted-ball profile; pitcher fly-ball pressure modest,,
687859,Troy Johnston,COL,BAL,2026-09-01T00:40:00Z,Pre-Game,8,Cade Povich,700249,L,L,4.5,0.1248,89.6,98.8779,0.4104,0.1303,0.3331,70.25,5.37,40.07,24.14,38.25,4.0,8.99,44.31,91.13,0.4656,0.1994,29.41,8.6,8.6,8.6,Coors Field,120,74,2,In From RF,Yes,Yes,8,Yes,No,MLB Stats API; RotoWire,,H:2026/2025 P:2026/2025,,,Direct BvP not yet weighted; 2026/2025 Statcast baseline active,7,6,15,1,Contact streak: 6/15 over last 7 games,"same-side matchup; pitcher baseline 9.0% barrel, 8.6 HR allowed",neutral batted-ball profile; pitcher fly-ball pressure modest,,
678662,Ezequiel Tovar,COL,BAL,2026-09-01T00:40:00Z,Pre-Game,9,Cade Povich,700249,L,R,7.41,0.1323,88.07,99.0776,0.3892,0.1541,0.291,71.95,20.68,37.75,29.92,35.47,9.7,8.99,44.31,91.13,0.4656,0.1994,29.41,8.6,8.6,8.6,Coors Field,120,74,2,In From RF,Yes,Yes,9,Yes,No,MLB Stats API; RotoWire,,H:2026/2025 P:2026/2025,,,Direct BvP not yet weighted; 2026/2025 Statcast baseline active,7,6,19,1,"Last 7 games: 6/19, 1 HR","platoon edge; pitcher baseline 9.0% barrel, 8.6 HR allowed",neutral batted-ball profile; pitcher fly-ball pressure modest,,
700250,Ben Rice,NYY,LAA,2026-09-01T01:38:00Z,Pre-Game,1,Walbert Ureña,700712,R,L,15.05,0.2643,92.53,102.5611,0.5229,0.2534,0.3798,72.98,28.5,45.8,30.81,50.92,32.3,5.1,34.2,87.2,0.304,0.099,22.5,7.0,7.0,7.0,Angel Stadium,101,77,10,Out To CF,No,Yes,1,Yes,Yes,RotoWire projected lineup; MLB probable pitchers,lineup projected / unconfirmed,H:2026/2025 P:2026,,,Direct BvP not yet weighted; 2026/2025 Statcast baseline active,7,10,28,1,Contact streak: 10/28 over last 7 games,"platoon edge; pitcher baseline 5.1% barrel, 7.0 HR allowed",lift-pull EV profile; pitcher fly-ball pressure modest,,
641355,Cody Bellinger,NYY,LAA,2026-09-01T01:38:00Z,Pre-Game,2,Walbert Ureña,700712,R,L,6.66,0.173,88.65,98.4488,0.4187,0.1519,0.3384,69.82,4.12,41.98,31.92,36.78,17.1,5.1,34.2,87.2,0.304,0.099,22.5,7.0,7.0,7.0,Angel Stadium,101,77,10,Out To CF,No,Yes,2,Yes,Yes,RotoWire projected lineup; MLB probable pitchers,lineup projected / unconfirmed,H:2026/2025 P:2026,,,Direct BvP not yet weighted; 2026/2025 Statcast baseline active,7,6,27,1,"Last 7 games: 6/27, 1 HR","platoon edge; pitcher baseline 5.1% barrel, 7.0 HR allowed",neutral batted-ball profile; pitcher fly-ball pressure modest,,
671277,Luis Garcia,NYY,LAA,2026-09-01T01:38:00Z,Pre-Game,3,Walbert Ureña,700712,R,L,11.38,0.2349,91.32,101.9777,0.4959,0.21,0.3502,73.66,39.41,41.71,22.4,46.36,24.4,5.1,34.2,87.2,0.304,0.099,22.5,7.0,7.0,7.0,Angel Stadium,101,77,10,Out To CF,No,Yes,3,Yes,Yes,RotoWire projected lineup; MLB probable pitchers,lineup projected / unconfirmed,H:2026/2025 P:2026,,,Direct BvP not yet weighted; 2026/2025 Statcast baseline active,7,11,26,2,Hot streak: 2 HR in last 7 games,"platoon edge; pitcher baseline 5.1% barrel, 7.0 HR allowed",neutral batted-ball profile; pitcher fly-ball pressure modest,,
642708,Amed Rosario,NYY,LAA,2026-09-01T01:38:00Z,Pre-Game,4,Walbert Ureña,700712,R,R,9.43,0.1789,90.64,101.4619,0.4299,0.1706,0.3184,73.66,37.9,38.17,24.0,41.15,8.8,5.1,34.2,87.2,0.304,0.099,22.5,7.0,7.0,7.0,Angel Stadium,101,77,10,Out To CF,No,Yes,4,Yes,Yes,RotoWire projected lineup; MLB probable pitchers,lineup projected / unconfirmed,H:2026/2025 P:2026,,,Direct BvP not yet weighted; 2026/2025 Statcast baseline active,7,4,13,0,"Last 7 games: 4/13, 0 HR","same-side matchup; pitcher baseline 5.1% barrel, 7.0 HR allowed",neutral batted-ball profile; pitcher fly-ball pressure modest,,
663757,Trent Grisham,NYY,LAA,2026-09-01T01:38:00Z,Pre-Game,5,Walbert Ureña,700712,R,L,11.12,0.201,90.75,100.7584,0.4518,0.2059,0.3476,70.79,9.51,45.7,31.33,45.7,22.8,5.1,34.2,87.2,0.304,0.099,22.5,7.0,7.0,7.0,Angel Stadium,101,77,10,Out To CF,No,Yes,5,Yes,Yes,RotoWire projected lineup; MLB probable pitchers,lineup projected / unconfirmed,H:2026/2025 P:2026,,,Direct BvP not yet weighted; 2026/2025 Statcast baseline active,7,1,23,0,"Last 7 games: 1/23, 0 HR","platoon edge; pitcher baseline 5.1% barrel, 7.0 HR allowed",neutral batted-ball profile; pitcher fly-ball pressure modest,,
665862,Jazz Chisholm,NYY,LAA,2026-09-01T01:38:00Z,Pre-Game,6,Walbert Ureña,700712,R,L,10.66,0.1928,90.26,100.484,0.4033,0.1833,0.3096,73.34,33.65,50.86,30.54,42.53,21.9,5.1,34.2,87.2,0.304,0.099,22.5,7.0,7.0,7.0,Angel Stadium,101,77,10,Out To CF,No,Yes,6,Yes,Yes,RotoWire projected lineup; MLB probable pitchers,lineup projected / unconfirmed,H:2026/2025 P:2026,,,Direct BvP not yet weighted; 2026/2025 Statcast baseline active,7,7,17,0,Contact streak: 7/17 over last 7 games,"platoon edge; pitcher baseline 5.1% barrel, 7.0 HR allowed",neutral batted-ball profile; pitcher fly-ball pressure modest,,
682987,Spencer Jones,NYY,LAA,2026-09-01T01:38:00Z,Pre-Game,7,Walbert Ureña,700712,R,L,14.7,0.18,94.1,104.1874,0.456,0.218,0.329,77.5,75.3,33.0,34.9,56.5,7.0,5.1,34.2,87.2,0.304,0.099,22.5,7.0,7.0,7.0,Angel Stadium,101,77,10,Out To CF,No,Yes,7,Yes,Yes,RotoWire projected lineup; MLB probable pitchers,lineup projected / unconfirmed,H:2026 P:2026,,,Direct BvP not yet weighted; 2026/2025 Statcast baseline active,7,5,19,0,"Last 7 games: 5/19, 0 HR","platoon edge; pitcher baseline 5.1% barrel, 7.0 HR allowed",EV profile; pitcher fly-ball pressure modest,,
676609,Jose Caballero,NYY,LAA,2026-09-01T01:38:00Z,Pre-Game,8,Walbert Ureña,700712,R,R,4.78,0.1313,84.53,96.4927,0.3432,0.1136,0.2892,68.89,8.12,41.67,21.8,27.38,10.6,5.1,34.2,87.2,0.304,0.099,22.5,7.0,7.0,7.0,Angel Stadium,101,77,10,Out To CF,No,Yes,8,Yes,Yes,RotoWire projected lineup; MLB probable pitchers,lineup projected / unconfirmed,H:2026/2025 P:2026,,,Direct BvP not yet weighted; 2026/2025 Statcast baseline active,7,9,25,1,Contact streak: 9/25 over last 7 games,"same-side matchup; pitcher baseline 5.1% barrel, 7.0 HR allowed",neutral batted-ball profile; pitcher fly-ball pressure modest,,
669224,Austin Wells,NYY,LAA,2026-09-01T01:38:00Z,Pre-Game,9,Walbert Ureña,700712,R,L,7.68,0.1575,89.62,100.6818,0.3682,0.157,0.2919,72.98,27.95,46.17,33.21,43.38,13.3,5.1,34.2,87.2,0.304,0.099,22.5,7.0,7.0,7.0,Angel Stadium,101,77,10,Out To CF,No,Yes,9,Yes,Yes,RotoWire projected lineup; MLB probable pitchers,lineup projected / unconfirmed,H:2026/2025 P:2026,,,Direct BvP not yet weighted; 2026/2025 Statcast baseline active,7,5,19,2,Hot streak: 2 HR in last 7 games,"platoon edge; pitcher baseline 5.1% barrel, 7.0 HR allowed",neutral batted-ball profile; pitcher fly-ball pressure modest,,
687263,Zach Neto,LAA,NYY,2026-09-01T01:38:00Z,Pre-Game,1,Elmer Rodríguez,695684,R,R,12.46,0.203,90.02,100.3336,0.432,0.2111,0.3174,71.33,14.18,47.2,34.89,42.68,23.9,6.9,36.1,87.6,0.394,0.133,22.2,2.0,2.0,2.0,Angel Stadium,101,77,10,Out To CF,Yes,Yes,1,Yes,No,MLB Stats API; RotoWire,,H:2026/2025 P:2026,,,Direct BvP not yet weighted; 2026/2025 Statcast baseline active,7,9,29,2,Hot streak: 2 HR in last 7 games,"same-side matchup; pitcher baseline 6.9% barrel, 2.0 HR allowed",neutral batted-ball profile; pitcher fly-ball pressure modest,,
545361,Mike Trout,LAA,NYY,2026-09-01T01:38:00Z,Pre-Game,2,Elmer Rodríguez,695684,R,R,15.94,0.1951,90.13,102.846,0.4859,0.2397,0.3727,74.63,47.7,36.44,32.82,46.57,21.8,6.9,36.1,87.6,0.394,0.133,22.2,2.0,2.0,2.0,Angel Stadium,101,77,10,Out To CF,Yes,Yes,2,Yes,No,MLB Stats API; RotoWire,,H:2026/2025 P:2026,,,Direct BvP not yet weighted; 2026/2025 Statcast baseline active,7,6,25,0,"Last 7 games: 6/25, 0 HR","same-side matchup; pitcher baseline 6.9% barrel, 2.0 HR allowed",neutral batted-ball profile; pitcher fly-ball pressure modest,,
685133,Wade Meckler,LAA,NYY,2026-09-01T01:38:00Z,Pre-Game,3,Elmer Rodríguez,695684,R,L,3.0,0.093,86.7,96.6132,0.351,0.099,0.307,68.9,2.3,33.7,18.1,31.9,3.0,6.9,36.1,87.6,0.394,0.133,22.2,2.0,2.0,2.0,Angel Stadium,101,77,10,Out To CF,Yes,Yes,3,Yes,No,MLB Stats API; RotoWire,,H:2026 P:2026,,,Direct BvP not yet weighted; 2026/2025 Statcast baseline active,7,5,22,0,"Last 7 games: 5/22, 0 HR","platoon edge; pitcher baseline 6.9% barrel, 2.0 HR allowed",neutral batted-ball profile; pitcher fly-ball pressure modest,,
687093,Vaughn Grissom,LAA,NYY,2026-09-01T01:38:00Z,Pre-Game,4,Elmer Rodríguez,695684,R,R,6.7,0.137,87.8,99.0127,0.38,0.134,0.309,71.3,18.3,40.7,25.4,37.3,9.0,6.9,36.1,87.6,0.394,0.133,22.2,2.0,2.0,2.0,Angel Stadium,101,77,10,Out To CF,Yes,Yes,4,Yes,No,MLB Stats API; RotoWire,,H:2026 P:2026,,,Direct BvP not yet weighted; 2026/2025 Statcast baseline active,7,5,26,2,Hot streak: 2 HR in last 7 games,"same-side matchup; pitcher baseline 6.9% barrel, 2.0 HR allowed",neutral batted-ball profile; pitcher fly-ball pressure modest,,
694208,Moisés Ballesteros,LAA,NYY,2026-09-01T01:38:00Z,Pre-Game,5,Elmer Rodríguez,695684,R,L,8.1,0.1305,89.94,100.76,0.3783,0.1387,0.306,72.5,31.82,34.01,20.23,42.12,4.8,6.9,36.1,87.6,0.394,0.133,22.2,2.0,2.0,2.0,Angel Stadium,101,77,10,Out To CF,Yes,Yes,5,Yes,No,MLB Stats API; RotoWire,,H:2026/2025 P:2026,,,Direct BvP not yet weighted; 2026/2025 Statcast baseline active,7,7,27,0,"Last 7 games: 7/27, 0 HR","platoon edge; pitcher baseline 6.9% barrel, 2.0 HR allowed",neutral batted-ball profile; pitcher fly-ball pressure modest,,
695681,Christian Moore,LAA,NYY,2026-09-01T01:38:00Z,Pre-Game,6,Elmer Rodríguez,695684,R,R,11.73,0.1097,88.34,98.9393,0.3093,0.1175,0.2652,72.98,29.0,26.64,26.03,34.2,2.8,6.9,36.1,87.6,0.394,0.133,22.2,2.0,2.0,2.0,Angel Stadium,101,77,10,Out To CF,Yes,Yes,6,Yes,No,MLB Stats API; RotoWire,,H:2026/2025 P:2026,,,Direct BvP not yet weighted; 2026/2025 Statcast baseline active,7,4,24,1,"Last 7 games: 4/24, 1 HR","same-side matchup; pitcher baseline 6.9% barrel, 2.0 HR allowed",neutral batted-ball profile; pitcher fly-ball pressure modest,,
666139,Josh Lowe,LAA,NYY,2026-09-01T01:38:00Z,Pre-Game,7,Elmer Rodríguez,695684,R,L,7.16,0.1446,88.67,99.2127,0.3742,0.1527,0.2896,73.38,34.54,36.48,31.22,37.78,10.3,6.9,36.1,87.6,0.394,0.133,22.2,2.0,2.0,2.0,Angel Stadium,101,77,10,Out To CF,Yes,Yes,7,Yes,No,MLB Stats API; RotoWire,,H:2026/2025 P:2026,,,Direct BvP not yet weighted; 2026/2025 Statcast baseline active,7,4,17,0,"Last 7 games: 4/17, 0 HR","platoon edge; pitcher baseline 6.9% barrel, 2.0 HR allowed",neutral batted-ball profile; pitcher fly-ball pressure modest,,
672724,Oswald Peraza,LAA,NYY,2026-09-01T01:38:00Z,Pre-Game,8,Elmer Rodríguez,695684,R,R,6.7,0.1098,87.24,99.6291,0.3277,0.1127,0.2655,72.83,29.72,36.9,21.15,37.33,6.4,6.9,36.1,87.6,0.394,0.133,22.2,2.0,2.0,2.0,Angel Stadium,101,77,10,Out To CF,Yes,Yes,8,Yes,No,MLB Stats API; RotoWire,,H:2026/2025 P:2026,,,Direct BvP not yet weighted; 2026/2025 Statcast baseline active,7,3,14,0,"Last 7 games: 3/14, 0 HR","same-side matchup; pitcher baseline 6.9% barrel, 2.0 HR allowed",neutral batted-ball profile; pitcher fly-ball pressure modest,,
623168,Tyler Heineman,LAA,NYY,2026-09-01T01:38:00Z,Pre-Game,9,Elmer Rodríguez,695684,R,S,1.52,0.0717,82.23,92.4484,0.2699,0.0545,0.2478,65.61,0.49,45.04,22.1,14.77,1.6,6.9,36.1,87.6,0.394,0.133,22.2,2.0,2.0,2.0,Angel Stadium,101,77,10,Out To CF,Yes,Yes,9,Yes,No,MLB Stats API; RotoWire,,H:2026/2025 P:2026,,,Direct BvP not yet weighted; 2026/2025 Statcast baseline active,7,1,13,0,"Last 7 games: 1/13, 0 HR","switch hitter; pitcher baseline 6.9% barrel, 2.0 HR allowed",neutral batted-ball profile; pitcher fly-ball pressure modest,,
656941,Kyle Schwarber,PHI,AZ,2026-09-01T01:40:00Z,Pre-Game,1,Brandon Pfaadt,694297,R,L,18.35,0.295,93.04,104.2437,0.5222,0.2805,0.3765,77.16,75.49,53.93,33.25,53.09,44.8,8.59,37.89,89.05,0.4177,0.1638,23.41,16.2,16.2,16.2,Chase Field,101,72,0,None,Yes,Yes,1,Yes,No,MLB Stats API; RotoWire,,H:2026/2025 P:2026/2025,,,Direct BvP not yet weighted; 2026/2025 Statcast baseline active,7,7,30,2,Hot streak: 2 HR in last 7 games,"platoon edge; pitcher baseline 8.6% barrel, 16.2 HR allowed",lift-pull EV profile; pitcher fly-ball pressure modest,,
607208,Trea Turner,PHI,AZ,2026-09-01T01:40:00Z,Pre-Game,2,Brandon Pfaadt,694297,R,R,6.08,0.1425,88.6,99.2618,0.3778,0.1267,0.3014,71.45,18.93,35.24,25.27,39.93,16.4,8.59,37.89,89.05,0.4177,0.1638,23.41,16.2,16.2,16.2,Chase Field,101,72,0,None,Yes,Yes,2,Yes,No,MLB Stats API; RotoWire,,H:2026/2025 P:2026/2025,,,Direct BvP not yet weighted; 2026/2025 Statcast baseline active,7,5,30,0,"Last 7 games: 5/30, 0 HR","same-side matchup; pitcher baseline 8.6% barrel, 16.2 HR allowed",neutral batted-ball profile; pitcher fly-ball pressure modest,,
547180,Bryce Harper,PHI,AZ,2026-09-01T01:40:00Z,Pre-Game,3,Brandon Pfaadt,694297,R,L,11.53,0.2337,90.67,101.9072,0.499,0.2261,0.3848,74.1,44.73,37.49,27.45,45.61,27.0,8.59,37.89,89.05,0.4177,0.1638,23.41,16.2,16.2,16.2,Chase Field,101,72,0,None,Yes,Yes,3,Yes,No,MLB Stats API; RotoWire,,H:2026/2025 P:2026/2025,,,Direct BvP not yet weighted; 2026/2025 Statcast baseline active,7,11,26,1,Contact streak: 11/26 over last 7 games,"platoon edge; pitcher baseline 8.6% barrel, 16.2 HR allowed",neutral batted-ball profile; pitcher fly-ball pressure modest,,
650333,Luis Arraez,PHI,AZ,2026-09-01T01:40:00Z,Pre-Game,4,Brandon Pfaadt,694297,R,L,1.17,0.1112,86.31,93.9195,0.3756,0.0865,0.3058,62.99,0.12,30.31,28.38,18.52,6.6,8.59,37.89,89.05,0.4177,0.1638,23.41,16.2,16.2,16.2,Chase Field,101,72,0,None,Yes,Yes,4,Yes,No,MLB Stats API; RotoWire,,H:2026/2025 P:2026/2025,,,Direct BvP not yet weighted; 2026/2025 Statcast baseline active,7,4,22,0,"Last 7 games: 4/22, 0 HR","platoon edge; pitcher baseline 8.6% barrel, 16.2 HR allowed",neutral batted-ball profile; pitcher fly-ball pressure modest,,
664761,Alec Bohm,PHI,AZ,2026-09-01T01:40:00Z,Pre-Game,5,Brandon Pfaadt,694297,R,R,5.78,0.1318,90.52,100.2734,0.4067,0.1425,0.3205,71.21,14.56,28.63,22.65,43.6,13.1,8.59,37.89,89.05,0.4177,0.1638,23.41,16.2,16.2,16.2,Chase Field,101,72,0,None,Yes,Yes,5,Yes,No,MLB Stats API; RotoWire,,H:2026/2025 P:2026/2025,,,Direct BvP not yet weighted; 2026/2025 Statcast baseline active,7,6,25,0,"Last 7 games: 6/25, 0 HR","same-side matchup; pitcher baseline 8.6% barrel, 16.2 HR allowed",neutral batted-ball profile; pitcher fly-ball pressure modest,,
681082,Bryson Stott,PHI,AZ,2026-09-01T01:40:00Z,Pre-Game,6,Brandon Pfaadt,694297,R,L,5.52,0.1417,88.72,98.4349,0.3951,0.1341,0.3228,69.72,6.68,34.73,27.59,35.59,10.2,8.59,37.89,89.05,0.4177,0.1638,23.41,16.2,16.2,16.2,Chase Field,101,72,0,None,Yes,Yes,6,Yes,No,MLB Stats API; RotoWire,,H:2026/2025 P:2026/2025,,,Direct BvP not yet weighted; 2026/2025 Statcast baseline active,7,6,26,0,"Last 7 games: 6/26, 0 HR","platoon edge; pitcher baseline 8.6% barrel, 16.2 HR allowed",neutral batted-ball profile; pitcher fly-ball pressure modest,,
669016,Brandon Marsh,PHI,AZ,2026-09-01T01:40:00Z,Pre-Game,7,Brandon Pfaadt,694297,R,L,8.4,0.1574,89.84,100.1224,0.4187,0.1592,0.316,71.47,15.65,37.84,26.24,44.65,15.2,8.59,37.89,89.05,0.4177,0.1638,23.41,16.2,16.2,16.2,Chase Field,101,72,0,None,Yes,Yes,7,Yes,No,MLB Stats API; RotoWire,,H:2026/2025 P:2026/2025,,,Direct BvP not yet weighted; 2026/2025 Statcast baseline active,7,4,19,0,"Last 7 games: 4/19, 0 HR","platoon edge; pitcher baseline 8.6% barrel, 16.2 HR allowed",neutral batted-ball profile; pitcher fly-ball pressure modest,,
702222,Justin Crawford,PHI,AZ,2026-09-01T01:40:00Z,Pre-Game,8,Brandon Pfaadt,694297,R,L,1.3,0.086,87.2,98.2537,0.321,0.062,0.286,69.1,5.7,26.7,16.8,35.6,2.0,8.59,37.89,89.05,0.4177,0.1638,23.41,16.2,16.2,16.2,Chase Field,101,72,0,None,Yes,Yes,8,Yes,No,MLB Stats API; RotoWire,,H:2026 P:2026/2025,,,Direct BvP not yet weighted; 2026/2025 Statcast baseline active,7,3,17,0,"Last 7 games: 3/17, 0 HR","platoon edge; pitcher baseline 8.6% barrel, 16.2 HR allowed",neutral batted-ball profile; pitcher fly-ball pressure modest,,
596117,Garrett Stubbs,PHI,AZ,2026-09-01T01:40:00Z,Pre-Game,9,Brandon Pfaadt,694297,R,L,0.0,0.0,80.03,87.0485,0.1776,0.0297,0.1686,67.94,0.0,50.79,17.01,18.9,0.0,8.59,37.89,89.05,0.4177,0.1638,23.41,16.2,16.2,16.2,Chase Field,101,72,0,None,Yes,Yes,9,Yes,No,MLB Stats API; RotoWire,,H:2026/2025 P:2026/2025,,,Direct BvP not yet weighted; 2026/2025 Statcast baseline active,7,2,9,0,"Last 7 games: 2/9, 0 HR","platoon edge; pitcher baseline 8.6% barrel, 16.2 HR allowed",neutral batted-ball profile; pitcher fly-ball pressure modest,,
