hitter_id,player,team,opponent,game_start_time,game_status,batting_order,pitcher,pitcher_id,pitcher_hand,hitter_hand,barrel_pct,iso,avg_exit_velocity,ev50,xslg,xiso,xwoba,bat_speed,fast_swing_pct,pull_pct,fb_pct,hard_hit_pct,hr_total,pitcher_barrel_pct_allowed,pitcher_hard_hit_pct_allowed,pitcher_avg_exit_velocity_allowed,pitcher_xslg_allowed,pitcher_xiso_allowed,pitcher_fb_pct_allowed,pitcher_hr_allowed,pitcher_hr_allowed_vs_lhh,pitcher_hr_allowed_vs_rhh,ballpark,park_hr_factor,weather_temp,wind_speed,wind_direction,confirmed_lineup,rotowire_confirmed_lineup,rotowire_batting_order,rotowire_player_found,lineup_disagreement,lineup_sources_used,source_warnings,stat_years_used,bvp_pa,bvp_hr,bvp_note,recent_games,recent_hits,recent_abs,recent_hr,recent_form_note,split_matchup_note,pitch_mix_note,public_attention,odds
502671,Paul Goldschmidt,NYY,CHC,2026-07-31T18:20:00Z,Warmup,1,Shota Imanaga,684007,L,R,10.1,0.1864,87.6,99.3952,0.4227,0.1819,0.3136,71.69,16.06,33.46,29.56,38.8,14.2,10.06,38.04,88.88,0.4179,0.187,33.13,24.7,24.7,24.7,Wrigley Field,104,79,12,L To R,Yes,Yes,1,Yes,No,MLB Stats API; RotoWire,,H:2026/2025 P:2026/2025,,,Direct BvP not yet weighted; 2026/2025 Statcast baseline active,7,7,29,1,"Last 7 games: 7/29, 1 HR","platoon edge; pitcher baseline 10.1% barrel, 24.7 HR allowed",neutral batted-ball profile; pitcher allows elevated contact,,
700250,Ben Rice,NYY,CHC,2026-07-31T18:20:00Z,Warmup,2,Shota Imanaga,684007,L,L,15.75,0.2853,92.53,102.673,0.5348,0.2597,0.3847,72.84,28.15,46.22,29.55,50.99,29.5,10.06,38.04,88.88,0.4179,0.187,33.13,24.7,24.7,24.7,Wrigley Field,104,79,12,L To R,Yes,Yes,2,Yes,No,MLB Stats API; RotoWire,,H:2026/2025 P:2026/2025,,,Direct BvP not yet weighted; 2026/2025 Statcast baseline active,7,5,29,1,"Last 7 games: 5/29, 1 HR","same-side matchup; pitcher baseline 10.1% barrel, 24.7 HR allowed",EV profile; pitcher allows elevated contact,,
642708,Amed Rosario,NYY,CHC,2026-07-31T18:20:00Z,Warmup,3,Shota Imanaga,684007,L,R,9.78,0.1901,90.71,101.4932,0.4236,0.1671,0.3135,73.66,37.76,39.08,22.88,41.36,8.1,10.06,38.04,88.88,0.4179,0.187,33.13,24.7,24.7,24.7,Wrigley Field,104,79,12,L To R,Yes,Yes,3,Yes,No,MLB Stats API; RotoWire,,H:2026/2025 P:2026/2025,,,Direct BvP not yet weighted; 2026/2025 Statcast baseline active,7,3,15,0,"Last 7 games: 3/15, 0 HR","platoon edge; pitcher baseline 10.1% barrel, 24.7 HR allowed",neutral batted-ball profile; pitcher allows elevated contact,,
691176,Jasson Domínguez,NYY,CHC,2026-07-31T18:20:00Z,Warmup,4,Shota Imanaga,684007,L,S,5.53,0.1492,88.92,100.9314,0.37,0.1183,0.2969,74.28,39.7,44.3,23.64,42.6,7.2,10.06,38.04,88.88,0.4179,0.187,33.13,24.7,24.7,24.7,Wrigley Field,104,79,12,L To R,Yes,Yes,4,Yes,No,MLB Stats API; RotoWire,,H:2026/2025 P:2026/2025,,,Direct BvP not yet weighted; 2026/2025 Statcast baseline active,7,7,30,1,"Last 7 games: 7/30, 1 HR","switch hitter; pitcher baseline 10.1% barrel, 24.7 HR allowed",neutral batted-ball profile; pitcher allows elevated contact,,
663757,Trent Grisham,NYY,CHC,2026-07-31T18:20:00Z,Warmup,5,Shota Imanaga,684007,L,L,11.26,0.1863,90.96,100.7343,0.4539,0.2059,0.3511,70.65,8.81,46.54,30.49,45.28,17.9,10.06,38.04,88.88,0.4179,0.187,33.13,24.7,24.7,24.7,Wrigley Field,104,79,12,L To R,Yes,Yes,5,Yes,No,MLB Stats API; RotoWire,,H:2026/2025 P:2026/2025,,,Direct BvP not yet weighted; 2026/2025 Statcast baseline active,7,3,24,0,"Last 7 games: 3/24, 0 HR","same-side matchup; pitcher baseline 10.1% barrel, 24.7 HR allowed",neutral batted-ball profile; pitcher allows elevated contact,,
683011,Anthony Volpe,NYY,CHC,2026-07-31T18:20:00Z,Warmup,6,Shota Imanaga,684007,L,R,6.02,0.1132,88.39,98.9914,0.3469,0.1155,0.2975,71.97,20.66,31.61,23.29,37.21,6.4,10.06,38.04,88.88,0.4179,0.187,33.13,24.7,24.7,24.7,Wrigley Field,104,79,12,L To R,Yes,Yes,6,Yes,No,MLB Stats API; RotoWire,,H:2026/2025 P:2026/2025,,,Direct BvP not yet weighted; 2026/2025 Statcast baseline active,7,6,22,0,"Last 7 games: 6/22, 0 HR","platoon edge; pitcher baseline 10.1% barrel, 24.7 HR allowed",neutral batted-ball profile; pitcher allows elevated contact,,
682987,Spencer Jones,NYY,CHC,2026-07-31T18:20:00Z,Warmup,7,Shota Imanaga,684007,L,L,10.2,0.149,95.6,104.1947,0.391,0.176,0.307,77.9,81.1,26.5,36.7,64.6,3.0,10.06,38.04,88.88,0.4179,0.187,33.13,24.7,24.7,24.7,Wrigley Field,104,79,12,L To R,Yes,Yes,7,Yes,No,MLB Stats API; RotoWire,,H:2026 P:2026/2025,,,Direct BvP not yet weighted; 2026/2025 Statcast baseline active,7,4,16,1,"Last 7 games: 4/16, 1 HR","same-side matchup; pitcher baseline 10.1% barrel, 24.7 HR allowed",EV profile; pitcher allows elevated contact,,
645305,Ali Sánchez,NYY,CHC,2026-07-31T18:20:00Z,Warmup,8,Shota Imanaga,684007,L,R,7.24,0.0975,83.54,95.5823,0.3591,0.0973,0.2832,70.21,8.12,39.59,20.82,25.94,0.7,10.06,38.04,88.88,0.4179,0.187,33.13,24.7,24.7,24.7,Wrigley Field,104,79,12,L To R,Yes,Yes,8,Yes,No,MLB Stats API; RotoWire,,H:2026/2025 P:2026/2025,,,Direct BvP not yet weighted; 2026/2025 Statcast baseline active,7,4,14,1,"Last 7 games: 4/14, 1 HR","platoon edge; pitcher baseline 10.1% barrel, 24.7 HR allowed",neutral batted-ball profile; pitcher allows elevated contact,,
676609,José Caballero,NYY,CHC,2026-07-31T18:20:00Z,Warmup,9,Shota Imanaga,684007,L,R,4.15,0.1292,84.39,96.303,0.325,0.1031,0.2766,68.82,7.98,41.88,21.31,26.4,8.5,10.06,38.04,88.88,0.4179,0.187,33.13,24.7,24.7,24.7,Wrigley Field,104,79,12,L To R,Yes,Yes,9,Yes,No,MLB Stats API; RotoWire,,H:2026/2025 P:2026/2025,,,Direct BvP not yet weighted; 2026/2025 Statcast baseline active,7,3,23,0,"Last 7 games: 3/23, 0 HR","platoon edge; pitcher baseline 10.1% barrel, 24.7 HR allowed",neutral batted-ball profile; pitcher allows elevated contact,,
691718,Pete Crow-Armstrong,CHC,NYY,2026-07-31T18:20:00Z,Warmup,1,Will Warren,701542,R,L,12.26,0.2494,89.92,101.7007,0.4736,0.2218,0.3504,74.17,44.04,48.97,34.66,46.78,26.1,8.52,42.29,90.58,0.4225,0.1617,24.52,17.1,17.1,17.1,Wrigley Field,104,79,12,L To R,Yes,Yes,1,Yes,No,MLB Stats API; RotoWire,,H:2026/2025 P:2026/2025,,,Direct BvP not yet weighted; 2026/2025 Statcast baseline active,7,10,31,3,Hot streak: 3 HR in last 7 games,"platoon edge; pitcher baseline 8.5% barrel, 17.1 HR allowed",neutral batted-ball profile; pitcher fly-ball pressure modest,,
699393,Pedro Ramírez,CHC,NYY,2026-07-31T18:20:00Z,Warmup,2,Will Warren,701542,R,S,2.6,0.145,89.6,99.7349,0.353,0.091,0.294,72.2,22.4,31.6,18.4,43.4,1.0,8.52,42.29,90.58,0.4225,0.1617,24.52,17.1,17.1,17.1,Wrigley Field,104,79,12,L To R,Yes,Yes,2,Yes,No,MLB Stats API; RotoWire,,H:2026 P:2026/2025,,,Direct BvP not yet weighted; 2026/2025 Statcast baseline active,7,9,21,0,Contact streak: 9/21 over last 7 games,"switch hitter; pitcher baseline 8.5% barrel, 17.1 HR allowed",neutral batted-ball profile; pitcher fly-ball pressure modest,,
683737,Michael Busch,CHC,NYY,2026-07-31T18:20:00Z,Warmup,3,Will Warren,701542,R,L,11.92,0.1829,89.54,99.7299,0.4493,0.2069,0.3493,68.69,5.22,40.07,34.9,42.4,19.3,8.52,42.29,90.58,0.4225,0.1617,24.52,17.1,17.1,17.1,Wrigley Field,104,79,12,L To R,Yes,Yes,3,Yes,No,MLB Stats API; RotoWire,,H:2026/2025 P:2026/2025,,,Direct BvP not yet weighted; 2026/2025 Statcast baseline active,7,8,35,0,"Last 7 games: 8/35, 0 HR","platoon edge; pitcher baseline 8.5% barrel, 17.1 HR allowed",neutral batted-ball profile; pitcher fly-ball pressure modest,,
608324,Alex Bregman,CHC,NYY,2026-07-31T18:20:00Z,Warmup,4,Will Warren,701542,R,R,4.99,0.1498,88.49,98.1768,0.3745,0.1334,0.316,70.09,4.87,46.58,25.76,38.73,13.1,8.52,42.29,90.58,0.4225,0.1617,24.52,17.1,17.1,17.1,Wrigley Field,104,79,12,L To R,Yes,Yes,4,Yes,No,MLB Stats API; RotoWire,,H:2026/2025 P:2026/2025,,,Direct BvP not yet weighted; 2026/2025 Statcast baseline active,7,10,30,1,Contact streak: 10/30 over last 7 games,"same-side matchup; pitcher baseline 8.5% barrel, 17.1 HR allowed",neutral batted-ball profile; pitcher fly-ball pressure modest,,
664023,Ian Happ,CHC,NYY,2026-07-31T18:20:00Z,Warmup,5,Will Warren,701542,R,S,11.52,0.1952,89.65,100.9441,0.4206,0.2007,0.3281,71.95,19.06,43.77,33.44,42.93,19.5,8.52,42.29,90.58,0.4225,0.1617,24.52,17.1,17.1,17.1,Wrigley Field,104,79,12,L To R,Yes,Yes,5,Yes,No,MLB Stats API; RotoWire,,H:2026/2025 P:2026/2025,,,Direct BvP not yet weighted; 2026/2025 Statcast baseline active,7,5,29,0,"Last 7 games: 5/29, 0 HR","switch hitter; pitcher baseline 8.5% barrel, 17.1 HR allowed",neutral batted-ball profile; pitcher fly-ball pressure modest,,
663538,Nico Hoerner,CHC,NYY,2026-07-31T18:20:00Z,Warmup,6,Will Warren,701542,R,R,1.28,0.0942,86.21,96.2664,0.3805,0.0829,0.3255,68.33,1.83,33.29,21.21,28.83,5.6,8.52,42.29,90.58,0.4225,0.1617,24.52,17.1,17.1,17.1,Wrigley Field,104,79,12,L To R,Yes,Yes,6,Yes,No,MLB Stats API; RotoWire,,H:2026/2025 P:2026/2025,,,Direct BvP not yet weighted; 2026/2025 Statcast baseline active,7,12,27,1,Contact streak: 12/27 over last 7 games,"same-side matchup; pitcher baseline 8.5% barrel, 17.1 HR allowed",neutral batted-ball profile; pitcher fly-ball pressure modest,,
624424,Michael Conforto,CHC,NYY,2026-07-31T18:20:00Z,Warmup,7,Will Warren,701542,R,L,10.96,0.2019,91.16,100.7364,0.4226,0.1917,0.3293,72.85,32.95,43.6,35.67,44.14,9.9,8.52,42.29,90.58,0.4225,0.1617,24.52,17.1,17.1,17.1,Wrigley Field,104,79,12,L To R,Yes,Yes,7,Yes,No,MLB Stats API; RotoWire,,H:2026/2025 P:2026/2025,,,Direct BvP not yet weighted; 2026/2025 Statcast baseline active,7,3,17,0,"Last 7 games: 3/17, 0 HR","platoon edge; pitcher baseline 8.5% barrel, 17.1 HR allowed",fly-ball profile; pitcher fly-ball pressure modest,,
621020,Dansby Swanson,CHC,NYY,2026-07-31T18:20:00Z,Warmup,8,Will Warren,701542,R,R,8.76,0.1828,89.8,100.0561,0.4154,0.1799,0.3163,71.32,8.33,46.15,30.1,43.88,18.4,8.52,42.29,90.58,0.4225,0.1617,24.52,17.1,17.1,17.1,Wrigley Field,104,79,12,L To R,Yes,Yes,8,Yes,No,MLB Stats API; RotoWire,,H:2026/2025 P:2026/2025,,,Direct BvP not yet weighted; 2026/2025 Statcast baseline active,7,6,26,0,"Last 7 games: 6/26, 0 HR","same-side matchup; pitcher baseline 8.5% barrel, 17.1 HR allowed",neutral batted-ball profile; pitcher fly-ball pressure modest,,
665804,Miguel Amaya,CHC,NYY,2026-07-31T18:20:00Z,Warmup,9,Will Warren,701542,R,R,6.46,0.1455,86.96,97.6435,0.3461,0.1231,0.3006,70.8,13.73,39.82,31.32,33.6,3.3,8.52,42.29,90.58,0.4225,0.1617,24.52,17.1,17.1,17.1,Wrigley Field,104,79,12,L To R,Yes,Yes,9,Yes,No,MLB Stats API; RotoWire,,H:2026/2025 P:2026/2025,,,Direct BvP not yet weighted; 2026/2025 Statcast baseline active,7,7,22,0,"Last 7 games: 7/22, 0 HR","same-side matchup; pitcher baseline 8.5% barrel, 17.1 HR allowed",neutral batted-ball profile; pitcher fly-ball pressure modest,,
663968,Jake Mangum,PIT,CIN,2026-07-31T22:10:00Z,Pre-Game,1,Hunter Greene,668881,R,S,1.72,0.0692,85.62,96.2308,0.3304,0.0738,0.2823,67.37,3.66,28.07,14.3,27.38,2.3,6.62,46.12,90.19,0.4203,0.171,27.7,6.6,6.6,6.6,Great American Ball Park,121,80,1,Calm,No,No,1,Yes,Yes,RotoWire projected lineup; MLB probable pitchers,lineup projected / unconfirmed,H:2026/2025 P:2026/2025,,,Direct BvP not yet weighted; 2026/2025 Statcast baseline active,7,10,33,0,"Last 7 games: 10/33, 0 HR","switch hitter; pitcher baseline 6.6% barrel, 6.6 HR allowed",neutral batted-ball profile; pitcher fly-ball pressure modest,,
664040,Brandon Lowe,PIT,CIN,2026-07-31T22:10:00Z,Pre-Game,2,Hunter Greene,668881,R,L,12.51,0.2329,91.03,101.4363,0.4619,0.2121,0.3371,73.73,40.23,47.56,32.99,45.41,25.4,6.62,46.12,90.19,0.4203,0.171,27.7,6.6,6.6,6.6,Great American Ball Park,121,80,1,Calm,No,No,2,Yes,Yes,RotoWire projected lineup; MLB probable pitchers,lineup projected / unconfirmed,H:2026/2025 P:2026/2025,,,Direct BvP not yet weighted; 2026/2025 Statcast baseline active,7,11,29,2,Hot streak: 2 HR in last 7 games,"platoon edge; pitcher baseline 6.6% barrel, 6.6 HR allowed",neutral batted-ball profile; pitcher fly-ball pressure modest,,
668804,Bryan Reynolds,PIT,CIN,2026-07-31T22:10:00Z,Pre-Game,3,Hunter Greene,668881,R,S,11.08,0.178,90.99,102.002,0.4414,0.1911,0.3499,72.62,28.16,40.78,25.53,46.63,15.3,6.62,46.12,90.19,0.4203,0.171,27.7,6.6,6.6,6.6,Great American Ball Park,121,80,1,Calm,No,No,3,Yes,Yes,RotoWire projected lineup; MLB probable pitchers,lineup projected / unconfirmed,H:2026/2025 P:2026/2025,,,Direct BvP not yet weighted; 2026/2025 Statcast baseline active,7,4,27,1,"Last 7 games: 4/27, 1 HR","switch hitter; pitcher baseline 6.6% barrel, 6.6 HR allowed",neutral batted-ball profile; pitcher fly-ball pressure modest,,
699013,Esmerlyn Valdez,PIT,CIN,2026-07-31T22:10:00Z,Pre-Game,4,Hunter Greene,668881,R,R,25.6,0.387,92.4,103.8952,0.534,0.306,0.367,74.7,49.2,34.1,42.7,51.2,14.0,6.62,46.12,90.19,0.4203,0.171,27.7,6.6,6.6,6.6,Great American Ball Park,121,80,1,Calm,No,No,4,Yes,Yes,RotoWire projected lineup; MLB probable pitchers,lineup projected / unconfirmed,H:2026 P:2026/2025,,,Direct BvP not yet weighted; 2026/2025 Statcast baseline active,7,5,24,1,"Last 7 games: 5/24, 1 HR","same-side matchup; pitcher baseline 6.6% barrel, 6.6 HR allowed",EV profile; pitcher fly-ball pressure modest,,
656811,Ryan O'Hearn,PIT,CIN,2026-07-31T22:10:00Z,Pre-Game,5,Hunter Greene,668881,R,L,7.46,0.177,89.4,99.4361,0.4185,0.1586,0.329,71.1,11.78,38.31,28.78,43.62,17.0,6.62,46.12,90.19,0.4203,0.171,27.7,6.6,6.6,6.6,Great American Ball Park,121,80,1,Calm,No,No,5,Yes,Yes,RotoWire projected lineup; MLB probable pitchers,lineup projected / unconfirmed,H:2026/2025 P:2026/2025,,,Direct BvP not yet weighted; 2026/2025 Statcast baseline active,7,6,27,1,"Last 7 games: 6/27, 1 HR","platoon edge; pitcher baseline 6.6% barrel, 6.6 HR allowed",neutral batted-ball profile; pitcher fly-ball pressure modest,,
693304,Nick Gonzales,PIT,CIN,2026-07-31T22:10:00Z,Pre-Game,6,Hunter Greene,668881,R,R,3.52,0.0985,86.91,98.3751,0.3827,0.1084,0.3134,70.64,12.8,38.97,20.77,36.7,5.7,6.62,46.12,90.19,0.4203,0.171,27.7,6.6,6.6,6.6,Great American Ball Park,121,80,1,Calm,No,No,6,Yes,Yes,RotoWire projected lineup; MLB probable pitchers,lineup projected / unconfirmed,H:2026/2025 P:2026/2025,,,Direct BvP not yet weighted; 2026/2025 Statcast baseline active,7,11,31,0,Contact streak: 11/31 over last 7 games,"same-side matchup; pitcher baseline 6.6% barrel, 6.6 HR allowed",neutral batted-ball profile; pitcher fly-ball pressure modest,,
682848,Endy Rodriguez,PIT,CIN,2026-07-31T22:10:00Z,Pre-Game,7,Hunter Greene,668881,R,S,8.83,0.1554,91.99,100.2866,0.3782,0.1463,0.3211,72.2,21.99,43.83,32.73,44.84,3.5,6.62,46.12,90.19,0.4203,0.171,27.7,6.6,6.6,6.6,Great American Ball Park,121,80,1,Calm,No,No,7,Yes,Yes,RotoWire projected lineup; MLB probable pitchers,lineup projected / unconfirmed,H:2026/2025 P:2026/2025,,,Direct BvP not yet weighted; 2026/2025 Statcast baseline active,7,6,26,1,"Last 7 games: 6/26, 1 HR","switch hitter; pitcher baseline 6.6% barrel, 6.6 HR allowed",neutral batted-ball profile; pitcher fly-ball pressure modest,,
542303,Marcell Ozuna,PIT,CIN,2026-07-31T22:10:00Z,Pre-Game,8,Hunter Greene,668881,R,R,8.98,0.1358,89.41,99.9451,0.4074,0.1817,0.319,73.29,35.22,39.26,29.87,39.35,11.9,6.62,46.12,90.19,0.4203,0.171,27.7,6.6,6.6,6.6,Great American Ball Park,121,80,1,Calm,No,No,8,Yes,Yes,RotoWire projected lineup; MLB probable pitchers,lineup projected / unconfirmed,H:2026/2025 P:2026/2025,,,Direct BvP not yet weighted; 2026/2025 Statcast baseline active,7,3,19,0,"Last 7 games: 3/19, 0 HR","same-side matchup; pitcher baseline 6.6% barrel, 6.6 HR allowed",neutral batted-ball profile; pitcher fly-ball pressure modest,,
694378,Jacob Gonzalez,PIT,CIN,2026-07-31T22:10:00Z,Pre-Game,9,Hunter Greene,668881,R,L,3.3,0.144,88.6,99.0624,0.395,0.136,0.312,71.1,12.6,39.8,29.0,39.1,4.0,6.62,46.12,90.19,0.4203,0.171,27.7,6.6,6.6,6.6,Great American Ball Park,121,80,1,Calm,No,No,9,Yes,Yes,RotoWire projected lineup; MLB probable pitchers,lineup projected / unconfirmed,H:2026 P:2026/2025,,,Direct BvP not yet weighted; 2026/2025 Statcast baseline active,7,3,20,1,"Last 7 games: 3/20, 1 HR","platoon edge; pitcher baseline 6.6% barrel, 6.6 HR allowed",neutral batted-ball profile; pitcher fly-ball pressure modest,,
682829,Elly De La Cruz,CIN,PIT,2026-07-31T22:10:00Z,Pre-Game,1,Paul Skenes,694973,R,S,13.52,0.2103,93.31,104.2878,0.4709,0.201,0.3549,75.17,52.16,36.08,25.45,50.22,19.2,6.36,38.49,87.81,0.3217,0.1162,23.57,11.0,11.0,11.0,Great American Ball Park,121,80,1,Calm,Yes,Yes,1,Yes,No,MLB Stats API; RotoWire,,H:2026/2025 P:2026/2025,,,Direct BvP not yet weighted; 2026/2025 Statcast baseline active,7,9,29,1,"Last 7 games: 9/29, 1 HR","switch hitter; pitcher baseline 6.4% barrel, 11.0 HR allowed",EV profile; pitcher fly-ball pressure modest,,
701398,Sal Stewart,CIN,PIT,2026-07-31T22:10:00Z,Pre-Game,2,Paul Skenes,694973,R,R,15.31,0.2389,91.97,101.6278,0.5166,0.2547,0.3625,72.31,27.56,38.99,32.16,43.68,16.9,6.36,38.49,87.81,0.3217,0.1162,23.57,11.0,11.0,11.0,Great American Ball Park,121,80,1,Calm,Yes,Yes,2,Yes,No,MLB Stats API; RotoWire,,H:2026/2025 P:2026/2025,,,Direct BvP not yet weighted; 2026/2025 Statcast baseline active,7,8,24,1,Contact streak: 8/24 over last 7 games,"same-side matchup; pitcher baseline 6.4% barrel, 11.0 HR allowed",neutral batted-ball profile; pitcher fly-ball pressure modest,,
668709,JJ Bleday,CIN,PIT,2026-07-31T22:10:00Z,Pre-Game,3,Paul Skenes,694973,R,L,9.83,0.2221,88.91,100.0711,0.4269,0.1886,0.3369,73.21,28.84,45.53,33.2,40.94,16.8,6.36,38.49,87.81,0.3217,0.1162,23.57,11.0,11.0,11.0,Great American Ball Park,121,80,1,Calm,Yes,Yes,3,Yes,No,MLB Stats API; RotoWire,,H:2026/2025 P:2026/2025,,,Direct BvP not yet weighted; 2026/2025 Statcast baseline active,7,3,23,1,"Last 7 games: 3/23, 1 HR","platoon edge; pitcher baseline 6.4% barrel, 11.0 HR allowed",neutral batted-ball profile; pitcher fly-ball pressure modest,,
663886,Tyler Stephenson,CIN,PIT,2026-07-31T22:10:00Z,Pre-Game,4,Paul Skenes,694973,R,R,12.4,0.1599,90.85,100.5584,0.4452,0.2033,0.3368,70.73,8.05,38.48,31.96,46.61,9.5,6.36,38.49,87.81,0.3217,0.1162,23.57,11.0,11.0,11.0,Great American Ball Park,121,80,1,Calm,Yes,Yes,4,Yes,No,MLB Stats API; RotoWire,,H:2026/2025 P:2026/2025,,,Direct BvP not yet weighted; 2026/2025 Statcast baseline active,7,7,21,0,Contact streak: 7/21 over last 7 games,"same-side matchup; pitcher baseline 6.4% barrel, 11.0 HR allowed",neutral batted-ball profile; pitcher fly-ball pressure modest,,
663993,Nathaniel Lowe,CIN,PIT,2026-07-31T22:10:00Z,Pre-Game,5,Paul Skenes,694973,R,L,9.38,0.1978,89.14,101.0286,0.436,0.1779,0.3366,74.0,38.38,36.99,26.83,40.8,13.8,6.36,38.49,87.81,0.3217,0.1162,23.57,11.0,11.0,11.0,Great American Ball Park,121,80,1,Calm,Yes,Yes,5,Yes,No,MLB Stats API; RotoWire,,H:2026/2025 P:2026/2025,,,Direct BvP not yet weighted; 2026/2025 Statcast baseline active,7,8,26,0,"Last 7 games: 8/26, 0 HR","platoon edge; pitcher baseline 6.4% barrel, 11.0 HR allowed",neutral batted-ball profile; pitcher fly-ball pressure modest,,
553993,Eugenio Suárez,CIN,PIT,2026-07-31T22:10:00Z,Pre-Game,6,Paul Skenes,694973,R,R,11.5,0.221,89.08,99.9929,0.3713,0.1757,0.2815,71.88,20.9,48.38,33.27,37.73,24.5,6.36,38.49,87.81,0.3217,0.1162,23.57,11.0,11.0,11.0,Great American Ball Park,121,80,1,Calm,Yes,Yes,6,Yes,No,MLB Stats API; RotoWire,,H:2026/2025 P:2026/2025,,,Direct BvP not yet weighted; 2026/2025 Statcast baseline active,7,4,27,2,Hot streak: 2 HR in last 7 games,"same-side matchup; pitcher baseline 6.4% barrel, 11.0 HR allowed",neutral batted-ball profile; pitcher fly-ball pressure modest,,
667472,Dane Myers,CIN,PIT,2026-07-31T22:10:00Z,Pre-Game,7,Paul Skenes,694973,R,R,6.47,0.1015,89.79,99.5655,0.3944,0.147,0.3264,71.32,20.36,26.88,25.87,37.45,3.9,6.36,38.49,87.81,0.3217,0.1162,23.57,11.0,11.0,11.0,Great American Ball Park,121,80,1,Calm,Yes,Yes,7,Yes,No,MLB Stats API; RotoWire,,H:2026/2025 P:2026/2025,,,Direct BvP not yet weighted; 2026/2025 Statcast baseline active,7,9,25,0,Contact streak: 9/25 over last 7 games,"same-side matchup; pitcher baseline 6.4% barrel, 11.0 HR allowed",neutral batted-ball profile; pitcher fly-ball pressure modest,,
682622,Noelvi Marte,CIN,PIT,2026-07-31T22:10:00Z,Pre-Game,8,Paul Skenes,694973,R,R,7.14,0.1633,88.15,99.3767,0.3606,0.1422,0.2718,72.64,29.54,43.17,21.62,32.17,8.4,6.36,38.49,87.81,0.3217,0.1162,23.57,11.0,11.0,11.0,Great American Ball Park,121,80,1,Calm,Yes,Yes,8,Yes,No,MLB Stats API; RotoWire,,H:2026/2025 P:2026/2025,,,Direct BvP not yet weighted; 2026/2025 Statcast baseline active,7,3,24,0,"Last 7 games: 3/24, 0 HR","same-side matchup; pitcher baseline 6.4% barrel, 11.0 HR allowed",neutral batted-ball profile; pitcher fly-ball pressure modest,,
680574,Matt McLain,CIN,PIT,2026-07-31T22:10:00Z,Pre-Game,9,Paul Skenes,694973,R,R,8.71,0.1321,88.66,99.0842,0.3771,0.1553,0.3075,71.07,10.45,33.33,32.73,38.53,10.1,6.36,38.49,87.81,0.3217,0.1162,23.57,11.0,11.0,11.0,Great American Ball Park,121,80,1,Calm,Yes,Yes,9,Yes,No,MLB Stats API; RotoWire,,H:2026/2025 P:2026/2025,,,Direct BvP not yet weighted; 2026/2025 Statcast baseline active,7,1,16,0,"Last 7 games: 1/16, 0 HR","same-side matchup; pitcher baseline 6.4% barrel, 11.0 HR allowed",neutral batted-ball profile; pitcher fly-ball pressure modest,,
607208,Trea Turner,PHI,BAL,2026-07-31T23:05:00Z,Scheduled,1,Brandon Young,687064,R,R,6.36,0.1502,89.02,99.5889,0.3862,0.1337,0.3035,71.52,19.21,34.12,25.48,41.75,15.0,7.05,41.92,89.4,0.4061,0.156,26.73,9.9,9.9,9.9,Oriole Park at Camden Yards,108,,,,No,No,1,Yes,Yes,RotoWire projected lineup; MLB probable pitchers,lineup projected / unconfirmed,H:2026/2025 P:2026/2025,,,Direct BvP not yet weighted; 2026/2025 Statcast baseline active,7,6,30,1,"Last 7 games: 6/30, 1 HR","same-side matchup; pitcher baseline 7.0% barrel, 9.9 HR allowed",neutral batted-ball profile; pitcher fly-ball pressure modest,,
656941,Kyle Schwarber,PHI,BAL,2026-07-31T23:05:00Z,Scheduled,2,Brandon Young,687064,R,L,18.77,0.302,93.6,104.5073,0.5243,0.2826,0.3779,77.16,75.28,54.77,34.3,54.42,39.9,7.05,41.92,89.4,0.4061,0.156,26.73,9.9,9.9,9.9,Oriole Park at Camden Yards,108,,,,No,No,2,Yes,Yes,RotoWire projected lineup; MLB probable pitchers,lineup projected / unconfirmed,H:2026/2025 P:2026/2025,,,Direct BvP not yet weighted; 2026/2025 Statcast baseline active,7,6,25,0,"Last 7 games: 6/25, 0 HR","platoon edge; pitcher baseline 7.0% barrel, 9.9 HR allowed",lift-pull EV profile; pitcher fly-ball pressure modest,,
547180,Bryce Harper,PHI,BAL,2026-07-31T23:05:00Z,Scheduled,3,Brandon Young,687064,R,L,11.81,0.2351,90.53,102.0264,0.5018,0.231,0.3792,74.24,46.48,38.54,27.87,45.68,23.5,7.05,41.92,89.4,0.4061,0.156,26.73,9.9,9.9,9.9,Oriole Park at Camden Yards,108,,,,No,No,3,Yes,Yes,RotoWire projected lineup; MLB probable pitchers,lineup projected / unconfirmed,H:2026/2025 P:2026/2025,,,Direct BvP not yet weighted; 2026/2025 Statcast baseline active,7,4,25,1,"Last 7 games: 4/25, 1 HR","platoon edge; pitcher baseline 7.0% barrel, 9.9 HR allowed",neutral batted-ball profile; pitcher fly-ball pressure modest,,
669016,Brandon Marsh,PHI,BAL,2026-07-31T23:05:00Z,Scheduled,4,Brandon Young,687064,R,L,8.89,0.1714,89.98,100.2816,0.4257,0.1641,0.3167,71.47,15.16,38.05,26.38,45.49,14.5,7.05,41.92,89.4,0.4061,0.156,26.73,9.9,9.9,9.9,Oriole Park at Camden Yards,108,,,,No,No,4,Yes,Yes,RotoWire projected lineup; MLB probable pitchers,lineup projected / unconfirmed,H:2026/2025 P:2026/2025,,,Direct BvP not yet weighted; 2026/2025 Statcast baseline active,7,3,23,0,"Last 7 games: 3/23, 0 HR","platoon edge; pitcher baseline 7.0% barrel, 9.9 HR allowed",neutral batted-ball profile; pitcher fly-ball pressure modest,,
664761,Alec Bohm,PHI,BAL,2026-07-31T23:05:00Z,Scheduled,5,Brandon Young,687064,R,R,5.5,0.1367,90.73,100.3022,0.3913,0.1334,0.3121,70.93,12.39,28.56,21.11,43.74,12.4,7.05,41.92,89.4,0.4061,0.156,26.73,9.9,9.9,9.9,Oriole Park at Camden Yards,108,,,,No,No,5,Yes,Yes,RotoWire projected lineup; MLB probable pitchers,lineup projected / unconfirmed,H:2026/2025 P:2026/2025,,,Direct BvP not yet weighted; 2026/2025 Statcast baseline active,7,7,26,1,"Last 7 games: 7/26, 1 HR","same-side matchup; pitcher baseline 7.0% barrel, 9.9 HR allowed",neutral batted-ball profile; pitcher fly-ball pressure modest,,
681082,Bryson Stott,PHI,BAL,2026-07-31T23:05:00Z,Scheduled,6,Brandon Young,687064,R,L,6.57,0.1508,88.72,98.5722,0.4014,0.1446,0.3172,69.79,6.61,34.73,29.2,35.8,9.5,7.05,41.92,89.4,0.4061,0.156,26.73,9.9,9.9,9.9,Oriole Park at Camden Yards,108,,,,No,No,6,Yes,Yes,RotoWire projected lineup; MLB probable pitchers,lineup projected / unconfirmed,H:2026/2025 P:2026/2025,,,Direct BvP not yet weighted; 2026/2025 Statcast baseline active,7,7,24,1,"Last 7 games: 7/24, 1 HR","platoon edge; pitcher baseline 7.0% barrel, 9.9 HR allowed",neutral batted-ball profile; pitcher fly-ball pressure modest,,
592663,J.T. Realmuto,PHI,BAL,2026-07-31T23:05:00Z,Scheduled,7,Brandon Young,687064,R,R,5.79,0.1291,89.72,100.0947,0.39,0.1342,0.3188,72.91,32.57,40.48,26.01,42.49,8.5,7.05,41.92,89.4,0.4061,0.156,26.73,9.9,9.9,9.9,Oriole Park at Camden Yards,108,,,,No,No,7,Yes,Yes,RotoWire projected lineup; MLB probable pitchers,lineup projected / unconfirmed,H:2026/2025 P:2026/2025,,,Direct BvP not yet weighted; 2026/2025 Statcast baseline active,7,7,20,0,Contact streak: 7/20 over last 7 games,"same-side matchup; pitcher baseline 7.0% barrel, 9.9 HR allowed",neutral batted-ball profile; pitcher fly-ball pressure modest,,
650559,Bryan De La Cruz,PHI,BAL,2026-07-31T23:05:00Z,Scheduled,8,Brandon Young,687064,R,R,8.44,0.2068,85.48,95.013,0.3787,0.1469,0.2751,71.41,18.05,36.85,23.09,28.25,0.7,7.05,41.92,89.4,0.4061,0.156,26.73,9.9,9.9,9.9,Oriole Park at Camden Yards,108,,,,No,No,8,Yes,Yes,RotoWire projected lineup; MLB probable pitchers,lineup projected / unconfirmed,H:2026/2025 P:2026/2025,,,Direct BvP not yet weighted; 2026/2025 Statcast baseline active,6,7,14,1,Contact streak: 7/14 over last 6 games,"same-side matchup; pitcher baseline 7.0% barrel, 9.9 HR allowed",neutral batted-ball profile; pitcher fly-ball pressure modest,,
702222,Justin Crawford,PHI,BAL,2026-07-31T23:05:00Z,Scheduled,9,Brandon Young,687064,R,L,0.9,0.082,86.5,97.5346,0.315,0.06,0.278,68.9,5.1,28.0,16.4,32.3,2.0,7.05,41.92,89.4,0.4061,0.156,26.73,9.9,9.9,9.9,Oriole Park at Camden Yards,108,,,,No,No,9,Yes,Yes,RotoWire projected lineup; MLB probable pitchers,lineup projected / unconfirmed,H:2026 P:2026/2025,,,Direct BvP not yet weighted; 2026/2025 Statcast baseline active,7,4,16,0,"Last 7 games: 4/16, 0 HR","platoon edge; pitcher baseline 7.0% barrel, 9.9 HR allowed",neutral batted-ball profile; pitcher fly-ball pressure modest,,
687637,Dylan Beavers,BAL,PHI,2026-07-31T23:05:00Z,Scheduled,1,,,,L,6.71,0.1233,88.66,99.1693,0.3856,0.153,0.3216,72.2,19.79,40.95,30.48,35.28,2.6,,,,,,,,,,Oriole Park at Camden Yards,108,,,,No,No,1,Yes,Yes,RotoWire projected lineup; MLB probable pitchers,lineup projected / unconfirmed,H:2026/2025 P:,,,Direct BvP not yet weighted; 2026/2025 Statcast baseline active,7,4,22,0,"Last 7 games: 4/22, 0 HR","handedness incomplete; pitcher baseline 0.0% barrel, 0.0 HR allowed",neutral batted-ball profile; pitcher fly-ball pressure modest,,
624413,Pete Alonso,BAL,PHI,2026-07-31T23:05:00Z,Scheduled,2,,,,R,14.14,0.224,93.78,104.0166,0.5265,0.2549,0.3783,74.78,48.86,36.71,30.32,54.61,26.8,,,,,,,,,,Oriole Park at Camden Yards,108,,,,No,No,2,Yes,Yes,RotoWire projected lineup; MLB probable pitchers,lineup projected / unconfirmed,H:2026/2025 P:,,,Direct BvP not yet weighted; 2026/2025 Statcast baseline active,7,9,31,1,"Last 7 games: 9/31, 1 HR","handedness incomplete; pitcher baseline 0.0% barrel, 0.0 HR allowed",EV profile; pitcher fly-ball pressure modest,,
683002,Gunnar Henderson,BAL,PHI,2026-07-31T23:05:00Z,Scheduled,3,,,,L,7.62,0.1724,90.21,101.3354,0.3956,0.149,0.3144,74.67,47.03,40.94,24.08,45.77,17.7,,,,,,,,,,Oriole Park at Camden Yards,108,,,,No,No,3,Yes,Yes,RotoWire projected lineup; MLB probable pitchers,lineup projected / unconfirmed,H:2026/2025 P:,,,Direct BvP not yet weighted; 2026/2025 Statcast baseline active,7,4,30,1,"Last 7 games: 4/30, 1 HR","handedness incomplete; pitcher baseline 0.0% barrel, 0.0 HR allowed",neutral batted-ball profile; pitcher fly-ball pressure modest,,
621493,Taylor Ward,BAL,PHI,2026-07-31T23:05:00Z,Scheduled,4,,,,R,8.03,0.1455,89.47,99.4633,0.3975,0.1546,0.3414,68.73,4.16,34.15,29.66,39.9,15.7,,,,,,,,,,Oriole Park at Camden Yards,108,,,,No,No,4,Yes,Yes,RotoWire projected lineup; MLB probable pitchers,lineup projected / unconfirmed,H:2026/2025 P:,,,Direct BvP not yet weighted; 2026/2025 Statcast baseline active,7,6,28,0,"Last 7 games: 6/28, 0 HR","handedness incomplete; pitcher baseline 0.0% barrel, 0.0 HR allowed",neutral batted-ball profile; pitcher fly-ball pressure modest,,
687952,Christian Encarnacion-Strand,BAL,PHI,2026-07-31T23:05:00Z,Scheduled,5,,,,R,15.65,0.2628,90.77,101.4853,0.5375,0.2836,0.3436,73.46,31.23,37.41,32.31,41.69,3.9,,,,,,,,,,Oriole Park at Camden Yards,108,,,,No,No,5,Yes,Yes,RotoWire projected lineup; MLB probable pitchers,lineup projected / unconfirmed,H:2026/2025 P:,,,Direct BvP not yet weighted; 2026/2025 Statcast baseline active,7,9,28,3,Hot streak: 3 HR in last 7 games,"handedness incomplete; pitcher baseline 0.0% barrel, 0.0 HR allowed",neutral batted-ball profile; pitcher fly-ball pressure modest,,
681297,Colton Cowser,BAL,PHI,2026-07-31T23:05:00Z,Scheduled,6,,,,L,11.37,0.1421,88.03,100.3839,0.4047,0.1988,0.3098,74.44,44.92,38.24,32.85,39.49,10.4,,,,,,,,,,Oriole Park at Camden Yards,108,,,,No,No,6,Yes,Yes,RotoWire projected lineup; MLB probable pitchers,lineup projected / unconfirmed,H:2026/2025 P:,,,Direct BvP not yet weighted; 2026/2025 Statcast baseline active,7,2,9,0,"Last 7 games: 2/9, 0 HR","handedness incomplete; pitcher baseline 0.0% barrel, 0.0 HR allowed",neutral batted-ball profile; pitcher fly-ball pressure modest,,
665750,Leody Taveras,BAL,PHI,2026-07-31T23:05:00Z,Scheduled,7,,,,S,5.21,0.1151,87.73,98.7042,0.3307,0.1173,0.2726,72.32,24.04,32.81,23.4,32.05,4.4,,,,,,,,,,Oriole Park at Camden Yards,108,,,,No,No,7,Yes,Yes,RotoWire projected lineup; MLB probable pitchers,lineup projected / unconfirmed,H:2026/2025 P:,,,Direct BvP not yet weighted; 2026/2025 Statcast baseline active,7,2,25,1,"Last 7 games: 2/25, 1 HR","switch hitter; pitcher baseline 0.0% barrel, 0.0 HR allowed",neutral batted-ball profile; pitcher fly-ball pressure modest,,
702616,Jackson Holliday,BAL,PHI,2026-07-31T23:05:00Z,Scheduled,8,,,,L,7.94,0.14,87.89,98.3383,0.3858,0.1434,0.3238,70.6,8.04,36.81,25.52,37.65,8.6,,,,,,,,,,Oriole Park at Camden Yards,108,,,,No,No,8,Yes,Yes,RotoWire projected lineup; MLB probable pitchers,lineup projected / unconfirmed,H:2026/2025 P:,,,Direct BvP not yet weighted; 2026/2025 Statcast baseline active,7,13,24,0,Contact streak: 13/24 over last 7 games,"handedness incomplete; pitcher baseline 0.0% barrel, 0.0 HR allowed",neutral batted-ball profile; pitcher fly-ball pressure modest,,
668670,Jake Rogers,BAL,PHI,2026-07-31T23:05:00Z,Scheduled,9,,,,R,8.15,0.1418,88.24,98.3357,0.3063,0.1305,0.2649,70.64,5.42,44.99,35.23,39.01,3.0,,,,,,,,,,Oriole Park at Camden Yards,108,,,,No,No,9,Yes,Yes,RotoWire projected lineup; MLB probable pitchers,lineup projected / unconfirmed,H:2026/2025 P:,,,Direct BvP not yet weighted; 2026/2025 Statcast baseline active,7,4,14,2,Hot streak: 2 HR in last 7 games,"handedness incomplete; pitcher baseline 0.0% barrel, 0.0 HR allowed",fly-ball profile; pitcher fly-ball pressure modest,,
802139,JJ Wetherholt,STL,TOR,2026-07-31T23:07:00Z,Scheduled,1,Dylan Cease,656302,R,L,7.3,0.143,89.9,99.409,0.435,0.177,0.349,72.2,22.0,38.0,29.0,44.7,16.0,6.15,33.79,86.73,0.3072,0.11,24.0,11.2,11.2,11.2,Rogers Centre,105,,,,No,No,1,Yes,Yes,RotoWire projected lineup; MLB probable pitchers,lineup projected / unconfirmed,H:2026 P:2026/2025,,,Direct BvP not yet weighted; 2026/2025 Statcast baseline active,7,4,25,1,"Last 7 games: 4/25, 1 HR","platoon edge; pitcher baseline 6.2% barrel, 11.2 HR allowed",neutral batted-ball profile; pitcher fly-ball pressure modest,,
671056,Ivan Herrera,STL,TOR,2026-07-31T23:07:00Z,Scheduled,2,Dylan Cease,656302,R,R,7.25,0.1499,89.73,101.0427,0.41,0.1562,0.3442,74.02,44.19,37.24,19.66,41.54,14.1,6.15,33.79,86.73,0.3072,0.11,24.0,11.2,11.2,11.2,Rogers Centre,105,,,,No,No,2,Yes,Yes,RotoWire projected lineup; MLB probable pitchers,lineup projected / unconfirmed,H:2026/2025 P:2026/2025,,,Direct BvP not yet weighted; 2026/2025 Statcast baseline active,7,9,29,1,"Last 7 games: 9/29, 1 HR","same-side matchup; pitcher baseline 6.2% barrel, 11.2 HR allowed",neutral batted-ball profile; pitcher fly-ball pressure modest,,
676475,Alec Burleson,STL,TOR,2026-07-31T23:07:00Z,Scheduled,3,Dylan Cease,656302,R,L,10.76,0.1739,91.49,101.7898,0.5158,0.2249,0.3709,73.07,31.83,43.96,27.61,46.99,15.9,6.15,33.79,86.73,0.3072,0.11,24.0,11.2,11.2,11.2,Rogers Centre,105,,,,No,No,3,Yes,Yes,RotoWire projected lineup; MLB probable pitchers,lineup projected / unconfirmed,H:2026/2025 P:2026/2025,,,Direct BvP not yet weighted; 2026/2025 Statcast baseline active,7,7,27,0,"Last 7 games: 7/27, 0 HR","platoon edge; pitcher baseline 6.2% barrel, 11.2 HR allowed",neutral batted-ball profile; pitcher fly-ball pressure modest,,
691023,Jordan Walker,STL,TOR,2026-07-31T23:07:00Z,Scheduled,4,Dylan Cease,656302,R,R,12.79,0.1778,92.93,105.0224,0.4526,0.1949,0.3354,78.87,83.19,38.66,23.35,49.3,17.2,6.15,33.79,86.73,0.3072,0.11,24.0,11.2,11.2,11.2,Rogers Centre,105,,,,No,No,4,Yes,Yes,RotoWire projected lineup; MLB probable pitchers,lineup projected / unconfirmed,H:2026/2025 P:2026/2025,,,Direct BvP not yet weighted; 2026/2025 Statcast baseline active,7,4,28,0,"Last 7 games: 4/28, 0 HR","same-side matchup; pitcher baseline 6.2% barrel, 11.2 HR allowed",EV profile; pitcher fly-ball pressure modest,,
663457,Lars Nootbaar,STL,TOR,2026-07-31T23:07:00Z,Scheduled,5,Dylan Cease,656302,R,L,9.57,0.1256,92.0,101.7969,0.4161,0.1795,0.3303,73.12,35.12,37.37,27.92,50.63,6.0,6.15,33.79,86.73,0.3072,0.11,24.0,11.2,11.2,11.2,Rogers Centre,105,,,,No,No,5,Yes,Yes,RotoWire projected lineup; MLB probable pitchers,lineup projected / unconfirmed,H:2026/2025 P:2026/2025,,,Direct BvP not yet weighted; 2026/2025 Statcast baseline active,7,3,19,0,"Last 7 games: 3/19, 0 HR","platoon edge; pitcher baseline 6.2% barrel, 11.2 HR allowed",EV profile; pitcher fly-ball pressure modest,,
691026,Masyn Winn,STL,TOR,2026-07-31T23:07:00Z,Scheduled,6,Dylan Cease,656302,R,R,3.61,0.0883,88.16,98.7206,0.3344,0.086,0.2965,71.17,15.35,32.25,21.11,35.3,5.5,6.15,33.79,86.73,0.3072,0.11,24.0,11.2,11.2,11.2,Rogers Centre,105,,,,No,No,6,Yes,Yes,RotoWire projected lineup; MLB probable pitchers,lineup projected / unconfirmed,H:2026/2025 P:2026/2025,,,Direct BvP not yet weighted; 2026/2025 Statcast baseline active,7,8,26,0,"Last 7 games: 8/26, 0 HR","same-side matchup; pitcher baseline 6.2% barrel, 11.2 HR allowed",neutral batted-ball profile; pitcher fly-ball pressure modest,,
701675,Nathan Church,STL,TOR,2026-07-31T23:07:00Z,Scheduled,7,Dylan Cease,656302,R,L,5.97,0.1123,87.04,98.2013,0.3406,0.1172,0.2715,69.67,8.27,34.5,19.29,35.34,5.9,6.15,33.79,86.73,0.3072,0.11,24.0,11.2,11.2,11.2,Rogers Centre,105,,,,No,No,7,Yes,Yes,RotoWire projected lineup; MLB probable pitchers,lineup projected / unconfirmed,H:2026/2025 P:2026/2025,,,Direct BvP not yet weighted; 2026/2025 Statcast baseline active,7,2,16,0,"Last 7 games: 2/16, 0 HR","platoon edge; pitcher baseline 6.2% barrel, 11.2 HR allowed",neutral batted-ball profile; pitcher fly-ball pressure modest,,
691458,Blaze Jordan,STL,TOR,2026-07-31T23:07:00Z,Scheduled,8,Dylan Cease,656302,R,R,7.6,0.111,89.0,99.7509,0.393,0.137,0.3,72.7,28.9,37.1,21.0,43.8,1.0,6.15,33.79,86.73,0.3072,0.11,24.0,11.2,11.2,11.2,Rogers Centre,105,,,,No,No,8,Yes,Yes,RotoWire projected lineup; MLB probable pitchers,lineup projected / unconfirmed,H:2026 P:2026/2025,,,Direct BvP not yet weighted; 2026/2025 Statcast baseline active,7,4,22,0,"Last 7 games: 4/22, 0 HR","same-side matchup; pitcher baseline 6.2% barrel, 11.2 HR allowed",neutral batted-ball profile; pitcher fly-ball pressure modest,,
699625,Jimmy Crooks,STL,TOR,2026-07-31T23:07:00Z,Scheduled,9,Dylan Cease,656302,R,L,10.04,0.1355,91.63,101.3148,0.4051,0.1893,0.2979,71.52,17.24,31.89,37.94,49.38,2.4,6.15,33.79,86.73,0.3072,0.11,24.0,11.2,11.2,11.2,Rogers Centre,105,,,,No,No,9,Yes,Yes,RotoWire projected lineup; MLB probable pitchers,lineup projected / unconfirmed,H:2026/2025 P:2026/2025,,,Direct BvP not yet weighted; 2026/2025 Statcast baseline active,7,2,17,0,"Last 7 games: 2/17, 0 HR","platoon edge; pitcher baseline 6.2% barrel, 11.2 HR allowed",fly-ball profile; pitcher fly-ball pressure modest,,
664770,Nathan Lukes,TOR,STL,2026-07-31T23:07:00Z,Scheduled,1,Kyle Leahy,681517,R,L,2.14,0.1219,86.85,96.8423,0.3507,0.0931,0.2982,67.37,4.11,32.96,20.81,31.12,7.1,10.57,48.23,90.92,0.4485,0.1789,22.61,9.9,9.9,9.9,Rogers Centre,105,,,,No,No,1,Yes,Yes,RotoWire projected lineup; MLB probable pitchers,lineup projected / unconfirmed,H:2026/2025 P:2026/2025,,,Direct BvP not yet weighted; 2026/2025 Statcast baseline active,7,5,21,0,"Last 7 games: 5/21, 0 HR","platoon edge; pitcher baseline 10.6% barrel, 9.9 HR allowed",neutral batted-ball profile; pitcher fly-ball pressure modest,,
665489,Vladimir Guerrero,TOR,STL,2026-07-31T23:07:00Z,Scheduled,2,Kyle Leahy,681517,R,R,8.35,0.1169,90.74,103.179,0.4367,0.1451,0.3546,76.42,64.1,36.02,19.1,45.87,11.1,10.57,48.23,90.92,0.4485,0.1789,22.61,9.9,9.9,9.9,Rogers Centre,105,,,,No,No,2,Yes,Yes,RotoWire projected lineup; MLB probable pitchers,lineup projected / unconfirmed,H:2026/2025 P:2026/2025,,,Direct BvP not yet weighted; 2026/2025 Statcast baseline active,7,10,26,0,Contact streak: 10/26 over last 7 games,"same-side matchup; pitcher baseline 10.6% barrel, 9.9 HR allowed",neutral batted-ball profile; pitcher fly-ball pressure modest,,
672960,Kazuma Okamoto,TOR,STL,2026-07-31T23:07:00Z,Scheduled,3,Kyle Leahy,681517,R,R,13.7,0.222,90.6,101.865,0.428,0.216,0.315,73.3,36.1,50.6,32.9,45.5,24.0,10.57,48.23,90.92,0.4485,0.1789,22.61,9.9,9.9,9.9,Rogers Centre,105,,,,No,No,3,Yes,Yes,RotoWire projected lineup; MLB probable pitchers,lineup projected / unconfirmed,H:2026 P:2026/2025,,,Direct BvP not yet weighted; 2026/2025 Statcast baseline active,7,8,28,2,Hot streak: 2 HR in last 7 games,"same-side matchup; pitcher baseline 10.6% barrel, 9.9 HR allowed",neutral batted-ball profile; pitcher fly-ball pressure modest,,
543807,George Springer,TOR,STL,2026-07-31T23:07:00Z,Scheduled,4,Kyle Leahy,681517,R,R,10.39,0.1936,89.02,100.3904,0.4429,0.1911,0.3396,73.24,34.74,42.63,26.93,42.28,18.0,10.57,48.23,90.92,0.4485,0.1789,22.61,9.9,9.9,9.9,Rogers Centre,105,,,,No,No,4,Yes,Yes,RotoWire projected lineup; MLB probable pitchers,lineup projected / unconfirmed,H:2026/2025 P:2026/2025,,,Direct BvP not yet weighted; 2026/2025 Statcast baseline active,7,9,27,2,Hot streak: 2 HR in last 7 games,"same-side matchup; pitcher baseline 10.6% barrel, 9.9 HR allowed",neutral batted-ball profile; pitcher fly-ball pressure modest,,
672386,Alejandro Kirk,TOR,STL,2026-07-31T23:07:00Z,Scheduled,5,Kyle Leahy,681517,R,R,5.06,0.1173,88.58,100.5088,0.3869,0.1323,0.3135,71.66,18.6,26.63,23.09,42.82,6.6,10.57,48.23,90.92,0.4485,0.1789,22.61,9.9,9.9,9.9,Rogers Centre,105,,,,No,No,5,Yes,Yes,RotoWire projected lineup; MLB probable pitchers,lineup projected / unconfirmed,H:2026/2025 P:2026/2025,,,Direct BvP not yet weighted; 2026/2025 Statcast baseline active,7,9,27,1,Contact streak: 9/27 over last 7 games,"same-side matchup; pitcher baseline 10.6% barrel, 9.9 HR allowed",neutral batted-ball profile; pitcher fly-ball pressure modest,,
662139,Daulton Varsho,TOR,STL,2026-07-31T23:07:00Z,Scheduled,6,Kyle Leahy,681517,R,L,9.39,0.1882,87.31,99.3805,0.4037,0.1669,0.3039,73.71,36.53,42.06,29.17,37.57,10.9,10.57,48.23,90.92,0.4485,0.1789,22.61,9.9,9.9,9.9,Rogers Centre,105,,,,No,No,6,Yes,Yes,RotoWire projected lineup; MLB probable pitchers,lineup projected / unconfirmed,H:2026/2025 P:2026/2025,,,Direct BvP not yet weighted; 2026/2025 Statcast baseline active,7,9,24,0,Contact streak: 9/24 over last 7 games,"platoon edge; pitcher baseline 10.6% barrel, 9.9 HR allowed",neutral batted-ball profile; pitcher fly-ball pressure modest,,
676391,Ernie Clement,TOR,STL,2026-07-31T23:07:00Z,Scheduled,7,Kyle Leahy,681517,R,R,2.4,0.1266,85.55,94.9467,0.345,0.0895,0.2764,67.46,2.68,43.18,28.46,23.2,8.3,10.57,48.23,90.92,0.4485,0.1789,22.61,9.9,9.9,9.9,Rogers Centre,105,,,,No,No,7,Yes,Yes,RotoWire projected lineup; MLB probable pitchers,lineup projected / unconfirmed,H:2026/2025 P:2026/2025,,,Direct BvP not yet weighted; 2026/2025 Statcast baseline active,7,8,30,0,"Last 7 games: 8/30, 0 HR","same-side matchup; pitcher baseline 10.6% barrel, 9.9 HR allowed",neutral batted-ball profile; pitcher fly-ball pressure modest,,
682818,Yohendrick Pinango,TOR,STL,2026-07-31T23:07:00Z,Scheduled,8,Kyle Leahy,681517,R,L,8.0,0.136,90.9,101.8112,0.398,0.136,0.309,75.6,57.4,28.8,21.6,45.6,5.0,10.57,48.23,90.92,0.4485,0.1789,22.61,9.9,9.9,9.9,Rogers Centre,105,,,,No,No,8,Yes,Yes,RotoWire projected lineup; MLB probable pitchers,lineup projected / unconfirmed,H:2026 P:2026/2025,,,Direct BvP not yet weighted; 2026/2025 Statcast baseline active,7,4,19,0,"Last 7 games: 4/19, 0 HR","platoon edge; pitcher baseline 10.6% barrel, 9.9 HR allowed",neutral batted-ball profile; pitcher fly-ball pressure modest,,
665926,Andres Gimenez,TOR,STL,2026-07-31T23:07:00Z,Scheduled,9,Kyle Leahy,681517,R,L,3.63,0.1163,86.02,95.8723,0.3337,0.0964,0.28,68.39,4.65,37.96,22.74,24.76,7.0,10.57,48.23,90.92,0.4485,0.1789,22.61,9.9,9.9,9.9,Rogers Centre,105,,,,No,No,9,Yes,Yes,RotoWire projected lineup; MLB probable pitchers,lineup projected / unconfirmed,H:2026/2025 P:2026/2025,,,Direct BvP not yet weighted; 2026/2025 Statcast baseline active,7,5,16,0,"Last 7 games: 5/16, 0 HR","platoon edge; pitcher baseline 10.6% barrel, 9.9 HR allowed",neutral batted-ball profile; pitcher fly-ball pressure modest,,
682657,Angel Martinez,CLE,AZ,2026-07-31T23:10:00Z,Scheduled,1,Mitch Bratt,683352,L,S,6.23,0.1742,87.38,98.8362,0.3704,0.1347,0.2823,70.8,14.55,45.51,27.43,34.13,11.0,9.1,38.2,87.6,0.412,0.166,30.9,4.0,4.0,4.0,Progressive Field,100,,,,No,No,1,Yes,Yes,RotoWire projected lineup; MLB probable pitchers,lineup projected / unconfirmed,H:2026/2025 P:2026,,,Direct BvP not yet weighted; 2026/2025 Statcast baseline active,7,1,20,0,"Last 7 games: 1/20, 0 HR","switch hitter; pitcher baseline 9.1% barrel, 4.0 HR allowed",neutral batted-ball profile; pitcher allows elevated contact,,
608070,Jose Ramirez,CLE,AZ,2026-07-31T23:10:00Z,Scheduled,2,Mitch Bratt,683352,L,S,6.23,0.1787,89.18,99.7069,0.4362,0.1557,0.3455,70.2,13.12,49.92,30.04,40.22,16.0,9.1,38.2,87.6,0.412,0.166,30.9,4.0,4.0,4.0,Progressive Field,100,,,,No,No,2,Yes,Yes,RotoWire projected lineup; MLB probable pitchers,lineup projected / unconfirmed,H:2026/2025 P:2026,,,Direct BvP not yet weighted; 2026/2025 Statcast baseline active,7,7,31,0,"Last 7 games: 7/31, 0 HR","switch hitter; pitcher baseline 9.1% barrel, 4.0 HR allowed",neutral batted-ball profile; pitcher allows elevated contact,,
800050,Chase DeLauter,CLE,AZ,2026-07-31T23:10:00Z,Scheduled,3,Mitch Bratt,683352,L,L,6.5,0.16,91.1,101.5217,0.428,0.154,0.344,71.4,18.3,38.0,19.9,45.4,11.0,9.1,38.2,87.6,0.412,0.166,30.9,4.0,4.0,4.0,Progressive Field,100,,,,No,No,3,Yes,Yes,RotoWire projected lineup; MLB probable pitchers,lineup projected / unconfirmed,H:2026 P:2026,,,Direct BvP not yet weighted; 2026/2025 Statcast baseline active,7,4,24,0,"Last 7 games: 4/24, 0 HR","same-side matchup; pitcher baseline 9.1% barrel, 4.0 HR allowed",neutral batted-ball profile; pitcher allows elevated contact,,
656555,Rhys Hoskins,CLE,AZ,2026-07-31T23:10:00Z,Scheduled,4,Mitch Bratt,683352,L,R,11.56,0.1895,89.15,99.662,0.3442,0.1606,0.2965,71.63,16.64,55.11,32.1,41.64,11.3,9.1,38.2,87.6,0.412,0.166,30.9,4.0,4.0,4.0,Progressive Field,100,,,,No,No,4,Yes,Yes,RotoWire projected lineup; MLB probable pitchers,lineup projected / unconfirmed,H:2026/2025 P:2026,,,Direct BvP not yet weighted; 2026/2025 Statcast baseline active,7,3,21,2,Hot streak: 2 HR in last 7 games,"platoon edge; pitcher baseline 9.1% barrel, 4.0 HR allowed",neutral batted-ball profile; pitcher allows elevated contact,,
677587,Brayan Rocchio,CLE,AZ,2026-07-31T23:10:00Z,Scheduled,5,Mitch Bratt,683352,L,S,3.16,0.1224,87.02,97.4586,0.3545,0.1074,0.2957,70.07,7.36,43.85,24.67,32.91,7.8,9.1,38.2,87.6,0.412,0.166,30.9,4.0,4.0,4.0,Progressive Field,100,,,,No,No,5,Yes,Yes,RotoWire projected lineup; MLB probable pitchers,lineup projected / unconfirmed,H:2026/2025 P:2026,,,Direct BvP not yet weighted; 2026/2025 Statcast baseline active,7,4,28,0,"Last 7 games: 4/28, 0 HR","switch hitter; pitcher baseline 9.1% barrel, 4.0 HR allowed",neutral batted-ball profile; pitcher allows elevated contact,,
683953,Travis Bazzana,CLE,AZ,2026-07-31T23:10:00Z,Scheduled,6,Mitch Bratt,683352,L,L,4.5,0.155,88.3,98.563,0.353,0.126,0.305,69.7,13.0,38.6,29.5,36.2,9.0,9.1,38.2,87.6,0.412,0.166,30.9,4.0,4.0,4.0,Progressive Field,100,,,,No,No,6,Yes,Yes,RotoWire projected lineup; MLB probable pitchers,lineup projected / unconfirmed,H:2026 P:2026,,,Direct BvP not yet weighted; 2026/2025 Statcast baseline active,7,6,26,0,"Last 7 games: 6/26, 0 HR","same-side matchup; pitcher baseline 9.1% barrel, 4.0 HR allowed",neutral batted-ball profile; pitcher allows elevated contact,,
681807,David Fry,CLE,AZ,2026-07-31T23:10:00Z,Scheduled,7,Mitch Bratt,683352,L,R,7.35,0.1668,86.39,97.5323,0.2623,0.1024,0.2391,70.75,10.84,54.97,31.62,34.27,6.6,9.1,38.2,87.6,0.412,0.166,30.9,4.0,4.0,4.0,Progressive Field,100,,,,No,No,7,Yes,Yes,RotoWire projected lineup; MLB probable pitchers,lineup projected / unconfirmed,H:2026/2025 P:2026,,,Direct BvP not yet weighted; 2026/2025 Statcast baseline active,7,0,14,0,"Last 7 games: 0/14, 0 HR","platoon edge; pitcher baseline 9.1% barrel, 4.0 HR allowed",neutral batted-ball profile; pitcher allows elevated contact,,
680757,Steven Kwan,CLE,AZ,2026-07-31T23:10:00Z,Scheduled,8,Mitch Bratt,683352,L,L,0.78,0.0712,84.31,92.4668,0.3443,0.0713,0.3184,62.94,0.38,28.09,23.65,12.37,4.0,9.1,38.2,87.6,0.412,0.166,30.9,4.0,4.0,4.0,Progressive Field,100,,,,No,No,8,Yes,Yes,RotoWire projected lineup; MLB probable pitchers,lineup projected / unconfirmed,H:2026/2025 P:2026,,,Direct BvP not yet weighted; 2026/2025 Statcast baseline active,7,10,30,0,Contact streak: 10/30 over last 7 games,"same-side matchup; pitcher baseline 9.1% barrel, 4.0 HR allowed",neutral batted-ball profile; pitcher allows elevated contact,,
595978,Austin Hedges,CLE,AZ,2026-07-31T23:10:00Z,Scheduled,9,Mitch Bratt,683352,L,R,4.52,0.1279,86.94,97.8568,0.3239,0.1007,0.277,69.96,10.02,50.33,23.45,31.64,4.3,9.1,38.2,87.6,0.412,0.166,30.9,4.0,4.0,4.0,Progressive Field,100,,,,No,No,9,Yes,Yes,RotoWire projected lineup; MLB probable pitchers,lineup projected / unconfirmed,H:2026/2025 P:2026,,,Direct BvP not yet weighted; 2026/2025 Statcast baseline active,7,4,17,1,"Last 7 games: 4/17, 1 HR","platoon edge; pitcher baseline 9.1% barrel, 4.0 HR allowed",neutral batted-ball profile; pitcher allows elevated contact,,
803011,Sam Antonacci,CWS,TB,2026-07-31T23:10:00Z,Scheduled,1,Nick Martinez,607259,R,L,6.4,0.138,87.8,98.3027,0.422,0.137,0.354,70.0,8.8,34.0,22.1,36.5,8.0,6.86,32.68,87.32,0.4205,0.153,28.4,14.3,14.3,14.3,Tropicana Field,100,,,,No,No,1,Yes,Yes,RotoWire projected lineup; MLB probable pitchers,lineup projected / unconfirmed,H:2026 P:2026/2025,,,Direct BvP not yet weighted; 2026/2025 Statcast baseline active,7,7,20,1,Contact streak: 7/20 over last 7 games,"platoon edge; pitcher baseline 6.9% barrel, 14.3 HR allowed",neutral batted-ball profile; pitcher fly-ball pressure modest,,
808959,Munetaka Murakami,CWS,TB,2026-07-31T23:10:00Z,Scheduled,2,Nick Martinez,607259,R,L,20.0,0.303,94.1,104.6074,0.516,0.293,0.375,75.0,53.0,43.2,40.0,59.4,23.0,6.86,32.68,87.32,0.4205,0.153,28.4,14.3,14.3,14.3,Tropicana Field,100,,,,No,No,2,Yes,Yes,RotoWire projected lineup; MLB probable pitchers,lineup projected / unconfirmed,H:2026 P:2026/2025,,,Direct BvP not yet weighted; 2026/2025 Statcast baseline active,7,9,28,3,Hot streak: 3 HR in last 7 games,"platoon edge; pitcher baseline 6.9% barrel, 14.3 HR allowed",lift-pull EV profile; pitcher fly-ball pressure modest,,
678246,Miguel Vargas,CWS,TB,2026-07-31T23:10:00Z,Scheduled,3,Nick Martinez,607259,R,R,12.9,0.2146,90.4,100.5974,0.4861,0.227,0.3673,73.05,34.84,43.23,35.94,45.05,20.2,6.86,32.68,87.32,0.4205,0.153,28.4,14.3,14.3,14.3,Tropicana Field,100,,,,No,No,3,Yes,Yes,RotoWire projected lineup; MLB probable pitchers,lineup projected / unconfirmed,H:2026/2025 P:2026/2025,,,Direct BvP not yet weighted; 2026/2025 Statcast baseline active,7,5,29,1,"Last 7 games: 5/29, 1 HR","same-side matchup; pitcher baseline 6.9% barrel, 14.3 HR allowed",fly-ball profile; pitcher fly-ball pressure modest,,
695657,Colson Montgomery,CWS,TB,2026-07-31T23:10:00Z,Scheduled,4,Nick Martinez,607259,R,L,13.17,0.2494,89.19,101.8602,0.4471,0.2283,0.3207,76.58,69.18,49.58,34.21,42.82,23.1,6.86,32.68,87.32,0.4205,0.153,28.4,14.3,14.3,14.3,Tropicana Field,100,,,,No,No,4,Yes,Yes,RotoWire projected lineup; MLB probable pitchers,lineup projected / unconfirmed,H:2026/2025 P:2026/2025,,,Direct BvP not yet weighted; 2026/2025 Statcast baseline active,7,4,27,0,"Last 7 games: 4/27, 0 HR","platoon edge; pitcher baseline 6.9% barrel, 14.3 HR allowed",neutral batted-ball profile; pitcher fly-ball pressure modest,,
643217,Andrew Benintendi,CWS,TB,2026-07-31T23:10:00Z,Scheduled,5,Nick Martinez,607259,R,L,9.35,0.1784,88.42,98.7278,0.4167,0.1725,0.3165,69.54,4.22,50.38,31.08,42.43,13.0,6.86,32.68,87.32,0.4205,0.153,28.4,14.3,14.3,14.3,Tropicana Field,100,,,,No,No,5,Yes,Yes,RotoWire projected lineup; MLB probable pitchers,lineup projected / unconfirmed,H:2026/2025 P:2026/2025,,,Direct BvP not yet weighted; 2026/2025 Statcast baseline active,7,4,19,0,"Last 7 games: 4/19, 0 HR","platoon edge; pitcher baseline 6.9% barrel, 14.3 HR allowed",neutral batted-ball profile; pitcher fly-ball pressure modest,,
695731,Braden Montgomery,CWS,TB,2026-07-31T23:10:00Z,Scheduled,6,Nick Martinez,607259,R,S,3.4,0.152,89.2,99.8165,0.363,0.117,0.308,69.6,9.2,33.1,19.5,40.7,3.0,6.86,32.68,87.32,0.4205,0.153,28.4,14.3,14.3,14.3,Tropicana Field,100,,,,No,No,6,Yes,Yes,RotoWire projected lineup; MLB probable pitchers,lineup projected / unconfirmed,H:2026 P:2026/2025,,,Direct BvP not yet weighted; 2026/2025 Statcast baseline active,7,7,25,0,"Last 7 games: 7/25, 0 HR","switch hitter; pitcher baseline 6.9% barrel, 14.3 HR allowed",neutral batted-ball profile; pitcher fly-ball pressure modest,,
671976,Tristan Peters,CWS,TB,2026-07-31T23:10:00Z,Scheduled,7,Nick Martinez,607259,R,L,3.57,0.1085,87.15,97.8293,0.3138,0.0966,0.2537,69.16,5.11,41.77,18.9,33.63,4.2,6.86,32.68,87.32,0.4205,0.153,28.4,14.3,14.3,14.3,Tropicana Field,100,,,,No,No,7,Yes,Yes,RotoWire projected lineup; MLB probable pitchers,lineup projected / unconfirmed,H:2026/2025 P:2026/2025,,,Direct BvP not yet weighted; 2026/2025 Statcast baseline active,7,2,21,0,"Last 7 games: 2/21, 0 HR","platoon edge; pitcher baseline 6.9% barrel, 14.3 HR allowed",neutral batted-ball profile; pitcher fly-ball pressure modest,,
805367,Chase Meidroth,CWS,TB,2026-07-31T23:10:00Z,Scheduled,8,Nick Martinez,607259,R,R,3.84,0.1048,88.13,97.4674,0.3323,0.094,0.2944,67.12,1.25,37.91,19.56,35.47,7.8,6.86,32.68,87.32,0.4205,0.153,28.4,14.3,14.3,14.3,Tropicana Field,100,,,,No,No,8,Yes,Yes,RotoWire projected lineup; MLB probable pitchers,lineup projected / unconfirmed,H:2026/2025 P:2026/2025,,,Direct BvP not yet weighted; 2026/2025 Statcast baseline active,7,5,23,2,Hot streak: 2 HR in last 7 games,"same-side matchup; pitcher baseline 6.9% barrel, 14.3 HR allowed",neutral batted-ball profile; pitcher fly-ball pressure modest,,
691011,Drew Romo,CWS,TB,2026-07-31T23:10:00Z,Scheduled,9,Nick Martinez,607259,R,S,6.6,0.1113,83.5,95.0546,0.1939,0.0742,0.1715,68.56,3.71,36.3,35.2,25.3,3.5,6.86,32.68,87.32,0.4205,0.153,28.4,14.3,14.3,14.3,Tropicana Field,100,,,,No,No,9,Yes,Yes,RotoWire projected lineup; MLB probable pitchers,lineup projected / unconfirmed,H:2026/2025 P:2026/2025,,,Direct BvP not yet weighted; 2026/2025 Statcast baseline active,7,3,21,0,"Last 7 games: 3/21, 0 HR","switch hitter; pitcher baseline 6.9% barrel, 14.3 HR allowed",fly-ball profile; pitcher fly-ball pressure modest,,
650490,Yandy Diaz,TB,CWS,2026-07-31T23:10:00Z,Scheduled,1,Erick Fedde,607200,R,R,7.46,0.1673,91.39,103.1696,0.4471,0.1621,0.3544,73.78,38.7,22.97,20.42,48.65,18.0,7.48,41.34,89.36,0.4428,0.1776,28.7,19.0,19.0,19.0,Tropicana Field,100,,,,No,No,1,Yes,Yes,RotoWire projected lineup; MLB probable pitchers,lineup projected / unconfirmed,H:2026/2025 P:2026/2025,,,Direct BvP not yet weighted; 2026/2025 Statcast baseline active,7,6,26,1,"Last 7 games: 6/26, 1 HR","same-side matchup; pitcher baseline 7.5% barrel, 19.0 HR allowed",neutral batted-ball profile; pitcher fly-ball pressure modest,,
666018,Jonathan Aranda,TB,CWS,2026-07-31T23:10:00Z,Scheduled,2,Erick Fedde,607200,R,L,11.15,0.159,91.6,101.3792,0.4702,0.1988,0.3645,70.08,11.99,31.1,29.92,47.85,14.0,7.48,41.34,89.36,0.4428,0.1776,28.7,19.0,19.0,19.0,Tropicana Field,100,,,,No,No,2,Yes,Yes,RotoWire projected lineup; MLB probable pitchers,lineup projected / unconfirmed,H:2026/2025 P:2026/2025,,,Direct BvP not yet weighted; 2026/2025 Statcast baseline active,7,6,28,0,"Last 7 games: 6/28, 0 HR","platoon edge; pitcher baseline 7.5% barrel, 19.0 HR allowed",neutral batted-ball profile; pitcher fly-ball pressure modest,,
691406,Junior Caminero,TB,CWS,2026-07-31T23:10:00Z,Scheduled,3,Erick Fedde,607200,R,R,13.37,0.264,92.75,105.2374,0.5024,0.232,0.3628,79.48,86.37,46.71,23.56,50.63,33.8,7.48,41.34,89.36,0.4428,0.1776,28.7,19.0,19.0,19.0,Tropicana Field,100,,,,No,No,3,Yes,Yes,RotoWire projected lineup; MLB probable pitchers,lineup projected / unconfirmed,H:2026/2025 P:2026/2025,,,Direct BvP not yet weighted; 2026/2025 Statcast baseline active,7,4,27,0,"Last 7 games: 4/27, 0 HR","same-side matchup; pitcher baseline 7.5% barrel, 19.0 HR allowed",EV profile; pitcher fly-ball pressure modest,,
656775,Cedric Mullins,TB,CWS,2026-07-31T23:10:00Z,Scheduled,4,Erick Fedde,607200,R,L,4.66,0.1603,88.24,97.7478,0.3155,0.1253,0.2644,70.82,8.59,45.11,32.01,32.05,14.2,7.48,41.34,89.36,0.4428,0.1776,28.7,19.0,19.0,19.0,Tropicana Field,100,,,,No,No,4,Yes,Yes,RotoWire projected lineup; MLB probable pitchers,lineup projected / unconfirmed,H:2026/2025 P:2026/2025,,,Direct BvP not yet weighted; 2026/2025 Statcast baseline active,7,6,26,1,"Last 7 games: 6/26, 1 HR","platoon edge; pitcher baseline 7.5% barrel, 19.0 HR allowed",neutral batted-ball profile; pitcher fly-ball pressure modest,,
802415,Chandler Simpson,TB,CWS,2026-07-31T23:10:00Z,Scheduled,5,Erick Fedde,607200,R,L,0.0,0.0584,83.95,93.0703,0.3059,0.0375,0.2746,64.73,0.51,27.15,12.44,14.99,0.0,7.48,41.34,89.36,0.4428,0.1776,28.7,19.0,19.0,19.0,Tropicana Field,100,,,,No,No,5,Yes,Yes,RotoWire projected lineup; MLB probable pitchers,lineup projected / unconfirmed,H:2026/2025 P:2026/2025,,,Direct BvP not yet weighted; 2026/2025 Statcast baseline active,7,7,23,0,"Last 7 games: 7/23, 0 HR","platoon edge; pitcher baseline 7.5% barrel, 19.0 HR allowed",neutral batted-ball profile; pitcher fly-ball pressure modest,,
683748,Victor Mesa,TB,CWS,2026-07-31T23:10:00Z,Scheduled,6,Erick Fedde,607200,R,L,9.62,0.2036,89.35,100.3037,0.401,0.1697,0.32,73.58,32.11,43.95,27.61,40.38,5.9,7.48,41.34,89.36,0.4428,0.1776,28.7,19.0,19.0,19.0,Tropicana Field,100,,,,No,No,6,Yes,Yes,RotoWire projected lineup; MLB probable pitchers,lineup projected / unconfirmed,H:2026/2025 P:2026/2025,,,Direct BvP not yet weighted; 2026/2025 Statcast baseline active,7,5,19,1,"Last 7 games: 5/19, 1 HR","platoon edge; pitcher baseline 7.5% barrel, 19.0 HR allowed",neutral batted-ball profile; pitcher fly-ball pressure modest,,
670764,Taylor Walls,TB,CWS,2026-07-31T23:10:00Z,Scheduled,7,Erick Fedde,607200,R,S,2.85,0.0787,85.81,95.2892,0.2677,0.0766,0.2512,68.35,2.27,36.65,29.05,23.32,1.2,7.48,41.34,89.36,0.4428,0.1776,28.7,19.0,19.0,19.0,Tropicana Field,100,,,,No,No,7,Yes,Yes,RotoWire projected lineup; MLB probable pitchers,lineup projected / unconfirmed,H:2026/2025 P:2026/2025,,,Direct BvP not yet weighted; 2026/2025 Statcast baseline active,7,2,17,0,"Last 7 games: 2/17, 0 HR","switch hitter; pitcher baseline 7.5% barrel, 19.0 HR allowed",neutral batted-ball profile; pitcher fly-ball pressure modest,,
680700,Richie Palacios,TB,CWS,2026-07-31T23:10:00Z,Scheduled,8,Erick Fedde,607200,R,L,4.57,0.1113,87.03,96.6558,0.3632,0.099,0.3208,68.84,3.38,34.78,20.21,31.5,3.1,7.48,41.34,89.36,0.4428,0.1776,28.7,19.0,19.0,19.0,Tropicana Field,100,,,,No,No,8,Yes,Yes,RotoWire projected lineup; MLB probable pitchers,lineup projected / unconfirmed,H:2026/2025 P:2026/2025,,,Direct BvP not yet weighted; 2026/2025 Statcast baseline active,7,2,18,1,"Last 7 games: 2/18, 1 HR","platoon edge; pitcher baseline 7.5% barrel, 19.0 HR allowed",neutral batted-ball profile; pitcher fly-ball pressure modest,,
676439,Hunter Feduccia,TB,CWS,2026-07-31T23:10:00Z,Scheduled,9,Erick Fedde,607200,R,L,8.83,0.0934,89.63,99.013,0.3426,0.1255,0.2939,70.64,12.0,32.45,26.61,37.0,1.4,7.48,41.34,89.36,0.4428,0.1776,28.7,19.0,19.0,19.0,Tropicana Field,100,,,,No,No,9,Yes,Yes,RotoWire projected lineup; MLB probable pitchers,lineup projected / unconfirmed,H:2026/2025 P:2026/2025,,,Direct BvP not yet weighted; 2026/2025 Statcast baseline active,7,4,18,0,"Last 7 games: 4/18, 0 HR","platoon edge; pitcher baseline 7.5% barrel, 19.0 HR allowed",neutral batted-ball profile; pitcher fly-ball pressure modest,,
672640,Otto Lopez,MIA,NYM,2026-07-31T23:10:00Z,Scheduled,1,Freddy Peralta,642547,R,R,6.68,0.1493,88.99,100.3987,0.4333,0.1517,0.3307,71.77,23.23,32.16,21.94,40.68,10.8,6.43,37.09,87.79,0.3624,0.1361,26.87,18.2,18.2,18.2,Citi Field,95,,,,No,No,1,Yes,Yes,RotoWire projected lineup; MLB probable pitchers,lineup projected / unconfirmed,H:2026/2025 P:2026/2025,,,Direct BvP not yet weighted; 2026/2025 Statcast baseline active,7,7,29,0,"Last 7 games: 7/29, 0 HR","same-side matchup; pitcher baseline 6.4% barrel, 18.2 HR allowed",neutral batted-ball profile; pitcher fly-ball pressure modest,,
669065,Kyle Stowers,MIA,NYM,2026-07-31T23:10:00Z,Scheduled,2,Freddy Peralta,642547,R,L,14.34,0.2315,91.73,103.3395,0.4663,0.2251,0.3428,75.21,53.83,47.18,30.66,54.03,18.0,6.43,37.09,87.79,0.3624,0.1361,26.87,18.2,18.2,18.2,Citi Field,95,,,,No,No,2,Yes,Yes,RotoWire projected lineup; MLB probable pitchers,lineup projected / unconfirmed,H:2026/2025 P:2026/2025,,,Direct BvP not yet weighted; 2026/2025 Statcast baseline active,7,7,25,3,Hot streak: 3 HR in last 7 games,"platoon edge; pitcher baseline 6.4% barrel, 18.2 HR allowed",neutral batted-ball profile; pitcher fly-ball pressure modest,,
681715,Heriberto Hernandez,MIA,NYM,2026-07-31T23:10:00Z,Scheduled,3,Freddy Peralta,642547,R,R,12.54,0.221,91.6,101.8862,0.4791,0.2299,0.3466,74.28,46.44,45.07,31.53,49.39,14.2,6.43,37.09,87.79,0.3624,0.1361,26.87,18.2,18.2,18.2,Citi Field,95,,,,No,No,3,Yes,Yes,RotoWire projected lineup; MLB probable pitchers,lineup projected / unconfirmed,H:2026/2025 P:2026/2025,,,Direct BvP not yet weighted; 2026/2025 Statcast baseline active,7,5,28,3,Hot streak: 3 HR in last 7 games,"same-side matchup; pitcher baseline 6.4% barrel, 18.2 HR allowed",neutral batted-ball profile; pitcher fly-ball pressure modest,,
669364,Xavier Edwards,MIA,NYM,2026-07-31T23:10:00Z,Scheduled,4,Freddy Peralta,642547,R,S,3.11,0.0973,87.01,96.6372,0.3607,0.097,0.3132,67.95,2.47,29.92,21.49,28.91,5.1,6.43,37.09,87.79,0.3624,0.1361,26.87,18.2,18.2,18.2,Citi Field,95,,,,No,No,4,Yes,Yes,RotoWire projected lineup; MLB probable pitchers,lineup projected / unconfirmed,H:2026/2025 P:2026/2025,,,Direct BvP not yet weighted; 2026/2025 Statcast baseline active,7,8,25,0,Contact streak: 8/25 over last 7 games,"switch hitter; pitcher baseline 6.4% barrel, 18.2 HR allowed",neutral batted-ball profile; pitcher fly-ball pressure modest,,
689414,Liam Hicks,MIA,NYM,2026-07-31T23:10:00Z,Scheduled,5,Freddy Peralta,642547,R,L,3.74,0.1375,85.02,96.5673,0.35,0.1018,0.3122,68.03,3.79,42.8,23.73,29.38,11.6,6.43,37.09,87.79,0.3624,0.1361,26.87,18.2,18.2,18.2,Citi Field,95,,,,No,No,5,Yes,Yes,RotoWire projected lineup; MLB probable pitchers,lineup projected / unconfirmed,H:2026/2025 P:2026/2025,,,Direct BvP not yet weighted; 2026/2025 Statcast baseline active,7,6,24,0,"Last 7 games: 6/24, 0 HR","platoon edge; pitcher baseline 6.4% barrel, 18.2 HR allowed",neutral batted-ball profile; pitcher fly-ball pressure modest,,
665052,Griffin Conine,MIA,NYM,2026-07-31T23:10:00Z,Scheduled,6,Freddy Peralta,642547,R,L,15.5,0.2427,91.04,103.7284,0.4803,0.2194,0.3538,74.12,43.55,46.1,21.8,54.05,6.9,6.43,37.09,87.79,0.3624,0.1361,26.87,18.2,18.2,18.2,Citi Field,95,,,,No,No,6,Yes,Yes,RotoWire projected lineup; MLB probable pitchers,lineup projected / unconfirmed,H:2026/2025 P:2026/2025,,,Direct BvP not yet weighted; 2026/2025 Statcast baseline active,7,5,19,2,Hot streak: 2 HR in last 7 games,"platoon edge; pitcher baseline 6.4% barrel, 18.2 HR allowed",neutral batted-ball profile; pitcher fly-ball pressure modest,,
691594,Javier Sanoja,MIA,NYM,2026-07-31T23:10:00Z,Scheduled,7,Freddy Peralta,642547,R,R,1.66,0.1341,87.31,97.2839,0.3245,0.0732,0.2743,69.0,6.04,38.15,18.34,32.2,3.9,6.43,37.09,87.79,0.3624,0.1361,26.87,18.2,18.2,18.2,Citi Field,95,,,,No,No,7,Yes,Yes,RotoWire projected lineup; MLB probable pitchers,lineup projected / unconfirmed,H:2026/2025 P:2026/2025,,,Direct BvP not yet weighted; 2026/2025 Statcast baseline active,7,2,18,0,"Last 7 games: 2/18, 0 HR","same-side matchup; pitcher baseline 6.4% barrel, 18.2 HR allowed",neutral batted-ball profile; pitcher fly-ball pressure modest,,
691788,Joe Mack,MIA,NYM,2026-07-31T23:10:00Z,Scheduled,8,Freddy Peralta,642547,R,L,9.9,0.19,88.6,100.1056,0.433,0.195,0.316,74.3,42.9,47.5,27.0,39.7,10.0,6.43,37.09,87.79,0.3624,0.1361,26.87,18.2,18.2,18.2,Citi Field,95,,,,No,No,8,Yes,Yes,RotoWire projected lineup; MLB probable pitchers,lineup projected / unconfirmed,H:2026 P:2026/2025,,,Direct BvP not yet weighted; 2026/2025 Statcast baseline active,7,3,20,1,"Last 7 games: 3/20, 1 HR","platoon edge; pitcher baseline 6.4% barrel, 18.2 HR allowed",neutral batted-ball profile; pitcher fly-ball pressure modest,,
805300,Jakob Marsee,MIA,NYM,2026-07-31T23:10:00Z,Scheduled,9,Freddy Peralta,642547,R,L,5.09,0.1272,87.43,98.3968,0.3482,0.1155,0.3127,70.5,6.07,41.02,23.82,35.59,5.7,6.43,37.09,87.79,0.3624,0.1361,26.87,18.2,18.2,18.2,Citi Field,95,,,,No,No,9,Yes,Yes,RotoWire projected lineup; MLB probable pitchers,lineup projected / unconfirmed,H:2026/2025 P:2026/2025,,,Direct BvP not yet weighted; 2026/2025 Statcast baseline active,7,5,17,1,"Last 7 games: 5/17, 1 HR","platoon edge; pitcher baseline 6.4% barrel, 18.2 HR allowed",neutral batted-ball profile; pitcher fly-ball pressure modest,,
805999,A.J. Ewing,NYM,MIA,2026-07-31T23:10:00Z,Scheduled,1,Janson Junk,676083,R,L,6.2,0.143,89.2,100.0743,0.39,0.138,0.317,70.1,10.7,31.6,24.9,41.8,7.0,7.31,43.17,90.48,0.4194,0.1606,23.71,10.1,10.1,10.1,Citi Field,95,,,,No,No,1,Yes,Yes,RotoWire projected lineup; MLB probable pitchers,lineup projected / unconfirmed,H:2026 P:2026/2025,,,Direct BvP not yet weighted; 2026/2025 Statcast baseline active,7,7,28,0,"Last 7 games: 7/28, 0 HR","platoon edge; pitcher baseline 7.3% barrel, 10.1 HR allowed",neutral batted-ball profile; pitcher fly-ball pressure modest,,
596019,Francisco Lindor,NYM,MIA,2026-07-31T23:10:00Z,Scheduled,2,Janson Junk,676083,R,S,9.53,0.1871,91.27,100.3384,0.4589,0.1996,0.3492,72.09,22.67,43.57,29.74,47.69,14.9,7.31,43.17,90.48,0.4194,0.1606,23.71,10.1,10.1,10.1,Citi Field,95,,,,No,No,2,Yes,Yes,RotoWire projected lineup; MLB probable pitchers,lineup projected / unconfirmed,H:2026/2025 P:2026/2025,,,Direct BvP not yet weighted; 2026/2025 Statcast baseline active,7,5,27,2,Hot streak: 2 HR in last 7 games,"switch hitter; pitcher baseline 7.3% barrel, 10.1 HR allowed",neutral batted-ball profile; pitcher fly-ball pressure modest,,
666182,Bo Bichette,NYM,MIA,2026-07-31T23:10:00Z,Scheduled,3,Janson Junk,676083,R,R,6.71,0.1293,89.81,101.0487,0.4282,0.1447,0.3306,69.8,13.44,26.35,22.88,43.2,12.4,7.31,43.17,90.48,0.4194,0.1606,23.71,10.1,10.1,10.1,Citi Field,95,,,,No,No,3,Yes,Yes,RotoWire projected lineup; MLB probable pitchers,lineup projected / unconfirmed,H:2026/2025 P:2026/2025,,,Direct BvP not yet weighted; 2026/2025 Statcast baseline active,7,9,30,0,"Last 7 games: 9/30, 0 HR","same-side matchup; pitcher baseline 7.3% barrel, 10.1 HR allowed",neutral batted-ball profile; pitcher fly-ball pressure modest,,
701807,Carson Benge,NYM,MIA,2026-07-31T23:10:00Z,Scheduled,4,Janson Junk,676083,R,L,7.8,0.13,89.1,99.9962,0.431,0.154,0.337,71.0,18.3,32.2,25.8,40.6,11.0,7.31,43.17,90.48,0.4194,0.1606,23.71,10.1,10.1,10.1,Citi Field,95,,,,No,No,4,Yes,Yes,RotoWire projected lineup; MLB probable pitchers,lineup projected / unconfirmed,H:2026 P:2026/2025,,,Direct BvP not yet weighted; 2026/2025 Statcast baseline active,7,6,25,0,"Last 7 games: 6/25, 0 HR","platoon edge; pitcher baseline 7.3% barrel, 10.1 HR allowed",neutral batted-ball profile; pitcher fly-ball pressure modest,,
673357,Luis Robert,NYM,MIA,2026-07-31T23:10:00Z,Scheduled,5,Janson Junk,676083,R,R,5.54,0.134,88.91,101.8599,0.3826,0.152,0.3105,76.16,63.56,44.97,25.63,40.97,7.0,7.31,43.17,90.48,0.4194,0.1606,23.71,10.1,10.1,10.1,Citi Field,95,,,,No,No,5,Yes,Yes,RotoWire projected lineup; MLB probable pitchers,lineup projected / unconfirmed,H:2026/2025 P:2026/2025,,,Direct BvP not yet weighted; 2026/2025 Statcast baseline active,7,3,20,1,"Last 7 games: 3/20, 1 HR","same-side matchup; pitcher baseline 7.3% barrel, 10.1 HR allowed",neutral batted-ball profile; pitcher fly-ball pressure modest,,
593871,Jorge Polanco,NYM,MIA,2026-07-31T23:10:00Z,Scheduled,6,Janson Junk,676083,R,S,4.91,0.118,86.81,98.1416,0.324,0.1126,0.2618,70.01,6.77,44.9,23.38,33.97,8.5,7.31,43.17,90.48,0.4194,0.1606,23.71,10.1,10.1,10.1,Citi Field,95,,,,No,No,6,Yes,Yes,RotoWire projected lineup; MLB probable pitchers,lineup projected / unconfirmed,H:2026/2025 P:2026/2025,,,Direct BvP not yet weighted; 2026/2025 Statcast baseline active,7,1,23,0,"Last 7 games: 1/23, 0 HR","switch hitter; pitcher baseline 7.3% barrel, 10.1 HR allowed",neutral batted-ball profile; pitcher fly-ball pressure modest,,
676724,Jared Young,NYM,MIA,2026-07-31T23:10:00Z,Scheduled,7,Janson Junk,676083,R,L,11.29,0.2131,88.31,101.0172,0.4259,0.1948,0.3198,73.44,34.79,39.79,26.32,44.13,6.1,7.31,43.17,90.48,0.4194,0.1606,23.71,10.1,10.1,10.1,Citi Field,95,,,,No,No,7,Yes,Yes,RotoWire projected lineup; MLB probable pitchers,lineup projected / unconfirmed,H:2026/2025 P:2026/2025,,,Direct BvP not yet weighted; 2026/2025 Statcast baseline active,7,4,14,0,"Last 7 games: 4/14, 0 HR","platoon edge; pitcher baseline 7.3% barrel, 10.1 HR allowed",neutral batted-ball profile; pitcher fly-ball pressure modest,,
543760,Marcus Semien,NYM,MIA,2026-07-31T23:10:00Z,Scheduled,8,Janson Junk,676083,R,R,7.43,0.1389,87.11,97.8521,0.4034,0.1565,0.3117,68.57,2.99,46.42,31.58,35.98,12.9,7.31,43.17,90.48,0.4194,0.1606,23.71,10.1,10.1,10.1,Citi Field,95,,,,No,No,8,Yes,Yes,RotoWire projected lineup; MLB probable pitchers,lineup projected / unconfirmed,H:2026/2025 P:2026/2025,,,Direct BvP not yet weighted; 2026/2025 Statcast baseline active,7,5,20,2,Hot streak: 2 HR in last 7 games,"same-side matchup; pitcher baseline 7.3% barrel, 10.1 HR allowed",neutral batted-ball profile; pitcher fly-ball pressure modest,,
682626,Francisco Alvarez,NYM,MIA,2026-07-31T23:10:00Z,Scheduled,9,Janson Junk,676083,R,R,14.97,0.1875,91.0,102.7511,0.4545,0.2136,0.3379,74.18,43.37,40.13,24.68,47.3,11.7,7.31,43.17,90.48,0.4194,0.1606,23.71,10.1,10.1,10.1,Citi Field,95,,,,No,No,9,Yes,Yes,RotoWire projected lineup; MLB probable pitchers,lineup projected / unconfirmed,H:2026/2025 P:2026/2025,,,Direct BvP not yet weighted; 2026/2025 Statcast baseline active,7,5,19,1,"Last 7 games: 5/19, 1 HR","same-side matchup; pitcher baseline 7.3% barrel, 10.1 HR allowed",neutral batted-ball profile; pitcher fly-ball pressure modest,,
695578,James Wood,WSH,ATL,2026-07-31T23:15:00Z,Scheduled,1,Bryce Elder,693821,R,L,19.83,0.2617,94.93,106.3294,0.5658,0.2932,0.4058,76.63,66.78,31.17,26.13,57.84,30.3,6.68,41.49,90.07,0.4102,0.1568,26.22,19.8,19.8,19.8,Truist Park,106,,,,No,No,1,Yes,Yes,RotoWire projected lineup; MLB probable pitchers,lineup projected / unconfirmed,H:2026/2025 P:2026/2025,,,Direct BvP not yet weighted; 2026/2025 Statcast baseline active,7,7,26,2,Hot streak: 2 HR in last 7 games,"platoon edge; pitcher baseline 6.7% barrel, 19.8 HR allowed",EV profile; pitcher fly-ball pressure modest,,
671277,Luis Garcia,WSH,ATL,2026-07-31T23:15:00Z,Scheduled,2,Bryce Elder,693821,R,L,11.45,0.244,91.18,101.7844,0.5015,0.2135,0.3523,73.45,36.26,40.87,22.19,45.87,20.9,6.68,41.49,90.07,0.4102,0.1568,26.22,19.8,19.8,19.8,Truist Park,106,,,,No,No,2,Yes,Yes,RotoWire projected lineup; MLB probable pitchers,lineup projected / unconfirmed,H:2026/2025 P:2026/2025,,,Direct BvP not yet weighted; 2026/2025 Statcast baseline active,7,10,28,2,Hot streak: 2 HR in last 7 games,"platoon edge; pitcher baseline 6.7% barrel, 19.8 HR allowed",neutral batted-ball profile; pitcher fly-ball pressure modest,,
686611,Dylan Crews,WSH,ATL,2026-07-31T23:15:00Z,Scheduled,3,Bryce Elder,693821,R,R,10.01,0.158,90.4,101.414,0.4182,0.1832,0.3203,73.69,35.27,33.66,29.94,42.41,9.3,6.68,41.49,90.07,0.4102,0.1568,26.22,19.8,19.8,19.8,Truist Park,106,,,,No,No,3,Yes,Yes,RotoWire projected lineup; MLB probable pitchers,lineup projected / unconfirmed,H:2026/2025 P:2026/2025,,,Direct BvP not yet weighted; 2026/2025 Statcast baseline active,7,9,25,2,Hot streak: 2 HR in last 7 games,"same-side matchup; pitcher baseline 6.7% barrel, 19.8 HR allowed",neutral batted-ball profile; pitcher fly-ball pressure modest,,
682928,CJ Abrams,WSH,ATL,2026-07-31T23:15:00Z,Scheduled,4,Bryce Elder,693821,R,L,10.05,0.239,89.4,100.0471,0.4465,0.1917,0.337,72.75,27.19,44.01,29.71,41.3,24.6,6.68,41.49,90.07,0.4102,0.1568,26.22,19.8,19.8,19.8,Truist Park,106,,,,No,No,4,Yes,Yes,RotoWire projected lineup; MLB probable pitchers,lineup projected / unconfirmed,H:2026/2025 P:2026/2025,,,Direct BvP not yet weighted; 2026/2025 Statcast baseline active,7,9,27,3,Hot streak: 3 HR in last 7 games,"platoon edge; pitcher baseline 6.7% barrel, 19.8 HR allowed",neutral batted-ball profile; pitcher fly-ball pressure modest,,
660688,Keibert Ruiz,WSH,ATL,2026-07-31T23:15:00Z,Scheduled,5,Bryce Elder,693821,R,S,4.16,0.1473,87.67,97.5966,0.3517,0.1101,0.2744,67.22,0.72,54.75,26.91,35.24,5.5,6.68,41.49,90.07,0.4102,0.1568,26.22,19.8,19.8,19.8,Truist Park,106,,,,No,No,5,Yes,Yes,RotoWire projected lineup; MLB probable pitchers,lineup projected / unconfirmed,H:2026/2025 P:2026/2025,,,Direct BvP not yet weighted; 2026/2025 Statcast baseline active,7,3,24,0,"Last 7 games: 3/24, 0 HR","switch hitter; pitcher baseline 6.7% barrel, 19.8 HR allowed",neutral batted-ball profile; pitcher fly-ball pressure modest,,
695734,Daylen Lile,WSH,ATL,2026-07-31T23:15:00Z,Scheduled,6,Bryce Elder,693821,R,L,7.37,0.1787,88.34,98.6384,0.4266,0.1572,0.3256,70.36,7.12,40.66,32.06,36.81,11.8,6.68,41.49,90.07,0.4102,0.1568,26.22,19.8,19.8,19.8,Truist Park,106,,,,No,No,6,Yes,Yes,RotoWire projected lineup; MLB probable pitchers,lineup projected / unconfirmed,H:2026/2025 P:2026/2025,,,Direct BvP not yet weighted; 2026/2025 Statcast baseline active,7,7,23,2,Hot streak: 2 HR in last 7 games,"platoon edge; pitcher baseline 6.7% barrel, 19.8 HR allowed",neutral batted-ball profile; pitcher fly-ball pressure modest,,
683083,Nasim Nunez,WSH,ATL,2026-07-31T23:15:00Z,Scheduled,7,Bryce Elder,693821,R,S,1.69,0.0804,85.73,95.8892,0.3033,0.0734,0.2806,68.74,5.05,32.06,18.33,27.29,1.9,6.68,41.49,90.07,0.4102,0.1568,26.22,19.8,19.8,19.8,Truist Park,106,,,,No,No,7,Yes,Yes,RotoWire projected lineup; MLB probable pitchers,lineup projected / unconfirmed,H:2026/2025 P:2026/2025,,,Direct BvP not yet weighted; 2026/2025 Statcast baseline active,7,2,22,0,"Last 7 games: 2/22, 0 HR","switch hitter; pitcher baseline 6.7% barrel, 19.8 HR allowed",neutral batted-ball profile; pitcher fly-ball pressure modest,,
678391,Jorbit Vivas,WSH,ATL,2026-07-31T23:15:00Z,Scheduled,8,Bryce Elder,693821,R,L,3.86,0.0939,84.01,95.6654,0.3261,0.0813,0.2982,69.53,3.61,43.0,21.39,28.73,2.4,6.68,41.49,90.07,0.4102,0.1568,26.22,19.8,19.8,19.8,Truist Park,106,,,,No,No,8,Yes,Yes,RotoWire projected lineup; MLB probable pitchers,lineup projected / unconfirmed,H:2026/2025 P:2026/2025,,,Direct BvP not yet weighted; 2026/2025 Statcast baseline active,7,3,14,0,"Last 7 games: 3/14, 0 HR","platoon edge; pitcher baseline 6.7% barrel, 19.8 HR allowed",neutral batted-ball profile; pitcher fly-ball pressure modest,,
696285,Jacob Young,WSH,ATL,2026-07-31T23:15:00Z,Scheduled,9,Bryce Elder,693821,R,R,5.19,0.1239,88.3,98.3682,0.3801,0.1167,0.3124,69.07,2.16,35.14,23.3,34.55,6.9,6.68,41.49,90.07,0.4102,0.1568,26.22,19.8,19.8,19.8,Truist Park,106,,,,No,No,9,Yes,Yes,RotoWire projected lineup; MLB probable pitchers,lineup projected / unconfirmed,H:2026/2025 P:2026/2025,,,Direct BvP not yet weighted; 2026/2025 Statcast baseline active,7,5,16,0,"Last 7 games: 5/16, 0 HR","same-side matchup; pitcher baseline 6.7% barrel, 19.8 HR allowed",neutral batted-ball profile; pitcher fly-ball pressure modest,,
660670,Ronald Acuna,ATL,WSH,2026-07-31T23:15:00Z,Scheduled,1,Foster Griffin,656492,L,R,14.72,0.1888,91.09,102.8826,0.5063,0.2496,0.3844,76.05,63.44,36.16,29.84,46.69,11.9,9.2,36.9,87.7,0.401,0.155,24.6,17.0,17.0,17.0,Truist Park,106,,,,No,No,1,Yes,Yes,RotoWire projected lineup; MLB probable pitchers,lineup projected / unconfirmed,H:2026/2025 P:2026,,,Direct BvP not yet weighted; 2026/2025 Statcast baseline active,7,4,24,1,"Last 7 games: 4/24, 1 HR","platoon edge; pitcher baseline 9.2% barrel, 17.0 HR allowed",neutral batted-ball profile; pitcher fly-ball pressure modest,,
686948,Drake Baldwin,ATL,WSH,2026-07-31T23:15:00Z,Scheduled,2,Foster Griffin,656492,L,L,13.8,0.1992,91.56,102.3897,0.5108,0.2311,0.3768,75.02,53.57,31.52,24.55,50.44,19.7,9.2,36.9,87.7,0.401,0.155,24.6,17.0,17.0,17.0,Truist Park,106,,,,No,No,2,Yes,Yes,RotoWire projected lineup; MLB probable pitchers,lineup projected / unconfirmed,H:2026/2025 P:2026,,,Direct BvP not yet weighted; 2026/2025 Statcast baseline active,7,9,27,1,Contact streak: 9/27 over last 7 games,"same-side matchup; pitcher baseline 9.2% barrel, 17.0 HR allowed",neutral batted-ball profile; pitcher fly-ball pressure modest,,
645277,Ozzie Albies,ATL,WSH,2026-07-31T23:15:00Z,Scheduled,3,Foster Griffin,656492,L,S,4.55,0.1607,87.08,96.851,0.3646,0.1265,0.2899,68.93,6.02,46.98,31.76,29.02,17.4,9.2,36.9,87.7,0.401,0.155,24.6,17.0,17.0,17.0,Truist Park,106,,,,No,No,3,Yes,Yes,RotoWire projected lineup; MLB probable pitchers,lineup projected / unconfirmed,H:2026/2025 P:2026,,,Direct BvP not yet weighted; 2026/2025 Statcast baseline active,7,6,29,2,Hot streak: 2 HR in last 7 games,"switch hitter; pitcher baseline 9.2% barrel, 17.0 HR allowed",neutral batted-ball profile; pitcher fly-ball pressure modest,,
621566,Matt Olson,ATL,WSH,2026-07-31T23:15:00Z,Scheduled,4,Foster Griffin,656492,L,L,14.33,0.2449,92.88,103.8772,0.4997,0.2538,0.3565,74.6,47.89,37.51,32.5,51.13,28.3,9.2,36.9,87.7,0.401,0.155,24.6,17.0,17.0,17.0,Truist Park,106,,,,No,No,4,Yes,Yes,RotoWire projected lineup; MLB probable pitchers,lineup projected / unconfirmed,H:2026/2025 P:2026,,,Direct BvP not yet weighted; 2026/2025 Statcast baseline active,7,5,28,2,Hot streak: 2 HR in last 7 games,"same-side matchup; pitcher baseline 9.2% barrel, 17.0 HR allowed",EV profile; pitcher fly-ball pressure modest,,
671739,Michael Harris,ATL,WSH,2026-07-31T23:15:00Z,Scheduled,5,Foster Griffin,656492,L,L,10.99,0.1873,90.55,103.4151,0.4793,0.1935,0.3409,74.72,47.19,36.5,23.47,47.25,19.3,9.2,36.9,87.7,0.401,0.155,24.6,17.0,17.0,17.0,Truist Park,106,,,,No,No,5,Yes,Yes,RotoWire projected lineup; MLB probable pitchers,lineup projected / unconfirmed,H:2026/2025 P:2026,,,Direct BvP not yet weighted; 2026/2025 Statcast baseline active,7,5,28,0,"Last 7 games: 5/28, 0 HR","same-side matchup; pitcher baseline 9.2% barrel, 17.0 HR allowed",neutral batted-ball profile; pitcher fly-ball pressure modest,,
643289,Mauricio Dubon,ATL,WSH,2026-07-31T23:15:00Z,Scheduled,6,Foster Griffin,656492,L,R,3.44,0.1308,85.97,96.4111,0.3674,0.1064,0.3004,68.73,3.19,31.89,24.67,29.31,9.1,9.2,36.9,87.7,0.401,0.155,24.6,17.0,17.0,17.0,Truist Park,106,,,,No,No,6,Yes,Yes,RotoWire projected lineup; MLB probable pitchers,lineup projected / unconfirmed,H:2026/2025 P:2026,,,Direct BvP not yet weighted; 2026/2025 Statcast baseline active,7,4,26,0,"Last 7 games: 4/26, 0 HR","platoon edge; pitcher baseline 9.2% barrel, 17.0 HR allowed",neutral batted-ball profile; pitcher fly-ball pressure modest,,
663586,Austin Riley,ATL,WSH,2026-07-31T23:15:00Z,Scheduled,7,Foster Griffin,656492,L,R,12.12,0.1428,91.18,102.6504,0.4027,0.1858,0.3034,75.83,58.87,40.36,31.5,45.58,13.2,9.2,36.9,87.7,0.401,0.155,24.6,17.0,17.0,17.0,Truist Park,106,,,,No,No,7,Yes,Yes,RotoWire projected lineup; MLB probable pitchers,lineup projected / unconfirmed,H:2026/2025 P:2026,,,Direct BvP not yet weighted; 2026/2025 Statcast baseline active,7,4,26,0,"Last 7 games: 4/26, 0 HR","platoon edge; pitcher baseline 9.2% barrel, 17.0 HR allowed",neutral batted-ball profile; pitcher fly-ball pressure modest,,
573262,Mike Yastrzemski,ATL,WSH,2026-07-31T23:15:00Z,Scheduled,8,Foster Griffin,656492,L,L,7.24,0.1469,90.45,99.7199,0.3714,0.1435,0.308,71.24,8.02,44.57,31.82,43.09,10.0,9.2,36.9,87.7,0.401,0.155,24.6,17.0,17.0,17.0,Truist Park,106,,,,No,No,8,Yes,Yes,RotoWire projected lineup; MLB probable pitchers,lineup projected / unconfirmed,H:2026/2025 P:2026,,,Direct BvP not yet weighted; 2026/2025 Statcast baseline active,7,3,13,1,"Last 7 games: 3/13, 1 HR","same-side matchup; pitcher baseline 9.2% barrel, 17.0 HR allowed",neutral batted-ball profile; pitcher fly-ball pressure modest,,
805347,Jim Jarvis,ATL,WSH,2026-07-31T23:15:00Z,Scheduled,9,Foster Griffin,656492,L,L,5.0,0.143,88.7,98.5693,0.342,0.086,0.288,70.8,10.7,28.3,18.3,38.3,1.0,9.2,36.9,87.7,0.401,0.155,24.6,17.0,17.0,17.0,Truist Park,106,,,,No,No,9,Yes,Yes,RotoWire projected lineup; MLB probable pitchers,lineup projected / unconfirmed,H:2026 P:2026,,,Direct BvP not yet weighted; 2026/2025 Statcast baseline active,7,1,18,0,"Last 7 games: 1/18, 0 HR","same-side matchup; pitcher baseline 9.2% barrel, 17.0 HR allowed",neutral batted-ball profile; pitcher fly-ball pressure modest,,
592626,Joc Pederson,TEX,HOU,2026-08-01T00:15:00Z,Scheduled,1,Hunter Brown,686613,R,L,10.69,0.2198,91.69,101.8865,0.4385,0.1915,0.3416,72.32,23.24,41.08,28.42,47.81,16.0,5.9,37.52,86.45,0.3278,0.1255,23.02,8.6,8.6,8.6,Daikin Park,100,,,,No,No,1,Yes,Yes,RotoWire projected lineup; MLB probable pitchers,lineup projected / unconfirmed,H:2026/2025 P:2026/2025,,,Direct BvP not yet weighted; 2026/2025 Statcast baseline active,7,8,24,2,Hot streak: 2 HR in last 7 games,"platoon edge; pitcher baseline 5.9% barrel, 8.6 HR allowed",neutral batted-ball profile; pitcher fly-ball pressure modest,,
694671,Wyatt Langford,TEX,HOU,2026-08-01T00:15:00Z,Scheduled,2,Hunter Brown,686613,R,R,10.15,0.2173,90.07,100.9751,0.4298,0.1876,0.3194,72.82,26.03,41.98,29.83,41.54,15.0,5.9,37.52,86.45,0.3278,0.1255,23.02,8.6,8.6,8.6,Daikin Park,100,,,,No,No,2,Yes,Yes,RotoWire projected lineup; MLB probable pitchers,lineup projected / unconfirmed,H:2026/2025 P:2026/2025,,,Direct BvP not yet weighted; 2026/2025 Statcast baseline active,7,7,29,1,"Last 7 games: 7/29, 1 HR","same-side matchup; pitcher baseline 5.9% barrel, 8.6 HR allowed",neutral batted-ball profile; pitcher fly-ball pressure modest,,
608369,Corey Seager,TEX,HOU,2026-08-01T00:15:00Z,Scheduled,3,Hunter Brown,686613,R,L,15.37,0.1992,91.64,102.4968,0.4829,0.2392,0.3552,72.01,15.79,42.6,30.01,47.3,13.3,5.9,37.52,86.45,0.3278,0.1255,23.02,8.6,8.6,8.6,Daikin Park,100,,,,No,No,3,Yes,Yes,RotoWire projected lineup; MLB probable pitchers,lineup projected / unconfirmed,H:2026/2025 P:2026/2025,,,Direct BvP not yet weighted; 2026/2025 Statcast baseline active,7,4,23,2,Hot streak: 2 HR in last 7 games,"platoon edge; pitcher baseline 5.9% barrel, 8.6 HR allowed",neutral batted-ball profile; pitcher fly-ball pressure modest,,
607043,Brandon Nimmo,TEX,HOU,2026-08-01T00:15:00Z,Scheduled,4,Hunter Brown,686613,R,L,10.76,0.1663,92.25,102.304,0.4771,0.1978,0.356,72.2,26.9,31.49,25.7,51.81,14.5,5.9,37.52,86.45,0.3278,0.1255,23.02,8.6,8.6,8.6,Daikin Park,100,,,,No,No,4,Yes,Yes,RotoWire projected lineup; MLB probable pitchers,lineup projected / unconfirmed,H:2026/2025 P:2026/2025,,,Direct BvP not yet weighted; 2026/2025 Statcast baseline active,7,6,25,0,"Last 7 games: 6/25, 0 HR","platoon edge; pitcher baseline 5.9% barrel, 8.6 HR allowed",EV profile; pitcher fly-ball pressure modest,,
677649,Ezequiel Duran,TEX,HOU,2026-08-01T00:15:00Z,Scheduled,5,Hunter Brown,686613,R,R,5.4,0.1453,87.61,98.7034,0.358,0.116,0.2904,72.34,24.03,33.91,20.88,34.47,8.4,5.9,37.52,86.45,0.3278,0.1255,23.02,8.6,8.6,8.6,Daikin Park,100,,,,No,No,5,Yes,Yes,RotoWire projected lineup; MLB probable pitchers,lineup projected / unconfirmed,H:2026/2025 P:2026/2025,,,Direct BvP not yet weighted; 2026/2025 Statcast baseline active,7,7,24,2,Hot streak: 2 HR in last 7 games,"same-side matchup; pitcher baseline 5.9% barrel, 8.6 HR allowed",neutral batted-ball profile; pitcher fly-ball pressure modest,,
694497,Evan Carter,TEX,HOU,2026-08-01T00:15:00Z,Scheduled,6,Hunter Brown,686613,R,L,5.9,0.1464,87.61,98.9182,0.3432,0.126,0.3017,71.02,17.65,39.26,28.4,36.98,7.1,5.9,37.52,86.45,0.3278,0.1255,23.02,8.6,8.6,8.6,Daikin Park,100,,,,No,No,6,Yes,Yes,RotoWire projected lineup; MLB probable pitchers,lineup projected / unconfirmed,H:2026/2025 P:2026/2025,,,Direct BvP not yet weighted; 2026/2025 Statcast baseline active,7,6,17,0,Contact streak: 6/17 over last 7 games,"platoon edge; pitcher baseline 5.9% barrel, 8.6 HR allowed",neutral batted-ball profile; pitcher fly-ball pressure modest,,
669394,Jake Burger,TEX,HOU,2026-08-01T00:15:00Z,Scheduled,7,Hunter Brown,686613,R,R,12.15,0.1872,90.12,102.7246,0.4255,0.19,0.3093,75.23,56.95,42.58,27.97,47.03,18.1,5.9,37.52,86.45,0.3278,0.1255,23.02,8.6,8.6,8.6,Daikin Park,100,,,,No,No,7,Yes,Yes,RotoWire projected lineup; MLB probable pitchers,lineup projected / unconfirmed,H:2026/2025 P:2026/2025,,,Direct BvP not yet weighted; 2026/2025 Statcast baseline active,7,5,26,2,Hot streak: 2 HR in last 7 games,"same-side matchup; pitcher baseline 5.9% barrel, 8.6 HR allowed",neutral batted-ball profile; pitcher fly-ball pressure modest,,
670032,Nicky Lopez,TEX,HOU,2026-08-01T00:15:00Z,Scheduled,8,Hunter Brown,686613,R,L,0.0,0.0266,84.52,95.4522,0.2676,0.0391,0.2603,66.58,0.75,34.29,11.16,27.75,0.7,5.9,37.52,86.45,0.3278,0.1255,23.02,8.6,8.6,8.6,Daikin Park,100,,,,No,No,8,Yes,Yes,RotoWire projected lineup; MLB probable pitchers,lineup projected / unconfirmed,H:2026/2025 P:2026/2025,,,Direct BvP not yet weighted; 2026/2025 Statcast baseline active,7,4,21,0,"Last 7 games: 4/21, 0 HR","platoon edge; pitcher baseline 5.9% barrel, 8.6 HR allowed",neutral batted-ball profile; pitcher fly-ball pressure modest,,
553869,Elias Diaz,TEX,HOU,2026-08-01T00:15:00Z,Scheduled,9,Hunter Brown,686613,R,R,6.06,0.1606,86.72,99.3851,0.3613,0.1271,0.2743,74.27,42.18,40.24,28.15,36.46,5.5,5.9,37.52,86.45,0.3278,0.1255,23.02,8.6,8.6,8.6,Daikin Park,100,,,,No,No,9,Yes,Yes,RotoWire projected lineup; MLB probable pitchers,lineup projected / unconfirmed,H:2026/2025 P:2026/2025,,,Direct BvP not yet weighted; 2026/2025 Statcast baseline active,7,4,23,0,"Last 7 games: 4/23, 0 HR","same-side matchup; pitcher baseline 5.9% barrel, 8.6 HR allowed",neutral batted-ball profile; pitcher fly-ball pressure modest,,
665161,Jeremy Pena,HOU,TEX,2026-08-01T00:15:00Z,Scheduled,1,Nathan Eovaldi,543135,R,R,6.38,0.1856,88.48,99.9804,0.4453,0.155,0.3473,72.16,13.85,46.9,24.36,41.22,13.5,8.17,39.69,88.74,0.393,0.1579,25.32,18.4,18.4,18.4,Daikin Park,100,,,,No,No,1,Yes,Yes,RotoWire projected lineup; MLB probable pitchers,lineup projected / unconfirmed,H:2026/2025 P:2026/2025,,,Direct BvP not yet weighted; 2026/2025 Statcast baseline active,7,14,33,4,Hot streak: 4 HR in last 7 games,"same-side matchup; pitcher baseline 8.2% barrel, 18.4 HR allowed",neutral batted-ball profile; pitcher fly-ball pressure modest,,
670541,Yordan Alvarez,HOU,TEX,2026-08-01T00:15:00Z,Scheduled,2,Nathan Eovaldi,543135,R,L,17.16,0.2711,94.63,105.1563,0.6645,0.3441,0.4504,76.1,61.52,41.72,37.08,53.46,26.3,8.17,39.69,88.74,0.393,0.1579,25.32,18.4,18.4,18.4,Daikin Park,100,,,,No,No,2,Yes,Yes,RotoWire projected lineup; MLB probable pitchers,lineup projected / unconfirmed,H:2026/2025 P:2026/2025,,,Direct BvP not yet weighted; 2026/2025 Statcast baseline active,7,6,24,2,Hot streak: 2 HR in last 7 games,"platoon edge; pitcher baseline 8.2% barrel, 18.4 HR allowed",lift-pull EV profile; pitcher fly-ball pressure modest,,
670623,Isaac Paredes,HOU,TEX,2026-08-01T00:15:00Z,Scheduled,3,Nathan Eovaldi,543135,R,R,6.09,0.176,86.77,97.0462,0.3765,0.1334,0.3207,67.81,7.57,52.21,31.71,30.87,15.8,8.17,39.69,88.74,0.393,0.1579,25.32,18.4,18.4,18.4,Daikin Park,100,,,,No,No,3,Yes,Yes,RotoWire projected lineup; MLB probable pitchers,lineup projected / unconfirmed,H:2026/2025 P:2026/2025,,,Direct BvP not yet weighted; 2026/2025 Statcast baseline active,7,5,28,1,"Last 7 games: 5/28, 1 HR","same-side matchup; pitcher baseline 8.2% barrel, 18.4 HR allowed",neutral batted-ball profile; pitcher fly-ball pressure modest,,
514888,Jose Altuve,HOU,TEX,2026-08-01T00:15:00Z,Scheduled,4,Nathan Eovaldi,543135,R,R,5.71,0.1623,85.52,97.2709,0.3476,0.1211,0.2825,69.0,9.5,44.59,22.79,32.44,16.2,8.17,39.69,88.74,0.393,0.1579,25.32,18.4,18.4,18.4,Daikin Park,100,,,,No,No,4,Yes,Yes,RotoWire projected lineup; MLB probable pitchers,lineup projected / unconfirmed,H:2026/2025 P:2026/2025,,,Direct BvP not yet weighted; 2026/2025 Statcast baseline active,7,7,31,0,"Last 7 games: 7/31, 0 HR","same-side matchup; pitcher baseline 8.2% barrel, 18.4 HR allowed",neutral batted-ball profile; pitcher fly-ball pressure modest,,
572233,Christian Walker,HOU,TEX,2026-08-01T00:15:00Z,Scheduled,5,Nathan Eovaldi,543135,R,R,10.73,0.2075,89.78,101.4625,0.3965,0.1722,0.3035,74.38,44.18,43.74,28.14,42.95,22.8,8.17,39.69,88.74,0.393,0.1579,25.32,18.4,18.4,18.4,Daikin Park,100,,,,No,No,5,Yes,Yes,RotoWire projected lineup; MLB probable pitchers,lineup projected / unconfirmed,H:2026/2025 P:2026/2025,,,Direct BvP not yet weighted; 2026/2025 Statcast baseline active,7,7,26,1,"Last 7 games: 7/26, 1 HR","same-side matchup; pitcher baseline 8.2% barrel, 18.4 HR allowed",neutral batted-ball profile; pitcher fly-ball pressure modest,,
673237,Yainer Diaz,HOU,TEX,2026-08-01T00:15:00Z,Scheduled,6,Nathan Eovaldi,543135,R,R,6.73,0.1568,88.5,99.5081,0.4209,0.1564,0.3092,72.34,20.76,36.21,20.22,36.11,10.9,8.17,39.69,88.74,0.393,0.1579,25.32,18.4,18.4,18.4,Daikin Park,100,,,,No,No,6,Yes,Yes,RotoWire projected lineup; MLB probable pitchers,lineup projected / unconfirmed,H:2026/2025 P:2026/2025,,,Direct BvP not yet weighted; 2026/2025 Statcast baseline active,7,7,29,1,"Last 7 games: 7/29, 1 HR","same-side matchup; pitcher baseline 8.2% barrel, 18.4 HR allowed",neutral batted-ball profile; pitcher fly-ball pressure modest,,
701358,Cam Smith,HOU,TEX,2026-08-01T00:15:00Z,Scheduled,7,Nathan Eovaldi,543135,R,R,10.26,0.1458,88.95,101.5144,0.4159,0.1767,0.3201,76.6,67.27,36.79,25.21,43.18,11.8,8.17,39.69,88.74,0.393,0.1579,25.32,18.4,18.4,18.4,Daikin Park,100,,,,No,No,7,Yes,Yes,RotoWire projected lineup; MLB probable pitchers,lineup projected / unconfirmed,H:2026/2025 P:2026/2025,,,Direct BvP not yet weighted; 2026/2025 Statcast baseline active,7,2,19,1,"Last 7 games: 2/19, 1 HR","same-side matchup; pitcher baseline 8.2% barrel, 18.4 HR allowed",neutral batted-ball profile; pitcher fly-ball pressure modest,,
701305,Zach Dezenzo,HOU,TEX,2026-08-01T00:15:00Z,Scheduled,8,Nathan Eovaldi,543135,R,R,11.43,0.1045,86.22,98.3676,0.3434,0.1366,0.2768,74.62,45.06,41.26,23.48,35.12,1.3,8.17,39.69,88.74,0.393,0.1579,25.32,18.4,18.4,18.4,Daikin Park,100,,,,No,No,8,Yes,Yes,RotoWire projected lineup; MLB probable pitchers,lineup projected / unconfirmed,H:2026/2025 P:2026/2025,,,Direct BvP not yet weighted; 2026/2025 Statcast baseline active,7,4,17,0,"Last 7 games: 4/17, 0 HR","same-side matchup; pitcher baseline 8.2% barrel, 18.4 HR allowed",neutral batted-ball profile; pitcher fly-ball pressure modest,,
828599,Lucas Spence,HOU,TEX,2026-08-01T00:15:00Z,Scheduled,9,Nathan Eovaldi,543135,R,L,4.8,0.028,92.7,101.2075,0.255,0.077,0.238,73.2,31.8,52.4,19.0,42.9,0.0,8.17,39.69,88.74,0.393,0.1579,25.32,18.4,18.4,18.4,Daikin Park,100,,,,No,No,9,Yes,Yes,RotoWire projected lineup; MLB probable pitchers,lineup projected / unconfirmed,H:2026 P:2026/2025,,,Direct BvP not yet weighted; 2026/2025 Statcast baseline active,7,2,22,0,"Last 7 games: 2/22, 0 HR","platoon edge; pitcher baseline 8.2% barrel, 18.4 HR allowed",EV profile; pitcher fly-ball pressure modest,,
695600,Carter Jensen,KC,COL,2026-08-01T00:40:00Z,Scheduled,1,Tomoyuki Sugano,608372,R,L,12.89,0.2038,92.18,102.8101,0.4419,0.1976,0.3322,74.17,39.64,39.74,29.65,47.87,10.7,13.48,43.37,90.56,0.5597,0.2532,30.7,23.9,23.9,23.9,Coors Field,120,,,,No,No,1,Yes,Yes,RotoWire projected lineup; MLB probable pitchers,lineup projected / unconfirmed,H:2026/2025 P:2026/2025,,,Direct BvP not yet weighted; 2026/2025 Statcast baseline active,7,4,25,0,"Last 7 games: 4/25, 0 HR","platoon edge; pitcher baseline 13.5% barrel, 23.9 HR allowed",EV profile; pitcher allows elevated contact,,
657041,Lane Thomas,KC,COL,2026-08-01T00:40:00Z,Scheduled,2,Tomoyuki Sugano,608372,R,R,5.92,0.1484,88.99,99.5924,0.3413,0.1222,0.2934,72.56,23.4,42.75,24.74,39.21,8.2,13.48,43.37,90.56,0.5597,0.2532,30.7,23.9,23.9,23.9,Coors Field,120,,,,No,No,2,Yes,Yes,RotoWire projected lineup; MLB probable pitchers,lineup projected / unconfirmed,H:2026/2025 P:2026/2025,,,Direct BvP not yet weighted; 2026/2025 Statcast baseline active,7,3,26,1,"Last 7 games: 3/26, 1 HR","same-side matchup; pitcher baseline 13.5% barrel, 23.9 HR allowed",neutral batted-ball profile; pitcher allows elevated contact,,
695506,Jac Caglianone,KC,COL,2026-08-01T00:40:00Z,Scheduled,3,Tomoyuki Sugano,608372,R,L,13.96,0.1821,91.85,104.8594,0.473,0.215,0.342,77.4,75.46,43.23,22.89,51.36,14.0,13.48,43.37,90.56,0.5597,0.2532,30.7,23.9,23.9,23.9,Coors Field,120,,,,No,No,3,Yes,Yes,RotoWire projected lineup; MLB probable pitchers,lineup projected / unconfirmed,H:2026/2025 P:2026/2025,,,Direct BvP not yet weighted; 2026/2025 Statcast baseline active,7,4,23,1,"Last 7 games: 4/23, 1 HR","platoon edge; pitcher baseline 13.5% barrel, 23.9 HR allowed",neutral batted-ball profile; pitcher allows elevated contact,,
521692,Salvador Perez,KC,COL,2026-08-01T00:40:00Z,Scheduled,4,Tomoyuki Sugano,608372,R,R,11.65,0.1722,89.37,100.8217,0.4472,0.2065,0.3157,71.99,22.07,42.33,30.5,44.18,19.5,13.48,43.37,90.56,0.5597,0.2532,30.7,23.9,23.9,23.9,Coors Field,120,,,,No,No,4,Yes,Yes,RotoWire projected lineup; MLB probable pitchers,lineup projected / unconfirmed,H:2026/2025 P:2026/2025,,,Direct BvP not yet weighted; 2026/2025 Statcast baseline active,7,6,28,1,"Last 7 games: 6/28, 1 HR","same-side matchup; pitcher baseline 13.5% barrel, 23.9 HR allowed",neutral batted-ball profile; pitcher allows elevated contact,,
686681,Michael Massey,KC,COL,2026-08-01T00:40:00Z,Scheduled,5,Tomoyuki Sugano,608372,R,L,5.54,0.1313,89.32,98.7843,0.3824,0.1437,0.2881,71.5,12.4,48.66,32.69,39.23,6.5,13.48,43.37,90.56,0.5597,0.2532,30.7,23.9,23.9,23.9,Coors Field,120,,,,No,No,5,Yes,Yes,RotoWire projected lineup; MLB probable pitchers,lineup projected / unconfirmed,H:2026/2025 P:2026/2025,,,Direct BvP not yet weighted; 2026/2025 Statcast baseline active,7,5,23,1,"Last 7 games: 5/23, 1 HR","platoon edge; pitcher baseline 13.5% barrel, 23.9 HR allowed",neutral batted-ball profile; pitcher allows elevated contact,,
679845,Nick Loftin,KC,COL,2026-08-01T00:40:00Z,Scheduled,6,Tomoyuki Sugano,608372,R,R,5.18,0.1539,87.64,96.993,0.3625,0.1214,0.3052,69.05,4.96,45.13,27.1,31.06,4.7,13.48,43.37,90.56,0.5597,0.2532,30.7,23.9,23.9,23.9,Coors Field,120,,,,No,No,6,Yes,Yes,RotoWire projected lineup; MLB probable pitchers,lineup projected / unconfirmed,H:2026/2025 P:2026/2025,,,Direct BvP not yet weighted; 2026/2025 Statcast baseline active,7,7,24,1,"Last 7 games: 7/24, 1 HR","same-side matchup; pitcher baseline 13.5% barrel, 23.9 HR allowed",neutral batted-ball profile; pitcher allows elevated contact,,
686555,Isaac Collins,KC,COL,2026-08-01T00:40:00Z,Scheduled,7,Tomoyuki Sugano,608372,R,S,5.39,0.1305,88.38,99.8938,0.3366,0.1011,0.3094,73.26,30.13,40.19,27.07,39.88,6.9,13.48,43.37,90.56,0.5597,0.2532,30.7,23.9,23.9,23.9,Coors Field,120,,,,No,No,7,Yes,Yes,RotoWire projected lineup; MLB probable pitchers,lineup projected / unconfirmed,H:2026/2025 P:2026/2025,,,Direct BvP not yet weighted; 2026/2025 Statcast baseline active,7,5,23,1,"Last 7 games: 5/23, 1 HR","switch hitter; pitcher baseline 13.5% barrel, 23.9 HR allowed",neutral batted-ball profile; pitcher allows elevated contact,,
668942,Josh Rojas,KC,COL,2026-08-01T00:40:00Z,Scheduled,8,Tomoyuki Sugano,608372,R,L,2.52,0.0986,86.52,97.0674,0.2966,0.0939,0.2392,68.22,2.22,29.59,31.48,35.82,1.3,13.48,43.37,90.56,0.5597,0.2532,30.7,23.9,23.9,23.9,Coors Field,120,,,,No,No,8,Yes,Yes,RotoWire projected lineup; MLB probable pitchers,lineup projected / unconfirmed,H:2026/2025 P:2026/2025,,,Direct BvP not yet weighted; 2026/2025 Statcast baseline active,7,7,21,0,Contact streak: 7/21 over last 7 games,"platoon edge; pitcher baseline 13.5% barrel, 23.9 HR allowed",neutral batted-ball profile; pitcher allows elevated contact,,
623205,Andrew Velazquez,KC,COL,2026-08-01T00:40:00Z,Scheduled,9,Tomoyuki Sugano,608372,R,S,0.0,0.0,84.9,95.6089,0.196,0.025,0.161,69.1,6.3,27.3,18.2,27.3,0.0,13.48,43.37,90.56,0.5597,0.2532,30.7,23.9,23.9,23.9,Coors Field,120,,,,No,No,9,Yes,Yes,RotoWire projected lineup; MLB probable pitchers,lineup projected / unconfirmed,H:2026 P:2026/2025,,,Direct BvP not yet weighted; 2026/2025 Statcast baseline active,5,1,13,0,"Last 5 games: 1/13, 0 HR","switch hitter; pitcher baseline 13.5% barrel, 23.9 HR allowed",neutral batted-ball profile; pitcher allows elevated contact,,
664983,Jake McCarthy,COL,KC,2026-08-01T00:40:00Z,Scheduled,1,Michael Wacha,608379,R,L,5.23,0.1809,84.84,96.3286,0.3831,0.1308,0.2993,70.61,10.81,37.8,21.03,25.92,8.2,6.84,35.79,88.13,0.4189,0.1654,28.18,15.7,15.7,15.7,Coors Field,120,,,,No,No,1,Yes,Yes,RotoWire projected lineup; MLB probable pitchers,lineup projected / unconfirmed,H:2026/2025 P:2026/2025,,,Direct BvP not yet weighted; 2026/2025 Statcast baseline active,7,6,33,0,"Last 7 games: 6/33, 0 HR","platoon edge; pitcher baseline 6.8% barrel, 15.7 HR allowed",neutral batted-ball profile; pitcher fly-ball pressure modest,,
666160,Mickey Moniak,COL,KC,2026-08-01T00:40:00Z,Scheduled,2,Michael Wacha,608379,R,L,11.91,0.2718,89.56,100.5712,0.4522,0.2147,0.3139,74.19,44.16,47.43,37.82,43.9,19.1,6.84,35.79,88.13,0.4189,0.1654,28.18,15.7,15.7,15.7,Coors Field,120,,,,No,No,2,Yes,Yes,RotoWire projected lineup; MLB probable pitchers,lineup projected / unconfirmed,H:2026/2025 P:2026/2025,,,Direct BvP not yet weighted; 2026/2025 Statcast baseline active,7,8,27,2,Hot streak: 2 HR in last 7 games,"platoon edge; pitcher baseline 6.8% barrel, 15.7 HR allowed",fly-ball profile; pitcher fly-ball pressure modest,,
696100,Hunter Goodman,COL,KC,2026-08-01T00:40:00Z,Scheduled,3,Michael Wacha,608379,R,R,15.77,0.2763,90.73,102.7845,0.4679,0.2336,0.329,75.07,50.63,48.0,32.27,45.64,31.0,6.84,35.79,88.13,0.4189,0.1654,28.18,15.7,15.7,15.7,Coors Field,120,,,,No,No,3,Yes,Yes,RotoWire projected lineup; MLB probable pitchers,lineup projected / unconfirmed,H:2026/2025 P:2026/2025,,,Direct BvP not yet weighted; 2026/2025 Statcast baseline active,7,6,25,1,"Last 7 games: 6/25, 1 HR","same-side matchup; pitcher baseline 6.8% barrel, 15.7 HR allowed",neutral batted-ball profile; pitcher fly-ball pressure modest,,
681198,TJ Rumfield,COL,KC,2026-08-01T00:40:00Z,Scheduled,4,Michael Wacha,608379,R,L,5.1,0.174,83.8,96.279,0.379,0.128,0.322,68.8,8.3,43.3,28.0,28.0,13.0,6.84,35.79,88.13,0.4189,0.1654,28.18,15.7,15.7,15.7,Coors Field,120,,,,No,No,4,Yes,Yes,RotoWire projected lineup; MLB probable pitchers,lineup projected / unconfirmed,H:2026 P:2026/2025,,,Direct BvP not yet weighted; 2026/2025 Statcast baseline active,7,6,24,0,"Last 7 games: 6/24, 0 HR","platoon edge; pitcher baseline 6.8% barrel, 15.7 HR allowed",neutral batted-ball profile; pitcher fly-ball pressure modest,,
691720,Kyle Karros,COL,KC,2026-08-01T00:40:00Z,Scheduled,5,Michael Wacha,608379,R,R,6.04,0.1301,89.09,99.6226,0.3628,0.1215,0.3154,69.94,5.58,39.22,23.29,39.86,6.6,6.84,35.79,88.13,0.4189,0.1654,28.18,15.7,15.7,15.7,Coors Field,120,,,,No,No,5,Yes,Yes,RotoWire projected lineup; MLB probable pitchers,lineup projected / unconfirmed,H:2026/2025 P:2026/2025,,,Direct BvP not yet weighted; 2026/2025 Statcast baseline active,7,6,19,0,"Last 7 games: 6/19, 0 HR","same-side matchup; pitcher baseline 6.8% barrel, 15.7 HR allowed",neutral batted-ball profile; pitcher fly-ball pressure modest,,
694249,Cole Carrigg,COL,KC,2026-08-01T00:40:00Z,Scheduled,6,Michael Wacha,608379,R,S,5.6,0.223,86.6,98.1739,0.404,0.151,0.328,73.6,38.6,43.5,29.6,32.4,5.0,6.84,35.79,88.13,0.4189,0.1654,28.18,15.7,15.7,15.7,Coors Field,120,,,,No,No,6,Yes,Yes,RotoWire projected lineup; MLB probable pitchers,lineup projected / unconfirmed,H:2026 P:2026/2025,,,Direct BvP not yet weighted; 2026/2025 Statcast baseline active,7,9,27,1,Contact streak: 9/27 over last 7 games,"switch hitter; pitcher baseline 6.8% barrel, 15.7 HR allowed",neutral batted-ball profile; pitcher fly-ball pressure modest,,
650489,Willi Castro,COL,KC,2026-08-01T00:40:00Z,Scheduled,7,Michael Wacha,608379,R,S,7.55,0.1442,87.61,99.9644,0.375,0.1463,0.3018,72.58,26.6,42.46,32.37,39.26,11.0,6.84,35.79,88.13,0.4189,0.1654,28.18,15.7,15.7,15.7,Coors Field,120,,,,No,No,7,Yes,Yes,RotoWire projected lineup; MLB probable pitchers,lineup projected / unconfirmed,H:2026/2025 P:2026/2025,,,Direct BvP not yet weighted; 2026/2025 Statcast baseline active,7,5,25,2,Hot streak: 2 HR in last 7 games,"switch hitter; pitcher baseline 6.8% barrel, 15.7 HR allowed",neutral batted-ball profile; pitcher fly-ball pressure modest,,
687859,Troy Johnston,COL,KC,2026-08-01T00:40:00Z,Scheduled,8,Michael Wacha,608379,R,L,4.22,0.1192,89.67,99.0436,0.4013,0.1268,0.3268,70.32,5.79,39.37,23.65,38.88,3.3,6.84,35.79,88.13,0.4189,0.1654,28.18,15.7,15.7,15.7,Coors Field,120,,,,No,No,8,Yes,Yes,RotoWire projected lineup; MLB probable pitchers,lineup projected / unconfirmed,H:2026/2025 P:2026/2025,,,Direct BvP not yet weighted; 2026/2025 Statcast baseline active,7,3,21,0,"Last 7 games: 3/21, 0 HR","platoon edge; pitcher baseline 6.8% barrel, 15.7 HR allowed",neutral batted-ball profile; pitcher fly-ball pressure modest,,
678662,Ezequiel Tovar,COL,KC,2026-08-01T00:40:00Z,Scheduled,9,Michael Wacha,608379,R,R,7.27,0.1309,87.93,98.9367,0.3801,0.1513,0.2847,71.95,20.68,37.4,29.71,34.84,8.3,6.84,35.79,88.13,0.4189,0.1654,28.18,15.7,15.7,15.7,Coors Field,120,,,,No,No,9,Yes,Yes,RotoWire projected lineup; MLB probable pitchers,lineup projected / unconfirmed,H:2026/2025 P:2026/2025,,,Direct BvP not yet weighted; 2026/2025 Statcast baseline active,7,4,21,0,"Last 7 games: 4/21, 0 HR","same-side matchup; pitcher baseline 6.8% barrel, 15.7 HR allowed",neutral batted-ball profile; pitcher fly-ball pressure modest,,
592885,Christian Yelich,MIL,LAA,2026-08-01T01:38:00Z,Scheduled,1,Ryan Johnson,696270,R,L,9.46,0.1607,89.36,100.8977,0.3949,0.1653,0.3132,73.16,31.97,33.68,20.0,42.9,13.6,8.01,34.81,87.12,0.429,0.1721,31.99,8.9,8.9,8.9,Angel Stadium,101,,,,No,No,1,Yes,Yes,RotoWire projected lineup; MLB probable pitchers,lineup projected / unconfirmed,H:2026/2025 P:2026/2025,,,Direct BvP not yet weighted; 2026/2025 Statcast baseline active,7,7,29,1,"Last 7 games: 7/29, 1 HR","platoon edge; pitcher baseline 8.0% barrel, 8.9 HR allowed",neutral batted-ball profile; pitcher allows elevated contact,,
694192,Jackson Chourio,MIL,LAA,2026-08-01T01:38:00Z,Scheduled,2,Ryan Johnson,696270,R,R,11.73,0.1888,91.05,101.8968,0.4477,0.1972,0.3224,74.32,44.59,31.22,27.38,44.33,15.4,8.01,34.81,87.12,0.429,0.1721,31.99,8.9,8.9,8.9,Angel Stadium,101,,,,No,No,2,Yes,Yes,RotoWire projected lineup; MLB probable pitchers,lineup projected / unconfirmed,H:2026/2025 P:2026/2025,,,Direct BvP not yet weighted; 2026/2025 Statcast baseline active,7,8,32,0,"Last 7 games: 8/32, 0 HR","same-side matchup; pitcher baseline 8.0% barrel, 8.9 HR allowed",neutral batted-ball profile; pitcher allows elevated contact,,
668930,Brice Turang,MIL,LAA,2026-08-01T01:38:00Z,Scheduled,3,Ryan Johnson,696270,R,L,8.21,0.1771,90.75,100.5024,0.4381,0.1789,0.3434,70.18,12.43,27.72,23.78,43.83,15.9,8.01,34.81,87.12,0.429,0.1721,31.99,8.9,8.9,8.9,Angel Stadium,101,,,,No,No,3,Yes,Yes,RotoWire projected lineup; MLB probable pitchers,lineup projected / unconfirmed,H:2026/2025 P:2026/2025,,,Direct BvP not yet weighted; 2026/2025 Statcast baseline active,7,12,27,1,Contact streak: 12/27 over last 7 games,"platoon edge; pitcher baseline 8.0% barrel, 8.9 HR allowed",neutral batted-ball profile; pitcher allows elevated contact,,
661388,William Contreras,MIL,LAA,2026-08-01T01:38:00Z,Scheduled,4,Ryan Johnson,696270,R,R,7.03,0.1271,90.12,101.4836,0.4252,0.1639,0.3308,73.2,34.97,36.04,23.66,44.44,12.1,8.01,34.81,87.12,0.429,0.1721,31.99,8.9,8.9,8.9,Angel Stadium,101,,,,No,No,4,Yes,Yes,RotoWire projected lineup; MLB probable pitchers,lineup projected / unconfirmed,H:2026/2025 P:2026/2025,,,Direct BvP not yet weighted; 2026/2025 Statcast baseline active,7,6,28,0,"Last 7 games: 6/28, 0 HR","same-side matchup; pitcher baseline 8.0% barrel, 8.9 HR allowed",neutral batted-ball profile; pitcher allows elevated contact,,
641343,Jake Bauers,MIL,LAA,2026-08-01T01:38:00Z,Scheduled,5,Ryan Johnson,696270,R,L,13.63,0.206,92.47,103.3687,0.464,0.2146,0.3582,76.71,71.4,40.62,29.21,51.41,14.7,8.01,34.81,87.12,0.429,0.1721,31.99,8.9,8.9,8.9,Angel Stadium,101,,,,No,No,5,Yes,Yes,RotoWire projected lineup; MLB probable pitchers,lineup projected / unconfirmed,H:2026/2025 P:2026/2025,,,Direct BvP not yet weighted; 2026/2025 Statcast baseline active,7,9,22,0,Contact streak: 9/22 over last 7 games,"platoon edge; pitcher baseline 8.0% barrel, 8.9 HR allowed",EV profile; pitcher allows elevated contact,,
683734,Andrew Vaughn,MIL,LAA,2026-08-01T01:38:00Z,Scheduled,6,Ryan Johnson,696270,R,R,7.73,0.171,90.69,99.963,0.4321,0.1535,0.3511,70.39,10.84,35.05,25.46,44.48,7.0,8.01,34.81,87.12,0.429,0.1721,31.99,8.9,8.9,8.9,Angel Stadium,101,,,,No,No,6,Yes,Yes,RotoWire projected lineup; MLB probable pitchers,lineup projected / unconfirmed,H:2026/2025 P:2026/2025,,,Direct BvP not yet weighted; 2026/2025 Statcast baseline active,7,5,18,1,"Last 7 games: 5/18, 1 HR","same-side matchup; pitcher baseline 8.0% barrel, 8.9 HR allowed",neutral batted-ball profile; pitcher allows elevated contact,,
669003,Garrett Mitchell,MIL,LAA,2026-08-01T01:38:00Z,Scheduled,7,Ryan Johnson,696270,R,L,11.6,0.1447,91.87,103.3324,0.4173,0.168,0.3321,77.01,75.83,33.44,18.46,47.1,5.6,8.01,34.81,87.12,0.429,0.1721,31.99,8.9,8.9,8.9,Angel Stadium,101,,,,No,No,7,Yes,Yes,RotoWire projected lineup; MLB probable pitchers,lineup projected / unconfirmed,H:2026/2025 P:2026/2025,,,Direct BvP not yet weighted; 2026/2025 Statcast baseline active,7,1,22,0,"Last 7 games: 1/22, 0 HR","platoon edge; pitcher baseline 8.0% barrel, 8.9 HR allowed",neutral batted-ball profile; pitcher allows elevated contact,,
806198,Cooper Pratt,MIL,LAA,2026-08-01T01:38:00Z,Scheduled,8,Ryan Johnson,696270,R,R,4.5,0.11,88.1,97.2714,0.392,0.109,0.343,70.3,8.9,33.3,23.3,31.1,2.0,8.01,34.81,87.12,0.429,0.1721,31.99,8.9,8.9,8.9,Angel Stadium,101,,,,No,No,8,Yes,Yes,RotoWire projected lineup; MLB probable pitchers,lineup projected / unconfirmed,H:2026 P:2026/2025,,,Direct BvP not yet weighted; 2026/2025 Statcast baseline active,7,8,23,1,Contact streak: 8/23 over last 7 games,"same-side matchup; pitcher baseline 8.0% barrel, 8.9 HR allowed",neutral batted-ball profile; pitcher allows elevated contact,,
666152,David Hamilton,MIL,LAA,2026-08-01T01:38:00Z,Scheduled,9,Ryan Johnson,696270,R,L,4.32,0.1056,86.81,96.9715,0.3036,0.0967,0.2642,70.01,7.71,35.11,26.09,27.52,3.9,8.01,34.81,87.12,0.429,0.1721,31.99,8.9,8.9,8.9,Angel Stadium,101,,,,No,No,9,Yes,Yes,RotoWire projected lineup; MLB probable pitchers,lineup projected / unconfirmed,H:2026/2025 P:2026/2025,,,Direct BvP not yet weighted; 2026/2025 Statcast baseline active,7,6,19,0,"Last 7 games: 6/19, 0 HR","platoon edge; pitcher baseline 8.0% barrel, 8.9 HR allowed",neutral batted-ball profile; pitcher allows elevated contact,,
687263,Zach Neto,LAA,MIL,2026-08-01T01:38:00Z,Scheduled,1,Shane Drohan,675660,L,R,13.02,0.2058,89.81,100.2401,0.432,0.2139,0.3202,71.19,13.34,46.92,35.38,42.05,21.1,8.2,37.6,88.2,0.348,0.121,28.6,6.0,6.0,6.0,Angel Stadium,101,,,,No,No,1,Yes,Yes,RotoWire projected lineup; MLB probable pitchers,lineup projected / unconfirmed,H:2026/2025 P:2026,,,Direct BvP not yet weighted; 2026/2025 Statcast baseline active,7,4,27,0,"Last 7 games: 4/27, 0 HR","platoon edge; pitcher baseline 8.2% barrel, 6.0 HR allowed",fly-ball profile; pitcher fly-ball pressure modest,,
545361,Mike Trout,LAA,MIL,2026-08-01T01:38:00Z,Scheduled,2,Shane Drohan,675660,L,R,17.2,0.2133,90.41,103.2705,0.509,0.2565,0.386,74.77,49.31,39.17,32.61,48.25,20.4,8.2,37.6,88.2,0.348,0.121,28.6,6.0,6.0,6.0,Angel Stadium,101,,,,No,No,2,Yes,Yes,RotoWire projected lineup; MLB probable pitchers,lineup projected / unconfirmed,H:2026/2025 P:2026,,,Direct BvP not yet weighted; 2026/2025 Statcast baseline active,7,9,24,0,Contact streak: 9/24 over last 7 games,"platoon edge; pitcher baseline 8.2% barrel, 6.0 HR allowed",neutral batted-ball profile; pitcher fly-ball pressure modest,,
687093,Vaughn Grissom,LAA,MIL,2026-08-01T01:38:00Z,Scheduled,3,Shane Drohan,675660,L,R,7.2,0.152,89.0,99.8552,0.423,0.155,0.338,71.7,20.8,41.0,26.2,41.5,7.0,8.2,37.6,88.2,0.348,0.121,28.6,6.0,6.0,6.0,Angel Stadium,101,,,,No,No,3,Yes,Yes,RotoWire projected lineup; MLB probable pitchers,lineup projected / unconfirmed,H:2026 P:2026,,,Direct BvP not yet weighted; 2026/2025 Statcast baseline active,7,9,28,2,Hot streak: 2 HR in last 7 games,"platoon edge; pitcher baseline 8.2% barrel, 6.0 HR allowed",neutral batted-ball profile; pitcher fly-ball pressure modest,,
624585,Jorge Soler,LAA,MIL,2026-08-01T01:38:00Z,Scheduled,4,Shane Drohan,675660,L,R,11.61,0.172,89.0,101.7577,0.3744,0.1669,0.2975,74.7,48.44,50.42,25.8,42.98,12.0,8.2,37.6,88.2,0.348,0.121,28.6,6.0,6.0,6.0,Angel Stadium,101,,,,No,No,4,Yes,Yes,RotoWire projected lineup; MLB probable pitchers,lineup projected / unconfirmed,H:2026/2025 P:2026,,,Direct BvP not yet weighted; 2026/2025 Statcast baseline active,7,5,27,1,"Last 7 games: 5/27, 1 HR","platoon edge; pitcher baseline 8.2% barrel, 6.0 HR allowed",neutral batted-ball profile; pitcher fly-ball pressure modest,,
694384,Nolan Schanuel,LAA,MIL,2026-08-01T01:38:00Z,Scheduled,5,Shane Drohan,675660,L,L,3.1,0.1159,87.43,97.0114,0.3866,0.1085,0.3319,67.82,5.83,40.24,21.22,31.59,7.8,8.2,37.6,88.2,0.348,0.121,28.6,6.0,6.0,6.0,Angel Stadium,101,,,,No,No,5,Yes,Yes,RotoWire projected lineup; MLB probable pitchers,lineup projected / unconfirmed,H:2026/2025 P:2026,,,Direct BvP not yet weighted; 2026/2025 Statcast baseline active,7,6,26,0,"Last 7 games: 6/26, 0 HR","same-side matchup; pitcher baseline 8.2% barrel, 6.0 HR allowed",neutral batted-ball profile; pitcher fly-ball pressure modest,,
666176,Jo Adell,LAA,MIL,2026-08-01T01:38:00Z,Scheduled,6,Shane Drohan,675660,L,R,11.28,0.186,90.3,102.648,0.4776,0.2162,0.3391,77.39,71.48,37.37,27.63,45.52,22.3,8.2,37.6,88.2,0.348,0.121,28.6,6.0,6.0,6.0,Angel Stadium,101,,,,No,No,6,Yes,Yes,RotoWire projected lineup; MLB probable pitchers,lineup projected / unconfirmed,H:2026/2025 P:2026,,,Direct BvP not yet weighted; 2026/2025 Statcast baseline active,7,6,23,1,"Last 7 games: 6/23, 1 HR","platoon edge; pitcher baseline 8.2% barrel, 6.0 HR allowed",neutral batted-ball profile; pitcher fly-ball pressure modest,,
694203,Denzer Guzman,LAA,MIL,2026-08-01T01:38:00Z,Scheduled,7,Shane Drohan,675660,L,R,8.07,0.1327,86.85,98.3099,0.33,0.1148,0.2567,73.36,32.75,44.8,24.68,37.79,3.4,8.2,37.6,88.2,0.348,0.121,28.6,6.0,6.0,6.0,Angel Stadium,101,,,,No,No,7,Yes,Yes,RotoWire projected lineup; MLB probable pitchers,lineup projected / unconfirmed,H:2026/2025 P:2026,,,Direct BvP not yet weighted; 2026/2025 Statcast baseline active,7,3,21,0,"Last 7 games: 3/21, 0 HR","platoon edge; pitcher baseline 8.2% barrel, 6.0 HR allowed",neutral batted-ball profile; pitcher fly-ball pressure modest,,
642350,Jose Siri,LAA,MIL,2026-08-01T01:38:00Z,Scheduled,8,Shane Drohan,675660,L,R,13.56,0.1544,85.95,98.6611,0.3655,0.1826,0.2736,73.08,34.1,29.1,42.41,34.56,3.5,8.2,37.6,88.2,0.348,0.121,28.6,6.0,6.0,6.0,Angel Stadium,101,,,,No,No,8,Yes,Yes,RotoWire projected lineup; MLB probable pitchers,lineup projected / unconfirmed,H:2026/2025 P:2026,,,Direct BvP not yet weighted; 2026/2025 Statcast baseline active,7,4,14,0,"Last 7 games: 4/14, 0 HR","platoon edge; pitcher baseline 8.2% barrel, 6.0 HR allowed",fly-ball profile; pitcher fly-ball pressure modest,,
518595,Travis d'Arnaud,LAA,MIL,2026-08-01T01:38:00Z,Scheduled,9,Shane Drohan,675660,L,R,13.43,0.1236,87.85,98.0775,0.4132,0.1946,0.3166,70.59,9.19,27.85,30.18,33.84,2.5,8.2,37.6,88.2,0.348,0.121,28.6,6.0,6.0,6.0,Angel Stadium,101,,,,No,No,9,Yes,Yes,RotoWire projected lineup; MLB probable pitchers,lineup projected / unconfirmed,H:2026/2025 P:2026,,,Direct BvP not yet weighted; 2026/2025 Statcast baseline active,7,4,15,1,"Last 7 games: 4/15, 1 HR","platoon edge; pitcher baseline 8.2% barrel, 6.0 HR allowed",neutral batted-ball profile; pitcher fly-ball pressure modest,,
650402,Gleyber Torres,DET,ATH,2026-08-01T01:40:00Z,Scheduled,1,Jeffrey Springs,605488,L,R,7.71,0.1247,87.06,97.6189,0.4025,0.1475,0.342,68.56,5.33,23.26,28.36,34.24,8.3,9.22,36.25,88.23,0.4492,0.1967,32.86,27.3,27.3,27.3,Sutter Health Park,106,,,,No,No,1,Yes,Yes,RotoWire projected lineup; MLB probable pitchers,lineup projected / unconfirmed,H:2026/2025 P:2026/2025,,,Direct BvP not yet weighted; 2026/2025 Statcast baseline active,7,5,25,1,"Last 7 games: 5/25, 1 HR","platoon edge; pitcher baseline 9.2% barrel, 27.3 HR allowed",neutral batted-ball profile; pitcher allows elevated contact,,
805808,Kevin McGonigle,DET,ATH,2026-08-01T01:40:00Z,Scheduled,2,Jeffrey Springs,605488,L,L,7.2,0.132,88.0,98.3194,0.434,0.166,0.357,71.3,17.6,37.2,35.4,37.0,9.0,9.22,36.25,88.23,0.4492,0.1967,32.86,27.3,27.3,27.3,Sutter Health Park,106,,,,No,No,2,Yes,Yes,RotoWire projected lineup; MLB probable pitchers,lineup projected / unconfirmed,H:2026 P:2026/2025,,,Direct BvP not yet weighted; 2026/2025 Statcast baseline active,7,10,31,0,Contact streak: 10/31 over last 7 games,"same-side matchup; pitcher baseline 9.2% barrel, 27.3 HR allowed",fly-ball profile; pitcher allows elevated contact,,
701678,Hao-Yu Lee,DET,ATH,2026-08-01T01:40:00Z,Scheduled,3,Jeffrey Springs,605488,L,R,9.4,0.163,89.1,99.6809,0.392,0.159,0.289,71.0,19.0,29.0,28.3,39.1,6.0,9.22,36.25,88.23,0.4492,0.1967,32.86,27.3,27.3,27.3,Sutter Health Park,106,,,,No,No,3,Yes,Yes,RotoWire projected lineup; MLB probable pitchers,lineup projected / unconfirmed,H:2026 P:2026/2025,,,Direct BvP not yet weighted; 2026/2025 Statcast baseline active,7,7,16,1,Contact streak: 7/16 over last 7 games,"platoon edge; pitcher baseline 9.2% barrel, 27.3 HR allowed",neutral batted-ball profile; pitcher allows elevated contact,,
693307,Dillon Dingler,DET,ATH,2026-08-01T01:40:00Z,Scheduled,4,Jeffrey Springs,605488,L,R,10.39,0.217,89.58,100.9797,0.4988,0.213,0.365,71.77,15.97,40.59,28.57,45.42,19.3,9.22,36.25,88.23,0.4492,0.1967,32.86,27.3,27.3,27.3,Sutter Health Park,106,,,,No,No,4,Yes,Yes,RotoWire projected lineup; MLB probable pitchers,lineup projected / unconfirmed,H:2026/2025 P:2026/2025,,,Direct BvP not yet weighted; 2026/2025 Statcast baseline active,7,6,26,0,"Last 7 games: 6/26, 0 HR","platoon edge; pitcher baseline 9.2% barrel, 27.3 HR allowed",neutral batted-ball profile; pitcher allows elevated contact,,
682985,Riley Greene,DET,ATH,2026-08-01T01:40:00Z,Scheduled,5,Jeffrey Springs,605488,L,L,15.84,0.1986,90.81,102.7769,0.4945,0.2382,0.3593,75.6,58.08,39.75,32.96,49.0,21.3,9.22,36.25,88.23,0.4492,0.1967,32.86,27.3,27.3,27.3,Sutter Health Park,106,,,,No,No,5,Yes,Yes,RotoWire projected lineup; MLB probable pitchers,lineup projected / unconfirmed,H:2026/2025 P:2026/2025,,,Direct BvP not yet weighted; 2026/2025 Statcast baseline active,7,5,25,0,"Last 7 games: 5/25, 0 HR","same-side matchup; pitcher baseline 9.2% barrel, 27.3 HR allowed",neutral batted-ball profile; pitcher allows elevated contact,,
679529,Spencer Torkelson,DET,ATH,2026-08-01T01:40:00Z,Scheduled,6,Jeffrey Springs,605488,L,R,13.78,0.2132,89.85,100.3416,0.4273,0.2083,0.3221,73.14,26.23,48.05,37.16,42.93,23.3,9.22,36.25,88.23,0.4492,0.1967,32.86,27.3,27.3,27.3,Sutter Health Park,106,,,,No,No,6,Yes,Yes,RotoWire projected lineup; MLB probable pitchers,lineup projected / unconfirmed,H:2026/2025 P:2026/2025,,,Direct BvP not yet weighted; 2026/2025 Statcast baseline active,7,5,22,1,"Last 7 games: 5/22, 1 HR","platoon edge; pitcher baseline 9.2% barrel, 27.3 HR allowed",fly-ball profile; pitcher allows elevated contact,,
595879,Javier Baez,DET,ATH,2026-08-01T01:40:00Z,Scheduled,7,Jeffrey Springs,605488,L,R,3.68,0.1392,86.38,97.4939,0.3639,0.0982,0.2899,72.94,28.14,41.76,21.0,33.67,5.0,9.22,36.25,88.23,0.4492,0.1967,32.86,27.3,27.3,27.3,Sutter Health Park,106,,,,No,No,7,Yes,Yes,RotoWire projected lineup; MLB probable pitchers,lineup projected / unconfirmed,H:2026/2025 P:2026/2025,,,Direct BvP not yet weighted; 2026/2025 Statcast baseline active,7,7,22,1,"Last 7 games: 7/22, 1 HR","platoon edge; pitcher baseline 9.2% barrel, 27.3 HR allowed",neutral batted-ball profile; pitcher allows elevated contact,,
663837,Matt Vierling,DET,ATH,2026-08-01T01:40:00Z,Scheduled,8,Jeffrey Springs,605488,L,R,7.13,0.11,89.19,99.3407,0.3975,0.1433,0.3142,71.14,8.62,30.78,32.53,39.69,3.8,9.22,36.25,88.23,0.4492,0.1967,32.86,27.3,27.3,27.3,Sutter Health Park,106,,,,No,No,8,Yes,Yes,RotoWire projected lineup; MLB probable pitchers,lineup projected / unconfirmed,H:2026/2025 P:2026/2025,,,Direct BvP not yet weighted; 2026/2025 Statcast baseline active,7,4,17,0,"Last 7 games: 4/17, 0 HR","platoon edge; pitcher baseline 9.2% barrel, 27.3 HR allowed",neutral batted-ball profile; pitcher allows elevated contact,,
,Max Clark,DET,ATH,2026-08-01T01:40:00Z,Scheduled,9,Jeffrey Springs,605488,L,,,,,,,,,,,,,,,9.22,36.25,88.23,0.4492,0.1967,32.86,27.3,27.3,27.3,Sutter Health Park,106,,,,No,No,9,Yes,Yes,RotoWire projected lineup; MLB probable pitchers,lineup projected / unconfirmed,H: P:2026/2025,,,Direct BvP not yet weighted; 2026/2025 Statcast baseline active,,,,,Recent form unavailable,"handedness incomplete; pitcher baseline 9.2% barrel, 27.3 HR allowed",neutral batted-ball profile; pitcher allows elevated contact,,
701762,Nick Kurtz,ATH,DET,2026-08-01T01:40:00Z,Scheduled,1,,,,L,18.15,0.259,93.19,105.5436,0.5006,0.2556,0.3734,77.9,78.0,34.81,30.7,55.44,25.5,,,,,,,,,,Sutter Health Park,106,,,,No,No,1,Yes,Yes,RotoWire projected lineup; MLB probable pitchers,lineup projected / unconfirmed,H:2026/2025 P:,,,Direct BvP not yet weighted; 2026/2025 Statcast baseline active,7,1,20,1,"Last 7 games: 1/20, 1 HR","handedness incomplete; pitcher baseline 0.0% barrel, 0.0 HR allowed",EV profile; pitcher fly-ball pressure modest,,
805779,Jacob Wilson,ATH,DET,2026-08-01T01:40:00Z,Scheduled,2,,,,R,2.34,0.1274,84.18,95.5132,0.3549,0.0849,0.2914,64.36,0.51,34.07,20.6,27.08,8.8,,,,,,,,,,Sutter Health Park,106,,,,No,No,2,Yes,Yes,RotoWire projected lineup; MLB probable pitchers,lineup projected / unconfirmed,H:2026/2025 P:,,,Direct BvP not yet weighted; 2026/2025 Statcast baseline active,7,4,29,0,"Last 7 games: 4/29, 0 HR","handedness incomplete; pitcher baseline 0.0% barrel, 0.0 HR allowed",neutral batted-ball profile; pitcher fly-ball pressure modest,,
691016,Tyler Soderstrom,ATH,DET,2026-08-01T01:40:00Z,Scheduled,3,,,,L,10.07,0.2134,90.62,101.9505,0.4269,0.1729,0.3347,74.25,41.97,35.93,25.88,46.02,19.4,,,,,,,,,,Sutter Health Park,106,,,,No,No,3,Yes,Yes,RotoWire projected lineup; MLB probable pitchers,lineup projected / unconfirmed,H:2026/2025 P:,,,Direct BvP not yet weighted; 2026/2025 Statcast baseline active,7,5,27,1,"Last 7 games: 5/27, 1 HR","handedness incomplete; pitcher baseline 0.0% barrel, 0.0 HR allowed",neutral batted-ball profile; pitcher fly-ball pressure modest,,
666126,Carlos Cortes,ATH,DET,2026-08-01T01:40:00Z,Scheduled,4,,,,L,7.94,0.1787,89.94,100.079,0.4157,0.1539,0.3224,70.76,15.11,30.97,23.22,40.92,6.1,,,,,,,,,,Sutter Health Park,106,,,,No,No,4,Yes,Yes,RotoWire projected lineup; MLB probable pitchers,lineup projected / unconfirmed,H:2026/2025 P:,,,Direct BvP not yet weighted; 2026/2025 Statcast baseline active,7,0,14,0,"Last 7 games: 0/14, 0 HR","handedness incomplete; pitcher baseline 0.0% barrel, 0.0 HR allowed",neutral batted-ball profile; pitcher fly-ball pressure modest,,
641680,Jonah Heim,ATH,DET,2026-08-01T01:40:00Z,Scheduled,5,,,,S,6.8,0.1834,87.54,97.9287,0.3852,0.148,0.2977,69.91,10.43,40.77,27.62,32.75,11.0,,,,,,,,,,Sutter Health Park,106,,,,No,No,5,Yes,Yes,RotoWire projected lineup; MLB probable pitchers,lineup projected / unconfirmed,H:2026/2025 P:,,,Direct BvP not yet weighted; 2026/2025 Statcast baseline active,7,8,27,2,Hot streak: 2 HR in last 7 games,"switch hitter; pitcher baseline 0.0% barrel, 0.0 HR allowed",neutral batted-ball profile; pitcher fly-ball pressure modest,,
622268,Donovan Walton,ATH,DET,2026-08-01T01:40:00Z,Scheduled,6,,,,L,3.08,0.1246,89.03,98.12,0.366,0.1019,0.3048,67.64,0.0,37.21,19.29,36.17,2.1,,,,,,,,,,Sutter Health Park,106,,,,No,No,6,Yes,Yes,RotoWire projected lineup; MLB probable pitchers,lineup projected / unconfirmed,H:2026/2025 P:,,,Direct BvP not yet weighted; 2026/2025 Statcast baseline active,7,3,13,0,"Last 7 games: 3/13, 0 HR","handedness incomplete; pitcher baseline 0.0% barrel, 0.0 HR allowed",neutral batted-ball profile; pitcher fly-ball pressure modest,,
695720,Tommy White,ATH,DET,2026-08-01T01:40:00Z,Scheduled,7,,,,R,4.9,0.041,85.4,97.7195,0.393,0.093,0.316,70.1,15.5,29.3,14.6,36.6,0.0,,,,,,,,,,Sutter Health Park,106,,,,No,No,7,Yes,Yes,RotoWire projected lineup; MLB probable pitchers,lineup projected / unconfirmed,H:2026 P:,,,Direct BvP not yet weighted; 2026/2025 Statcast baseline active,7,7,29,0,"Last 7 games: 7/29, 0 HR","handedness incomplete; pitcher baseline 0.0% barrel, 0.0 HR allowed",neutral batted-ball profile; pitcher fly-ball pressure modest,,
671732,Lawrence Butler,ATH,DET,2026-08-01T01:40:00Z,Scheduled,8,,,,L,7.87,0.135,89.59,101.9134,0.3699,0.136,0.3089,73.63,37.39,34.4,20.95,45.03,10.5,,,,,,,,,,Sutter Health Park,106,,,,No,No,8,Yes,Yes,RotoWire projected lineup; MLB probable pitchers,lineup projected / unconfirmed,H:2026/2025 P:,,,Direct BvP not yet weighted; 2026/2025 Statcast baseline active,7,5,14,1,Contact streak: 5/14 over last 7 games,"handedness incomplete; pitcher baseline 0.0% barrel, 0.0 HR allowed",neutral batted-ball profile; pitcher fly-ball pressure modest,,
703607,Henry Bolte,ATH,DET,2026-08-01T01:40:00Z,Scheduled,9,,,,R,6.2,0.077,90.1,103.8286,0.336,0.114,0.291,77.0,74.0,31.0,17.9,46.5,3.0,,,,,,,,,,Sutter Health Park,106,,,,No,No,9,Yes,Yes,RotoWire projected lineup; MLB probable pitchers,lineup projected / unconfirmed,H:2026 P:,,,Direct BvP not yet weighted; 2026/2025 Statcast baseline active,7,3,17,0,"Last 7 games: 3/17, 0 HR","handedness incomplete; pitcher baseline 0.0% barrel, 0.0 HR allowed",neutral batted-ball profile; pitcher fly-ball pressure modest,,
650333,Luis Arraez,SF,SD,2026-08-01T01:45:00Z,Scheduled,1,Bradgley Rodriguez,699134,R,L,0.68,0.1133,86.66,93.9947,0.3686,0.0816,0.3044,62.92,0.12,30.17,27.05,19.08,5.2,1.61,29.41,85.87,0.2464,0.0651,17.36,1.4,1.4,1.4,Petco Park,91,,,,No,No,1,Yes,Yes,RotoWire projected lineup; MLB probable pitchers,lineup projected / unconfirmed,H:2026/2025 P:2026/2025,,,Direct BvP not yet weighted; 2026/2025 Statcast baseline active,7,13,31,0,Contact streak: 13/31 over last 7 games,"platoon edge; pitcher baseline 1.6% barrel, 1.4 HR allowed",neutral batted-ball profile; pitcher fly-ball pressure modest,,
805811,Bryce Eldridge,SF,SD,2026-08-01T01:45:00Z,Scheduled,2,Bradgley Rodriguez,699134,R,L,16.46,0.1602,93.43,103.4386,0.4841,0.2547,0.3601,73.07,28.29,41.35,37.47,57.95,7.7,1.61,29.41,85.87,0.2464,0.0651,17.36,1.4,1.4,1.4,Petco Park,91,,,,No,No,2,Yes,Yes,RotoWire projected lineup; MLB probable pitchers,lineup projected / unconfirmed,H:2026/2025 P:2026/2025,,,Direct BvP not yet weighted; 2026/2025 Statcast baseline active,7,4,26,1,"Last 7 games: 4/26, 1 HR","platoon edge; pitcher baseline 1.6% barrel, 1.4 HR allowed",lift-pull EV profile; pitcher fly-ball pressure modest,,
671218,Heliot Ramos,SF,SD,2026-08-01T01:45:00Z,Scheduled,3,Bradgley Rodriguez,699134,R,R,12.51,0.1594,92.01,102.9333,0.4499,0.1897,0.3277,72.78,29.95,34.29,22.6,48.38,12.6,1.61,29.41,85.87,0.2464,0.0651,17.36,1.4,1.4,1.4,Petco Park,91,,,,No,No,3,Yes,Yes,RotoWire projected lineup; MLB probable pitchers,lineup projected / unconfirmed,H:2026/2025 P:2026/2025,,,Direct BvP not yet weighted; 2026/2025 Statcast baseline active,7,8,31,0,"Last 7 games: 8/31, 0 HR","same-side matchup; pitcher baseline 1.6% barrel, 1.4 HR allowed",EV profile; pitcher fly-ball pressure modest,,
646240,Rafael Devers,SF,SD,2026-08-01T01:45:00Z,Scheduled,4,Bradgley Rodriguez,699134,R,L,12.71,0.2284,92.66,103.0938,0.4618,0.2252,0.339,71.81,21.07,33.91,33.18,51.97,25.9,1.61,29.41,85.87,0.2464,0.0651,17.36,1.4,1.4,1.4,Petco Park,91,,,,No,No,4,Yes,Yes,RotoWire projected lineup; MLB probable pitchers,lineup projected / unconfirmed,H:2026/2025 P:2026/2025,,,Direct BvP not yet weighted; 2026/2025 Statcast baseline active,7,9,26,2,Hot streak: 2 HR in last 7 games,"platoon edge; pitcher baseline 1.6% barrel, 1.4 HR allowed",EV profile; pitcher fly-ball pressure modest,,
808982,Jung Hoo Lee,SF,SD,2026-08-01T01:45:00Z,Scheduled,5,Bradgley Rodriguez,699134,R,L,2.79,0.1361,87.03,96.6086,0.3836,0.0933,0.3182,68.37,2.91,39.65,21.82,29.76,6.6,1.61,29.41,85.87,0.2464,0.0651,17.36,1.4,1.4,1.4,Petco Park,91,,,,No,No,5,Yes,Yes,RotoWire projected lineup; MLB probable pitchers,lineup projected / unconfirmed,H:2026/2025 P:2026/2025,,,Direct BvP not yet weighted; 2026/2025 Statcast baseline active,7,8,27,1,"Last 7 games: 8/27, 1 HR","platoon edge; pitcher baseline 1.6% barrel, 1.4 HR allowed",neutral batted-ball profile; pitcher fly-ball pressure modest,,
642715,Willy Adames,SF,SD,2026-08-01T01:45:00Z,Scheduled,6,Bradgley Rodriguez,699134,R,R,10.01,0.1974,88.13,99.1506,0.4028,0.1809,0.3025,72.21,23.97,47.91,34.9,40.56,21.6,1.61,29.41,85.87,0.2464,0.0651,17.36,1.4,1.4,1.4,Petco Park,91,,,,No,No,6,Yes,Yes,RotoWire projected lineup; MLB probable pitchers,lineup projected / unconfirmed,H:2026/2025 P:2026/2025,,,Direct BvP not yet weighted; 2026/2025 Statcast baseline active,7,6,26,0,"Last 7 games: 6/26, 0 HR","same-side matchup; pitcher baseline 1.6% barrel, 1.4 HR allowed",neutral batted-ball profile; pitcher fly-ball pressure modest,,
691740,Daniel Susac,SF,SD,2026-08-01T01:45:00Z,Scheduled,7,Bradgley Rodriguez,699134,R,R,6.0,0.137,86.8,97.3408,0.394,0.129,0.313,68.7,4.1,42.0,32.0,32.0,3.0,1.61,29.41,85.87,0.2464,0.0651,17.36,1.4,1.4,1.4,Petco Park,91,,,,No,No,7,Yes,Yes,RotoWire projected lineup; MLB probable pitchers,lineup projected / unconfirmed,H:2026 P:2026/2025,,,Direct BvP not yet weighted; 2026/2025 Statcast baseline active,7,3,14,3,Hot streak: 3 HR in last 7 games,"same-side matchup; pitcher baseline 1.6% barrel, 1.4 HR allowed",neutral batted-ball profile; pitcher fly-ball pressure modest,,
687529,Grant McCray,SF,SD,2026-08-01T01:45:00Z,Scheduled,8,Bradgley Rodriguez,699134,R,L,9.59,0.1512,83.67,97.3099,0.3252,0.1386,0.2599,72.08,24.5,36.16,19.25,16.94,0.7,1.61,29.41,85.87,0.2464,0.0651,17.36,1.4,1.4,1.4,Petco Park,91,,,,No,No,8,Yes,Yes,RotoWire projected lineup; MLB probable pitchers,lineup projected / unconfirmed,H:2026/2025 P:2026/2025,,,Direct BvP not yet weighted; 2026/2025 Statcast baseline active,7,3,14,1,"Last 7 games: 3/14, 1 HR","platoon edge; pitcher baseline 1.6% barrel, 1.4 HR allowed",neutral batted-ball profile; pitcher fly-ball pressure modest,,
683766,Christian Koss,SF,SD,2026-08-01T01:45:00Z,Scheduled,9,Bradgley Rodriguez,699134,R,R,4.18,0.0515,85.43,95.7351,0.2858,0.076,0.2515,70.35,8.03,38.16,25.35,24.57,0.9,1.61,29.41,85.87,0.2464,0.0651,17.36,1.4,1.4,1.4,Petco Park,91,,,,No,No,9,Yes,Yes,RotoWire projected lineup; MLB probable pitchers,lineup projected / unconfirmed,H:2026/2025 P:2026/2025,,,Direct BvP not yet weighted; 2026/2025 Statcast baseline active,7,4,16,0,"Last 7 games: 4/16, 0 HR","same-side matchup; pitcher baseline 1.6% barrel, 1.4 HR allowed",neutral batted-ball profile; pitcher fly-ball pressure modest,,
665487,Fernando Tatis,SD,SF,2026-08-01T01:45:00Z,Scheduled,1,Carson Whisenhunt,687931,L,R,10.58,0.1346,92.6,104.3672,0.4551,0.1722,0.3595,75.44,57.07,32.98,21.17,53.13,13.1,9.84,43.49,89.32,0.5023,0.2354,35.71,3.9,3.9,3.9,Petco Park,91,,,,No,No,1,Yes,Yes,RotoWire projected lineup; MLB probable pitchers,lineup projected / unconfirmed,H:2026/2025 P:2026/2025,,,Direct BvP not yet weighted; 2026/2025 Statcast baseline active,7,8,29,0,"Last 7 games: 8/29, 0 HR","platoon edge; pitcher baseline 9.8% barrel, 3.9 HR allowed",EV profile; pitcher allows elevated contact,,
650859,Luis Rengifo,SD,SF,2026-08-01T01:45:00Z,Scheduled,2,Carson Whisenhunt,687931,L,S,4.72,0.0823,88.08,98.3296,0.3631,0.1031,0.3069,70.76,14.93,35.99,16.89,36.34,4.1,9.84,43.49,89.32,0.5023,0.2354,35.71,3.9,3.9,3.9,Petco Park,91,,,,No,No,2,Yes,Yes,RotoWire projected lineup; MLB probable pitchers,lineup projected / unconfirmed,H:2026/2025 P:2026/2025,,,Direct BvP not yet weighted; 2026/2025 Statcast baseline active,7,8,22,1,Contact streak: 8/22 over last 7 games,"switch hitter; pitcher baseline 9.8% barrel, 3.9 HR allowed",neutral batted-ball profile; pitcher allows elevated contact,,
592518,Manny Machado,SD,SF,2026-08-01T01:45:00Z,Scheduled,3,Carson Whisenhunt,687931,L,R,11.57,0.2102,91.22,101.8963,0.4509,0.203,0.3354,74.64,44.37,40.92,28.5,46.18,24.2,9.84,43.49,89.32,0.5023,0.2354,35.71,3.9,3.9,3.9,Petco Park,91,,,,No,No,3,Yes,Yes,RotoWire projected lineup; MLB probable pitchers,lineup projected / unconfirmed,H:2026/2025 P:2026/2025,,,Direct BvP not yet weighted; 2026/2025 Statcast baseline active,7,11,31,1,Contact streak: 11/31 over last 7 games,"platoon edge; pitcher baseline 9.8% barrel, 3.9 HR allowed",neutral batted-ball profile; pitcher allows elevated contact,,
664034,Ty France,SD,SF,2026-08-01T01:45:00Z,Scheduled,4,Carson Whisenhunt,687931,L,R,10.22,0.2066,91.53,101.4655,0.439,0.1856,0.3301,71.77,18.48,36.01,24.48,48.05,13.3,9.84,43.49,89.32,0.5023,0.2354,35.71,3.9,3.9,3.9,Petco Park,91,,,,No,No,4,Yes,Yes,RotoWire projected lineup; MLB probable pitchers,lineup projected / unconfirmed,H:2026/2025 P:2026/2025,,,Direct BvP not yet weighted; 2026/2025 Statcast baseline active,7,9,27,1,Contact streak: 9/27 over last 7 games,"platoon edge; pitcher baseline 9.8% barrel, 3.9 HR allowed",neutral batted-ball profile; pitcher allows elevated contact,,
701538,Jackson Merrill,SD,SF,2026-08-01T01:45:00Z,Scheduled,5,Carson Whisenhunt,687931,L,L,11.46,0.1671,89.84,100.5073,0.4592,0.2025,0.3295,72.88,27.12,37.77,28.87,45.49,15.3,9.84,43.49,89.32,0.5023,0.2354,35.71,3.9,3.9,3.9,Petco Park,91,,,,No,No,5,Yes,Yes,RotoWire projected lineup; MLB probable pitchers,lineup projected / unconfirmed,H:2026/2025 P:2026/2025,,,Direct BvP not yet weighted; 2026/2025 Statcast baseline active,7,10,24,1,Contact streak: 10/24 over last 7 games,"same-side matchup; pitcher baseline 9.8% barrel, 3.9 HR allowed",neutral batted-ball profile; pitcher allows elevated contact,,
669134,Luis Campusano,SD,SF,2026-08-01T01:45:00Z,Scheduled,6,Carson Whisenhunt,687931,L,R,6.16,0.1491,87.45,99.1531,0.3053,0.1085,0.3018,72.26,23.76,45.79,18.47,39.87,2.8,9.84,43.49,89.32,0.5023,0.2354,35.71,3.9,3.9,3.9,Petco Park,91,,,,No,No,6,Yes,Yes,RotoWire projected lineup; MLB probable pitchers,lineup projected / unconfirmed,H:2026/2025 P:2026/2025,,,Direct BvP not yet weighted; 2026/2025 Statcast baseline active,7,5,20,0,"Last 7 games: 5/20, 0 HR","platoon edge; pitcher baseline 9.8% barrel, 3.9 HR allowed",neutral batted-ball profile; pitcher allows elevated contact,,
593428,Xander Bogaerts,SD,SF,2026-08-01T01:45:00Z,Scheduled,7,Carson Whisenhunt,687931,L,R,6.2,0.1084,88.37,99.7635,0.3822,0.1334,0.3186,72.31,27.45,44.15,23.76,38.85,9.6,9.84,43.49,89.32,0.5023,0.2354,35.71,3.9,3.9,3.9,Petco Park,91,,,,No,No,7,Yes,Yes,RotoWire projected lineup; MLB probable pitchers,lineup projected / unconfirmed,H:2026/2025 P:2026/2025,,,Direct BvP not yet weighted; 2026/2025 Statcast baseline active,7,4,22,0,"Last 7 games: 4/22, 0 HR","platoon edge; pitcher baseline 9.8% barrel, 3.9 HR allowed",neutral batted-ball profile; pitcher allows elevated contact,,
687749,Jase Bowen,SD,SF,2026-08-01T01:45:00Z,Scheduled,8,Carson Whisenhunt,687931,L,R,9.4,0.036,86.2,97.1502,0.287,0.088,0.235,73.5,32.9,42.4,36.4,30.3,0.0,9.84,43.49,89.32,0.5023,0.2354,35.71,3.9,3.9,3.9,Petco Park,91,,,,No,No,8,Yes,Yes,RotoWire projected lineup; MLB probable pitchers,lineup projected / unconfirmed,H:2026 P:2026/2025,,,Direct BvP not yet weighted; 2026/2025 Statcast baseline active,7,1,9,0,"Last 7 games: 1/9, 0 HR","platoon edge; pitcher baseline 9.8% barrel, 3.9 HR allowed",fly-ball profile; pitcher allows elevated contact,,
666023,Freddy Fermin,SD,SF,2026-08-01T01:45:00Z,Scheduled,9,Carson Whisenhunt,687931,L,R,2.94,0.1027,87.42,96.8578,0.2965,0.0918,0.2637,69.78,6.07,38.46,28.63,28.71,3.6,9.84,43.49,89.32,0.5023,0.2354,35.71,3.9,3.9,3.9,Petco Park,91,,,,No,No,9,Yes,Yes,RotoWire projected lineup; MLB probable pitchers,lineup projected / unconfirmed,H:2026/2025 P:2026/2025,,,Direct BvP not yet weighted; 2026/2025 Statcast baseline active,7,4,14,0,"Last 7 games: 4/14, 0 HR","platoon edge; pitcher baseline 9.8% barrel, 3.9 HR allowed",neutral batted-ball profile; pitcher allows elevated contact,,
807799,Masataka Yoshida,BOS,LAD,2026-08-01T02:10:00Z,Scheduled,1,Edgardo Henriquez,683618,R,L,3.8,0.1185,89.01,99.2511,0.3756,0.1073,0.3196,71.55,17.34,43.57,21.25,39.38,4.0,4.82,30.99,84.56,0.2878,0.0987,19.89,1.3,1.3,1.3,UNIQLO Field at Dodger Stadium,100,,,,No,No,1,Yes,Yes,RotoWire projected lineup; MLB probable pitchers,lineup projected / unconfirmed,H:2026/2025 P:2026/2025,,,Direct BvP not yet weighted; 2026/2025 Statcast baseline active,7,3,17,0,"Last 7 games: 3/17, 0 HR","platoon edge; pitcher baseline 4.8% barrel, 1.3 HR allowed",neutral batted-ball profile; pitcher fly-ball pressure modest,,
678882,Ceddanne Rafaela,BOS,LAD,2026-08-01T02:10:00Z,Scheduled,2,Edgardo Henriquez,683618,R,R,6.12,0.1643,86.97,97.8526,0.3677,0.1257,0.2861,70.09,9.25,35.43,25.3,34.43,12.5,4.82,30.99,84.56,0.2878,0.0987,19.89,1.3,1.3,1.3,UNIQLO Field at Dodger Stadium,100,,,,No,No,2,Yes,Yes,RotoWire projected lineup; MLB probable pitchers,lineup projected / unconfirmed,H:2026/2025 P:2026/2025,,,Direct BvP not yet weighted; 2026/2025 Statcast baseline active,7,9,30,2,Hot streak: 2 HR in last 7 games,"same-side matchup; pitcher baseline 4.8% barrel, 1.3 HR allowed",neutral batted-ball profile; pitcher fly-ball pressure modest,,
575929,Willson Contreras,BOS,LAD,2026-08-01T02:10:00Z,Scheduled,3,Edgardo Henriquez,683618,R,R,14.39,0.239,90.6,103.1219,0.5076,0.2429,0.3811,76.77,69.08,44.77,28.91,47.32,22.1,4.82,30.99,84.56,0.2878,0.0987,19.89,1.3,1.3,1.3,UNIQLO Field at Dodger Stadium,100,,,,No,No,3,Yes,Yes,RotoWire projected lineup; MLB probable pitchers,lineup projected / unconfirmed,H:2026/2025 P:2026/2025,,,Direct BvP not yet weighted; 2026/2025 Statcast baseline active,7,4,19,1,"Last 7 games: 4/19, 1 HR","same-side matchup; pitcher baseline 4.8% barrel, 1.3 HR allowed",neutral batted-ball profile; pitcher fly-ball pressure modest,,
677800,Wilyer Abreu,BOS,LAD,2026-08-01T02:10:00Z,Scheduled,4,Edgardo Henriquez,683618,R,L,12.37,0.1975,90.03,101.139,0.4645,0.2159,0.3371,73.89,38.38,37.2,37.45,42.73,17.8,4.82,30.99,84.56,0.2878,0.0987,19.89,1.3,1.3,1.3,UNIQLO Field at Dodger Stadium,100,,,,No,No,4,Yes,Yes,RotoWire projected lineup; MLB probable pitchers,lineup projected / unconfirmed,H:2026/2025 P:2026/2025,,,Direct BvP not yet weighted; 2026/2025 Statcast baseline active,7,3,28,1,"Last 7 games: 3/28, 1 HR","platoon edge; pitcher baseline 4.8% barrel, 1.3 HR allowed",fly-ball profile; pitcher fly-ball pressure modest,,
702332,Caleb Durbin,BOS,LAD,2026-08-01T02:10:00Z,Scheduled,5,Edgardo Henriquez,683618,R,R,2.88,0.1457,84.36,95.9733,0.3354,0.0937,0.2924,68.81,5.02,41.23,18.98,26.97,10.3,4.82,30.99,84.56,0.2878,0.0987,19.89,1.3,1.3,1.3,UNIQLO Field at Dodger Stadium,100,,,,No,No,5,Yes,Yes,RotoWire projected lineup; MLB probable pitchers,lineup projected / unconfirmed,H:2026/2025 P:2026/2025,,,Direct BvP not yet weighted; 2026/2025 Statcast baseline active,7,7,22,0,"Last 7 games: 7/22, 0 HR","same-side matchup; pitcher baseline 4.8% barrel, 1.3 HR allowed",neutral batted-ball profile; pitcher fly-ball pressure modest,,
680776,Jarren Duran,BOS,LAD,2026-08-01T02:10:00Z,Scheduled,6,Edgardo Henriquez,683618,R,L,9.91,0.1552,90.12,101.7942,0.382,0.148,0.3022,74.91,49.4,39.18,22.44,40.78,13.9,4.82,30.99,84.56,0.2878,0.0987,19.89,1.3,1.3,1.3,UNIQLO Field at Dodger Stadium,100,,,,No,No,6,Yes,Yes,RotoWire projected lineup; MLB probable pitchers,lineup projected / unconfirmed,H:2026/2025 P:2026/2025,,,Direct BvP not yet weighted; 2026/2025 Statcast baseline active,7,7,26,0,"Last 7 games: 7/26, 0 HR","platoon edge; pitcher baseline 4.8% barrel, 1.3 HR allowed",neutral batted-ball profile; pitcher fly-ball pressure modest,,
655316,Andruw Monasterio,BOS,LAD,2026-08-01T02:10:00Z,Scheduled,7,Edgardo Henriquez,683618,R,R,8.38,0.1873,88.26,98.1334,0.3931,0.1523,0.3031,69.17,3.15,41.39,33.23,37.55,5.4,4.82,30.99,84.56,0.2878,0.0987,19.89,1.3,1.3,1.3,UNIQLO Field at Dodger Stadium,100,,,,No,No,7,Yes,Yes,RotoWire projected lineup; MLB probable pitchers,lineup projected / unconfirmed,H:2026/2025 P:2026/2025,,,Direct BvP not yet weighted; 2026/2025 Statcast baseline active,7,8,23,1,Contact streak: 8/23 over last 7 games,"same-side matchup; pitcher baseline 4.8% barrel, 1.3 HR allowed",neutral batted-ball profile; pitcher fly-ball pressure modest,,
678011,Anthony Seigler,BOS,LAD,2026-08-01T02:10:00Z,Scheduled,8,Edgardo Henriquez,683618,R,S,5.25,0.1189,88.25,97.5413,0.3789,0.1314,0.3156,67.29,0.35,33.09,25.49,37.43,2.1,4.82,30.99,84.56,0.2878,0.0987,19.89,1.3,1.3,1.3,UNIQLO Field at Dodger Stadium,100,,,,No,No,8,Yes,Yes,RotoWire projected lineup; MLB probable pitchers,lineup projected / unconfirmed,H:2026/2025 P:2026/2025,,,Direct BvP not yet weighted; 2026/2025 Statcast baseline active,7,6,24,1,"Last 7 games: 6/24, 1 HR","switch hitter; pitcher baseline 4.8% barrel, 1.3 HR allowed",neutral batted-ball profile; pitcher fly-ball pressure modest,,
657136,Connor Wong,BOS,LAD,2026-08-01T02:10:00Z,Scheduled,9,Edgardo Henriquez,683618,R,R,4.29,0.0907,86.55,99.3126,0.3286,0.1013,0.2933,72.51,25.72,38.98,21.74,36.25,1.4,4.82,30.99,84.56,0.2878,0.0987,19.89,1.3,1.3,1.3,UNIQLO Field at Dodger Stadium,100,,,,No,No,9,Yes,Yes,RotoWire projected lineup; MLB probable pitchers,lineup projected / unconfirmed,H:2026/2025 P:2026/2025,,,Direct BvP not yet weighted; 2026/2025 Statcast baseline active,7,3,19,1,"Last 7 games: 3/19, 1 HR","same-side matchup; pitcher baseline 4.8% barrel, 1.3 HR allowed",neutral batted-ball profile; pitcher fly-ball pressure modest,,
660271,Shohei Ohtani,LAD,BOS,2026-08-01T02:10:00Z,Scheduled,1,Ranger Suarez,624133,L,L,18.81,0.2756,94.06,104.4147,0.5979,0.3085,0.4152,75.03,53.01,46.84,32.9,55.2,32.6,5.15,31.66,86.22,0.3419,0.1075,22.77,7.7,7.7,7.7,UNIQLO Field at Dodger Stadium,100,,,,No,No,1,Yes,Yes,RotoWire projected lineup; MLB probable pitchers,lineup projected / unconfirmed,H:2026/2025 P:2026/2025,,,Direct BvP not yet weighted; 2026/2025 Statcast baseline active,7,9,28,1,Contact streak: 9/28 over last 7 games,"same-side matchup; pitcher baseline 5.2% barrel, 7.7 HR allowed",lift-pull EV profile; pitcher fly-ball pressure modest,,
681624,Andy Pages,LAD,BOS,2026-08-01T02:10:00Z,Scheduled,2,Ranger Suarez,624133,L,R,8.05,0.1918,88.95,100.0159,0.4343,0.17,0.3307,72.92,27.17,36.78,28.93,41.89,20.7,5.15,31.66,86.22,0.3419,0.1075,22.77,7.7,7.7,7.7,UNIQLO Field at Dodger Stadium,100,,,,No,No,2,Yes,Yes,RotoWire projected lineup; MLB probable pitchers,lineup projected / unconfirmed,H:2026/2025 P:2026/2025,,,Direct BvP not yet weighted; 2026/2025 Statcast baseline active,7,9,29,1,"Last 7 games: 9/29, 1 HR","platoon edge; pitcher baseline 5.2% barrel, 7.7 HR allowed",neutral batted-ball profile; pitcher fly-ball pressure modest,,
518692,Freddie Freeman,LAD,BOS,2026-08-01T02:10:00Z,Scheduled,3,Ranger Suarez,624133,L,L,9.91,0.1909,90.34,100.6645,0.4873,0.1993,0.371,70.22,8.68,36.33,28.05,44.02,17.7,5.15,31.66,86.22,0.3419,0.1075,22.77,7.7,7.7,7.7,UNIQLO Field at Dodger Stadium,100,,,,No,No,3,Yes,Yes,RotoWire projected lineup; MLB probable pitchers,lineup projected / unconfirmed,H:2026/2025 P:2026/2025,,,Direct BvP not yet weighted; 2026/2025 Statcast baseline active,7,15,29,0,Contact streak: 15/29 over last 7 games,"same-side matchup; pitcher baseline 5.2% barrel, 7.7 HR allowed",neutral batted-ball profile; pitcher fly-ball pressure modest,,
605141,Mookie Betts,LAD,BOS,2026-08-01T02:10:00Z,Scheduled,4,Ranger Suarez,624133,L,R,7.32,0.1676,90.15,98.6515,0.4283,0.1588,0.3286,69.32,7.9,38.91,35.83,38.53,15.1,5.15,31.66,86.22,0.3419,0.1075,22.77,7.7,7.7,7.7,UNIQLO Field at Dodger Stadium,100,,,,No,No,4,Yes,Yes,RotoWire projected lineup; MLB probable pitchers,lineup projected / unconfirmed,H:2026/2025 P:2026/2025,,,Direct BvP not yet weighted; 2026/2025 Statcast baseline active,7,6,28,0,"Last 7 games: 6/28, 0 HR","platoon edge; pitcher baseline 5.2% barrel, 7.7 HR allowed",fly-ball profile; pitcher fly-ball pressure modest,,
669242,Tommy Edman,LAD,BOS,2026-08-01T02:10:00Z,Scheduled,5,Ranger Suarez,624133,L,S,6.18,0.15,88.72,100.1567,0.425,0.123,0.3525,70.31,10.43,44.98,23.42,39.34,5.3,5.15,31.66,86.22,0.3419,0.1075,22.77,7.7,7.7,7.7,UNIQLO Field at Dodger Stadium,100,,,,No,No,5,Yes,Yes,RotoWire projected lineup; MLB probable pitchers,lineup projected / unconfirmed,H:2026/2025 P:2026/2025,,,Direct BvP not yet weighted; 2026/2025 Statcast baseline active,7,7,27,0,"Last 7 games: 7/27, 0 HR","switch hitter; pitcher baseline 5.2% barrel, 7.7 HR allowed",neutral batted-ball profile; pitcher fly-ball pressure modest,,
663656,Kyle Tucker,LAD,BOS,2026-08-01T02:10:00Z,Scheduled,6,Ranger Suarez,624133,L,L,7.86,0.1532,89.26,98.8459,0.4214,0.1584,0.3461,71.51,20.87,43.94,32.42,38.86,12.9,5.15,31.66,86.22,0.3419,0.1075,22.77,7.7,7.7,7.7,UNIQLO Field at Dodger Stadium,100,,,,No,No,6,Yes,Yes,RotoWire projected lineup; MLB probable pitchers,lineup projected / unconfirmed,H:2026/2025 P:2026/2025,,,Direct BvP not yet weighted; 2026/2025 Statcast baseline active,7,4,22,2,Hot streak: 2 HR in last 7 games,"same-side matchup; pitcher baseline 5.2% barrel, 7.7 HR allowed",neutral batted-ball profile; pitcher fly-ball pressure modest,,
606192,Teoscar Hernandez,LAD,BOS,2026-08-01T02:10:00Z,Scheduled,7,Ranger Suarez,624133,L,R,9.89,0.1664,89.43,100.7635,0.4235,0.178,0.3209,72.34,24.57,32.33,30.64,43.72,13.8,5.15,31.66,86.22,0.3419,0.1075,22.77,7.7,7.7,7.7,UNIQLO Field at Dodger Stadium,100,,,,No,No,7,Yes,Yes,RotoWire projected lineup; MLB probable pitchers,lineup projected / unconfirmed,H:2026/2025 P:2026/2025,,,Direct BvP not yet weighted; 2026/2025 Statcast baseline active,7,9,25,1,Contact streak: 9/25 over last 7 games,"platoon edge; pitcher baseline 5.2% barrel, 7.7 HR allowed",neutral batted-ball profile; pitcher fly-ball pressure modest,,
571771,Enrique Hernandez,LAD,BOS,2026-08-01T02:10:00Z,Scheduled,8,Ranger Suarez,624133,L,R,26.16,0.5494,89.18,101.9223,0.6593,0.3641,0.4081,70.4,11.23,36.03,21.41,46.28,3.7,5.15,31.66,86.22,0.3419,0.1075,22.77,7.7,7.7,7.7,UNIQLO Field at Dodger Stadium,100,,,,No,No,8,Yes,Yes,RotoWire projected lineup; MLB probable pitchers,lineup projected / unconfirmed,H:2026/2025 P:2026/2025,,,Direct BvP not yet weighted; 2026/2025 Statcast baseline active,3,4,7,1,Contact streak: 4/7 over last 3 games,"platoon edge; pitcher baseline 5.2% barrel, 7.7 HR allowed",neutral batted-ball profile; pitcher fly-ball pressure modest,,
687221,Dalton Rushing,LAD,BOS,2026-08-01T02:10:00Z,Scheduled,9,Ranger Suarez,624133,L,L,12.81,0.1928,89.89,101.9926,0.4203,0.1809,0.325,72.61,17.76,47.82,28.11,44.74,9.6,5.15,31.66,86.22,0.3419,0.1075,22.77,7.7,7.7,7.7,UNIQLO Field at Dodger Stadium,100,,,,No,No,9,Yes,Yes,RotoWire projected lineup; MLB probable pitchers,lineup projected / unconfirmed,H:2026/2025 P:2026/2025,,,Direct BvP not yet weighted; 2026/2025 Statcast baseline active,7,9,24,2,Hot streak: 2 HR in last 7 games,"same-side matchup; pitcher baseline 5.2% barrel, 7.7 HR allowed",neutral batted-ball profile; pitcher fly-ball pressure modest,,
663616,Trevor Larnach,MIN,SEA,2026-08-01T02:10:00Z,Scheduled,1,Bryce Miller,682243,R,L,7.41,0.1582,88.31,99.4108,0.4051,0.1446,0.332,71.96,20.87,41.92,24.4,38.07,10.7,7.51,36.21,88.69,0.3804,0.1547,32.07,12.8,12.8,12.8,T-Mobile Park,96,,,,No,No,1,Yes,Yes,RotoWire projected lineup; MLB probable pitchers,lineup projected / unconfirmed,H:2026/2025 P:2026/2025,,,Direct BvP not yet weighted; 2026/2025 Statcast baseline active,7,5,18,1,"Last 7 games: 5/18, 1 HR","platoon edge; pitcher baseline 7.5% barrel, 12.8 HR allowed",neutral batted-ball profile; pitcher allows elevated contact,,
665019,Kody Clemens,MIN,SEA,2026-08-01T02:10:00Z,Scheduled,2,Bryce Miller,682243,R,L,12.35,0.2406,92.27,101.572,0.4552,0.2069,0.331,72.06,14.28,45.31,33.18,47.25,19.0,7.51,36.21,88.69,0.3804,0.1547,32.07,12.8,12.8,12.8,T-Mobile Park,96,,,,No,No,2,Yes,Yes,RotoWire projected lineup; MLB probable pitchers,lineup projected / unconfirmed,H:2026/2025 P:2026/2025,,,Direct BvP not yet weighted; 2026/2025 Statcast baseline active,7,8,29,1,"Last 7 games: 8/29, 1 HR","platoon edge; pitcher baseline 7.5% barrel, 12.8 HR allowed",lift-pull EV profile; pitcher allows elevated contact,,
680777,Ryan Jeffers,MIN,SEA,2026-08-01T02:10:00Z,Scheduled,3,Bryce Miller,682243,R,R,10.85,0.2031,89.65,101.0806,0.4518,0.1962,0.36,72.79,34.16,37.25,28.1,41.05,9.0,7.51,36.21,88.69,0.3804,0.1547,32.07,12.8,12.8,12.8,T-Mobile Park,96,,,,No,No,3,Yes,Yes,RotoWire projected lineup; MLB probable pitchers,lineup projected / unconfirmed,H:2026/2025 P:2026/2025,,,Direct BvP not yet weighted; 2026/2025 Statcast baseline active,7,8,26,1,"Last 7 games: 8/26, 1 HR","same-side matchup; pitcher baseline 7.5% barrel, 12.8 HR allowed",neutral batted-ball profile; pitcher allows elevated contact,,
605137,Josh Bell,MIN,SEA,2026-08-01T02:10:00Z,Scheduled,4,Bryce Miller,682243,R,S,10.49,0.1695,90.05,100.9607,0.4472,0.1989,0.3317,72.26,28.08,41.08,26.36,44.13,15.7,7.51,36.21,88.69,0.3804,0.1547,32.07,12.8,12.8,12.8,T-Mobile Park,96,,,,No,No,4,Yes,Yes,RotoWire projected lineup; MLB probable pitchers,lineup projected / unconfirmed,H:2026/2025 P:2026/2025,,,Direct BvP not yet weighted; 2026/2025 Statcast baseline active,7,3,26,0,"Last 7 games: 3/26, 0 HR","switch hitter; pitcher baseline 7.5% barrel, 12.8 HR allowed",neutral batted-ball profile; pitcher allows elevated contact,,
668904,Royce Lewis,MIN,SEA,2026-08-01T02:10:00Z,Scheduled,5,Bryce Miller,682243,R,R,10.87,0.1622,89.59,100.7654,0.3923,0.1635,0.3047,74.44,48.14,47.07,30.57,41.56,10.9,7.51,36.21,88.69,0.3804,0.1547,32.07,12.8,12.8,12.8,T-Mobile Park,96,,,,No,No,5,Yes,Yes,RotoWire projected lineup; MLB probable pitchers,lineup projected / unconfirmed,H:2026/2025 P:2026/2025,,,Direct BvP not yet weighted; 2026/2025 Statcast baseline active,7,5,23,0,"Last 7 games: 5/23, 0 HR","same-side matchup; pitcher baseline 7.5% barrel, 12.8 HR allowed",neutral batted-ball profile; pitcher allows elevated contact,,
686797,Brooks Lee,MIN,SEA,2026-08-01T02:10:00Z,Scheduled,6,Bryce Miller,682243,R,S,4.4,0.1613,87.9,97.3637,0.3397,0.1134,0.2764,69.99,8.63,41.57,27.95,33.18,15.3,7.51,36.21,88.69,0.3804,0.1547,32.07,12.8,12.8,12.8,T-Mobile Park,96,,,,No,No,6,Yes,Yes,RotoWire projected lineup; MLB probable pitchers,lineup projected / unconfirmed,H:2026/2025 P:2026/2025,,,Direct BvP not yet weighted; 2026/2025 Statcast baseline active,7,2,24,0,"Last 7 games: 2/24, 0 HR","switch hitter; pitcher baseline 7.5% barrel, 12.8 HR allowed",neutral batted-ball profile; pitcher allows elevated contact,,
807712,Luke Keaschall,MIN,SEA,2026-08-01T02:10:00Z,Scheduled,7,Bryce Miller,682243,R,R,3.52,0.1003,85.22,96.6981,0.3458,0.1041,0.3072,68.64,7.73,38.54,25.92,29.66,4.0,7.51,36.21,88.69,0.3804,0.1547,32.07,12.8,12.8,12.8,T-Mobile Park,96,,,,No,No,7,Yes,Yes,RotoWire projected lineup; MLB probable pitchers,lineup projected / unconfirmed,H:2026/2025 P:2026/2025,,,Direct BvP not yet weighted; 2026/2025 Statcast baseline active,7,4,21,0,"Last 7 games: 4/21, 0 HR","same-side matchup; pitcher baseline 7.5% barrel, 12.8 HR allowed",neutral batted-ball profile; pitcher allows elevated contact,,
702176,Alan Roden,MIN,SEA,2026-08-01T02:10:00Z,Scheduled,8,Bryce Miller,682243,R,L,5.15,0.0309,89.27,98.7847,0.3351,0.1066,0.2851,70.45,13.0,32.06,23.34,43.0,0.6,7.51,36.21,88.69,0.3804,0.1547,32.07,12.8,12.8,12.8,T-Mobile Park,96,,,,No,No,8,Yes,Yes,RotoWire projected lineup; MLB probable pitchers,lineup projected / unconfirmed,H:2026/2025 P:2026/2025,,,Direct BvP not yet weighted; 2026/2025 Statcast baseline active,7,3,16,0,"Last 7 games: 3/16, 0 HR","platoon edge; pitcher baseline 7.5% barrel, 12.8 HR allowed",neutral batted-ball profile; pitcher allows elevated contact,,
668952,Ryan Kreidler,MIN,SEA,2026-08-01T02:10:00Z,Scheduled,9,Bryce Miller,682243,R,R,6.76,0.1197,88.27,99.2331,0.3516,0.1329,0.2794,73.24,33.21,44.91,26.83,34.06,3.5,7.51,36.21,88.69,0.3804,0.1547,32.07,12.8,12.8,12.8,T-Mobile Park,96,,,,No,No,9,Yes,Yes,RotoWire projected lineup; MLB probable pitchers,lineup projected / unconfirmed,H:2026/2025 P:2026/2025,,,Direct BvP not yet weighted; 2026/2025 Statcast baseline active,7,6,21,0,"Last 7 games: 6/21, 0 HR","same-side matchup; pitcher baseline 7.5% barrel, 12.8 HR allowed",neutral batted-ball profile; pitcher allows elevated contact,,
702284,Cole Young,SEA,MIN,2026-08-01T02:10:00Z,Scheduled,1,Zebby Matthews,805673,R,L,5.32,0.1318,88.37,99.0703,0.4033,0.1422,0.3222,71.51,22.0,42.54,27.64,36.56,10.3,11.37,37.96,89.69,0.4505,0.1921,28.01,14.1,14.1,14.1,T-Mobile Park,96,,,,No,No,1,Yes,Yes,RotoWire projected lineup; MLB probable pitchers,lineup projected / unconfirmed,H:2026/2025 P:2026/2025,,,Direct BvP not yet weighted; 2026/2025 Statcast baseline active,7,11,28,0,Contact streak: 11/28 over last 7 games,"platoon edge; pitcher baseline 11.4% barrel, 14.1 HR allowed",neutral batted-ball profile; pitcher fly-ball pressure modest,,
677594,Julio Rodriguez,SEA,MIN,2026-08-01T02:10:00Z,Scheduled,2,Zebby Matthews,805673,R,R,9.1,0.1769,90.54,102.8068,0.4706,0.1992,0.3454,76.61,66.57,37.93,26.61,44.5,20.8,11.37,37.96,89.69,0.4505,0.1921,28.01,14.1,14.1,14.1,T-Mobile Park,96,,,,No,No,2,Yes,Yes,RotoWire projected lineup; MLB probable pitchers,lineup projected / unconfirmed,H:2026/2025 P:2026/2025,,,Direct BvP not yet weighted; 2026/2025 Statcast baseline active,7,5,29,1,"Last 7 games: 5/29, 1 HR","same-side matchup; pitcher baseline 11.4% barrel, 14.1 HR allowed",neutral batted-ball profile; pitcher fly-ball pressure modest,,
686527,Dominic Canzone,SEA,MIN,2026-08-01T02:10:00Z,Scheduled,3,Zebby Matthews,805673,R,L,14.71,0.2398,92.3,103.0809,0.5281,0.2479,0.3753,74.22,44.16,41.23,27.07,48.58,15.9,11.37,37.96,89.69,0.4505,0.1921,28.01,14.1,14.1,14.1,T-Mobile Park,96,,,,No,No,3,Yes,Yes,RotoWire projected lineup; MLB probable pitchers,lineup projected / unconfirmed,H:2026/2025 P:2026/2025,,,Direct BvP not yet weighted; 2026/2025 Statcast baseline active,7,8,27,3,Hot streak: 3 HR in last 7 games,"platoon edge; pitcher baseline 11.4% barrel, 14.1 HR allowed",EV profile; pitcher fly-ball pressure modest,,
668227,Randy Arozarena,SEA,MIN,2026-08-01T02:10:00Z,Scheduled,4,Zebby Matthews,805673,R,R,9.05,0.174,91.09,101.0055,0.4219,0.1683,0.3438,71.32,24.73,33.14,22.77,44.79,17.2,11.37,37.96,89.69,0.4505,0.1921,28.01,14.1,14.1,14.1,T-Mobile Park,96,,,,No,No,4,Yes,Yes,RotoWire projected lineup; MLB probable pitchers,lineup projected / unconfirmed,H:2026/2025 P:2026/2025,,,Direct BvP not yet weighted; 2026/2025 Statcast baseline active,7,9,30,2,Hot streak: 2 HR in last 7 games,"same-side matchup; pitcher baseline 11.4% barrel, 14.1 HR allowed",neutral batted-ball profile; pitcher fly-ball pressure modest,,
647304,Josh Naylor,SEA,MIN,2026-08-01T02:10:00Z,Scheduled,5,Zebby Matthews,805673,R,L,5.23,0.118,88.08,99.1017,0.4059,0.1317,0.3252,70.34,11.4,41.71,23.62,38.05,11.6,11.37,37.96,89.69,0.4505,0.1921,28.01,14.1,14.1,14.1,T-Mobile Park,96,,,,No,No,5,Yes,Yes,RotoWire projected lineup; MLB probable pitchers,lineup projected / unconfirmed,H:2026/2025 P:2026/2025,,,Direct BvP not yet weighted; 2026/2025 Statcast baseline active,7,8,27,0,"Last 7 games: 8/27, 0 HR","platoon edge; pitcher baseline 11.4% barrel, 14.1 HR allowed",neutral batted-ball profile; pitcher fly-ball pressure modest,,
663728,Cal Raleigh,SEA,MIN,2026-08-01T02:10:00Z,Scheduled,6,Zebby Matthews,805673,R,S,14.04,0.2013,89.27,100.3255,0.4147,0.2222,0.3136,75.06,53.79,53.87,41.87,38.33,25.7,11.37,37.96,89.69,0.4505,0.1921,28.01,14.1,14.1,14.1,T-Mobile Park,96,,,,No,No,6,Yes,Yes,RotoWire projected lineup; MLB probable pitchers,lineup projected / unconfirmed,H:2026/2025 P:2026/2025,,,Direct BvP not yet weighted; 2026/2025 Statcast baseline active,7,4,24,1,"Last 7 games: 4/24, 1 HR","switch hitter; pitcher baseline 11.4% barrel, 14.1 HR allowed",fly-ball profile; pitcher fly-ball pressure modest,,
670042,Luke Raley,SEA,MIN,2026-08-01T02:10:00Z,Scheduled,7,Zebby Matthews,805673,R,L,14.17,0.1825,90.41,101.9319,0.4476,0.2085,0.333,74.85,51.44,46.29,27.21,45.66,11.7,11.37,37.96,89.69,0.4505,0.1921,28.01,14.1,14.1,14.1,T-Mobile Park,96,,,,No,No,7,Yes,Yes,RotoWire projected lineup; MLB probable pitchers,lineup projected / unconfirmed,H:2026/2025 P:2026/2025,,,Direct BvP not yet weighted; 2026/2025 Statcast baseline active,7,1,10,0,"Last 7 games: 1/10, 0 HR","platoon edge; pitcher baseline 11.4% barrel, 14.1 HR allowed",neutral batted-ball profile; pitcher fly-ball pressure modest,,
641487,J.P. Crawford,SEA,MIN,2026-08-01T02:10:00Z,Scheduled,8,Zebby Matthews,805673,R,L,5.95,0.1246,87.48,98.2679,0.3713,0.1235,0.3262,71.28,18.88,35.7,20.65,35.12,10.6,11.37,37.96,89.69,0.4505,0.1921,28.01,14.1,14.1,14.1,T-Mobile Park,96,,,,No,No,8,Yes,Yes,RotoWire projected lineup; MLB probable pitchers,lineup projected / unconfirmed,H:2026/2025 P:2026/2025,,,Direct BvP not yet weighted; 2026/2025 Statcast baseline active,7,3,20,0,"Last 7 games: 3/20, 0 HR","platoon edge; pitcher baseline 11.4% barrel, 14.1 HR allowed",neutral batted-ball profile; pitcher fly-ball pressure modest,,
806068,Colt Emerson,SEA,MIN,2026-08-01T02:10:00Z,Scheduled,9,Zebby Matthews,805673,R,L,5.0,0.157,86.1,96.5416,0.296,0.103,0.25,72.5,25.2,38.8,21.5,28.9,7.0,11.37,37.96,89.69,0.4505,0.1921,28.01,14.1,14.1,14.1,T-Mobile Park,96,,,,No,No,9,Yes,Yes,RotoWire projected lineup; MLB probable pitchers,lineup projected / unconfirmed,H:2026 P:2026/2025,,,Direct BvP not yet weighted; 2026/2025 Statcast baseline active,7,5,23,0,"Last 7 games: 5/23, 0 HR","platoon edge; pitcher baseline 11.4% barrel, 14.1 HR allowed",neutral batted-ball profile; pitcher fly-ball pressure modest,,
