hitter_id,player,team,opponent,game_start_time,game_status,batting_order,pitcher,pitcher_id,pitcher_hand,hitter_hand,barrel_pct,iso,avg_exit_velocity,ev50,xslg,xiso,xwoba,bat_speed,fast_swing_pct,pull_pct,fb_pct,hard_hit_pct,hr_total,pitcher_barrel_pct_allowed,pitcher_hard_hit_pct_allowed,pitcher_avg_exit_velocity_allowed,pitcher_xslg_allowed,pitcher_xiso_allowed,pitcher_fb_pct_allowed,pitcher_hr_allowed,pitcher_hr_allowed_vs_lhh,pitcher_hr_allowed_vs_rhh,ballpark,park_hr_factor,weather_temp,wind_speed,wind_direction,confirmed_lineup,rotowire_confirmed_lineup,rotowire_batting_order,rotowire_player_found,lineup_disagreement,lineup_sources_used,source_warnings,stat_years_used,bvp_pa,bvp_hr,bvp_note,recent_games,recent_hits,recent_abs,recent_hr,recent_form_note,split_matchup_note,pitch_mix_note,public_attention,odds
660670,Ronald Acuña Jr.,ATL,MIL,2026-08-21T20:10:00Z,Pre-Game,1,Jacob Misiorowski,694819,R,R,13.67,0.1979,90.81,102.7464,0.4979,0.2405,0.3746,76.12,63.02,36.58,28.51,47.6,15.4,4.61,34.77,87.39,0.2747,0.0989,25.92,11.5,11.5,11.5,American Family Field,100,72,0,None,Yes,Yes,1,Yes,No,MLB Stats API; RotoWire,,H:2026/2025 P:2026/2025,,,Direct BvP not yet weighted; 2026/2025 Statcast baseline active,7,5,29,1,"Last 7 games: 5/29, 1 HR","same-side matchup; pitcher baseline 4.6% barrel, 11.5 HR allowed",neutral batted-ball profile; pitcher fly-ball pressure modest,,
686948,Drake Baldwin,ATL,MIL,2026-08-21T20:10:00Z,Pre-Game,2,Jacob Misiorowski,694819,R,L,12.54,0.1824,91.77,102.3955,0.4968,0.2185,0.3684,75.23,55.18,32.15,24.62,51.42,20.4,4.61,34.77,87.39,0.2747,0.0989,25.92,11.5,11.5,11.5,American Family Field,100,72,0,None,Yes,Yes,2,Yes,No,MLB Stats API; RotoWire,,H:2026/2025 P:2026/2025,,,Direct BvP not yet weighted; 2026/2025 Statcast baseline active,7,7,29,1,"Last 7 games: 7/29, 1 HR","platoon edge; pitcher baseline 4.6% barrel, 11.5 HR allowed",neutral batted-ball profile; pitcher fly-ball pressure modest,,
621566,Matt Olson,ATL,MIL,2026-08-21T20:10:00Z,Pre-Game,3,Jacob Misiorowski,694819,R,L,15.31,0.2596,92.74,103.8216,0.5116,0.2629,0.3614,74.6,47.89,38.07,32.78,50.71,33.9,4.61,34.77,87.39,0.2747,0.0989,25.92,11.5,11.5,11.5,American Family Field,100,72,0,None,Yes,Yes,3,Yes,No,MLB Stats API; RotoWire,,H:2026/2025 P:2026/2025,,,Direct BvP not yet weighted; 2026/2025 Statcast baseline active,7,5,25,1,"Last 7 games: 5/25, 1 HR","platoon edge; pitcher baseline 4.6% barrel, 11.5 HR allowed",lift-pull EV profile; pitcher fly-ball pressure modest,,
671739,Michael Harris II,ATL,MIL,2026-08-21T20:10:00Z,Pre-Game,4,Jacob Misiorowski,694819,R,L,10.29,0.1838,90.48,103.289,0.466,0.1837,0.3346,74.79,47.54,36.43,22.21,47.18,20.0,4.61,34.77,87.39,0.2747,0.0989,25.92,11.5,11.5,11.5,American Family Field,100,72,0,None,Yes,Yes,4,Yes,No,MLB Stats API; RotoWire,,H:2026/2025 P:2026/2025,,,Direct BvP not yet weighted; 2026/2025 Statcast baseline active,7,8,26,0,"Last 7 games: 8/26, 0 HR","platoon edge; pitcher baseline 4.6% barrel, 11.5 HR allowed",neutral batted-ball profile; pitcher fly-ball pressure modest,,
645277,Ozzie Albies,ATL,MIL,2026-08-21T20:10:00Z,Pre-Game,5,Jacob Misiorowski,694819,R,S,4.48,0.1558,87.08,96.7177,0.3611,0.1265,0.2892,68.86,5.95,46.42,32.25,28.95,18.8,4.61,34.77,87.39,0.2747,0.0989,25.92,11.5,11.5,11.5,American Family Field,100,72,0,None,Yes,Yes,5,Yes,No,MLB Stats API; RotoWire,,H:2026/2025 P:2026/2025,,,Direct BvP not yet weighted; 2026/2025 Statcast baseline active,7,4,25,0,"Last 7 games: 4/25, 0 HR","switch hitter; pitcher baseline 4.6% barrel, 11.5 HR allowed",neutral batted-ball profile; pitcher fly-ball pressure modest,,
643289,Mauricio Dubón,ATL,MIL,2026-08-21T20:10:00Z,Pre-Game,6,Jacob Misiorowski,694819,R,R,3.23,0.1224,86.18,96.3926,0.3653,0.1036,0.2983,68.8,3.68,32.38,25.3,29.31,9.1,4.61,34.77,87.39,0.2747,0.0989,25.92,11.5,11.5,11.5,American Family Field,100,72,0,None,Yes,Yes,6,Yes,No,MLB Stats API; RotoWire,,H:2026/2025 P:2026/2025,,,Direct BvP not yet weighted; 2026/2025 Statcast baseline active,7,5,23,0,"Last 7 games: 5/23, 0 HR","same-side matchup; pitcher baseline 4.6% barrel, 11.5 HR allowed",neutral batted-ball profile; pitcher fly-ball pressure modest,,
642086,Dominic Smith,ATL,MIL,2026-08-21T20:10:00Z,Pre-Game,7,Jacob Misiorowski,694819,R,L,5.25,0.1281,87.77,97.8469,0.3847,0.1387,0.3032,68.5,5.43,37.42,28.61,33.89,7.1,4.61,34.77,87.39,0.2747,0.0989,25.92,11.5,11.5,11.5,American Family Field,100,72,0,None,Yes,Yes,7,Yes,No,MLB Stats API; RotoWire,,H:2026/2025 P:2026/2025,,,Direct BvP not yet weighted; 2026/2025 Statcast baseline active,7,2,13,0,"Last 7 games: 2/13, 0 HR","platoon edge; pitcher baseline 4.6% barrel, 11.5 HR allowed",neutral batted-ball profile; pitcher fly-ball pressure modest,,
663586,Austin Riley,ATL,MIL,2026-08-21T20:10:00Z,Pre-Game,8,Jacob Misiorowski,694819,R,R,13.24,0.1533,91.67,103.0254,0.4209,0.1977,0.3104,75.83,59.01,39.94,30.94,47.4,15.3,4.61,34.77,87.39,0.2747,0.0989,25.92,11.5,11.5,11.5,American Family Field,100,72,0,None,Yes,Yes,8,Yes,No,MLB Stats API; RotoWire,,H:2026/2025 P:2026/2025,,,Direct BvP not yet weighted; 2026/2025 Statcast baseline active,7,5,25,0,"Last 7 games: 5/25, 0 HR","same-side matchup; pitcher baseline 4.6% barrel, 11.5 HR allowed",neutral batted-ball profile; pitcher fly-ball pressure modest,,
573262,Mike Yastrzemski,ATL,MIL,2026-08-21T20:10:00Z,Pre-Game,9,Jacob Misiorowski,694819,R,L,7.59,0.163,90.66,99.7556,0.3833,0.1491,0.315,71.31,8.37,45.69,31.33,43.23,11.4,4.61,34.77,87.39,0.2747,0.0989,25.92,11.5,11.5,11.5,American Family Field,100,72,0,None,Yes,Yes,9,Yes,No,MLB Stats API; RotoWire,,H:2026/2025 P:2026/2025,,,Direct BvP not yet weighted; 2026/2025 Statcast baseline active,7,3,16,1,"Last 7 games: 3/16, 1 HR","platoon edge; pitcher baseline 4.6% barrel, 11.5 HR allowed",neutral batted-ball profile; pitcher fly-ball pressure modest,,
694192,Jackson Chourio,MIL,ATL,2026-08-21T20:10:00Z,Pre-Game,1,Chris Sale,519242,L,R,12.29,0.1902,91.26,101.9776,0.4631,0.2077,0.3315,74.25,43.89,30.52,28.43,45.8,18.2,5.81,34.77,87.62,0.327,0.1094,25.69,8.9,8.9,8.9,American Family Field,100,72,0,None,Yes,Yes,1,Yes,No,MLB Stats API; RotoWire,,H:2026/2025 P:2026/2025,,,Direct BvP not yet weighted; 2026/2025 Statcast baseline active,7,10,29,0,Contact streak: 10/29 over last 7 games,"platoon edge; pitcher baseline 5.8% barrel, 8.9 HR allowed",neutral batted-ball profile; pitcher fly-ball pressure modest,,
668930,Brice Turang,MIL,ATL,2026-08-21T20:10:00Z,Pre-Game,2,Chris Sale,519242,L,L,7.86,0.168,90.75,100.5055,0.4311,0.174,0.3406,70.18,12.99,27.44,24.41,44.11,16.6,5.81,34.77,87.62,0.327,0.1094,25.69,8.9,8.9,8.9,American Family Field,100,72,0,None,Yes,Yes,2,Yes,No,MLB Stats API; RotoWire,,H:2026/2025 P:2026/2025,,,Direct BvP not yet weighted; 2026/2025 Statcast baseline active,7,4,29,0,"Last 7 games: 4/29, 0 HR","same-side matchup; pitcher baseline 5.8% barrel, 8.9 HR allowed",neutral batted-ball profile; pitcher fly-ball pressure modest,,
661388,William Contreras,MIL,ATL,2026-08-21T20:10:00Z,Pre-Game,3,Chris Sale,519242,L,R,7.52,0.1285,90.4,101.5687,0.4238,0.1674,0.3329,73.27,35.18,36.46,24.43,45.0,13.5,5.81,34.77,87.62,0.327,0.1094,25.69,8.9,8.9,8.9,American Family Field,100,72,0,None,Yes,Yes,3,Yes,No,MLB Stats API; RotoWire,,H:2026/2025 P:2026/2025,,,Direct BvP not yet weighted; 2026/2025 Statcast baseline active,7,5,26,1,"Last 7 games: 5/26, 1 HR","platoon edge; pitcher baseline 5.8% barrel, 8.9 HR allowed",neutral batted-ball profile; pitcher fly-ball pressure modest,,
683734,Andrew Vaughn,MIL,ATL,2026-08-21T20:10:00Z,Pre-Game,4,Chris Sale,519242,L,R,7.66,0.1542,90.48,100.2913,0.4209,0.1493,0.3441,70.53,13.5,36.31,24.69,44.55,7.7,5.81,34.77,87.62,0.327,0.1094,25.69,8.9,8.9,8.9,American Family Field,100,72,0,None,Yes,Yes,4,Yes,No,MLB Stats API; RotoWire,,H:2026/2025 P:2026/2025,,,Direct BvP not yet weighted; 2026/2025 Statcast baseline active,7,7,22,0,"Last 7 games: 7/22, 0 HR","platoon edge; pitcher baseline 5.8% barrel, 8.9 HR allowed",neutral batted-ball profile; pitcher fly-ball pressure modest,,
641343,Jake Bauers,MIL,ATL,2026-08-21T20:10:00Z,Pre-Game,5,Chris Sale,519242,L,L,13.91,0.2095,92.4,103.1497,0.4738,0.2216,0.3666,76.57,70.56,40.27,30.68,51.13,17.5,5.81,34.77,87.62,0.327,0.1094,25.69,8.9,8.9,8.9,American Family Field,100,72,0,None,Yes,Yes,5,Yes,No,MLB Stats API; RotoWire,,H:2026/2025 P:2026/2025,,,Direct BvP not yet weighted; 2026/2025 Statcast baseline active,7,9,23,1,Contact streak: 9/23 over last 7 games,"same-side matchup; pitcher baseline 5.8% barrel, 8.9 HR allowed",lift-pull EV profile; pitcher fly-ball pressure modest,,
596142,Gary Sánchez,MIL,ATL,2026-08-21T20:10:00Z,Pre-Game,6,Chris Sale,519242,L,R,9.43,0.215,89.87,101.1769,0.4259,0.1936,0.3444,71.85,25.4,46.89,27.79,43.1,8.5,5.81,34.77,87.62,0.327,0.1094,25.69,8.9,8.9,8.9,American Family Field,100,72,0,None,Yes,Yes,6,Yes,No,MLB Stats API; RotoWire,,H:2026/2025 P:2026/2025,,,Direct BvP not yet weighted; 2026/2025 Statcast baseline active,7,4,21,1,"Last 7 games: 4/21, 1 HR","platoon edge; pitcher baseline 5.8% barrel, 8.9 HR allowed",neutral batted-ball profile; pitcher fly-ball pressure modest,,
687401,Joey Ortiz,MIL,ATL,2026-08-21T20:10:00Z,Pre-Game,7,Chris Sale,519242,L,R,3.98,0.1164,87.49,98.9441,0.3368,0.0953,0.2911,72.79,29.17,31.98,20.38,35.46,7.0,5.81,34.77,87.62,0.327,0.1094,25.69,8.9,8.9,8.9,American Family Field,100,72,0,None,Yes,Yes,7,Yes,No,MLB Stats API; RotoWire,,H:2026/2025 P:2026/2025,,,Direct BvP not yet weighted; 2026/2025 Statcast baseline active,7,9,25,2,Hot streak: 2 HR in last 7 games,"platoon edge; pitcher baseline 5.8% barrel, 8.9 HR allowed",neutral batted-ball profile; pitcher fly-ball pressure modest,,
806198,Cooper Pratt,MIL,ATL,2026-08-21T20:10:00Z,Pre-Game,8,Chris Sale,519242,L,R,3.7,0.093,87.7,96.9132,0.353,0.096,0.316,70.2,8.2,32.4,22.5,29.7,2.0,5.81,34.77,87.62,0.327,0.1094,25.69,8.9,8.9,8.9,American Family Field,100,72,0,None,Yes,Yes,8,Yes,No,MLB Stats API; RotoWire,,H:2026 P:2026/2025,,,Direct BvP not yet weighted; 2026/2025 Statcast baseline active,7,3,23,0,"Last 7 games: 3/23, 0 HR","platoon edge; pitcher baseline 5.8% barrel, 8.9 HR allowed",neutral batted-ball profile; pitcher fly-ball pressure modest,,
800325,Luis Lara,MIL,ATL,2026-08-21T20:10:00Z,Pre-Game,9,Chris Sale,519242,L,S,5.1,0.111,89.2,98.9977,0.363,0.093,0.318,71.4,17.2,32.9,19.0,43.0,1.0,5.81,34.77,87.62,0.327,0.1094,25.69,8.9,8.9,8.9,American Family Field,100,72,0,None,Yes,Yes,9,Yes,No,MLB Stats API; RotoWire,,H:2026 P:2026/2025,,,Direct BvP not yet weighted; 2026/2025 Statcast baseline active,7,6,26,1,"Last 7 games: 6/26, 1 HR","switch hitter; pitcher baseline 5.8% barrel, 8.9 HR allowed",neutral batted-ball profile; pitcher fly-ball pressure modest,,
802139,JJ Wetherholt,STL,PHI,2026-08-21T22:40:00Z,Scheduled,1,Jesús Luzardo,666200,L,L,7.2,0.13,89.8,99.3377,0.43,0.177,0.349,72.0,19.9,36.7,29.6,44.2,16.0,6.07,33.39,87.59,0.3193,0.106,22.29,13.2,13.2,13.2,Citizens Bank Park,112,,,,No,No,1,Yes,Yes,RotoWire projected lineup; MLB probable pitchers,lineup projected / unconfirmed,H:2026 P:2026/2025,,,Direct BvP not yet weighted; 2026/2025 Statcast baseline active,7,7,28,0,"Last 7 games: 7/28, 0 HR","same-side matchup; pitcher baseline 6.1% barrel, 13.2 HR allowed",neutral batted-ball profile; pitcher fly-ball pressure modest,,
671056,Ivan Herrera,STL,PHI,2026-08-21T22:40:00Z,Scheduled,2,Jesús Luzardo,666200,L,R,7.39,0.152,89.94,101.3825,0.414,0.1558,0.3465,73.88,42.79,37.59,19.66,42.87,15.5,6.07,33.39,87.59,0.3193,0.106,22.29,13.2,13.2,13.2,Citizens Bank Park,112,,,,No,No,2,Yes,Yes,RotoWire projected lineup; MLB probable pitchers,lineup projected / unconfirmed,H:2026/2025 P:2026/2025,,,Direct BvP not yet weighted; 2026/2025 Statcast baseline active,7,3,22,1,"Last 7 games: 3/22, 1 HR","platoon edge; pitcher baseline 6.1% barrel, 13.2 HR allowed",neutral batted-ball profile; pitcher fly-ball pressure modest,,
691023,Jordan Walker,STL,PHI,2026-08-21T22:40:00Z,Scheduled,3,Jesús Luzardo,666200,L,R,12.79,0.1799,92.58,104.6066,0.4505,0.1949,0.3333,78.87,82.84,37.82,24.4,48.67,20.0,6.07,33.39,87.59,0.3193,0.106,22.29,13.2,13.2,13.2,Citizens Bank Park,112,,,,No,No,3,Yes,Yes,RotoWire projected lineup; MLB probable pitchers,lineup projected / unconfirmed,H:2026/2025 P:2026/2025,,,Direct BvP not yet weighted; 2026/2025 Statcast baseline active,7,11,29,3,Hot streak: 3 HR in last 7 games,"platoon edge; pitcher baseline 6.1% barrel, 13.2 HR allowed",EV profile; pitcher fly-ball pressure modest,,
676475,Alec Burleson,STL,PHI,2026-08-21T22:40:00Z,Scheduled,4,Jesús Luzardo,666200,L,L,10.9,0.1914,91.77,101.9919,0.5179,0.2284,0.373,73.21,33.58,43.96,27.68,47.48,20.1,6.07,33.39,87.59,0.3193,0.106,22.29,13.2,13.2,13.2,Citizens Bank Park,112,,,,No,No,4,Yes,Yes,RotoWire projected lineup; MLB probable pitchers,lineup projected / unconfirmed,H:2026/2025 P:2026/2025,,,Direct BvP not yet weighted; 2026/2025 Statcast baseline active,7,10,29,2,Hot streak: 2 HR in last 7 games,"same-side matchup; pitcher baseline 6.1% barrel, 13.2 HR allowed",neutral batted-ball profile; pitcher fly-ball pressure modest,,
695491,Joshua Baez,STL,PHI,2026-08-21T22:40:00Z,Scheduled,5,Jesús Luzardo,666200,L,R,22.2,0.36,96.6,104.5891,0.612,0.35,0.398,78.6,86.0,33.3,38.9,61.1,3.0,6.07,33.39,87.59,0.3193,0.106,22.29,13.2,13.2,13.2,Citizens Bank Park,112,,,,No,No,5,Yes,Yes,RotoWire projected lineup; MLB probable pitchers,lineup projected / unconfirmed,H:2026 P:2026/2025,,,Direct BvP not yet weighted; 2026/2025 Statcast baseline active,7,4,25,3,Hot streak: 3 HR in last 7 games,"platoon edge; pitcher baseline 6.1% barrel, 13.2 HR allowed",EV profile; pitcher fly-ball pressure modest,,
691458,Blaze Jordan,STL,PHI,2026-08-21T22:40:00Z,Scheduled,6,Jesús Luzardo,666200,L,R,9.0,0.124,88.7,99.9166,0.413,0.15,0.312,72.8,27.7,39.7,19.9,43.8,2.0,6.07,33.39,87.59,0.3193,0.106,22.29,13.2,13.2,13.2,Citizens Bank Park,112,,,,No,No,6,Yes,Yes,RotoWire projected lineup; MLB probable pitchers,lineup projected / unconfirmed,H:2026 P:2026/2025,,,Direct BvP not yet weighted; 2026/2025 Statcast baseline active,7,6,27,1,"Last 7 games: 6/27, 1 HR","platoon edge; pitcher baseline 6.1% barrel, 13.2 HR allowed",neutral batted-ball profile; pitcher fly-ball pressure modest,,
691026,Masyn Winn,STL,PHI,2026-08-21T22:40:00Z,Scheduled,7,Jesús Luzardo,666200,L,R,3.96,0.0946,88.23,98.6634,0.3372,0.0916,0.2958,71.31,16.47,31.97,21.6,34.88,6.2,6.07,33.39,87.59,0.3193,0.106,22.29,13.2,13.2,13.2,Citizens Bank Park,112,,,,No,No,7,Yes,Yes,RotoWire projected lineup; MLB probable pitchers,lineup projected / unconfirmed,H:2026/2025 P:2026/2025,,,Direct BvP not yet weighted; 2026/2025 Statcast baseline active,7,5,25,1,"Last 7 games: 5/25, 1 HR","platoon edge; pitcher baseline 6.1% barrel, 13.2 HR allowed",neutral batted-ball profile; pitcher fly-ball pressure modest,,
677592,Everson Pereira,STL,PHI,2026-08-21T22:40:00Z,Scheduled,8,Jesús Luzardo,666200,L,R,11.68,0.1794,89.1,100.3309,0.3733,0.1808,0.2805,74.34,43.87,41.47,26.98,42.6,4.1,6.07,33.39,87.59,0.3193,0.106,22.29,13.2,13.2,13.2,Citizens Bank Park,112,,,,No,No,8,Yes,Yes,RotoWire projected lineup; MLB probable pitchers,lineup projected / unconfirmed,H:2026/2025 P:2026/2025,,,Direct BvP not yet weighted; 2026/2025 Statcast baseline active,7,3,10,0,"Last 7 games: 3/10, 0 HR","platoon edge; pitcher baseline 6.1% barrel, 13.2 HR allowed",neutral batted-ball profile; pitcher fly-ball pressure modest,,
686780,Pedro Pages,STL,PHI,2026-08-21T22:40:00Z,Scheduled,9,Jesús Luzardo,666200,L,R,5.65,0.1148,86.88,99.2773,0.3372,0.1229,0.2653,72.67,25.2,35.78,26.92,37.13,6.1,6.07,33.39,87.59,0.3193,0.106,22.29,13.2,13.2,13.2,Citizens Bank Park,112,,,,No,No,9,Yes,Yes,RotoWire projected lineup; MLB probable pitchers,lineup projected / unconfirmed,H:2026/2025 P:2026/2025,,,Direct BvP not yet weighted; 2026/2025 Statcast baseline active,7,4,15,0,"Last 7 games: 4/15, 0 HR","platoon edge; pitcher baseline 6.1% barrel, 13.2 HR allowed",neutral batted-ball profile; pitcher fly-ball pressure modest,,
656941,Kyle Schwarber,PHI,STL,2026-08-21T22:40:00Z,Scheduled,1,,,,L,18.28,0.2943,93.25,104.2787,0.518,0.2784,0.3758,77.16,75.0,54.98,33.81,53.93,42.7,,,,,,,,,,Citizens Bank Park,112,,,,No,No,1,Yes,Yes,RotoWire projected lineup; MLB probable pitchers,lineup projected / unconfirmed,H:2026/2025 P:,,,Direct BvP not yet weighted; 2026/2025 Statcast baseline active,7,5,31,2,Hot streak: 2 HR in last 7 games,"handedness incomplete; pitcher baseline 0.0% barrel, 0.0 HR allowed",lift-pull EV profile; pitcher fly-ball pressure modest,,
607208,Trea Turner,PHI,STL,2026-08-21T22:40:00Z,Scheduled,2,,,,R,6.08,0.1495,88.74,99.4138,0.3841,0.1288,0.3049,71.52,19.0,35.24,24.85,40.63,16.4,,,,,,,,,,Citizens Bank Park,112,,,,No,No,2,Yes,Yes,RotoWire projected lineup; MLB probable pitchers,lineup projected / unconfirmed,H:2026/2025 P:,,,Direct BvP not yet weighted; 2026/2025 Statcast baseline active,7,6,25,0,"Last 7 games: 6/25, 0 HR","handedness incomplete; pitcher baseline 0.0% barrel, 0.0 HR allowed",neutral batted-ball profile; pitcher fly-ball pressure modest,,
547180,Bryce Harper,PHI,STL,2026-08-21T22:40:00Z,Scheduled,3,,,,L,11.25,0.2302,90.53,101.917,0.4976,0.2261,0.3841,74.17,45.57,37.49,27.8,45.54,25.6,,,,,,,,,,Citizens Bank Park,112,,,,No,No,3,Yes,Yes,RotoWire projected lineup; MLB probable pitchers,lineup projected / unconfirmed,H:2026/2025 P:,,,Direct BvP not yet weighted; 2026/2025 Statcast baseline active,7,9,23,0,Contact streak: 9/23 over last 7 games,"handedness incomplete; pitcher baseline 0.0% barrel, 0.0 HR allowed",neutral batted-ball profile; pitcher fly-ball pressure modest,,
650333,Luis Arraez,PHI,STL,2026-08-21T22:40:00Z,Scheduled,4,,,,L,1.03,0.1147,86.52,93.9595,0.3728,0.0851,0.3051,62.99,0.12,30.38,28.45,18.8,6.6,,,,,,,,,,Citizens Bank Park,112,,,,No,No,4,Yes,Yes,RotoWire projected lineup; MLB probable pitchers,lineup projected / unconfirmed,H:2026/2025 P:,,,Direct BvP not yet weighted; 2026/2025 Statcast baseline active,7,12,30,1,Contact streak: 12/30 over last 7 games,"handedness incomplete; pitcher baseline 0.0% barrel, 0.0 HR allowed",neutral batted-ball profile; pitcher fly-ball pressure modest,,
664761,Alec Bohm,PHI,STL,2026-08-21T22:40:00Z,Scheduled,5,,,,R,5.78,0.1346,90.59,100.2541,0.406,0.1432,0.3191,71.14,14.14,28.63,22.37,43.46,13.1,,,,,,,,,,Citizens Bank Park,112,,,,No,No,5,Yes,Yes,RotoWire projected lineup; MLB probable pitchers,lineup projected / unconfirmed,H:2026/2025 P:,,,Direct BvP not yet weighted; 2026/2025 Statcast baseline active,7,13,29,1,Contact streak: 13/29 over last 7 games,"handedness incomplete; pitcher baseline 0.0% barrel, 0.0 HR allowed",neutral batted-ball profile; pitcher fly-ball pressure modest,,
681082,Bryson Stott,PHI,STL,2026-08-21T22:40:00Z,Scheduled,6,,,,L,5.73,0.1452,88.86,98.5101,0.4007,0.1369,0.327,69.72,6.75,34.31,27.73,35.94,10.2,,,,,,,,,,Citizens Bank Park,112,,,,No,No,6,Yes,Yes,RotoWire projected lineup; MLB probable pitchers,lineup projected / unconfirmed,H:2026/2025 P:,,,Direct BvP not yet weighted; 2026/2025 Statcast baseline active,7,6,27,1,"Last 7 games: 6/27, 1 HR","handedness incomplete; pitcher baseline 0.0% barrel, 0.0 HR allowed",neutral batted-ball profile; pitcher fly-ball pressure modest,,
669016,Brandon Marsh,PHI,STL,2026-08-21T22:40:00Z,Scheduled,7,,,,L,8.47,0.1623,89.98,100.3009,0.4236,0.1613,0.3181,71.54,15.93,38.05,26.31,45.56,15.2,,,,,,,,,,Citizens Bank Park,112,,,,No,No,7,Yes,Yes,RotoWire projected lineup; MLB probable pitchers,lineup projected / unconfirmed,H:2026/2025 P:,,,Direct BvP not yet weighted; 2026/2025 Statcast baseline active,7,6,22,1,"Last 7 games: 6/22, 1 HR","handedness incomplete; pitcher baseline 0.0% barrel, 0.0 HR allowed",neutral batted-ball profile; pitcher fly-ball pressure modest,,
592663,J.T. Realmuto,PHI,STL,2026-08-21T22:40:00Z,Scheduled,8,,,,R,5.79,0.1221,89.79,100.1876,0.3921,0.137,0.3181,72.84,32.15,40.76,25.66,41.93,9.2,,,,,,,,,,Citizens Bank Park,112,,,,No,No,8,Yes,Yes,RotoWire projected lineup; MLB probable pitchers,lineup projected / unconfirmed,H:2026/2025 P:,,,Direct BvP not yet weighted; 2026/2025 Statcast baseline active,7,2,23,0,"Last 7 games: 2/23, 0 HR","handedness incomplete; pitcher baseline 0.0% barrel, 0.0 HR allowed",neutral batted-ball profile; pitcher fly-ball pressure modest,,
702222,Justin Crawford,PHI,STL,2026-08-21T22:40:00Z,Scheduled,9,,,,L,1.4,0.09,87.0,98.148,0.32,0.063,0.281,69.1,5.7,27.0,17.0,34.8,2.0,,,,,,,,,,Citizens Bank Park,112,,,,No,No,9,Yes,Yes,RotoWire projected lineup; MLB probable pitchers,lineup projected / unconfirmed,H:2026 P:,,,Direct BvP not yet weighted; 2026/2025 Statcast baseline active,7,7,18,0,Contact streak: 7/18 over last 7 games,"handedness incomplete; pitcher baseline 0.0% barrel, 0.0 HR allowed",neutral batted-ball profile; pitcher fly-ball pressure modest,,
703520,Brett Bateman,TOR,NYY,2026-08-21T23:05:00Z,Scheduled,1,Cam Schlittler,693645,R,L,0.0,0.042,82.7,92.5928,0.301,0.055,0.267,68.1,1.5,28.9,7.9,13.2,0.0,8.13,40.13,88.58,0.3532,0.1372,27.02,12.2,12.2,12.2,Yankee Stadium,119,,,,No,No,1,Yes,Yes,RotoWire projected lineup; MLB probable pitchers,lineup projected / unconfirmed,H:2026 P:2026/2025,,,Direct BvP not yet weighted; 2026/2025 Statcast baseline active,7,9,30,0,"Last 7 games: 9/30, 0 HR","platoon edge; pitcher baseline 8.1% barrel, 12.2 HR allowed",neutral batted-ball profile; pitcher fly-ball pressure modest,,
664770,Nathan Lukes,TOR,NYY,2026-08-21T23:05:00Z,Scheduled,2,Cam Schlittler,693645,R,L,2.49,0.1191,87.13,96.7058,0.3486,0.0938,0.2933,67.23,3.9,33.31,20.67,29.79,8.5,8.13,40.13,88.58,0.3532,0.1372,27.02,12.2,12.2,12.2,Yankee Stadium,119,,,,No,No,2,Yes,Yes,RotoWire projected lineup; MLB probable pitchers,lineup projected / unconfirmed,H:2026/2025 P:2026/2025,,,Direct BvP not yet weighted; 2026/2025 Statcast baseline active,7,4,24,1,"Last 7 games: 4/24, 1 HR","platoon edge; pitcher baseline 8.1% barrel, 12.2 HR allowed",neutral batted-ball profile; pitcher fly-ball pressure modest,,
543807,George Springer,TOR,NYY,2026-08-21T23:05:00Z,Scheduled,3,Cam Schlittler,693645,R,R,9.48,0.1824,88.67,100.034,0.4296,0.1813,0.3326,73.24,34.88,40.74,26.58,40.6,18.0,8.13,40.13,88.58,0.3532,0.1372,27.02,12.2,12.2,12.2,Yankee Stadium,119,,,,No,No,3,Yes,Yes,RotoWire projected lineup; MLB probable pitchers,lineup projected / unconfirmed,H:2026/2025 P:2026/2025,,,Direct BvP not yet weighted; 2026/2025 Statcast baseline active,7,5,21,0,"Last 7 games: 5/21, 0 HR","same-side matchup; pitcher baseline 8.1% barrel, 12.2 HR allowed",neutral batted-ball profile; pitcher fly-ball pressure modest,,
672386,Alejandro Kirk,TOR,NYY,2026-08-21T23:05:00Z,Scheduled,4,Cam Schlittler,693645,R,R,5.62,0.146,88.72,99.9598,0.4023,0.1358,0.3226,71.87,20.0,26.7,21.97,41.35,9.4,8.13,40.13,88.58,0.3532,0.1372,27.02,12.2,12.2,12.2,Yankee Stadium,119,,,,No,No,4,Yes,Yes,RotoWire projected lineup; MLB probable pitchers,lineup projected / unconfirmed,H:2026/2025 P:2026/2025,,,Direct BvP not yet weighted; 2026/2025 Statcast baseline active,7,11,28,3,Hot streak: 3 HR in last 7 games,"same-side matchup; pitcher baseline 8.1% barrel, 12.2 HR allowed",neutral batted-ball profile; pitcher fly-ball pressure modest,,
660821,Jesus Sanchez,TOR,NYY,2026-08-21T23:05:00Z,Scheduled,5,Cam Schlittler,693645,R,L,11.24,0.1615,91.02,102.0581,0.4396,0.1832,0.3286,74.19,47.68,34.38,25.77,45.22,9.8,8.13,40.13,88.58,0.3532,0.1372,27.02,12.2,12.2,12.2,Yankee Stadium,119,,,,No,No,5,Yes,Yes,RotoWire projected lineup; MLB probable pitchers,lineup projected / unconfirmed,H:2026/2025 P:2026/2025,,,Direct BvP not yet weighted; 2026/2025 Statcast baseline active,7,1,14,0,"Last 7 games: 1/14, 0 HR","platoon edge; pitcher baseline 8.1% barrel, 12.2 HR allowed",neutral batted-ball profile; pitcher fly-ball pressure modest,,
672960,Kazuma Okamoto,TOR,NYY,2026-08-21T23:05:00Z,Scheduled,6,Cam Schlittler,693645,R,R,12.5,0.21,90.5,101.4905,0.426,0.209,0.313,73.1,34.6,50.3,32.6,43.8,26.0,8.13,40.13,88.58,0.3532,0.1372,27.02,12.2,12.2,12.2,Yankee Stadium,119,,,,No,No,6,Yes,Yes,RotoWire projected lineup; MLB probable pitchers,lineup projected / unconfirmed,H:2026 P:2026/2025,,,Direct BvP not yet weighted; 2026/2025 Statcast baseline active,7,7,27,2,Hot streak: 2 HR in last 7 games,"same-side matchup; pitcher baseline 8.1% barrel, 12.2 HR allowed",neutral batted-ball profile; pitcher fly-ball pressure modest,,
665926,Andres Gimenez,TOR,NYY,2026-08-21T23:05:00Z,Scheduled,7,Cam Schlittler,693645,R,L,3.14,0.1121,85.74,95.7821,0.3316,0.095,0.2786,68.46,5.14,38.45,23.44,24.55,7.7,8.13,40.13,88.58,0.3532,0.1372,27.02,12.2,12.2,12.2,Yankee Stadium,119,,,,No,No,7,Yes,Yes,RotoWire projected lineup; MLB probable pitchers,lineup projected / unconfirmed,H:2026/2025 P:2026/2025,,,Direct BvP not yet weighted; 2026/2025 Statcast baseline active,7,6,25,0,"Last 7 games: 6/25, 0 HR","platoon edge; pitcher baseline 8.1% barrel, 12.2 HR allowed",neutral batted-ball profile; pitcher fly-ball pressure modest,,
676391,Ernie Clement,TOR,NYY,2026-08-21T23:05:00Z,Scheduled,8,Cam Schlittler,693645,R,R,2.33,0.1203,85.2,94.7512,0.3408,0.0874,0.2757,67.46,2.75,41.71,27.76,22.15,9.0,8.13,40.13,88.58,0.3532,0.1372,27.02,12.2,12.2,12.2,Yankee Stadium,119,,,,No,No,8,Yes,Yes,RotoWire projected lineup; MLB probable pitchers,lineup projected / unconfirmed,H:2026/2025 P:2026/2025,,,Direct BvP not yet weighted; 2026/2025 Statcast baseline active,7,8,22,0,Contact streak: 8/22 over last 7 games,"same-side matchup; pitcher baseline 8.1% barrel, 12.2 HR allowed",neutral batted-ball profile; pitcher fly-ball pressure modest,,
807727,Charles McAdoo,TOR,NYY,2026-08-21T23:05:00Z,Scheduled,9,Cam Schlittler,693645,R,R,7.7,0.151,86.3,97.5135,0.374,0.129,0.286,73.3,34.8,10.3,20.5,33.3,2.0,8.13,40.13,88.58,0.3532,0.1372,27.02,12.2,12.2,12.2,Yankee Stadium,119,,,,No,No,9,Yes,Yes,RotoWire projected lineup; MLB probable pitchers,lineup projected / unconfirmed,H:2026 P:2026/2025,,,Direct BvP not yet weighted; 2026/2025 Statcast baseline active,7,10,24,0,Contact streak: 10/24 over last 7 games,"same-side matchup; pitcher baseline 8.1% barrel, 12.2 HR allowed",neutral batted-ball profile; pitcher fly-ball pressure modest,,
663757,Trent Grisham,NYY,TOR,2026-08-21T23:05:00Z,Scheduled,1,Mason Fluharty,689254,L,L,11.19,0.2066,90.89,100.925,0.4574,0.208,0.349,70.79,8.88,46.82,30.91,46.12,22.1,7.43,32.61,86.32,0.3248,0.131,31.71,6.0,6.0,6.0,Yankee Stadium,119,,,,No,No,1,Yes,Yes,RotoWire projected lineup; MLB probable pitchers,lineup projected / unconfirmed,H:2026/2025 P:2026/2025,,,Direct BvP not yet weighted; 2026/2025 Statcast baseline active,7,7,27,2,Hot streak: 2 HR in last 7 games,"same-side matchup; pitcher baseline 7.4% barrel, 6.0 HR allowed",neutral batted-ball profile; pitcher allows elevated contact,,
700250,Ben Rice,NYY,TOR,2026-08-21T23:05:00Z,Scheduled,2,Mason Fluharty,689254,L,L,15.12,0.2699,92.6,102.6406,0.5222,0.2541,0.3777,72.91,28.22,45.94,30.46,51.2,31.6,7.43,32.61,86.32,0.3248,0.131,31.71,6.0,6.0,6.0,Yankee Stadium,119,,,,No,No,2,Yes,Yes,RotoWire projected lineup; MLB probable pitchers,lineup projected / unconfirmed,H:2026/2025 P:2026/2025,,,Direct BvP not yet weighted; 2026/2025 Statcast baseline active,7,4,28,2,Hot streak: 2 HR in last 7 games,"same-side matchup; pitcher baseline 7.4% barrel, 6.0 HR allowed",lift-pull EV profile; pitcher allows elevated contact,,
671277,Luis Garcia,NYY,TOR,2026-08-21T23:05:00Z,Scheduled,3,Mason Fluharty,689254,L,L,11.17,0.2314,91.18,101.8604,0.4903,0.2058,0.346,73.66,38.99,40.66,22.68,46.08,22.3,7.43,32.61,86.32,0.3248,0.131,31.71,6.0,6.0,6.0,Yankee Stadium,119,,,,No,No,3,Yes,Yes,RotoWire projected lineup; MLB probable pitchers,lineup projected / unconfirmed,H:2026/2025 P:2026/2025,,,Direct BvP not yet weighted; 2026/2025 Statcast baseline active,7,8,28,1,"Last 7 games: 8/28, 1 HR","same-side matchup; pitcher baseline 7.4% barrel, 6.0 HR allowed",neutral batted-ball profile; pitcher allows elevated contact,,
671218,Heliot Ramos,NYY,TOR,2026-08-21T23:05:00Z,Scheduled,4,Mason Fluharty,689254,L,R,12.16,0.1475,92.01,102.8731,0.4324,0.1799,0.3221,72.92,31.21,33.17,22.32,48.31,12.6,7.43,32.61,86.32,0.3248,0.131,31.71,6.0,6.0,6.0,Yankee Stadium,119,,,,No,No,4,Yes,Yes,RotoWire projected lineup; MLB probable pitchers,lineup projected / unconfirmed,H:2026/2025 P:2026/2025,,,Direct BvP not yet weighted; 2026/2025 Statcast baseline active,7,3,22,0,"Last 7 games: 3/22, 0 HR","platoon edge; pitcher baseline 7.4% barrel, 6.0 HR allowed",EV profile; pitcher allows elevated contact,,
665862,Jazz Chisholm,NYY,TOR,2026-08-21T23:05:00Z,Scheduled,5,Mason Fluharty,689254,L,L,10.94,0.1921,90.26,100.489,0.3991,0.1826,0.3054,73.41,34.63,52.47,30.26,42.6,21.2,7.43,32.61,86.32,0.3248,0.131,31.71,6.0,6.0,6.0,Yankee Stadium,119,,,,No,No,5,Yes,Yes,RotoWire projected lineup; MLB probable pitchers,lineup projected / unconfirmed,H:2026/2025 P:2026/2025,,,Direct BvP not yet weighted; 2026/2025 Statcast baseline active,7,4,22,0,"Last 7 games: 4/22, 0 HR","same-side matchup; pitcher baseline 7.4% barrel, 6.0 HR allowed",neutral batted-ball profile; pitcher allows elevated contact,,
682987,Spencer Jones,NYY,TOR,2026-08-21T23:05:00Z,Scheduled,6,Mason Fluharty,689254,L,L,14.6,0.18,94.7,103.9459,0.442,0.215,0.323,77.5,76.6,28.1,37.1,59.1,6.0,7.43,32.61,86.32,0.3248,0.131,31.71,6.0,6.0,6.0,Yankee Stadium,119,,,,No,No,6,Yes,Yes,RotoWire projected lineup; MLB probable pitchers,lineup projected / unconfirmed,H:2026 P:2026/2025,,,Direct BvP not yet weighted; 2026/2025 Statcast baseline active,7,7,26,1,"Last 7 games: 7/26, 1 HR","same-side matchup; pitcher baseline 7.4% barrel, 6.0 HR allowed",EV profile; pitcher allows elevated contact,,
641857,Ryan McMahon,NYY,TOR,2026-08-21T23:05:00Z,Scheduled,7,Mason Fluharty,689254,L,L,10.42,0.1558,91.76,102.1731,0.4022,0.1723,0.3094,74.42,46.2,40.43,32.03,49.03,13.0,7.43,32.61,86.32,0.3248,0.131,31.71,6.0,6.0,6.0,Yankee Stadium,119,,,,No,No,7,Yes,Yes,RotoWire projected lineup; MLB probable pitchers,lineup projected / unconfirmed,H:2026/2025 P:2026/2025,,,Direct BvP not yet weighted; 2026/2025 Statcast baseline active,7,4,18,0,"Last 7 games: 4/18, 0 HR","same-side matchup; pitcher baseline 7.4% barrel, 6.0 HR allowed",neutral batted-ball profile; pitcher allows elevated contact,,
806146,George Lombard,NYY,TOR,2026-08-21T23:05:00Z,Scheduled,8,Mason Fluharty,689254,L,R,8.6,0.146,84.3,97.5738,0.375,0.112,0.316,71.4,18.7,33.3,22.2,36.1,2.0,7.43,32.61,86.32,0.3248,0.131,31.71,6.0,6.0,6.0,Yankee Stadium,119,,,,No,No,8,Yes,Yes,RotoWire projected lineup; MLB probable pitchers,lineup projected / unconfirmed,H:2026 P:2026/2025,,,Direct BvP not yet weighted; 2026/2025 Statcast baseline active,7,6,23,0,"Last 7 games: 6/23, 0 HR","platoon edge; pitcher baseline 7.4% barrel, 6.0 HR allowed",neutral batted-ball profile; pitcher allows elevated contact,,
669224,Austin Wells,NYY,TOR,2026-08-21T23:05:00Z,Scheduled,9,Mason Fluharty,689254,L,L,7.68,0.147,89.41,100.5833,0.3724,0.1591,0.2933,72.98,27.32,46.52,32.65,43.38,11.9,7.43,32.61,86.32,0.3248,0.131,31.71,6.0,6.0,6.0,Yankee Stadium,119,,,,No,No,9,Yes,Yes,RotoWire projected lineup; MLB probable pitchers,lineup projected / unconfirmed,H:2026/2025 P:2026/2025,,,Direct BvP not yet weighted; 2026/2025 Statcast baseline active,7,2,17,0,"Last 7 games: 2/17, 0 HR","same-side matchup; pitcher baseline 7.4% barrel, 6.0 HR allowed",neutral batted-ball profile; pitcher allows elevated contact,,
808982,Jung Hoo Lee,SF,BOS,2026-08-21T23:10:00Z,Scheduled,1,Sonny Gray,543243,R,L,2.86,0.1403,87.03,96.6229,0.3815,0.0968,0.3147,68.3,3.33,37.62,22.94,29.97,8.7,7.21,38.39,88.97,0.381,0.1341,22.99,16.6,16.6,16.6,Fenway Park,102,,,,No,No,1,Yes,Yes,RotoWire projected lineup; MLB probable pitchers,lineup projected / unconfirmed,H:2026/2025 P:2026/2025,,,Direct BvP not yet weighted; 2026/2025 Statcast baseline active,7,6,29,0,"Last 7 games: 6/29, 0 HR","platoon edge; pitcher baseline 7.2% barrel, 16.6 HR allowed",neutral batted-ball profile; pitcher fly-ball pressure modest,,
642715,Willy Adames,SF,BOS,2026-08-21T23:10:00Z,Scheduled,2,Sonny Gray,543243,R,R,9.73,0.1932,87.71,99.0043,0.3986,0.1774,0.3025,72.21,23.97,47.84,34.06,39.72,23.0,7.21,38.39,88.97,0.381,0.1341,22.99,16.6,16.6,16.6,Fenway Park,102,,,,No,No,2,Yes,Yes,RotoWire projected lineup; MLB probable pitchers,lineup projected / unconfirmed,H:2026/2025 P:2026/2025,,,Direct BvP not yet weighted; 2026/2025 Statcast baseline active,7,9,24,1,Contact streak: 9/24 over last 7 games,"same-side matchup; pitcher baseline 7.2% barrel, 16.6 HR allowed",neutral batted-ball profile; pitcher fly-ball pressure modest,,
805811,Bryce Eldridge,SF,BOS,2026-08-21T23:10:00Z,Scheduled,3,Sonny Gray,543243,R,L,15.97,0.1553,93.22,103.2083,0.4764,0.2505,0.3538,73.07,28.99,38.2,37.89,56.62,9.8,7.21,38.39,88.97,0.381,0.1341,22.99,16.6,16.6,16.6,Fenway Park,102,,,,No,No,3,Yes,Yes,RotoWire projected lineup; MLB probable pitchers,lineup projected / unconfirmed,H:2026/2025 P:2026/2025,,,Direct BvP not yet weighted; 2026/2025 Statcast baseline active,7,6,25,2,Hot streak: 2 HR in last 7 games,"platoon edge; pitcher baseline 7.2% barrel, 16.6 HR allowed",lift-pull EV profile; pitcher fly-ball pressure modest,,
646240,Rafael Devers,SF,BOS,2026-08-21T23:10:00Z,Scheduled,4,Sonny Gray,543243,R,L,12.22,0.2263,92.87,103.0661,0.452,0.2182,0.3355,71.74,20.44,34.05,33.6,52.46,28.0,7.21,38.39,88.97,0.381,0.1341,22.99,16.6,16.6,16.6,Fenway Park,102,,,,No,No,4,Yes,Yes,RotoWire projected lineup; MLB probable pitchers,lineup projected / unconfirmed,H:2026/2025 P:2026/2025,,,Direct BvP not yet weighted; 2026/2025 Statcast baseline active,7,6,28,1,"Last 7 games: 6/28, 1 HR","platoon edge; pitcher baseline 7.2% barrel, 16.6 HR allowed",EV profile; pitcher fly-ball pressure modest,,
682674,Victor Bericoto,SF,BOS,2026-08-21T23:10:00Z,Scheduled,5,Sonny Gray,543243,R,R,14.0,0.19,90.5,100.7405,0.458,0.239,0.289,74.7,52.3,38.6,28.1,50.9,4.0,7.21,38.39,88.97,0.381,0.1341,22.99,16.6,16.6,16.6,Fenway Park,102,,,,No,No,5,Yes,Yes,RotoWire projected lineup; MLB probable pitchers,lineup projected / unconfirmed,H:2026 P:2026/2025,,,Direct BvP not yet weighted; 2026/2025 Statcast baseline active,7,3,24,0,"Last 7 games: 3/24, 0 HR","same-side matchup; pitcher baseline 7.2% barrel, 16.6 HR allowed",neutral batted-ball profile; pitcher fly-ball pressure modest,,
687551,Drew Gilbert,SF,BOS,2026-08-21T23:10:00Z,Scheduled,6,Sonny Gray,543243,R,L,4.41,0.1369,86.32,97.7642,0.3605,0.1174,0.3029,70.59,10.48,40.42,20.04,34.61,5.1,7.21,38.39,88.97,0.381,0.1341,22.99,16.6,16.6,16.6,Fenway Park,102,,,,No,No,6,Yes,Yes,RotoWire projected lineup; MLB probable pitchers,lineup projected / unconfirmed,H:2026/2025 P:2026/2025,,,Direct BvP not yet weighted; 2026/2025 Statcast baseline active,7,5,22,1,"Last 7 games: 5/22, 1 HR","platoon edge; pitcher baseline 7.2% barrel, 16.6 HR allowed",neutral batted-ball profile; pitcher fly-ball pressure modest,,
678545,Osleivis Basabe,SF,BOS,2026-08-21T23:10:00Z,Scheduled,7,Sonny Gray,543243,R,R,7.7,0.172,88.4,98.822,0.359,0.126,0.271,73.5,31.5,43.4,35.8,37.7,3.0,7.21,38.39,88.97,0.381,0.1341,22.99,16.6,16.6,16.6,Fenway Park,102,,,,No,No,7,Yes,Yes,RotoWire projected lineup; MLB probable pitchers,lineup projected / unconfirmed,H:2026 P:2026/2025,,,Direct BvP not yet weighted; 2026/2025 Statcast baseline active,7,5,25,0,"Last 7 games: 5/25, 0 HR","same-side matchup; pitcher baseline 7.2% barrel, 16.6 HR allowed",fly-ball profile; pitcher fly-ball pressure modest,,
701852,Drew Cavanaugh,SF,BOS,2026-08-21T23:10:00Z,Scheduled,8,Sonny Gray,543243,R,L,3.4,0.012,84.6,97.7542,0.347,0.101,0.319,69.2,4.0,23.0,21.3,26.2,0.0,7.21,38.39,88.97,0.381,0.1341,22.99,16.6,16.6,16.6,Fenway Park,102,,,,No,No,8,Yes,Yes,RotoWire projected lineup; MLB probable pitchers,lineup projected / unconfirmed,H:2026 P:2026/2025,,,Direct BvP not yet weighted; 2026/2025 Statcast baseline active,7,5,23,0,"Last 7 games: 5/23, 0 HR","platoon edge; pitcher baseline 7.2% barrel, 16.6 HR allowed",neutral batted-ball profile; pitcher fly-ball pressure modest,,
683766,Christian Koss,SF,BOS,2026-08-21T23:10:00Z,Scheduled,9,Sonny Gray,543243,R,R,6.21,0.0627,85.78,97.4986,0.3243,0.0984,0.2634,69.72,4.95,38.23,22.2,30.52,0.9,7.21,38.39,88.97,0.381,0.1341,22.99,16.6,16.6,16.6,Fenway Park,102,,,,No,No,9,Yes,Yes,RotoWire projected lineup; MLB probable pitchers,lineup projected / unconfirmed,H:2026/2025 P:2026/2025,,,Direct BvP not yet weighted; 2026/2025 Statcast baseline active,7,6,23,0,"Last 7 games: 6/23, 0 HR","same-side matchup; pitcher baseline 7.2% barrel, 16.6 HR allowed",neutral batted-ball profile; pitcher fly-ball pressure modest,,
686765,Nick Sogard,BOS,SF,2026-08-21T23:10:00Z,Scheduled,1,Logan Webb,657277,R,S,3.92,0.1001,85.86,96.042,0.3519,0.0967,0.3167,68.92,3.75,44.96,23.81,28.47,0.7,6.06,38.66,88.37,0.3707,0.1226,19.21,10.5,10.5,10.5,Fenway Park,102,,,,No,No,1,Yes,Yes,RotoWire projected lineup; MLB probable pitchers,lineup projected / unconfirmed,H:2026/2025 P:2026/2025,,,Direct BvP not yet weighted; 2026/2025 Statcast baseline active,7,8,27,1,"Last 7 games: 8/27, 1 HR","switch hitter; pitcher baseline 6.1% barrel, 10.5 HR allowed",neutral batted-ball profile; pitcher fly-ball pressure modest,,
678882,Ceddanne Rafaela,BOS,SF,2026-08-21T23:10:00Z,Scheduled,2,Logan Webb,657277,R,R,6.82,0.1748,86.97,97.8347,0.3796,0.1341,0.291,70.02,8.83,35.64,25.79,34.15,16.0,6.06,38.66,88.37,0.3707,0.1226,19.21,10.5,10.5,10.5,Fenway Park,102,,,,No,No,2,Yes,Yes,RotoWire projected lineup; MLB probable pitchers,lineup projected / unconfirmed,H:2026/2025 P:2026/2025,,,Direct BvP not yet weighted; 2026/2025 Statcast baseline active,7,8,32,0,"Last 7 games: 8/32, 0 HR","same-side matchup; pitcher baseline 6.1% barrel, 10.5 HR allowed",neutral batted-ball profile; pitcher fly-ball pressure modest,,
668939,Adley Rutschman,BOS,SF,2026-08-21T23:10:00Z,Scheduled,3,Logan Webb,657277,R,S,7.43,0.1684,88.98,99.4148,0.424,0.1655,0.3404,70.42,12.49,38.75,28.8,40.21,9.0,6.06,38.66,88.37,0.3707,0.1226,19.21,10.5,10.5,10.5,Fenway Park,102,,,,No,No,3,Yes,Yes,RotoWire projected lineup; MLB probable pitchers,lineup projected / unconfirmed,H:2026/2025 P:2026/2025,,,Direct BvP not yet weighted; 2026/2025 Statcast baseline active,7,4,24,1,"Last 7 games: 4/24, 1 HR","switch hitter; pitcher baseline 6.1% barrel, 10.5 HR allowed",neutral batted-ball profile; pitcher fly-ball pressure modest,,
575929,Willson Contreras,BOS,SF,2026-08-21T23:10:00Z,Scheduled,4,Logan Webb,657277,R,R,14.11,0.232,90.11,102.8896,0.4936,0.2352,0.3734,76.77,68.59,44.98,29.4,45.85,23.5,6.06,38.66,88.37,0.3707,0.1226,19.21,10.5,10.5,10.5,Fenway Park,102,,,,No,No,4,Yes,Yes,RotoWire projected lineup; MLB probable pitchers,lineup projected / unconfirmed,H:2026/2025 P:2026/2025,,,Direct BvP not yet weighted; 2026/2025 Statcast baseline active,7,9,26,2,Hot streak: 2 HR in last 7 games,"same-side matchup; pitcher baseline 6.1% barrel, 10.5 HR allowed",neutral batted-ball profile; pitcher fly-ball pressure modest,,
677800,Wilyer Abreu,BOS,SF,2026-08-21T23:10:00Z,Scheduled,5,Logan Webb,657277,R,L,12.72,0.2136,90.17,101.3957,0.4848,0.2292,0.3504,73.89,38.87,38.6,37.1,44.41,22.0,6.06,38.66,88.37,0.3707,0.1226,19.21,10.5,10.5,10.5,Fenway Park,102,,,,No,No,5,Yes,Yes,RotoWire projected lineup; MLB probable pitchers,lineup projected / unconfirmed,H:2026/2025 P:2026/2025,,,Direct BvP not yet weighted; 2026/2025 Statcast baseline active,7,8,26,1,"Last 7 games: 8/26, 1 HR","platoon edge; pitcher baseline 6.1% barrel, 10.5 HR allowed",fly-ball profile; pitcher fly-ball pressure modest,,
702332,Caleb Durbin,BOS,SF,2026-08-21T23:10:00Z,Scheduled,6,Logan Webb,657277,R,R,3.16,0.1429,84.22,95.783,0.3368,0.0923,0.2966,68.88,5.44,40.81,19.61,26.34,11.7,6.06,38.66,88.37,0.3707,0.1226,19.21,10.5,10.5,10.5,Fenway Park,102,,,,No,No,6,Yes,Yes,RotoWire projected lineup; MLB probable pitchers,lineup projected / unconfirmed,H:2026/2025 P:2026/2025,,,Direct BvP not yet weighted; 2026/2025 Statcast baseline active,7,9,27,1,Contact streak: 9/27 over last 7 games,"same-side matchup; pitcher baseline 6.1% barrel, 10.5 HR allowed",neutral batted-ball profile; pitcher fly-ball pressure modest,,
680776,Jarren Duran,BOS,SF,2026-08-21T23:10:00Z,Scheduled,7,Logan Webb,657277,R,L,9.42,0.1629,90.26,102.0143,0.3862,0.1501,0.3036,74.91,49.89,39.04,22.93,41.76,16.7,6.06,38.66,88.37,0.3707,0.1226,19.21,10.5,10.5,10.5,Fenway Park,102,,,,No,No,7,Yes,Yes,RotoWire projected lineup; MLB probable pitchers,lineup projected / unconfirmed,H:2026/2025 P:2026/2025,,,Direct BvP not yet weighted; 2026/2025 Statcast baseline active,7,7,27,1,"Last 7 games: 7/27, 1 HR","platoon edge; pitcher baseline 6.1% barrel, 10.5 HR allowed",neutral batted-ball profile; pitcher fly-ball pressure modest,,
655316,Andruw Monasterio,BOS,SF,2026-08-21T23:10:00Z,Scheduled,8,Logan Webb,657277,R,R,7.05,0.1642,87.84,97.4968,0.3756,0.139,0.2961,69.31,3.57,40.55,32.32,33.28,5.4,6.06,38.66,88.37,0.3707,0.1226,19.21,10.5,10.5,10.5,Fenway Park,102,,,,No,No,8,Yes,Yes,RotoWire projected lineup; MLB probable pitchers,lineup projected / unconfirmed,H:2026/2025 P:2026/2025,,,Direct BvP not yet weighted; 2026/2025 Statcast baseline active,7,5,27,0,"Last 7 games: 5/27, 0 HR","same-side matchup; pitcher baseline 6.1% barrel, 10.5 HR allowed",neutral batted-ball profile; pitcher fly-ball pressure modest,,
678011,Anthony Seigler,BOS,SF,2026-08-21T23:10:00Z,Scheduled,9,Logan Webb,657277,R,S,4.83,0.1105,88.11,97.283,0.3677,0.1258,0.3079,67.08,0.28,33.93,27.8,36.38,2.1,6.06,38.66,88.37,0.3707,0.1226,19.21,10.5,10.5,10.5,Fenway Park,102,,,,No,No,9,Yes,Yes,RotoWire projected lineup; MLB probable pitchers,lineup projected / unconfirmed,H:2026/2025 P:2026/2025,,,Direct BvP not yet weighted; 2026/2025 Statcast baseline active,7,7,18,0,Contact streak: 7/18 over last 7 games,"switch hitter; pitcher baseline 6.1% barrel, 10.5 HR allowed",neutral batted-ball profile; pitcher fly-ball pressure modest,,
682928,CJ Abrams,WSH,MIA,2026-08-21T23:10:00Z,Scheduled,1,Ryan Gusto,687473,R,L,9.49,0.2285,89.26,99.8939,0.4325,0.1798,0.3321,72.75,27.54,44.15,28.1,40.81,26.0,8.94,44.65,90.39,0.4257,0.1669,26.68,10.7,10.7,10.7,loanDepot park,89,,,,No,No,1,Yes,Yes,RotoWire projected lineup; MLB probable pitchers,lineup projected / unconfirmed,H:2026/2025 P:2026/2025,,,Direct BvP not yet weighted; 2026/2025 Statcast baseline active,7,4,26,0,"Last 7 games: 4/26, 0 HR","platoon edge; pitcher baseline 8.9% barrel, 10.7 HR allowed",neutral batted-ball profile; pitcher fly-ball pressure modest,,
694673,Abimelec Ortiz,WSH,MIA,2026-08-21T23:10:00Z,Scheduled,2,Ryan Gusto,687473,R,L,16.2,0.34,92.7,102.0218,0.596,0.323,0.377,75.5,61.9,54.1,35.1,51.4,5.0,8.94,44.65,90.39,0.4257,0.1669,26.68,10.7,10.7,10.7,loanDepot park,89,,,,No,No,2,Yes,Yes,RotoWire projected lineup; MLB probable pitchers,lineup projected / unconfirmed,H:2026 P:2026/2025,,,Direct BvP not yet weighted; 2026/2025 Statcast baseline active,7,5,24,2,Hot streak: 2 HR in last 7 games,"platoon edge; pitcher baseline 8.9% barrel, 10.7 HR allowed",lift-pull EV profile; pitcher fly-ball pressure modest,,
686611,Dylan Crews,WSH,MIA,2026-08-21T23:10:00Z,Scheduled,3,Ryan Gusto,687473,R,R,10.08,0.1454,90.33,101.0837,0.4133,0.1783,0.314,73.83,37.51,33.45,29.45,42.41,10.0,8.94,44.65,90.39,0.4257,0.1669,26.68,10.7,10.7,10.7,loanDepot park,89,,,,No,No,3,Yes,Yes,RotoWire projected lineup; MLB probable pitchers,lineup projected / unconfirmed,H:2026/2025 P:2026/2025,,,Direct BvP not yet weighted; 2026/2025 Statcast baseline active,7,3,20,0,"Last 7 games: 3/20, 0 HR","same-side matchup; pitcher baseline 8.9% barrel, 10.7 HR allowed",neutral batted-ball profile; pitcher fly-ball pressure modest,,
695734,Daylen Lile,WSH,MIA,2026-08-21T23:10:00Z,Scheduled,4,Ryan Gusto,687473,R,L,7.51,0.1717,88.62,98.8018,0.4273,0.1607,0.3228,70.5,8.38,40.73,33.25,37.93,13.2,8.94,44.65,90.39,0.4257,0.1669,26.68,10.7,10.7,10.7,loanDepot park,89,,,,No,No,4,Yes,Yes,RotoWire projected lineup; MLB probable pitchers,lineup projected / unconfirmed,H:2026/2025 P:2026/2025,,,Direct BvP not yet weighted; 2026/2025 Statcast baseline active,7,4,28,0,"Last 7 games: 4/28, 0 HR","platoon edge; pitcher baseline 8.9% barrel, 10.7 HR allowed",neutral batted-ball profile; pitcher fly-ball pressure modest,,
691781,Brady House,WSH,MIA,2026-08-21T23:10:00Z,Scheduled,5,Ryan Gusto,687473,R,R,9.2,0.1384,89.45,101.642,0.4225,0.1623,0.319,73.31,30.88,34.22,25.58,46.3,7.5,8.94,44.65,90.39,0.4257,0.1669,26.68,10.7,10.7,10.7,loanDepot park,89,,,,No,No,5,Yes,Yes,RotoWire projected lineup; MLB probable pitchers,lineup projected / unconfirmed,H:2026/2025 P:2026/2025,,,Direct BvP not yet weighted; 2026/2025 Statcast baseline active,7,5,19,1,"Last 7 games: 5/19, 1 HR","same-side matchup; pitcher baseline 8.9% barrel, 10.7 HR allowed",neutral batted-ball profile; pitcher fly-ball pressure modest,,
660688,Keibert Ruiz,WSH,MIA,2026-08-21T23:10:00Z,Scheduled,6,Ryan Gusto,687473,R,S,3.88,0.1312,87.81,97.6776,0.3573,0.1059,0.2828,67.22,0.93,54.05,25.51,35.73,5.5,8.94,44.65,90.39,0.4257,0.1669,26.68,10.7,10.7,10.7,loanDepot park,89,,,,No,No,6,Yes,Yes,RotoWire projected lineup; MLB probable pitchers,lineup projected / unconfirmed,H:2026/2025 P:2026/2025,,,Direct BvP not yet weighted; 2026/2025 Statcast baseline active,7,8,24,0,Contact streak: 8/24 over last 7 games,"switch hitter; pitcher baseline 8.9% barrel, 10.7 HR allowed",neutral batted-ball profile; pitcher fly-ball pressure modest,,
683083,Nasim Nunez,WSH,MIA,2026-08-21T23:10:00Z,Scheduled,7,Ryan Gusto,687473,R,S,1.69,0.0762,86.15,96.1586,0.3005,0.0727,0.2778,68.74,4.7,31.08,19.24,28.2,1.9,8.94,44.65,90.39,0.4257,0.1669,26.68,10.7,10.7,10.7,loanDepot park,89,,,,No,No,7,Yes,Yes,RotoWire projected lineup; MLB probable pitchers,lineup projected / unconfirmed,H:2026/2025 P:2026/2025,,,Direct BvP not yet weighted; 2026/2025 Statcast baseline active,7,4,26,0,"Last 7 games: 4/26, 0 HR","switch hitter; pitcher baseline 8.9% barrel, 10.7 HR allowed",neutral batted-ball profile; pitcher fly-ball pressure modest,,
678391,Jorbit Vivas,WSH,MIA,2026-08-21T23:10:00Z,Scheduled,8,Ryan Gusto,687473,R,L,3.51,0.0841,83.52,95.1399,0.3198,0.0778,0.2982,69.53,3.61,41.95,21.32,26.56,2.4,8.94,44.65,90.39,0.4257,0.1669,26.68,10.7,10.7,10.7,loanDepot park,89,,,,No,No,8,Yes,Yes,RotoWire projected lineup; MLB probable pitchers,lineup projected / unconfirmed,H:2026/2025 P:2026/2025,,,Direct BvP not yet weighted; 2026/2025 Statcast baseline active,7,4,18,0,"Last 7 games: 4/18, 0 HR","platoon edge; pitcher baseline 8.9% barrel, 10.7 HR allowed",neutral batted-ball profile; pitcher fly-ball pressure modest,,
696285,Jacob Young,WSH,MIA,2026-08-21T23:10:00Z,Scheduled,9,Ryan Gusto,687473,R,R,4.77,0.1225,88.02,98.044,0.3759,0.1125,0.3117,69.07,1.95,35.35,24.14,33.08,7.6,8.94,44.65,90.39,0.4257,0.1669,26.68,10.7,10.7,10.7,loanDepot park,89,,,,No,No,9,Yes,Yes,RotoWire projected lineup; MLB probable pitchers,lineup projected / unconfirmed,H:2026/2025 P:2026/2025,,,Direct BvP not yet weighted; 2026/2025 Statcast baseline active,7,9,25,1,Contact streak: 9/25 over last 7 games,"same-side matchup; pitcher baseline 8.9% barrel, 10.7 HR allowed",neutral batted-ball profile; pitcher fly-ball pressure modest,,
805300,Jakob Marsee,MIA,WSH,2026-08-21T23:10:00Z,Scheduled,1,Brad Lord,695418,R,L,4.95,0.13,87.64,98.5473,0.3524,0.1155,0.3141,70.5,5.93,41.51,23.82,36.43,6.4,6.47,40.96,88.01,0.4034,0.1523,19.97,10.0,10.0,10.0,loanDepot park,89,,,,No,No,1,Yes,Yes,RotoWire projected lineup; MLB probable pitchers,lineup projected / unconfirmed,H:2026/2025 P:2026/2025,,,Direct BvP not yet weighted; 2026/2025 Statcast baseline active,7,5,24,1,"Last 7 games: 5/24, 1 HR","platoon edge; pitcher baseline 6.5% barrel, 10.0 HR allowed",neutral batted-ball profile; pitcher fly-ball pressure modest,,
672640,Otto Lopez,MIA,WSH,2026-08-21T23:10:00Z,Scheduled,2,Brad Lord,695418,R,R,6.47,0.1353,88.85,100.2203,0.4256,0.1468,0.3272,71.7,23.02,32.44,22.36,40.33,10.8,6.47,40.96,88.01,0.4034,0.1523,19.97,10.0,10.0,10.0,loanDepot park,89,,,,No,No,2,Yes,Yes,RotoWire projected lineup; MLB probable pitchers,lineup projected / unconfirmed,H:2026/2025 P:2026/2025,,,Direct BvP not yet weighted; 2026/2025 Statcast baseline active,7,5,26,0,"Last 7 games: 5/26, 0 HR","same-side matchup; pitcher baseline 6.5% barrel, 10.0 HR allowed",neutral batted-ball profile; pitcher fly-ball pressure modest,,
669364,Xavier Edwards,MIA,WSH,2026-08-21T23:10:00Z,Scheduled,3,Brad Lord,695418,R,S,2.69,0.0896,86.94,96.6116,0.3558,0.0921,0.3104,67.95,2.61,28.94,21.91,29.12,5.1,6.47,40.96,88.01,0.4034,0.1523,19.97,10.0,10.0,10.0,loanDepot park,89,,,,No,No,3,Yes,Yes,RotoWire projected lineup; MLB probable pitchers,lineup projected / unconfirmed,H:2026/2025 P:2026/2025,,,Direct BvP not yet weighted; 2026/2025 Statcast baseline active,7,9,25,0,Contact streak: 9/25 over last 7 games,"switch hitter; pitcher baseline 6.5% barrel, 10.0 HR allowed",neutral batted-ball profile; pitcher fly-ball pressure modest,,
665052,Griffin Conine,MIA,WSH,2026-08-21T23:10:00Z,Scheduled,4,Brad Lord,695418,R,L,16.2,0.2434,92.16,103.8746,0.4908,0.2334,0.3587,74.33,44.81,42.04,24.11,52.86,10.4,6.47,40.96,88.01,0.4034,0.1523,19.97,10.0,10.0,10.0,loanDepot park,89,,,,No,No,4,Yes,Yes,RotoWire projected lineup; MLB probable pitchers,lineup projected / unconfirmed,H:2026/2025 P:2026/2025,,,Direct BvP not yet weighted; 2026/2025 Statcast baseline active,7,5,21,1,"Last 7 games: 5/21, 1 HR","platoon edge; pitcher baseline 6.5% barrel, 10.0 HR allowed",EV profile; pitcher fly-ball pressure modest,,
681715,Heriberto Hernandez,MIA,WSH,2026-08-21T23:10:00Z,Scheduled,5,Brad Lord,695418,R,R,11.98,0.2049,91.18,101.696,0.4574,0.2124,0.3396,74.21,45.88,46.47,29.5,48.13,15.6,6.47,40.96,88.01,0.4034,0.1523,19.97,10.0,10.0,10.0,loanDepot park,89,,,,No,No,5,Yes,Yes,RotoWire projected lineup; MLB probable pitchers,lineup projected / unconfirmed,H:2026/2025 P:2026/2025,,,Direct BvP not yet weighted; 2026/2025 Statcast baseline active,7,7,25,2,Hot streak: 2 HR in last 7 games,"same-side matchup; pitcher baseline 6.5% barrel, 10.0 HR allowed",neutral batted-ball profile; pitcher fly-ball pressure modest,,
683357,Owen Caissie,MIA,WSH,2026-08-21T23:10:00Z,Scheduled,6,Brad Lord,695418,R,L,14.49,0.1876,90.1,100.2577,0.3782,0.1762,0.2796,74.81,53.95,30.41,30.9,38.48,9.4,6.47,40.96,88.01,0.4034,0.1523,19.97,10.0,10.0,10.0,loanDepot park,89,,,,No,No,6,Yes,Yes,RotoWire projected lineup; MLB probable pitchers,lineup projected / unconfirmed,H:2026/2025 P:2026/2025,,,Direct BvP not yet weighted; 2026/2025 Statcast baseline active,7,2,19,1,"Last 7 games: 2/19, 1 HR","platoon edge; pitcher baseline 6.5% barrel, 10.0 HR allowed",neutral batted-ball profile; pitcher fly-ball pressure modest,,
665923,Esteury Ruiz,MIA,WSH,2026-08-21T23:10:00Z,Scheduled,7,Brad Lord,695418,R,R,8.12,0.185,84.37,96.2826,0.3356,0.1449,0.2896,71.38,17.96,46.2,25.13,27.37,4.5,6.47,40.96,88.01,0.4034,0.1523,19.97,10.0,10.0,10.0,loanDepot park,89,,,,No,No,7,Yes,Yes,RotoWire projected lineup; MLB probable pitchers,lineup projected / unconfirmed,H:2026/2025 P:2026/2025,,,Direct BvP not yet weighted; 2026/2025 Statcast baseline active,7,3,20,0,"Last 7 games: 3/20, 0 HR","same-side matchup; pitcher baseline 6.5% barrel, 10.0 HR allowed",neutral batted-ball profile; pitcher fly-ball pressure modest,,
691788,Joe Mack,MIA,WSH,2026-08-21T23:10:00Z,Scheduled,8,Brad Lord,695418,R,L,9.7,0.191,88.9,99.9358,0.416,0.186,0.306,74.3,42.4,49.7,25.5,39.4,12.0,6.47,40.96,88.01,0.4034,0.1523,19.97,10.0,10.0,10.0,loanDepot park,89,,,,No,No,8,Yes,Yes,RotoWire projected lineup; MLB probable pitchers,lineup projected / unconfirmed,H:2026 P:2026/2025,,,Direct BvP not yet weighted; 2026/2025 Statcast baseline active,7,5,21,1,"Last 7 games: 5/21, 1 HR","platoon edge; pitcher baseline 6.5% barrel, 10.0 HR allowed",neutral batted-ball profile; pitcher fly-ball pressure modest,,
691594,Javier Sanoja,MIA,WSH,2026-08-21T23:10:00Z,Scheduled,9,Brad Lord,695418,R,R,2.15,0.1488,87.1,97.3972,0.335,0.0802,0.2792,69.0,6.81,37.31,19.18,32.2,6.0,6.47,40.96,88.01,0.4034,0.1523,19.97,10.0,10.0,10.0,loanDepot park,89,,,,No,No,9,Yes,Yes,RotoWire projected lineup; MLB probable pitchers,lineup projected / unconfirmed,H:2026/2025 P:2026/2025,,,Direct BvP not yet weighted; 2026/2025 Statcast baseline active,7,7,23,2,Hot streak: 2 HR in last 7 games,"same-side matchup; pitcher baseline 6.5% barrel, 10.0 HR allowed",neutral batted-ball profile; pitcher fly-ball pressure modest,,
650490,Yandy Diaz,TB,BAL,2026-08-21T23:15:00Z,Scheduled,1,Trevor Rogers,669432,L,R,7.46,0.1708,91.6,103.2363,0.4548,0.1663,0.3579,73.64,37.86,23.11,19.58,49.35,20.8,7.25,41.96,89.28,0.3921,0.1496,24.53,10.9,10.9,10.9,Oriole Park at Camden Yards,108,,,,No,No,1,Yes,Yes,RotoWire projected lineup; MLB probable pitchers,lineup projected / unconfirmed,H:2026/2025 P:2026/2025,,,Direct BvP not yet weighted; 2026/2025 Statcast baseline active,7,11,28,2,Hot streak: 2 HR in last 7 games,"platoon edge; pitcher baseline 7.2% barrel, 10.9 HR allowed",neutral batted-ball profile; pitcher fly-ball pressure modest,,
666018,Jonathan Aranda,TB,BAL,2026-08-21T23:15:00Z,Scheduled,2,Trevor Rogers,669432,L,L,10.87,0.1485,91.6,101.3519,0.466,0.1939,0.3596,70.22,12.55,32.01,30.34,48.34,14.7,7.25,41.96,89.28,0.3921,0.1496,24.53,10.9,10.9,10.9,Oriole Park at Camden Yards,108,,,,No,No,2,Yes,Yes,RotoWire projected lineup; MLB probable pitchers,lineup projected / unconfirmed,H:2026/2025 P:2026/2025,,,Direct BvP not yet weighted; 2026/2025 Statcast baseline active,7,8,32,0,"Last 7 games: 8/32, 0 HR","same-side matchup; pitcher baseline 7.2% barrel, 10.9 HR allowed",neutral batted-ball profile; pitcher fly-ball pressure modest,,
691406,Junior Caminero,TB,BAL,2026-08-21T23:15:00Z,Scheduled,3,Trevor Rogers,669432,L,R,13.72,0.2633,92.68,105.2818,0.4989,0.2334,0.3586,79.41,85.25,46.43,23.98,50.63,38.0,7.25,41.96,89.28,0.3921,0.1496,24.53,10.9,10.9,10.9,Oriole Park at Camden Yards,108,,,,No,No,3,Yes,Yes,RotoWire projected lineup; MLB probable pitchers,lineup projected / unconfirmed,H:2026/2025 P:2026/2025,,,Direct BvP not yet weighted; 2026/2025 Statcast baseline active,7,6,29,0,"Last 7 games: 6/29, 0 HR","platoon edge; pitcher baseline 7.2% barrel, 10.9 HR allowed",EV profile; pitcher fly-ball pressure modest,,
668723,Ryan Vilade,TB,BAL,2026-08-21T23:15:00Z,Scheduled,4,Trevor Rogers,669432,L,R,8.58,0.1596,91.35,102.3723,0.4054,0.1674,0.3153,75.77,57.65,24.92,25.31,49.52,7.7,7.25,41.96,89.28,0.3921,0.1496,24.53,10.9,10.9,10.9,Oriole Park at Camden Yards,108,,,,No,No,4,Yes,Yes,RotoWire projected lineup; MLB probable pitchers,lineup projected / unconfirmed,H:2026/2025 P:2026/2025,,,Direct BvP not yet weighted; 2026/2025 Statcast baseline active,7,6,17,2,Hot streak: 2 HR in last 7 games,"platoon edge; pitcher baseline 7.2% barrel, 10.9 HR allowed",neutral batted-ball profile; pitcher fly-ball pressure modest,,
802415,Chandler Simpson,TB,BAL,2026-08-21T23:15:00Z,Scheduled,5,Trevor Rogers,669432,L,L,0.0,0.0542,84.02,92.9082,0.3073,0.0382,0.2732,64.66,0.51,27.71,13.0,14.78,0.0,7.25,41.96,89.28,0.3921,0.1496,24.53,10.9,10.9,10.9,Oriole Park at Camden Yards,108,,,,No,No,5,Yes,Yes,RotoWire projected lineup; MLB probable pitchers,lineup projected / unconfirmed,H:2026/2025 P:2026/2025,,,Direct BvP not yet weighted; 2026/2025 Statcast baseline active,7,10,30,0,Contact streak: 10/30 over last 7 games,"same-side matchup; pitcher baseline 7.2% barrel, 10.9 HR allowed",neutral batted-ball profile; pitcher fly-ball pressure modest,,
676356,Jonny DeLuca,TB,BAL,2026-08-21T23:15:00Z,Scheduled,6,Trevor Rogers,669432,L,R,3.56,0.1552,85.32,97.2014,0.3479,0.1012,0.2747,72.89,30.69,45.88,21.29,30.19,5.6,7.25,41.96,89.28,0.3921,0.1496,24.53,10.9,10.9,10.9,Oriole Park at Camden Yards,108,,,,No,No,6,Yes,Yes,RotoWire projected lineup; MLB probable pitchers,lineup projected / unconfirmed,H:2026/2025 P:2026/2025,,,Direct BvP not yet weighted; 2026/2025 Statcast baseline active,7,5,21,0,"Last 7 games: 5/21, 0 HR","platoon edge; pitcher baseline 7.2% barrel, 10.9 HR allowed",neutral batted-ball profile; pitcher fly-ball pressure modest,,
689414,Liam Hicks,TB,BAL,2026-08-21T23:15:00Z,Scheduled,7,Trevor Rogers,669432,L,L,3.81,0.1396,84.81,96.2397,0.3507,0.1011,0.3157,68.03,3.79,41.96,24.5,27.98,13.0,7.25,41.96,89.28,0.3921,0.1496,24.53,10.9,10.9,10.9,Oriole Park at Camden Yards,108,,,,No,No,7,Yes,Yes,RotoWire projected lineup; MLB probable pitchers,lineup projected / unconfirmed,H:2026/2025 P:2026/2025,,,Direct BvP not yet weighted; 2026/2025 Statcast baseline active,7,7,23,1,"Last 7 games: 7/23, 1 HR","same-side matchup; pitcher baseline 7.2% barrel, 10.9 HR allowed",neutral batted-ball profile; pitcher fly-ball pressure modest,,
622761,Jorge Mateo,TB,BAL,2026-08-21T23:15:00Z,Scheduled,8,Trevor Rogers,669432,L,R,8.58,0.1331,88.17,100.2482,0.3859,0.1538,0.2865,73.16,30.41,37.04,30.7,41.95,3.8,7.25,41.96,89.28,0.3921,0.1496,24.53,10.9,10.9,10.9,Oriole Park at Camden Yards,108,,,,No,No,8,Yes,Yes,RotoWire projected lineup; MLB probable pitchers,lineup projected / unconfirmed,H:2026/2025 P:2026/2025,,,Direct BvP not yet weighted; 2026/2025 Statcast baseline active,7,2,9,1,"Last 7 games: 2/9, 1 HR","platoon edge; pitcher baseline 7.2% barrel, 10.9 HR allowed",neutral batted-ball profile; pitcher fly-ball pressure modest,,
670764,Taylor Walls,TB,BAL,2026-08-21T23:15:00Z,Scheduled,9,Trevor Rogers,669432,L,S,2.43,0.0843,85.95,95.3969,0.2719,0.0759,0.2519,68.35,2.2,38.19,28.7,22.97,2.6,7.25,41.96,89.28,0.3921,0.1496,24.53,10.9,10.9,10.9,Oriole Park at Camden Yards,108,,,,No,No,9,Yes,Yes,RotoWire projected lineup; MLB probable pitchers,lineup projected / unconfirmed,H:2026/2025 P:2026/2025,,,Direct BvP not yet weighted; 2026/2025 Statcast baseline active,7,7,21,0,Contact streak: 7/21 over last 7 games,"switch hitter; pitcher baseline 7.2% barrel, 10.9 HR allowed",neutral batted-ball profile; pitcher fly-ball pressure modest,,
702616,Jackson Holliday,BAL,TB,2026-08-21T23:15:00Z,Scheduled,1,Freddy Peralta,642547,R,L,7.38,0.1302,87.61,98.0183,0.3739,0.1364,0.3112,70.6,7.41,34.99,24.82,35.83,9.3,7.06,37.93,88.0,0.3764,0.1452,27.85,20.3,20.3,20.3,Oriole Park at Camden Yards,108,,,,No,No,1,Yes,Yes,RotoWire projected lineup; MLB probable pitchers,lineup projected / unconfirmed,H:2026/2025 P:2026/2025,,,Direct BvP not yet weighted; 2026/2025 Statcast baseline active,7,5,30,0,"Last 7 games: 5/30, 0 HR","platoon edge; pitcher baseline 7.1% barrel, 20.3 HR allowed",neutral batted-ball profile; pitcher fly-ball pressure modest,,
624413,Pete Alonso,BAL,TB,2026-08-21T23:15:00Z,Scheduled,2,Freddy Peralta,642547,R,R,15.47,0.2359,93.99,104.228,0.5524,0.2724,0.3902,74.78,48.86,35.59,30.95,55.73,31.7,7.06,37.93,88.0,0.3764,0.1452,27.85,20.3,20.3,20.3,Oriole Park at Camden Yards,108,,,,No,No,2,Yes,Yes,RotoWire projected lineup; MLB probable pitchers,lineup projected / unconfirmed,H:2026/2025 P:2026/2025,,,Direct BvP not yet weighted; 2026/2025 Statcast baseline active,7,12,28,3,Hot streak: 3 HR in last 7 games,"same-side matchup; pitcher baseline 7.1% barrel, 20.3 HR allowed",EV profile; pitcher fly-ball pressure modest,,
683002,Gunnar Henderson,BAL,TB,2026-08-21T23:15:00Z,Scheduled,3,Freddy Peralta,642547,R,L,7.69,0.1738,90.63,101.4807,0.4068,0.1539,0.3249,74.67,47.45,41.5,23.87,46.4,19.1,7.06,37.93,88.0,0.3764,0.1452,27.85,20.3,20.3,20.3,Oriole Park at Camden Yards,108,,,,No,No,3,Yes,Yes,RotoWire projected lineup; MLB probable pitchers,lineup projected / unconfirmed,H:2026/2025 P:2026/2025,,,Direct BvP not yet weighted; 2026/2025 Statcast baseline active,7,9,26,1,Contact streak: 9/26 over last 7 games,"platoon edge; pitcher baseline 7.1% barrel, 20.3 HR allowed",neutral batted-ball profile; pitcher fly-ball pressure modest,,
694212,Samuel Basallo,BAL,TB,2026-08-21T23:15:00Z,Scheduled,4,Freddy Peralta,642547,R,L,11.91,0.1923,90.57,102.417,0.4394,0.2022,0.319,74.87,49.63,42.39,28.91,44.82,12.4,7.06,37.93,88.0,0.3764,0.1452,27.85,20.3,20.3,20.3,Oriole Park at Camden Yards,108,,,,No,No,4,Yes,Yes,RotoWire projected lineup; MLB probable pitchers,lineup projected / unconfirmed,H:2026/2025 P:2026/2025,,,Direct BvP not yet weighted; 2026/2025 Statcast baseline active,7,3,23,1,"Last 7 games: 3/23, 1 HR","platoon edge; pitcher baseline 7.1% barrel, 20.3 HR allowed",neutral batted-ball profile; pitcher fly-ball pressure modest,,
687952,Christian Encarnacion-Strand,BAL,TB,2026-08-21T23:15:00Z,Scheduled,5,Freddy Peralta,642547,R,R,15.44,0.2236,91.19,101.789,0.5051,0.2647,0.3287,73.67,36.48,42.73,30.21,41.83,6.0,7.06,37.93,88.0,0.3764,0.1452,27.85,20.3,20.3,20.3,Oriole Park at Camden Yards,108,,,,No,No,5,Yes,Yes,RotoWire projected lineup; MLB probable pitchers,lineup projected / unconfirmed,H:2026/2025 P:2026/2025,,,Direct BvP not yet weighted; 2026/2025 Statcast baseline active,7,6,26,2,Hot streak: 2 HR in last 7 games,"same-side matchup; pitcher baseline 7.1% barrel, 20.3 HR allowed",neutral batted-ball profile; pitcher fly-ball pressure modest,,
687637,Dylan Beavers,BAL,TB,2026-08-21T23:15:00Z,Scheduled,6,Freddy Peralta,642547,R,L,7.48,0.1408,88.94,99.4153,0.3814,0.1558,0.3146,72.34,20.77,41.16,31.46,36.68,4.7,7.06,37.93,88.0,0.3764,0.1452,27.85,20.3,20.3,20.3,Oriole Park at Camden Yards,108,,,,No,No,6,Yes,Yes,RotoWire projected lineup; MLB probable pitchers,lineup projected / unconfirmed,H:2026/2025 P:2026/2025,,,Direct BvP not yet weighted; 2026/2025 Statcast baseline active,7,4,16,2,Hot streak: 2 HR in last 7 games,"platoon edge; pitcher baseline 7.1% barrel, 20.3 HR allowed",neutral batted-ball profile; pitcher fly-ball pressure modest,,
665750,Leody Taveras,BAL,TB,2026-08-21T23:15:00Z,Scheduled,7,Freddy Peralta,642547,R,S,4.93,0.1228,88.15,99.1024,0.3258,0.1124,0.267,72.39,24.32,33.16,24.17,33.24,5.8,7.06,37.93,88.0,0.3764,0.1452,27.85,20.3,20.3,20.3,Oriole Park at Camden Yards,108,,,,No,No,7,Yes,Yes,RotoWire projected lineup; MLB probable pitchers,lineup projected / unconfirmed,H:2026/2025 P:2026/2025,,,Direct BvP not yet weighted; 2026/2025 Statcast baseline active,7,7,24,0,"Last 7 games: 7/24, 0 HR","switch hitter; pitcher baseline 7.1% barrel, 20.3 HR allowed",neutral batted-ball profile; pitcher fly-ball pressure modest,,
681297,Colton Cowser,BAL,TB,2026-08-21T23:15:00Z,Scheduled,8,Freddy Peralta,642547,R,L,11.93,0.1554,88.45,100.7389,0.4124,0.203,0.3105,74.44,45.27,37.54,33.41,41.31,12.5,7.06,37.93,88.0,0.3764,0.1452,27.85,20.3,20.3,20.3,Oriole Park at Camden Yards,108,,,,No,No,8,Yes,Yes,RotoWire projected lineup; MLB probable pitchers,lineup projected / unconfirmed,H:2026/2025 P:2026/2025,,,Direct BvP not yet weighted; 2026/2025 Statcast baseline active,7,3,17,2,Hot streak: 2 HR in last 7 games,"platoon edge; pitcher baseline 7.1% barrel, 20.3 HR allowed",neutral batted-ball profile; pitcher fly-ball pressure modest,,
665966,Carlos Narvaez,BAL,TB,2026-08-21T23:15:00Z,Scheduled,9,Freddy Peralta,642547,R,R,7.77,0.1038,91.24,100.3014,0.339,0.134,0.2762,72.09,19.39,31.88,31.08,40.54,6.6,7.06,37.93,88.0,0.3764,0.1452,27.85,20.3,20.3,20.3,Oriole Park at Camden Yards,108,,,,No,No,9,Yes,Yes,RotoWire projected lineup; MLB probable pitchers,lineup projected / unconfirmed,H:2026/2025 P:2026/2025,,,Direct BvP not yet weighted; 2026/2025 Statcast baseline active,7,1,18,0,"Last 7 games: 1/18, 0 HR","same-side matchup; pitcher baseline 7.1% barrel, 20.3 HR allowed",neutral batted-ball profile; pitcher fly-ball pressure modest,,
805999,A.J. Ewing,NYM,CWS,2026-08-21T23:40:00Z,Scheduled,1,Sean Burke,680732,R,L,8.0,0.123,89.8,100.4974,0.402,0.147,0.324,70.3,11.4,32.7,25.7,43.8,7.0,8.54,38.64,89.25,0.3961,0.1648,31.26,18.1,18.1,18.1,Rate Field,100,,,,No,No,1,Yes,Yes,RotoWire projected lineup; MLB probable pitchers,lineup projected / unconfirmed,H:2026 P:2026/2025,,,Direct BvP not yet weighted; 2026/2025 Statcast baseline active,7,3,24,0,"Last 7 games: 3/24, 0 HR","platoon edge; pitcher baseline 8.5% barrel, 18.1 HR allowed",neutral batted-ball profile; pitcher allows elevated contact,,
596019,Francisco Lindor,NYM,CWS,2026-08-21T23:40:00Z,Scheduled,2,Sean Burke,680732,R,S,9.25,0.1906,91.13,100.3286,0.4547,0.1996,0.3478,72.02,22.39,45.81,30.58,47.2,17.7,8.54,38.64,89.25,0.3961,0.1648,31.26,18.1,18.1,18.1,Rate Field,100,,,,No,No,2,Yes,Yes,RotoWire projected lineup; MLB probable pitchers,lineup projected / unconfirmed,H:2026/2025 P:2026/2025,,,Direct BvP not yet weighted; 2026/2025 Statcast baseline active,7,5,25,1,"Last 7 games: 5/25, 1 HR","switch hitter; pitcher baseline 8.5% barrel, 18.1 HR allowed",neutral batted-ball profile; pitcher allows elevated contact,,
666182,Bo Bichette,NYM,CWS,2026-08-21T23:40:00Z,Scheduled,3,Sean Burke,680732,R,R,6.85,0.137,89.95,100.9801,0.431,0.1468,0.3334,69.66,13.02,26.63,22.67,43.13,13.8,8.54,38.64,89.25,0.3961,0.1648,31.26,18.1,18.1,18.1,Rate Field,100,,,,No,No,3,Yes,Yes,RotoWire projected lineup; MLB probable pitchers,lineup projected / unconfirmed,H:2026/2025 P:2026/2025,,,Direct BvP not yet weighted; 2026/2025 Statcast baseline active,7,9,26,1,Contact streak: 9/26 over last 7 games,"same-side matchup; pitcher baseline 8.5% barrel, 18.1 HR allowed",neutral batted-ball profile; pitcher allows elevated contact,,
701807,Carson Benge,NYM,CWS,2026-08-21T23:40:00Z,Scheduled,4,Sean Burke,680732,R,L,7.4,0.146,89.3,100.014,0.439,0.159,0.341,70.9,17.1,32.6,26.1,41.4,15.0,8.54,38.64,89.25,0.3961,0.1648,31.26,18.1,18.1,18.1,Rate Field,100,,,,No,No,4,Yes,Yes,RotoWire projected lineup; MLB probable pitchers,lineup projected / unconfirmed,H:2026 P:2026/2025,,,Direct BvP not yet weighted; 2026/2025 Statcast baseline active,7,7,25,2,Hot streak: 2 HR in last 7 games,"platoon edge; pitcher baseline 8.5% barrel, 18.1 HR allowed",neutral batted-ball profile; pitcher allows elevated contact,,
673357,Luis Robert,NYM,CWS,2026-08-21T23:40:00Z,Scheduled,5,Sean Burke,680732,R,R,7.78,0.1452,89.12,101.3889,0.4008,0.1646,0.3105,76.44,65.94,45.32,26.61,38.73,9.1,8.54,38.64,89.25,0.3961,0.1648,31.26,18.1,18.1,18.1,Rate Field,100,,,,No,No,5,Yes,Yes,RotoWire projected lineup; MLB probable pitchers,lineup projected / unconfirmed,H:2026/2025 P:2026/2025,,,Direct BvP not yet weighted; 2026/2025 Statcast baseline active,7,4,17,2,Hot streak: 2 HR in last 7 games,"same-side matchup; pitcher baseline 8.5% barrel, 18.1 HR allowed",neutral batted-ball profile; pitcher allows elevated contact,,
676724,Jared Young,NYM,CWS,2026-08-21T23:40:00Z,Scheduled,6,Sean Burke,680732,R,L,10.1,0.2145,88.52,101.147,0.4224,0.1899,0.3149,73.44,33.67,38.88,26.95,44.69,6.8,8.54,38.64,89.25,0.3961,0.1648,31.26,18.1,18.1,18.1,Rate Field,100,,,,No,No,6,Yes,Yes,RotoWire projected lineup; MLB probable pitchers,lineup projected / unconfirmed,H:2026/2025 P:2026/2025,,,Direct BvP not yet weighted; 2026/2025 Statcast baseline active,7,8,24,1,Contact streak: 8/24 over last 7 games,"platoon edge; pitcher baseline 8.5% barrel, 18.1 HR allowed",neutral batted-ball profile; pitcher allows elevated contact,,
682626,Francisco Alvarez,NYM,CWS,2026-08-21T23:40:00Z,Scheduled,7,Sean Burke,680732,R,R,14.76,0.1784,90.86,102.5881,0.437,0.2045,0.3302,74.11,42.46,39.36,25.03,46.81,12.4,8.54,38.64,89.25,0.3961,0.1648,31.26,18.1,18.1,18.1,Rate Field,100,,,,No,No,7,Yes,Yes,RotoWire projected lineup; MLB probable pitchers,lineup projected / unconfirmed,H:2026/2025 P:2026/2025,,,Direct BvP not yet weighted; 2026/2025 Statcast baseline active,7,1,23,0,"Last 7 games: 1/23, 0 HR","same-side matchup; pitcher baseline 8.5% barrel, 18.1 HR allowed",neutral batted-ball profile; pitcher allows elevated contact,,
683146,Brett Baty,NYM,CWS,2026-08-21T23:40:00Z,Scheduled,8,Sean Burke,680732,R,L,10.17,0.1348,90.14,101.4617,0.401,0.1651,0.3116,75.01,53.3,36.17,26.17,43.05,11.0,8.54,38.64,89.25,0.3961,0.1648,31.26,18.1,18.1,18.1,Rate Field,100,,,,No,No,8,Yes,Yes,RotoWire projected lineup; MLB probable pitchers,lineup projected / unconfirmed,H:2026/2025 P:2026/2025,,,Direct BvP not yet weighted; 2026/2025 Statcast baseline active,7,2,21,1,"Last 7 games: 2/21, 1 HR","platoon edge; pitcher baseline 8.5% barrel, 18.1 HR allowed",neutral batted-ball profile; pitcher allows elevated contact,,
543760,Marcus Semien,NYM,CWS,2026-08-21T23:40:00Z,Scheduled,9,Sean Burke,680732,R,R,6.8,0.1396,87.04,97.5259,0.3915,0.1481,0.3075,68.5,3.27,46.63,31.37,34.44,14.3,8.54,38.64,89.25,0.3961,0.1648,31.26,18.1,18.1,18.1,Rate Field,100,,,,No,No,9,Yes,Yes,RotoWire projected lineup; MLB probable pitchers,lineup projected / unconfirmed,H:2026/2025 P:2026/2025,,,Direct BvP not yet weighted; 2026/2025 Statcast baseline active,7,3,21,0,"Last 7 games: 3/21, 0 HR","same-side matchup; pitcher baseline 8.5% barrel, 18.1 HR allowed",neutral batted-ball profile; pitcher allows elevated contact,,
805367,Chase Meidroth,CWS,NYM,2026-08-21T23:40:00Z,Scheduled,1,Sean Manaea,640455,L,R,3.77,0.1132,87.92,97.4485,0.3344,0.0947,0.2958,67.19,1.32,38.47,19.63,35.47,9.9,9.32,42.04,89.31,0.4199,0.1736,28.4,15.1,15.1,15.1,Rate Field,100,,,,No,No,1,Yes,Yes,RotoWire projected lineup; MLB probable pitchers,lineup projected / unconfirmed,H:2026/2025 P:2026/2025,,,Direct BvP not yet weighted; 2026/2025 Statcast baseline active,7,5,28,0,"Last 7 games: 5/28, 0 HR","platoon edge; pitcher baseline 9.3% barrel, 15.1 HR allowed",neutral batted-ball profile; pitcher fly-ball pressure modest,,
808959,Munetaka Murakami,CWS,NYM,2026-08-21T23:40:00Z,Scheduled,2,Sean Manaea,640455,L,L,20.6,0.303,94.0,104.6747,0.514,0.292,0.371,74.8,51.0,41.2,38.2,58.8,29.0,9.32,42.04,89.31,0.4199,0.1736,28.4,15.1,15.1,15.1,Rate Field,100,,,,No,No,2,Yes,Yes,RotoWire projected lineup; MLB probable pitchers,lineup projected / unconfirmed,H:2026 P:2026/2025,,,Direct BvP not yet weighted; 2026/2025 Statcast baseline active,7,4,27,3,Hot streak: 3 HR in last 7 games,"same-side matchup; pitcher baseline 9.3% barrel, 15.1 HR allowed",lift-pull EV profile; pitcher fly-ball pressure modest,,
678246,Miguel Vargas,CWS,NYM,2026-08-21T23:40:00Z,Scheduled,3,Sean Manaea,640455,L,R,12.97,0.223,90.47,100.4982,0.4847,0.2291,0.3645,72.98,34.21,43.65,36.08,44.7,24.4,9.32,42.04,89.31,0.4199,0.1736,28.4,15.1,15.1,15.1,Rate Field,100,,,,No,No,3,Yes,Yes,RotoWire projected lineup; MLB probable pitchers,lineup projected / unconfirmed,H:2026/2025 P:2026/2025,,,Direct BvP not yet weighted; 2026/2025 Statcast baseline active,7,10,27,3,Hot streak: 3 HR in last 7 games,"platoon edge; pitcher baseline 9.3% barrel, 15.1 HR allowed",fly-ball profile; pitcher fly-ball pressure modest,,
545341,Randal Grichuk,CWS,NYM,2026-08-21T23:40:00Z,Scheduled,4,Sean Manaea,640455,L,R,11.63,0.2416,91.49,102.9856,0.471,0.1984,0.3323,74.25,43.66,45.73,28.64,47.68,9.7,9.32,42.04,89.31,0.4199,0.1736,28.4,15.1,15.1,15.1,Rate Field,100,,,,No,No,4,Yes,Yes,RotoWire projected lineup; MLB probable pitchers,lineup projected / unconfirmed,H:2026/2025 P:2026/2025,,,Direct BvP not yet weighted; 2026/2025 Statcast baseline active,7,7,15,1,Contact streak: 7/15 over last 7 games,"platoon edge; pitcher baseline 9.3% barrel, 15.1 HR allowed",neutral batted-ball profile; pitcher fly-ball pressure modest,,
695731,Braden Montgomery,CWS,NYM,2026-08-21T23:40:00Z,Scheduled,5,Sean Manaea,640455,L,S,3.7,0.134,89.3,100.1782,0.361,0.122,0.31,69.6,8.0,35.0,19.0,41.7,4.0,9.32,42.04,89.31,0.4199,0.1736,28.4,15.1,15.1,15.1,Rate Field,100,,,,No,No,5,Yes,Yes,RotoWire projected lineup; MLB probable pitchers,lineup projected / unconfirmed,H:2026 P:2026/2025,,,Direct BvP not yet weighted; 2026/2025 Statcast baseline active,7,8,28,0,"Last 7 games: 8/28, 0 HR","switch hitter; pitcher baseline 9.3% barrel, 15.1 HR allowed",neutral batted-ball profile; pitcher fly-ball pressure modest,,
686668,Brenton Doyle,CWS,NYM,2026-08-21T23:40:00Z,Scheduled,6,Sean Manaea,640455,L,R,6.91,0.0989,88.5,99.2579,0.312,0.1081,0.254,71.61,12.78,37.9,25.27,36.48,5.9,9.32,42.04,89.31,0.4199,0.1736,28.4,15.1,15.1,15.1,Rate Field,100,,,,No,No,6,Yes,Yes,RotoWire projected lineup; MLB probable pitchers,lineup projected / unconfirmed,H:2026/2025 P:2026/2025,,,Direct BvP not yet weighted; 2026/2025 Statcast baseline active,7,1,12,0,"Last 7 games: 1/12, 0 HR","platoon edge; pitcher baseline 9.3% barrel, 15.1 HR allowed",neutral batted-ball profile; pitcher fly-ball pressure modest,,
695657,Colson Montgomery,CWS,NYM,2026-08-21T23:40:00Z,Scheduled,7,Sean Manaea,640455,L,L,12.68,0.2389,88.98,101.7597,0.4366,0.2206,0.3144,76.65,69.74,49.44,34.0,42.47,24.5,9.32,42.04,89.31,0.4199,0.1736,28.4,15.1,15.1,15.1,Rate Field,100,,,,No,No,7,Yes,Yes,RotoWire projected lineup; MLB probable pitchers,lineup projected / unconfirmed,H:2026/2025 P:2026/2025,,,Direct BvP not yet weighted; 2026/2025 Statcast baseline active,7,7,28,0,"Last 7 games: 7/28, 0 HR","same-side matchup; pitcher baseline 9.3% barrel, 15.1 HR allowed",neutral batted-ball profile; pitcher fly-ball pressure modest,,
682668,Luisangel Acuna,CWS,NYM,2026-08-21T23:40:00Z,Scheduled,8,Sean Manaea,640455,L,R,2.73,0.0344,88.46,99.5808,0.3109,0.0686,0.2668,71.68,24.7,31.87,16.44,37.04,0.7,9.32,42.04,89.31,0.4199,0.1736,28.4,15.1,15.1,15.1,Rate Field,100,,,,No,No,8,Yes,Yes,RotoWire projected lineup; MLB probable pitchers,lineup projected / unconfirmed,H:2026/2025 P:2026/2025,,,Direct BvP not yet weighted; 2026/2025 Statcast baseline active,7,3,18,0,"Last 7 games: 3/18, 0 HR","platoon edge; pitcher baseline 9.3% barrel, 15.1 HR allowed",neutral batted-ball profile; pitcher fly-ball pressure modest,,
668670,Jake Rogers,CWS,NYM,2026-08-21T23:40:00Z,Scheduled,9,Sean Manaea,640455,L,R,8.99,0.1362,88.52,98.3057,0.3154,0.1277,0.2761,70.64,5.0,47.58,32.01,38.66,3.0,9.32,42.04,89.31,0.4199,0.1736,28.4,15.1,15.1,15.1,Rate Field,100,,,,No,No,9,Yes,Yes,RotoWire projected lineup; MLB probable pitchers,lineup projected / unconfirmed,H:2026/2025 P:2026/2025,,,Direct BvP not yet weighted; 2026/2025 Statcast baseline active,7,4,16,0,"Last 7 games: 4/16, 0 HR","platoon edge; pitcher baseline 9.3% barrel, 15.1 HR allowed",neutral batted-ball profile; pitcher fly-ball pressure modest,,
650402,Gleyber Torres,DET,KC,2026-08-22T00:10:00Z,Scheduled,1,Noah Cameron,702070,L,R,7.22,0.1303,87.34,97.8121,0.4067,0.1482,0.3441,68.63,5.68,26.34,27.87,35.15,10.4,7.56,37.96,88.74,0.4117,0.1625,26.38,15.2,15.2,15.2,Kauffman Stadium,92,,,,No,No,1,Yes,Yes,RotoWire projected lineup; MLB probable pitchers,lineup projected / unconfirmed,H:2026/2025 P:2026/2025,,,Direct BvP not yet weighted; 2026/2025 Statcast baseline active,7,10,27,0,Contact streak: 10/27 over last 7 games,"platoon edge; pitcher baseline 7.6% barrel, 15.2 HR allowed",neutral batted-ball profile; pitcher fly-ball pressure modest,,
693307,Dillon Dingler,DET,KC,2026-08-22T00:10:00Z,Scheduled,2,Noah Cameron,702070,L,R,10.11,0.2086,89.23,100.7174,0.4841,0.2053,0.3559,71.77,15.83,40.8,28.5,43.88,22.1,7.56,37.96,88.74,0.4117,0.1625,26.38,15.2,15.2,15.2,Kauffman Stadium,92,,,,No,No,2,Yes,Yes,RotoWire projected lineup; MLB probable pitchers,lineup projected / unconfirmed,H:2026/2025 P:2026/2025,,,Direct BvP not yet weighted; 2026/2025 Statcast baseline active,7,2,27,0,"Last 7 games: 2/27, 0 HR","platoon edge; pitcher baseline 7.6% barrel, 15.2 HR allowed",neutral batted-ball profile; pitcher fly-ball pressure modest,,
805808,Kevin McGonigle,DET,KC,2026-08-22T00:10:00Z,Scheduled,3,Noah Cameron,702070,L,L,6.8,0.142,88.1,98.2226,0.424,0.164,0.349,71.2,15.9,36.8,36.0,36.6,13.0,7.56,37.96,88.74,0.4117,0.1625,26.38,15.2,15.2,15.2,Kauffman Stadium,92,,,,No,No,3,Yes,Yes,RotoWire projected lineup; MLB probable pitchers,lineup projected / unconfirmed,H:2026 P:2026/2025,,,Direct BvP not yet weighted; 2026/2025 Statcast baseline active,7,6,28,1,"Last 7 games: 6/28, 1 HR","same-side matchup; pitcher baseline 7.6% barrel, 15.2 HR allowed",fly-ball profile; pitcher fly-ball pressure modest,,
701678,Hao-Yu Lee,DET,KC,2026-08-22T00:10:00Z,Scheduled,4,Noah Cameron,702070,L,R,8.1,0.148,88.8,99.5281,0.386,0.148,0.295,71.1,19.4,29.4,25.6,38.1,6.0,7.56,37.96,88.74,0.4117,0.1625,26.38,15.2,15.2,15.2,Kauffman Stadium,92,,,,No,No,4,Yes,Yes,RotoWire projected lineup; MLB probable pitchers,lineup projected / unconfirmed,H:2026 P:2026/2025,,,Direct BvP not yet weighted; 2026/2025 Statcast baseline active,7,6,15,0,Contact streak: 6/15 over last 7 games,"platoon edge; pitcher baseline 7.6% barrel, 15.2 HR allowed",neutral batted-ball profile; pitcher fly-ball pressure modest,,
679529,Spencer Torkelson,DET,KC,2026-08-22T00:10:00Z,Scheduled,5,Noah Cameron,702070,L,R,13.01,0.1957,89.57,100.207,0.4203,0.1999,0.32,73.07,25.88,47.14,35.69,42.23,23.3,7.56,37.96,88.74,0.4117,0.1625,26.38,15.2,15.2,15.2,Kauffman Stadium,92,,,,No,No,5,Yes,Yes,RotoWire projected lineup; MLB probable pitchers,lineup projected / unconfirmed,H:2026/2025 P:2026/2025,,,Direct BvP not yet weighted; 2026/2025 Statcast baseline active,7,3,22,0,"Last 7 games: 3/22, 0 HR","platoon edge; pitcher baseline 7.6% barrel, 15.2 HR allowed",fly-ball profile; pitcher fly-ball pressure modest,,
701162,Ben Malgeri,DET,KC,2026-08-22T00:10:00Z,Scheduled,6,Noah Cameron,702070,L,R,6.7,0.187,90.0,100.2235,0.365,0.124,0.329,69.0,4.5,37.8,26.7,42.2,3.0,7.56,37.96,88.74,0.4117,0.1625,26.38,15.2,15.2,15.2,Kauffman Stadium,92,,,,No,No,6,Yes,Yes,RotoWire projected lineup; MLB probable pitchers,lineup projected / unconfirmed,H:2026 P:2026/2025,,,Direct BvP not yet weighted; 2026/2025 Statcast baseline active,7,3,14,2,Hot streak: 2 HR in last 7 games,"platoon edge; pitcher baseline 7.6% barrel, 15.2 HR allowed",neutral batted-ball profile; pitcher fly-ball pressure modest,,
703601,Max Clark,DET,KC,2026-08-22T00:10:00Z,Scheduled,7,Noah Cameron,702070,L,L,1.9,0.143,85.4,96.9821,0.344,0.081,0.292,73.0,25.6,32.1,28.3,34.0,1.0,7.56,37.96,88.74,0.4117,0.1625,26.38,15.2,15.2,15.2,Kauffman Stadium,92,,,,No,No,7,Yes,Yes,RotoWire projected lineup; MLB probable pitchers,lineup projected / unconfirmed,H:2026 P:2026/2025,,,Direct BvP not yet weighted; 2026/2025 Statcast baseline active,7,6,25,0,"Last 7 games: 6/25, 0 HR","same-side matchup; pitcher baseline 7.6% barrel, 15.2 HR allowed",neutral batted-ball profile; pitcher fly-ball pressure modest,,
595879,Javier Baez,DET,KC,2026-08-22T00:10:00Z,Scheduled,8,Noah Cameron,702070,L,R,2.91,0.1091,86.24,97.5752,0.3303,0.0856,0.2696,73.29,32.27,44.0,21.35,35.07,5.0,7.56,37.96,88.74,0.4117,0.1625,26.38,15.2,15.2,15.2,Kauffman Stadium,92,,,,No,No,8,Yes,Yes,RotoWire projected lineup; MLB probable pitchers,lineup projected / unconfirmed,H:2026/2025 P:2026/2025,,,Direct BvP not yet weighted; 2026/2025 Statcast baseline active,7,3,23,0,"Last 7 games: 3/23, 0 HR","platoon edge; pitcher baseline 7.6% barrel, 15.2 HR allowed",neutral batted-ball profile; pitcher fly-ball pressure modest,,
667452,Corey Julks,DET,KC,2026-08-22T00:10:00Z,Scheduled,9,Noah Cameron,702070,L,R,0.0,0.2251,88.02,93.3718,0.2075,0.1297,0.1263,71.95,11.36,32.31,67.69,29.31,0.0,7.56,37.96,88.74,0.4117,0.1625,26.38,15.2,15.2,15.2,Kauffman Stadium,92,,,,No,No,9,Yes,Yes,RotoWire projected lineup; MLB probable pitchers,lineup projected / unconfirmed,H:2026/2025 P:2026/2025,,,Direct BvP not yet weighted; 2026/2025 Statcast baseline active,2,1,4,0,"Last 2 games: 1/4, 0 HR","platoon edge; pitcher baseline 7.6% barrel, 15.2 HR allowed",fly-ball profile; pitcher fly-ball pressure modest,,
695600,Carter Jensen,KC,DET,2026-08-22T00:10:00Z,Scheduled,1,Troy Melton,675512,R,L,13.38,0.201,92.11,102.6854,0.4405,0.1983,0.335,74.1,38.59,40.09,30.14,47.8,12.1,6.22,39.19,88.77,0.3507,0.1351,25.19,7.7,7.7,7.7,Kauffman Stadium,92,,,,No,No,1,Yes,Yes,RotoWire projected lineup; MLB probable pitchers,lineup projected / unconfirmed,H:2026/2025 P:2026/2025,,,Direct BvP not yet weighted; 2026/2025 Statcast baseline active,7,4,23,0,"Last 7 games: 4/23, 0 HR","platoon edge; pitcher baseline 6.2% barrel, 7.7 HR allowed",lift-pull EV profile; pitcher fly-ball pressure modest,,
677951,Bobby Witt,KC,DET,2026-08-22T00:10:00Z,Scheduled,2,Troy Melton,675512,R,R,12.08,0.1857,92.6,103.4792,0.5087,0.2108,0.3776,73.95,41.88,30.1,26.99,50.25,18.1,6.22,39.19,88.77,0.3507,0.1351,25.19,7.7,7.7,7.7,Kauffman Stadium,92,,,,No,No,2,Yes,Yes,RotoWire projected lineup; MLB probable pitchers,lineup projected / unconfirmed,H:2026/2025 P:2026/2025,,,Direct BvP not yet weighted; 2026/2025 Statcast baseline active,7,8,26,3,Hot streak: 3 HR in last 7 games,"same-side matchup; pitcher baseline 6.2% barrel, 7.7 HR allowed",EV profile; pitcher fly-ball pressure modest,,
695506,Jac Caglianone,KC,DET,2026-08-22T00:10:00Z,Scheduled,3,Troy Melton,675512,R,L,13.54,0.1926,92.06,104.8057,0.4891,0.2199,0.3504,77.33,75.04,43.16,22.19,51.22,17.5,6.22,39.19,88.77,0.3507,0.1351,25.19,7.7,7.7,7.7,Kauffman Stadium,92,,,,No,No,3,Yes,Yes,RotoWire projected lineup; MLB probable pitchers,lineup projected / unconfirmed,H:2026/2025 P:2026/2025,,,Direct BvP not yet weighted; 2026/2025 Statcast baseline active,7,11,24,1,Contact streak: 11/24 over last 7 games,"platoon edge; pitcher baseline 6.2% barrel, 7.7 HR allowed",EV profile; pitcher fly-ball pressure modest,,
686469,Vinnie Pasquantino,KC,DET,2026-08-22T00:10:00Z,Scheduled,4,Troy Melton,675512,R,L,8.28,0.1494,89.92,100.177,0.4217,0.1672,0.327,70.96,14.75,43.84,27.81,42.32,14.5,6.22,39.19,88.77,0.3507,0.1351,25.19,7.7,7.7,7.7,Kauffman Stadium,92,,,,No,No,4,Yes,Yes,RotoWire projected lineup; MLB probable pitchers,lineup projected / unconfirmed,H:2026/2025 P:2026/2025,,,Direct BvP not yet weighted; 2026/2025 Statcast baseline active,7,10,26,1,Contact streak: 10/26 over last 7 games,"platoon edge; pitcher baseline 6.2% barrel, 7.7 HR allowed",neutral batted-ball profile; pitcher fly-ball pressure modest,,
521692,Salvador Perez,KC,DET,2026-08-22T00:10:00Z,Scheduled,5,Troy Melton,675512,R,R,11.3,0.1673,89.3,100.6367,0.4486,0.2044,0.3171,71.99,22.0,42.19,31.13,43.55,20.2,6.22,39.19,88.77,0.3507,0.1351,25.19,7.7,7.7,7.7,Kauffman Stadium,92,,,,No,No,5,Yes,Yes,RotoWire projected lineup; MLB probable pitchers,lineup projected / unconfirmed,H:2026/2025 P:2026/2025,,,Direct BvP not yet weighted; 2026/2025 Statcast baseline active,7,7,23,0,"Last 7 games: 7/23, 0 HR","same-side matchup; pitcher baseline 6.2% barrel, 7.7 HR allowed",neutral batted-ball profile; pitcher fly-ball pressure modest,,
686681,Michael Massey,KC,DET,2026-08-22T00:10:00Z,Scheduled,6,Troy Melton,675512,R,L,5.54,0.139,89.04,98.6075,0.3838,0.1423,0.2881,71.5,12.26,49.57,32.06,37.83,8.6,6.22,39.19,88.77,0.3507,0.1351,25.19,7.7,7.7,7.7,Kauffman Stadium,92,,,,No,No,6,Yes,Yes,RotoWire projected lineup; MLB probable pitchers,lineup projected / unconfirmed,H:2026/2025 P:2026/2025,,,Direct BvP not yet weighted; 2026/2025 Statcast baseline active,7,12,22,2,Hot streak: 2 HR in last 7 games,"platoon edge; pitcher baseline 6.2% barrel, 7.7 HR allowed",neutral batted-ball profile; pitcher fly-ball pressure modest,,
679845,Nick Loftin,KC,DET,2026-08-22T00:10:00Z,Scheduled,7,Troy Melton,675512,R,R,4.9,0.1448,87.29,96.8607,0.3478,0.1144,0.2996,69.12,5.66,44.92,27.73,29.87,4.7,6.22,39.19,88.77,0.3507,0.1351,25.19,7.7,7.7,7.7,Kauffman Stadium,92,,,,No,No,7,Yes,Yes,RotoWire projected lineup; MLB probable pitchers,lineup projected / unconfirmed,H:2026/2025 P:2026/2025,,,Direct BvP not yet weighted; 2026/2025 Statcast baseline active,7,2,24,0,"Last 7 games: 2/24, 0 HR","same-side matchup; pitcher baseline 6.2% barrel, 7.7 HR allowed",neutral batted-ball profile; pitcher fly-ball pressure modest,,
686555,Isaac Collins,KC,DET,2026-08-22T00:10:00Z,Scheduled,8,Troy Melton,675512,R,S,5.6,0.1291,88.73,99.9525,0.3338,0.0997,0.3073,73.33,30.27,39.77,26.3,39.88,6.9,6.22,39.19,88.77,0.3507,0.1351,25.19,7.7,7.7,7.7,Kauffman Stadium,92,,,,No,No,8,Yes,Yes,RotoWire projected lineup; MLB probable pitchers,lineup projected / unconfirmed,H:2026/2025 P:2026/2025,,,Direct BvP not yet weighted; 2026/2025 Statcast baseline active,7,2,19,0,"Last 7 games: 2/19, 0 HR","switch hitter; pitcher baseline 6.2% barrel, 7.7 HR allowed",neutral batted-ball profile; pitcher fly-ball pressure modest,,
664728,Kyle Isbel,KC,DET,2026-08-22T00:10:00Z,Scheduled,9,Troy Melton,675512,R,L,2.23,0.1015,88.29,98.9938,0.3019,0.0756,0.2594,71.24,14.25,32.88,17.75,34.63,4.0,6.22,39.19,88.77,0.3507,0.1351,25.19,7.7,7.7,7.7,Kauffman Stadium,92,,,,No,No,9,Yes,Yes,RotoWire projected lineup; MLB probable pitchers,lineup projected / unconfirmed,H:2026/2025 P:2026/2025,,,Direct BvP not yet weighted; 2026/2025 Statcast baseline active,7,4,21,0,"Last 7 games: 4/21, 0 HR","platoon edge; pitcher baseline 6.2% barrel, 7.7 HR allowed",neutral batted-ball profile; pitcher fly-ball pressure modest,,
703607,Henry Bolte,ATH,HOU,2026-08-22T00:10:00Z,Scheduled,1,Hayden Wesneski,669713,R,R,7.0,0.098,91.1,104.4964,0.361,0.119,0.303,77.0,74.0,31.5,17.0,47.7,6.0,8.19,42.03,89.56,0.4227,0.1627,27.47,3.5,3.5,3.5,Daikin Park,100,,,,No,No,1,Yes,Yes,RotoWire projected lineup; MLB probable pitchers,lineup projected / unconfirmed,H:2026 P:2026/2025,,,Direct BvP not yet weighted; 2026/2025 Statcast baseline active,7,11,31,1,Contact streak: 11/31 over last 7 games,"same-side matchup; pitcher baseline 8.2% barrel, 3.5 HR allowed",neutral batted-ball profile; pitcher fly-ball pressure modest,,
643446,Jeff McNeil,ATH,HOU,2026-08-22T00:10:00Z,Scheduled,2,Hayden Wesneski,669713,R,L,2.86,0.1176,86.85,96.7009,0.3775,0.1041,0.3153,69.23,5.3,43.56,23.4,31.71,7.8,8.19,42.03,89.56,0.4227,0.1627,27.47,3.5,3.5,3.5,Daikin Park,100,,,,No,No,2,Yes,Yes,RotoWire projected lineup; MLB probable pitchers,lineup projected / unconfirmed,H:2026/2025 P:2026/2025,,,Direct BvP not yet weighted; 2026/2025 Statcast baseline active,7,9,27,2,Hot streak: 2 HR in last 7 games,"platoon edge; pitcher baseline 8.2% barrel, 3.5 HR allowed",neutral batted-ball profile; pitcher fly-ball pressure modest,,
680869,Zack Gelof,ATH,HOU,2026-08-22T00:10:00Z,Scheduled,3,Hayden Wesneski,669713,R,R,9.49,0.1778,88.59,99.5884,0.3704,0.1676,0.2785,73.29,28.2,40.16,27.24,43.07,10.4,8.19,42.03,89.56,0.4227,0.1627,27.47,3.5,3.5,3.5,Daikin Park,100,,,,No,No,3,Yes,Yes,RotoWire projected lineup; MLB probable pitchers,lineup projected / unconfirmed,H:2026/2025 P:2026/2025,,,Direct BvP not yet weighted; 2026/2025 Statcast baseline active,7,4,25,1,"Last 7 games: 4/25, 1 HR","same-side matchup; pitcher baseline 8.2% barrel, 3.5 HR allowed",neutral batted-ball profile; pitcher fly-ball pressure modest,,
671732,Lawrence Butler,ATH,HOU,2026-08-22T00:10:00Z,Scheduled,4,Hayden Wesneski,669713,R,L,8.15,0.149,89.59,101.6884,0.3853,0.1486,0.3124,73.7,38.65,34.68,22.91,44.75,14.0,8.19,42.03,89.56,0.4227,0.1627,27.47,3.5,3.5,3.5,Daikin Park,100,,,,No,No,4,Yes,Yes,RotoWire projected lineup; MLB probable pitchers,lineup projected / unconfirmed,H:2026/2025 P:2026/2025,,,Direct BvP not yet weighted; 2026/2025 Statcast baseline active,7,9,25,2,Hot streak: 2 HR in last 7 games,"platoon edge; pitcher baseline 8.2% barrel, 3.5 HR allowed",neutral batted-ball profile; pitcher fly-ball pressure modest,,
695720,Tommy White,ATH,HOU,2026-08-22T00:10:00Z,Scheduled,5,Hayden Wesneski,669713,R,R,6.6,0.073,85.2,96.928,0.378,0.114,0.291,69.6,13.2,31.9,19.8,31.9,2.0,8.19,42.03,89.56,0.4227,0.1627,27.47,3.5,3.5,3.5,Daikin Park,100,,,,No,No,5,Yes,Yes,RotoWire projected lineup; MLB probable pitchers,lineup projected / unconfirmed,H:2026 P:2026/2025,,,Direct BvP not yet weighted; 2026/2025 Statcast baseline active,7,7,23,2,Hot streak: 2 HR in last 7 games,"same-side matchup; pitcher baseline 8.2% barrel, 3.5 HR allowed",neutral batted-ball profile; pitcher fly-ball pressure modest,,
666126,Carlos Cortes,ATH,HOU,2026-08-22T00:10:00Z,Scheduled,6,Hayden Wesneski,669713,R,L,7.31,0.1731,89.52,99.7335,0.408,0.149,0.3196,70.76,14.41,30.69,23.29,39.87,6.1,8.19,42.03,89.56,0.4227,0.1627,27.47,3.5,3.5,3.5,Daikin Park,100,,,,No,No,6,Yes,Yes,RotoWire projected lineup; MLB probable pitchers,lineup projected / unconfirmed,H:2026/2025 P:2026/2025,,,Direct BvP not yet weighted; 2026/2025 Statcast baseline active,7,6,22,0,"Last 7 games: 6/22, 0 HR","platoon edge; pitcher baseline 8.2% barrel, 3.5 HR allowed",neutral batted-ball profile; pitcher fly-ball pressure modest,,
641680,Jonah Heim,ATH,HOU,2026-08-22T00:10:00Z,Scheduled,7,Hayden Wesneski,669713,R,S,6.73,0.1617,87.82,97.9447,0.3705,0.1417,0.2921,69.84,9.31,40.07,28.6,33.45,11.0,8.19,42.03,89.56,0.4227,0.1627,27.47,3.5,3.5,3.5,Daikin Park,100,,,,No,No,7,Yes,Yes,RotoWire projected lineup; MLB probable pitchers,lineup projected / unconfirmed,H:2026/2025 P:2026/2025,,,Direct BvP not yet weighted; 2026/2025 Statcast baseline active,7,1,20,0,"Last 7 games: 1/20, 0 HR","switch hitter; pitcher baseline 8.2% barrel, 3.5 HR allowed",neutral batted-ball profile; pitcher fly-ball pressure modest,,
622268,Donovan Walton,ATH,HOU,2026-08-22T00:10:00Z,Scheduled,8,Hayden Wesneski,669713,R,L,2.94,0.1099,89.03,97.5996,0.3541,0.0963,0.3013,67.64,0.28,37.0,21.81,34.0,2.1,8.19,42.03,89.56,0.4227,0.1627,27.47,3.5,3.5,3.5,Daikin Park,100,,,,No,No,8,Yes,Yes,RotoWire projected lineup; MLB probable pitchers,lineup projected / unconfirmed,H:2026/2025 P:2026/2025,,,Direct BvP not yet weighted; 2026/2025 Statcast baseline active,7,5,18,0,"Last 7 games: 5/18, 0 HR","platoon edge; pitcher baseline 8.2% barrel, 3.5 HR allowed",neutral batted-ball profile; pitcher fly-ball pressure modest,,
691777,Max Muncy,ATH,HOU,2026-08-22T00:10:00Z,Scheduled,9,Hayden Wesneski,669713,R,R,10.87,0.1615,89.62,100.9786,0.3593,0.1493,0.2824,73.94,44.84,41.84,23.49,41.08,6.9,8.19,42.03,89.56,0.4227,0.1627,27.47,3.5,3.5,3.5,Daikin Park,100,,,,No,No,9,Yes,Yes,RotoWire projected lineup; MLB probable pitchers,lineup projected / unconfirmed,H:2026/2025 P:2026/2025,,,Direct BvP not yet weighted; 2026/2025 Statcast baseline active,7,4,20,1,"Last 7 games: 4/20, 1 HR","same-side matchup; pitcher baseline 8.2% barrel, 3.5 HR allowed",neutral batted-ball profile; pitcher fly-ball pressure modest,,
665161,Jeremy Pena,HOU,ATH,2026-08-22T00:10:00Z,Scheduled,1,J.T. Ginn,669372,R,R,6.17,0.1821,88.48,99.8889,0.4229,0.1459,0.3326,72.23,14.06,46.41,23.8,40.73,14.9,6.86,37.99,87.63,0.3691,0.1351,23.01,14.9,14.9,14.9,Daikin Park,100,,,,No,No,1,Yes,Yes,RotoWire projected lineup; MLB probable pitchers,lineup projected / unconfirmed,H:2026/2025 P:2026/2025,,,Direct BvP not yet weighted; 2026/2025 Statcast baseline active,7,4,27,1,"Last 7 games: 4/27, 1 HR","same-side matchup; pitcher baseline 6.9% barrel, 14.9 HR allowed",neutral batted-ball profile; pitcher fly-ball pressure modest,,
670541,Yordan Alvarez,HOU,ATH,2026-08-22T00:10:00Z,Scheduled,2,J.T. Ginn,669372,R,L,16.32,0.2543,94.56,104.964,0.6358,0.3217,0.4385,76.1,61.8,41.58,36.31,53.18,27.0,6.86,37.99,87.63,0.3691,0.1351,23.01,14.9,14.9,14.9,Daikin Park,100,,,,No,No,2,Yes,Yes,RotoWire projected lineup; MLB probable pitchers,lineup projected / unconfirmed,H:2026/2025 P:2026/2025,,,Direct BvP not yet weighted; 2026/2025 Statcast baseline active,7,6,23,1,"Last 7 games: 6/23, 1 HR","platoon edge; pitcher baseline 6.9% barrel, 14.9 HR allowed",lift-pull EV profile; pitcher fly-ball pressure modest,,
670623,Isaac Paredes,HOU,ATH,2026-08-22T00:10:00Z,Scheduled,3,J.T. Ginn,669372,R,R,5.6,0.1746,86.49,96.9357,0.3786,0.132,0.3235,67.74,7.64,52.28,30.59,30.1,17.2,6.86,37.99,87.63,0.3691,0.1351,23.01,14.9,14.9,14.9,Daikin Park,100,,,,No,No,3,Yes,Yes,RotoWire projected lineup; MLB probable pitchers,lineup projected / unconfirmed,H:2026/2025 P:2026/2025,,,Direct BvP not yet weighted; 2026/2025 Statcast baseline active,7,9,25,1,Contact streak: 9/25 over last 7 games,"same-side matchup; pitcher baseline 6.9% barrel, 14.9 HR allowed",neutral batted-ball profile; pitcher fly-ball pressure modest,,
662139,Daulton Varsho,HOU,ATH,2026-08-22T00:10:00Z,Scheduled,4,J.T. Ginn,669372,R,L,8.9,0.1798,87.73,99.5292,0.3953,0.1648,0.2997,73.71,36.53,41.5,30.43,38.41,11.6,6.86,37.99,87.63,0.3691,0.1351,23.01,14.9,14.9,14.9,Daikin Park,100,,,,No,No,4,Yes,Yes,RotoWire projected lineup; MLB probable pitchers,lineup projected / unconfirmed,H:2026/2025 P:2026/2025,,,Direct BvP not yet weighted; 2026/2025 Statcast baseline active,7,3,24,0,"Last 7 games: 3/24, 0 HR","platoon edge; pitcher baseline 6.9% barrel, 14.9 HR allowed",neutral batted-ball profile; pitcher fly-ball pressure modest,,
514888,Jose Altuve,HOU,ATH,2026-08-22T00:10:00Z,Scheduled,5,J.T. Ginn,669372,R,R,5.29,0.1581,85.1,96.9446,0.3462,0.119,0.2832,69.07,10.2,46.06,21.67,31.18,16.9,6.86,37.99,87.63,0.3691,0.1351,23.01,14.9,14.9,14.9,Daikin Park,100,,,,No,No,5,Yes,Yes,RotoWire projected lineup; MLB probable pitchers,lineup projected / unconfirmed,H:2026/2025 P:2026/2025,,,Direct BvP not yet weighted; 2026/2025 Statcast baseline active,7,7,21,0,Contact streak: 7/21 over last 7 games,"same-side matchup; pitcher baseline 6.9% barrel, 14.9 HR allowed",neutral batted-ball profile; pitcher fly-ball pressure modest,,
572233,Christian Walker,HOU,ATH,2026-08-22T00:10:00Z,Scheduled,6,J.T. Ginn,669372,R,R,10.38,0.2019,89.78,101.4918,0.4007,0.1736,0.3063,74.31,43.76,43.11,28.14,42.81,24.2,6.86,37.99,87.63,0.3691,0.1351,23.01,14.9,14.9,14.9,Daikin Park,100,,,,No,No,6,Yes,Yes,RotoWire projected lineup; MLB probable pitchers,lineup projected / unconfirmed,H:2026/2025 P:2026/2025,,,Direct BvP not yet weighted; 2026/2025 Statcast baseline active,7,2,24,1,"Last 7 games: 2/24, 1 HR","same-side matchup; pitcher baseline 6.9% barrel, 14.9 HR allowed",neutral batted-ball profile; pitcher fly-ball pressure modest,,
666211,Taylor Trammell,HOU,ATH,2026-08-22T00:10:00Z,Scheduled,7,J.T. Ginn,669372,R,L,11.23,0.1577,89.32,100.7691,0.3665,0.1725,0.2892,75.72,57.8,46.12,29.95,38.2,5.8,6.86,37.99,87.63,0.3691,0.1351,23.01,14.9,14.9,14.9,Daikin Park,100,,,,No,No,7,Yes,Yes,RotoWire projected lineup; MLB probable pitchers,lineup projected / unconfirmed,H:2026/2025 P:2026/2025,,,Direct BvP not yet weighted; 2026/2025 Statcast baseline active,7,1,22,0,"Last 7 games: 1/22, 0 HR","platoon edge; pitcher baseline 6.9% barrel, 14.9 HR allowed",neutral batted-ball profile; pitcher fly-ball pressure modest,,
701358,Cam Smith,HOU,ATH,2026-08-22T00:10:00Z,Scheduled,8,J.T. Ginn,669372,R,R,10.26,0.1598,88.95,101.67,0.4194,0.1774,0.3201,76.74,67.83,38.05,25.42,43.74,14.6,6.86,37.99,87.63,0.3691,0.1351,23.01,14.9,14.9,14.9,Daikin Park,100,,,,No,No,8,Yes,Yes,RotoWire projected lineup; MLB probable pitchers,lineup projected / unconfirmed,H:2026/2025 P:2026/2025,,,Direct BvP not yet weighted; 2026/2025 Statcast baseline active,7,2,19,1,"Last 7 games: 2/19, 1 HR","same-side matchup; pitcher baseline 6.9% barrel, 14.9 HR allowed",neutral batted-ball profile; pitcher fly-ball pressure modest,,
673237,Yainer Diaz,HOU,ATH,2026-08-22T00:10:00Z,Scheduled,9,J.T. Ginn,669372,R,R,6.38,0.1463,88.43,99.489,0.4209,0.1515,0.312,72.48,21.74,36.21,18.89,37.16,11.6,6.86,37.99,87.63,0.3691,0.1351,23.01,14.9,14.9,14.9,Daikin Park,100,,,,No,No,9,Yes,Yes,RotoWire projected lineup; MLB probable pitchers,lineup projected / unconfirmed,H:2026/2025 P:2026/2025,,,Direct BvP not yet weighted; 2026/2025 Statcast baseline active,7,3,13,0,"Last 7 games: 3/13, 0 HR","same-side matchup; pitcher baseline 6.9% barrel, 14.9 HR allowed",neutral batted-ball profile; pitcher fly-ball pressure modest,,
687263,Zach Neto,LAA,TEX,2026-08-22T00:15:00Z,Scheduled,1,MacKenzie Gore,669022,L,R,12.25,0.1988,89.81,100.2029,0.4222,0.2055,0.3125,71.26,13.48,46.78,35.1,42.33,22.5,9.34,42.63,89.42,0.3891,0.1509,27.79,18.6,18.6,18.6,Globe Life Field,100,,,,No,No,1,Yes,Yes,RotoWire projected lineup; MLB probable pitchers,lineup projected / unconfirmed,H:2026/2025 P:2026/2025,,,Direct BvP not yet weighted; 2026/2025 Statcast baseline active,7,9,27,1,Contact streak: 9/27 over last 7 games,"platoon edge; pitcher baseline 9.3% barrel, 18.6 HR allowed",fly-ball profile; pitcher fly-ball pressure modest,,
545361,Mike Trout,LAA,TEX,2026-08-22T00:15:00Z,Scheduled,2,MacKenzie Gore,669022,L,R,15.66,0.1986,90.2,102.897,0.4873,0.2397,0.3748,74.63,47.77,37.21,32.96,46.92,21.8,9.34,42.63,89.42,0.3891,0.1509,27.79,18.6,18.6,18.6,Globe Life Field,100,,,,No,No,2,Yes,Yes,RotoWire projected lineup; MLB probable pitchers,lineup projected / unconfirmed,H:2026/2025 P:2026/2025,,,Direct BvP not yet weighted; 2026/2025 Statcast baseline active,7,6,27,0,"Last 7 games: 6/27, 0 HR","platoon edge; pitcher baseline 9.3% barrel, 18.6 HR allowed",neutral batted-ball profile; pitcher fly-ball pressure modest,,
694384,Nolan Schanuel,LAA,TEX,2026-08-22T00:15:00Z,Scheduled,3,MacKenzie Gore,669022,L,L,3.03,0.1138,87.43,97.0618,0.3887,0.1092,0.3319,67.89,5.69,41.08,22.55,31.73,8.5,9.34,42.63,89.42,0.3891,0.1509,27.79,18.6,18.6,18.6,Globe Life Field,100,,,,No,No,3,Yes,Yes,RotoWire projected lineup; MLB probable pitchers,lineup projected / unconfirmed,H:2026/2025 P:2026/2025,,,Direct BvP not yet weighted; 2026/2025 Statcast baseline active,7,8,25,0,Contact streak: 8/25 over last 7 games,"same-side matchup; pitcher baseline 9.3% barrel, 18.6 HR allowed",neutral batted-ball profile; pitcher fly-ball pressure modest,,
687093,Vaughn Grissom,LAA,TEX,2026-08-22T00:15:00Z,Scheduled,4,MacKenzie Gore,669022,L,R,6.3,0.128,88.0,99.2041,0.381,0.129,0.309,71.4,18.5,42.1,25.4,38.3,7.0,9.34,42.63,89.42,0.3891,0.1509,27.79,18.6,18.6,18.6,Globe Life Field,100,,,,No,No,4,Yes,Yes,RotoWire projected lineup; MLB probable pitchers,lineup projected / unconfirmed,H:2026 P:2026/2025,,,Direct BvP not yet weighted; 2026/2025 Statcast baseline active,7,6,29,0,"Last 7 games: 6/29, 0 HR","platoon edge; pitcher baseline 9.3% barrel, 18.6 HR allowed",neutral batted-ball profile; pitcher fly-ball pressure modest,,
642350,Jose Siri,LAA,TEX,2026-08-22T00:15:00Z,Scheduled,5,MacKenzie Gore,669022,L,R,16.29,0.1628,87.7,100.1111,0.4047,0.2134,0.2904,73.29,36.27,31.2,43.32,40.23,4.9,9.34,42.63,89.42,0.3891,0.1509,27.79,18.6,18.6,18.6,Globe Life Field,100,,,,No,No,5,Yes,Yes,RotoWire projected lineup; MLB probable pitchers,lineup projected / unconfirmed,H:2026/2025 P:2026/2025,,,Direct BvP not yet weighted; 2026/2025 Statcast baseline active,7,2,11,0,"Last 7 games: 2/11, 0 HR","platoon edge; pitcher baseline 9.3% barrel, 18.6 HR allowed",fly-ball profile; pitcher fly-ball pressure modest,,
694208,Moises Ballesteros,LAA,TEX,2026-08-22T00:15:00Z,Scheduled,6,MacKenzie Gore,669022,L,L,8.03,0.1347,90.15,100.9467,0.3853,0.1436,0.3123,72.78,33.78,33.87,20.65,42.89,4.8,9.34,42.63,89.42,0.3891,0.1509,27.79,18.6,18.6,18.6,Globe Life Field,100,,,,No,No,6,Yes,Yes,RotoWire projected lineup; MLB probable pitchers,lineup projected / unconfirmed,H:2026/2025 P:2026/2025,,,Direct BvP not yet weighted; 2026/2025 Statcast baseline active,7,4,27,0,"Last 7 games: 4/27, 0 HR","same-side matchup; pitcher baseline 9.3% barrel, 18.6 HR allowed",neutral batted-ball profile; pitcher fly-ball pressure modest,,
694203,Denzer Guzman,LAA,TEX,2026-08-22T00:15:00Z,Scheduled,7,MacKenzie Gore,669022,L,R,8.7,0.1425,86.71,98.2842,0.33,0.119,0.2539,73.5,35.27,41.02,25.31,36.67,4.8,9.34,42.63,89.42,0.3891,0.1509,27.79,18.6,18.6,18.6,Globe Life Field,100,,,,No,No,7,Yes,Yes,RotoWire projected lineup; MLB probable pitchers,lineup projected / unconfirmed,H:2026/2025 P:2026/2025,,,Direct BvP not yet weighted; 2026/2025 Statcast baseline active,7,7,24,1,"Last 7 games: 7/24, 1 HR","platoon edge; pitcher baseline 9.3% barrel, 18.6 HR allowed",neutral batted-ball profile; pitcher fly-ball pressure modest,,
685133,Wade Meckler,LAA,TEX,2026-08-22T00:15:00Z,Scheduled,8,MacKenzie Gore,669022,L,L,3.2,0.092,86.4,96.5058,0.352,0.1,0.305,68.9,2.5,34.4,18.5,31.8,3.0,9.34,42.63,89.42,0.3891,0.1509,27.79,18.6,18.6,18.6,Globe Life Field,100,,,,No,No,8,Yes,Yes,RotoWire projected lineup; MLB probable pitchers,lineup projected / unconfirmed,H:2026 P:2026/2025,,,Direct BvP not yet weighted; 2026/2025 Statcast baseline active,7,4,24,0,"Last 7 games: 4/24, 0 HR","same-side matchup; pitcher baseline 9.3% barrel, 18.6 HR allowed",neutral batted-ball profile; pitcher fly-ball pressure modest,,
518595,Travis d'Arnaud,LAA,TEX,2026-08-22T00:15:00Z,Scheduled,9,MacKenzie Gore,669022,L,R,13.71,0.1019,87.29,97.6828,0.3607,0.1736,0.2851,71.01,13.81,29.32,30.39,31.95,2.5,9.34,42.63,89.42,0.3891,0.1509,27.79,18.6,18.6,18.6,Globe Life Field,100,,,,No,No,9,Yes,Yes,RotoWire projected lineup; MLB probable pitchers,lineup projected / unconfirmed,H:2026/2025 P:2026/2025,,,Direct BvP not yet weighted; 2026/2025 Statcast baseline active,7,2,13,0,"Last 7 games: 2/13, 0 HR","platoon edge; pitcher baseline 9.3% barrel, 18.6 HR allowed",neutral batted-ball profile; pitcher fly-ball pressure modest,,
694671,Wyatt Langford,TEX,LAA,2026-08-22T00:15:00Z,Scheduled,1,Reid Detmers,672282,L,R,9.59,0.1991,90.21,100.9763,0.4137,0.1764,0.3201,72.68,26.03,43.17,28.71,42.24,16.4,8.27,39.58,90.03,0.363,0.1439,28.69,13.7,13.7,13.7,Globe Life Field,100,,,,No,No,1,Yes,Yes,RotoWire projected lineup; MLB probable pitchers,lineup projected / unconfirmed,H:2026/2025 P:2026/2025,,,Direct BvP not yet weighted; 2026/2025 Statcast baseline active,7,6,26,1,"Last 7 games: 6/26, 1 HR","platoon edge; pitcher baseline 8.3% barrel, 13.7 HR allowed",neutral batted-ball profile; pitcher fly-ball pressure modest,,
608369,Corey Seager,TEX,LAA,2026-08-22T00:15:00Z,Scheduled,2,Reid Detmers,672282,L,L,15.16,0.2027,91.92,102.623,0.4927,0.2434,0.3573,71.94,15.86,40.78,31.83,49.33,15.4,8.27,39.58,90.03,0.363,0.1439,28.69,13.7,13.7,13.7,Globe Life Field,100,,,,No,No,2,Yes,Yes,RotoWire projected lineup; MLB probable pitchers,lineup projected / unconfirmed,H:2026/2025 P:2026/2025,,,Direct BvP not yet weighted; 2026/2025 Statcast baseline active,7,11,24,2,Hot streak: 2 HR in last 7 games,"same-side matchup; pitcher baseline 8.3% barrel, 13.7 HR allowed",neutral batted-ball profile; pitcher fly-ball pressure modest,,
669394,Jake Burger,TEX,LAA,2026-08-22T00:15:00Z,Scheduled,3,Reid Detmers,672282,L,R,11.73,0.183,90.05,102.7006,0.4213,0.1858,0.3079,75.37,58.14,42.09,27.83,47.1,19.5,8.27,39.58,90.03,0.363,0.1439,28.69,13.7,13.7,13.7,Globe Life Field,100,,,,No,No,3,Yes,Yes,RotoWire projected lineup; MLB probable pitchers,lineup projected / unconfirmed,H:2026/2025 P:2026/2025,,,Direct BvP not yet weighted; 2026/2025 Statcast baseline active,7,6,26,2,Hot streak: 2 HR in last 7 games,"platoon edge; pitcher baseline 8.3% barrel, 13.7 HR allowed",neutral batted-ball profile; pitcher fly-ball pressure modest,,
607043,Brandon Nimmo,TEX,LAA,2026-08-22T00:15:00Z,Scheduled,4,Reid Detmers,672282,L,L,9.85,0.1649,92.04,102.1287,0.4652,0.1894,0.3497,72.27,27.39,32.47,26.05,50.83,16.6,8.27,39.58,90.03,0.363,0.1439,28.69,13.7,13.7,13.7,Globe Life Field,100,,,,No,No,4,Yes,Yes,RotoWire projected lineup; MLB probable pitchers,lineup projected / unconfirmed,H:2026/2025 P:2026/2025,,,Direct BvP not yet weighted; 2026/2025 Statcast baseline active,7,4,27,0,"Last 7 games: 4/27, 0 HR","same-side matchup; pitcher baseline 8.3% barrel, 13.7 HR allowed",EV profile; pitcher fly-ball pressure modest,,
677649,Ezequiel Duran,TEX,LAA,2026-08-22T00:15:00Z,Scheduled,5,Reid Detmers,672282,L,R,5.12,0.139,87.61,98.7689,0.3496,0.1146,0.2848,72.34,24.59,35.87,21.51,34.75,9.1,8.27,39.58,90.03,0.363,0.1439,28.69,13.7,13.7,13.7,Globe Life Field,100,,,,No,No,5,Yes,Yes,RotoWire projected lineup; MLB probable pitchers,lineup projected / unconfirmed,H:2026/2025 P:2026/2025,,,Direct BvP not yet weighted; 2026/2025 Statcast baseline active,7,5,25,0,"Last 7 games: 5/25, 0 HR","platoon edge; pitcher baseline 8.3% barrel, 13.7 HR allowed",neutral batted-ball profile; pitcher fly-ball pressure modest,,
679822,Justin Foscue,TEX,LAA,2026-08-22T00:15:00Z,Scheduled,6,Reid Detmers,672282,L,R,6.86,0.188,90.06,99.5234,0.3833,0.1677,0.2821,71.1,9.8,46.22,34.39,48.78,5.6,8.27,39.58,90.03,0.363,0.1439,28.69,13.7,13.7,13.7,Globe Life Field,100,,,,No,No,6,Yes,Yes,RotoWire projected lineup; MLB probable pitchers,lineup projected / unconfirmed,H:2026/2025 P:2026/2025,,,Direct BvP not yet weighted; 2026/2025 Statcast baseline active,7,5,13,1,Contact streak: 5/13 over last 7 games,"platoon edge; pitcher baseline 8.3% barrel, 13.7 HR allowed",neutral batted-ball profile; pitcher fly-ball pressure modest,,
553869,Elias Diaz,TEX,LAA,2026-08-22T00:15:00Z,Scheduled,7,Reid Detmers,672282,L,R,6.9,0.1466,87.0,99.662,0.3494,0.132,0.2617,74.27,43.44,37.44,28.08,38.0,6.2,8.27,39.58,90.03,0.363,0.1439,28.69,13.7,13.7,13.7,Globe Life Field,100,,,,No,No,7,Yes,Yes,RotoWire projected lineup; MLB probable pitchers,lineup projected / unconfirmed,H:2026/2025 P:2026/2025,,,Direct BvP not yet weighted; 2026/2025 Statcast baseline active,7,2,17,0,"Last 7 games: 2/17, 0 HR","platoon edge; pitcher baseline 8.3% barrel, 13.7 HR allowed",neutral batted-ball profile; pitcher fly-ball pressure modest,,
683227,Cody Freeman,TEX,LAA,2026-08-22T00:15:00Z,Scheduled,8,Reid Detmers,672282,L,R,1.26,0.0342,82.45,92.8566,0.2028,0.0387,0.2178,65.9,0.45,40.06,19.58,18.24,0.9,8.27,39.58,90.03,0.363,0.1439,28.69,13.7,13.7,13.7,Globe Life Field,100,,,,No,No,8,Yes,Yes,RotoWire projected lineup; MLB probable pitchers,lineup projected / unconfirmed,H:2026/2025 P:2026/2025,,,Direct BvP not yet weighted; 2026/2025 Statcast baseline active,7,3,13,0,"Last 7 games: 3/13, 0 HR","platoon edge; pitcher baseline 8.3% barrel, 13.7 HR allowed",neutral batted-ball profile; pitcher fly-ball pressure modest,,
694497,Evan Carter,TEX,LAA,2026-08-22T00:15:00Z,Scheduled,9,Reid Detmers,672282,L,L,5.76,0.131,87.47,98.6045,0.3334,0.1211,0.2912,71.02,17.51,38.28,28.33,35.37,7.1,8.27,39.58,90.03,0.363,0.1439,28.69,13.7,13.7,13.7,Globe Life Field,100,,,,No,No,9,Yes,Yes,RotoWire projected lineup; MLB probable pitchers,lineup projected / unconfirmed,H:2026/2025 P:2026/2025,,,Direct BvP not yet weighted; 2026/2025 Statcast baseline active,7,5,24,0,"Last 7 games: 5/24, 0 HR","same-side matchup; pitcher baseline 8.3% barrel, 13.7 HR allowed",neutral batted-ball profile; pitcher fly-ball pressure modest,,
680757,Steven Kwan,CLE,COL,2026-08-22T00:40:00Z,Scheduled,1,Tanner Gordon,685299,R,L,0.78,0.074,84.38,92.4695,0.3429,0.0713,0.3212,62.8,0.38,27.88,23.58,11.95,4.7,11.22,43.93,91.15,0.4985,0.2244,33.53,15.3,15.3,15.3,Coors Field,120,,,,No,No,1,Yes,Yes,RotoWire projected lineup; MLB probable pitchers,lineup projected / unconfirmed,H:2026/2025 P:2026/2025,,,Direct BvP not yet weighted; 2026/2025 Statcast baseline active,7,5,23,0,"Last 7 games: 5/23, 0 HR","platoon edge; pitcher baseline 11.2% barrel, 15.3 HR allowed",neutral batted-ball profile; pitcher allows elevated contact,,
800050,Chase DeLauter,CLE,COL,2026-08-22T00:40:00Z,Scheduled,2,Tanner Gordon,685299,R,L,6.5,0.157,91.2,101.3808,0.43,0.153,0.346,71.3,17.3,38.0,19.0,45.5,13.0,11.22,43.93,91.15,0.4985,0.2244,33.53,15.3,15.3,15.3,Coors Field,120,,,,No,No,2,Yes,Yes,RotoWire projected lineup; MLB probable pitchers,lineup projected / unconfirmed,H:2026 P:2026/2025,,,Direct BvP not yet weighted; 2026/2025 Statcast baseline active,7,10,27,1,Contact streak: 10/27 over last 7 games,"platoon edge; pitcher baseline 11.2% barrel, 15.3 HR allowed",neutral batted-ball profile; pitcher allows elevated contact,,
608070,Jose Ramirez,CLE,COL,2026-08-22T00:40:00Z,Scheduled,3,Tanner Gordon,685299,R,S,5.6,0.1661,89.18,99.6775,0.4327,0.1487,0.3483,70.34,13.4,50.27,29.62,40.15,16.0,11.22,43.93,91.15,0.4985,0.2244,33.53,15.3,15.3,15.3,Coors Field,120,,,,No,No,3,Yes,Yes,RotoWire projected lineup; MLB probable pitchers,lineup projected / unconfirmed,H:2026/2025 P:2026/2025,,,Direct BvP not yet weighted; 2026/2025 Statcast baseline active,7,7,24,0,"Last 7 games: 7/24, 0 HR","switch hitter; pitcher baseline 11.2% barrel, 15.3 HR allowed",neutral batted-ball profile; pitcher allows elevated contact,,
663993,Nathaniel Lowe,CLE,COL,2026-08-22T00:40:00Z,Scheduled,4,Tanner Gordon,685299,R,L,8.54,0.1964,89.28,101.0969,0.4255,0.1702,0.3282,74.0,39.29,35.59,25.92,42.2,15.2,11.22,43.93,91.15,0.4985,0.2244,33.53,15.3,15.3,15.3,Coors Field,120,,,,No,No,4,Yes,Yes,RotoWire projected lineup; MLB probable pitchers,lineup projected / unconfirmed,H:2026/2025 P:2026/2025,,,Direct BvP not yet weighted; 2026/2025 Statcast baseline active,7,5,24,1,"Last 7 games: 5/24, 1 HR","platoon edge; pitcher baseline 11.2% barrel, 15.3 HR allowed",neutral batted-ball profile; pitcher allows elevated contact,,
666176,Jo Adell,CLE,COL,2026-08-22T00:40:00Z,Scheduled,5,Tanner Gordon,685299,R,R,12.26,0.1916,90.65,102.9237,0.4832,0.2239,0.3419,77.32,71.2,38.21,27.91,46.5,24.4,11.22,43.93,91.15,0.4985,0.2244,33.53,15.3,15.3,15.3,Coors Field,120,,,,No,No,5,Yes,Yes,RotoWire projected lineup; MLB probable pitchers,lineup projected / unconfirmed,H:2026/2025 P:2026/2025,,,Direct BvP not yet weighted; 2026/2025 Statcast baseline active,7,6,24,2,Hot streak: 2 HR in last 7 games,"same-side matchup; pitcher baseline 11.2% barrel, 15.3 HR allowed",neutral batted-ball profile; pitcher allows elevated contact,,
683953,Travis Bazzana,CLE,COL,2026-08-22T00:40:00Z,Scheduled,6,Tanner Gordon,685299,R,L,5.0,0.136,88.1,98.5324,0.348,0.125,0.299,69.7,12.6,38.9,27.9,36.5,9.0,11.22,43.93,91.15,0.4985,0.2244,33.53,15.3,15.3,15.3,Coors Field,120,,,,No,No,6,Yes,Yes,RotoWire projected lineup; MLB probable pitchers,lineup projected / unconfirmed,H:2026 P:2026/2025,,,Direct BvP not yet weighted; 2026/2025 Statcast baseline active,7,3,24,0,"Last 7 games: 3/24, 0 HR","platoon edge; pitcher baseline 11.2% barrel, 15.3 HR allowed",neutral batted-ball profile; pitcher allows elevated contact,,
694197,Angel Genao,CLE,COL,2026-08-22T00:40:00Z,Scheduled,7,Tanner Gordon,685299,R,S,7.3,0.111,93.3,101.0092,0.411,0.126,0.34,71.7,22.7,29.3,14.6,51.2,1.0,11.22,43.93,91.15,0.4985,0.2244,33.53,15.3,15.3,15.3,Coors Field,120,,,,No,No,7,Yes,Yes,RotoWire projected lineup; MLB probable pitchers,lineup projected / unconfirmed,H:2026 P:2026/2025,,,Direct BvP not yet weighted; 2026/2025 Statcast baseline active,7,8,26,0,"Last 7 games: 8/26, 0 HR","switch hitter; pitcher baseline 11.2% barrel, 15.3 HR allowed",EV profile; pitcher allows elevated contact,,
672275,Patrick Bailey,CLE,COL,2026-08-22T00:40:00Z,Scheduled,8,Tanner Gordon,685299,R,S,6.37,0.1051,89.81,99.5666,0.3666,0.1405,0.2843,72.55,27.88,33.13,25.92,39.55,6.0,11.22,43.93,91.15,0.4985,0.2244,33.53,15.3,15.3,15.3,Coors Field,120,,,,No,No,8,Yes,Yes,RotoWire projected lineup; MLB probable pitchers,lineup projected / unconfirmed,H:2026/2025 P:2026/2025,,,Direct BvP not yet weighted; 2026/2025 Statcast baseline active,7,3,19,0,"Last 7 games: 3/19, 0 HR","switch hitter; pitcher baseline 11.2% barrel, 15.3 HR allowed",neutral batted-ball profile; pitcher allows elevated contact,,
677587,Brayan Rocchio,CLE,COL,2026-08-22T00:40:00Z,Scheduled,9,Tanner Gordon,685299,R,S,3.3,0.1161,87.09,97.2809,0.3524,0.1081,0.2936,70.0,7.08,43.64,25.51,32.28,8.5,11.22,43.93,91.15,0.4985,0.2244,33.53,15.3,15.3,15.3,Coors Field,120,,,,No,No,9,Yes,Yes,RotoWire projected lineup; MLB probable pitchers,lineup projected / unconfirmed,H:2026/2025 P:2026/2025,,,Direct BvP not yet weighted; 2026/2025 Statcast baseline active,7,6,25,1,"Last 7 games: 6/25, 1 HR","switch hitter; pitcher baseline 11.2% barrel, 15.3 HR allowed",neutral batted-ball profile; pitcher allows elevated contact,,
664983,Jake McCarthy,COL,CLE,2026-08-22T00:40:00Z,Scheduled,1,Joey Cantillo,676282,L,L,4.95,0.1788,84.77,96.614,0.3936,0.1322,0.307,70.75,11.79,37.52,21.73,26.76,10.3,7.9,39.98,88.59,0.3686,0.1403,27.23,13.5,13.5,13.5,Coors Field,120,,,,No,No,1,Yes,Yes,RotoWire projected lineup; MLB probable pitchers,lineup projected / unconfirmed,H:2026/2025 P:2026/2025,,,Direct BvP not yet weighted; 2026/2025 Statcast baseline active,7,5,28,0,"Last 7 games: 5/28, 0 HR","same-side matchup; pitcher baseline 7.9% barrel, 13.5 HR allowed",neutral batted-ball profile; pitcher fly-ball pressure modest,,
694249,Cole Carrigg,COL,CLE,2026-08-22T00:40:00Z,Scheduled,2,Joey Cantillo,676282,L,S,4.5,0.186,86.6,98.0712,0.388,0.127,0.327,73.6,38.4,48.1,26.3,32.1,5.0,7.9,39.98,88.59,0.3686,0.1403,27.23,13.5,13.5,13.5,Coors Field,120,,,,No,No,2,Yes,Yes,RotoWire projected lineup; MLB probable pitchers,lineup projected / unconfirmed,H:2026 P:2026/2025,,,Direct BvP not yet weighted; 2026/2025 Statcast baseline active,7,5,26,0,"Last 7 games: 5/26, 0 HR","switch hitter; pitcher baseline 7.9% barrel, 13.5 HR allowed",neutral batted-ball profile; pitcher fly-ball pressure modest,,
681198,TJ Rumfield,COL,CLE,2026-08-22T00:40:00Z,Scheduled,3,Joey Cantillo,676282,L,L,4.6,0.155,83.8,95.975,0.379,0.123,0.322,68.7,8.3,41.5,28.7,26.8,13.0,7.9,39.98,88.59,0.3686,0.1403,27.23,13.5,13.5,13.5,Coors Field,120,,,,No,No,3,Yes,Yes,RotoWire projected lineup; MLB probable pitchers,lineup projected / unconfirmed,H:2026 P:2026/2025,,,Direct BvP not yet weighted; 2026/2025 Statcast baseline active,7,6,24,0,"Last 7 games: 6/24, 0 HR","same-side matchup; pitcher baseline 7.9% barrel, 13.5 HR allowed",neutral batted-ball profile; pitcher fly-ball pressure modest,,
650489,Willi Castro,COL,CLE,2026-08-22T00:40:00Z,Scheduled,4,Joey Cantillo,676282,L,S,7.9,0.1547,87.61,100.2302,0.3883,0.1547,0.3088,72.51,25.9,42.18,30.9,40.03,13.1,7.9,39.98,88.59,0.3686,0.1403,27.23,13.5,13.5,13.5,Coors Field,120,,,,No,No,4,Yes,Yes,RotoWire projected lineup; MLB probable pitchers,lineup projected / unconfirmed,H:2026/2025 P:2026/2025,,,Direct BvP not yet weighted; 2026/2025 Statcast baseline active,7,7,23,1,"Last 7 games: 7/23, 1 HR","switch hitter; pitcher baseline 7.9% barrel, 13.5 HR allowed",neutral batted-ball profile; pitcher fly-ball pressure modest,,
687597,Jordan Beck,COL,CLE,2026-08-22T00:40:00Z,Scheduled,5,Joey Cantillo,676282,L,R,6.45,0.1349,87.12,98.5246,0.3222,0.1108,0.2639,73.69,36.62,38.89,29.86,32.55,5.5,7.9,39.98,88.59,0.3686,0.1403,27.23,13.5,13.5,13.5,Coors Field,120,,,,No,No,5,Yes,Yes,RotoWire projected lineup; MLB probable pitchers,lineup projected / unconfirmed,H:2026/2025 P:2026/2025,,,Direct BvP not yet weighted; 2026/2025 Statcast baseline active,7,2,21,0,"Last 7 games: 2/21, 0 HR","platoon edge; pitcher baseline 7.9% barrel, 13.5 HR allowed",neutral batted-ball profile; pitcher fly-ball pressure modest,,
681393,Connor Norby,COL,CLE,2026-08-22T00:40:00Z,Scheduled,6,Joey Cantillo,676282,L,R,7.58,0.1289,87.46,97.8682,0.3575,0.1487,0.2951,70.07,7.01,41.82,35.42,36.82,5.2,7.9,39.98,88.59,0.3686,0.1403,27.23,13.5,13.5,13.5,Coors Field,120,,,,No,No,6,Yes,Yes,RotoWire projected lineup; MLB probable pitchers,lineup projected / unconfirmed,H:2026/2025 P:2026/2025,,,Direct BvP not yet weighted; 2026/2025 Statcast baseline active,7,6,21,0,"Last 7 games: 6/21, 0 HR","platoon edge; pitcher baseline 7.9% barrel, 13.5 HR allowed",fly-ball profile; pitcher fly-ball pressure modest,,
691182,Adael Amador,COL,CLE,2026-08-22T00:40:00Z,Scheduled,7,Joey Cantillo,676282,L,S,15.02,0.3064,81.37,92.5359,0.2355,0.1097,0.259,69.06,3.6,40.48,22.43,21.41,1.0,7.9,39.98,88.59,0.3686,0.1403,27.23,13.5,13.5,13.5,Coors Field,120,,,,No,No,7,Yes,Yes,RotoWire projected lineup; MLB probable pitchers,lineup projected / unconfirmed,H:2026/2025 P:2026/2025,,,Direct BvP not yet weighted; 2026/2025 Statcast baseline active,5,3,10,1,"Last 5 games: 3/10, 1 HR","switch hitter; pitcher baseline 7.9% barrel, 13.5 HR allowed",neutral batted-ball profile; pitcher fly-ball pressure modest,,
690924,Braxton Fulford,COL,CLE,2026-08-22T00:40:00Z,Scheduled,8,Joey Cantillo,676282,L,R,7.4,0.1082,86.81,97.9235,0.2563,0.1014,0.22,71.43,19.44,27.91,38.03,33.03,1.0,7.9,39.98,88.59,0.3686,0.1403,27.23,13.5,13.5,13.5,Coors Field,120,,,,No,No,8,Yes,Yes,RotoWire projected lineup; MLB probable pitchers,lineup projected / unconfirmed,H:2026/2025 P:2026/2025,,,Direct BvP not yet weighted; 2026/2025 Statcast baseline active,7,2,11,0,"Last 7 games: 2/11, 0 HR","platoon edge; pitcher baseline 7.9% barrel, 13.5 HR allowed",fly-ball profile; pitcher fly-ball pressure modest,,
678662,Ezequiel Tovar,COL,CLE,2026-08-22T00:40:00Z,Scheduled,9,Joey Cantillo,676282,L,R,7.2,0.1288,87.93,98.9232,0.3808,0.1499,0.2861,71.95,20.68,37.68,30.13,34.98,9.0,7.9,39.98,88.59,0.3686,0.1403,27.23,13.5,13.5,13.5,Coors Field,120,,,,No,No,9,Yes,Yes,RotoWire projected lineup; MLB probable pitchers,lineup projected / unconfirmed,H:2026/2025 P:2026/2025,,,Direct BvP not yet weighted; 2026/2025 Statcast baseline active,7,3,15,0,"Last 7 games: 3/15, 0 HR","platoon edge; pitcher baseline 7.9% barrel, 13.5 HR allowed",neutral batted-ball profile; pitcher fly-ball pressure modest,,
682829,Elly De La Cruz,CIN,AZ,2026-08-22T01:40:00Z,Scheduled,1,Eduardo Rodriguez,593958,L,S,12.68,0.1984,92.96,104.004,0.4534,0.1912,0.3472,75.38,53.77,33.98,25.31,49.17,20.6,8.27,35.2,87.99,0.4391,0.1755,27.4,17.3,17.3,17.3,Chase Field,101,,,,No,No,1,Yes,Yes,RotoWire projected lineup; MLB probable pitchers,lineup projected / unconfirmed,H:2026/2025 P:2026/2025,,,Direct BvP not yet weighted; 2026/2025 Statcast baseline active,7,4,26,0,"Last 7 games: 4/26, 0 HR","switch hitter; pitcher baseline 8.3% barrel, 17.3 HR allowed",EV profile; pitcher fly-ball pressure modest,,
701398,Sal Stewart,CIN,AZ,2026-08-22T01:40:00Z,Scheduled,2,Eduardo Rodriguez,593958,L,R,14.68,0.2375,91.76,101.3895,0.5208,0.2561,0.3639,72.24,27.14,39.2,32.44,42.77,20.4,8.27,35.2,87.99,0.4391,0.1755,27.4,17.3,17.3,17.3,Chase Field,101,,,,No,No,2,Yes,Yes,RotoWire projected lineup; MLB probable pitchers,lineup projected / unconfirmed,H:2026/2025 P:2026/2025,,,Direct BvP not yet weighted; 2026/2025 Statcast baseline active,7,7,27,1,"Last 7 games: 7/27, 1 HR","platoon edge; pitcher baseline 8.3% barrel, 17.3 HR allowed",neutral batted-ball profile; pitcher fly-ball pressure modest,,
663886,Tyler Stephenson,CIN,AZ,2026-08-22T01:40:00Z,Scheduled,3,Eduardo Rodriguez,593958,L,R,13.1,0.1725,90.92,100.4818,0.4424,0.2054,0.3326,70.52,7.14,36.24,33.36,46.75,12.3,8.27,35.2,87.99,0.4391,0.1755,27.4,17.3,17.3,17.3,Chase Field,101,,,,No,No,3,Yes,Yes,RotoWire projected lineup; MLB probable pitchers,lineup projected / unconfirmed,H:2026/2025 P:2026/2025,,,Direct BvP not yet weighted; 2026/2025 Statcast baseline active,7,1,20,1,"Last 7 games: 1/20, 1 HR","platoon edge; pitcher baseline 8.3% barrel, 17.3 HR allowed",neutral batted-ball profile; pitcher fly-ball pressure modest,,
553993,Eugenio Suarez,CIN,AZ,2026-08-22T01:40:00Z,Scheduled,4,Eduardo Rodriguez,593958,L,R,12.27,0.2329,89.15,100.246,0.379,0.182,0.2906,71.95,21.18,48.87,34.04,39.76,27.3,8.27,35.2,87.99,0.4391,0.1755,27.4,17.3,17.3,17.3,Chase Field,101,,,,No,No,4,Yes,Yes,RotoWire projected lineup; MLB probable pitchers,lineup projected / unconfirmed,H:2026/2025 P:2026/2025,,,Direct BvP not yet weighted; 2026/2025 Statcast baseline active,7,5,20,0,"Last 7 games: 5/20, 0 HR","platoon edge; pitcher baseline 8.3% barrel, 17.3 HR allowed",neutral batted-ball profile; pitcher fly-ball pressure modest,,
667472,Dane Myers,CIN,AZ,2026-08-22T01:40:00Z,Scheduled,5,Eduardo Rodriguez,593958,L,R,6.26,0.105,90.0,99.3047,0.3755,0.1372,0.3138,71.25,19.24,25.83,25.87,37.94,5.3,8.27,35.2,87.99,0.4391,0.1755,27.4,17.3,17.3,17.3,Chase Field,101,,,,No,No,5,Yes,Yes,RotoWire projected lineup; MLB probable pitchers,lineup projected / unconfirmed,H:2026/2025 P:2026/2025,,,Direct BvP not yet weighted; 2026/2025 Statcast baseline active,7,6,23,2,Hot streak: 2 HR in last 7 games,"platoon edge; pitcher baseline 8.3% barrel, 17.3 HR allowed",neutral batted-ball profile; pitcher fly-ball pressure modest,,
668709,JJ Bleday,CIN,AZ,2026-08-22T01:40:00Z,Scheduled,6,Eduardo Rodriguez,593958,L,L,9.06,0.2074,88.7,99.9124,0.4052,0.1781,0.3257,73.14,28.91,46.02,33.76,40.17,18.2,8.27,35.2,87.99,0.4391,0.1755,27.4,17.3,17.3,17.3,Chase Field,101,,,,No,No,6,Yes,Yes,RotoWire projected lineup; MLB probable pitchers,lineup projected / unconfirmed,H:2026/2025 P:2026/2025,,,Direct BvP not yet weighted; 2026/2025 Statcast baseline active,7,5,22,0,"Last 7 games: 5/22, 0 HR","same-side matchup; pitcher baseline 8.3% barrel, 17.3 HR allowed",neutral batted-ball profile; pitcher fly-ball pressure modest,,
680574,Matt McLain,CIN,AZ,2026-08-22T01:40:00Z,Scheduled,7,Eduardo Rodriguez,593958,L,R,9.62,0.1475,88.38,99.1939,0.389,0.1609,0.3131,71.0,10.03,35.64,32.66,38.81,12.9,8.27,35.2,87.99,0.4391,0.1755,27.4,17.3,17.3,17.3,Chase Field,101,,,,No,No,7,Yes,Yes,RotoWire projected lineup; MLB probable pitchers,lineup projected / unconfirmed,H:2026/2025 P:2026/2025,,,Direct BvP not yet weighted; 2026/2025 Statcast baseline active,7,8,24,2,Hot streak: 2 HR in last 7 games,"platoon edge; pitcher baseline 8.3% barrel, 17.3 HR allowed",neutral batted-ball profile; pitcher fly-ball pressure modest,,
669911,Michael Toglia,CIN,AZ,2026-08-22T01:40:00Z,Scheduled,8,Eduardo Rodriguez,593958,L,S,3.12,0.1028,91.09,99.4181,0.281,0.0939,0.2367,73.96,44.37,38.13,38.55,52.93,3.3,8.27,35.2,87.99,0.4391,0.1755,27.4,17.3,17.3,17.3,Chase Field,101,,,,No,No,8,Yes,Yes,RotoWire projected lineup; MLB probable pitchers,lineup projected / unconfirmed,H:2026/2025 P:2026/2025,,,Direct BvP not yet weighted; 2026/2025 Statcast baseline active,7,2,21,0,"Last 7 games: 2/21, 0 HR","switch hitter; pitcher baseline 8.3% barrel, 17.3 HR allowed",fly-ball profile; pitcher fly-ball pressure modest,,
663647,Ke'Bryan Hayes,CIN,AZ,2026-08-22T01:40:00Z,Scheduled,9,Eduardo Rodriguez,593958,L,R,7.33,0.0934,90.14,99.747,0.384,0.1397,0.2967,70.96,8.41,30.81,27.08,40.05,5.0,8.27,35.2,87.99,0.4391,0.1755,27.4,17.3,17.3,17.3,Chase Field,101,,,,No,No,9,Yes,Yes,RotoWire projected lineup; MLB probable pitchers,lineup projected / unconfirmed,H:2026/2025 P:2026/2025,,,Direct BvP not yet weighted; 2026/2025 Statcast baseline active,7,3,12,1,"Last 7 games: 3/12, 1 HR","platoon edge; pitcher baseline 8.3% barrel, 17.3 HR allowed",neutral batted-ball profile; pitcher fly-ball pressure modest,,
663616,Trevor Larnach,MIN,SD,2026-08-22T01:40:00Z,Scheduled,1,,,,L,7.41,0.154,88.52,99.7358,0.403,0.1453,0.3278,72.03,21.5,42.41,24.12,39.61,12.1,,,,,,,,,,Petco Park,91,,,,No,No,1,Yes,Yes,RotoWire projected lineup; MLB probable pitchers,lineup projected / unconfirmed,H:2026/2025 P:,,,Direct BvP not yet weighted; 2026/2025 Statcast baseline active,7,4,27,0,"Last 7 games: 4/27, 0 HR","handedness incomplete; pitcher baseline 0.0% barrel, 0.0 HR allowed",neutral batted-ball profile; pitcher fly-ball pressure modest,,
621439,Byron Buxton,MIN,SD,2026-08-22T01:40:00Z,Scheduled,2,,,,R,17.0,0.2737,91.03,102.2597,0.5014,0.2534,0.3465,74.44,43.95,47.89,33.93,49.11,28.0,,,,,,,,,,Petco Park,91,,,,No,No,2,Yes,Yes,RotoWire projected lineup; MLB probable pitchers,lineup projected / unconfirmed,H:2026/2025 P:,,,Direct BvP not yet weighted; 2026/2025 Statcast baseline active,7,3,22,0,"Last 7 games: 3/22, 0 HR","handedness incomplete; pitcher baseline 0.0% barrel, 0.0 HR allowed",neutral batted-ball profile; pitcher fly-ball pressure modest,,
680777,Ryan Jeffers,MIN,SD,2026-08-22T01:40:00Z,Scheduled,3,,,,R,9.73,0.1863,89.3,101.0368,0.4308,0.1794,0.3495,73.0,36.12,36.76,28.03,41.33,9.7,,,,,,,,,,Petco Park,91,,,,No,No,3,Yes,Yes,RotoWire projected lineup; MLB probable pitchers,lineup projected / unconfirmed,H:2026/2025 P:,,,Direct BvP not yet weighted; 2026/2025 Statcast baseline active,7,6,21,0,"Last 7 games: 6/21, 0 HR","handedness incomplete; pitcher baseline 0.0% barrel, 0.0 HR allowed",neutral batted-ball profile; pitcher fly-ball pressure modest,,
605137,Josh Bell,MIN,SD,2026-08-22T01:40:00Z,Scheduled,4,,,,S,10.56,0.1765,90.12,100.9487,0.457,0.2038,0.3387,72.33,28.5,41.29,26.64,43.5,18.5,,,,,,,,,,Petco Park,91,,,,No,No,4,Yes,Yes,RotoWire projected lineup; MLB probable pitchers,lineup projected / unconfirmed,H:2026/2025 P:,,,Direct BvP not yet weighted; 2026/2025 Statcast baseline active,7,10,26,1,Contact streak: 10/26 over last 7 games,"switch hitter; pitcher baseline 0.0% barrel, 0.0 HR allowed",neutral batted-ball profile; pitcher fly-ball pressure modest,,
668904,Royce Lewis,MIN,SD,2026-08-22T01:40:00Z,Scheduled,5,,,,R,10.87,0.1706,89.94,100.9617,0.4152,0.1691,0.3161,74.72,50.31,47.56,30.01,41.98,13.0,,,,,,,,,,Petco Park,91,,,,No,No,5,Yes,Yes,RotoWire projected lineup; MLB probable pitchers,lineup projected / unconfirmed,H:2026/2025 P:,,,Direct BvP not yet weighted; 2026/2025 Statcast baseline active,7,6,27,0,"Last 7 games: 6/27, 0 HR","handedness incomplete; pitcher baseline 0.0% barrel, 0.0 HR allowed",neutral batted-ball profile; pitcher fly-ball pressure modest,,
665019,Kody Clemens,MIN,SD,2026-08-22T01:40:00Z,Scheduled,6,,,,L,11.93,0.2266,92.06,101.4584,0.4517,0.2062,0.3282,72.06,14.28,45.87,33.25,46.62,20.4,,,,,,,,,,Petco Park,91,,,,No,No,6,Yes,Yes,RotoWire projected lineup; MLB probable pitchers,lineup projected / unconfirmed,H:2026/2025 P:,,,Direct BvP not yet weighted; 2026/2025 Statcast baseline active,7,8,26,1,"Last 7 games: 8/26, 1 HR","handedness incomplete; pitcher baseline 0.0% barrel, 0.0 HR allowed",lift-pull EV profile; pitcher fly-ball pressure modest,,
807712,Luke Keaschall,MIN,SD,2026-08-22T01:40:00Z,Scheduled,7,,,,R,3.66,0.1164,85.29,96.6856,0.3584,0.1111,0.3149,68.64,7.66,38.12,27.18,29.73,6.1,,,,,,,,,,Petco Park,91,,,,No,No,7,Yes,Yes,RotoWire projected lineup; MLB probable pitchers,lineup projected / unconfirmed,H:2026/2025 P:,,,Direct BvP not yet weighted; 2026/2025 Statcast baseline active,7,10,27,1,Contact streak: 10/27 over last 7 games,"handedness incomplete; pitcher baseline 0.0% barrel, 0.0 HR allowed",neutral batted-ball profile; pitcher fly-ball pressure modest,,
686797,Brooks Lee,MIN,SD,2026-08-22T01:40:00Z,Scheduled,8,,,,S,4.19,0.1627,88.04,97.4392,0.3418,0.1148,0.2764,69.85,8.21,42.27,28.44,34.09,17.4,,,,,,,,,,Petco Park,91,,,,No,No,8,Yes,Yes,RotoWire projected lineup; MLB probable pitchers,lineup projected / unconfirmed,H:2026/2025 P:,,,Direct BvP not yet weighted; 2026/2025 Statcast baseline active,7,6,26,1,"Last 7 games: 6/26, 1 HR","switch hitter; pitcher baseline 0.0% barrel, 0.0 HR allowed",neutral batted-ball profile; pitcher fly-ball pressure modest,,
701785,Kaelen Culpepper,MIN,SD,2026-08-22T01:40:00Z,Scheduled,9,,,,R,4.2,0.115,90.4,99.2409,0.395,0.124,0.325,73.7,34.4,44.0,20.0,44.0,1.0,,,,,,,,,,Petco Park,91,,,,No,No,9,Yes,Yes,RotoWire projected lineup; MLB probable pitchers,lineup projected / unconfirmed,H:2026 P:,,,Direct BvP not yet weighted; 2026/2025 Statcast baseline active,7,10,26,0,Contact streak: 10/26 over last 7 games,"handedness incomplete; pitcher baseline 0.0% barrel, 0.0 HR allowed",neutral batted-ball profile; pitcher fly-ball pressure modest,,
665487,Fernando Tatis,SD,MIN,2026-08-22T01:40:00Z,Scheduled,1,Connor Prielipp,687570,L,R,11.84,0.1612,92.81,104.3371,0.4789,0.1946,0.3707,75.58,58.19,34.94,22.36,52.43,18.0,8.2,41.1,90.2,0.399,0.162,26.8,12.0,12.0,12.0,Petco Park,91,,,,No,No,1,Yes,Yes,RotoWire projected lineup; MLB probable pitchers,lineup projected / unconfirmed,H:2026/2025 P:2026,,,Direct BvP not yet weighted; 2026/2025 Statcast baseline active,7,6,22,3,Hot streak: 3 HR in last 7 games,"platoon edge; pitcher baseline 8.2% barrel, 12.0 HR allowed",EV profile; pitcher fly-ball pressure modest,,
650859,Luis Rengifo,SD,MIN,2026-08-22T01:40:00Z,Scheduled,2,Connor Prielipp,687570,L,S,4.58,0.0851,87.45,97.8029,0.3568,0.1003,0.3062,70.76,14.09,36.83,18.22,33.4,5.5,8.2,41.1,90.2,0.399,0.162,26.8,12.0,12.0,12.0,Petco Park,91,,,,No,No,2,Yes,Yes,RotoWire projected lineup; MLB probable pitchers,lineup projected / unconfirmed,H:2026/2025 P:2026,,,Direct BvP not yet weighted; 2026/2025 Statcast baseline active,7,8,27,2,Hot streak: 2 HR in last 7 games,"switch hitter; pitcher baseline 8.2% barrel, 12.0 HR allowed",neutral batted-ball profile; pitcher fly-ball pressure modest,,
592518,Manny Machado,SD,MIN,2026-08-22T01:40:00Z,Scheduled,3,Connor Prielipp,687570,L,R,10.8,0.1941,91.43,101.9952,0.4474,0.196,0.3368,74.71,44.65,40.78,28.22,46.88,24.9,8.2,41.1,90.2,0.399,0.162,26.8,12.0,12.0,12.0,Petco Park,91,,,,No,No,3,Yes,Yes,RotoWire projected lineup; MLB probable pitchers,lineup projected / unconfirmed,H:2026/2025 P:2026,,,Direct BvP not yet weighted; 2026/2025 Statcast baseline active,7,6,28,1,"Last 7 games: 6/28, 1 HR","platoon edge; pitcher baseline 8.2% barrel, 12.0 HR allowed",neutral batted-ball profile; pitcher fly-ball pressure modest,,
664034,Ty France,SD,MIN,2026-08-22T01:40:00Z,Scheduled,4,Connor Prielipp,687570,L,R,9.31,0.1849,91.39,101.2237,0.4278,0.1751,0.3266,71.77,19.11,36.36,25.18,47.7,14.0,8.2,41.1,90.2,0.399,0.162,26.8,12.0,12.0,12.0,Petco Park,91,,,,No,No,4,Yes,Yes,RotoWire projected lineup; MLB probable pitchers,lineup projected / unconfirmed,H:2026/2025 P:2026,,,Direct BvP not yet weighted; 2026/2025 Statcast baseline active,7,7,26,0,"Last 7 games: 7/26, 0 HR","platoon edge; pitcher baseline 8.2% barrel, 12.0 HR allowed",neutral batted-ball profile; pitcher fly-ball pressure modest,,
701538,Jackson Merrill,SD,MIN,2026-08-22T01:40:00Z,Scheduled,5,Connor Prielipp,687570,L,L,11.74,0.1755,90.33,100.7153,0.469,0.2109,0.3344,72.88,26.91,37.84,29.92,45.84,18.1,8.2,41.1,90.2,0.399,0.162,26.8,12.0,12.0,12.0,Petco Park,91,,,,No,No,5,Yes,Yes,RotoWire projected lineup; MLB probable pitchers,lineup projected / unconfirmed,H:2026/2025 P:2026,,,Direct BvP not yet weighted; 2026/2025 Statcast baseline active,7,3,25,0,"Last 7 games: 3/25, 0 HR","same-side matchup; pitcher baseline 8.2% barrel, 12.0 HR allowed",neutral batted-ball profile; pitcher fly-ball pressure modest,,
669720,Austin Hays,SD,MIN,2026-08-22T01:40:00Z,Scheduled,6,Connor Prielipp,687570,L,R,6.44,0.1394,86.91,98.9744,0.3848,0.1179,0.2895,72.46,21.76,53.16,18.29,40.85,5.9,8.2,41.1,90.2,0.399,0.162,26.8,12.0,12.0,12.0,Petco Park,91,,,,No,No,6,Yes,Yes,RotoWire projected lineup; MLB probable pitchers,lineup projected / unconfirmed,H:2026/2025 P:2026,,,Direct BvP not yet weighted; 2026/2025 Statcast baseline active,7,5,20,1,"Last 7 games: 5/20, 1 HR","platoon edge; pitcher baseline 8.2% barrel, 12.0 HR allowed",neutral batted-ball profile; pitcher fly-ball pressure modest,,
669134,Luis Campusano,SD,MIN,2026-08-22T01:40:00Z,Scheduled,7,Connor Prielipp,687570,L,R,7.07,0.1365,88.36,99.034,0.3179,0.1162,0.3081,72.68,27.26,46.7,19.1,39.8,3.5,8.2,41.1,90.2,0.399,0.162,26.8,12.0,12.0,12.0,Petco Park,91,,,,No,No,7,Yes,Yes,RotoWire projected lineup; MLB probable pitchers,lineup projected / unconfirmed,H:2026/2025 P:2026,,,Direct BvP not yet weighted; 2026/2025 Statcast baseline active,7,6,22,1,"Last 7 games: 6/22, 1 HR","platoon edge; pitcher baseline 8.2% barrel, 12.0 HR allowed",neutral batted-ball profile; pitcher fly-ball pressure modest,,
593428,Xander Bogaerts,SD,MIN,2026-08-22T01:40:00Z,Scheduled,8,Connor Prielipp,687570,L,R,6.48,0.1147,88.86,100.033,0.3878,0.1355,0.3249,72.38,28.36,44.01,23.34,40.32,11.0,8.2,41.1,90.2,0.399,0.162,26.8,12.0,12.0,12.0,Petco Park,91,,,,No,No,8,Yes,Yes,RotoWire projected lineup; MLB probable pitchers,lineup projected / unconfirmed,H:2026/2025 P:2026,,,Direct BvP not yet weighted; 2026/2025 Statcast baseline active,7,4,19,2,Hot streak: 2 HR in last 7 games,"platoon edge; pitcher baseline 8.2% barrel, 12.0 HR allowed",neutral batted-ball profile; pitcher fly-ball pressure modest,,
630105,Jake Cronenworth,SD,MIN,2026-08-22T01:40:00Z,Scheduled,9,Connor Prielipp,687570,L,L,4.38,0.0904,87.52,97.9539,0.3264,0.1021,0.2945,71.39,17.67,32.8,22.93,33.12,6.1,8.2,41.1,90.2,0.399,0.162,26.8,12.0,12.0,12.0,Petco Park,91,,,,No,No,9,Yes,Yes,RotoWire projected lineup; MLB probable pitchers,lineup projected / unconfirmed,H:2026/2025 P:2026,,,Direct BvP not yet weighted; 2026/2025 Statcast baseline active,7,8,28,1,"Last 7 games: 8/28, 1 HR","same-side matchup; pitcher baseline 8.2% barrel, 12.0 HR allowed",neutral batted-ball profile; pitcher fly-ball pressure modest,,
687462,Spencer Horwitz,PIT,LAD,2026-08-22T02:10:00Z,Scheduled,1,Yoshinobu Yamamoto,808967,R,L,7.6,0.1536,87.12,97.5846,0.3783,0.1444,0.3246,68.68,5.39,40.43,27.77,33.13,10.3,6.26,37.04,87.88,0.332,0.1193,23.5,14.7,14.7,14.7,UNIQLO Field at Dodger Stadium,100,,,,No,No,1,Yes,Yes,RotoWire projected lineup; MLB probable pitchers,lineup projected / unconfirmed,H:2026/2025 P:2026/2025,,,Direct BvP not yet weighted; 2026/2025 Statcast baseline active,7,3,27,0,"Last 7 games: 3/27, 0 HR","platoon edge; pitcher baseline 6.3% barrel, 14.7 HR allowed",neutral batted-ball profile; pitcher fly-ball pressure modest,,
664040,Brandon Lowe,PIT,LAD,2026-08-22T02:10:00Z,Scheduled,2,Yoshinobu Yamamoto,808967,R,L,12.44,0.2259,91.17,101.5049,0.4493,0.2044,0.3294,73.66,39.95,46.86,32.92,46.74,28.2,6.26,37.04,87.88,0.332,0.1193,23.5,14.7,14.7,14.7,UNIQLO Field at Dodger Stadium,100,,,,No,No,2,Yes,Yes,RotoWire projected lineup; MLB probable pitchers,lineup projected / unconfirmed,H:2026/2025 P:2026/2025,,,Direct BvP not yet weighted; 2026/2025 Statcast baseline active,7,8,29,2,Hot streak: 2 HR in last 7 games,"platoon edge; pitcher baseline 6.3% barrel, 14.7 HR allowed",neutral batted-ball profile; pitcher fly-ball pressure modest,,
668804,Bryan Reynolds,PIT,LAD,2026-08-22T02:10:00Z,Scheduled,3,Yoshinobu Yamamoto,808967,R,S,10.8,0.1633,90.78,101.9111,0.4337,0.1834,0.345,72.62,28.16,40.22,25.04,46.56,15.3,6.26,37.04,87.88,0.332,0.1193,23.5,14.7,14.7,14.7,UNIQLO Field at Dodger Stadium,100,,,,No,No,3,Yes,Yes,RotoWire projected lineup; MLB probable pitchers,lineup projected / unconfirmed,H:2026/2025 P:2026/2025,,,Direct BvP not yet weighted; 2026/2025 Statcast baseline active,7,6,28,0,"Last 7 games: 6/28, 0 HR","switch hitter; pitcher baseline 6.3% barrel, 14.7 HR allowed",neutral batted-ball profile; pitcher fly-ball pressure modest,,
699013,Esmerlyn Valdez,PIT,LAD,2026-08-22T02:10:00Z,Scheduled,4,Yoshinobu Yamamoto,808967,R,R,20.5,0.286,91.7,102.6232,0.438,0.239,0.333,74.9,52.0,36.6,42.9,48.2,14.0,6.26,37.04,87.88,0.332,0.1193,23.5,14.7,14.7,14.7,UNIQLO Field at Dodger Stadium,100,,,,No,No,4,Yes,Yes,RotoWire projected lineup; MLB probable pitchers,lineup projected / unconfirmed,H:2026 P:2026/2025,,,Direct BvP not yet weighted; 2026/2025 Statcast baseline active,7,7,29,0,"Last 7 games: 7/29, 0 HR","same-side matchup; pitcher baseline 6.3% barrel, 14.7 HR allowed",fly-ball profile; pitcher fly-ball pressure modest,,
665833,Oneil Cruz,PIT,LAD,2026-08-22T02:10:00Z,Scheduled,5,Yoshinobu Yamamoto,808967,R,L,17.3,0.2032,95.8,107.0821,0.4747,0.2315,0.3499,78.45,76.8,40.16,24.71,58.07,16.5,6.26,37.04,87.88,0.332,0.1193,23.5,14.7,14.7,14.7,UNIQLO Field at Dodger Stadium,100,,,,No,No,5,Yes,Yes,RotoWire projected lineup; MLB probable pitchers,lineup projected / unconfirmed,H:2026/2025 P:2026/2025,,,Direct BvP not yet weighted; 2026/2025 Statcast baseline active,7,6,16,1,Contact streak: 6/16 over last 7 games,"platoon edge; pitcher baseline 6.3% barrel, 14.7 HR allowed",EV profile; pitcher fly-ball pressure modest,,
693304,Nick Gonzales,PIT,LAD,2026-08-22T02:10:00Z,Scheduled,6,Yoshinobu Yamamoto,808967,R,R,3.24,0.0964,87.05,98.2483,0.3813,0.107,0.3148,70.71,12.8,37.71,20.84,36.07,5.7,6.26,37.04,87.88,0.332,0.1193,23.5,14.7,14.7,14.7,UNIQLO Field at Dodger Stadium,100,,,,No,No,6,Yes,Yes,RotoWire projected lineup; MLB probable pitchers,lineup projected / unconfirmed,H:2026/2025 P:2026/2025,,,Direct BvP not yet weighted; 2026/2025 Statcast baseline active,7,7,21,0,Contact streak: 7/21 over last 7 games,"same-side matchup; pitcher baseline 6.3% barrel, 14.7 HR allowed",neutral batted-ball profile; pitcher fly-ball pressure modest,,
663968,Jake Mangum,PIT,LAD,2026-08-22T02:10:00Z,Scheduled,7,Yoshinobu Yamamoto,808967,R,S,2.35,0.0839,85.9,96.6775,0.336,0.0829,0.2858,67.65,3.8,27.3,15.77,29.48,3.7,6.26,37.04,87.88,0.332,0.1193,23.5,14.7,14.7,14.7,UNIQLO Field at Dodger Stadium,100,,,,No,No,7,Yes,Yes,RotoWire projected lineup; MLB probable pitchers,lineup projected / unconfirmed,H:2026/2025 P:2026/2025,,,Direct BvP not yet weighted; 2026/2025 Statcast baseline active,7,7,21,0,Contact streak: 7/21 over last 7 games,"switch hitter; pitcher baseline 6.3% barrel, 14.7 HR allowed",neutral batted-ball profile; pitcher fly-ball pressure modest,,
694378,Jacob Gonzalez,PIT,LAD,2026-08-22T02:10:00Z,Scheduled,8,Yoshinobu Yamamoto,808967,R,L,3.8,0.155,88.4,98.8405,0.408,0.146,0.315,71.2,14.5,44.7,27.3,36.6,6.0,6.26,37.04,87.88,0.332,0.1193,23.5,14.7,14.7,14.7,UNIQLO Field at Dodger Stadium,100,,,,No,No,8,Yes,Yes,RotoWire projected lineup; MLB probable pitchers,lineup projected / unconfirmed,H:2026 P:2026/2025,,,Direct BvP not yet weighted; 2026/2025 Statcast baseline active,7,3,18,1,"Last 7 games: 3/18, 1 HR","platoon edge; pitcher baseline 6.3% barrel, 14.7 HR allowed",neutral batted-ball profile; pitcher fly-ball pressure modest,,
680779,Henry Davis,PIT,LAD,2026-08-22T02:10:00Z,Scheduled,9,Yoshinobu Yamamoto,808967,R,R,9.61,0.1243,89.51,100.4177,0.3498,0.1466,0.2874,74.18,42.7,50.02,26.28,38.66,7.7,6.26,37.04,87.88,0.332,0.1193,23.5,14.7,14.7,14.7,UNIQLO Field at Dodger Stadium,100,,,,No,No,9,Yes,Yes,RotoWire projected lineup; MLB probable pitchers,lineup projected / unconfirmed,H:2026/2025 P:2026/2025,,,Direct BvP not yet weighted; 2026/2025 Statcast baseline active,7,2,19,0,"Last 7 games: 2/19, 0 HR","same-side matchup; pitcher baseline 6.3% barrel, 14.7 HR allowed",neutral batted-ball profile; pitcher fly-ball pressure modest,,
660271,Shohei Ohtani,LAD,PIT,2026-08-22T02:10:00Z,Scheduled,1,Bubba Chandler,696149,R,L,18.74,0.2861,93.92,104.5007,0.6007,0.312,0.4138,75.03,53.01,46.63,32.34,54.36,37.5,6.81,38.18,89.15,0.38,0.1497,26.44,7.6,7.6,7.6,UNIQLO Field at Dodger Stadium,100,,,,No,No,1,Yes,Yes,RotoWire projected lineup; MLB probable pitchers,lineup projected / unconfirmed,H:2026/2025 P:2026/2025,,,Direct BvP not yet weighted; 2026/2025 Statcast baseline active,7,8,29,3,Hot streak: 3 HR in last 7 games,"platoon edge; pitcher baseline 6.8% barrel, 7.6 HR allowed",lift-pull EV profile; pitcher fly-ball pressure modest,,
518692,Freddie Freeman,LAD,PIT,2026-08-22T02:10:00Z,Scheduled,2,Bubba Chandler,696149,R,L,9.28,0.1776,90.06,100.3115,0.4803,0.1909,0.3668,70.15,8.19,36.33,27.21,43.18,17.7,6.81,38.18,89.15,0.38,0.1497,26.44,7.6,7.6,7.6,UNIQLO Field at Dodger Stadium,100,,,,No,No,2,Yes,Yes,RotoWire projected lineup; MLB probable pitchers,lineup projected / unconfirmed,H:2026/2025 P:2026/2025,,,Direct BvP not yet weighted; 2026/2025 Statcast baseline active,7,7,25,0,"Last 7 games: 7/25, 0 HR","platoon edge; pitcher baseline 6.8% barrel, 7.6 HR allowed",neutral batted-ball profile; pitcher fly-ball pressure modest,,
681624,Andy Pages,LAD,PIT,2026-08-22T02:10:00Z,Scheduled,3,Bubba Chandler,696149,R,R,7.91,0.1876,88.74,99.7219,0.4357,0.1672,0.3328,72.85,26.4,38.18,28.37,40.7,22.8,6.81,38.18,89.15,0.38,0.1497,26.44,7.6,7.6,7.6,UNIQLO Field at Dodger Stadium,100,,,,No,No,3,Yes,Yes,RotoWire projected lineup; MLB probable pitchers,lineup projected / unconfirmed,H:2026/2025 P:2026/2025,,,Direct BvP not yet weighted; 2026/2025 Statcast baseline active,7,9,29,2,Hot streak: 2 HR in last 7 games,"same-side matchup; pitcher baseline 6.8% barrel, 7.6 HR allowed",neutral batted-ball profile; pitcher fly-ball pressure modest,,
691777,Max Muncy,LAD,PIT,2026-08-22T02:10:00Z,Scheduled,4,Bubba Chandler,696149,R,R,10.87,0.1615,89.62,100.9786,0.3593,0.1493,0.2824,73.94,44.84,41.84,23.49,41.08,6.9,6.81,38.18,89.15,0.38,0.1497,26.44,7.6,7.6,7.6,UNIQLO Field at Dodger Stadium,100,,,,No,No,4,Yes,Yes,RotoWire projected lineup; MLB probable pitchers,lineup projected / unconfirmed,H:2026/2025 P:2026/2025,,,Direct BvP not yet weighted; 2026/2025 Statcast baseline active,7,4,20,1,"Last 7 games: 4/20, 1 HR","same-side matchup; pitcher baseline 6.8% barrel, 7.6 HR allowed",neutral batted-ball profile; pitcher fly-ball pressure modest,,
605141,Mookie Betts,LAD,PIT,2026-08-22T02:10:00Z,Scheduled,5,Bubba Chandler,696149,R,R,7.04,0.1669,89.87,98.4597,0.4276,0.156,0.3279,69.53,8.53,39.89,34.85,37.55,17.2,6.81,38.18,89.15,0.38,0.1497,26.44,7.6,7.6,7.6,UNIQLO Field at Dodger Stadium,100,,,,No,No,5,Yes,Yes,RotoWire projected lineup; MLB probable pitchers,lineup projected / unconfirmed,H:2026/2025 P:2026/2025,,,Direct BvP not yet weighted; 2026/2025 Statcast baseline active,7,6,28,1,"Last 7 games: 6/28, 1 HR","same-side matchup; pitcher baseline 6.8% barrel, 7.6 HR allowed",neutral batted-ball profile; pitcher fly-ball pressure modest,,
663656,Kyle Tucker,LAD,PIT,2026-08-22T02:10:00Z,Scheduled,6,Bubba Chandler,696149,R,L,7.37,0.1546,89.19,98.8206,0.413,0.1528,0.3405,71.58,20.59,43.52,32.7,38.37,14.3,6.81,38.18,89.15,0.38,0.1497,26.44,7.6,7.6,7.6,UNIQLO Field at Dodger Stadium,100,,,,No,No,6,Yes,Yes,RotoWire projected lineup; MLB probable pitchers,lineup projected / unconfirmed,H:2026/2025 P:2026/2025,,,Direct BvP not yet weighted; 2026/2025 Statcast baseline active,7,3,28,0,"Last 7 games: 3/28, 0 HR","platoon edge; pitcher baseline 6.8% barrel, 7.6 HR allowed",neutral batted-ball profile; pitcher fly-ball pressure modest,,
669242,Tommy Edman,LAD,PIT,2026-08-22T02:10:00Z,Scheduled,7,Bubba Chandler,696149,R,S,5.55,0.1458,88.16,99.445,0.3851,0.1195,0.3168,70.45,11.9,41.48,26.15,37.03,6.7,6.81,38.18,89.15,0.38,0.1497,26.44,7.6,7.6,7.6,UNIQLO Field at Dodger Stadium,100,,,,No,No,7,Yes,Yes,RotoWire projected lineup; MLB probable pitchers,lineup projected / unconfirmed,H:2026/2025 P:2026/2025,,,Direct BvP not yet weighted; 2026/2025 Statcast baseline active,7,5,22,1,"Last 7 games: 5/22, 1 HR","switch hitter; pitcher baseline 6.8% barrel, 7.6 HR allowed",neutral batted-ball profile; pitcher fly-ball pressure modest,,
606192,Teoscar Hernandez,LAD,PIT,2026-08-22T02:10:00Z,Scheduled,8,Bubba Chandler,696149,R,R,9.89,0.1678,89.99,101.1312,0.4277,0.1808,0.3195,72.41,24.78,33.87,29.59,44.56,15.2,6.81,38.18,89.15,0.38,0.1497,26.44,7.6,7.6,7.6,UNIQLO Field at Dodger Stadium,100,,,,No,No,8,Yes,Yes,RotoWire projected lineup; MLB probable pitchers,lineup projected / unconfirmed,H:2026/2025 P:2026/2025,,,Direct BvP not yet weighted; 2026/2025 Statcast baseline active,7,7,25,0,"Last 7 games: 7/25, 0 HR","same-side matchup; pitcher baseline 6.8% barrel, 7.6 HR allowed",neutral batted-ball profile; pitcher fly-ball pressure modest,,
676439,Hunter Feduccia,LAD,PIT,2026-08-22T02:10:00Z,Scheduled,9,Bubba Chandler,696149,R,L,8.62,0.0962,89.42,99.0357,0.3615,0.1311,0.3065,70.71,12.63,32.24,28.36,37.49,2.1,6.81,38.18,89.15,0.38,0.1497,26.44,7.6,7.6,7.6,UNIQLO Field at Dodger Stadium,100,,,,No,No,9,Yes,Yes,RotoWire projected lineup; MLB probable pitchers,lineup projected / unconfirmed,H:2026/2025 P:2026/2025,,,Direct BvP not yet weighted; 2026/2025 Statcast baseline active,7,3,15,1,"Last 7 games: 3/15, 1 HR","platoon edge; pitcher baseline 6.8% barrel, 7.6 HR allowed",neutral batted-ball profile; pitcher fly-ball pressure modest,,
691718,Pete Crow-Armstrong,CHC,SEA,2026-08-22T02:10:00Z,Scheduled,1,Emerson Hancock,676106,R,L,12.68,0.2599,89.99,101.5302,0.4715,0.2232,0.3476,74.17,43.76,49.95,35.78,46.78,31.0,8.19,41.52,89.35,0.4274,0.1696,28.17,15.7,15.7,15.7,T-Mobile Park,96,,,,No,No,1,Yes,Yes,RotoWire projected lineup; MLB probable pitchers,lineup projected / unconfirmed,H:2026/2025 P:2026/2025,,,Direct BvP not yet weighted; 2026/2025 Statcast baseline active,7,6,29,4,Hot streak: 4 HR in last 7 games,"platoon edge; pitcher baseline 8.2% barrel, 15.7 HR allowed",fly-ball profile; pitcher fly-ball pressure modest,,
673548,Seiya Suzuki,CHC,SEA,2026-08-22T02:10:00Z,Scheduled,2,Emerson Hancock,676106,R,R,12.54,0.2204,89.34,101.1018,0.4468,0.1998,0.3408,73.3,36.9,42.04,30.92,41.7,25.0,8.19,41.52,89.35,0.4274,0.1696,28.17,15.7,15.7,15.7,T-Mobile Park,96,,,,No,No,2,Yes,Yes,RotoWire projected lineup; MLB probable pitchers,lineup projected / unconfirmed,H:2026/2025 P:2026/2025,,,Direct BvP not yet weighted; 2026/2025 Statcast baseline active,7,5,26,2,Hot streak: 2 HR in last 7 games,"same-side matchup; pitcher baseline 8.2% barrel, 15.7 HR allowed",neutral batted-ball profile; pitcher fly-ball pressure modest,,
683737,Michael Busch,CHC,SEA,2026-08-22T02:10:00Z,Scheduled,3,Emerson Hancock,676106,R,L,11.36,0.1794,89.33,99.5522,0.4451,0.2027,0.3451,68.9,5.5,40.21,34.76,41.56,20.7,8.19,41.52,89.35,0.4274,0.1696,28.17,15.7,15.7,15.7,T-Mobile Park,96,,,,No,No,3,Yes,Yes,RotoWire projected lineup; MLB probable pitchers,lineup projected / unconfirmed,H:2026/2025 P:2026/2025,,,Direct BvP not yet weighted; 2026/2025 Statcast baseline active,7,5,26,1,"Last 7 games: 5/26, 1 HR","platoon edge; pitcher baseline 8.2% barrel, 15.7 HR allowed",neutral batted-ball profile; pitcher fly-ball pressure modest,,
608324,Alex Bregman,CHC,SEA,2026-08-22T02:10:00Z,Scheduled,4,Emerson Hancock,676106,R,R,5.2,0.161,88.91,98.3662,0.385,0.1383,0.3216,70.16,4.94,46.79,27.23,40.06,16.6,8.19,41.52,89.35,0.4274,0.1696,28.17,15.7,15.7,15.7,T-Mobile Park,96,,,,No,No,4,Yes,Yes,RotoWire projected lineup; MLB probable pitchers,lineup projected / unconfirmed,H:2026/2025 P:2026/2025,,,Direct BvP not yet weighted; 2026/2025 Statcast baseline active,7,6,26,0,"Last 7 games: 6/26, 0 HR","same-side matchup; pitcher baseline 8.2% barrel, 15.7 HR allowed",neutral batted-ball profile; pitcher fly-ball pressure modest,,
664023,Ian Happ,CHC,SEA,2026-08-22T02:10:00Z,Scheduled,5,Emerson Hancock,676106,R,S,10.82,0.1868,89.51,100.8099,0.4073,0.1909,0.3218,71.88,18.78,44.05,32.53,42.79,20.9,8.19,41.52,89.35,0.4274,0.1696,28.17,15.7,15.7,15.7,T-Mobile Park,96,,,,No,No,5,Yes,Yes,RotoWire projected lineup; MLB probable pitchers,lineup projected / unconfirmed,H:2026/2025 P:2026/2025,,,Direct BvP not yet weighted; 2026/2025 Statcast baseline active,7,3,22,0,"Last 7 games: 3/22, 0 HR","switch hitter; pitcher baseline 8.2% barrel, 15.7 HR allowed",neutral batted-ball profile; pitcher fly-ball pressure modest,,
663538,Nico Hoerner,CHC,SEA,2026-08-22T02:10:00Z,Scheduled,6,Emerson Hancock,676106,R,R,1.49,0.0977,86.14,96.1974,0.3805,0.0829,0.3248,68.33,1.76,33.08,21.28,28.76,7.0,8.19,41.52,89.35,0.4274,0.1696,28.17,15.7,15.7,15.7,T-Mobile Park,96,,,,No,No,6,Yes,Yes,RotoWire projected lineup; MLB probable pitchers,lineup projected / unconfirmed,H:2026/2025 P:2026/2025,,,Direct BvP not yet weighted; 2026/2025 Statcast baseline active,7,8,28,0,"Last 7 games: 8/28, 0 HR","same-side matchup; pitcher baseline 8.2% barrel, 15.7 HR allowed",neutral batted-ball profile; pitcher fly-ball pressure modest,,
699393,Pedro Ramirez,CHC,SEA,2026-08-22T02:10:00Z,Scheduled,7,Emerson Hancock,676106,R,S,2.8,0.131,88.9,99.3277,0.348,0.085,0.295,72.2,22.7,33.9,19.3,41.3,2.0,8.19,41.52,89.35,0.4274,0.1696,28.17,15.7,15.7,15.7,T-Mobile Park,96,,,,No,No,7,Yes,Yes,RotoWire projected lineup; MLB probable pitchers,lineup projected / unconfirmed,H:2026 P:2026/2025,,,Direct BvP not yet weighted; 2026/2025 Statcast baseline active,7,6,25,0,"Last 7 games: 6/25, 0 HR","switch hitter; pitcher baseline 8.2% barrel, 15.7 HR allowed",neutral batted-ball profile; pitcher fly-ball pressure modest,,
624424,Michael Conforto,CHC,SEA,2026-08-22T02:10:00Z,Scheduled,8,Emerson Hancock,676106,R,L,10.96,0.1914,90.53,100.6374,0.4051,0.1826,0.3174,72.92,34.21,44.23,35.95,42.81,10.6,8.19,41.52,89.35,0.4274,0.1696,28.17,15.7,15.7,15.7,T-Mobile Park,96,,,,No,No,8,Yes,Yes,RotoWire projected lineup; MLB probable pitchers,lineup projected / unconfirmed,H:2026/2025 P:2026/2025,,,Direct BvP not yet weighted; 2026/2025 Statcast baseline active,7,1,17,1,"Last 7 games: 1/17, 1 HR","platoon edge; pitcher baseline 8.2% barrel, 15.7 HR allowed",fly-ball profile; pitcher fly-ball pressure modest,,
665804,Miguel Amaya,CHC,SEA,2026-08-22T02:10:00Z,Scheduled,9,Emerson Hancock,676106,R,R,7.09,0.1609,87.38,97.8095,0.3447,0.1294,0.2936,71.01,13.87,40.8,32.09,35.28,4.7,8.19,41.52,89.35,0.4274,0.1696,28.17,15.7,15.7,15.7,T-Mobile Park,96,,,,No,No,9,Yes,Yes,RotoWire projected lineup; MLB probable pitchers,lineup projected / unconfirmed,H:2026/2025 P:2026/2025,,,Direct BvP not yet weighted; 2026/2025 Statcast baseline active,7,5,18,2,Hot streak: 2 HR in last 7 games,"same-side matchup; pitcher baseline 8.2% barrel, 15.7 HR allowed",neutral batted-ball profile; pitcher fly-ball pressure modest,,
621493,Taylor Ward,SEA,CHC,2026-08-22T02:10:00Z,Scheduled,1,Matthew Boyd,571510,L,R,8.1,0.1413,89.19,99.4132,0.3954,0.1539,0.3372,68.8,4.16,33.17,29.87,39.55,15.7,9.91,37.93,88.15,0.433,0.1741,26.55,14.8,14.8,14.8,T-Mobile Park,96,,,,No,No,1,Yes,Yes,RotoWire projected lineup; MLB probable pitchers,lineup projected / unconfirmed,H:2026/2025 P:2026/2025,,,Direct BvP not yet weighted; 2026/2025 Statcast baseline active,7,4,28,0,"Last 7 games: 4/28, 0 HR","platoon edge; pitcher baseline 9.9% barrel, 14.8 HR allowed",neutral batted-ball profile; pitcher fly-ball pressure modest,,
702284,Cole Young,SEA,CHC,2026-08-22T02:10:00Z,Scheduled,2,Matthew Boyd,571510,L,L,4.97,0.1269,88.3,98.9495,0.3879,0.1324,0.3138,71.44,21.16,41.77,27.43,36.21,11.7,9.91,37.93,88.15,0.433,0.1741,26.55,14.8,14.8,14.8,T-Mobile Park,96,,,,No,No,2,Yes,Yes,RotoWire projected lineup; MLB probable pitchers,lineup projected / unconfirmed,H:2026/2025 P:2026/2025,,,Direct BvP not yet weighted; 2026/2025 Statcast baseline active,7,3,26,1,"Last 7 games: 3/26, 1 HR","same-side matchup; pitcher baseline 9.9% barrel, 14.8 HR allowed",neutral batted-ball profile; pitcher fly-ball pressure modest,,
668227,Randy Arozarena,SEA,CHC,2026-08-22T02:10:00Z,Scheduled,3,Matthew Boyd,571510,L,R,8.63,0.1803,91.02,101.1171,0.4149,0.1641,0.3403,71.32,24.59,33.28,23.61,45.42,20.0,9.91,37.93,88.15,0.433,0.1741,26.55,14.8,14.8,14.8,T-Mobile Park,96,,,,No,No,3,Yes,Yes,RotoWire projected lineup; MLB probable pitchers,lineup projected / unconfirmed,H:2026/2025 P:2026/2025,,,Direct BvP not yet weighted; 2026/2025 Statcast baseline active,7,6,28,1,"Last 7 games: 6/28, 1 HR","platoon edge; pitcher baseline 9.9% barrel, 14.8 HR allowed",neutral batted-ball profile; pitcher fly-ball pressure modest,,
686527,Dominic Canzone,SEA,CHC,2026-08-22T02:10:00Z,Scheduled,4,Matthew Boyd,571510,L,L,13.1,0.2167,91.53,102.5318,0.5008,0.2241,0.3634,74.15,43.32,39.55,26.58,46.62,16.6,9.91,37.93,88.15,0.433,0.1741,26.55,14.8,14.8,14.8,T-Mobile Park,96,,,,No,No,4,Yes,Yes,RotoWire projected lineup; MLB probable pitchers,lineup projected / unconfirmed,H:2026/2025 P:2026/2025,,,Direct BvP not yet weighted; 2026/2025 Statcast baseline active,7,10,29,0,Contact streak: 10/29 over last 7 games,"same-side matchup; pitcher baseline 9.9% barrel, 14.8 HR allowed",neutral batted-ball profile; pitcher fly-ball pressure modest,,
677594,Julio Rodriguez,SEA,CHC,2026-08-22T02:10:00Z,Scheduled,5,Matthew Boyd,571510,L,R,9.45,0.1762,90.54,102.6598,0.4699,0.1971,0.3489,76.68,67.55,38.49,26.61,44.5,22.9,9.91,37.93,88.15,0.433,0.1741,26.55,14.8,14.8,14.8,T-Mobile Park,96,,,,No,No,5,Yes,Yes,RotoWire projected lineup; MLB probable pitchers,lineup projected / unconfirmed,H:2026/2025 P:2026/2025,,,Direct BvP not yet weighted; 2026/2025 Statcast baseline active,7,6,31,0,"Last 7 games: 6/31, 0 HR","platoon edge; pitcher baseline 9.9% barrel, 14.8 HR allowed",neutral batted-ball profile; pitcher fly-ball pressure modest,,
647304,Josh Naylor,SEA,CHC,2026-08-22T02:10:00Z,Scheduled,6,Matthew Boyd,571510,L,L,5.37,0.1222,88.15,99.2177,0.4054,0.1324,0.325,70.34,11.4,41.99,22.99,38.61,13.0,9.91,37.93,88.15,0.433,0.1741,26.55,14.8,14.8,14.8,T-Mobile Park,96,,,,No,No,6,Yes,Yes,RotoWire projected lineup; MLB probable pitchers,lineup projected / unconfirmed,H:2026/2025 P:2026/2025,,,Direct BvP not yet weighted; 2026/2025 Statcast baseline active,7,10,31,0,Contact streak: 10/31 over last 7 games,"same-side matchup; pitcher baseline 9.9% barrel, 14.8 HR allowed",neutral batted-ball profile; pitcher fly-ball pressure modest,,
663728,Cal Raleigh,SEA,CHC,2026-08-22T02:10:00Z,Scheduled,7,Matthew Boyd,571510,L,S,14.46,0.2006,89.76,100.7279,0.4112,0.2215,0.315,75.06,52.46,53.31,42.92,39.66,27.1,9.91,37.93,88.15,0.433,0.1741,26.55,14.8,14.8,14.8,T-Mobile Park,96,,,,No,No,7,Yes,Yes,RotoWire projected lineup; MLB probable pitchers,lineup projected / unconfirmed,H:2026/2025 P:2026/2025,,,Direct BvP not yet weighted; 2026/2025 Statcast baseline active,7,1,18,1,"Last 7 games: 1/18, 1 HR","switch hitter; pitcher baseline 9.9% barrel, 14.8 HR allowed",fly-ball profile; pitcher fly-ball pressure modest,,
642215,Weston Wilson,SEA,CHC,2026-08-22T02:10:00Z,Scheduled,8,Matthew Boyd,571510,L,R,7.36,0.1542,86.39,98.4709,0.3297,0.1305,0.2838,72.64,26.54,46.36,27.95,35.26,4.3,9.91,37.93,88.15,0.433,0.1741,26.55,14.8,14.8,14.8,T-Mobile Park,96,,,,No,No,8,Yes,Yes,RotoWire projected lineup; MLB probable pitchers,lineup projected / unconfirmed,H:2026/2025 P:2026/2025,,,Direct BvP not yet weighted; 2026/2025 Statcast baseline active,7,1,11,1,"Last 7 games: 1/11, 1 HR","platoon edge; pitcher baseline 9.9% barrel, 14.8 HR allowed",neutral batted-ball profile; pitcher fly-ball pressure modest,,
801126,Brock Rodden,SEA,CHC,2026-08-22T02:10:00Z,Scheduled,9,Matthew Boyd,571510,L,S,9.1,0.2,91.5,97.9737,0.233,0.09,0.238,69.4,2.8,54.5,36.4,54.5,0.0,9.91,37.93,88.15,0.433,0.1741,26.55,14.8,14.8,14.8,T-Mobile Park,96,,,,No,No,9,Yes,Yes,RotoWire projected lineup; MLB probable pitchers,lineup projected / unconfirmed,H:2026 P:2026/2025,,,Direct BvP not yet weighted; 2026/2025 Statcast baseline active,6,6,20,0,"Last 6 games: 6/20, 0 HR","switch hitter; pitcher baseline 9.9% barrel, 14.8 HR allowed",fly-ball profile; pitcher fly-ball pressure modest,,
