hitter_id,player,team,opponent,game_start_time,game_status,batting_order,pitcher,pitcher_id,pitcher_hand,hitter_hand,barrel_pct,iso,avg_exit_velocity,ev50,xslg,xiso,xwoba,bat_speed,fast_swing_pct,pull_pct,fb_pct,hard_hit_pct,hr_total,pitcher_barrel_pct_allowed,pitcher_hard_hit_pct_allowed,pitcher_avg_exit_velocity_allowed,pitcher_xslg_allowed,pitcher_xiso_allowed,pitcher_fb_pct_allowed,pitcher_hr_allowed,pitcher_hr_allowed_vs_lhh,pitcher_hr_allowed_vs_rhh,ballpark,park_hr_factor,weather_temp,wind_speed,wind_direction,confirmed_lineup,rotowire_confirmed_lineup,rotowire_batting_order,rotowire_player_found,lineup_disagreement,lineup_sources_used,source_warnings,stat_years_used,bvp_pa,bvp_hr,bvp_note,recent_games,recent_hits,recent_abs,recent_hr,recent_form_note,split_matchup_note,pitch_mix_note,public_attention,odds
687637,Dylan Beavers,BAL,NYY,2026-09-25T20:10:00Z,Scheduled,1,Ryan Yarbrough,642232,L,L,8.18,0.1429,88.1,99.1757,0.3779,0.1593,0.3083,72.41,21.75,40.46,33.42,35.21,6.1,4.73,27.91,84.49,0.3541,0.1163,29.37,6.0,6.0,6.0,Yankee Stadium,119,,,,No,No,1,Yes,Yes,RotoWire projected lineup; MLB probable pitchers,lineup projected / unconfirmed,H:2026/2025 P:2026/2025,,,Direct BvP not yet weighted; 2026/2025 Statcast baseline active,7,3,28,1,"Last 7 games: 3/28, 1 HR","same-side matchup; pitcher baseline 4.7% barrel, 6.0 HR allowed",neutral batted-ball profile; pitcher fly-ball pressure modest,,
624413,Pete Alonso,BAL,NYY,2026-09-25T20:10:00Z,Scheduled,2,Ryan Yarbrough,642232,L,R,16.17,0.2492,93.78,104.3121,0.5615,0.2815,0.3951,74.78,48.86,37.06,30.88,55.73,40.1,4.73,27.91,84.49,0.3541,0.1163,29.37,6.0,6.0,6.0,Yankee Stadium,119,,,,No,No,2,Yes,Yes,RotoWire projected lineup; MLB probable pitchers,lineup projected / unconfirmed,H:2026/2025 P:2026/2025,,,Direct BvP not yet weighted; 2026/2025 Statcast baseline active,7,7,26,6,Hot streak: 6 HR in last 7 games,"platoon edge; pitcher baseline 4.7% barrel, 6.0 HR allowed",EV profile; pitcher fly-ball pressure modest,,
683002,Gunnar Henderson,BAL,NYY,2026-09-25T20:10:00Z,Scheduled,3,Ryan Yarbrough,642232,L,L,7.97,0.1752,90.07,101.2189,0.4082,0.1532,0.3277,74.46,45.21,40.87,23.87,44.93,21.9,4.73,27.91,84.49,0.3541,0.1163,29.37,6.0,6.0,6.0,Yankee Stadium,119,,,,No,No,3,Yes,Yes,RotoWire projected lineup; MLB probable pitchers,lineup projected / unconfirmed,H:2026/2025 P:2026/2025,,,Direct BvP not yet weighted; 2026/2025 Statcast baseline active,7,9,26,1,Contact streak: 9/26 over last 7 games,"same-side matchup; pitcher baseline 4.7% barrel, 6.0 HR allowed",neutral batted-ball profile; pitcher fly-ball pressure modest,,
691723,Coby Mayo,BAL,NYY,2026-09-25T20:10:00Z,Scheduled,4,Ryan Yarbrough,642232,L,R,12.62,0.2179,90.1,102.4299,0.447,0.2216,0.3227,75.4,55.51,49.34,34.32,44.12,20.1,4.73,27.91,84.49,0.3541,0.1163,29.37,6.0,6.0,6.0,Yankee Stadium,119,,,,No,No,4,Yes,Yes,RotoWire projected lineup; MLB probable pitchers,lineup projected / unconfirmed,H:2026/2025 P:2026/2025,,,Direct BvP not yet weighted; 2026/2025 Statcast baseline active,7,5,25,0,"Last 7 games: 5/25, 0 HR","platoon edge; pitcher baseline 4.7% barrel, 6.0 HR allowed",neutral batted-ball profile; pitcher fly-ball pressure modest,,
687952,Christian Encarnacion-Strand,BAL,NYY,2026-09-25T20:10:00Z,Scheduled,5,Ryan Yarbrough,642232,L,R,12.78,0.2166,89.3,100.8903,0.4659,0.229,0.3175,73.53,35.01,45.81,31.68,39.87,9.5,4.73,27.91,84.49,0.3541,0.1163,29.37,6.0,6.0,6.0,Yankee Stadium,119,,,,No,No,5,Yes,Yes,RotoWire projected lineup; MLB probable pitchers,lineup projected / unconfirmed,H:2026/2025 P:2026/2025,,,Direct BvP not yet weighted; 2026/2025 Statcast baseline active,7,6,22,1,"Last 7 games: 6/22, 1 HR","platoon edge; pitcher baseline 4.7% barrel, 6.0 HR allowed",neutral batted-ball profile; pitcher fly-ball pressure modest,,
681297,Colton Cowser,BAL,NYY,2026-09-25T20:10:00Z,Scheduled,6,Ryan Yarbrough,642232,L,L,10.88,0.1561,88.73,100.7314,0.3984,0.1869,0.3063,74.3,43.38,38.45,31.59,42.15,13.9,4.73,27.91,84.49,0.3541,0.1163,29.37,6.0,6.0,6.0,Yankee Stadium,119,,,,No,No,6,Yes,Yes,RotoWire projected lineup; MLB probable pitchers,lineup projected / unconfirmed,H:2026/2025 P:2026/2025,,,Direct BvP not yet weighted; 2026/2025 Statcast baseline active,7,8,21,0,Contact streak: 8/21 over last 7 games,"same-side matchup; pitcher baseline 4.7% barrel, 6.0 HR allowed",neutral batted-ball profile; pitcher fly-ball pressure modest,,
669236,Jeremiah Jackson,BAL,NYY,2026-09-25T20:10:00Z,Scheduled,7,Ryan Yarbrough,642232,L,R,7.64,0.1507,89.55,100.3681,0.3881,0.1552,0.2847,72.74,27.59,39.23,24.35,40.47,7.8,4.73,27.91,84.49,0.3541,0.1163,29.37,6.0,6.0,6.0,Yankee Stadium,119,,,,No,No,7,Yes,Yes,RotoWire projected lineup; MLB probable pitchers,lineup projected / unconfirmed,H:2026/2025 P:2026/2025,,,Direct BvP not yet weighted; 2026/2025 Statcast baseline active,7,3,24,1,"Last 7 games: 3/24, 1 HR","platoon edge; pitcher baseline 4.7% barrel, 6.0 HR allowed",neutral batted-ball profile; pitcher fly-ball pressure modest,,
681047,Christian Franklin,BAL,NYY,2026-09-25T20:10:00Z,Scheduled,8,Ryan Yarbrough,642232,L,R,10.7,0.05,84.7,98.4261,0.307,0.143,0.292,74.2,44.4,14.3,17.9,39.3,0.0,4.73,27.91,84.49,0.3541,0.1163,29.37,6.0,6.0,6.0,Yankee Stadium,119,,,,No,Yes,8,Yes,Yes,RotoWire projected lineup; MLB probable pitchers,lineup projected / unconfirmed,H:2026 P:2026/2025,,,Direct BvP not yet weighted; 2026/2025 Statcast baseline active,7,3,20,0,"Last 7 games: 3/20, 0 HR","platoon edge; pitcher baseline 4.7% barrel, 6.0 HR allowed",neutral batted-ball profile; pitcher fly-ball pressure modest,,
665966,Carlos Narvaez,BAL,NYY,2026-09-25T20:10:00Z,Scheduled,9,Ryan Yarbrough,642232,L,R,7.0,0.0996,90.89,99.9614,0.3243,0.1256,0.2685,72.09,19.95,32.93,29.75,39.0,6.6,4.73,27.91,84.49,0.3541,0.1163,29.37,6.0,6.0,6.0,Yankee Stadium,119,,,,No,No,9,Yes,Yes,RotoWire projected lineup; MLB probable pitchers,lineup projected / unconfirmed,H:2026/2025 P:2026/2025,,,Direct BvP not yet weighted; 2026/2025 Statcast baseline active,7,1,13,0,"Last 7 games: 1/13, 0 HR","platoon edge; pitcher baseline 4.7% barrel, 6.0 HR allowed",neutral batted-ball profile; pitcher fly-ball pressure modest,,
502671,Paul Goldschmidt,NYY,BAL,2026-09-25T20:10:00Z,Scheduled,1,Brandon Young,687064,R,R,9.47,0.1801,87.88,99.2838,0.4269,0.1798,0.3178,71.69,16.48,33.74,29.35,38.45,15.6,7.82,40.24,89.26,0.4117,0.1637,26.66,19.0,19.0,19.0,Yankee Stadium,119,,,,No,No,1,Yes,Yes,RotoWire projected lineup; MLB probable pitchers,lineup projected / unconfirmed,H:2026/2025 P:2026/2025,,,Direct BvP not yet weighted; 2026/2025 Statcast baseline active,7,5,19,0,"Last 7 games: 5/19, 0 HR","same-side matchup; pitcher baseline 7.8% barrel, 19.0 HR allowed",neutral batted-ball profile; pitcher fly-ball pressure modest,,
700250,Ben Rice,NYY,BAL,2026-09-25T20:10:00Z,Scheduled,2,Brandon Young,687064,R,L,14.49,0.2643,92.25,102.4471,0.5236,0.2527,0.3819,72.84,27.38,44.75,31.09,50.43,36.5,7.82,40.24,89.26,0.4117,0.1637,26.66,19.0,19.0,19.0,Yankee Stadium,119,,,,No,No,4,Yes,Yes,RotoWire projected lineup; MLB probable pitchers,lineup projected / unconfirmed; order MLB 2 vs RotoWire 4,H:2026/2025 P:2026/2025,,,Direct BvP not yet weighted; 2026/2025 Statcast baseline active,7,5,25,2,Hot streak: 2 HR in last 7 games,"platoon edge; pitcher baseline 7.8% barrel, 19.0 HR allowed",lift-pull EV profile; pitcher fly-ball pressure modest,,
671218,Heliot Ramos,NYY,BAL,2026-09-25T20:10:00Z,Scheduled,3,Brandon Young,687064,R,R,12.3,0.158,92.08,103.0318,0.4324,0.1827,0.3235,73.13,33.73,33.52,24.21,48.31,15.4,7.82,40.24,89.26,0.4117,0.1637,26.66,19.0,19.0,19.0,Yankee Stadium,119,,,,No,No,3,Yes,Yes,RotoWire projected lineup; MLB probable pitchers,lineup projected / unconfirmed,H:2026/2025 P:2026/2025,,,Direct BvP not yet weighted; 2026/2025 Statcast baseline active,7,8,28,2,Hot streak: 2 HR in last 7 games,"same-side matchup; pitcher baseline 7.8% barrel, 19.0 HR allowed",EV profile; pitcher fly-ball pressure modest,,
642708,Amed Rosario,NYY,BAL,2026-09-25T20:10:00Z,Scheduled,4,Brandon Young,687064,R,R,9.22,0.1677,90.43,101.3784,0.4285,0.1692,0.3149,73.8,38.04,38.45,24.07,41.08,8.8,7.82,40.24,89.26,0.4117,0.1637,26.66,19.0,19.0,19.0,Yankee Stadium,119,,,,No,No,5,Yes,Yes,RotoWire projected lineup; MLB probable pitchers,lineup projected / unconfirmed; order MLB 4 vs RotoWire 5,H:2026/2025 P:2026/2025,,,Direct BvP not yet weighted; 2026/2025 Statcast baseline active,7,5,21,0,"Last 7 games: 5/21, 0 HR","same-side matchup; pitcher baseline 7.8% barrel, 19.0 HR allowed",neutral batted-ball profile; pitcher fly-ball pressure modest,,
806146,George Lombard,NYY,BAL,2026-09-25T20:10:00Z,Scheduled,5,Brandon Young,687064,R,R,8.3,0.183,87.0,99.2425,0.394,0.151,0.302,72.5,26.4,36.7,23.9,35.8,7.0,7.82,40.24,89.26,0.4117,0.1637,26.66,19.0,19.0,19.0,Yankee Stadium,119,,,,No,No,7,Yes,Yes,RotoWire projected lineup; MLB probable pitchers,lineup projected / unconfirmed; order MLB 5 vs RotoWire 7,H:2026 P:2026/2025,,,Direct BvP not yet weighted; 2026/2025 Statcast baseline active,7,7,28,3,Hot streak: 3 HR in last 7 games,"same-side matchup; pitcher baseline 7.8% barrel, 19.0 HR allowed",neutral batted-ball profile; pitcher fly-ball pressure modest,,
682987,Spencer Jones,NYY,BAL,2026-09-25T20:10:00Z,Scheduled,6,Brandon Young,687064,R,L,15.1,0.19,94.2,104.2117,0.446,0.211,0.324,77.1,72.1,35.5,39.5,55.6,11.0,7.82,40.24,89.26,0.4117,0.1637,26.66,19.0,19.0,19.0,Yankee Stadium,119,,,,No,No,6,Yes,Yes,RotoWire projected lineup; MLB probable pitchers,lineup projected / unconfirmed,H:2026 P:2026/2025,,,Direct BvP not yet weighted; 2026/2025 Statcast baseline active,7,4,29,1,"Last 7 games: 4/29, 1 HR","platoon edge; pitcher baseline 7.8% barrel, 19.0 HR allowed",EV profile; pitcher fly-ball pressure modest,,
683011,Anthony Volpe,NYY,BAL,2026-09-25T20:10:00Z,Scheduled,7,Brandon Young,687064,R,R,6.23,0.116,88.39,98.8116,0.3539,0.1246,0.2947,71.48,18.63,32.59,24.69,38.4,7.1,7.82,40.24,89.26,0.4117,0.1637,26.66,19.0,19.0,19.0,Yankee Stadium,119,,,,No,Yes,7,Yes,Yes,RotoWire projected lineup; MLB probable pitchers,lineup projected / unconfirmed,H:2026/2025 P:2026/2025,,,Direct BvP not yet weighted; 2026/2025 Statcast baseline active,7,6,27,0,"Last 7 games: 6/27, 0 HR","same-side matchup; pitcher baseline 7.8% barrel, 19.0 HR allowed",neutral batted-ball profile; pitcher fly-ball pressure modest,,
645305,Ali Sanchez,NYY,BAL,2026-09-25T20:10:00Z,Scheduled,8,Brandon Young,687064,R,R,7.59,0.0681,85.08,96.5511,0.3309,0.0987,0.2529,70.21,8.26,39.17,18.09,32.17,0.7,7.82,40.24,89.26,0.4117,0.1637,26.66,19.0,19.0,19.0,Yankee Stadium,119,,,,No,Yes,8,Yes,Yes,RotoWire projected lineup; MLB probable pitchers,lineup projected / unconfirmed,H:2026/2025 P:2026/2025,,,Direct BvP not yet weighted; 2026/2025 Statcast baseline active,7,5,18,0,"Last 7 games: 5/18, 0 HR","same-side matchup; pitcher baseline 7.8% barrel, 19.0 HR allowed",neutral batted-ball profile; pitcher fly-ball pressure modest,,
676609,Jose Caballero,NYY,BAL,2026-09-25T20:10:00Z,Scheduled,9,Brandon Young,687064,R,R,4.71,0.1278,84.46,96.3647,0.3348,0.1094,0.2841,68.89,7.91,41.67,21.24,27.17,11.3,7.82,40.24,89.26,0.4117,0.1637,26.66,19.0,19.0,19.0,Yankee Stadium,119,,,,No,Yes,9,Yes,Yes,RotoWire projected lineup; MLB probable pitchers,lineup projected / unconfirmed,H:2026/2025 P:2026/2025,,,Direct BvP not yet weighted; 2026/2025 Statcast baseline active,7,3,18,0,"Last 7 games: 3/18, 0 HR","same-side matchup; pitcher baseline 7.8% barrel, 19.0 HR allowed",neutral batted-ball profile; pitcher fly-ball pressure modest,,
686948,Drake Baldwin,ATL,MIA,2026-09-25T23:10:00Z,Warmup,1,Eury Pérez,691587,R,L,12.33,0.1796,91.49,102.1803,0.4975,0.2213,0.3656,75.3,56.51,32.22,26.02,50.16,22.5,10.05,41.6,89.1,0.3842,0.17,30.94,17.6,17.6,17.6,loanDepot park,89,72,0,None,Yes,Yes,1,Yes,No,MLB Stats API; RotoWire,,H:2026/2025 P:2026/2025,,,Direct BvP not yet weighted; 2026/2025 Statcast baseline active,7,10,29,0,Contact streak: 10/29 over last 7 games,"platoon edge; pitcher baseline 10.1% barrel, 17.6 HR allowed",neutral batted-ball profile; pitcher allows elevated contact,,
660670,Ronald Acuña Jr.,ATL,MIA,2026-09-25T23:10:00Z,Warmup,2,Eury Pérez,691587,R,R,14.02,0.2084,90.6,103.0876,0.5119,0.2489,0.3781,75.91,61.55,36.02,28.65,46.9,20.3,10.05,41.6,89.1,0.3842,0.17,30.94,17.6,17.6,17.6,loanDepot park,89,72,0,None,Yes,Yes,2,Yes,No,MLB Stats API; RotoWire,,H:2026/2025 P:2026/2025,,,Direct BvP not yet weighted; 2026/2025 Statcast baseline active,7,9,26,3,Hot streak: 3 HR in last 7 games,"same-side matchup; pitcher baseline 10.1% barrel, 17.6 HR allowed",neutral batted-ball profile; pitcher allows elevated contact,,
621566,Matt Olson,ATL,MIA,2026-09-25T23:10:00Z,Warmup,3,Eury Pérez,691587,R,L,14.4,0.2414,92.74,103.7282,0.5018,0.2531,0.3551,74.53,47.33,37.72,32.92,52.46,37.4,10.05,41.6,89.1,0.3842,0.17,30.94,17.6,17.6,17.6,loanDepot park,89,72,0,None,Yes,Yes,3,Yes,No,MLB Stats API; RotoWire,,H:2026/2025 P:2026/2025,,,Direct BvP not yet weighted; 2026/2025 Statcast baseline active,7,9,29,2,Hot streak: 2 HR in last 7 games,"platoon edge; pitcher baseline 10.1% barrel, 17.6 HR allowed",EV profile; pitcher allows elevated contact,,
671739,Michael Harris II,ATL,MIA,2026-09-25T23:10:00Z,Warmup,4,Eury Pérez,691587,R,L,9.87,0.1845,90.41,103.062,0.4653,0.1816,0.3339,74.72,47.05,35.87,22.56,46.34,24.2,10.05,41.6,89.1,0.3842,0.17,30.94,17.6,17.6,17.6,loanDepot park,89,72,0,None,Yes,Yes,4,Yes,No,MLB Stats API; RotoWire,,H:2026/2025 P:2026/2025,,,Direct BvP not yet weighted; 2026/2025 Statcast baseline active,7,9,28,1,Contact streak: 9/28 over last 7 games,"platoon edge; pitcher baseline 10.1% barrel, 17.6 HR allowed",neutral batted-ball profile; pitcher allows elevated contact,,
643289,Mauricio Dubón,ATL,MIA,2026-09-25T23:10:00Z,Warmup,5,Eury Pérez,691587,R,R,3.02,0.1175,85.83,96.2056,0.3604,0.0994,0.2955,68.87,4.03,31.89,25.86,28.33,9.8,10.05,41.6,89.1,0.3842,0.17,30.94,17.6,17.6,17.6,loanDepot park,89,72,0,None,Yes,Yes,5,Yes,No,MLB Stats API; RotoWire,,H:2026/2025 P:2026/2025,,,Direct BvP not yet weighted; 2026/2025 Statcast baseline active,7,11,29,0,Contact streak: 11/29 over last 7 games,"same-side matchup; pitcher baseline 10.1% barrel, 17.6 HR allowed",neutral batted-ball profile; pitcher allows elevated contact,,
645277,Ozzie Albies,ATL,MIA,2026-09-25T23:10:00Z,Warmup,6,Eury Pérez,691587,R,S,4.2,0.1474,87.15,96.6708,0.3481,0.1191,0.2829,68.86,5.67,46.63,31.55,28.53,20.2,10.05,41.6,89.1,0.3842,0.17,30.94,17.6,17.6,17.6,loanDepot park,89,72,0,None,Yes,Yes,6,Yes,No,MLB Stats API; RotoWire,,H:2026/2025 P:2026/2025,,,Direct BvP not yet weighted; 2026/2025 Statcast baseline active,7,4,26,0,"Last 7 games: 4/26, 0 HR","switch hitter; pitcher baseline 10.1% barrel, 17.6 HR allowed",neutral batted-ball profile; pitcher allows elevated contact,,
573262,Mike Yastrzemski,ATL,MIA,2026-09-25T23:10:00Z,Warmup,7,Eury Pérez,691587,R,L,7.17,0.1623,90.52,99.7425,0.3854,0.1477,0.3164,71.31,8.79,43.59,30.7,42.88,13.5,10.05,41.6,89.1,0.3842,0.17,30.94,17.6,17.6,17.6,loanDepot park,89,72,0,None,Yes,Yes,7,Yes,No,MLB Stats API; RotoWire,,H:2026/2025 P:2026/2025,,,Direct BvP not yet weighted; 2026/2025 Statcast baseline active,7,5,18,2,Hot streak: 2 HR in last 7 games,"platoon edge; pitcher baseline 10.1% barrel, 17.6 HR allowed",neutral batted-ball profile; pitcher allows elevated contact,,
663586,Austin Riley,ATL,MIA,2026-09-25T23:10:00Z,Warmup,8,Eury Pérez,691587,R,R,13.38,0.154,91.6,102.7057,0.423,0.1977,0.3104,75.83,59.5,40.22,30.8,45.93,18.1,10.05,41.6,89.1,0.3842,0.17,30.94,17.6,17.6,17.6,loanDepot park,89,72,0,None,Yes,Yes,8,Yes,No,MLB Stats API; RotoWire,,H:2026/2025 P:2026/2025,,,Direct BvP not yet weighted; 2026/2025 Statcast baseline active,7,6,25,2,Hot streak: 2 HR in last 7 games,"same-side matchup; pitcher baseline 10.1% barrel, 17.6 HR allowed",neutral batted-ball profile; pitcher allows elevated contact,,
669221,Sean Murphy,ATL,MIA,2026-09-25T23:10:00Z,Warmup,9,Eury Pérez,691587,R,R,10.32,0.1512,87.63,100.7701,0.3464,0.1538,0.279,72.46,28.75,47.02,26.84,40.09,6.9,10.05,41.6,89.1,0.3842,0.17,30.94,17.6,17.6,17.6,loanDepot park,89,72,0,None,Yes,Yes,9,Yes,No,MLB Stats API; RotoWire,,H:2026/2025 P:2026/2025,,,Direct BvP not yet weighted; 2026/2025 Statcast baseline active,7,0,22,0,"Last 7 games: 0/22, 0 HR","same-side matchup; pitcher baseline 10.1% barrel, 17.6 HR allowed",neutral batted-ball profile; pitcher allows elevated contact,,
672640,Otto Lopez,MIA,ATL,2026-09-25T23:10:00Z,Warmup,1,Ray Kerr,678061,L,R,6.4,0.1304,88.92,100.1658,0.4235,0.1454,0.3286,71.84,22.95,34.12,22.78,40.19,12.2,7.3,34.1,88.7,0.353,0.134,19.5,2.0,2.0,2.0,loanDepot park,89,72,0,None,Yes,Yes,1,Yes,No,MLB Stats API; RotoWire,,H:2026/2025 P:2026,,,Direct BvP not yet weighted; 2026/2025 Statcast baseline active,7,8,29,1,"Last 7 games: 8/29, 1 HR","platoon edge; pitcher baseline 7.3% barrel, 2.0 HR allowed",neutral batted-ball profile; pitcher fly-ball pressure modest,,
805300,Jakob Marsee,MIA,ATL,2026-09-25T23:10:00Z,Warmup,2,Ray Kerr,678061,L,L,4.95,0.144,87.78,98.5396,0.3629,0.119,0.3225,70.29,5.3,40.81,23.19,36.5,9.2,7.3,34.1,88.7,0.353,0.134,19.5,2.0,2.0,2.0,loanDepot park,89,72,0,None,Yes,Yes,2,Yes,No,MLB Stats API; RotoWire,,H:2026/2025 P:2026,,,Direct BvP not yet weighted; 2026/2025 Statcast baseline active,7,8,23,1,Contact streak: 8/23 over last 7 games,"same-side matchup; pitcher baseline 7.3% barrel, 2.0 HR allowed",neutral batted-ball profile; pitcher fly-ball pressure modest,,
681715,Heriberto Hernández,MIA,ATL,2026-09-25T23:10:00Z,Warmup,3,Ray Kerr,678061,L,R,12.05,0.1958,90.9,101.6342,0.4541,0.2138,0.3401,74.0,43.85,46.26,30.62,46.66,19.8,7.3,34.1,88.7,0.353,0.134,19.5,2.0,2.0,2.0,loanDepot park,89,72,0,None,Yes,Yes,3,Yes,No,MLB Stats API; RotoWire,,H:2026/2025 P:2026,,,Direct BvP not yet weighted; 2026/2025 Statcast baseline active,7,7,28,0,"Last 7 games: 7/28, 0 HR","platoon edge; pitcher baseline 7.3% barrel, 2.0 HR allowed",neutral batted-ball profile; pitcher fly-ball pressure modest,,
691594,Javier Sanoja,MIA,ATL,2026-09-25T23:10:00Z,Warmup,4,Ray Kerr,678061,L,R,2.43,0.1579,87.38,97.4817,0.3511,0.0858,0.2897,69.0,6.88,38.36,19.46,32.62,8.8,7.3,34.1,88.7,0.353,0.134,19.5,2.0,2.0,2.0,loanDepot park,89,72,0,None,Yes,Yes,4,Yes,No,MLB Stats API; RotoWire,,H:2026/2025 P:2026,,,Direct BvP not yet weighted; 2026/2025 Statcast baseline active,7,9,28,1,Contact streak: 9/28 over last 7 games,"platoon edge; pitcher baseline 7.3% barrel, 2.0 HR allowed",neutral batted-ball profile; pitcher fly-ball pressure modest,,
665052,Griffin Conine,MIA,ATL,2026-09-25T23:10:00Z,Warmup,5,Ray Kerr,678061,L,L,14.94,0.2014,90.9,102.9617,0.4537,0.2089,0.3391,74.19,43.13,40.64,24.39,48.24,12.5,7.3,34.1,88.7,0.353,0.134,19.5,2.0,2.0,2.0,loanDepot park,89,72,0,None,Yes,Yes,5,Yes,No,MLB Stats API; RotoWire,,H:2026/2025 P:2026,,,Direct BvP not yet weighted; 2026/2025 Statcast baseline active,7,5,25,1,"Last 7 games: 5/25, 1 HR","same-side matchup; pitcher baseline 7.3% barrel, 2.0 HR allowed",neutral batted-ball profile; pitcher fly-ball pressure modest,,
682663,Agustín Ramírez,MIA,ATL,2026-09-25T23:10:00Z,Warmup,6,Ray Kerr,678061,L,R,6.45,0.1428,90.17,102.5772,0.3597,0.1259,0.2977,75.62,57.09,42.22,18.28,42.66,9.8,7.3,34.1,88.7,0.353,0.134,19.5,2.0,2.0,2.0,loanDepot park,89,72,0,None,Yes,Yes,6,Yes,No,MLB Stats API; RotoWire,,H:2026/2025 P:2026,,,Direct BvP not yet weighted; 2026/2025 Statcast baseline active,7,8,24,1,Contact streak: 8/24 over last 7 games,"platoon edge; pitcher baseline 7.3% barrel, 2.0 HR allowed",neutral batted-ball profile; pitcher fly-ball pressure modest,,
691277,Deyvison De Los Santos,MIA,ATL,2026-09-25T23:10:00Z,Warmup,7,Ray Kerr,678061,L,R,4.8,0.066,83.4,93.9064,0.194,0.051,0.165,76.4,63.6,33.3,23.8,14.3,0.0,7.3,34.1,88.7,0.353,0.134,19.5,2.0,2.0,2.0,loanDepot park,89,72,0,None,Yes,Yes,7,Yes,No,MLB Stats API; RotoWire,,H:2026 P:2026,,,Direct BvP not yet weighted; 2026/2025 Statcast baseline active,7,1,18,0,"Last 7 games: 1/18, 0 HR","platoon edge; pitcher baseline 7.3% barrel, 2.0 HR allowed",neutral batted-ball profile; pitcher fly-ball pressure modest,,
691788,Joe Mack,MIA,ATL,2026-09-25T23:10:00Z,Warmup,8,Ray Kerr,678061,L,L,8.0,0.159,88.7,99.4508,0.384,0.162,0.285,74.2,43.2,47.1,24.4,37.8,13.0,7.3,34.1,88.7,0.353,0.134,19.5,2.0,2.0,2.0,loanDepot park,89,72,0,None,Yes,Yes,8,Yes,No,MLB Stats API; RotoWire,,H:2026 P:2026,,,Direct BvP not yet weighted; 2026/2025 Statcast baseline active,7,4,20,0,"Last 7 games: 4/20, 0 HR","same-side matchup; pitcher baseline 7.3% barrel, 2.0 HR allowed",neutral batted-ball profile; pitcher fly-ball pressure modest,,
691858,Jared Serna,MIA,ATL,2026-09-25T23:10:00Z,Warmup,9,Ray Kerr,678061,L,R,7.1,0.1,88.9,99.7559,0.227,0.065,0.206,71.2,9.5,35.7,7.1,50.0,0.0,7.3,34.1,88.7,0.353,0.134,19.5,2.0,2.0,2.0,loanDepot park,89,72,0,None,Yes,Yes,9,Yes,No,MLB Stats API; RotoWire,,H:2026 P:2026,,,Direct BvP not yet weighted; 2026/2025 Statcast baseline active,7,1,9,0,"Last 7 games: 1/9, 0 HR","platoon edge; pitcher baseline 7.3% barrel, 2.0 HR allowed",neutral batted-ball profile; pitcher fly-ball pressure modest,,
680757,Steven Kwan,CLE,KC,2026-09-25T23:40:00Z,Pre-Game,1,Noah Cameron,702070,L,L,0.85,0.0754,84.52,92.7982,0.3499,0.0734,0.3226,62.73,0.31,28.02,23.51,13.14,5.4,7.63,37.61,88.53,0.4054,0.1604,27.36,18.7,18.7,18.7,Kauffman Stadium,92,64,8,R To L,Yes,Yes,1,Yes,No,MLB Stats API; RotoWire,,H:2026/2025 P:2026/2025,,,Direct BvP not yet weighted; 2026/2025 Statcast baseline active,7,8,26,0,"Last 7 games: 8/26, 0 HR","same-side matchup; pitcher baseline 7.6% barrel, 18.7 HR allowed",neutral batted-ball profile; pitcher fly-ball pressure modest,,
608070,José Ramírez,CLE,KC,2026-09-25T23:40:00Z,Pre-Game,2,Noah Cameron,702070,L,S,5.04,0.1612,88.62,99.2337,0.4082,0.1375,0.3301,70.41,12.77,50.76,28.15,38.05,17.4,7.63,37.61,88.53,0.4054,0.1604,27.36,18.7,18.7,18.7,Kauffman Stadium,92,64,8,R To L,Yes,Yes,2,Yes,No,MLB Stats API; RotoWire,,H:2026/2025 P:2026/2025,,,Direct BvP not yet weighted; 2026/2025 Statcast baseline active,7,11,29,1,Contact streak: 11/29 over last 7 games,"switch hitter; pitcher baseline 7.6% barrel, 18.7 HR allowed",neutral batted-ball profile; pitcher fly-ball pressure modest,,
800050,Chase DeLauter,CLE,KC,2026-09-25T23:40:00Z,Pre-Game,3,Noah Cameron,702070,L,L,6.1,0.165,91.3,101.2935,0.425,0.148,0.344,71.5,18.7,37.7,19.6,46.3,15.0,7.63,37.61,88.53,0.4054,0.1604,27.36,18.7,18.7,18.7,Kauffman Stadium,92,64,8,R To L,Yes,Yes,3,Yes,No,MLB Stats API; RotoWire,,H:2026 P:2026/2025,,,Direct BvP not yet weighted; 2026/2025 Statcast baseline active,7,6,26,1,"Last 7 games: 6/26, 1 HR","same-side matchup; pitcher baseline 7.6% barrel, 18.7 HR allowed",neutral batted-ball profile; pitcher fly-ball pressure modest,,
666176,Jo Adell,CLE,KC,2026-09-25T23:40:00Z,Pre-Game,4,Noah Cameron,702070,L,R,11.28,0.1846,90.65,102.9198,0.4692,0.2134,0.3356,77.46,72.39,39.89,27.21,45.94,26.5,7.63,37.61,88.53,0.4054,0.1604,27.36,18.7,18.7,18.7,Kauffman Stadium,92,64,8,R To L,Yes,Yes,4,Yes,No,MLB Stats API; RotoWire,,H:2026/2025 P:2026/2025,,,Direct BvP not yet weighted; 2026/2025 Statcast baseline active,7,6,27,0,"Last 7 games: 6/27, 0 HR","platoon edge; pitcher baseline 7.6% barrel, 18.7 HR allowed",neutral batted-ball profile; pitcher fly-ball pressure modest,,
682657,Angel Martínez,CLE,KC,2026-09-25T23:40:00Z,Pre-Game,5,Noah Cameron,702070,L,S,6.3,0.191,87.45,98.4931,0.3802,0.1375,0.2893,71.08,15.67,44.74,27.01,34.13,15.9,7.63,37.61,88.53,0.4054,0.1604,27.36,18.7,18.7,18.7,Kauffman Stadium,92,64,8,R To L,Yes,Yes,5,Yes,No,MLB Stats API; RotoWire,,H:2026/2025 P:2026/2025,,,Direct BvP not yet weighted; 2026/2025 Statcast baseline active,7,10,25,3,Hot streak: 3 HR in last 7 games,"switch hitter; pitcher baseline 7.6% barrel, 18.7 HR allowed",neutral batted-ball profile; pitcher fly-ball pressure modest,,
681807,David Fry,CLE,KC,2026-09-25T23:40:00Z,Pre-Game,6,Noah Cameron,702070,L,R,6.93,0.1654,86.95,98.1227,0.27,0.108,0.2454,70.96,11.75,52.38,28.12,35.67,7.3,7.63,37.61,88.53,0.4054,0.1604,27.36,18.7,18.7,18.7,Kauffman Stadium,92,64,8,R To L,Yes,Yes,6,Yes,No,MLB Stats API; RotoWire,,H:2026/2025 P:2026/2025,,,Direct BvP not yet weighted; 2026/2025 Statcast baseline active,7,4,17,1,"Last 7 games: 4/17, 1 HR","platoon edge; pitcher baseline 7.6% barrel, 18.7 HR allowed",neutral batted-ball profile; pitcher fly-ball pressure modest,,
683953,Travis Bazzana,CLE,KC,2026-09-25T23:40:00Z,Pre-Game,7,Noah Cameron,702070,L,L,5.1,0.158,87.7,98.312,0.346,0.121,0.3,69.6,12.0,38.7,28.3,36.5,15.0,7.63,37.61,88.53,0.4054,0.1604,27.36,18.7,18.7,18.7,Kauffman Stadium,92,64,8,R To L,Yes,Yes,7,Yes,No,MLB Stats API; RotoWire,,H:2026 P:2026/2025,,,Direct BvP not yet weighted; 2026/2025 Statcast baseline active,7,2,23,1,"Last 7 games: 2/23, 1 HR","same-side matchup; pitcher baseline 7.6% barrel, 18.7 HR allowed",neutral batted-ball profile; pitcher fly-ball pressure modest,,
595978,Austin Hedges,CLE,KC,2026-09-25T23:40:00Z,Pre-Game,8,Noah Cameron,702070,L,R,3.89,0.1181,86.59,97.7268,0.3015,0.0909,0.2693,69.82,9.95,47.88,23.87,32.06,5.0,7.63,37.61,88.53,0.4054,0.1604,27.36,18.7,18.7,18.7,Kauffman Stadium,92,64,8,R To L,Yes,Yes,8,Yes,No,MLB Stats API; RotoWire,,H:2026/2025 P:2026/2025,,,Direct BvP not yet weighted; 2026/2025 Statcast baseline active,7,4,21,0,"Last 7 games: 4/21, 0 HR","platoon edge; pitcher baseline 7.6% barrel, 18.7 HR allowed",neutral batted-ball profile; pitcher fly-ball pressure modest,,
677587,Brayan Rocchio,CLE,KC,2026-09-25T23:40:00Z,Pre-Game,9,Noah Cameron,702070,L,S,3.02,0.121,87.3,97.2135,0.351,0.1053,0.2936,69.86,6.52,43.57,25.23,31.51,10.6,7.63,37.61,88.53,0.4054,0.1604,27.36,18.7,18.7,18.7,Kauffman Stadium,92,64,8,R To L,Yes,Yes,9,Yes,No,MLB Stats API; RotoWire,,H:2026/2025 P:2026/2025,,,Direct BvP not yet weighted; 2026/2025 Statcast baseline active,7,7,23,0,"Last 7 games: 7/23, 0 HR","switch hitter; pitcher baseline 7.6% barrel, 18.7 HR allowed",neutral batted-ball profile; pitcher fly-ball pressure modest,,
695600,Carter Jensen,KC,CLE,2026-09-25T23:40:00Z,Pre-Game,1,Gavin Williams,668909,R,L,14.29,0.2262,92.53,102.9961,0.4699,0.2207,0.3497,74.1,38.94,41.63,31.19,48.57,18.4,10.68,45.84,90.19,0.3973,0.1747,25.79,25.8,25.8,25.8,Kauffman Stadium,92,64,8,R To L,Yes,Yes,1,Yes,No,MLB Stats API; RotoWire,,H:2026/2025 P:2026/2025,,,Direct BvP not yet weighted; 2026/2025 Statcast baseline active,7,8,28,1,"Last 7 games: 8/28, 1 HR","platoon edge; pitcher baseline 10.7% barrel, 25.8 HR allowed",lift-pull EV profile; pitcher fly-ball pressure modest,,
677951,Bobby Witt Jr.,KC,CLE,2026-09-25T23:40:00Z,Pre-Game,2,Gavin Williams,668909,R,R,11.87,0.1745,92.67,103.4874,0.5073,0.2101,0.3748,74.02,42.86,31.5,26.99,50.18,19.5,10.68,45.84,90.19,0.3973,0.1747,25.79,25.8,25.8,25.8,Kauffman Stadium,92,64,8,R To L,Yes,Yes,2,Yes,No,MLB Stats API; RotoWire,,H:2026/2025 P:2026/2025,,,Direct BvP not yet weighted; 2026/2025 Statcast baseline active,7,10,28,0,Contact streak: 10/28 over last 7 games,"same-side matchup; pitcher baseline 10.7% barrel, 25.8 HR allowed",EV profile; pitcher fly-ball pressure modest,,
695506,Jac Caglianone,KC,CLE,2026-09-25T23:40:00Z,Pre-Game,3,Gavin Williams,668909,R,L,12.98,0.1828,91.99,104.6877,0.4793,0.2122,0.3455,77.19,73.43,44.35,22.26,50.73,18.2,10.68,45.84,90.19,0.3973,0.1747,25.79,25.8,25.8,25.8,Kauffman Stadium,92,64,8,R To L,Yes,Yes,3,Yes,No,MLB Stats API; RotoWire,,H:2026/2025 P:2026/2025,,,Direct BvP not yet weighted; 2026/2025 Statcast baseline active,7,7,22,0,"Last 7 games: 7/22, 0 HR","platoon edge; pitcher baseline 10.7% barrel, 25.8 HR allowed",neutral batted-ball profile; pitcher fly-ball pressure modest,,
672580,Maikel Garcia,KC,CLE,2026-09-25T23:40:00Z,Pre-Game,4,Gavin Williams,668909,R,R,4.69,0.1294,90.25,100.2686,0.3842,0.1117,0.321,71.69,17.8,34.39,21.25,41.39,6.9,10.68,45.84,90.19,0.3973,0.1747,25.79,25.8,25.8,25.8,Kauffman Stadium,92,64,8,R To L,Yes,Yes,4,Yes,No,MLB Stats API; RotoWire,,H:2026/2025 P:2026/2025,,,Direct BvP not yet weighted; 2026/2025 Statcast baseline active,7,4,21,0,"Last 7 games: 4/21, 0 HR","same-side matchup; pitcher baseline 10.7% barrel, 25.8 HR allowed",neutral batted-ball profile; pitcher fly-ball pressure modest,,
686469,Vinnie Pasquantino,KC,CLE,2026-09-25T23:40:00Z,Pre-Game,5,Gavin Williams,668909,R,L,9.61,0.1816,90.34,100.278,0.4399,0.1847,0.334,71.17,15.31,44.54,30.33,42.6,20.1,10.68,45.84,90.19,0.3973,0.1747,25.79,25.8,25.8,25.8,Kauffman Stadium,92,64,8,R To L,Yes,Yes,5,Yes,No,MLB Stats API; RotoWire,,H:2026/2025 P:2026/2025,,,Direct BvP not yet weighted; 2026/2025 Statcast baseline active,7,9,26,3,Hot streak: 3 HR in last 7 games,"platoon edge; pitcher baseline 10.7% barrel, 25.8 HR allowed",neutral batted-ball profile; pitcher fly-ball pressure modest,,
521692,Salvador Perez,KC,CLE,2026-09-25T23:40:00Z,Pre-Game,6,Gavin Williams,668909,R,R,11.65,0.168,89.37,100.8909,0.4633,0.2086,0.3262,71.99,22.35,41.63,30.78,44.04,23.0,10.68,45.84,90.19,0.3973,0.1747,25.79,25.8,25.8,25.8,Kauffman Stadium,92,64,8,R To L,Yes,Yes,6,Yes,No,MLB Stats API; RotoWire,,H:2026/2025 P:2026/2025,,,Direct BvP not yet weighted; 2026/2025 Statcast baseline active,7,5,22,1,"Last 7 games: 5/22, 1 HR","same-side matchup; pitcher baseline 10.7% barrel, 25.8 HR allowed",neutral batted-ball profile; pitcher fly-ball pressure modest,,
686681,Michael Massey,KC,CLE,2026-09-25T23:40:00Z,Pre-Game,7,Gavin Williams,668909,R,L,5.61,0.132,88.83,98.6296,0.3943,0.1437,0.2951,71.36,11.42,48.87,30.31,37.55,10.0,10.68,45.84,90.19,0.3973,0.1747,25.79,25.8,25.8,25.8,Kauffman Stadium,92,64,8,R To L,Yes,Yes,7,Yes,No,MLB Stats API; RotoWire,,H:2026/2025 P:2026/2025,,,Direct BvP not yet weighted; 2026/2025 Statcast baseline active,7,4,28,1,"Last 7 games: 4/28, 1 HR","platoon edge; pitcher baseline 10.7% barrel, 25.8 HR allowed",neutral batted-ball profile; pitcher fly-ball pressure modest,,
670231,John Rave,KC,CLE,2026-09-25T23:40:00Z,Pre-Game,8,Gavin Williams,668909,R,L,9.42,0.1782,88.02,100.1187,0.3833,0.1486,0.3125,73.83,37.62,44.31,24.85,37.9,5.4,10.68,45.84,90.19,0.3973,0.1747,25.79,25.8,25.8,25.8,Kauffman Stadium,92,64,8,R To L,Yes,Yes,8,Yes,No,MLB Stats API; RotoWire,,H:2026/2025 P:2026/2025,,,Direct BvP not yet weighted; 2026/2025 Statcast baseline active,7,7,25,1,"Last 7 games: 7/25, 1 HR","platoon edge; pitcher baseline 10.7% barrel, 25.8 HR allowed",neutral batted-ball profile; pitcher fly-ball pressure modest,,
664728,Kyle Isbel,KC,CLE,2026-09-25T23:40:00Z,Pre-Game,9,Gavin Williams,668909,R,L,2.37,0.1001,88.15,98.8125,0.2963,0.0756,0.2524,71.1,12.64,33.3,19.57,33.65,5.4,10.68,45.84,90.19,0.3973,0.1747,25.79,25.8,25.8,25.8,Kauffman Stadium,92,64,8,R To L,Yes,Yes,9,Yes,No,MLB Stats API; RotoWire,,H:2026/2025 P:2026/2025,,,Direct BvP not yet weighted; 2026/2025 Statcast baseline active,7,3,16,0,"Last 7 games: 3/16, 0 HR","platoon edge; pitcher baseline 10.7% barrel, 25.8 HR allowed",neutral batted-ball profile; pitcher fly-ball pressure modest,,
664983,Jake McCarthy,COL,CWS,2026-09-25T23:40:00Z,Pre-Game,1,Sean Burke,680732,R,L,5.44,0.1739,85.05,96.8217,0.402,0.1378,0.3119,70.96,13.47,37.87,21.52,28.09,11.7,8.82,40.11,89.6,0.3996,0.1641,30.98,19.5,19.5,19.5,Rate Field,100,63,5,In From LF,Yes,Yes,1,Yes,No,MLB Stats API; RotoWire,,H:2026/2025 P:2026/2025,,,Direct BvP not yet weighted; 2026/2025 Statcast baseline active,7,8,28,0,"Last 7 games: 8/28, 0 HR","platoon edge; pitcher baseline 8.8% barrel, 19.5 HR allowed",neutral batted-ball profile; pitcher allows elevated contact,,
691182,Adael Amador,COL,CWS,2026-09-25T23:40:00Z,Pre-Game,2,Sean Burke,680732,R,S,6.48,0.1895,84.52,96.3034,0.3123,0.1048,0.2704,69.41,9.76,51.89,23.76,24.91,3.1,8.82,40.11,89.6,0.3996,0.1641,30.98,19.5,19.5,19.5,Rate Field,100,63,5,In From LF,Yes,Yes,2,Yes,No,MLB Stats API; RotoWire,,H:2026/2025 P:2026/2025,,,Direct BvP not yet weighted; 2026/2025 Statcast baseline active,7,4,18,0,"Last 7 games: 4/18, 0 HR","switch hitter; pitcher baseline 8.8% barrel, 19.5 HR allowed",neutral batted-ball profile; pitcher allows elevated contact,,
696100,Hunter Goodman,COL,CWS,2026-09-25T23:40:00Z,Pre-Game,3,Sean Burke,680732,R,R,13.88,0.2665,89.96,102.3325,0.4546,0.2224,0.3206,74.79,47.27,47.93,32.62,45.15,36.6,8.82,40.11,89.6,0.3996,0.1641,30.98,19.5,19.5,19.5,Rate Field,100,63,5,In From LF,Yes,Yes,3,Yes,No,MLB Stats API; RotoWire,,H:2026/2025 P:2026/2025,,,Direct BvP not yet weighted; 2026/2025 Statcast baseline active,7,8,27,1,"Last 7 games: 8/27, 1 HR","same-side matchup; pitcher baseline 8.8% barrel, 19.5 HR allowed",neutral batted-ball profile; pitcher allows elevated contact,,
681198,TJ Rumfield,COL,CWS,2026-09-25T23:40:00Z,Pre-Game,4,Sean Burke,680732,R,L,4.8,0.149,84.3,96.1554,0.385,0.125,0.333,68.4,7.5,40.8,28.8,27.7,15.0,8.82,40.11,89.6,0.3996,0.1641,30.98,19.5,19.5,19.5,Rate Field,100,63,5,In From LF,Yes,Yes,4,Yes,No,MLB Stats API; RotoWire,,H:2026 P:2026/2025,,,Direct BvP not yet weighted; 2026/2025 Statcast baseline active,7,6,26,0,"Last 7 games: 6/26, 0 HR","platoon edge; pitcher baseline 8.8% barrel, 19.5 HR allowed",neutral batted-ball profile; pitcher allows elevated contact,,
691720,Kyle Karros,COL,CWS,2026-09-25T23:40:00Z,Pre-Game,5,Sean Burke,680732,R,R,6.25,0.1301,89.16,99.696,0.3656,0.1257,0.3147,69.8,5.51,39.22,24.34,38.74,9.4,8.82,40.11,89.6,0.3996,0.1641,30.98,19.5,19.5,19.5,Rate Field,100,63,5,In From LF,Yes,Yes,5,Yes,No,MLB Stats API; RotoWire,,H:2026/2025 P:2026/2025,,,Direct BvP not yet weighted; 2026/2025 Statcast baseline active,7,6,26,2,Hot streak: 2 HR in last 7 games,"same-side matchup; pitcher baseline 8.8% barrel, 19.5 HR allowed",neutral batted-ball profile; pitcher allows elevated contact,,
666160,Mickey Moniak,COL,CWS,2026-09-25T23:40:00Z,Pre-Game,6,Sean Burke,680732,R,L,11.0,0.2459,89.7,100.3161,0.4226,0.1962,0.2958,74.12,43.04,46.87,36.84,42.64,23.3,8.82,40.11,89.6,0.3996,0.1641,30.98,19.5,19.5,19.5,Rate Field,100,63,5,In From LF,Yes,Yes,6,Yes,No,MLB Stats API; RotoWire,,H:2026/2025 P:2026/2025,,,Direct BvP not yet weighted; 2026/2025 Statcast baseline active,7,5,22,1,"Last 7 games: 5/22, 1 HR","platoon edge; pitcher baseline 8.8% barrel, 19.5 HR allowed",fly-ball profile; pitcher allows elevated contact,,
687859,Troy Johnston,COL,CWS,2026-09-25T23:40:00Z,Pre-Game,7,Sean Burke,680732,R,L,4.36,0.1255,89.67,98.8304,0.4027,0.1268,0.3296,70.32,5.44,40.07,23.58,37.9,4.0,8.82,40.11,89.6,0.3996,0.1641,30.98,19.5,19.5,19.5,Rate Field,100,63,5,In From LF,Yes,Yes,7,Yes,No,MLB Stats API; RotoWire,,H:2026/2025 P:2026/2025,,,Direct BvP not yet weighted; 2026/2025 Statcast baseline active,7,5,18,0,"Last 7 games: 5/18, 0 HR","platoon edge; pitcher baseline 8.8% barrel, 19.5 HR allowed",neutral batted-ball profile; pitcher allows elevated contact,,
691728,Zac Veen,COL,CWS,2026-09-25T23:40:00Z,Pre-Game,8,Sean Burke,680732,R,L,7.03,0.1842,88.03,99.9969,0.3029,0.1316,0.251,72.12,21.54,41.15,41.79,36.65,2.4,8.82,40.11,89.6,0.3996,0.1641,30.98,19.5,19.5,19.5,Rate Field,100,63,5,In From LF,Yes,Yes,8,Yes,No,MLB Stats API; RotoWire,,H:2026/2025 P:2026/2025,,,Direct BvP not yet weighted; 2026/2025 Statcast baseline active,7,3,14,1,"Last 7 games: 3/14, 1 HR","platoon edge; pitcher baseline 8.8% barrel, 19.5 HR allowed",fly-ball profile; pitcher allows elevated contact,,
678662,Ezequiel Tovar,COL,CWS,2026-09-25T23:40:00Z,Pre-Game,9,Sean Burke,680732,R,R,7.55,0.1337,87.86,98.9897,0.3885,0.1527,0.2903,71.95,21.03,36.7,30.2,34.63,11.1,8.82,40.11,89.6,0.3996,0.1641,30.98,19.5,19.5,19.5,Rate Field,100,63,5,In From LF,Yes,Yes,9,Yes,No,MLB Stats API; RotoWire,,H:2026/2025 P:2026/2025,,,Direct BvP not yet weighted; 2026/2025 Statcast baseline active,7,5,21,1,"Last 7 games: 5/21, 1 HR","same-side matchup; pitcher baseline 8.8% barrel, 19.5 HR allowed",neutral batted-ball profile; pitcher allows elevated contact,,
803011,Sam Antonacci,CWS,COL,2026-09-25T23:40:00Z,Pre-Game,1,Tomoyuki Sugano,608372,R,L,5.1,0.119,87.5,97.5431,0.394,0.115,0.344,69.7,7.3,31.8,22.1,33.4,8.0,11.8,42.53,90.77,0.5359,0.2357,30.07,31.6,31.6,31.6,Rate Field,100,63,5,In From LF,Yes,Yes,1,Yes,No,MLB Stats API; RotoWire,,H:2026 P:2026/2025,,,Direct BvP not yet weighted; 2026/2025 Statcast baseline active,7,7,23,0,"Last 7 games: 7/23, 0 HR","platoon edge; pitcher baseline 11.8% barrel, 31.6 HR allowed",neutral batted-ball profile; pitcher allows elevated contact,,
691019,Kyle Teel,CWS,COL,2026-09-25T23:40:00Z,Pre-Game,2,Tomoyuki Sugano,608372,R,L,11.63,0.1541,86.13,100.3444,0.3901,0.1727,0.33,71.22,23.08,41.66,29.73,45.16,5.9,11.8,42.53,90.77,0.5359,0.2357,30.07,31.6,31.6,31.6,Rate Field,100,63,5,In From LF,Yes,Yes,2,Yes,No,MLB Stats API; RotoWire,,H:2026/2025 P:2026/2025,,,Direct BvP not yet weighted; 2026/2025 Statcast baseline active,7,4,23,1,"Last 7 games: 4/23, 1 HR","platoon edge; pitcher baseline 11.8% barrel, 31.6 HR allowed",neutral batted-ball profile; pitcher allows elevated contact,,
678246,Miguel Vargas,CWS,COL,2026-09-25T23:40:00Z,Pre-Game,3,Tomoyuki Sugano,608372,R,R,12.06,0.209,89.98,100.149,0.4721,0.2158,0.3617,72.91,33.16,45.05,34.96,43.02,27.9,11.8,42.53,90.77,0.5359,0.2357,30.07,31.6,31.6,31.6,Rate Field,100,63,5,In From LF,Yes,Yes,3,Yes,No,MLB Stats API; RotoWire,,H:2026/2025 P:2026/2025,,,Direct BvP not yet weighted; 2026/2025 Statcast baseline active,7,8,25,2,Hot streak: 2 HR in last 7 games,"same-side matchup; pitcher baseline 11.8% barrel, 31.6 HR allowed",neutral batted-ball profile; pitcher allows elevated contact,,
808959,Munetaka Murakami,CWS,COL,2026-09-25T23:40:00Z,Pre-Game,4,Tomoyuki Sugano,608372,R,L,19.2,0.263,93.7,104.3067,0.452,0.253,0.346,74.7,49.9,46.8,38.0,56.0,33.0,11.8,42.53,90.77,0.5359,0.2357,30.07,31.6,31.6,31.6,Rate Field,100,63,5,In From LF,Yes,Yes,4,Yes,No,MLB Stats API; RotoWire,,H:2026 P:2026/2025,,,Direct BvP not yet weighted; 2026/2025 Statcast baseline active,7,6,25,2,Hot streak: 2 HR in last 7 games,"platoon edge; pitcher baseline 11.8% barrel, 31.6 HR allowed",lift-pull EV profile; pitcher allows elevated contact,,
643217,Andrew Benintendi,CWS,COL,2026-09-25T23:40:00Z,Pre-Game,5,Tomoyuki Sugano,608372,R,L,9.21,0.1756,88.91,98.8794,0.406,0.1683,0.3093,69.61,4.5,49.12,32.9,42.71,15.8,11.8,42.53,90.77,0.5359,0.2357,30.07,31.6,31.6,31.6,Rate Field,100,63,5,In From LF,Yes,Yes,5,Yes,No,MLB Stats API; RotoWire,,H:2026/2025 P:2026/2025,,,Direct BvP not yet weighted; 2026/2025 Statcast baseline active,7,4,17,0,"Last 7 games: 4/17, 0 HR","platoon edge; pitcher baseline 11.8% barrel, 31.6 HR allowed",neutral batted-ball profile; pitcher allows elevated contact,,
671976,Tristan Peters,CWS,COL,2026-09-25T23:40:00Z,Pre-Game,6,Tomoyuki Sugano,608372,R,L,3.85,0.1225,87.22,98.2286,0.3257,0.1057,0.2656,69.16,5.18,42.33,19.46,36.01,8.4,11.8,42.53,90.77,0.5359,0.2357,30.07,31.6,31.6,31.6,Rate Field,100,63,5,In From LF,Yes,Yes,6,Yes,No,MLB Stats API; RotoWire,,H:2026/2025 P:2026/2025,,,Direct BvP not yet weighted; 2026/2025 Statcast baseline active,7,1,14,0,"Last 7 games: 1/14, 0 HR","platoon edge; pitcher baseline 11.8% barrel, 31.6 HR allowed",neutral batted-ball profile; pitcher allows elevated contact,,
545341,Randal Grichuk,CWS,COL,2026-09-25T23:40:00Z,Pre-Game,7,Tomoyuki Sugano,608372,R,R,11.35,0.2472,91.91,103.1295,0.4724,0.1991,0.3337,74.32,44.99,43.7,29.34,50.2,12.5,11.8,42.53,90.77,0.5359,0.2357,30.07,31.6,31.6,31.6,Rate Field,100,63,5,In From LF,Yes,Yes,7,Yes,No,MLB Stats API; RotoWire,,H:2026/2025 P:2026/2025,,,Direct BvP not yet weighted; 2026/2025 Statcast baseline active,7,7,22,1,"Last 7 games: 7/22, 1 HR","same-side matchup; pitcher baseline 11.8% barrel, 31.6 HR allowed",neutral batted-ball profile; pitcher allows elevated contact,,
695657,Colson Montgomery,CWS,COL,2026-09-25T23:40:00Z,Pre-Game,8,Tomoyuki Sugano,608372,R,L,12.89,0.234,88.84,101.8005,0.4254,0.2157,0.3102,76.72,70.79,48.95,33.37,42.19,28.0,11.8,42.53,90.77,0.5359,0.2357,30.07,31.6,31.6,31.6,Rate Field,100,63,5,In From LF,Yes,Yes,8,Yes,No,MLB Stats API; RotoWire,,H:2026/2025 P:2026/2025,,,Direct BvP not yet weighted; 2026/2025 Statcast baseline active,7,3,24,0,"Last 7 games: 3/24, 0 HR","platoon edge; pitcher baseline 11.8% barrel, 31.6 HR allowed",neutral batted-ball profile; pitcher allows elevated contact,,
695731,Braden Montgomery,CWS,COL,2026-09-25T23:40:00Z,Pre-Game,9,Tomoyuki Sugano,608372,R,S,4.5,0.127,89.0,100.0732,0.39,0.137,0.325,69.7,8.6,36.3,18.0,40.8,6.0,11.8,42.53,90.77,0.5359,0.2357,30.07,31.6,31.6,31.6,Rate Field,100,63,5,In From LF,Yes,Yes,9,Yes,No,MLB Stats API; RotoWire,,H:2026 P:2026/2025,,,Direct BvP not yet weighted; 2026/2025 Statcast baseline active,7,9,25,0,Contact streak: 9/25 over last 7 games,"switch hitter; pitcher baseline 11.8% barrel, 31.6 HR allowed",neutral batted-ball profile; pitcher allows elevated contact,,
802139,JJ Wetherholt,STL,MIL,2026-09-25T23:40:00Z,Pre-Game,1,Robert Gasser,688107,L,L,7.5,0.125,89.8,99.4147,0.438,0.182,0.349,71.9,19.3,36.4,29.4,45.1,17.0,8.58,36.7,88.27,0.3988,0.1614,25.7,10.1,10.1,10.1,American Family Field,100,72,0,None,Yes,Yes,1,Yes,No,MLB Stats API; RotoWire,,H:2026 P:2026/2025,,,Direct BvP not yet weighted; 2026/2025 Statcast baseline active,7,8,24,0,Contact streak: 8/24 over last 7 games,"same-side matchup; pitcher baseline 8.6% barrel, 10.1 HR allowed",neutral batted-ball profile; pitcher fly-ball pressure modest,,
671056,Iván Herrera,STL,MIL,2026-09-25T23:40:00Z,Pre-Game,2,Robert Gasser,688107,L,R,7.39,0.1506,89.94,101.3167,0.4168,0.16,0.3458,73.81,42.37,37.17,19.59,42.59,18.3,8.58,36.7,88.27,0.3988,0.1614,25.7,10.1,10.1,10.1,American Family Field,100,72,0,None,Yes,Yes,2,Yes,No,MLB Stats API; RotoWire,,H:2026/2025 P:2026/2025,,,Direct BvP not yet weighted; 2026/2025 Statcast baseline active,7,7,24,2,Hot streak: 2 HR in last 7 games,"platoon edge; pitcher baseline 8.6% barrel, 10.1 HR allowed",neutral batted-ball profile; pitcher fly-ball pressure modest,,
691023,Jordan Walker,STL,MIL,2026-09-25T23:40:00Z,Pre-Game,3,Robert Gasser,688107,L,R,12.51,0.1645,92.51,104.6808,0.4316,0.1851,0.3214,78.87,83.05,37.89,23.56,49.79,21.4,8.58,36.7,88.27,0.3988,0.1614,25.7,10.1,10.1,10.1,American Family Field,100,72,0,None,Yes,Yes,3,Yes,No,MLB Stats API; RotoWire,,H:2026/2025 P:2026/2025,,,Direct BvP not yet weighted; 2026/2025 Statcast baseline active,7,2,25,0,"Last 7 games: 2/25, 0 HR","platoon edge; pitcher baseline 8.6% barrel, 10.1 HR allowed",EV profile; pitcher fly-ball pressure modest,,
699024,Leo Bernal,STL,MIL,2026-09-25T23:40:00Z,Pre-Game,4,Robert Gasser,688107,L,S,9.5,0.177,92.7,102.0161,0.478,0.208,0.339,73.6,29.9,42.9,36.5,57.1,4.0,8.58,36.7,88.27,0.3988,0.1614,25.7,10.1,10.1,10.1,American Family Field,100,72,0,None,Yes,Yes,4,Yes,No,MLB Stats API; RotoWire,,H:2026 P:2026/2025,,,Direct BvP not yet weighted; 2026/2025 Statcast baseline active,7,7,29,1,"Last 7 games: 7/29, 1 HR","switch hitter; pitcher baseline 8.6% barrel, 10.1 HR allowed",lift-pull EV profile; pitcher fly-ball pressure modest,,
665877,José Fermín,STL,MIL,2026-09-25T23:40:00Z,Pre-Game,5,Robert Gasser,688107,L,R,1.47,0.1165,86.4,96.4338,0.3488,0.0899,0.3061,68.0,3.02,47.13,24.1,31.01,4.5,8.58,36.7,88.27,0.3988,0.1614,25.7,10.1,10.1,10.1,American Family Field,100,72,0,None,Yes,Yes,5,Yes,No,MLB Stats API; RotoWire,,H:2026/2025 P:2026/2025,,,Direct BvP not yet weighted; 2026/2025 Statcast baseline active,7,8,18,0,Contact streak: 8/18 over last 7 games,"platoon edge; pitcher baseline 8.6% barrel, 10.1 HR allowed",neutral batted-ball profile; pitcher fly-ball pressure modest,,
695336,Thomas Saggese,STL,MIL,2026-09-25T23:40:00Z,Pre-Game,6,Robert Gasser,688107,L,R,8.75,0.1134,90.41,100.5055,0.3902,0.1495,0.3048,71.48,17.76,29.34,27.74,42.77,3.4,8.58,36.7,88.27,0.3988,0.1614,25.7,10.1,10.1,10.1,American Family Field,100,72,0,None,Yes,Yes,6,Yes,No,MLB Stats API; RotoWire,,H:2026/2025 P:2026/2025,,,Direct BvP not yet weighted; 2026/2025 Statcast baseline active,7,2,24,0,"Last 7 games: 2/24, 0 HR","platoon edge; pitcher baseline 8.6% barrel, 10.1 HR allowed",neutral batted-ball profile; pitcher fly-ball pressure modest,,
691026,Masyn Winn,STL,MIL,2026-09-25T23:40:00Z,Pre-Game,7,Robert Gasser,688107,L,R,3.75,0.0932,88.23,98.5872,0.3344,0.0909,0.293,71.24,15.91,32.67,22.09,34.67,6.2,8.58,36.7,88.27,0.3988,0.1614,25.7,10.1,10.1,10.1,American Family Field,100,72,0,None,Yes,Yes,7,Yes,No,MLB Stats API; RotoWire,,H:2026/2025 P:2026/2025,,,Direct BvP not yet weighted; 2026/2025 Statcast baseline active,7,2,15,0,"Last 7 games: 2/15, 0 HR","platoon edge; pitcher baseline 8.6% barrel, 10.1 HR allowed",neutral batted-ball profile; pitcher fly-ball pressure modest,,
686780,Pedro Pagés,STL,MIL,2026-09-25T23:40:00Z,Pre-Game,8,Robert Gasser,688107,L,R,5.3,0.1078,87.02,99.3046,0.3309,0.1173,0.2646,72.74,25.27,36.41,26.64,37.2,6.1,8.58,36.7,88.27,0.3988,0.1614,25.7,10.1,10.1,10.1,American Family Field,100,72,0,None,Yes,Yes,8,Yes,No,MLB Stats API; RotoWire,,H:2026/2025 P:2026/2025,,,Direct BvP not yet weighted; 2026/2025 Statcast baseline active,7,3,13,0,"Last 7 games: 3/13, 0 HR","platoon edge; pitcher baseline 8.6% barrel, 10.1 HR allowed",neutral batted-ball profile; pitcher fly-ball pressure modest,,
687363,Victor Scott II,STL,MIL,2026-09-25T23:40:00Z,Pre-Game,9,Robert Gasser,688107,L,L,2.23,0.0674,86.66,96.4004,0.3011,0.0793,0.2758,68.65,4.15,36.19,19.47,24.6,2.9,8.58,36.7,88.27,0.3988,0.1614,25.7,10.1,10.1,10.1,American Family Field,100,72,0,None,Yes,Yes,9,Yes,No,MLB Stats API; RotoWire,,H:2026/2025 P:2026/2025,,,Direct BvP not yet weighted; 2026/2025 Statcast baseline active,7,0,5,0,"Last 7 games: 0/5, 0 HR","same-side matchup; pitcher baseline 8.6% barrel, 10.1 HR allowed",neutral batted-ball profile; pitcher fly-ball pressure modest,,
669003,Garrett Mitchell,MIL,STL,2026-09-25T23:40:00Z,Pre-Game,1,Michael McGreevy,700241,R,L,10.2,0.1356,92.29,103.8265,0.4131,0.1589,0.3321,77.15,77.44,33.16,16.85,49.34,7.7,9.15,40.73,90.01,0.4689,0.19,26.76,18.3,18.3,18.3,American Family Field,100,72,0,None,Yes,Yes,1,Yes,No,MLB Stats API; RotoWire,,H:2026/2025 P:2026/2025,,,Direct BvP not yet weighted; 2026/2025 Statcast baseline active,7,4,25,0,"Last 7 games: 4/25, 0 HR","platoon edge; pitcher baseline 9.2% barrel, 18.3 HR allowed",EV profile; pitcher fly-ball pressure modest,,
668930,Brice Turang,MIL,STL,2026-09-25T23:40:00Z,Pre-Game,2,Michael McGreevy,700241,R,L,7.72,0.168,90.4,100.3775,0.4255,0.1691,0.3406,70.25,13.41,28.0,23.43,43.2,19.4,9.15,40.73,90.01,0.4689,0.19,26.76,18.3,18.3,18.3,American Family Field,100,72,0,None,Yes,Yes,2,Yes,No,MLB Stats API; RotoWire,,H:2026/2025 P:2026/2025,,,Direct BvP not yet weighted; 2026/2025 Statcast baseline active,7,7,26,1,"Last 7 games: 7/26, 1 HR","platoon edge; pitcher baseline 9.2% barrel, 18.3 HR allowed",neutral batted-ball profile; pitcher fly-ball pressure modest,,
661388,William Contreras,MIL,STL,2026-09-25T23:40:00Z,Pre-Game,3,Michael McGreevy,700241,R,R,7.8,0.1453,90.47,101.6474,0.4259,0.1702,0.3322,73.41,36.37,35.97,24.22,45.28,17.7,9.15,40.73,90.01,0.4689,0.19,26.76,18.3,18.3,18.3,American Family Field,100,72,0,None,Yes,Yes,3,Yes,No,MLB Stats API; RotoWire,,H:2026/2025 P:2026/2025,,,Direct BvP not yet weighted; 2026/2025 Statcast baseline active,7,6,25,1,"Last 7 games: 6/25, 1 HR","same-side matchup; pitcher baseline 9.2% barrel, 18.3 HR allowed",neutral batted-ball profile; pitcher fly-ball pressure modest,,
641343,Jake Bauers,MIL,STL,2026-09-25T23:40:00Z,Pre-Game,4,Michael McGreevy,700241,R,L,13.91,0.2053,92.05,102.9833,0.4668,0.2188,0.368,76.5,69.44,40.2,30.33,50.36,20.3,9.15,40.73,90.01,0.4689,0.19,26.76,18.3,18.3,18.3,American Family Field,100,72,0,None,Yes,Yes,4,Yes,No,MLB Stats API; RotoWire,,H:2026/2025 P:2026/2025,,,Direct BvP not yet weighted; 2026/2025 Statcast baseline active,7,6,24,0,"Last 7 games: 6/24, 0 HR","platoon edge; pitcher baseline 9.2% barrel, 18.3 HR allowed",lift-pull EV profile; pitcher fly-ball pressure modest,,
592885,Christian Yelich,MIL,STL,2026-09-25T23:40:00Z,Pre-Game,5,Michael McGreevy,700241,R,L,9.74,0.1579,89.43,101.0309,0.4019,0.1667,0.3146,73.23,32.39,34.66,19.09,44.23,17.1,9.15,40.73,90.01,0.4689,0.19,26.76,18.3,18.3,18.3,American Family Field,100,72,0,None,Yes,Yes,5,Yes,No,MLB Stats API; RotoWire,,H:2026/2025 P:2026/2025,,,Direct BvP not yet weighted; 2026/2025 Statcast baseline active,7,4,26,1,"Last 7 games: 4/26, 1 HR","platoon edge; pitcher baseline 9.2% barrel, 18.3 HR allowed",neutral batted-ball profile; pitcher fly-ball pressure modest,,
687401,Joey Ortiz,MIL,STL,2026-09-25T23:40:00Z,Pre-Game,6,Michael McGreevy,700241,R,R,3.77,0.1192,87.84,99.1656,0.3389,0.0967,0.289,73.0,30.85,32.12,19.82,35.67,8.4,9.15,40.73,90.01,0.4689,0.19,26.76,18.3,18.3,18.3,American Family Field,100,72,0,None,Yes,Yes,6,Yes,No,MLB Stats API; RotoWire,,H:2026/2025 P:2026/2025,,,Direct BvP not yet weighted; 2026/2025 Statcast baseline active,7,6,27,0,"Last 7 games: 6/27, 0 HR","same-side matchup; pitcher baseline 9.2% barrel, 18.3 HR allowed",neutral batted-ball profile; pitcher fly-ball pressure modest,,
800325,Luis Lara,MIL,STL,2026-09-25T23:40:00Z,Pre-Game,7,Michael McGreevy,700241,R,S,3.5,0.082,87.8,98.8034,0.334,0.075,0.295,71.4,17.0,30.3,14.8,40.8,1.0,9.15,40.73,90.01,0.4689,0.19,26.76,18.3,18.3,18.3,American Family Field,100,72,0,None,Yes,Yes,7,Yes,No,MLB Stats API; RotoWire,,H:2026 P:2026/2025,,,Direct BvP not yet weighted; 2026/2025 Statcast baseline active,7,5,26,0,"Last 7 games: 5/26, 0 HR","switch hitter; pitcher baseline 9.2% barrel, 18.3 HR allowed",neutral batted-ball profile; pitcher fly-ball pressure modest,,
686217,Sal Frelick,MIL,STL,2026-09-25T23:40:00Z,Pre-Game,8,Michael McGreevy,700241,R,L,2.54,0.0974,85.64,96.2996,0.3278,0.0833,0.2864,68.24,3.76,39.67,21.11,27.26,6.4,9.15,40.73,90.01,0.4689,0.19,26.76,18.3,18.3,18.3,American Family Field,100,72,0,None,Yes,Yes,8,Yes,No,MLB Stats API; RotoWire,,H:2026/2025 P:2026/2025,,,Direct BvP not yet weighted; 2026/2025 Statcast baseline active,7,4,15,0,"Last 7 games: 4/15, 0 HR","platoon edge; pitcher baseline 9.2% barrel, 18.3 HR allowed",neutral batted-ball profile; pitcher fly-ball pressure modest,,
666152,David Hamilton,MIL,STL,2026-09-25T23:40:00Z,Pre-Game,9,Michael McGreevy,700241,R,L,3.97,0.1021,86.67,96.6809,0.3099,0.0918,0.2677,69.66,6.52,35.53,24.69,27.38,4.6,9.15,40.73,90.01,0.4689,0.19,26.76,18.3,18.3,18.3,American Family Field,100,72,0,None,Yes,Yes,9,Yes,No,MLB Stats API; RotoWire,,H:2026/2025 P:2026/2025,,,Direct BvP not yet weighted; 2026/2025 Statcast baseline active,7,3,15,0,"Last 7 games: 3/15, 0 HR","platoon edge; pitcher baseline 9.2% barrel, 18.3 HR allowed",neutral batted-ball profile; pitcher fly-ball pressure modest,,
607043,Brandon Nimmo,TEX,MIN,2026-09-26T00:10:00Z,Pre-Game,1,Joe Ryan,657746,R,L,9.01,0.1537,91.97,102.0213,0.4379,0.174,0.3357,72.34,27.67,33.66,25.77,50.27,17.3,10.52,40.99,89.64,0.3977,0.174,30.45,22.5,22.5,22.5,Target Field,99,69,9,In From RF,Yes,Yes,1,Yes,No,MLB Stats API; RotoWire,,H:2026/2025 P:2026/2025,,,Direct BvP not yet weighted; 2026/2025 Statcast baseline active,7,5,25,0,"Last 7 games: 5/25, 0 HR","platoon edge; pitcher baseline 10.5% barrel, 22.5 HR allowed",neutral batted-ball profile; pitcher allows elevated contact,,
673962,Josh Jung,TEX,MIN,2026-09-26T00:10:00Z,Pre-Game,2,Joe Ryan,657746,R,R,7.53,0.1558,90.28,100.3728,0.4322,0.1599,0.3341,70.41,7.41,38.04,23.64,48.45,12.6,10.52,40.99,89.64,0.3977,0.174,30.45,22.5,22.5,22.5,Target Field,99,69,9,In From RF,Yes,Yes,2,Yes,No,MLB Stats API; RotoWire,,H:2026/2025 P:2026/2025,,,Direct BvP not yet weighted; 2026/2025 Statcast baseline active,7,8,26,3,Hot streak: 3 HR in last 7 games,"same-side matchup; pitcher baseline 10.5% barrel, 22.5 HR allowed",neutral batted-ball profile; pitcher allows elevated contact,,
608369,Corey Seager,TEX,MIN,2026-09-26T00:10:00Z,Pre-Game,3,Joe Ryan,657746,R,L,14.6,0.2027,92.06,102.5153,0.506,0.2455,0.3643,71.8,15.09,41.27,30.85,49.68,19.6,10.52,40.99,89.64,0.3977,0.174,30.45,22.5,22.5,22.5,Target Field,99,69,9,In From RF,Yes,Yes,3,Yes,No,MLB Stats API; RotoWire,,H:2026/2025 P:2026/2025,,,Direct BvP not yet weighted; 2026/2025 Statcast baseline active,7,4,29,1,"Last 7 games: 4/29, 1 HR","platoon edge; pitcher baseline 10.5% barrel, 22.5 HR allowed",lift-pull EV profile; pitcher allows elevated contact,,
694671,Wyatt Langford,TEX,MIN,2026-09-26T00:10:00Z,Pre-Game,4,Joe Ryan,657746,R,R,9.87,0.1886,89.51,100.4097,0.4081,0.175,0.3285,72.82,27.43,43.66,30.95,40.28,18.5,10.52,40.99,89.64,0.3977,0.174,30.45,22.5,22.5,22.5,Target Field,99,69,9,In From RF,Yes,Yes,4,Yes,No,MLB Stats API; RotoWire,,H:2026/2025 P:2026/2025,,,Direct BvP not yet weighted; 2026/2025 Statcast baseline active,7,5,19,0,"Last 7 games: 5/19, 0 HR","same-side matchup; pitcher baseline 10.5% barrel, 22.5 HR allowed",neutral batted-ball profile; pitcher allows elevated contact,,
677649,Ezequiel Duran,TEX,MIN,2026-09-26T00:10:00Z,Pre-Game,5,Joe Ryan,657746,R,R,5.05,0.1348,87.82,98.9682,0.3482,0.1139,0.2848,72.27,24.38,35.59,21.58,36.08,11.9,10.52,40.99,89.64,0.3977,0.174,30.45,22.5,22.5,22.5,Target Field,99,69,9,In From RF,Yes,Yes,5,Yes,No,MLB Stats API; RotoWire,,H:2026/2025 P:2026/2025,,,Direct BvP not yet weighted; 2026/2025 Statcast baseline active,7,1,25,0,"Last 7 games: 1/25, 0 HR","same-side matchup; pitcher baseline 10.5% barrel, 22.5 HR allowed",neutral batted-ball profile; pitcher allows elevated contact,,
670032,Nicky Lopez,TEX,MIN,2026-09-26T00:10:00Z,Pre-Game,6,Joe Ryan,657746,R,L,0.0,0.0273,84.66,95.182,0.2655,0.0412,0.2589,66.72,1.24,33.73,11.93,27.33,0.7,10.52,40.99,89.64,0.3977,0.174,30.45,22.5,22.5,22.5,Target Field,99,69,9,In From RF,Yes,Yes,6,Yes,No,MLB Stats API; RotoWire,,H:2026/2025 P:2026/2025,,,Direct BvP not yet weighted; 2026/2025 Statcast baseline active,7,3,12,0,"Last 7 games: 3/12, 0 HR","platoon edge; pitcher baseline 10.5% barrel, 22.5 HR allowed",neutral batted-ball profile; pitcher allows elevated contact,,
669394,Jake Burger,TEX,MIN,2026-09-26T00:10:00Z,Pre-Game,7,Joe Ryan,657746,R,R,12.78,0.1886,90.19,102.6863,0.4381,0.2047,0.3184,75.44,58.42,41.46,28.74,46.54,23.7,10.52,40.99,89.64,0.3977,0.174,30.45,22.5,22.5,22.5,Target Field,99,69,9,In From RF,Yes,Yes,7,Yes,No,MLB Stats API; RotoWire,,H:2026/2025 P:2026/2025,,,Direct BvP not yet weighted; 2026/2025 Statcast baseline active,7,3,23,1,"Last 7 games: 3/23, 1 HR","same-side matchup; pitcher baseline 10.5% barrel, 22.5 HR allowed",neutral batted-ball profile; pitcher allows elevated contact,,
694497,Evan Carter,TEX,MIN,2026-09-26T00:10:00Z,Pre-Game,8,Joe Ryan,657746,R,L,5.27,0.1275,87.33,98.5468,0.3292,0.1162,0.287,71.02,18.07,38.77,27.91,34.74,7.8,10.52,40.99,89.64,0.3977,0.174,30.45,22.5,22.5,22.5,Target Field,99,69,9,In From RF,Yes,Yes,8,Yes,No,MLB Stats API; RotoWire,,H:2026/2025 P:2026/2025,,,Direct BvP not yet weighted; 2026/2025 Statcast baseline active,7,3,16,0,"Last 7 games: 3/16, 0 HR","platoon edge; pitcher baseline 10.5% barrel, 22.5 HR allowed",neutral batted-ball profile; pitcher allows elevated contact,,
643376,Danny Jansen,TEX,MIN,2026-09-26T00:10:00Z,Pre-Game,9,Joe Ryan,657746,R,R,6.7,0.1637,87.53,97.7927,0.3157,0.1283,0.2755,69.85,6.53,53.98,29.05,34.66,8.4,10.52,40.99,89.64,0.3977,0.174,30.45,22.5,22.5,22.5,Target Field,99,69,9,In From RF,Yes,Yes,9,Yes,No,MLB Stats API; RotoWire,,H:2026/2025 P:2026/2025,,,Direct BvP not yet weighted; 2026/2025 Statcast baseline active,7,4,19,0,"Last 7 games: 4/19, 0 HR","same-side matchup; pitcher baseline 10.5% barrel, 22.5 HR allowed",neutral batted-ball profile; pitcher allows elevated contact,,
807712,Luke Keaschall,MIN,TEX,2026-09-26T00:10:00Z,Pre-Game,1,Jacob deGrom,594798,R,R,4.08,0.1241,85.64,96.6951,0.3661,0.1153,0.3184,68.57,7.24,38.75,27.46,29.59,8.2,8.32,44.0,90.31,0.3763,0.1518,28.83,21.8,21.8,21.8,Target Field,99,69,9,In From RF,Yes,Yes,1,Yes,No,MLB Stats API; RotoWire,,H:2026/2025 P:2026/2025,,,Direct BvP not yet weighted; 2026/2025 Statcast baseline active,7,8,29,1,"Last 7 games: 8/29, 1 HR","same-side matchup; pitcher baseline 8.3% barrel, 21.8 HR allowed",neutral batted-ball profile; pitcher fly-ball pressure modest,,
686797,Brooks Lee,MIN,TEX,2026-09-26T00:10:00Z,Pre-Game,2,Jacob deGrom,594798,R,S,4.68,0.1648,88.25,97.6719,0.36,0.1274,0.282,69.92,8.35,41.85,29.84,35.21,21.6,8.32,44.0,90.31,0.3763,0.1518,28.83,21.8,21.8,21.8,Target Field,99,69,9,In From RF,Yes,Yes,2,Yes,No,MLB Stats API; RotoWire,,H:2026/2025 P:2026/2025,,,Direct BvP not yet weighted; 2026/2025 Statcast baseline active,7,12,29,1,Contact streak: 12/29 over last 7 games,"switch hitter; pitcher baseline 8.3% barrel, 21.8 HR allowed",neutral batted-ball profile; pitcher fly-ball pressure modest,,
665019,Kody Clemens,MIN,TEX,2026-09-26T00:10:00Z,Pre-Game,3,Jacob deGrom,594798,R,L,11.37,0.2203,91.78,101.3961,0.4531,0.2055,0.3303,72.06,14.21,46.22,33.32,46.48,23.9,8.32,44.0,90.31,0.3763,0.1518,28.83,21.8,21.8,21.8,Target Field,99,69,9,In From RF,Yes,Yes,3,Yes,No,MLB Stats API; RotoWire,,H:2026/2025 P:2026/2025,,,Direct BvP not yet weighted; 2026/2025 Statcast baseline active,7,2,21,0,"Last 7 games: 2/21, 0 HR","platoon edge; pitcher baseline 8.3% barrel, 21.8 HR allowed",neutral batted-ball profile; pitcher fly-ball pressure modest,,
605137,Josh Bell,MIN,TEX,2026-09-26T00:10:00Z,Pre-Game,4,Jacob deGrom,594798,R,S,10.28,0.1667,89.98,101.0051,0.4556,0.1996,0.3408,72.26,28.36,40.8,26.92,43.57,20.6,8.32,44.0,90.31,0.3763,0.1518,28.83,21.8,21.8,21.8,Target Field,99,69,9,In From RF,Yes,Yes,4,Yes,No,MLB Stats API; RotoWire,,H:2026/2025 P:2026/2025,,,Direct BvP not yet weighted; 2026/2025 Statcast baseline active,7,9,31,0,"Last 7 games: 9/31, 0 HR","switch hitter; pitcher baseline 8.3% barrel, 21.8 HR allowed",neutral batted-ball profile; pitcher fly-ball pressure modest,,
680777,Ryan Jeffers,MIN,TEX,2026-09-26T00:10:00Z,Pre-Game,5,Jacob deGrom,594798,R,R,9.24,0.1835,88.88,100.8028,0.4196,0.1766,0.3356,73.14,37.03,37.53,27.61,41.4,12.5,8.32,44.0,90.31,0.3763,0.1518,28.83,21.8,21.8,21.8,Target Field,99,69,9,In From RF,Yes,Yes,5,Yes,No,MLB Stats API; RotoWire,,H:2026/2025 P:2026/2025,,,Direct BvP not yet weighted; 2026/2025 Statcast baseline active,7,2,24,0,"Last 7 games: 2/24, 0 HR","same-side matchup; pitcher baseline 8.3% barrel, 21.8 HR allowed",neutral batted-ball profile; pitcher fly-ball pressure modest,,
805805,Walker Jenkins,MIN,TEX,2026-09-26T00:10:00Z,Pre-Game,6,Jacob deGrom,594798,R,L,8.9,0.195,86.6,97.3114,0.405,0.172,0.315,71.8,18.6,37.5,28.6,30.4,4.0,8.32,44.0,90.31,0.3763,0.1518,28.83,21.8,21.8,21.8,Target Field,99,69,9,In From RF,Yes,Yes,6,Yes,No,MLB Stats API; RotoWire,,H:2026 P:2026/2025,,,Direct BvP not yet weighted; 2026/2025 Statcast baseline active,7,12,27,3,Hot streak: 3 HR in last 7 games,"platoon edge; pitcher baseline 8.3% barrel, 21.8 HR allowed",neutral batted-ball profile; pitcher fly-ball pressure modest,,
668904,Royce Lewis,MIN,TEX,2026-09-26T00:10:00Z,Pre-Game,7,Jacob deGrom,594798,R,R,10.03,0.151,89.73,100.472,0.3951,0.1572,0.3026,74.72,50.24,46.44,30.5,40.02,13.7,8.32,44.0,90.31,0.3763,0.1518,28.83,21.8,21.8,21.8,Target Field,99,69,9,In From RF,Yes,Yes,7,Yes,No,MLB Stats API; RotoWire,,H:2026/2025 P:2026/2025,,,Direct BvP not yet weighted; 2026/2025 Statcast baseline active,7,5,30,0,"Last 7 games: 5/30, 0 HR","same-side matchup; pitcher baseline 8.3% barrel, 21.8 HR allowed",neutral batted-ball profile; pitcher fly-ball pressure modest,,
691181,Emmanuel Rodriguez,MIN,TEX,2026-09-26T00:10:00Z,Pre-Game,8,Jacob deGrom,594798,R,L,18.5,0.244,90.1,101.6712,0.531,0.28,0.355,75.8,66.7,44.4,29.6,44.4,2.0,8.32,44.0,90.31,0.3763,0.1518,28.83,21.8,21.8,21.8,Target Field,99,69,9,In From RF,Yes,Yes,8,Yes,No,MLB Stats API; RotoWire,,H:2026 P:2026/2025,,,Direct BvP not yet weighted; 2026/2025 Statcast baseline active,7,3,22,1,"Last 7 games: 3/22, 1 HR","platoon edge; pitcher baseline 8.3% barrel, 21.8 HR allowed",neutral batted-ball profile; pitcher fly-ball pressure modest,,
668952,Ryan Kreidler,MIN,TEX,2026-09-26T00:10:00Z,Pre-Game,9,Jacob deGrom,594798,R,R,7.18,0.1134,88.69,99.2804,0.3453,0.1357,0.2773,73.1,31.39,44.56,30.26,34.76,5.6,8.32,44.0,90.31,0.3763,0.1518,28.83,21.8,21.8,21.8,Target Field,99,69,9,In From RF,Yes,Yes,9,Yes,No,MLB Stats API; RotoWire,,H:2026/2025 P:2026/2025,,,Direct BvP not yet weighted; 2026/2025 Statcast baseline active,7,3,15,2,Hot streak: 2 HR in last 7 games,"same-side matchup; pitcher baseline 8.3% barrel, 21.8 HR allowed",neutral batted-ball profile; pitcher fly-ball pressure modest,,
665161,Jeremy Pena,HOU,ATH,2026-09-26T01:40:00Z,Pre-Game,1,Jacob Lopez,682052,L,R,7.29,0.1863,88.62,99.9048,0.4257,0.1578,0.327,72.3,15.39,46.41,24.99,40.1,19.1,6.6,32.36,85.22,0.3599,0.145,34.72,19.9,19.9,19.9,Sutter Health Park,106,82,11,Out To CF,No,No,1,Yes,Yes,RotoWire projected lineup; MLB probable pitchers,lineup projected / unconfirmed,H:2026/2025 P:2026/2025,,,Direct BvP not yet weighted; 2026/2025 Statcast baseline active,7,6,27,1,"Last 7 games: 6/27, 1 HR","platoon edge; pitcher baseline 6.6% barrel, 19.9 HR allowed",neutral batted-ball profile; pitcher allows elevated contact,,
670541,Yordan Alvarez,HOU,ATH,2026-09-26T01:40:00Z,Pre-Game,2,Jacob Lopez,682052,L,L,15.41,0.2466,94.42,104.8074,0.6127,0.3042,0.428,76.1,61.66,40.95,35.89,53.53,30.5,6.6,32.36,85.22,0.3599,0.145,34.72,19.9,19.9,19.9,Sutter Health Park,106,82,11,Out To CF,No,No,2,Yes,Yes,RotoWire projected lineup; MLB probable pitchers,lineup projected / unconfirmed,H:2026/2025 P:2026/2025,,,Direct BvP not yet weighted; 2026/2025 Statcast baseline active,7,11,26,2,Hot streak: 2 HR in last 7 games,"same-side matchup; pitcher baseline 6.6% barrel, 19.9 HR allowed",lift-pull EV profile; pitcher allows elevated contact,,
670623,Isaac Paredes,HOU,ATH,2026-09-26T01:40:00Z,Pre-Game,3,Jacob Lopez,682052,L,R,5.32,0.19,86.49,97.0103,0.3744,0.1327,0.3221,67.74,7.57,51.65,31.29,30.66,22.8,6.6,32.36,85.22,0.3599,0.145,34.72,19.9,19.9,19.9,Sutter Health Park,106,82,11,Out To CF,No,No,3,Yes,Yes,RotoWire projected lineup; MLB probable pitchers,lineup projected / unconfirmed,H:2026/2025 P:2026/2025,,,Direct BvP not yet weighted; 2026/2025 Statcast baseline active,7,9,25,3,Hot streak: 3 HR in last 7 games,"platoon edge; pitcher baseline 6.6% barrel, 19.9 HR allowed",neutral batted-ball profile; pitcher allows elevated contact,,
514888,Jose Altuve,HOU,ATH,2026-09-26T01:40:00Z,Pre-Game,4,Jacob Lopez,682052,L,R,4.8,0.1567,85.52,97.1125,0.3434,0.1155,0.2797,68.93,9.64,45.78,23.0,31.67,19.0,6.6,32.36,85.22,0.3599,0.145,34.72,19.9,19.9,19.9,Sutter Health Park,106,82,11,Out To CF,No,No,4,Yes,Yes,RotoWire projected lineup; MLB probable pitchers,lineup projected / unconfirmed,H:2026/2025 P:2026/2025,,,Direct BvP not yet weighted; 2026/2025 Statcast baseline active,7,11,30,1,Contact streak: 11/30 over last 7 games,"platoon edge; pitcher baseline 6.6% barrel, 19.9 HR allowed",neutral batted-ball profile; pitcher allows elevated contact,,
673237,Yainer Diaz,HOU,ATH,2026-09-26T01:40:00Z,Pre-Game,5,Jacob Lopez,682052,L,R,7.71,0.1715,89.34,100.0535,0.4279,0.1585,0.3148,72.48,22.58,36.56,19.1,39.68,15.8,6.6,32.36,85.22,0.3599,0.145,34.72,19.9,19.9,19.9,Sutter Health Park,106,82,11,Out To CF,No,No,5,Yes,Yes,RotoWire projected lineup; MLB probable pitchers,lineup projected / unconfirmed,H:2026/2025 P:2026/2025,,,Direct BvP not yet weighted; 2026/2025 Statcast baseline active,7,8,27,2,Hot streak: 2 HR in last 7 games,"platoon edge; pitcher baseline 6.6% barrel, 19.9 HR allowed",neutral batted-ball profile; pitcher allows elevated contact,,
572233,Christian Walker,HOU,ATH,2026-09-26T01:40:00Z,Pre-Game,6,Jacob Lopez,682052,L,R,10.45,0.1893,89.57,101.4823,0.4014,0.1743,0.3042,74.31,43.13,41.71,28.14,42.39,27.0,6.6,32.36,85.22,0.3599,0.145,34.72,19.9,19.9,19.9,Sutter Health Park,106,82,11,Out To CF,No,No,6,Yes,Yes,RotoWire projected lineup; MLB probable pitchers,lineup projected / unconfirmed,H:2026/2025 P:2026/2025,,,Direct BvP not yet weighted; 2026/2025 Statcast baseline active,7,6,28,2,Hot streak: 2 HR in last 7 games,"platoon edge; pitcher baseline 6.6% barrel, 19.9 HR allowed",neutral batted-ball profile; pitcher allows elevated contact,,
701358,Cam Smith,HOU,ATH,2026-09-26T01:40:00Z,Pre-Game,7,Jacob Lopez,682052,L,R,10.05,0.1612,88.39,101.2942,0.4089,0.1732,0.3124,76.95,68.81,37.7,25.0,42.55,16.7,6.6,32.36,85.22,0.3599,0.145,34.72,19.9,19.9,19.9,Sutter Health Park,106,82,11,Out To CF,No,No,7,Yes,Yes,RotoWire projected lineup; MLB probable pitchers,lineup projected / unconfirmed,H:2026/2025 P:2026/2025,,,Direct BvP not yet weighted; 2026/2025 Statcast baseline active,7,2,24,0,"Last 7 games: 2/24, 0 HR","platoon edge; pitcher baseline 6.6% barrel, 19.9 HR allowed",neutral batted-ball profile; pitcher allows elevated contact,,
828599,Lucas Spence,HOU,ATH,2026-09-26T01:40:00Z,Pre-Game,8,Jacob Lopez,682052,L,L,11.1,0.227,92.3,101.5869,0.365,0.17,0.285,72.8,29.6,51.9,22.2,48.1,3.0,6.6,32.36,85.22,0.3599,0.145,34.72,19.9,19.9,19.9,Sutter Health Park,106,82,11,Out To CF,No,No,8,Yes,Yes,RotoWire projected lineup; MLB probable pitchers,lineup projected / unconfirmed,H:2026 P:2026/2025,,,Direct BvP not yet weighted; 2026/2025 Statcast baseline active,7,4,12,3,Hot streak: 3 HR in last 7 games,"same-side matchup; pitcher baseline 6.6% barrel, 19.9 HR allowed",EV profile; pitcher allows elevated contact,,
676369,Nelson Velazquez,HOU,ATH,2026-09-26T01:40:00Z,Pre-Game,9,Jacob Lopez,682052,L,R,14.1,0.22,94.9,103.292,0.489,0.255,0.338,74.7,52.8,43.8,37.5,62.5,6.0,6.6,32.36,85.22,0.3599,0.145,34.72,19.9,19.9,19.9,Sutter Health Park,106,82,11,Out To CF,No,No,9,Yes,Yes,RotoWire projected lineup; MLB probable pitchers,lineup projected / unconfirmed,H:2026 P:2026/2025,,,Direct BvP not yet weighted; 2026/2025 Statcast baseline active,7,2,11,1,"Last 7 games: 2/11, 1 HR","platoon edge; pitcher baseline 6.6% barrel, 19.9 HR allowed",lift-pull EV profile; pitcher allows elevated contact,,
703607,Henry Bolte,ATH,HOU,2026-09-26T01:40:00Z,Pre-Game,1,Hunter Brown,686613,R,R,8.0,0.127,90.8,104.3706,0.372,0.128,0.315,76.8,70.4,32.7,14.9,48.2,11.0,5.97,35.77,86.17,0.3194,0.1164,22.53,12.8,12.8,12.8,Sutter Health Park,106,82,11,Out To CF,Yes,Yes,1,Yes,No,MLB Stats API; RotoWire,,H:2026 P:2026/2025,,,Direct BvP not yet weighted; 2026/2025 Statcast baseline active,7,8,28,0,"Last 7 games: 8/28, 0 HR","same-side matchup; pitcher baseline 6.0% barrel, 12.8 HR allowed",neutral batted-ball profile; pitcher fly-ball pressure modest,,
671732,Lawrence Butler,ATH,HOU,2026-09-26T01:40:00Z,Pre-Game,2,Hunter Brown,686613,R,L,8.99,0.163,90.08,101.9898,0.3996,0.1584,0.3211,73.63,37.88,35.8,22.0,45.1,18.2,5.97,35.77,86.17,0.3194,0.1164,22.53,12.8,12.8,12.8,Sutter Health Park,106,82,11,Out To CF,Yes,Yes,2,Yes,No,MLB Stats API; RotoWire,,H:2026/2025 P:2026/2025,,,Direct BvP not yet weighted; 2026/2025 Statcast baseline active,7,11,27,1,Contact streak: 11/27 over last 7 games,"platoon edge; pitcher baseline 6.0% barrel, 12.8 HR allowed",neutral batted-ball profile; pitcher fly-ball pressure modest,,
669127,Shea Langeliers,ATH,HOU,2026-09-26T01:40:00Z,Pre-Game,3,Hunter Brown,686613,R,R,12.84,0.2299,91.18,102.255,0.4885,0.2242,0.3486,74.71,48.05,40.23,29.63,43.85,25.4,5.97,35.77,86.17,0.3194,0.1164,22.53,12.8,12.8,12.8,Sutter Health Park,106,82,11,Out To CF,Yes,Yes,3,Yes,No,MLB Stats API; RotoWire,,H:2026/2025 P:2026/2025,,,Direct BvP not yet weighted; 2026/2025 Statcast baseline active,7,8,31,0,"Last 7 games: 8/31, 0 HR","same-side matchup; pitcher baseline 6.0% barrel, 12.8 HR allowed",neutral batted-ball profile; pitcher fly-ball pressure modest,,
643446,Jeff McNeil,ATH,HOU,2026-09-26T01:40:00Z,Pre-Game,4,Hunter Brown,686613,R,L,2.72,0.1253,86.57,96.594,0.3705,0.1006,0.309,69.3,5.72,43.56,23.82,30.94,9.9,5.97,35.77,86.17,0.3194,0.1164,22.53,12.8,12.8,12.8,Sutter Health Park,106,82,11,Out To CF,Yes,Yes,4,Yes,No,MLB Stats API; RotoWire,,H:2026/2025 P:2026/2025,,,Direct BvP not yet weighted; 2026/2025 Statcast baseline active,7,5,23,1,"Last 7 games: 5/23, 1 HR","platoon edge; pitcher baseline 6.0% barrel, 12.8 HR allowed",neutral batted-ball profile; pitcher fly-ball pressure modest,,
680869,Zack Gelof,ATH,HOU,2026-09-26T01:40:00Z,Pre-Game,5,Hunter Brown,686613,R,R,11.45,0.1869,89.22,99.9416,0.4005,0.1907,0.2939,73.29,27.01,40.23,29.27,44.33,16.0,5.97,35.77,86.17,0.3194,0.1164,22.53,12.8,12.8,12.8,Sutter Health Park,106,82,11,Out To CF,Yes,Yes,5,Yes,No,MLB Stats API; RotoWire,,H:2026/2025 P:2026/2025,,,Direct BvP not yet weighted; 2026/2025 Statcast baseline active,7,11,26,4,Hot streak: 4 HR in last 7 games,"same-side matchup; pitcher baseline 6.0% barrel, 12.8 HR allowed",neutral batted-ball profile; pitcher fly-ball pressure modest,,
622268,Donovan Walton,ATH,HOU,2026-09-26T01:40:00Z,Pre-Game,6,Hunter Brown,686613,R,L,3.5,0.1358,88.61,97.2607,0.366,0.1047,0.3104,67.92,0.49,38.19,22.72,33.65,6.3,5.97,35.77,86.17,0.3194,0.1164,22.53,12.8,12.8,12.8,Sutter Health Park,106,82,11,Out To CF,Yes,Yes,6,Yes,No,MLB Stats API; RotoWire,,H:2026/2025 P:2026/2025,,,Direct BvP not yet weighted; 2026/2025 Statcast baseline active,7,6,17,2,Hot streak: 2 HR in last 7 games,"platoon edge; pitcher baseline 6.0% barrel, 12.8 HR allowed",neutral batted-ball profile; pitcher fly-ball pressure modest,,
666126,Carlos Cortes,ATH,HOU,2026-09-26T01:40:00Z,Pre-Game,7,Hunter Brown,686613,R,L,7.1,0.1745,88.82,99.3327,0.3926,0.1427,0.3056,70.69,14.13,30.69,23.08,38.54,8.2,5.97,35.77,86.17,0.3194,0.1164,22.53,12.8,12.8,12.8,Sutter Health Park,106,82,11,Out To CF,Yes,Yes,7,Yes,No,MLB Stats API; RotoWire,,H:2026/2025 P:2026/2025,,,Direct BvP not yet weighted; 2026/2025 Statcast baseline active,7,3,17,1,"Last 7 games: 3/17, 1 HR","platoon edge; pitcher baseline 6.0% barrel, 12.8 HR allowed",neutral batted-ball profile; pitcher fly-ball pressure modest,,
695720,Tommy White,ATH,HOU,2026-09-26T01:40:00Z,Pre-Game,8,Hunter Brown,686613,R,R,6.7,0.078,85.7,97.1041,0.378,0.114,0.291,69.3,12.7,28.7,22.7,32.0,3.0,5.97,35.77,86.17,0.3194,0.1164,22.53,12.8,12.8,12.8,Sutter Health Park,106,82,11,Out To CF,Yes,Yes,8,Yes,No,MLB Stats API; RotoWire,,H:2026 P:2026/2025,,,Direct BvP not yet weighted; 2026/2025 Statcast baseline active,7,2,14,0,"Last 7 games: 2/14, 0 HR","same-side matchup; pitcher baseline 6.0% barrel, 12.8 HR allowed",neutral batted-ball profile; pitcher fly-ball pressure modest,,
641680,Jonah Heim,ATH,HOU,2026-09-26T01:40:00Z,Pre-Game,9,Hunter Brown,686613,R,S,6.03,0.1519,87.47,97.6165,0.3551,0.1326,0.2816,69.84,9.45,39.72,27.06,32.89,12.4,5.97,35.77,86.17,0.3194,0.1164,22.53,12.8,12.8,12.8,Sutter Health Park,106,82,11,Out To CF,Yes,Yes,9,Yes,No,MLB Stats API; RotoWire,,H:2026/2025 P:2026/2025,,,Direct BvP not yet weighted; 2026/2025 Statcast baseline active,7,2,21,0,"Last 7 games: 2/21, 0 HR","switch hitter; pitcher baseline 6.0% barrel, 12.8 HR allowed",neutral batted-ball profile; pitcher fly-ball pressure modest,,
663457,Lars Nootbaar,AZ,SD,2026-09-26T01:40:00Z,Pre-Game,1,Casey Mize,663554,R,L,9.64,0.1326,91.79,101.7636,0.4217,0.1781,0.3324,73.26,35.26,38.21,27.29,49.65,8.8,8.43,39.77,89.37,0.3938,0.1588,30.6,16.8,16.8,16.8,Petco Park,91,75,10,In From LF,Yes,,,No,Yes,MLB Stats API; RotoWire,not found on RotoWire,H:2026/2025 P:2026/2025,,,Direct BvP not yet weighted; 2026/2025 Statcast baseline active,7,5,28,0,"Last 7 games: 5/28, 0 HR","platoon edge; pitcher baseline 8.4% barrel, 16.8 HR allowed",neutral batted-ball profile; pitcher allows elevated contact,,
606466,Ketel Marte,AZ,SD,2026-09-26T01:40:00Z,Pre-Game,2,Casey Mize,663554,R,S,10.7,0.1997,90.38,101.9776,0.4794,0.2014,0.3585,74.74,46.42,48.42,28.06,43.57,23.8,8.43,39.77,89.37,0.3938,0.1588,30.6,16.8,16.8,16.8,Petco Park,91,75,10,In From LF,Yes,,,No,Yes,MLB Stats API; RotoWire,not found on RotoWire,H:2026/2025 P:2026/2025,,,Direct BvP not yet weighted; 2026/2025 Statcast baseline active,7,6,26,0,"Last 7 games: 6/26, 0 HR","switch hitter; pitcher baseline 8.4% barrel, 16.8 HR allowed",neutral batted-ball profile; pitcher allows elevated contact,,
672515,Gabriel Moreno,AZ,SD,2026-09-26T01:40:00Z,Pre-Game,3,Casey Mize,663554,R,R,7.59,0.169,89.56,99.7231,0.4509,0.1663,0.3572,71.46,20.63,34.59,25.75,42.21,13.9,8.43,39.77,89.37,0.3938,0.1588,30.6,16.8,16.8,16.8,Petco Park,91,75,10,In From LF,Yes,,,No,Yes,MLB Stats API; RotoWire,not found on RotoWire,H:2026/2025 P:2026/2025,,,Direct BvP not yet weighted; 2026/2025 Statcast baseline active,7,11,28,2,Hot streak: 2 HR in last 7 games,"same-side matchup; pitcher baseline 8.4% barrel, 16.8 HR allowed",neutral batted-ball profile; pitcher allows elevated contact,,
672695,Geraldo Perdomo,AZ,SD,2026-09-26T01:40:00Z,Pre-Game,4,Casey Mize,663554,R,S,3.75,0.1307,87.6,96.9132,0.3708,0.1068,0.3364,67.5,2.22,41.98,25.24,31.69,12.3,8.43,39.77,89.37,0.3938,0.1588,30.6,16.8,16.8,16.8,Petco Park,91,75,10,In From LF,Yes,,,No,Yes,MLB Stats API; RotoWire,not found on RotoWire,H:2026/2025 P:2026/2025,,,Direct BvP not yet weighted; 2026/2025 Statcast baseline active,7,12,28,0,Contact streak: 12/28 over last 7 games,"switch hitter; pitcher baseline 8.4% barrel, 16.8 HR allowed",neutral batted-ball profile; pitcher allows elevated contact,,
682998,Corbin Carroll,AZ,SD,2026-09-26T01:40:00Z,Pre-Game,5,Casey Mize,663554,R,L,13.1,0.247,91.89,102.5211,0.4744,0.2201,0.3524,75.23,54.05,42.26,30.32,48.78,24.7,8.43,39.77,89.37,0.3938,0.1588,30.6,16.8,16.8,16.8,Petco Park,91,75,10,In From LF,Yes,,,No,Yes,MLB Stats API; RotoWire,not found on RotoWire,H:2026/2025 P:2026/2025,,,Direct BvP not yet weighted; 2026/2025 Statcast baseline active,7,6,24,1,"Last 7 games: 6/24, 1 HR","platoon edge; pitcher baseline 8.4% barrel, 16.8 HR allowed",neutral batted-ball profile; pitcher allows elevated contact,,
571448,Nolan Arenado,AZ,SD,2026-09-26T01:40:00Z,Pre-Game,6,Casey Mize,663554,R,R,6.03,0.1925,85.61,97.0344,0.3646,0.1304,0.2946,71.33,15.47,47.14,28.42,31.62,23.9,8.43,39.77,89.37,0.3938,0.1588,30.6,16.8,16.8,16.8,Petco Park,91,75,10,In From LF,Yes,,,No,Yes,MLB Stats API; RotoWire,not found on RotoWire,H:2026/2025 P:2026/2025,,,Direct BvP not yet weighted; 2026/2025 Statcast baseline active,7,14,30,4,Hot streak: 4 HR in last 7 games,"same-side matchup; pitcher baseline 8.4% barrel, 16.8 HR allowed",neutral batted-ball profile; pitcher allows elevated contact,,
694374,Tim Tawa,AZ,SD,2026-09-26T01:40:00Z,Pre-Game,7,Casey Mize,663554,R,R,10.28,0.1551,90.25,100.7294,0.3974,0.1669,0.304,73.73,35.09,39.68,26.54,43.36,9.8,8.43,39.77,89.37,0.3938,0.1588,30.6,16.8,16.8,16.8,Petco Park,91,75,10,In From LF,Yes,,,No,Yes,MLB Stats API; RotoWire,not found on RotoWire,H:2026/2025 P:2026/2025,,,Direct BvP not yet weighted; 2026/2025 Statcast baseline active,7,2,24,1,"Last 7 games: 2/24, 1 HR","same-side matchup; pitcher baseline 8.4% barrel, 16.8 HR allowed",neutral batted-ball profile; pitcher allows elevated contact,,
656976,Pavin Smith,AZ,SD,2026-09-26T01:40:00Z,Pre-Game,8,Casey Mize,663554,R,L,7.08,0.1368,88.84,99.5482,0.3469,0.1312,0.2973,71.23,13.45,40.97,29.88,40.78,4.5,8.43,39.77,89.37,0.3938,0.1588,30.6,16.8,16.8,16.8,Petco Park,91,75,10,In From LF,Yes,,,No,Yes,MLB Stats API; RotoWire,not found on RotoWire,H:2026/2025 P:2026/2025,,,Direct BvP not yet weighted; 2026/2025 Statcast baseline active,7,6,17,2,Hot streak: 2 HR in last 7 games,"platoon edge; pitcher baseline 8.4% barrel, 16.8 HR allowed",neutral batted-ball profile; pitcher allows elevated contact,,
691783,Jordan Lawlar,AZ,SD,2026-09-26T01:40:00Z,Pre-Game,9,Casey Mize,663554,R,R,6.72,0.1634,87.7,98.2623,0.3689,0.1383,0.2964,70.23,8.5,49.68,32.73,31.23,3.5,8.43,39.77,89.37,0.3938,0.1588,30.6,16.8,16.8,16.8,Petco Park,91,75,10,In From LF,Yes,,,No,Yes,MLB Stats API; RotoWire,not found on RotoWire,H:2026/2025 P:2026/2025,,,Direct BvP not yet weighted; 2026/2025 Statcast baseline active,7,3,16,0,"Last 7 games: 3/16, 0 HR","same-side matchup; pitcher baseline 8.4% barrel, 16.8 HR allowed",neutral batted-ball profile; pitcher allows elevated contact,,
665487,Fernando Tatis Jr.,SD,AZ,2026-09-26T01:40:00Z,Pre-Game,1,Brandon Pfaadt,694297,R,R,12.19,0.1801,93.09,104.4658,0.4978,0.2079,0.377,75.65,57.98,34.31,22.43,53.2,25.0,8.45,38.24,89.26,0.4233,0.1645,23.48,17.6,17.6,17.6,Petco Park,91,75,10,In From LF,Yes,Yes,1,Yes,No,MLB Stats API; RotoWire,,H:2026/2025 P:2026/2025,,,Direct BvP not yet weighted; 2026/2025 Statcast baseline active,7,10,28,2,Hot streak: 2 HR in last 7 games,"same-side matchup; pitcher baseline 8.4% barrel, 17.6 HR allowed",EV profile; pitcher fly-ball pressure modest,,
687957,Dustin Harris,SD,AZ,2026-09-26T01:40:00Z,Pre-Game,2,Brandon Pfaadt,694297,R,L,2.44,0.1038,85.5,95.1009,0.3261,0.0848,0.2828,66.89,2.38,44.42,21.77,21.07,0.3,8.45,38.24,89.26,0.4233,0.1645,23.48,17.6,17.6,17.6,Petco Park,91,75,10,In From LF,Yes,Yes,2,Yes,No,MLB Stats API; RotoWire,,H:2026/2025 P:2026/2025,,,Direct BvP not yet weighted; 2026/2025 Statcast baseline active,7,7,28,0,"Last 7 games: 7/28, 0 HR","platoon edge; pitcher baseline 8.4% barrel, 17.6 HR allowed",neutral batted-ball profile; pitcher fly-ball pressure modest,,
592518,Manny Machado,SD,AZ,2026-09-26T01:40:00Z,Pre-Game,3,Brandon Pfaadt,694297,R,R,10.59,0.1878,90.94,101.7913,0.4425,0.1918,0.3365,74.64,44.93,38.68,28.57,45.76,28.4,8.45,38.24,89.26,0.4233,0.1645,23.48,17.6,17.6,17.6,Petco Park,91,75,10,In From LF,Yes,Yes,3,Yes,No,MLB Stats API; RotoWire,,H:2026/2025 P:2026/2025,,,Direct BvP not yet weighted; 2026/2025 Statcast baseline active,7,3,27,1,"Last 7 games: 3/27, 1 HR","same-side matchup; pitcher baseline 8.4% barrel, 17.6 HR allowed",neutral batted-ball profile; pitcher fly-ball pressure modest,,
664034,Ty France,SD,AZ,2026-09-26T01:40:00Z,Pre-Game,4,Brandon Pfaadt,694297,R,R,8.82,0.1793,91.04,100.9511,0.4285,0.1737,0.3294,71.77,19.95,36.57,24.9,46.86,16.8,8.45,38.24,89.26,0.4233,0.1645,23.48,17.6,17.6,17.6,Petco Park,91,75,10,In From LF,Yes,Yes,4,Yes,No,MLB Stats API; RotoWire,,H:2026/2025 P:2026/2025,,,Direct BvP not yet weighted; 2026/2025 Statcast baseline active,7,9,28,1,Contact streak: 9/28 over last 7 games,"same-side matchup; pitcher baseline 8.4% barrel, 17.6 HR allowed",neutral batted-ball profile; pitcher fly-ball pressure modest,,
701538,Jackson Merrill,SD,AZ,2026-09-26T01:40:00Z,Pre-Game,5,Brandon Pfaadt,694297,R,L,12.65,0.1895,91.03,101.2413,0.4914,0.2242,0.347,72.95,28.17,37.84,30.06,47.1,23.0,8.45,38.24,89.26,0.4233,0.1645,23.48,17.6,17.6,17.6,Petco Park,91,75,10,In From LF,Yes,Yes,5,Yes,No,MLB Stats API; RotoWire,,H:2026/2025 P:2026/2025,,,Direct BvP not yet weighted; 2026/2025 Statcast baseline active,7,5,28,1,"Last 7 games: 5/28, 1 HR","platoon edge; pitcher baseline 8.4% barrel, 17.6 HR allowed",neutral batted-ball profile; pitcher fly-ball pressure modest,,
593428,Xander Bogaerts,SD,AZ,2026-09-26T01:40:00Z,Pre-Game,6,Brandon Pfaadt,694297,R,R,5.99,0.114,89.35,100.2502,0.3843,0.132,0.3235,72.24,27.59,43.38,23.2,41.23,11.7,8.45,38.24,89.26,0.4233,0.1645,23.48,17.6,17.6,17.6,Petco Park,91,75,10,In From LF,Yes,Yes,6,Yes,No,MLB Stats API; RotoWire,,H:2026/2025 P:2026/2025,,,Direct BvP not yet weighted; 2026/2025 Statcast baseline active,7,7,23,1,"Last 7 games: 7/23, 1 HR","same-side matchup; pitcher baseline 8.4% barrel, 17.6 HR allowed",neutral batted-ball profile; pitcher fly-ball pressure modest,,
669134,Luis Campusano,SD,AZ,2026-09-26T01:40:00Z,Pre-Game,7,Brandon Pfaadt,694297,R,R,5.81,0.1204,87.73,98.3598,0.3025,0.1113,0.292,73.03,30.69,46.98,19.94,35.74,5.6,8.45,38.24,89.26,0.4233,0.1645,23.48,17.6,17.6,17.6,Petco Park,91,75,10,In From LF,Yes,Yes,7,Yes,No,MLB Stats API; RotoWire,,H:2026/2025 P:2026/2025,,,Direct BvP not yet weighted; 2026/2025 Statcast baseline active,7,5,29,1,"Last 7 games: 5/29, 1 HR","same-side matchup; pitcher baseline 8.4% barrel, 17.6 HR allowed",neutral batted-ball profile; pitcher fly-ball pressure modest,,
630105,Jake Cronenworth,SD,AZ,2026-09-26T01:40:00Z,Pre-Game,8,Brandon Pfaadt,694297,R,L,4.38,0.1065,87.52,97.6648,0.318,0.1021,0.2854,71.32,17.39,32.24,24.47,32.0,8.2,8.45,38.24,89.26,0.4233,0.1645,23.48,17.6,17.6,17.6,Petco Park,91,75,10,In From LF,Yes,Yes,8,Yes,No,MLB Stats API; RotoWire,,H:2026/2025 P:2026/2025,,,Direct BvP not yet weighted; 2026/2025 Statcast baseline active,7,8,25,2,Hot streak: 2 HR in last 7 games,"platoon edge; pitcher baseline 8.4% barrel, 17.6 HR allowed",neutral batted-ball profile; pitcher fly-ball pressure modest,,
669392,Samad Taylor,SD,AZ,2026-09-26T01:40:00Z,Pre-Game,9,Brandon Pfaadt,694297,R,R,2.66,0.0679,82.35,93.8594,0.2986,0.0654,0.2719,68.81,3.78,30.81,16.42,19.78,1.4,8.45,38.24,89.26,0.4233,0.1645,23.48,17.6,17.6,17.6,Petco Park,91,75,10,In From LF,Yes,Yes,9,Yes,No,MLB Stats API; RotoWire,,H:2026/2025 P:2026/2025,,,Direct BvP not yet weighted; 2026/2025 Statcast baseline active,7,8,20,1,Contact streak: 8/20 over last 7 games,"same-side matchup; pitcher baseline 8.4% barrel, 17.6 HR allowed",neutral batted-ball profile; pitcher fly-ball pressure modest,,
687263,Zach Neto,LAA,SEA,2026-09-26T02:10:00Z,Pre-Game,1,Bryce Miller,682243,R,R,12.11,0.2002,90.16,100.3862,0.432,0.2076,0.3223,71.47,15.72,47.69,34.47,42.89,26.0,8.28,36.98,88.83,0.4066,0.1673,31.3,19.1,19.1,19.1,T-Mobile Park,96,72,0,None,No,No,1,Yes,Yes,RotoWire projected lineup; MLB probable pitchers,lineup projected / unconfirmed,H:2026/2025 P:2026/2025,,,Direct BvP not yet weighted; 2026/2025 Statcast baseline active,7,3,23,0,"Last 7 games: 3/23, 0 HR","same-side matchup; pitcher baseline 8.3% barrel, 19.1 HR allowed",neutral batted-ball profile; pitcher allows elevated contact,,
545361,Mike Trout,LAA,SEA,2026-09-26T02:10:00Z,Pre-Game,2,Bryce Miller,682243,R,R,15.94,0.1895,90.27,102.9518,0.4838,0.2348,0.3741,74.49,46.23,36.3,31.0,47.06,23.2,8.28,36.98,88.83,0.4066,0.1673,31.3,19.1,19.1,19.1,T-Mobile Park,96,72,0,None,No,No,2,Yes,Yes,RotoWire projected lineup; MLB probable pitchers,lineup projected / unconfirmed,H:2026/2025 P:2026/2025,,,Direct BvP not yet weighted; 2026/2025 Statcast baseline active,7,8,24,1,Contact streak: 8/24 over last 7 games,"same-side matchup; pitcher baseline 8.3% barrel, 19.1 HR allowed",neutral batted-ball profile; pitcher allows elevated contact,,
685133,Wade Meckler,LAA,SEA,2026-09-26T02:10:00Z,Pre-Game,3,Bryce Miller,682243,R,L,3.1,0.079,87.3,96.8958,0.362,0.098,0.317,69.0,2.2,33.6,19.2,34.1,3.0,8.28,36.98,88.83,0.4066,0.1673,31.3,19.1,19.1,19.1,T-Mobile Park,96,72,0,None,No,No,3,Yes,Yes,RotoWire projected lineup; MLB probable pitchers,lineup projected / unconfirmed,H:2026 P:2026/2025,,,Direct BvP not yet weighted; 2026/2025 Statcast baseline active,7,10,29,0,Contact streak: 10/29 over last 7 games,"platoon edge; pitcher baseline 8.3% barrel, 19.1 HR allowed",neutral batted-ball profile; pitcher allows elevated contact,,
687093,Vaughn Grissom,LAA,SEA,2026-09-26T02:10:00Z,Pre-Game,4,Bryce Miller,682243,R,R,6.9,0.149,87.5,98.6194,0.38,0.138,0.309,70.9,16.1,39.9,24.9,35.7,13.0,8.28,36.98,88.83,0.4066,0.1673,31.3,19.1,19.1,19.1,T-Mobile Park,96,72,0,None,No,No,4,Yes,Yes,RotoWire projected lineup; MLB probable pitchers,lineup projected / unconfirmed,H:2026 P:2026/2025,,,Direct BvP not yet weighted; 2026/2025 Statcast baseline active,7,7,25,2,Hot streak: 2 HR in last 7 games,"same-side matchup; pitcher baseline 8.3% barrel, 19.1 HR allowed",neutral batted-ball profile; pitcher allows elevated contact,,
694208,Moises Ballesteros,LAA,SEA,2026-09-26T02:10:00Z,Pre-Game,5,Bryce Miller,682243,R,L,8.03,0.1368,90.01,100.6341,0.3797,0.1415,0.3053,72.29,29.3,33.8,22.26,42.33,6.9,8.28,36.98,88.83,0.4066,0.1673,31.3,19.1,19.1,19.1,T-Mobile Park,96,72,0,None,No,No,5,Yes,Yes,RotoWire projected lineup; MLB probable pitchers,lineup projected / unconfirmed,H:2026/2025 P:2026/2025,,,Direct BvP not yet weighted; 2026/2025 Statcast baseline active,7,3,25,0,"Last 7 games: 3/25, 0 HR","platoon edge; pitcher baseline 8.3% barrel, 19.1 HR allowed",neutral batted-ball profile; pitcher allows elevated contact,,
694203,Denzer Guzman,LAA,SEA,2026-09-26T02:10:00Z,Pre-Game,6,Bryce Miller,682243,R,R,8.0,0.1341,86.71,98.8772,0.3223,0.1141,0.2504,73.64,38.0,40.6,24.4,38.0,6.2,8.28,36.98,88.83,0.4066,0.1673,31.3,19.1,19.1,19.1,T-Mobile Park,96,72,0,None,No,No,6,Yes,Yes,RotoWire projected lineup; MLB probable pitchers,lineup projected / unconfirmed,H:2026/2025 P:2026/2025,,,Direct BvP not yet weighted; 2026/2025 Statcast baseline active,7,3,26,1,"Last 7 games: 3/26, 1 HR","same-side matchup; pitcher baseline 8.3% barrel, 19.1 HR allowed",neutral batted-ball profile; pitcher allows elevated contact,,
666139,Josh Lowe,LAA,SEA,2026-09-26T02:10:00Z,Pre-Game,7,Bryce Miller,682243,R,L,8.21,0.1523,88.67,99.2202,0.3737,0.1559,0.2891,73.31,33.49,35.36,30.1,37.92,11.7,8.28,36.98,88.83,0.4066,0.1673,31.3,19.1,19.1,19.1,T-Mobile Park,96,72,0,None,No,No,7,Yes,Yes,RotoWire projected lineup; MLB probable pitchers,lineup projected / unconfirmed,H:2026/2025 P:2026/2025,,,Direct BvP not yet weighted; 2026/2025 Statcast baseline active,7,4,19,0,"Last 7 games: 4/19, 0 HR","platoon edge; pitcher baseline 8.3% barrel, 19.1 HR allowed",neutral batted-ball profile; pitcher allows elevated contact,,
642350,Jose Siri,LAA,SEA,2026-09-26T02:10:00Z,Pre-Game,8,Bryce Miller,682243,R,R,15.1,0.1355,87.91,99.6298,0.3683,0.1847,0.2708,73.08,33.89,32.46,41.92,39.74,6.3,8.28,36.98,88.83,0.4066,0.1673,31.3,19.1,19.1,19.1,T-Mobile Park,96,72,0,None,No,No,8,Yes,Yes,RotoWire projected lineup; MLB probable pitchers,lineup projected / unconfirmed,H:2026/2025 P:2026/2025,,,Direct BvP not yet weighted; 2026/2025 Statcast baseline active,7,6,22,1,"Last 7 games: 6/22, 1 HR","same-side matchup; pitcher baseline 8.3% barrel, 19.1 HR allowed",fly-ball profile; pitcher allows elevated contact,,
695681,Christian Moore,LAA,SEA,2026-09-26T02:10:00Z,Pre-Game,9,Bryce Miller,682243,R,R,8.3,0.102,88.27,99.6624,0.3093,0.1168,0.2505,72.07,25.57,25.45,28.13,38.05,2.8,8.28,36.98,88.83,0.4066,0.1673,31.3,19.1,19.1,19.1,T-Mobile Park,96,72,0,None,No,No,9,Yes,Yes,RotoWire projected lineup; MLB probable pitchers,lineup projected / unconfirmed,H:2026/2025 P:2026/2025,,,Direct BvP not yet weighted; 2026/2025 Statcast baseline active,7,6,23,0,"Last 7 games: 6/23, 0 HR","same-side matchup; pitcher baseline 8.3% barrel, 19.1 HR allowed",neutral batted-ball profile; pitcher allows elevated contact,,
668227,Randy Arozarena,SEA,LAA,2026-09-26T02:10:00Z,Pre-Game,1,Reid Detmers,672282,L,R,9.05,0.1964,90.95,101.1368,0.4198,0.1711,0.3431,71.32,24.59,34.82,24.94,45.49,26.3,7.78,39.37,89.89,0.3609,0.139,27.78,15.1,15.1,15.1,T-Mobile Park,96,72,0,None,Yes,Yes,1,Yes,No,MLB Stats API; RotoWire,,H:2026/2025 P:2026/2025,,,Direct BvP not yet weighted; 2026/2025 Statcast baseline active,7,7,22,1,"Last 7 games: 7/22, 1 HR","platoon edge; pitcher baseline 7.8% barrel, 15.1 HR allowed",neutral batted-ball profile; pitcher fly-ball pressure modest,,
686527,Dominic Canzone,SEA,LAA,2026-09-26T02:10:00Z,Pre-Game,2,Reid Detmers,672282,L,L,12.75,0.2062,91.46,102.4859,0.498,0.2234,0.3599,73.94,41.5,39.06,26.37,46.13,18.7,7.78,39.37,89.89,0.3609,0.139,27.78,15.1,15.1,15.1,T-Mobile Park,96,72,0,None,Yes,Yes,2,Yes,No,MLB Stats API; RotoWire,,H:2026/2025 P:2026/2025,,,Direct BvP not yet weighted; 2026/2025 Statcast baseline active,7,8,25,0,Contact streak: 8/25 over last 7 games,"same-side matchup; pitcher baseline 7.8% barrel, 15.1 HR allowed",neutral batted-ball profile; pitcher fly-ball pressure modest,,
677594,Julio Rodríguez,SEA,LAA,2026-09-26T02:10:00Z,Pre-Game,3,Reid Detmers,672282,L,R,9.17,0.172,90.75,102.8196,0.4545,0.1873,0.3391,76.54,66.29,38.21,25.49,45.41,25.0,7.78,39.37,89.89,0.3609,0.139,27.78,15.1,15.1,15.1,T-Mobile Park,96,72,0,None,Yes,Yes,3,Yes,No,MLB Stats API; RotoWire,,H:2026/2025 P:2026/2025,,,Direct BvP not yet weighted; 2026/2025 Statcast baseline active,7,12,27,1,Contact streak: 12/27 over last 7 games,"platoon edge; pitcher baseline 7.8% barrel, 15.1 HR allowed",neutral batted-ball profile; pitcher fly-ball pressure modest,,
647304,Josh Naylor,SEA,LAA,2026-09-26T02:10:00Z,Pre-Game,4,Reid Detmers,672282,L,L,5.16,0.1124,87.73,98.9545,0.3984,0.1282,0.3187,70.34,11.61,41.43,22.36,37.77,13.0,7.78,39.37,89.89,0.3609,0.139,27.78,15.1,15.1,15.1,T-Mobile Park,96,72,0,None,Yes,Yes,4,Yes,No,MLB Stats API; RotoWire,,H:2026/2025 P:2026/2025,,,Direct BvP not yet weighted; 2026/2025 Statcast baseline active,7,4,28,0,"Last 7 games: 4/28, 0 HR","same-side matchup; pitcher baseline 7.8% barrel, 15.1 HR allowed",neutral batted-ball profile; pitcher fly-ball pressure modest,,
703197,Michael Arroyo,SEA,LAA,2026-09-26T02:10:00Z,Pre-Game,5,Reid Detmers,672282,L,R,5.0,0.2,89.3,98.3626,0.401,0.136,0.356,73.4,33.3,40.0,30.0,35.0,1.0,7.78,39.37,89.89,0.3609,0.139,27.78,15.1,15.1,15.1,T-Mobile Park,96,72,0,None,Yes,Yes,5,Yes,No,MLB Stats API; RotoWire,,H:2026 P:2026/2025,,,Direct BvP not yet weighted; 2026/2025 Statcast baseline active,7,3,13,0,"Last 7 games: 3/13, 0 HR","platoon edge; pitcher baseline 7.8% barrel, 15.1 HR allowed",neutral batted-ball profile; pitcher fly-ball pressure modest,,
702284,Cole Young,SEA,LAA,2026-09-26T02:10:00Z,Pre-Game,6,Reid Detmers,672282,L,L,5.11,0.1241,88.09,98.7334,0.3767,0.1296,0.3075,71.51,21.58,42.05,27.01,35.65,13.1,7.78,39.37,89.89,0.3609,0.139,27.78,15.1,15.1,15.1,T-Mobile Park,96,72,0,None,Yes,Yes,6,Yes,No,MLB Stats API; RotoWire,,H:2026/2025 P:2026/2025,,,Direct BvP not yet weighted; 2026/2025 Statcast baseline active,7,4,24,0,"Last 7 games: 4/24, 0 HR","same-side matchup; pitcher baseline 7.8% barrel, 15.1 HR allowed",neutral batted-ball profile; pitcher fly-ball pressure modest,,
640902,Jhonny Pereda,SEA,LAA,2026-09-26T02:10:00Z,Pre-Game,7,Reid Detmers,672282,L,R,3.33,0.0842,89.8,100.1044,0.3703,0.0954,0.3198,70.76,8.23,32.49,12.9,46.93,1.4,7.78,39.37,89.89,0.3609,0.139,27.78,15.1,15.1,15.1,T-Mobile Park,96,72,0,None,Yes,Yes,7,Yes,No,MLB Stats API; RotoWire,,H:2026/2025 P:2026/2025,,,Direct BvP not yet weighted; 2026/2025 Statcast baseline active,7,7,14,0,Contact streak: 7/14 over last 7 games,"platoon edge; pitcher baseline 7.8% barrel, 15.1 HR allowed",neutral batted-ball profile; pitcher fly-ball pressure modest,,
642215,Weston Wilson,SEA,LAA,2026-09-26T02:10:00Z,Pre-Game,8,Reid Detmers,672282,L,R,5.89,0.1269,86.39,98.126,0.3262,0.1151,0.2789,72.64,26.54,46.57,26.62,35.61,4.3,7.78,39.37,89.89,0.3609,0.139,27.78,15.1,15.1,15.1,T-Mobile Park,96,72,0,None,Yes,Yes,8,Yes,No,MLB Stats API; RotoWire,,H:2026/2025 P:2026/2025,,,Direct BvP not yet weighted; 2026/2025 Statcast baseline active,7,1,12,0,"Last 7 games: 1/12, 0 HR","platoon edge; pitcher baseline 7.8% barrel, 15.1 HR allowed",neutral batted-ball profile; pitcher fly-ball pressure modest,,
660844,Leo Rivas,SEA,LAA,2026-09-26T02:10:00Z,Pre-Game,9,Reid Detmers,672282,L,S,1.74,0.0561,86.51,93.8663,0.2471,0.0686,0.2642,65.9,1.16,44.68,30.44,17.04,0.6,7.78,39.37,89.89,0.3609,0.139,27.78,15.1,15.1,15.1,T-Mobile Park,96,72,0,None,Yes,Yes,9,Yes,No,MLB Stats API; RotoWire,,H:2026/2025 P:2026/2025,,,Direct BvP not yet weighted; 2026/2025 Statcast baseline active,7,4,13,0,"Last 7 games: 4/13, 0 HR","switch hitter; pitcher baseline 7.8% barrel, 15.1 HR allowed",neutral batted-ball profile; pitcher fly-ball pressure modest,,
660271,Shohei Ohtani,LAD,SF,2026-09-26T02:15:00Z,Pre-Game,1,Yunior Marte,805074,R,L,18.67,0.2721,93.85,104.5037,0.5867,0.3022,0.4089,75.03,53.08,46.35,32.13,54.22,37.5,11.1,41.3,88.4,0.435,0.184,28.6,3.0,3.0,3.0,Oracle Park,85,61,17,Out To CF,Yes,Yes,1,Yes,No,MLB Stats API; RotoWire,,H:2026/2025 P:2026,,,Direct BvP not yet weighted; 2026/2025 Statcast baseline active,7,5,27,0,"Last 7 games: 5/27, 0 HR","platoon edge; pitcher baseline 11.1% barrel, 3.0 HR allowed",lift-pull EV profile; pitcher fly-ball pressure modest,,
605141,Mookie Betts,LAD,SF,2026-09-26T02:15:00Z,Pre-Game,2,Yunior Marte,805074,R,R,7.04,0.1802,90.01,98.5724,0.4325,0.156,0.3377,69.46,8.74,40.94,33.03,37.62,21.4,11.1,41.3,88.4,0.435,0.184,28.6,3.0,3.0,3.0,Oracle Park,85,61,17,Out To CF,Yes,Yes,2,Yes,No,MLB Stats API; RotoWire,,H:2026/2025 P:2026,,,Direct BvP not yet weighted; 2026/2025 Statcast baseline active,7,14,28,2,Hot streak: 2 HR in last 7 games,"same-side matchup; pitcher baseline 11.1% barrel, 3.0 HR allowed",neutral batted-ball profile; pitcher fly-ball pressure modest,,
518692,Freddie Freeman,LAD,SF,2026-09-26T02:15:00Z,Pre-Game,3,Yunior Marte,805074,R,L,8.86,0.1622,89.85,100.1503,0.4663,0.1818,0.3605,70.01,7.77,36.33,26.79,42.62,18.4,11.1,41.3,88.4,0.435,0.184,28.6,3.0,3.0,3.0,Oracle Park,85,61,17,Out To CF,Yes,Yes,3,Yes,No,MLB Stats API; RotoWire,,H:2026/2025 P:2026,,,Direct BvP not yet weighted; 2026/2025 Statcast baseline active,7,8,29,0,"Last 7 games: 8/29, 0 HR","platoon edge; pitcher baseline 11.1% barrel, 3.0 HR allowed",neutral batted-ball profile; pitcher fly-ball pressure modest,,
669257,Will Smith,LAD,SF,2026-09-26T02:15:00Z,Pre-Game,4,Yunior Marte,805074,R,R,12.55,0.18,89.62,100.1576,0.5002,0.227,0.3857,69.84,6.38,31.3,39.5,42.27,12.1,11.1,41.3,88.4,0.435,0.184,28.6,3.0,3.0,3.0,Oracle Park,85,61,17,Out To CF,Yes,Yes,4,Yes,No,MLB Stats API; RotoWire,,H:2026/2025 P:2026,,,Direct BvP not yet weighted; 2026/2025 Statcast baseline active,7,8,24,3,Hot streak: 3 HR in last 7 games,"same-side matchup; pitcher baseline 11.1% barrel, 3.0 HR allowed",fly-ball profile; pitcher fly-ball pressure modest,,
663656,Kyle Tucker,LAD,SF,2026-09-26T02:15:00Z,Pre-Game,5,Yunior Marte,805074,R,L,7.79,0.1679,89.05,98.7701,0.42,0.1612,0.3433,71.58,20.66,42.96,34.17,37.6,18.5,11.1,41.3,88.4,0.435,0.184,28.6,3.0,3.0,3.0,Oracle Park,85,61,17,Out To CF,Yes,Yes,5,Yes,No,MLB Stats API; RotoWire,,H:2026/2025 P:2026,,,Direct BvP not yet weighted; 2026/2025 Statcast baseline active,7,10,24,2,Hot streak: 2 HR in last 7 games,"platoon edge; pitcher baseline 11.1% barrel, 3.0 HR allowed",neutral batted-ball profile; pitcher fly-ball pressure modest,,
606192,Teoscar Hernández,LAD,SF,2026-09-26T02:15:00Z,Pre-Game,6,Yunior Marte,805074,R,R,10.66,0.1685,90.2,101.5945,0.4378,0.1836,0.3282,72.62,27.02,35.06,28.19,45.47,18.0,11.1,41.3,88.4,0.435,0.184,28.6,3.0,3.0,3.0,Oracle Park,85,61,17,Out To CF,Yes,Yes,6,Yes,No,MLB Stats API; RotoWire,,H:2026/2025 P:2026,,,Direct BvP not yet weighted; 2026/2025 Statcast baseline active,7,10,29,0,Contact streak: 10/29 over last 7 games,"same-side matchup; pitcher baseline 11.1% barrel, 3.0 HR allowed",neutral batted-ball profile; pitcher fly-ball pressure modest,,
571970,Max Muncy,LAD,SF,2026-09-26T02:15:00Z,Pre-Game,7,Yunior Marte,805074,R,L,13.04,0.2354,90.32,101.2528,0.4739,0.2345,0.3544,71.24,14.13,50.73,35.3,47.51,26.0,11.1,41.3,88.4,0.435,0.184,28.6,3.0,3.0,3.0,Oracle Park,85,61,17,Out To CF,Yes,Yes,7,Yes,No,MLB Stats API; RotoWire,,H:2026/2025 P:2026,,,Direct BvP not yet weighted; 2026/2025 Statcast baseline active,7,7,25,1,"Last 7 games: 7/25, 1 HR","platoon edge; pitcher baseline 11.1% barrel, 3.0 HR allowed",fly-ball profile; pitcher fly-ball pressure modest,,
681624,Andy Pages,LAD,SF,2026-09-26T02:15:00Z,Pre-Game,8,Yunior Marte,805074,R,R,7.84,0.1862,88.74,99.6529,0.4343,0.1658,0.3335,72.85,26.19,38.32,28.65,40.42,22.8,11.1,41.3,88.4,0.435,0.184,28.6,3.0,3.0,3.0,Oracle Park,85,61,17,Out To CF,Yes,Yes,8,Yes,No,MLB Stats API; RotoWire,,H:2026/2025 P:2026,,,Direct BvP not yet weighted; 2026/2025 Statcast baseline active,7,8,24,0,Contact streak: 8/24 over last 7 games,"same-side matchup; pitcher baseline 11.1% barrel, 3.0 HR allowed",neutral batted-ball profile; pitcher fly-ball pressure modest,,
571771,Enrique Hernández,LAD,SF,2026-09-26T02:15:00Z,Pre-Game,9,Yunior Marte,805074,R,R,8.03,0.1616,89.11,99.6576,0.3604,0.1415,0.2779,70.75,13.75,29.59,25.26,39.77,5.1,11.1,41.3,88.4,0.435,0.184,28.6,3.0,3.0,3.0,Oracle Park,85,61,17,Out To CF,Yes,Yes,9,Yes,No,MLB Stats API; RotoWire,,H:2026/2025 P:2026,,,Direct BvP not yet weighted; 2026/2025 Statcast baseline active,7,4,14,0,"Last 7 games: 4/14, 0 HR","same-side matchup; pitcher baseline 11.1% barrel, 3.0 HR allowed",neutral batted-ball profile; pitcher fly-ball pressure modest,,
813841,Jonah Cox,SF,LAD,2026-09-26T02:15:00Z,Pre-Game,1,Tarik Skubal,669373,L,R,5.8,0.137,88.7,99.299,0.332,0.118,0.265,68.9,6.0,20.9,23.3,37.2,4.0,7.26,34.75,86.87,0.3447,0.1212,25.27,15.2,15.2,15.2,Oracle Park,85,61,17,Out To CF,Yes,Yes,1,Yes,No,MLB Stats API; RotoWire,,H:2026 P:2026/2025,,,Direct BvP not yet weighted; 2026/2025 Statcast baseline active,7,5,24,0,"Last 7 games: 5/24, 0 HR","platoon edge; pitcher baseline 7.3% barrel, 15.2 HR allowed",neutral batted-ball profile; pitcher fly-ball pressure modest,,
695391,Brett Harris,SF,LAD,2026-09-26T02:15:00Z,Pre-Game,2,Tarik Skubal,669373,L,R,4.26,0.061,86.17,97.0195,0.2471,0.0682,0.2574,70.72,10.24,29.42,24.23,30.6,0.0,7.26,34.75,86.87,0.3447,0.1212,25.27,15.2,15.2,15.2,Oracle Park,85,61,17,Out To CF,Yes,Yes,2,Yes,No,MLB Stats API; RotoWire,,H:2026/2025 P:2026/2025,,,Direct BvP not yet weighted; 2026/2025 Statcast baseline active,7,5,22,0,"Last 7 games: 5/22, 0 HR","platoon edge; pitcher baseline 7.3% barrel, 15.2 HR allowed",neutral batted-ball profile; pitcher fly-ball pressure modest,,
682674,Victor Bericoto,SF,LAD,2026-09-26T02:15:00Z,Pre-Game,3,Tarik Skubal,669373,L,R,13.5,0.184,90.9,100.9708,0.455,0.225,0.3,74.6,49.8,32.4,25.7,51.4,5.0,7.26,34.75,86.87,0.3447,0.1212,25.27,15.2,15.2,15.2,Oracle Park,85,61,17,Out To CF,Yes,Yes,3,Yes,No,MLB Stats API; RotoWire,,H:2026 P:2026/2025,,,Direct BvP not yet weighted; 2026/2025 Statcast baseline active,7,4,23,1,"Last 7 games: 4/23, 1 HR","platoon edge; pitcher baseline 7.3% barrel, 15.2 HR allowed",neutral batted-ball profile; pitcher fly-ball pressure modest,,
815589,Bo Davidson,SF,LAD,2026-09-26T02:15:00Z,Pre-Game,4,Tarik Skubal,669373,L,L,0.0,0.0,88.3,103.2926,0.461,0.092,0.392,72.2,21.1,12.5,0.0,50.0,0.0,7.26,34.75,86.87,0.3447,0.1212,25.27,15.2,15.2,15.2,Oracle Park,85,61,17,Out To CF,Yes,Yes,4,Yes,No,MLB Stats API; RotoWire,,H:2026 P:2026/2025,,,Direct BvP not yet weighted; 2026/2025 Statcast baseline active,3,3,10,0,"Last 3 games: 3/10, 0 HR","same-side matchup; pitcher baseline 7.3% barrel, 15.2 HR allowed",neutral batted-ball profile; pitcher fly-ball pressure modest,,
668800,Andrew Knizner,SF,LAD,2026-09-26T02:15:00Z,Pre-Game,5,Tarik Skubal,669373,L,R,4.27,0.1263,86.02,97.6288,0.3398,0.1134,0.2871,69.76,7.05,32.85,26.07,31.11,1.7,7.26,34.75,86.87,0.3447,0.1212,25.27,15.2,15.2,15.2,Oracle Park,85,61,17,Out To CF,Yes,Yes,5,Yes,No,MLB Stats API; RotoWire,,H:2026/2025 P:2026/2025,,,Direct BvP not yet weighted; 2026/2025 Statcast baseline active,7,8,20,0,Contact streak: 8/20 over last 7 games,"platoon edge; pitcher baseline 7.3% barrel, 15.2 HR allowed",neutral batted-ball profile; pitcher fly-ball pressure modest,,
691785,Marcelo Mayer,SF,LAD,2026-09-26T02:15:00Z,Pre-Game,6,Tarik Skubal,669373,L,L,7.03,0.1152,87.34,98.9814,0.3088,0.1072,0.2602,74.42,44.42,36.43,25.28,40.57,3.3,7.26,34.75,86.87,0.3447,0.1212,25.27,15.2,15.2,15.2,Oracle Park,85,61,17,Out To CF,Yes,Yes,6,Yes,No,MLB Stats API; RotoWire,,H:2026/2025 P:2026/2025,,,Direct BvP not yet weighted; 2026/2025 Statcast baseline active,7,2,18,0,"Last 7 games: 2/18, 0 HR","same-side matchup; pitcher baseline 7.3% barrel, 15.2 HR allowed",neutral batted-ball profile; pitcher fly-ball pressure modest,,
694376,Shay Whitcomb,SF,LAD,2026-09-26T02:15:00Z,Pre-Game,7,Tarik Skubal,669373,L,R,9.33,0.1234,85.83,97.5219,0.3475,0.1499,0.2428,71.52,17.36,44.4,26.74,28.49,3.1,7.26,34.75,86.87,0.3447,0.1212,25.27,15.2,15.2,15.2,Oracle Park,85,61,17,Out To CF,Yes,Yes,7,Yes,No,MLB Stats API; RotoWire,,H:2026/2025 P:2026/2025,,,Direct BvP not yet weighted; 2026/2025 Statcast baseline active,7,5,22,0,"Last 7 games: 5/22, 0 HR","platoon edge; pitcher baseline 7.3% barrel, 15.2 HR allowed",neutral batted-ball profile; pitcher fly-ball pressure modest,,
814154,Scott Bandura,SF,LAD,2026-09-26T02:15:00Z,Pre-Game,8,Tarik Skubal,669373,L,L,0.0,0.048,79.0,87.2451,0.139,0.03,0.135,69.6,9.1,44.4,22.2,22.2,0.0,7.26,34.75,86.87,0.3447,0.1212,25.27,15.2,15.2,15.2,Oracle Park,85,61,17,Out To CF,Yes,Yes,8,Yes,No,MLB Stats API; RotoWire,,H:2026 P:2026/2025,,,Direct BvP not yet weighted; 2026/2025 Statcast baseline active,7,3,15,0,"Last 7 games: 3/15, 0 HR","same-side matchup; pitcher baseline 7.3% barrel, 15.2 HR allowed",neutral batted-ball profile; pitcher fly-ball pressure modest,,
683766,Christian Koss,SF,LAD,2026-09-26T02:15:00Z,Pre-Game,9,Tarik Skubal,669373,L,R,4.67,0.0963,85.01,97.1908,0.3243,0.0949,0.2655,69.51,6.07,38.23,18.91,29.12,3.7,7.26,34.75,86.87,0.3447,0.1212,25.27,15.2,15.2,15.2,Oracle Park,85,61,17,Out To CF,Yes,Yes,9,Yes,No,MLB Stats API; RotoWire,,H:2026/2025 P:2026/2025,,,Direct BvP not yet weighted; 2026/2025 Statcast baseline active,7,3,22,0,"Last 7 games: 3/22, 0 HR","platoon edge; pitcher baseline 7.3% barrel, 15.2 HR allowed",neutral batted-ball profile; pitcher fly-ball pressure modest,,
