hitter_id,player,team,opponent,game_start_time,game_status,batting_order,pitcher,pitcher_id,pitcher_hand,hitter_hand,barrel_pct,iso,avg_exit_velocity,ev50,xslg,xiso,xwoba,bat_speed,fast_swing_pct,pull_pct,fb_pct,hard_hit_pct,hr_total,pitcher_barrel_pct_allowed,pitcher_hard_hit_pct_allowed,pitcher_avg_exit_velocity_allowed,pitcher_xslg_allowed,pitcher_xiso_allowed,pitcher_fb_pct_allowed,pitcher_hr_allowed,pitcher_hr_allowed_vs_lhh,pitcher_hr_allowed_vs_rhh,ballpark,park_hr_factor,weather_temp,wind_speed,wind_direction,confirmed_lineup,rotowire_confirmed_lineup,rotowire_batting_order,rotowire_player_found,lineup_disagreement,lineup_sources_used,source_warnings,stat_years_used,bvp_pa,bvp_hr,bvp_note,recent_games,recent_hits,recent_abs,recent_hr,recent_form_note,split_matchup_note,pitch_mix_note,public_attention,odds
683002,Gunnar Henderson,BAL,MIN,2026-08-12T17:40:00Z,In Progress,1,Zebby Matthews,805673,R,L,7.83,0.1724,90.49,101.5217,0.4047,0.1546,0.3221,74.67,46.96,41.64,24.08,46.75,18.4,11.58,40.06,90.11,0.4463,0.1872,27.66,15.5,15.5,15.5,Target Field,99,86,7,In From CF,Yes,Yes,1,Yes,No,MLB Stats API; RotoWire,,H:2026/2025 P:2026/2025,,,Direct BvP not yet weighted; 2026/2025 Statcast baseline active,7,3,20,1,"Last 7 games: 3/20, 1 HR","platoon edge; pitcher baseline 11.6% barrel, 15.5 HR allowed",neutral batted-ball profile; pitcher fly-ball pressure modest,,
624413,Pete Alonso,BAL,MIN,2026-08-12T17:40:00Z,In Progress,2,Zebby Matthews,805673,R,R,15.54,0.2317,93.92,104.1891,0.5468,0.271,0.3867,74.78,49.21,35.87,31.3,55.8,29.6,11.58,40.06,90.11,0.4463,0.1872,27.66,15.5,15.5,15.5,Target Field,99,86,7,In From CF,Yes,Yes,2,Yes,No,MLB Stats API; RotoWire,,H:2026/2025 P:2026/2025,,,Direct BvP not yet weighted; 2026/2025 Statcast baseline active,7,9,26,3,Hot streak: 3 HR in last 7 games,"same-side matchup; pitcher baseline 11.6% barrel, 15.5 HR allowed",EV profile; pitcher fly-ball pressure modest,,
702616,Jackson Holliday,BAL,MIN,2026-08-12T17:40:00Z,In Progress,3,Zebby Matthews,805673,R,L,7.87,0.1386,87.68,98.2674,0.383,0.1434,0.3189,70.6,7.62,36.32,25.17,37.93,9.3,11.58,40.06,90.11,0.4463,0.1872,27.66,15.5,15.5,15.5,Target Field,99,86,7,In From CF,Yes,Yes,3,Yes,No,MLB Stats API; RotoWire,,H:2026/2025 P:2026/2025,,,Direct BvP not yet weighted; 2026/2025 Statcast baseline active,7,6,25,1,"Last 7 games: 6/25, 1 HR","platoon edge; pitcher baseline 11.6% barrel, 15.5 HR allowed",neutral batted-ball profile; pitcher fly-ball pressure modest,,
641933,Tyler O'Neill,BAL,MIN,2026-08-12T17:40:00Z,In Progress,4,Zebby Matthews,805673,R,R,11.53,0.1881,89.5,100.4288,0.4376,0.2191,0.3236,72.81,22.77,45.44,39.98,41.41,9.7,11.58,40.06,90.11,0.4463,0.1872,27.66,15.5,15.5,15.5,Target Field,99,86,7,In From CF,Yes,Yes,4,Yes,No,MLB Stats API; RotoWire,,H:2026/2025 P:2026/2025,,,Direct BvP not yet weighted; 2026/2025 Statcast baseline active,7,5,21,2,Hot streak: 2 HR in last 7 games,"same-side matchup; pitcher baseline 11.6% barrel, 15.5 HR allowed",fly-ball profile; pitcher fly-ball pressure modest,,
687637,Dylan Beavers,BAL,MIN,2026-08-12T17:40:00Z,In Progress,5,Zebby Matthews,805673,R,L,6.78,0.117,88.59,99.2112,0.3786,0.1474,0.3181,72.27,20.14,40.67,30.34,35.7,2.6,11.58,40.06,90.11,0.4463,0.1872,27.66,15.5,15.5,15.5,Target Field,99,86,7,In From CF,Yes,Yes,5,Yes,No,MLB Stats API; RotoWire,,H:2026/2025 P:2026/2025,,,Direct BvP not yet weighted; 2026/2025 Statcast baseline active,7,3,21,0,"Last 7 games: 3/21, 0 HR","platoon edge; pitcher baseline 11.6% barrel, 15.5 HR allowed",neutral batted-ball profile; pitcher fly-ball pressure modest,,
687952,Christian Encarnacion-Strand,BAL,MIN,2026-08-12T17:40:00Z,In Progress,6,Zebby Matthews,805673,R,R,17.89,0.2285,91.96,102.4706,0.5641,0.299,0.3667,73.25,32.56,40.0,28.81,43.65,4.6,11.58,40.06,90.11,0.4463,0.1872,27.66,15.5,15.5,15.5,Target Field,99,86,7,In From CF,Yes,Yes,6,Yes,No,MLB Stats API; RotoWire,,H:2026/2025 P:2026/2025,,,Direct BvP not yet weighted; 2026/2025 Statcast baseline active,7,5,17,1,"Last 7 games: 5/17, 1 HR","same-side matchup; pitcher baseline 11.6% barrel, 15.5 HR allowed",neutral batted-ball profile; pitcher fly-ball pressure modest,,
665750,Leody Taveras,BAL,MIN,2026-08-12T17:40:00Z,In Progress,7,Zebby Matthews,805673,R,S,5.21,0.1228,87.94,98.8577,0.3237,0.1138,0.2663,72.32,23.9,33.37,24.03,32.19,5.1,11.58,40.06,90.11,0.4463,0.1872,27.66,15.5,15.5,15.5,Target Field,99,86,7,In From CF,Yes,Yes,7,Yes,No,MLB Stats API; RotoWire,,H:2026/2025 P:2026/2025,,,Direct BvP not yet weighted; 2026/2025 Statcast baseline active,7,6,19,1,"Last 7 games: 6/19, 1 HR","switch hitter; pitcher baseline 11.6% barrel, 15.5 HR allowed",neutral batted-ball profile; pitcher fly-ball pressure modest,,
681047,Christian Franklin,BAL,MIN,2026-08-12T17:40:00Z,In Progress,8,Zebby Matthews,805673,R,R,12.5,0.084,88.2,96.1334,0.239,0.115,0.232,75.4,72.7,25.0,37.5,25.0,0.0,11.58,40.06,90.11,0.4463,0.1872,27.66,15.5,15.5,15.5,Target Field,99,86,7,In From CF,Yes,Yes,8,Yes,No,MLB Stats API; RotoWire,,H:2026 P:2026/2025,,,Direct BvP not yet weighted; 2026/2025 Statcast baseline active,7,1,12,0,"Last 7 games: 1/12, 0 HR","same-side matchup; pitcher baseline 11.6% barrel, 15.5 HR allowed",fly-ball profile; pitcher fly-ball pressure modest,,
665966,Carlos Narváez,BAL,MIN,2026-08-12T17:40:00Z,In Progress,9,Zebby Matthews,805673,R,R,7.77,0.1087,91.1,100.2197,0.339,0.1361,0.2748,72.02,19.53,31.46,30.8,38.58,6.6,11.58,40.06,90.11,0.4463,0.1872,27.66,15.5,15.5,15.5,Target Field,99,86,7,In From CF,Yes,Yes,9,Yes,No,MLB Stats API; RotoWire,,H:2026/2025 P:2026/2025,,,Direct BvP not yet weighted; 2026/2025 Statcast baseline active,7,2,20,0,"Last 7 games: 2/20, 0 HR","same-side matchup; pitcher baseline 11.6% barrel, 15.5 HR allowed",neutral batted-ball profile; pitcher fly-ball pressure modest,,
663616,Trevor Larnach,MIN,BAL,2026-08-12T17:40:00Z,In Progress,1,Shane Baz,669358,R,L,7.48,0.1603,88.38,99.6087,0.4016,0.146,0.3278,72.03,21.64,42.41,24.19,38.84,12.1,7.47,41.36,89.98,0.3951,0.1483,24.94,14.8,14.8,14.8,Target Field,99,86,7,In From CF,Yes,Yes,1,Yes,No,MLB Stats API; RotoWire,,H:2026/2025 P:2026/2025,,,Direct BvP not yet weighted; 2026/2025 Statcast baseline active,7,3,24,1,"Last 7 games: 3/24, 1 HR","platoon edge; pitcher baseline 7.5% barrel, 14.8 HR allowed",neutral batted-ball profile; pitcher fly-ball pressure modest,,
668904,Royce Lewis,MIN,BAL,2026-08-12T17:40:00Z,In Progress,2,Shane Baz,669358,R,R,11.22,0.1748,90.01,101.0147,0.4119,0.1726,0.3131,74.65,50.03,46.65,30.78,41.98,13.0,7.47,41.36,89.98,0.3951,0.1483,24.94,14.8,14.8,14.8,Target Field,99,86,7,In From CF,Yes,Yes,2,Yes,No,MLB Stats API; RotoWire,,H:2026/2025 P:2026/2025,,,Direct BvP not yet weighted; 2026/2025 Statcast baseline active,7,10,29,1,Contact streak: 10/29 over last 7 games,"same-side matchup; pitcher baseline 7.5% barrel, 14.8 HR allowed",neutral batted-ball profile; pitcher fly-ball pressure modest,,
605137,Josh Bell,MIN,BAL,2026-08-12T17:40:00Z,In Progress,3,Shane Baz,669358,R,S,10.84,0.1751,90.12,100.9232,0.4549,0.2045,0.3366,72.33,28.29,40.87,27.06,43.36,17.8,7.47,41.36,89.98,0.3951,0.1483,24.94,14.8,14.8,14.8,Target Field,99,86,7,In From CF,Yes,Yes,3,Yes,No,MLB Stats API; RotoWire,,H:2026/2025 P:2026/2025,,,Direct BvP not yet weighted; 2026/2025 Statcast baseline active,7,8,26,2,Hot streak: 2 HR in last 7 games,"switch hitter; pitcher baseline 7.5% barrel, 14.8 HR allowed",neutral batted-ball profile; pitcher fly-ball pressure modest,,
665019,Kody Clemens,MIN,BAL,2026-08-12T17:40:00Z,In Progress,4,Shane Baz,669358,R,L,11.72,0.2287,92.13,101.4204,0.444,0.2006,0.3247,71.99,14.42,45.45,33.04,46.41,19.7,7.47,41.36,89.98,0.3951,0.1483,24.94,14.8,14.8,14.8,Target Field,99,86,7,In From CF,Yes,Yes,4,Yes,No,MLB Stats API; RotoWire,,H:2026/2025 P:2026/2025,,,Direct BvP not yet weighted; 2026/2025 Statcast baseline active,7,3,27,1,"Last 7 games: 3/27, 1 HR","platoon edge; pitcher baseline 7.5% barrel, 14.8 HR allowed",lift-pull EV profile; pitcher fly-ball pressure modest,,
686797,Brooks Lee,MIN,BAL,2026-08-12T17:40:00Z,In Progress,5,Shane Baz,669358,R,S,4.33,0.1655,87.97,97.4482,0.3418,0.1155,0.2764,69.92,8.42,42.48,28.02,33.81,16.7,7.47,41.36,89.98,0.3951,0.1483,24.94,14.8,14.8,14.8,Target Field,99,86,7,In From CF,Yes,Yes,5,Yes,No,MLB Stats API; RotoWire,,H:2026/2025 P:2026/2025,,,Direct BvP not yet weighted; 2026/2025 Statcast baseline active,7,7,27,1,"Last 7 games: 7/27, 1 HR","switch hitter; pitcher baseline 7.5% barrel, 14.8 HR allowed",neutral batted-ball profile; pitcher fly-ball pressure modest,,
807712,Luke Keaschall,MIN,BAL,2026-08-12T17:40:00Z,In Progress,6,Shane Baz,669358,R,R,3.8,0.1101,85.08,96.603,0.3549,0.109,0.3142,68.64,7.87,38.89,26.83,29.38,5.4,7.47,41.36,89.98,0.3951,0.1483,24.94,14.8,14.8,14.8,Target Field,99,86,7,In From CF,Yes,Yes,6,Yes,No,MLB Stats API; RotoWire,,H:2026/2025 P:2026/2025,,,Direct BvP not yet weighted; 2026/2025 Statcast baseline active,7,7,24,0,"Last 7 games: 7/24, 0 HR","same-side matchup; pitcher baseline 7.5% barrel, 14.8 HR allowed",neutral batted-ball profile; pitcher fly-ball pressure modest,,
605170,Victor Caratini,MIN,BAL,2026-08-12T17:40:00Z,In Progress,7,Shane Baz,669358,R,S,6.86,0.1205,89.26,98.995,0.3907,0.1504,0.3206,71.39,16.15,37.57,24.53,39.79,8.5,7.47,41.36,89.98,0.3951,0.1483,24.94,14.8,14.8,14.8,Target Field,99,86,7,In From CF,Yes,Yes,7,Yes,No,MLB Stats API; RotoWire,,H:2026/2025 P:2026/2025,,,Direct BvP not yet weighted; 2026/2025 Statcast baseline active,7,2,15,0,"Last 7 games: 2/15, 0 HR","switch hitter; pitcher baseline 7.5% barrel, 14.8 HR allowed",neutral batted-ball profile; pitcher fly-ball pressure modest,,
702176,Alan Roden,MIN,BAL,2026-08-12T17:40:00Z,In Progress,8,Shane Baz,669358,R,L,3.68,0.0449,87.24,98.3377,0.3155,0.0884,0.2872,70.31,12.79,36.68,23.97,38.66,0.6,7.47,41.36,89.98,0.3951,0.1483,24.94,14.8,14.8,14.8,Target Field,99,86,7,In From CF,Yes,Yes,8,Yes,No,MLB Stats API; RotoWire,,H:2026/2025 P:2026/2025,,,Direct BvP not yet weighted; 2026/2025 Statcast baseline active,7,3,15,0,"Last 7 games: 3/15, 0 HR","platoon edge; pitcher baseline 7.5% barrel, 14.8 HR allowed",neutral batted-ball profile; pitcher fly-ball pressure modest,,
668952,Ryan Kreidler,MIN,BAL,2026-08-12T17:40:00Z,In Progress,9,Shane Baz,669358,R,R,6.9,0.1043,88.27,99.1869,0.3502,0.1343,0.2759,73.17,32.3,44.98,27.46,34.2,3.5,7.47,41.36,89.98,0.3951,0.1483,24.94,14.8,14.8,14.8,Target Field,99,86,7,In From CF,Yes,Yes,9,Yes,No,MLB Stats API; RotoWire,,H:2026/2025 P:2026/2025,,,Direct BvP not yet weighted; 2026/2025 Statcast baseline active,7,4,20,0,"Last 7 games: 4/20, 0 HR","same-side matchup; pitcher baseline 7.5% barrel, 14.8 HR allowed",neutral batted-ball profile; pitcher fly-ball pressure modest,,
656941,Kyle Schwarber,PHI,STL,2026-08-12T18:15:00Z,Pre-Game,1,Kyle Leahy,681517,R,L,18.49,0.2971,93.53,104.558,0.5229,0.2812,0.3807,77.16,75.21,54.77,33.32,54.56,41.3,10.43,47.18,90.78,0.4492,0.1754,21.84,9.9,9.9,9.9,Busch Stadium,90,93,11,Out To CF,Yes,Yes,1,Yes,No,MLB Stats API; RotoWire,,H:2026/2025 P:2026/2025,,,Direct BvP not yet weighted; 2026/2025 Statcast baseline active,7,9,24,2,Hot streak: 2 HR in last 7 games,"platoon edge; pitcher baseline 10.4% barrel, 9.9 HR allowed",lift-pull EV profile; pitcher fly-ball pressure modest,,
607208,Trea Turner,PHI,STL,2026-08-12T18:15:00Z,Pre-Game,2,Kyle Leahy,681517,R,R,6.29,0.1516,88.74,99.4511,0.3883,0.1309,0.3063,71.52,19.14,35.31,24.99,40.84,16.4,10.43,47.18,90.78,0.4492,0.1754,21.84,9.9,9.9,9.9,Busch Stadium,90,93,11,Out To CF,Yes,Yes,2,Yes,No,MLB Stats API; RotoWire,,H:2026/2025 P:2026/2025,,,Direct BvP not yet weighted; 2026/2025 Statcast baseline active,7,8,30,1,"Last 7 games: 8/30, 1 HR","same-side matchup; pitcher baseline 10.4% barrel, 9.9 HR allowed",neutral batted-ball profile; pitcher fly-ball pressure modest,,
547180,Bryce Harper,PHI,STL,2026-08-12T18:15:00Z,Pre-Game,3,Kyle Leahy,681517,R,L,11.74,0.2379,90.53,101.9826,0.5025,0.2303,0.3834,74.24,45.92,38.19,27.59,45.68,25.6,10.43,47.18,90.78,0.4492,0.1754,21.84,9.9,9.9,9.9,Busch Stadium,90,93,11,Out To CF,Yes,Yes,3,Yes,No,MLB Stats API; RotoWire,,H:2026/2025 P:2026/2025,,,Direct BvP not yet weighted; 2026/2025 Statcast baseline active,7,5,22,1,"Last 7 games: 5/22, 1 HR","platoon edge; pitcher baseline 10.4% barrel, 9.9 HR allowed",neutral batted-ball profile; pitcher fly-ball pressure modest,,
650333,Luis Arraez,PHI,STL,2026-08-12T18:15:00Z,Pre-Game,4,Kyle Leahy,681517,R,L,0.96,0.1126,86.59,93.9521,0.3672,0.0837,0.3016,62.99,0.12,30.52,28.24,18.73,5.9,10.43,47.18,90.78,0.4492,0.1754,21.84,9.9,9.9,9.9,Busch Stadium,90,93,11,Out To CF,Yes,Yes,4,Yes,No,MLB Stats API; RotoWire,,H:2026/2025 P:2026/2025,,,Direct BvP not yet weighted; 2026/2025 Statcast baseline active,7,5,32,1,"Last 7 games: 5/32, 1 HR","platoon edge; pitcher baseline 10.4% barrel, 9.9 HR allowed",neutral batted-ball profile; pitcher fly-ball pressure modest,,
681082,Bryson Stott,PHI,STL,2026-08-12T18:15:00Z,Pre-Game,5,Kyle Leahy,681517,R,L,6.08,0.148,89.07,98.7136,0.4063,0.1404,0.3291,69.79,6.82,35.22,27.94,37.27,9.5,10.43,47.18,90.78,0.4492,0.1754,21.84,9.9,9.9,9.9,Busch Stadium,90,93,11,Out To CF,Yes,Yes,5,Yes,No,MLB Stats API; RotoWire,,H:2026/2025 P:2026/2025,,,Direct BvP not yet weighted; 2026/2025 Statcast baseline active,7,10,22,0,Contact streak: 10/22 over last 7 games,"platoon edge; pitcher baseline 10.4% barrel, 9.9 HR allowed",neutral batted-ball profile; pitcher fly-ball pressure modest,,
669016,Brandon Marsh,PHI,STL,2026-08-12T18:15:00Z,Pre-Game,6,Kyle Leahy,681517,R,L,8.33,0.1623,90.12,100.3341,0.4236,0.1606,0.3174,71.54,15.86,38.26,26.31,45.77,14.5,10.43,47.18,90.78,0.4492,0.1754,21.84,9.9,9.9,9.9,Busch Stadium,90,93,11,Out To CF,Yes,Yes,6,Yes,No,MLB Stats API; RotoWire,,H:2026/2025 P:2026/2025,,,Direct BvP not yet weighted; 2026/2025 Statcast baseline active,7,6,29,0,"Last 7 games: 6/29, 0 HR","platoon edge; pitcher baseline 10.4% barrel, 9.9 HR allowed",neutral batted-ball profile; pitcher fly-ball pressure modest,,
592663,J.T. Realmuto,PHI,STL,2026-08-12T18:15:00Z,Pre-Game,7,Kyle Leahy,681517,R,R,6.0,0.1277,89.86,100.2359,0.3977,0.1405,0.3202,72.91,32.78,41.32,25.59,42.14,9.2,10.43,47.18,90.78,0.4492,0.1754,21.84,9.9,9.9,9.9,Busch Stadium,90,93,11,Out To CF,Yes,Yes,7,Yes,No,MLB Stats API; RotoWire,,H:2026/2025 P:2026/2025,,,Direct BvP not yet weighted; 2026/2025 Statcast baseline active,7,6,28,0,"Last 7 games: 6/28, 0 HR","same-side matchup; pitcher baseline 10.4% barrel, 9.9 HR allowed",neutral batted-ball profile; pitcher fly-ball pressure modest,,
664761,Alec Bohm,PHI,STL,2026-08-12T18:15:00Z,Pre-Game,8,Kyle Leahy,681517,R,R,5.5,0.1283,90.59,100.1515,0.3934,0.1348,0.3135,71.14,13.3,28.91,22.02,43.04,12.4,10.43,47.18,90.78,0.4492,0.1754,21.84,9.9,9.9,9.9,Busch Stadium,90,93,11,Out To CF,Yes,Yes,8,Yes,No,MLB Stats API; RotoWire,,H:2026/2025 P:2026/2025,,,Direct BvP not yet weighted; 2026/2025 Statcast baseline active,7,5,20,0,"Last 7 games: 5/20, 0 HR","same-side matchup; pitcher baseline 10.4% barrel, 9.9 HR allowed",neutral batted-ball profile; pitcher fly-ball pressure modest,,
702222,Justin Crawford,PHI,STL,2026-08-12T18:15:00Z,Pre-Game,9,Kyle Leahy,681517,R,L,1.5,0.089,87.3,98.264,0.322,0.063,0.284,69.0,5.4,27.2,17.0,35.1,2.0,10.43,47.18,90.78,0.4492,0.1754,21.84,9.9,9.9,9.9,Busch Stadium,90,93,11,Out To CF,Yes,Yes,9,Yes,No,MLB Stats API; RotoWire,,H:2026 P:2026/2025,,,Direct BvP not yet weighted; 2026/2025 Statcast baseline active,7,5,19,0,"Last 7 games: 5/19, 0 HR","platoon edge; pitcher baseline 10.4% barrel, 9.9 HR allowed",neutral batted-ball profile; pitcher fly-ball pressure modest,,
802139,JJ Wetherholt,STL,PHI,2026-08-12T18:15:00Z,Pre-Game,1,Zack Wheeler,554430,R,L,7.5,0.136,89.8,99.3706,0.437,0.18,0.353,72.0,20.8,36.8,29.7,44.4,16.0,6.36,34.66,86.91,0.3151,0.1156,25.95,15.5,15.5,15.5,Busch Stadium,90,93,11,Out To CF,Yes,Yes,1,Yes,No,MLB Stats API; RotoWire,,H:2026 P:2026/2025,,,Direct BvP not yet weighted; 2026/2025 Statcast baseline active,7,4,25,0,"Last 7 games: 4/25, 0 HR","platoon edge; pitcher baseline 6.4% barrel, 15.5 HR allowed",neutral batted-ball profile; pitcher fly-ball pressure modest,,
671056,Iván Herrera,STL,PHI,2026-08-12T18:15:00Z,Pre-Game,2,Zack Wheeler,554430,R,R,7.25,0.1541,90.01,101.4771,0.4093,0.1541,0.3414,73.95,43.77,37.8,18.82,43.22,14.8,6.36,34.66,86.91,0.3151,0.1156,25.95,15.5,15.5,15.5,Busch Stadium,90,93,11,Out To CF,Yes,Yes,2,Yes,No,MLB Stats API; RotoWire,,H:2026/2025 P:2026/2025,,,Direct BvP not yet weighted; 2026/2025 Statcast baseline active,7,12,32,1,Contact streak: 12/32 over last 7 games,"same-side matchup; pitcher baseline 6.4% barrel, 15.5 HR allowed",neutral batted-ball profile; pitcher fly-ball pressure modest,,
676475,Alec Burleson,STL,PHI,2026-08-12T18:15:00Z,Pre-Game,3,Zack Wheeler,554430,R,L,10.97,0.1865,91.56,101.9076,0.5172,0.2284,0.3716,73.14,33.02,44.03,27.75,47.27,18.7,6.36,34.66,86.91,0.3151,0.1156,25.95,15.5,15.5,15.5,Busch Stadium,90,93,11,Out To CF,Yes,Yes,3,Yes,No,MLB Stats API; RotoWire,,H:2026/2025 P:2026/2025,,,Direct BvP not yet weighted; 2026/2025 Statcast baseline active,7,5,22,1,"Last 7 games: 5/22, 1 HR","platoon edge; pitcher baseline 6.4% barrel, 15.5 HR allowed",neutral batted-ball profile; pitcher fly-ball pressure modest,,
691023,Jordan Walker,STL,PHI,2026-08-12T18:15:00Z,Pre-Game,4,Zack Wheeler,554430,R,R,12.58,0.1701,92.51,104.7276,0.4484,0.1935,0.3312,78.87,83.19,38.45,23.56,48.11,17.9,6.36,34.66,86.91,0.3151,0.1156,25.95,15.5,15.5,15.5,Busch Stadium,90,93,11,Out To CF,Yes,Yes,4,Yes,No,MLB Stats API; RotoWire,,H:2026/2025 P:2026/2025,,,Direct BvP not yet weighted; 2026/2025 Statcast baseline active,7,9,29,1,"Last 7 games: 9/29, 1 HR","same-side matchup; pitcher baseline 6.4% barrel, 15.5 HR allowed",EV profile; pitcher fly-ball pressure modest,,
701675,Nathan Church,STL,PHI,2026-08-12T18:15:00Z,Pre-Game,5,Zack Wheeler,554430,R,L,5.55,0.1081,86.97,98.0137,0.342,0.1123,0.2778,69.67,8.27,35.2,20.06,34.64,6.6,6.36,34.66,86.91,0.3151,0.1156,25.95,15.5,15.5,15.5,Busch Stadium,90,93,11,Out To CF,Yes,Yes,5,Yes,No,MLB Stats API; RotoWire,,H:2026/2025 P:2026/2025,,,Direct BvP not yet weighted; 2026/2025 Statcast baseline active,7,7,23,0,"Last 7 games: 7/23, 0 HR","platoon edge; pitcher baseline 6.4% barrel, 15.5 HR allowed",neutral batted-ball profile; pitcher fly-ball pressure modest,,
691026,Masyn Winn,STL,PHI,2026-08-12T18:15:00Z,Pre-Game,6,Zack Wheeler,554430,R,R,3.68,0.0911,88.23,98.6564,0.3386,0.0881,0.2993,71.17,15.84,32.25,20.83,34.95,5.5,6.36,34.66,86.91,0.3151,0.1156,25.95,15.5,15.5,15.5,Busch Stadium,90,93,11,Out To CF,Yes,Yes,6,Yes,No,MLB Stats API; RotoWire,,H:2026/2025 P:2026/2025,,,Direct BvP not yet weighted; 2026/2025 Statcast baseline active,7,8,23,0,Contact streak: 8/23 over last 7 games,"same-side matchup; pitcher baseline 6.4% barrel, 15.5 HR allowed",neutral batted-ball profile; pitcher fly-ball pressure modest,,
693409,César Prieto,STL,PHI,2026-08-12T18:15:00Z,Pre-Game,7,Zack Wheeler,554430,R,L,4.8,0.0,87.8,99.1449,0.2499,0.0973,0.1708,69.93,4.29,61.85,12.74,22.26,0.0,6.36,34.66,86.91,0.3151,0.1156,25.95,15.5,15.5,15.5,Busch Stadium,90,93,11,Out To CF,Yes,Yes,7,Yes,No,MLB Stats API; RotoWire,,H:2026/2025 P:2026/2025,,,Direct BvP not yet weighted; 2026/2025 Statcast baseline active,7,0,20,0,"Last 7 games: 0/20, 0 HR","platoon edge; pitcher baseline 6.4% barrel, 15.5 HR allowed",neutral batted-ball profile; pitcher fly-ball pressure modest,,
665877,José Fermín,STL,PHI,2026-08-12T18:15:00Z,Pre-Game,8,Zack Wheeler,554430,R,R,1.47,0.1221,86.96,96.7913,0.3551,0.0948,0.3117,68.07,2.95,48.74,24.52,31.78,3.8,6.36,34.66,86.91,0.3151,0.1156,25.95,15.5,15.5,15.5,Busch Stadium,90,93,11,Out To CF,Yes,Yes,8,Yes,No,MLB Stats API; RotoWire,,H:2026/2025 P:2026/2025,,,Direct BvP not yet weighted; 2026/2025 Statcast baseline active,7,4,18,0,"Last 7 games: 4/18, 0 HR","same-side matchup; pitcher baseline 6.4% barrel, 15.5 HR allowed",neutral batted-ball profile; pitcher fly-ball pressure modest,,
699625,Jimmy Crooks,STL,PHI,2026-08-12T18:15:00Z,Pre-Game,9,Zack Wheeler,554430,R,L,8.22,0.1376,90.86,100.5287,0.3687,0.1697,0.2699,71.59,16.47,34.55,39.69,44.76,3.1,6.36,34.66,86.91,0.3151,0.1156,25.95,15.5,15.5,15.5,Busch Stadium,90,93,11,Out To CF,Yes,Yes,9,Yes,No,MLB Stats API; RotoWire,,H:2026/2025 P:2026/2025,,,Direct BvP not yet weighted; 2026/2025 Statcast baseline active,7,5,25,1,"Last 7 games: 5/25, 1 HR","platoon edge; pitcher baseline 6.4% barrel, 15.5 HR allowed",fly-ball profile; pitcher fly-ball pressure modest,,
650490,Yandy Díaz,TB,ATH,2026-08-12T19:05:00Z,Pre-Game,1,Jack Perkins,678022,R,R,7.46,0.1708,91.6,103.2334,0.4527,0.1656,0.3565,73.71,38.14,22.62,20.21,49.28,19.4,9.67,37.56,88.01,0.3832,0.1566,34.52,11.7,11.7,11.7,Sutter Health Park,106,81,5,Out To CF,Yes,Yes,1,Yes,No,MLB Stats API; RotoWire,,H:2026/2025 P:2026/2025,,,Direct BvP not yet weighted; 2026/2025 Statcast baseline active,7,10,33,2,Hot streak: 2 HR in last 7 games,"same-side matchup; pitcher baseline 9.7% barrel, 11.7 HR allowed",neutral batted-ball profile; pitcher allows elevated contact,,
666018,Jonathan Aranda,TB,ATH,2026-08-12T19:05:00Z,Pre-Game,2,Jack Perkins,678022,R,L,10.73,0.1548,91.53,101.3393,0.4695,0.1967,0.3631,70.15,12.27,31.52,30.06,47.92,14.7,9.67,37.56,88.01,0.3832,0.1566,34.52,11.7,11.7,11.7,Sutter Health Park,106,81,5,Out To CF,Yes,Yes,2,Yes,No,MLB Stats API; RotoWire,,H:2026/2025 P:2026/2025,,,Direct BvP not yet weighted; 2026/2025 Statcast baseline active,7,8,30,1,"Last 7 games: 8/30, 1 HR","platoon edge; pitcher baseline 9.7% barrel, 11.7 HR allowed",neutral batted-ball profile; pitcher allows elevated contact,,
691406,Junior Caminero,TB,ATH,2026-08-12T19:05:00Z,Pre-Game,3,Jack Perkins,678022,R,R,14.0,0.2752,92.89,105.3618,0.5115,0.2439,0.3656,79.41,85.46,45.66,23.98,51.19,38.0,9.67,37.56,88.01,0.3832,0.1566,34.52,11.7,11.7,11.7,Sutter Health Park,106,81,5,Out To CF,Yes,Yes,3,Yes,No,MLB Stats API; RotoWire,,H:2026/2025 P:2026/2025,,,Direct BvP not yet weighted; 2026/2025 Statcast baseline active,7,5,27,3,Hot streak: 3 HR in last 7 games,"same-side matchup; pitcher baseline 9.7% barrel, 11.7 HR allowed",EV profile; pitcher allows elevated contact,,
689414,Liam Hicks,TB,ATH,2026-08-12T19:05:00Z,Pre-Game,4,Jack Perkins,678022,R,L,3.74,0.1382,84.74,96.1901,0.3465,0.0997,0.3122,68.03,3.72,42.24,24.57,27.98,12.3,9.67,37.56,88.01,0.3832,0.1566,34.52,11.7,11.7,11.7,Sutter Health Park,106,81,5,Out To CF,Yes,Yes,4,Yes,No,MLB Stats API; RotoWire,,H:2026/2025 P:2026/2025,,,Direct BvP not yet weighted; 2026/2025 Statcast baseline active,7,5,21,1,"Last 7 games: 5/21, 1 HR","platoon edge; pitcher baseline 9.7% barrel, 11.7 HR allowed",neutral batted-ball profile; pitcher allows elevated contact,,
683748,Victor Mesa Jr.,TB,ATH,2026-08-12T19:05:00Z,Pre-Game,5,Jack Perkins,678022,R,L,11.37,0.2183,89.91,100.2442,0.4325,0.1998,0.3242,73.58,31.9,43.39,33.28,41.15,7.3,9.67,37.56,88.01,0.3832,0.1566,34.52,11.7,11.7,11.7,Sutter Health Park,106,81,5,Out To CF,Yes,Yes,5,Yes,No,MLB Stats API; RotoWire,,H:2026/2025 P:2026/2025,,,Direct BvP not yet weighted; 2026/2025 Statcast baseline active,7,7,28,2,Hot streak: 2 HR in last 7 games,"platoon edge; pitcher baseline 9.7% barrel, 11.7 HR allowed",neutral batted-ball profile; pitcher allows elevated contact,,
676356,Jonny DeLuca,TB,ATH,2026-08-12T19:05:00Z,Pre-Game,6,Jack Perkins,678022,R,R,3.91,0.1594,85.11,97.3394,0.3535,0.104,0.2775,72.96,30.97,45.53,22.27,30.75,5.6,9.67,37.56,88.01,0.3832,0.1566,34.52,11.7,11.7,11.7,Sutter Health Park,106,81,5,Out To CF,Yes,Yes,6,Yes,No,MLB Stats API; RotoWire,,H:2026/2025 P:2026/2025,,,Direct BvP not yet weighted; 2026/2025 Statcast baseline active,7,8,24,2,Hot streak: 2 HR in last 7 games,"same-side matchup; pitcher baseline 9.7% barrel, 11.7 HR allowed",neutral batted-ball profile; pitcher allows elevated contact,,
656775,Cedric Mullins,TB,ATH,2026-08-12T19:05:00Z,Pre-Game,7,Jack Perkins,678022,R,L,4.45,0.1568,88.17,97.7912,0.3073,0.1208,0.261,70.82,8.59,45.39,31.52,32.61,14.2,9.67,37.56,88.01,0.3832,0.1566,34.52,11.7,11.7,11.7,Sutter Health Park,106,81,5,Out To CF,Yes,Yes,7,Yes,No,MLB Stats API; RotoWire,,H:2026/2025 P:2026/2025,,,Direct BvP not yet weighted; 2026/2025 Statcast baseline active,7,5,19,0,"Last 7 games: 5/19, 0 HR","platoon edge; pitcher baseline 9.7% barrel, 11.7 HR allowed",neutral batted-ball profile; pitcher allows elevated contact,,
680700,Richie Palacios,TB,ATH,2026-08-12T19:05:00Z,Pre-Game,8,Jack Perkins,678022,R,L,4.71,0.1155,87.24,96.9286,0.3674,0.1018,0.3257,68.77,3.45,34.78,21.19,32.83,3.8,9.67,37.56,88.01,0.3832,0.1566,34.52,11.7,11.7,11.7,Sutter Health Park,106,81,5,Out To CF,Yes,Yes,8,Yes,No,MLB Stats API; RotoWire,,H:2026/2025 P:2026/2025,,,Direct BvP not yet weighted; 2026/2025 Statcast baseline active,7,5,14,0,Contact streak: 5/14 over last 7 games,"platoon edge; pitcher baseline 9.7% barrel, 11.7 HR allowed",neutral batted-ball profile; pitcher allows elevated contact,,
670764,Taylor Walls,TB,ATH,2026-08-12T19:05:00Z,Pre-Game,9,Jack Perkins,678022,R,S,2.64,0.0885,85.81,95.4046,0.2684,0.0759,0.2505,68.35,2.27,37.0,29.61,23.11,2.6,9.67,37.56,88.01,0.3832,0.1566,34.52,11.7,11.7,11.7,Sutter Health Park,106,81,5,Out To CF,Yes,Yes,9,Yes,No,MLB Stats API; RotoWire,,H:2026/2025 P:2026/2025,,,Direct BvP not yet weighted; 2026/2025 Statcast baseline active,7,5,22,2,Hot streak: 2 HR in last 7 games,"switch hitter; pitcher baseline 9.7% barrel, 11.7 HR allowed",neutral batted-ball profile; pitcher allows elevated contact,,
622268,Donovan Walton,ATH,TB,2026-08-12T19:05:00Z,Pre-Game,1,Drew Rasmussen,656876,R,L,2.66,0.1148,88.82,97.7583,0.3597,0.097,0.3034,67.71,0.28,36.44,20.41,35.26,2.1,6.58,36.09,88.71,0.3561,0.1271,22.96,13.8,13.8,13.8,Sutter Health Park,106,81,5,Out To CF,Yes,Yes,1,Yes,No,MLB Stats API; RotoWire,,H:2026/2025 P:2026/2025,,,Direct BvP not yet weighted; 2026/2025 Statcast baseline active,7,2,10,0,"Last 7 games: 2/10, 0 HR","platoon edge; pitcher baseline 6.6% barrel, 13.8 HR allowed",neutral batted-ball profile; pitcher fly-ball pressure modest,,
691016,Tyler Soderstrom,ATH,TB,2026-08-12T19:05:00Z,Pre-Game,2,Drew Rasmussen,656876,R,L,10.21,0.2197,90.97,102.1382,0.4269,0.175,0.334,74.25,42.67,36.91,26.09,47.0,20.8,6.58,36.09,88.71,0.3561,0.1271,22.96,13.8,13.8,13.8,Sutter Health Park,106,81,5,Out To CF,Yes,Yes,2,Yes,No,MLB Stats API; RotoWire,,H:2026/2025 P:2026/2025,,,Direct BvP not yet weighted; 2026/2025 Statcast baseline active,7,7,25,2,Hot streak: 2 HR in last 7 games,"platoon edge; pitcher baseline 6.6% barrel, 13.8 HR allowed",neutral batted-ball profile; pitcher fly-ball pressure modest,,
680869,Zack Gelof,ATH,TB,2026-08-12T19:05:00Z,Pre-Game,3,Drew Rasmussen,656876,R,R,9.07,0.1778,88.66,99.5551,0.3655,0.1627,0.2729,73.29,27.5,40.58,26.61,43.28,9.0,6.58,36.09,88.71,0.3561,0.1271,22.96,13.8,13.8,13.8,Sutter Health Park,106,81,5,Out To CF,Yes,Yes,3,Yes,No,MLB Stats API; RotoWire,,H:2026/2025 P:2026/2025,,,Direct BvP not yet weighted; 2026/2025 Statcast baseline active,7,6,26,1,"Last 7 games: 6/26, 1 HR","same-side matchup; pitcher baseline 6.6% barrel, 13.8 HR allowed",neutral batted-ball profile; pitcher fly-ball pressure modest,,
666126,Carlos Cortes,ATH,TB,2026-08-12T19:05:00Z,Pre-Game,4,Drew Rasmussen,656876,R,L,7.66,0.1752,89.66,99.9084,0.4087,0.1511,0.3189,70.76,14.76,30.62,23.5,40.22,6.1,6.58,36.09,88.71,0.3561,0.1271,22.96,13.8,13.8,13.8,Sutter Health Park,106,81,5,Out To CF,Yes,Yes,4,Yes,No,MLB Stats API; RotoWire,,H:2026/2025 P:2026/2025,,,Direct BvP not yet weighted; 2026/2025 Statcast baseline active,7,2,14,0,"Last 7 games: 2/14, 0 HR","platoon edge; pitcher baseline 6.6% barrel, 13.8 HR allowed",neutral batted-ball profile; pitcher fly-ball pressure modest,,
671732,Lawrence Butler,ATH,TB,2026-08-12T19:05:00Z,Pre-Game,5,Drew Rasmussen,656876,R,L,7.73,0.1371,89.73,101.7336,0.3699,0.1374,0.3054,73.7,38.51,35.52,22.28,44.75,11.9,6.58,36.09,88.71,0.3561,0.1271,22.96,13.8,13.8,13.8,Sutter Health Park,106,81,5,Out To CF,Yes,Yes,5,Yes,No,MLB Stats API; RotoWire,,H:2026/2025 P:2026/2025,,,Direct BvP not yet weighted; 2026/2025 Statcast baseline active,7,5,26,2,Hot streak: 2 HR in last 7 games,"platoon edge; pitcher baseline 6.6% barrel, 13.8 HR allowed",neutral batted-ball profile; pitcher fly-ball pressure modest,,
703607,Henry Bolte,ATH,TB,2026-08-12T19:05:00Z,Pre-Game,6,Drew Rasmussen,656876,R,R,7.6,0.096,91.0,104.4171,0.362,0.128,0.303,77.0,74.5,29.1,18.6,48.5,5.0,6.58,36.09,88.71,0.3561,0.1271,22.96,13.8,13.8,13.8,Sutter Health Park,106,81,5,Out To CF,Yes,Yes,6,Yes,No,MLB Stats API; RotoWire,,H:2026 P:2026/2025,,,Direct BvP not yet weighted; 2026/2025 Statcast baseline active,7,7,28,1,"Last 7 games: 7/28, 1 HR","same-side matchup; pitcher baseline 6.6% barrel, 13.8 HR allowed",neutral batted-ball profile; pitcher fly-ball pressure modest,,
691777,Max Muncy,ATH,TB,2026-08-12T19:05:00Z,Pre-Game,7,Drew Rasmussen,656876,R,R,10.73,0.1587,89.55,101.3116,0.353,0.1465,0.2761,74.01,45.26,42.89,24.68,42.48,6.2,6.58,36.09,88.71,0.3561,0.1271,22.96,13.8,13.8,13.8,Sutter Health Park,106,81,5,Out To CF,Yes,Yes,7,Yes,No,MLB Stats API; RotoWire,,H:2026/2025 P:2026/2025,,,Direct BvP not yet weighted; 2026/2025 Statcast baseline active,7,3,17,0,"Last 7 games: 3/17, 0 HR","same-side matchup; pitcher baseline 6.6% barrel, 13.8 HR allowed",neutral batted-ball profile; pitcher fly-ball pressure modest,,
695720,Tommy White,ATH,TB,2026-08-12T19:05:00Z,Pre-Game,8,Drew Rasmussen,656876,R,R,4.2,0.023,85.1,96.7938,0.343,0.079,0.273,69.9,13.7,29.6,18.3,32.4,0.0,6.58,36.09,88.71,0.3561,0.1271,22.96,13.8,13.8,13.8,Sutter Health Park,106,81,5,Out To CF,Yes,Yes,8,Yes,No,MLB Stats API; RotoWire,,H:2026 P:2026/2025,,,Direct BvP not yet weighted; 2026/2025 Statcast baseline active,7,4,26,0,"Last 7 games: 4/26, 0 HR","same-side matchup; pitcher baseline 6.6% barrel, 13.8 HR allowed",neutral batted-ball profile; pitcher fly-ball pressure modest,,
661531,Brian Serven,ATH,TB,2026-08-12T19:05:00Z,Pre-Game,9,Drew Rasmussen,656876,R,R,16.7,0.261,88.0,100.9765,0.458,0.213,0.315,70.9,13.9,27.8,33.3,38.9,2.0,6.58,36.09,88.71,0.3561,0.1271,22.96,13.8,13.8,13.8,Sutter Health Park,106,81,5,Out To CF,Yes,Yes,9,Yes,No,MLB Stats API; RotoWire,,H:2026 P:2026/2025,,,Direct BvP not yet weighted; 2026/2025 Statcast baseline active,7,3,16,1,"Last 7 games: 3/16, 1 HR","same-side matchup; pitcher baseline 6.6% barrel, 13.8 HR allowed",neutral batted-ball profile; pitcher fly-ball pressure modest,,
664983,Jake McCarthy,COL,AZ,2026-08-12T19:40:00Z,Pre-Game,1,Merrill Kelly,518876,R,L,5.16,0.1879,84.98,96.759,0.4013,0.1364,0.3105,70.75,11.37,38.01,21.66,27.18,10.3,11.68,43.99,90.2,0.5115,0.2265,26.29,23.0,23.0,23.0,Chase Field,101,72,0,None,Yes,Yes,1,Yes,No,MLB Stats API; RotoWire,,H:2026/2025 P:2026/2025,,,Direct BvP not yet weighted; 2026/2025 Statcast baseline active,7,14,30,2,Hot streak: 2 HR in last 7 games,"platoon edge; pitcher baseline 11.7% barrel, 23.0 HR allowed",neutral batted-ball profile; pitcher fly-ball pressure modest,,
694249,Cole Carrigg,COL,AZ,2026-08-12T19:40:00Z,Pre-Game,2,Merrill Kelly,518876,R,S,5.1,0.202,86.9,98.164,0.402,0.139,0.334,73.8,39.4,46.7,28.5,32.1,5.0,11.68,43.99,90.2,0.5115,0.2265,26.29,23.0,23.0,23.0,Chase Field,101,72,0,None,Yes,Yes,2,Yes,No,MLB Stats API; RotoWire,,H:2026 P:2026/2025,,,Direct BvP not yet weighted; 2026/2025 Statcast baseline active,7,6,27,0,"Last 7 games: 6/27, 0 HR","switch hitter; pitcher baseline 11.7% barrel, 23.0 HR allowed",neutral batted-ball profile; pitcher fly-ball pressure modest,,
681198,TJ Rumfield,COL,AZ,2026-08-12T19:40:00Z,Pre-Game,3,Merrill Kelly,518876,R,L,4.6,0.161,84.0,96.1147,0.379,0.123,0.32,68.7,8.0,42.3,28.3,27.4,13.0,11.68,43.99,90.2,0.5115,0.2265,26.29,23.0,23.0,23.0,Chase Field,101,72,0,None,Yes,Yes,3,Yes,No,MLB Stats API; RotoWire,,H:2026 P:2026/2025,,,Direct BvP not yet weighted; 2026/2025 Statcast baseline active,7,7,26,0,"Last 7 games: 7/26, 0 HR","platoon edge; pitcher baseline 11.7% barrel, 23.0 HR allowed",neutral batted-ball profile; pitcher fly-ball pressure modest,,
696100,Hunter Goodman,COL,AZ,2026-08-12T19:40:00Z,Pre-Game,4,Merrill Kelly,518876,R,R,15.7,0.277,90.66,102.7807,0.4679,0.2329,0.3276,75.0,49.65,47.58,33.11,46.27,33.1,11.68,43.99,90.2,0.5115,0.2265,26.29,23.0,23.0,23.0,Chase Field,101,72,0,None,Yes,Yes,4,Yes,No,MLB Stats API; RotoWire,,H:2026/2025 P:2026/2025,,,Direct BvP not yet weighted; 2026/2025 Statcast baseline active,7,5,24,1,"Last 7 games: 5/24, 1 HR","same-side matchup; pitcher baseline 11.7% barrel, 23.0 HR allowed",neutral batted-ball profile; pitcher fly-ball pressure modest,,
666160,Mickey Moniak,COL,AZ,2026-08-12T19:40:00Z,Pre-Game,5,Merrill Kelly,518876,R,L,11.84,0.2725,89.42,100.2937,0.4473,0.2126,0.3097,74.19,44.58,46.38,37.82,42.71,20.5,11.68,43.99,90.2,0.5115,0.2265,26.29,23.0,23.0,23.0,Chase Field,101,72,0,None,Yes,Yes,5,Yes,No,MLB Stats API; RotoWire,,H:2026/2025 P:2026/2025,,,Direct BvP not yet weighted; 2026/2025 Statcast baseline active,7,4,20,1,"Last 7 games: 4/20, 1 HR","platoon edge; pitcher baseline 11.7% barrel, 23.0 HR allowed",fly-ball profile; pitcher fly-ball pressure modest,,
650489,Willi Castro,COL,AZ,2026-08-12T19:40:00Z,Pre-Game,6,Merrill Kelly,518876,R,S,8.04,0.1533,87.33,99.9813,0.3876,0.1547,0.3074,72.58,26.32,42.88,31.53,38.56,12.4,11.68,43.99,90.2,0.5115,0.2265,26.29,23.0,23.0,23.0,Chase Field,101,72,0,None,Yes,Yes,6,Yes,No,MLB Stats API; RotoWire,,H:2026/2025 P:2026/2025,,,Direct BvP not yet weighted; 2026/2025 Statcast baseline active,7,7,28,1,"Last 7 games: 7/28, 1 HR","switch hitter; pitcher baseline 11.7% barrel, 23.0 HR allowed",neutral batted-ball profile; pitcher fly-ball pressure modest,,
691728,Zac Veen,COL,AZ,2026-08-12T19:40:00Z,Pre-Game,7,Merrill Kelly,518876,R,L,5.0,0.117,90.2,98.4612,0.214,0.091,0.188,71.0,13.0,45.0,35.0,30.0,1.0,11.68,43.99,90.2,0.5115,0.2265,26.29,23.0,23.0,23.0,Chase Field,101,72,0,None,Yes,Yes,7,Yes,No,MLB Stats API; RotoWire,,H:2025 P:2026/2025,,,Direct BvP not yet weighted; 2026/2025 Statcast baseline active,0,0,0,0,Recent form unavailable,"platoon edge; pitcher baseline 11.7% barrel, 23.0 HR allowed",fly-ball profile; pitcher fly-ball pressure modest,,
681393,Connor Norby,COL,AZ,2026-08-12T19:40:00Z,Pre-Game,8,Merrill Kelly,518876,R,R,8.14,0.1247,87.39,97.8006,0.3498,0.1508,0.2888,70.14,7.36,41.05,35.42,36.75,5.2,11.68,43.99,90.2,0.5115,0.2265,26.29,23.0,23.0,23.0,Chase Field,101,72,0,None,Yes,Yes,8,Yes,No,MLB Stats API; RotoWire,,H:2026/2025 P:2026/2025,,,Direct BvP not yet weighted; 2026/2025 Statcast baseline active,7,2,18,0,"Last 7 games: 2/18, 0 HR","same-side matchup; pitcher baseline 11.7% barrel, 23.0 HR allowed",fly-ball profile; pitcher fly-ball pressure modest,,
664954,Brett Sullivan,COL,AZ,2026-08-12T19:40:00Z,Pre-Game,9,Merrill Kelly,518876,R,L,9.81,0.1288,90.37,97.71,0.3407,0.1458,0.2956,68.74,4.83,52.87,35.65,52.4,3.5,11.68,43.99,90.2,0.5115,0.2265,26.29,23.0,23.0,23.0,Chase Field,101,72,0,None,Yes,Yes,9,Yes,No,MLB Stats API; RotoWire,,H:2026/2025 P:2026/2025,,,Direct BvP not yet weighted; 2026/2025 Statcast baseline active,7,6,14,1,Contact streak: 6/14 over last 7 games,"platoon edge; pitcher baseline 11.7% barrel, 23.0 HR allowed",fly-ball profile; pitcher fly-ball pressure modest,,
672695,Geraldo Perdomo,AZ,COL,2026-08-12T19:40:00Z,Pre-Game,1,Ryan Feltner,663372,R,S,4.17,0.1426,87.32,96.6626,0.3666,0.1089,0.3357,67.36,2.08,43.59,26.5,30.5,12.3,9.14,38.71,88.32,0.4512,0.2003,28.95,13.8,13.8,13.8,Chase Field,101,72,0,None,Yes,,,No,Yes,MLB Stats API; RotoWire,not found on RotoWire,H:2026/2025 P:2026/2025,,,Direct BvP not yet weighted; 2026/2025 Statcast baseline active,7,7,26,0,"Last 7 games: 7/26, 0 HR","switch hitter; pitcher baseline 9.1% barrel, 13.8 HR allowed",neutral batted-ball profile; pitcher fly-ball pressure modest,,
682998,Corbin Carroll,AZ,COL,2026-08-12T19:40:00Z,Pre-Game,2,Ryan Feltner,663372,R,L,12.75,0.2449,91.75,102.4691,0.4681,0.2159,0.3517,75.23,54.82,43.66,30.81,48.92,21.2,9.14,38.71,88.32,0.4512,0.2003,28.95,13.8,13.8,13.8,Chase Field,101,72,0,None,Yes,,,No,Yes,MLB Stats API; RotoWire,not found on RotoWire,H:2026/2025 P:2026/2025,,,Direct BvP not yet weighted; 2026/2025 Statcast baseline active,7,6,26,1,"Last 7 games: 6/26, 1 HR","platoon edge; pitcher baseline 9.1% barrel, 13.8 HR allowed",neutral batted-ball profile; pitcher fly-ball pressure modest,,
672515,Gabriel Moreno,AZ,COL,2026-08-12T19:40:00Z,Pre-Game,3,Ryan Feltner,663372,R,R,6.96,0.1473,89.56,99.5272,0.4537,0.1628,0.3635,71.32,19.51,35.78,25.47,42.49,8.3,9.14,38.71,88.32,0.4512,0.2003,28.95,13.8,13.8,13.8,Chase Field,101,72,0,None,Yes,,,No,Yes,MLB Stats API; RotoWire,not found on RotoWire,H:2026/2025 P:2026/2025,,,Direct BvP not yet weighted; 2026/2025 Statcast baseline active,7,10,27,0,Contact streak: 10/27 over last 7 games,"same-side matchup; pitcher baseline 9.1% barrel, 13.8 HR allowed",neutral batted-ball profile; pitcher fly-ball pressure modest,,
606466,Ketel Marte,AZ,COL,2026-08-12T19:40:00Z,Pre-Game,4,Ryan Feltner,663372,R,S,11.33,0.2095,90.31,102.2165,0.4878,0.2091,0.3606,74.67,45.79,49.47,27.92,43.78,23.1,9.14,38.71,88.32,0.4512,0.2003,28.95,13.8,13.8,13.8,Chase Field,101,72,0,None,Yes,,,No,Yes,MLB Stats API; RotoWire,not found on RotoWire,H:2026/2025 P:2026/2025,,,Direct BvP not yet weighted; 2026/2025 Statcast baseline active,7,6,25,2,Hot streak: 2 HR in last 7 games,"switch hitter; pitcher baseline 9.1% barrel, 13.8 HR allowed",neutral batted-ball profile; pitcher fly-ball pressure modest,,
663457,Lars Nootbaar,AZ,COL,2026-08-12T19:40:00Z,Pre-Game,5,Ryan Feltner,663372,R,L,9.15,0.1151,91.51,101.4667,0.4007,0.1676,0.3219,73.19,35.75,39.05,27.08,49.02,6.0,9.14,38.71,88.32,0.4512,0.2003,28.95,13.8,13.8,13.8,Chase Field,101,72,0,None,Yes,,,No,Yes,MLB Stats API; RotoWire,not found on RotoWire,H:2026/2025 P:2026/2025,,,Direct BvP not yet weighted; 2026/2025 Statcast baseline active,7,3,23,0,"Last 7 games: 3/23, 0 HR","platoon edge; pitcher baseline 9.1% barrel, 13.8 HR allowed",neutral batted-ball profile; pitcher fly-ball pressure modest,,
571448,Nolan Arenado,AZ,COL,2026-08-12T19:40:00Z,Pre-Game,6,Ryan Feltner,663372,R,R,6.24,0.1778,85.68,97.1117,0.366,0.1276,0.2981,71.26,15.47,44.55,27.86,32.81,16.2,9.14,38.71,88.32,0.4512,0.2003,28.95,13.8,13.8,13.8,Chase Field,101,72,0,None,Yes,,,No,Yes,MLB Stats API; RotoWire,not found on RotoWire,H:2026/2025 P:2026/2025,,,Direct BvP not yet weighted; 2026/2025 Statcast baseline active,7,7,27,3,Hot streak: 3 HR in last 7 games,"same-side matchup; pitcher baseline 9.1% barrel, 13.8 HR allowed",neutral batted-ball profile; pitcher fly-ball pressure modest,,
596146,Max Kepler,AZ,COL,2026-08-12T19:40:00Z,Pre-Game,7,Ryan Feltner,663372,R,L,9.08,0.1386,89.68,99.9085,0.3695,0.1573,0.29,71.44,15.37,43.67,33.15,43.3,6.8,9.14,38.71,88.32,0.4512,0.2003,28.95,13.8,13.8,13.8,Chase Field,101,72,0,None,Yes,,,No,Yes,MLB Stats API; RotoWire,not found on RotoWire,H:2026/2025 P:2026/2025,,,Direct BvP not yet weighted; 2026/2025 Statcast baseline active,7,1,22,0,"Last 7 games: 1/22, 0 HR","platoon edge; pitcher baseline 9.1% barrel, 13.8 HR allowed",neutral batted-ball profile; pitcher fly-ball pressure modest,,
694374,Tim Tawa,AZ,COL,2026-08-12T19:40:00Z,Pre-Game,8,Ryan Feltner,663372,R,R,7.97,0.1481,89.9,100.6038,0.3736,0.1473,0.2921,73.87,36.7,41.36,25.49,43.29,6.3,9.14,38.71,88.32,0.4512,0.2003,28.95,13.8,13.8,13.8,Chase Field,101,72,0,None,Yes,,,No,Yes,MLB Stats API; RotoWire,not found on RotoWire,H:2026/2025 P:2026/2025,,,Direct BvP not yet weighted; 2026/2025 Statcast baseline active,7,9,27,1,Contact streak: 9/27 over last 7 games,"same-side matchup; pitcher baseline 9.1% barrel, 13.8 HR allowed",neutral batted-ball profile; pitcher fly-ball pressure modest,,
814439,Ryan Waldschmidt,AZ,COL,2026-08-12T19:40:00Z,Pre-Game,9,Ryan Feltner,663372,R,R,7.4,0.117,88.1,98.5009,0.383,0.133,0.299,72.4,20.7,34.4,30.3,33.6,2.0,9.14,38.71,88.32,0.4512,0.2003,28.95,13.8,13.8,13.8,Chase Field,101,72,0,None,Yes,,,No,Yes,MLB Stats API; RotoWire,not found on RotoWire,H:2026 P:2026/2025,,,Direct BvP not yet weighted; 2026/2025 Statcast baseline active,7,6,22,1,"Last 7 games: 6/22, 1 HR","same-side matchup; pitcher baseline 9.1% barrel, 13.8 HR allowed",neutral batted-ball profile; pitcher fly-ball pressure modest,,
665161,Jeremy Peña,HOU,SF,2026-08-12T19:45:00Z,Pre-Game,1,Adrian Houser,605288,R,R,6.17,0.18,88.48,100.1105,0.4292,0.1473,0.3389,72.23,14.27,45.92,23.24,41.71,14.2,8.13,43.47,90.06,0.4395,0.1743,23.95,13.5,13.5,13.5,Oracle Park,85,64,6,Out To LF,Yes,Yes,1,Yes,No,MLB Stats API; RotoWire,,H:2026/2025 P:2026/2025,,,Direct BvP not yet weighted; 2026/2025 Statcast baseline active,7,1,30,0,"Last 7 games: 1/30, 0 HR","same-side matchup; pitcher baseline 8.1% barrel, 13.5 HR allowed",neutral batted-ball profile; pitcher fly-ball pressure modest,,
670541,Yordan Alvarez,HOU,SF,2026-08-12T19:45:00Z,Pre-Game,2,Adrian Houser,605288,R,L,16.74,0.2578,94.56,105.1049,0.6456,0.328,0.4427,76.1,61.45,41.93,36.45,53.32,26.3,8.13,43.47,90.06,0.4395,0.1743,23.95,13.5,13.5,13.5,Oracle Park,85,64,6,Out To LF,Yes,Yes,2,Yes,No,MLB Stats API; RotoWire,,H:2026/2025 P:2026/2025,,,Direct BvP not yet weighted; 2026/2025 Statcast baseline active,7,5,26,0,"Last 7 games: 5/26, 0 HR","platoon edge; pitcher baseline 8.1% barrel, 13.5 HR allowed",lift-pull EV profile; pitcher fly-ball pressure modest,,
670623,Isaac Paredes,HOU,SF,2026-08-12T19:45:00Z,Pre-Game,3,Adrian Houser,605288,R,R,5.67,0.1753,86.63,96.9947,0.3758,0.132,0.3214,67.81,7.64,51.79,31.08,30.52,16.5,8.13,43.47,90.06,0.4395,0.1743,23.95,13.5,13.5,13.5,Oracle Park,85,64,6,Out To LF,Yes,Yes,3,Yes,No,MLB Stats API; RotoWire,,H:2026/2025 P:2026/2025,,,Direct BvP not yet weighted; 2026/2025 Statcast baseline active,7,8,25,0,Contact streak: 8/25 over last 7 games,"same-side matchup; pitcher baseline 8.1% barrel, 13.5 HR allowed",neutral batted-ball profile; pitcher fly-ball pressure modest,,
662139,Daulton Varsho,HOU,SF,2026-08-12T19:45:00Z,Pre-Game,4,Adrian Houser,605288,R,L,9.18,0.1847,87.52,99.502,0.4016,0.1683,0.3046,73.78,36.95,42.41,29.94,38.34,11.6,8.13,43.47,90.06,0.4395,0.1743,23.95,13.5,13.5,13.5,Oracle Park,85,64,6,Out To LF,Yes,Yes,4,Yes,No,MLB Stats API; RotoWire,,H:2026/2025 P:2026/2025,,,Direct BvP not yet weighted; 2026/2025 Statcast baseline active,7,3,24,1,"Last 7 games: 3/24, 1 HR","platoon edge; pitcher baseline 8.1% barrel, 13.5 HR allowed",neutral batted-ball profile; pitcher fly-ball pressure modest,,
664774,LaMonte Wade Jr.,HOU,SF,2026-08-12T19:45:00Z,Pre-Game,5,Adrian Houser,605288,R,L,3.8,0.1192,86.97,97.8287,0.2937,0.0985,0.2838,70.91,8.43,38.12,26.28,31.66,2.0,8.13,43.47,90.06,0.4395,0.1743,23.95,13.5,13.5,13.5,Oracle Park,85,64,6,Out To LF,Yes,Yes,5,Yes,No,MLB Stats API; RotoWire,,H:2026/2025 P:2026/2025,,,Direct BvP not yet weighted; 2026/2025 Statcast baseline active,7,6,12,0,Contact streak: 6/12 over last 7 games,"platoon edge; pitcher baseline 8.1% barrel, 13.5 HR allowed",neutral batted-ball profile; pitcher fly-ball pressure modest,,
701358,Cam Smith,HOU,SF,2026-08-12T19:45:00Z,Pre-Game,6,Adrian Houser,605288,R,R,10.26,0.157,89.09,101.7165,0.4187,0.1753,0.3215,76.67,68.11,37.35,25.0,44.09,13.9,8.13,43.47,90.06,0.4395,0.1743,23.95,13.5,13.5,13.5,Oracle Park,85,64,6,Out To LF,Yes,Yes,6,Yes,No,MLB Stats API; RotoWire,,H:2026/2025 P:2026/2025,,,Direct BvP not yet weighted; 2026/2025 Statcast baseline active,7,10,22,3,Hot streak: 3 HR in last 7 games,"same-side matchup; pitcher baseline 8.1% barrel, 13.5 HR allowed",neutral batted-ball profile; pitcher fly-ball pressure modest,,
666211,Taylor Trammell,HOU,SF,2026-08-12T19:45:00Z,Pre-Game,7,Adrian Houser,605288,R,L,10.6,0.1654,89.18,100.769,0.3826,0.1774,0.3025,75.44,55.28,46.61,29.04,37.57,5.8,8.13,43.47,90.06,0.4395,0.1743,23.95,13.5,13.5,13.5,Oracle Park,85,64,6,Out To LF,Yes,Yes,7,Yes,No,MLB Stats API; RotoWire,,H:2026/2025 P:2026/2025,,,Direct BvP not yet weighted; 2026/2025 Statcast baseline active,7,4,20,2,Hot streak: 2 HR in last 7 games,"platoon edge; pitcher baseline 8.1% barrel, 13.5 HR allowed",neutral batted-ball profile; pitcher fly-ball pressure modest,,
669397,Nick Allen,HOU,SF,2026-08-12T19:45:00Z,Pre-Game,8,Adrian Houser,605288,R,R,0.77,0.0545,84.73,95.2638,0.2572,0.0488,0.238,67.51,0.9,34.27,20.85,23.98,0.7,8.13,43.47,90.06,0.4395,0.1743,23.95,13.5,13.5,13.5,Oracle Park,85,64,6,Out To LF,Yes,Yes,8,Yes,No,MLB Stats API; RotoWire,,H:2026/2025 P:2026/2025,,,Direct BvP not yet weighted; 2026/2025 Statcast baseline active,7,1,10,0,"Last 7 games: 1/10, 0 HR","same-side matchup; pitcher baseline 8.1% barrel, 13.5 HR allowed",neutral batted-ball profile; pitcher fly-ball pressure modest,,
543877,Christian Vázquez,HOU,SF,2026-08-12T19:45:00Z,Pre-Game,9,Adrian Houser,605288,R,R,1.98,0.1018,85.83,95.5263,0.2776,0.0753,0.2451,66.09,1.08,33.93,25.89,24.32,4.4,8.13,43.47,90.06,0.4395,0.1743,23.95,13.5,13.5,13.5,Oracle Park,85,64,6,Out To LF,Yes,Yes,9,Yes,No,MLB Stats API; RotoWire,,H:2026/2025 P:2026/2025,,,Direct BvP not yet weighted; 2026/2025 Statcast baseline active,7,5,21,0,"Last 7 games: 5/21, 0 HR","same-side matchup; pitcher baseline 8.1% barrel, 13.5 HR allowed",neutral batted-ball profile; pitcher fly-ball pressure modest,,
808982,Jung Hoo Lee,SF,HOU,2026-08-12T19:45:00Z,Pre-Game,1,Bryan King,687911,L,L,3.0,0.1445,87.03,96.6875,0.3836,0.0975,0.3154,68.23,3.19,38.25,22.17,30.11,8.7,5.87,36.73,87.56,0.372,0.1294,20.12,7.9,7.9,7.9,Oracle Park,85,64,6,Out To LF,Yes,Yes,1,Yes,No,MLB Stats API; RotoWire,,H:2026/2025 P:2026/2025,,,Direct BvP not yet weighted; 2026/2025 Statcast baseline active,7,5,29,1,"Last 7 games: 5/29, 1 HR","same-side matchup; pitcher baseline 5.9% barrel, 7.9 HR allowed",neutral batted-ball profile; pitcher fly-ball pressure modest,,
642715,Willy Adames,SF,HOU,2026-08-12T19:45:00Z,Pre-Game,2,Bryan King,687911,L,R,9.66,0.1918,87.71,99.0103,0.3944,0.1753,0.2997,72.21,24.04,47.91,34.55,39.65,22.3,5.87,36.73,87.56,0.372,0.1294,20.12,7.9,7.9,7.9,Oracle Park,85,64,6,Out To LF,Yes,Yes,2,Yes,No,MLB Stats API; RotoWire,,H:2026/2025 P:2026/2025,,,Direct BvP not yet weighted; 2026/2025 Statcast baseline active,7,6,24,1,"Last 7 games: 6/24, 1 HR","platoon edge; pitcher baseline 5.9% barrel, 7.9 HR allowed",neutral batted-ball profile; pitcher fly-ball pressure modest,,
805811,Bryce Eldridge,SF,HOU,2026-08-12T19:45:00Z,Pre-Game,3,Bryan King,687911,L,L,15.9,0.1518,93.01,103.1217,0.4764,0.2498,0.3531,73.07,29.06,39.32,38.31,56.34,8.4,5.87,36.73,87.56,0.372,0.1294,20.12,7.9,7.9,7.9,Oracle Park,85,64,6,Out To LF,Yes,Yes,3,Yes,No,MLB Stats API; RotoWire,,H:2026/2025 P:2026/2025,,,Direct BvP not yet weighted; 2026/2025 Statcast baseline active,7,5,25,1,"Last 7 games: 5/25, 1 HR","same-side matchup; pitcher baseline 5.9% barrel, 7.9 HR allowed",lift-pull EV profile; pitcher fly-ball pressure modest,,
646240,Rafael Devers,SF,HOU,2026-08-12T19:45:00Z,Pre-Game,4,Bryan King,687911,L,L,12.5,0.2249,92.8,103.1213,0.4548,0.2196,0.3376,71.74,20.51,33.91,32.9,52.46,27.3,5.87,36.73,87.56,0.372,0.1294,20.12,7.9,7.9,7.9,Oracle Park,85,64,6,Out To LF,Yes,Yes,4,Yes,No,MLB Stats API; RotoWire,,H:2026/2025 P:2026/2025,,,Direct BvP not yet weighted; 2026/2025 Statcast baseline active,7,5,23,1,"Last 7 games: 5/23, 1 HR","same-side matchup; pitcher baseline 5.9% barrel, 7.9 HR allowed",EV profile; pitcher fly-ball pressure modest,,
682674,Victor Bericoto,SF,HOU,2026-08-12T19:45:00Z,Pre-Game,5,Bryan King,687911,L,R,13.6,0.242,88.7,100.2506,0.43,0.225,0.273,74.2,46.4,38.6,27.3,47.7,4.0,5.87,36.73,87.56,0.372,0.1294,20.12,7.9,7.9,7.9,Oracle Park,85,64,6,Out To LF,Yes,Yes,5,Yes,No,MLB Stats API; RotoWire,,H:2026 P:2026/2025,,,Direct BvP not yet weighted; 2026/2025 Statcast baseline active,7,7,27,1,"Last 7 games: 7/27, 1 HR","platoon edge; pitcher baseline 5.9% barrel, 7.9 HR allowed",neutral batted-ball profile; pitcher fly-ball pressure modest,,
687551,Drew Gilbert,SF,HOU,2026-08-12T19:45:00Z,Pre-Game,6,Bryan King,687911,L,L,4.2,0.1355,86.39,97.8628,0.3598,0.1146,0.3029,70.59,10.13,39.93,19.83,34.89,4.4,5.87,36.73,87.56,0.372,0.1294,20.12,7.9,7.9,7.9,Oracle Park,85,64,6,Out To LF,Yes,Yes,6,Yes,No,MLB Stats API; RotoWire,,H:2026/2025 P:2026/2025,,,Direct BvP not yet weighted; 2026/2025 Statcast baseline active,7,4,18,1,"Last 7 games: 4/18, 1 HR","same-side matchup; pitcher baseline 5.9% barrel, 7.9 HR allowed",neutral batted-ball profile; pitcher fly-ball pressure modest,,
678545,Osleivis Basabe,SF,HOU,2026-08-12T19:45:00Z,Pre-Game,7,Bryan King,687911,L,R,12.1,0.256,87.3,99.307,0.439,0.176,0.304,73.3,27.0,41.2,41.2,32.4,3.0,5.87,36.73,87.56,0.372,0.1294,20.12,7.9,7.9,7.9,Oracle Park,85,64,6,Out To LF,Yes,Yes,7,Yes,No,MLB Stats API; RotoWire,,H:2026 P:2026/2025,,,Direct BvP not yet weighted; 2026/2025 Statcast baseline active,7,7,27,1,"Last 7 games: 7/27, 1 HR","platoon edge; pitcher baseline 5.9% barrel, 7.9 HR allowed",fly-ball profile; pitcher fly-ball pressure modest,,
701852,Drew Cavanaugh,SF,HOU,2026-08-12T19:45:00Z,Pre-Game,8,Bryan King,687911,L,L,4.3,0.016,84.7,97.1466,0.321,0.086,0.307,69.3,4.2,22.4,18.4,22.4,0.0,5.87,36.73,87.56,0.372,0.1294,20.12,7.9,7.9,7.9,Oracle Park,85,64,6,Out To LF,Yes,Yes,8,Yes,No,MLB Stats API; RotoWire,,H:2026 P:2026/2025,,,Direct BvP not yet weighted; 2026/2025 Statcast baseline active,7,4,20,0,"Last 7 games: 4/20, 0 HR","same-side matchup; pitcher baseline 5.9% barrel, 7.9 HR allowed",neutral batted-ball profile; pitcher fly-ball pressure modest,,
683766,Christian Koss,SF,HOU,2026-08-12T19:45:00Z,Pre-Game,9,Bryan King,687911,L,R,4.53,0.0522,84.94,96.9378,0.3005,0.0851,0.2459,69.51,5.65,39.35,23.88,27.93,0.9,5.87,36.73,87.56,0.372,0.1294,20.12,7.9,7.9,7.9,Oracle Park,85,64,6,Out To LF,Yes,Yes,9,Yes,No,MLB Stats API; RotoWire,,H:2026/2025 P:2026/2025,,,Direct BvP not yet weighted; 2026/2025 Statcast baseline active,7,4,24,0,"Last 7 games: 4/24, 0 HR","platoon edge; pitcher baseline 5.9% barrel, 7.9 HR allowed",neutral batted-ball profile; pitcher fly-ball pressure modest,,
694192,Jackson Chourio,MIL,SD,2026-08-12T20:10:00Z,Pre-Game,1,Robbie Ray,592662,L,R,12.64,0.1993,91.26,102.095,0.4659,0.2112,0.3329,74.25,44.45,31.29,27.38,46.22,18.2,8.69,39.87,89.67,0.4046,0.1695,33.87,17.8,17.8,17.8,Petco Park,91,74,9,Out To RF,Yes,Yes,1,Yes,No,MLB Stats API; RotoWire,,H:2026/2025 P:2026/2025,,,Direct BvP not yet weighted; 2026/2025 Statcast baseline active,7,6,23,3,Hot streak: 3 HR in last 7 games,"platoon edge; pitcher baseline 8.7% barrel, 17.8 HR allowed",neutral batted-ball profile; pitcher allows elevated contact,,
668930,Brice Turang,MIL,SD,2026-08-12T20:10:00Z,Pre-Game,2,Robbie Ray,592662,L,L,8.07,0.1729,90.75,100.5246,0.4353,0.1761,0.3413,70.25,13.2,27.09,24.13,44.11,16.6,8.69,39.87,89.67,0.4046,0.1695,33.87,17.8,17.8,17.8,Petco Park,91,74,9,Out To RF,Yes,Yes,2,Yes,No,MLB Stats API; RotoWire,,H:2026/2025 P:2026/2025,,,Direct BvP not yet weighted; 2026/2025 Statcast baseline active,7,8,28,0,"Last 7 games: 8/28, 0 HR","same-side matchup; pitcher baseline 8.7% barrel, 17.8 HR allowed",neutral batted-ball profile; pitcher allows elevated contact,,
683734,Andrew Vaughn,MIL,SD,2026-08-12T20:10:00Z,Pre-Game,3,Robbie Ray,592662,L,R,7.66,0.1661,90.2,100.0422,0.423,0.1521,0.3441,70.39,12.52,35.68,24.41,43.64,7.7,8.69,39.87,89.67,0.4046,0.1695,33.87,17.8,17.8,17.8,Petco Park,91,74,9,Out To RF,Yes,Yes,3,Yes,No,MLB Stats API; RotoWire,,H:2026/2025 P:2026/2025,,,Direct BvP not yet weighted; 2026/2025 Statcast baseline active,7,7,22,1,"Last 7 games: 7/22, 1 HR","platoon edge; pitcher baseline 8.7% barrel, 17.8 HR allowed",neutral batted-ball profile; pitcher allows elevated contact,,
641343,Jake Bauers,MIL,SD,2026-08-12T20:10:00Z,Pre-Game,4,Robbie Ray,592662,L,L,14.12,0.2116,92.47,103.186,0.4752,0.2237,0.3645,76.64,71.47,40.83,30.61,51.13,16.8,8.69,39.87,89.67,0.4046,0.1695,33.87,17.8,17.8,17.8,Petco Park,91,74,9,Out To RF,Yes,Yes,4,Yes,No,MLB Stats API; RotoWire,,H:2026/2025 P:2026/2025,,,Direct BvP not yet weighted; 2026/2025 Statcast baseline active,7,6,23,1,"Last 7 games: 6/23, 1 HR","same-side matchup; pitcher baseline 8.7% barrel, 17.8 HR allowed",lift-pull EV profile; pitcher allows elevated contact,,
661388,William Contreras,MIL,SD,2026-08-12T20:10:00Z,Pre-Game,5,Robbie Ray,592662,L,R,7.1,0.1278,90.26,101.4547,0.4217,0.1646,0.3301,73.27,35.11,36.04,24.08,44.44,12.8,8.69,39.87,89.67,0.4046,0.1695,33.87,17.8,17.8,17.8,Petco Park,91,74,9,Out To RF,Yes,Yes,5,Yes,No,MLB Stats API; RotoWire,,H:2026/2025 P:2026/2025,,,Direct BvP not yet weighted; 2026/2025 Statcast baseline active,7,4,25,1,"Last 7 games: 4/25, 1 HR","platoon edge; pitcher baseline 8.7% barrel, 17.8 HR allowed",neutral batted-ball profile; pitcher allows elevated contact,,
596142,Gary Sánchez,MIL,SD,2026-08-12T20:10:00Z,Pre-Game,6,Robbie Ray,592662,L,R,9.43,0.2122,90.01,101.1184,0.4322,0.1999,0.3479,71.92,26.52,45.07,28.84,43.1,7.8,8.69,39.87,89.67,0.4046,0.1695,33.87,17.8,17.8,17.8,Petco Park,91,74,9,Out To RF,Yes,Yes,6,Yes,No,MLB Stats API; RotoWire,,H:2026/2025 P:2026/2025,,,Direct BvP not yet weighted; 2026/2025 Statcast baseline active,7,4,15,1,"Last 7 games: 4/15, 1 HR","platoon edge; pitcher baseline 8.7% barrel, 17.8 HR allowed",neutral batted-ball profile; pitcher allows elevated contact,,
663604,Brandon Lockridge,MIL,SD,2026-08-12T20:10:00Z,Pre-Game,7,Robbie Ray,592662,L,R,1.99,0.0512,86.33,98.822,0.2895,0.0579,0.2691,72.36,31.06,25.81,13.38,33.26,0.0,8.69,39.87,89.67,0.4046,0.1695,33.87,17.8,17.8,17.8,Petco Park,91,74,9,Out To RF,Yes,Yes,7,Yes,No,MLB Stats API; RotoWire,,H:2026/2025 P:2026/2025,,,Direct BvP not yet weighted; 2026/2025 Statcast baseline active,7,3,9,0,Contact streak: 3/9 over last 7 games,"platoon edge; pitcher baseline 8.7% barrel, 17.8 HR allowed",neutral batted-ball profile; pitcher allows elevated contact,,
666152,David Hamilton,MIL,SD,2026-08-12T20:10:00Z,Pre-Game,8,Robbie Ray,592662,L,L,4.32,0.1028,86.53,96.6586,0.2994,0.0939,0.2621,69.8,7.22,34.34,26.3,27.17,3.9,8.69,39.87,89.67,0.4046,0.1695,33.87,17.8,17.8,17.8,Petco Park,91,74,9,Out To RF,Yes,Yes,8,Yes,No,MLB Stats API; RotoWire,,H:2026/2025 P:2026/2025,,,Direct BvP not yet weighted; 2026/2025 Statcast baseline active,7,4,20,0,"Last 7 games: 4/20, 0 HR","same-side matchup; pitcher baseline 8.7% barrel, 17.8 HR allowed",neutral batted-ball profile; pitcher allows elevated contact,,
687401,Joey Ortiz,MIL,SD,2026-08-12T20:10:00Z,Pre-Game,9,Robbie Ray,592662,L,R,3.63,0.1073,87.0,98.5796,0.3368,0.0939,0.2904,72.72,28.61,31.98,20.87,33.99,5.6,8.69,39.87,89.67,0.4046,0.1695,33.87,17.8,17.8,17.8,Petco Park,91,74,9,Out To RF,Yes,Yes,9,Yes,No,MLB Stats API; RotoWire,,H:2026/2025 P:2026/2025,,,Direct BvP not yet weighted; 2026/2025 Statcast baseline active,7,5,16,0,"Last 7 games: 5/16, 0 HR","platoon edge; pitcher baseline 8.7% barrel, 17.8 HR allowed",neutral batted-ball profile; pitcher allows elevated contact,,
650859,Luis Rengifo,SD,MIL,2026-08-12T20:10:00Z,Pre-Game,1,Dustin May,669160,R,S,4.51,0.0816,87.73,97.9704,0.3596,0.0996,0.309,70.83,15.07,37.18,17.87,34.45,4.8,7.52,45.34,90.25,0.3992,0.1476,24.52,11.9,11.9,11.9,Petco Park,91,74,9,Out To RF,Yes,Yes,1,Yes,No,MLB Stats API; RotoWire,,H:2026/2025 P:2026/2025,,,Direct BvP not yet weighted; 2026/2025 Statcast baseline active,7,7,25,1,"Last 7 games: 7/25, 1 HR","switch hitter; pitcher baseline 7.5% barrel, 11.9 HR allowed",neutral batted-ball profile; pitcher fly-ball pressure modest,,
630105,Jake Cronenworth,SD,MIL,2026-08-12T20:10:00Z,Pre-Game,2,Dustin May,669160,R,L,4.66,0.0883,87.59,98.1084,0.3306,0.1035,0.298,71.39,17.53,31.75,22.16,33.61,5.4,7.52,45.34,90.25,0.3992,0.1476,24.52,11.9,11.9,11.9,Petco Park,91,74,9,Out To RF,Yes,Yes,2,Yes,No,MLB Stats API; RotoWire,,H:2026/2025 P:2026/2025,,,Direct BvP not yet weighted; 2026/2025 Statcast baseline active,7,5,25,0,"Last 7 games: 5/25, 0 HR","platoon edge; pitcher baseline 7.5% barrel, 11.9 HR allowed",neutral batted-ball profile; pitcher fly-ball pressure modest,,
592518,Manny Machado,SD,MIL,2026-08-12T20:10:00Z,Pre-Game,3,Dustin May,669160,R,R,11.22,0.1983,91.5,101.9526,0.4509,0.1995,0.3375,74.64,44.65,40.01,28.64,46.67,24.2,7.52,45.34,90.25,0.3992,0.1476,24.52,11.9,11.9,11.9,Petco Park,91,74,9,Out To RF,Yes,Yes,3,Yes,No,MLB Stats API; RotoWire,,H:2026/2025 P:2026/2025,,,Direct BvP not yet weighted; 2026/2025 Statcast baseline active,7,6,24,0,"Last 7 games: 6/24, 0 HR","same-side matchup; pitcher baseline 7.5% barrel, 11.9 HR allowed",neutral batted-ball profile; pitcher fly-ball pressure modest,,
664034,Ty France,SD,MIL,2026-08-12T20:10:00Z,Pre-Game,4,Dustin May,669160,R,R,9.94,0.194,91.39,101.2713,0.4362,0.1814,0.3287,71.77,18.97,36.78,25.11,47.21,14.0,7.52,45.34,90.25,0.3992,0.1476,24.52,11.9,11.9,11.9,Petco Park,91,74,9,Out To RF,Yes,Yes,4,Yes,No,MLB Stats API; RotoWire,,H:2026/2025 P:2026/2025,,,Direct BvP not yet weighted; 2026/2025 Statcast baseline active,7,8,24,1,Contact streak: 8/24 over last 7 games,"same-side matchup; pitcher baseline 7.5% barrel, 11.9 HR allowed",neutral batted-ball profile; pitcher fly-ball pressure modest,,
701538,Jackson Merrill,SD,MIL,2026-08-12T20:10:00Z,Pre-Game,5,Dustin May,669160,R,L,12.09,0.1797,90.19,100.7311,0.476,0.2151,0.3372,72.88,26.84,37.56,29.64,45.84,18.1,7.52,45.34,90.25,0.3992,0.1476,24.52,11.9,11.9,11.9,Petco Park,91,74,9,Out To RF,Yes,Yes,5,Yes,No,MLB Stats API; RotoWire,,H:2026/2025 P:2026/2025,,,Direct BvP not yet weighted; 2026/2025 Statcast baseline active,7,9,27,3,Hot streak: 3 HR in last 7 games,"platoon edge; pitcher baseline 7.5% barrel, 11.9 HR allowed",neutral batted-ball profile; pitcher fly-ball pressure modest,,
669720,Austin Hays,SD,MIL,2026-08-12T20:10:00Z,Pre-Game,6,Dustin May,669160,R,R,7.07,0.1562,87.12,99.2468,0.4016,0.1172,0.3049,72.6,24.07,56.87,16.26,42.6,5.9,7.52,45.34,90.25,0.3992,0.1476,24.52,11.9,11.9,11.9,Petco Park,91,74,9,Out To RF,Yes,Yes,6,Yes,No,MLB Stats API; RotoWire,,H:2026/2025 P:2026/2025,,,Direct BvP not yet weighted; 2026/2025 Statcast baseline active,7,8,22,1,Contact streak: 8/22 over last 7 games,"same-side matchup; pitcher baseline 7.5% barrel, 11.9 HR allowed",neutral batted-ball profile; pitcher fly-ball pressure modest,,
657757,Gavin Sheets,SD,MIL,2026-08-12T20:10:00Z,Pre-Game,7,Dustin May,669160,R,L,8.13,0.1805,88.29,99.7266,0.4068,0.1655,0.326,74.52,48.16,38.7,23.35,41.6,16.2,7.52,45.34,90.25,0.3992,0.1476,24.52,11.9,11.9,11.9,Petco Park,91,74,9,Out To RF,Yes,Yes,7,Yes,No,MLB Stats API; RotoWire,,H:2026/2025 P:2026/2025,,,Direct BvP not yet weighted; 2026/2025 Statcast baseline active,7,2,14,1,"Last 7 games: 2/14, 1 HR","platoon edge; pitcher baseline 7.5% barrel, 11.9 HR allowed",neutral batted-ball profile; pitcher fly-ball pressure modest,,
593428,Xander Bogaerts,SD,MIL,2026-08-12T20:10:00Z,Pre-Game,8,Dustin May,669160,R,R,5.85,0.1056,88.65,99.8678,0.3822,0.1292,0.3207,72.31,27.66,43.8,22.99,39.76,9.6,7.52,45.34,90.25,0.3992,0.1476,24.52,11.9,11.9,11.9,Petco Park,91,74,9,Out To RF,Yes,Yes,8,Yes,No,MLB Stats API; RotoWire,,H:2026/2025 P:2026/2025,,,Direct BvP not yet weighted; 2026/2025 Statcast baseline active,7,5,23,0,"Last 7 games: 5/23, 0 HR","same-side matchup; pitcher baseline 7.5% barrel, 11.9 HR allowed",neutral batted-ball profile; pitcher fly-ball pressure modest,,
666023,Freddy Fermin,SD,MIL,2026-08-12T20:10:00Z,Pre-Game,9,Dustin May,669160,R,R,4.2,0.1125,88.05,97.1872,0.3238,0.1065,0.2735,69.78,6.14,38.6,28.77,29.69,4.3,7.52,45.34,90.25,0.3992,0.1476,24.52,11.9,11.9,11.9,Petco Park,91,74,9,Out To RF,Yes,Yes,9,Yes,No,MLB Stats API; RotoWire,,H:2026/2025 P:2026/2025,,,Direct BvP not yet weighted; 2026/2025 Statcast baseline active,7,10,26,1,Contact streak: 10/26 over last 7 games,"same-side matchup; pitcher baseline 7.5% barrel, 11.9 HR allowed",neutral batted-ball profile; pitcher fly-ball pressure modest,,
680757,Steven Kwan,CLE,DET,2026-08-12T22:40:00Z,Scheduled,1,Framber Valdez,664285,L,L,0.78,0.0747,84.38,92.4678,0.3471,0.0713,0.3205,62.8,0.38,27.39,23.44,11.95,4.7,6.28,43.99,90.1,0.3833,0.1325,19.23,12.9,12.9,12.9,Comerica Park,100,,,,No,No,1,Yes,Yes,RotoWire projected lineup; MLB probable pitchers,lineup projected / unconfirmed,H:2026/2025 P:2026/2025,,,Direct BvP not yet weighted; 2026/2025 Statcast baseline active,7,11,30,1,Contact streak: 11/30 over last 7 games,"same-side matchup; pitcher baseline 6.3% barrel, 12.9 HR allowed",neutral batted-ball profile; pitcher fly-ball pressure modest,,
608070,Jose Ramirez,CLE,DET,2026-08-12T22:40:00Z,Scheduled,2,Framber Valdez,664285,L,S,5.81,0.1696,89.18,99.6868,0.4327,0.1508,0.3469,70.27,13.61,50.62,30.11,40.36,16.0,6.28,43.99,90.1,0.3833,0.1325,19.23,12.9,12.9,12.9,Comerica Park,100,,,,No,No,2,Yes,Yes,RotoWire projected lineup; MLB probable pitchers,lineup projected / unconfirmed,H:2026/2025 P:2026/2025,,,Direct BvP not yet weighted; 2026/2025 Statcast baseline active,7,5,19,0,"Last 7 games: 5/19, 0 HR","switch hitter; pitcher baseline 6.3% barrel, 12.9 HR allowed",neutral batted-ball profile; pitcher fly-ball pressure modest,,
800050,Chase DeLauter,CLE,DET,2026-08-12T22:40:00Z,Scheduled,3,Framber Valdez,664285,L,L,6.8,0.162,91.3,101.6636,0.436,0.159,0.35,71.3,17.8,38.2,19.4,46.6,13.0,6.28,43.99,90.1,0.3833,0.1325,19.23,12.9,12.9,12.9,Comerica Park,100,,,,No,No,3,Yes,Yes,RotoWire projected lineup; MLB probable pitchers,lineup projected / unconfirmed,H:2026 P:2026/2025,,,Direct BvP not yet weighted; 2026/2025 Statcast baseline active,7,9,28,1,Contact streak: 9/28 over last 7 games,"same-side matchup; pitcher baseline 6.3% barrel, 12.9 HR allowed",neutral batted-ball profile; pitcher fly-ball pressure modest,,
666176,Jo Adell,CLE,DET,2026-08-12T22:40:00Z,Scheduled,4,Framber Valdez,664285,L,R,11.56,0.186,90.51,102.6747,0.4762,0.219,0.3398,77.39,71.41,37.23,27.84,46.01,23.0,6.28,43.99,90.1,0.3833,0.1325,19.23,12.9,12.9,12.9,Comerica Park,100,,,,No,No,4,Yes,Yes,RotoWire projected lineup; MLB probable pitchers,lineup projected / unconfirmed,H:2026/2025 P:2026/2025,,,Direct BvP not yet weighted; 2026/2025 Statcast baseline active,7,4,24,1,"Last 7 games: 4/24, 1 HR","platoon edge; pitcher baseline 6.3% barrel, 12.9 HR allowed",neutral batted-ball profile; pitcher fly-ball pressure modest,,
656555,Rhys Hoskins,CLE,DET,2026-08-12T22:40:00Z,Scheduled,5,Framber Valdez,664285,L,R,12.19,0.1972,89.5,99.8961,0.3631,0.1753,0.3035,71.7,16.64,54.34,33.5,42.62,12.7,6.28,43.99,90.1,0.3833,0.1325,19.23,12.9,12.9,12.9,Comerica Park,100,,,,No,No,5,Yes,Yes,RotoWire projected lineup; MLB probable pitchers,lineup projected / unconfirmed,H:2026/2025 P:2026/2025,,,Direct BvP not yet weighted; 2026/2025 Statcast baseline active,7,4,16,2,Hot streak: 2 HR in last 7 games,"platoon edge; pitcher baseline 6.3% barrel, 12.9 HR allowed",neutral batted-ball profile; pitcher fly-ball pressure modest,,
682657,Angel Martinez,CLE,DET,2026-08-12T22:40:00Z,Scheduled,6,Framber Valdez,664285,L,S,7.0,0.1742,87.52,98.8487,0.3837,0.1424,0.2893,70.87,15.04,45.86,26.94,34.2,11.7,6.28,43.99,90.1,0.3833,0.1325,19.23,12.9,12.9,12.9,Comerica Park,100,,,,No,No,6,Yes,Yes,RotoWire projected lineup; MLB probable pitchers,lineup projected / unconfirmed,H:2026/2025 P:2026/2025,,,Direct BvP not yet weighted; 2026/2025 Statcast baseline active,7,8,23,1,Contact streak: 8/23 over last 7 games,"switch hitter; pitcher baseline 6.3% barrel, 12.9 HR allowed",neutral batted-ball profile; pitcher fly-ball pressure modest,,
683953,Travis Bazzana,CLE,DET,2026-08-12T22:40:00Z,Scheduled,7,Framber Valdez,664285,L,L,4.5,0.143,88.4,98.6107,0.351,0.125,0.304,69.7,12.0,39.9,28.8,37.3,9.0,6.28,43.99,90.1,0.3833,0.1325,19.23,12.9,12.9,12.9,Comerica Park,100,,,,No,No,7,Yes,Yes,RotoWire projected lineup; MLB probable pitchers,lineup projected / unconfirmed,H:2026 P:2026/2025,,,Direct BvP not yet weighted; 2026/2025 Statcast baseline active,7,5,23,0,"Last 7 games: 5/23, 0 HR","same-side matchup; pitcher baseline 6.3% barrel, 12.9 HR allowed",neutral batted-ball profile; pitcher fly-ball pressure modest,,
595978,Austin Hedges,CLE,DET,2026-08-12T22:40:00Z,Scheduled,8,Framber Valdez,664285,L,R,4.17,0.1202,87.08,97.8539,0.3155,0.0965,0.2735,70.03,10.09,50.54,23.8,31.92,4.3,6.28,43.99,90.1,0.3833,0.1325,19.23,12.9,12.9,12.9,Comerica Park,100,,,,No,No,8,Yes,Yes,RotoWire projected lineup; MLB probable pitchers,lineup projected / unconfirmed,H:2026/2025 P:2026/2025,,,Direct BvP not yet weighted; 2026/2025 Statcast baseline active,7,3,20,0,"Last 7 games: 3/20, 0 HR","platoon edge; pitcher baseline 6.3% barrel, 12.9 HR allowed",neutral batted-ball profile; pitcher fly-ball pressure modest,,
677587,Brayan Rocchio,CLE,DET,2026-08-12T22:40:00Z,Scheduled,9,Framber Valdez,664285,L,S,3.44,0.114,86.95,97.1995,0.3517,0.1067,0.295,70.0,7.15,43.57,25.02,32.0,7.8,6.28,43.99,90.1,0.3833,0.1325,19.23,12.9,12.9,12.9,Comerica Park,100,,,,No,No,9,Yes,Yes,RotoWire projected lineup; MLB probable pitchers,lineup projected / unconfirmed,H:2026/2025 P:2026/2025,,,Direct BvP not yet weighted; 2026/2025 Statcast baseline active,7,4,25,0,"Last 7 games: 4/25, 0 HR","switch hitter; pitcher baseline 6.3% barrel, 12.9 HR allowed",neutral batted-ball profile; pitcher fly-ball pressure modest,,
650402,Gleyber Torres,DET,CLE,2026-08-12T22:40:00Z,Scheduled,1,Foster Griffin,656492,L,R,7.57,0.1275,87.13,97.5616,0.3899,0.144,0.3343,68.63,5.47,25.08,27.66,33.75,9.7,9.2,37.6,87.9,0.411,0.161,25.8,21.0,21.0,21.0,Comerica Park,100,,,,No,No,1,Yes,Yes,RotoWire projected lineup; MLB probable pitchers,lineup projected / unconfirmed,H:2026/2025 P:2026,,,Direct BvP not yet weighted; 2026/2025 Statcast baseline active,7,5,29,1,"Last 7 games: 5/29, 1 HR","platoon edge; pitcher baseline 9.2% barrel, 21.0 HR allowed",neutral batted-ball profile; pitcher fly-ball pressure modest,,
693307,Dillon Dingler,DET,CLE,2026-08-12T22:40:00Z,Scheduled,2,Foster Griffin,656492,L,R,10.67,0.2191,89.23,100.8594,0.4981,0.2137,0.3643,71.77,15.55,40.59,28.22,44.44,22.1,9.2,37.6,87.9,0.411,0.161,25.8,21.0,21.0,21.0,Comerica Park,100,,,,No,No,2,Yes,Yes,RotoWire projected lineup; MLB probable pitchers,lineup projected / unconfirmed,H:2026/2025 P:2026,,,Direct BvP not yet weighted; 2026/2025 Statcast baseline active,7,8,30,3,Hot streak: 3 HR in last 7 games,"platoon edge; pitcher baseline 9.2% barrel, 21.0 HR allowed",neutral batted-ball profile; pitcher fly-ball pressure modest,,
805808,Kevin McGonigle,DET,CLE,2026-08-12T22:40:00Z,Scheduled,3,Foster Griffin,656492,L,L,6.7,0.143,87.9,98.1562,0.424,0.161,0.351,71.2,16.8,37.6,35.8,36.4,12.0,9.2,37.6,87.9,0.411,0.161,25.8,21.0,21.0,21.0,Comerica Park,100,,,,No,No,3,Yes,Yes,RotoWire projected lineup; MLB probable pitchers,lineup projected / unconfirmed,H:2026 P:2026,,,Direct BvP not yet weighted; 2026/2025 Statcast baseline active,7,9,30,1,"Last 7 games: 9/30, 1 HR","same-side matchup; pitcher baseline 9.2% barrel, 21.0 HR allowed",fly-ball profile; pitcher fly-ball pressure modest,,
682985,Riley Greene,DET,CLE,2026-08-12T22:40:00Z,Scheduled,4,Foster Griffin,656492,L,L,15.35,0.1944,90.32,102.5276,0.4819,0.2312,0.3537,75.6,57.87,38.91,33.1,47.46,22.0,9.2,37.6,87.9,0.411,0.161,25.8,21.0,21.0,21.0,Comerica Park,100,,,,No,No,4,Yes,Yes,RotoWire projected lineup; MLB probable pitchers,lineup projected / unconfirmed,H:2026/2025 P:2026,,,Direct BvP not yet weighted; 2026/2025 Statcast baseline active,7,6,24,1,"Last 7 games: 6/24, 1 HR","same-side matchup; pitcher baseline 9.2% barrel, 21.0 HR allowed",neutral batted-ball profile; pitcher fly-ball pressure modest,,
680664,Eduardo Valencia,DET,CLE,2026-08-12T22:40:00Z,Scheduled,5,Foster Griffin,656492,L,R,30.0,0.415,91.2,103.2988,0.634,0.35,0.4,72.9,24.4,33.3,30.0,60.0,4.0,9.2,37.6,87.9,0.411,0.161,25.8,21.0,21.0,21.0,Comerica Park,100,,,,No,No,5,Yes,Yes,RotoWire projected lineup; MLB probable pitchers,lineup projected / unconfirmed,H:2026 P:2026,,,Direct BvP not yet weighted; 2026/2025 Statcast baseline active,7,7,18,0,Contact streak: 7/18 over last 7 games,"platoon edge; pitcher baseline 9.2% barrel, 21.0 HR allowed",neutral batted-ball profile; pitcher fly-ball pressure modest,,
679529,Spencer Torkelson,DET,CLE,2026-08-12T22:40:00Z,Scheduled,6,Foster Griffin,656492,L,R,13.15,0.202,89.71,100.2855,0.4287,0.2041,0.3249,73.14,26.16,47.98,36.11,42.58,23.3,9.2,37.6,87.9,0.411,0.161,25.8,21.0,21.0,21.0,Comerica Park,100,,,,No,No,6,Yes,Yes,RotoWire projected lineup; MLB probable pitchers,lineup projected / unconfirmed,H:2026/2025 P:2026,,,Direct BvP not yet weighted; 2026/2025 Statcast baseline active,7,9,27,0,Contact streak: 9/27 over last 7 games,"platoon edge; pitcher baseline 9.2% barrel, 21.0 HR allowed",fly-ball profile; pitcher fly-ball pressure modest,,
701678,Hao-Yu Lee,DET,CLE,2026-08-12T22:40:00Z,Scheduled,7,Foster Griffin,656492,L,R,8.8,0.154,89.0,99.7217,0.388,0.154,0.289,71.1,19.1,29.9,27.2,39.5,6.0,9.2,37.6,87.9,0.411,0.161,25.8,21.0,21.0,21.0,Comerica Park,100,,,,No,No,7,Yes,Yes,RotoWire projected lineup; MLB probable pitchers,lineup projected / unconfirmed,H:2026 P:2026,,,Direct BvP not yet weighted; 2026/2025 Statcast baseline active,7,2,9,0,"Last 7 games: 2/9, 0 HR","platoon edge; pitcher baseline 9.2% barrel, 21.0 HR allowed",neutral batted-ball profile; pitcher fly-ball pressure modest,,
595879,Javier Baez,DET,CLE,2026-08-12T22:40:00Z,Scheduled,8,Foster Griffin,656492,L,R,3.12,0.1154,86.17,97.2376,0.3401,0.0912,0.2752,73.01,28.77,41.34,22.75,33.11,5.0,9.2,37.6,87.9,0.411,0.161,25.8,21.0,21.0,21.0,Comerica Park,100,,,,No,No,8,Yes,Yes,RotoWire projected lineup; MLB probable pitchers,lineup projected / unconfirmed,H:2026/2025 P:2026,,,Direct BvP not yet weighted; 2026/2025 Statcast baseline active,7,8,29,0,"Last 7 games: 8/29, 0 HR","platoon edge; pitcher baseline 9.2% barrel, 21.0 HR allowed",neutral batted-ball profile; pitcher fly-ball pressure modest,,
701162,Ben Malgeri,DET,CLE,2026-08-12T22:40:00Z,Scheduled,9,Foster Griffin,656492,L,R,2.9,0.111,88.8,99.2058,0.3,0.078,0.304,69.2,4.5,38.2,26.5,38.2,1.0,9.2,37.6,87.9,0.411,0.161,25.8,21.0,21.0,21.0,Comerica Park,100,,,,No,No,9,Yes,Yes,RotoWire projected lineup; MLB probable pitchers,lineup projected / unconfirmed,H:2026 P:2026,,,Direct BvP not yet weighted; 2026/2025 Statcast baseline active,7,4,12,1,Contact streak: 4/12 over last 7 games,"platoon edge; pitcher baseline 9.2% barrel, 21.0 HR allowed",neutral batted-ball profile; pitcher fly-ball pressure modest,,
663968,Jake Mangum,PIT,MIA,2026-08-12T22:40:00Z,Scheduled,1,Janson Junk,676083,R,S,2.14,0.0825,86.18,96.7528,0.3367,0.0829,0.2858,67.51,3.73,27.65,15.63,29.48,3.7,7.87,43.17,90.69,0.4257,0.1641,23.43,10.8,10.8,10.8,loanDepot park,89,,,,No,No,1,Yes,Yes,RotoWire projected lineup; MLB probable pitchers,lineup projected / unconfirmed,H:2026/2025 P:2026/2025,,,Direct BvP not yet weighted; 2026/2025 Statcast baseline active,7,7,26,1,"Last 7 games: 7/26, 1 HR","switch hitter; pitcher baseline 7.9% barrel, 10.8 HR allowed",neutral batted-ball profile; pitcher fly-ball pressure modest,,
664040,Brandon Lowe,PIT,MIA,2026-08-12T22:40:00Z,Scheduled,2,Janson Junk,676083,R,L,12.58,0.228,91.1,101.4527,0.4521,0.2072,0.3315,73.66,40.09,47.0,33.06,45.69,26.8,7.87,43.17,90.69,0.4257,0.1641,23.43,10.8,10.8,10.8,loanDepot park,89,,,,No,No,2,Yes,Yes,RotoWire projected lineup; MLB probable pitchers,lineup projected / unconfirmed,H:2026/2025 P:2026/2025,,,Direct BvP not yet weighted; 2026/2025 Statcast baseline active,7,5,25,2,Hot streak: 2 HR in last 7 games,"platoon edge; pitcher baseline 7.9% barrel, 10.8 HR allowed",neutral batted-ball profile; pitcher fly-ball pressure modest,,
668804,Bryan Reynolds,PIT,MIA,2026-08-12T22:40:00Z,Scheduled,3,Janson Junk,676083,R,S,10.73,0.1682,90.78,101.8366,0.4344,0.1855,0.3457,72.55,28.23,40.08,25.32,46.14,15.3,7.87,43.17,90.69,0.4257,0.1641,23.43,10.8,10.8,10.8,loanDepot park,89,,,,No,No,3,Yes,Yes,RotoWire projected lineup; MLB probable pitchers,lineup projected / unconfirmed,H:2026/2025 P:2026/2025,,,Direct BvP not yet weighted; 2026/2025 Statcast baseline active,7,5,26,0,"Last 7 games: 5/26, 0 HR","switch hitter; pitcher baseline 7.9% barrel, 10.8 HR allowed",neutral batted-ball profile; pitcher fly-ball pressure modest,,
699013,Esmerlyn Valdez,PIT,MIA,2026-08-12T22:40:00Z,Scheduled,4,Janson Junk,676083,R,R,23.7,0.323,91.8,102.9576,0.47,0.267,0.35,74.7,49.2,34.4,45.2,49.5,14.0,7.87,43.17,90.69,0.4257,0.1641,23.43,10.8,10.8,10.8,loanDepot park,89,,,,No,No,4,Yes,Yes,RotoWire projected lineup; MLB probable pitchers,lineup projected / unconfirmed,H:2026 P:2026/2025,,,Direct BvP not yet weighted; 2026/2025 Statcast baseline active,7,2,19,0,"Last 7 games: 2/19, 0 HR","same-side matchup; pitcher baseline 7.9% barrel, 10.8 HR allowed",fly-ball profile; pitcher fly-ball pressure modest,,
687462,Spencer Horwitz,PIT,MIA,2026-08-12T22:40:00Z,Scheduled,5,Janson Junk,676083,R,L,7.95,0.1613,87.05,97.6614,0.3839,0.1486,0.3281,68.75,5.25,40.64,28.12,33.62,10.3,7.87,43.17,90.69,0.4257,0.1641,23.43,10.8,10.8,10.8,loanDepot park,89,,,,No,No,5,Yes,Yes,RotoWire projected lineup; MLB probable pitchers,lineup projected / unconfirmed,H:2026/2025 P:2026/2025,,,Direct BvP not yet weighted; 2026/2025 Statcast baseline active,7,3,22,0,"Last 7 games: 3/22, 0 HR","platoon edge; pitcher baseline 7.9% barrel, 10.8 HR allowed",neutral batted-ball profile; pitcher fly-ball pressure modest,,
693304,Nick Gonzales,PIT,MIA,2026-08-12T22:40:00Z,Scheduled,6,Janson Junk,676083,R,R,3.31,0.095,86.98,98.2305,0.3792,0.1063,0.3106,70.71,12.59,37.99,20.98,36.0,5.7,7.87,43.17,90.69,0.4257,0.1641,23.43,10.8,10.8,10.8,loanDepot park,89,,,,No,No,6,Yes,Yes,RotoWire projected lineup; MLB probable pitchers,lineup projected / unconfirmed,H:2026/2025 P:2026/2025,,,Direct BvP not yet weighted; 2026/2025 Statcast baseline active,7,6,26,0,"Last 7 games: 6/26, 0 HR","same-side matchup; pitcher baseline 7.9% barrel, 10.8 HR allowed",neutral batted-ball profile; pitcher fly-ball pressure modest,,
682848,Endy Rodriguez,PIT,MIA,2026-08-12T22:40:00Z,Scheduled,7,Janson Junk,676083,R,S,8.2,0.1631,92.34,100.3363,0.3691,0.14,0.3113,72.34,22.69,46.21,33.36,46.17,4.9,7.87,43.17,90.69,0.4257,0.1641,23.43,10.8,10.8,10.8,loanDepot park,89,,,,No,No,7,Yes,Yes,RotoWire projected lineup; MLB probable pitchers,lineup projected / unconfirmed,H:2026/2025 P:2026/2025,,,Direct BvP not yet weighted; 2026/2025 Statcast baseline active,7,7,24,2,Hot streak: 2 HR in last 7 games,"switch hitter; pitcher baseline 7.9% barrel, 10.8 HR allowed",lift-pull EV profile; pitcher fly-ball pressure modest,,
694378,Jacob Gonzalez,PIT,MIA,2026-08-12T22:40:00Z,Scheduled,8,Janson Junk,676083,R,L,3.5,0.147,88.5,98.9324,0.39,0.134,0.307,71.0,12.9,43.5,28.7,38.6,5.0,7.87,43.17,90.69,0.4257,0.1641,23.43,10.8,10.8,10.8,loanDepot park,89,,,,No,No,8,Yes,Yes,RotoWire projected lineup; MLB probable pitchers,lineup projected / unconfirmed,H:2026 P:2026/2025,,,Direct BvP not yet weighted; 2026/2025 Statcast baseline active,7,4,15,1,"Last 7 games: 4/15, 1 HR","platoon edge; pitcher baseline 7.9% barrel, 10.8 HR allowed",neutral batted-ball profile; pitcher fly-ball pressure modest,,
691373,Jhostynxon Garcia,PIT,MIA,2026-08-12T22:40:00Z,Scheduled,9,Janson Junk,676083,R,R,2.24,0.0576,86.41,97.4476,0.2864,0.0725,0.2628,74.65,46.78,39.85,11.27,37.61,0.0,7.87,43.17,90.69,0.4257,0.1641,23.43,10.8,10.8,10.8,loanDepot park,89,,,,No,No,9,Yes,Yes,RotoWire projected lineup; MLB probable pitchers,lineup projected / unconfirmed,H:2026/2025 P:2026/2025,,,Direct BvP not yet weighted; 2026/2025 Statcast baseline active,7,1,12,0,"Last 7 games: 1/12, 0 HR","same-side matchup; pitcher baseline 7.9% barrel, 10.8 HR allowed",neutral batted-ball profile; pitcher fly-ball pressure modest,,
805300,Jakob Marsee,MIA,PIT,2026-08-12T22:40:00Z,Scheduled,1,Carmen Mlodzinski,669387,R,L,4.88,0.13,87.64,98.5185,0.3531,0.1162,0.3155,70.5,6.14,40.53,24.03,36.22,5.7,7.08,44.72,90.48,0.4216,0.1448,23.67,8.0,8.0,8.0,loanDepot park,89,,,,No,No,1,Yes,Yes,RotoWire projected lineup; MLB probable pitchers,lineup projected / unconfirmed,H:2026/2025 P:2026/2025,,,Direct BvP not yet weighted; 2026/2025 Statcast baseline active,7,7,19,0,Contact streak: 7/19 over last 7 games,"platoon edge; pitcher baseline 7.1% barrel, 8.0 HR allowed",neutral batted-ball profile; pitcher fly-ball pressure modest,,
669364,Xavier Edwards,MIA,PIT,2026-08-12T22:40:00Z,Scheduled,2,Carmen Mlodzinski,669387,R,S,2.83,0.0945,86.87,96.5811,0.3572,0.0942,0.3111,68.02,2.54,29.43,21.49,29.05,5.1,7.08,44.72,90.48,0.4216,0.1448,23.67,8.0,8.0,8.0,loanDepot park,89,,,,No,No,2,Yes,Yes,RotoWire projected lineup; MLB probable pitchers,lineup projected / unconfirmed,H:2026/2025 P:2026/2025,,,Direct BvP not yet weighted; 2026/2025 Statcast baseline active,7,5,23,0,"Last 7 games: 5/23, 0 HR","switch hitter; pitcher baseline 7.1% barrel, 8.0 HR allowed",neutral batted-ball profile; pitcher fly-ball pressure modest,,
672640,Otto Lopez,MIA,PIT,2026-08-12T22:40:00Z,Scheduled,3,Carmen Mlodzinski,669387,R,R,6.4,0.1416,88.92,100.2836,0.4256,0.1475,0.3258,71.77,23.37,32.37,22.22,40.4,10.8,7.08,44.72,90.48,0.4216,0.1448,23.67,8.0,8.0,8.0,loanDepot park,89,,,,No,No,3,Yes,Yes,RotoWire projected lineup; MLB probable pitchers,lineup projected / unconfirmed,H:2026/2025 P:2026/2025,,,Direct BvP not yet weighted; 2026/2025 Statcast baseline active,7,8,30,0,"Last 7 games: 8/30, 0 HR","same-side matchup; pitcher baseline 7.1% barrel, 8.0 HR allowed",neutral batted-ball profile; pitcher fly-ball pressure modest,,
665052,Griffin Conine,MIA,PIT,2026-08-12T22:40:00Z,Scheduled,4,Carmen Mlodzinski,669387,R,L,16.55,0.2406,91.81,103.8107,0.4922,0.2348,0.3573,74.33,45.37,42.53,23.97,53.0,9.0,7.08,44.72,90.48,0.4216,0.1448,23.67,8.0,8.0,8.0,loanDepot park,89,,,,No,No,4,Yes,Yes,RotoWire projected lineup; MLB probable pitchers,lineup projected / unconfirmed,H:2026/2025 P:2026/2025,,,Direct BvP not yet weighted; 2026/2025 Statcast baseline active,7,6,24,2,Hot streak: 2 HR in last 7 games,"platoon edge; pitcher baseline 7.1% barrel, 8.0 HR allowed",neutral batted-ball profile; pitcher fly-ball pressure modest,,
681715,Heriberto Hernandez,MIA,PIT,2026-08-12T22:40:00Z,Scheduled,5,Carmen Mlodzinski,669387,R,R,11.63,0.2035,91.25,101.6432,0.4553,0.2124,0.3354,74.28,46.86,46.12,30.34,48.27,14.2,7.08,44.72,90.48,0.4216,0.1448,23.67,8.0,8.0,8.0,loanDepot park,89,,,,No,No,5,Yes,Yes,RotoWire projected lineup; MLB probable pitchers,lineup projected / unconfirmed,H:2026/2025 P:2026/2025,,,Direct BvP not yet weighted; 2026/2025 Statcast baseline active,7,4,27,0,"Last 7 games: 4/27, 0 HR","same-side matchup; pitcher baseline 7.1% barrel, 8.0 HR allowed",neutral batted-ball profile; pitcher fly-ball pressure modest,,
683357,Owen Caissie,MIA,PIT,2026-08-12T22:40:00Z,Scheduled,6,Carmen Mlodzinski,669387,R,L,14.21,0.1855,89.96,100.3102,0.3796,0.1748,0.281,74.81,54.02,30.83,30.83,37.57,8.7,7.08,44.72,90.48,0.4216,0.1448,23.67,8.0,8.0,8.0,loanDepot park,89,,,,No,No,6,Yes,Yes,RotoWire projected lineup; MLB probable pitchers,lineup projected / unconfirmed,H:2026/2025 P:2026/2025,,,Direct BvP not yet weighted; 2026/2025 Statcast baseline active,7,3,23,0,"Last 7 games: 3/23, 0 HR","platoon edge; pitcher baseline 7.1% barrel, 8.0 HR allowed",neutral batted-ball profile; pitcher fly-ball pressure modest,,
682663,Agustin Ramirez,MIA,PIT,2026-08-12T22:40:00Z,Scheduled,7,Carmen Mlodzinski,669387,R,R,6.38,0.1288,89.4,102.0093,0.3506,0.1175,0.2963,75.62,58.28,39.63,17.44,41.05,7.7,7.08,44.72,90.48,0.4216,0.1448,23.67,8.0,8.0,8.0,loanDepot park,89,,,,No,No,7,Yes,Yes,RotoWire projected lineup; MLB probable pitchers,lineup projected / unconfirmed,H:2026/2025 P:2026/2025,,,Direct BvP not yet weighted; 2026/2025 Statcast baseline active,7,4,15,0,"Last 7 games: 4/15, 0 HR","same-side matchup; pitcher baseline 7.1% barrel, 8.0 HR allowed",neutral batted-ball profile; pitcher fly-ball pressure modest,,
691788,Joe Mack,MIA,PIT,2026-08-12T22:40:00Z,Scheduled,8,Carmen Mlodzinski,669387,R,L,9.6,0.189,88.7,100.0121,0.424,0.189,0.31,74.3,42.4,49.7,24.8,40.1,11.0,7.08,44.72,90.48,0.4216,0.1448,23.67,8.0,8.0,8.0,loanDepot park,89,,,,No,No,8,Yes,Yes,RotoWire projected lineup; MLB probable pitchers,lineup projected / unconfirmed,H:2026 P:2026/2025,,,Direct BvP not yet weighted; 2026/2025 Statcast baseline active,7,3,19,1,"Last 7 games: 3/19, 1 HR","platoon edge; pitcher baseline 7.1% barrel, 8.0 HR allowed",neutral batted-ball profile; pitcher fly-ball pressure modest,,
691594,Javier Sanoja,MIA,PIT,2026-08-12T22:40:00Z,Scheduled,9,Carmen Mlodzinski,669387,R,R,2.08,0.1411,87.24,97.3416,0.3343,0.0781,0.2792,69.07,6.67,37.94,19.04,32.13,4.6,7.08,44.72,90.48,0.4216,0.1448,23.67,8.0,8.0,8.0,loanDepot park,89,,,,No,No,9,Yes,Yes,RotoWire projected lineup; MLB probable pitchers,lineup projected / unconfirmed,H:2026/2025 P:2026/2025,,,Direct BvP not yet weighted; 2026/2025 Statcast baseline active,7,9,22,0,Contact streak: 9/22 over last 7 games,"same-side matchup; pitcher baseline 7.1% barrel, 8.0 HR allowed",neutral batted-ball profile; pitcher fly-ball pressure modest,,
691718,Pete Crow-Armstrong,CHC,WSH,2026-08-12T22:45:00Z,Scheduled,1,Jackson Kent,800600,L,L,12.61,0.2529,90.06,101.6454,0.4757,0.2239,0.3525,74.17,43.27,49.67,35.43,46.78,28.2,,,,,,,,,,Nationals Park,101,,,,No,No,1,Yes,Yes,RotoWire projected lineup; MLB probable pitchers,lineup projected / unconfirmed,H:2026/2025 P:,,,Direct BvP not yet weighted; 2026/2025 Statcast baseline active,7,10,30,3,Hot streak: 3 HR in last 7 games,"same-side matchup; pitcher baseline 0.0% barrel, 0.0 HR allowed",fly-ball profile; pitcher fly-ball pressure modest,,
673548,Seiya Suzuki,CHC,WSH,2026-08-12T22:45:00Z,Scheduled,2,Jackson Kent,800600,L,R,12.26,0.2155,89.62,101.2548,0.4468,0.1984,0.3408,73.3,36.83,42.25,30.78,42.05,23.6,,,,,,,,,,Nationals Park,101,,,,No,No,2,Yes,Yes,RotoWire projected lineup; MLB probable pitchers,lineup projected / unconfirmed,H:2026/2025 P:,,,Direct BvP not yet weighted; 2026/2025 Statcast baseline active,7,7,29,2,Hot streak: 2 HR in last 7 games,"platoon edge; pitcher baseline 0.0% barrel, 0.0 HR allowed",neutral batted-ball profile; pitcher fly-ball pressure modest,,
683737,Michael Busch,CHC,WSH,2026-08-12T22:45:00Z,Scheduled,3,Jackson Kent,800600,L,L,11.5,0.1808,89.4,99.6515,0.4493,0.2048,0.3479,68.83,5.5,40.28,34.41,41.84,20.0,,,,,,,,,,Nationals Park,101,,,,No,No,3,Yes,Yes,RotoWire projected lineup; MLB probable pitchers,lineup projected / unconfirmed,H:2026/2025 P:,,,Direct BvP not yet weighted; 2026/2025 Statcast baseline active,7,8,30,0,"Last 7 games: 8/30, 0 HR","same-side matchup; pitcher baseline 0.0% barrel, 0.0 HR allowed",neutral batted-ball profile; pitcher fly-ball pressure modest,,
608324,Alex Bregman,CHC,WSH,2026-08-12T22:45:00Z,Scheduled,4,Jackson Kent,800600,L,R,5.06,0.1526,88.77,98.3528,0.3815,0.1348,0.3188,70.16,4.94,47.0,26.18,39.71,14.5,,,,,,,,,,Nationals Park,101,,,,No,No,4,Yes,Yes,RotoWire projected lineup; MLB probable pitchers,lineup projected / unconfirmed,H:2026/2025 P:,,,Direct BvP not yet weighted; 2026/2025 Statcast baseline active,7,10,31,2,Hot streak: 2 HR in last 7 games,"platoon edge; pitcher baseline 0.0% barrel, 0.0 HR allowed",neutral batted-ball profile; pitcher fly-ball pressure modest,,
664023,Ian Happ,CHC,WSH,2026-08-12T22:45:00Z,Scheduled,5,Jackson Kent,800600,L,S,11.1,0.1952,89.51,100.8627,0.4115,0.1951,0.3239,71.88,18.92,43.77,33.02,42.86,20.9,,,,,,,,,,Nationals Park,101,,,,No,No,5,Yes,Yes,RotoWire projected lineup; MLB probable pitchers,lineup projected / unconfirmed,H:2026/2025 P:,,,Direct BvP not yet weighted; 2026/2025 Statcast baseline active,7,6,24,2,Hot streak: 2 HR in last 7 games,"switch hitter; pitcher baseline 0.0% barrel, 0.0 HR allowed",neutral batted-ball profile; pitcher fly-ball pressure modest,,
663538,Nico Hoerner,CHC,WSH,2026-08-12T22:45:00Z,Scheduled,6,Jackson Kent,800600,L,R,1.56,0.1026,86.14,96.221,0.3798,0.0836,0.3241,68.33,1.83,33.29,21.98,28.83,7.0,,,,,,,,,,Nationals Park,101,,,,No,No,6,Yes,Yes,RotoWire projected lineup; MLB probable pitchers,lineup projected / unconfirmed,H:2026/2025 P:,,,Direct BvP not yet weighted; 2026/2025 Statcast baseline active,7,10,27,1,Contact streak: 10/27 over last 7 games,"platoon edge; pitcher baseline 0.0% barrel, 0.0 HR allowed",neutral batted-ball profile; pitcher fly-ball pressure modest,,
608348,Carson Kelly,CHC,WSH,2026-08-12T22:45:00Z,Scheduled,7,Jackson Kent,800600,L,R,6.87,0.1342,87.54,98.7978,0.3893,0.1498,0.3168,70.75,8.4,39.29,25.5,37.29,10.0,,,,,,,,,,Nationals Park,101,,,,No,No,7,Yes,Yes,RotoWire projected lineup; MLB probable pitchers,lineup projected / unconfirmed,H:2026/2025 P:,,,Direct BvP not yet weighted; 2026/2025 Statcast baseline active,7,7,22,1,"Last 7 games: 7/22, 1 HR","platoon edge; pitcher baseline 0.0% barrel, 0.0 HR allowed",neutral batted-ball profile; pitcher fly-ball pressure modest,,
621020,Dansby Swanson,CHC,WSH,2026-08-12T22:45:00Z,Scheduled,8,Jackson Kent,800600,L,R,8.48,0.1793,89.73,99.9002,0.4084,0.1743,0.3135,71.32,8.4,46.36,29.19,42.83,19.1,,,,,,,,,,Nationals Park,101,,,,No,No,8,Yes,Yes,RotoWire projected lineup; MLB probable pitchers,lineup projected / unconfirmed,H:2026/2025 P:,,,Direct BvP not yet weighted; 2026/2025 Statcast baseline active,7,5,25,1,"Last 7 games: 5/25, 1 HR","platoon edge; pitcher baseline 0.0% barrel, 0.0 HR allowed",neutral batted-ball profile; pitcher fly-ball pressure modest,,
621438,Tyrone Taylor,CHC,WSH,2026-08-12T22:45:00Z,Scheduled,9,Jackson Kent,800600,L,R,8.77,0.1968,87.13,98.5979,0.4158,0.1693,0.3113,71.28,13.26,49.56,31.54,35.17,7.6,,,,,,,,,,Nationals Park,101,,,,No,No,9,Yes,Yes,RotoWire projected lineup; MLB probable pitchers,lineup projected / unconfirmed,H:2026/2025 P:,,,Direct BvP not yet weighted; 2026/2025 Statcast baseline active,7,4,16,1,"Last 7 games: 4/16, 1 HR","platoon edge; pitcher baseline 0.0% barrel, 0.0 HR allowed",neutral batted-ball profile; pitcher fly-ball pressure modest,,
686611,Dylan Crews,WSH,CHC,2026-08-12T22:45:00Z,Scheduled,1,David Peterson,656849,L,R,10.36,0.1524,90.33,101.2827,0.4175,0.1811,0.3175,73.69,35.69,34.08,28.61,42.34,10.0,6.68,42.85,89.76,0.4182,0.1454,19.71,11.0,11.0,11.0,Nationals Park,101,,,,No,No,1,Yes,Yes,RotoWire projected lineup; MLB probable pitchers,lineup projected / unconfirmed,H:2026/2025 P:2026/2025,,,Direct BvP not yet weighted; 2026/2025 Statcast baseline active,7,5,31,1,"Last 7 games: 5/31, 1 HR","platoon edge; pitcher baseline 6.7% barrel, 11.0 HR allowed",neutral batted-ball profile; pitcher fly-ball pressure modest,,
665953,Andres Chaparro,WSH,CHC,2026-08-12T22:45:00Z,Scheduled,2,David Peterson,656849,L,R,11.94,0.2048,88.45,100.9985,0.4314,0.2079,0.3329,74.21,42.79,48.52,28.05,45.85,4.5,6.68,42.85,89.76,0.4182,0.1454,19.71,11.0,11.0,11.0,Nationals Park,101,,,,No,No,2,Yes,Yes,RotoWire projected lineup; MLB probable pitchers,lineup projected / unconfirmed,H:2026/2025 P:2026/2025,,,Direct BvP not yet weighted; 2026/2025 Statcast baseline active,7,5,18,0,"Last 7 games: 5/18, 0 HR","platoon edge; pitcher baseline 6.7% barrel, 11.0 HR allowed",neutral batted-ball profile; pitcher fly-ball pressure modest,,
691781,Brady House,WSH,CHC,2026-08-12T22:45:00Z,Scheduled,3,David Peterson,656849,L,R,9.69,0.1412,89.59,101.8713,0.4288,0.1665,0.3197,73.31,31.37,33.73,26.28,46.72,6.8,6.68,42.85,89.76,0.4182,0.1454,19.71,11.0,11.0,11.0,Nationals Park,101,,,,No,No,3,Yes,Yes,RotoWire projected lineup; MLB probable pitchers,lineup projected / unconfirmed,H:2026/2025 P:2026/2025,,,Direct BvP not yet weighted; 2026/2025 Statcast baseline active,7,6,21,1,"Last 7 games: 6/21, 1 HR","platoon edge; pitcher baseline 6.7% barrel, 11.0 HR allowed",neutral batted-ball profile; pitcher fly-ball pressure modest,,
682928,CJ Abrams,WSH,CHC,2026-08-12T22:45:00Z,Scheduled,4,David Peterson,656849,L,L,9.63,0.2355,89.4,100.0606,0.4416,0.1854,0.3356,72.75,27.82,43.45,28.52,41.44,26.0,6.68,42.85,89.76,0.4182,0.1454,19.71,11.0,11.0,11.0,Nationals Park,101,,,,No,No,4,Yes,Yes,RotoWire projected lineup; MLB probable pitchers,lineup projected / unconfirmed,H:2026/2025 P:2026/2025,,,Direct BvP not yet weighted; 2026/2025 Statcast baseline active,7,10,32,1,"Last 7 games: 10/32, 1 HR","same-side matchup; pitcher baseline 6.7% barrel, 11.0 HR allowed",neutral batted-ball profile; pitcher fly-ball pressure modest,,
695670,Harry Ford,WSH,CHC,2026-08-12T22:45:00Z,Scheduled,5,David Peterson,656849,L,R,15.27,0.1799,85.92,97.3119,0.3168,0.171,0.2583,69.27,4.23,33.4,43.49,33.13,1.4,6.68,42.85,89.76,0.4182,0.1454,19.71,11.0,11.0,11.0,Nationals Park,101,,,,No,No,5,Yes,Yes,RotoWire projected lineup; MLB probable pitchers,lineup projected / unconfirmed,H:2026/2025 P:2026/2025,,,Direct BvP not yet weighted; 2026/2025 Statcast baseline active,7,4,19,1,"Last 7 games: 4/19, 1 HR","platoon edge; pitcher baseline 6.7% barrel, 11.0 HR allowed",fly-ball profile; pitcher fly-ball pressure modest,,
687605,Andrew Pinckney,WSH,CHC,2026-08-12T22:45:00Z,Scheduled,6,David Peterson,656849,L,R,33.3,0.75,90.8,98.9195,0.618,0.381,0.359,72.5,50.0,33.3,33.3,33.3,1.0,6.68,42.85,89.76,0.4182,0.1454,19.71,11.0,11.0,11.0,Nationals Park,101,,,,No,No,6,Yes,Yes,RotoWire projected lineup; MLB probable pitchers,lineup projected / unconfirmed,H:2026 P:2026/2025,,,Direct BvP not yet weighted; 2026/2025 Statcast baseline active,4,1,4,1,"Last 4 games: 1/4, 1 HR","platoon edge; pitcher baseline 6.7% barrel, 11.0 HR allowed",neutral batted-ball profile; pitcher fly-ball pressure modest,,
695734,Daylen Lile,WSH,CHC,2026-08-12T22:45:00Z,Scheduled,7,David Peterson,656849,L,L,7.51,0.1801,88.62,98.8292,0.4259,0.1593,0.3235,70.5,8.52,40.8,33.04,38.21,13.2,6.68,42.85,89.76,0.4182,0.1454,19.71,11.0,11.0,11.0,Nationals Park,101,,,,No,No,7,Yes,Yes,RotoWire projected lineup; MLB probable pitchers,lineup projected / unconfirmed,H:2026/2025 P:2026/2025,,,Direct BvP not yet weighted; 2026/2025 Statcast baseline active,7,5,26,1,"Last 7 games: 5/26, 1 HR","same-side matchup; pitcher baseline 6.7% barrel, 11.0 HR allowed",neutral batted-ball profile; pitcher fly-ball pressure modest,,
696285,Jacob Young,WSH,CHC,2026-08-12T22:45:00Z,Scheduled,8,David Peterson,656849,L,R,5.05,0.1302,88.16,98.1041,0.3787,0.116,0.3138,69.0,2.02,34.58,23.65,33.43,7.6,6.68,42.85,89.76,0.4182,0.1454,19.71,11.0,11.0,11.0,Nationals Park,101,,,,No,No,8,Yes,Yes,RotoWire projected lineup; MLB probable pitchers,lineup projected / unconfirmed,H:2026/2025 P:2026/2025,,,Direct BvP not yet weighted; 2026/2025 Statcast baseline active,7,8,20,1,Contact streak: 8/20 over last 7 games,"platoon edge; pitcher baseline 6.7% barrel, 11.0 HR allowed",neutral batted-ball profile; pitcher fly-ball pressure modest,,
683083,Nasim Nunez,WSH,CHC,2026-08-12T22:45:00Z,Scheduled,9,David Peterson,656849,L,S,1.69,0.0769,85.87,95.9496,0.2998,0.0727,0.2785,68.74,4.84,31.57,18.47,27.71,1.9,6.68,42.85,89.76,0.4182,0.1454,19.71,11.0,11.0,11.0,Nationals Park,101,,,,No,No,9,Yes,Yes,RotoWire projected lineup; MLB probable pitchers,lineup projected / unconfirmed,H:2026/2025 P:2026/2025,,,Direct BvP not yet weighted; 2026/2025 Statcast baseline active,7,3,23,0,"Last 7 games: 3/23, 0 HR","switch hitter; pitcher baseline 6.7% barrel, 11.0 HR allowed",neutral batted-ball profile; pitcher fly-ball pressure modest,,
702284,Cole Young,SEA,NYY,2026-08-12T23:05:00Z,Scheduled,1,Will Warren,701542,R,L,5.18,0.1283,88.51,99.1055,0.3984,0.1366,0.3201,71.51,21.65,41.98,27.01,36.91,11.0,8.45,43.27,90.72,0.4225,0.1603,23.47,17.1,17.1,17.1,Yankee Stadium,119,,,,No,No,1,Yes,Yes,RotoWire projected lineup; MLB probable pitchers,lineup projected / unconfirmed,H:2026/2025 P:2026/2025,,,Direct BvP not yet weighted; 2026/2025 Statcast baseline active,7,4,25,0,"Last 7 games: 4/25, 0 HR","platoon edge; pitcher baseline 8.4% barrel, 17.1 HR allowed",neutral batted-ball profile; pitcher fly-ball pressure modest,,
668227,Randy Arozarena,SEA,NYY,2026-08-12T23:05:00Z,Scheduled,2,Will Warren,701542,R,R,8.98,0.1768,91.09,101.0852,0.4226,0.1683,0.3431,71.32,24.59,33.28,23.54,45.21,18.6,8.45,43.27,90.72,0.4225,0.1603,23.47,17.1,17.1,17.1,Yankee Stadium,119,,,,No,No,2,Yes,Yes,RotoWire projected lineup; MLB probable pitchers,lineup projected / unconfirmed,H:2026/2025 P:2026/2025,,,Direct BvP not yet weighted; 2026/2025 Statcast baseline active,7,5,27,1,"Last 7 games: 5/27, 1 HR","same-side matchup; pitcher baseline 8.4% barrel, 17.1 HR allowed",neutral batted-ball profile; pitcher fly-ball pressure modest,,
686527,Dominic Canzone,SEA,NYY,2026-08-12T23:05:00Z,Scheduled,3,Will Warren,701542,R,L,13.66,0.2188,91.88,102.7152,0.5092,0.2325,0.3669,74.22,44.09,40.11,26.58,46.97,15.9,8.45,43.27,90.72,0.4225,0.1603,23.47,17.1,17.1,17.1,Yankee Stadium,119,,,,No,No,3,Yes,Yes,RotoWire projected lineup; MLB probable pitchers,lineup projected / unconfirmed,H:2026/2025 P:2026/2025,,,Direct BvP not yet weighted; 2026/2025 Statcast baseline active,7,5,26,0,"Last 7 games: 5/26, 0 HR","platoon edge; pitcher baseline 8.4% barrel, 17.1 HR allowed",neutral batted-ball profile; pitcher fly-ball pressure modest,,
677594,Julio Rodriguez,SEA,NYY,2026-08-12T23:05:00Z,Scheduled,4,Will Warren,701542,R,R,9.1,0.1776,90.47,102.7524,0.472,0.1971,0.3489,76.61,67.06,38.28,26.33,44.43,22.2,8.45,43.27,90.72,0.4225,0.1603,23.47,17.1,17.1,17.1,Yankee Stadium,119,,,,No,No,4,Yes,Yes,RotoWire projected lineup; MLB probable pitchers,lineup projected / unconfirmed,H:2026/2025 P:2026/2025,,,Direct BvP not yet weighted; 2026/2025 Statcast baseline active,7,7,24,2,Hot streak: 2 HR in last 7 games,"same-side matchup; pitcher baseline 8.4% barrel, 17.1 HR allowed",neutral batted-ball profile; pitcher fly-ball pressure modest,,
647304,Josh Naylor,SEA,NYY,2026-08-12T23:05:00Z,Scheduled,5,Will Warren,701542,R,L,5.44,0.1264,88.22,99.1766,0.4061,0.1359,0.325,70.41,11.33,41.64,23.62,38.19,13.0,8.45,43.27,90.72,0.4225,0.1603,23.47,17.1,17.1,17.1,Yankee Stadium,119,,,,No,No,5,Yes,Yes,RotoWire projected lineup; MLB probable pitchers,lineup projected / unconfirmed,H:2026/2025 P:2026/2025,,,Direct BvP not yet weighted; 2026/2025 Statcast baseline active,7,7,24,2,Hot streak: 2 HR in last 7 games,"platoon edge; pitcher baseline 8.4% barrel, 17.1 HR allowed",neutral batted-ball profile; pitcher fly-ball pressure modest,,
663728,Cal Raleigh,SEA,NYY,2026-08-12T23:05:00Z,Scheduled,6,Will Warren,701542,R,S,14.95,0.2006,89.69,100.6815,0.4224,0.2285,0.3157,75.06,52.81,53.8,41.94,39.03,26.4,8.45,43.27,90.72,0.4225,0.1603,23.47,17.1,17.1,17.1,Yankee Stadium,119,,,,No,No,6,Yes,Yes,RotoWire projected lineup; MLB probable pitchers,lineup projected / unconfirmed,H:2026/2025 P:2026/2025,,,Direct BvP not yet weighted; 2026/2025 Statcast baseline active,7,3,23,1,"Last 7 games: 3/23, 1 HR","switch hitter; pitcher baseline 8.4% barrel, 17.1 HR allowed",fly-ball profile; pitcher fly-ball pressure modest,,
680977,Brendan Donovan,SEA,NYY,2026-08-12T23:05:00Z,Scheduled,7,Will Warren,701542,R,L,5.23,0.1455,86.27,96.9523,0.379,0.1249,0.3271,68.74,1.86,38.3,23.56,32.5,5.1,8.45,43.27,90.72,0.4225,0.1603,23.47,17.1,17.1,17.1,Yankee Stadium,119,,,,No,No,7,Yes,Yes,RotoWire projected lineup; MLB probable pitchers,lineup projected / unconfirmed,H:2026/2025 P:2026/2025,,,Direct BvP not yet weighted; 2026/2025 Statcast baseline active,7,7,26,0,"Last 7 games: 7/26, 0 HR","platoon edge; pitcher baseline 8.4% barrel, 17.1 HR allowed",neutral batted-ball profile; pitcher fly-ball pressure modest,,
621493,Taylor Ward,SEA,NYY,2026-08-12T23:05:00Z,Scheduled,8,Will Warren,701542,R,R,8.17,0.1434,89.26,99.4128,0.3975,0.1553,0.3379,68.8,4.23,32.96,29.66,39.48,15.7,8.45,43.27,90.72,0.4225,0.1603,23.47,17.1,17.1,17.1,Yankee Stadium,119,,,,No,No,8,Yes,Yes,RotoWire projected lineup; MLB probable pitchers,lineup projected / unconfirmed,H:2026/2025 P:2026/2025,,,Direct BvP not yet weighted; 2026/2025 Statcast baseline active,7,4,27,0,"Last 7 games: 4/27, 0 HR","same-side matchup; pitcher baseline 8.4% barrel, 17.1 HR allowed",neutral batted-ball profile; pitcher fly-ball pressure modest,,
806068,Colt Emerson,SEA,NYY,2026-08-12T23:05:00Z,Scheduled,9,Will Warren,701542,R,L,5.0,0.147,86.7,97.1849,0.305,0.106,0.252,72.5,26.1,41.1,22.7,31.2,8.0,8.45,43.27,90.72,0.4225,0.1603,23.47,17.1,17.1,17.1,Yankee Stadium,119,,,,No,No,9,Yes,Yes,RotoWire projected lineup; MLB probable pitchers,lineup projected / unconfirmed,H:2026 P:2026/2025,,,Direct BvP not yet weighted; 2026/2025 Statcast baseline active,7,3,22,1,"Last 7 games: 3/22, 1 HR","platoon edge; pitcher baseline 8.4% barrel, 17.1 HR allowed",neutral batted-ball profile; pitcher fly-ball pressure modest,,
663757,Trent Grisham,NYY,SEA,2026-08-12T23:05:00Z,Scheduled,1,Bryce Miller,682243,R,L,11.26,0.194,90.82,100.8753,0.4581,0.2094,0.3497,70.72,8.88,46.47,30.35,45.56,19.3,7.51,36.14,88.62,0.3804,0.1533,31.93,14.2,14.2,14.2,Yankee Stadium,119,,,,No,No,1,Yes,Yes,RotoWire projected lineup; MLB probable pitchers,lineup projected / unconfirmed,H:2026/2025 P:2026/2025,,,Direct BvP not yet weighted; 2026/2025 Statcast baseline active,7,8,29,2,Hot streak: 2 HR in last 7 games,"platoon edge; pitcher baseline 7.5% barrel, 14.2 HR allowed",neutral batted-ball profile; pitcher allows elevated contact,,
700250,Ben Rice,NYY,SEA,2026-08-12T23:05:00Z,Scheduled,2,Bryce Miller,682243,R,L,15.54,0.2734,92.39,102.5444,0.5215,0.2534,0.3777,72.84,28.08,46.22,30.11,50.43,30.2,7.51,36.14,88.62,0.3804,0.1533,31.93,14.2,14.2,14.2,Yankee Stadium,119,,,,No,No,2,Yes,Yes,RotoWire projected lineup; MLB probable pitchers,lineup projected / unconfirmed,H:2026/2025 P:2026/2025,,,Direct BvP not yet weighted; 2026/2025 Statcast baseline active,7,2,24,1,"Last 7 games: 2/24, 1 HR","platoon edge; pitcher baseline 7.5% barrel, 14.2 HR allowed",lift-pull EV profile; pitcher allows elevated contact,,
671218,Heliot Ramos,NYY,SEA,2026-08-12T23:05:00Z,Scheduled,3,Bryce Miller,682243,R,R,12.02,0.1524,92.01,102.9076,0.4345,0.1806,0.3214,72.78,30.09,34.22,22.32,48.45,12.6,7.51,36.14,88.62,0.3804,0.1533,31.93,14.2,14.2,14.2,Yankee Stadium,119,,,,No,No,3,Yes,Yes,RotoWire projected lineup; MLB probable pitchers,lineup projected / unconfirmed,H:2026/2025 P:2026/2025,,,Direct BvP not yet weighted; 2026/2025 Statcast baseline active,7,3,25,0,"Last 7 games: 3/25, 0 HR","same-side matchup; pitcher baseline 7.5% barrel, 14.2 HR allowed",EV profile; pitcher allows elevated contact,,
671277,Luis Garcia,NYY,SEA,2026-08-12T23:05:00Z,Scheduled,4,Bryce Miller,682243,R,L,11.31,0.2391,91.18,101.8761,0.4945,0.2079,0.3495,73.59,38.43,41.43,22.05,46.01,21.6,7.51,36.14,88.62,0.3804,0.1533,31.93,14.2,14.2,14.2,Yankee Stadium,119,,,,No,No,4,Yes,Yes,RotoWire projected lineup; MLB probable pitchers,lineup projected / unconfirmed,H:2026/2025 P:2026/2025,,,Direct BvP not yet weighted; 2026/2025 Statcast baseline active,7,7,27,1,"Last 7 games: 7/27, 1 HR","platoon edge; pitcher baseline 7.5% barrel, 14.2 HR allowed",neutral batted-ball profile; pitcher allows elevated contact,,
665862,Jazz Chisholm,NYY,SEA,2026-08-12T23:05:00Z,Scheduled,5,Bryce Miller,682243,R,L,10.87,0.1963,90.4,100.628,0.4012,0.1833,0.3068,73.41,34.28,53.1,29.42,42.88,21.2,7.51,36.14,88.62,0.3804,0.1533,31.93,14.2,14.2,14.2,Yankee Stadium,119,,,,No,No,5,Yes,Yes,RotoWire projected lineup; MLB probable pitchers,lineup projected / unconfirmed,H:2026/2025 P:2026/2025,,,Direct BvP not yet weighted; 2026/2025 Statcast baseline active,7,3,22,1,"Last 7 games: 3/22, 1 HR","platoon edge; pitcher baseline 7.5% barrel, 14.2 HR allowed",neutral batted-ball profile; pitcher allows elevated contact,,
682987,Spencer Jones,NYY,SEA,2026-08-12T23:05:00Z,Scheduled,6,Bryce Miller,682243,R,L,12.5,0.175,94.0,103.5388,0.421,0.201,0.318,77.7,78.3,29.2,37.5,57.7,5.0,7.51,36.14,88.62,0.3804,0.1533,31.93,14.2,14.2,14.2,Yankee Stadium,119,,,,No,No,6,Yes,Yes,RotoWire projected lineup; MLB probable pitchers,lineup projected / unconfirmed,H:2026 P:2026/2025,,,Direct BvP not yet weighted; 2026/2025 Statcast baseline active,7,2,23,0,"Last 7 games: 2/23, 0 HR","platoon edge; pitcher baseline 7.5% barrel, 14.2 HR allowed",EV profile; pitcher allows elevated contact,,
806146,George Lombard,NYY,SEA,2026-08-12T23:05:00Z,Scheduled,7,Bryce Miller,682243,R,R,14.3,0.285,86.5,99.0799,0.437,0.154,0.359,72.2,25.5,33.3,20.0,40.0,2.0,7.51,36.14,88.62,0.3804,0.1533,31.93,14.2,14.2,14.2,Yankee Stadium,119,,,,No,No,7,Yes,Yes,RotoWire projected lineup; MLB probable pitchers,lineup projected / unconfirmed,H:2026 P:2026/2025,,,Direct BvP not yet weighted; 2026/2025 Statcast baseline active,6,6,21,2,Hot streak: 2 HR in last 6 games,"same-side matchup; pitcher baseline 7.5% barrel, 14.2 HR allowed",neutral batted-ball profile; pitcher allows elevated contact,,
641857,Ryan McMahon,NYY,SEA,2026-08-12T23:05:00Z,Scheduled,8,Bryce Miller,682243,R,L,10.91,0.1607,91.9,102.1757,0.4057,0.1751,0.3108,74.42,46.48,40.36,31.61,48.96,13.0,7.51,36.14,88.62,0.3804,0.1533,31.93,14.2,14.2,14.2,Yankee Stadium,119,,,,No,No,8,Yes,Yes,RotoWire projected lineup; MLB probable pitchers,lineup projected / unconfirmed,H:2026/2025 P:2026/2025,,,Direct BvP not yet weighted; 2026/2025 Statcast baseline active,7,6,19,1,"Last 7 games: 6/19, 1 HR","platoon edge; pitcher baseline 7.5% barrel, 14.2 HR allowed",neutral batted-ball profile; pitcher allows elevated contact,,
669224,Austin Wells,NYY,SEA,2026-08-12T23:05:00Z,Scheduled,9,Bryce Miller,682243,R,L,8.03,0.1512,89.69,100.6132,0.3801,0.1654,0.2982,72.98,27.53,45.89,33.42,44.01,11.9,7.51,36.14,88.62,0.3804,0.1533,31.93,14.2,14.2,14.2,Yankee Stadium,119,,,,No,No,9,Yes,Yes,RotoWire projected lineup; MLB probable pitchers,lineup projected / unconfirmed,H:2026/2025 P:2026/2025,,,Direct BvP not yet weighted; 2026/2025 Statcast baseline active,7,7,20,1,Contact streak: 7/20 over last 7 games,"platoon edge; pitcher baseline 7.5% barrel, 14.2 HR allowed",neutral batted-ball profile; pitcher allows elevated contact,,
686765,Nick Sogard,BOS,TOR,2026-08-12T23:07:00Z,Scheduled,1,José Soriano,667755,R,S,2.73,0.0861,84.67,95.5217,0.3344,0.0785,0.3167,69.06,4.1,46.22,21.5,26.3,0.0,7.62,41.27,89.65,0.3782,0.1362,18.82,12.0,12.0,12.0,Rogers Centre,105,,,,No,No,1,Yes,Yes,RotoWire projected lineup; MLB probable pitchers,lineup projected / unconfirmed,H:2026/2025 P:2026/2025,,,Direct BvP not yet weighted; 2026/2025 Statcast baseline active,7,7,27,0,"Last 7 games: 7/27, 0 HR","switch hitter; pitcher baseline 7.6% barrel, 12.0 HR allowed",neutral batted-ball profile; pitcher fly-ball pressure modest,,
678882,Ceddanne Rafaela,BOS,TOR,2026-08-12T23:07:00Z,Scheduled,2,José Soriano,667755,R,R,6.68,0.1769,87.11,97.9084,0.3817,0.1334,0.2931,70.02,8.9,35.43,25.93,34.64,16.0,7.62,41.27,89.65,0.3782,0.1362,18.82,12.0,12.0,12.0,Rogers Centre,105,,,,No,No,2,Yes,Yes,RotoWire projected lineup; MLB probable pitchers,lineup projected / unconfirmed,H:2026/2025 P:2026/2025,,,Direct BvP not yet weighted; 2026/2025 Statcast baseline active,7,8,32,1,"Last 7 games: 8/32, 1 HR","same-side matchup; pitcher baseline 7.6% barrel, 12.0 HR allowed",neutral batted-ball profile; pitcher fly-ball pressure modest,,
677800,Wilyer Abreu,BOS,TOR,2026-08-12T23:07:00Z,Scheduled,3,José Soriano,667755,R,L,12.65,0.2129,90.24,101.3032,0.4792,0.2271,0.3462,73.89,38.59,37.41,37.94,43.71,21.3,7.62,41.27,89.65,0.3782,0.1362,18.82,12.0,12.0,12.0,Rogers Centre,105,,,,No,No,3,Yes,Yes,RotoWire projected lineup; MLB probable pitchers,lineup projected / unconfirmed,H:2026/2025 P:2026/2025,,,Direct BvP not yet weighted; 2026/2025 Statcast baseline active,7,8,22,4,Hot streak: 4 HR in last 7 games,"platoon edge; pitcher baseline 7.6% barrel, 12.0 HR allowed",fly-ball profile; pitcher fly-ball pressure modest,,
575929,Willson Contreras,BOS,TOR,2026-08-12T23:07:00Z,Scheduled,4,José Soriano,667755,R,R,14.04,0.2271,90.53,103.022,0.4971,0.2366,0.3755,76.77,68.66,44.21,29.33,46.55,22.1,7.62,41.27,89.65,0.3782,0.1362,18.82,12.0,12.0,12.0,Rogers Centre,105,,,,No,No,4,Yes,Yes,RotoWire projected lineup; MLB probable pitchers,lineup projected / unconfirmed,H:2026/2025 P:2026/2025,,,Direct BvP not yet weighted; 2026/2025 Statcast baseline active,7,4,24,0,"Last 7 games: 4/24, 0 HR","same-side matchup; pitcher baseline 7.6% barrel, 12.0 HR allowed",neutral batted-ball profile; pitcher fly-ball pressure modest,,
668939,Adley Rutschman,BOS,TOR,2026-08-12T23:07:00Z,Scheduled,5,José Soriano,667755,R,S,7.15,0.1698,89.26,99.5151,0.4219,0.1599,0.3404,70.56,13.05,38.75,28.38,40.7,8.3,7.62,41.27,89.65,0.3782,0.1362,18.82,12.0,12.0,12.0,Rogers Centre,105,,,,No,No,5,Yes,Yes,RotoWire projected lineup; MLB probable pitchers,lineup projected / unconfirmed,H:2026/2025 P:2026/2025,,,Direct BvP not yet weighted; 2026/2025 Statcast baseline active,7,4,22,0,"Last 7 games: 4/22, 0 HR","switch hitter; pitcher baseline 7.6% barrel, 12.0 HR allowed",neutral batted-ball profile; pitcher fly-ball pressure modest,,
807799,Masataka Yoshida,BOS,TOR,2026-08-12T23:07:00Z,Scheduled,6,José Soriano,667755,R,L,4.5,0.1269,89.01,99.3899,0.3805,0.1143,0.321,71.69,19.23,44.2,21.46,40.43,4.7,7.62,41.27,89.65,0.3782,0.1362,18.82,12.0,12.0,12.0,Rogers Centre,105,,,,No,No,6,Yes,Yes,RotoWire projected lineup; MLB probable pitchers,lineup projected / unconfirmed,H:2026/2025 P:2026/2025,,,Direct BvP not yet weighted; 2026/2025 Statcast baseline active,7,9,26,1,Contact streak: 9/26 over last 7 games,"platoon edge; pitcher baseline 7.6% barrel, 12.0 HR allowed",neutral batted-ball profile; pitcher fly-ball pressure modest,,
702332,Caleb Durbin,BOS,TOR,2026-08-12T23:07:00Z,Scheduled,7,José Soriano,667755,R,R,3.16,0.1457,84.29,95.9639,0.3326,0.093,0.2931,68.88,5.37,41.44,18.98,27.11,11.0,7.62,41.27,89.65,0.3782,0.1362,18.82,12.0,12.0,12.0,Rogers Centre,105,,,,No,No,7,Yes,Yes,RotoWire projected lineup; MLB probable pitchers,lineup projected / unconfirmed,H:2026/2025 P:2026/2025,,,Direct BvP not yet weighted; 2026/2025 Statcast baseline active,7,6,26,0,"Last 7 games: 6/26, 0 HR","same-side matchup; pitcher baseline 7.6% barrel, 12.0 HR allowed",neutral batted-ball profile; pitcher fly-ball pressure modest,,
680776,Jarren Duran,BOS,TOR,2026-08-12T23:07:00Z,Scheduled,8,José Soriano,667755,R,L,9.84,0.1636,90.33,102.1164,0.3918,0.1536,0.3064,74.98,50.1,39.53,22.44,41.55,16.0,7.62,41.27,89.65,0.3782,0.1362,18.82,12.0,12.0,12.0,Rogers Centre,105,,,,No,No,8,Yes,Yes,RotoWire projected lineup; MLB probable pitchers,lineup projected / unconfirmed,H:2026/2025 P:2026/2025,,,Direct BvP not yet weighted; 2026/2025 Statcast baseline active,7,5,26,1,"Last 7 games: 5/26, 1 HR","platoon edge; pitcher baseline 7.6% barrel, 12.0 HR allowed",neutral batted-ball profile; pitcher fly-ball pressure modest,,
655316,Andruw Monasterio,BOS,TOR,2026-08-12T23:07:00Z,Scheduled,9,José Soriano,667755,R,R,7.47,0.1754,88.12,97.9427,0.3882,0.1446,0.3059,69.17,3.15,42.65,31.62,35.73,5.4,7.62,41.27,89.65,0.3782,0.1362,18.82,12.0,12.0,12.0,Rogers Centre,105,,,,No,No,9,Yes,Yes,RotoWire projected lineup; MLB probable pitchers,lineup projected / unconfirmed,H:2026/2025 P:2026/2025,,,Direct BvP not yet weighted; 2026/2025 Statcast baseline active,7,7,23,0,"Last 7 games: 7/23, 0 HR","same-side matchup; pitcher baseline 7.6% barrel, 12.0 HR allowed",neutral batted-ball profile; pitcher fly-ball pressure modest,,
703520,Brett Bateman,TOR,BOS,2026-08-12T23:07:00Z,Scheduled,1,Ranger Suarez,624133,L,L,0.0,0.091,85.2,95.8086,0.314,0.085,0.274,68.3,0.0,6.3,12.5,25.0,0.0,5.08,33.06,86.64,0.3496,0.1089,22.56,8.4,8.4,8.4,Rogers Centre,105,,,,No,No,1,Yes,Yes,RotoWire projected lineup; MLB probable pitchers,lineup projected / unconfirmed,H:2026 P:2026/2025,,,Direct BvP not yet weighted; 2026/2025 Statcast baseline active,5,6,22,0,"Last 5 games: 6/22, 0 HR","same-side matchup; pitcher baseline 5.1% barrel, 8.4 HR allowed",neutral batted-ball profile; pitcher fly-ball pressure modest,,
665489,Vladimir Guerrero,TOR,BOS,2026-08-12T23:07:00Z,Scheduled,2,Ranger Suarez,624133,L,R,8.56,0.119,90.67,103.0591,0.4318,0.1451,0.349,76.35,63.82,36.23,19.03,45.66,11.8,5.08,33.06,86.64,0.3496,0.1089,22.56,8.4,8.4,8.4,Rogers Centre,105,,,,No,No,2,Yes,Yes,RotoWire projected lineup; MLB probable pitchers,lineup projected / unconfirmed,H:2026/2025 P:2026/2025,,,Direct BvP not yet weighted; 2026/2025 Statcast baseline active,7,5,28,1,"Last 7 games: 5/28, 1 HR","platoon edge; pitcher baseline 5.1% barrel, 8.4 HR allowed",neutral batted-ball profile; pitcher fly-ball pressure modest,,
672386,Alejandro Kirk,TOR,BOS,2026-08-12T23:07:00Z,Scheduled,3,Ranger Suarez,624133,L,R,4.57,0.1152,88.3,99.8439,0.389,0.1288,0.3163,71.87,20.14,27.75,22.25,40.3,7.3,5.08,33.06,86.64,0.3496,0.1089,22.56,8.4,8.4,8.4,Rogers Centre,105,,,,No,No,3,Yes,Yes,RotoWire projected lineup; MLB probable pitchers,lineup projected / unconfirmed,H:2026/2025 P:2026/2025,,,Direct BvP not yet weighted; 2026/2025 Statcast baseline active,7,9,22,0,Contact streak: 9/22 over last 7 games,"platoon edge; pitcher baseline 5.1% barrel, 8.4 HR allowed",neutral batted-ball profile; pitcher fly-ball pressure modest,,
543807,George Springer,TOR,BOS,2026-08-12T23:07:00Z,Scheduled,4,Ranger Suarez,624133,L,R,9.76,0.1866,88.95,100.1884,0.4352,0.1862,0.3361,73.24,34.74,41.44,27.14,41.37,18.0,5.08,33.06,86.64,0.3496,0.1089,22.56,8.4,8.4,8.4,Rogers Centre,105,,,,No,No,4,Yes,Yes,RotoWire projected lineup; MLB probable pitchers,lineup projected / unconfirmed,H:2026/2025 P:2026/2025,,,Direct BvP not yet weighted; 2026/2025 Statcast baseline active,7,3,19,0,"Last 7 games: 3/19, 0 HR","platoon edge; pitcher baseline 5.1% barrel, 8.4 HR allowed",neutral batted-ball profile; pitcher fly-ball pressure modest,,
672960,Kazuma Okamoto,TOR,BOS,2026-08-12T23:07:00Z,Scheduled,5,Ranger Suarez,624133,L,R,12.5,0.204,90.3,101.4731,0.408,0.199,0.304,73.2,35.8,50.5,33.1,43.8,24.0,5.08,33.06,86.64,0.3496,0.1089,22.56,8.4,8.4,8.4,Rogers Centre,105,,,,No,No,5,Yes,Yes,RotoWire projected lineup; MLB probable pitchers,lineup projected / unconfirmed,H:2026 P:2026/2025,,,Direct BvP not yet weighted; 2026/2025 Statcast baseline active,7,5,29,0,"Last 7 games: 5/29, 0 HR","platoon edge; pitcher baseline 5.1% barrel, 8.4 HR allowed",neutral batted-ball profile; pitcher fly-ball pressure modest,,
676391,Ernie Clement,TOR,BOS,2026-08-12T23:07:00Z,Scheduled,6,Ranger Suarez,624133,L,R,2.4,0.1245,85.34,94.7922,0.3401,0.0881,0.2729,67.46,2.61,42.62,28.32,22.43,9.0,5.08,33.06,86.64,0.3496,0.1089,22.56,8.4,8.4,8.4,Rogers Centre,105,,,,No,No,6,Yes,Yes,RotoWire projected lineup; MLB probable pitchers,lineup projected / unconfirmed,H:2026/2025 P:2026/2025,,,Direct BvP not yet weighted; 2026/2025 Statcast baseline active,7,6,28,1,"Last 7 games: 6/28, 1 HR","platoon edge; pitcher baseline 5.1% barrel, 8.4 HR allowed",neutral batted-ball profile; pitcher fly-ball pressure modest,,
665926,Andres Gimenez,TOR,BOS,2026-08-12T23:07:00Z,Scheduled,7,Ranger Suarez,624133,L,L,3.35,0.1163,85.95,95.9021,0.3358,0.0978,0.2814,68.46,5.28,38.31,23.37,24.97,7.7,5.08,33.06,86.64,0.3496,0.1089,22.56,8.4,8.4,8.4,Rogers Centre,105,,,,No,No,7,Yes,Yes,RotoWire projected lineup; MLB probable pitchers,lineup projected / unconfirmed,H:2026/2025 P:2026/2025,,,Direct BvP not yet weighted; 2026/2025 Statcast baseline active,7,9,27,1,Contact streak: 9/27 over last 7 games,"same-side matchup; pitcher baseline 5.1% barrel, 8.4 HR allowed",neutral batted-ball profile; pitcher fly-ball pressure modest,,
664702,Myles Straw,TOR,BOS,2026-08-12T23:07:00Z,Scheduled,8,Ranger Suarez,624133,L,R,3.48,0.1092,86.22,95.8224,0.3587,0.1025,0.2936,68.26,5.73,36.22,27.11,25.84,3.3,5.08,33.06,86.64,0.3496,0.1089,22.56,8.4,8.4,8.4,Rogers Centre,105,,,,No,No,8,Yes,Yes,RotoWire projected lineup; MLB probable pitchers,lineup projected / unconfirmed,H:2026/2025 P:2026/2025,,,Direct BvP not yet weighted; 2026/2025 Statcast baseline active,7,4,25,0,"Last 7 games: 4/25, 0 HR","platoon edge; pitcher baseline 5.1% barrel, 8.4 HR allowed",neutral batted-ball profile; pitcher fly-ball pressure modest,,
807727,Charles McAdoo,TOR,BOS,2026-08-12T23:07:00Z,Scheduled,9,Ranger Suarez,624133,L,R,8.7,0.207,88.2,95.5111,0.362,0.145,0.27,73.8,41.2,8.7,30.4,26.1,2.0,5.08,33.06,86.64,0.3496,0.1089,22.56,8.4,8.4,8.4,Rogers Centre,105,,,,No,No,9,Yes,Yes,RotoWire projected lineup; MLB probable pitchers,lineup projected / unconfirmed,H:2026 P:2026/2025,,,Direct BvP not yet weighted; 2026/2025 Statcast baseline active,7,2,18,1,"Last 7 games: 2/18, 1 HR","platoon edge; pitcher baseline 5.1% barrel, 8.4 HR allowed",neutral batted-ball profile; pitcher fly-ball pressure modest,,
805999,A.J. Ewing,NYM,ATL,2026-08-12T23:15:00Z,Scheduled,1,Tyler Mahle,641816,R,L,7.5,0.134,89.7,100.5384,0.4,0.142,0.321,70.3,11.1,32.9,24.9,43.7,7.0,7.3,36.89,89.48,0.3948,0.1502,27.68,11.3,11.3,11.3,Truist Park,106,,,,No,No,1,Yes,Yes,RotoWire projected lineup; MLB probable pitchers,lineup projected / unconfirmed,H:2026 P:2026/2025,,,Direct BvP not yet weighted; 2026/2025 Statcast baseline active,7,5,27,0,"Last 7 games: 5/27, 0 HR","platoon edge; pitcher baseline 7.3% barrel, 11.3 HR allowed",neutral batted-ball profile; pitcher fly-ball pressure modest,,
596019,Francisco Lindor,NYM,ATL,2026-08-12T23:15:00Z,Scheduled,2,Tyler Mahle,641816,R,S,9.53,0.1955,91.2,100.3928,0.4624,0.2024,0.3513,72.02,22.46,45.46,29.88,47.97,17.0,7.3,36.89,89.48,0.3948,0.1502,27.68,11.3,11.3,11.3,Truist Park,106,,,,No,No,2,Yes,Yes,RotoWire projected lineup; MLB probable pitchers,lineup projected / unconfirmed,H:2026/2025 P:2026/2025,,,Direct BvP not yet weighted; 2026/2025 Statcast baseline active,7,9,28,2,Hot streak: 2 HR in last 7 games,"switch hitter; pitcher baseline 7.3% barrel, 11.3 HR allowed",neutral batted-ball profile; pitcher fly-ball pressure modest,,
666182,Bo Bichette,NYM,ATL,2026-08-12T23:15:00Z,Scheduled,3,Tyler Mahle,641816,R,R,6.5,0.1307,89.81,100.9935,0.4254,0.144,0.3299,69.73,13.23,27.05,22.6,42.85,13.1,7.3,36.89,89.48,0.3948,0.1502,27.68,11.3,11.3,11.3,Truist Park,106,,,,No,No,3,Yes,Yes,RotoWire projected lineup; MLB probable pitchers,lineup projected / unconfirmed,H:2026/2025 P:2026/2025,,,Direct BvP not yet weighted; 2026/2025 Statcast baseline active,7,10,28,0,Contact streak: 10/28 over last 7 games,"same-side matchup; pitcher baseline 7.3% barrel, 11.3 HR allowed",neutral batted-ball profile; pitcher fly-ball pressure modest,,
701807,Carson Benge,NYM,ATL,2026-08-12T23:15:00Z,Scheduled,4,Tyler Mahle,641816,R,L,7.6,0.138,89.4,100.0693,0.441,0.158,0.343,70.9,17.2,32.2,25.6,41.0,13.0,7.3,36.89,89.48,0.3948,0.1502,27.68,11.3,11.3,11.3,Truist Park,106,,,,No,No,4,Yes,Yes,RotoWire projected lineup; MLB probable pitchers,lineup projected / unconfirmed,H:2026 P:2026/2025,,,Direct BvP not yet weighted; 2026/2025 Statcast baseline active,7,11,29,2,Hot streak: 2 HR in last 7 games,"platoon edge; pitcher baseline 7.3% barrel, 11.3 HR allowed",neutral batted-ball profile; pitcher fly-ball pressure modest,,
673357,Luis Robert,NYM,ATL,2026-08-12T23:15:00Z,Scheduled,5,Tyler Mahle,641816,R,R,6.38,0.1291,89.05,101.4219,0.3805,0.1485,0.3014,76.37,64.61,46.65,26.89,39.29,7.7,7.3,36.89,89.48,0.3948,0.1502,27.68,11.3,11.3,11.3,Truist Park,106,,,,No,No,5,Yes,Yes,RotoWire projected lineup; MLB probable pitchers,lineup projected / unconfirmed,H:2026/2025 P:2026/2025,,,Direct BvP not yet weighted; 2026/2025 Statcast baseline active,7,7,24,1,"Last 7 games: 7/24, 1 HR","same-side matchup; pitcher baseline 7.3% barrel, 11.3 HR allowed",neutral batted-ball profile; pitcher fly-ball pressure modest,,
676724,Jared Young,NYM,ATL,2026-08-12T23:15:00Z,Scheduled,6,Tyler Mahle,641816,R,L,10.38,0.2124,88.59,101.3678,0.4217,0.1864,0.3191,73.37,33.67,38.74,25.48,46.16,6.1,7.3,36.89,89.48,0.3948,0.1502,27.68,11.3,11.3,11.3,Truist Park,106,,,,No,No,6,Yes,Yes,RotoWire projected lineup; MLB probable pitchers,lineup projected / unconfirmed,H:2026/2025 P:2026/2025,,,Direct BvP not yet weighted; 2026/2025 Statcast baseline active,7,9,25,0,Contact streak: 9/25 over last 7 games,"platoon edge; pitcher baseline 7.3% barrel, 11.3 HR allowed",neutral batted-ball profile; pitcher fly-ball pressure modest,,
543760,Marcus Semien,NYM,ATL,2026-08-12T23:15:00Z,Scheduled,7,Tyler Mahle,641816,R,R,7.08,0.1417,87.04,97.6405,0.3943,0.1509,0.3082,68.57,3.13,46.35,31.51,35.28,14.3,7.3,36.89,89.48,0.3948,0.1502,27.68,11.3,11.3,11.3,Truist Park,106,,,,No,No,7,Yes,Yes,RotoWire projected lineup; MLB probable pitchers,lineup projected / unconfirmed,H:2026/2025 P:2026/2025,,,Direct BvP not yet weighted; 2026/2025 Statcast baseline active,7,6,26,2,Hot streak: 2 HR in last 7 games,"same-side matchup; pitcher baseline 7.3% barrel, 11.3 HR allowed",neutral batted-ball profile; pitcher fly-ball pressure modest,,
593871,Jorge Polanco,NYM,ATL,2026-08-12T23:15:00Z,Scheduled,8,Tyler Mahle,641816,R,S,6.1,0.1313,87.23,98.2293,0.3352,0.1287,0.2646,69.94,6.7,45.74,25.34,35.02,9.2,7.3,36.89,89.48,0.3948,0.1502,27.68,11.3,11.3,11.3,Truist Park,106,,,,No,No,8,Yes,Yes,RotoWire projected lineup; MLB probable pitchers,lineup projected / unconfirmed,H:2026/2025 P:2026/2025,,,Direct BvP not yet weighted; 2026/2025 Statcast baseline active,7,3,24,1,"Last 7 games: 3/24, 1 HR","switch hitter; pitcher baseline 7.3% barrel, 11.3 HR allowed",neutral batted-ball profile; pitcher fly-ball pressure modest,,
682626,Francisco Alvarez,NYM,ATL,2026-08-12T23:15:00Z,Scheduled,9,Tyler Mahle,641816,R,R,15.39,0.1854,91.0,102.796,0.4545,0.2143,0.3407,74.11,42.6,39.78,24.89,47.3,12.4,7.3,36.89,89.48,0.3948,0.1502,27.68,11.3,11.3,11.3,Truist Park,106,,,,No,No,9,Yes,Yes,RotoWire projected lineup; MLB probable pitchers,lineup projected / unconfirmed,H:2026/2025 P:2026/2025,,,Direct BvP not yet weighted; 2026/2025 Statcast baseline active,7,6,24,1,"Last 7 games: 6/24, 1 HR","same-side matchup; pitcher baseline 7.3% barrel, 11.3 HR allowed",neutral batted-ball profile; pitcher fly-ball pressure modest,,
660670,Ronald Acuna,ATL,NYM,2026-08-12T23:15:00Z,Scheduled,1,Zac Thornton,804267,L,R,14.23,0.2,91.09,102.849,0.5091,0.2482,0.3823,75.98,62.88,36.72,28.72,48.02,14.7,8.8,39.8,89.3,0.423,0.155,29.2,3.0,3.0,3.0,Truist Park,106,,,,No,No,1,Yes,Yes,RotoWire projected lineup; MLB probable pitchers,lineup projected / unconfirmed,H:2026/2025 P:2026,,,Direct BvP not yet weighted; 2026/2025 Statcast baseline active,7,7,30,3,Hot streak: 3 HR in last 7 games,"platoon edge; pitcher baseline 8.8% barrel, 3.0 HR allowed",neutral batted-ball profile; pitcher fly-ball pressure modest,,
686948,Drake Baldwin,ATL,NYM,2026-08-12T23:15:00Z,Scheduled,2,Zac Thornton,804267,L,L,12.96,0.1845,91.7,102.3423,0.4947,0.2185,0.3684,75.16,54.48,31.66,24.41,51.0,19.7,8.8,39.8,89.3,0.423,0.155,29.2,3.0,3.0,3.0,Truist Park,106,,,,No,No,2,Yes,Yes,RotoWire projected lineup; MLB probable pitchers,lineup projected / unconfirmed,H:2026/2025 P:2026,,,Direct BvP not yet weighted; 2026/2025 Statcast baseline active,7,8,30,0,"Last 7 games: 8/30, 0 HR","same-side matchup; pitcher baseline 8.8% barrel, 3.0 HR allowed",neutral batted-ball profile; pitcher fly-ball pressure modest,,
621566,Matt Olson,ATL,NYM,2026-08-12T23:15:00Z,Scheduled,3,Zac Thornton,804267,L,L,15.38,0.2652,92.88,103.9236,0.513,0.2643,0.3621,74.53,47.54,38.42,32.78,51.27,33.2,8.8,39.8,89.3,0.423,0.155,29.2,3.0,3.0,3.0,Truist Park,106,,,,No,No,3,Yes,Yes,RotoWire projected lineup; MLB probable pitchers,lineup projected / unconfirmed,H:2026/2025 P:2026,,,Direct BvP not yet weighted; 2026/2025 Statcast baseline active,7,6,27,4,Hot streak: 4 HR in last 7 games,"same-side matchup; pitcher baseline 8.8% barrel, 3.0 HR allowed",lift-pull EV profile; pitcher fly-ball pressure modest,,
645277,Ozzie Albies,ATL,NYM,2026-08-12T23:15:00Z,Scheduled,4,Zac Thornton,804267,L,S,4.69,0.1621,87.08,96.7997,0.3639,0.1286,0.2913,68.86,5.95,46.56,32.04,29.23,18.8,8.8,39.8,89.3,0.423,0.155,29.2,3.0,3.0,3.0,Truist Park,106,,,,No,No,4,Yes,Yes,RotoWire projected lineup; MLB probable pitchers,lineup projected / unconfirmed,H:2026/2025 P:2026,,,Direct BvP not yet weighted; 2026/2025 Statcast baseline active,7,3,20,1,"Last 7 games: 3/20, 1 HR","switch hitter; pitcher baseline 8.8% barrel, 3.0 HR allowed",neutral batted-ball profile; pitcher fly-ball pressure modest,,
671739,Michael Harris,ATL,NYM,2026-08-12T23:15:00Z,Scheduled,5,Zac Thornton,804267,L,L,10.57,0.188,90.76,103.479,0.4737,0.1879,0.3395,74.79,47.82,35.45,22.7,48.02,20.0,8.8,39.8,89.3,0.423,0.155,29.2,3.0,3.0,3.0,Truist Park,106,,,,No,No,5,Yes,Yes,RotoWire projected lineup; MLB probable pitchers,lineup projected / unconfirmed,H:2026/2025 P:2026,,,Direct BvP not yet weighted; 2026/2025 Statcast baseline active,7,10,27,0,Contact streak: 10/27 over last 7 games,"same-side matchup; pitcher baseline 8.8% barrel, 3.0 HR allowed",neutral batted-ball profile; pitcher fly-ball pressure modest,,
643289,Mauricio Dubon,ATL,NYM,2026-08-12T23:15:00Z,Scheduled,6,Zac Thornton,804267,L,R,3.23,0.128,86.18,96.4559,0.3681,0.105,0.2997,68.8,3.61,32.1,24.95,29.38,9.1,8.8,39.8,89.3,0.423,0.155,29.2,3.0,3.0,3.0,Truist Park,106,,,,No,No,6,Yes,Yes,RotoWire projected lineup; MLB probable pitchers,lineup projected / unconfirmed,H:2026/2025 P:2026,,,Direct BvP not yet weighted; 2026/2025 Statcast baseline active,7,9,25,0,Contact streak: 9/25 over last 7 games,"platoon edge; pitcher baseline 8.8% barrel, 3.0 HR allowed",neutral batted-ball profile; pitcher fly-ball pressure modest,,
657041,Lane Thomas,ATL,NYM,2026-08-12T23:15:00Z,Scheduled,7,Zac Thornton,804267,L,R,5.99,0.1456,88.99,99.5418,0.3399,0.1208,0.2934,72.56,23.82,42.26,24.6,38.86,8.2,8.8,39.8,89.3,0.423,0.155,29.2,3.0,3.0,3.0,Truist Park,106,,,,No,No,7,Yes,Yes,RotoWire projected lineup; MLB probable pitchers,lineup projected / unconfirmed,H:2026/2025 P:2026,,,Direct BvP not yet weighted; 2026/2025 Statcast baseline active,7,2,11,0,"Last 7 games: 2/11, 0 HR","platoon edge; pitcher baseline 8.8% barrel, 3.0 HR allowed",neutral batted-ball profile; pitcher fly-ball pressure modest,,
663586,Austin Riley,ATL,NYM,2026-08-12T23:15:00Z,Scheduled,8,Zac Thornton,804267,L,R,12.75,0.1498,91.32,102.7858,0.4111,0.1914,0.3069,75.83,59.01,39.31,30.94,46.07,14.6,8.8,39.8,89.3,0.423,0.155,29.2,3.0,3.0,3.0,Truist Park,106,,,,No,No,8,Yes,Yes,RotoWire projected lineup; MLB probable pitchers,lineup projected / unconfirmed,H:2026/2025 P:2026,,,Direct BvP not yet weighted; 2026/2025 Statcast baseline active,7,5,23,1,"Last 7 games: 5/23, 1 HR","platoon edge; pitcher baseline 8.8% barrel, 3.0 HR allowed",neutral batted-ball profile; pitcher fly-ball pressure modest,,
669221,Sean Murphy,ATL,NYM,2026-08-12T23:15:00Z,Scheduled,9,Zac Thornton,804267,L,R,4.02,0.091,86.51,99.9325,0.2484,0.0831,0.195,70.57,16.15,57.66,25.23,39.88,4.8,8.8,39.8,89.3,0.423,0.155,29.2,3.0,3.0,3.0,Truist Park,106,,,,No,No,9,Yes,Yes,RotoWire projected lineup; MLB probable pitchers,lineup projected / unconfirmed,H:2026/2025 P:2026,,,Direct BvP not yet weighted; 2026/2025 Statcast baseline active,7,3,25,0,"Last 7 games: 3/25, 0 HR","platoon edge; pitcher baseline 8.8% barrel, 3.0 HR allowed",neutral batted-ball profile; pitcher fly-ball pressure modest,,
682829,Elly De La Cruz,CIN,CWS,2026-08-12T23:40:00Z,Scheduled,1,Luis Castillo,622491,R,S,12.96,0.2103,92.96,104.001,0.4646,0.1982,0.3521,75.17,52.72,35.03,25.03,49.03,20.6,9.91,42.9,90.16,0.4418,0.18,28.07,18.8,18.8,18.8,Rate Field,100,,,,No,No,1,Yes,Yes,RotoWire projected lineup; MLB probable pitchers,lineup projected / unconfirmed,H:2026/2025 P:2026/2025,,,Direct BvP not yet weighted; 2026/2025 Statcast baseline active,7,5,25,2,Hot streak: 2 HR in last 7 games,"switch hitter; pitcher baseline 9.9% barrel, 18.8 HR allowed",EV profile; pitcher fly-ball pressure modest,,
701398,Sal Stewart,CIN,CWS,2026-08-12T23:40:00Z,Scheduled,2,Luis Castillo,622491,R,R,15.1,0.2396,91.83,101.521,0.5152,0.2547,0.3611,72.31,27.28,38.78,32.44,43.33,19.0,9.91,42.9,90.16,0.4418,0.18,28.07,18.8,18.8,18.8,Rate Field,100,,,,No,No,2,Yes,Yes,RotoWire projected lineup; MLB probable pitchers,lineup projected / unconfirmed,H:2026/2025 P:2026/2025,,,Direct BvP not yet weighted; 2026/2025 Statcast baseline active,7,7,27,1,"Last 7 games: 7/27, 1 HR","same-side matchup; pitcher baseline 9.9% barrel, 18.8 HR allowed",neutral batted-ball profile; pitcher fly-ball pressure modest,,
668709,JJ Bleday,CIN,CWS,2026-08-12T23:40:00Z,Scheduled,3,Luis Castillo,622491,R,L,9.76,0.2207,88.7,99.9474,0.4199,0.1872,0.3341,73.21,29.4,45.6,33.34,40.24,18.2,9.91,42.9,90.16,0.4418,0.18,28.07,18.8,18.8,18.8,Rate Field,100,,,,No,No,3,Yes,Yes,RotoWire projected lineup; MLB probable pitchers,lineup projected / unconfirmed,H:2026/2025 P:2026/2025,,,Direct BvP not yet weighted; 2026/2025 Statcast baseline active,7,4,23,1,"Last 7 games: 4/23, 1 HR","platoon edge; pitcher baseline 9.9% barrel, 18.8 HR allowed",neutral batted-ball profile; pitcher fly-ball pressure modest,,
663886,Tyler Stephenson,CIN,CWS,2026-08-12T23:40:00Z,Scheduled,4,Luis Castillo,622491,R,R,13.1,0.1697,90.99,100.6041,0.4529,0.2103,0.3389,70.59,7.35,37.15,33.15,47.17,10.9,9.91,42.9,90.16,0.4418,0.18,28.07,18.8,18.8,18.8,Rate Field,100,,,,No,No,4,Yes,Yes,RotoWire projected lineup; MLB probable pitchers,lineup projected / unconfirmed,H:2026/2025 P:2026/2025,,,Direct BvP not yet weighted; 2026/2025 Statcast baseline active,7,6,27,2,Hot streak: 2 HR in last 7 games,"same-side matchup; pitcher baseline 9.9% barrel, 18.8 HR allowed",neutral batted-ball profile; pitcher fly-ball pressure modest,,
553993,Eugenio Suarez,CIN,CWS,2026-08-12T23:40:00Z,Scheduled,5,Luis Castillo,622491,R,R,13.18,0.2364,89.15,100.229,0.386,0.1876,0.2899,71.88,20.76,48.87,34.11,39.13,26.6,9.91,42.9,90.16,0.4418,0.18,28.07,18.8,18.8,18.8,Rate Field,100,,,,No,No,5,Yes,Yes,RotoWire projected lineup; MLB probable pitchers,lineup projected / unconfirmed,H:2026/2025 P:2026/2025,,,Direct BvP not yet weighted; 2026/2025 Statcast baseline active,7,6,21,3,Hot streak: 3 HR in last 7 games,"same-side matchup; pitcher baseline 9.9% barrel, 18.8 HR allowed",neutral batted-ball profile; pitcher fly-ball pressure modest,,
699302,Hector Rodriguez,CIN,CWS,2026-08-12T23:40:00Z,Scheduled,6,Luis Castillo,622491,R,L,0.0,0.058,85.1,94.3346,0.183,0.022,0.209,75.9,53.3,36.4,18.2,27.3,0.0,9.91,42.9,90.16,0.4418,0.18,28.07,18.8,18.8,18.8,Rate Field,100,,,,No,No,6,Yes,Yes,RotoWire projected lineup; MLB probable pitchers,lineup projected / unconfirmed,H:2026 P:2026/2025,,,Direct BvP not yet weighted; 2026/2025 Statcast baseline active,6,2,17,0,"Last 6 games: 2/17, 0 HR","platoon edge; pitcher baseline 9.9% barrel, 18.8 HR allowed",neutral batted-ball profile; pitcher fly-ball pressure modest,,
667472,Dane Myers,CIN,CWS,2026-08-12T23:40:00Z,Scheduled,7,Luis Castillo,622491,R,R,5.84,0.0931,89.93,99.356,0.3685,0.1344,0.3096,71.25,19.38,25.97,25.87,37.59,3.9,9.91,42.9,90.16,0.4418,0.18,28.07,18.8,18.8,18.8,Rate Field,100,,,,No,No,7,Yes,Yes,RotoWire projected lineup; MLB probable pitchers,lineup projected / unconfirmed,H:2026/2025 P:2026/2025,,,Direct BvP not yet weighted; 2026/2025 Statcast baseline active,7,3,25,0,"Last 7 games: 3/25, 0 HR","same-side matchup; pitcher baseline 9.9% barrel, 18.8 HR allowed",neutral batted-ball profile; pitcher fly-ball pressure modest,,
682622,Noelvi Marte,CIN,CWS,2026-08-12T23:40:00Z,Scheduled,8,Luis Castillo,622491,R,R,6.44,0.1528,88.15,99.2284,0.3459,0.1317,0.2627,72.57,29.05,44.71,21.69,32.31,8.4,9.91,42.9,90.16,0.4418,0.18,28.07,18.8,18.8,18.8,Rate Field,100,,,,No,No,8,Yes,Yes,RotoWire projected lineup; MLB probable pitchers,lineup projected / unconfirmed,H:2026/2025 P:2026/2025,,,Direct BvP not yet weighted; 2026/2025 Statcast baseline active,7,7,24,0,"Last 7 games: 7/24, 0 HR","same-side matchup; pitcher baseline 9.9% barrel, 18.8 HR allowed",neutral batted-ball profile; pitcher fly-ball pressure modest,,
680574,Matt McLain,CIN,CWS,2026-08-12T23:40:00Z,Scheduled,9,Luis Castillo,622491,R,R,9.06,0.1412,88.1,98.8548,0.3806,0.1574,0.3089,71.0,9.96,33.47,33.22,37.41,11.5,9.91,42.9,90.16,0.4418,0.18,28.07,18.8,18.8,18.8,Rate Field,100,,,,No,No,9,Yes,Yes,RotoWire projected lineup; MLB probable pitchers,lineup projected / unconfirmed,H:2026/2025 P:2026/2025,,,Direct BvP not yet weighted; 2026/2025 Statcast baseline active,7,6,21,2,Hot streak: 2 HR in last 7 games,"same-side matchup; pitcher baseline 9.9% barrel, 18.8 HR allowed",neutral batted-ball profile; pitcher fly-ball pressure modest,,
803011,Sam Antonacci,CWS,CIN,2026-08-12T23:40:00Z,Scheduled,1,Rhett Lowder,695076,R,L,6.1,0.131,87.6,98.076,0.411,0.13,0.349,70.1,8.6,34.2,21.7,35.7,8.0,9.5,38.2,90.5,0.457,0.19,28.3,11.0,11.0,11.0,Rate Field,100,,,,No,No,1,Yes,Yes,RotoWire projected lineup; MLB probable pitchers,lineup projected / unconfirmed,H:2026 P:2026,,,Direct BvP not yet weighted; 2026/2025 Statcast baseline active,7,5,20,0,"Last 7 games: 5/20, 0 HR","platoon edge; pitcher baseline 9.5% barrel, 11.0 HR allowed",neutral batted-ball profile; pitcher fly-ball pressure modest,,
808959,Munetaka Murakami,CWS,CIN,2026-08-12T23:40:00Z,Scheduled,2,Rhett Lowder,695076,R,L,20.8,0.301,94.2,104.7255,0.509,0.289,0.367,74.8,50.3,42.1,39.9,59.6,26.0,9.5,38.2,90.5,0.457,0.19,28.3,11.0,11.0,11.0,Rate Field,100,,,,No,No,2,Yes,Yes,RotoWire projected lineup; MLB probable pitchers,lineup projected / unconfirmed,H:2026 P:2026,,,Direct BvP not yet weighted; 2026/2025 Statcast baseline active,7,5,28,2,Hot streak: 2 HR in last 7 games,"platoon edge; pitcher baseline 9.5% barrel, 11.0 HR allowed",lift-pull EV profile; pitcher fly-ball pressure modest,,
678246,Miguel Vargas,CWS,CIN,2026-08-12T23:40:00Z,Scheduled,3,Rhett Lowder,695076,R,R,12.76,0.216,90.33,100.4804,0.4812,0.2277,0.3624,73.05,34.35,43.23,36.36,44.35,22.3,9.5,38.2,90.5,0.457,0.19,28.3,11.0,11.0,11.0,Rate Field,100,,,,No,No,3,Yes,Yes,RotoWire projected lineup; MLB probable pitchers,lineup projected / unconfirmed,H:2026/2025 P:2026,,,Direct BvP not yet weighted; 2026/2025 Statcast baseline active,7,5,25,1,"Last 7 games: 5/25, 1 HR","same-side matchup; pitcher baseline 9.5% barrel, 11.0 HR allowed",fly-ball profile; pitcher fly-ball pressure modest,,
695657,Colson Montgomery,CWS,CIN,2026-08-12T23:40:00Z,Scheduled,4,Rhett Lowder,695076,R,L,13.1,0.2466,89.05,101.7233,0.4401,0.2248,0.3165,76.65,69.67,49.44,34.0,42.33,24.5,9.5,38.2,90.5,0.457,0.19,28.3,11.0,11.0,11.0,Rate Field,100,,,,No,No,4,Yes,Yes,RotoWire projected lineup; MLB probable pitchers,lineup projected / unconfirmed,H:2026/2025 P:2026,,,Direct BvP not yet weighted; 2026/2025 Statcast baseline active,7,5,26,1,"Last 7 games: 5/26, 1 HR","platoon edge; pitcher baseline 9.5% barrel, 11.0 HR allowed",neutral batted-ball profile; pitcher fly-ball pressure modest,,
643217,Andrew Benintendi,CWS,CIN,2026-08-12T23:40:00Z,Scheduled,5,Rhett Lowder,695076,R,L,9.56,0.1854,88.56,98.7351,0.4188,0.176,0.3165,69.54,4.15,50.24,31.78,42.64,14.4,9.5,38.2,90.5,0.457,0.19,28.3,11.0,11.0,11.0,Rate Field,100,,,,No,No,5,Yes,Yes,RotoWire projected lineup; MLB probable pitchers,lineup projected / unconfirmed,H:2026/2025 P:2026,,,Direct BvP not yet weighted; 2026/2025 Statcast baseline active,7,4,18,1,"Last 7 games: 4/18, 1 HR","platoon edge; pitcher baseline 9.5% barrel, 11.0 HR allowed",neutral batted-ball profile; pitcher fly-ball pressure modest,,
695731,Braden Montgomery,CWS,CIN,2026-08-12T23:40:00Z,Scheduled,6,Rhett Lowder,695076,R,S,3.6,0.142,89.1,99.9437,0.356,0.12,0.306,69.5,9.0,33.6,20.4,40.1,4.0,9.5,38.2,90.5,0.457,0.19,28.3,11.0,11.0,11.0,Rate Field,100,,,,No,No,6,Yes,Yes,RotoWire projected lineup; MLB probable pitchers,lineup projected / unconfirmed,H:2026 P:2026,,,Direct BvP not yet weighted; 2026/2025 Statcast baseline active,7,4,24,1,"Last 7 games: 4/24, 1 HR","switch hitter; pitcher baseline 9.5% barrel, 11.0 HR allowed",neutral batted-ball profile; pitcher fly-ball pressure modest,,
671976,Tristan Peters,CWS,CIN,2026-08-12T23:40:00Z,Scheduled,7,Rhett Lowder,695076,R,L,3.29,0.1036,87.01,97.7179,0.3103,0.0938,0.2537,69.16,5.46,41.56,18.2,33.0,4.2,9.5,38.2,90.5,0.457,0.19,28.3,11.0,11.0,11.0,Rate Field,100,,,,No,No,7,Yes,Yes,RotoWire projected lineup; MLB probable pitchers,lineup projected / unconfirmed,H:2026/2025 P:2026,,,Direct BvP not yet weighted; 2026/2025 Statcast baseline active,7,3,14,0,"Last 7 games: 3/14, 0 HR","platoon edge; pitcher baseline 9.5% barrel, 11.0 HR allowed",neutral batted-ball profile; pitcher fly-ball pressure modest,,
805367,Chase Meidroth,CWS,CIN,2026-08-12T23:40:00Z,Scheduled,8,Rhett Lowder,695076,R,R,3.84,0.1111,87.92,97.4614,0.3365,0.0954,0.2979,67.19,1.25,37.98,19.7,35.26,9.2,9.5,38.2,90.5,0.457,0.19,28.3,11.0,11.0,11.0,Rate Field,100,,,,No,No,8,Yes,Yes,RotoWire projected lineup; MLB probable pitchers,lineup projected / unconfirmed,H:2026/2025 P:2026,,,Direct BvP not yet weighted; 2026/2025 Statcast baseline active,7,8,26,2,Hot streak: 2 HR in last 7 games,"same-side matchup; pitcher baseline 9.5% barrel, 11.0 HR allowed",neutral batted-ball profile; pitcher fly-ball pressure modest,,
691011,Drew Romo,CWS,CIN,2026-08-12T23:40:00Z,Scheduled,9,Rhett Lowder,695076,R,S,5.8,0.098,83.5,94.7919,0.1834,0.0679,0.1617,68.49,3.29,36.9,34.0,24.3,3.5,9.5,38.2,90.5,0.457,0.19,28.3,11.0,11.0,11.0,Rate Field,100,,,,No,No,9,Yes,Yes,RotoWire projected lineup; MLB probable pitchers,lineup projected / unconfirmed,H:2026/2025 P:2026,,,Direct BvP not yet weighted; 2026/2025 Statcast baseline active,7,2,22,0,"Last 7 games: 2/22, 0 HR","switch hitter; pitcher baseline 9.5% barrel, 11.0 HR allowed",neutral batted-ball profile; pitcher fly-ball pressure modest,,
695600,Carter Jensen,KC,LAD,2026-08-13T02:10:00Z,Scheduled,1,Eric Lauer,641778,L,L,13.38,0.2066,92.11,102.7691,0.4398,0.1976,0.3329,74.1,39.15,40.3,29.65,48.15,12.1,10.41,37.42,89.06,0.4596,0.2077,36.9,19.9,19.9,19.9,UNIQLO Field at Dodger Stadium,100,,,,No,No,1,Yes,Yes,RotoWire projected lineup; MLB probable pitchers,lineup projected / unconfirmed,H:2026/2025 P:2026/2025,,,Direct BvP not yet weighted; 2026/2025 Statcast baseline active,7,2,23,1,"Last 7 games: 2/23, 1 HR","same-side matchup; pitcher baseline 10.4% barrel, 19.9 HR allowed",EV profile; pitcher allows elevated contact,,
677951,Bobby Witt,KC,LAD,2026-08-13T02:10:00Z,Scheduled,2,Eric Lauer,641778,L,R,12.08,0.1759,92.88,103.5941,0.5087,0.2101,0.3769,73.95,41.88,29.96,26.71,51.09,16.0,10.41,37.42,89.06,0.4596,0.2077,36.9,19.9,19.9,19.9,UNIQLO Field at Dodger Stadium,100,,,,No,No,2,Yes,Yes,RotoWire projected lineup; MLB probable pitchers,lineup projected / unconfirmed,H:2026/2025 P:2026/2025,,,Direct BvP not yet weighted; 2026/2025 Statcast baseline active,7,7,25,0,"Last 7 games: 7/25, 0 HR","platoon edge; pitcher baseline 10.4% barrel, 19.9 HR allowed",EV profile; pitcher allows elevated contact,,
695506,Jac Caglianone,KC,LAD,2026-08-13T02:10:00Z,Scheduled,3,Eric Lauer,641778,L,L,13.82,0.1947,92.06,104.9784,0.4863,0.2199,0.3483,77.4,75.81,43.51,22.12,51.36,16.8,10.41,37.42,89.06,0.4596,0.2077,36.9,19.9,19.9,19.9,UNIQLO Field at Dodger Stadium,100,,,,No,No,3,Yes,Yes,RotoWire projected lineup; MLB probable pitchers,lineup projected / unconfirmed,H:2026/2025 P:2026/2025,,,Direct BvP not yet weighted; 2026/2025 Statcast baseline active,7,13,27,3,Hot streak: 3 HR in last 7 games,"same-side matchup; pitcher baseline 10.4% barrel, 19.9 HR allowed",EV profile; pitcher allows elevated contact,,
521692,Salvador Perez,KC,LAD,2026-08-13T02:10:00Z,Scheduled,4,Eric Lauer,641778,L,R,11.09,0.1715,89.23,100.6467,0.4472,0.2058,0.315,71.99,22.0,41.84,30.99,43.48,20.2,10.41,37.42,89.06,0.4596,0.2077,36.9,19.9,19.9,19.9,UNIQLO Field at Dodger Stadium,100,,,,No,No,4,Yes,Yes,RotoWire projected lineup; MLB probable pitchers,lineup projected / unconfirmed,H:2026/2025 P:2026/2025,,,Direct BvP not yet weighted; 2026/2025 Statcast baseline active,7,5,25,0,"Last 7 games: 5/25, 0 HR","platoon edge; pitcher baseline 10.4% barrel, 19.9 HR allowed",neutral batted-ball profile; pitcher allows elevated contact,,
516782,Starling Marte,KC,LAD,2026-08-13T02:10:00Z,Scheduled,5,Eric Lauer,641778,L,R,9.3,0.0945,87.6,100.4409,0.3791,0.1424,0.3003,72.63,31.38,33.0,18.0,36.69,4.1,10.41,37.42,89.06,0.4596,0.2077,36.9,19.9,19.9,19.9,UNIQLO Field at Dodger Stadium,100,,,,No,No,5,Yes,Yes,RotoWire projected lineup; MLB probable pitchers,lineup projected / unconfirmed,H:2026/2025 P:2026/2025,,,Direct BvP not yet weighted; 2026/2025 Statcast baseline active,7,3,19,1,"Last 7 games: 3/19, 1 HR","platoon edge; pitcher baseline 10.4% barrel, 19.9 HR allowed",neutral batted-ball profile; pitcher allows elevated contact,,
679845,Nick Loftin,KC,LAD,2026-08-13T02:10:00Z,Scheduled,6,Eric Lauer,641778,L,R,4.83,0.149,87.15,96.8656,0.3513,0.1151,0.3017,69.05,4.68,45.2,27.03,30.15,4.7,10.41,37.42,89.06,0.4596,0.2077,36.9,19.9,19.9,19.9,UNIQLO Field at Dodger Stadium,100,,,,No,No,6,Yes,Yes,RotoWire projected lineup; MLB probable pitchers,lineup projected / unconfirmed,H:2026/2025 P:2026/2025,,,Direct BvP not yet weighted; 2026/2025 Statcast baseline active,7,4,20,0,"Last 7 games: 4/20, 0 HR","platoon edge; pitcher baseline 10.4% barrel, 19.9 HR allowed",neutral batted-ball profile; pitcher allows elevated contact,,
686555,Isaac Collins,KC,LAD,2026-08-13T02:10:00Z,Scheduled,7,Eric Lauer,641778,L,S,5.53,0.1333,88.59,99.9587,0.3387,0.1025,0.3094,73.33,29.92,40.12,26.37,40.02,6.9,10.41,37.42,89.06,0.4596,0.2077,36.9,19.9,19.9,19.9,UNIQLO Field at Dodger Stadium,100,,,,No,No,7,Yes,Yes,RotoWire projected lineup; MLB probable pitchers,lineup projected / unconfirmed,H:2026/2025 P:2026/2025,,,Direct BvP not yet weighted; 2026/2025 Statcast baseline active,7,3,22,0,"Last 7 games: 3/22, 0 HR","switch hitter; pitcher baseline 10.4% barrel, 19.9 HR allowed",neutral batted-ball profile; pitcher allows elevated contact,,
686475,Tyler Tolbert,KC,LAD,2026-08-13T02:10:00Z,Scheduled,8,Eric Lauer,641778,L,R,3.45,0.1413,86.13,97.085,0.3472,0.0823,0.313,69.39,3.65,35.69,22.42,31.45,2.4,10.41,37.42,89.06,0.4596,0.2077,36.9,19.9,19.9,19.9,UNIQLO Field at Dodger Stadium,100,,,,No,No,8,Yes,Yes,RotoWire projected lineup; MLB probable pitchers,lineup projected / unconfirmed,H:2026/2025 P:2026/2025,,,Direct BvP not yet weighted; 2026/2025 Statcast baseline active,7,2,12,0,"Last 7 games: 2/12, 0 HR","platoon edge; pitcher baseline 10.4% barrel, 19.9 HR allowed",neutral batted-ball profile; pitcher allows elevated contact,,
664728,Kyle Isbel,KC,LAD,2026-08-13T02:10:00Z,Scheduled,9,Eric Lauer,641778,L,L,2.37,0.1071,88.5,99.0987,0.3047,0.0777,0.2608,71.31,14.95,32.88,17.89,35.26,4.0,10.41,37.42,89.06,0.4596,0.2077,36.9,19.9,19.9,19.9,UNIQLO Field at Dodger Stadium,100,,,,No,No,9,Yes,Yes,RotoWire projected lineup; MLB probable pitchers,lineup projected / unconfirmed,H:2026/2025 P:2026/2025,,,Direct BvP not yet weighted; 2026/2025 Statcast baseline active,7,1,20,1,"Last 7 games: 1/20, 1 HR","same-side matchup; pitcher baseline 10.4% barrel, 19.9 HR allowed",neutral batted-ball profile; pitcher allows elevated contact,,
660271,Shohei Ohtani,LAD,KC,2026-08-13T02:10:00Z,Scheduled,1,Daniel Lynch IV,663738,L,L,18.53,0.2756,93.78,104.3548,0.5909,0.3029,0.411,74.96,52.45,47.19,32.41,54.08,34.7,5.93,36.76,87.9,0.3685,0.1305,24.51,3.8,3.8,3.8,UNIQLO Field at Dodger Stadium,100,,,,No,No,1,Yes,Yes,RotoWire projected lineup; MLB probable pitchers,lineup projected / unconfirmed,H:2026/2025 P:2026/2025,,,Direct BvP not yet weighted; 2026/2025 Statcast baseline active,7,7,29,2,Hot streak: 2 HR in last 7 games,"same-side matchup; pitcher baseline 5.9% barrel, 3.8 HR allowed",lift-pull EV profile; pitcher fly-ball pressure modest,,
681624,Andy Pages,LAD,KC,2026-08-13T02:10:00Z,Scheduled,2,Daniel Lynch IV,663738,L,R,7.98,0.1862,88.95,99.8521,0.4343,0.1693,0.3314,72.78,26.33,37.97,28.72,41.05,21.4,5.93,36.76,87.9,0.3685,0.1305,24.51,3.8,3.8,3.8,UNIQLO Field at Dodger Stadium,100,,,,No,No,2,Yes,Yes,RotoWire projected lineup; MLB probable pitchers,lineup projected / unconfirmed,H:2026/2025 P:2026/2025,,,Direct BvP not yet weighted; 2026/2025 Statcast baseline active,7,7,26,1,"Last 7 games: 7/26, 1 HR","platoon edge; pitcher baseline 5.9% barrel, 3.8 HR allowed",neutral batted-ball profile; pitcher fly-ball pressure modest,,
518692,Freddie Freeman,LAD,KC,2026-08-13T02:10:00Z,Scheduled,3,Daniel Lynch IV,663738,L,L,9.42,0.179,90.13,100.4975,0.4824,0.1923,0.3689,70.15,8.26,36.54,27.07,43.74,17.7,5.93,36.76,87.9,0.3685,0.1305,24.51,3.8,3.8,3.8,UNIQLO Field at Dodger Stadium,100,,,,No,No,3,Yes,Yes,RotoWire projected lineup; MLB probable pitchers,lineup projected / unconfirmed,H:2026/2025 P:2026/2025,,,Direct BvP not yet weighted; 2026/2025 Statcast baseline active,7,6,26,0,"Last 7 games: 6/26, 0 HR","same-side matchup; pitcher baseline 5.9% barrel, 3.8 HR allowed",neutral batted-ball profile; pitcher fly-ball pressure modest,,
669242,Tommy Edman,LAD,KC,2026-08-13T02:10:00Z,Scheduled,4,Daniel Lynch IV,663738,L,S,5.55,0.1367,88.58,99.655,0.39,0.1174,0.321,70.52,11.83,42.67,25.24,37.73,6.0,5.93,36.76,87.9,0.3685,0.1305,24.51,3.8,3.8,3.8,UNIQLO Field at Dodger Stadium,100,,,,No,No,4,Yes,Yes,RotoWire projected lineup; MLB probable pitchers,lineup projected / unconfirmed,H:2026/2025 P:2026/2025,,,Direct BvP not yet weighted; 2026/2025 Statcast baseline active,7,5,28,0,"Last 7 games: 5/28, 0 HR","switch hitter; pitcher baseline 5.9% barrel, 3.8 HR allowed",neutral batted-ball profile; pitcher fly-ball pressure modest,,
605141,Mookie Betts,LAD,KC,2026-08-13T02:10:00Z,Scheduled,5,Daniel Lynch IV,663738,L,R,6.83,0.1641,90.08,98.4859,0.4283,0.1553,0.3293,69.46,8.53,39.82,34.57,37.69,15.8,5.93,36.76,87.9,0.3685,0.1305,24.51,3.8,3.8,3.8,UNIQLO Field at Dodger Stadium,100,,,,No,No,5,Yes,Yes,RotoWire projected lineup; MLB probable pitchers,lineup projected / unconfirmed,H:2026/2025 P:2026/2025,,,Direct BvP not yet weighted; 2026/2025 Statcast baseline active,7,9,26,1,Contact streak: 9/26 over last 7 games,"platoon edge; pitcher baseline 5.9% barrel, 3.8 HR allowed",neutral batted-ball profile; pitcher fly-ball pressure modest,,
663656,Kyle Tucker,LAD,KC,2026-08-13T02:10:00Z,Scheduled,6,Daniel Lynch IV,663738,L,L,7.65,0.1588,89.19,98.8348,0.4214,0.157,0.3468,71.58,21.22,43.03,32.91,38.79,14.3,5.93,36.76,87.9,0.3685,0.1305,24.51,3.8,3.8,3.8,UNIQLO Field at Dodger Stadium,100,,,,No,No,6,Yes,Yes,RotoWire projected lineup; MLB probable pitchers,lineup projected / unconfirmed,H:2026/2025 P:2026/2025,,,Direct BvP not yet weighted; 2026/2025 Statcast baseline active,7,6,24,2,Hot streak: 2 HR in last 7 games,"same-side matchup; pitcher baseline 5.9% barrel, 3.8 HR allowed",neutral batted-ball profile; pitcher fly-ball pressure modest,,
606192,Teoscar Hernandez,LAD,KC,2026-08-13T02:10:00Z,Scheduled,7,Daniel Lynch IV,663738,L,R,9.75,0.1706,89.64,100.8313,0.4235,0.1787,0.3174,72.41,24.64,34.01,30.22,43.37,15.2,5.93,36.76,87.9,0.3685,0.1305,24.51,3.8,3.8,3.8,UNIQLO Field at Dodger Stadium,100,,,,No,No,7,Yes,Yes,RotoWire projected lineup; MLB probable pitchers,lineup projected / unconfirmed,H:2026/2025 P:2026/2025,,,Direct BvP not yet weighted; 2026/2025 Statcast baseline active,7,2,18,0,"Last 7 games: 2/18, 0 HR","platoon edge; pitcher baseline 5.9% barrel, 3.8 HR allowed",neutral batted-ball profile; pitcher fly-ball pressure modest,,
571771,Enrique Hernandez,LAD,KC,2026-08-13T02:10:00Z,Scheduled,8,Daniel Lynch IV,663738,L,R,11.11,0.2155,89.74,99.5161,0.4164,0.1744,0.3024,70.47,12.0,20.98,26.17,40.12,3.7,5.93,36.76,87.9,0.3685,0.1305,24.51,3.8,3.8,3.8,UNIQLO Field at Dodger Stadium,100,,,,No,No,8,Yes,Yes,RotoWire projected lineup; MLB probable pitchers,lineup projected / unconfirmed,H:2026/2025 P:2026/2025,,,Direct BvP not yet weighted; 2026/2025 Statcast baseline active,7,2,14,0,"Last 7 games: 2/14, 0 HR","platoon edge; pitcher baseline 5.9% barrel, 3.8 HR allowed",neutral batted-ball profile; pitcher fly-ball pressure modest,,
666163,Ben Rortvedt,LAD,KC,2026-08-13T02:10:00Z,Scheduled,9,Daniel Lynch IV,663738,L,L,0.99,0.0159,85.33,92.5102,0.2782,0.0389,0.2428,68.07,1.47,47.39,6.21,5.88,0.3,5.93,36.76,87.9,0.3685,0.1305,24.51,3.8,3.8,3.8,UNIQLO Field at Dodger Stadium,100,,,,No,No,9,Yes,Yes,RotoWire projected lineup; MLB probable pitchers,lineup projected / unconfirmed,H:2026/2025 P:2026/2025,,,Direct BvP not yet weighted; 2026/2025 Statcast baseline active,5,1,6,0,"Last 5 games: 1/6, 0 HR","same-side matchup; pitcher baseline 5.9% barrel, 3.8 HR allowed",neutral batted-ball profile; pitcher fly-ball pressure modest,,
592626,Joc Pederson,TEX,LAA,2026-08-13T02:10:00Z,Scheduled,1,George Klassen,691946,R,L,10.97,0.2261,91.76,102.0185,0.4441,0.1992,0.3444,72.39,24.15,41.92,29.61,48.44,18.1,13.8,31.0,86.5,0.441,0.168,24.1,1.0,1.0,1.0,Angel Stadium,101,,,,No,No,1,Yes,Yes,RotoWire projected lineup; MLB probable pitchers,lineup projected / unconfirmed,H:2026/2025 P:2026,,,Direct BvP not yet weighted; 2026/2025 Statcast baseline active,7,4,18,2,Hot streak: 2 HR in last 7 games,"platoon edge; pitcher baseline 13.8% barrel, 1.0 HR allowed",neutral batted-ball profile; pitcher fly-ball pressure modest,,
694671,Wyatt Langford,TEX,LAA,2026-08-13T02:10:00Z,Scheduled,2,George Klassen,691946,R,R,9.8,0.2061,89.93,100.7026,0.4095,0.1771,0.3159,72.75,25.82,42.33,29.48,40.77,15.7,13.8,31.0,86.5,0.441,0.168,24.1,1.0,1.0,1.0,Angel Stadium,101,,,,No,No,2,Yes,Yes,RotoWire projected lineup; MLB probable pitchers,lineup projected / unconfirmed,H:2026/2025 P:2026,,,Direct BvP not yet weighted; 2026/2025 Statcast baseline active,7,2,21,0,"Last 7 games: 2/21, 0 HR","same-side matchup; pitcher baseline 13.8% barrel, 1.0 HR allowed",neutral batted-ball profile; pitcher fly-ball pressure modest,,
608369,Corey Seager,TEX,LAA,2026-08-13T02:10:00Z,Scheduled,3,George Klassen,691946,R,L,14.67,0.1901,91.85,102.5447,0.4864,0.2392,0.3545,71.94,15.65,41.76,31.9,48.49,14.0,13.8,31.0,86.5,0.441,0.168,24.1,1.0,1.0,1.0,Angel Stadium,101,,,,No,No,3,Yes,Yes,RotoWire projected lineup; MLB probable pitchers,lineup projected / unconfirmed,H:2026/2025 P:2026,,,Direct BvP not yet weighted; 2026/2025 Statcast baseline active,7,6,27,1,"Last 7 games: 6/27, 1 HR","platoon edge; pitcher baseline 13.8% barrel, 1.0 HR allowed",neutral batted-ball profile; pitcher fly-ball pressure modest,,
607043,Brandon Nimmo,TEX,LAA,2026-08-13T02:10:00Z,Scheduled,4,George Klassen,691946,R,L,10.41,0.1712,92.11,102.2082,0.4778,0.1964,0.3574,72.2,27.11,32.19,25.98,51.46,16.6,13.8,31.0,86.5,0.441,0.168,24.1,1.0,1.0,1.0,Angel Stadium,101,,,,No,No,4,Yes,Yes,RotoWire projected lineup; MLB probable pitchers,lineup projected / unconfirmed,H:2026/2025 P:2026,,,Direct BvP not yet weighted; 2026/2025 Statcast baseline active,7,12,27,2,Hot streak: 2 HR in last 7 games,"platoon edge; pitcher baseline 13.8% barrel, 1.0 HR allowed",EV profile; pitcher fly-ball pressure modest,,
694497,Evan Carter,TEX,LAA,2026-08-13T02:10:00Z,Scheduled,5,George Klassen,691946,R,L,5.76,0.1345,87.26,98.6973,0.3334,0.1225,0.294,71.02,17.86,39.26,28.19,35.79,7.1,13.8,31.0,86.5,0.441,0.168,24.1,1.0,1.0,1.0,Angel Stadium,101,,,,No,No,5,Yes,Yes,RotoWire projected lineup; MLB probable pitchers,lineup projected / unconfirmed,H:2026/2025 P:2026,,,Direct BvP not yet weighted; 2026/2025 Statcast baseline active,7,0,19,0,"Last 7 games: 0/19, 0 HR","platoon edge; pitcher baseline 13.8% barrel, 1.0 HR allowed",neutral batted-ball profile; pitcher fly-ball pressure modest,,
669394,Jake Burger,TEX,LAA,2026-08-13T02:10:00Z,Scheduled,6,George Klassen,691946,R,R,11.73,0.1781,89.98,102.4928,0.415,0.183,0.3044,75.3,58.0,42.44,28.04,46.89,18.1,13.8,31.0,86.5,0.441,0.168,24.1,1.0,1.0,1.0,Angel Stadium,101,,,,No,No,6,Yes,Yes,RotoWire projected lineup; MLB probable pitchers,lineup projected / unconfirmed,H:2026/2025 P:2026,,,Direct BvP not yet weighted; 2026/2025 Statcast baseline active,7,5,21,0,"Last 7 games: 5/21, 0 HR","same-side matchup; pitcher baseline 13.8% barrel, 1.0 HR allowed",neutral batted-ball profile; pitcher fly-ball pressure modest,,
677649,Ezequiel Duran,TEX,LAA,2026-08-13T02:10:00Z,Scheduled,7,George Klassen,691946,R,R,5.19,0.1425,87.61,98.737,0.3545,0.1153,0.2876,72.34,24.38,35.31,21.02,34.61,9.1,13.8,31.0,86.5,0.441,0.168,24.1,1.0,1.0,1.0,Angel Stadium,101,,,,No,No,7,Yes,Yes,RotoWire projected lineup; MLB probable pitchers,lineup projected / unconfirmed,H:2026/2025 P:2026,,,Direct BvP not yet weighted; 2026/2025 Statcast baseline active,7,6,25,0,"Last 7 games: 6/25, 0 HR","same-side matchup; pitcher baseline 13.8% barrel, 1.0 HR allowed",neutral batted-ball profile; pitcher fly-ball pressure modest,,
553869,Elias Diaz,TEX,LAA,2026-08-13T02:10:00Z,Scheduled,8,George Klassen,691946,R,R,6.13,0.1585,87.0,99.4614,0.3417,0.1243,0.2596,74.34,44.21,38.98,27.66,37.09,6.2,13.8,31.0,86.5,0.441,0.168,24.1,1.0,1.0,1.0,Angel Stadium,101,,,,No,No,8,Yes,Yes,RotoWire projected lineup; MLB probable pitchers,lineup projected / unconfirmed,H:2026/2025 P:2026,,,Direct BvP not yet weighted; 2026/2025 Statcast baseline active,7,4,20,0,"Last 7 games: 4/20, 0 HR","same-side matchup; pitcher baseline 13.8% barrel, 1.0 HR allowed",neutral batted-ball profile; pitcher fly-ball pressure modest,,
670032,Nicky Lopez,TEX,LAA,2026-08-13T02:10:00Z,Scheduled,9,George Klassen,691946,R,L,0.0,0.0301,84.52,95.2048,0.262,0.0405,0.2519,66.65,0.75,34.08,11.16,27.33,0.7,13.8,31.0,86.5,0.441,0.168,24.1,1.0,1.0,1.0,Angel Stadium,101,,,,No,No,9,Yes,Yes,RotoWire projected lineup; MLB probable pitchers,lineup projected / unconfirmed,H:2026/2025 P:2026,,,Direct BvP not yet weighted; 2026/2025 Statcast baseline active,7,4,18,0,"Last 7 games: 4/18, 0 HR","platoon edge; pitcher baseline 13.8% barrel, 1.0 HR allowed",neutral batted-ball profile; pitcher fly-ball pressure modest,,
685133,Wade Meckler,LAA,TEX,2026-08-13T02:10:00Z,Scheduled,1,Cal Quantrill,615698,R,L,3.7,0.107,86.0,96.1524,0.363,0.106,0.308,68.8,2.2,34.6,19.1,29.4,3.0,9.49,37.16,88.86,0.4547,0.1926,29.78,12.9,12.9,12.9,Angel Stadium,101,,,,No,No,1,Yes,Yes,RotoWire projected lineup; MLB probable pitchers,lineup projected / unconfirmed,H:2026 P:2026/2025,,,Direct BvP not yet weighted; 2026/2025 Statcast baseline active,7,8,25,0,Contact streak: 8/25 over last 7 games,"platoon edge; pitcher baseline 9.5% barrel, 12.9 HR allowed",neutral batted-ball profile; pitcher fly-ball pressure modest,,
545361,Mike Trout,LAA,TEX,2026-08-13T02:10:00Z,Scheduled,2,Cal Quantrill,615698,R,R,16.71,0.2091,90.48,103.2112,0.5006,0.2516,0.3811,74.7,49.1,37.98,33.17,48.25,21.8,9.49,37.16,88.86,0.4547,0.1926,29.78,12.9,12.9,12.9,Angel Stadium,101,,,,No,No,2,Yes,Yes,RotoWire projected lineup; MLB probable pitchers,lineup projected / unconfirmed,H:2026/2025 P:2026/2025,,,Direct BvP not yet weighted; 2026/2025 Statcast baseline active,7,2,23,2,Hot streak: 2 HR in last 7 games,"same-side matchup; pitcher baseline 9.5% barrel, 12.9 HR allowed",neutral batted-ball profile; pitcher fly-ball pressure modest,,
694384,Nolan Schanuel,LAA,TEX,2026-08-13T02:10:00Z,Scheduled,3,Cal Quantrill,615698,R,L,3.1,0.118,87.5,97.0675,0.3859,0.1113,0.3298,67.96,5.83,41.08,22.13,31.73,8.5,9.49,37.16,88.86,0.4547,0.1926,29.78,12.9,12.9,12.9,Angel Stadium,101,,,,No,No,3,Yes,Yes,RotoWire projected lineup; MLB probable pitchers,lineup projected / unconfirmed,H:2026/2025 P:2026/2025,,,Direct BvP not yet weighted; 2026/2025 Statcast baseline active,7,5,22,1,"Last 7 games: 5/22, 1 HR","platoon edge; pitcher baseline 9.5% barrel, 12.9 HR allowed",neutral batted-ball profile; pitcher fly-ball pressure modest,,
687263,Zach Neto,LAA,TEX,2026-08-13T02:10:00Z,Scheduled,4,Cal Quantrill,615698,R,R,12.39,0.1988,89.88,100.1558,0.4208,0.2062,0.3111,71.26,13.48,47.13,35.38,42.05,21.8,9.49,37.16,88.86,0.4547,0.1926,29.78,12.9,12.9,12.9,Angel Stadium,101,,,,No,No,4,Yes,Yes,RotoWire projected lineup; MLB probable pitchers,lineup projected / unconfirmed,H:2026/2025 P:2026/2025,,,Direct BvP not yet weighted; 2026/2025 Statcast baseline active,7,5,31,1,"Last 7 games: 5/31, 1 HR","same-side matchup; pitcher baseline 9.5% barrel, 12.9 HR allowed",fly-ball profile; pitcher fly-ball pressure modest,,
687093,Vaughn Grissom,LAA,TEX,2026-08-13T02:10:00Z,Scheduled,5,Cal Quantrill,615698,R,R,6.8,0.138,88.4,99.4792,0.398,0.141,0.32,71.6,19.7,40.7,25.8,39.4,7.0,9.49,37.16,88.86,0.4547,0.1926,29.78,12.9,12.9,12.9,Angel Stadium,101,,,,No,No,5,Yes,Yes,RotoWire projected lineup; MLB probable pitchers,lineup projected / unconfirmed,H:2026 P:2026/2025,,,Direct BvP not yet weighted; 2026/2025 Statcast baseline active,7,5,27,0,"Last 7 games: 5/27, 0 HR","same-side matchup; pitcher baseline 9.5% barrel, 12.9 HR allowed",neutral batted-ball profile; pitcher fly-ball pressure modest,,
694208,Moises Ballesteros,LAA,TEX,2026-08-13T02:10:00Z,Scheduled,6,Cal Quantrill,615698,R,L,8.38,0.1438,90.01,100.9769,0.3972,0.1485,0.3172,72.92,36.09,33.94,19.53,43.03,4.8,9.49,37.16,88.86,0.4547,0.1926,29.78,12.9,12.9,12.9,Angel Stadium,101,,,,No,No,6,Yes,Yes,RotoWire projected lineup; MLB probable pitchers,lineup projected / unconfirmed,H:2026/2025 P:2026/2025,,,Direct BvP not yet weighted; 2026/2025 Statcast baseline active,7,3,25,0,"Last 7 games: 3/25, 0 HR","platoon edge; pitcher baseline 9.5% barrel, 12.9 HR allowed",neutral batted-ball profile; pitcher fly-ball pressure modest,,
694203,Denzer Guzman,LAA,TEX,2026-08-13T02:10:00Z,Scheduled,7,Cal Quantrill,615698,R,R,8.21,0.1355,87.2,98.2337,0.3286,0.1169,0.256,73.36,32.96,42.7,26.36,36.39,4.1,9.49,37.16,88.86,0.4547,0.1926,29.78,12.9,12.9,12.9,Angel Stadium,101,,,,No,No,7,Yes,Yes,RotoWire projected lineup; MLB probable pitchers,lineup projected / unconfirmed,H:2026/2025 P:2026/2025,,,Direct BvP not yet weighted; 2026/2025 Statcast baseline active,7,1,11,0,"Last 7 games: 1/11, 0 HR","same-side matchup; pitcher baseline 9.5% barrel, 12.9 HR allowed",neutral batted-ball profile; pitcher fly-ball pressure modest,,
666139,Josh Lowe,LAA,TEX,2026-08-13T02:10:00Z,Scheduled,8,Cal Quantrill,615698,R,L,7.93,0.1411,88.95,99.3806,0.3875,0.1625,0.2952,73.66,36.92,36.97,31.36,38.55,8.9,9.49,37.16,88.86,0.4547,0.1926,29.78,12.9,12.9,12.9,Angel Stadium,101,,,,No,No,8,Yes,Yes,RotoWire projected lineup; MLB probable pitchers,lineup projected / unconfirmed,H:2026/2025 P:2026/2025,,,Direct BvP not yet weighted; 2026/2025 Statcast baseline active,7,4,16,0,"Last 7 games: 4/16, 0 HR","platoon edge; pitcher baseline 9.5% barrel, 12.9 HR allowed",neutral batted-ball profile; pitcher fly-ball pressure modest,,
623168,Tyler Heineman,LAA,TEX,2026-08-13T02:10:00Z,Scheduled,9,Cal Quantrill,615698,R,S,1.59,0.0773,82.09,92.4554,0.2776,0.0559,0.2541,65.68,0.21,44.69,21.68,14.98,1.6,9.49,37.16,88.86,0.4547,0.1926,29.78,12.9,12.9,12.9,Angel Stadium,101,,,,No,No,9,Yes,Yes,RotoWire projected lineup; MLB probable pitchers,lineup projected / unconfirmed,H:2026/2025 P:2026/2025,,,Direct BvP not yet weighted; 2026/2025 Statcast baseline active,7,2,13,0,"Last 7 games: 2/13, 0 HR","switch hitter; pitcher baseline 9.5% barrel, 12.9 HR allowed",neutral batted-ball profile; pitcher fly-ball pressure modest,,
