hitter_id,player,team,opponent,game_start_time,game_status,batting_order,pitcher,pitcher_id,pitcher_hand,hitter_hand,barrel_pct,iso,avg_exit_velocity,ev50,xslg,xiso,xwoba,bat_speed,fast_swing_pct,pull_pct,fb_pct,hard_hit_pct,hr_total,pitcher_barrel_pct_allowed,pitcher_hard_hit_pct_allowed,pitcher_avg_exit_velocity_allowed,pitcher_xslg_allowed,pitcher_xiso_allowed,pitcher_fb_pct_allowed,pitcher_hr_allowed,pitcher_hr_allowed_vs_lhh,pitcher_hr_allowed_vs_rhh,ballpark,park_hr_factor,weather_temp,wind_speed,wind_direction,confirmed_lineup,rotowire_confirmed_lineup,rotowire_batting_order,rotowire_player_found,lineup_disagreement,lineup_sources_used,source_warnings,stat_years_used,bvp_pa,bvp_hr,bvp_note,recent_games,recent_hits,recent_abs,recent_hr,recent_form_note,split_matchup_note,pitch_mix_note,public_attention,odds
650490,Yandy Diaz,TB,BAL,2026-08-23T17:35:00Z,Scheduled,1,Shane Baz,669358,R,R,7.39,0.1687,91.46,103.1458,0.4513,0.1642,0.3551,73.57,37.44,23.32,19.65,48.86,20.8,7.61,41.78,90.05,0.393,0.1476,25.5,15.5,15.5,15.5,Oriole Park at Camden Yards,108,,,,No,No,1,Yes,Yes,RotoWire projected lineup; MLB probable pitchers,lineup projected / unconfirmed,H:2026/2025 P:2026/2025,,,Direct BvP not yet weighted; 2026/2025 Statcast baseline active,7,10,28,2,Hot streak: 2 HR in last 7 games,"same-side matchup; pitcher baseline 7.6% barrel, 15.5 HR allowed",neutral batted-ball profile; pitcher fly-ball pressure modest,,
666018,Jonathan Aranda,TB,BAL,2026-08-23T17:35:00Z,Scheduled,2,Shane Baz,669358,R,L,10.8,0.1478,91.6,101.3216,0.4639,0.1932,0.3589,70.22,12.48,31.87,30.41,48.2,14.7,7.61,41.78,90.05,0.393,0.1476,25.5,15.5,15.5,15.5,Oriole Park at Camden Yards,108,,,,No,No,2,Yes,Yes,RotoWire projected lineup; MLB probable pitchers,lineup projected / unconfirmed,H:2026/2025 P:2026/2025,,,Direct BvP not yet weighted; 2026/2025 Statcast baseline active,7,4,26,0,"Last 7 games: 4/26, 0 HR","platoon edge; pitcher baseline 7.6% barrel, 15.5 HR allowed",neutral batted-ball profile; pitcher fly-ball pressure modest,,
802415,Chandler Simpson,TB,BAL,2026-08-23T17:35:00Z,Scheduled,3,Shane Baz,669358,R,L,0.0,0.0535,84.02,92.856,0.3059,0.0382,0.2718,64.66,0.51,28.06,12.86,14.57,0.0,7.61,41.78,90.05,0.393,0.1476,25.5,15.5,15.5,15.5,Oriole Park at Camden Yards,108,,,,No,No,3,Yes,Yes,RotoWire projected lineup; MLB probable pitchers,lineup projected / unconfirmed,H:2026/2025 P:2026/2025,,,Direct BvP not yet weighted; 2026/2025 Statcast baseline active,7,9,29,0,"Last 7 games: 9/29, 0 HR","platoon edge; pitcher baseline 7.6% barrel, 15.5 HR allowed",neutral batted-ball profile; pitcher fly-ball pressure modest,,
691406,Junior Caminero,TB,BAL,2026-08-23T17:35:00Z,Scheduled,4,Shane Baz,669358,R,R,13.51,0.2612,92.75,105.2394,0.4989,0.232,0.3593,79.34,84.97,46.08,23.7,50.63,38.0,7.61,41.78,90.05,0.393,0.1476,25.5,15.5,15.5,15.5,Oriole Park at Camden Yards,108,,,,No,No,4,Yes,Yes,RotoWire projected lineup; MLB probable pitchers,lineup projected / unconfirmed,H:2026/2025 P:2026/2025,,,Direct BvP not yet weighted; 2026/2025 Statcast baseline active,7,8,28,0,"Last 7 games: 8/28, 0 HR","same-side matchup; pitcher baseline 7.6% barrel, 15.5 HR allowed",EV profile; pitcher fly-ball pressure modest,,
689414,Liam Hicks,TB,BAL,2026-08-23T17:35:00Z,Scheduled,5,Shane Baz,669358,R,L,3.95,0.1438,84.81,96.2577,0.3521,0.1025,0.3164,68.03,3.79,42.1,24.36,28.05,13.7,7.61,41.78,90.05,0.393,0.1476,25.5,15.5,15.5,15.5,Oriole Park at Camden Yards,108,,,,No,No,5,Yes,Yes,RotoWire projected lineup; MLB probable pitchers,lineup projected / unconfirmed,H:2026/2025 P:2026/2025,,,Direct BvP not yet weighted; 2026/2025 Statcast baseline active,7,5,19,1,"Last 7 games: 5/19, 1 HR","platoon edge; pitcher baseline 7.6% barrel, 15.5 HR allowed",neutral batted-ball profile; pitcher fly-ball pressure modest,,
676356,Jonny DeLuca,TB,BAL,2026-08-23T17:35:00Z,Scheduled,6,Shane Baz,669358,R,R,3.49,0.1545,85.39,97.3351,0.3486,0.1005,0.2747,72.89,30.41,46.3,21.22,30.68,5.6,7.61,41.78,90.05,0.393,0.1476,25.5,15.5,15.5,15.5,Oriole Park at Camden Yards,108,,,,No,No,6,Yes,Yes,RotoWire projected lineup; MLB probable pitchers,lineup projected / unconfirmed,H:2026/2025 P:2026/2025,,,Direct BvP not yet weighted; 2026/2025 Statcast baseline active,7,5,21,0,"Last 7 games: 5/21, 0 HR","same-side matchup; pitcher baseline 7.6% barrel, 15.5 HR allowed",neutral batted-ball profile; pitcher fly-ball pressure modest,,
680700,Richie Palacios,TB,BAL,2026-08-23T17:35:00Z,Scheduled,7,Shane Baz,669358,R,L,4.36,0.1148,87.45,97.0954,0.3688,0.1004,0.325,68.77,3.59,35.62,21.12,33.04,3.8,7.61,41.78,90.05,0.393,0.1476,25.5,15.5,15.5,15.5,Oriole Park at Camden Yards,108,,,,No,No,7,Yes,Yes,RotoWire projected lineup; MLB probable pitchers,lineup projected / unconfirmed,H:2026/2025 P:2026/2025,,,Direct BvP not yet weighted; 2026/2025 Statcast baseline active,7,4,22,0,"Last 7 games: 4/22, 0 HR","platoon edge; pitcher baseline 7.6% barrel, 15.5 HR allowed",neutral batted-ball profile; pitcher fly-ball pressure modest,,
656775,Cedric Mullins,TB,BAL,2026-08-23T17:35:00Z,Scheduled,8,Shane Baz,669358,R,L,4.73,0.1561,88.03,97.8453,0.3176,0.1246,0.2679,70.89,8.94,44.9,32.01,32.89,14.2,7.61,41.78,90.05,0.393,0.1476,25.5,15.5,15.5,15.5,Oriole Park at Camden Yards,108,,,,No,No,8,Yes,Yes,RotoWire projected lineup; MLB probable pitchers,lineup projected / unconfirmed,H:2026/2025 P:2026/2025,,,Direct BvP not yet weighted; 2026/2025 Statcast baseline active,7,4,21,0,"Last 7 games: 4/21, 0 HR","platoon edge; pitcher baseline 7.6% barrel, 15.5 HR allowed",neutral batted-ball profile; pitcher fly-ball pressure modest,,
670764,Taylor Walls,TB,BAL,2026-08-23T17:35:00Z,Scheduled,9,Shane Baz,669358,R,S,2.43,0.0829,86.02,95.3714,0.2705,0.0752,0.2512,68.35,2.13,37.7,28.63,22.97,2.6,7.61,41.78,90.05,0.393,0.1476,25.5,15.5,15.5,15.5,Oriole Park at Camden Yards,108,,,,No,No,9,Yes,Yes,RotoWire projected lineup; MLB probable pitchers,lineup projected / unconfirmed,H:2026/2025 P:2026/2025,,,Direct BvP not yet weighted; 2026/2025 Statcast baseline active,7,5,21,0,"Last 7 games: 5/21, 0 HR","switch hitter; pitcher baseline 7.6% barrel, 15.5 HR allowed",neutral batted-ball profile; pitcher fly-ball pressure modest,,
702616,Jackson Holliday,BAL,TB,2026-08-23T17:35:00Z,Scheduled,1,Nick Martinez,607259,R,L,7.17,0.1302,87.82,98.1385,0.3746,0.1364,0.3105,70.6,7.48,34.29,24.82,35.97,9.3,7.21,33.45,87.46,0.4303,0.1579,28.47,18.5,18.5,18.5,Oriole Park at Camden Yards,108,,,,No,No,1,Yes,Yes,RotoWire projected lineup; MLB probable pitchers,lineup projected / unconfirmed,H:2026/2025 P:2026/2025,,,Direct BvP not yet weighted; 2026/2025 Statcast baseline active,7,5,28,0,"Last 7 games: 5/28, 0 HR","platoon edge; pitcher baseline 7.2% barrel, 18.5 HR allowed",neutral batted-ball profile; pitcher fly-ball pressure modest,,
624413,Pete Alonso,BAL,TB,2026-08-23T17:35:00Z,Scheduled,2,Nick Martinez,607259,R,R,15.47,0.2373,93.85,104.2862,0.5559,0.2738,0.3916,74.78,48.93,35.94,30.74,55.73,32.4,7.21,33.45,87.46,0.4303,0.1579,28.47,18.5,18.5,18.5,Oriole Park at Camden Yards,108,,,,No,No,2,Yes,Yes,RotoWire projected lineup; MLB probable pitchers,lineup projected / unconfirmed,H:2026/2025 P:2026/2025,,,Direct BvP not yet weighted; 2026/2025 Statcast baseline active,7,11,26,3,Hot streak: 3 HR in last 7 games,"same-side matchup; pitcher baseline 7.2% barrel, 18.5 HR allowed",EV profile; pitcher fly-ball pressure modest,,
683002,Gunnar Henderson,BAL,TB,2026-08-23T17:35:00Z,Scheduled,3,Nick Martinez,607259,R,L,7.62,0.1724,90.56,101.4536,0.4068,0.1532,0.3256,74.67,47.45,41.43,23.73,46.26,19.1,7.21,33.45,87.46,0.4303,0.1579,28.47,18.5,18.5,18.5,Oriole Park at Camden Yards,108,,,,No,No,3,Yes,Yes,RotoWire projected lineup; MLB probable pitchers,lineup projected / unconfirmed,H:2026/2025 P:2026/2025,,,Direct BvP not yet weighted; 2026/2025 Statcast baseline active,7,6,25,0,"Last 7 games: 6/25, 0 HR","platoon edge; pitcher baseline 7.2% barrel, 18.5 HR allowed",neutral batted-ball profile; pitcher fly-ball pressure modest,,
641933,Tyler O'Neill,BAL,TB,2026-08-23T17:35:00Z,Scheduled,4,Nick Martinez,607259,R,R,11.11,0.1734,89.22,100.227,0.4327,0.21,0.3229,72.81,23.61,45.02,39.91,41.69,9.7,7.21,33.45,87.46,0.4303,0.1579,28.47,18.5,18.5,18.5,Oriole Park at Camden Yards,108,,,,No,No,4,Yes,Yes,RotoWire projected lineup; MLB probable pitchers,lineup projected / unconfirmed,H:2026/2025 P:2026/2025,,,Direct BvP not yet weighted; 2026/2025 Statcast baseline active,7,4,23,0,"Last 7 games: 4/23, 0 HR","same-side matchup; pitcher baseline 7.2% barrel, 18.5 HR allowed",fly-ball profile; pitcher fly-ball pressure modest,,
694212,Samuel Basallo,BAL,TB,2026-08-23T17:35:00Z,Scheduled,5,Nick Martinez,607259,R,L,12.05,0.1979,90.57,102.4614,0.4422,0.205,0.3197,74.87,49.49,42.18,29.19,44.89,13.1,7.21,33.45,87.46,0.4303,0.1579,28.47,18.5,18.5,18.5,Oriole Park at Camden Yards,108,,,,No,No,5,Yes,Yes,RotoWire projected lineup; MLB probable pitchers,lineup projected / unconfirmed,H:2026/2025 P:2026/2025,,,Direct BvP not yet weighted; 2026/2025 Statcast baseline active,7,2,19,1,"Last 7 games: 2/19, 1 HR","platoon edge; pitcher baseline 7.2% barrel, 18.5 HR allowed",neutral batted-ball profile; pitcher fly-ball pressure modest,,
687637,Dylan Beavers,BAL,TB,2026-08-23T17:35:00Z,Scheduled,6,Nick Martinez,607259,R,L,8.25,0.152,89.08,99.522,0.3912,0.1642,0.3181,72.34,20.91,41.51,32.02,37.03,5.4,7.21,33.45,87.46,0.4303,0.1579,28.47,18.5,18.5,18.5,Oriole Park at Camden Yards,108,,,,No,No,6,Yes,Yes,RotoWire projected lineup; MLB probable pitchers,lineup projected / unconfirmed,H:2026/2025 P:2026/2025,,,Direct BvP not yet weighted; 2026/2025 Statcast baseline active,7,4,16,3,Hot streak: 3 HR in last 7 games,"platoon edge; pitcher baseline 7.2% barrel, 18.5 HR allowed",neutral batted-ball profile; pitcher fly-ball pressure modest,,
691723,Coby Mayo,BAL,TB,2026-08-23T17:35:00Z,Scheduled,7,Nick Martinez,607259,R,R,11.85,0.2109,90.73,102.6904,0.4106,0.195,0.3044,75.33,54.53,50.18,33.83,44.89,15.2,7.21,33.45,87.46,0.4303,0.1579,28.47,18.5,18.5,18.5,Oriole Park at Camden Yards,108,,,,No,No,7,Yes,Yes,RotoWire projected lineup; MLB probable pitchers,lineup projected / unconfirmed,H:2026/2025 P:2026/2025,,,Direct BvP not yet weighted; 2026/2025 Statcast baseline active,7,6,23,2,Hot streak: 2 HR in last 7 games,"same-side matchup; pitcher baseline 7.2% barrel, 18.5 HR allowed",neutral batted-ball profile; pitcher fly-ball pressure modest,,
681297,Colton Cowser,BAL,TB,2026-08-23T17:35:00Z,Scheduled,8,Nick Martinez,607259,R,L,11.86,0.154,88.38,100.6516,0.4103,0.2016,0.3098,74.44,45.06,37.68,33.13,41.03,12.5,7.21,33.45,87.46,0.4303,0.1579,28.47,18.5,18.5,18.5,Oriole Park at Camden Yards,108,,,,No,No,8,Yes,Yes,RotoWire projected lineup; MLB probable pitchers,lineup projected / unconfirmed,H:2026/2025 P:2026/2025,,,Direct BvP not yet weighted; 2026/2025 Statcast baseline active,7,4,18,1,"Last 7 games: 4/18, 1 HR","platoon edge; pitcher baseline 7.2% barrel, 18.5 HR allowed",neutral batted-ball profile; pitcher fly-ball pressure modest,,
665750,Leody Taveras,BAL,TB,2026-08-23T17:35:00Z,Scheduled,9,Nick Martinez,607259,R,S,4.86,0.1214,88.08,99.0486,0.3244,0.1124,0.2656,72.39,24.25,33.51,24.17,33.1,5.8,7.21,33.45,87.46,0.4303,0.1579,28.47,18.5,18.5,18.5,Oriole Park at Camden Yards,108,,,,No,No,9,Yes,Yes,RotoWire projected lineup; MLB probable pitchers,lineup projected / unconfirmed,H:2026/2025 P:2026/2025,,,Direct BvP not yet weighted; 2026/2025 Statcast baseline active,7,6,23,0,"Last 7 games: 6/23, 0 HR","switch hitter; pitcher baseline 7.2% barrel, 18.5 HR allowed",neutral batted-ball profile; pitcher fly-ball pressure modest,,
802139,JJ Wetherholt,STL,PHI,2026-08-23T17:35:00Z,Scheduled,1,Cristopher Sánchez,650911,L,L,7.6,0.134,89.9,99.4472,0.439,0.183,0.352,71.9,20.0,36.8,30.0,44.9,17.0,6.75,41.2,89.21,0.3548,0.1207,16.62,12.7,12.7,12.7,Citizens Bank Park,112,,,,No,No,1,Yes,Yes,RotoWire projected lineup; MLB probable pitchers,lineup projected / unconfirmed,H:2026 P:2026/2025,,,Direct BvP not yet weighted; 2026/2025 Statcast baseline active,7,7,29,1,"Last 7 games: 7/29, 1 HR","same-side matchup; pitcher baseline 6.8% barrel, 12.7 HR allowed",neutral batted-ball profile; pitcher fly-ball pressure modest,,
671056,Ivan Herrera,STL,PHI,2026-08-23T17:35:00Z,Scheduled,2,Cristopher Sánchez,650911,L,R,7.32,0.1499,89.87,101.3161,0.4098,0.1544,0.343,73.81,42.65,37.66,19.52,42.59,15.5,6.75,41.2,89.21,0.3548,0.1207,16.62,12.7,12.7,12.7,Citizens Bank Park,112,,,,No,No,2,Yes,Yes,RotoWire projected lineup; MLB probable pitchers,lineup projected / unconfirmed,H:2026/2025 P:2026/2025,,,Direct BvP not yet weighted; 2026/2025 Statcast baseline active,7,3,26,1,"Last 7 games: 3/26, 1 HR","platoon edge; pitcher baseline 6.8% barrel, 12.7 HR allowed",neutral batted-ball profile; pitcher fly-ball pressure modest,,
691023,Jordan Walker,STL,PHI,2026-08-23T17:35:00Z,Scheduled,3,Cristopher Sánchez,650911,L,R,12.79,0.1813,92.37,104.5488,0.4505,0.1963,0.3319,78.87,82.98,37.89,24.61,48.6,20.7,6.75,41.2,89.21,0.3548,0.1207,16.62,12.7,12.7,12.7,Citizens Bank Park,112,,,,No,No,3,Yes,Yes,RotoWire projected lineup; MLB probable pitchers,lineup projected / unconfirmed,H:2026/2025 P:2026/2025,,,Direct BvP not yet weighted; 2026/2025 Statcast baseline active,7,11,30,3,Hot streak: 3 HR in last 7 games,"platoon edge; pitcher baseline 6.8% barrel, 12.7 HR allowed",EV profile; pitcher fly-ball pressure modest,,
676475,Alec Burleson,STL,PHI,2026-08-23T17:35:00Z,Scheduled,4,Cristopher Sánchez,650911,L,L,10.83,0.19,91.77,102.0008,0.5158,0.227,0.3716,73.21,33.86,43.96,27.47,47.48,20.1,6.75,41.2,89.21,0.3548,0.1207,16.62,12.7,12.7,12.7,Citizens Bank Park,112,,,,No,No,4,Yes,Yes,RotoWire projected lineup; MLB probable pitchers,lineup projected / unconfirmed,H:2026/2025 P:2026/2025,,,Direct BvP not yet weighted; 2026/2025 Statcast baseline active,7,8,26,0,"Last 7 games: 8/26, 0 HR","same-side matchup; pitcher baseline 6.8% barrel, 12.7 HR allowed",neutral batted-ball profile; pitcher fly-ball pressure modest,,
695491,Joshua Baez,STL,PHI,2026-08-23T17:35:00Z,Scheduled,5,Cristopher Sánchez,650911,L,R,23.8,0.375,97.0,104.2709,0.598,0.361,0.376,78.2,79.4,28.6,47.6,61.9,4.0,6.75,41.2,89.21,0.3548,0.1207,16.62,12.7,12.7,12.7,Citizens Bank Park,112,,,,No,No,5,Yes,Yes,RotoWire projected lineup; MLB probable pitchers,lineup projected / unconfirmed,H:2026 P:2026/2025,,,Direct BvP not yet weighted; 2026/2025 Statcast baseline active,7,2,23,1,"Last 7 games: 2/23, 1 HR","platoon edge; pitcher baseline 6.8% barrel, 12.7 HR allowed",EV profile; pitcher fly-ball pressure modest,,
691458,Blaze Jordan,STL,PHI,2026-08-23T17:35:00Z,Scheduled,6,Cristopher Sánchez,650911,L,R,9.2,0.124,88.1,99.8992,0.41,0.149,0.308,72.7,27.4,39.9,20.3,43.8,2.0,6.75,41.2,89.21,0.3548,0.1207,16.62,12.7,12.7,12.7,Citizens Bank Park,112,,,,No,No,6,Yes,Yes,RotoWire projected lineup; MLB probable pitchers,lineup projected / unconfirmed,H:2026 P:2026/2025,,,Direct BvP not yet weighted; 2026/2025 Statcast baseline active,7,5,26,0,"Last 7 games: 5/26, 0 HR","platoon edge; pitcher baseline 6.8% barrel, 12.7 HR allowed",neutral batted-ball profile; pitcher fly-ball pressure modest,,
691026,Masyn Winn,STL,PHI,2026-08-23T17:35:00Z,Scheduled,7,Cristopher Sánchez,650911,L,R,3.96,0.0946,88.23,98.6634,0.3372,0.0916,0.2958,71.31,16.47,31.97,21.6,34.88,6.2,6.75,41.2,89.21,0.3548,0.1207,16.62,12.7,12.7,12.7,Citizens Bank Park,112,,,,No,No,7,Yes,Yes,RotoWire projected lineup; MLB probable pitchers,lineup projected / unconfirmed,H:2026/2025 P:2026/2025,,,Direct BvP not yet weighted; 2026/2025 Statcast baseline active,7,5,21,1,"Last 7 games: 5/21, 1 HR","platoon edge; pitcher baseline 6.8% barrel, 12.7 HR allowed",neutral batted-ball profile; pitcher fly-ball pressure modest,,
701675,Nathan Church,STL,PHI,2026-08-23T17:35:00Z,Scheduled,8,Cristopher Sánchez,650911,L,L,5.13,0.1081,86.83,97.6958,0.3357,0.1095,0.2736,69.6,8.55,34.92,21.46,33.52,6.6,6.75,41.2,89.21,0.3548,0.1207,16.62,12.7,12.7,12.7,Citizens Bank Park,112,,,,No,No,8,Yes,Yes,RotoWire projected lineup; MLB probable pitchers,lineup projected / unconfirmed,H:2026/2025 P:2026/2025,,,Direct BvP not yet weighted; 2026/2025 Statcast baseline active,7,5,13,0,Contact streak: 5/13 over last 7 games,"same-side matchup; pitcher baseline 6.8% barrel, 12.7 HR allowed",neutral batted-ball profile; pitcher fly-ball pressure modest,,
686780,Pedro Pages,STL,PHI,2026-08-23T17:35:00Z,Scheduled,9,Cristopher Sánchez,650911,L,R,5.58,0.1148,86.88,99.2468,0.3379,0.1222,0.2674,72.67,25.41,35.92,27.2,37.27,6.1,6.75,41.2,89.21,0.3548,0.1207,16.62,12.7,12.7,12.7,Citizens Bank Park,112,,,,No,No,9,Yes,Yes,RotoWire projected lineup; MLB probable pitchers,lineup projected / unconfirmed,H:2026/2025 P:2026/2025,,,Direct BvP not yet weighted; 2026/2025 Statcast baseline active,7,4,14,0,"Last 7 games: 4/14, 0 HR","platoon edge; pitcher baseline 6.8% barrel, 12.7 HR allowed",neutral batted-ball profile; pitcher fly-ball pressure modest,,
656941,Kyle Schwarber,PHI,STL,2026-08-23T17:35:00Z,Scheduled,1,Kyle Leahy,681517,R,L,18.49,0.2957,93.25,104.3375,0.5222,0.2812,0.3772,77.16,75.14,55.05,33.95,53.72,43.4,10.08,47.11,90.71,0.4415,0.1705,22.26,9.9,9.9,9.9,Citizens Bank Park,112,,,,No,No,1,Yes,Yes,RotoWire projected lineup; MLB probable pitchers,lineup projected / unconfirmed,H:2026/2025 P:2026/2025,,,Direct BvP not yet weighted; 2026/2025 Statcast baseline active,7,5,29,1,"Last 7 games: 5/29, 1 HR","platoon edge; pitcher baseline 10.1% barrel, 9.9 HR allowed",lift-pull EV profile; pitcher fly-ball pressure modest,,
607208,Trea Turner,PHI,STL,2026-08-23T17:35:00Z,Scheduled,2,Kyle Leahy,681517,R,R,5.94,0.1481,88.81,99.4749,0.382,0.1281,0.3042,71.52,19.21,35.38,25.27,40.84,16.4,10.08,47.11,90.71,0.4415,0.1705,22.26,9.9,9.9,9.9,Citizens Bank Park,112,,,,No,No,2,Yes,Yes,RotoWire projected lineup; MLB probable pitchers,lineup projected / unconfirmed,H:2026/2025 P:2026/2025,,,Direct BvP not yet weighted; 2026/2025 Statcast baseline active,7,7,28,0,"Last 7 games: 7/28, 0 HR","same-side matchup; pitcher baseline 10.1% barrel, 9.9 HR allowed",neutral batted-ball profile; pitcher fly-ball pressure modest,,
547180,Bryce Harper,PHI,STL,2026-08-23T17:35:00Z,Scheduled,3,Kyle Leahy,681517,R,L,11.39,0.2323,90.53,101.8882,0.4955,0.2261,0.3827,74.17,45.29,37.98,27.8,45.4,26.3,10.08,47.11,90.71,0.4415,0.1705,22.26,9.9,9.9,9.9,Citizens Bank Park,112,,,,No,No,3,Yes,Yes,RotoWire projected lineup; MLB probable pitchers,lineup projected / unconfirmed,H:2026/2025 P:2026/2025,,,Direct BvP not yet weighted; 2026/2025 Statcast baseline active,7,8,25,1,Contact streak: 8/25 over last 7 games,"platoon edge; pitcher baseline 10.1% barrel, 9.9 HR allowed",neutral batted-ball profile; pitcher fly-ball pressure modest,,
650333,Luis Arraez,PHI,STL,2026-08-23T17:35:00Z,Scheduled,4,Kyle Leahy,681517,R,L,1.17,0.1147,86.52,93.9916,0.377,0.0879,0.3072,62.99,0.12,30.17,28.52,19.01,6.6,10.08,47.11,90.71,0.4415,0.1705,22.26,9.9,9.9,9.9,Citizens Bank Park,112,,,,No,No,4,Yes,Yes,RotoWire projected lineup; MLB probable pitchers,lineup projected / unconfirmed,H:2026/2025 P:2026/2025,,,Direct BvP not yet weighted; 2026/2025 Statcast baseline active,7,12,28,1,Contact streak: 12/28 over last 7 games,"platoon edge; pitcher baseline 10.1% barrel, 9.9 HR allowed",neutral batted-ball profile; pitcher fly-ball pressure modest,,
664761,Alec Bohm,PHI,STL,2026-08-23T17:35:00Z,Scheduled,5,Kyle Leahy,681517,R,R,5.92,0.136,90.66,100.3072,0.4116,0.146,0.3219,71.21,14.42,28.49,22.58,43.67,13.1,10.08,47.11,90.71,0.4415,0.1705,22.26,9.9,9.9,9.9,Citizens Bank Park,112,,,,No,No,5,Yes,Yes,RotoWire projected lineup; MLB probable pitchers,lineup projected / unconfirmed,H:2026/2025 P:2026/2025,,,Direct BvP not yet weighted; 2026/2025 Statcast baseline active,7,15,30,1,Contact streak: 15/30 over last 7 games,"same-side matchup; pitcher baseline 10.1% barrel, 9.9 HR allowed",neutral batted-ball profile; pitcher fly-ball pressure modest,,
681082,Bryson Stott,PHI,STL,2026-08-23T17:35:00Z,Scheduled,6,Kyle Leahy,681517,R,L,5.66,0.1445,88.65,98.4536,0.3986,0.1355,0.3256,69.72,6.68,34.38,27.52,35.66,10.2,10.08,47.11,90.71,0.4415,0.1705,22.26,9.9,9.9,9.9,Citizens Bank Park,112,,,,No,No,6,Yes,Yes,RotoWire projected lineup; MLB probable pitchers,lineup projected / unconfirmed,H:2026/2025 P:2026/2025,,,Direct BvP not yet weighted; 2026/2025 Statcast baseline active,7,4,23,1,"Last 7 games: 4/23, 1 HR","platoon edge; pitcher baseline 10.1% barrel, 9.9 HR allowed",neutral batted-ball profile; pitcher fly-ball pressure modest,,
669016,Brandon Marsh,PHI,STL,2026-08-23T17:35:00Z,Scheduled,7,Kyle Leahy,681517,R,L,8.61,0.163,90.05,100.2662,0.425,0.162,0.3181,71.54,15.86,37.77,26.31,45.42,15.2,10.08,47.11,90.71,0.4415,0.1705,22.26,9.9,9.9,9.9,Citizens Bank Park,112,,,,No,No,7,Yes,Yes,RotoWire projected lineup; MLB probable pitchers,lineup projected / unconfirmed,H:2026/2025 P:2026/2025,,,Direct BvP not yet weighted; 2026/2025 Statcast baseline active,7,7,20,1,Contact streak: 7/20 over last 7 games,"platoon edge; pitcher baseline 10.1% barrel, 9.9 HR allowed",neutral batted-ball profile; pitcher fly-ball pressure modest,,
592663,J.T. Realmuto,PHI,STL,2026-08-23T17:35:00Z,Scheduled,8,Kyle Leahy,681517,R,R,5.72,0.127,89.86,100.1796,0.3942,0.1377,0.3195,72.84,31.87,41.46,25.52,41.79,9.2,10.08,47.11,90.71,0.4415,0.1705,22.26,9.9,9.9,9.9,Citizens Bank Park,112,,,,No,No,8,Yes,Yes,RotoWire projected lineup; MLB probable pitchers,lineup projected / unconfirmed,H:2026/2025 P:2026/2025,,,Direct BvP not yet weighted; 2026/2025 Statcast baseline active,7,6,22,0,"Last 7 games: 6/22, 0 HR","same-side matchup; pitcher baseline 10.1% barrel, 9.9 HR allowed",neutral batted-ball profile; pitcher fly-ball pressure modest,,
702222,Justin Crawford,PHI,STL,2026-08-23T17:35:00Z,Scheduled,9,Kyle Leahy,681517,R,L,1.4,0.089,87.1,98.1864,0.321,0.063,0.283,69.1,5.7,26.5,17.4,34.8,2.0,10.08,47.11,90.71,0.4415,0.1705,22.26,9.9,9.9,9.9,Citizens Bank Park,112,,,,No,No,9,Yes,Yes,RotoWire projected lineup; MLB probable pitchers,lineup projected / unconfirmed,H:2026 P:2026/2025,,,Direct BvP not yet weighted; 2026/2025 Statcast baseline active,7,6,14,0,Contact streak: 6/14 over last 7 games,"platoon edge; pitcher baseline 10.1% barrel, 9.9 HR allowed",neutral batted-ball profile; pitcher fly-ball pressure modest,,
703520,Brett Bateman,TOR,NYY,2026-08-23T17:35:00Z,Scheduled,1,Carlos Rodón,607074,L,L,0.0,0.09,82.8,93.0692,0.306,0.058,0.273,68.1,2.5,28.3,6.5,15.2,0.0,6.69,37.22,89.65,0.344,0.1338,27.18,9.4,9.4,9.4,Yankee Stadium,119,,,,No,No,1,Yes,Yes,RotoWire projected lineup; MLB probable pitchers,lineup projected / unconfirmed,H:2026 P:2026/2025,,,Direct BvP not yet weighted; 2026/2025 Statcast baseline active,7,11,29,0,Contact streak: 11/29 over last 7 games,"same-side matchup; pitcher baseline 6.7% barrel, 9.4 HR allowed",neutral batted-ball profile; pitcher fly-ball pressure modest,,
665489,Vladimir Guerrero,TOR,NYY,2026-08-23T17:35:00Z,Scheduled,2,Carlos Rodón,607074,L,R,8.35,0.1169,90.74,103.0174,0.4318,0.1437,0.349,76.35,63.47,35.46,19.17,45.45,11.8,6.69,37.22,89.65,0.344,0.1338,27.18,9.4,9.4,9.4,Yankee Stadium,119,,,,No,No,2,Yes,Yes,RotoWire projected lineup; MLB probable pitchers,lineup projected / unconfirmed,H:2026/2025 P:2026/2025,,,Direct BvP not yet weighted; 2026/2025 Statcast baseline active,7,9,30,0,"Last 7 games: 9/30, 0 HR","platoon edge; pitcher baseline 6.7% barrel, 9.4 HR allowed",neutral batted-ball profile; pitcher fly-ball pressure modest,,
672386,Alejandro Kirk,TOR,NYY,2026-08-23T17:35:00Z,Scheduled,3,Carlos Rodón,607074,L,R,5.55,0.1432,88.79,100.1136,0.3988,0.1337,0.3247,71.8,19.72,26.14,21.55,41.84,9.4,6.69,37.22,89.65,0.344,0.1338,27.18,9.4,9.4,9.4,Yankee Stadium,119,,,,No,No,3,Yes,Yes,RotoWire projected lineup; MLB probable pitchers,lineup projected / unconfirmed,H:2026/2025 P:2026/2025,,,Direct BvP not yet weighted; 2026/2025 Statcast baseline active,7,10,27,2,Hot streak: 2 HR in last 7 games,"platoon edge; pitcher baseline 6.7% barrel, 9.4 HR allowed",neutral batted-ball profile; pitcher fly-ball pressure modest,,
543807,George Springer,TOR,NYY,2026-08-23T17:35:00Z,Scheduled,4,Carlos Rodón,607074,L,R,9.41,0.1803,88.6,99.9893,0.4289,0.1799,0.3326,73.24,35.02,40.95,26.51,40.39,18.0,6.69,37.22,89.65,0.344,0.1338,27.18,9.4,9.4,9.4,Yankee Stadium,119,,,,No,No,4,Yes,Yes,RotoWire projected lineup; MLB probable pitchers,lineup projected / unconfirmed,H:2026/2025 P:2026/2025,,,Direct BvP not yet weighted; 2026/2025 Statcast baseline active,7,8,24,0,Contact streak: 8/24 over last 7 games,"platoon edge; pitcher baseline 6.7% barrel, 9.4 HR allowed",neutral batted-ball profile; pitcher fly-ball pressure modest,,
672960,Kazuma Okamoto,TOR,NYY,2026-08-23T17:35:00Z,Scheduled,5,Carlos Rodón,607074,L,R,12.9,0.208,90.5,101.4186,0.43,0.212,0.315,73.1,34.6,50.5,33.1,43.7,26.0,6.69,37.22,89.65,0.344,0.1338,27.18,9.4,9.4,9.4,Yankee Stadium,119,,,,No,No,5,Yes,Yes,RotoWire projected lineup; MLB probable pitchers,lineup projected / unconfirmed,H:2026 P:2026/2025,,,Direct BvP not yet weighted; 2026/2025 Statcast baseline active,7,8,30,2,Hot streak: 2 HR in last 7 games,"platoon edge; pitcher baseline 6.7% barrel, 9.4 HR allowed",neutral batted-ball profile; pitcher fly-ball pressure modest,,
676391,Ernie Clement,TOR,NYY,2026-08-23T17:35:00Z,Scheduled,6,Carlos Rodón,607074,L,R,2.33,0.1196,85.06,94.7122,0.3408,0.0867,0.275,67.46,2.75,41.64,27.55,22.22,9.0,6.69,37.22,89.65,0.344,0.1338,27.18,9.4,9.4,9.4,Yankee Stadium,119,,,,No,No,6,Yes,Yes,RotoWire projected lineup; MLB probable pitchers,lineup projected / unconfirmed,H:2026/2025 P:2026/2025,,,Direct BvP not yet weighted; 2026/2025 Statcast baseline active,7,10,25,0,Contact streak: 10/25 over last 7 games,"platoon edge; pitcher baseline 6.7% barrel, 9.4 HR allowed",neutral batted-ball profile; pitcher fly-ball pressure modest,,
663662,Daz Cameron,TOR,NYY,2026-08-23T17:35:00Z,Scheduled,7,Carlos Rodón,607074,L,R,17.67,0.2443,88.54,98.3195,0.4936,0.2428,0.3141,74.36,40.68,34.02,34.02,25.17,1.0,6.69,37.22,89.65,0.344,0.1338,27.18,9.4,9.4,9.4,Yankee Stadium,119,,,,No,No,7,Yes,Yes,RotoWire projected lineup; MLB probable pitchers,lineup projected / unconfirmed,H:2026/2025 P:2026/2025,,,Direct BvP not yet weighted; 2026/2025 Statcast baseline active,4,4,13,1,"Last 4 games: 4/13, 1 HR","platoon edge; pitcher baseline 6.7% barrel, 9.4 HR allowed",neutral batted-ball profile; pitcher fly-ball pressure modest,,
807727,Charles McAdoo,TOR,NYY,2026-08-23T17:35:00Z,Scheduled,8,Carlos Rodón,607074,L,R,7.0,0.131,86.2,96.9573,0.35,0.115,0.271,73.2,33.0,11.6,23.3,30.2,2.0,6.69,37.22,89.65,0.344,0.1338,27.18,9.4,9.4,9.4,Yankee Stadium,119,,,,No,No,8,Yes,Yes,RotoWire projected lineup; MLB probable pitchers,lineup projected / unconfirmed,H:2026 P:2026/2025,,,Direct BvP not yet weighted; 2026/2025 Statcast baseline active,7,9,25,0,Contact streak: 9/25 over last 7 games,"platoon edge; pitcher baseline 6.7% barrel, 9.4 HR allowed",neutral batted-ball profile; pitcher fly-ball pressure modest,,
664702,Myles Straw,TOR,NYY,2026-08-23T17:35:00Z,Scheduled,9,Carlos Rodón,607074,L,R,3.62,0.1078,86.08,95.7183,0.3545,0.1032,0.2915,68.12,5.38,35.8,26.34,25.56,3.3,6.69,37.22,89.65,0.344,0.1338,27.18,9.4,9.4,9.4,Yankee Stadium,119,,,,No,No,9,Yes,Yes,RotoWire projected lineup; MLB probable pitchers,lineup projected / unconfirmed,H:2026/2025 P:2026/2025,,,Direct BvP not yet weighted; 2026/2025 Statcast baseline active,7,1,16,0,"Last 7 games: 1/16, 0 HR","platoon edge; pitcher baseline 6.7% barrel, 9.4 HR allowed",neutral batted-ball profile; pitcher fly-ball pressure modest,,
663757,Trent Grisham,NYY,TOR,2026-08-23T17:35:00Z,Scheduled,1,José Soriano,667755,R,L,11.12,0.2052,90.89,100.9262,0.4553,0.2073,0.349,70.79,9.09,46.96,30.91,46.05,22.1,7.76,41.55,89.65,0.3866,0.1397,18.54,12.7,12.7,12.7,Yankee Stadium,119,,,,No,No,1,Yes,Yes,RotoWire projected lineup; MLB probable pitchers,lineup projected / unconfirmed,H:2026/2025 P:2026/2025,,,Direct BvP not yet weighted; 2026/2025 Statcast baseline active,7,4,25,1,"Last 7 games: 4/25, 1 HR","platoon edge; pitcher baseline 7.8% barrel, 12.7 HR allowed",neutral batted-ball profile; pitcher fly-ball pressure modest,,
700250,Ben Rice,NYY,TOR,2026-08-23T17:35:00Z,Scheduled,2,José Soriano,667755,R,L,15.05,0.2678,92.53,102.5762,0.5187,0.2527,0.377,72.91,28.08,46.08,30.46,50.85,31.6,7.76,41.55,89.65,0.3866,0.1397,18.54,12.7,12.7,12.7,Yankee Stadium,119,,,,No,No,2,Yes,Yes,RotoWire projected lineup; MLB probable pitchers,lineup projected / unconfirmed,H:2026/2025 P:2026/2025,,,Direct BvP not yet weighted; 2026/2025 Statcast baseline active,7,4,26,2,Hot streak: 2 HR in last 7 games,"platoon edge; pitcher baseline 7.8% barrel, 12.7 HR allowed",lift-pull EV profile; pitcher fly-ball pressure modest,,
671218,Heliot Ramos,NYY,TOR,2026-08-23T17:35:00Z,Scheduled,3,José Soriano,667755,R,R,12.02,0.1461,92.01,102.8784,0.4282,0.1771,0.3193,72.99,31.77,33.38,22.39,48.66,12.6,7.76,41.55,89.65,0.3866,0.1397,18.54,12.7,12.7,12.7,Yankee Stadium,119,,,,No,No,3,Yes,Yes,RotoWire projected lineup; MLB probable pitchers,lineup projected / unconfirmed,H:2026/2025 P:2026/2025,,,Direct BvP not yet weighted; 2026/2025 Statcast baseline active,7,4,25,0,"Last 7 games: 4/25, 0 HR","same-side matchup; pitcher baseline 7.8% barrel, 12.7 HR allowed",EV profile; pitcher fly-ball pressure modest,,
671277,Luis Garcia,NYY,TOR,2026-08-23T17:35:00Z,Scheduled,4,José Soriano,667755,R,L,11.31,0.2349,91.25,101.9126,0.4924,0.2079,0.3474,73.66,38.99,40.73,22.82,46.29,23.0,7.76,41.55,89.65,0.3866,0.1397,18.54,12.7,12.7,12.7,Yankee Stadium,119,,,,No,No,4,Yes,Yes,RotoWire projected lineup; MLB probable pitchers,lineup projected / unconfirmed,H:2026/2025 P:2026/2025,,,Direct BvP not yet weighted; 2026/2025 Statcast baseline active,7,7,24,2,Hot streak: 2 HR in last 7 games,"platoon edge; pitcher baseline 7.8% barrel, 12.7 HR allowed",neutral batted-ball profile; pitcher fly-ball pressure modest,,
682987,Spencer Jones,NYY,TOR,2026-08-23T17:35:00Z,Scheduled,5,José Soriano,667755,R,L,15.1,0.193,94.4,103.8939,0.438,0.216,0.32,77.5,76.6,30.1,37.6,57.6,7.0,7.76,41.55,89.65,0.3866,0.1397,18.54,12.7,12.7,12.7,Yankee Stadium,119,,,,No,No,5,Yes,Yes,RotoWire projected lineup; MLB probable pitchers,lineup projected / unconfirmed,H:2026 P:2026/2025,,,Direct BvP not yet weighted; 2026/2025 Statcast baseline active,7,7,25,2,Hot streak: 2 HR in last 7 games,"platoon edge; pitcher baseline 7.8% barrel, 12.7 HR allowed",EV profile; pitcher fly-ball pressure modest,,
806146,George Lombard,NYY,TOR,2026-08-23T17:35:00Z,Scheduled,6,José Soriano,667755,R,R,7.9,0.127,84.4,97.1123,0.345,0.101,0.299,71.4,18.4,30.8,23.1,33.3,2.0,7.76,41.55,89.65,0.3866,0.1397,18.54,12.7,12.7,12.7,Yankee Stadium,119,,,,No,No,6,Yes,Yes,RotoWire projected lineup; MLB probable pitchers,lineup projected / unconfirmed,H:2026 P:2026/2025,,,Direct BvP not yet weighted; 2026/2025 Statcast baseline active,7,7,23,0,"Last 7 games: 7/23, 0 HR","same-side matchup; pitcher baseline 7.8% barrel, 12.7 HR allowed",neutral batted-ball profile; pitcher fly-ball pressure modest,,
665862,Jazz Chisholm,NYY,TOR,2026-08-23T17:35:00Z,Scheduled,7,José Soriano,667755,R,L,10.8,0.1921,90.26,100.4726,0.3998,0.1819,0.3061,73.48,34.56,52.05,30.54,42.32,21.2,7.76,41.55,89.65,0.3866,0.1397,18.54,12.7,12.7,12.7,Yankee Stadium,119,,,,No,No,7,Yes,Yes,RotoWire projected lineup; MLB probable pitchers,lineup projected / unconfirmed,H:2026/2025 P:2026/2025,,,Direct BvP not yet weighted; 2026/2025 Statcast baseline active,7,5,21,0,"Last 7 games: 5/21, 0 HR","platoon edge; pitcher baseline 7.8% barrel, 12.7 HR allowed",neutral batted-ball profile; pitcher fly-ball pressure modest,,
669224,Austin Wells,NYY,TOR,2026-08-23T17:35:00Z,Scheduled,8,José Soriano,667755,R,L,7.61,0.1456,89.48,100.6266,0.3683,0.1584,0.2906,72.91,27.46,46.17,32.79,43.45,11.9,7.76,41.55,89.65,0.3866,0.1397,18.54,12.7,12.7,12.7,Yankee Stadium,119,,,,No,No,8,Yes,Yes,RotoWire projected lineup; MLB probable pitchers,lineup projected / unconfirmed,H:2026/2025 P:2026/2025,,,Direct BvP not yet weighted; 2026/2025 Statcast baseline active,7,3,19,0,"Last 7 games: 3/19, 0 HR","platoon edge; pitcher baseline 7.8% barrel, 12.7 HR allowed",neutral batted-ball profile; pitcher fly-ball pressure modest,,
676609,Jose Caballero,NYY,TOR,2026-08-23T17:35:00Z,Scheduled,9,José Soriano,667755,R,R,4.78,0.1334,84.6,96.4837,0.3383,0.1122,0.2878,68.89,8.19,41.67,21.59,26.96,9.9,7.76,41.55,89.65,0.3866,0.1397,18.54,12.7,12.7,12.7,Yankee Stadium,119,,,,No,No,9,Yes,Yes,RotoWire projected lineup; MLB probable pitchers,lineup projected / unconfirmed,H:2026/2025 P:2026/2025,,,Direct BvP not yet weighted; 2026/2025 Statcast baseline active,7,1,12,0,"Last 7 games: 1/12, 0 HR","same-side matchup; pitcher baseline 7.8% barrel, 12.7 HR allowed",neutral batted-ball profile; pitcher fly-ball pressure modest,,
682928,CJ Abrams,WSH,MIA,2026-08-23T17:40:00Z,Scheduled,1,Janson Junk,676083,R,L,9.49,0.2285,89.26,99.8939,0.4325,0.1798,0.3321,72.75,27.54,44.15,28.1,40.81,26.0,7.17,42.47,90.62,0.4215,0.1578,22.8,10.8,10.8,10.8,loanDepot park,89,,,,No,No,1,Yes,Yes,RotoWire projected lineup; MLB probable pitchers,lineup projected / unconfirmed,H:2026/2025 P:2026/2025,,,Direct BvP not yet weighted; 2026/2025 Statcast baseline active,7,4,26,0,"Last 7 games: 4/26, 0 HR","platoon edge; pitcher baseline 7.2% barrel, 10.8 HR allowed",neutral batted-ball profile; pitcher fly-ball pressure modest,,
694673,Abimelec Ortiz,WSH,MIA,2026-08-23T17:40:00Z,Scheduled,2,Janson Junk,676083,R,L,14.0,0.298,92.4,101.0867,0.545,0.295,0.351,75.5,62.0,51.2,41.9,46.5,5.0,7.17,42.47,90.62,0.4215,0.1578,22.8,10.8,10.8,10.8,loanDepot park,89,,,,No,No,2,Yes,Yes,RotoWire projected lineup; MLB probable pitchers,lineup projected / unconfirmed,H:2026 P:2026/2025,,,Direct BvP not yet weighted; 2026/2025 Statcast baseline active,7,3,22,1,"Last 7 games: 3/22, 1 HR","platoon edge; pitcher baseline 7.2% barrel, 10.8 HR allowed",lift-pull EV profile; pitcher fly-ball pressure modest,,
691781,Brady House,WSH,MIA,2026-08-23T17:40:00Z,Scheduled,3,Janson Junk,676083,R,R,8.99,0.1356,89.52,101.6347,0.4169,0.1595,0.3155,73.31,31.02,33.45,25.86,46.58,7.5,7.17,42.47,90.62,0.4215,0.1578,22.8,10.8,10.8,10.8,loanDepot park,89,,,,No,No,3,Yes,Yes,RotoWire projected lineup; MLB probable pitchers,lineup projected / unconfirmed,H:2026/2025 P:2026/2025,,,Direct BvP not yet weighted; 2026/2025 Statcast baseline active,7,3,19,1,"Last 7 games: 3/19, 1 HR","same-side matchup; pitcher baseline 7.2% barrel, 10.8 HR allowed",neutral batted-ball profile; pitcher fly-ball pressure modest,,
695734,Daylen Lile,WSH,MIA,2026-08-23T17:40:00Z,Scheduled,4,Janson Junk,676083,R,L,7.44,0.1703,88.48,98.7624,0.4266,0.1593,0.3228,70.57,8.59,40.45,32.9,37.65,13.2,7.17,42.47,90.62,0.4215,0.1578,22.8,10.8,10.8,10.8,loanDepot park,89,,,,No,No,4,Yes,Yes,RotoWire projected lineup; MLB probable pitchers,lineup projected / unconfirmed,H:2026/2025 P:2026/2025,,,Direct BvP not yet weighted; 2026/2025 Statcast baseline active,7,4,29,0,"Last 7 games: 4/29, 0 HR","platoon edge; pitcher baseline 7.2% barrel, 10.8 HR allowed",neutral batted-ball profile; pitcher fly-ball pressure modest,,
665953,Andres Chaparro,WSH,MIA,2026-08-23T17:40:00Z,Scheduled,5,Janson Junk,676083,R,R,13.41,0.216,88.31,101.1552,0.4391,0.2128,0.335,74.14,42.86,49.01,27.77,44.8,5.9,7.17,42.47,90.62,0.4215,0.1578,22.8,10.8,10.8,10.8,loanDepot park,89,,,,No,No,5,Yes,Yes,RotoWire projected lineup; MLB probable pitchers,lineup projected / unconfirmed,H:2026/2025 P:2026/2025,,,Direct BvP not yet weighted; 2026/2025 Statcast baseline active,7,7,21,2,Hot streak: 2 HR in last 7 games,"same-side matchup; pitcher baseline 7.2% barrel, 10.8 HR allowed",neutral batted-ball profile; pitcher fly-ball pressure modest,,
660688,Keibert Ruiz,WSH,MIA,2026-08-23T17:40:00Z,Scheduled,6,Janson Junk,676083,R,S,4.16,0.1375,87.67,97.6467,0.3587,0.108,0.2835,67.22,0.93,53.98,25.51,35.59,6.2,7.17,42.47,90.62,0.4215,0.1578,22.8,10.8,10.8,10.8,loanDepot park,89,,,,No,No,6,Yes,Yes,RotoWire projected lineup; MLB probable pitchers,lineup projected / unconfirmed,H:2026/2025 P:2026/2025,,,Direct BvP not yet weighted; 2026/2025 Statcast baseline active,7,9,24,1,Contact streak: 9/24 over last 7 games,"switch hitter; pitcher baseline 7.2% barrel, 10.8 HR allowed",neutral batted-ball profile; pitcher fly-ball pressure modest,,
686611,Dylan Crews,WSH,MIA,2026-08-23T17:40:00Z,Scheduled,7,Janson Junk,676083,R,R,9.87,0.1447,90.47,101.1643,0.414,0.1769,0.3147,73.83,37.51,33.66,29.03,42.69,10.0,7.17,42.47,90.62,0.4215,0.1578,22.8,10.8,10.8,10.8,loanDepot park,89,,,,No,No,7,Yes,Yes,RotoWire projected lineup; MLB probable pitchers,lineup projected / unconfirmed,H:2026/2025 P:2026/2025,,,Direct BvP not yet weighted; 2026/2025 Statcast baseline active,7,3,23,0,"Last 7 games: 3/23, 0 HR","same-side matchup; pitcher baseline 7.2% barrel, 10.8 HR allowed",neutral batted-ball profile; pitcher fly-ball pressure modest,,
683083,Nasim Nunez,WSH,MIA,2026-08-23T17:40:00Z,Scheduled,8,Janson Junk,676083,R,S,1.62,0.0755,86.22,96.1623,0.3019,0.0727,0.2778,68.74,4.91,31.08,19.17,28.34,1.9,7.17,42.47,90.62,0.4215,0.1578,22.8,10.8,10.8,10.8,loanDepot park,89,,,,No,No,8,Yes,Yes,RotoWire projected lineup; MLB probable pitchers,lineup projected / unconfirmed,H:2026/2025 P:2026/2025,,,Direct BvP not yet weighted; 2026/2025 Statcast baseline active,7,3,24,0,"Last 7 games: 3/24, 0 HR","switch hitter; pitcher baseline 7.2% barrel, 10.8 HR allowed",neutral batted-ball profile; pitcher fly-ball pressure modest,,
696285,Jacob Young,WSH,MIA,2026-08-23T17:40:00Z,Scheduled,9,Janson Junk,676083,R,R,4.98,0.1211,88.09,98.0577,0.3773,0.1153,0.3131,69.14,2.16,35.21,24.56,33.01,7.6,7.17,42.47,90.62,0.4215,0.1578,22.8,10.8,10.8,10.8,loanDepot park,89,,,,No,No,9,Yes,Yes,RotoWire projected lineup; MLB probable pitchers,lineup projected / unconfirmed,H:2026/2025 P:2026/2025,,,Direct BvP not yet weighted; 2026/2025 Statcast baseline active,7,5,22,0,"Last 7 games: 5/22, 0 HR","same-side matchup; pitcher baseline 7.2% barrel, 10.8 HR allowed",neutral batted-ball profile; pitcher fly-ball pressure modest,,
665923,Esteury Ruiz,MIA,WSH,2026-08-23T17:40:00Z,Scheduled,1,Jackson Kent,800600,L,R,8.05,0.1808,84.37,96.2826,0.3307,0.1421,0.2875,71.31,18.1,45.78,24.99,27.16,4.5,4.2,50.0,90.9,0.412,0.129,12.5,1.0,1.0,1.0,loanDepot park,89,,,,No,No,1,Yes,Yes,RotoWire projected lineup; MLB probable pitchers,lineup projected / unconfirmed,H:2026/2025 P:2026,,,Direct BvP not yet weighted; 2026/2025 Statcast baseline active,7,4,20,0,"Last 7 games: 4/20, 0 HR","platoon edge; pitcher baseline 4.2% barrel, 1.0 HR allowed",neutral batted-ball profile; pitcher fly-ball pressure modest,,
681715,Heriberto Hernandez,MIA,WSH,2026-08-23T17:40:00Z,Scheduled,2,Jackson Kent,800600,L,R,12.12,0.2091,91.18,101.7217,0.4602,0.2145,0.341,74.21,45.74,47.31,29.64,47.99,16.3,4.2,50.0,90.9,0.412,0.129,12.5,1.0,1.0,1.0,loanDepot park,89,,,,No,No,2,Yes,Yes,RotoWire projected lineup; MLB probable pitchers,lineup projected / unconfirmed,H:2026/2025 P:2026,,,Direct BvP not yet weighted; 2026/2025 Statcast baseline active,7,6,25,2,Hot streak: 2 HR in last 7 games,"platoon edge; pitcher baseline 4.2% barrel, 1.0 HR allowed",neutral batted-ball profile; pitcher fly-ball pressure modest,,
669364,Xavier Edwards,MIA,WSH,2026-08-23T17:40:00Z,Scheduled,3,Jackson Kent,800600,L,S,2.62,0.0896,87.01,96.6393,0.3551,0.0928,0.3097,67.95,2.61,29.01,21.98,29.19,5.1,4.2,50.0,90.9,0.412,0.129,12.5,1.0,1.0,1.0,loanDepot park,89,,,,No,No,3,Yes,Yes,RotoWire projected lineup; MLB probable pitchers,lineup projected / unconfirmed,H:2026/2025 P:2026,,,Direct BvP not yet weighted; 2026/2025 Statcast baseline active,7,9,26,0,Contact streak: 9/26 over last 7 games,"switch hitter; pitcher baseline 4.2% barrel, 1.0 HR allowed",neutral batted-ball profile; pitcher fly-ball pressure modest,,
682663,Agustin Ramirez,MIA,WSH,2026-08-23T17:40:00Z,Scheduled,4,Jackson Kent,800600,L,R,5.89,0.1309,89.89,102.2066,0.3457,0.1133,0.2963,75.62,57.51,40.82,16.32,42.38,7.7,4.2,50.0,90.9,0.412,0.129,12.5,1.0,1.0,1.0,loanDepot park,89,,,,No,No,4,Yes,Yes,RotoWire projected lineup; MLB probable pitchers,lineup projected / unconfirmed,H:2026/2025 P:2026,,,Direct BvP not yet weighted; 2026/2025 Statcast baseline active,7,4,17,0,"Last 7 games: 4/17, 0 HR","platoon edge; pitcher baseline 4.2% barrel, 1.0 HR allowed",neutral batted-ball profile; pitcher fly-ball pressure modest,,
672640,Otto Lopez,MIA,WSH,2026-08-23T17:40:00Z,Scheduled,5,Jackson Kent,800600,L,R,6.4,0.1339,88.92,100.1947,0.4249,0.1461,0.3265,71.7,22.95,32.51,22.5,40.26,10.8,4.2,50.0,90.9,0.412,0.129,12.5,1.0,1.0,1.0,loanDepot park,89,,,,No,No,5,Yes,Yes,RotoWire projected lineup; MLB probable pitchers,lineup projected / unconfirmed,H:2026/2025 P:2026,,,Direct BvP not yet weighted; 2026/2025 Statcast baseline active,7,6,27,0,"Last 7 games: 6/27, 0 HR","platoon edge; pitcher baseline 4.2% barrel, 1.0 HR allowed",neutral batted-ball profile; pitcher fly-ball pressure modest,,
691594,Javier Sanoja,MIA,WSH,2026-08-23T17:40:00Z,Scheduled,6,Jackson Kent,800600,L,R,2.15,0.1467,87.1,97.2997,0.3329,0.0795,0.2778,69.0,6.67,37.1,19.18,31.85,6.0,4.2,50.0,90.9,0.412,0.129,12.5,1.0,1.0,1.0,loanDepot park,89,,,,No,No,6,Yes,Yes,RotoWire projected lineup; MLB probable pitchers,lineup projected / unconfirmed,H:2026/2025 P:2026,,,Direct BvP not yet weighted; 2026/2025 Statcast baseline active,7,9,23,2,Hot streak: 2 HR in last 7 games,"platoon edge; pitcher baseline 4.2% barrel, 1.0 HR allowed",neutral batted-ball profile; pitcher fly-ball pressure modest,,
677870,Leo Jimenez,MIA,WSH,2026-08-23T17:40:00Z,Scheduled,7,Jackson Kent,800600,L,R,5.74,0.0778,91.16,100.5261,0.3315,0.108,0.2904,71.58,13.57,35.42,23.89,45.52,1.7,4.2,50.0,90.9,0.412,0.129,12.5,1.0,1.0,1.0,loanDepot park,89,,,,No,No,7,Yes,Yes,RotoWire projected lineup; MLB probable pitchers,lineup projected / unconfirmed,H:2026/2025 P:2026,,,Direct BvP not yet weighted; 2026/2025 Statcast baseline active,7,2,16,0,"Last 7 games: 2/16, 0 HR","platoon edge; pitcher baseline 4.2% barrel, 1.0 HR allowed",neutral batted-ball profile; pitcher fly-ball pressure modest,,
665052,Griffin Conine,MIA,WSH,2026-08-23T17:40:00Z,Scheduled,8,Jackson Kent,800600,L,L,15.92,0.2371,92.23,103.8208,0.4831,0.2299,0.3552,74.33,45.02,42.46,24.81,53.07,10.4,4.2,50.0,90.9,0.412,0.129,12.5,1.0,1.0,1.0,loanDepot park,89,,,,No,No,8,Yes,Yes,RotoWire projected lineup; MLB probable pitchers,lineup projected / unconfirmed,H:2026/2025 P:2026,,,Direct BvP not yet weighted; 2026/2025 Statcast baseline active,7,4,22,1,"Last 7 games: 4/22, 1 HR","same-side matchup; pitcher baseline 4.2% barrel, 1.0 HR allowed",EV profile; pitcher fly-ball pressure modest,,
691788,Joe Mack,MIA,WSH,2026-08-23T17:40:00Z,Scheduled,9,Jackson Kent,800600,L,L,9.3,0.185,88.6,99.7709,0.408,0.18,0.301,74.3,42.9,50.0,25.0,39.0,12.0,4.2,50.0,90.9,0.412,0.129,12.5,1.0,1.0,1.0,loanDepot park,89,,,,No,No,9,Yes,Yes,RotoWire projected lineup; MLB probable pitchers,lineup projected / unconfirmed,H:2026 P:2026,,,Direct BvP not yet weighted; 2026/2025 Statcast baseline active,7,5,23,1,"Last 7 games: 5/23, 1 HR","same-side matchup; pitcher baseline 4.2% barrel, 1.0 HR allowed",neutral batted-ball profile; pitcher fly-ball pressure modest,,
650402,Gleyber Torres,DET,KC,2026-08-23T18:10:00Z,Scheduled,1,Daniel Lynch IV,663738,L,R,7.01,0.1268,87.34,97.698,0.4025,0.1461,0.3406,68.63,5.75,26.69,27.52,34.24,10.4,6.42,37.81,88.25,0.3832,0.1424,25.14,5.2,5.2,5.2,Kauffman Stadium,92,,,,No,No,1,Yes,Yes,RotoWire projected lineup; MLB probable pitchers,lineup projected / unconfirmed,H:2026/2025 P:2026/2025,,,Direct BvP not yet weighted; 2026/2025 Statcast baseline active,7,8,29,0,"Last 7 games: 8/29, 0 HR","platoon edge; pitcher baseline 6.4% barrel, 5.2 HR allowed",neutral batted-ball profile; pitcher fly-ball pressure modest,,
701678,Hao-Yu Lee,DET,KC,2026-08-23T18:10:00Z,Scheduled,2,Daniel Lynch IV,663738,L,R,8.4,0.157,89.1,99.7285,0.398,0.158,0.3,71.2,19.7,30.7,26.5,39.2,7.0,6.42,37.81,88.25,0.3832,0.1424,25.14,5.2,5.2,5.2,Kauffman Stadium,92,,,,No,No,2,Yes,Yes,RotoWire projected lineup; MLB probable pitchers,lineup projected / unconfirmed,H:2026 P:2026/2025,,,Direct BvP not yet weighted; 2026/2025 Statcast baseline active,7,7,16,1,Contact streak: 7/16 over last 7 games,"platoon edge; pitcher baseline 6.4% barrel, 5.2 HR allowed",neutral batted-ball profile; pitcher fly-ball pressure modest,,
805808,Kevin McGonigle,DET,KC,2026-08-23T18:10:00Z,Scheduled,3,Daniel Lynch IV,663738,L,L,6.7,0.14,88.1,98.2293,0.425,0.165,0.349,71.1,16.0,36.8,36.5,36.6,13.0,6.42,37.81,88.25,0.3832,0.1424,25.14,5.2,5.2,5.2,Kauffman Stadium,92,,,,No,No,3,Yes,Yes,RotoWire projected lineup; MLB probable pitchers,lineup projected / unconfirmed,H:2026 P:2026/2025,,,Direct BvP not yet weighted; 2026/2025 Statcast baseline active,7,6,28,1,"Last 7 games: 6/28, 1 HR","same-side matchup; pitcher baseline 6.4% barrel, 5.2 HR allowed",fly-ball profile; pitcher fly-ball pressure modest,,
693307,Dillon Dingler,DET,KC,2026-08-23T18:10:00Z,Scheduled,4,Daniel Lynch IV,663738,L,R,9.97,0.2058,89.16,100.6373,0.4813,0.2039,0.3545,71.77,15.62,40.87,29.2,43.6,22.1,6.42,37.81,88.25,0.3832,0.1424,25.14,5.2,5.2,5.2,Kauffman Stadium,92,,,,No,No,4,Yes,Yes,RotoWire projected lineup; MLB probable pitchers,lineup projected / unconfirmed,H:2026/2025 P:2026/2025,,,Direct BvP not yet weighted; 2026/2025 Statcast baseline active,7,3,26,0,"Last 7 games: 3/26, 0 HR","platoon edge; pitcher baseline 6.4% barrel, 5.2 HR allowed",neutral batted-ball profile; pitcher fly-ball pressure modest,,
680664,Eduardo Valencia,DET,KC,2026-08-23T18:10:00Z,Scheduled,5,Daniel Lynch IV,663738,L,R,23.3,0.394,89.6,102.2617,0.532,0.284,0.34,73.3,30.3,34.9,27.9,51.2,6.0,6.42,37.81,88.25,0.3832,0.1424,25.14,5.2,5.2,5.2,Kauffman Stadium,92,,,,No,No,5,Yes,Yes,RotoWire projected lineup; MLB probable pitchers,lineup projected / unconfirmed,H:2026 P:2026/2025,,,Direct BvP not yet weighted; 2026/2025 Statcast baseline active,7,5,20,2,Hot streak: 2 HR in last 7 games,"platoon edge; pitcher baseline 6.4% barrel, 5.2 HR allowed",neutral batted-ball profile; pitcher fly-ball pressure modest,,
679529,Spencer Torkelson,DET,KC,2026-08-23T18:10:00Z,Scheduled,6,Daniel Lynch IV,663738,L,R,12.94,0.1943,89.57,100.1896,0.4182,0.1992,0.32,73.07,25.81,46.93,35.76,42.3,23.3,6.42,37.81,88.25,0.3832,0.1424,25.14,5.2,5.2,5.2,Kauffman Stadium,92,,,,No,No,6,Yes,Yes,RotoWire projected lineup; MLB probable pitchers,lineup projected / unconfirmed,H:2026/2025 P:2026/2025,,,Direct BvP not yet weighted; 2026/2025 Statcast baseline active,7,0,19,0,"Last 7 games: 0/19, 0 HR","platoon edge; pitcher baseline 6.4% barrel, 5.2 HR allowed",fly-ball profile; pitcher fly-ball pressure modest,,
701162,Ben Malgeri,DET,KC,2026-08-23T18:10:00Z,Scheduled,7,Daniel Lynch IV,663738,L,R,6.5,0.183,90.3,100.7548,0.362,0.122,0.331,69.1,4.4,39.1,26.1,43.5,3.0,6.42,37.81,88.25,0.3832,0.1424,25.14,5.2,5.2,5.2,Kauffman Stadium,92,,,,No,No,7,Yes,Yes,RotoWire projected lineup; MLB probable pitchers,lineup projected / unconfirmed,H:2026 P:2026/2025,,,Direct BvP not yet weighted; 2026/2025 Statcast baseline active,7,3,13,2,Hot streak: 2 HR in last 7 games,"platoon edge; pitcher baseline 6.4% barrel, 5.2 HR allowed",neutral batted-ball profile; pitcher fly-ball pressure modest,,
703601,Max Clark,DET,KC,2026-08-23T18:10:00Z,Scheduled,8,Daniel Lynch IV,663738,L,L,1.7,0.132,85.1,97.1513,0.346,0.077,0.298,73.0,25.9,37.9,25.9,34.5,1.0,6.42,37.81,88.25,0.3832,0.1424,25.14,5.2,5.2,5.2,Kauffman Stadium,92,,,,No,No,8,Yes,Yes,RotoWire projected lineup; MLB probable pitchers,lineup projected / unconfirmed,H:2026 P:2026/2025,,,Direct BvP not yet weighted; 2026/2025 Statcast baseline active,7,5,23,0,"Last 7 games: 5/23, 0 HR","same-side matchup; pitcher baseline 6.4% barrel, 5.2 HR allowed",neutral batted-ball profile; pitcher fly-ball pressure modest,,
595879,Javier Baez,DET,KC,2026-08-23T18:10:00Z,Scheduled,9,Daniel Lynch IV,663738,L,R,2.91,0.1126,86.03,97.5136,0.3303,0.0849,0.2696,73.29,32.2,44.42,21.0,34.51,5.0,6.42,37.81,88.25,0.3832,0.1424,25.14,5.2,5.2,5.2,Kauffman Stadium,92,,,,No,No,9,Yes,Yes,RotoWire projected lineup; MLB probable pitchers,lineup projected / unconfirmed,H:2026/2025 P:2026/2025,,,Direct BvP not yet weighted; 2026/2025 Statcast baseline active,7,3,25,0,"Last 7 games: 3/25, 0 HR","platoon edge; pitcher baseline 6.4% barrel, 5.2 HR allowed",neutral batted-ball profile; pitcher fly-ball pressure modest,,
679845,Nick Loftin,KC,DET,2026-08-23T18:10:00Z,Scheduled,1,,,,R,4.9,0.1434,87.29,96.833,0.345,0.1137,0.2989,69.12,5.52,44.71,27.66,29.87,4.7,,,,,,,,,,Kauffman Stadium,92,,,,No,No,1,Yes,Yes,RotoWire projected lineup; MLB probable pitchers,lineup projected / unconfirmed,H:2026/2025 P:,,,Direct BvP not yet weighted; 2026/2025 Statcast baseline active,7,2,20,0,"Last 7 games: 2/20, 0 HR","handedness incomplete; pitcher baseline 0.0% barrel, 0.0 HR allowed",neutral batted-ball profile; pitcher fly-ball pressure modest,,
677951,Bobby Witt,KC,DET,2026-08-23T18:10:00Z,Scheduled,2,,,,R,11.94,0.1829,92.74,103.6206,0.5101,0.2108,0.3783,73.88,41.53,29.96,26.92,50.46,18.1,,,,,,,,,,Kauffman Stadium,92,,,,No,No,2,Yes,Yes,RotoWire projected lineup; MLB probable pitchers,lineup projected / unconfirmed,H:2026/2025 P:,,,Direct BvP not yet weighted; 2026/2025 Statcast baseline active,7,10,28,3,Hot streak: 3 HR in last 7 games,"handedness incomplete; pitcher baseline 0.0% barrel, 0.0 HR allowed",EV profile; pitcher fly-ball pressure modest,,
695506,Jac Caglianone,KC,DET,2026-08-23T18:10:00Z,Scheduled,3,,,,L,13.68,0.1919,92.06,104.7953,0.4877,0.2206,0.349,77.33,74.9,43.02,22.4,51.22,17.5,,,,,,,,,,Kauffman Stadium,92,,,,No,No,3,Yes,Yes,RotoWire projected lineup; MLB probable pitchers,lineup projected / unconfirmed,H:2026/2025 P:,,,Direct BvP not yet weighted; 2026/2025 Statcast baseline active,7,8,24,0,Contact streak: 8/24 over last 7 games,"handedness incomplete; pitcher baseline 0.0% barrel, 0.0 HR allowed",EV profile; pitcher fly-ball pressure modest,,
521692,Salvador Perez,KC,DET,2026-08-23T18:10:00Z,Scheduled,4,,,,R,11.37,0.1701,89.23,100.6108,0.4514,0.2072,0.3185,71.99,22.07,41.84,30.92,43.41,20.9,,,,,,,,,,Kauffman Stadium,92,,,,No,No,4,Yes,Yes,RotoWire projected lineup; MLB probable pitchers,lineup projected / unconfirmed,H:2026/2025 P:,,,Direct BvP not yet weighted; 2026/2025 Statcast baseline active,7,8,25,1,Contact streak: 8/25 over last 7 games,"handedness incomplete; pitcher baseline 0.0% barrel, 0.0 HR allowed",neutral batted-ball profile; pitcher fly-ball pressure modest,,
686469,Vinnie Pasquantino,KC,DET,2026-08-23T18:10:00Z,Scheduled,5,,,,L,8.42,0.1571,89.92,100.1638,0.4252,0.1714,0.3277,71.03,14.68,43.77,27.81,42.04,15.2,,,,,,,,,,Kauffman Stadium,92,,,,No,No,5,Yes,Yes,RotoWire projected lineup; MLB probable pitchers,lineup projected / unconfirmed,H:2026/2025 P:,,,Direct BvP not yet weighted; 2026/2025 Statcast baseline active,7,9,25,2,Hot streak: 2 HR in last 7 games,"handedness incomplete; pitcher baseline 0.0% barrel, 0.0 HR allowed",neutral batted-ball profile; pitcher fly-ball pressure modest,,
695600,Carter Jensen,KC,DET,2026-08-23T18:10:00Z,Scheduled,6,,,,L,13.52,0.2038,92.25,102.707,0.4447,0.2018,0.3364,74.1,38.52,40.02,30.35,47.87,12.8,,,,,,,,,,Kauffman Stadium,92,,,,No,No,6,Yes,Yes,RotoWire projected lineup; MLB probable pitchers,lineup projected / unconfirmed,H:2026/2025 P:,,,Direct BvP not yet weighted; 2026/2025 Statcast baseline active,7,5,23,1,"Last 7 games: 5/23, 1 HR","handedness incomplete; pitcher baseline 0.0% barrel, 0.0 HR allowed",lift-pull EV profile; pitcher fly-ball pressure modest,,
686555,Isaac Collins,KC,DET,2026-08-23T18:10:00Z,Scheduled,7,,,,S,5.53,0.1291,88.73,99.9594,0.3331,0.0997,0.3073,73.33,30.41,39.98,26.3,39.81,6.9,,,,,,,,,,Kauffman Stadium,92,,,,No,No,7,Yes,Yes,RotoWire projected lineup; MLB probable pitchers,lineup projected / unconfirmed,H:2026/2025 P:,,,Direct BvP not yet weighted; 2026/2025 Statcast baseline active,7,2,18,0,"Last 7 games: 2/18, 0 HR","switch hitter; pitcher baseline 0.0% barrel, 0.0 HR allowed",neutral batted-ball profile; pitcher fly-ball pressure modest,,
686475,Tyler Tolbert,KC,DET,2026-08-23T18:10:00Z,Scheduled,8,,,,R,3.17,0.1259,86.34,96.9347,0.3332,0.0781,0.3067,69.32,3.37,34.5,23.33,30.12,2.4,,,,,,,,,,Kauffman Stadium,92,,,,No,No,8,Yes,Yes,RotoWire projected lineup; MLB probable pitchers,lineup projected / unconfirmed,H:2026/2025 P:,,,Direct BvP not yet weighted; 2026/2025 Statcast baseline active,7,3,16,0,"Last 7 games: 3/16, 0 HR","handedness incomplete; pitcher baseline 0.0% barrel, 0.0 HR allowed",neutral batted-ball profile; pitcher fly-ball pressure modest,,
664728,Kyle Isbel,KC,DET,2026-08-23T18:10:00Z,Scheduled,9,,,,L,2.58,0.1218,88.5,99.0559,0.3075,0.0791,0.2615,71.24,14.25,33.3,18.17,34.56,5.4,,,,,,,,,,Kauffman Stadium,92,,,,No,No,9,Yes,Yes,RotoWire projected lineup; MLB probable pitchers,lineup projected / unconfirmed,H:2026/2025 P:,,,Direct BvP not yet weighted; 2026/2025 Statcast baseline active,7,6,20,2,Hot streak: 2 HR in last 7 games,"handedness incomplete; pitcher baseline 0.0% barrel, 0.0 HR allowed",neutral batted-ball profile; pitcher fly-ball pressure modest,,
703607,Henry Bolte,ATH,HOU,2026-08-23T18:10:00Z,Scheduled,1,Cristian Javier,664299,R,R,6.9,0.097,90.9,104.3887,0.355,0.117,0.304,76.9,72.5,31.2,16.8,47.3,6.0,7.9,38.16,89.81,0.4229,0.1663,38.59,5.8,5.8,5.8,Daikin Park,100,,,,No,No,1,Yes,Yes,RotoWire projected lineup; MLB probable pitchers,lineup projected / unconfirmed,H:2026 P:2026/2025,,,Direct BvP not yet weighted; 2026/2025 Statcast baseline active,7,8,27,0,"Last 7 games: 8/27, 0 HR","same-side matchup; pitcher baseline 7.9% barrel, 5.8 HR allowed",neutral batted-ball profile; pitcher allows elevated contact,,
643446,Jeff McNeil,ATH,HOU,2026-08-23T18:10:00Z,Scheduled,2,Cristian Javier,664299,R,L,2.86,0.1162,86.92,96.7151,0.3782,0.1034,0.3153,69.23,5.3,43.63,23.26,31.78,7.8,7.9,38.16,89.81,0.4229,0.1663,38.59,5.8,5.8,5.8,Daikin Park,100,,,,No,No,2,Yes,Yes,RotoWire projected lineup; MLB probable pitchers,lineup projected / unconfirmed,H:2026/2025 P:2026/2025,,,Direct BvP not yet weighted; 2026/2025 Statcast baseline active,7,8,27,1,"Last 7 games: 8/27, 1 HR","platoon edge; pitcher baseline 7.9% barrel, 5.8 HR allowed",neutral batted-ball profile; pitcher allows elevated contact,,
680869,Zack Gelof,ATH,HOU,2026-08-23T18:10:00Z,Scheduled,3,Cristian Javier,664299,R,R,9.42,0.1743,88.38,99.5476,0.3655,0.1655,0.2757,73.29,28.27,39.6,27.17,42.86,10.4,7.9,38.16,89.81,0.4229,0.1663,38.59,5.8,5.8,5.8,Daikin Park,100,,,,No,No,3,Yes,Yes,RotoWire projected lineup; MLB probable pitchers,lineup projected / unconfirmed,H:2026/2025 P:2026/2025,,,Direct BvP not yet weighted; 2026/2025 Statcast baseline active,7,4,26,1,"Last 7 games: 4/26, 1 HR","same-side matchup; pitcher baseline 7.9% barrel, 5.8 HR allowed",neutral batted-ball profile; pitcher allows elevated contact,,
666126,Carlos Cortes,ATH,HOU,2026-08-23T18:10:00Z,Scheduled,4,Cristian Javier,664299,R,L,7.24,0.1717,89.45,99.7498,0.4073,0.1476,0.3196,70.76,14.62,30.62,23.01,40.01,6.1,7.9,38.16,89.81,0.4229,0.1663,38.59,5.8,5.8,5.8,Daikin Park,100,,,,No,No,4,Yes,Yes,RotoWire projected lineup; MLB probable pitchers,lineup projected / unconfirmed,H:2026/2025 P:2026/2025,,,Direct BvP not yet weighted; 2026/2025 Statcast baseline active,7,6,19,0,"Last 7 games: 6/19, 0 HR","platoon edge; pitcher baseline 7.9% barrel, 5.8 HR allowed",neutral batted-ball profile; pitcher allows elevated contact,,
671732,Lawrence Butler,ATH,HOU,2026-08-23T18:10:00Z,Scheduled,5,Cristian Javier,664299,R,L,8.08,0.1462,89.66,101.6724,0.3818,0.1465,0.3103,73.7,38.58,34.75,22.56,44.68,14.0,7.9,38.16,89.81,0.4229,0.1663,38.59,5.8,5.8,5.8,Daikin Park,100,,,,No,No,5,Yes,Yes,RotoWire projected lineup; MLB probable pitchers,lineup projected / unconfirmed,H:2026/2025 P:2026/2025,,,Direct BvP not yet weighted; 2026/2025 Statcast baseline active,7,10,24,1,Contact streak: 10/24 over last 7 games,"platoon edge; pitcher baseline 7.9% barrel, 5.8 HR allowed",neutral batted-ball profile; pitcher allows elevated contact,,
695720,Tommy White,ATH,HOU,2026-08-23T18:10:00Z,Scheduled,6,Cristian Javier,664299,R,R,6.2,0.077,85.0,96.5145,0.375,0.109,0.29,69.3,13.3,30.9,19.6,30.9,2.0,7.9,38.16,89.81,0.4229,0.1663,38.59,5.8,5.8,5.8,Daikin Park,100,,,,No,No,6,Yes,Yes,RotoWire projected lineup; MLB probable pitchers,lineup projected / unconfirmed,H:2026 P:2026/2025,,,Direct BvP not yet weighted; 2026/2025 Statcast baseline active,7,8,26,2,Hot streak: 2 HR in last 7 games,"same-side matchup; pitcher baseline 7.9% barrel, 5.8 HR allowed",neutral batted-ball profile; pitcher allows elevated contact,,
641680,Jonah Heim,ATH,HOU,2026-08-23T18:10:00Z,Scheduled,7,Cristian Javier,664299,R,S,6.59,0.1589,87.75,97.9042,0.3649,0.1389,0.2886,69.84,9.52,40.7,28.11,33.24,11.0,7.9,38.16,89.81,0.4229,0.1663,38.59,5.8,5.8,5.8,Daikin Park,100,,,,No,No,7,Yes,Yes,RotoWire projected lineup; MLB probable pitchers,lineup projected / unconfirmed,H:2026/2025 P:2026/2025,,,Direct BvP not yet weighted; 2026/2025 Statcast baseline active,7,1,20,0,"Last 7 games: 1/20, 0 HR","switch hitter; pitcher baseline 7.9% barrel, 5.8 HR allowed",neutral batted-ball profile; pitcher allows elevated contact,,
622268,Donovan Walton,ATH,HOU,2026-08-23T18:10:00Z,Scheduled,8,Cristian Javier,664299,R,L,3.36,0.1197,89.17,97.7845,0.3625,0.1026,0.3062,67.71,0.49,37.07,21.81,34.98,2.8,7.9,38.16,89.81,0.4229,0.1663,38.59,5.8,5.8,5.8,Daikin Park,100,,,,No,No,8,Yes,Yes,RotoWire projected lineup; MLB probable pitchers,lineup projected / unconfirmed,H:2026/2025 P:2026/2025,,,Direct BvP not yet weighted; 2026/2025 Statcast baseline active,7,6,18,1,Contact streak: 6/18 over last 7 games,"platoon edge; pitcher baseline 7.9% barrel, 5.8 HR allowed",neutral batted-ball profile; pitcher allows elevated contact,,
691777,Max Muncy,ATH,HOU,2026-08-23T18:10:00Z,Scheduled,9,Cristian Javier,664299,R,R,10.59,0.1573,89.13,100.8029,0.3516,0.1458,0.2768,73.94,44.49,42.33,23.35,39.89,6.9,7.9,38.16,89.81,0.4229,0.1663,38.59,5.8,5.8,5.8,Daikin Park,100,,,,No,No,9,Yes,Yes,RotoWire projected lineup; MLB probable pitchers,lineup projected / unconfirmed,H:2026/2025 P:2026/2025,,,Direct BvP not yet weighted; 2026/2025 Statcast baseline active,7,5,22,1,"Last 7 games: 5/22, 1 HR","same-side matchup; pitcher baseline 7.9% barrel, 5.8 HR allowed",neutral batted-ball profile; pitcher allows elevated contact,,
665161,Jeremy Pena,HOU,ATH,2026-08-23T18:10:00Z,Scheduled,1,Brady Basso,669620,L,R,6.17,0.1807,88.48,99.8372,0.4215,0.1452,0.3319,72.16,13.92,46.27,23.73,40.59,14.9,5.26,40.25,88.82,0.3571,0.0937,24.36,1.4,1.4,1.4,Daikin Park,100,,,,No,No,1,Yes,Yes,RotoWire projected lineup; MLB probable pitchers,lineup projected / unconfirmed,H:2026/2025 P:2026/2025,,,Direct BvP not yet weighted; 2026/2025 Statcast baseline active,7,5,26,1,"Last 7 games: 5/26, 1 HR","platoon edge; pitcher baseline 5.3% barrel, 1.4 HR allowed",neutral batted-ball profile; pitcher fly-ball pressure modest,,
670541,Yordan Alvarez,HOU,ATH,2026-08-23T18:10:00Z,Scheduled,2,Brady Basso,669620,L,L,16.32,0.2536,94.56,104.965,0.6365,0.3217,0.4385,76.1,61.73,41.58,36.52,53.46,27.0,5.26,40.25,88.82,0.3571,0.0937,24.36,1.4,1.4,1.4,Daikin Park,100,,,,No,No,2,Yes,Yes,RotoWire projected lineup; MLB probable pitchers,lineup projected / unconfirmed,H:2026/2025 P:2026/2025,,,Direct BvP not yet weighted; 2026/2025 Statcast baseline active,7,5,22,0,"Last 7 games: 5/22, 0 HR","same-side matchup; pitcher baseline 5.3% barrel, 1.4 HR allowed",lift-pull EV profile; pitcher fly-ball pressure modest,,
670623,Isaac Paredes,HOU,ATH,2026-08-23T18:10:00Z,Scheduled,3,Brady Basso,669620,L,R,5.53,0.1746,86.28,96.8608,0.3758,0.1313,0.3221,67.74,7.5,52.28,30.59,29.75,17.2,5.26,40.25,88.82,0.3571,0.0937,24.36,1.4,1.4,1.4,Daikin Park,100,,,,No,No,3,Yes,Yes,RotoWire projected lineup; MLB probable pitchers,lineup projected / unconfirmed,H:2026/2025 P:2026/2025,,,Direct BvP not yet weighted; 2026/2025 Statcast baseline active,7,8,23,1,Contact streak: 8/23 over last 7 games,"platoon edge; pitcher baseline 5.3% barrel, 1.4 HR allowed",neutral batted-ball profile; pitcher fly-ball pressure modest,,
514888,Jose Altuve,HOU,ATH,2026-08-23T18:10:00Z,Scheduled,4,Brady Basso,669620,L,R,5.22,0.1567,85.1,96.9373,0.3441,0.1176,0.2818,69.07,10.27,45.92,21.81,31.18,16.9,5.26,40.25,88.82,0.3571,0.0937,24.36,1.4,1.4,1.4,Daikin Park,100,,,,No,No,4,Yes,Yes,RotoWire projected lineup; MLB probable pitchers,lineup projected / unconfirmed,H:2026/2025 P:2026/2025,,,Direct BvP not yet weighted; 2026/2025 Statcast baseline active,7,7,24,0,"Last 7 games: 7/24, 0 HR","platoon edge; pitcher baseline 5.3% barrel, 1.4 HR allowed",neutral batted-ball profile; pitcher fly-ball pressure modest,,
572233,Christian Walker,HOU,ATH,2026-08-23T18:10:00Z,Scheduled,5,Brady Basso,669620,L,R,10.24,0.1998,89.78,101.5305,0.3993,0.1722,0.3063,74.38,43.9,42.83,28.0,42.95,24.2,5.26,40.25,88.82,0.3571,0.0937,24.36,1.4,1.4,1.4,Daikin Park,100,,,,No,No,5,Yes,Yes,RotoWire projected lineup; MLB probable pitchers,lineup projected / unconfirmed,H:2026/2025 P:2026/2025,,,Direct BvP not yet weighted; 2026/2025 Statcast baseline active,7,5,26,1,"Last 7 games: 5/26, 1 HR","platoon edge; pitcher baseline 5.3% barrel, 1.4 HR allowed",neutral batted-ball profile; pitcher fly-ball pressure modest,,
662139,Daulton Varsho,HOU,ATH,2026-08-23T18:10:00Z,Scheduled,6,Brady Basso,669620,L,L,9.11,0.1854,87.8,99.5272,0.3953,0.1655,0.299,73.71,36.46,41.43,30.64,38.55,12.3,5.26,40.25,88.82,0.3571,0.0937,24.36,1.4,1.4,1.4,Daikin Park,100,,,,No,No,6,Yes,Yes,RotoWire projected lineup; MLB probable pitchers,lineup projected / unconfirmed,H:2026/2025 P:2026/2025,,,Direct BvP not yet weighted; 2026/2025 Statcast baseline active,7,5,24,1,"Last 7 games: 5/24, 1 HR","same-side matchup; pitcher baseline 5.3% barrel, 1.4 HR allowed",neutral batted-ball profile; pitcher fly-ball pressure modest,,
673237,Yainer Diaz,HOU,ATH,2026-08-23T18:10:00Z,Scheduled,7,Brady Basso,669620,L,R,6.66,0.1456,88.5,99.4562,0.4188,0.1515,0.3099,72.41,21.25,36.63,19.31,37.23,11.6,5.26,40.25,88.82,0.3571,0.0937,24.36,1.4,1.4,1.4,Daikin Park,100,,,,No,No,7,Yes,Yes,RotoWire projected lineup; MLB probable pitchers,lineup projected / unconfirmed,H:2026/2025 P:2026/2025,,,Direct BvP not yet weighted; 2026/2025 Statcast baseline active,7,5,18,0,"Last 7 games: 5/18, 0 HR","platoon edge; pitcher baseline 5.3% barrel, 1.4 HR allowed",neutral batted-ball profile; pitcher fly-ball pressure modest,,
701358,Cam Smith,HOU,ATH,2026-08-23T18:10:00Z,Scheduled,8,Brady Basso,669620,L,R,10.12,0.1577,88.95,101.5943,0.4152,0.1753,0.318,76.74,67.97,38.05,25.35,43.46,14.6,5.26,40.25,88.82,0.3571,0.0937,24.36,1.4,1.4,1.4,Daikin Park,100,,,,No,No,8,Yes,Yes,RotoWire projected lineup; MLB probable pitchers,lineup projected / unconfirmed,H:2026/2025 P:2026/2025,,,Direct BvP not yet weighted; 2026/2025 Statcast baseline active,7,1,20,1,"Last 7 games: 1/20, 1 HR","platoon edge; pitcher baseline 5.3% barrel, 1.4 HR allowed",neutral batted-ball profile; pitcher fly-ball pressure modest,,
666211,Taylor Trammell,HOU,ATH,2026-08-23T18:10:00Z,Scheduled,9,Brady Basso,669620,L,L,11.16,0.157,89.32,100.8005,0.3651,0.1718,0.2885,75.72,57.94,45.84,30.37,37.99,5.8,5.26,40.25,88.82,0.3571,0.0937,24.36,1.4,1.4,1.4,Daikin Park,100,,,,No,No,9,Yes,Yes,RotoWire projected lineup; MLB probable pitchers,lineup projected / unconfirmed,H:2026/2025 P:2026/2025,,,Direct BvP not yet weighted; 2026/2025 Statcast baseline active,7,0,15,0,"Last 7 games: 0/15, 0 HR","same-side matchup; pitcher baseline 5.3% barrel, 1.4 HR allowed",neutral batted-ball profile; pitcher fly-ball pressure modest,,
596019,Francisco Lindor,NYM,CWS,2026-08-23T18:10:00Z,Scheduled,1,Sean Newcomb,656794,L,S,8.97,0.1871,91.06,100.1969,0.4477,0.1968,0.3429,72.02,22.53,45.39,30.93,46.71,17.7,5.49,38.51,88.34,0.3558,0.1089,20.09,2.9,2.9,2.9,Rate Field,100,,,,No,No,1,Yes,Yes,RotoWire projected lineup; MLB probable pitchers,lineup projected / unconfirmed,H:2026/2025 P:2026/2025,,,Direct BvP not yet weighted; 2026/2025 Statcast baseline active,7,4,27,0,"Last 7 games: 4/27, 0 HR","switch hitter; pitcher baseline 5.5% barrel, 2.9 HR allowed",neutral batted-ball profile; pitcher fly-ball pressure modest,,
666182,Bo Bichette,NYM,CWS,2026-08-23T18:10:00Z,Scheduled,2,Sean Newcomb,656794,L,R,6.71,0.1426,90.02,101.0402,0.4317,0.1482,0.3334,69.66,12.95,26.63,22.88,43.62,15.2,5.49,38.51,88.34,0.3558,0.1089,20.09,2.9,2.9,2.9,Rate Field,100,,,,No,No,2,Yes,Yes,RotoWire projected lineup; MLB probable pitchers,lineup projected / unconfirmed,H:2026/2025 P:2026/2025,,,Direct BvP not yet weighted; 2026/2025 Statcast baseline active,7,10,27,2,Hot streak: 2 HR in last 7 games,"platoon edge; pitcher baseline 5.5% barrel, 2.9 HR allowed",neutral batted-ball profile; pitcher fly-ball pressure modest,,
673357,Luis Robert,NYM,CWS,2026-08-23T18:10:00Z,Scheduled,3,Sean Newcomb,656794,L,R,8.62,0.1697,89.54,101.8213,0.4218,0.1807,0.3196,76.58,66.99,46.02,27.45,40.27,10.5,5.49,38.51,88.34,0.3558,0.1089,20.09,2.9,2.9,2.9,Rate Field,100,,,,No,No,3,Yes,Yes,RotoWire projected lineup; MLB probable pitchers,lineup projected / unconfirmed,H:2026/2025 P:2026/2025,,,Direct BvP not yet weighted; 2026/2025 Statcast baseline active,7,5,18,3,Hot streak: 3 HR in last 7 games,"platoon edge; pitcher baseline 5.5% barrel, 2.9 HR allowed",neutral batted-ball profile; pitcher fly-ball pressure modest,,
701807,Carson Benge,NYM,CWS,2026-08-23T18:10:00Z,Scheduled,4,Sean Newcomb,656794,L,L,7.6,0.149,89.3,100.0768,0.444,0.163,0.343,70.9,17.0,32.5,26.7,41.4,16.0,5.49,38.51,88.34,0.3558,0.1089,20.09,2.9,2.9,2.9,Rate Field,100,,,,No,No,4,Yes,Yes,RotoWire projected lineup; MLB probable pitchers,lineup projected / unconfirmed,H:2026 P:2026/2025,,,Direct BvP not yet weighted; 2026/2025 Statcast baseline active,7,8,26,3,Hot streak: 3 HR in last 7 games,"same-side matchup; pitcher baseline 5.5% barrel, 2.9 HR allowed",neutral batted-ball profile; pitcher fly-ball pressure modest,,
682626,Francisco Alvarez,NYM,CWS,2026-08-23T18:10:00Z,Scheduled,5,Sean Newcomb,656794,L,R,14.62,0.1756,91.0,102.7594,0.4328,0.2017,0.3281,74.11,42.39,39.22,25.17,47.37,12.4,5.49,38.51,88.34,0.3558,0.1089,20.09,2.9,2.9,2.9,Rate Field,100,,,,No,No,5,Yes,Yes,RotoWire projected lineup; MLB probable pitchers,lineup projected / unconfirmed,H:2026/2025 P:2026/2025,,,Direct BvP not yet weighted; 2026/2025 Statcast baseline active,7,2,25,0,"Last 7 games: 2/25, 0 HR","platoon edge; pitcher baseline 5.5% barrel, 2.9 HR allowed",neutral batted-ball profile; pitcher fly-ball pressure modest,,
666624,Christopher Morel,NYM,CWS,2026-08-23T18:10:00Z,Scheduled,6,Sean Newcomb,656794,L,R,6.05,0.0825,89.63,101.1797,0.2905,0.0985,0.2466,76.0,59.84,52.52,30.0,44.24,3.3,5.49,38.51,88.34,0.3558,0.1089,20.09,2.9,2.9,2.9,Rate Field,100,,,,No,No,6,Yes,Yes,RotoWire projected lineup; MLB probable pitchers,lineup projected / unconfirmed,H:2026/2025 P:2026/2025,,,Direct BvP not yet weighted; 2026/2025 Statcast baseline active,7,5,22,0,"Last 7 games: 5/22, 0 HR","platoon edge; pitcher baseline 5.5% barrel, 2.9 HR allowed",neutral batted-ball profile; pitcher fly-ball pressure modest,,
543760,Marcus Semien,NYM,CWS,2026-08-23T18:10:00Z,Scheduled,7,Sean Newcomb,656794,L,R,6.66,0.1368,87.11,97.5328,0.3929,0.1467,0.3089,68.5,3.27,46.91,30.81,34.51,14.3,5.49,38.51,88.34,0.3558,0.1089,20.09,2.9,2.9,2.9,Rate Field,100,,,,No,No,7,Yes,Yes,RotoWire projected lineup; MLB probable pitchers,lineup projected / unconfirmed,H:2026/2025 P:2026/2025,,,Direct BvP not yet weighted; 2026/2025 Statcast baseline active,7,7,25,0,"Last 7 games: 7/25, 0 HR","platoon edge; pitcher baseline 5.5% barrel, 2.9 HR allowed",neutral batted-ball profile; pitcher fly-ball pressure modest,,
805999,A.J. Ewing,NYM,CWS,2026-08-23T18:10:00Z,Scheduled,8,Sean Newcomb,656794,L,L,7.7,0.12,89.4,100.2657,0.396,0.143,0.32,70.3,11.9,32.5,25.6,42.7,7.0,5.49,38.51,88.34,0.3558,0.1089,20.09,2.9,2.9,2.9,Rate Field,100,,,,No,No,8,Yes,Yes,RotoWire projected lineup; MLB probable pitchers,lineup projected / unconfirmed,H:2026 P:2026/2025,,,Direct BvP not yet weighted; 2026/2025 Statcast baseline active,7,3,26,0,"Last 7 games: 3/26, 0 HR","same-side matchup; pitcher baseline 5.5% barrel, 2.9 HR allowed",neutral batted-ball profile; pitcher fly-ball pressure modest,,
620443,Luis Torrens,NYM,CWS,2026-08-23T18:10:00Z,Scheduled,9,Sean Newcomb,656794,L,R,7.48,0.1554,88.85,99.3861,0.4001,0.152,0.3128,70.42,8.34,30.31,20.83,42.36,7.1,5.49,38.51,88.34,0.3558,0.1089,20.09,2.9,2.9,2.9,Rate Field,100,,,,No,No,9,Yes,Yes,RotoWire projected lineup; MLB probable pitchers,lineup projected / unconfirmed,H:2026/2025 P:2026/2025,,,Direct BvP not yet weighted; 2026/2025 Statcast baseline active,7,6,18,4,Hot streak: 4 HR in last 7 games,"platoon edge; pitcher baseline 5.5% barrel, 2.9 HR allowed",neutral batted-ball profile; pitcher fly-ball pressure modest,,
803011,Sam Antonacci,CWS,NYM,2026-08-23T18:10:00Z,Scheduled,1,Nolan McLean,690997,R,L,5.5,0.123,87.4,97.7958,0.395,0.121,0.343,69.9,8.4,33.7,21.7,33.8,8.0,7.23,38.01,88.24,0.3507,0.1285,21.98,11.7,11.7,11.7,Rate Field,100,,,,No,No,1,Yes,Yes,RotoWire projected lineup; MLB probable pitchers,lineup projected / unconfirmed,H:2026 P:2026/2025,,,Direct BvP not yet weighted; 2026/2025 Statcast baseline active,7,2,22,0,"Last 7 games: 2/22, 0 HR","platoon edge; pitcher baseline 7.2% barrel, 11.7 HR allowed",neutral batted-ball profile; pitcher fly-ball pressure modest,,
808959,Munetaka Murakami,CWS,NYM,2026-08-23T18:10:00Z,Scheduled,2,Nolan McLean,690997,R,L,20.3,0.296,94.0,104.6566,0.507,0.288,0.367,74.8,50.9,42.1,38.6,58.9,29.0,7.23,38.01,88.24,0.3507,0.1285,21.98,11.7,11.7,11.7,Rate Field,100,,,,No,No,2,Yes,Yes,RotoWire projected lineup; MLB probable pitchers,lineup projected / unconfirmed,H:2026 P:2026/2025,,,Direct BvP not yet weighted; 2026/2025 Statcast baseline active,7,3,28,2,Hot streak: 2 HR in last 7 games,"platoon edge; pitcher baseline 7.2% barrel, 11.7 HR allowed",lift-pull EV profile; pitcher fly-ball pressure modest,,
678246,Miguel Vargas,CWS,NYM,2026-08-23T18:10:00Z,Scheduled,3,Nolan McLean,690997,R,R,13.25,0.2272,90.47,100.5506,0.4903,0.2333,0.3687,72.98,34.14,44.0,36.01,44.84,25.1,7.23,38.01,88.24,0.3507,0.1285,21.98,11.7,11.7,11.7,Rate Field,100,,,,No,No,3,Yes,Yes,RotoWire projected lineup; MLB probable pitchers,lineup projected / unconfirmed,H:2026/2025 P:2026/2025,,,Direct BvP not yet weighted; 2026/2025 Statcast baseline active,7,8,22,2,Hot streak: 2 HR in last 7 games,"same-side matchup; pitcher baseline 7.2% barrel, 11.7 HR allowed",fly-ball profile; pitcher fly-ball pressure modest,,
643217,Andrew Benintendi,CWS,NYM,2026-08-23T18:10:00Z,Scheduled,4,Nolan McLean,690997,R,L,9.28,0.1805,88.63,98.7701,0.4146,0.1718,0.3151,69.54,4.15,49.19,31.5,42.01,15.1,7.23,38.01,88.24,0.3507,0.1285,21.98,11.7,11.7,11.7,Rate Field,100,,,,No,No,4,Yes,Yes,RotoWire projected lineup; MLB probable pitchers,lineup projected / unconfirmed,H:2026/2025 P:2026/2025,,,Direct BvP not yet weighted; 2026/2025 Statcast baseline active,7,5,21,1,"Last 7 games: 5/21, 1 HR","platoon edge; pitcher baseline 7.2% barrel, 11.7 HR allowed",neutral batted-ball profile; pitcher fly-ball pressure modest,,
695731,Braden Montgomery,CWS,NYM,2026-08-23T18:10:00Z,Scheduled,5,Nolan McLean,690997,R,S,4.2,0.145,89.3,100.2925,0.373,0.134,0.315,69.7,8.3,35.5,19.9,41.6,5.0,7.23,38.01,88.24,0.3507,0.1285,21.98,11.7,11.7,11.7,Rate Field,100,,,,No,No,5,Yes,Yes,RotoWire projected lineup; MLB probable pitchers,lineup projected / unconfirmed,H:2026 P:2026/2025,,,Direct BvP not yet weighted; 2026/2025 Statcast baseline active,7,5,23,1,"Last 7 games: 5/23, 1 HR","switch hitter; pitcher baseline 7.2% barrel, 11.7 HR allowed",neutral batted-ball profile; pitcher fly-ball pressure modest,,
695657,Colson Montgomery,CWS,NYM,2026-08-23T18:10:00Z,Scheduled,6,Nolan McLean,690997,R,L,13.1,0.2403,89.05,101.8749,0.4415,0.2248,0.3165,76.65,69.67,49.58,34.0,42.68,25.2,7.23,38.01,88.24,0.3507,0.1285,21.98,11.7,11.7,11.7,Rate Field,100,,,,No,No,6,Yes,Yes,RotoWire projected lineup; MLB probable pitchers,lineup projected / unconfirmed,H:2026/2025 P:2026/2025,,,Direct BvP not yet weighted; 2026/2025 Statcast baseline active,7,8,26,1,"Last 7 games: 8/26, 1 HR","platoon edge; pitcher baseline 7.2% barrel, 11.7 HR allowed",neutral batted-ball profile; pitcher fly-ball pressure modest,,
805367,Chase Meidroth,CWS,NYM,2026-08-23T18:10:00Z,Scheduled,7,Nolan McLean,690997,R,R,3.7,0.1111,87.92,97.4417,0.3337,0.094,0.2951,67.19,1.32,38.47,20.12,35.33,9.9,7.23,38.01,88.24,0.3507,0.1285,21.98,11.7,11.7,11.7,Rate Field,100,,,,No,No,7,Yes,Yes,RotoWire projected lineup; MLB probable pitchers,lineup projected / unconfirmed,H:2026/2025 P:2026/2025,,,Direct BvP not yet weighted; 2026/2025 Statcast baseline active,7,4,28,0,"Last 7 games: 4/28, 0 HR","same-side matchup; pitcher baseline 7.2% barrel, 11.7 HR allowed",neutral batted-ball profile; pitcher fly-ball pressure modest,,
671976,Tristan Peters,CWS,NYM,2026-08-23T18:10:00Z,Scheduled,8,Nolan McLean,690997,R,L,3.78,0.1127,87.08,97.8222,0.3194,0.098,0.26,69.16,5.53,42.12,17.78,33.91,5.6,7.23,38.01,88.24,0.3507,0.1285,21.98,11.7,11.7,11.7,Rate Field,100,,,,No,No,8,Yes,Yes,RotoWire projected lineup; MLB probable pitchers,lineup projected / unconfirmed,H:2026/2025 P:2026/2025,,,Direct BvP not yet weighted; 2026/2025 Statcast baseline active,7,4,18,1,"Last 7 games: 4/18, 1 HR","platoon edge; pitcher baseline 7.2% barrel, 11.7 HR allowed",neutral batted-ball profile; pitcher fly-ball pressure modest,,
691011,Drew Romo,CWS,NYM,2026-08-23T18:10:00Z,Scheduled,9,Nolan McLean,690997,R,S,6.7,0.1134,83.9,95.1095,0.2072,0.0784,0.1785,68.49,3.85,37.5,32.5,25.8,4.9,7.23,38.01,88.24,0.3507,0.1285,21.98,11.7,11.7,11.7,Rate Field,100,,,,No,No,9,Yes,Yes,RotoWire projected lineup; MLB probable pitchers,lineup projected / unconfirmed,H:2026/2025 P:2026/2025,,,Direct BvP not yet weighted; 2026/2025 Statcast baseline active,7,5,17,2,Hot streak: 2 HR in last 7 games,"switch hitter; pitcher baseline 7.2% barrel, 11.7 HR allowed",neutral batted-ball profile; pitcher fly-ball pressure modest,,
687263,Zach Neto,LAA,TEX,2026-08-23T18:35:00Z,Scheduled,1,Cal Quantrill,615698,R,R,12.32,0.2016,89.88,100.2505,0.425,0.2062,0.3139,71.26,13.69,46.71,34.82,42.33,22.5,9.0,37.37,89.0,0.44,0.1835,29.01,12.9,12.9,12.9,Globe Life Field,100,,,,No,No,1,Yes,Yes,RotoWire projected lineup; MLB probable pitchers,lineup projected / unconfirmed,H:2026/2025 P:2026/2025,,,Direct BvP not yet weighted; 2026/2025 Statcast baseline active,7,12,30,1,Contact streak: 12/30 over last 7 games,"same-side matchup; pitcher baseline 9.0% barrel, 12.9 HR allowed",neutral batted-ball profile; pitcher fly-ball pressure modest,,
545361,Mike Trout,LAA,TEX,2026-08-23T18:35:00Z,Scheduled,2,Cal Quantrill,615698,R,R,16.01,0.1979,90.13,102.9267,0.4887,0.2404,0.3748,74.63,47.84,37.0,33.03,46.85,21.8,9.0,37.37,89.0,0.44,0.1835,29.01,12.9,12.9,12.9,Globe Life Field,100,,,,No,No,2,Yes,Yes,RotoWire projected lineup; MLB probable pitchers,lineup projected / unconfirmed,H:2026/2025 P:2026/2025,,,Direct BvP not yet weighted; 2026/2025 Statcast baseline active,7,4,25,0,"Last 7 games: 4/25, 0 HR","same-side matchup; pitcher baseline 9.0% barrel, 12.9 HR allowed",neutral batted-ball profile; pitcher fly-ball pressure modest,,
687093,Vaughn Grissom,LAA,TEX,2026-08-23T18:35:00Z,Scheduled,3,Cal Quantrill,615698,R,R,6.1,0.125,87.8,99.0827,0.377,0.128,0.309,71.4,18.5,41.8,25.4,37.7,7.0,9.0,37.37,89.0,0.44,0.1835,29.01,12.9,12.9,12.9,Globe Life Field,100,,,,No,No,3,Yes,Yes,RotoWire projected lineup; MLB probable pitchers,lineup projected / unconfirmed,H:2026 P:2026/2025,,,Direct BvP not yet weighted; 2026/2025 Statcast baseline active,7,6,26,0,"Last 7 games: 6/26, 0 HR","same-side matchup; pitcher baseline 9.0% barrel, 12.9 HR allowed",neutral batted-ball profile; pitcher fly-ball pressure modest,,
694208,Moises Ballesteros,LAA,TEX,2026-08-23T18:35:00Z,Scheduled,4,Cal Quantrill,615698,R,L,8.59,0.1354,90.29,100.9852,0.3909,0.1471,0.3137,72.71,33.22,34.43,20.79,43.59,4.8,9.0,37.37,89.0,0.44,0.1835,29.01,12.9,12.9,12.9,Globe Life Field,100,,,,No,No,4,Yes,Yes,RotoWire projected lineup; MLB probable pitchers,lineup projected / unconfirmed,H:2026/2025 P:2026/2025,,,Direct BvP not yet weighted; 2026/2025 Statcast baseline active,7,4,28,0,"Last 7 games: 4/28, 0 HR","platoon edge; pitcher baseline 9.0% barrel, 12.9 HR allowed",neutral batted-ball profile; pitcher fly-ball pressure modest,,
666139,Josh Lowe,LAA,TEX,2026-08-23T18:35:00Z,Scheduled,5,Cal Quantrill,615698,R,L,7.65,0.1488,88.88,99.3908,0.3854,0.159,0.2931,73.52,35.66,36.83,31.64,39.11,10.3,9.0,37.37,89.0,0.44,0.1835,29.01,12.9,12.9,12.9,Globe Life Field,100,,,,No,No,5,Yes,Yes,RotoWire projected lineup; MLB probable pitchers,lineup projected / unconfirmed,H:2026/2025 P:2026/2025,,,Direct BvP not yet weighted; 2026/2025 Statcast baseline active,7,5,22,1,"Last 7 games: 5/22, 1 HR","platoon edge; pitcher baseline 9.0% barrel, 12.9 HR allowed",neutral batted-ball profile; pitcher fly-ball pressure modest,,
694203,Denzer Guzman,LAA,TEX,2026-08-23T18:35:00Z,Scheduled,6,Cal Quantrill,615698,R,R,8.98,0.1418,86.71,98.388,0.33,0.119,0.2525,73.5,35.83,41.02,25.03,37.02,4.8,9.0,37.37,89.0,0.44,0.1835,29.01,12.9,12.9,12.9,Globe Life Field,100,,,,No,No,6,Yes,Yes,RotoWire projected lineup; MLB probable pitchers,lineup projected / unconfirmed,H:2026/2025 P:2026/2025,,,Direct BvP not yet weighted; 2026/2025 Statcast baseline active,7,4,24,1,"Last 7 games: 4/24, 1 HR","same-side matchup; pitcher baseline 9.0% barrel, 12.9 HR allowed",neutral batted-ball profile; pitcher fly-ball pressure modest,,
695681,Christian Moore,LAA,TEX,2026-08-23T18:35:00Z,Scheduled,7,Cal Quantrill,615698,R,R,7.88,0.0516,90.65,100.6734,0.2449,0.0741,0.205,73.68,32.64,13.76,27.22,40.08,2.1,9.0,37.37,89.0,0.44,0.1835,29.01,12.9,12.9,12.9,Globe Life Field,100,,,,No,No,7,Yes,Yes,RotoWire projected lineup; MLB probable pitchers,lineup projected / unconfirmed,H:2026/2025 P:2026/2025,,,Direct BvP not yet weighted; 2026/2025 Statcast baseline active,7,4,24,0,"Last 7 games: 4/24, 0 HR","same-side matchup; pitcher baseline 9.0% barrel, 12.9 HR allowed",neutral batted-ball profile; pitcher fly-ball pressure modest,,
672569,Gustavo Campero,LAA,TEX,2026-08-23T18:35:00Z,Scheduled,8,Cal Quantrill,615698,R,S,6.8,0.173,85.3,95.8205,0.399,0.159,0.325,69.1,8.9,31.8,29.5,22.7,3.0,9.0,37.37,89.0,0.44,0.1835,29.01,12.9,12.9,12.9,Globe Life Field,100,,,,No,No,8,Yes,Yes,RotoWire projected lineup; MLB probable pitchers,lineup projected / unconfirmed,H:2025 P:2026/2025,,,Direct BvP not yet weighted; 2026/2025 Statcast baseline active,1,1,3,0,Contact streak: 1/3 over last 1 games,"switch hitter; pitcher baseline 9.0% barrel, 12.9 HR allowed",neutral batted-ball profile; pitcher fly-ball pressure modest,,
623168,Tyler Heineman,LAA,TEX,2026-08-23T18:35:00Z,Scheduled,9,Cal Quantrill,615698,R,S,1.52,0.0745,82.23,92.6137,0.279,0.0559,0.2562,65.68,0.21,45.04,21.33,15.26,1.6,9.0,37.37,89.0,0.44,0.1835,29.01,12.9,12.9,12.9,Globe Life Field,100,,,,No,No,9,Yes,Yes,RotoWire projected lineup; MLB probable pitchers,lineup projected / unconfirmed,H:2026/2025 P:2026/2025,,,Direct BvP not yet weighted; 2026/2025 Statcast baseline active,7,3,15,0,"Last 7 games: 3/15, 0 HR","switch hitter; pitcher baseline 9.0% barrel, 12.9 HR allowed",neutral batted-ball profile; pitcher fly-ball pressure modest,,
679822,Justin Foscue,TEX,LAA,2026-08-23T18:35:00Z,Scheduled,1,Yusei Kikuchi,579328,L,R,7.28,0.1845,90.2,99.4616,0.3902,0.1726,0.2862,71.17,10.36,46.01,35.09,48.64,5.6,8.77,42.48,90.44,0.4406,0.1843,25.43,9.3,9.3,9.3,Globe Life Field,100,,,,No,No,1,Yes,Yes,RotoWire projected lineup; MLB probable pitchers,lineup projected / unconfirmed,H:2026/2025 P:2026/2025,,,Direct BvP not yet weighted; 2026/2025 Statcast baseline active,7,5,16,1,"Last 7 games: 5/16, 1 HR","platoon edge; pitcher baseline 8.8% barrel, 9.3 HR allowed",fly-ball profile; pitcher fly-ball pressure modest,,
608369,Corey Seager,TEX,LAA,2026-08-23T18:35:00Z,Scheduled,2,Yusei Kikuchi,579328,L,L,15.16,0.1985,91.92,102.6105,0.4969,0.2441,0.3601,71.87,15.79,40.5,31.55,49.4,15.4,8.77,42.48,90.44,0.4406,0.1843,25.43,9.3,9.3,9.3,Globe Life Field,100,,,,No,No,2,Yes,Yes,RotoWire projected lineup; MLB probable pitchers,lineup projected / unconfirmed,H:2026/2025 P:2026/2025,,,Direct BvP not yet weighted; 2026/2025 Statcast baseline active,7,10,26,1,Contact streak: 10/26 over last 7 games,"same-side matchup; pitcher baseline 8.8% barrel, 9.3 HR allowed",neutral batted-ball profile; pitcher fly-ball pressure modest,,
694671,Wyatt Langford,TEX,LAA,2026-08-23T18:35:00Z,Scheduled,3,Yusei Kikuchi,579328,L,R,9.38,0.197,90.0,100.9444,0.413,0.1743,0.3201,72.68,25.68,43.03,28.64,42.24,16.4,8.77,42.48,90.44,0.4406,0.1843,25.43,9.3,9.3,9.3,Globe Life Field,100,,,,No,No,3,Yes,Yes,RotoWire projected lineup; MLB probable pitchers,lineup projected / unconfirmed,H:2026/2025 P:2026/2025,,,Direct BvP not yet weighted; 2026/2025 Statcast baseline active,7,6,27,1,"Last 7 games: 6/27, 1 HR","platoon edge; pitcher baseline 8.8% barrel, 9.3 HR allowed",neutral batted-ball profile; pitcher fly-ball pressure modest,,
607043,Brandon Nimmo,TEX,LAA,2026-08-23T18:35:00Z,Scheduled,4,Yusei Kikuchi,579328,L,L,9.78,0.1628,92.04,102.1169,0.4617,0.1873,0.3469,72.27,27.32,32.47,26.12,50.83,16.6,8.77,42.48,90.44,0.4406,0.1843,25.43,9.3,9.3,9.3,Globe Life Field,100,,,,No,No,4,Yes,Yes,RotoWire projected lineup; MLB probable pitchers,lineup projected / unconfirmed,H:2026/2025 P:2026/2025,,,Direct BvP not yet weighted; 2026/2025 Statcast baseline active,7,4,28,0,"Last 7 games: 4/28, 0 HR","same-side matchup; pitcher baseline 8.8% barrel, 9.3 HR allowed",EV profile; pitcher fly-ball pressure modest,,
677649,Ezequiel Duran,TEX,LAA,2026-08-23T18:35:00Z,Scheduled,5,Yusei Kikuchi,579328,L,R,5.05,0.139,87.68,98.8578,0.3496,0.1139,0.2848,72.34,24.59,36.29,21.72,35.17,9.1,8.77,42.48,90.44,0.4406,0.1843,25.43,9.3,9.3,9.3,Globe Life Field,100,,,,No,No,5,Yes,Yes,RotoWire projected lineup; MLB probable pitchers,lineup projected / unconfirmed,H:2026/2025 P:2026/2025,,,Direct BvP not yet weighted; 2026/2025 Statcast baseline active,7,7,25,0,"Last 7 games: 7/25, 0 HR","platoon edge; pitcher baseline 8.8% barrel, 9.3 HR allowed",neutral batted-ball profile; pitcher fly-ball pressure modest,,
669394,Jake Burger,TEX,LAA,2026-08-23T18:35:00Z,Scheduled,6,Yusei Kikuchi,579328,L,R,11.73,0.1816,89.98,102.6591,0.4199,0.1851,0.3079,75.37,58.0,41.88,27.76,46.89,19.5,8.77,42.48,90.44,0.4406,0.1843,25.43,9.3,9.3,9.3,Globe Life Field,100,,,,No,No,6,Yes,Yes,RotoWire projected lineup; MLB probable pitchers,lineup projected / unconfirmed,H:2026/2025 P:2026/2025,,,Direct BvP not yet weighted; 2026/2025 Statcast baseline active,7,6,22,2,Hot streak: 2 HR in last 7 games,"platoon edge; pitcher baseline 8.8% barrel, 9.3 HR allowed",neutral batted-ball profile; pitcher fly-ball pressure modest,,
683227,Cody Freeman,TEX,LAA,2026-08-23T18:35:00Z,Scheduled,7,Yusei Kikuchi,579328,L,R,1.26,0.0342,83.15,93.2034,0.2259,0.0408,0.2276,66.04,0.45,44.12,17.27,16.49,0.9,8.77,42.48,90.44,0.4406,0.1843,25.43,9.3,9.3,9.3,Globe Life Field,100,,,,No,No,7,Yes,Yes,RotoWire projected lineup; MLB probable pitchers,lineup projected / unconfirmed,H:2026/2025 P:2026/2025,,,Direct BvP not yet weighted; 2026/2025 Statcast baseline active,7,5,15,0,Contact streak: 5/15 over last 7 games,"platoon edge; pitcher baseline 8.8% barrel, 9.3 HR allowed",neutral batted-ball profile; pitcher fly-ball pressure modest,,
553869,Elias Diaz,TEX,LAA,2026-08-23T18:35:00Z,Scheduled,8,Yusei Kikuchi,579328,L,R,6.76,0.1445,87.21,99.945,0.3501,0.1306,0.2624,74.27,43.44,37.93,27.59,38.49,6.2,8.77,42.48,90.44,0.4406,0.1843,25.43,9.3,9.3,9.3,Globe Life Field,100,,,,No,No,8,Yes,Yes,RotoWire projected lineup; MLB probable pitchers,lineup projected / unconfirmed,H:2026/2025 P:2026/2025,,,Direct BvP not yet weighted; 2026/2025 Statcast baseline active,7,2,15,0,"Last 7 games: 2/15, 0 HR","platoon edge; pitcher baseline 8.8% barrel, 9.3 HR allowed",neutral batted-ball profile; pitcher fly-ball pressure modest,,
694497,Evan Carter,TEX,LAA,2026-08-23T18:35:00Z,Scheduled,9,Yusei Kikuchi,579328,L,L,5.62,0.1317,87.54,98.6861,0.3334,0.1211,0.2905,70.95,17.58,38.56,27.91,35.72,7.1,8.77,42.48,90.44,0.4406,0.1843,25.43,9.3,9.3,9.3,Globe Life Field,100,,,,No,No,9,Yes,Yes,RotoWire projected lineup; MLB probable pitchers,lineup projected / unconfirmed,H:2026/2025 P:2026/2025,,,Direct BvP not yet weighted; 2026/2025 Statcast baseline active,7,5,23,0,"Last 7 games: 5/23, 0 HR","same-side matchup; pitcher baseline 8.8% barrel, 9.3 HR allowed",neutral batted-ball profile; pitcher fly-ball pressure modest,,
680757,Steven Kwan,CLE,COL,2026-08-23T19:10:00Z,Scheduled,1,Tomoyuki Sugano,608372,R,L,0.78,0.0726,84.52,92.5314,0.3415,0.0713,0.3198,62.8,0.38,27.81,23.58,12.37,4.7,12.99,42.6,90.63,0.5562,0.2518,30.49,28.1,28.1,28.1,Coors Field,120,,,,No,No,1,Yes,Yes,RotoWire projected lineup; MLB probable pitchers,lineup projected / unconfirmed,H:2026/2025 P:2026/2025,,,Direct BvP not yet weighted; 2026/2025 Statcast baseline active,7,5,25,0,"Last 7 games: 5/25, 0 HR","platoon edge; pitcher baseline 13.0% barrel, 28.1 HR allowed",neutral batted-ball profile; pitcher allows elevated contact,,
800050,Chase DeLauter,CLE,COL,2026-08-23T19:10:00Z,Scheduled,2,Tomoyuki Sugano,608372,R,L,6.4,0.154,91.2,101.3519,0.421,0.15,0.341,71.3,17.4,37.9,19.4,45.2,13.0,12.99,42.6,90.63,0.5562,0.2518,30.49,28.1,28.1,28.1,Coors Field,120,,,,No,No,2,Yes,Yes,RotoWire projected lineup; MLB probable pitchers,lineup projected / unconfirmed,H:2026 P:2026/2025,,,Direct BvP not yet weighted; 2026/2025 Statcast baseline active,7,8,25,0,Contact streak: 8/25 over last 7 games,"platoon edge; pitcher baseline 13.0% barrel, 28.1 HR allowed",neutral batted-ball profile; pitcher allows elevated contact,,
608070,Jose Ramirez,CLE,COL,2026-08-23T19:10:00Z,Scheduled,3,Tomoyuki Sugano,608372,R,S,5.53,0.164,89.18,99.6208,0.4278,0.1466,0.3448,70.34,13.4,50.62,29.55,40.22,16.0,12.99,42.6,90.63,0.5562,0.2518,30.49,28.1,28.1,28.1,Coors Field,120,,,,No,No,3,Yes,Yes,RotoWire projected lineup; MLB probable pitchers,lineup projected / unconfirmed,H:2026/2025 P:2026/2025,,,Direct BvP not yet weighted; 2026/2025 Statcast baseline active,7,8,28,0,"Last 7 games: 8/28, 0 HR","switch hitter; pitcher baseline 13.0% barrel, 28.1 HR allowed",neutral batted-ball profile; pitcher allows elevated contact,,
666176,Jo Adell,CLE,COL,2026-08-23T19:10:00Z,Scheduled,4,Tomoyuki Sugano,608372,R,R,12.33,0.1937,90.72,103.0715,0.486,0.226,0.3426,77.32,71.48,38.35,27.98,46.78,25.1,12.99,42.6,90.63,0.5562,0.2518,30.49,28.1,28.1,28.1,Coors Field,120,,,,No,No,4,Yes,Yes,RotoWire projected lineup; MLB probable pitchers,lineup projected / unconfirmed,H:2026/2025 P:2026/2025,,,Direct BvP not yet weighted; 2026/2025 Statcast baseline active,7,9,24,2,Hot streak: 2 HR in last 7 games,"same-side matchup; pitcher baseline 13.0% barrel, 28.1 HR allowed",neutral batted-ball profile; pitcher allows elevated contact,,
663993,Nathaniel Lowe,CLE,COL,2026-08-23T19:10:00Z,Scheduled,5,Tomoyuki Sugano,608372,R,L,8.26,0.1943,89.14,100.967,0.4241,0.1681,0.3282,74.0,39.36,35.24,26.2,41.71,15.2,12.99,42.6,90.63,0.5562,0.2518,30.49,28.1,28.1,28.1,Coors Field,120,,,,No,No,5,Yes,Yes,RotoWire projected lineup; MLB probable pitchers,lineup projected / unconfirmed,H:2026/2025 P:2026/2025,,,Direct BvP not yet weighted; 2026/2025 Statcast baseline active,7,8,26,1,"Last 7 games: 8/26, 1 HR","platoon edge; pitcher baseline 13.0% barrel, 28.1 HR allowed",neutral batted-ball profile; pitcher allows elevated contact,,
694197,Angel Genao,CLE,COL,2026-08-23T19:10:00Z,Scheduled,6,Tomoyuki Sugano,608372,R,S,6.1,0.111,92.0,100.8323,0.377,0.11,0.314,71.7,19.0,32.7,16.3,51.0,1.0,12.99,42.6,90.63,0.5562,0.2518,30.49,28.1,28.1,28.1,Coors Field,120,,,,No,No,6,Yes,Yes,RotoWire projected lineup; MLB probable pitchers,lineup projected / unconfirmed,H:2026 P:2026/2025,,,Direct BvP not yet weighted; 2026/2025 Statcast baseline active,7,9,27,0,Contact streak: 9/27 over last 7 games,"switch hitter; pitcher baseline 13.0% barrel, 28.1 HR allowed",EV profile; pitcher allows elevated contact,,
683953,Travis Bazzana,CLE,COL,2026-08-23T19:10:00Z,Scheduled,7,Tomoyuki Sugano,608372,R,L,4.8,0.132,88.1,98.4736,0.351,0.123,0.301,69.7,12.6,38.0,27.7,36.8,9.0,12.99,42.6,90.63,0.5562,0.2518,30.49,28.1,28.1,28.1,Coors Field,120,,,,No,No,7,Yes,Yes,RotoWire projected lineup; MLB probable pitchers,lineup projected / unconfirmed,H:2026 P:2026/2025,,,Direct BvP not yet weighted; 2026/2025 Statcast baseline active,7,8,26,0,"Last 7 games: 8/26, 0 HR","platoon edge; pitcher baseline 13.0% barrel, 28.1 HR allowed",neutral batted-ball profile; pitcher allows elevated contact,,
672275,Patrick Bailey,CLE,COL,2026-08-23T19:10:00Z,Scheduled,8,Tomoyuki Sugano,608372,R,S,6.58,0.1142,89.88,99.6123,0.3729,0.1461,0.2871,72.55,27.67,33.9,26.9,40.11,6.7,12.99,42.6,90.63,0.5562,0.2518,30.49,28.1,28.1,28.1,Coors Field,120,,,,No,No,8,Yes,Yes,RotoWire projected lineup; MLB probable pitchers,lineup projected / unconfirmed,H:2026/2025 P:2026/2025,,,Direct BvP not yet weighted; 2026/2025 Statcast baseline active,7,6,24,1,"Last 7 games: 6/24, 1 HR","switch hitter; pitcher baseline 13.0% barrel, 28.1 HR allowed",neutral batted-ball profile; pitcher allows elevated contact,,
677587,Brayan Rocchio,CLE,COL,2026-08-23T19:10:00Z,Scheduled,9,Tomoyuki Sugano,608372,R,S,3.3,0.1161,87.09,97.2809,0.3524,0.1081,0.2936,70.0,7.08,43.64,25.51,32.28,8.5,12.99,42.6,90.63,0.5562,0.2518,30.49,28.1,28.1,28.1,Coors Field,120,,,,No,No,9,Yes,Yes,RotoWire projected lineup; MLB probable pitchers,lineup projected / unconfirmed,H:2026/2025 P:2026/2025,,,Direct BvP not yet weighted; 2026/2025 Statcast baseline active,7,6,25,1,"Last 7 games: 6/25, 1 HR","switch hitter; pitcher baseline 13.0% barrel, 28.1 HR allowed",neutral batted-ball profile; pitcher allows elevated contact,,
664983,Jake McCarthy,COL,CLE,2026-08-23T19:10:00Z,Scheduled,1,Foster Griffin,656492,L,L,5.02,0.176,84.84,96.7175,0.395,0.1315,0.3077,70.82,12.14,37.31,21.38,27.32,10.3,9.2,38.1,88.0,0.418,0.166,26.5,23.0,23.0,23.0,Coors Field,120,,,,No,No,1,Yes,Yes,RotoWire projected lineup; MLB probable pitchers,lineup projected / unconfirmed,H:2026/2025 P:2026,,,Direct BvP not yet weighted; 2026/2025 Statcast baseline active,7,7,27,0,"Last 7 games: 7/27, 0 HR","same-side matchup; pitcher baseline 9.2% barrel, 23.0 HR allowed",neutral batted-ball profile; pitcher fly-ball pressure modest,,
691720,Kyle Karros,COL,CLE,2026-08-23T19:10:00Z,Scheduled,2,Foster Griffin,656492,L,R,5.83,0.1245,88.95,99.5564,0.36,0.1194,0.314,69.87,5.37,39.08,24.06,38.95,7.3,9.2,38.1,88.0,0.418,0.166,26.5,23.0,23.0,23.0,Coors Field,120,,,,No,No,2,Yes,Yes,RotoWire projected lineup; MLB probable pitchers,lineup projected / unconfirmed,H:2026/2025 P:2026,,,Direct BvP not yet weighted; 2026/2025 Statcast baseline active,7,3,21,1,"Last 7 games: 3/21, 1 HR","platoon edge; pitcher baseline 9.2% barrel, 23.0 HR allowed",neutral batted-ball profile; pitcher fly-ball pressure modest,,
694249,Cole Carrigg,COL,CLE,2026-08-23T19:10:00Z,Scheduled,3,Foster Griffin,656492,L,S,4.4,0.185,86.6,98.0495,0.382,0.125,0.325,73.5,37.7,48.4,26.4,32.1,5.0,9.2,38.1,88.0,0.418,0.166,26.5,23.0,23.0,23.0,Coors Field,120,,,,No,No,3,Yes,Yes,RotoWire projected lineup; MLB probable pitchers,lineup projected / unconfirmed,H:2026 P:2026,,,Direct BvP not yet weighted; 2026/2025 Statcast baseline active,7,5,27,0,"Last 7 games: 5/27, 0 HR","switch hitter; pitcher baseline 9.2% barrel, 23.0 HR allowed",neutral batted-ball profile; pitcher fly-ball pressure modest,,
681198,TJ Rumfield,COL,CLE,2026-08-23T19:10:00Z,Scheduled,4,Foster Griffin,656492,L,L,4.6,0.153,83.9,95.9778,0.377,0.121,0.322,68.7,8.4,41.4,28.9,27.0,13.0,9.2,38.1,88.0,0.418,0.166,26.5,23.0,23.0,23.0,Coors Field,120,,,,No,No,4,Yes,Yes,RotoWire projected lineup; MLB probable pitchers,lineup projected / unconfirmed,H:2026 P:2026,,,Direct BvP not yet weighted; 2026/2025 Statcast baseline active,7,5,25,0,"Last 7 games: 5/25, 0 HR","same-side matchup; pitcher baseline 9.2% barrel, 23.0 HR allowed",neutral batted-ball profile; pitcher fly-ball pressure modest,,
650489,Willi Castro,COL,CLE,2026-08-23T19:10:00Z,Scheduled,5,Foster Griffin,656492,L,S,7.76,0.1519,87.61,100.2458,0.3869,0.1526,0.3081,72.51,25.97,42.11,30.76,40.03,13.1,9.2,38.1,88.0,0.418,0.166,26.5,23.0,23.0,23.0,Coors Field,120,,,,No,No,5,Yes,Yes,RotoWire projected lineup; MLB probable pitchers,lineup projected / unconfirmed,H:2026/2025 P:2026,,,Direct BvP not yet weighted; 2026/2025 Statcast baseline active,7,7,24,1,"Last 7 games: 7/24, 1 HR","switch hitter; pitcher baseline 9.2% barrel, 23.0 HR allowed",neutral batted-ball profile; pitcher fly-ball pressure modest,,
687597,Jordan Beck,COL,CLE,2026-08-23T19:10:00Z,Scheduled,6,Foster Griffin,656492,L,R,6.31,0.1314,87.19,98.5196,0.3236,0.1101,0.2646,73.76,36.83,39.03,29.3,32.9,5.5,9.2,38.1,88.0,0.418,0.166,26.5,23.0,23.0,23.0,Coors Field,120,,,,No,No,6,Yes,Yes,RotoWire projected lineup; MLB probable pitchers,lineup projected / unconfirmed,H:2026/2025 P:2026,,,Direct BvP not yet weighted; 2026/2025 Statcast baseline active,7,3,21,0,"Last 7 games: 3/21, 0 HR","platoon edge; pitcher baseline 9.2% barrel, 23.0 HR allowed",neutral batted-ball profile; pitcher fly-ball pressure modest,,
666160,Mickey Moniak,COL,CLE,2026-08-23T19:10:00Z,Scheduled,7,Foster Griffin,656492,L,L,11.42,0.2676,89.56,100.4074,0.4389,0.2063,0.3062,74.19,43.95,46.24,38.59,43.27,21.9,9.2,38.1,88.0,0.418,0.166,26.5,23.0,23.0,23.0,Coors Field,120,,,,No,No,7,Yes,Yes,RotoWire projected lineup; MLB probable pitchers,lineup projected / unconfirmed,H:2026/2025 P:2026,,,Direct BvP not yet weighted; 2026/2025 Statcast baseline active,7,5,27,2,Hot streak: 2 HR in last 7 games,"same-side matchup; pitcher baseline 9.2% barrel, 23.0 HR allowed",fly-ball profile; pitcher fly-ball pressure modest,,
690924,Braxton Fulford,COL,CLE,2026-08-23T19:10:00Z,Scheduled,8,Foster Griffin,656492,L,R,6.98,0.1054,86.88,98.3166,0.2556,0.0993,0.2235,71.64,20.98,30.15,37.75,33.17,1.0,9.2,38.1,88.0,0.418,0.166,26.5,23.0,23.0,23.0,Coors Field,120,,,,No,No,8,Yes,Yes,RotoWire projected lineup; MLB probable pitchers,lineup projected / unconfirmed,H:2026/2025 P:2026,,,Direct BvP not yet weighted; 2026/2025 Statcast baseline active,7,1,11,0,"Last 7 games: 1/11, 0 HR","platoon edge; pitcher baseline 9.2% barrel, 23.0 HR allowed",fly-ball profile; pitcher fly-ball pressure modest,,
678662,Ezequiel Tovar,COL,CLE,2026-08-23T19:10:00Z,Scheduled,9,Foster Griffin,656492,L,R,7.13,0.1295,87.86,98.8803,0.3808,0.1499,0.2861,71.95,20.68,37.61,29.99,34.91,9.0,9.2,38.1,88.0,0.418,0.166,26.5,23.0,23.0,23.0,Coors Field,120,,,,No,No,9,Yes,Yes,RotoWire projected lineup; MLB probable pitchers,lineup projected / unconfirmed,H:2026/2025 P:2026,,,Direct BvP not yet weighted; 2026/2025 Statcast baseline active,7,2,15,0,"Last 7 games: 2/15, 0 HR","platoon edge; pitcher baseline 9.2% barrel, 23.0 HR allowed",neutral batted-ball profile; pitcher fly-ball pressure modest,,
813841,Jonah Cox,SF,BOS,2026-08-23T19:15:00Z,Scheduled,1,Jake Bennett,687562,L,R,9.5,0.186,90.9,99.9576,0.324,0.141,0.215,69.2,7.3,14.3,38.1,38.1,1.0,6.2,36.4,88.0,0.363,0.133,24.8,6.0,6.0,6.0,Fenway Park,102,,,,No,No,1,Yes,Yes,RotoWire projected lineup; MLB probable pitchers,lineup projected / unconfirmed,H:2026 P:2026,,,Direct BvP not yet weighted; 2026/2025 Statcast baseline active,7,3,17,0,"Last 7 games: 3/17, 0 HR","platoon edge; pitcher baseline 6.2% barrel, 6.0 HR allowed",fly-ball profile; pitcher fly-ball pressure modest,,
646240,Rafael Devers,SF,BOS,2026-08-23T19:15:00Z,Scheduled,2,Jake Bennett,687562,L,L,12.29,0.2277,92.8,103.0573,0.4534,0.2196,0.3369,71.81,20.3,33.7,33.6,52.25,28.7,6.2,36.4,88.0,0.363,0.133,24.8,6.0,6.0,6.0,Fenway Park,102,,,,No,No,2,Yes,Yes,RotoWire projected lineup; MLB probable pitchers,lineup projected / unconfirmed,H:2026/2025 P:2026,,,Direct BvP not yet weighted; 2026/2025 Statcast baseline active,7,6,28,2,Hot streak: 2 HR in last 7 games,"same-side matchup; pitcher baseline 6.2% barrel, 6.0 HR allowed",EV profile; pitcher fly-ball pressure modest,,
642715,Willy Adames,SF,BOS,2026-08-23T19:15:00Z,Scheduled,3,Jake Bennett,687562,L,R,9.8,0.1953,87.78,99.1101,0.4028,0.1809,0.3046,72.21,23.76,47.91,34.13,40.0,23.7,6.2,36.4,88.0,0.363,0.133,24.8,6.0,6.0,6.0,Fenway Park,102,,,,No,No,3,Yes,Yes,RotoWire projected lineup; MLB probable pitchers,lineup projected / unconfirmed,H:2026/2025 P:2026,,,Direct BvP not yet weighted; 2026/2025 Statcast baseline active,7,9,26,2,Hot streak: 2 HR in last 7 games,"platoon edge; pitcher baseline 6.2% barrel, 6.0 HR allowed",neutral batted-ball profile; pitcher fly-ball pressure modest,,
805811,Bryce Eldridge,SF,BOS,2026-08-23T19:15:00Z,Scheduled,4,Jake Bennett,687562,L,L,15.69,0.1525,93.36,103.2464,0.4764,0.2484,0.3552,73.07,29.13,38.41,37.54,56.97,9.8,6.2,36.4,88.0,0.363,0.133,24.8,6.0,6.0,6.0,Fenway Park,102,,,,No,No,4,Yes,Yes,RotoWire projected lineup; MLB probable pitchers,lineup projected / unconfirmed,H:2026/2025 P:2026,,,Direct BvP not yet weighted; 2026/2025 Statcast baseline active,7,7,25,1,"Last 7 games: 7/25, 1 HR","same-side matchup; pitcher baseline 6.2% barrel, 6.0 HR allowed",lift-pull EV profile; pitcher fly-ball pressure modest,,
682674,Victor Bericoto,SF,BOS,2026-08-23T19:15:00Z,Scheduled,5,Jake Bennett,687562,L,R,13.3,0.179,90.3,100.6258,0.449,0.227,0.286,74.8,53.1,36.7,26.7,50.0,4.0,6.2,36.4,88.0,0.363,0.133,24.8,6.0,6.0,6.0,Fenway Park,102,,,,No,No,5,Yes,Yes,RotoWire projected lineup; MLB probable pitchers,lineup projected / unconfirmed,H:2026 P:2026,,,Direct BvP not yet weighted; 2026/2025 Statcast baseline active,7,3,22,0,"Last 7 games: 3/22, 0 HR","platoon edge; pitcher baseline 6.2% barrel, 6.0 HR allowed",neutral batted-ball profile; pitcher fly-ball pressure modest,,
808982,Jung Hoo Lee,SF,BOS,2026-08-23T19:15:00Z,Scheduled,6,Jake Bennett,687562,L,L,2.86,0.1389,87.03,96.6578,0.3815,0.0968,0.3147,68.3,3.47,37.76,22.66,30.18,8.7,6.2,36.4,88.0,0.363,0.133,24.8,6.0,6.0,6.0,Fenway Park,102,,,,No,No,6,Yes,Yes,RotoWire projected lineup; MLB probable pitchers,lineup projected / unconfirmed,H:2026/2025 P:2026,,,Direct BvP not yet weighted; 2026/2025 Statcast baseline active,7,7,27,0,"Last 7 games: 7/27, 0 HR","same-side matchup; pitcher baseline 6.2% barrel, 6.0 HR allowed",neutral batted-ball profile; pitcher fly-ball pressure modest,,
678545,Osleivis Basabe,SF,BOS,2026-08-23T19:15:00Z,Scheduled,7,Jake Bennett,687562,L,R,8.6,0.153,88.6,99.3336,0.37,0.139,0.273,73.6,33.3,40.7,33.9,39.0,3.0,6.2,36.4,88.0,0.363,0.133,24.8,6.0,6.0,6.0,Fenway Park,102,,,,No,No,7,Yes,Yes,RotoWire projected lineup; MLB probable pitchers,lineup projected / unconfirmed,H:2026 P:2026,,,Direct BvP not yet weighted; 2026/2025 Statcast baseline active,7,4,26,0,"Last 7 games: 4/26, 0 HR","platoon edge; pitcher baseline 6.2% barrel, 6.0 HR allowed",neutral batted-ball profile; pitcher fly-ball pressure modest,,
668800,Andrew Knizner,SF,BOS,2026-08-23T19:15:00Z,Scheduled,8,Jake Bennett,687562,L,R,8.19,0.2138,88.47,97.7131,0.4154,0.1757,0.3361,70.67,11.74,39.78,22.5,30.27,1.0,6.2,36.4,88.0,0.363,0.133,24.8,6.0,6.0,6.0,Fenway Park,102,,,,No,No,8,Yes,Yes,RotoWire projected lineup; MLB probable pitchers,lineup projected / unconfirmed,H:2026/2025 P:2026,,,Direct BvP not yet weighted; 2026/2025 Statcast baseline active,5,3,11,1,"Last 5 games: 3/11, 1 HR","platoon edge; pitcher baseline 6.2% barrel, 6.0 HR allowed",neutral batted-ball profile; pitcher fly-ball pressure modest,,
683766,Christian Koss,SF,BOS,2026-08-23T19:15:00Z,Scheduled,9,Jake Bennett,687562,L,R,5.86,0.0669,85.78,97.5484,0.3187,0.0942,0.2585,69.79,6.0,39.77,20.8,30.8,0.9,6.2,36.4,88.0,0.363,0.133,24.8,6.0,6.0,6.0,Fenway Park,102,,,,No,No,9,Yes,Yes,RotoWire projected lineup; MLB probable pitchers,lineup projected / unconfirmed,H:2026/2025 P:2026,,,Direct BvP not yet weighted; 2026/2025 Statcast baseline active,7,5,24,0,"Last 7 games: 5/24, 0 HR","platoon edge; pitcher baseline 6.2% barrel, 6.0 HR allowed",neutral batted-ball profile; pitcher fly-ball pressure modest,,
663330,Jahmai Jones,BOS,SF,2026-08-23T19:15:00Z,Scheduled,1,Matt Wilkinson,683363,L,R,10.46,0.186,91.08,102.3161,0.4455,0.1926,0.3423,73.32,34.44,49.2,25.82,47.37,4.9,0.0,14.3,79.6,0.237,0.017,28.6,0.0,0.0,0.0,Fenway Park,102,,,,No,No,1,Yes,Yes,RotoWire projected lineup; MLB probable pitchers,lineup projected / unconfirmed,H:2026/2025 P:2026,,,Direct BvP not yet weighted; 2026/2025 Statcast baseline active,7,6,10,0,Contact streak: 6/10 over last 7 games,"platoon edge; pitcher baseline 0.0% barrel, 0.0 HR allowed",neutral batted-ball profile; pitcher fly-ball pressure modest,,
678882,Ceddanne Rafaela,BOS,SF,2026-08-23T19:15:00Z,Scheduled,2,Matt Wilkinson,683363,L,R,6.75,0.172,86.97,97.8563,0.3796,0.1334,0.2917,70.02,8.83,35.43,26.0,34.36,16.0,0.0,14.3,79.6,0.237,0.017,28.6,0.0,0.0,0.0,Fenway Park,102,,,,No,No,2,Yes,Yes,RotoWire projected lineup; MLB probable pitchers,lineup projected / unconfirmed,H:2026/2025 P:2026,,,Direct BvP not yet weighted; 2026/2025 Statcast baseline active,7,8,32,0,"Last 7 games: 8/32, 0 HR","platoon edge; pitcher baseline 0.0% barrel, 0.0 HR allowed",neutral batted-ball profile; pitcher fly-ball pressure modest,,
575929,Willson Contreras,BOS,SF,2026-08-23T19:15:00Z,Scheduled,3,Matt Wilkinson,683363,L,R,14.18,0.2341,90.11,102.8878,0.4985,0.2387,0.3762,76.77,68.8,45.33,29.33,45.78,24.2,0.0,14.3,79.6,0.237,0.017,28.6,0.0,0.0,0.0,Fenway Park,102,,,,No,No,3,Yes,Yes,RotoWire projected lineup; MLB probable pitchers,lineup projected / unconfirmed,H:2026/2025 P:2026,,,Direct BvP not yet weighted; 2026/2025 Statcast baseline active,7,9,25,2,Hot streak: 2 HR in last 7 games,"platoon edge; pitcher baseline 0.0% barrel, 0.0 HR allowed",neutral batted-ball profile; pitcher fly-ball pressure modest,,
677800,Wilyer Abreu,BOS,SF,2026-08-23T19:15:00Z,Scheduled,4,Matt Wilkinson,683363,L,L,12.58,0.2143,90.17,101.4905,0.482,0.2271,0.349,73.89,38.8,38.81,36.75,44.55,22.0,0.0,14.3,79.6,0.237,0.017,28.6,0.0,0.0,0.0,Fenway Park,102,,,,No,No,4,Yes,Yes,RotoWire projected lineup; MLB probable pitchers,lineup projected / unconfirmed,H:2026/2025 P:2026,,,Direct BvP not yet weighted; 2026/2025 Statcast baseline active,7,9,28,1,Contact streak: 9/28 over last 7 games,"same-side matchup; pitcher baseline 0.0% barrel, 0.0 HR allowed",fly-ball profile; pitcher fly-ball pressure modest,,
668939,Adley Rutschman,BOS,SF,2026-08-23T19:15:00Z,Scheduled,5,Matt Wilkinson,683363,L,S,7.29,0.1656,88.98,99.3407,0.4191,0.1634,0.3369,70.42,12.28,38.68,29.22,40.07,9.0,0.0,14.3,79.6,0.237,0.017,28.6,0.0,0.0,0.0,Fenway Park,102,,,,No,No,5,Yes,Yes,RotoWire projected lineup; MLB probable pitchers,lineup projected / unconfirmed,H:2026/2025 P:2026,,,Direct BvP not yet weighted; 2026/2025 Statcast baseline active,7,5,24,1,"Last 7 games: 5/24, 1 HR","switch hitter; pitcher baseline 0.0% barrel, 0.0 HR allowed",neutral batted-ball profile; pitcher fly-ball pressure modest,,
702332,Caleb Durbin,BOS,SF,2026-08-23T19:15:00Z,Scheduled,6,Matt Wilkinson,683363,L,R,3.16,0.1415,84.08,95.6747,0.3347,0.0916,0.2952,68.88,5.3,40.67,19.33,25.99,11.7,0.0,14.3,79.6,0.237,0.017,28.6,0.0,0.0,0.0,Fenway Park,102,,,,No,No,6,Yes,Yes,RotoWire projected lineup; MLB probable pitchers,lineup projected / unconfirmed,H:2026/2025 P:2026,,,Direct BvP not yet weighted; 2026/2025 Statcast baseline active,7,9,26,0,Contact streak: 9/26 over last 7 games,"platoon edge; pitcher baseline 0.0% barrel, 0.0 HR allowed",neutral batted-ball profile; pitcher fly-ball pressure modest,,
655316,Andruw Monasterio,BOS,SF,2026-08-23T19:15:00Z,Scheduled,7,Matt Wilkinson,683363,L,R,6.84,0.1614,87.84,97.4237,0.3721,0.1362,0.2947,69.24,3.5,39.78,32.04,33.0,5.4,0.0,14.3,79.6,0.237,0.017,28.6,0.0,0.0,0.0,Fenway Park,102,,,,No,No,7,Yes,Yes,RotoWire projected lineup; MLB probable pitchers,lineup projected / unconfirmed,H:2026/2025 P:2026,,,Direct BvP not yet weighted; 2026/2025 Statcast baseline active,7,3,27,0,"Last 7 games: 3/27, 0 HR","platoon edge; pitcher baseline 0.0% barrel, 0.0 HR allowed",neutral batted-ball profile; pitcher fly-ball pressure modest,,
642201,Eli White,BOS,SF,2026-08-23T19:15:00Z,Scheduled,8,Matt Wilkinson,683363,L,R,6.3,0.1566,86.58,98.5762,0.3489,0.1206,0.2757,72.76,27.19,36.26,24.57,32.91,6.5,0.0,14.3,79.6,0.237,0.017,28.6,0.0,0.0,0.0,Fenway Park,102,,,,No,No,8,Yes,Yes,RotoWire projected lineup; MLB probable pitchers,lineup projected / unconfirmed,H:2026/2025 P:2026,,,Direct BvP not yet weighted; 2026/2025 Statcast baseline active,7,6,18,0,Contact streak: 6/18 over last 7 games,"platoon edge; pitcher baseline 0.0% barrel, 0.0 HR allowed",neutral batted-ball profile; pitcher fly-ball pressure modest,,
686765,Nick Sogard,BOS,SF,2026-08-23T19:15:00Z,Scheduled,9,Matt Wilkinson,683363,L,S,4.55,0.1022,86.21,96.4533,0.3526,0.0974,0.3202,68.85,3.89,44.75,23.04,28.96,0.7,0.0,14.3,79.6,0.237,0.017,28.6,0.0,0.0,0.0,Fenway Park,102,,,,No,No,9,Yes,Yes,RotoWire projected lineup; MLB probable pitchers,lineup projected / unconfirmed,H:2026/2025 P:2026,,,Direct BvP not yet weighted; 2026/2025 Statcast baseline active,7,9,26,1,Contact streak: 9/26 over last 7 games,"switch hitter; pitcher baseline 0.0% barrel, 0.0 HR allowed",neutral batted-ball profile; pitcher fly-ball pressure modest,,
693304,Nick Gonzales,PIT,LAD,2026-08-23T20:10:00Z,Scheduled,1,Blake Snell,605483,L,R,3.24,0.0943,86.98,98.2501,0.3799,0.1056,0.3134,70.64,12.59,37.5,20.63,36.0,5.7,1.74,17.76,83.82,0.2562,0.0567,22.38,0.9,0.9,0.9,UNIQLO Field at Dodger Stadium,100,,,,No,No,1,Yes,Yes,RotoWire projected lineup; MLB probable pitchers,lineup projected / unconfirmed,H:2026/2025 P:2026/2025,,,Direct BvP not yet weighted; 2026/2025 Statcast baseline active,7,9,23,0,Contact streak: 9/23 over last 7 games,"platoon edge; pitcher baseline 1.7% barrel, 0.9 HR allowed",neutral batted-ball profile; pitcher fly-ball pressure modest,,
699013,Esmerlyn Valdez,PIT,LAD,2026-08-23T20:10:00Z,Scheduled,2,Blake Snell,605483,L,R,21.1,0.287,92.0,102.8534,0.449,0.246,0.339,74.9,51.8,36.8,42.1,49.1,14.0,1.74,17.76,83.82,0.2562,0.0567,22.38,0.9,0.9,0.9,UNIQLO Field at Dodger Stadium,100,,,,No,No,2,Yes,Yes,RotoWire projected lineup; MLB probable pitchers,lineup projected / unconfirmed,H:2026 P:2026/2025,,,Direct BvP not yet weighted; 2026/2025 Statcast baseline active,7,7,27,0,"Last 7 games: 7/27, 0 HR","platoon edge; pitcher baseline 1.7% barrel, 0.9 HR allowed",EV profile; pitcher fly-ball pressure modest,,
668804,Bryan Reynolds,PIT,LAD,2026-08-23T20:10:00Z,Scheduled,3,Blake Snell,605483,L,S,10.87,0.1633,90.78,101.8964,0.4372,0.1862,0.3457,72.62,28.09,40.22,24.97,46.49,15.3,1.74,17.76,83.82,0.2562,0.0567,22.38,0.9,0.9,0.9,UNIQLO Field at Dodger Stadium,100,,,,No,No,3,Yes,Yes,RotoWire projected lineup; MLB probable pitchers,lineup projected / unconfirmed,H:2026/2025 P:2026/2025,,,Direct BvP not yet weighted; 2026/2025 Statcast baseline active,7,7,28,0,"Last 7 games: 7/28, 0 HR","switch hitter; pitcher baseline 1.7% barrel, 0.9 HR allowed",neutral batted-ball profile; pitcher fly-ball pressure modest,,
664040,Brandon Lowe,PIT,LAD,2026-08-23T20:10:00Z,Scheduled,4,Blake Snell,605483,L,L,12.37,0.2252,91.17,101.5242,0.4479,0.203,0.3287,73.66,39.81,46.86,32.99,46.74,28.2,1.74,17.76,83.82,0.2562,0.0567,22.38,0.9,0.9,0.9,UNIQLO Field at Dodger Stadium,100,,,,No,No,4,Yes,Yes,RotoWire projected lineup; MLB probable pitchers,lineup projected / unconfirmed,H:2026/2025 P:2026/2025,,,Direct BvP not yet weighted; 2026/2025 Statcast baseline active,7,9,28,2,Hot streak: 2 HR in last 7 games,"same-side matchup; pitcher baseline 1.7% barrel, 0.9 HR allowed",neutral batted-ball profile; pitcher fly-ball pressure modest,,
804668,Rafael Flores,PIT,LAD,2026-08-23T20:10:00Z,Scheduled,5,Blake Snell,605483,L,R,16.98,0.2898,91.58,102.5678,0.5196,0.2717,0.368,73.68,37.64,39.63,43.38,52.77,4.2,1.74,17.76,83.82,0.2562,0.0567,22.38,0.9,0.9,0.9,UNIQLO Field at Dodger Stadium,100,,,,No,No,5,Yes,Yes,RotoWire projected lineup; MLB probable pitchers,lineup projected / unconfirmed,H:2026/2025 P:2026/2025,,,Direct BvP not yet weighted; 2026/2025 Statcast baseline active,7,5,22,2,Hot streak: 2 HR in last 7 games,"platoon edge; pitcher baseline 1.7% barrel, 0.9 HR allowed",fly-ball profile; pitcher fly-ball pressure modest,,
665833,Oneil Cruz,PIT,LAD,2026-08-23T20:10:00Z,Scheduled,6,Blake Snell,605483,L,L,17.86,0.213,95.94,107.1954,0.4796,0.2357,0.3513,78.45,76.87,40.3,24.71,57.93,17.2,1.74,17.76,83.82,0.2562,0.0567,22.38,0.9,0.9,0.9,UNIQLO Field at Dodger Stadium,100,,,,No,No,6,Yes,Yes,RotoWire projected lineup; MLB probable pitchers,lineup projected / unconfirmed,H:2026/2025 P:2026/2025,,,Direct BvP not yet weighted; 2026/2025 Statcast baseline active,7,4,18,2,Hot streak: 2 HR in last 7 games,"same-side matchup; pitcher baseline 1.7% barrel, 0.9 HR allowed",EV profile; pitcher fly-ball pressure modest,,
663968,Jake Mangum,PIT,LAD,2026-08-23T20:10:00Z,Scheduled,7,Blake Snell,605483,L,S,2.28,0.0846,85.9,96.7064,0.3325,0.0822,0.283,67.65,3.94,27.37,15.7,29.55,3.7,1.74,17.76,83.82,0.2562,0.0567,22.38,0.9,0.9,0.9,UNIQLO Field at Dodger Stadium,100,,,,No,No,7,Yes,Yes,RotoWire projected lineup; MLB probable pitchers,lineup projected / unconfirmed,H:2026/2025 P:2026/2025,,,Direct BvP not yet weighted; 2026/2025 Statcast baseline active,7,5,21,0,"Last 7 games: 5/21, 0 HR","switch hitter; pitcher baseline 1.7% barrel, 0.9 HR allowed",neutral batted-ball profile; pitcher fly-ball pressure modest,,
694377,Nick Yorke,PIT,LAD,2026-08-23T20:10:00Z,Scheduled,8,Blake Snell,605483,L,R,4.56,0.0807,87.84,100.8398,0.3486,0.102,0.2899,72.53,22.12,33.65,24.11,44.64,1.0,1.74,17.76,83.82,0.2562,0.0567,22.38,0.9,0.9,0.9,UNIQLO Field at Dodger Stadium,100,,,,No,No,8,Yes,Yes,RotoWire projected lineup; MLB probable pitchers,lineup projected / unconfirmed,H:2026/2025 P:2026/2025,,,Direct BvP not yet weighted; 2026/2025 Statcast baseline active,7,5,20,0,"Last 7 games: 5/20, 0 HR","platoon edge; pitcher baseline 1.7% barrel, 0.9 HR allowed",neutral batted-ball profile; pitcher fly-ball pressure modest,,
669707,Jared Triolo,PIT,LAD,2026-08-23T20:10:00Z,Scheduled,9,Blake Snell,605483,L,R,3.54,0.0863,87.74,98.5455,0.3368,0.095,0.2953,70.9,7.79,38.62,20.75,37.15,3.5,1.74,17.76,83.82,0.2562,0.0567,22.38,0.9,0.9,0.9,UNIQLO Field at Dodger Stadium,100,,,,No,No,9,Yes,Yes,RotoWire projected lineup; MLB probable pitchers,lineup projected / unconfirmed,H:2026/2025 P:2026/2025,,,Direct BvP not yet weighted; 2026/2025 Statcast baseline active,7,3,23,0,"Last 7 games: 3/23, 0 HR","platoon edge; pitcher baseline 1.7% barrel, 0.9 HR allowed",neutral batted-ball profile; pitcher fly-ball pressure modest,,
660271,Shohei Ohtani,LAD,PIT,2026-08-23T20:10:00Z,Scheduled,1,Lake Bachar,669199,R,L,18.67,0.284,93.92,104.5411,0.5979,0.3099,0.4131,75.03,53.36,46.7,32.13,54.43,37.5,9.72,37.09,89.46,0.3899,0.1794,32.06,11.4,11.4,11.4,UNIQLO Field at Dodger Stadium,100,,,,No,No,1,Yes,Yes,RotoWire projected lineup; MLB probable pitchers,lineup projected / unconfirmed,H:2026/2025 P:2026/2025,,,Direct BvP not yet weighted; 2026/2025 Statcast baseline active,7,8,28,3,Hot streak: 3 HR in last 7 games,"platoon edge; pitcher baseline 9.7% barrel, 11.4 HR allowed",lift-pull EV profile; pitcher allows elevated contact,,
518692,Freddie Freeman,LAD,PIT,2026-08-23T20:10:00Z,Scheduled,2,Lake Bachar,669199,R,L,9.21,0.1755,90.13,100.3667,0.4796,0.1909,0.3668,70.15,8.19,36.05,27.49,43.32,17.7,9.72,37.09,89.46,0.3899,0.1794,32.06,11.4,11.4,11.4,UNIQLO Field at Dodger Stadium,100,,,,No,No,2,Yes,Yes,RotoWire projected lineup; MLB probable pitchers,lineup projected / unconfirmed,H:2026/2025 P:2026/2025,,,Direct BvP not yet weighted; 2026/2025 Statcast baseline active,7,7,28,0,"Last 7 games: 7/28, 0 HR","platoon edge; pitcher baseline 9.7% barrel, 11.4 HR allowed",neutral batted-ball profile; pitcher allows elevated contact,,
605141,Mookie Betts,LAD,PIT,2026-08-23T20:10:00Z,Scheduled,3,Lake Bachar,669199,R,R,6.97,0.1648,89.87,98.4789,0.4269,0.1546,0.3286,69.46,8.46,39.68,34.5,37.76,17.2,9.72,37.09,89.46,0.3899,0.1794,32.06,11.4,11.4,11.4,UNIQLO Field at Dodger Stadium,100,,,,No,No,3,Yes,Yes,RotoWire projected lineup; MLB probable pitchers,lineup projected / unconfirmed,H:2026/2025 P:2026/2025,,,Direct BvP not yet weighted; 2026/2025 Statcast baseline active,7,6,29,1,"Last 7 games: 6/29, 1 HR","same-side matchup; pitcher baseline 9.7% barrel, 11.4 HR allowed",neutral batted-ball profile; pitcher allows elevated contact,,
691777,Max Muncy,LAD,PIT,2026-08-23T20:10:00Z,Scheduled,4,Lake Bachar,669199,R,R,10.59,0.1573,89.13,100.8029,0.3516,0.1458,0.2768,73.94,44.49,42.33,23.35,39.89,6.9,9.72,37.09,89.46,0.3899,0.1794,32.06,11.4,11.4,11.4,UNIQLO Field at Dodger Stadium,100,,,,No,No,4,Yes,Yes,RotoWire projected lineup; MLB probable pitchers,lineup projected / unconfirmed,H:2026/2025 P:2026/2025,,,Direct BvP not yet weighted; 2026/2025 Statcast baseline active,7,5,22,1,"Last 7 games: 5/22, 1 HR","same-side matchup; pitcher baseline 9.7% barrel, 11.4 HR allowed",neutral batted-ball profile; pitcher allows elevated contact,,
669242,Tommy Edman,LAD,PIT,2026-08-23T20:10:00Z,Scheduled,5,Lake Bachar,669199,R,S,5.41,0.1409,88.16,99.4405,0.383,0.1174,0.3168,70.52,12.39,42.18,25.59,37.31,6.7,9.72,37.09,89.46,0.3899,0.1794,32.06,11.4,11.4,11.4,UNIQLO Field at Dodger Stadium,100,,,,No,No,5,Yes,Yes,RotoWire projected lineup; MLB probable pitchers,lineup projected / unconfirmed,H:2026/2025 P:2026/2025,,,Direct BvP not yet weighted; 2026/2025 Statcast baseline active,7,7,26,1,"Last 7 games: 7/26, 1 HR","switch hitter; pitcher baseline 9.7% barrel, 11.4 HR allowed",neutral batted-ball profile; pitcher allows elevated contact,,
663656,Kyle Tucker,LAD,PIT,2026-08-23T20:10:00Z,Scheduled,6,Lake Bachar,669199,R,L,7.3,0.1525,89.33,98.9301,0.4109,0.1514,0.3398,71.58,20.8,43.59,32.63,38.72,14.3,9.72,37.09,89.46,0.3899,0.1794,32.06,11.4,11.4,11.4,UNIQLO Field at Dodger Stadium,100,,,,No,No,6,Yes,Yes,RotoWire projected lineup; MLB probable pitchers,lineup projected / unconfirmed,H:2026/2025 P:2026/2025,,,Direct BvP not yet weighted; 2026/2025 Statcast baseline active,7,4,29,0,"Last 7 games: 4/29, 0 HR","platoon edge; pitcher baseline 9.7% barrel, 11.4 HR allowed",neutral batted-ball profile; pitcher allows elevated contact,,
606192,Teoscar Hernandez,LAD,PIT,2026-08-23T20:10:00Z,Scheduled,7,Lake Bachar,669199,R,R,9.75,0.1657,89.85,101.1228,0.4235,0.178,0.3167,72.41,24.64,34.71,29.24,44.63,15.2,9.72,37.09,89.46,0.3899,0.1794,32.06,11.4,11.4,11.4,UNIQLO Field at Dodger Stadium,100,,,,No,No,7,Yes,Yes,RotoWire projected lineup; MLB probable pitchers,lineup projected / unconfirmed,H:2026/2025 P:2026/2025,,,Direct BvP not yet weighted; 2026/2025 Statcast baseline active,7,6,27,0,"Last 7 games: 6/27, 0 HR","same-side matchup; pitcher baseline 9.7% barrel, 11.4 HR allowed",neutral batted-ball profile; pitcher allows elevated contact,,
677950,Alek Thomas,LAD,PIT,2026-08-23T20:10:00Z,Scheduled,8,Lake Bachar,669199,R,L,8.15,0.1434,89.95,100.5051,0.3839,0.1482,0.2876,70.05,8.17,31.26,23.46,42.03,4.1,9.72,37.09,89.46,0.3899,0.1794,32.06,11.4,11.4,11.4,UNIQLO Field at Dodger Stadium,100,,,,No,No,8,Yes,Yes,RotoWire projected lineup; MLB probable pitchers,lineup projected / unconfirmed,H:2026/2025 P:2026/2025,,,Direct BvP not yet weighted; 2026/2025 Statcast baseline active,7,2,20,0,"Last 7 games: 2/20, 0 HR","platoon edge; pitcher baseline 9.7% barrel, 11.4 HR allowed",neutral batted-ball profile; pitcher allows elevated contact,,
676439,Hunter Feduccia,LAD,PIT,2026-08-23T20:10:00Z,Scheduled,9,Lake Bachar,669199,R,L,8.55,0.0983,89.49,99.0908,0.3601,0.1304,0.3058,70.71,12.7,31.89,28.57,37.63,2.1,9.72,37.09,89.46,0.3899,0.1794,32.06,11.4,11.4,11.4,UNIQLO Field at Dodger Stadium,100,,,,No,No,9,Yes,Yes,RotoWire projected lineup; MLB probable pitchers,lineup projected / unconfirmed,H:2026/2025 P:2026/2025,,,Direct BvP not yet weighted; 2026/2025 Statcast baseline active,7,3,16,0,"Last 7 games: 3/16, 0 HR","platoon edge; pitcher baseline 9.7% barrel, 11.4 HR allowed",neutral batted-ball profile; pitcher allows elevated contact,,
691718,Pete Crow-Armstrong,CHC,SEA,2026-08-23T20:10:00Z,Scheduled,1,Bryce Miller,682243,R,L,12.47,0.2627,89.99,101.469,0.4701,0.2232,0.3462,74.17,43.76,49.74,35.99,46.57,31.7,7.93,37.75,89.04,0.3937,0.161,31.72,15.6,15.6,15.6,T-Mobile Park,96,,,,No,No,1,Yes,Yes,RotoWire projected lineup; MLB probable pitchers,lineup projected / unconfirmed,H:2026/2025 P:2026/2025,,,Direct BvP not yet weighted; 2026/2025 Statcast baseline active,7,8,29,5,Hot streak: 5 HR in last 7 games,"platoon edge; pitcher baseline 7.9% barrel, 15.6 HR allowed",fly-ball profile; pitcher allows elevated contact,,
673548,Seiya Suzuki,CHC,SEA,2026-08-23T20:10:00Z,Scheduled,2,Bryce Miller,682243,R,R,12.4,0.2176,89.13,101.007,0.4426,0.1977,0.3373,73.3,36.97,42.04,31.06,41.28,25.0,7.93,37.75,89.04,0.3937,0.161,31.72,15.6,15.6,15.6,T-Mobile Park,96,,,,No,No,2,Yes,Yes,RotoWire projected lineup; MLB probable pitchers,lineup projected / unconfirmed,H:2026/2025 P:2026/2025,,,Direct BvP not yet weighted; 2026/2025 Statcast baseline active,7,5,28,1,"Last 7 games: 5/28, 1 HR","same-side matchup; pitcher baseline 7.9% barrel, 15.6 HR allowed",neutral batted-ball profile; pitcher allows elevated contact,,
683737,Michael Busch,CHC,SEA,2026-08-23T20:10:00Z,Scheduled,3,Bryce Miller,682243,R,L,11.5,0.1843,89.4,99.6273,0.4458,0.2041,0.3444,68.9,5.5,40.14,34.9,41.84,21.4,7.93,37.75,89.04,0.3937,0.161,31.72,15.6,15.6,15.6,T-Mobile Park,96,,,,No,No,3,Yes,Yes,RotoWire projected lineup; MLB probable pitchers,lineup projected / unconfirmed,H:2026/2025 P:2026/2025,,,Direct BvP not yet weighted; 2026/2025 Statcast baseline active,7,6,27,2,Hot streak: 2 HR in last 7 games,"platoon edge; pitcher baseline 7.9% barrel, 15.6 HR allowed",neutral batted-ball profile; pitcher allows elevated contact,,
608324,Alex Bregman,CHC,SEA,2026-08-23T20:10:00Z,Scheduled,4,Bryce Miller,682243,R,R,5.69,0.1722,88.91,98.4128,0.3899,0.1432,0.3223,70.16,4.94,46.79,27.44,40.2,18.7,7.93,37.75,89.04,0.3937,0.161,31.72,15.6,15.6,15.6,T-Mobile Park,96,,,,No,No,4,Yes,Yes,RotoWire projected lineup; MLB probable pitchers,lineup projected / unconfirmed,H:2026/2025 P:2026/2025,,,Direct BvP not yet weighted; 2026/2025 Statcast baseline active,7,10,29,3,Hot streak: 3 HR in last 7 games,"same-side matchup; pitcher baseline 7.9% barrel, 15.6 HR allowed",neutral batted-ball profile; pitcher allows elevated contact,,
664023,Ian Happ,CHC,SEA,2026-08-23T20:10:00Z,Scheduled,5,Bryce Miller,682243,R,S,11.03,0.1917,89.51,100.8423,0.4101,0.1937,0.3225,71.88,18.71,44.05,32.6,42.79,21.6,7.93,37.75,89.04,0.3937,0.161,31.72,15.6,15.6,15.6,T-Mobile Park,96,,,,No,No,5,Yes,Yes,RotoWire projected lineup; MLB probable pitchers,lineup projected / unconfirmed,H:2026/2025 P:2026/2025,,,Direct BvP not yet weighted; 2026/2025 Statcast baseline active,7,5,22,1,"Last 7 games: 5/22, 1 HR","switch hitter; pitcher baseline 7.9% barrel, 15.6 HR allowed",neutral batted-ball profile; pitcher allows elevated contact,,
663538,Nico Hoerner,CHC,SEA,2026-08-23T20:10:00Z,Scheduled,6,Bryce Miller,682243,R,R,1.49,0.0984,86.14,96.2437,0.3798,0.0822,0.3248,68.33,1.83,32.66,21.14,28.69,7.0,7.93,37.75,89.04,0.3937,0.161,31.72,15.6,15.6,15.6,T-Mobile Park,96,,,,No,No,6,Yes,Yes,RotoWire projected lineup; MLB probable pitchers,lineup projected / unconfirmed,H:2026/2025 P:2026/2025,,,Direct BvP not yet weighted; 2026/2025 Statcast baseline active,7,8,27,0,"Last 7 games: 8/27, 0 HR","same-side matchup; pitcher baseline 7.9% barrel, 15.6 HR allowed",neutral batted-ball profile; pitcher allows elevated contact,,
699393,Pedro Ramirez,CHC,SEA,2026-08-23T20:10:00Z,Scheduled,7,Bryce Miller,682243,R,S,2.6,0.124,88.8,99.3367,0.342,0.085,0.291,72.2,22.2,35.3,19.0,41.4,2.0,7.93,37.75,89.04,0.3937,0.161,31.72,15.6,15.6,15.6,T-Mobile Park,96,,,,No,No,7,Yes,Yes,RotoWire projected lineup; MLB probable pitchers,lineup projected / unconfirmed,H:2026 P:2026/2025,,,Direct BvP not yet weighted; 2026/2025 Statcast baseline active,7,5,26,0,"Last 7 games: 5/26, 0 HR","switch hitter; pitcher baseline 7.9% barrel, 15.6 HR allowed",neutral batted-ball profile; pitcher allows elevated contact,,
624424,Michael Conforto,CHC,SEA,2026-08-23T20:10:00Z,Scheduled,8,Bryce Miller,682243,R,L,10.82,0.1886,90.39,100.6131,0.403,0.1805,0.3174,72.92,34.35,43.53,35.32,43.23,10.6,7.93,37.75,89.04,0.3937,0.161,31.72,15.6,15.6,15.6,T-Mobile Park,96,,,,No,No,8,Yes,Yes,RotoWire projected lineup; MLB probable pitchers,lineup projected / unconfirmed,H:2026/2025 P:2026/2025,,,Direct BvP not yet weighted; 2026/2025 Statcast baseline active,7,1,18,1,"Last 7 games: 1/18, 1 HR","platoon edge; pitcher baseline 7.9% barrel, 15.6 HR allowed",fly-ball profile; pitcher allows elevated contact,,
665804,Miguel Amaya,CHC,SEA,2026-08-23T20:10:00Z,Scheduled,9,Bryce Miller,682243,R,R,6.95,0.1588,87.38,97.8373,0.3412,0.128,0.2908,70.94,14.01,41.29,32.09,35.21,4.7,7.93,37.75,89.04,0.3937,0.161,31.72,15.6,15.6,15.6,T-Mobile Park,96,,,,No,No,9,Yes,Yes,RotoWire projected lineup; MLB probable pitchers,lineup projected / unconfirmed,H:2026/2025 P:2026/2025,,,Direct BvP not yet weighted; 2026/2025 Statcast baseline active,7,4,21,2,Hot streak: 2 HR in last 7 games,"same-side matchup; pitcher baseline 7.9% barrel, 15.6 HR allowed",neutral batted-ball profile; pitcher allows elevated contact,,
680977,Brendan Donovan,SEA,CHC,2026-08-23T20:10:00Z,Scheduled,1,Shota Imanaga,684007,L,L,4.53,0.1329,86.9,97.0208,0.3755,0.1165,0.3236,68.6,2.0,34.8,20.69,31.73,5.1,10.48,37.83,89.09,0.4284,0.194,34.74,29.6,29.6,29.6,T-Mobile Park,96,,,,No,No,1,Yes,Yes,RotoWire projected lineup; MLB probable pitchers,lineup projected / unconfirmed,H:2026/2025 P:2026/2025,,,Direct BvP not yet weighted; 2026/2025 Statcast baseline active,7,11,29,0,Contact streak: 11/29 over last 7 games,"same-side matchup; pitcher baseline 10.5% barrel, 29.6 HR allowed",neutral batted-ball profile; pitcher allows elevated contact,,
668227,Randy Arozarena,SEA,CHC,2026-08-23T20:10:00Z,Scheduled,2,Shota Imanaga,684007,L,R,8.91,0.188,90.88,101.0924,0.4226,0.1697,0.3431,71.32,24.52,33.56,24.03,45.14,21.4,10.48,37.83,89.09,0.4284,0.194,34.74,29.6,29.6,29.6,T-Mobile Park,96,,,,No,No,2,Yes,Yes,RotoWire projected lineup; MLB probable pitchers,lineup projected / unconfirmed,H:2026/2025 P:2026/2025,,,Direct BvP not yet weighted; 2026/2025 Statcast baseline active,7,7,30,3,Hot streak: 3 HR in last 7 games,"platoon edge; pitcher baseline 10.5% barrel, 29.6 HR allowed",neutral batted-ball profile; pitcher allows elevated contact,,
686527,Dominic Canzone,SEA,CHC,2026-08-23T20:10:00Z,Scheduled,3,Shota Imanaga,684007,L,L,12.89,0.2132,91.39,102.4384,0.4945,0.2213,0.3599,74.15,43.18,39.83,26.23,45.99,16.6,10.48,37.83,89.09,0.4284,0.194,34.74,29.6,29.6,29.6,T-Mobile Park,96,,,,No,No,3,Yes,Yes,RotoWire projected lineup; MLB probable pitchers,lineup projected / unconfirmed,H:2026/2025 P:2026/2025,,,Direct BvP not yet weighted; 2026/2025 Statcast baseline active,7,8,30,0,"Last 7 games: 8/30, 0 HR","same-side matchup; pitcher baseline 10.5% barrel, 29.6 HR allowed",neutral batted-ball profile; pitcher allows elevated contact,,
677594,Julio Rodriguez,SEA,CHC,2026-08-23T20:10:00Z,Scheduled,4,Shota Imanaga,684007,L,R,9.38,0.1741,90.54,102.6545,0.4664,0.195,0.3468,76.61,67.34,38.56,26.4,44.57,22.9,10.48,37.83,89.09,0.4284,0.194,34.74,29.6,29.6,29.6,T-Mobile Park,96,,,,No,No,4,Yes,Yes,RotoWire projected lineup; MLB probable pitchers,lineup projected / unconfirmed,H:2026/2025 P:2026/2025,,,Direct BvP not yet weighted; 2026/2025 Statcast baseline active,7,5,32,0,"Last 7 games: 5/32, 0 HR","platoon edge; pitcher baseline 10.5% barrel, 29.6 HR allowed",neutral batted-ball profile; pitcher allows elevated contact,,
647304,Josh Naylor,SEA,CHC,2026-08-23T20:10:00Z,Scheduled,5,Shota Imanaga,684007,L,L,5.3,0.1215,88.08,99.1738,0.4019,0.1317,0.3222,70.41,11.47,41.92,22.78,38.4,13.0,10.48,37.83,89.09,0.4284,0.194,34.74,29.6,29.6,29.6,T-Mobile Park,96,,,,No,No,5,Yes,Yes,RotoWire projected lineup; MLB probable pitchers,lineup projected / unconfirmed,H:2026/2025 P:2026/2025,,,Direct BvP not yet weighted; 2026/2025 Statcast baseline active,7,8,31,0,"Last 7 games: 8/31, 0 HR","same-side matchup; pitcher baseline 10.5% barrel, 29.6 HR allowed",neutral batted-ball profile; pitcher allows elevated contact,,
621493,Taylor Ward,SEA,CHC,2026-08-23T20:10:00Z,Scheduled,6,Shota Imanaga,684007,L,R,8.03,0.1399,89.26,99.3836,0.3933,0.1532,0.3365,68.8,4.16,33.17,30.15,39.27,15.7,10.48,37.83,89.09,0.4284,0.194,34.74,29.6,29.6,29.6,T-Mobile Park,96,,,,No,No,6,Yes,Yes,RotoWire projected lineup; MLB probable pitchers,lineup projected / unconfirmed,H:2026/2025 P:2026/2025,,,Direct BvP not yet weighted; 2026/2025 Statcast baseline active,7,3,26,0,"Last 7 games: 3/26, 0 HR","platoon edge; pitcher baseline 10.5% barrel, 29.6 HR allowed",neutral batted-ball profile; pitcher allows elevated contact,,
663728,Cal Raleigh,SEA,CHC,2026-08-23T20:10:00Z,Scheduled,7,Shota Imanaga,684007,L,S,14.46,0.2055,89.9,100.8137,0.4175,0.2243,0.3185,75.06,52.25,53.73,41.94,40.15,27.8,10.48,37.83,89.09,0.4284,0.194,34.74,29.6,29.6,29.6,T-Mobile Park,96,,,,No,No,7,Yes,Yes,RotoWire projected lineup; MLB probable pitchers,lineup projected / unconfirmed,H:2026/2025 P:2026/2025,,,Direct BvP not yet weighted; 2026/2025 Statcast baseline active,7,3,19,2,Hot streak: 2 HR in last 7 games,"switch hitter; pitcher baseline 10.5% barrel, 29.6 HR allowed",fly-ball profile; pitcher allows elevated contact,,
702284,Cole Young,SEA,CHC,2026-08-23T20:10:00Z,Scheduled,8,Shota Imanaga,684007,L,L,4.9,0.1255,88.37,98.9533,0.3865,0.1317,0.3131,71.44,21.37,42.12,27.15,36.28,11.7,10.48,37.83,89.09,0.4284,0.194,34.74,29.6,29.6,29.6,T-Mobile Park,96,,,,No,No,8,Yes,Yes,RotoWire projected lineup; MLB probable pitchers,lineup projected / unconfirmed,H:2026/2025 P:2026/2025,,,Direct BvP not yet weighted; 2026/2025 Statcast baseline active,7,4,26,1,"Last 7 games: 4/26, 1 HR","same-side matchup; pitcher baseline 10.5% barrel, 29.6 HR allowed",neutral batted-ball profile; pitcher allows elevated contact,,
801126,Brock Rodden,SEA,CHC,2026-08-23T20:10:00Z,Scheduled,9,Shota Imanaga,684007,L,S,6.7,0.167,91.2,98.1138,0.252,0.105,0.235,69.6,2.4,66.7,46.7,46.7,0.0,10.48,37.83,89.09,0.4284,0.194,34.74,29.6,29.6,29.6,T-Mobile Park,96,,,,No,No,9,Yes,Yes,RotoWire projected lineup; MLB probable pitchers,lineup projected / unconfirmed,H:2026 P:2026/2025,,,Direct BvP not yet weighted; 2026/2025 Statcast baseline active,7,6,24,0,"Last 7 games: 6/24, 0 HR","switch hitter; pitcher baseline 10.5% barrel, 29.6 HR allowed",fly-ball profile; pitcher allows elevated contact,,
807712,Luke Keaschall,MIN,SD,2026-08-23T20:10:00Z,Scheduled,1,Walker Buehler,621111,R,R,4.01,0.1199,85.43,96.8002,0.3647,0.1153,0.3177,68.57,7.52,38.19,27.18,30.15,6.8,8.52,38.57,88.95,0.4129,0.1589,23.51,16.4,16.4,16.4,Petco Park,91,,,,No,No,1,Yes,Yes,RotoWire projected lineup; MLB probable pitchers,lineup projected / unconfirmed,H:2026/2025 P:2026/2025,,,Direct BvP not yet weighted; 2026/2025 Statcast baseline active,7,11,29,1,Contact streak: 11/29 over last 7 games,"same-side matchup; pitcher baseline 8.5% barrel, 16.4 HR allowed",neutral batted-ball profile; pitcher fly-ball pressure modest,,
621439,Byron Buxton,MIN,SD,2026-08-23T20:10:00Z,Scheduled,2,Walker Buehler,621111,R,R,16.72,0.2695,90.96,102.2325,0.4993,0.252,0.3458,74.37,43.6,48.17,33.65,48.9,28.0,8.52,38.57,88.95,0.4129,0.1589,23.51,16.4,16.4,16.4,Petco Park,91,,,,No,No,2,Yes,Yes,RotoWire projected lineup; MLB probable pitchers,lineup projected / unconfirmed,H:2026/2025 P:2026/2025,,,Direct BvP not yet weighted; 2026/2025 Statcast baseline active,7,2,24,0,"Last 7 games: 2/24, 0 HR","same-side matchup; pitcher baseline 8.5% barrel, 16.4 HR allowed",neutral batted-ball profile; pitcher fly-ball pressure modest,,
605137,Josh Bell,MIN,SD,2026-08-23T20:10:00Z,Scheduled,3,Walker Buehler,621111,R,S,10.49,0.1744,90.12,100.9184,0.4542,0.2024,0.338,72.33,28.64,41.5,26.78,43.29,18.5,8.52,38.57,88.95,0.4129,0.1589,23.51,16.4,16.4,16.4,Petco Park,91,,,,No,No,3,Yes,Yes,RotoWire projected lineup; MLB probable pitchers,lineup projected / unconfirmed,H:2026/2025 P:2026/2025,,,Direct BvP not yet weighted; 2026/2025 Statcast baseline active,7,7,25,1,"Last 7 games: 7/25, 1 HR","switch hitter; pitcher baseline 8.5% barrel, 16.4 HR allowed",neutral batted-ball profile; pitcher fly-ball pressure modest,,
680777,Ryan Jeffers,MIN,SD,2026-08-23T20:10:00Z,Scheduled,4,Walker Buehler,621111,R,R,9.8,0.1842,89.23,100.9128,0.4266,0.1773,0.346,73.0,36.33,36.41,27.89,40.84,9.7,8.52,38.57,88.95,0.4129,0.1589,23.51,16.4,16.4,16.4,Petco Park,91,,,,No,No,4,Yes,Yes,RotoWire projected lineup; MLB probable pitchers,lineup projected / unconfirmed,H:2026/2025 P:2026/2025,,,Direct BvP not yet weighted; 2026/2025 Statcast baseline active,7,5,21,0,"Last 7 games: 5/21, 0 HR","same-side matchup; pitcher baseline 8.5% barrel, 16.4 HR allowed",neutral batted-ball profile; pitcher fly-ball pressure modest,,
665019,Kody Clemens,MIN,SD,2026-08-23T20:10:00Z,Scheduled,5,Walker Buehler,621111,R,L,11.93,0.2273,92.13,101.5078,0.4573,0.2083,0.331,72.06,14.28,45.94,33.25,46.9,20.4,8.52,38.57,88.95,0.4129,0.1589,23.51,16.4,16.4,16.4,Petco Park,91,,,,No,No,5,Yes,Yes,RotoWire projected lineup; MLB probable pitchers,lineup projected / unconfirmed,H:2026/2025 P:2026/2025,,,Direct BvP not yet weighted; 2026/2025 Statcast baseline active,7,10,26,1,Contact streak: 10/26 over last 7 games,"platoon edge; pitcher baseline 8.5% barrel, 16.4 HR allowed",lift-pull EV profile; pitcher fly-ball pressure modest,,
668904,Royce Lewis,MIN,SD,2026-08-23T20:10:00Z,Scheduled,6,Walker Buehler,621111,R,R,10.66,0.1678,89.8,100.8154,0.4103,0.167,0.3133,74.72,50.52,46.86,29.73,41.14,13.0,8.52,38.57,88.95,0.4129,0.1589,23.51,16.4,16.4,16.4,Petco Park,91,,,,No,No,6,Yes,Yes,RotoWire projected lineup; MLB probable pitchers,lineup projected / unconfirmed,H:2026/2025 P:2026/2025,,,Direct BvP not yet weighted; 2026/2025 Statcast baseline active,7,4,25,0,"Last 7 games: 4/25, 0 HR","same-side matchup; pitcher baseline 8.5% barrel, 16.4 HR allowed",neutral batted-ball profile; pitcher fly-ball pressure modest,,
663616,Trevor Larnach,MIN,SD,2026-08-23T20:10:00Z,Scheduled,7,Walker Buehler,621111,R,L,7.34,0.1512,88.59,99.7287,0.3988,0.1439,0.325,72.1,21.85,42.27,24.26,39.54,12.1,8.52,38.57,88.95,0.4129,0.1589,23.51,16.4,16.4,16.4,Petco Park,91,,,,No,No,7,Yes,Yes,RotoWire projected lineup; MLB probable pitchers,lineup projected / unconfirmed,H:2026/2025 P:2026/2025,,,Direct BvP not yet weighted; 2026/2025 Statcast baseline active,7,4,26,0,"Last 7 games: 4/26, 0 HR","platoon edge; pitcher baseline 8.5% barrel, 16.4 HR allowed",neutral batted-ball profile; pitcher fly-ball pressure modest,,
686797,Brooks Lee,MIN,SD,2026-08-23T20:10:00Z,Scheduled,8,Walker Buehler,621111,R,S,4.33,0.1669,88.11,97.5423,0.3446,0.1176,0.2771,69.85,8.21,42.13,28.65,34.65,18.1,8.52,38.57,88.95,0.4129,0.1589,23.51,16.4,16.4,16.4,Petco Park,91,,,,No,No,8,Yes,Yes,RotoWire projected lineup; MLB probable pitchers,lineup projected / unconfirmed,H:2026/2025 P:2026/2025,,,Direct BvP not yet weighted; 2026/2025 Statcast baseline active,7,7,25,2,Hot streak: 2 HR in last 7 games,"switch hitter; pitcher baseline 8.5% barrel, 16.4 HR allowed",neutral batted-ball profile; pitcher fly-ball pressure modest,,
701785,Kaelen Culpepper,MIN,SD,2026-08-23T20:10:00Z,Scheduled,9,Walker Buehler,621111,R,R,6.9,0.166,90.9,98.9183,0.432,0.172,0.327,73.9,36.2,50.0,23.3,40.0,2.0,8.52,38.57,88.95,0.4129,0.1589,23.51,16.4,16.4,16.4,Petco Park,91,,,,No,No,9,Yes,Yes,RotoWire projected lineup; MLB probable pitchers,lineup projected / unconfirmed,H:2026 P:2026/2025,,,Direct BvP not yet weighted; 2026/2025 Statcast baseline active,7,9,25,1,Contact streak: 9/25 over last 7 games,"same-side matchup; pitcher baseline 8.5% barrel, 16.4 HR allowed",neutral batted-ball profile; pitcher fly-ball pressure modest,,
665487,Fernando Tatis,SD,MIN,2026-08-23T20:10:00Z,Scheduled,1,Bailey Ober,641927,R,R,11.7,0.1605,92.95,104.4046,0.4803,0.1939,0.3714,75.58,58.12,34.8,22.22,53.06,18.0,10.34,36.58,88.9,0.4655,0.2119,31.69,20.9,20.9,20.9,Petco Park,91,,,,No,No,1,Yes,Yes,RotoWire projected lineup; MLB probable pitchers,lineup projected / unconfirmed,H:2026/2025 P:2026/2025,,,Direct BvP not yet weighted; 2026/2025 Statcast baseline active,7,10,27,2,Hot streak: 2 HR in last 7 games,"same-side matchup; pitcher baseline 10.3% barrel, 20.9 HR allowed",EV profile; pitcher allows elevated contact,,
630105,Jake Cronenworth,SD,MIN,2026-08-23T20:10:00Z,Scheduled,2,Bailey Ober,641927,R,L,4.38,0.0953,87.52,97.9075,0.3257,0.1014,0.2959,71.39,18.09,32.59,22.79,32.91,6.1,10.34,36.58,88.9,0.4655,0.2119,31.69,20.9,20.9,20.9,Petco Park,91,,,,No,No,2,Yes,Yes,RotoWire projected lineup; MLB probable pitchers,lineup projected / unconfirmed,H:2026/2025 P:2026/2025,,,Direct BvP not yet weighted; 2026/2025 Statcast baseline active,7,7,25,1,"Last 7 games: 7/25, 1 HR","platoon edge; pitcher baseline 10.3% barrel, 20.9 HR allowed",neutral batted-ball profile; pitcher allows elevated contact,,
592518,Manny Machado,SD,MIN,2026-08-23T20:10:00Z,Scheduled,3,Bailey Ober,641927,R,R,10.66,0.192,91.43,101.9932,0.4481,0.1946,0.3382,74.71,44.58,40.43,27.87,46.95,24.9,10.34,36.58,88.9,0.4655,0.2119,31.69,20.9,20.9,20.9,Petco Park,91,,,,No,No,3,Yes,Yes,RotoWire projected lineup; MLB probable pitchers,lineup projected / unconfirmed,H:2026/2025 P:2026/2025,,,Direct BvP not yet weighted; 2026/2025 Statcast baseline active,7,6,25,1,"Last 7 games: 6/25, 1 HR","same-side matchup; pitcher baseline 10.3% barrel, 20.9 HR allowed",neutral batted-ball profile; pitcher allows elevated contact,,
664034,Ty France,SD,MIN,2026-08-23T20:10:00Z,Scheduled,4,Bailey Ober,641927,R,R,9.45,0.1891,91.39,101.2256,0.4341,0.18,0.3301,71.77,18.97,36.08,25.39,47.56,14.7,10.34,36.58,88.9,0.4655,0.2119,31.69,20.9,20.9,20.9,Petco Park,91,,,,No,No,4,Yes,Yes,RotoWire projected lineup; MLB probable pitchers,lineup projected / unconfirmed,H:2026/2025 P:2026/2025,,,Direct BvP not yet weighted; 2026/2025 Statcast baseline active,7,5,23,1,"Last 7 games: 5/23, 1 HR","same-side matchup; pitcher baseline 10.3% barrel, 20.9 HR allowed",neutral batted-ball profile; pitcher allows elevated contact,,
701538,Jackson Merrill,SD,MIN,2026-08-23T20:10:00Z,Scheduled,5,Bailey Ober,641927,R,L,11.81,0.1776,90.4,100.7175,0.4718,0.213,0.3358,72.88,26.91,37.91,29.92,45.84,18.8,10.34,36.58,88.9,0.4655,0.2119,31.69,20.9,20.9,20.9,Petco Park,91,,,,No,No,5,Yes,Yes,RotoWire projected lineup; MLB probable pitchers,lineup projected / unconfirmed,H:2026/2025 P:2026/2025,,,Direct BvP not yet weighted; 2026/2025 Statcast baseline active,7,4,25,1,"Last 7 games: 4/25, 1 HR","platoon edge; pitcher baseline 10.3% barrel, 20.9 HR allowed",neutral batted-ball profile; pitcher allows elevated contact,,
669134,Luis Campusano,SD,MIN,2026-08-23T20:10:00Z,Scheduled,6,Bailey Ober,641927,R,R,6.93,0.1344,88.29,98.9623,0.3165,0.1148,0.3067,72.75,27.33,46.84,18.75,39.17,3.5,10.34,36.58,88.9,0.4655,0.2119,31.69,20.9,20.9,20.9,Petco Park,91,,,,No,No,6,Yes,Yes,RotoWire projected lineup; MLB probable pitchers,lineup projected / unconfirmed,H:2026/2025 P:2026/2025,,,Direct BvP not yet weighted; 2026/2025 Statcast baseline active,7,7,20,1,Contact streak: 7/20 over last 7 games,"same-side matchup; pitcher baseline 10.3% barrel, 20.9 HR allowed",neutral batted-ball profile; pitcher allows elevated contact,,
657757,Gavin Sheets,SD,MIN,2026-08-23T20:10:00Z,Scheduled,7,Bailey Ober,641927,R,L,7.92,0.1805,88.22,99.6607,0.4026,0.1627,0.3239,74.52,47.74,39.61,23.14,41.39,16.9,10.34,36.58,88.9,0.4655,0.2119,31.69,20.9,20.9,20.9,Petco Park,91,,,,No,No,7,Yes,Yes,RotoWire projected lineup; MLB probable pitchers,lineup projected / unconfirmed,H:2026/2025 P:2026/2025,,,Direct BvP not yet weighted; 2026/2025 Statcast baseline active,7,4,17,1,"Last 7 games: 4/17, 1 HR","platoon edge; pitcher baseline 10.3% barrel, 20.9 HR allowed",neutral batted-ball profile; pitcher allows elevated contact,,
593428,Xander Bogaerts,SD,MIN,2026-08-23T20:10:00Z,Scheduled,8,Bailey Ober,641927,R,R,6.41,0.1126,88.93,100.0209,0.3857,0.1341,0.3235,72.38,28.15,44.22,23.13,40.32,11.0,10.34,36.58,88.9,0.4655,0.2119,31.69,20.9,20.9,20.9,Petco Park,91,,,,No,No,8,Yes,Yes,RotoWire projected lineup; MLB probable pitchers,lineup projected / unconfirmed,H:2026/2025 P:2026/2025,,,Direct BvP not yet weighted; 2026/2025 Statcast baseline active,7,3,22,0,"Last 7 games: 3/22, 0 HR","same-side matchup; pitcher baseline 10.3% barrel, 20.9 HR allowed",neutral batted-ball profile; pitcher allows elevated contact,,
650859,Luis Rengifo,SD,MIN,2026-08-23T20:10:00Z,Scheduled,9,Bailey Ober,641927,R,S,4.51,0.0837,87.45,97.7452,0.3561,0.0996,0.3055,70.76,14.09,36.9,17.87,33.33,5.5,10.34,36.58,88.9,0.4655,0.2119,31.69,20.9,20.9,20.9,Petco Park,91,,,,No,No,9,Yes,Yes,RotoWire projected lineup; MLB probable pitchers,lineup projected / unconfirmed,H:2026/2025 P:2026/2025,,,Direct BvP not yet weighted; 2026/2025 Statcast baseline active,7,7,26,1,"Last 7 games: 7/26, 1 HR","switch hitter; pitcher baseline 10.3% barrel, 20.9 HR allowed",neutral batted-ball profile; pitcher allows elevated contact,,
682829,Elly De La Cruz,CIN,AZ,2026-08-23T20:15:00Z,Scheduled,1,Mitch Bratt,683352,L,S,12.89,0.2012,92.96,104.0561,0.459,0.194,0.3493,75.38,53.77,34.54,25.24,49.17,21.3,8.1,35.1,87.4,0.365,0.147,33.3,5.0,5.0,5.0,Chase Field,101,,,,No,No,1,Yes,Yes,RotoWire projected lineup; MLB probable pitchers,lineup projected / unconfirmed,H:2026/2025 P:2026,,,Direct BvP not yet weighted; 2026/2025 Statcast baseline active,7,8,29,1,"Last 7 games: 8/29, 1 HR","switch hitter; pitcher baseline 8.1% barrel, 5.0 HR allowed",EV profile; pitcher allows elevated contact,,
701398,Sal Stewart,CIN,AZ,2026-08-23T20:15:00Z,Scheduled,2,Mitch Bratt,683352,L,R,14.47,0.2347,91.69,101.381,0.5208,0.254,0.3646,72.24,27.0,39.27,32.37,42.77,20.4,8.1,35.1,87.4,0.365,0.147,33.3,5.0,5.0,5.0,Chase Field,101,,,,No,No,2,Yes,Yes,RotoWire projected lineup; MLB probable pitchers,lineup projected / unconfirmed,H:2026/2025 P:2026,,,Direct BvP not yet weighted; 2026/2025 Statcast baseline active,7,9,29,1,"Last 7 games: 9/29, 1 HR","platoon edge; pitcher baseline 8.1% barrel, 5.0 HR allowed",neutral batted-ball profile; pitcher allows elevated contact,,
667472,Dane Myers,CIN,AZ,2026-08-23T20:15:00Z,Scheduled,3,Mitch Bratt,683352,L,R,6.05,0.1022,89.93,99.2422,0.372,0.1344,0.3117,71.25,19.17,26.04,25.03,37.73,5.3,8.1,35.1,87.4,0.365,0.147,33.3,5.0,5.0,5.0,Chase Field,101,,,,No,No,3,Yes,Yes,RotoWire projected lineup; MLB probable pitchers,lineup projected / unconfirmed,H:2026/2025 P:2026,,,Direct BvP not yet weighted; 2026/2025 Statcast baseline active,7,6,23,2,Hot streak: 2 HR in last 7 games,"platoon edge; pitcher baseline 8.1% barrel, 5.0 HR allowed",neutral batted-ball profile; pitcher allows elevated contact,,
553993,Eugenio Suarez,CIN,AZ,2026-08-23T20:15:00Z,Scheduled,4,Mitch Bratt,683352,L,R,12.13,0.2315,89.15,100.1919,0.3769,0.1806,0.292,71.95,21.39,48.38,34.53,39.48,27.3,8.1,35.1,87.4,0.365,0.147,33.3,5.0,5.0,5.0,Chase Field,101,,,,No,No,4,Yes,Yes,RotoWire projected lineup; MLB probable pitchers,lineup projected / unconfirmed,H:2026/2025 P:2026,,,Direct BvP not yet weighted; 2026/2025 Statcast baseline active,7,4,19,0,"Last 7 games: 4/19, 0 HR","platoon edge; pitcher baseline 8.1% barrel, 5.0 HR allowed",neutral batted-ball profile; pitcher allows elevated contact,,
663886,Tyler Stephenson,CIN,AZ,2026-08-23T20:15:00Z,Scheduled,5,Mitch Bratt,683352,L,R,13.24,0.1739,90.99,100.5241,0.4431,0.2054,0.3319,70.52,7.21,36.17,33.29,46.82,12.3,8.1,35.1,87.4,0.365,0.147,33.3,5.0,5.0,5.0,Chase Field,101,,,,No,No,5,Yes,Yes,RotoWire projected lineup; MLB probable pitchers,lineup projected / unconfirmed,H:2026/2025 P:2026,,,Direct BvP not yet weighted; 2026/2025 Statcast baseline active,7,3,20,1,"Last 7 games: 3/20, 1 HR","platoon edge; pitcher baseline 8.1% barrel, 5.0 HR allowed",neutral batted-ball profile; pitcher allows elevated contact,,
680574,Matt McLain,CIN,AZ,2026-08-23T20:15:00Z,Scheduled,6,Mitch Bratt,683352,L,R,9.76,0.1517,88.24,99.1002,0.3883,0.1616,0.3124,71.0,10.03,35.64,32.73,38.6,13.6,8.1,35.1,87.4,0.365,0.147,33.3,5.0,5.0,5.0,Chase Field,101,,,,No,No,6,Yes,Yes,RotoWire projected lineup; MLB probable pitchers,lineup projected / unconfirmed,H:2026/2025 P:2026,,,Direct BvP not yet weighted; 2026/2025 Statcast baseline active,7,6,24,2,Hot streak: 2 HR in last 7 games,"platoon edge; pitcher baseline 8.1% barrel, 5.0 HR allowed",neutral batted-ball profile; pitcher allows elevated contact,,
668709,JJ Bleday,CIN,AZ,2026-08-23T20:15:00Z,Scheduled,7,Mitch Bratt,683352,L,L,9.41,0.2151,88.77,99.9865,0.4094,0.1809,0.3271,73.14,28.49,46.09,33.76,40.59,18.9,8.1,35.1,87.4,0.365,0.147,33.3,5.0,5.0,5.0,Chase Field,101,,,,No,No,7,Yes,Yes,RotoWire projected lineup; MLB probable pitchers,lineup projected / unconfirmed,H:2026/2025 P:2026,,,Direct BvP not yet weighted; 2026/2025 Statcast baseline active,7,8,25,1,Contact streak: 8/25 over last 7 games,"same-side matchup; pitcher baseline 8.1% barrel, 5.0 HR allowed",neutral batted-ball profile; pitcher allows elevated contact,,
669911,Michael Toglia,CIN,AZ,2026-08-23T20:15:00Z,Scheduled,8,Mitch Bratt,683352,L,S,3.12,0.1028,91.09,99.4181,0.281,0.0939,0.2367,73.96,44.37,38.13,38.55,52.93,3.3,8.1,35.1,87.4,0.365,0.147,33.3,5.0,5.0,5.0,Chase Field,101,,,,No,No,8,Yes,Yes,RotoWire projected lineup; MLB probable pitchers,lineup projected / unconfirmed,H:2026/2025 P:2026,,,Direct BvP not yet weighted; 2026/2025 Statcast baseline active,7,1,19,0,"Last 7 games: 1/19, 0 HR","switch hitter; pitcher baseline 8.1% barrel, 5.0 HR allowed",fly-ball profile; pitcher allows elevated contact,,
663647,Ke'Bryan Hayes,CIN,AZ,2026-08-23T20:15:00Z,Scheduled,9,Mitch Bratt,683352,L,R,7.05,0.0906,90.14,99.7468,0.3812,0.1376,0.2967,70.96,8.13,30.39,27.15,40.4,5.0,8.1,35.1,87.4,0.365,0.147,33.3,5.0,5.0,5.0,Chase Field,101,,,,No,No,9,Yes,Yes,RotoWire projected lineup; MLB probable pitchers,lineup projected / unconfirmed,H:2026/2025 P:2026,,,Direct BvP not yet weighted; 2026/2025 Statcast baseline active,7,3,15,0,"Last 7 games: 3/15, 0 HR","platoon edge; pitcher baseline 8.1% barrel, 5.0 HR allowed",neutral batted-ball profile; pitcher allows elevated contact,,
660670,Ronald Acuna,ATL,MIL,2026-08-23T23:10:00Z,Scheduled,1,Shane Drohan,675660,L,R,13.53,0.1937,90.74,102.7334,0.4902,0.2363,0.3697,76.05,62.81,36.09,28.44,47.32,15.4,8.5,38.1,88.1,0.367,0.136,29.0,9.0,9.0,9.0,Journey Bank Ballpark,100,,,,No,No,1,Yes,Yes,RotoWire projected lineup; MLB probable pitchers,lineup projected / unconfirmed,H:2026/2025 P:2026,,,Direct BvP not yet weighted; 2026/2025 Statcast baseline active,7,3,29,0,"Last 7 games: 3/29, 0 HR","platoon edge; pitcher baseline 8.5% barrel, 9.0 HR allowed",neutral batted-ball profile; pitcher fly-ball pressure modest,,
686948,Drake Baldwin,ATL,MIL,2026-08-23T23:10:00Z,Scheduled,2,Shane Drohan,675660,L,L,12.47,0.181,91.7,102.3923,0.4933,0.2164,0.367,75.23,55.25,32.64,24.69,51.28,20.4,8.5,38.1,88.1,0.367,0.136,29.0,9.0,9.0,9.0,Journey Bank Ballpark,100,,,,No,No,2,Yes,Yes,RotoWire projected lineup; MLB probable pitchers,lineup projected / unconfirmed,H:2026/2025 P:2026,,,Direct BvP not yet weighted; 2026/2025 Statcast baseline active,7,5,27,1,"Last 7 games: 5/27, 1 HR","same-side matchup; pitcher baseline 8.5% barrel, 9.0 HR allowed",neutral batted-ball profile; pitcher fly-ball pressure modest,,
621566,Matt Olson,ATL,MIL,2026-08-23T23:10:00Z,Scheduled,3,Shane Drohan,675660,L,L,15.31,0.2575,92.88,103.8568,0.513,0.2636,0.3621,74.6,47.89,38.0,33.2,51.06,33.9,8.5,38.1,88.1,0.367,0.136,29.0,9.0,9.0,9.0,Journey Bank Ballpark,100,,,,No,No,3,Yes,Yes,RotoWire projected lineup; MLB probable pitchers,lineup projected / unconfirmed,H:2026/2025 P:2026,,,Direct BvP not yet weighted; 2026/2025 Statcast baseline active,7,5,25,1,"Last 7 games: 5/25, 1 HR","same-side matchup; pitcher baseline 8.5% barrel, 9.0 HR allowed",lift-pull EV profile; pitcher fly-ball pressure modest,,
645277,Ozzie Albies,ATL,MIL,2026-08-23T23:10:00Z,Scheduled,4,Shane Drohan,675660,L,S,4.41,0.1544,87.08,96.6749,0.359,0.1258,0.2885,68.86,5.88,46.42,32.32,28.81,18.8,8.5,38.1,88.1,0.367,0.136,29.0,9.0,9.0,9.0,Journey Bank Ballpark,100,,,,No,No,4,Yes,Yes,RotoWire projected lineup; MLB probable pitchers,lineup projected / unconfirmed,H:2026/2025 P:2026,,,Direct BvP not yet weighted; 2026/2025 Statcast baseline active,7,6,25,0,"Last 7 games: 6/25, 0 HR","switch hitter; pitcher baseline 8.5% barrel, 9.0 HR allowed",neutral batted-ball profile; pitcher fly-ball pressure modest,,
657041,Lane Thomas,ATL,MIL,2026-08-23T23:10:00Z,Scheduled,5,Shane Drohan,675660,L,R,6.2,0.1498,89.13,99.6348,0.342,0.1236,0.2934,72.56,23.89,42.19,25.02,38.86,8.9,8.5,38.1,88.1,0.367,0.136,29.0,9.0,9.0,9.0,Journey Bank Ballpark,100,,,,No,No,5,Yes,Yes,RotoWire projected lineup; MLB probable pitchers,lineup projected / unconfirmed,H:2026/2025 P:2026,,,Direct BvP not yet weighted; 2026/2025 Statcast baseline active,7,3,13,1,"Last 7 games: 3/13, 1 HR","platoon edge; pitcher baseline 8.5% barrel, 9.0 HR allowed",neutral batted-ball profile; pitcher fly-ball pressure modest,,
671739,Michael Harris,ATL,MIL,2026-08-23T23:10:00Z,Scheduled,6,Shane Drohan,675660,L,L,10.36,0.1845,90.55,103.3725,0.4674,0.183,0.336,74.79,47.61,36.29,21.93,47.25,20.0,8.5,38.1,88.1,0.367,0.136,29.0,9.0,9.0,9.0,Journey Bank Ballpark,100,,,,No,No,6,Yes,Yes,RotoWire projected lineup; MLB probable pitchers,lineup projected / unconfirmed,H:2026/2025 P:2026,,,Direct BvP not yet weighted; 2026/2025 Statcast baseline active,7,11,28,0,Contact streak: 11/28 over last 7 games,"same-side matchup; pitcher baseline 8.5% barrel, 9.0 HR allowed",neutral batted-ball profile; pitcher fly-ball pressure modest,,
643289,Mauricio Dubon,ATL,MIL,2026-08-23T23:10:00Z,Scheduled,7,Shane Drohan,675660,L,R,3.16,0.121,86.25,96.4034,0.3653,0.1029,0.2983,68.73,3.61,32.1,25.16,29.45,9.1,8.5,38.1,88.1,0.367,0.136,29.0,9.0,9.0,9.0,Journey Bank Ballpark,100,,,,No,No,7,Yes,Yes,RotoWire projected lineup; MLB probable pitchers,lineup projected / unconfirmed,H:2026/2025 P:2026,,,Direct BvP not yet weighted; 2026/2025 Statcast baseline active,7,8,24,0,Contact streak: 8/24 over last 7 games,"platoon edge; pitcher baseline 8.5% barrel, 9.0 HR allowed",neutral batted-ball profile; pitcher fly-ball pressure modest,,
663586,Austin Riley,ATL,MIL,2026-08-23T23:10:00Z,Scheduled,8,Shane Drohan,675660,L,R,13.1,0.1512,91.67,102.9742,0.4181,0.1963,0.3083,75.76,58.8,39.73,31.29,47.05,15.3,8.5,38.1,88.1,0.367,0.136,29.0,9.0,9.0,9.0,Journey Bank Ballpark,100,,,,No,No,8,Yes,Yes,RotoWire projected lineup; MLB probable pitchers,lineup projected / unconfirmed,H:2026/2025 P:2026,,,Direct BvP not yet weighted; 2026/2025 Statcast baseline active,7,5,26,0,"Last 7 games: 5/26, 0 HR","platoon edge; pitcher baseline 8.5% barrel, 9.0 HR allowed",neutral batted-ball profile; pitcher fly-ball pressure modest,,
669221,Sean Murphy,ATL,MIL,2026-08-23T23:10:00Z,Scheduled,9,Shane Drohan,675660,L,R,4.02,0.0812,85.39,99.1644,0.2568,0.0845,0.202,71.41,23.57,48.07,24.25,34.21,4.8,8.5,38.1,88.1,0.367,0.136,29.0,9.0,9.0,9.0,Journey Bank Ballpark,100,,,,No,No,9,Yes,Yes,RotoWire projected lineup; MLB probable pitchers,lineup projected / unconfirmed,H:2026/2025 P:2026,,,Direct BvP not yet weighted; 2026/2025 Statcast baseline active,7,4,24,0,"Last 7 games: 4/24, 0 HR","platoon edge; pitcher baseline 8.5% barrel, 9.0 HR allowed",neutral batted-ball profile; pitcher fly-ball pressure modest,,
668930,Brice Turang,MIL,ATL,2026-08-23T23:10:00Z,Scheduled,1,Tyler Mahle,641816,R,L,7.79,0.1659,90.61,100.4233,0.4297,0.1719,0.3399,70.18,13.27,27.51,24.13,43.69,16.6,7.65,37.59,89.55,0.4074,0.1579,28.59,12.7,12.7,12.7,Journey Bank Ballpark,100,,,,No,No,1,Yes,Yes,RotoWire projected lineup; MLB probable pitchers,lineup projected / unconfirmed,H:2026/2025 P:2026/2025,,,Direct BvP not yet weighted; 2026/2025 Statcast baseline active,7,4,29,0,"Last 7 games: 4/29, 0 HR","platoon edge; pitcher baseline 7.7% barrel, 12.7 HR allowed",neutral batted-ball profile; pitcher fly-ball pressure modest,,
694192,Jackson Chourio,MIL,ATL,2026-08-23T23:10:00Z,Scheduled,2,Tyler Mahle,641816,R,R,12.15,0.1881,91.12,101.9311,0.4603,0.2063,0.3308,74.25,43.61,30.45,28.36,45.59,18.2,7.65,37.59,89.55,0.4074,0.1579,28.59,12.7,12.7,12.7,Journey Bank Ballpark,100,,,,No,No,2,Yes,Yes,RotoWire projected lineup; MLB probable pitchers,lineup projected / unconfirmed,H:2026/2025 P:2026/2025,,,Direct BvP not yet weighted; 2026/2025 Statcast baseline active,7,9,27,0,Contact streak: 9/27 over last 7 games,"same-side matchup; pitcher baseline 7.7% barrel, 12.7 HR allowed",neutral batted-ball profile; pitcher fly-ball pressure modest,,
641343,Jake Bauers,MIL,ATL,2026-08-23T23:10:00Z,Scheduled,3,Tyler Mahle,641816,R,L,14.05,0.2123,92.26,103.1278,0.4752,0.2237,0.3666,76.57,70.0,40.13,30.61,50.85,18.2,7.65,37.59,89.55,0.4074,0.1579,28.59,12.7,12.7,12.7,Journey Bank Ballpark,100,,,,No,No,3,Yes,Yes,RotoWire projected lineup; MLB probable pitchers,lineup projected / unconfirmed,H:2026/2025 P:2026/2025,,,Direct BvP not yet weighted; 2026/2025 Statcast baseline active,7,8,23,2,Hot streak: 2 HR in last 7 games,"platoon edge; pitcher baseline 7.7% barrel, 12.7 HR allowed",lift-pull EV profile; pitcher fly-ball pressure modest,,
661388,William Contreras,MIL,ATL,2026-08-23T23:10:00Z,Scheduled,4,Tyler Mahle,641816,R,R,7.45,0.1285,90.47,101.6343,0.4259,0.1674,0.3336,73.34,35.46,36.32,24.08,45.28,13.5,7.65,37.59,89.55,0.4074,0.1579,28.59,12.7,12.7,12.7,Journey Bank Ballpark,100,,,,No,No,4,Yes,Yes,RotoWire projected lineup; MLB probable pitchers,lineup projected / unconfirmed,H:2026/2025 P:2026/2025,,,Direct BvP not yet weighted; 2026/2025 Statcast baseline active,7,11,27,1,Contact streak: 11/27 over last 7 games,"same-side matchup; pitcher baseline 7.7% barrel, 12.7 HR allowed",neutral batted-ball profile; pitcher fly-ball pressure modest,,
592885,Christian Yelich,MIL,ATL,2026-08-23T23:10:00Z,Scheduled,5,Tyler Mahle,641816,R,L,10.23,0.1551,89.36,101.0352,0.4033,0.1681,0.3167,73.09,31.76,33.75,19.16,44.51,15.0,7.65,37.59,89.55,0.4074,0.1579,28.59,12.7,12.7,12.7,Journey Bank Ballpark,100,,,,No,No,5,Yes,Yes,RotoWire projected lineup; MLB probable pitchers,lineup projected / unconfirmed,H:2026/2025 P:2026/2025,,,Direct BvP not yet weighted; 2026/2025 Statcast baseline active,7,5,27,1,"Last 7 games: 5/27, 1 HR","platoon edge; pitcher baseline 7.7% barrel, 12.7 HR allowed",neutral batted-ball profile; pitcher fly-ball pressure modest,,
683734,Andrew Vaughn,MIL,ATL,2026-08-23T23:10:00Z,Scheduled,6,Tyler Mahle,641816,R,R,7.52,0.1521,90.41,100.2225,0.4202,0.1479,0.3448,70.6,13.78,36.03,24.27,44.48,7.7,7.65,37.59,89.55,0.4074,0.1579,28.59,12.7,12.7,12.7,Journey Bank Ballpark,100,,,,No,No,6,Yes,Yes,RotoWire projected lineup; MLB probable pitchers,lineup projected / unconfirmed,H:2026/2025 P:2026/2025,,,Direct BvP not yet weighted; 2026/2025 Statcast baseline active,7,7,20,0,Contact streak: 7/20 over last 7 games,"same-side matchup; pitcher baseline 7.7% barrel, 12.7 HR allowed",neutral batted-ball profile; pitcher fly-ball pressure modest,,
669003,Garrett Mitchell,MIL,ATL,2026-08-23T23:10:00Z,Scheduled,7,Tyler Mahle,641816,R,L,10.9,0.1384,92.15,103.6934,0.4117,0.1631,0.3307,77.08,76.6,33.44,17.83,48.85,6.3,7.65,37.59,89.55,0.4074,0.1579,28.59,12.7,12.7,12.7,Journey Bank Ballpark,100,,,,No,No,7,Yes,Yes,RotoWire projected lineup; MLB probable pitchers,lineup projected / unconfirmed,H:2026/2025 P:2026/2025,,,Direct BvP not yet weighted; 2026/2025 Statcast baseline active,7,9,20,1,Contact streak: 9/20 over last 7 games,"platoon edge; pitcher baseline 7.7% barrel, 12.7 HR allowed",EV profile; pitcher fly-ball pressure modest,,
666152,David Hamilton,MIL,ATL,2026-08-23T23:10:00Z,Scheduled,8,Tyler Mahle,641816,R,L,4.46,0.1084,86.6,96.7854,0.305,0.0953,0.267,69.73,6.87,34.27,25.53,27.8,4.6,7.65,37.59,89.55,0.4074,0.1579,28.59,12.7,12.7,12.7,Journey Bank Ballpark,100,,,,No,No,8,Yes,Yes,RotoWire projected lineup; MLB probable pitchers,lineup projected / unconfirmed,H:2026/2025 P:2026/2025,,,Direct BvP not yet weighted; 2026/2025 Statcast baseline active,7,7,21,1,Contact streak: 7/21 over last 7 games,"platoon edge; pitcher baseline 7.7% barrel, 12.7 HR allowed",neutral batted-ball profile; pitcher fly-ball pressure modest,,
806198,Cooper Pratt,MIL,ATL,2026-08-23T23:10:00Z,Scheduled,9,Tyler Mahle,641816,R,R,3.5,0.09,87.3,96.994,0.349,0.094,0.311,70.2,8.3,32.8,23.3,30.2,2.0,7.65,37.59,89.55,0.4074,0.1579,28.59,12.7,12.7,12.7,Journey Bank Ballpark,100,,,,No,No,9,Yes,Yes,RotoWire projected lineup; MLB probable pitchers,lineup projected / unconfirmed,H:2026 P:2026/2025,,,Direct BvP not yet weighted; 2026/2025 Statcast baseline active,7,1,22,0,"Last 7 games: 1/22, 0 HR","same-side matchup; pitcher baseline 7.7% barrel, 12.7 HR allowed",neutral batted-ball profile; pitcher fly-ball pressure modest,,
