hitter_id,player,team,opponent,game_start_time,game_status,batting_order,pitcher,pitcher_id,pitcher_hand,hitter_hand,barrel_pct,iso,avg_exit_velocity,ev50,xslg,xiso,xwoba,bat_speed,fast_swing_pct,pull_pct,fb_pct,hard_hit_pct,hr_total,pitcher_barrel_pct_allowed,pitcher_hard_hit_pct_allowed,pitcher_avg_exit_velocity_allowed,pitcher_xslg_allowed,pitcher_xiso_allowed,pitcher_fb_pct_allowed,pitcher_hr_allowed,pitcher_hr_allowed_vs_lhh,pitcher_hr_allowed_vs_rhh,ballpark,park_hr_factor,weather_temp,wind_speed,wind_direction,confirmed_lineup,rotowire_confirmed_lineup,rotowire_batting_order,rotowire_player_found,lineup_disagreement,lineup_sources_used,source_warnings,stat_years_used,bvp_pa,bvp_hr,bvp_note,recent_games,recent_hits,recent_abs,recent_hr,recent_form_note,split_matchup_note,pitch_mix_note,public_attention,odds
682818,Yohendrick Piñango,TOR,WSH,2026-07-29T17:05:00Z,In Progress,1,Zack Littell,641793,R,L,8.3,0.14,90.8,101.8249,0.402,0.139,0.312,75.7,57.8,28.1,22.3,45.5,5.0,10.74,43.7,91.25,0.507,0.2285,32.21,28.3,28.3,28.3,Nationals Park,101,81,4,In From LF,Yes,Yes,1,Yes,No,MLB Stats API; RotoWire,,H:2026 P:2026/2025,,,Direct BvP not yet weighted; 2026/2025 Statcast baseline active,7,4,19,0,"Last 7 games: 4/19, 0 HR","platoon edge; pitcher baseline 10.7% barrel, 28.3 HR allowed",neutral batted-ball profile; pitcher allows elevated contact,,
664702,Myles Straw,TOR,WSH,2026-07-29T17:05:00Z,In Progress,2,Zack Littell,641793,R,R,3.97,0.0973,86.43,95.9437,0.3643,0.1032,0.2992,68.29,4.82,36.29,26.97,25.84,3.3,10.74,43.7,91.25,0.507,0.2285,32.21,28.3,28.3,28.3,Nationals Park,101,81,4,In From LF,Yes,,,No,Yes,MLB Stats API; RotoWire,not found on RotoWire,H:2026/2025 P:2026/2025,,,Direct BvP not yet weighted; 2026/2025 Statcast baseline active,7,2,13,0,"Last 7 games: 2/13, 0 HR","same-side matchup; pitcher baseline 10.7% barrel, 28.3 HR allowed",neutral batted-ball profile; pitcher allows elevated contact,,
664770,Nathan Lukes,TOR,WSH,2026-07-29T17:05:00Z,In Progress,3,Zack Littell,641793,R,L,2.14,0.1233,86.85,96.8417,0.3521,0.0938,0.2968,67.44,4.07,32.82,20.6,30.98,7.1,10.74,43.7,91.25,0.507,0.2285,32.21,28.3,28.3,28.3,Nationals Park,101,81,4,In From LF,Yes,Yes,2,Yes,Yes,MLB Stats API; RotoWire,order MLB 3 vs RotoWire 2,H:2026/2025 P:2026/2025,,,Direct BvP not yet weighted; 2026/2025 Statcast baseline active,7,5,21,0,"Last 7 games: 5/21, 0 HR","platoon edge; pitcher baseline 10.7% barrel, 28.3 HR allowed",neutral batted-ball profile; pitcher allows elevated contact,,
672960,Kazuma Okamoto,TOR,WSH,2026-07-29T17:05:00Z,In Progress,4,Zack Littell,641793,R,R,14.0,0.223,90.9,102.063,0.428,0.218,0.315,73.3,36.4,50.8,33.2,46.4,24.0,10.74,43.7,91.25,0.507,0.2285,32.21,28.3,28.3,28.3,Nationals Park,101,81,4,In From LF,Yes,Yes,3,Yes,Yes,MLB Stats API; RotoWire,order MLB 4 vs RotoWire 3,H:2026 P:2026/2025,,,Direct BvP not yet weighted; 2026/2025 Statcast baseline active,7,8,28,2,Hot streak: 2 HR in last 7 games,"same-side matchup; pitcher baseline 10.7% barrel, 28.3 HR allowed",neutral batted-ball profile; pitcher allows elevated contact,,
543807,George Springer,TOR,WSH,2026-07-29T17:05:00Z,In Progress,5,Zack Littell,641793,R,R,10.46,0.195,89.02,100.3368,0.4422,0.1911,0.3396,73.21,34.81,42.56,27.07,42.21,18.0,10.74,43.7,91.25,0.507,0.2285,32.21,28.3,28.3,28.3,Nationals Park,101,81,4,In From LF,Yes,Yes,4,Yes,Yes,MLB Stats API; RotoWire,order MLB 5 vs RotoWire 4,H:2026/2025 P:2026/2025,,,Direct BvP not yet weighted; 2026/2025 Statcast baseline active,7,9,27,2,Hot streak: 2 HR in last 7 games,"same-side matchup; pitcher baseline 10.7% barrel, 28.3 HR allowed",neutral batted-ball profile; pitcher allows elevated contact,,
672386,Alejandro Kirk,TOR,WSH,2026-07-29T17:05:00Z,In Progress,6,Zack Littell,641793,R,R,5.13,0.1201,88.72,100.4962,0.389,0.1344,0.3149,71.59,18.66,27.33,23.02,42.54,6.6,10.74,43.7,91.25,0.507,0.2285,32.21,28.3,28.3,28.3,Nationals Park,101,81,4,In From LF,Yes,Yes,5,Yes,Yes,MLB Stats API; RotoWire,order MLB 6 vs RotoWire 5,H:2026/2025 P:2026/2025,,,Direct BvP not yet weighted; 2026/2025 Statcast baseline active,7,9,27,1,Contact streak: 9/27 over last 7 games,"same-side matchup; pitcher baseline 10.7% barrel, 28.3 HR allowed",neutral batted-ball profile; pitcher allows elevated contact,,
662139,Daulton Varsho,TOR,WSH,2026-07-29T17:05:00Z,In Progress,7,Zack Littell,641793,R,L,9.46,0.1868,87.31,99.4676,0.4051,0.1676,0.3046,73.71,36.25,41.71,28.96,37.85,10.9,10.74,43.7,91.25,0.507,0.2285,32.21,28.3,28.3,28.3,Nationals Park,101,81,4,In From LF,Yes,Yes,6,Yes,Yes,MLB Stats API; RotoWire,order MLB 7 vs RotoWire 6,H:2026/2025 P:2026/2025,,,Direct BvP not yet weighted; 2026/2025 Statcast baseline active,7,9,24,0,Contact streak: 9/24 over last 7 games,"platoon edge; pitcher baseline 10.7% barrel, 28.3 HR allowed",neutral batted-ball profile; pitcher allows elevated contact,,
676391,Ernie Clement,TOR,WSH,2026-07-29T17:05:00Z,In Progress,8,Zack Littell,641793,R,R,2.47,0.1259,85.55,95.0038,0.3457,0.0895,0.2778,67.53,2.68,43.25,28.53,23.41,8.3,10.74,43.7,91.25,0.507,0.2285,32.21,28.3,28.3,28.3,Nationals Park,101,81,4,In From LF,Yes,Yes,7,Yes,Yes,MLB Stats API; RotoWire,order MLB 8 vs RotoWire 7,H:2026/2025 P:2026/2025,,,Direct BvP not yet weighted; 2026/2025 Statcast baseline active,7,8,30,0,"Last 7 games: 8/30, 0 HR","same-side matchup; pitcher baseline 10.7% barrel, 28.3 HR allowed",neutral batted-ball profile; pitcher allows elevated contact,,
665926,Andrés Giménez,TOR,WSH,2026-07-29T17:05:00Z,In Progress,9,Zack Littell,641793,R,L,3.63,0.117,86.09,95.8786,0.3351,0.0964,0.28,68.39,4.58,38.17,22.74,24.69,7.0,10.74,43.7,91.25,0.507,0.2285,32.21,28.3,28.3,28.3,Nationals Park,101,81,4,In From LF,Yes,Yes,8,Yes,Yes,MLB Stats API; RotoWire,order MLB 9 vs RotoWire 8,H:2026/2025 P:2026/2025,,,Direct BvP not yet weighted; 2026/2025 Statcast baseline active,7,5,16,0,"Last 7 games: 5/16, 0 HR","platoon edge; pitcher baseline 10.7% barrel, 28.3 HR allowed",neutral batted-ball profile; pitcher allows elevated contact,,
695578,James Wood,WSH,TOR,2026-07-29T17:05:00Z,In Progress,1,Trey Yesavage,702056,R,L,20.18,0.2624,94.93,106.3718,0.5665,0.2953,0.4044,76.63,66.83,30.89,26.55,57.98,30.3,6.72,43.37,90.29,0.3389,0.1254,24.62,7.0,7.0,7.0,Nationals Park,101,81,4,In From LF,Yes,Yes,1,Yes,No,MLB Stats API; RotoWire,,H:2026/2025 P:2026/2025,,,Direct BvP not yet weighted; 2026/2025 Statcast baseline active,7,7,27,2,Hot streak: 2 HR in last 7 games,"platoon edge; pitcher baseline 6.7% barrel, 7.0 HR allowed",EV profile; pitcher fly-ball pressure modest,,
671277,Luis García Jr.,WSH,TOR,2026-07-29T17:05:00Z,In Progress,2,Trey Yesavage,702056,R,L,10.89,0.2363,91.04,101.6504,0.4945,0.2079,0.3495,73.38,35.77,41.01,21.63,45.52,20.2,6.72,43.37,90.29,0.3389,0.1254,24.62,7.0,7.0,7.0,Nationals Park,101,81,4,In From LF,Yes,Yes,2,Yes,No,MLB Stats API; RotoWire,,H:2026/2025 P:2026/2025,,,Direct BvP not yet weighted; 2026/2025 Statcast baseline active,7,8,28,2,Hot streak: 2 HR in last 7 games,"platoon edge; pitcher baseline 6.7% barrel, 7.0 HR allowed",neutral batted-ball profile; pitcher fly-ball pressure modest,,
691781,Brady House,WSH,TOR,2026-07-29T17:05:00Z,In Progress,3,Trey Yesavage,702056,R,R,8.85,0.1489,89.31,101.4998,0.4169,0.1609,0.312,73.17,29.06,33.45,26.28,44.55,6.1,6.72,43.37,90.29,0.3389,0.1254,24.62,7.0,7.0,7.0,Nationals Park,101,81,4,In From LF,Yes,Yes,3,Yes,No,MLB Stats API; RotoWire,,H:2026/2025 P:2026/2025,,,Direct BvP not yet weighted; 2026/2025 Statcast baseline active,7,8,24,1,Contact streak: 8/24 over last 7 games,"same-side matchup; pitcher baseline 6.7% barrel, 7.0 HR allowed",neutral batted-ball profile; pitcher fly-ball pressure modest,,
677588,José Tena,WSH,TOR,2026-07-29T17:05:00Z,In Progress,4,Trey Yesavage,702056,R,L,7.26,0.1435,91.02,102.2984,0.378,0.1329,0.3048,72.97,33.56,31.23,16.8,47.71,3.5,6.72,43.37,90.29,0.3389,0.1254,24.62,7.0,7.0,7.0,Nationals Park,101,81,4,In From LF,Yes,,,No,Yes,MLB Stats API; RotoWire,not found on RotoWire,H:2026/2025 P:2026/2025,,,Direct BvP not yet weighted; 2026/2025 Statcast baseline active,7,3,14,0,"Last 7 games: 3/14, 0 HR","platoon edge; pitcher baseline 6.7% barrel, 7.0 HR allowed",neutral batted-ball profile; pitcher fly-ball pressure modest,,
682928,CJ Abrams,WSH,TOR,2026-07-29T17:05:00Z,In Progress,5,Trey Yesavage,702056,R,L,10.19,0.2425,89.47,100.1414,0.4507,0.1938,0.3391,72.75,27.32,44.08,29.85,41.51,24.6,6.72,43.37,90.29,0.3389,0.1254,24.62,7.0,7.0,7.0,Nationals Park,101,81,4,In From LF,Yes,Yes,4,Yes,Yes,MLB Stats API; RotoWire,order MLB 5 vs RotoWire 4,H:2026/2025 P:2026/2025,,,Direct BvP not yet weighted; 2026/2025 Statcast baseline active,7,13,28,3,Hot streak: 3 HR in last 7 games,"platoon edge; pitcher baseline 6.7% barrel, 7.0 HR allowed",neutral batted-ball profile; pitcher fly-ball pressure modest,,
695670,Harry Ford,WSH,TOR,2026-07-29T17:05:00Z,In Progress,6,Trey Yesavage,702056,R,R,14.5,0.1652,80.67,96.0729,0.2794,0.1535,0.238,66.89,6.96,14.5,50.0,29.0,0.7,6.72,43.37,90.29,0.3389,0.1254,24.62,7.0,7.0,7.0,Nationals Park,101,81,4,In From LF,Yes,Yes,5,Yes,Yes,MLB Stats API; RotoWire,order MLB 6 vs RotoWire 5,H:2026/2025 P:2026/2025,,,Direct BvP not yet weighted; 2026/2025 Statcast baseline active,6,4,20,1,"Last 6 games: 4/20, 1 HR","same-side matchup; pitcher baseline 6.7% barrel, 7.0 HR allowed",fly-ball profile; pitcher fly-ball pressure modest,,
695734,Daylen Lile,WSH,TOR,2026-07-29T17:05:00Z,In Progress,7,Trey Yesavage,702056,R,L,7.09,0.171,88.34,98.6316,0.4217,0.1537,0.3235,70.32,6.7,40.66,31.99,36.95,10.4,6.72,43.37,90.29,0.3389,0.1254,24.62,7.0,7.0,7.0,Nationals Park,101,81,4,In From LF,Yes,Yes,6,Yes,Yes,MLB Stats API; RotoWire,order MLB 7 vs RotoWire 6,H:2026/2025 P:2026/2025,,,Direct BvP not yet weighted; 2026/2025 Statcast baseline active,7,5,23,0,"Last 7 games: 5/23, 0 HR","platoon edge; pitcher baseline 6.7% barrel, 7.0 HR allowed",neutral batted-ball profile; pitcher fly-ball pressure modest,,
696285,Jacob Young,WSH,TOR,2026-07-29T17:05:00Z,In Progress,8,Trey Yesavage,702056,R,R,5.26,0.1225,88.37,98.415,0.3801,0.1174,0.3117,69.07,2.16,34.86,22.95,34.83,6.9,6.72,43.37,90.29,0.3389,0.1254,24.62,7.0,7.0,7.0,Nationals Park,101,81,4,In From LF,Yes,Yes,7,Yes,Yes,MLB Stats API; RotoWire,order MLB 8 vs RotoWire 7,H:2026/2025 P:2026/2025,,,Direct BvP not yet weighted; 2026/2025 Statcast baseline active,7,5,16,0,"Last 7 games: 5/16, 0 HR","same-side matchup; pitcher baseline 6.7% barrel, 7.0 HR allowed",neutral batted-ball profile; pitcher fly-ball pressure modest,,
678391,Jorbit Vivas,WSH,TOR,2026-07-29T17:05:00Z,In Progress,9,Trey Yesavage,702056,R,L,3.93,0.096,84.08,95.8927,0.3275,0.0827,0.2996,69.53,3.61,43.07,21.46,29.29,2.4,6.72,43.37,90.29,0.3389,0.1254,24.62,7.0,7.0,7.0,Nationals Park,101,81,4,In From LF,Yes,Yes,8,Yes,Yes,MLB Stats API; RotoWire,order MLB 9 vs RotoWire 8,H:2026/2025 P:2026/2025,,,Direct BvP not yet weighted; 2026/2025 Statcast baseline active,7,3,13,0,"Last 7 games: 3/13, 0 HR","platoon edge; pitcher baseline 6.7% barrel, 7.0 HR allowed",neutral batted-ball profile; pitcher fly-ball pressure modest,,
621493,Taylor Ward,BAL,DET,2026-07-29T17:10:00Z,In Progress,1,Tarik Skubal,669373,L,R,8.1,0.1462,89.47,99.496,0.3996,0.1553,0.3428,68.73,4.26,34.15,29.59,39.69,15.7,7.19,33.84,86.73,0.3405,0.1212,23.94,12.4,12.4,12.4,Comerica Park,100,79,11,Out To RF,Yes,Yes,1,Yes,No,MLB Stats API; RotoWire,,H:2026/2025 P:2026/2025,,,Direct BvP not yet weighted; 2026/2025 Statcast baseline active,7,6,27,0,"Last 7 games: 6/27, 0 HR","platoon edge; pitcher baseline 7.2% barrel, 12.4 HR allowed",neutral batted-ball profile; pitcher fly-ball pressure modest,,
624413,Pete Alonso,BAL,DET,2026-07-29T17:10:00Z,In Progress,2,Tarik Skubal,669373,L,R,14.21,0.2261,93.92,104.0779,0.53,0.257,0.3804,74.88,49.27,37.06,30.67,54.89,26.8,7.19,33.84,86.73,0.3405,0.1212,23.94,12.4,12.4,12.4,Comerica Park,100,79,11,Out To RF,Yes,Yes,2,Yes,No,MLB Stats API; RotoWire,,H:2026/2025 P:2026/2025,,,Direct BvP not yet weighted; 2026/2025 Statcast baseline active,7,9,30,1,"Last 7 games: 9/30, 1 HR","platoon edge; pitcher baseline 7.2% barrel, 12.4 HR allowed",EV profile; pitcher fly-ball pressure modest,,
683002,Gunnar Henderson,BAL,DET,2026-07-29T17:10:00Z,In Progress,3,Tarik Skubal,669373,L,L,7.48,0.1738,90.21,101.2967,0.3935,0.1469,0.313,74.67,47.03,41.29,23.94,45.49,17.7,7.19,33.84,86.73,0.3405,0.1212,23.94,12.4,12.4,12.4,Comerica Park,100,79,11,Out To RF,Yes,Yes,3,Yes,No,MLB Stats API; RotoWire,,H:2026/2025 P:2026/2025,,,Direct BvP not yet weighted; 2026/2025 Statcast baseline active,7,4,29,1,"Last 7 games: 4/29, 1 HR","same-side matchup; pitcher baseline 7.2% barrel, 12.4 HR allowed",neutral batted-ball profile; pitcher fly-ball pressure modest,,
641933,Tyler O'Neill,BAL,DET,2026-07-29T17:10:00Z,In Progress,4,Tarik Skubal,669373,L,R,11.39,0.1734,89.71,100.4623,0.4292,0.2107,0.318,72.81,24.38,48.03,39.28,42.04,7.6,7.19,33.84,86.73,0.3405,0.1212,23.94,12.4,12.4,12.4,Comerica Park,100,79,11,Out To RF,Yes,Yes,4,Yes,No,MLB Stats API; RotoWire,,H:2026/2025 P:2026/2025,,,Direct BvP not yet weighted; 2026/2025 Statcast baseline active,7,4,18,1,"Last 7 games: 4/18, 1 HR","platoon edge; pitcher baseline 7.2% barrel, 12.4 HR allowed",fly-ball profile; pitcher fly-ball pressure modest,,
687637,Dylan Beavers,BAL,DET,2026-07-29T17:10:00Z,In Progress,5,Tarik Skubal,669373,L,L,6.78,0.1247,88.66,99.2591,0.3877,0.1537,0.323,72.2,19.92,40.88,30.76,35.7,2.6,7.19,33.84,86.73,0.3405,0.1212,23.94,12.4,12.4,12.4,Comerica Park,100,79,11,Out To RF,Yes,,,No,Yes,MLB Stats API; RotoWire,not found on RotoWire,H:2026/2025 P:2026/2025,,,Direct BvP not yet weighted; 2026/2025 Statcast baseline active,7,4,22,0,"Last 7 games: 4/22, 0 HR","same-side matchup; pitcher baseline 7.2% barrel, 12.4 HR allowed",neutral batted-ball profile; pitcher fly-ball pressure modest,,
681297,Colton Cowser,BAL,DET,2026-07-29T17:10:00Z,In Progress,6,Tarik Skubal,669373,L,L,11.44,0.1421,88.1,100.3839,0.4047,0.1988,0.3098,74.44,44.92,38.45,32.99,39.7,10.4,7.19,33.84,86.73,0.3405,0.1212,23.94,12.4,12.4,12.4,Comerica Park,100,79,11,Out To RF,Yes,,,No,Yes,MLB Stats API; RotoWire,not found on RotoWire,H:2026/2025 P:2026/2025,,,Direct BvP not yet weighted; 2026/2025 Statcast baseline active,7,1,8,0,"Last 7 games: 1/8, 0 HR","same-side matchup; pitcher baseline 7.2% barrel, 12.4 HR allowed",neutral batted-ball profile; pitcher fly-ball pressure modest,,
687952,Christian Encarnacion-Strand,BAL,DET,2026-07-29T17:10:00Z,In Progress,7,Tarik Skubal,669373,L,R,15.44,0.3104,90.49,101.4436,0.5536,0.2997,0.3506,73.74,33.26,36.36,34.48,41.83,3.9,7.19,33.84,86.73,0.3405,0.1212,23.94,12.4,12.4,12.4,Comerica Park,100,79,11,Out To RF,Yes,Yes,5,Yes,Yes,MLB Stats API; RotoWire,order MLB 7 vs RotoWire 5,H:2026/2025 P:2026/2025,,,Direct BvP not yet weighted; 2026/2025 Statcast baseline active,7,9,27,3,Hot streak: 3 HR in last 7 games,"platoon edge; pitcher baseline 7.2% barrel, 12.4 HR allowed",neutral batted-ball profile; pitcher fly-ball pressure modest,,
691723,Coby Mayo,BAL,DET,2026-07-29T17:10:00Z,In Progress,8,Tarik Skubal,669373,L,R,10.59,0.199,90.94,102.8147,0.3833,0.1754,0.2911,75.33,54.45,50.04,33.62,45.1,13.1,7.19,33.84,86.73,0.3405,0.1212,23.94,12.4,12.4,12.4,Comerica Park,100,79,11,Out To RF,Yes,Yes,6,Yes,Yes,MLB Stats API; RotoWire,order MLB 8 vs RotoWire 6,H:2026/2025 P:2026/2025,,,Direct BvP not yet weighted; 2026/2025 Statcast baseline active,7,5,18,1,"Last 7 games: 5/18, 1 HR","platoon edge; pitcher baseline 7.2% barrel, 12.4 HR allowed",neutral batted-ball profile; pitcher fly-ball pressure modest,,
665750,Leody Taveras,BAL,DET,2026-07-29T17:10:00Z,In Progress,9,Tarik Skubal,669373,L,S,5.28,0.1165,87.66,98.6306,0.3314,0.118,0.2733,72.32,24.14,33.16,23.26,32.05,4.4,7.19,33.84,86.73,0.3405,0.1212,23.94,12.4,12.4,12.4,Comerica Park,100,79,11,Out To RF,Yes,Yes,7,Yes,Yes,MLB Stats API; RotoWire,order MLB 9 vs RotoWire 7,H:2026/2025 P:2026/2025,,,Direct BvP not yet weighted; 2026/2025 Statcast baseline active,7,2,25,1,"Last 7 games: 2/25, 1 HR","switch hitter; pitcher baseline 7.2% barrel, 12.4 HR allowed",neutral batted-ball profile; pitcher fly-ball pressure modest,,
650402,Gleyber Torres,DET,BAL,2026-07-29T17:10:00Z,In Progress,1,Trevor Rogers,669432,L,R,7.36,0.1226,86.92,97.5699,0.4004,0.1447,0.3434,68.52,5.36,23.12,27.94,33.89,8.3,6.9,41.96,89.28,0.3921,0.1461,24.25,8.8,8.8,8.8,Comerica Park,100,79,11,Out To RF,Yes,Yes,1,Yes,No,MLB Stats API; RotoWire,,H:2026/2025 P:2026/2025,,,Direct BvP not yet weighted; 2026/2025 Statcast baseline active,7,5,25,1,"Last 7 games: 5/25, 1 HR","platoon edge; pitcher baseline 6.9% barrel, 8.8 HR allowed",neutral batted-ball profile; pitcher fly-ball pressure modest,,
681546,James Outman,DET,BAL,2026-07-29T17:10:00Z,In Progress,2,Trevor Rogers,669432,L,L,9.27,0.1471,86.74,98.7032,0.2908,0.1335,0.2272,72.32,21.02,52.31,31.0,37.65,4.6,6.9,41.96,89.28,0.3921,0.1461,24.25,8.8,8.8,8.8,Comerica Park,100,79,11,Out To RF,Yes,,,No,Yes,MLB Stats API; RotoWire,not found on RotoWire,H:2026/2025 P:2026/2025,,,Direct BvP not yet weighted; 2026/2025 Statcast baseline active,7,4,17,1,"Last 7 games: 4/17, 1 HR","same-side matchup; pitcher baseline 6.9% barrel, 8.8 HR allowed",neutral batted-ball profile; pitcher fly-ball pressure modest,,
805808,Kevin McGonigle,DET,BAL,2026-07-29T17:10:00Z,In Progress,3,Trevor Rogers,669432,L,L,7.3,0.134,88.0,98.3934,0.439,0.168,0.361,71.3,17.4,37.8,35.0,37.3,9.0,6.9,41.96,89.28,0.3921,0.1461,24.25,8.8,8.8,8.8,Comerica Park,100,79,11,Out To RF,Yes,Yes,2,Yes,Yes,MLB Stats API; RotoWire,order MLB 3 vs RotoWire 2,H:2026 P:2026/2025,,,Direct BvP not yet weighted; 2026/2025 Statcast baseline active,7,10,30,0,Contact streak: 10/30 over last 7 games,"same-side matchup; pitcher baseline 6.9% barrel, 8.8 HR allowed",fly-ball profile; pitcher fly-ball pressure modest,,
701678,Hao-Yu Lee,DET,BAL,2026-07-29T17:10:00Z,In Progress,4,Trevor Rogers,669432,L,R,9.5,0.165,89.1,99.7863,0.397,0.161,0.294,70.9,19.0,29.2,27.7,39.4,6.0,6.9,41.96,89.28,0.3921,0.1461,24.25,8.8,8.8,8.8,Comerica Park,100,79,11,Out To RF,Yes,Yes,3,Yes,Yes,MLB Stats API; RotoWire,order MLB 4 vs RotoWire 3,H:2026 P:2026/2025,,,Direct BvP not yet weighted; 2026/2025 Statcast baseline active,7,7,16,1,Contact streak: 7/16 over last 7 games,"platoon edge; pitcher baseline 6.9% barrel, 8.8 HR allowed",neutral batted-ball profile; pitcher fly-ball pressure modest,,
690993,Colt Keith,DET,BAL,2026-07-29T17:10:00Z,In Progress,5,Trevor Rogers,669432,L,L,8.01,0.15,89.02,99.9962,0.4321,0.1667,0.3298,71.54,16.09,36.89,27.7,41.53,9.5,6.9,41.96,89.28,0.3921,0.1461,24.25,8.8,8.8,8.8,Comerica Park,100,79,11,Out To RF,Yes,,,No,Yes,MLB Stats API; RotoWire,not found on RotoWire,H:2026/2025 P:2026/2025,,,Direct BvP not yet weighted; 2026/2025 Statcast baseline active,7,9,22,0,Contact streak: 9/22 over last 7 games,"same-side matchup; pitcher baseline 6.9% barrel, 8.8 HR allowed",neutral batted-ball profile; pitcher fly-ball pressure modest,,
693307,Dillon Dingler,DET,BAL,2026-07-29T17:10:00Z,In Progress,6,Trevor Rogers,669432,L,R,10.53,0.2191,89.58,100.9913,0.503,0.2165,0.3671,71.84,16.0,40.73,28.57,45.63,19.3,6.9,41.96,89.28,0.3921,0.1461,24.25,8.8,8.8,8.8,Comerica Park,100,79,11,Out To RF,Yes,Yes,4,Yes,Yes,MLB Stats API; RotoWire,order MLB 6 vs RotoWire 4,H:2026/2025 P:2026/2025,,,Direct BvP not yet weighted; 2026/2025 Statcast baseline active,7,6,25,0,"Last 7 games: 6/25, 0 HR","platoon edge; pitcher baseline 6.9% barrel, 8.8 HR allowed",neutral batted-ball profile; pitcher fly-ball pressure modest,,
682985,Riley Greene,DET,BAL,2026-07-29T17:10:00Z,In Progress,7,Trevor Rogers,669432,L,L,15.91,0.1972,90.95,102.855,0.4973,0.2396,0.3607,75.6,58.32,39.54,33.17,49.42,21.3,6.9,41.96,89.28,0.3921,0.1461,24.25,8.8,8.8,8.8,Comerica Park,100,79,11,Out To RF,Yes,Yes,5,Yes,Yes,MLB Stats API; RotoWire,order MLB 7 vs RotoWire 5,H:2026/2025 P:2026/2025,,,Direct BvP not yet weighted; 2026/2025 Statcast baseline active,7,4,24,0,"Last 7 games: 4/24, 0 HR","same-side matchup; pitcher baseline 6.9% barrel, 8.8 HR allowed",neutral batted-ball profile; pitcher fly-ball pressure modest,,
680664,Eduardo Valencia,DET,BAL,2026-07-29T17:10:00Z,In Progress,8,Trevor Rogers,669432,L,R,25.0,0.706,92.5,103.0515,0.752,0.441,0.461,72.7,21.6,16.7,41.7,66.7,4.0,6.9,41.96,89.28,0.3921,0.1461,24.25,8.8,8.8,8.8,Comerica Park,100,79,11,Out To RF,Yes,Yes,6,Yes,Yes,MLB Stats API; RotoWire,order MLB 8 vs RotoWire 6,H:2026 P:2026/2025,,,Direct BvP not yet weighted; 2026/2025 Statcast baseline active,7,8,21,3,Hot streak: 3 HR in last 7 games,"platoon edge; pitcher baseline 6.9% barrel, 8.8 HR allowed",EV profile; pitcher fly-ball pressure modest,,
679529,Spencer Torkelson,DET,BAL,2026-07-29T17:10:00Z,In Progress,9,Trevor Rogers,669432,L,R,13.71,0.2097,89.78,100.3104,0.4245,0.2069,0.3214,73.14,26.12,47.84,36.81,42.65,22.6,6.9,41.96,89.28,0.3921,0.1461,24.25,8.8,8.8,8.8,Comerica Park,100,79,11,Out To RF,Yes,Yes,7,Yes,Yes,MLB Stats API; RotoWire,order MLB 9 vs RotoWire 7,H:2026/2025 P:2026/2025,,,Direct BvP not yet weighted; 2026/2025 Statcast baseline active,7,4,21,0,"Last 7 games: 4/21, 0 HR","platoon edge; pitcher baseline 6.9% barrel, 8.8 HR allowed",fly-ball profile; pitcher fly-ball pressure modest,,
660670,Ronald Acuna,ATL,NYM,2026-07-29T23:10:00Z,Scheduled,1,Christian Scott,681035,R,R,13.74,0.1846,90.95,102.7307,0.5014,0.2447,0.3823,76.12,63.8,36.37,29.42,46.2,11.2,6.9,34.0,87.6,0.366,0.141,28.3,7.0,7.0,7.0,Citi Field,95,,,,No,No,1,Yes,Yes,RotoWire projected lineup; MLB probable pitchers,lineup projected / unconfirmed,H:2026/2025 P:2026,,,Direct BvP not yet weighted; 2026/2025 Statcast baseline active,7,6,25,0,"Last 7 games: 6/25, 0 HR","same-side matchup; pitcher baseline 6.9% barrel, 7.0 HR allowed",neutral batted-ball profile; pitcher fly-ball pressure modest,,
686948,Drake Baldwin,ATL,NYM,2026-07-29T23:10:00Z,Scheduled,2,Christian Scott,681035,R,L,13.66,0.202,91.7,102.4816,0.5066,0.2283,0.3754,75.02,53.25,31.52,24.41,50.72,19.7,6.9,34.0,87.6,0.366,0.141,28.3,7.0,7.0,7.0,Citi Field,95,,,,No,No,2,Yes,Yes,RotoWire projected lineup; MLB probable pitchers,lineup projected / unconfirmed,H:2026/2025 P:2026,,,Direct BvP not yet weighted; 2026/2025 Statcast baseline active,7,10,27,2,Hot streak: 2 HR in last 7 games,"platoon edge; pitcher baseline 6.9% barrel, 7.0 HR allowed",neutral batted-ball profile; pitcher fly-ball pressure modest,,
621566,Matt Olson,ATL,NYM,2026-07-29T23:10:00Z,Scheduled,3,Christian Scott,681035,R,L,14.33,0.2449,92.88,103.8989,0.5039,0.2559,0.3593,74.6,48.23,37.65,32.36,51.2,27.6,6.9,34.0,87.6,0.366,0.141,28.3,7.0,7.0,7.0,Citi Field,95,,,,No,No,4,Yes,Yes,RotoWire projected lineup; MLB probable pitchers,lineup projected / unconfirmed; order MLB 3 vs RotoWire 4,H:2026/2025 P:2026,,,Direct BvP not yet weighted; 2026/2025 Statcast baseline active,7,6,27,2,Hot streak: 2 HR in last 7 games,"platoon edge; pitcher baseline 6.9% barrel, 7.0 HR allowed",EV profile; pitcher fly-ball pressure modest,,
645277,Ozzie Albies,ATL,NYM,2026-07-29T23:10:00Z,Scheduled,4,Christian Scott,681035,R,S,4.62,0.1635,87.01,96.8014,0.3653,0.1272,0.2899,69.0,6.09,47.19,31.69,28.53,17.4,6.9,34.0,87.6,0.366,0.141,28.3,7.0,7.0,7.0,Citi Field,95,,,,No,No,3,Yes,Yes,RotoWire projected lineup; MLB probable pitchers,lineup projected / unconfirmed; order MLB 4 vs RotoWire 3,H:2026/2025 P:2026,,,Direct BvP not yet weighted; 2026/2025 Statcast baseline active,7,7,31,3,Hot streak: 3 HR in last 7 games,"switch hitter; pitcher baseline 6.9% barrel, 7.0 HR allowed",neutral batted-ball profile; pitcher fly-ball pressure modest,,
671739,Michael Harris,ATL,NYM,2026-07-29T23:10:00Z,Scheduled,5,Christian Scott,681035,R,L,11.2,0.1915,90.97,103.592,0.4849,0.197,0.3444,74.72,47.35,36.57,23.54,48.02,19.3,6.9,34.0,87.6,0.366,0.141,28.3,7.0,7.0,7.0,Citi Field,95,,,,No,No,5,Yes,Yes,RotoWire projected lineup; MLB probable pitchers,lineup projected / unconfirmed,H:2026/2025 P:2026,,,Direct BvP not yet weighted; 2026/2025 Statcast baseline active,7,7,29,1,"Last 7 games: 7/29, 1 HR","platoon edge; pitcher baseline 6.9% barrel, 7.0 HR allowed",neutral batted-ball profile; pitcher fly-ball pressure modest,,
643289,Mauricio Dubon,ATL,NYM,2026-07-29T23:10:00Z,Scheduled,6,Christian Scott,681035,R,R,3.58,0.1343,85.97,96.4462,0.3681,0.1078,0.3004,68.83,3.26,31.96,24.6,29.38,9.1,6.9,34.0,87.6,0.366,0.141,28.3,7.0,7.0,7.0,Citi Field,95,,,,No,No,6,Yes,Yes,RotoWire projected lineup; MLB probable pitchers,lineup projected / unconfirmed,H:2026/2025 P:2026,,,Direct BvP not yet weighted; 2026/2025 Statcast baseline active,7,6,27,0,"Last 7 games: 6/27, 0 HR","same-side matchup; pitcher baseline 6.9% barrel, 7.0 HR allowed",neutral batted-ball profile; pitcher fly-ball pressure modest,,
663586,Austin Riley,ATL,NYM,2026-07-29T23:10:00Z,Scheduled,7,Christian Scott,681035,R,R,12.19,0.1449,91.18,102.6995,0.4076,0.1879,0.3055,75.83,59.24,40.43,31.57,45.72,13.2,6.9,34.0,87.6,0.366,0.141,28.3,7.0,7.0,7.0,Citi Field,95,,,,No,No,7,Yes,Yes,RotoWire projected lineup; MLB probable pitchers,lineup projected / unconfirmed,H:2026/2025 P:2026,,,Direct BvP not yet weighted; 2026/2025 Statcast baseline active,7,6,28,0,"Last 7 games: 6/28, 0 HR","same-side matchup; pitcher baseline 6.9% barrel, 7.0 HR allowed",neutral batted-ball profile; pitcher fly-ball pressure modest,,
642201,Eli White,ATL,NYM,2026-07-29T23:10:00Z,Scheduled,8,Christian Scott,681035,R,R,7.07,0.1769,87.21,98.6743,0.3587,0.1283,0.2813,72.76,26.94,37.03,25.2,34.24,6.5,6.9,34.0,87.6,0.366,0.141,28.3,7.0,7.0,7.0,Citi Field,95,,,,No,Yes,8,Yes,Yes,RotoWire projected lineup; MLB probable pitchers,lineup projected / unconfirmed,H:2026/2025 P:2026,,,Direct BvP not yet weighted; 2026/2025 Statcast baseline active,7,3,8,0,Contact streak: 3/8 over last 7 games,"same-side matchup; pitcher baseline 6.9% barrel, 7.0 HR allowed",neutral batted-ball profile; pitcher fly-ball pressure modest,,
663698,Joey Bart,ATL,NYM,2026-07-29T23:10:00Z,Scheduled,9,Christian Scott,681035,R,R,9.07,0.1379,87.07,99.2212,0.3821,0.1702,0.2991,75.14,50.22,40.86,31.86,37.6,4.0,6.9,34.0,87.6,0.366,0.141,28.3,7.0,7.0,7.0,Citi Field,95,,,,No,Yes,9,Yes,Yes,RotoWire projected lineup; MLB probable pitchers,lineup projected / unconfirmed,H:2026/2025 P:2026,,,Direct BvP not yet weighted; 2026/2025 Statcast baseline active,7,5,15,0,Contact streak: 5/15 over last 7 games,"same-side matchup; pitcher baseline 6.9% barrel, 7.0 HR allowed",neutral batted-ball profile; pitcher fly-ball pressure modest,,
805999,A.J. Ewing,NYM,ATL,2026-07-29T23:10:00Z,Scheduled,1,Chris Sale,519242,L,L,6.4,0.146,89.2,100.1074,0.395,0.141,0.319,70.2,11.0,32.0,25.6,41.9,7.0,5.88,34.07,87.41,0.3284,0.1108,26.46,8.9,8.9,8.9,Citi Field,95,,,,No,No,1,Yes,Yes,RotoWire projected lineup; MLB probable pitchers,lineup projected / unconfirmed,H:2026 P:2026/2025,,,Direct BvP not yet weighted; 2026/2025 Statcast baseline active,7,8,28,0,"Last 7 games: 8/28, 0 HR","same-side matchup; pitcher baseline 5.9% barrel, 8.9 HR allowed",neutral batted-ball profile; pitcher fly-ball pressure modest,,
596019,Francisco Lindor,NYM,ATL,2026-07-29T23:10:00Z,Scheduled,2,Chris Sale,519242,L,S,9.39,0.1941,91.27,100.3785,0.4603,0.1989,0.3499,72.12,22.35,44.06,29.32,47.9,14.9,5.88,34.07,87.41,0.3284,0.1108,26.46,8.9,8.9,8.9,Citi Field,95,,,,No,No,2,Yes,Yes,RotoWire projected lineup; MLB probable pitchers,lineup projected / unconfirmed,H:2026/2025 P:2026/2025,,,Direct BvP not yet weighted; 2026/2025 Statcast baseline active,7,8,27,2,Hot streak: 2 HR in last 7 games,"switch hitter; pitcher baseline 5.9% barrel, 8.9 HR allowed",neutral batted-ball profile; pitcher fly-ball pressure modest,,
666182,Bo Bichette,NYM,ATL,2026-07-29T23:10:00Z,Scheduled,3,Chris Sale,519242,L,R,6.85,0.13,89.88,101.1872,0.4317,0.1468,0.3334,69.8,13.46,26.07,22.81,43.83,12.4,5.88,34.07,87.41,0.3284,0.1108,26.46,8.9,8.9,8.9,Citi Field,95,,,,No,No,3,Yes,Yes,RotoWire projected lineup; MLB probable pitchers,lineup projected / unconfirmed,H:2026/2025 P:2026/2025,,,Direct BvP not yet weighted; 2026/2025 Statcast baseline active,7,9,30,0,"Last 7 games: 9/30, 0 HR","platoon edge; pitcher baseline 5.9% barrel, 8.9 HR allowed",neutral batted-ball profile; pitcher fly-ball pressure modest,,
701807,Carson Benge,NYM,ATL,2026-07-29T23:10:00Z,Scheduled,4,Chris Sale,519242,L,L,7.6,0.131,89.1,100.0341,0.43,0.152,0.338,71.1,18.7,32.3,25.8,40.2,11.0,5.88,34.07,87.41,0.3284,0.1108,26.46,8.9,8.9,8.9,Citi Field,95,,,,No,No,7,Yes,Yes,RotoWire projected lineup; MLB probable pitchers,lineup projected / unconfirmed; order MLB 4 vs RotoWire 7,H:2026 P:2026/2025,,,Direct BvP not yet weighted; 2026/2025 Statcast baseline active,7,7,26,0,"Last 7 games: 7/26, 0 HR","same-side matchup; pitcher baseline 5.9% barrel, 8.9 HR allowed",neutral batted-ball profile; pitcher fly-ball pressure modest,,
676724,Jared Young,NYM,ATL,2026-07-29T23:10:00Z,Scheduled,5,Chris Sale,519242,L,L,11.43,0.2145,88.24,101.0464,0.4238,0.1934,0.317,73.44,34.72,40.21,26.04,44.06,6.1,5.88,34.07,87.41,0.3284,0.1108,26.46,8.9,8.9,8.9,Citi Field,95,,,,No,No,6,Yes,Yes,RotoWire projected lineup; MLB probable pitchers,lineup projected / unconfirmed; order MLB 5 vs RotoWire 6,H:2026/2025 P:2026/2025,,,Direct BvP not yet weighted; 2026/2025 Statcast baseline active,7,6,18,1,Contact streak: 6/18 over last 7 games,"same-side matchup; pitcher baseline 5.9% barrel, 8.9 HR allowed",neutral batted-ball profile; pitcher fly-ball pressure modest,,
593871,Jorge Polanco,NYM,ATL,2026-07-29T23:10:00Z,Scheduled,6,Chris Sale,519242,L,S,5.05,0.1208,86.95,98.2583,0.3282,0.1119,0.2674,70.08,7.01,45.6,24.15,34.18,8.5,5.88,34.07,87.41,0.3284,0.1108,26.46,8.9,8.9,8.9,Citi Field,95,,,,No,Yes,6,Yes,Yes,RotoWire projected lineup; MLB probable pitchers,lineup projected / unconfirmed,H:2026/2025 P:2026/2025,,,Direct BvP not yet weighted; 2026/2025 Statcast baseline active,7,1,24,0,"Last 7 games: 1/24, 0 HR","switch hitter; pitcher baseline 5.9% barrel, 8.9 HR allowed",neutral batted-ball profile; pitcher fly-ball pressure modest,,
621438,Tyrone Taylor,NYM,ATL,2026-07-29T23:10:00Z,Scheduled,7,Chris Sale,519242,L,R,8.56,0.2087,87.41,98.7164,0.4151,0.1728,0.3043,71.21,12.35,48.72,31.05,35.94,6.9,5.88,34.07,87.41,0.3284,0.1108,26.46,8.9,8.9,8.9,Citi Field,95,,,,No,No,8,Yes,Yes,RotoWire projected lineup; MLB probable pitchers,lineup projected / unconfirmed; order MLB 7 vs RotoWire 8,H:2026/2025 P:2026/2025,,,Direct BvP not yet weighted; 2026/2025 Statcast baseline active,7,8,18,3,Hot streak: 3 HR in last 7 games,"platoon edge; pitcher baseline 5.9% barrel, 8.9 HR allowed",neutral batted-ball profile; pitcher fly-ball pressure modest,,
683146,Brett Baty,NYM,ATL,2026-07-29T23:10:00Z,Scheduled,8,Chris Sale,519242,L,L,9.96,0.1285,89.86,101.3411,0.3982,0.1581,0.313,74.94,52.49,37.15,24.28,41.86,9.6,5.88,34.07,87.41,0.3284,0.1108,26.46,8.9,8.9,8.9,Citi Field,95,,,,No,Yes,8,Yes,Yes,RotoWire projected lineup; MLB probable pitchers,lineup projected / unconfirmed,H:2026/2025 P:2026/2025,,,Direct BvP not yet weighted; 2026/2025 Statcast baseline active,7,6,23,2,Hot streak: 2 HR in last 7 games,"same-side matchup; pitcher baseline 5.9% barrel, 8.9 HR allowed",neutral batted-ball profile; pitcher fly-ball pressure modest,,
682626,Francisco Alvarez,NYM,ATL,2026-07-29T23:10:00Z,Scheduled,9,Chris Sale,519242,L,R,14.83,0.1889,91.14,102.7644,0.458,0.2171,0.3379,74.14,43.46,40.2,25.24,47.37,11.7,5.88,34.07,87.41,0.3284,0.1108,26.46,8.9,8.9,8.9,Citi Field,95,,,,No,No,5,Yes,Yes,RotoWire projected lineup; MLB probable pitchers,lineup projected / unconfirmed; order MLB 9 vs RotoWire 5,H:2026/2025 P:2026/2025,,,Direct BvP not yet weighted; 2026/2025 Statcast baseline active,7,6,21,1,"Last 7 games: 6/21, 1 HR","platoon edge; pitcher baseline 5.9% barrel, 8.9 HR allowed",neutral batted-ball profile; pitcher fly-ball pressure modest,,
668930,Brice Turang,MIL,SF,2026-07-29T19:45:00Z,In Progress,1,Logan Webb,657277,R,L,8.28,0.1792,90.75,100.5439,0.4402,0.1803,0.3441,70.25,12.43,27.79,23.99,43.97,15.9,6.41,39.99,88.79,0.385,0.1303,19.14,10.5,10.5,10.5,Oracle Park,85,67,9,Out To CF,Yes,Yes,1,Yes,No,MLB Stats API; RotoWire,,H:2026/2025 P:2026/2025,,,Direct BvP not yet weighted; 2026/2025 Statcast baseline active,7,11,23,1,Contact streak: 11/23 over last 7 games,"platoon edge; pitcher baseline 6.4% barrel, 10.5 HR allowed",neutral batted-ball profile; pitcher fly-ball pressure modest,,
694192,Jackson Chourio,MIL,SF,2026-07-29T19:45:00Z,In Progress,2,Logan Webb,657277,R,R,11.94,0.1909,91.19,101.8696,0.4484,0.1986,0.3224,74.32,44.97,31.64,27.87,44.12,15.4,6.41,39.99,88.79,0.385,0.1303,19.14,10.5,10.5,10.5,Oracle Park,85,67,9,Out To CF,Yes,Yes,2,Yes,No,MLB Stats API; RotoWire,,H:2026/2025 P:2026/2025,,,Direct BvP not yet weighted; 2026/2025 Statcast baseline active,7,8,28,0,"Last 7 games: 8/28, 0 HR","same-side matchup; pitcher baseline 6.4% barrel, 10.5 HR allowed",neutral batted-ball profile; pitcher fly-ball pressure modest,,
641343,Jake Bauers,MIL,SF,2026-07-29T19:45:00Z,In Progress,3,Logan Webb,657277,R,L,13.56,0.2039,92.33,103.2315,0.4598,0.2139,0.3561,76.64,71.12,39.71,29.63,50.99,14.7,6.41,39.99,88.79,0.385,0.1303,19.14,10.5,10.5,10.5,Oracle Park,85,67,9,Out To CF,Yes,Yes,3,Yes,No,MLB Stats API; RotoWire,,H:2026/2025 P:2026/2025,,,Direct BvP not yet weighted; 2026/2025 Statcast baseline active,7,7,18,0,Contact streak: 7/18 over last 7 games,"platoon edge; pitcher baseline 6.4% barrel, 10.5 HR allowed",EV profile; pitcher fly-ball pressure modest,,
592885,Christian Yelich,MIL,SF,2026-07-29T19:45:00Z,In Progress,4,Logan Webb,657277,R,L,9.53,0.1614,89.36,100.9537,0.3942,0.166,0.3111,73.19,32.1,33.61,20.14,43.18,13.6,6.41,39.99,88.79,0.385,0.1303,19.14,10.5,10.5,10.5,Oracle Park,85,67,9,Out To CF,Yes,Yes,4,Yes,No,MLB Stats API; RotoWire,,H:2026/2025 P:2026/2025,,,Direct BvP not yet weighted; 2026/2025 Statcast baseline active,7,6,28,1,"Last 7 games: 6/28, 1 HR","platoon edge; pitcher baseline 6.4% barrel, 10.5 HR allowed",neutral batted-ball profile; pitcher fly-ball pressure modest,,
596142,Gary Sánchez,MIL,SF,2026-07-29T19:45:00Z,In Progress,5,Logan Webb,657277,R,R,9.22,0.2052,89.87,101.0026,0.435,0.2006,0.3514,72.19,27.43,44.37,28.84,42.26,7.1,6.41,39.99,88.79,0.385,0.1303,19.14,10.5,10.5,10.5,Oracle Park,85,67,9,Out To CF,Yes,Yes,5,Yes,No,MLB Stats API; RotoWire,,H:2026/2025 P:2026/2025,,,Direct BvP not yet weighted; 2026/2025 Statcast baseline active,7,3,14,0,"Last 7 games: 3/14, 0 HR","same-side matchup; pitcher baseline 6.4% barrel, 10.5 HR allowed",neutral batted-ball profile; pitcher fly-ball pressure modest,,
669003,Garrett Mitchell,MIL,SF,2026-07-29T19:45:00Z,In Progress,6,Logan Webb,657277,R,L,11.67,0.1461,91.94,103.3522,0.4201,0.1694,0.3335,77.01,76.32,33.65,18.53,47.1,5.6,6.41,39.99,88.79,0.385,0.1303,19.14,10.5,10.5,10.5,Oracle Park,85,67,9,Out To CF,Yes,Yes,6,Yes,No,MLB Stats API; RotoWire,,H:2026/2025 P:2026/2025,,,Direct BvP not yet weighted; 2026/2025 Statcast baseline active,7,1,18,0,"Last 7 games: 1/18, 0 HR","platoon edge; pitcher baseline 6.4% barrel, 10.5 HR allowed",neutral batted-ball profile; pitcher fly-ball pressure modest,,
800325,Luis Lara,MIL,SF,2026-07-29T19:45:00Z,In Progress,7,Logan Webb,657277,R,S,6.1,0.158,89.3,98.6797,0.419,0.099,0.373,71.1,21.2,30.3,21.2,42.4,0.0,6.41,39.99,88.79,0.385,0.1303,19.14,10.5,10.5,10.5,Oracle Park,85,67,9,Out To CF,Yes,Yes,7,Yes,No,MLB Stats API; RotoWire,,H:2026 P:2026/2025,,,Direct BvP not yet weighted; 2026/2025 Statcast baseline active,7,5,13,0,Contact streak: 5/13 over last 7 games,"switch hitter; pitcher baseline 6.4% barrel, 10.5 HR allowed",neutral batted-ball profile; pitcher fly-ball pressure modest,,
666152,David Hamilton,MIL,SF,2026-07-29T19:45:00Z,In Progress,8,Logan Webb,657277,R,L,4.32,0.1063,86.74,96.9786,0.3036,0.0967,0.2642,70.01,7.74,34.55,26.3,27.73,3.9,6.41,39.99,88.79,0.385,0.1303,19.14,10.5,10.5,10.5,Oracle Park,85,67,9,Out To CF,Yes,Yes,8,Yes,No,MLB Stats API; RotoWire,,H:2026/2025 P:2026/2025,,,Direct BvP not yet weighted; 2026/2025 Statcast baseline active,7,5,17,0,"Last 7 games: 5/17, 0 HR","platoon edge; pitcher baseline 6.4% barrel, 10.5 HR allowed",neutral batted-ball profile; pitcher fly-ball pressure modest,,
806198,Cooper Pratt,MIL,SF,2026-07-29T19:45:00Z,In Progress,9,Logan Webb,657277,R,R,4.6,0.113,88.1,97.4436,0.402,0.112,0.348,70.4,9.0,33.7,23.6,31.5,2.0,6.41,39.99,88.79,0.385,0.1303,19.14,10.5,10.5,10.5,Oracle Park,85,67,9,Out To CF,Yes,Yes,9,Yes,No,MLB Stats API; RotoWire,,H:2026 P:2026/2025,,,Direct BvP not yet weighted; 2026/2025 Statcast baseline active,7,7,20,1,Contact streak: 7/20 over last 7 games,"same-side matchup; pitcher baseline 6.4% barrel, 10.5 HR allowed",neutral batted-ball profile; pitcher fly-ball pressure modest,,
650333,Luis Arraez,SF,MIL,2026-07-29T19:45:00Z,In Progress,1,Thomas Pannone,623381,L,L,0.68,0.1154,86.73,94.0181,0.3672,0.0823,0.3023,63.09,0.12,29.96,27.12,19.29,5.2,,,,,,,,,,Oracle Park,85,67,9,Out To CF,Yes,Yes,1,Yes,No,MLB Stats API; RotoWire,,H:2026/2025 P:,,,Direct BvP not yet weighted; 2026/2025 Statcast baseline active,7,9,26,0,Contact streak: 9/26 over last 7 games,"same-side matchup; pitcher baseline 0.0% barrel, 0.0 HR allowed",neutral batted-ball profile; pitcher fly-ball pressure modest,,
805811,Bryce Eldridge,SF,MIL,2026-07-29T19:45:00Z,In Progress,2,Thomas Pannone,623381,L,L,16.88,0.1665,93.43,103.5576,0.4932,0.2603,0.3643,73.11,28.93,42.26,38.03,58.72,7.7,,,,,,,,,,Oracle Park,85,67,9,Out To CF,Yes,Yes,2,Yes,No,MLB Stats API; RotoWire,,H:2026/2025 P:,,,Direct BvP not yet weighted; 2026/2025 Statcast baseline active,7,2,21,1,"Last 7 games: 2/21, 1 HR","same-side matchup; pitcher baseline 0.0% barrel, 0.0 HR allowed",lift-pull EV profile; pitcher fly-ball pressure modest,,
671218,Heliot Ramos,SF,MIL,2026-07-29T19:45:00Z,In Progress,3,Thomas Pannone,623381,L,R,12.93,0.1636,92.01,103.0079,0.4499,0.1932,0.3249,72.74,30.21,34.99,23.23,48.31,12.6,,,,,,,,,,Oracle Park,85,67,9,Out To CF,Yes,Yes,3,Yes,No,MLB Stats API; RotoWire,,H:2026/2025 P:,,,Direct BvP not yet weighted; 2026/2025 Statcast baseline active,7,3,26,0,"Last 7 games: 3/26, 0 HR","platoon edge; pitcher baseline 0.0% barrel, 0.0 HR allowed",EV profile; pitcher fly-ball pressure modest,,
646240,Rafael Devers,SF,MIL,2026-07-29T19:45:00Z,In Progress,4,Thomas Pannone,623381,L,L,12.64,0.2312,92.66,103.1247,0.4639,0.2273,0.3376,71.81,21.48,33.77,33.04,52.32,25.9,,,,,,,,,,Oracle Park,85,67,9,Out To CF,Yes,Yes,4,Yes,No,MLB Stats API; RotoWire,,H:2026/2025 P:,,,Direct BvP not yet weighted; 2026/2025 Statcast baseline active,7,7,22,2,Hot streak: 2 HR in last 7 games,"same-side matchup; pitcher baseline 0.0% barrel, 0.0 HR allowed",EV profile; pitcher fly-ball pressure modest,,
808982,Jung Hoo Lee,SF,MIL,2026-07-29T19:45:00Z,In Progress,5,Thomas Pannone,623381,L,L,2.79,0.1347,87.03,96.5675,0.3815,0.0933,0.3154,68.37,2.77,39.72,21.96,29.69,6.6,,,,,,,,,,Oracle Park,85,67,9,Out To CF,Yes,Yes,5,Yes,No,MLB Stats API; RotoWire,,H:2026/2025 P:,,,Direct BvP not yet weighted; 2026/2025 Statcast baseline active,7,6,22,1,"Last 7 games: 6/22, 1 HR","same-side matchup; pitcher baseline 0.0% barrel, 0.0 HR allowed",neutral batted-ball profile; pitcher fly-ball pressure modest,,
642715,Willy Adames,SF,MIL,2026-07-29T19:45:00Z,In Progress,6,Thomas Pannone,623381,L,R,10.15,0.1995,88.2,99.1537,0.4021,0.1816,0.3004,72.31,24.35,47.91,34.83,40.35,21.6,,,,,,,,,,Oracle Park,85,67,9,Out To CF,Yes,Yes,6,Yes,No,MLB Stats API; RotoWire,,H:2026/2025 P:,,,Direct BvP not yet weighted; 2026/2025 Statcast baseline active,7,5,20,0,"Last 7 games: 5/20, 0 HR","platoon edge; pitcher baseline 0.0% barrel, 0.0 HR allowed",neutral batted-ball profile; pitcher fly-ball pressure modest,,
691740,Daniel Susac,SF,MIL,2026-07-29T19:45:00Z,In Progress,7,Thomas Pannone,623381,L,R,4.3,0.068,86.4,97.0162,0.349,0.09,0.296,68.8,3.9,42.4,29.3,30.4,0.0,,,,,,,,,,Oracle Park,85,67,9,Out To CF,Yes,Yes,7,Yes,No,MLB Stats API; RotoWire,,H:2026 P:,,,Direct BvP not yet weighted; 2026/2025 Statcast baseline active,7,2,10,0,"Last 7 games: 2/10, 0 HR","platoon edge; pitcher baseline 0.0% barrel, 0.0 HR allowed",neutral batted-ball profile; pitcher fly-ball pressure modest,,
687529,Grant McCray,SF,MIL,2026-07-29T19:45:00Z,In Progress,8,Thomas Pannone,623381,L,L,12.39,0.2184,83.18,97.7321,0.3679,0.1799,0.2907,72.0,23.34,39.45,17.01,22.47,0.7,,,,,,,,,,Oracle Park,85,67,9,Out To CF,Yes,Yes,8,Yes,No,MLB Stats API; RotoWire,,H:2026/2025 P:,,,Direct BvP not yet weighted; 2026/2025 Statcast baseline active,7,2,8,1,"Last 7 games: 2/8, 1 HR","same-side matchup; pitcher baseline 0.0% barrel, 0.0 HR allowed",neutral batted-ball profile; pitcher fly-ball pressure modest,,
683766,Christian Koss,SF,MIL,2026-07-29T19:45:00Z,In Progress,9,Thomas Pannone,623381,L,R,1.8,0.0585,83.82,94.2618,0.2445,0.0564,0.2361,70.39,6.7,29.2,26.05,20.09,0.9,,,,,,,,,,Oracle Park,85,67,9,Out To CF,Yes,Yes,9,Yes,No,MLB Stats API; RotoWire,,H:2026/2025 P:,,,Direct BvP not yet weighted; 2026/2025 Statcast baseline active,7,1,8,0,"Last 7 games: 1/8, 0 HR","platoon edge; pitcher baseline 0.0% barrel, 0.0 HR allowed",neutral batted-ball profile; pitcher fly-ball pressure modest,,
664983,Jake McCarthy,COL,SD,2026-07-29T20:10:00Z,Warmup,1,Kyle Hart,606996,L,L,5.3,0.183,84.98,96.4366,0.3852,0.1315,0.3007,70.64,10.95,37.45,21.03,26.2,8.2,7.55,33.24,87.73,0.3817,0.1616,26.1,5.5,5.5,5.5,Petco Park,91,77,9,L To R,Yes,Yes,1,Yes,No,MLB Stats API; RotoWire,,H:2026/2025 P:2026/2025,,,Direct BvP not yet weighted; 2026/2025 Statcast baseline active,7,8,33,0,"Last 7 games: 8/33, 0 HR","same-side matchup; pitcher baseline 7.5% barrel, 5.5 HR allowed",neutral batted-ball profile; pitcher fly-ball pressure modest,,
694249,Cole Carrigg,COL,SD,2026-07-29T20:10:00Z,Warmup,2,Kyle Hart,606996,L,S,5.6,0.225,86.6,98.3271,0.405,0.153,0.324,73.7,39.6,43.9,29.9,32.7,5.0,7.55,33.24,87.73,0.3817,0.1616,26.1,5.5,5.5,5.5,Petco Park,91,77,9,L To R,Yes,Yes,2,Yes,No,MLB Stats API; RotoWire,,H:2026 P:2026/2025,,,Direct BvP not yet weighted; 2026/2025 Statcast baseline active,7,10,29,1,Contact streak: 10/29 over last 7 games,"switch hitter; pitcher baseline 7.5% barrel, 5.5 HR allowed",neutral batted-ball profile; pitcher fly-ball pressure modest,,
696100,Hunter Goodman,COL,SD,2026-07-29T20:10:00Z,Warmup,3,Kyle Hart,606996,L,R,15.84,0.2784,90.73,102.8406,0.4707,0.235,0.3304,75.1,50.82,48.14,32.06,45.78,31.0,7.55,33.24,87.73,0.3817,0.1616,26.1,5.5,5.5,5.5,Petco Park,91,77,9,L To R,Yes,Yes,3,Yes,No,MLB Stats API; RotoWire,,H:2026/2025 P:2026/2025,,,Direct BvP not yet weighted; 2026/2025 Statcast baseline active,7,6,25,1,"Last 7 games: 6/25, 1 HR","platoon edge; pitcher baseline 7.5% barrel, 5.5 HR allowed",neutral batted-ball profile; pitcher fly-ball pressure modest,,
681198,TJ Rumfield,COL,SD,2026-07-29T20:10:00Z,Warmup,4,Kyle Hart,606996,L,L,5.2,0.175,83.8,96.2639,0.38,0.129,0.323,68.9,8.4,43.6,27.9,27.9,13.0,7.55,33.24,87.73,0.3817,0.1616,26.1,5.5,5.5,5.5,Petco Park,91,77,9,L To R,Yes,Yes,4,Yes,No,MLB Stats API; RotoWire,,H:2026 P:2026/2025,,,Direct BvP not yet weighted; 2026/2025 Statcast baseline active,7,5,23,0,"Last 7 games: 5/23, 0 HR","same-side matchup; pitcher baseline 7.5% barrel, 5.5 HR allowed",neutral batted-ball profile; pitcher fly-ball pressure modest,,
650489,Willi Castro,COL,SD,2026-07-29T20:10:00Z,Warmup,5,Kyle Hart,606996,L,S,7.55,0.1456,87.61,99.9644,0.3778,0.1477,0.3039,72.58,26.56,42.6,32.51,39.4,11.0,7.55,33.24,87.73,0.3817,0.1616,26.1,5.5,5.5,5.5,Petco Park,91,77,9,L To R,Yes,Yes,5,Yes,No,MLB Stats API; RotoWire,,H:2026/2025 P:2026/2025,,,Direct BvP not yet weighted; 2026/2025 Statcast baseline active,7,5,24,2,Hot streak: 2 HR in last 7 games,"switch hitter; pitcher baseline 7.5% barrel, 5.5 HR allowed",neutral batted-ball profile; pitcher fly-ball pressure modest,,
671289,Tyler Freeman,COL,SD,2026-07-29T20:10:00Z,Warmup,6,Kyle Hart,606996,L,R,1.61,0.0744,88.42,98.6936,0.36,0.0894,0.3173,70.74,12.99,34.23,20.52,36.69,2.7,7.55,33.24,87.73,0.3817,0.1616,26.1,5.5,5.5,5.5,Petco Park,91,77,9,L To R,Yes,Yes,6,Yes,No,MLB Stats API; RotoWire,,H:2026/2025 P:2026/2025,,,Direct BvP not yet weighted; 2026/2025 Statcast baseline active,7,3,22,0,"Last 7 games: 3/22, 0 HR","platoon edge; pitcher baseline 7.5% barrel, 5.5 HR allowed",neutral batted-ball profile; pitcher fly-ball pressure modest,,
666160,Mickey Moniak,COL,SD,2026-07-29T20:10:00Z,Warmup,7,Kyle Hart,606996,L,L,12.05,0.276,89.63,100.5394,0.455,0.2168,0.3153,74.22,44.19,47.99,38.31,44.04,19.1,7.55,33.24,87.73,0.3817,0.1616,26.1,5.5,5.5,5.5,Petco Park,91,77,9,L To R,Yes,Yes,7,Yes,No,MLB Stats API; RotoWire,,H:2026/2025 P:2026/2025,,,Direct BvP not yet weighted; 2026/2025 Statcast baseline active,7,9,28,2,Hot streak: 2 HR in last 7 games,"same-side matchup; pitcher baseline 7.5% barrel, 5.5 HR allowed",fly-ball profile; pitcher fly-ball pressure modest,,
678662,Ezequiel Tovar,COL,SD,2026-07-29T20:10:00Z,Warmup,8,Kyle Hart,606996,L,R,7.27,0.1309,87.93,98.9367,0.3815,0.152,0.2854,72.02,20.78,37.4,29.71,34.84,8.3,7.55,33.24,87.73,0.3817,0.1616,26.1,5.5,5.5,5.5,Petco Park,91,77,9,L To R,Yes,Yes,8,Yes,No,MLB Stats API; RotoWire,,H:2026/2025 P:2026/2025,,,Direct BvP not yet weighted; 2026/2025 Statcast baseline active,7,4,22,0,"Last 7 games: 4/22, 0 HR","platoon edge; pitcher baseline 7.5% barrel, 5.5 HR allowed",neutral batted-ball profile; pitcher fly-ball pressure modest,,
664954,Brett Sullivan,COL,SD,2026-07-29T20:10:00Z,Warmup,9,Kyle Hart,606996,L,L,9.39,0.1155,90.09,97.6625,0.3351,0.1416,0.2928,68.6,4.83,52.24,34.53,52.05,2.8,7.55,33.24,87.73,0.3817,0.1616,26.1,5.5,5.5,5.5,Petco Park,91,77,9,L To R,Yes,Yes,9,Yes,No,MLB Stats API; RotoWire,,H:2026/2025 P:2026/2025,,,Direct BvP not yet weighted; 2026/2025 Statcast baseline active,7,3,15,0,"Last 7 games: 3/15, 0 HR","same-side matchup; pitcher baseline 7.5% barrel, 5.5 HR allowed",neutral batted-ball profile; pitcher fly-ball pressure modest,,
665487,Fernando Tatis Jr.,SD,COL,2026-07-29T20:10:00Z,Warmup,1,Gabriel Hughes,687312,R,R,10.72,0.1339,92.53,104.3436,0.4558,0.1722,0.3602,75.4,57.05,32.98,21.24,53.2,13.1,1.9,28.8,88.9,0.252,0.063,30.8,0.0,0.0,0.0,Petco Park,91,77,9,L To R,Yes,Yes,1,Yes,No,MLB Stats API; RotoWire,,H:2026/2025 P:2026,,,Direct BvP not yet weighted; 2026/2025 Statcast baseline active,7,10,30,1,Contact streak: 10/30 over last 7 games,"same-side matchup; pitcher baseline 1.9% barrel, 0.0 HR allowed",EV profile; pitcher allows elevated contact,,
630105,Jake Cronenworth,SD,COL,2026-07-29T20:10:00Z,Warmup,2,Gabriel Hughes,687312,R,L,5.5,0.0939,88.22,98.6249,0.346,0.114,0.3099,71.53,17.81,32.8,20.83,35.36,5.4,1.9,28.8,88.9,0.252,0.063,30.8,0.0,0.0,0.0,Petco Park,91,77,9,L To R,Yes,Yes,2,Yes,No,MLB Stats API; RotoWire,,H:2026/2025 P:2026,,,Direct BvP not yet weighted; 2026/2025 Statcast baseline active,7,8,25,0,Contact streak: 8/25 over last 7 games,"platoon edge; pitcher baseline 1.9% barrel, 0.0 HR allowed",neutral batted-ball profile; pitcher allows elevated contact,,
592518,Manny Machado,SD,COL,2026-07-29T20:10:00Z,Warmup,3,Gabriel Hughes,687312,R,R,11.64,0.2137,91.22,101.9789,0.4565,0.2058,0.3389,74.64,44.33,40.64,28.57,46.53,24.2,1.9,28.8,88.9,0.252,0.063,30.8,0.0,0.0,0.0,Petco Park,91,77,9,L To R,Yes,Yes,3,Yes,No,MLB Stats API; RotoWire,,H:2026/2025 P:2026,,,Direct BvP not yet weighted; 2026/2025 Statcast baseline active,7,12,32,3,Hot streak: 3 HR in last 7 games,"same-side matchup; pitcher baseline 1.9% barrel, 0.0 HR allowed",neutral batted-ball profile; pitcher allows elevated contact,,
664034,Ty France,SD,COL,2026-07-29T20:10:00Z,Warmup,4,Gabriel Hughes,687312,R,R,10.43,0.2108,91.53,101.5477,0.4432,0.1877,0.3308,71.77,18.62,36.57,24.13,48.05,13.3,1.9,28.8,88.9,0.252,0.063,30.8,0.0,0.0,0.0,Petco Park,91,77,9,L To R,Yes,Yes,4,Yes,No,MLB Stats API; RotoWire,,H:2026/2025 P:2026,,,Direct BvP not yet weighted; 2026/2025 Statcast baseline active,7,10,31,1,Contact streak: 10/31 over last 7 games,"same-side matchup; pitcher baseline 1.9% barrel, 0.0 HR allowed",neutral batted-ball profile; pitcher allows elevated contact,,
701538,Jackson Merrill,SD,COL,2026-07-29T20:10:00Z,Warmup,5,Gabriel Hughes,687312,R,L,11.11,0.1692,89.84,100.4701,0.4564,0.2011,0.3288,72.98,27.18,37.63,28.59,45.42,15.3,1.9,28.8,88.9,0.252,0.063,30.8,0.0,0.0,0.0,Petco Park,91,77,9,L To R,Yes,Yes,5,Yes,No,MLB Stats API; RotoWire,,H:2026/2025 P:2026,,,Direct BvP not yet weighted; 2026/2025 Statcast baseline active,7,12,25,3,Hot streak: 3 HR in last 7 games,"platoon edge; pitcher baseline 1.9% barrel, 0.0 HR allowed",neutral batted-ball profile; pitcher allows elevated contact,,
650859,Luis Rengifo,SD,COL,2026-07-29T20:10:00Z,Warmup,6,Gabriel Hughes,687312,R,S,4.79,0.0802,88.01,98.3252,0.3596,0.1017,0.3041,70.69,14.86,36.06,17.24,36.41,4.1,1.9,28.8,88.9,0.252,0.063,30.8,0.0,0.0,0.0,Petco Park,91,77,9,L To R,Yes,Yes,6,Yes,No,MLB Stats API; RotoWire,,H:2026/2025 P:2026,,,Direct BvP not yet weighted; 2026/2025 Statcast baseline active,7,8,24,2,Hot streak: 2 HR in last 7 games,"switch hitter; pitcher baseline 1.9% barrel, 0.0 HR allowed",neutral batted-ball profile; pitcher allows elevated contact,,
657757,Gavin Sheets,SD,COL,2026-07-29T20:10:00Z,Warmup,7,Gabriel Hughes,687312,R,L,7.64,0.1819,88.36,99.6599,0.4026,0.162,0.3246,74.52,48.05,38.77,23.07,41.53,15.5,1.9,28.8,88.9,0.252,0.063,30.8,0.0,0.0,0.0,Petco Park,91,77,9,L To R,Yes,Yes,7,Yes,No,MLB Stats API; RotoWire,,H:2026/2025 P:2026,,,Direct BvP not yet weighted; 2026/2025 Statcast baseline active,7,4,19,0,"Last 7 games: 4/19, 0 HR","platoon edge; pitcher baseline 1.9% barrel, 0.0 HR allowed",neutral batted-ball profile; pitcher allows elevated contact,,
593428,Xander Bogaerts,SD,COL,2026-07-29T20:10:00Z,Warmup,8,Gabriel Hughes,687312,R,R,6.34,0.1105,88.44,99.7655,0.3829,0.1334,0.3193,72.41,27.82,44.64,23.62,38.64,9.6,1.9,28.8,88.9,0.252,0.063,30.8,0.0,0.0,0.0,Petco Park,91,77,9,L To R,Yes,Yes,8,Yes,No,MLB Stats API; RotoWire,,H:2026/2025 P:2026,,,Direct BvP not yet weighted; 2026/2025 Statcast baseline active,7,4,23,0,"Last 7 games: 4/23, 0 HR","same-side matchup; pitcher baseline 1.9% barrel, 0.0 HR allowed",neutral batted-ball profile; pitcher allows elevated contact,,
666023,Freddy Fermin,SD,COL,2026-07-29T20:10:00Z,Warmup,9,Gabriel Hughes,687312,R,R,3.01,0.1048,87.21,96.7402,0.2944,0.0918,0.2623,69.81,6.21,38.6,29.12,28.01,3.6,1.9,28.8,88.9,0.252,0.063,30.8,0.0,0.0,0.0,Petco Park,91,77,9,L To R,Yes,Yes,9,Yes,No,MLB Stats API; RotoWire,,H:2026/2025 P:2026,,,Direct BvP not yet weighted; 2026/2025 Statcast baseline active,7,4,14,0,"Last 7 games: 4/14, 0 HR","same-side matchup; pitcher baseline 1.9% barrel, 0.0 HR allowed",neutral batted-ball profile; pitcher allows elevated contact,,
694671,Wyatt Langford,TEX,TB,2026-07-29T22:40:00Z,Pre-Game,1,Casey Legumina,668984,R,R,10.36,0.2201,90.0,100.8796,0.4375,0.1918,0.3236,72.89,26.41,41.56,29.62,41.12,15.0,8.31,40.37,88.36,0.413,0.1575,29.2,4.9,4.9,4.9,Tropicana Field,100,72,0,None,Yes,Yes,1,Yes,No,MLB Stats API; RotoWire,,H:2026/2025 P:2026/2025,,,Direct BvP not yet weighted; 2026/2025 Statcast baseline active,7,8,28,2,Hot streak: 2 HR in last 7 games,"same-side matchup; pitcher baseline 8.3% barrel, 4.9 HR allowed",neutral batted-ball profile; pitcher fly-ball pressure modest,,
677649,Ezequiel Duran,TEX,TB,2026-07-29T22:40:00Z,Pre-Game,2,Casey Legumina,668984,R,R,5.47,0.1481,87.68,98.7498,0.3629,0.1174,0.2925,72.34,23.71,33.84,20.67,34.68,8.4,8.31,40.37,88.36,0.413,0.1575,29.2,4.9,4.9,4.9,Tropicana Field,100,72,0,None,Yes,Yes,2,Yes,No,MLB Stats API; RotoWire,,H:2026/2025 P:2026/2025,,,Direct BvP not yet weighted; 2026/2025 Statcast baseline active,7,10,26,2,Hot streak: 2 HR in last 7 games,"same-side matchup; pitcher baseline 8.3% barrel, 4.9 HR allowed",neutral batted-ball profile; pitcher fly-ball pressure modest,,
607043,Brandon Nimmo,TEX,TB,2026-07-29T22:40:00Z,Pre-Game,3,Casey Legumina,668984,R,L,10.9,0.1656,92.11,102.2757,0.4764,0.1985,0.3546,72.37,27.69,31.84,25.98,51.25,14.5,8.31,40.37,88.36,0.413,0.1575,29.2,4.9,4.9,4.9,Tropicana Field,100,72,0,None,Yes,Yes,3,Yes,No,MLB Stats API; RotoWire,,H:2026/2025 P:2026/2025,,,Direct BvP not yet weighted; 2026/2025 Statcast baseline active,7,10,27,1,Contact streak: 10/27 over last 7 games,"platoon edge; pitcher baseline 8.3% barrel, 4.9 HR allowed",EV profile; pitcher fly-ball pressure modest,,
669394,Jake Burger,TEX,TB,2026-07-29T22:40:00Z,Pre-Game,4,Casey Legumina,668984,R,R,11.8,0.1886,90.05,102.6439,0.4234,0.1872,0.3093,75.23,56.65,43.14,27.55,46.82,18.1,8.31,40.37,88.36,0.413,0.1575,29.2,4.9,4.9,4.9,Tropicana Field,100,72,0,None,Yes,Yes,4,Yes,No,MLB Stats API; RotoWire,,H:2026/2025 P:2026/2025,,,Direct BvP not yet weighted; 2026/2025 Statcast baseline active,7,6,26,3,Hot streak: 3 HR in last 7 games,"same-side matchup; pitcher baseline 8.3% barrel, 4.9 HR allowed",neutral batted-ball profile; pitcher fly-ball pressure modest,,
679822,Justin Foscue,TEX,TB,2026-07-29T22:40:00Z,Pre-Game,5,Casey Legumina,668984,R,R,7.84,0.1929,90.27,99.4916,0.4021,0.1768,0.2932,70.82,7.91,43.28,35.44,49.13,4.9,8.31,40.37,88.36,0.413,0.1575,29.2,4.9,4.9,4.9,Tropicana Field,100,72,0,None,Yes,Yes,5,Yes,No,MLB Stats API; RotoWire,,H:2026/2025 P:2026/2025,,,Direct BvP not yet weighted; 2026/2025 Statcast baseline active,7,2,14,0,"Last 7 games: 2/14, 0 HR","same-side matchup; pitcher baseline 8.3% barrel, 4.9 HR allowed",fly-ball profile; pitcher fly-ball pressure modest,,
670032,Nicky Lopez,TEX,TB,2026-07-29T22:40:00Z,Pre-Game,6,Casey Legumina,668984,R,L,0.0,0.028,85.08,95.6488,0.2704,0.0398,0.2589,66.65,0.75,34.15,11.58,28.45,0.7,8.31,40.37,88.36,0.413,0.1575,29.2,4.9,4.9,4.9,Tropicana Field,100,72,0,None,Yes,Yes,6,Yes,No,MLB Stats API; RotoWire,,H:2026/2025 P:2026/2025,,,Direct BvP not yet weighted; 2026/2025 Statcast baseline active,7,6,20,0,"Last 7 games: 6/20, 0 HR","platoon edge; pitcher baseline 8.3% barrel, 4.9 HR allowed",neutral batted-ball profile; pitcher fly-ball pressure modest,,
695508,Cam Cauley,TEX,TB,2026-07-29T22:40:00Z,Pre-Game,7,Casey Legumina,668984,R,R,0.0,0.194,85.6,94.2475,0.278,0.058,0.276,69.6,17.0,31.0,17.2,20.7,1.0,8.31,40.37,88.36,0.413,0.1575,29.2,4.9,4.9,4.9,Tropicana Field,100,72,0,None,Yes,Yes,7,Yes,No,MLB Stats API; RotoWire,,H:2026 P:2026/2025,,,Direct BvP not yet weighted; 2026/2025 Statcast baseline active,7,4,15,1,"Last 7 games: 4/15, 1 HR","same-side matchup; pitcher baseline 8.3% barrel, 4.9 HR allowed",neutral batted-ball profile; pitcher fly-ball pressure modest,,
696030,Alejandro Osuna,TEX,TB,2026-07-29T22:40:00Z,Pre-Game,8,Casey Legumina,668984,R,L,2.29,0.0513,87.5,98.653,0.338,0.0759,0.3158,71.55,21.09,26.73,16.7,31.47,1.3,8.31,40.37,88.36,0.413,0.1575,29.2,4.9,4.9,4.9,Tropicana Field,100,72,0,None,Yes,Yes,8,Yes,No,MLB Stats API; RotoWire,,H:2026/2025 P:2026/2025,,,Direct BvP not yet weighted; 2026/2025 Statcast baseline active,7,5,16,0,"Last 7 games: 5/16, 0 HR","platoon edge; pitcher baseline 8.3% barrel, 4.9 HR allowed",neutral batted-ball profile; pitcher fly-ball pressure modest,,
553869,Elias Díaz,TEX,TB,2026-07-29T22:40:00Z,Pre-Game,9,Casey Legumina,668984,R,R,6.13,0.1564,86.65,99.4227,0.3613,0.1264,0.275,74.27,42.21,40.1,27.8,36.25,5.5,8.31,40.37,88.36,0.413,0.1575,29.2,4.9,4.9,4.9,Tropicana Field,100,72,0,None,Yes,Yes,9,Yes,No,MLB Stats API; RotoWire,,H:2026/2025 P:2026/2025,,,Direct BvP not yet weighted; 2026/2025 Statcast baseline active,7,4,24,0,"Last 7 games: 4/24, 0 HR","same-side matchup; pitcher baseline 8.3% barrel, 4.9 HR allowed",neutral batted-ball profile; pitcher fly-ball pressure modest,,
650490,Yandy Díaz,TB,TEX,2026-07-29T22:40:00Z,Pre-Game,1,MacKenzie Gore,669022,L,R,7.32,0.1638,91.39,103.233,0.4464,0.1614,0.3544,73.74,38.73,22.83,19.86,48.65,17.3,9.27,43.68,89.84,0.3919,0.1523,27.3,15.8,15.8,15.8,Tropicana Field,100,72,0,None,Yes,Yes,1,Yes,No,MLB Stats API; RotoWire,,H:2026/2025 P:2026/2025,,,Direct BvP not yet weighted; 2026/2025 Statcast baseline active,7,5,30,1,"Last 7 games: 5/30, 1 HR","platoon edge; pitcher baseline 9.3% barrel, 15.8 HR allowed",neutral batted-ball profile; pitcher fly-ball pressure modest,,
666018,Jonathan Aranda,TB,TEX,2026-07-29T22:40:00Z,Pre-Game,2,MacKenzie Gore,669022,L,L,11.01,0.1597,91.6,101.3568,0.4702,0.1988,0.3652,70.08,12.02,30.47,30.06,47.64,14.0,9.27,43.68,89.84,0.3919,0.1523,27.3,15.8,15.8,15.8,Tropicana Field,100,72,0,None,Yes,Yes,2,Yes,No,MLB Stats API; RotoWire,,H:2026/2025 P:2026/2025,,,Direct BvP not yet weighted; 2026/2025 Statcast baseline active,7,7,31,0,"Last 7 games: 7/31, 0 HR","same-side matchup; pitcher baseline 9.3% barrel, 15.8 HR allowed",neutral batted-ball profile; pitcher fly-ball pressure modest,,
691406,Junior Caminero,TB,TEX,2026-07-29T22:40:00Z,Pre-Game,3,MacKenzie Gore,669022,L,R,13.3,0.2668,92.82,105.3165,0.501,0.2299,0.3628,79.48,86.42,46.99,23.42,50.98,33.8,9.27,43.68,89.84,0.3919,0.1523,27.3,15.8,15.8,15.8,Tropicana Field,100,72,0,None,Yes,Yes,3,Yes,No,MLB Stats API; RotoWire,,H:2026/2025 P:2026/2025,,,Direct BvP not yet weighted; 2026/2025 Statcast baseline active,7,8,28,0,"Last 7 games: 8/28, 0 HR","platoon edge; pitcher baseline 9.3% barrel, 15.8 HR allowed",EV profile; pitcher fly-ball pressure modest,,
668723,Ryan Vilade,TB,TEX,2026-07-29T22:40:00Z,Pre-Game,4,MacKenzie Gore,669022,L,R,7.74,0.1484,91.56,102.1983,0.376,0.145,0.3027,75.73,57.89,24.5,24.26,48.89,5.6,9.27,43.68,89.84,0.3919,0.1523,27.3,15.8,15.8,15.8,Tropicana Field,100,72,0,None,Yes,Yes,4,Yes,No,MLB Stats API; RotoWire,,H:2026/2025 P:2026/2025,,,Direct BvP not yet weighted; 2026/2025 Statcast baseline active,7,5,19,2,Hot streak: 2 HR in last 7 games,"platoon edge; pitcher baseline 9.3% barrel, 15.8 HR allowed",neutral batted-ball profile; pitcher fly-ball pressure modest,,
676356,Jonny DeLuca,TB,TEX,2026-07-29T22:40:00Z,Pre-Game,5,MacKenzie Gore,669022,L,R,3.42,0.1552,85.18,97.2609,0.3535,0.0991,0.281,72.96,30.27,45.46,22.41,30.33,4.2,9.27,43.68,89.84,0.3919,0.1523,27.3,15.8,15.8,15.8,Tropicana Field,100,72,0,None,Yes,Yes,5,Yes,No,MLB Stats API; RotoWire,,H:2026/2025 P:2026/2025,,,Direct BvP not yet weighted; 2026/2025 Statcast baseline active,7,7,26,1,"Last 7 games: 7/26, 1 HR","platoon edge; pitcher baseline 9.3% barrel, 15.8 HR allowed",neutral batted-ball profile; pitcher fly-ball pressure modest,,
802415,Chandler Simpson,TB,TEX,2026-07-29T22:40:00Z,Pre-Game,6,MacKenzie Gore,669022,L,L,0.0,0.0584,83.95,93.099,0.3073,0.0375,0.276,64.76,0.37,27.08,12.44,15.06,0.0,9.27,43.68,89.84,0.3919,0.1523,27.3,15.8,15.8,15.8,Tropicana Field,100,72,0,None,Yes,Yes,6,Yes,No,MLB Stats API; RotoWire,,H:2026/2025 P:2026/2025,,,Direct BvP not yet weighted; 2026/2025 Statcast baseline active,7,11,25,0,Contact streak: 11/25 over last 7 games,"same-side matchup; pitcher baseline 9.3% barrel, 15.8 HR allowed",neutral batted-ball profile; pitcher fly-ball pressure modest,,
810938,Ben Williamson,TB,TEX,2026-07-29T22:40:00Z,Pre-Game,7,MacKenzie Gore,669022,L,R,2.11,0.0717,87.6,98.6287,0.3325,0.0803,0.2865,69.56,10.98,26.99,14.6,35.74,1.7,9.27,43.68,89.84,0.3919,0.1523,27.3,15.8,15.8,15.8,Tropicana Field,100,72,0,None,Yes,Yes,7,Yes,No,MLB Stats API; RotoWire,,H:2026/2025 P:2026/2025,,,Direct BvP not yet weighted; 2026/2025 Statcast baseline active,7,7,21,0,Contact streak: 7/21 over last 7 games,"platoon edge; pitcher baseline 9.3% barrel, 15.8 HR allowed",neutral batted-ball profile; pitcher fly-ball pressure modest,,
663743,Nick Fortes,TB,TEX,2026-07-29T22:40:00Z,Pre-Game,8,MacKenzie Gore,669022,L,R,3.13,0.1116,86.45,99.2891,0.3374,0.0972,0.2791,72.28,22.05,50.35,18.71,37.2,4.3,9.27,43.68,89.84,0.3919,0.1523,27.3,15.8,15.8,15.8,Tropicana Field,100,72,0,None,Yes,Yes,8,Yes,No,MLB Stats API; RotoWire,,H:2026/2025 P:2026/2025,,,Direct BvP not yet weighted; 2026/2025 Statcast baseline active,7,12,23,2,Hot streak: 2 HR in last 7 games,"platoon edge; pitcher baseline 9.3% barrel, 15.8 HR allowed",neutral batted-ball profile; pitcher fly-ball pressure modest,,
670764,Taylor Walls,TB,TEX,2026-07-29T22:40:00Z,Pre-Game,9,MacKenzie Gore,669022,L,S,2.85,0.0801,85.81,95.3705,0.2705,0.0773,0.2526,68.38,2.34,36.44,29.12,23.67,1.2,9.27,43.68,89.84,0.3919,0.1523,27.3,15.8,15.8,15.8,Tropicana Field,100,72,0,None,Yes,Yes,9,Yes,No,MLB Stats API; RotoWire,,H:2026/2025 P:2026/2025,,,Direct BvP not yet weighted; 2026/2025 Statcast baseline active,7,5,18,0,"Last 7 games: 5/18, 0 HR","switch hitter; pitcher baseline 9.3% barrel, 15.8 HR allowed",neutral batted-ball profile; pitcher fly-ball pressure modest,,
680757,Steven Kwan,CLE,CIN,2026-07-29T23:10:00Z,Pre-Game,1,Brady Singer,663903,R,L,0.78,0.0719,84.24,92.4689,0.3408,0.0713,0.317,63.07,0.38,28.23,23.72,12.51,4.0,9.68,40.98,90.58,0.4405,0.1821,28.26,20.4,20.4,20.4,Great American Ball Park,121,80,8,Out To RF,Yes,Yes,1,Yes,No,MLB Stats API; RotoWire,,H:2026/2025 P:2026/2025,,,Direct BvP not yet weighted; 2026/2025 Statcast baseline active,7,9,28,0,Contact streak: 9/28 over last 7 games,"platoon edge; pitcher baseline 9.7% barrel, 20.4 HR allowed",neutral batted-ball profile; pitcher fly-ball pressure modest,,
608070,José Ramírez,CLE,CIN,2026-07-29T23:10:00Z,Pre-Game,2,Brady Singer,663903,R,S,6.3,0.1808,89.25,99.7941,0.439,0.1571,0.3469,70.27,13.19,49.92,29.97,40.36,16.0,9.68,40.98,90.58,0.4405,0.1821,28.26,20.4,20.4,20.4,Great American Ball Park,121,80,8,Out To RF,Yes,Yes,2,Yes,No,MLB Stats API; RotoWire,,H:2026/2025 P:2026/2025,,,Direct BvP not yet weighted; 2026/2025 Statcast baseline active,7,6,28,0,"Last 7 games: 6/28, 0 HR","switch hitter; pitcher baseline 9.7% barrel, 20.4 HR allowed",neutral batted-ball profile; pitcher fly-ball pressure modest,,
800050,Chase DeLauter,CLE,CIN,2026-07-29T23:10:00Z,Pre-Game,3,Brady Singer,663903,R,L,6.6,0.162,91.1,101.5364,0.431,0.155,0.344,71.5,18.5,38.3,20.0,45.3,11.0,9.68,40.98,90.58,0.4405,0.1821,28.26,20.4,20.4,20.4,Great American Ball Park,121,80,8,Out To RF,Yes,Yes,3,Yes,No,MLB Stats API; RotoWire,,H:2026 P:2026/2025,,,Direct BvP not yet weighted; 2026/2025 Statcast baseline active,7,5,25,0,"Last 7 games: 5/25, 0 HR","platoon edge; pitcher baseline 9.7% barrel, 20.4 HR allowed",neutral batted-ball profile; pitcher fly-ball pressure modest,,
683953,Travis Bazzana,CLE,CIN,2026-07-29T23:10:00Z,Pre-Game,4,Brady Singer,663903,R,L,4.6,0.158,88.1,98.4635,0.353,0.127,0.305,69.7,12.7,39.2,30.0,35.8,9.0,9.68,40.98,90.58,0.4405,0.1821,28.26,20.4,20.4,20.4,Great American Ball Park,121,80,8,Out To RF,Yes,Yes,4,Yes,No,MLB Stats API; RotoWire,,H:2026 P:2026/2025,,,Direct BvP not yet weighted; 2026/2025 Statcast baseline active,7,4,24,0,"Last 7 games: 4/24, 0 HR","platoon edge; pitcher baseline 9.7% barrel, 20.4 HR allowed",neutral batted-ball profile; pitcher fly-ball pressure modest,,
677587,Brayan Rocchio,CLE,CIN,2026-07-29T23:10:00Z,Pre-Game,5,Brady Singer,663903,R,S,3.23,0.1217,87.02,97.4837,0.3566,0.1081,0.2978,70.07,7.29,44.06,24.46,32.91,7.8,9.68,40.98,90.58,0.4405,0.1821,28.26,20.4,20.4,20.4,Great American Ball Park,121,80,8,Out To RF,Yes,Yes,5,Yes,No,MLB Stats API; RotoWire,,H:2026/2025 P:2026/2025,,,Direct BvP not yet weighted; 2026/2025 Statcast baseline active,7,5,28,0,"Last 7 games: 5/28, 0 HR","switch hitter; pitcher baseline 9.7% barrel, 20.4 HR allowed",neutral batted-ball profile; pitcher fly-ball pressure modest,,
700932,Kyle Manzardo,CLE,CIN,2026-07-29T23:10:00Z,Pre-Game,6,Brady Singer,663903,R,L,11.52,0.1762,89.74,99.125,0.3905,0.1731,0.3073,70.04,6.88,42.71,33.83,41.77,16.5,9.68,40.98,90.58,0.4405,0.1821,28.26,20.4,20.4,20.4,Great American Ball Park,121,80,8,Out To RF,Yes,Yes,6,Yes,No,MLB Stats API; RotoWire,,H:2026/2025 P:2026/2025,,,Direct BvP not yet weighted; 2026/2025 Statcast baseline active,7,4,20,2,Hot streak: 2 HR in last 7 games,"platoon edge; pitcher baseline 9.7% barrel, 20.4 HR allowed",neutral batted-ball profile; pitcher fly-ball pressure modest,,
672356,Gabriel Arias,CLE,CIN,2026-07-29T23:10:00Z,Pre-Game,7,Brady Singer,663903,R,R,11.16,0.1465,91.04,103.042,0.392,0.1675,0.2846,74.61,46.96,37.01,18.7,46.31,6.8,9.68,40.98,90.58,0.4405,0.1821,28.26,20.4,20.4,20.4,Great American Ball Park,121,80,8,Out To RF,Yes,Yes,7,Yes,No,MLB Stats API; RotoWire,,H:2026/2025 P:2026/2025,,,Direct BvP not yet weighted; 2026/2025 Statcast baseline active,7,7,22,0,"Last 7 games: 7/22, 0 HR","same-side matchup; pitcher baseline 9.7% barrel, 20.4 HR allowed",neutral batted-ball profile; pitcher fly-ball pressure modest,,
672275,Patrick Bailey,CLE,CIN,2026-07-29T23:10:00Z,Pre-Game,8,Brady Singer,663903,R,S,6.79,0.1058,89.67,99.3872,0.3701,0.1447,0.2836,72.58,28.68,31.59,25.01,39.48,5.3,9.68,40.98,90.58,0.4405,0.1821,28.26,20.4,20.4,20.4,Great American Ball Park,121,80,8,Out To RF,Yes,Yes,8,Yes,No,MLB Stats API; RotoWire,,H:2026/2025 P:2026/2025,,,Direct BvP not yet weighted; 2026/2025 Statcast baseline active,7,6,22,2,Hot streak: 2 HR in last 7 games,"switch hitter; pitcher baseline 9.7% barrel, 20.4 HR allowed",neutral batted-ball profile; pitcher fly-ball pressure modest,,
690984,Petey Halpin,CLE,CIN,2026-07-29T23:10:00Z,Pre-Game,9,Brady Singer,663903,R,L,5.46,0.0812,82.5,94.1757,0.3031,0.0987,0.2741,70.43,6.16,41.39,35.71,20.93,1.4,9.68,40.98,90.58,0.4405,0.1821,28.26,20.4,20.4,20.4,Great American Ball Park,121,80,8,Out To RF,Yes,Yes,9,Yes,No,MLB Stats API; RotoWire,,H:2026/2025 P:2026/2025,,,Direct BvP not yet weighted; 2026/2025 Statcast baseline active,7,3,21,0,"Last 7 games: 3/21, 0 HR","platoon edge; pitcher baseline 9.7% barrel, 20.4 HR allowed",fly-ball profile; pitcher fly-ball pressure modest,,
682829,Elly De La Cruz,CIN,CLE,2026-07-29T23:10:00Z,Pre-Game,1,Joey Cantillo,676282,L,S,13.8,0.2082,93.31,104.2875,0.4702,0.201,0.3535,75.2,52.0,35.94,25.73,50.43,19.2,7.27,38.58,88.24,0.3658,0.1368,27.09,12.1,12.1,12.1,Great American Ball Park,121,80,8,Out To RF,Yes,Yes,1,Yes,No,MLB Stats API; RotoWire,,H:2026/2025 P:2026/2025,,,Direct BvP not yet weighted; 2026/2025 Statcast baseline active,7,7,28,2,Hot streak: 2 HR in last 7 games,"switch hitter; pitcher baseline 7.3% barrel, 12.1 HR allowed",EV profile; pitcher fly-ball pressure modest,,
701398,Sal Stewart,CIN,CLE,2026-07-29T23:10:00Z,Pre-Game,2,Joey Cantillo,676282,L,R,15.45,0.2417,91.97,101.6307,0.5208,0.2575,0.3646,72.31,27.77,38.99,32.09,43.75,16.9,7.27,38.58,88.24,0.3658,0.1368,27.09,12.1,12.1,12.1,Great American Ball Park,121,80,8,Out To RF,Yes,Yes,2,Yes,No,MLB Stats API; RotoWire,,H:2026/2025 P:2026/2025,,,Direct BvP not yet weighted; 2026/2025 Statcast baseline active,7,7,23,2,Hot streak: 2 HR in last 7 games,"platoon edge; pitcher baseline 7.3% barrel, 12.1 HR allowed",neutral batted-ball profile; pitcher fly-ball pressure modest,,
667472,Dane Myers,CIN,CLE,2026-07-29T23:10:00Z,Pre-Game,3,Joey Cantillo,676282,L,R,6.68,0.1043,90.07,99.7219,0.4014,0.1505,0.3278,71.28,19.55,25.62,26.08,37.31,3.9,7.27,38.58,88.24,0.3658,0.1368,27.09,12.1,12.1,12.1,Great American Ball Park,121,80,8,Out To RF,Yes,Yes,3,Yes,No,MLB Stats API; RotoWire,,H:2026/2025 P:2026/2025,,,Direct BvP not yet weighted; 2026/2025 Statcast baseline active,7,7,23,0,"Last 7 games: 7/23, 0 HR","platoon edge; pitcher baseline 7.3% barrel, 12.1 HR allowed",neutral batted-ball profile; pitcher fly-ball pressure modest,,
553993,Eugenio Suárez,CIN,CLE,2026-07-29T23:10:00Z,Pre-Game,4,Joey Cantillo,676282,L,R,11.71,0.2238,88.94,99.8973,0.3713,0.1771,0.2801,71.88,21.11,47.54,33.76,37.03,24.5,7.27,38.58,88.24,0.3658,0.1368,27.09,12.1,12.1,12.1,Great American Ball Park,121,80,8,Out To RF,Yes,Yes,4,Yes,No,MLB Stats API; RotoWire,,H:2026/2025 P:2026/2025,,,Direct BvP not yet weighted; 2026/2025 Statcast baseline active,7,4,27,2,Hot streak: 2 HR in last 7 games,"platoon edge; pitcher baseline 7.3% barrel, 12.1 HR allowed",neutral batted-ball profile; pitcher fly-ball pressure modest,,
663886,Tyler Stephenson,CIN,CLE,2026-07-29T23:10:00Z,Pre-Game,5,Joey Cantillo,676282,L,R,12.54,0.162,90.85,100.6022,0.4487,0.2054,0.3354,70.8,8.33,38.48,31.96,47.1,9.5,7.27,38.58,88.24,0.3658,0.1368,27.09,12.1,12.1,12.1,Great American Ball Park,121,80,8,Out To RF,Yes,Yes,5,Yes,No,MLB Stats API; RotoWire,,H:2026/2025 P:2026/2025,,,Direct BvP not yet weighted; 2026/2025 Statcast baseline active,7,8,23,2,Hot streak: 2 HR in last 7 games,"platoon edge; pitcher baseline 7.3% barrel, 12.1 HR allowed",neutral batted-ball profile; pitcher fly-ball pressure modest,,
682622,Noelvi Marte,CIN,CLE,2026-07-29T23:10:00Z,Pre-Game,6,Joey Cantillo,676282,L,R,6.65,0.1689,87.94,99.3401,0.3627,0.1401,0.276,72.81,30.61,43.59,20.22,31.05,8.4,7.27,38.58,88.24,0.3658,0.1368,27.09,12.1,12.1,12.1,Great American Ball Park,121,80,8,Out To RF,Yes,Yes,6,Yes,No,MLB Stats API; RotoWire,,H:2026/2025 P:2026/2025,,,Direct BvP not yet weighted; 2026/2025 Statcast baseline active,7,3,20,0,"Last 7 games: 3/20, 0 HR","platoon edge; pitcher baseline 7.3% barrel, 12.1 HR allowed",neutral batted-ball profile; pitcher fly-ball pressure modest,,
671155,Ivan Johnson,CIN,CLE,2026-07-29T23:10:00Z,Pre-Game,7,Joey Cantillo,676282,L,S,0.0,0.0,85.6,92.8858,0.228,0.095,0.274,74.7,46.7,40.0,60.0,20.0,0.0,7.27,38.58,88.24,0.3658,0.1368,27.09,12.1,12.1,12.1,Great American Ball Park,121,80,8,Out To RF,Yes,Yes,7,Yes,No,MLB Stats API; RotoWire,,H:2026 P:2026/2025,,,Direct BvP not yet weighted; 2026/2025 Statcast baseline active,6,1,7,0,"Last 6 games: 1/7, 0 HR","switch hitter; pitcher baseline 7.3% barrel, 12.1 HR allowed",fly-ball profile; pitcher fly-ball pressure modest,,
695490,Edwin Arroyo,CIN,CLE,2026-07-29T23:10:00Z,Pre-Game,8,Joey Cantillo,676282,L,S,1.0,0.039,87.5,95.858,0.366,0.074,0.31,69.4,5.4,42.6,17.8,25.7,0.0,7.27,38.58,88.24,0.3658,0.1368,27.09,12.1,12.1,12.1,Great American Ball Park,121,80,8,Out To RF,Yes,Yes,8,Yes,No,MLB Stats API; RotoWire,,H:2026 P:2026/2025,,,Direct BvP not yet weighted; 2026/2025 Statcast baseline active,7,6,21,0,"Last 7 games: 6/21, 0 HR","switch hitter; pitcher baseline 7.3% barrel, 12.1 HR allowed",neutral batted-ball profile; pitcher fly-ball pressure modest,,
663647,Ke'Bryan Hayes,CIN,CLE,2026-07-29T23:10:00Z,Pre-Game,9,Joey Cantillo,676282,L,R,6.98,0.0836,90.42,99.9735,0.3763,0.1285,0.2974,70.85,8.09,30.32,25.26,40.26,3.6,7.27,38.58,88.24,0.3658,0.1368,27.09,12.1,12.1,12.1,Great American Ball Park,121,80,8,Out To RF,Yes,Yes,9,Yes,No,MLB Stats API; RotoWire,,H:2026/2025 P:2026/2025,,,Direct BvP not yet weighted; 2026/2025 Statcast baseline active,7,3,15,1,"Last 7 games: 3/15, 1 HR","platoon edge; pitcher baseline 7.3% barrel, 12.1 HR allowed",neutral batted-ball profile; pitcher fly-ball pressure modest,,
695600,Carter Jensen,KC,MIN,2026-07-29T23:40:00Z,Scheduled,1,Joe Ryan,657746,R,L,12.96,0.2052,92.18,102.8476,0.444,0.199,0.3329,74.2,39.66,39.32,29.79,47.8,10.7,11.36,42.04,89.85,0.3921,0.174,30.38,19.0,19.0,19.0,Target Field,99,,,,No,No,1,Yes,Yes,RotoWire projected lineup; MLB probable pitchers,lineup projected / unconfirmed,H:2026/2025 P:2026/2025,,,Direct BvP not yet weighted; 2026/2025 Statcast baseline active,7,4,24,1,"Last 7 games: 4/24, 1 HR","platoon edge; pitcher baseline 11.4% barrel, 19.0 HR allowed",EV profile; pitcher allows elevated contact,,
657041,Lane Thomas,KC,MIN,2026-07-29T23:40:00Z,Scheduled,2,Joe Ryan,657746,R,R,5.99,0.1512,88.99,99.5899,0.3427,0.1236,0.2948,72.49,23.36,42.33,25.09,39.14,8.2,11.36,42.04,89.85,0.3921,0.174,30.38,19.0,19.0,19.0,Target Field,99,,,,No,No,2,Yes,Yes,RotoWire projected lineup; MLB probable pitchers,lineup projected / unconfirmed,H:2026/2025 P:2026/2025,,,Direct BvP not yet weighted; 2026/2025 Statcast baseline active,7,3,28,1,"Last 7 games: 3/28, 1 HR","same-side matchup; pitcher baseline 11.4% barrel, 19.0 HR allowed",neutral batted-ball profile; pitcher allows elevated contact,,
695506,Jac Caglianone,KC,MIN,2026-07-29T23:40:00Z,Scheduled,3,Joe Ryan,657746,R,L,14.03,0.18,91.92,104.834,0.4695,0.2129,0.3413,77.4,75.53,43.37,22.61,51.5,13.3,11.36,42.04,89.85,0.3921,0.174,30.38,19.0,19.0,19.0,Target Field,99,,,,No,No,3,Yes,Yes,RotoWire projected lineup; MLB probable pitchers,lineup projected / unconfirmed,H:2026/2025 P:2026/2025,,,Direct BvP not yet weighted; 2026/2025 Statcast baseline active,7,2,22,1,"Last 7 games: 2/22, 1 HR","platoon edge; pitcher baseline 11.4% barrel, 19.0 HR allowed",neutral batted-ball profile; pitcher allows elevated contact,,
521692,Salvador Perez,KC,MIN,2026-07-29T23:40:00Z,Scheduled,4,Joe Ryan,657746,R,R,11.51,0.1715,89.37,100.8099,0.4465,0.2058,0.3157,71.99,22.38,42.26,30.08,44.11,19.5,11.36,42.04,89.85,0.3921,0.174,30.38,19.0,19.0,19.0,Target Field,99,,,,No,No,4,Yes,Yes,RotoWire projected lineup; MLB probable pitchers,lineup projected / unconfirmed,H:2026/2025 P:2026/2025,,,Direct BvP not yet weighted; 2026/2025 Statcast baseline active,7,5,26,2,Hot streak: 2 HR in last 7 games,"same-side matchup; pitcher baseline 11.4% barrel, 19.0 HR allowed",neutral batted-ball profile; pitcher allows elevated contact,,
686469,Vinnie Pasquantino,KC,MIN,2026-07-29T23:40:00Z,Scheduled,5,Joe Ryan,657746,R,L,8.0,0.1424,89.57,99.887,0.4098,0.1602,0.3207,70.96,14.64,43.07,27.25,41.2,13.8,11.36,42.04,89.85,0.3921,0.174,30.38,19.0,19.0,19.0,Target Field,99,,,,No,No,5,Yes,Yes,RotoWire projected lineup; MLB probable pitchers,lineup projected / unconfirmed,H:2026/2025 P:2026/2025,,,Direct BvP not yet weighted; 2026/2025 Statcast baseline active,7,8,24,0,Contact streak: 8/24 over last 7 games,"platoon edge; pitcher baseline 11.4% barrel, 19.0 HR allowed",neutral batted-ball profile; pitcher allows elevated contact,,
686681,Michael Massey,KC,MIN,2026-07-29T23:40:00Z,Scheduled,6,Joe Ryan,657746,R,L,5.68,0.1348,89.18,98.6782,0.3817,0.1444,0.2881,71.43,12.08,48.31,33.18,38.67,6.5,11.36,42.04,89.85,0.3921,0.174,30.38,19.0,19.0,19.0,Target Field,99,,,,No,No,6,Yes,Yes,RotoWire projected lineup; MLB probable pitchers,lineup projected / unconfirmed,H:2026/2025 P:2026/2025,,,Direct BvP not yet weighted; 2026/2025 Statcast baseline active,7,7,23,1,"Last 7 games: 7/23, 1 HR","platoon edge; pitcher baseline 11.4% barrel, 19.0 HR allowed",neutral batted-ball profile; pitcher allows elevated contact,,
679845,Nick Loftin,KC,MIN,2026-07-29T23:40:00Z,Scheduled,7,Joe Ryan,657746,R,R,5.32,0.1546,87.57,97.0706,0.3618,0.1214,0.3066,69.12,5.06,45.41,27.24,31.27,4.7,11.36,42.04,89.85,0.3921,0.174,30.38,19.0,19.0,19.0,Target Field,99,,,,No,No,7,Yes,Yes,RotoWire projected lineup; MLB probable pitchers,lineup projected / unconfirmed,H:2026/2025 P:2026/2025,,,Direct BvP not yet weighted; 2026/2025 Statcast baseline active,7,8,22,1,Contact streak: 8/22 over last 7 games,"same-side matchup; pitcher baseline 11.4% barrel, 19.0 HR allowed",neutral batted-ball profile; pitcher allows elevated contact,,
686555,Isaac Collins,KC,MIN,2026-07-29T23:40:00Z,Scheduled,8,Joe Ryan,657746,R,S,5.53,0.1319,88.45,99.9607,0.3373,0.1018,0.3094,73.26,30.2,40.33,26.93,39.95,6.9,11.36,42.04,89.85,0.3921,0.174,30.38,19.0,19.0,19.0,Target Field,99,,,,No,No,8,Yes,Yes,RotoWire projected lineup; MLB probable pitchers,lineup projected / unconfirmed,H:2026/2025 P:2026/2025,,,Direct BvP not yet weighted; 2026/2025 Statcast baseline active,7,4,22,1,"Last 7 games: 4/22, 1 HR","switch hitter; pitcher baseline 11.4% barrel, 19.0 HR allowed",neutral batted-ball profile; pitcher allows elevated contact,,
623205,Andrew Velazquez,KC,MIN,2026-07-29T23:40:00Z,Scheduled,9,Joe Ryan,657746,R,S,0.0,0.0,84.9,95.6089,0.196,0.025,0.161,69.1,6.3,27.3,18.2,27.3,0.0,11.36,42.04,89.85,0.3921,0.174,30.38,19.0,19.0,19.0,Target Field,99,,,,No,No,9,Yes,Yes,RotoWire projected lineup; MLB probable pitchers,lineup projected / unconfirmed,H:2026 P:2026/2025,,,Direct BvP not yet weighted; 2026/2025 Statcast baseline active,5,1,13,0,"Last 5 games: 1/13, 0 HR","switch hitter; pitcher baseline 11.4% barrel, 19.0 HR allowed",neutral batted-ball profile; pitcher allows elevated contact,,
663616,Trevor Larnach,MIN,KC,2026-07-29T23:40:00Z,Scheduled,1,Randy Dobnak,677976,R,L,7.48,0.1596,88.24,99.2968,0.4065,0.146,0.3334,71.92,20.61,42.06,24.61,37.79,10.7,5.39,45.59,92.02,0.429,0.1422,17.86,1.7,1.7,1.7,Target Field,99,,,,No,No,1,Yes,Yes,RotoWire projected lineup; MLB probable pitchers,lineup projected / unconfirmed,H:2026/2025 P:2026/2025,,,Direct BvP not yet weighted; 2026/2025 Statcast baseline active,7,7,22,1,"Last 7 games: 7/22, 1 HR","platoon edge; pitcher baseline 5.4% barrel, 1.7 HR allowed",neutral batted-ball profile; pitcher fly-ball pressure modest,,
621439,Byron Buxton,MIN,KC,2026-07-29T23:40:00Z,Scheduled,2,Randy Dobnak,677976,R,R,17.63,0.2828,90.96,102.324,0.5112,0.2611,0.3486,74.44,44.06,47.47,34.7,49.25,28.0,5.39,45.59,92.02,0.429,0.1422,17.86,1.7,1.7,1.7,Target Field,99,,,,No,No,2,Yes,Yes,RotoWire projected lineup; MLB probable pitchers,lineup projected / unconfirmed,H:2026/2025 P:2026/2025,,,Direct BvP not yet weighted; 2026/2025 Statcast baseline active,7,4,25,0,"Last 7 games: 4/25, 0 HR","same-side matchup; pitcher baseline 5.4% barrel, 1.7 HR allowed",neutral batted-ball profile; pitcher fly-ball pressure modest,,
680777,Ryan Jeffers,MIN,KC,2026-07-29T23:40:00Z,Scheduled,3,Randy Dobnak,677976,R,R,10.99,0.2052,89.79,101.1782,0.456,0.1983,0.3614,72.79,34.75,37.18,28.45,41.47,9.0,5.39,45.59,92.02,0.429,0.1422,17.86,1.7,1.7,1.7,Target Field,99,,,,No,No,3,Yes,Yes,RotoWire projected lineup; MLB probable pitchers,lineup projected / unconfirmed,H:2026/2025 P:2026/2025,,,Direct BvP not yet weighted; 2026/2025 Statcast baseline active,7,8,26,1,"Last 7 games: 8/26, 1 HR","same-side matchup; pitcher baseline 5.4% barrel, 1.7 HR allowed",neutral batted-ball profile; pitcher fly-ball pressure modest,,
665019,Kody Clemens,MIN,KC,2026-07-29T23:40:00Z,Scheduled,4,Randy Dobnak,677976,R,L,12.28,0.2392,92.34,101.6142,0.4531,0.2048,0.3303,72.06,14.24,45.1,32.97,47.6,18.3,5.39,45.59,92.02,0.429,0.1422,17.86,1.7,1.7,1.7,Target Field,99,,,,No,No,4,Yes,Yes,RotoWire projected lineup; MLB probable pitchers,lineup projected / unconfirmed,H:2026/2025 P:2026/2025,,,Direct BvP not yet weighted; 2026/2025 Statcast baseline active,7,8,30,0,"Last 7 games: 8/30, 0 HR","platoon edge; pitcher baseline 5.4% barrel, 1.7 HR allowed",lift-pull EV profile; pitcher fly-ball pressure modest,,
605137,Josh Bell,MIN,KC,2026-07-29T23:40:00Z,Scheduled,5,Randy Dobnak,677976,R,S,10.42,0.1716,90.12,100.9921,0.4472,0.1989,0.331,72.26,28.18,40.94,26.22,44.27,15.7,5.39,45.59,92.02,0.429,0.1422,17.86,1.7,1.7,1.7,Target Field,99,,,,No,No,5,Yes,Yes,RotoWire projected lineup; MLB probable pitchers,lineup projected / unconfirmed,H:2026/2025 P:2026/2025,,,Direct BvP not yet weighted; 2026/2025 Statcast baseline active,7,6,28,0,"Last 7 games: 6/28, 0 HR","switch hitter; pitcher baseline 5.4% barrel, 1.7 HR allowed",neutral batted-ball profile; pitcher fly-ball pressure modest,,
668904,Royce Lewis,MIN,KC,2026-07-29T23:40:00Z,Scheduled,6,Randy Dobnak,677976,R,R,11.08,0.1657,89.45,100.6159,0.3923,0.1649,0.304,74.44,47.99,46.44,31.13,41.21,10.9,5.39,45.59,92.02,0.429,0.1422,17.86,1.7,1.7,1.7,Target Field,99,,,,No,No,6,Yes,Yes,RotoWire projected lineup; MLB probable pitchers,lineup projected / unconfirmed,H:2026/2025 P:2026/2025,,,Direct BvP not yet weighted; 2026/2025 Statcast baseline active,7,4,23,0,"Last 7 games: 4/23, 0 HR","same-side matchup; pitcher baseline 5.4% barrel, 1.7 HR allowed",neutral batted-ball profile; pitcher fly-ball pressure modest,,
686797,Brooks Lee,MIN,KC,2026-07-29T23:40:00Z,Scheduled,7,Randy Dobnak,677976,R,S,4.4,0.1641,87.9,97.4268,0.3425,0.1141,0.2785,69.99,8.56,41.36,27.6,33.53,15.3,5.39,45.59,92.02,0.429,0.1422,17.86,1.7,1.7,1.7,Target Field,99,,,,No,No,7,Yes,Yes,RotoWire projected lineup; MLB probable pitchers,lineup projected / unconfirmed,H:2026/2025 P:2026/2025,,,Direct BvP not yet weighted; 2026/2025 Statcast baseline active,7,6,27,1,"Last 7 games: 6/27, 1 HR","switch hitter; pitcher baseline 5.4% barrel, 1.7 HR allowed",neutral batted-ball profile; pitcher fly-ball pressure modest,,
807712,Luke Keaschall,MIN,KC,2026-07-29T23:40:00Z,Scheduled,8,Randy Dobnak,677976,R,R,3.59,0.1017,85.15,96.6271,0.3458,0.1048,0.3079,68.58,7.66,37.84,26.06,29.38,4.0,5.39,45.59,92.02,0.429,0.1422,17.86,1.7,1.7,1.7,Target Field,99,,,,No,No,8,Yes,Yes,RotoWire projected lineup; MLB probable pitchers,lineup projected / unconfirmed,H:2026/2025 P:2026/2025,,,Direct BvP not yet weighted; 2026/2025 Statcast baseline active,7,4,22,0,"Last 7 games: 4/22, 0 HR","same-side matchup; pitcher baseline 5.4% barrel, 1.7 HR allowed",neutral batted-ball profile; pitcher fly-ball pressure modest,,
668952,Ryan Kreidler,MIN,KC,2026-07-29T23:40:00Z,Scheduled,9,Randy Dobnak,677976,R,R,6.97,0.1197,88.41,99.4108,0.3523,0.1357,0.2794,73.31,33.35,45.47,27.39,33.92,3.5,5.39,45.59,92.02,0.429,0.1422,17.86,1.7,1.7,1.7,Target Field,99,,,,No,No,9,Yes,Yes,RotoWire projected lineup; MLB probable pitchers,lineup projected / unconfirmed,H:2026/2025 P:2026/2025,,,Direct BvP not yet weighted; 2026/2025 Statcast baseline active,7,5,22,0,"Last 7 games: 5/22, 0 HR","same-side matchup; pitcher baseline 5.4% barrel, 1.7 HR allowed",neutral batted-ball profile; pitcher fly-ball pressure modest,,
663757,Trent Grisham,NYY,CWS,2026-07-29T23:40:00Z,Pre-Game,1,Davis Martin,663436,R,L,11.4,0.1898,90.89,100.7706,0.4574,0.208,0.3532,70.65,8.91,47.03,30.42,45.49,17.9,7.35,44.46,90.42,0.4167,0.1489,22.08,10.2,10.2,10.2,Rate Field,100,75,9,Out To RF,No,No,1,Yes,Yes,RotoWire projected lineup; MLB probable pitchers,lineup projected / unconfirmed,H:2026/2025 P:2026/2025,,,Direct BvP not yet weighted; 2026/2025 Statcast baseline active,7,2,22,0,"Last 7 games: 2/22, 0 HR","platoon edge; pitcher baseline 7.3% barrel, 10.2 HR allowed",neutral batted-ball profile; pitcher fly-ball pressure modest,,
700250,Ben Rice,NYY,CWS,2026-07-29T23:40:00Z,Pre-Game,2,Davis Martin,663436,R,L,15.47,0.2881,92.39,102.5737,0.5285,0.2548,0.3805,72.91,28.13,46.43,29.27,50.43,29.5,7.35,44.46,90.42,0.4167,0.1489,22.08,10.2,10.2,10.2,Rate Field,100,75,9,Out To RF,No,No,2,Yes,Yes,RotoWire projected lineup; MLB probable pitchers,lineup projected / unconfirmed,H:2026/2025 P:2026/2025,,,Direct BvP not yet weighted; 2026/2025 Statcast baseline active,7,5,30,2,Hot streak: 2 HR in last 7 games,"platoon edge; pitcher baseline 7.3% barrel, 10.2 HR allowed",EV profile; pitcher fly-ball pressure modest,,
502671,Paul Goldschmidt,NYY,CWS,2026-07-29T23:40:00Z,Pre-Game,3,Davis Martin,663436,R,R,10.31,0.192,87.6,99.4743,0.429,0.1854,0.3178,71.69,16.3,33.88,28.93,39.29,14.2,7.35,44.46,90.42,0.4167,0.1489,22.08,10.2,10.2,10.2,Rate Field,100,75,9,Out To RF,No,No,3,Yes,Yes,RotoWire projected lineup; MLB probable pitchers,lineup projected / unconfirmed,H:2026/2025 P:2026/2025,,,Direct BvP not yet weighted; 2026/2025 Statcast baseline active,7,5,23,1,"Last 7 games: 5/23, 1 HR","same-side matchup; pitcher baseline 7.3% barrel, 10.2 HR allowed",neutral batted-ball profile; pitcher fly-ball pressure modest,,
665862,Jazz Chisholm,NYY,CWS,2026-07-29T23:40:00Z,Pre-Game,4,Davis Martin,663436,R,L,11.36,0.2026,90.26,100.5458,0.404,0.1882,0.3061,73.34,33.78,53.1,29.91,42.18,20.5,7.35,44.46,90.42,0.4167,0.1489,22.08,10.2,10.2,10.2,Rate Field,100,75,9,Out To RF,No,No,4,Yes,Yes,RotoWire projected lineup; MLB probable pitchers,lineup projected / unconfirmed,H:2026/2025 P:2026/2025,,,Direct BvP not yet weighted; 2026/2025 Statcast baseline active,7,6,26,2,Hot streak: 2 HR in last 7 games,"platoon edge; pitcher baseline 7.3% barrel, 10.2 HR allowed",neutral batted-ball profile; pitcher fly-ball pressure modest,,
691176,Jasson Dominguez,NYY,CWS,2026-07-29T23:40:00Z,Pre-Game,5,Davis Martin,663436,R,S,5.6,0.1506,88.92,100.9076,0.3742,0.1211,0.299,74.38,40.25,44.02,23.71,42.04,7.2,7.35,44.46,90.42,0.4167,0.1489,22.08,10.2,10.2,10.2,Rate Field,100,75,9,Out To RF,No,No,5,Yes,Yes,RotoWire projected lineup; MLB probable pitchers,lineup projected / unconfirmed,H:2026/2025 P:2026/2025,,,Direct BvP not yet weighted; 2026/2025 Statcast baseline active,7,8,28,1,"Last 7 games: 8/28, 1 HR","switch hitter; pitcher baseline 7.3% barrel, 10.2 HR allowed",neutral batted-ball profile; pitcher fly-ball pressure modest,,
641857,Ryan McMahon,NYY,CWS,2026-07-29T23:40:00Z,Pre-Game,6,Davis Martin,663436,R,L,11.12,0.1635,91.76,102.2442,0.4064,0.1772,0.3094,74.49,46.89,39.24,31.47,50.64,12.3,7.35,44.46,90.42,0.4167,0.1489,22.08,10.2,10.2,10.2,Rate Field,100,75,9,Out To RF,No,No,6,Yes,Yes,RotoWire projected lineup; MLB probable pitchers,lineup projected / unconfirmed,H:2026/2025 P:2026/2025,,,Direct BvP not yet weighted; 2026/2025 Statcast baseline active,7,2,15,0,"Last 7 games: 2/15, 0 HR","platoon edge; pitcher baseline 7.3% barrel, 10.2 HR allowed",neutral batted-ball profile; pitcher fly-ball pressure modest,,
676609,Jose Caballero,NYY,CWS,2026-07-29T23:40:00Z,Pre-Game,7,Davis Martin,663436,R,R,4.22,0.1285,84.53,96.3774,0.3236,0.1038,0.2759,68.89,8.08,41.6,21.59,26.47,8.5,7.35,44.46,90.42,0.4167,0.1489,22.08,10.2,10.2,10.2,Rate Field,100,75,9,Out To RF,No,No,7,Yes,Yes,RotoWire projected lineup; MLB probable pitchers,lineup projected / unconfirmed,H:2026/2025 P:2026/2025,,,Direct BvP not yet weighted; 2026/2025 Statcast baseline active,7,3,25,0,"Last 7 games: 3/25, 0 HR","same-side matchup; pitcher baseline 7.3% barrel, 10.2 HR allowed",neutral batted-ball profile; pitcher fly-ball pressure modest,,
682987,Spencer Jones,NYY,CWS,2026-07-29T23:40:00Z,Pre-Game,8,Davis Martin,663436,R,L,6.8,0.126,94.8,103.5521,0.344,0.144,0.287,77.9,80.2,27.3,34.1,62.8,2.0,7.35,44.46,90.42,0.4167,0.1489,22.08,10.2,10.2,10.2,Rate Field,100,75,9,Out To RF,No,No,8,Yes,Yes,RotoWire projected lineup; MLB probable pitchers,lineup projected / unconfirmed,H:2026 P:2026/2025,,,Direct BvP not yet weighted; 2026/2025 Statcast baseline active,7,3,15,0,"Last 7 games: 3/15, 0 HR","platoon edge; pitcher baseline 7.3% barrel, 10.2 HR allowed",EV profile; pitcher fly-ball pressure modest,,
669224,Austin Wells,NYY,CWS,2026-07-29T23:40:00Z,Pre-Game,9,Davis Martin,663436,R,L,7.82,0.1414,89.34,100.4941,0.3745,0.1612,0.2961,72.98,27.77,46.73,32.79,43.8,11.2,7.35,44.46,90.42,0.4167,0.1489,22.08,10.2,10.2,10.2,Rate Field,100,75,9,Out To RF,No,No,9,Yes,Yes,RotoWire projected lineup; MLB probable pitchers,lineup projected / unconfirmed,H:2026/2025 P:2026/2025,,,Direct BvP not yet weighted; 2026/2025 Statcast baseline active,7,4,16,1,"Last 7 games: 4/16, 1 HR","platoon edge; pitcher baseline 7.3% barrel, 10.2 HR allowed",neutral batted-ball profile; pitcher fly-ball pressure modest,,
803011,Sam Antonacci,CWS,NYY,2026-07-29T23:40:00Z,Pre-Game,1,Cam Schlittler,693645,R,L,6.5,0.13,87.7,98.2535,0.425,0.138,0.357,70.0,8.7,33.7,21.7,36.3,7.0,8.06,39.64,88.37,0.3581,0.1386,27.02,10.8,10.8,10.8,Rate Field,100,75,9,Out To RF,Yes,Yes,1,Yes,No,MLB Stats API; RotoWire,,H:2026 P:2026/2025,,,Direct BvP not yet weighted; 2026/2025 Statcast baseline active,7,4,21,0,"Last 7 games: 4/21, 0 HR","platoon edge; pitcher baseline 8.1% barrel, 10.8 HR allowed",neutral batted-ball profile; pitcher fly-ball pressure modest,,
808959,Munetaka Murakami,CWS,NYY,2026-07-29T23:40:00Z,Pre-Game,2,Cam Schlittler,693645,R,L,19.9,0.3,94.1,104.6347,0.515,0.292,0.375,75.2,54.1,44.4,39.1,59.6,22.0,8.06,39.64,88.37,0.3581,0.1386,27.02,10.8,10.8,10.8,Rate Field,100,75,9,Out To RF,Yes,Yes,2,Yes,No,MLB Stats API; RotoWire,,H:2026 P:2026/2025,,,Direct BvP not yet weighted; 2026/2025 Statcast baseline active,7,8,26,2,Hot streak: 2 HR in last 7 games,"platoon edge; pitcher baseline 8.1% barrel, 10.8 HR allowed",lift-pull EV profile; pitcher fly-ball pressure modest,,
678246,Miguel Vargas,CWS,NYY,2026-07-29T23:40:00Z,Pre-Game,3,Cam Schlittler,693645,R,R,13.11,0.2181,90.47,100.5855,0.4896,0.2305,0.3687,73.05,34.87,43.16,36.15,45.05,20.2,8.06,39.64,88.37,0.3581,0.1386,27.02,10.8,10.8,10.8,Rate Field,100,75,9,Out To RF,Yes,Yes,3,Yes,No,MLB Stats API; RotoWire,,H:2026/2025 P:2026/2025,,,Direct BvP not yet weighted; 2026/2025 Statcast baseline active,7,5,28,1,"Last 7 games: 5/28, 1 HR","same-side matchup; pitcher baseline 8.1% barrel, 10.8 HR allowed",fly-ball profile; pitcher fly-ball pressure modest,,
695657,Colson Montgomery,CWS,NYY,2026-07-29T23:40:00Z,Pre-Game,4,Cam Schlittler,693645,R,L,13.31,0.2536,89.26,101.8983,0.4527,0.2311,0.3242,76.58,68.83,49.3,34.63,43.03,23.1,8.06,39.64,88.37,0.3581,0.1386,27.02,10.8,10.8,10.8,Rate Field,100,75,9,Out To RF,Yes,,,No,Yes,MLB Stats API; RotoWire,not found on RotoWire,H:2026/2025 P:2026/2025,,,Direct BvP not yet weighted; 2026/2025 Statcast baseline active,7,6,27,1,"Last 7 games: 6/27, 1 HR","platoon edge; pitcher baseline 8.1% barrel, 10.8 HR allowed",neutral batted-ball profile; pitcher fly-ball pressure modest,,
643217,Andrew Benintendi,CWS,NYY,2026-07-29T23:40:00Z,Pre-Game,5,Cam Schlittler,693645,R,L,9.49,0.177,88.35,98.685,0.4195,0.1746,0.3179,69.54,4.29,50.87,30.94,42.5,13.0,8.06,39.64,88.37,0.3581,0.1386,27.02,10.8,10.8,10.8,Rate Field,100,75,9,Out To RF,Yes,Yes,5,Yes,No,MLB Stats API; RotoWire,,H:2026/2025 P:2026/2025,,,Direct BvP not yet weighted; 2026/2025 Statcast baseline active,7,4,21,0,"Last 7 games: 4/21, 0 HR","platoon edge; pitcher baseline 8.1% barrel, 10.8 HR allowed",neutral batted-ball profile; pitcher fly-ball pressure modest,,
695731,Braden Montgomery,CWS,NYY,2026-07-29T23:40:00Z,Pre-Game,6,Cam Schlittler,693645,R,S,3.5,0.16,89.3,100.0438,0.368,0.118,0.311,69.8,9.1,32.7,19.5,40.7,3.0,8.06,39.64,88.37,0.3581,0.1386,27.02,10.8,10.8,10.8,Rate Field,100,75,9,Out To RF,Yes,Yes,6,Yes,No,MLB Stats API; RotoWire,,H:2026 P:2026/2025,,,Direct BvP not yet weighted; 2026/2025 Statcast baseline active,7,8,24,0,Contact streak: 8/24 over last 7 games,"switch hitter; pitcher baseline 8.1% barrel, 10.8 HR allowed",neutral batted-ball profile; pitcher fly-ball pressure modest,,
671976,Tristan Peters,CWS,NYY,2026-07-29T23:40:00Z,Pre-Game,7,Cam Schlittler,693645,R,L,3.64,0.1106,87.22,97.8775,0.3187,0.0987,0.2565,69.35,4.97,42.19,18.83,33.91,4.2,8.06,39.64,88.37,0.3581,0.1386,27.02,10.8,10.8,10.8,Rate Field,100,75,9,Out To RF,Yes,Yes,7,Yes,No,MLB Stats API; RotoWire,,H:2026/2025 P:2026/2025,,,Direct BvP not yet weighted; 2026/2025 Statcast baseline active,7,2,21,0,"Last 7 games: 2/21, 0 HR","platoon edge; pitcher baseline 8.1% barrel, 10.8 HR allowed",neutral batted-ball profile; pitcher fly-ball pressure modest,,
805367,Chase Meidroth,CWS,NYY,2026-07-29T23:40:00Z,Pre-Game,8,Cam Schlittler,693645,R,R,3.7,0.1041,88.13,97.4734,0.3316,0.0926,0.293,67.12,1.25,37.63,19.63,35.54,7.8,8.06,39.64,88.37,0.3581,0.1386,27.02,10.8,10.8,10.8,Rate Field,100,75,9,Out To RF,Yes,Yes,8,Yes,No,MLB Stats API; RotoWire,,H:2026/2025 P:2026/2025,,,Direct BvP not yet weighted; 2026/2025 Statcast baseline active,7,8,25,2,Hot streak: 2 HR in last 7 games,"same-side matchup; pitcher baseline 8.1% barrel, 10.8 HR allowed",neutral batted-ball profile; pitcher fly-ball pressure modest,,
691011,Drew Romo,CWS,NYY,2026-07-29T23:40:00Z,Pre-Game,9,Cam Schlittler,693645,R,S,6.6,0.1127,83.5,95.0546,0.1967,0.0749,0.1736,68.49,3.5,36.3,35.2,25.3,3.5,8.06,39.64,88.37,0.3581,0.1386,27.02,10.8,10.8,10.8,Rate Field,100,75,9,Out To RF,Yes,Yes,9,Yes,No,MLB Stats API; RotoWire,,H:2026/2025 P:2026/2025,,,Direct BvP not yet weighted; 2026/2025 Statcast baseline active,7,3,22,0,"Last 7 games: 3/22, 0 HR","switch hitter; pitcher baseline 8.1% barrel, 10.8 HR allowed",fly-ball profile; pitcher fly-ball pressure modest,,
691718,Pete Crow-Armstrong,CHC,STL,2026-07-29T23:45:00Z,Scheduled,1,Dustin May,669160,R,L,11.98,0.2452,89.85,101.6572,0.4659,0.2155,0.3483,74.1,43.83,49.18,34.31,46.22,25.4,7.03,45.62,90.32,0.3957,0.1441,23.89,11.2,11.2,11.2,Busch Stadium,90,,,,No,No,1,Yes,Yes,RotoWire projected lineup; MLB probable pitchers,lineup projected / unconfirmed,H:2026/2025 P:2026/2025,,,Direct BvP not yet weighted; 2026/2025 Statcast baseline active,7,9,26,2,Hot streak: 2 HR in last 7 games,"platoon edge; pitcher baseline 7.0% barrel, 11.2 HR allowed",neutral batted-ball profile; pitcher fly-ball pressure modest,,
673548,Seiya Suzuki,CHC,STL,2026-07-29T23:45:00Z,Scheduled,2,Dustin May,669160,R,R,11.84,0.2155,89.62,101.2708,0.444,0.197,0.338,73.4,36.71,43.3,30.22,42.47,22.2,7.03,45.62,90.32,0.3957,0.1441,23.89,11.2,11.2,11.2,Busch Stadium,90,,,,No,No,2,Yes,Yes,RotoWire projected lineup; MLB probable pitchers,lineup projected / unconfirmed,H:2026/2025 P:2026/2025,,,Direct BvP not yet weighted; 2026/2025 Statcast baseline active,7,8,31,2,Hot streak: 2 HR in last 7 games,"same-side matchup; pitcher baseline 7.0% barrel, 11.2 HR allowed",neutral batted-ball profile; pitcher fly-ball pressure modest,,
683737,Michael Busch,CHC,STL,2026-07-29T23:45:00Z,Scheduled,3,Dustin May,669160,R,L,12.06,0.1857,89.54,99.7152,0.4493,0.2083,0.35,68.69,5.18,39.37,35.32,42.47,19.3,7.03,45.62,90.32,0.3957,0.1441,23.89,11.2,11.2,11.2,Busch Stadium,90,,,,No,No,3,Yes,Yes,RotoWire projected lineup; MLB probable pitchers,lineup projected / unconfirmed,H:2026/2025 P:2026/2025,,,Direct BvP not yet weighted; 2026/2025 Statcast baseline active,7,8,34,0,"Last 7 games: 8/34, 0 HR","platoon edge; pitcher baseline 7.0% barrel, 11.2 HR allowed",fly-ball profile; pitcher fly-ball pressure modest,,
608324,Alex Bregman,CHC,STL,2026-07-29T23:45:00Z,Scheduled,4,Dustin May,669160,R,R,4.85,0.147,88.56,98.1351,0.3731,0.1327,0.3153,70.16,4.94,46.86,25.69,38.66,13.1,7.03,45.62,90.32,0.3957,0.1441,23.89,11.2,11.2,11.2,Busch Stadium,90,,,,No,No,4,Yes,Yes,RotoWire projected lineup; MLB probable pitchers,lineup projected / unconfirmed,H:2026/2025 P:2026/2025,,,Direct BvP not yet weighted; 2026/2025 Statcast baseline active,7,10,31,1,Contact streak: 10/31 over last 7 games,"same-side matchup; pitcher baseline 7.0% barrel, 11.2 HR allowed",neutral batted-ball profile; pitcher fly-ball pressure modest,,
664023,Ian Happ,CHC,STL,2026-07-29T23:45:00Z,Scheduled,5,Dustin May,669160,R,S,11.8,0.1966,89.58,101.0059,0.4206,0.2021,0.3288,71.98,19.3,43.49,33.58,42.65,19.5,7.03,45.62,90.32,0.3957,0.1441,23.89,11.2,11.2,11.2,Busch Stadium,90,,,,No,No,5,Yes,Yes,RotoWire projected lineup; MLB probable pitchers,lineup projected / unconfirmed,H:2026/2025 P:2026/2025,,,Direct BvP not yet weighted; 2026/2025 Statcast baseline active,7,7,26,0,"Last 7 games: 7/26, 0 HR","switch hitter; pitcher baseline 7.0% barrel, 11.2 HR allowed",neutral batted-ball profile; pitcher fly-ball pressure modest,,
663538,Nico Hoerner,CHC,STL,2026-07-29T23:45:00Z,Scheduled,6,Dustin May,669160,R,R,1.28,0.0949,86.21,96.2362,0.3763,0.0822,0.3227,68.36,1.69,33.5,21.42,28.76,5.6,7.03,45.62,90.32,0.3957,0.1441,23.89,11.2,11.2,11.2,Busch Stadium,90,,,,No,No,6,Yes,Yes,RotoWire projected lineup; MLB probable pitchers,lineup projected / unconfirmed,H:2026/2025 P:2026/2025,,,Direct BvP not yet weighted; 2026/2025 Statcast baseline active,7,10,30,1,Contact streak: 10/30 over last 7 games,"same-side matchup; pitcher baseline 7.0% barrel, 11.2 HR allowed",neutral batted-ball profile; pitcher fly-ball pressure modest,,
608348,Carson Kelly,CHC,STL,2026-07-29T23:45:00Z,Scheduled,7,Dustin May,669160,R,R,7.01,0.1321,88.17,99.0313,0.3872,0.1505,0.3175,70.82,8.68,38.52,25.22,38.41,9.3,7.03,45.62,90.32,0.3957,0.1441,23.89,11.2,11.2,11.2,Busch Stadium,90,,,,No,No,7,Yes,Yes,RotoWire projected lineup; MLB probable pitchers,lineup projected / unconfirmed,H:2026/2025 P:2026/2025,,,Direct BvP not yet weighted; 2026/2025 Statcast baseline active,7,4,23,0,"Last 7 games: 4/23, 0 HR","same-side matchup; pitcher baseline 7.0% barrel, 11.2 HR allowed",neutral batted-ball profile; pitcher fly-ball pressure modest,,
699393,Pedro Ramirez,CHC,STL,2026-07-29T23:45:00Z,Scheduled,8,Dustin May,669160,R,S,2.7,0.149,89.4,99.66,0.36,0.094,0.295,72.2,21.6,31.1,18.9,41.9,1.0,7.03,45.62,90.32,0.3957,0.1441,23.89,11.2,11.2,11.2,Busch Stadium,90,,,,No,No,8,Yes,Yes,RotoWire projected lineup; MLB probable pitchers,lineup projected / unconfirmed,H:2026 P:2026/2025,,,Direct BvP not yet weighted; 2026/2025 Statcast baseline active,7,12,27,0,Contact streak: 12/27 over last 7 games,"switch hitter; pitcher baseline 7.0% barrel, 11.2 HR allowed",neutral batted-ball profile; pitcher fly-ball pressure modest,,
621020,Dansby Swanson,CHC,STL,2026-07-29T23:45:00Z,Scheduled,9,Dustin May,669160,R,R,8.83,0.1856,89.94,100.1323,0.4196,0.182,0.3184,71.32,8.57,46.36,30.17,44.3,18.4,7.03,45.62,90.32,0.3957,0.1441,23.89,11.2,11.2,11.2,Busch Stadium,90,,,,No,No,9,Yes,Yes,RotoWire projected lineup; MLB probable pitchers,lineup projected / unconfirmed,H:2026/2025 P:2026/2025,,,Direct BvP not yet weighted; 2026/2025 Statcast baseline active,7,10,26,0,Contact streak: 10/26 over last 7 games,"same-side matchup; pitcher baseline 7.0% barrel, 11.2 HR allowed",neutral batted-ball profile; pitcher fly-ball pressure modest,,
802139,JJ Wetherholt,STL,CHC,2026-07-29T23:45:00Z,Scheduled,1,Matthew Boyd,571510,L,L,7.1,0.138,90.0,99.4242,0.43,0.174,0.347,72.3,22.1,37.1,29.4,45.2,15.0,9.28,40.66,89.2,0.4134,0.1622,25.99,9.9,9.9,9.9,Busch Stadium,90,,,,No,No,1,Yes,Yes,RotoWire projected lineup; MLB probable pitchers,lineup projected / unconfirmed,H:2026 P:2026/2025,,,Direct BvP not yet weighted; 2026/2025 Statcast baseline active,7,5,25,1,"Last 7 games: 5/25, 1 HR","same-side matchup; pitcher baseline 9.3% barrel, 9.9 HR allowed",neutral batted-ball profile; pitcher fly-ball pressure modest,,
691023,Jordan Walker,STL,CHC,2026-07-29T23:45:00Z,Scheduled,2,Matthew Boyd,571510,L,R,12.93,0.182,93.14,105.1216,0.4575,0.1977,0.3382,78.87,83.33,38.17,23.42,49.86,17.2,9.28,40.66,89.2,0.4134,0.1622,25.99,9.9,9.9,9.9,Busch Stadium,90,,,,No,No,2,Yes,Yes,RotoWire projected lineup; MLB probable pitchers,lineup projected / unconfirmed,H:2026/2025 P:2026/2025,,,Direct BvP not yet weighted; 2026/2025 Statcast baseline active,7,4,26,0,"Last 7 games: 4/26, 0 HR","platoon edge; pitcher baseline 9.3% barrel, 9.9 HR allowed",EV profile; pitcher fly-ball pressure modest,,
671056,Ivan Herrera,STL,CHC,2026-07-29T23:45:00Z,Scheduled,3,Matthew Boyd,571510,L,R,7.11,0.1485,89.73,101.0395,0.4065,0.1548,0.3428,74.05,44.34,36.82,19.31,41.82,14.1,9.28,40.66,89.2,0.4134,0.1622,25.99,9.9,9.9,9.9,Busch Stadium,90,,,,No,No,3,Yes,Yes,RotoWire projected lineup; MLB probable pitchers,lineup projected / unconfirmed,H:2026/2025 P:2026/2025,,,Direct BvP not yet weighted; 2026/2025 Statcast baseline active,7,6,28,1,"Last 7 games: 6/28, 1 HR","platoon edge; pitcher baseline 9.3% barrel, 9.9 HR allowed",neutral batted-ball profile; pitcher fly-ball pressure modest,,
676475,Alec Burleson,STL,CHC,2026-07-29T23:45:00Z,Scheduled,4,Matthew Boyd,571510,L,L,10.9,0.176,91.49,101.7586,0.5179,0.227,0.3716,73.1,31.65,43.75,27.75,46.99,15.9,9.28,40.66,89.2,0.4134,0.1622,25.99,9.9,9.9,9.9,Busch Stadium,90,,,,No,No,4,Yes,Yes,RotoWire projected lineup; MLB probable pitchers,lineup projected / unconfirmed,H:2026/2025 P:2026/2025,,,Direct BvP not yet weighted; 2026/2025 Statcast baseline active,7,9,27,0,Contact streak: 9/27 over last 7 games,"same-side matchup; pitcher baseline 9.3% barrel, 9.9 HR allowed",neutral batted-ball profile; pitcher fly-ball pressure modest,,
691026,Masyn Winn,STL,CHC,2026-07-29T23:45:00Z,Scheduled,5,Matthew Boyd,571510,L,R,3.68,0.0897,88.23,98.7469,0.3372,0.0867,0.2979,71.17,15.41,32.04,21.32,35.44,5.5,9.28,40.66,89.2,0.4134,0.1622,25.99,9.9,9.9,9.9,Busch Stadium,90,,,,No,No,5,Yes,Yes,RotoWire projected lineup; MLB probable pitchers,lineup projected / unconfirmed,H:2026/2025 P:2026/2025,,,Direct BvP not yet weighted; 2026/2025 Statcast baseline active,7,8,25,0,Contact streak: 8/25 over last 7 games,"platoon edge; pitcher baseline 9.3% barrel, 9.9 HR allowed",neutral batted-ball profile; pitcher fly-ball pressure modest,,
676369,Nelson Velazquez,STL,CHC,2026-07-29T23:45:00Z,Scheduled,6,Matthew Boyd,571510,L,R,10.4,0.215,94.4,102.8189,0.512,0.242,0.366,74.9,54.3,47.9,31.3,64.6,4.0,9.28,40.66,89.2,0.4134,0.1622,25.99,9.9,9.9,9.9,Busch Stadium,90,,,,No,No,6,Yes,Yes,RotoWire projected lineup; MLB probable pitchers,lineup projected / unconfirmed,H:2026 P:2026/2025,,,Direct BvP not yet weighted; 2026/2025 Statcast baseline active,7,1,10,0,"Last 7 games: 1/10, 0 HR","platoon edge; pitcher baseline 9.3% barrel, 9.9 HR allowed",lift-pull EV profile; pitcher fly-ball pressure modest,,
665877,Jose Fermin,STL,CHC,2026-07-29T23:45:00Z,Scheduled,7,Matthew Boyd,571510,L,R,1.75,0.1305,86.19,96.3265,0.3467,0.0955,0.3019,68.07,3.23,48.11,25.36,29.96,3.8,9.28,40.66,89.2,0.4134,0.1622,25.99,9.9,9.9,9.9,Busch Stadium,90,,,,No,No,7,Yes,Yes,RotoWire projected lineup; MLB probable pitchers,lineup projected / unconfirmed,H:2026/2025 P:2026/2025,,,Direct BvP not yet weighted; 2026/2025 Statcast baseline active,7,2,17,1,"Last 7 games: 2/17, 1 HR","platoon edge; pitcher baseline 9.3% barrel, 9.9 HR allowed",neutral batted-ball profile; pitcher fly-ball pressure modest,,
691458,Blaze Jordan,STL,CHC,2026-07-29T23:45:00Z,Scheduled,8,Matthew Boyd,571510,L,R,7.1,0.11,89.1,99.8485,0.386,0.133,0.298,72.8,29.1,37.8,19.4,44.9,1.0,9.28,40.66,89.2,0.4134,0.1622,25.99,9.9,9.9,9.9,Busch Stadium,90,,,,No,No,8,Yes,Yes,RotoWire projected lineup; MLB probable pitchers,lineup projected / unconfirmed,H:2026 P:2026/2025,,,Direct BvP not yet weighted; 2026/2025 Statcast baseline active,7,3,21,0,"Last 7 games: 3/21, 0 HR","platoon edge; pitcher baseline 9.3% barrel, 9.9 HR allowed",neutral batted-ball profile; pitcher fly-ball pressure modest,,
686780,Pedro Pages,STL,CHC,2026-07-29T23:45:00Z,Scheduled,9,Matthew Boyd,571510,L,R,6.0,0.1239,87.23,99.496,0.3407,0.1271,0.2639,72.53,22.82,37.04,26.92,37.83,6.1,9.28,40.66,89.2,0.4134,0.1622,25.99,9.9,9.9,9.9,Busch Stadium,90,,,,No,No,9,Yes,Yes,RotoWire projected lineup; MLB probable pitchers,lineup projected / unconfirmed,H:2026/2025 P:2026/2025,,,Direct BvP not yet weighted; 2026/2025 Statcast baseline active,7,0,5,0,"Last 7 games: 0/5, 0 HR","platoon edge; pitcher baseline 9.3% barrel, 9.9 HR allowed",neutral batted-ball profile; pitcher fly-ball pressure modest,,
665161,Jeremy Pena,HOU,LAA,2026-07-30T01:38:00Z,Scheduled,1,Grayson Rodriguez,680570,R,R,6.1,0.1793,88.48,99.9595,0.4446,0.1529,0.3473,72.23,14.16,47.11,24.64,40.94,12.8,10.5,54.1,92.1,0.563,0.242,30.1,7.0,7.0,7.0,Angel Stadium,101,,,,No,No,1,Yes,Yes,RotoWire projected lineup; MLB probable pitchers,lineup projected / unconfirmed,H:2026/2025 P:2026,,,Direct BvP not yet weighted; 2026/2025 Statcast baseline active,7,14,32,4,Hot streak: 4 HR in last 7 games,"same-side matchup; pitcher baseline 10.5% barrel, 7.0 HR allowed",neutral batted-ball profile; pitcher allows elevated contact,,
670541,Yordan Alvarez,HOU,LAA,2026-07-30T01:38:00Z,Scheduled,2,Grayson Rodriguez,680570,R,L,17.3,0.2732,94.7,105.1726,0.6673,0.3462,0.4518,76.1,62.09,41.79,37.15,53.6,26.3,10.5,54.1,92.1,0.563,0.242,30.1,7.0,7.0,7.0,Angel Stadium,101,,,,No,No,2,Yes,Yes,RotoWire projected lineup; MLB probable pitchers,lineup projected / unconfirmed,H:2026/2025 P:2026,,,Direct BvP not yet weighted; 2026/2025 Statcast baseline active,7,8,24,2,Hot streak: 2 HR in last 7 games,"platoon edge; pitcher baseline 10.5% barrel, 7.0 HR allowed",lift-pull EV profile; pitcher allows elevated contact,,
670623,Isaac Paredes,HOU,LAA,2026-07-30T01:38:00Z,Scheduled,3,Grayson Rodriguez,680570,R,R,5.95,0.1774,86.7,97.0688,0.3723,0.1313,0.3193,67.88,7.68,52.28,31.43,30.94,15.8,10.5,54.1,92.1,0.563,0.242,30.1,7.0,7.0,7.0,Angel Stadium,101,,,,No,No,3,Yes,Yes,RotoWire projected lineup; MLB probable pitchers,lineup projected / unconfirmed,H:2026/2025 P:2026,,,Direct BvP not yet weighted; 2026/2025 Statcast baseline active,7,6,27,2,Hot streak: 2 HR in last 7 games,"same-side matchup; pitcher baseline 10.5% barrel, 7.0 HR allowed",neutral batted-ball profile; pitcher allows elevated contact,,
514888,Jose Altuve,HOU,LAA,2026-07-30T01:38:00Z,Scheduled,4,Grayson Rodriguez,680570,R,R,5.78,0.1637,85.52,97.2147,0.3476,0.1211,0.2825,69.0,9.53,44.38,22.79,32.02,16.2,10.5,54.1,92.1,0.563,0.242,30.1,7.0,7.0,7.0,Angel Stadium,101,,,,No,No,4,Yes,Yes,RotoWire projected lineup; MLB probable pitchers,lineup projected / unconfirmed,H:2026/2025 P:2026,,,Direct BvP not yet weighted; 2026/2025 Statcast baseline active,7,6,30,0,"Last 7 games: 6/30, 0 HR","same-side matchup; pitcher baseline 10.5% barrel, 7.0 HR allowed",neutral batted-ball profile; pitcher allows elevated contact,,
664774,LaMonte Wade,HOU,LAA,2026-07-30T01:38:00Z,Scheduled,5,Grayson Rodriguez,680570,R,L,4.64,0.1192,85.92,97.1274,0.2804,0.1013,0.2768,71.12,9.83,35.53,28.24,30.68,2.0,10.5,54.1,92.1,0.563,0.242,30.1,7.0,7.0,7.0,Angel Stadium,101,,,,No,No,5,Yes,Yes,RotoWire projected lineup; MLB probable pitchers,lineup projected / unconfirmed,H:2026/2025 P:2026,,,Direct BvP not yet weighted; 2026/2025 Statcast baseline active,7,2,19,0,"Last 7 games: 2/19, 0 HR","platoon edge; pitcher baseline 10.5% barrel, 7.0 HR allowed",neutral batted-ball profile; pitcher allows elevated contact,,
572233,Christian Walker,HOU,LAA,2026-07-30T01:38:00Z,Scheduled,6,Grayson Rodriguez,680570,R,R,10.8,0.2089,89.78,101.5041,0.3972,0.1729,0.3035,74.38,44.42,43.95,28.28,43.16,22.8,10.5,54.1,92.1,0.563,0.242,30.1,7.0,7.0,7.0,Angel Stadium,101,,,,No,No,6,Yes,Yes,RotoWire projected lineup; MLB probable pitchers,lineup projected / unconfirmed,H:2026/2025 P:2026,,,Direct BvP not yet weighted; 2026/2025 Statcast baseline active,7,6,23,1,"Last 7 games: 6/23, 1 HR","same-side matchup; pitcher baseline 10.5% barrel, 7.0 HR allowed",neutral batted-ball profile; pitcher allows elevated contact,,
673237,Yainer Diaz,HOU,LAA,2026-07-30T01:38:00Z,Scheduled,7,Grayson Rodriguez,680570,R,R,6.38,0.1484,88.36,99.3148,0.4104,0.148,0.305,72.41,20.96,36.07,19.73,35.55,10.2,10.5,54.1,92.1,0.563,0.242,30.1,7.0,7.0,7.0,Angel Stadium,101,,,,No,No,7,Yes,Yes,RotoWire projected lineup; MLB probable pitchers,lineup projected / unconfirmed,H:2026/2025 P:2026,,,Direct BvP not yet weighted; 2026/2025 Statcast baseline active,7,4,25,0,"Last 7 games: 4/25, 0 HR","same-side matchup; pitcher baseline 10.5% barrel, 7.0 HR allowed",neutral batted-ball profile; pitcher allows elevated contact,,
828599,Lucas Spence,HOU,LAA,2026-07-30T01:38:00Z,Scheduled,8,Grayson Rodriguez,680570,R,L,5.0,0.03,92.8,102.0716,0.274,0.084,0.242,73.3,31.7,50.0,20.0,45.0,0.0,10.5,54.1,92.1,0.563,0.242,30.1,7.0,7.0,7.0,Angel Stadium,101,,,,No,No,8,Yes,Yes,RotoWire projected lineup; MLB probable pitchers,lineup projected / unconfirmed,H:2026 P:2026,,,Direct BvP not yet weighted; 2026/2025 Statcast baseline active,7,2,22,0,"Last 7 games: 2/22, 0 HR","platoon edge; pitcher baseline 10.5% barrel, 7.0 HR allowed",EV profile; pitcher allows elevated contact,,
701358,Cam Smith,HOU,LAA,2026-07-30T01:38:00Z,Scheduled,9,Grayson Rodriguez,680570,R,R,10.33,0.1451,88.88,101.4789,0.4187,0.1781,0.3222,76.6,67.2,36.72,25.07,43.18,11.8,10.5,54.1,92.1,0.563,0.242,30.1,7.0,7.0,7.0,Angel Stadium,101,,,,No,No,9,Yes,Yes,RotoWire projected lineup; MLB probable pitchers,lineup projected / unconfirmed,H:2026/2025 P:2026,,,Direct BvP not yet weighted; 2026/2025 Statcast baseline active,7,1,14,1,"Last 7 games: 1/14, 1 HR","same-side matchup; pitcher baseline 10.5% barrel, 7.0 HR allowed",neutral batted-ball profile; pitcher allows elevated contact,,
687263,Zach Neto,LAA,HOU,2026-07-30T01:38:00Z,Scheduled,1,Hayden Wesneski,669713,R,R,13.16,0.2072,89.74,100.2348,0.432,0.2139,0.3202,71.26,13.58,47.06,35.17,41.84,21.1,10.5,42.1,89.7,0.457,0.211,27.4,7.0,7.0,7.0,Angel Stadium,101,,,,No,No,1,Yes,Yes,RotoWire projected lineup; MLB probable pitchers,lineup projected / unconfirmed,H:2026/2025 P:2025,,,Direct BvP not yet weighted; 2026/2025 Statcast baseline active,7,6,27,0,"Last 7 games: 6/27, 0 HR","same-side matchup; pitcher baseline 10.5% barrel, 7.0 HR allowed",fly-ball profile; pitcher fly-ball pressure modest,,
545361,Mike Trout,LAA,HOU,2026-07-30T01:38:00Z,Scheduled,2,Hayden Wesneski,669713,R,R,17.34,0.2126,90.48,103.3429,0.5118,0.2586,0.3874,74.77,49.48,38.96,32.61,48.04,20.4,10.5,42.1,89.7,0.457,0.211,27.4,7.0,7.0,7.0,Angel Stadium,101,,,,No,No,2,Yes,Yes,RotoWire projected lineup; MLB probable pitchers,lineup projected / unconfirmed,H:2026/2025 P:2025,,,Direct BvP not yet weighted; 2026/2025 Statcast baseline active,7,9,23,0,Contact streak: 9/23 over last 7 games,"same-side matchup; pitcher baseline 10.5% barrel, 7.0 HR allowed",neutral batted-ball profile; pitcher fly-ball pressure modest,,
694384,Nolan Schanuel,LAA,HOU,2026-07-30T01:38:00Z,Scheduled,3,Hayden Wesneski,669713,R,L,3.1,0.1152,87.36,96.9351,0.3852,0.1071,0.3305,67.85,5.96,40.03,21.08,31.38,7.8,10.5,42.1,89.7,0.457,0.211,27.4,7.0,7.0,7.0,Angel Stadium,101,,,,No,No,3,Yes,Yes,RotoWire projected lineup; MLB probable pitchers,lineup projected / unconfirmed,H:2026/2025 P:2025,,,Direct BvP not yet weighted; 2026/2025 Statcast baseline active,7,6,25,0,"Last 7 games: 6/25, 0 HR","platoon edge; pitcher baseline 10.5% barrel, 7.0 HR allowed",neutral batted-ball profile; pitcher fly-ball pressure modest,,
624585,Jorge Soler,LAA,HOU,2026-07-30T01:38:00Z,Scheduled,4,Hayden Wesneski,669713,R,R,11.61,0.172,89.0,101.7577,0.3744,0.1669,0.2975,74.7,48.41,50.42,25.8,42.98,12.0,10.5,42.1,89.7,0.457,0.211,27.4,7.0,7.0,7.0,Angel Stadium,101,,,,No,No,4,Yes,Yes,RotoWire projected lineup; MLB probable pitchers,lineup projected / unconfirmed,H:2026/2025 P:2025,,,Direct BvP not yet weighted; 2026/2025 Statcast baseline active,7,5,27,1,"Last 7 games: 5/27, 1 HR","same-side matchup; pitcher baseline 10.5% barrel, 7.0 HR allowed",neutral batted-ball profile; pitcher fly-ball pressure modest,,
687093,Vaughn Grissom,LAA,HOU,2026-07-30T01:38:00Z,Scheduled,5,Hayden Wesneski,669713,R,R,7.3,0.15,88.9,99.7338,0.423,0.156,0.338,71.7,20.9,40.6,26.6,41.1,7.0,10.5,42.1,89.7,0.457,0.211,27.4,7.0,7.0,7.0,Angel Stadium,101,,,,No,No,5,Yes,Yes,RotoWire projected lineup; MLB probable pitchers,lineup projected / unconfirmed,H:2026 P:2025,,,Direct BvP not yet weighted; 2026/2025 Statcast baseline active,7,9,28,2,Hot streak: 2 HR in last 7 games,"same-side matchup; pitcher baseline 10.5% barrel, 7.0 HR allowed",neutral batted-ball profile; pitcher fly-ball pressure modest,,
666139,Josh Lowe,LAA,HOU,2026-07-30T01:38:00Z,Scheduled,6,Hayden Wesneski,669713,R,L,7.93,0.1481,88.88,99.2483,0.3868,0.1639,0.2889,73.73,36.95,37.46,31.85,38.13,8.9,10.5,42.1,89.7,0.457,0.211,27.4,7.0,7.0,7.0,Angel Stadium,101,,,,No,No,6,Yes,Yes,RotoWire projected lineup; MLB probable pitchers,lineup projected / unconfirmed,H:2026/2025 P:2025,,,Direct BvP not yet weighted; 2026/2025 Statcast baseline active,7,3,19,1,"Last 7 games: 3/19, 1 HR","platoon edge; pitcher baseline 10.5% barrel, 7.0 HR allowed",neutral batted-ball profile; pitcher fly-ball pressure modest,,
666176,Jo Adell,LAA,HOU,2026-07-30T01:38:00Z,Scheduled,7,Hayden Wesneski,669713,R,R,11.28,0.1867,90.23,102.6044,0.4776,0.2169,0.3391,77.39,71.79,37.44,27.56,45.38,22.3,10.5,42.1,89.7,0.457,0.211,27.4,7.0,7.0,7.0,Angel Stadium,101,,,,No,No,7,Yes,Yes,RotoWire projected lineup; MLB probable pitchers,lineup projected / unconfirmed,H:2026/2025 P:2025,,,Direct BvP not yet weighted; 2026/2025 Statcast baseline active,7,6,24,2,Hot streak: 2 HR in last 7 games,"same-side matchup; pitcher baseline 10.5% barrel, 7.0 HR allowed",neutral batted-ball profile; pitcher fly-ball pressure modest,,
694203,Denzer Guzman,LAA,HOU,2026-07-30T01:38:00Z,Scheduled,8,Hayden Wesneski,669713,R,R,8.21,0.1348,86.85,98.2483,0.3286,0.1162,0.2553,73.36,32.81,44.38,25.24,37.79,3.4,10.5,42.1,89.7,0.457,0.211,27.4,7.0,7.0,7.0,Angel Stadium,101,,,,No,No,8,Yes,Yes,RotoWire projected lineup; MLB probable pitchers,lineup projected / unconfirmed,H:2026/2025 P:2025,,,Direct BvP not yet weighted; 2026/2025 Statcast baseline active,7,2,17,0,"Last 7 games: 2/17, 0 HR","same-side matchup; pitcher baseline 10.5% barrel, 7.0 HR allowed",neutral batted-ball profile; pitcher fly-ball pressure modest,,
623168,Tyler Heineman,LAA,HOU,2026-07-30T01:38:00Z,Scheduled,9,Hayden Wesneski,669713,R,S,1.73,0.0836,82.16,92.7342,0.2748,0.0573,0.2541,65.71,0.21,44.2,23.08,15.96,1.6,10.5,42.1,89.7,0.457,0.211,27.4,7.0,7.0,7.0,Angel Stadium,101,,,,No,No,9,Yes,Yes,RotoWire projected lineup; MLB probable pitchers,lineup projected / unconfirmed,H:2026/2025 P:2025,,,Direct BvP not yet weighted; 2026/2025 Statcast baseline active,7,4,19,0,"Last 7 games: 4/19, 0 HR","switch hitter; pitcher baseline 10.5% barrel, 7.0 HR allowed",neutral batted-ball profile; pitcher fly-ball pressure modest,,
663330,Jahmai Jones,BOS,ATH,2026-07-30T01:40:00Z,Scheduled,1,Jacob Lopez,682052,L,R,11.3,0.165,91.01,102.3859,0.4399,0.1961,0.3325,73.18,34.59,46.75,27.29,47.44,4.2,5.41,31.73,85.78,0.3473,0.131,32.48,12.2,12.2,12.2,Sutter Health Park,106,,,,No,No,1,Yes,Yes,RotoWire projected lineup; MLB probable pitchers,lineup projected / unconfirmed,H:2026/2025 P:2026/2025,,,Direct BvP not yet weighted; 2026/2025 Statcast baseline active,7,4,11,1,Contact streak: 4/11 over last 7 games,"platoon edge; pitcher baseline 5.4% barrel, 12.2 HR allowed",neutral batted-ball profile; pitcher allows elevated contact,,
702332,Caleb Durbin,BOS,ATH,2026-07-30T01:40:00Z,Scheduled,2,Jacob Lopez,682052,L,R,2.95,0.1478,84.36,95.9925,0.3354,0.0944,0.291,68.81,4.91,40.95,19.05,27.18,10.3,5.41,31.73,85.78,0.3473,0.131,32.48,12.2,12.2,12.2,Sutter Health Park,106,,,,No,No,2,Yes,Yes,RotoWire projected lineup; MLB probable pitchers,lineup projected / unconfirmed,H:2026/2025 P:2026/2025,,,Direct BvP not yet weighted; 2026/2025 Statcast baseline active,7,6,23,0,"Last 7 games: 6/23, 0 HR","platoon edge; pitcher baseline 5.4% barrel, 12.2 HR allowed",neutral batted-ball profile; pitcher allows elevated contact,,
575929,Willson Contreras,BOS,ATH,2026-07-30T01:40:00Z,Scheduled,3,Jacob Lopez,682052,L,R,14.25,0.2362,90.53,103.0612,0.5041,0.2408,0.3783,76.77,69.24,44.77,28.7,46.97,21.4,5.41,31.73,85.78,0.3473,0.131,32.48,12.2,12.2,12.2,Sutter Health Park,106,,,,No,No,3,Yes,Yes,RotoWire projected lineup; MLB probable pitchers,lineup projected / unconfirmed,H:2026/2025 P:2026/2025,,,Direct BvP not yet weighted; 2026/2025 Statcast baseline active,7,4,19,0,"Last 7 games: 4/19, 0 HR","platoon edge; pitcher baseline 5.4% barrel, 12.2 HR allowed",neutral batted-ball profile; pitcher allows elevated contact,,
677800,Wilyer Abreu,BOS,ATH,2026-07-30T01:40:00Z,Scheduled,4,Jacob Lopez,682052,L,L,12.3,0.1954,90.1,101.1663,0.4659,0.2152,0.3385,73.89,38.24,37.34,37.38,42.94,17.1,5.41,31.73,85.78,0.3473,0.131,32.48,12.2,12.2,12.2,Sutter Health Park,106,,,,No,No,4,Yes,Yes,RotoWire projected lineup; MLB probable pitchers,lineup projected / unconfirmed,H:2026/2025 P:2026/2025,,,Direct BvP not yet weighted; 2026/2025 Statcast baseline active,7,2,27,0,"Last 7 games: 2/27, 0 HR","same-side matchup; pitcher baseline 5.4% barrel, 12.2 HR allowed",fly-ball profile; pitcher allows elevated contact,,
678882,Ceddanne Rafaela,BOS,ATH,2026-07-30T01:40:00Z,Scheduled,5,Jacob Lopez,682052,L,R,6.19,0.1636,86.97,97.9229,0.3684,0.1264,0.2875,70.09,9.04,35.36,25.37,34.78,12.5,5.41,31.73,85.78,0.3473,0.131,32.48,12.2,12.2,12.2,Sutter Health Park,106,,,,No,No,5,Yes,Yes,RotoWire projected lineup; MLB probable pitchers,lineup projected / unconfirmed,H:2026/2025 P:2026/2025,,,Direct BvP not yet weighted; 2026/2025 Statcast baseline active,7,7,29,3,Hot streak: 3 HR in last 7 games,"platoon edge; pitcher baseline 5.4% barrel, 12.2 HR allowed",neutral batted-ball profile; pitcher allows elevated contact,,
663853,Romy Gonzalez,BOS,ATH,2026-07-30T01:40:00Z,Scheduled,6,Jacob Lopez,682052,L,R,7.21,0.1465,90.29,102.2269,0.3925,0.1389,0.3167,72.62,27.76,24.94,20.04,46.24,3.4,5.41,31.73,85.78,0.3473,0.131,32.48,12.2,12.2,12.2,Sutter Health Park,106,,,,No,No,6,Yes,Yes,RotoWire projected lineup; MLB probable pitchers,lineup projected / unconfirmed,H:2026/2025 P:2026/2025,,,Direct BvP not yet weighted; 2026/2025 Statcast baseline active,7,3,21,0,"Last 7 games: 3/21, 0 HR","platoon edge; pitcher baseline 5.4% barrel, 12.2 HR allowed",neutral batted-ball profile; pitcher allows elevated contact,,
655316,Andruw Monasterio,BOS,ATH,2026-07-30T01:40:00Z,Scheduled,7,Jacob Lopez,682052,L,R,8.17,0.181,88.12,98.0672,0.3875,0.1488,0.2996,69.17,3.25,41.04,33.23,37.2,4.7,5.41,31.73,85.78,0.3473,0.131,32.48,12.2,12.2,12.2,Sutter Health Park,106,,,,No,No,7,Yes,Yes,RotoWire projected lineup; MLB probable pitchers,lineup projected / unconfirmed,H:2026/2025 P:2026/2025,,,Direct BvP not yet weighted; 2026/2025 Statcast baseline active,7,7,21,0,Contact streak: 7/21 over last 7 games,"platoon edge; pitcher baseline 5.4% barrel, 12.2 HR allowed",neutral batted-ball profile; pitcher allows elevated contact,,
680776,Jarren Duran,BOS,ATH,2026-07-30T01:40:00Z,Scheduled,8,Jacob Lopez,682052,L,L,10.05,0.1566,90.19,101.8263,0.3827,0.1494,0.3029,74.94,49.39,39.32,22.3,40.85,13.9,5.41,31.73,85.78,0.3473,0.131,32.48,12.2,12.2,12.2,Sutter Health Park,106,,,,No,No,8,Yes,Yes,RotoWire projected lineup; MLB probable pitchers,lineup projected / unconfirmed,H:2026/2025 P:2026/2025,,,Direct BvP not yet weighted; 2026/2025 Statcast baseline active,7,8,26,0,"Last 7 games: 8/26, 0 HR","same-side matchup; pitcher baseline 5.4% barrel, 12.2 HR allowed",neutral batted-ball profile; pitcher allows elevated contact,,
665966,Carlos Narvaez,BOS,ATH,2026-07-30T01:40:00Z,Scheduled,9,Jacob Lopez,682052,L,R,7.77,0.1178,91.31,100.3817,0.3523,0.141,0.2818,71.95,19.59,32.16,29.82,39.84,6.6,5.41,31.73,85.78,0.3473,0.131,32.48,12.2,12.2,12.2,Sutter Health Park,106,,,,No,No,9,Yes,Yes,RotoWire projected lineup; MLB probable pitchers,lineup projected / unconfirmed,H:2026/2025 P:2026/2025,,,Direct BvP not yet weighted; 2026/2025 Statcast baseline active,7,3,13,1,"Last 7 games: 3/13, 1 HR","platoon edge; pitcher baseline 5.4% barrel, 12.2 HR allowed",neutral batted-ball profile; pitcher allows elevated contact,,
805779,Jacob Wilson,ATH,BOS,2026-07-30T01:40:00Z,Scheduled,1,Patrick Sandoval,663776,L,R,2.41,0.1281,84.04,95.5348,0.3535,0.0856,0.2907,64.32,0.58,33.93,20.74,26.8,8.8,2.1,31.9,85.8,0.363,0.1,21.3,1.0,1.0,1.0,Sutter Health Park,106,,,,No,No,1,Yes,Yes,RotoWire projected lineup; MLB probable pitchers,lineup projected / unconfirmed,H:2026/2025 P:2026,,,Direct BvP not yet weighted; 2026/2025 Statcast baseline active,7,3,28,1,"Last 7 games: 3/28, 1 HR","platoon edge; pitcher baseline 2.1% barrel, 1.0 HR allowed",neutral batted-ball profile; pitcher fly-ball pressure modest,,
701762,Nick Kurtz,ATH,BOS,2026-07-30T01:40:00Z,Scheduled,2,Patrick Sandoval,663776,L,L,18.29,0.2604,93.19,105.5705,0.5027,0.2577,0.3734,77.97,78.44,34.67,30.91,55.51,25.5,2.1,31.9,85.8,0.363,0.1,21.3,1.0,1.0,1.0,Sutter Health Park,106,,,,No,No,2,Yes,Yes,RotoWire projected lineup; MLB probable pitchers,lineup projected / unconfirmed,H:2026/2025 P:2026,,,Direct BvP not yet weighted; 2026/2025 Statcast baseline active,7,1,22,1,"Last 7 games: 1/22, 1 HR","same-side matchup; pitcher baseline 2.1% barrel, 1.0 HR allowed",EV profile; pitcher fly-ball pressure modest,,
691016,Tyler Soderstrom,ATH,BOS,2026-07-30T01:40:00Z,Scheduled,3,Patrick Sandoval,663776,L,L,10.14,0.2176,90.62,101.9156,0.4318,0.1757,0.3382,74.28,42.38,36.07,25.88,45.95,19.4,2.1,31.9,85.8,0.363,0.1,21.3,1.0,1.0,1.0,Sutter Health Park,106,,,,No,No,3,Yes,Yes,RotoWire projected lineup; MLB probable pitchers,lineup projected / unconfirmed,H:2026/2025 P:2026,,,Direct BvP not yet weighted; 2026/2025 Statcast baseline active,7,7,25,1,"Last 7 games: 7/25, 1 HR","same-side matchup; pitcher baseline 2.1% barrel, 1.0 HR allowed",neutral batted-ball profile; pitcher fly-ball pressure modest,,
641680,Jonah Heim,ATH,BOS,2026-07-30T01:40:00Z,Scheduled,4,Patrick Sandoval,663776,L,S,6.66,0.1757,87.61,97.991,0.3726,0.1424,0.2907,70.05,10.5,40.21,27.41,32.68,10.3,2.1,31.9,85.8,0.363,0.1,21.3,1.0,1.0,1.0,Sutter Health Park,106,,,,No,No,4,Yes,Yes,RotoWire projected lineup; MLB probable pitchers,lineup projected / unconfirmed,H:2026/2025 P:2026,,,Direct BvP not yet weighted; 2026/2025 Statcast baseline active,7,4,27,1,"Last 7 games: 4/27, 1 HR","switch hitter; pitcher baseline 2.1% barrel, 1.0 HR allowed",neutral batted-ball profile; pitcher fly-ball pressure modest,,
687515,Colby Thomas,ATH,BOS,2026-07-30T01:40:00Z,Scheduled,5,Patrick Sandoval,663776,L,R,10.29,0.1521,90.1,100.7917,0.3699,0.1781,0.2619,75.29,54.59,39.14,34.63,39.01,4.6,2.1,31.9,85.8,0.363,0.1,21.3,1.0,1.0,1.0,Sutter Health Park,106,,,,No,No,5,Yes,Yes,RotoWire projected lineup; MLB probable pitchers,lineup projected / unconfirmed,H:2026/2025 P:2026,,,Direct BvP not yet weighted; 2026/2025 Statcast baseline active,7,3,15,0,"Last 7 games: 3/15, 0 HR","platoon edge; pitcher baseline 2.1% barrel, 1.0 HR allowed",neutral batted-ball profile; pitcher fly-ball pressure modest,,
695720,Tommy White,ATH,BOS,2026-07-30T01:40:00Z,Scheduled,6,Patrick Sandoval,663776,L,R,5.6,0.051,85.6,98.1563,0.445,0.104,0.357,70.6,18.3,33.3,13.9,36.1,0.0,2.1,31.9,85.8,0.363,0.1,21.3,1.0,1.0,1.0,Sutter Health Park,106,,,,No,No,6,Yes,Yes,RotoWire projected lineup; MLB probable pitchers,lineup projected / unconfirmed,H:2026 P:2026,,,Direct BvP not yet weighted; 2026/2025 Statcast baseline active,7,9,28,0,Contact streak: 9/28 over last 7 games,"platoon edge; pitcher baseline 2.1% barrel, 1.0 HR allowed",neutral batted-ball profile; pitcher fly-ball pressure modest,,
643446,Jeff McNeil,ATH,BOS,2026-07-30T01:40:00Z,Scheduled,7,Patrick Sandoval,663776,L,L,2.37,0.1106,86.5,96.6064,0.3698,0.0978,0.3146,69.02,5.23,42.93,23.75,32.2,6.4,2.1,31.9,85.8,0.363,0.1,21.3,1.0,1.0,1.0,Sutter Health Park,106,,,,No,No,7,Yes,Yes,RotoWire projected lineup; MLB probable pitchers,lineup projected / unconfirmed,H:2026/2025 P:2026,,,Direct BvP not yet weighted; 2026/2025 Statcast baseline active,7,8,20,1,Contact streak: 8/20 over last 7 games,"same-side matchup; pitcher baseline 2.1% barrel, 1.0 HR allowed",neutral batted-ball profile; pitcher fly-ball pressure modest,,
703607,Henry Bolte,ATH,BOS,2026-07-30T01:40:00Z,Scheduled,8,Patrick Sandoval,663776,L,R,6.3,0.078,90.0,103.7926,0.338,0.116,0.291,77.0,73.8,31.5,18.2,45.8,3.0,2.1,31.9,85.8,0.363,0.1,21.3,1.0,1.0,1.0,Sutter Health Park,106,,,,No,No,8,Yes,Yes,RotoWire projected lineup; MLB probable pitchers,lineup projected / unconfirmed,H:2026 P:2026,,,Direct BvP not yet weighted; 2026/2025 Statcast baseline active,7,3,19,0,"Last 7 games: 3/19, 0 HR","platoon edge; pitcher baseline 2.1% barrel, 1.0 HR allowed",neutral batted-ball profile; pitcher fly-ball pressure modest,,
675961,Alika Williams,ATH,BOS,2026-07-30T01:40:00Z,Scheduled,9,Patrick Sandoval,663776,L,R,0.0,0.146,85.7,97.2897,0.269,0.056,0.226,69.6,4.3,36.0,24.0,33.8,2.0,2.1,31.9,85.8,0.363,0.1,21.3,1.0,1.0,1.0,Sutter Health Park,106,,,,No,No,9,Yes,Yes,RotoWire projected lineup; MLB probable pitchers,lineup projected / unconfirmed,H:2026 P:2026,,,Direct BvP not yet weighted; 2026/2025 Statcast baseline active,7,3,15,0,"Last 7 games: 3/15, 0 HR","platoon edge; pitcher baseline 2.1% barrel, 1.0 HR allowed",neutral batted-ball profile; pitcher fly-ball pressure modest,,
668227,Randy Arozarena,SEA,LAD,2026-07-30T02:10:00Z,Scheduled,1,Eric Lauer,641778,L,R,9.19,0.1747,91.16,101.046,0.4219,0.169,0.3438,71.32,24.9,33.21,22.84,45.07,17.2,10.41,37.56,88.85,0.4568,0.207,37.04,18.5,18.5,18.5,UNIQLO Field at Dodger Stadium,100,,,,No,No,1,Yes,Yes,RotoWire projected lineup; MLB probable pitchers,lineup projected / unconfirmed,H:2026/2025 P:2026/2025,,,Direct BvP not yet weighted; 2026/2025 Statcast baseline active,7,7,29,2,Hot streak: 2 HR in last 7 games,"platoon edge; pitcher baseline 10.4% barrel, 18.5 HR allowed",neutral batted-ball profile; pitcher allows elevated contact,,
677594,Julio Rodriguez,SEA,LAD,2026-07-30T02:10:00Z,Scheduled,2,Eric Lauer,641778,L,R,9.31,0.1797,90.54,102.8986,0.4762,0.202,0.3489,76.61,66.63,37.72,25.98,44.85,20.8,10.41,37.56,88.85,0.4568,0.207,37.04,18.5,18.5,18.5,UNIQLO Field at Dodger Stadium,100,,,,No,No,2,Yes,Yes,RotoWire projected lineup; MLB probable pitchers,lineup projected / unconfirmed,H:2026/2025 P:2026/2025,,,Direct BvP not yet weighted; 2026/2025 Statcast baseline active,7,7,26,2,Hot streak: 2 HR in last 7 games,"platoon edge; pitcher baseline 10.4% barrel, 18.5 HR allowed",neutral batted-ball profile; pitcher allows elevated contact,,
686527,Dominic Canzone,SEA,LAD,2026-07-30T02:10:00Z,Scheduled,3,Eric Lauer,641778,L,L,14.5,0.2412,92.23,103.0114,0.5295,0.2479,0.3739,74.29,44.61,41.3,26.65,48.02,15.9,10.41,37.56,88.85,0.4568,0.207,37.04,18.5,18.5,18.5,UNIQLO Field at Dodger Stadium,100,,,,No,No,3,Yes,Yes,RotoWire projected lineup; MLB probable pitchers,lineup projected / unconfirmed,H:2026/2025 P:2026/2025,,,Direct BvP not yet weighted; 2026/2025 Statcast baseline active,7,8,28,3,Hot streak: 3 HR in last 7 games,"same-side matchup; pitcher baseline 10.4% barrel, 18.5 HR allowed",EV profile; pitcher allows elevated contact,,
663728,Cal Raleigh,SEA,LAD,2026-07-30T02:10:00Z,Scheduled,4,Eric Lauer,641778,L,S,13.83,0.2034,89.13,100.2397,0.4133,0.2201,0.3122,74.99,53.37,53.73,41.94,37.98,25.7,10.41,37.56,88.85,0.4568,0.207,37.04,18.5,18.5,18.5,UNIQLO Field at Dodger Stadium,100,,,,No,No,4,Yes,Yes,RotoWire projected lineup; MLB probable pitchers,lineup projected / unconfirmed,H:2026/2025 P:2026/2025,,,Direct BvP not yet weighted; 2026/2025 Statcast baseline active,7,5,25,2,Hot streak: 2 HR in last 7 games,"switch hitter; pitcher baseline 10.4% barrel, 18.5 HR allowed",fly-ball profile; pitcher allows elevated contact,,
647304,Josh Naylor,SEA,LAD,2026-07-30T02:10:00Z,Scheduled,5,Eric Lauer,641778,L,L,5.3,0.1173,88.08,99.1606,0.4073,0.1331,0.3259,70.44,11.6,41.71,23.13,38.12,11.6,10.41,37.56,88.85,0.4568,0.207,37.04,18.5,18.5,18.5,UNIQLO Field at Dodger Stadium,100,,,,No,No,5,Yes,Yes,RotoWire projected lineup; MLB probable pitchers,lineup projected / unconfirmed,H:2026/2025 P:2026/2025,,,Direct BvP not yet weighted; 2026/2025 Statcast baseline active,7,10,27,0,Contact streak: 10/27 over last 7 games,"same-side matchup; pitcher baseline 10.4% barrel, 18.5 HR allowed",neutral batted-ball profile; pitcher allows elevated contact,,
608701,Rob Refsnyder,SEA,LAD,2026-07-30T02:10:00Z,Scheduled,6,Eric Lauer,641778,L,R,9.92,0.1478,88.22,99.418,0.3681,0.1713,0.2862,72.29,23.93,47.18,29.35,40.47,5.5,10.41,37.56,88.85,0.4568,0.207,37.04,18.5,18.5,18.5,UNIQLO Field at Dodger Stadium,100,,,,No,No,6,Yes,Yes,RotoWire projected lineup; MLB probable pitchers,lineup projected / unconfirmed,H:2026/2025 P:2026/2025,,,Direct BvP not yet weighted; 2026/2025 Statcast baseline active,7,3,19,1,"Last 7 games: 3/19, 1 HR","platoon edge; pitcher baseline 10.4% barrel, 18.5 HR allowed",neutral batted-ball profile; pitcher allows elevated contact,,
702284,Cole Young,SEA,LAD,2026-07-30T02:10:00Z,Scheduled,7,Eric Lauer,641778,L,L,5.39,0.1304,88.23,98.9848,0.404,0.1429,0.3222,71.61,22.23,43.17,27.78,36.07,10.3,10.41,37.56,88.85,0.4568,0.207,37.04,18.5,18.5,18.5,UNIQLO Field at Dodger Stadium,100,,,,No,No,7,Yes,Yes,RotoWire projected lineup; MLB probable pitchers,lineup projected / unconfirmed,H:2026/2025 P:2026/2025,,,Direct BvP not yet weighted; 2026/2025 Statcast baseline active,7,7,29,0,"Last 7 games: 7/29, 0 HR","same-side matchup; pitcher baseline 10.4% barrel, 18.5 HR allowed",neutral batted-ball profile; pitcher allows elevated contact,,
642215,Weston Wilson,SEA,LAD,2026-07-30T02:10:00Z,Scheduled,8,Eric Lauer,641778,L,R,7.36,0.1542,86.53,97.9094,0.3241,0.1277,0.2691,72.91,29.38,47.2,30.47,33.3,3.6,10.41,37.56,88.85,0.4568,0.207,37.04,18.5,18.5,18.5,UNIQLO Field at Dodger Stadium,100,,,,No,No,8,Yes,Yes,RotoWire projected lineup; MLB probable pitchers,lineup projected / unconfirmed,H:2026/2025 P:2026/2025,,,Direct BvP not yet weighted; 2026/2025 Statcast baseline active,7,3,16,1,"Last 7 games: 3/16, 1 HR","platoon edge; pitcher baseline 10.4% barrel, 18.5 HR allowed",neutral batted-ball profile; pitcher allows elevated contact,,
806068,Colt Emerson,SEA,LAD,2026-07-30T02:10:00Z,Scheduled,9,Eric Lauer,641778,L,L,5.1,0.163,86.3,96.8259,0.301,0.106,0.254,72.5,25.4,40.2,20.5,29.9,7.0,10.41,37.56,88.85,0.4568,0.207,37.04,18.5,18.5,18.5,UNIQLO Field at Dodger Stadium,100,,,,No,No,9,Yes,Yes,RotoWire projected lineup; MLB probable pitchers,lineup projected / unconfirmed,H:2026 P:2026/2025,,,Direct BvP not yet weighted; 2026/2025 Statcast baseline active,7,6,24,0,"Last 7 games: 6/24, 0 HR","same-side matchup; pitcher baseline 10.4% barrel, 18.5 HR allowed",neutral batted-ball profile; pitcher allows elevated contact,,
660271,Shohei Ohtani,LAD,SEA,2026-07-30T02:10:00Z,Scheduled,1,Emerson Hancock,676106,R,L,18.6,0.2749,93.99,104.3611,0.5972,0.3092,0.4152,74.96,52.8,46.84,33.04,54.99,32.6,8.96,43.27,89.63,0.4428,0.1794,28.31,13.6,13.6,13.6,UNIQLO Field at Dodger Stadium,100,,,,No,No,1,Yes,Yes,RotoWire projected lineup; MLB probable pitchers,lineup projected / unconfirmed,H:2026/2025 P:2026/2025,,,Direct BvP not yet weighted; 2026/2025 Statcast baseline active,7,7,29,1,"Last 7 games: 7/29, 1 HR","platoon edge; pitcher baseline 9.0% barrel, 13.6 HR allowed",lift-pull EV profile; pitcher fly-ball pressure modest,,
681624,Andy Pages,LAD,SEA,2026-07-30T02:10:00Z,Scheduled,2,Emerson Hancock,676106,R,R,8.19,0.189,88.88,100.0763,0.4343,0.1707,0.3307,72.95,27.24,36.5,28.79,42.03,20.0,8.96,43.27,89.63,0.4428,0.1794,28.31,13.6,13.6,13.6,UNIQLO Field at Dodger Stadium,100,,,,No,No,2,Yes,Yes,RotoWire projected lineup; MLB probable pitchers,lineup projected / unconfirmed,H:2026/2025 P:2026/2025,,,Direct BvP not yet weighted; 2026/2025 Statcast baseline active,7,6,29,0,"Last 7 games: 6/29, 0 HR","same-side matchup; pitcher baseline 9.0% barrel, 13.6 HR allowed",neutral batted-ball profile; pitcher fly-ball pressure modest,,
518692,Freddie Freeman,LAD,SEA,2026-07-30T02:10:00Z,Scheduled,3,Emerson Hancock,676106,R,L,10.05,0.1937,90.34,100.6472,0.4887,0.2007,0.3724,70.25,8.54,36.33,28.4,43.95,17.7,8.96,43.27,89.63,0.4428,0.1794,28.31,13.6,13.6,13.6,UNIQLO Field at Dodger Stadium,100,,,,No,No,3,Yes,Yes,RotoWire projected lineup; MLB probable pitchers,lineup projected / unconfirmed,H:2026/2025 P:2026/2025,,,Direct BvP not yet weighted; 2026/2025 Statcast baseline active,7,14,29,0,Contact streak: 14/29 over last 7 games,"platoon edge; pitcher baseline 9.0% barrel, 13.6 HR allowed",neutral batted-ball profile; pitcher fly-ball pressure modest,,
571970,Max Muncy,LAD,SEA,2026-07-30T02:10:00Z,Scheduled,4,Emerson Hancock,676106,R,L,13.88,0.2431,90.53,101.3242,0.4914,0.2464,0.3642,71.48,14.57,52.83,35.44,46.32,20.4,8.96,43.27,89.63,0.4428,0.1794,28.31,13.6,13.6,13.6,UNIQLO Field at Dodger Stadium,100,,,,No,No,4,Yes,Yes,RotoWire projected lineup; MLB probable pitchers,lineup projected / unconfirmed,H:2026/2025 P:2026/2025,,,Direct BvP not yet weighted; 2026/2025 Statcast baseline active,7,6,26,3,Hot streak: 3 HR in last 7 games,"platoon edge; pitcher baseline 9.0% barrel, 13.6 HR allowed",fly-ball profile; pitcher fly-ball pressure modest,,
605141,Mookie Betts,LAD,SEA,2026-07-30T02:10:00Z,Scheduled,5,Emerson Hancock,676106,R,R,7.46,0.169,90.08,98.5931,0.4304,0.1602,0.33,69.42,7.65,38.98,35.62,38.04,15.1,8.96,43.27,89.63,0.4428,0.1794,28.31,13.6,13.6,13.6,UNIQLO Field at Dodger Stadium,100,,,,No,No,5,Yes,Yes,RotoWire projected lineup; MLB probable pitchers,lineup projected / unconfirmed,H:2026/2025 P:2026/2025,,,Direct BvP not yet weighted; 2026/2025 Statcast baseline active,7,7,28,2,Hot streak: 2 HR in last 7 games,"same-side matchup; pitcher baseline 9.0% barrel, 13.6 HR allowed",fly-ball profile; pitcher fly-ball pressure modest,,
669242,Tommy Edman,LAD,SEA,2026-07-30T02:10:00Z,Scheduled,6,Emerson Hancock,676106,R,S,6.39,0.157,89.28,100.4227,0.439,0.1279,0.3609,70.41,10.88,44.84,22.51,40.67,5.3,8.96,43.27,89.63,0.4428,0.1794,28.31,13.6,13.6,13.6,UNIQLO Field at Dodger Stadium,100,,,,No,No,6,Yes,Yes,RotoWire projected lineup; MLB probable pitchers,lineup projected / unconfirmed,H:2026/2025 P:2026/2025,,,Direct BvP not yet weighted; 2026/2025 Statcast baseline active,7,8,26,0,"Last 7 games: 8/26, 0 HR","switch hitter; pitcher baseline 9.0% barrel, 13.6 HR allowed",neutral batted-ball profile; pitcher fly-ball pressure modest,,
663656,Kyle Tucker,LAD,SEA,2026-07-30T02:10:00Z,Scheduled,7,Emerson Hancock,676106,R,L,7.93,0.1546,89.26,98.8974,0.4256,0.1598,0.3489,71.51,20.87,43.73,32.07,39.07,12.9,8.96,43.27,89.63,0.4428,0.1794,28.31,13.6,13.6,13.6,UNIQLO Field at Dodger Stadium,100,,,,No,No,7,Yes,Yes,RotoWire projected lineup; MLB probable pitchers,lineup projected / unconfirmed,H:2026/2025 P:2026/2025,,,Direct BvP not yet weighted; 2026/2025 Statcast baseline active,7,5,23,2,Hot streak: 2 HR in last 7 games,"platoon edge; pitcher baseline 9.0% barrel, 13.6 HR allowed",neutral batted-ball profile; pitcher fly-ball pressure modest,,
606192,Teoscar Hernandez,LAD,SEA,2026-07-30T02:10:00Z,Scheduled,8,Emerson Hancock,676106,R,R,9.75,0.158,89.57,100.8426,0.4214,0.1745,0.3202,72.41,25.12,32.26,30.22,44.35,13.1,8.96,43.27,89.63,0.4428,0.1794,28.31,13.6,13.6,13.6,UNIQLO Field at Dodger Stadium,100,,,,No,No,8,Yes,Yes,RotoWire projected lineup; MLB probable pitchers,lineup projected / unconfirmed,H:2026/2025 P:2026/2025,,,Direct BvP not yet weighted; 2026/2025 Statcast baseline active,7,8,27,0,"Last 7 games: 8/27, 0 HR","same-side matchup; pitcher baseline 9.0% barrel, 13.6 HR allowed",neutral batted-ball profile; pitcher fly-ball pressure modest,,
687221,Dalton Rushing,LAD,SEA,2026-07-30T02:10:00Z,Scheduled,9,Emerson Hancock,676106,R,L,12.53,0.1879,89.82,101.8847,0.4147,0.1746,0.3243,72.68,18.03,47.54,27.55,44.46,8.9,8.96,43.27,89.63,0.4428,0.1794,28.31,13.6,13.6,13.6,UNIQLO Field at Dodger Stadium,100,,,,No,No,9,Yes,Yes,RotoWire projected lineup; MLB probable pitchers,lineup projected / unconfirmed,H:2026/2025 P:2026/2025,,,Direct BvP not yet weighted; 2026/2025 Statcast baseline active,7,7,21,1,Contact streak: 7/21 over last 7 games,"platoon edge; pitcher baseline 9.0% barrel, 13.6 HR allowed",neutral batted-ball profile; pitcher fly-ball pressure modest,,
