hitter_id,player,team,opponent,game_start_time,game_status,batting_order,pitcher,pitcher_id,pitcher_hand,hitter_hand,barrel_pct,iso,avg_exit_velocity,ev50,xslg,xiso,xwoba,bat_speed,fast_swing_pct,pull_pct,fb_pct,hard_hit_pct,hr_total,pitcher_barrel_pct_allowed,pitcher_hard_hit_pct_allowed,pitcher_avg_exit_velocity_allowed,pitcher_xslg_allowed,pitcher_xiso_allowed,pitcher_fb_pct_allowed,pitcher_hr_allowed,pitcher_hr_allowed_vs_lhh,pitcher_hr_allowed_vs_rhh,ballpark,park_hr_factor,weather_temp,wind_speed,wind_direction,confirmed_lineup,rotowire_confirmed_lineup,rotowire_batting_order,rotowire_player_found,lineup_disagreement,lineup_sources_used,source_warnings,stat_years_used,bvp_pa,bvp_hr,bvp_note,recent_games,recent_hits,recent_abs,recent_hr,recent_form_note,split_matchup_note,pitch_mix_note,public_attention,odds
682829,Elly De La Cruz,CIN,WSH,2026-08-09T16:15:00Z,Pre-Game,1,Brad Lord,695418,R,S,13.17,0.2138,93.03,104.0966,0.4681,0.201,0.3542,75.17,52.58,34.89,25.24,49.45,20.6,6.68,41.45,88.15,0.4104,0.1558,19.83,10.0,10.0,10.0,Nationals Park,101,90,3,L To R,Yes,Yes,1,Yes,No,MLB Stats API; RotoWire,,H:2026/2025 P:2026/2025,,,Direct BvP not yet weighted; 2026/2025 Statcast baseline active,7,5,25,2,Hot streak: 2 HR in last 7 games,"switch hitter; pitcher baseline 6.7% barrel, 10.0 HR allowed",EV profile; pitcher fly-ball pressure modest,,
701398,Sal Stewart,CIN,WSH,2026-08-09T16:15:00Z,Pre-Game,2,Brad Lord,695418,R,R,15.24,0.2424,91.97,101.6077,0.5187,0.2575,0.3632,72.31,27.56,38.78,32.37,43.61,19.0,6.68,41.45,88.15,0.4104,0.1558,19.83,10.0,10.0,10.0,Nationals Park,101,90,3,L To R,Yes,Yes,2,Yes,No,MLB Stats API; RotoWire,,H:2026/2025 P:2026/2025,,,Direct BvP not yet weighted; 2026/2025 Statcast baseline active,7,6,25,2,Hot streak: 2 HR in last 7 games,"same-side matchup; pitcher baseline 6.7% barrel, 10.0 HR allowed",neutral batted-ball profile; pitcher fly-ball pressure modest,,
668709,JJ Bleday,CIN,WSH,2026-08-09T16:15:00Z,Pre-Game,3,Brad Lord,695418,R,L,9.9,0.2221,88.63,99.9309,0.4227,0.1886,0.3355,73.21,28.98,46.09,33.48,40.17,18.2,6.68,41.45,88.15,0.4104,0.1558,19.83,10.0,10.0,10.0,Nationals Park,101,90,3,L To R,Yes,Yes,3,Yes,No,MLB Stats API; RotoWire,,H:2026/2025 P:2026/2025,,,Direct BvP not yet weighted; 2026/2025 Statcast baseline active,7,4,23,1,"Last 7 games: 4/23, 1 HR","platoon edge; pitcher baseline 6.7% barrel, 10.0 HR allowed",neutral batted-ball profile; pitcher fly-ball pressure modest,,
663886,Tyler Stephenson,CIN,WSH,2026-08-09T16:15:00Z,Pre-Game,4,Brad Lord,695418,R,R,12.96,0.1732,90.85,100.5239,0.4508,0.2089,0.3382,70.66,7.63,37.43,32.66,46.61,10.9,6.68,41.45,88.15,0.4104,0.1558,19.83,10.0,10.0,10.0,Nationals Park,101,90,3,L To R,Yes,Yes,4,Yes,No,MLB Stats API; RotoWire,,H:2026/2025 P:2026/2025,,,Direct BvP not yet weighted; 2026/2025 Statcast baseline active,7,6,24,2,Hot streak: 2 HR in last 7 games,"same-side matchup; pitcher baseline 6.7% barrel, 10.0 HR allowed",neutral batted-ball profile; pitcher fly-ball pressure modest,,
553993,Eugenio Suárez,CIN,WSH,2026-08-09T16:15:00Z,Pre-Game,5,Brad Lord,695418,R,R,12.69,0.2301,89.22,100.2275,0.3769,0.1813,0.2857,71.88,20.83,48.45,34.04,39.2,25.9,6.68,41.45,88.15,0.4104,0.1558,19.83,10.0,10.0,10.0,Nationals Park,101,90,3,L To R,Yes,Yes,5,Yes,No,MLB Stats API; RotoWire,,H:2026/2025 P:2026/2025,,,Direct BvP not yet weighted; 2026/2025 Statcast baseline active,7,5,22,2,Hot streak: 2 HR in last 7 games,"same-side matchup; pitcher baseline 6.7% barrel, 10.0 HR allowed",neutral batted-ball profile; pitcher fly-ball pressure modest,,
699302,Héctor Rodríguez,CIN,WSH,2026-08-09T16:15:00Z,Pre-Game,6,Brad Lord,695418,R,L,0.0,0.1,85.5,97.478,0.283,0.034,0.311,76.9,64.3,25.0,12.5,37.5,0.0,6.68,41.45,88.15,0.4104,0.1558,19.83,10.0,10.0,10.0,Nationals Park,101,90,3,L To R,Yes,Yes,6,Yes,No,MLB Stats API; RotoWire,,H:2026 P:2026/2025,,,Direct BvP not yet weighted; 2026/2025 Statcast baseline active,4,2,10,0,"Last 4 games: 2/10, 0 HR","platoon edge; pitcher baseline 6.7% barrel, 10.0 HR allowed",neutral batted-ball profile; pitcher fly-ball pressure modest,,
667472,Dane Myers,CIN,WSH,2026-08-09T16:15:00Z,Pre-Game,7,Brad Lord,695418,R,R,5.91,0.0952,89.86,99.3484,0.3762,0.1365,0.3145,71.25,19.66,26.53,25.31,37.24,3.9,6.68,41.45,88.15,0.4104,0.1558,19.83,10.0,10.0,10.0,Nationals Park,101,90,3,L To R,Yes,Yes,7,Yes,No,MLB Stats API; RotoWire,,H:2026/2025 P:2026/2025,,,Direct BvP not yet weighted; 2026/2025 Statcast baseline active,7,6,27,0,"Last 7 games: 6/27, 0 HR","same-side matchup; pitcher baseline 6.7% barrel, 10.0 HR allowed",neutral batted-ball profile; pitcher fly-ball pressure modest,,
680574,Matt McLain,CIN,WSH,2026-08-09T16:15:00Z,Pre-Game,8,Brad Lord,695418,R,R,9.27,0.144,88.24,98.9234,0.3827,0.1595,0.3103,71.0,10.03,33.19,33.57,37.83,11.5,6.68,41.45,88.15,0.4104,0.1558,19.83,10.0,10.0,10.0,Nationals Park,101,90,3,L To R,Yes,Yes,8,Yes,No,MLB Stats API; RotoWire,,H:2026/2025 P:2026/2025,,,Direct BvP not yet weighted; 2026/2025 Statcast baseline active,7,4,19,2,Hot streak: 2 HR in last 7 games,"same-side matchup; pitcher baseline 6.7% barrel, 10.0 HR allowed",neutral batted-ball profile; pitcher fly-ball pressure modest,,
663647,Ke'Bryan Hayes,CIN,WSH,2026-08-09T16:15:00Z,Pre-Game,9,Brad Lord,695418,R,R,7.05,0.0899,90.14,99.873,0.3791,0.1341,0.296,70.89,8.41,30.11,25.75,40.12,4.3,6.68,41.45,88.15,0.4104,0.1558,19.83,10.0,10.0,10.0,Nationals Park,101,90,3,L To R,Yes,Yes,9,Yes,No,MLB Stats API; RotoWire,,H:2026/2025 P:2026/2025,,,Direct BvP not yet weighted; 2026/2025 Statcast baseline active,7,2,15,1,"Last 7 games: 2/15, 1 HR","same-side matchup; pitcher baseline 6.7% barrel, 10.0 HR allowed",neutral batted-ball profile; pitcher fly-ball pressure modest,,
682928,CJ Abrams,WSH,CIN,2026-08-09T16:15:00Z,Pre-Game,1,Brady Singer,663903,R,L,9.77,0.2348,89.47,100.1248,0.4423,0.1868,0.3363,72.75,27.61,43.52,28.8,41.51,25.3,9.05,40.84,90.51,0.4335,0.1744,27.63,20.4,20.4,20.4,Nationals Park,101,90,3,L To R,Yes,Yes,1,Yes,No,MLB Stats API; RotoWire,,H:2026/2025 P:2026/2025,,,Direct BvP not yet weighted; 2026/2025 Statcast baseline active,7,8,30,0,"Last 7 games: 8/30, 0 HR","platoon edge; pitcher baseline 9.1% barrel, 20.4 HR allowed",neutral batted-ball profile; pitcher fly-ball pressure modest,,
694673,Abimelec Ortiz,WSH,CIN,2026-08-09T16:15:00Z,Pre-Game,2,Brady Singer,663903,R,L,13.3,0.21,91.4,101.1312,0.541,0.291,0.35,76.3,66.7,53.3,46.7,46.7,1.0,9.05,40.84,90.51,0.4335,0.1744,27.63,20.4,20.4,20.4,Nationals Park,101,90,3,L To R,Yes,Yes,2,Yes,No,MLB Stats API; RotoWire,,H:2026 P:2026/2025,,,Direct BvP not yet weighted; 2026/2025 Statcast baseline active,7,4,19,1,"Last 7 games: 4/19, 1 HR","platoon edge; pitcher baseline 9.1% barrel, 20.4 HR allowed",fly-ball profile; pitcher fly-ball pressure modest,,
677588,José Tena,WSH,CIN,2026-08-09T16:15:00Z,Pre-Game,3,Brady Singer,663903,R,L,7.05,0.1351,90.81,101.918,0.371,0.1301,0.3027,72.94,33.18,31.86,16.8,46.87,3.5,9.05,40.84,90.51,0.4335,0.1744,27.63,20.4,20.4,20.4,Nationals Park,101,90,3,L To R,Yes,Yes,3,Yes,No,MLB Stats API; RotoWire,,H:2026/2025 P:2026/2025,,,Direct BvP not yet weighted; 2026/2025 Statcast baseline active,7,2,14,0,"Last 7 games: 2/14, 0 HR","platoon edge; pitcher baseline 9.1% barrel, 20.4 HR allowed",neutral batted-ball profile; pitcher fly-ball pressure modest,,
695734,Daylen Lile,WSH,CIN,2026-08-09T16:15:00Z,Pre-Game,4,Brady Singer,663903,R,L,7.44,0.1822,88.48,98.6661,0.4231,0.1572,0.3228,70.5,8.52,40.94,32.76,37.51,13.2,9.05,40.84,90.51,0.4335,0.1744,27.63,20.4,20.4,20.4,Nationals Park,101,90,3,L To R,Yes,Yes,4,Yes,No,MLB Stats API; RotoWire,,H:2026/2025 P:2026/2025,,,Direct BvP not yet weighted; 2026/2025 Statcast baseline active,7,5,25,2,Hot streak: 2 HR in last 7 games,"platoon edge; pitcher baseline 9.1% barrel, 20.4 HR allowed",neutral batted-ball profile; pitcher fly-ball pressure modest,,
686611,Dylan Crews,WSH,CIN,2026-08-09T16:15:00Z,Pre-Game,5,Brady Singer,663903,R,R,10.22,0.1475,90.4,101.2719,0.4168,0.1804,0.3182,73.69,35.69,34.08,28.89,42.2,9.3,9.05,40.84,90.51,0.4335,0.1744,27.63,20.4,20.4,20.4,Nationals Park,101,90,3,L To R,Yes,Yes,5,Yes,No,MLB Stats API; RotoWire,,H:2026/2025 P:2026/2025,,,Direct BvP not yet weighted; 2026/2025 Statcast baseline active,7,3,25,0,"Last 7 games: 3/25, 0 HR","same-side matchup; pitcher baseline 9.1% barrel, 20.4 HR allowed",neutral batted-ball profile; pitcher fly-ball pressure modest,,
678391,Jorbit Vivas,WSH,CIN,2026-08-09T16:15:00Z,Pre-Game,6,Brady Singer,663903,R,L,3.72,0.0904,83.8,95.4053,0.3226,0.0799,0.3003,69.53,3.82,42.93,21.32,28.17,2.4,9.05,40.84,90.51,0.4335,0.1744,27.63,20.4,20.4,20.4,Nationals Park,101,90,3,L To R,Yes,Yes,6,Yes,No,MLB Stats API; RotoWire,,H:2026/2025 P:2026/2025,,,Direct BvP not yet weighted; 2026/2025 Statcast baseline active,7,2,12,0,"Last 7 games: 2/12, 0 HR","platoon edge; pitcher baseline 9.1% barrel, 20.4 HR allowed",neutral batted-ball profile; pitcher fly-ball pressure modest,,
683083,Nasim Nuñez,WSH,CIN,2026-08-09T16:15:00Z,Pre-Game,7,Brady Singer,663903,R,S,1.69,0.0783,85.8,95.9175,0.2984,0.072,0.2778,68.74,4.91,31.85,18.26,27.5,1.9,9.05,40.84,90.51,0.4335,0.1744,27.63,20.4,20.4,20.4,Nationals Park,101,90,3,L To R,Yes,Yes,7,Yes,No,MLB Stats API; RotoWire,,H:2026/2025 P:2026/2025,,,Direct BvP not yet weighted; 2026/2025 Statcast baseline active,7,2,23,0,"Last 7 games: 2/23, 0 HR","switch hitter; pitcher baseline 9.1% barrel, 20.4 HR allowed",neutral batted-ball profile; pitcher fly-ball pressure modest,,
660688,Keibert Ruiz,WSH,CIN,2026-08-09T16:15:00Z,Pre-Game,8,Brady Singer,663903,R,S,3.81,0.1403,87.81,97.715,0.3545,0.1073,0.28,67.22,0.65,53.91,25.86,36.01,5.5,9.05,40.84,90.51,0.4335,0.1744,27.63,20.4,20.4,20.4,Nationals Park,101,90,3,L To R,Yes,Yes,8,Yes,No,MLB Stats API; RotoWire,,H:2026/2025 P:2026/2025,,,Direct BvP not yet weighted; 2026/2025 Statcast baseline active,7,7,23,0,"Last 7 games: 7/23, 0 HR","switch hitter; pitcher baseline 9.1% barrel, 20.4 HR allowed",neutral batted-ball profile; pitcher fly-ball pressure modest,,
696285,Jacob Young,WSH,CIN,2026-08-09T16:15:00Z,Pre-Game,9,Brady Singer,663903,R,R,4.91,0.1232,88.16,98.1611,0.3752,0.1125,0.3131,69.0,2.02,34.51,23.37,33.78,6.9,9.05,40.84,90.51,0.4335,0.1744,27.63,20.4,20.4,20.4,Nationals Park,101,90,3,L To R,Yes,Yes,9,Yes,No,MLB Stats API; RotoWire,,H:2026/2025 P:2026/2025,,,Direct BvP not yet weighted; 2026/2025 Statcast baseline active,7,7,19,0,Contact streak: 7/19 over last 7 games,"same-side matchup; pitcher baseline 9.1% barrel, 20.4 HR allowed",neutral batted-ball profile; pitcher fly-ball pressure modest,,
703607,Henry Bolte,ATH,BOS,2026-08-09T17:35:00Z,Pre-Game,1,Erik Miller,669062,L,R,7.9,0.097,90.6,103.9954,0.358,0.129,0.302,77.0,74.7,29.9,18.9,47.9,5.0,5.7,28.86,84.65,0.3043,0.101,15.8,1.4,1.4,1.4,Fenway Park,102,89,11,Out To RF,Yes,Yes,1,Yes,No,MLB Stats API; RotoWire,,H:2026 P:2026/2025,,,Direct BvP not yet weighted; 2026/2025 Statcast baseline active,7,8,27,2,Hot streak: 2 HR in last 7 games,"platoon edge; pitcher baseline 5.7% barrel, 1.4 HR allowed",neutral batted-ball profile; pitcher fly-ball pressure modest,,
805779,Jacob Wilson,ATH,BOS,2026-08-09T17:35:00Z,Pre-Game,2,Erik Miller,669062,L,R,2.48,0.1274,84.25,95.53,0.3556,0.0856,0.2921,64.36,0.51,34.91,19.97,26.94,8.8,5.7,28.86,84.65,0.3043,0.101,15.8,1.4,1.4,1.4,Fenway Park,102,89,11,Out To RF,Yes,Yes,2,Yes,No,MLB Stats API; RotoWire,,H:2026/2025 P:2026/2025,,,Direct BvP not yet weighted; 2026/2025 Statcast baseline active,7,7,28,0,"Last 7 games: 7/28, 0 HR","platoon edge; pitcher baseline 5.7% barrel, 1.4 HR allowed",neutral batted-ball profile; pitcher fly-ball pressure modest,,
641680,Jonah Heim,ATH,BOS,2026-08-09T17:35:00Z,Pre-Game,3,Erik Miller,669062,L,S,6.94,0.1701,87.68,98.0293,0.3782,0.1459,0.2935,69.91,9.66,40.77,28.32,33.52,11.0,5.7,28.86,84.65,0.3043,0.101,15.8,1.4,1.4,1.4,Fenway Park,102,89,11,Out To RF,Yes,Yes,3,Yes,No,MLB Stats API; RotoWire,,H:2026/2025 P:2026/2025,,,Direct BvP not yet weighted; 2026/2025 Statcast baseline active,7,4,27,0,"Last 7 games: 4/27, 0 HR","switch hitter; pitcher baseline 5.7% barrel, 1.4 HR allowed",neutral batted-ball profile; pitcher fly-ball pressure modest,,
691016,Tyler Soderstrom,ATH,BOS,2026-08-09T17:35:00Z,Pre-Game,4,Erik Miller,669062,L,L,10.07,0.2183,90.97,102.1613,0.4311,0.1764,0.3368,74.25,42.46,36.91,26.23,47.35,20.8,5.7,28.86,84.65,0.3043,0.101,15.8,1.4,1.4,1.4,Fenway Park,102,89,11,Out To RF,Yes,Yes,4,Yes,No,MLB Stats API; RotoWire,,H:2026/2025 P:2026/2025,,,Direct BvP not yet weighted; 2026/2025 Statcast baseline active,7,8,25,2,Hot streak: 2 HR in last 7 games,"same-side matchup; pitcher baseline 5.7% barrel, 1.4 HR allowed",neutral batted-ball profile; pitcher fly-ball pressure modest,,
695720,Tommy White,ATH,BOS,2026-08-09T17:35:00Z,Pre-Game,5,Erik Miller,669062,L,R,4.6,0.025,85.2,96.9078,0.354,0.076,0.284,70.0,14.0,30.8,18.5,32.3,0.0,5.7,28.86,84.65,0.3043,0.101,15.8,1.4,1.4,1.4,Fenway Park,102,89,11,Out To RF,Yes,Yes,5,Yes,No,MLB Stats API; RotoWire,,H:2026 P:2026/2025,,,Direct BvP not yet weighted; 2026/2025 Statcast baseline active,7,7,27,0,"Last 7 games: 7/27, 0 HR","platoon edge; pitcher baseline 5.7% barrel, 1.4 HR allowed",neutral batted-ball profile; pitcher fly-ball pressure modest,,
671732,Lawrence Butler,ATH,BOS,2026-08-09T17:35:00Z,Pre-Game,6,Erik Miller,669062,L,L,7.66,0.1336,89.66,101.7798,0.3699,0.1367,0.3068,73.63,38.16,35.38,21.09,44.89,11.2,5.7,28.86,84.65,0.3043,0.101,15.8,1.4,1.4,1.4,Fenway Park,102,89,11,Out To RF,Yes,Yes,6,Yes,No,MLB Stats API; RotoWire,,H:2026/2025 P:2026/2025,,,Direct BvP not yet weighted; 2026/2025 Statcast baseline active,7,5,26,1,"Last 7 games: 5/26, 1 HR","same-side matchup; pitcher baseline 5.7% barrel, 1.4 HR allowed",neutral batted-ball profile; pitcher fly-ball pressure modest,,
680716,Jonathan Ornelas,ATH,BOS,2026-08-09T17:35:00Z,Pre-Game,7,Erik Miller,669062,L,R,0.0,0.0,86.24,97.2612,0.1539,0.0169,0.1773,72.58,32.13,47.01,0.0,37.99,0.0,5.7,28.86,84.65,0.3043,0.101,15.8,1.4,1.4,1.4,Fenway Park,102,89,11,Out To RF,Yes,Yes,7,Yes,No,MLB Stats API; RotoWire,,H:2026/2025 P:2026/2025,,,Direct BvP not yet weighted; 2026/2025 Statcast baseline active,5,2,11,0,"Last 5 games: 2/11, 0 HR","platoon edge; pitcher baseline 5.7% barrel, 1.4 HR allowed",neutral batted-ball profile; pitcher fly-ball pressure modest,,
691777,Max Muncy,ATH,BOS,2026-08-09T17:35:00Z,Pre-Game,8,Erik Miller,669062,L,R,10.87,0.1573,89.62,101.3649,0.3544,0.1465,0.2782,74.01,45.12,42.82,24.33,42.41,6.2,5.7,28.86,84.65,0.3043,0.101,15.8,1.4,1.4,1.4,Fenway Park,102,89,11,Out To RF,Yes,Yes,8,Yes,No,MLB Stats API; RotoWire,,H:2026/2025 P:2026/2025,,,Direct BvP not yet weighted; 2026/2025 Statcast baseline active,7,2,15,0,"Last 7 games: 2/15, 0 HR","platoon edge; pitcher baseline 5.7% barrel, 1.4 HR allowed",neutral batted-ball profile; pitcher fly-ball pressure modest,,
643446,Jeff McNeil,ATH,BOS,2026-08-09T17:35:00Z,Pre-Game,9,Erik Miller,669062,L,L,2.3,0.1057,86.57,96.6274,0.3663,0.0971,0.3111,69.09,5.09,43.0,23.33,32.06,6.4,5.7,28.86,84.65,0.3043,0.101,15.8,1.4,1.4,1.4,Fenway Park,102,89,11,Out To RF,Yes,Yes,9,Yes,No,MLB Stats API; RotoWire,,H:2026/2025 P:2026/2025,,,Direct BvP not yet weighted; 2026/2025 Statcast baseline active,7,6,22,0,"Last 7 games: 6/22, 0 HR","same-side matchup; pitcher baseline 5.7% barrel, 1.4 HR allowed",neutral batted-ball profile; pitcher fly-ball pressure modest,,
686765,Nick Sogard,BOS,ATH,2026-08-09T17:35:00Z,Pre-Game,1,J.T. Ginn,669372,R,S,2.94,0.0952,83.55,94.5209,0.3218,0.075,0.3069,68.78,3.96,42.58,21.5,24.41,0.0,7.14,37.71,87.35,0.3691,0.1365,23.08,14.2,14.2,14.2,Fenway Park,102,89,11,Out To RF,Yes,Yes,1,Yes,No,MLB Stats API; RotoWire,,H:2026/2025 P:2026/2025,,,Direct BvP not yet weighted; 2026/2025 Statcast baseline active,7,7,26,0,"Last 7 games: 7/26, 0 HR","switch hitter; pitcher baseline 7.1% barrel, 14.2 HR allowed",neutral batted-ball profile; pitcher fly-ball pressure modest,,
678882,Ceddanne Rafaela,BOS,ATH,2026-08-09T17:35:00Z,Pre-Game,2,J.T. Ginn,669372,R,R,6.68,0.1755,87.11,97.862,0.3782,0.132,0.2924,70.02,9.04,35.43,25.86,34.57,15.3,7.14,37.71,87.35,0.3691,0.1365,23.08,14.2,14.2,14.2,Fenway Park,102,89,11,Out To RF,Yes,Yes,2,Yes,No,MLB Stats API; RotoWire,,H:2026/2025 P:2026/2025,,,Direct BvP not yet weighted; 2026/2025 Statcast baseline active,7,10,32,3,Hot streak: 3 HR in last 7 games,"same-side matchup; pitcher baseline 7.1% barrel, 14.2 HR allowed",neutral batted-ball profile; pitcher fly-ball pressure modest,,
677800,Wilyer Abreu,BOS,ATH,2026-08-09T17:35:00Z,Pre-Game,3,J.T. Ginn,669372,R,L,12.86,0.2108,90.31,101.3778,0.4834,0.2285,0.3469,73.89,38.52,37.27,38.08,43.92,20.6,7.14,37.71,87.35,0.3691,0.1365,23.08,14.2,14.2,14.2,Fenway Park,102,89,11,Out To RF,Yes,Yes,3,Yes,No,MLB Stats API; RotoWire,,H:2026/2025 P:2026/2025,,,Direct BvP not yet weighted; 2026/2025 Statcast baseline active,7,10,26,4,Hot streak: 4 HR in last 7 games,"platoon edge; pitcher baseline 7.1% barrel, 14.2 HR allowed",fly-ball profile; pitcher fly-ball pressure modest,,
575929,Willson Contreras,BOS,ATH,2026-08-09T17:35:00Z,Pre-Game,4,J.T. Ginn,669372,R,R,14.32,0.2313,90.74,103.1313,0.502,0.2387,0.3783,76.77,68.87,44.42,29.26,46.97,22.1,7.14,37.71,87.35,0.3691,0.1365,23.08,14.2,14.2,14.2,Fenway Park,102,89,11,Out To RF,Yes,Yes,4,Yes,No,MLB Stats API; RotoWire,,H:2026/2025 P:2026/2025,,,Direct BvP not yet weighted; 2026/2025 Statcast baseline active,7,7,22,1,"Last 7 games: 7/22, 1 HR","same-side matchup; pitcher baseline 7.1% barrel, 14.2 HR allowed",neutral batted-ball profile; pitcher fly-ball pressure modest,,
655316,Andruw Monasterio,BOS,ATH,2026-08-09T17:35:00Z,Pre-Game,5,J.T. Ginn,669372,R,R,7.68,0.1803,88.33,97.9792,0.3917,0.1474,0.3066,69.17,3.08,42.44,32.39,36.15,5.4,7.14,37.71,87.35,0.3691,0.1365,23.08,14.2,14.2,14.2,Fenway Park,102,89,11,Out To RF,Yes,Yes,5,Yes,No,MLB Stats API; RotoWire,,H:2026/2025 P:2026/2025,,,Direct BvP not yet weighted; 2026/2025 Statcast baseline active,7,10,26,0,Contact streak: 10/26 over last 7 games,"same-side matchup; pitcher baseline 7.1% barrel, 14.2 HR allowed",neutral batted-ball profile; pitcher fly-ball pressure modest,,
678011,Anthony Seigler,BOS,ATH,2026-08-09T17:35:00Z,Pre-Game,6,J.T. Ginn,669372,R,S,5.18,0.1126,88.04,97.4022,0.3726,0.1272,0.3093,67.15,0.35,34.84,27.17,36.73,2.1,7.14,37.71,87.35,0.3691,0.1365,23.08,14.2,14.2,14.2,Fenway Park,102,89,11,Out To RF,Yes,Yes,6,Yes,No,MLB Stats API; RotoWire,,H:2026/2025 P:2026/2025,,,Direct BvP not yet weighted; 2026/2025 Statcast baseline active,7,4,20,0,"Last 7 games: 4/20, 0 HR","switch hitter; pitcher baseline 7.1% barrel, 14.2 HR allowed",neutral batted-ball profile; pitcher fly-ball pressure modest,,
680776,Jarren Duran,BOS,ATH,2026-08-09T17:35:00Z,Pre-Game,7,J.T. Ginn,669372,R,L,10.05,0.1643,90.19,101.9699,0.3911,0.1543,0.3057,74.91,49.82,38.97,22.65,40.99,16.0,7.14,37.71,87.35,0.3691,0.1365,23.08,14.2,14.2,14.2,Fenway Park,102,89,11,Out To RF,Yes,Yes,7,Yes,No,MLB Stats API; RotoWire,,H:2026/2025 P:2026/2025,,,Direct BvP not yet weighted; 2026/2025 Statcast baseline active,7,7,27,3,Hot streak: 3 HR in last 7 games,"platoon edge; pitcher baseline 7.1% barrel, 14.2 HR allowed",neutral batted-ball profile; pitcher fly-ball pressure modest,,
642201,Eli White,BOS,ATH,2026-08-09T17:35:00Z,Pre-Game,8,J.T. Ginn,669372,R,R,6.65,0.1671,86.86,98.6164,0.3545,0.1255,0.2799,72.62,26.21,36.61,25.48,33.54,6.5,7.14,37.71,87.35,0.3691,0.1365,23.08,14.2,14.2,14.2,Fenway Park,102,89,11,Out To RF,Yes,Yes,8,Yes,No,MLB Stats API; RotoWire,,H:2026/2025 P:2026/2025,,,Direct BvP not yet weighted; 2026/2025 Statcast baseline active,7,2,10,0,"Last 7 games: 2/10, 0 HR","same-side matchup; pitcher baseline 7.1% barrel, 14.2 HR allowed",neutral batted-ball profile; pitcher fly-ball pressure modest,,
668670,Jake Rogers,BOS,ATH,2026-08-09T17:35:00Z,Pre-Game,9,J.T. Ginn,669372,R,R,8.71,0.1481,88.52,98.5247,0.3119,0.1291,0.2726,70.64,5.07,45.41,33.83,39.64,3.0,7.14,37.71,87.35,0.3691,0.1365,23.08,14.2,14.2,14.2,Fenway Park,102,89,11,Out To RF,Yes,Yes,9,Yes,No,MLB Stats API; RotoWire,,H:2026/2025 P:2026/2025,,,Direct BvP not yet weighted; 2026/2025 Statcast baseline active,7,3,14,0,"Last 7 games: 3/14, 0 HR","same-side matchup; pitcher baseline 7.1% barrel, 14.2 HR allowed",neutral batted-ball profile; pitcher fly-ball pressure modest,,
805999,A.J. Ewing,NYM,PIT,2026-08-09T17:35:00Z,Pre-Game,1,Jared Jones,683003,R,L,7.8,0.137,89.4,100.4518,0.405,0.146,0.324,70.2,10.7,31.7,24.4,43.4,7.0,7.9,39.7,89.5,0.377,0.163,25.8,9.0,9.0,9.0,PNC Park,94,83,6,Out To CF,No,No,1,Yes,Yes,RotoWire projected lineup; MLB probable pitchers,lineup projected / unconfirmed,H:2026 P:2026,,,Direct BvP not yet weighted; 2026/2025 Statcast baseline active,7,7,28,0,"Last 7 games: 7/28, 0 HR","platoon edge; pitcher baseline 7.9% barrel, 9.0 HR allowed",neutral batted-ball profile; pitcher fly-ball pressure modest,,
596019,Francisco Lindor,NYM,PIT,2026-08-09T17:35:00Z,Pre-Game,2,Jared Jones,683003,R,S,9.18,0.1906,91.13,100.3538,0.4484,0.194,0.3422,71.95,22.11,43.78,30.16,47.2,16.3,7.9,39.7,89.5,0.377,0.163,25.8,9.0,9.0,9.0,PNC Park,94,83,6,Out To CF,No,No,2,Yes,Yes,RotoWire projected lineup; MLB probable pitchers,lineup projected / unconfirmed,H:2026/2025 P:2026,,,Direct BvP not yet weighted; 2026/2025 Statcast baseline active,7,7,29,1,"Last 7 games: 7/29, 1 HR","switch hitter; pitcher baseline 7.9% barrel, 9.0 HR allowed",neutral batted-ball profile; pitcher fly-ball pressure modest,,
666182,Bo Bichette,NYM,PIT,2026-08-09T17:35:00Z,Pre-Game,3,Jared Jones,683003,R,R,6.64,0.13,89.81,100.9759,0.4254,0.1447,0.3278,69.8,13.23,26.84,22.95,42.71,13.1,7.9,39.7,89.5,0.377,0.163,25.8,9.0,9.0,9.0,PNC Park,94,83,6,Out To CF,No,No,3,Yes,Yes,RotoWire projected lineup; MLB probable pitchers,lineup projected / unconfirmed,H:2026/2025 P:2026,,,Direct BvP not yet weighted; 2026/2025 Statcast baseline active,7,7,29,1,"Last 7 games: 7/29, 1 HR","same-side matchup; pitcher baseline 7.9% barrel, 9.0 HR allowed",neutral batted-ball profile; pitcher fly-ball pressure modest,,
673357,Luis Robert,NYM,PIT,2026-08-09T17:35:00Z,Pre-Game,4,Jared Jones,683003,R,R,5.96,0.1193,88.91,101.6046,0.3721,0.1408,0.3014,76.3,64.26,47.56,25.7,39.64,7.0,7.9,39.7,89.5,0.377,0.163,25.8,9.0,9.0,9.0,PNC Park,94,83,6,Out To CF,No,No,4,Yes,Yes,RotoWire projected lineup; MLB probable pitchers,lineup projected / unconfirmed,H:2026/2025 P:2026,,,Direct BvP not yet weighted; 2026/2025 Statcast baseline active,7,6,26,0,"Last 7 games: 6/26, 0 HR","same-side matchup; pitcher baseline 7.9% barrel, 9.0 HR allowed",neutral batted-ball profile; pitcher fly-ball pressure modest,,
676724,Jared Young,NYM,PIT,2026-08-09T17:35:00Z,Pre-Game,5,Jared Jones,683003,R,L,10.73,0.2103,88.59,101.4079,0.4217,0.1892,0.3198,73.37,34.09,38.95,25.48,45.88,6.1,7.9,39.7,89.5,0.377,0.163,25.8,9.0,9.0,9.0,PNC Park,94,83,6,Out To CF,No,No,5,Yes,Yes,RotoWire projected lineup; MLB probable pitchers,lineup projected / unconfirmed,H:2026/2025 P:2026,,,Direct BvP not yet weighted; 2026/2025 Statcast baseline active,7,5,23,0,"Last 7 games: 5/23, 0 HR","platoon edge; pitcher baseline 7.9% barrel, 9.0 HR allowed",neutral batted-ball profile; pitcher fly-ball pressure modest,,
683146,Brett Baty,NYM,PIT,2026-08-09T17:35:00Z,Pre-Game,6,Jared Jones,683003,R,L,9.89,0.1299,90.07,101.4412,0.4017,0.1623,0.3123,75.01,53.09,36.45,25.26,42.28,10.3,7.9,39.7,89.5,0.377,0.163,25.8,9.0,9.0,9.0,PNC Park,94,83,6,Out To CF,No,No,6,Yes,Yes,RotoWire projected lineup; MLB probable pitchers,lineup projected / unconfirmed,H:2026/2025 P:2026,,,Direct BvP not yet weighted; 2026/2025 Statcast baseline active,7,2,18,1,"Last 7 games: 2/18, 1 HR","platoon edge; pitcher baseline 7.9% barrel, 9.0 HR allowed",neutral batted-ball profile; pitcher fly-ball pressure modest,,
543760,Marcus Semien,NYM,PIT,2026-08-09T17:35:00Z,Pre-Game,7,Jared Jones,683003,R,R,7.22,0.1459,87.18,97.7436,0.3992,0.1537,0.311,68.57,2.99,46.49,32.07,35.91,14.3,7.9,39.7,89.5,0.377,0.163,25.8,9.0,9.0,9.0,PNC Park,94,83,6,Out To CF,No,No,7,Yes,Yes,RotoWire projected lineup; MLB probable pitchers,lineup projected / unconfirmed,H:2026/2025 P:2026,,,Direct BvP not yet weighted; 2026/2025 Statcast baseline active,7,6,24,2,Hot streak: 2 HR in last 7 games,"same-side matchup; pitcher baseline 7.9% barrel, 9.0 HR allowed",neutral batted-ball profile; pitcher fly-ball pressure modest,,
593871,Jorge Polanco,NYM,PIT,2026-08-09T17:35:00Z,Pre-Game,8,Jared Jones,683003,R,S,6.31,0.1341,87.23,98.3169,0.3366,0.1301,0.2639,69.87,6.77,45.88,25.48,34.67,9.2,7.9,39.7,89.5,0.377,0.163,25.8,9.0,9.0,9.0,PNC Park,94,83,6,Out To CF,No,No,8,Yes,Yes,RotoWire projected lineup; MLB probable pitchers,lineup projected / unconfirmed,H:2026/2025 P:2026,,,Direct BvP not yet weighted; 2026/2025 Statcast baseline active,7,2,24,1,"Last 7 games: 2/24, 1 HR","switch hitter; pitcher baseline 7.9% barrel, 9.0 HR allowed",neutral batted-ball profile; pitcher fly-ball pressure modest,,
682626,Francisco Alvarez,NYM,PIT,2026-08-09T17:35:00Z,Pre-Game,9,Jared Jones,683003,R,R,15.32,0.1819,90.93,102.7112,0.4545,0.215,0.3386,74.11,42.95,39.5,25.03,47.02,11.7,7.9,39.7,89.5,0.377,0.163,25.8,9.0,9.0,9.0,PNC Park,94,83,6,Out To CF,No,No,9,Yes,Yes,RotoWire projected lineup; MLB probable pitchers,lineup projected / unconfirmed,H:2026/2025 P:2026,,,Direct BvP not yet weighted; 2026/2025 Statcast baseline active,7,4,22,0,"Last 7 games: 4/22, 0 HR","same-side matchup; pitcher baseline 7.9% barrel, 9.0 HR allowed",neutral batted-ball profile; pitcher fly-ball pressure modest,,
663968,Jake Mangum,PIT,NYM,2026-08-09T17:35:00Z,Pre-Game,1,Sean Manaea,640455,L,S,1.93,0.0776,86.11,96.7103,0.3339,0.0787,0.2858,67.51,3.73,27.93,15.28,29.27,3.0,9.25,41.2,89.03,0.4213,0.1715,27.42,13.0,13.0,13.0,PNC Park,94,83,6,Out To CF,Yes,Yes,1,Yes,No,MLB Stats API; RotoWire,,H:2026/2025 P:2026/2025,,,Direct BvP not yet weighted; 2026/2025 Statcast baseline active,7,6,25,0,"Last 7 games: 6/25, 0 HR","switch hitter; pitcher baseline 9.2% barrel, 13.0 HR allowed",neutral batted-ball profile; pitcher fly-ball pressure modest,,
682927,Ronny Simon,PIT,NYM,2026-08-09T17:35:00Z,Pre-Game,2,Sean Manaea,640455,L,S,1.86,0.0614,81.26,92.3285,0.3381,0.0792,0.2936,71.66,23.16,33.75,15.08,16.04,0.0,9.25,41.2,89.03,0.4213,0.1715,27.42,13.0,13.0,13.0,PNC Park,94,83,6,Out To CF,Yes,Yes,2,Yes,No,MLB Stats API; RotoWire,,H:2026/2025 P:2026/2025,,,Direct BvP not yet weighted; 2026/2025 Statcast baseline active,4,4,14,0,"Last 4 games: 4/14, 0 HR","switch hitter; pitcher baseline 9.2% barrel, 13.0 HR allowed",neutral batted-ball profile; pitcher fly-ball pressure modest,,
668804,Bryan Reynolds,PIT,NYM,2026-08-09T17:35:00Z,Pre-Game,3,Sean Manaea,640455,L,S,10.87,0.1689,90.85,101.9351,0.4372,0.1862,0.3478,72.55,28.09,40.15,24.97,46.56,15.3,9.25,41.2,89.03,0.4213,0.1715,27.42,13.0,13.0,13.0,PNC Park,94,83,6,Out To CF,Yes,Yes,3,Yes,No,MLB Stats API; RotoWire,,H:2026/2025 P:2026/2025,,,Direct BvP not yet weighted; 2026/2025 Statcast baseline active,7,7,27,0,"Last 7 games: 7/27, 0 HR","switch hitter; pitcher baseline 9.2% barrel, 13.0 HR allowed",neutral batted-ball profile; pitcher fly-ball pressure modest,,
693304,Nick Gonzales,PIT,NYM,2026-08-09T17:35:00Z,Pre-Game,4,Sean Manaea,640455,L,R,3.38,0.0957,86.98,98.2539,0.3799,0.107,0.3113,70.64,12.66,38.34,20.98,36.14,5.7,9.25,41.2,89.03,0.4213,0.1715,27.42,13.0,13.0,13.0,PNC Park,94,83,6,Out To CF,Yes,Yes,4,Yes,No,MLB Stats API; RotoWire,,H:2026/2025 P:2026/2025,,,Direct BvP not yet weighted; 2026/2025 Statcast baseline active,7,6,27,0,"Last 7 games: 6/27, 0 HR","platoon edge; pitcher baseline 9.2% barrel, 13.0 HR allowed",neutral batted-ball profile; pitcher fly-ball pressure modest,,
699013,Esmerlyn Valdez,PIT,NYM,2026-08-09T17:35:00Z,Pre-Game,5,Sean Manaea,640455,L,R,24.4,0.338,91.8,103.2574,0.481,0.276,0.357,74.7,49.3,33.3,46.7,50.0,14.0,9.25,41.2,89.03,0.4213,0.1715,27.42,13.0,13.0,13.0,PNC Park,94,83,6,Out To CF,Yes,Yes,5,Yes,No,MLB Stats API; RotoWire,,H:2026 P:2026/2025,,,Direct BvP not yet weighted; 2026/2025 Statcast baseline active,7,1,17,0,"Last 7 games: 1/17, 0 HR","platoon edge; pitcher baseline 9.2% barrel, 13.0 HR allowed",fly-ball profile; pitcher fly-ball pressure modest,,
664040,Brandon Lowe,PIT,NYM,2026-08-09T17:35:00Z,Pre-Game,6,Sean Manaea,640455,L,L,12.58,0.2301,91.1,101.4865,0.4556,0.2086,0.3329,73.73,40.3,46.86,32.92,45.76,26.8,9.25,41.2,89.03,0.4213,0.1715,27.42,13.0,13.0,13.0,PNC Park,94,83,6,Out To CF,Yes,Yes,6,Yes,No,MLB Stats API; RotoWire,,H:2026/2025 P:2026/2025,,,Direct BvP not yet weighted; 2026/2025 Statcast baseline active,7,6,28,2,Hot streak: 2 HR in last 7 games,"same-side matchup; pitcher baseline 9.2% barrel, 13.0 HR allowed",neutral batted-ball profile; pitcher fly-ball pressure modest,,
804668,Rafael Flores Jr.,PIT,NYM,2026-08-09T17:35:00Z,Pre-Game,7,Sean Manaea,640455,L,R,12.01,0.1673,90.74,100.0235,0.5084,0.2388,0.3967,73.26,39.53,32.21,48.28,43.46,0.7,9.25,41.2,89.03,0.4213,0.1715,27.42,13.0,13.0,13.0,PNC Park,94,83,6,Out To CF,Yes,Yes,7,Yes,No,MLB Stats API; RotoWire,,H:2026/2025 P:2026/2025,,,Direct BvP not yet weighted; 2026/2025 Statcast baseline active,7,1,12,0,"Last 7 games: 1/12, 0 HR","platoon edge; pitcher baseline 9.2% barrel, 13.0 HR allowed",fly-ball profile; pitcher fly-ball pressure modest,,
669707,Jared Triolo,PIT,NYM,2026-08-09T17:35:00Z,Pre-Game,8,Sean Manaea,640455,L,R,3.47,0.0835,87.81,98.4441,0.3347,0.0929,0.2946,70.83,7.72,37.22,21.17,36.24,2.8,9.25,41.2,89.03,0.4213,0.1715,27.42,13.0,13.0,13.0,PNC Park,94,83,6,Out To CF,Yes,Yes,8,Yes,No,MLB Stats API; RotoWire,,H:2026/2025 P:2026/2025,,,Direct BvP not yet weighted; 2026/2025 Statcast baseline active,7,3,9,0,Contact streak: 3/9 over last 7 games,"platoon edge; pitcher baseline 9.2% barrel, 13.0 HR allowed",neutral batted-ball profile; pitcher fly-ball pressure modest,,
680779,Henry Davis,PIT,NYM,2026-08-09T17:35:00Z,Pre-Game,9,Sean Manaea,640455,L,R,10.17,0.1334,89.58,100.6553,0.3603,0.1515,0.2951,74.25,43.26,50.72,26.91,39.29,7.7,9.25,41.2,89.03,0.4213,0.1715,27.42,13.0,13.0,13.0,PNC Park,94,83,6,Out To CF,Yes,Yes,9,Yes,No,MLB Stats API; RotoWire,,H:2026/2025 P:2026/2025,,,Direct BvP not yet weighted; 2026/2025 Statcast baseline active,7,4,22,0,"Last 7 games: 4/22, 0 HR","platoon edge; pitcher baseline 9.2% barrel, 13.0 HR allowed",neutral batted-ball profile; pitcher fly-ball pressure modest,,
703520,Brett Bateman,TOR,PHI,2026-08-09T17:35:00Z,Pre-Game,1,Jesús Luzardo,666200,L,L,0.0,0.125,81.5,96.9535,0.287,0.12,0.294,67.5,0.0,16.7,33.3,33.3,0.0,6.21,33.32,87.45,0.3221,0.1074,22.57,13.2,13.2,13.2,Citizens Bank Park,112,89,9,Out To RF,Yes,Yes,1,Yes,No,MLB Stats API; RotoWire,,H:2026 P:2026/2025,,,Direct BvP not yet weighted; 2026/2025 Statcast baseline active,2,1,8,0,"Last 2 games: 1/8, 0 HR","same-side matchup; pitcher baseline 6.2% barrel, 13.2 HR allowed",neutral batted-ball profile; pitcher fly-ball pressure modest,,
665489,Vladimir Guerrero Jr.,TOR,PHI,2026-08-09T17:35:00Z,Pre-Game,2,Jesús Luzardo,666200,L,R,8.49,0.1197,90.67,103.153,0.4353,0.1458,0.3518,76.42,64.1,36.79,18.82,45.8,11.8,6.21,33.32,87.45,0.3221,0.1074,22.57,13.2,13.2,13.2,Citizens Bank Park,112,89,9,Out To RF,Yes,Yes,2,Yes,No,MLB Stats API; RotoWire,,H:2026/2025 P:2026/2025,,,Direct BvP not yet weighted; 2026/2025 Statcast baseline active,7,6,26,1,"Last 7 games: 6/26, 1 HR","platoon edge; pitcher baseline 6.2% barrel, 13.2 HR allowed",neutral batted-ball profile; pitcher fly-ball pressure modest,,
672386,Alejandro Kirk,TOR,PHI,2026-08-09T17:35:00Z,Pre-Game,3,Jesús Luzardo,666200,L,R,4.71,0.1194,88.51,100.0873,0.3897,0.1295,0.3163,71.87,19.58,27.89,22.6,41.35,7.3,6.21,33.32,87.45,0.3221,0.1074,22.57,13.2,13.2,13.2,Citizens Bank Park,112,89,9,Out To RF,Yes,Yes,3,Yes,No,MLB Stats API; RotoWire,,H:2026/2025 P:2026/2025,,,Direct BvP not yet weighted; 2026/2025 Statcast baseline active,7,7,21,1,Contact streak: 7/21 over last 7 games,"platoon edge; pitcher baseline 6.2% barrel, 13.2 HR allowed",neutral batted-ball profile; pitcher fly-ball pressure modest,,
672960,Kazuma Okamoto,TOR,PHI,2026-08-09T17:35:00Z,Pre-Game,4,Jesús Luzardo,666200,L,R,12.6,0.205,90.4,101.5953,0.409,0.201,0.304,73.2,35.8,50.7,33.1,44.2,24.0,6.21,33.32,87.45,0.3221,0.1074,22.57,13.2,13.2,13.2,Citizens Bank Park,112,89,9,Out To RF,Yes,Yes,4,Yes,No,MLB Stats API; RotoWire,,H:2026 P:2026/2025,,,Direct BvP not yet weighted; 2026/2025 Statcast baseline active,7,5,29,0,"Last 7 games: 5/29, 0 HR","platoon edge; pitcher baseline 6.2% barrel, 13.2 HR allowed",neutral batted-ball profile; pitcher fly-ball pressure modest,,
676391,Ernie Clement,TOR,PHI,2026-08-09T17:35:00Z,Pre-Game,5,Jesús Luzardo,666200,L,R,2.47,0.1245,85.27,94.7805,0.3422,0.0888,0.275,67.46,2.61,42.41,28.39,22.36,9.0,6.21,33.32,87.45,0.3221,0.1074,22.57,13.2,13.2,13.2,Citizens Bank Park,112,89,9,Out To RF,Yes,Yes,5,Yes,No,MLB Stats API; RotoWire,,H:2026/2025 P:2026/2025,,,Direct BvP not yet weighted; 2026/2025 Statcast baseline active,7,5,27,1,"Last 7 games: 5/27, 1 HR","platoon edge; pitcher baseline 6.2% barrel, 13.2 HR allowed",neutral batted-ball profile; pitcher fly-ball pressure modest,,
665926,Andrés Giménez,TOR,PHI,2026-08-09T17:35:00Z,Pre-Game,6,Jesús Luzardo,666200,L,L,3.35,0.1191,86.02,95.8598,0.3337,0.0971,0.28,68.46,5.21,38.38,22.95,24.83,7.7,6.21,33.32,87.45,0.3221,0.1074,22.57,13.2,13.2,13.2,Citizens Bank Park,112,89,9,Out To RF,Yes,Yes,6,Yes,No,MLB Stats API; RotoWire,,H:2026/2025 P:2026/2025,,,Direct BvP not yet weighted; 2026/2025 Statcast baseline active,7,8,24,1,Contact streak: 8/24 over last 7 games,"same-side matchup; pitcher baseline 6.2% barrel, 13.2 HR allowed",neutral batted-ball profile; pitcher fly-ball pressure modest,,
664702,Myles Straw,TOR,PHI,2026-08-09T17:35:00Z,Pre-Game,7,Jesús Luzardo,666200,L,R,3.55,0.1099,86.22,95.9543,0.3601,0.1039,0.295,68.33,5.66,36.22,27.95,26.26,3.3,6.21,33.32,87.45,0.3221,0.1074,22.57,13.2,13.2,13.2,Citizens Bank Park,112,89,9,Out To RF,Yes,Yes,7,Yes,No,MLB Stats API; RotoWire,,H:2026/2025 P:2026/2025,,,Direct BvP not yet weighted; 2026/2025 Statcast baseline active,7,5,23,0,"Last 7 games: 5/23, 0 HR","platoon edge; pitcher baseline 6.2% barrel, 13.2 HR allowed",neutral batted-ball profile; pitcher fly-ball pressure modest,,
669701,Josh Smith,TOR,PHI,2026-08-09T17:35:00Z,Pre-Game,8,Jesús Luzardo,666200,L,L,6.4,0.087,86.57,97.3121,0.3366,0.1169,0.2869,69.07,3.32,34.62,30.33,30.61,4.4,6.21,33.32,87.45,0.3221,0.1074,22.57,13.2,13.2,13.2,Citizens Bank Park,112,89,9,Out To RF,Yes,Yes,8,Yes,No,MLB Stats API; RotoWire,,H:2026/2025 P:2026/2025,,,Direct BvP not yet weighted; 2026/2025 Statcast baseline active,7,3,15,1,"Last 7 games: 3/15, 1 HR","same-side matchup; pitcher baseline 6.2% barrel, 13.2 HR allowed",neutral batted-ball profile; pitcher fly-ball pressure modest,,
676914,Davis Schneider,TOR,PHI,2026-08-09T17:35:00Z,Pre-Game,9,Jesús Luzardo,666200,L,R,11.48,0.1551,88.63,100.2967,0.3201,0.1573,0.2901,71.08,12.96,44.77,40.48,42.15,5.4,6.21,33.32,87.45,0.3221,0.1074,22.57,13.2,13.2,13.2,Citizens Bank Park,112,89,9,Out To RF,Yes,Yes,9,Yes,No,MLB Stats API; RotoWire,,H:2026/2025 P:2026/2025,,,Direct BvP not yet weighted; 2026/2025 Statcast baseline active,7,1,7,0,"Last 7 games: 1/7, 0 HR","platoon edge; pitcher baseline 6.2% barrel, 13.2 HR allowed",fly-ball profile; pitcher fly-ball pressure modest,,
656941,Kyle Schwarber,PHI,TOR,2026-08-09T17:35:00Z,Pre-Game,1,Shane Bieber,669456,R,L,18.07,0.2894,93.39,104.5014,0.511,0.2721,0.3744,77.09,75.0,54.56,32.97,54.0,39.9,11.18,46.31,90.54,0.5266,0.2327,24.98,7.3,7.3,7.3,Citizens Bank Park,112,89,9,Out To RF,Yes,Yes,1,Yes,No,MLB Stats API; RotoWire,,H:2026/2025 P:2026/2025,,,Direct BvP not yet weighted; 2026/2025 Statcast baseline active,7,4,23,0,"Last 7 games: 4/23, 0 HR","platoon edge; pitcher baseline 11.2% barrel, 7.3 HR allowed",lift-pull EV profile; pitcher fly-ball pressure modest,,
607208,Trea Turner,PHI,TOR,2026-08-09T17:35:00Z,Pre-Game,2,Shane Bieber,669456,R,R,6.29,0.1537,88.81,99.4935,0.3904,0.1323,0.3077,71.52,19.14,35.17,24.99,41.19,16.4,11.18,46.31,90.54,0.5266,0.2327,24.98,7.3,7.3,7.3,Citizens Bank Park,112,89,9,Out To RF,Yes,Yes,2,Yes,No,MLB Stats API; RotoWire,,H:2026/2025 P:2026/2025,,,Direct BvP not yet weighted; 2026/2025 Statcast baseline active,7,8,29,1,"Last 7 games: 8/29, 1 HR","same-side matchup; pitcher baseline 11.2% barrel, 7.3 HR allowed",neutral batted-ball profile; pitcher fly-ball pressure modest,,
547180,Bryce Harper,PHI,TOR,2026-08-09T17:35:00Z,Pre-Game,3,Shane Bieber,669456,R,L,11.81,0.2407,90.53,102.0342,0.5067,0.2331,0.3827,74.31,46.34,38.33,27.87,45.61,25.6,11.18,46.31,90.54,0.5266,0.2327,24.98,7.3,7.3,7.3,Citizens Bank Park,112,89,9,Out To RF,Yes,Yes,3,Yes,No,MLB Stats API; RotoWire,,H:2026/2025 P:2026/2025,,,Direct BvP not yet weighted; 2026/2025 Statcast baseline active,7,7,24,3,Hot streak: 3 HR in last 7 games,"platoon edge; pitcher baseline 11.2% barrel, 7.3 HR allowed",neutral batted-ball profile; pitcher fly-ball pressure modest,,
650333,Luis Arraez,PHI,TOR,2026-08-09T17:35:00Z,Pre-Game,4,Shane Bieber,669456,R,L,0.96,0.1161,86.73,94.0125,0.3721,0.0851,0.3044,62.99,0.12,30.24,28.31,19.15,5.9,11.18,46.31,90.54,0.5266,0.2327,24.98,7.3,7.3,7.3,Citizens Bank Park,112,89,9,Out To RF,Yes,Yes,4,Yes,No,MLB Stats API; RotoWire,,H:2026/2025 P:2026/2025,,,Direct BvP not yet weighted; 2026/2025 Statcast baseline active,7,8,29,1,"Last 7 games: 8/29, 1 HR","platoon edge; pitcher baseline 11.2% barrel, 7.3 HR allowed",neutral batted-ball profile; pitcher fly-ball pressure modest,,
592663,J.T. Realmuto,PHI,TOR,2026-08-09T17:35:00Z,Pre-Game,5,Shane Bieber,669456,R,R,6.14,0.1312,90.0,100.2629,0.4012,0.1419,0.323,72.98,33.27,41.46,25.66,42.56,9.2,11.18,46.31,90.54,0.5266,0.2327,24.98,7.3,7.3,7.3,Citizens Bank Park,112,89,9,Out To RF,Yes,Yes,5,Yes,No,MLB Stats API; RotoWire,,H:2026/2025 P:2026/2025,,,Direct BvP not yet weighted; 2026/2025 Statcast baseline active,7,6,25,1,"Last 7 games: 6/25, 1 HR","same-side matchup; pitcher baseline 11.2% barrel, 7.3 HR allowed",neutral batted-ball profile; pitcher fly-ball pressure modest,,
681082,Bryson Stott,PHI,TOR,2026-08-09T17:35:00Z,Pre-Game,6,Shane Bieber,669456,R,L,6.22,0.1508,89.07,98.708,0.407,0.1425,0.327,69.79,6.89,35.36,28.22,36.99,9.5,11.18,46.31,90.54,0.5266,0.2327,24.98,7.3,7.3,7.3,Citizens Bank Park,112,89,9,Out To RF,Yes,Yes,6,Yes,No,MLB Stats API; RotoWire,,H:2026/2025 P:2026/2025,,,Direct BvP not yet weighted; 2026/2025 Statcast baseline active,7,8,19,0,Contact streak: 8/19 over last 7 games,"platoon edge; pitcher baseline 11.2% barrel, 7.3 HR allowed",neutral batted-ball profile; pitcher fly-ball pressure modest,,
669016,Brandon Marsh,PHI,TOR,2026-08-09T17:35:00Z,Pre-Game,7,Shane Bieber,669456,R,L,8.54,0.1658,90.05,100.2738,0.4264,0.1627,0.3181,71.54,15.79,37.7,26.45,45.14,14.5,11.18,46.31,90.54,0.5266,0.2327,24.98,7.3,7.3,7.3,Citizens Bank Park,112,89,9,Out To RF,Yes,Yes,7,Yes,No,MLB Stats API; RotoWire,,H:2026/2025 P:2026/2025,,,Direct BvP not yet weighted; 2026/2025 Statcast baseline active,7,5,24,0,"Last 7 games: 5/24, 0 HR","platoon edge; pitcher baseline 11.2% barrel, 7.3 HR allowed",neutral batted-ball profile; pitcher fly-ball pressure modest,,
664761,Alec Bohm,PHI,TOR,2026-08-09T17:35:00Z,Pre-Game,8,Shane Bieber,669456,R,R,5.36,0.1304,90.59,100.1223,0.3892,0.1334,0.31,71.07,12.88,28.91,22.09,43.04,12.4,11.18,46.31,90.54,0.5266,0.2327,24.98,7.3,7.3,7.3,Citizens Bank Park,112,89,9,Out To RF,Yes,Yes,8,Yes,No,MLB Stats API; RotoWire,,H:2026/2025 P:2026/2025,,,Direct BvP not yet weighted; 2026/2025 Statcast baseline active,7,6,24,0,"Last 7 games: 6/24, 0 HR","same-side matchup; pitcher baseline 11.2% barrel, 7.3 HR allowed",neutral batted-ball profile; pitcher fly-ball pressure modest,,
702222,Justin Crawford,PHI,TOR,2026-08-09T17:35:00Z,Pre-Game,9,Shane Bieber,669456,R,L,1.6,0.088,86.9,97.936,0.317,0.062,0.281,69.0,5.2,26.8,17.5,33.9,2.0,11.18,46.31,90.54,0.5266,0.2327,24.98,7.3,7.3,7.3,Citizens Bank Park,112,89,9,Out To RF,Yes,Yes,9,Yes,No,MLB Stats API; RotoWire,,H:2026 P:2026/2025,,,Direct BvP not yet weighted; 2026/2025 Statcast baseline active,7,7,17,0,Contact streak: 7/17 over last 7 games,"platoon edge; pitcher baseline 11.2% barrel, 7.3 HR allowed",neutral batted-ball profile; pitcher fly-ball pressure modest,,
686948,Drake Baldwin,ATL,NYY,2026-08-09T17:35:00Z,Pre-Game,1,Cam Schlittler,693645,R,L,13.03,0.1866,91.7,102.3955,0.5003,0.2213,0.3719,75.09,53.99,31.59,23.99,50.86,19.7,8.13,39.57,88.44,0.3546,0.1372,27.23,11.5,11.5,11.5,Yankee Stadium,119,90,8,Out To RF,Yes,Yes,1,Yes,No,MLB Stats API; RotoWire,,H:2026/2025 P:2026/2025,,,Direct BvP not yet weighted; 2026/2025 Statcast baseline active,7,7,29,0,"Last 7 games: 7/29, 0 HR","platoon edge; pitcher baseline 8.1% barrel, 11.5 HR allowed",neutral batted-ball profile; pitcher fly-ball pressure modest,,
660670,Ronald Acuña Jr.,ATL,NYY,2026-08-09T17:35:00Z,Pre-Game,2,Cam Schlittler,693645,R,R,14.79,0.2063,91.02,102.8632,0.5147,0.2531,0.3851,75.98,62.88,37.0,28.65,47.88,14.7,8.13,39.57,88.44,0.3546,0.1372,27.23,11.5,11.5,11.5,Yankee Stadium,119,90,8,Out To RF,Yes,Yes,2,Yes,No,MLB Stats API; RotoWire,,H:2026/2025 P:2026/2025,,,Direct BvP not yet weighted; 2026/2025 Statcast baseline active,7,9,30,4,Hot streak: 4 HR in last 7 games,"same-side matchup; pitcher baseline 8.1% barrel, 11.5 HR allowed",neutral batted-ball profile; pitcher fly-ball pressure modest,,
621566,Matt Olson,ATL,NYY,2026-08-09T17:35:00Z,Pre-Game,3,Cam Schlittler,693645,R,L,15.17,0.2603,92.81,103.9083,0.5109,0.2622,0.3621,74.53,47.54,38.07,32.78,51.34,31.8,8.13,39.57,88.44,0.3546,0.1372,27.23,11.5,11.5,11.5,Yankee Stadium,119,90,8,Out To RF,Yes,Yes,3,Yes,No,MLB Stats API; RotoWire,,H:2026/2025 P:2026/2025,,,Direct BvP not yet weighted; 2026/2025 Statcast baseline active,7,8,25,4,Hot streak: 4 HR in last 7 games,"platoon edge; pitcher baseline 8.1% barrel, 11.5 HR allowed",lift-pull EV profile; pitcher fly-ball pressure modest,,
671739,Michael Harris II,ATL,NYY,2026-08-09T17:35:00Z,Pre-Game,4,Cam Schlittler,693645,R,L,10.78,0.1908,90.69,103.424,0.4779,0.1914,0.3416,74.79,48.03,35.8,22.84,47.53,20.0,8.13,39.57,88.44,0.3546,0.1372,27.23,11.5,11.5,11.5,Yankee Stadium,119,90,8,Out To RF,Yes,Yes,4,Yes,No,MLB Stats API; RotoWire,,H:2026/2025 P:2026/2025,,,Direct BvP not yet weighted; 2026/2025 Statcast baseline active,7,7,25,0,"Last 7 games: 7/25, 0 HR","platoon edge; pitcher baseline 8.1% barrel, 11.5 HR allowed",neutral batted-ball profile; pitcher fly-ball pressure modest,,
645277,Ozzie Albies,ATL,NYY,2026-08-09T17:35:00Z,Pre-Game,5,Cam Schlittler,693645,R,S,4.55,0.16,87.01,96.7636,0.3625,0.1258,0.2892,68.93,5.95,46.35,31.76,28.88,18.1,8.13,39.57,88.44,0.3546,0.1372,27.23,11.5,11.5,11.5,Yankee Stadium,119,90,8,Out To RF,Yes,Yes,5,Yes,No,MLB Stats API; RotoWire,,H:2026/2025 P:2026/2025,,,Direct BvP not yet weighted; 2026/2025 Statcast baseline active,7,4,22,1,"Last 7 games: 4/22, 1 HR","switch hitter; pitcher baseline 8.1% barrel, 11.5 HR allowed",neutral batted-ball profile; pitcher fly-ball pressure modest,,
642086,Dominic Smith,ATL,NYY,2026-08-09T17:35:00Z,Pre-Game,6,Cam Schlittler,693645,R,L,5.32,0.1323,87.77,97.9389,0.3945,0.1429,0.3088,68.5,5.64,36.93,28.33,34.31,7.1,8.13,39.57,88.44,0.3546,0.1372,27.23,11.5,11.5,11.5,Yankee Stadium,119,90,8,Out To RF,Yes,Yes,6,Yes,No,MLB Stats API; RotoWire,,H:2026/2025 P:2026/2025,,,Direct BvP not yet weighted; 2026/2025 Statcast baseline active,7,7,17,1,Contact streak: 7/17 over last 7 games,"platoon edge; pitcher baseline 8.1% barrel, 11.5 HR allowed",neutral batted-ball profile; pitcher fly-ball pressure modest,,
573262,Mike Yastrzemski,ATL,NYY,2026-08-09T17:35:00Z,Pre-Game,7,Cam Schlittler,693645,R,L,7.66,0.1581,90.52,99.7355,0.3784,0.147,0.3115,71.24,7.88,44.5,32.03,43.58,10.7,8.13,39.57,88.44,0.3546,0.1372,27.23,11.5,11.5,11.5,Yankee Stadium,119,90,8,Out To RF,Yes,Yes,7,Yes,No,MLB Stats API; RotoWire,,H:2026/2025 P:2026/2025,,,Direct BvP not yet weighted; 2026/2025 Statcast baseline active,7,5,16,2,Hot streak: 2 HR in last 7 games,"platoon edge; pitcher baseline 8.1% barrel, 11.5 HR allowed",neutral batted-ball profile; pitcher fly-ball pressure modest,,
663586,Austin Riley,ATL,NYY,2026-08-09T17:35:00Z,Pre-Game,8,Cam Schlittler,693645,R,R,12.68,0.1526,91.39,102.8655,0.4118,0.1907,0.3069,75.83,59.15,39.66,30.94,46.28,14.6,8.13,39.57,88.44,0.3546,0.1372,27.23,11.5,11.5,11.5,Yankee Stadium,119,90,8,Out To RF,Yes,Yes,8,Yes,No,MLB Stats API; RotoWire,,H:2026/2025 P:2026/2025,,,Direct BvP not yet weighted; 2026/2025 Statcast baseline active,7,9,24,2,Hot streak: 2 HR in last 7 games,"same-side matchup; pitcher baseline 8.1% barrel, 11.5 HR allowed",neutral batted-ball profile; pitcher fly-ball pressure modest,,
805347,Jim Jarvis,ATL,NYY,2026-08-09T17:35:00Z,Pre-Game,9,Cam Schlittler,693645,R,L,3.9,0.11,88.5,98.5645,0.317,0.074,0.271,71.0,12.1,28.6,20.8,37.7,1.0,8.13,39.57,88.44,0.3546,0.1372,27.23,11.5,11.5,11.5,Yankee Stadium,119,90,8,Out To RF,Yes,Yes,9,Yes,No,MLB Stats API; RotoWire,,H:2026 P:2026/2025,,,Direct BvP not yet weighted; 2026/2025 Statcast baseline active,7,5,21,0,"Last 7 games: 5/21, 0 HR","platoon edge; pitcher baseline 8.1% barrel, 11.5 HR allowed",neutral batted-ball profile; pitcher fly-ball pressure modest,,
663757,Trent Grisham,NYY,ATL,2026-08-09T17:35:00Z,Pre-Game,1,Grant Holmes,656550,R,L,10.98,0.1856,90.68,100.7768,0.4469,0.2017,0.3455,70.65,8.81,46.4,30.21,44.93,18.6,9.54,42.32,90.59,0.4245,0.1775,27.88,17.4,17.4,17.4,Yankee Stadium,119,90,8,Out To RF,Yes,Yes,1,Yes,No,MLB Stats API; RotoWire,,H:2026/2025 P:2026/2025,,,Direct BvP not yet weighted; 2026/2025 Statcast baseline active,7,4,25,1,"Last 7 games: 4/25, 1 HR","platoon edge; pitcher baseline 9.5% barrel, 17.4 HR allowed",neutral batted-ball profile; pitcher fly-ball pressure modest,,
700250,Ben Rice,NYY,ATL,2026-08-09T17:35:00Z,Pre-Game,2,Grant Holmes,656550,R,L,15.68,0.2762,92.39,102.5777,0.5229,0.2534,0.3791,72.84,28.01,45.94,29.9,50.43,30.2,9.54,42.32,90.59,0.4245,0.1775,27.88,17.4,17.4,17.4,Yankee Stadium,119,90,8,Out To RF,Yes,Yes,2,Yes,No,MLB Stats API; RotoWire,,H:2026/2025 P:2026/2025,,,Direct BvP not yet weighted; 2026/2025 Statcast baseline active,7,2,22,1,"Last 7 games: 2/22, 1 HR","platoon edge; pitcher baseline 9.5% barrel, 17.4 HR allowed",EV profile; pitcher fly-ball pressure modest,,
671218,Heliot Ramos,NYY,ATL,2026-08-09T17:35:00Z,Pre-Game,3,Grant Holmes,656550,R,R,11.88,0.1552,91.94,102.8418,0.4359,0.1813,0.3235,72.78,30.09,34.36,22.25,48.38,12.6,9.54,42.32,90.59,0.4245,0.1775,27.88,17.4,17.4,17.4,Yankee Stadium,119,90,8,Out To RF,Yes,Yes,3,Yes,No,MLB Stats API; RotoWire,,H:2026/2025 P:2026/2025,,,Direct BvP not yet weighted; 2026/2025 Statcast baseline active,7,4,24,0,"Last 7 games: 4/24, 0 HR","same-side matchup; pitcher baseline 9.5% barrel, 17.4 HR allowed",neutral batted-ball profile; pitcher fly-ball pressure modest,,
671277,Luis García Jr.,NYY,ATL,2026-08-09T17:35:00Z,Pre-Game,4,Grant Holmes,656550,R,L,11.31,0.2398,91.04,101.734,0.4959,0.2093,0.3502,73.59,38.01,41.22,21.91,45.38,21.6,9.54,42.32,90.59,0.4245,0.1775,27.88,17.4,17.4,17.4,Yankee Stadium,119,90,8,Out To RF,Yes,Yes,4,Yes,No,MLB Stats API; RotoWire,,H:2026/2025 P:2026/2025,,,Direct BvP not yet weighted; 2026/2025 Statcast baseline active,7,8,27,2,Hot streak: 2 HR in last 7 games,"platoon edge; pitcher baseline 9.5% barrel, 17.4 HR allowed",neutral batted-ball profile; pitcher fly-ball pressure modest,,
665862,Jazz Chisholm Jr.,NYY,ATL,2026-08-09T17:35:00Z,Pre-Game,5,Grant Holmes,656550,R,L,10.94,0.1984,90.4,100.5891,0.4005,0.184,0.3054,73.41,34.28,52.89,29.49,42.53,21.2,9.54,42.32,90.59,0.4245,0.1775,27.88,17.4,17.4,17.4,Yankee Stadium,119,90,8,Out To RF,Yes,Yes,5,Yes,No,MLB Stats API; RotoWire,,H:2026/2025 P:2026/2025,,,Direct BvP not yet weighted; 2026/2025 Statcast baseline active,7,2,23,1,"Last 7 games: 2/23, 1 HR","platoon edge; pitcher baseline 9.5% barrel, 17.4 HR allowed",neutral batted-ball profile; pitcher fly-ball pressure modest,,
682987,Spencer Jones,NYY,ATL,2026-08-09T17:35:00Z,Pre-Game,6,Grant Holmes,656550,R,L,13.0,0.183,94.1,103.6166,0.438,0.209,0.324,77.8,79.5,29.0,37.7,58.8,5.0,9.54,42.32,90.59,0.4245,0.1775,27.88,17.4,17.4,17.4,Yankee Stadium,119,90,8,Out To RF,Yes,Yes,6,Yes,No,MLB Stats API; RotoWire,,H:2026 P:2026/2025,,,Direct BvP not yet weighted; 2026/2025 Statcast baseline active,7,4,26,1,"Last 7 games: 4/26, 1 HR","platoon edge; pitcher baseline 9.5% barrel, 17.4 HR allowed",EV profile; pitcher fly-ball pressure modest,,
806146,George Lombard Jr.,NYY,ATL,2026-08-09T17:35:00Z,Pre-Game,7,Grant Holmes,656550,R,R,22.2,0.461,84.6,99.8753,0.479,0.215,0.388,71.2,14.3,33.3,33.3,55.6,2.0,9.54,42.32,90.59,0.4245,0.1775,27.88,17.4,17.4,17.4,Yankee Stadium,119,90,8,Out To RF,Yes,Yes,7,Yes,No,MLB Stats API; RotoWire,,H:2026 P:2026/2025,,,Direct BvP not yet weighted; 2026/2025 Statcast baseline active,4,5,13,2,Hot streak: 2 HR in last 4 games,"same-side matchup; pitcher baseline 9.5% barrel, 17.4 HR allowed",neutral batted-ball profile; pitcher fly-ball pressure modest,,
641857,Ryan McMahon,NYY,ATL,2026-08-09T17:35:00Z,Pre-Game,8,Grant Holmes,656550,R,L,11.05,0.1628,91.83,102.2383,0.4099,0.1772,0.3129,74.49,46.83,40.43,31.61,49.52,13.0,9.54,42.32,90.59,0.4245,0.1775,27.88,17.4,17.4,17.4,Yankee Stadium,119,90,8,Out To RF,Yes,Yes,8,Yes,No,MLB Stats API; RotoWire,,H:2026/2025 P:2026/2025,,,Direct BvP not yet weighted; 2026/2025 Statcast baseline active,7,6,17,1,Contact streak: 6/17 over last 7 games,"platoon edge; pitcher baseline 9.5% barrel, 17.4 HR allowed",neutral batted-ball profile; pitcher fly-ball pressure modest,,
669224,Austin Wells,NYY,ATL,2026-08-09T17:35:00Z,Pre-Game,9,Grant Holmes,656550,R,L,8.24,0.1533,89.83,100.7176,0.3836,0.1675,0.3003,72.98,27.53,46.31,33.42,44.64,11.9,9.54,42.32,90.59,0.4245,0.1775,27.88,17.4,17.4,17.4,Yankee Stadium,119,90,8,Out To RF,Yes,Yes,9,Yes,No,MLB Stats API; RotoWire,,H:2026/2025 P:2026/2025,,,Direct BvP not yet weighted; 2026/2025 Statcast baseline active,7,5,15,1,Contact streak: 5/15 over last 7 games,"platoon edge; pitcher baseline 9.5% barrel, 17.4 HR allowed",neutral batted-ball profile; pitcher fly-ball pressure modest,,
685133,Wade Meckler,LAA,MIA,2026-08-09T17:40:00Z,Pre-Game,1,Ryan Gusto,687473,R,L,3.9,0.114,86.0,96.4402,0.378,0.111,0.318,68.7,1.9,33.9,18.9,31.5,3.0,8.66,45.77,90.32,0.4264,0.1634,25.77,8.6,8.6,8.6,loanDepot park,89,72,0,None,Yes,Yes,1,Yes,No,MLB Stats API; RotoWire,,H:2026 P:2026/2025,,,Direct BvP not yet weighted; 2026/2025 Statcast baseline active,7,8,22,1,Contact streak: 8/22 over last 7 games,"platoon edge; pitcher baseline 8.7% barrel, 8.6 HR allowed",neutral batted-ball profile; pitcher fly-ball pressure modest,,
545361,Mike Trout,LAA,MIA,2026-08-09T17:40:00Z,Pre-Game,2,Ryan Gusto,687473,R,R,16.64,0.207,90.34,103.1748,0.4999,0.2502,0.3804,74.7,49.31,38.19,33.1,48.04,21.1,8.66,45.77,90.32,0.4264,0.1634,25.77,8.6,8.6,8.6,loanDepot park,89,72,0,None,Yes,Yes,2,Yes,No,MLB Stats API; RotoWire,,H:2026/2025 P:2026/2025,,,Direct BvP not yet weighted; 2026/2025 Statcast baseline active,7,5,25,1,"Last 7 games: 5/25, 1 HR","same-side matchup; pitcher baseline 8.7% barrel, 8.6 HR allowed",neutral batted-ball profile; pitcher fly-ball pressure modest,,
694384,Nolan Schanuel,LAA,MIA,2026-08-09T17:40:00Z,Pre-Game,3,Ryan Gusto,687473,R,L,3.17,0.1194,87.57,97.0841,0.3873,0.112,0.3291,67.89,5.83,40.94,21.85,31.87,8.5,8.66,45.77,90.32,0.4264,0.1634,25.77,8.6,8.6,8.6,loanDepot park,89,72,0,None,Yes,Yes,3,Yes,No,MLB Stats API; RotoWire,,H:2026/2025 P:2026/2025,,,Direct BvP not yet weighted; 2026/2025 Statcast baseline active,7,5,26,1,"Last 7 games: 5/26, 1 HR","platoon edge; pitcher baseline 8.7% barrel, 8.6 HR allowed",neutral batted-ball profile; pitcher fly-ball pressure modest,,
687263,Zach Neto,LAA,MIA,2026-08-09T17:40:00Z,Pre-Game,4,Ryan Gusto,687473,R,R,12.74,0.1995,90.02,100.2567,0.4243,0.209,0.3139,71.19,13.34,47.41,35.38,42.4,21.8,8.66,45.77,90.32,0.4264,0.1634,25.77,8.6,8.6,8.6,loanDepot park,89,72,0,None,Yes,Yes,4,Yes,No,MLB Stats API; RotoWire,,H:2026/2025 P:2026/2025,,,Direct BvP not yet weighted; 2026/2025 Statcast baseline active,7,4,30,1,"Last 7 games: 4/30, 1 HR","same-side matchup; pitcher baseline 8.7% barrel, 8.6 HR allowed",fly-ball profile; pitcher fly-ball pressure modest,,
694208,Moisés Ballesteros,LAA,MIA,2026-08-09T17:40:00Z,Pre-Game,5,Ryan Gusto,687473,R,L,8.8,0.1494,90.01,101.0295,0.3986,0.1506,0.3193,72.92,36.16,35.13,19.04,43.17,4.8,8.66,45.77,90.32,0.4264,0.1634,25.77,8.6,8.6,8.6,loanDepot park,89,72,0,None,Yes,Yes,5,Yes,No,MLB Stats API; RotoWire,,H:2026/2025 P:2026/2025,,,Direct BvP not yet weighted; 2026/2025 Statcast baseline active,7,3,21,0,"Last 7 games: 3/21, 0 HR","platoon edge; pitcher baseline 8.7% barrel, 8.6 HR allowed",neutral batted-ball profile; pitcher fly-ball pressure modest,,
694203,Denzer Guzman,LAA,MIA,2026-08-09T17:40:00Z,Pre-Game,6,Ryan Gusto,687473,R,R,8.35,0.139,87.27,98.4629,0.3356,0.119,0.2616,73.36,32.75,43.89,25.03,37.23,4.1,8.66,45.77,90.32,0.4264,0.1634,25.77,8.6,8.6,8.6,loanDepot park,89,72,0,None,Yes,Yes,6,Yes,No,MLB Stats API; RotoWire,,H:2026/2025 P:2026/2025,,,Direct BvP not yet weighted; 2026/2025 Statcast baseline active,7,3,14,1,"Last 7 games: 3/14, 1 HR","same-side matchup; pitcher baseline 8.7% barrel, 8.6 HR allowed",neutral batted-ball profile; pitcher fly-ball pressure modest,,
666139,Josh Lowe,LAA,MIA,2026-08-09T17:40:00Z,Pre-Game,7,Ryan Gusto,687473,R,L,8.07,0.1439,89.02,99.3309,0.3896,0.1646,0.2959,73.66,36.85,36.83,31.71,38.41,8.9,8.66,45.77,90.32,0.4264,0.1634,25.77,8.6,8.6,8.6,loanDepot park,89,72,0,None,Yes,Yes,7,Yes,No,MLB Stats API; RotoWire,,H:2026/2025 P:2026/2025,,,Direct BvP not yet weighted; 2026/2025 Statcast baseline active,7,3,14,0,"Last 7 games: 3/14, 0 HR","platoon edge; pitcher baseline 8.7% barrel, 8.6 HR allowed",neutral batted-ball profile; pitcher fly-ball pressure modest,,
642350,Jose Siri,LAA,MIA,2026-08-09T17:40:00Z,Pre-Game,8,Ryan Gusto,687473,R,R,14.61,0.1621,86.93,99.4466,0.376,0.1861,0.2813,73.29,35.92,32.74,42.2,38.48,4.2,8.66,45.77,90.32,0.4264,0.1634,25.77,8.6,8.6,8.6,loanDepot park,89,72,0,None,Yes,Yes,8,Yes,No,MLB Stats API; RotoWire,,H:2026/2025 P:2026/2025,,,Direct BvP not yet weighted; 2026/2025 Statcast baseline active,7,4,13,1,"Last 7 games: 4/13, 1 HR","same-side matchup; pitcher baseline 8.7% barrel, 8.6 HR allowed",fly-ball profile; pitcher fly-ball pressure modest,,
624428,Adam Frazier,LAA,MIA,2026-08-09T17:40:00Z,Pre-Game,9,Ryan Gusto,687473,R,L,1.79,0.112,84.32,93.6491,0.2693,0.0732,0.2489,65.52,2.09,42.16,26.08,17.03,2.8,8.66,45.77,90.32,0.4264,0.1634,25.77,8.6,8.6,8.6,loanDepot park,89,72,0,None,Yes,Yes,9,Yes,No,MLB Stats API; RotoWire,,H:2026/2025 P:2026/2025,,,Direct BvP not yet weighted; 2026/2025 Statcast baseline active,7,0,13,0,"Last 7 games: 0/13, 0 HR","platoon edge; pitcher baseline 8.7% barrel, 8.6 HR allowed",neutral batted-ball profile; pitcher fly-ball pressure modest,,
669065,Kyle Stowers,MIA,LAA,2026-08-09T17:40:00Z,Pre-Game,1,Grayson Rodriguez,680570,R,L,13.78,0.228,91.73,103.2332,0.4649,0.223,0.3435,75.28,54.88,45.92,32.13,53.82,18.7,11.5,49.7,91.1,0.547,0.24,29.7,9.0,9.0,9.0,loanDepot park,89,72,0,None,Yes,Yes,1,Yes,No,MLB Stats API; RotoWire,,H:2026/2025 P:2026,,,Direct BvP not yet weighted; 2026/2025 Statcast baseline active,7,7,26,0,"Last 7 games: 7/26, 0 HR","platoon edge; pitcher baseline 11.5% barrel, 9.0 HR allowed",neutral batted-ball profile; pitcher fly-ball pressure modest,,
669364,Xavier Edwards,MIA,LAA,2026-08-09T17:40:00Z,Pre-Game,2,Grayson Rodriguez,680570,R,S,2.9,0.0959,86.87,96.6218,0.36,0.0949,0.3125,68.02,2.61,29.5,21.49,29.12,5.1,11.5,49.7,91.1,0.547,0.24,29.7,9.0,9.0,9.0,loanDepot park,89,72,0,None,Yes,Yes,2,Yes,No,MLB Stats API; RotoWire,,H:2026/2025 P:2026,,,Direct BvP not yet weighted; 2026/2025 Statcast baseline active,7,5,24,0,"Last 7 games: 5/24, 0 HR","switch hitter; pitcher baseline 11.5% barrel, 9.0 HR allowed",neutral batted-ball profile; pitcher fly-ball pressure modest,,
672640,Otto Lopez,MIA,LAA,2026-08-09T17:40:00Z,Pre-Game,3,Grayson Rodriguez,680570,R,R,6.54,0.1437,88.92,100.2868,0.4298,0.1489,0.3279,71.77,23.58,32.3,22.15,40.26,10.8,11.5,49.7,91.1,0.547,0.24,29.7,9.0,9.0,9.0,loanDepot park,89,72,0,None,Yes,Yes,3,Yes,No,MLB Stats API; RotoWire,,H:2026/2025 P:2026,,,Direct BvP not yet weighted; 2026/2025 Statcast baseline active,7,7,29,0,"Last 7 games: 7/29, 0 HR","same-side matchup; pitcher baseline 11.5% barrel, 9.0 HR allowed",neutral batted-ball profile; pitcher fly-ball pressure modest,,
665052,Griffin Conine,MIA,LAA,2026-08-09T17:40:00Z,Pre-Game,4,Grayson Rodriguez,680570,R,L,15.01,0.2203,91.32,103.4191,0.4593,0.2061,0.3419,74.33,45.16,42.74,21.94,51.32,7.6,11.5,49.7,91.1,0.547,0.24,29.7,9.0,9.0,9.0,loanDepot park,89,72,0,None,Yes,Yes,4,Yes,No,MLB Stats API; RotoWire,,H:2026/2025 P:2026,,,Direct BvP not yet weighted; 2026/2025 Statcast baseline active,7,5,24,1,"Last 7 games: 5/24, 1 HR","platoon edge; pitcher baseline 11.5% barrel, 9.0 HR allowed",neutral batted-ball profile; pitcher fly-ball pressure modest,,
681715,Heriberto Hernández,MIA,LAA,2026-08-09T17:40:00Z,Pre-Game,5,Grayson Rodriguez,680570,R,R,11.77,0.2084,91.32,101.6633,0.4644,0.2173,0.3403,74.35,47.07,45.91,30.69,48.41,14.2,11.5,49.7,91.1,0.547,0.24,29.7,9.0,9.0,9.0,loanDepot park,89,72,0,None,Yes,Yes,5,Yes,No,MLB Stats API; RotoWire,,H:2026/2025 P:2026,,,Direct BvP not yet weighted; 2026/2025 Statcast baseline active,7,3,25,0,"Last 7 games: 3/25, 0 HR","same-side matchup; pitcher baseline 11.5% barrel, 9.0 HR allowed",neutral batted-ball profile; pitcher fly-ball pressure modest,,
683357,Owen Caissie,MIA,LAA,2026-08-09T17:40:00Z,Pre-Game,6,Grayson Rodriguez,680570,R,L,14.56,0.1904,90.24,100.3796,0.381,0.1783,0.2796,74.88,54.23,30.69,31.67,38.2,8.7,11.5,49.7,91.1,0.547,0.24,29.7,9.0,9.0,9.0,loanDepot park,89,72,0,None,Yes,Yes,6,Yes,No,MLB Stats API; RotoWire,,H:2026/2025 P:2026,,,Direct BvP not yet weighted; 2026/2025 Statcast baseline active,7,2,18,1,"Last 7 games: 2/18, 1 HR","platoon edge; pitcher baseline 11.5% barrel, 9.0 HR allowed",neutral batted-ball profile; pitcher fly-ball pressure modest,,
682663,Agustín Ramírez,MIA,LAA,2026-08-09T17:40:00Z,Pre-Game,7,Grayson Rodriguez,680570,R,R,6.38,0.1295,89.4,102.0093,0.3527,0.1182,0.2956,75.62,58.91,39.63,17.44,41.05,7.7,11.5,49.7,91.1,0.547,0.24,29.7,9.0,9.0,9.0,loanDepot park,89,72,0,None,Yes,Yes,7,Yes,No,MLB Stats API; RotoWire,,H:2026/2025 P:2026,,,Direct BvP not yet weighted; 2026/2025 Statcast baseline active,7,5,17,0,"Last 7 games: 5/17, 0 HR","same-side matchup; pitcher baseline 11.5% barrel, 9.0 HR allowed",neutral batted-ball profile; pitcher fly-ball pressure modest,,
805300,Jakob Marsee,MIA,LAA,2026-08-09T17:40:00Z,Pre-Game,8,Grayson Rodriguez,680570,R,L,4.95,0.1307,87.64,98.5356,0.3531,0.1169,0.3162,70.5,6.14,41.16,24.1,36.22,5.7,11.5,49.7,91.1,0.547,0.24,29.7,9.0,9.0,9.0,loanDepot park,89,72,0,None,Yes,Yes,8,Yes,No,MLB Stats API; RotoWire,,H:2026/2025 P:2026,,,Direct BvP not yet weighted; 2026/2025 Statcast baseline active,7,5,14,0,Contact streak: 5/14 over last 7 games,"platoon edge; pitcher baseline 11.5% barrel, 9.0 HR allowed",neutral batted-ball profile; pitcher fly-ball pressure modest,,
691594,Javier Sanoja,MIA,LAA,2026-08-09T17:40:00Z,Pre-Game,9,Grayson Rodriguez,680570,R,R,2.08,0.1432,87.24,97.341,0.335,0.0788,0.2799,69.07,6.6,38.01,19.32,32.13,4.6,11.5,49.7,91.1,0.547,0.24,29.7,9.0,9.0,9.0,loanDepot park,89,72,0,None,Yes,Yes,9,Yes,No,MLB Stats API; RotoWire,,H:2026/2025 P:2026,,,Direct BvP not yet weighted; 2026/2025 Statcast baseline active,7,8,23,1,Contact streak: 8/23 over last 7 games,"same-side matchup; pitcher baseline 11.5% barrel, 9.0 HR allowed",neutral batted-ball profile; pitcher fly-ball pressure modest,,
691718,Pete Crow-Armstrong,CHC,KC,2026-08-09T18:10:00Z,Pre-Game,1,Randy Dobnak,677976,R,L,12.4,0.2508,90.13,101.6789,0.4729,0.2211,0.3518,74.17,43.2,49.53,35.29,47.13,27.5,5.46,47.27,92.3,0.4227,0.1359,20.94,1.7,1.7,1.7,Kauffman Stadium,92,91,13,Out To CF,Yes,Yes,1,Yes,No,MLB Stats API; RotoWire,,H:2026/2025 P:2026/2025,,,Direct BvP not yet weighted; 2026/2025 Statcast baseline active,7,9,25,2,Hot streak: 2 HR in last 7 games,"platoon edge; pitcher baseline 5.5% barrel, 1.7 HR allowed",fly-ball profile; pitcher fly-ball pressure modest,,
683737,Michael Busch,CHC,KC,2026-08-09T18:10:00Z,Pre-Game,2,Randy Dobnak,677976,R,L,11.71,0.1815,89.4,99.6187,0.4493,0.2062,0.3486,68.83,5.5,40.42,34.41,41.77,20.0,5.46,47.27,92.3,0.4227,0.1359,20.94,1.7,1.7,1.7,Kauffman Stadium,92,91,13,Out To CF,Yes,Yes,2,Yes,No,MLB Stats API; RotoWire,,H:2026/2025 P:2026/2025,,,Direct BvP not yet weighted; 2026/2025 Statcast baseline active,7,8,27,1,"Last 7 games: 8/27, 1 HR","platoon edge; pitcher baseline 5.5% barrel, 1.7 HR allowed",neutral batted-ball profile; pitcher fly-ball pressure modest,,
608324,Alex Bregman,CHC,KC,2026-08-09T18:10:00Z,Pre-Game,3,Randy Dobnak,677976,R,R,4.92,0.1498,88.84,98.3272,0.378,0.1334,0.3174,70.16,5.01,46.93,25.83,39.71,13.8,5.46,47.27,92.3,0.4227,0.1359,20.94,1.7,1.7,1.7,Kauffman Stadium,92,91,13,Out To CF,Yes,Yes,3,Yes,No,MLB Stats API; RotoWire,,H:2026/2025 P:2026/2025,,,Direct BvP not yet weighted; 2026/2025 Statcast baseline active,7,6,30,1,"Last 7 games: 6/30, 1 HR","same-side matchup; pitcher baseline 5.5% barrel, 1.7 HR allowed",neutral batted-ball profile; pitcher fly-ball pressure modest,,
664023,Ian Happ,CHC,KC,2026-08-09T18:10:00Z,Pre-Game,4,Randy Dobnak,677976,R,S,11.31,0.1924,89.51,100.8657,0.4122,0.1958,0.3232,71.88,19.06,43.84,33.09,42.58,20.2,5.46,47.27,92.3,0.4227,0.1359,20.94,1.7,1.7,1.7,Kauffman Stadium,92,91,13,Out To CF,Yes,Yes,4,Yes,No,MLB Stats API; RotoWire,,H:2026/2025 P:2026/2025,,,Direct BvP not yet weighted; 2026/2025 Statcast baseline active,7,2,20,1,"Last 7 games: 2/20, 1 HR","switch hitter; pitcher baseline 5.5% barrel, 1.7 HR allowed",neutral batted-ball profile; pitcher fly-ball pressure modest,,
624424,Michael Conforto,CHC,KC,2026-08-09T18:10:00Z,Pre-Game,5,Randy Dobnak,677976,R,L,11.38,0.1984,91.16,100.9736,0.4219,0.1917,0.3272,72.85,32.67,44.02,34.97,44.56,9.9,5.46,47.27,92.3,0.4227,0.1359,20.94,1.7,1.7,1.7,Kauffman Stadium,92,91,13,Out To CF,Yes,Yes,5,Yes,No,MLB Stats API; RotoWire,,H:2026/2025 P:2026/2025,,,Direct BvP not yet weighted; 2026/2025 Statcast baseline active,7,3,17,0,"Last 7 games: 3/17, 0 HR","platoon edge; pitcher baseline 5.5% barrel, 1.7 HR allowed",neutral batted-ball profile; pitcher fly-ball pressure modest,,
663538,Nico Hoerner,CHC,KC,2026-08-09T18:10:00Z,Pre-Game,6,Randy Dobnak,677976,R,R,1.56,0.1005,86.14,96.2286,0.3784,0.0836,0.3227,68.33,1.83,33.5,22.05,28.83,7.0,5.46,47.27,92.3,0.4227,0.1359,20.94,1.7,1.7,1.7,Kauffman Stadium,92,91,13,Out To CF,Yes,Yes,6,Yes,No,MLB Stats API; RotoWire,,H:2026/2025 P:2026/2025,,,Direct BvP not yet weighted; 2026/2025 Statcast baseline active,7,7,28,1,"Last 7 games: 7/28, 1 HR","same-side matchup; pitcher baseline 5.5% barrel, 1.7 HR allowed",neutral batted-ball profile; pitcher fly-ball pressure modest,,
621020,Dansby Swanson,CHC,KC,2026-08-09T18:10:00Z,Pre-Game,7,Randy Dobnak,677976,R,R,8.55,0.1814,89.73,99.908,0.4091,0.1757,0.3121,71.32,8.05,46.36,29.47,42.76,19.1,5.46,47.27,92.3,0.4227,0.1359,20.94,1.7,1.7,1.7,Kauffman Stadium,92,91,13,Out To CF,Yes,Yes,7,Yes,No,MLB Stats API; RotoWire,,H:2026/2025 P:2026/2025,,,Direct BvP not yet weighted; 2026/2025 Statcast baseline active,7,6,26,1,"Last 7 games: 6/26, 1 HR","same-side matchup; pitcher baseline 5.5% barrel, 1.7 HR allowed",neutral batted-ball profile; pitcher fly-ball pressure modest,,
665804,Miguel Amaya,CHC,KC,2026-08-09T18:10:00Z,Pre-Game,8,Randy Dobnak,677976,R,R,6.25,0.1448,86.96,97.638,0.3391,0.121,0.2943,70.94,13.94,40.59,30.97,33.81,3.3,5.46,47.27,92.3,0.4227,0.1359,20.94,1.7,1.7,1.7,Kauffman Stadium,92,91,13,Out To CF,Yes,Yes,8,Yes,No,MLB Stats API; RotoWire,,H:2026/2025 P:2026/2025,,,Direct BvP not yet weighted; 2026/2025 Statcast baseline active,7,4,18,0,"Last 7 games: 4/18, 0 HR","same-side matchup; pitcher baseline 5.5% barrel, 1.7 HR allowed",neutral batted-ball profile; pitcher fly-ball pressure modest,,
621438,Tyrone Taylor,CHC,KC,2026-08-09T18:10:00Z,Pre-Game,9,Randy Dobnak,677976,R,R,9.05,0.2024,87.06,98.6441,0.413,0.1728,0.3085,71.21,12.49,49.0,32.31,35.38,7.6,5.46,47.27,92.3,0.4227,0.1359,20.94,1.7,1.7,1.7,Kauffman Stadium,92,91,13,Out To CF,Yes,Yes,9,Yes,No,MLB Stats API; RotoWire,,H:2026/2025 P:2026/2025,,,Direct BvP not yet weighted; 2026/2025 Statcast baseline active,7,3,12,1,"Last 7 games: 3/12, 1 HR","same-side matchup; pitcher baseline 5.5% barrel, 1.7 HR allowed",neutral batted-ball profile; pitcher fly-ball pressure modest,,
679845,Nick Loftin,KC,CHC,2026-08-09T18:10:00Z,Pre-Game,1,Matthew Boyd,571510,L,R,4.9,0.1497,87.22,96.8582,0.3534,0.1165,0.301,69.05,4.89,45.48,27.59,30.36,4.7,9.56,38.56,88.43,0.419,0.1636,26.13,11.3,11.3,11.3,Kauffman Stadium,92,91,13,Out To CF,Yes,Yes,1,Yes,No,MLB Stats API; RotoWire,,H:2026/2025 P:2026/2025,,,Direct BvP not yet weighted; 2026/2025 Statcast baseline active,7,4,20,0,"Last 7 games: 4/20, 0 HR","platoon edge; pitcher baseline 9.6% barrel, 11.3 HR allowed",neutral batted-ball profile; pitcher fly-ball pressure modest,,
677951,Bobby Witt Jr.,KC,CHC,2026-08-09T18:10:00Z,Pre-Game,2,Matthew Boyd,571510,L,R,12.29,0.1794,93.02,103.6584,0.5143,0.2143,0.3797,73.95,42.02,29.96,26.71,51.23,16.0,9.56,38.56,88.43,0.419,0.1636,26.13,11.3,11.3,11.3,Kauffman Stadium,92,91,13,Out To CF,Yes,Yes,2,Yes,No,MLB Stats API; RotoWire,,H:2026/2025 P:2026/2025,,,Direct BvP not yet weighted; 2026/2025 Statcast baseline active,7,8,24,0,Contact streak: 8/24 over last 7 games,"platoon edge; pitcher baseline 9.6% barrel, 11.3 HR allowed",EV profile; pitcher fly-ball pressure modest,,
695506,Jac Caglianone,KC,CHC,2026-08-09T18:10:00Z,Pre-Game,3,Matthew Boyd,571510,L,L,13.89,0.194,91.99,104.9405,0.4884,0.222,0.3497,77.4,75.81,43.79,22.4,51.64,16.1,9.56,38.56,88.43,0.419,0.1636,26.13,11.3,11.3,11.3,Kauffman Stadium,92,91,13,Out To CF,Yes,Yes,3,Yes,No,MLB Stats API; RotoWire,,H:2026/2025 P:2026/2025,,,Direct BvP not yet weighted; 2026/2025 Statcast baseline active,7,12,28,3,Hot streak: 3 HR in last 7 games,"same-side matchup; pitcher baseline 9.6% barrel, 11.3 HR allowed",neutral batted-ball profile; pitcher fly-ball pressure modest,,
521692,Salvador Perez,KC,CHC,2026-08-09T18:10:00Z,Pre-Game,4,Matthew Boyd,571510,L,R,11.37,0.1736,89.23,100.6469,0.4472,0.2072,0.3157,71.99,22.28,41.77,31.06,43.48,20.2,9.56,38.56,88.43,0.419,0.1636,26.13,11.3,11.3,11.3,Kauffman Stadium,92,91,13,Out To CF,Yes,Yes,4,Yes,No,MLB Stats API; RotoWire,,H:2026/2025 P:2026/2025,,,Direct BvP not yet weighted; 2026/2025 Statcast baseline active,7,7,25,1,"Last 7 games: 7/25, 1 HR","platoon edge; pitcher baseline 9.6% barrel, 11.3 HR allowed",neutral batted-ball profile; pitcher fly-ball pressure modest,,
516782,Starling Marte,KC,CHC,2026-08-09T18:10:00Z,Pre-Game,5,Matthew Boyd,571510,L,R,9.09,0.0819,88.02,100.5562,0.3707,0.1333,0.2968,72.56,30.54,33.14,17.44,37.67,3.4,9.56,38.56,88.43,0.419,0.1636,26.13,11.3,11.3,11.3,Kauffman Stadium,92,91,13,Out To CF,Yes,Yes,5,Yes,No,MLB Stats API; RotoWire,,H:2026/2025 P:2026/2025,,,Direct BvP not yet weighted; 2026/2025 Statcast baseline active,7,3,17,0,"Last 7 games: 3/17, 0 HR","platoon edge; pitcher baseline 9.6% barrel, 11.3 HR allowed",neutral batted-ball profile; pitcher fly-ball pressure modest,,
686681,Michael Massey,KC,CHC,2026-08-09T18:10:00Z,Pre-Game,6,Matthew Boyd,571510,L,L,5.4,0.132,89.11,98.7026,0.3803,0.1423,0.2853,71.5,12.4,48.38,32.69,38.32,7.2,9.56,38.56,88.43,0.419,0.1636,26.13,11.3,11.3,11.3,Kauffman Stadium,92,91,13,Out To CF,Yes,Yes,6,Yes,No,MLB Stats API; RotoWire,,H:2026/2025 P:2026/2025,,,Direct BvP not yet weighted; 2026/2025 Statcast baseline active,7,5,26,1,"Last 7 games: 5/26, 1 HR","same-side matchup; pitcher baseline 9.6% barrel, 11.3 HR allowed",neutral batted-ball profile; pitcher fly-ball pressure modest,,
686475,Tyler Tolbert,KC,CHC,2026-08-09T18:10:00Z,Pre-Game,7,Matthew Boyd,571510,L,R,3.66,0.1399,86.41,97.3727,0.3465,0.0837,0.3081,69.46,3.72,35.55,21.44,31.87,2.4,9.56,38.56,88.43,0.419,0.1636,26.13,11.3,11.3,11.3,Kauffman Stadium,92,91,13,Out To CF,Yes,Yes,7,Yes,No,MLB Stats API; RotoWire,,H:2026/2025 P:2026/2025,,,Direct BvP not yet weighted; 2026/2025 Statcast baseline active,7,7,18,1,Contact streak: 7/18 over last 7 games,"platoon edge; pitcher baseline 9.6% barrel, 11.3 HR allowed",neutral batted-ball profile; pitcher fly-ball pressure modest,,
571912,Luke Maile,KC,CHC,2026-08-09T18:10:00Z,Pre-Game,8,Matthew Boyd,571510,L,R,8.95,0.2198,86.11,97.7895,0.3156,0.1081,0.2629,69.43,3.66,32.61,27.78,34.56,1.0,9.56,38.56,88.43,0.419,0.1636,26.13,11.3,11.3,11.3,Kauffman Stadium,92,91,13,Out To CF,Yes,Yes,8,Yes,No,MLB Stats API; RotoWire,,H:2026/2025 P:2026/2025,,,Direct BvP not yet weighted; 2026/2025 Statcast baseline active,5,4,15,1,"Last 5 games: 4/15, 1 HR","platoon edge; pitcher baseline 9.6% barrel, 11.3 HR allowed",neutral batted-ball profile; pitcher fly-ball pressure modest,,
664728,Kyle Isbel,KC,CHC,2026-08-09T18:10:00Z,Pre-Game,9,Matthew Boyd,571510,L,L,2.44,0.1001,88.29,98.8818,0.3054,0.0777,0.2608,71.31,14.46,32.04,17.54,34.49,3.3,9.56,38.56,88.43,0.419,0.1636,26.13,11.3,11.3,11.3,Kauffman Stadium,92,91,13,Out To CF,Yes,Yes,9,Yes,No,MLB Stats API; RotoWire,,H:2026/2025 P:2026/2025,,,Direct BvP not yet weighted; 2026/2025 Statcast baseline active,7,3,19,0,"Last 7 games: 3/19, 0 HR","same-side matchup; pitcher baseline 9.6% barrel, 11.3 HR allowed",neutral batted-ball profile; pitcher fly-ball pressure modest,,
680757,Steven Kwan,CLE,CWS,2026-08-09T18:10:00Z,Pre-Game,1,Davis Martin,663436,R,L,0.78,0.0761,84.38,92.5405,0.3457,0.0713,0.3198,62.8,0.38,27.53,23.58,12.09,4.7,7.63,44.25,90.21,0.4314,0.1601,23.27,13.0,13.0,13.0,Rate Field,100,82,11,In From RF,Yes,Yes,1,Yes,No,MLB Stats API; RotoWire,,H:2026/2025 P:2026/2025,,,Direct BvP not yet weighted; 2026/2025 Statcast baseline active,7,12,28,1,Contact streak: 12/28 over last 7 games,"platoon edge; pitcher baseline 7.6% barrel, 13.0 HR allowed",neutral batted-ball profile; pitcher fly-ball pressure modest,,
800050,Chase DeLauter,CLE,CWS,2026-08-09T18:10:00Z,Pre-Game,2,Davis Martin,663436,R,L,6.3,0.157,91.1,101.4644,0.428,0.153,0.346,71.4,18.0,38.1,19.2,45.7,12.0,7.63,44.25,90.21,0.4314,0.1601,23.27,13.0,13.0,13.0,Rate Field,100,82,11,In From RF,Yes,Yes,2,Yes,No,MLB Stats API; RotoWire,,H:2026 P:2026/2025,,,Direct BvP not yet weighted; 2026/2025 Statcast baseline active,7,9,29,1,"Last 7 games: 9/29, 1 HR","platoon edge; pitcher baseline 7.6% barrel, 13.0 HR allowed",neutral batted-ball profile; pitcher fly-ball pressure modest,,
608070,José Ramírez,CLE,CWS,2026-08-09T18:10:00Z,Pre-Game,3,Davis Martin,663436,R,S,5.95,0.1724,89.11,99.6306,0.4341,0.1522,0.3469,70.2,13.26,50.48,30.46,39.8,16.0,7.63,44.25,90.21,0.4314,0.1601,23.27,13.0,13.0,13.0,Rate Field,100,82,11,In From RF,Yes,Yes,3,Yes,No,MLB Stats API; RotoWire,,H:2026/2025 P:2026/2025,,,Direct BvP not yet weighted; 2026/2025 Statcast baseline active,7,3,18,0,"Last 7 games: 3/18, 0 HR","switch hitter; pitcher baseline 7.6% barrel, 13.0 HR allowed",neutral batted-ball profile; pitcher fly-ball pressure modest,,
663993,Nathaniel Lowe,CLE,CWS,2026-08-09T18:10:00Z,Pre-Game,4,Davis Martin,663436,R,L,9.03,0.1992,89.42,101.3779,0.4367,0.1765,0.3366,74.0,39.36,36.78,25.64,42.76,14.5,7.63,44.25,90.21,0.4314,0.1601,23.27,13.0,13.0,13.0,Rate Field,100,82,11,In From RF,Yes,Yes,4,Yes,No,MLB Stats API; RotoWire,,H:2026/2025 P:2026/2025,,,Direct BvP not yet weighted; 2026/2025 Statcast baseline active,7,11,29,1,Contact streak: 11/29 over last 7 games,"platoon edge; pitcher baseline 7.6% barrel, 13.0 HR allowed",neutral batted-ball profile; pitcher fly-ball pressure modest,,
666176,Jo Adell,CLE,CWS,2026-08-09T18:10:00Z,Pre-Game,5,Davis Martin,663436,R,R,11.42,0.1825,90.44,102.6057,0.4734,0.2162,0.3377,77.39,71.41,37.3,27.63,45.87,22.3,7.63,44.25,90.21,0.4314,0.1601,23.27,13.0,13.0,13.0,Rate Field,100,82,11,In From RF,Yes,Yes,5,Yes,No,MLB Stats API; RotoWire,,H:2026/2025 P:2026/2025,,,Direct BvP not yet weighted; 2026/2025 Statcast baseline active,7,3,25,0,"Last 7 games: 3/25, 0 HR","same-side matchup; pitcher baseline 7.6% barrel, 13.0 HR allowed",neutral batted-ball profile; pitcher fly-ball pressure modest,,
683953,Travis Bazzana,CLE,CWS,2026-08-09T18:10:00Z,Pre-Game,6,Davis Martin,663436,R,L,4.7,0.145,88.5,98.7015,0.353,0.126,0.304,69.7,12.3,39.0,28.8,37.6,9.0,7.63,44.25,90.21,0.4314,0.1601,23.27,13.0,13.0,13.0,Rate Field,100,82,11,In From RF,Yes,Yes,6,Yes,No,MLB Stats API; RotoWire,,H:2026 P:2026/2025,,,Direct BvP not yet weighted; 2026/2025 Statcast baseline active,7,6,25,0,"Last 7 games: 6/25, 0 HR","platoon edge; pitcher baseline 7.6% barrel, 13.0 HR allowed",neutral batted-ball profile; pitcher fly-ball pressure modest,,
677587,Brayan Rocchio,CLE,CWS,2026-08-09T18:10:00Z,Pre-Game,7,Davis Martin,663436,R,S,3.23,0.1161,86.88,97.2018,0.351,0.106,0.295,70.0,7.29,43.57,24.88,31.93,7.8,7.63,44.25,90.21,0.4314,0.1601,23.27,13.0,13.0,13.0,Rate Field,100,82,11,In From RF,Yes,Yes,7,Yes,No,MLB Stats API; RotoWire,,H:2026/2025 P:2026/2025,,,Direct BvP not yet weighted; 2026/2025 Statcast baseline active,7,3,24,0,"Last 7 games: 3/24, 0 HR","switch hitter; pitcher baseline 7.6% barrel, 13.0 HR allowed",neutral batted-ball profile; pitcher fly-ball pressure modest,,
672275,Patrick Bailey,CLE,CWS,2026-08-09T18:10:00Z,Pre-Game,8,Davis Martin,663436,R,S,6.79,0.1093,89.88,99.4734,0.368,0.1454,0.2801,72.55,28.72,33.13,26.62,39.2,6.0,7.63,44.25,90.21,0.4314,0.1601,23.27,13.0,13.0,13.0,Rate Field,100,82,11,In From RF,Yes,Yes,8,Yes,No,MLB Stats API; RotoWire,,H:2026/2025 P:2026/2025,,,Direct BvP not yet weighted; 2026/2025 Statcast baseline active,7,3,22,1,"Last 7 games: 3/22, 1 HR","switch hitter; pitcher baseline 7.6% barrel, 13.0 HR allowed",neutral batted-ball profile; pitcher fly-ball pressure modest,,
694197,Angel Genao,CLE,CWS,2026-08-09T18:10:00Z,Pre-Game,9,Davis Martin,663436,R,S,13.3,0.187,93.7,101.9301,0.489,0.176,0.368,70.4,16.7,26.7,26.7,60.0,1.0,7.63,44.25,90.21,0.4314,0.1601,23.27,13.0,13.0,13.0,Rate Field,100,82,11,In From RF,Yes,Yes,9,Yes,No,MLB Stats API; RotoWire,,H:2026 P:2026/2025,,,Direct BvP not yet weighted; 2026/2025 Statcast baseline active,4,7,16,1,Contact streak: 7/16 over last 4 games,"switch hitter; pitcher baseline 7.6% barrel, 13.0 HR allowed",EV profile; pitcher fly-ball pressure modest,,
686668,Brenton Doyle,CWS,CLE,2026-08-09T18:10:00Z,Pre-Game,1,Joey Cantillo,676282,L,R,6.84,0.0877,88.92,99.6295,0.3149,0.1056,0.2622,71.68,13.48,40.14,22.26,38.16,5.2,7.9,39.98,88.59,0.3735,0.1424,27.37,13.5,13.5,13.5,Rate Field,100,82,11,In From RF,Yes,Yes,1,Yes,No,MLB Stats API; RotoWire,,H:2026/2025 P:2026/2025,,,Direct BvP not yet weighted; 2026/2025 Statcast baseline active,7,4,15,0,"Last 7 games: 4/15, 0 HR","platoon edge; pitcher baseline 7.9% barrel, 13.5 HR allowed",neutral batted-ball profile; pitcher fly-ball pressure modest,,
808959,Munetaka Murakami,CWS,CLE,2026-08-09T18:10:00Z,Pre-Game,2,Joey Cantillo,676282,L,L,20.2,0.303,94.0,104.6126,0.502,0.285,0.364,74.8,50.8,42.8,40.5,59.0,26.0,7.9,39.98,88.59,0.3735,0.1424,27.37,13.5,13.5,13.5,Rate Field,100,82,11,In From RF,Yes,Yes,2,Yes,No,MLB Stats API; RotoWire,,H:2026 P:2026/2025,,,Direct BvP not yet weighted; 2026/2025 Statcast baseline active,7,5,29,2,Hot streak: 2 HR in last 7 games,"same-side matchup; pitcher baseline 7.9% barrel, 13.5 HR allowed",lift-pull EV profile; pitcher fly-ball pressure modest,,
678246,Miguel Vargas,CWS,CLE,2026-08-09T18:10:00Z,Pre-Game,3,Joey Cantillo,676282,L,R,12.76,0.2125,90.33,100.4891,0.4791,0.2249,0.3617,73.05,34.42,43.23,35.66,44.35,21.6,7.9,39.98,88.59,0.3735,0.1424,27.37,13.5,13.5,13.5,Rate Field,100,82,11,In From RF,Yes,Yes,3,Yes,No,MLB Stats API; RotoWire,,H:2026/2025 P:2026/2025,,,Direct BvP not yet weighted; 2026/2025 Statcast baseline active,7,4,27,1,"Last 7 games: 4/27, 1 HR","platoon edge; pitcher baseline 7.9% barrel, 13.5 HR allowed",fly-ball profile; pitcher fly-ball pressure modest,,
545341,Randal Grichuk,CWS,CLE,2026-08-09T18:10:00Z,Pre-Game,4,Joey Cantillo,676282,L,R,11.14,0.2262,91.28,102.9638,0.4731,0.1998,0.3344,74.18,42.54,44.82,27.66,48.52,9.0,7.9,39.98,88.59,0.3735,0.1424,27.37,13.5,13.5,13.5,Rate Field,100,82,11,In From RF,Yes,Yes,4,Yes,No,MLB Stats API; RotoWire,,H:2026/2025 P:2026/2025,,,Direct BvP not yet weighted; 2026/2025 Statcast baseline active,7,6,15,0,Contact streak: 6/15 over last 7 games,"platoon edge; pitcher baseline 7.9% barrel, 13.5 HR allowed",neutral batted-ball profile; pitcher fly-ball pressure modest,,
695731,Braden Montgomery,CWS,CLE,2026-08-09T18:10:00Z,Pre-Game,5,Joey Cantillo,676282,L,S,3.7,0.147,89.2,100.0251,0.367,0.123,0.314,69.6,9.1,34.1,20.0,40.7,4.0,7.9,39.98,88.59,0.3735,0.1424,27.37,13.5,13.5,13.5,Rate Field,100,82,11,In From RF,Yes,Yes,5,Yes,No,MLB Stats API; RotoWire,,H:2026 P:2026/2025,,,Direct BvP not yet weighted; 2026/2025 Statcast baseline active,7,5,24,1,"Last 7 games: 5/24, 1 HR","switch hitter; pitcher baseline 7.9% barrel, 13.5 HR allowed",neutral batted-ball profile; pitcher fly-ball pressure modest,,
695657,Colson Montgomery,CWS,CLE,2026-08-09T18:10:00Z,Pre-Game,6,Joey Cantillo,676282,L,L,12.89,0.2445,88.98,101.6954,0.4387,0.222,0.3158,76.65,69.67,49.58,34.0,42.12,23.8,7.9,39.98,88.59,0.3735,0.1424,27.37,13.5,13.5,13.5,Rate Field,100,82,11,In From RF,Yes,Yes,6,Yes,No,MLB Stats API; RotoWire,,H:2026/2025 P:2026/2025,,,Direct BvP not yet weighted; 2026/2025 Statcast baseline active,7,5,28,0,"Last 7 games: 5/28, 0 HR","same-side matchup; pitcher baseline 7.9% barrel, 13.5 HR allowed",neutral batted-ball profile; pitcher fly-ball pressure modest,,
700337,Edgar Quero,CWS,CLE,2026-08-09T18:10:00Z,Pre-Game,7,Joey Cantillo,676282,L,S,2.65,0.0551,90.4,99.0715,0.3194,0.0939,0.2739,68.48,2.73,30.78,24.66,39.37,2.9,7.9,39.98,88.59,0.3735,0.1424,27.37,13.5,13.5,13.5,Rate Field,100,82,11,In From RF,Yes,Yes,7,Yes,No,MLB Stats API; RotoWire,,H:2026/2025 P:2026/2025,,,Direct BvP not yet weighted; 2026/2025 Statcast baseline active,7,6,24,0,"Last 7 games: 6/24, 0 HR","switch hitter; pitcher baseline 7.9% barrel, 13.5 HR allowed",neutral batted-ball profile; pitcher fly-ball pressure modest,,
803011,Sam Antonacci,CWS,CLE,2026-08-09T18:10:00Z,Pre-Game,8,Joey Cantillo,676282,L,L,6.2,0.13,87.6,98.1249,0.416,0.132,0.35,70.0,8.5,34.2,21.6,36.1,8.0,7.9,39.98,88.59,0.3735,0.1424,27.37,13.5,13.5,13.5,Rate Field,100,82,11,In From RF,Yes,Yes,8,Yes,No,MLB Stats API; RotoWire,,H:2026 P:2026/2025,,,Direct BvP not yet weighted; 2026/2025 Statcast baseline active,7,4,23,0,"Last 7 games: 4/23, 0 HR","same-side matchup; pitcher baseline 7.9% barrel, 13.5 HR allowed",neutral batted-ball profile; pitcher fly-ball pressure modest,,
682668,Luisangel Acuña,CWS,CLE,2026-08-09T18:10:00Z,Pre-Game,9,Joey Cantillo,676282,L,R,2.87,0.0358,88.53,99.547,0.3207,0.0707,0.2731,71.61,24.42,32.36,16.58,37.11,0.7,7.9,39.98,88.59,0.3735,0.1424,27.37,13.5,13.5,13.5,Rate Field,100,82,11,In From RF,Yes,Yes,9,Yes,No,MLB Stats API; RotoWire,,H:2026/2025 P:2026/2025,,,Direct BvP not yet weighted; 2026/2025 Statcast baseline active,7,3,11,0,"Last 7 games: 3/11, 0 HR","platoon edge; pitcher baseline 7.9% barrel, 13.5 HR allowed",neutral batted-ball profile; pitcher fly-ball pressure modest,,
663616,Trevor Larnach,MIN,MIL,2026-08-09T18:10:00Z,Pre-Game,1,Jacob Misiorowski,694819,R,L,7.62,0.1631,88.52,99.6751,0.4044,0.1481,0.3299,72.03,21.92,42.55,24.47,39.05,12.1,4.33,35.33,87.67,0.2705,0.0954,25.22,10.1,10.1,10.1,American Family Field,100,72,0,None,Yes,Yes,1,Yes,No,MLB Stats API; RotoWire,,H:2026/2025 P:2026/2025,,,Direct BvP not yet weighted; 2026/2025 Statcast baseline active,7,4,23,2,Hot streak: 2 HR in last 7 games,"platoon edge; pitcher baseline 4.3% barrel, 10.1 HR allowed",neutral batted-ball profile; pitcher fly-ball pressure modest,,
668904,Royce Lewis,MIN,MIL,2026-08-09T18:10:00Z,Pre-Game,2,Jacob Misiorowski,694819,R,R,11.5,0.1804,90.15,101.1715,0.4168,0.1775,0.3152,74.65,50.03,46.3,30.71,42.82,13.0,4.33,35.33,87.67,0.2705,0.0954,25.22,10.1,10.1,10.1,American Family Field,100,72,0,None,Yes,Yes,2,Yes,No,MLB Stats API; RotoWire,,H:2026/2025 P:2026/2025,,,Direct BvP not yet weighted; 2026/2025 Statcast baseline active,7,13,28,2,Hot streak: 2 HR in last 7 games,"same-side matchup; pitcher baseline 4.3% barrel, 10.1 HR allowed",neutral batted-ball profile; pitcher fly-ball pressure modest,,
605137,Josh Bell,MIN,MIL,2026-08-09T18:10:00Z,Pre-Game,3,Jacob Misiorowski,694819,R,S,10.63,0.1737,90.12,100.9563,0.4521,0.2024,0.3352,72.33,28.29,40.87,26.78,43.43,17.1,4.33,35.33,87.67,0.2705,0.0954,25.22,10.1,10.1,10.1,American Family Field,100,72,0,None,Yes,Yes,3,Yes,No,MLB Stats API; RotoWire,,H:2026/2025 P:2026/2025,,,Direct BvP not yet weighted; 2026/2025 Statcast baseline active,7,11,27,2,Hot streak: 2 HR in last 7 games,"switch hitter; pitcher baseline 4.3% barrel, 10.1 HR allowed",neutral batted-ball profile; pitcher fly-ball pressure modest,,
665019,Kody Clemens,MIN,MIL,2026-08-09T18:10:00Z,Pre-Game,4,Jacob Misiorowski,694819,R,L,11.51,0.2259,92.13,101.4345,0.444,0.1992,0.324,72.06,14.49,45.31,32.76,46.48,19.0,4.33,35.33,87.67,0.2705,0.0954,25.22,10.1,10.1,10.1,American Family Field,100,72,0,None,Yes,Yes,4,Yes,No,MLB Stats API; RotoWire,,H:2026/2025 P:2026/2025,,,Direct BvP not yet weighted; 2026/2025 Statcast baseline active,7,3,28,0,"Last 7 games: 3/28, 0 HR","platoon edge; pitcher baseline 4.3% barrel, 10.1 HR allowed",lift-pull EV profile; pitcher fly-ball pressure modest,,
686797,Brooks Lee,MIN,MIL,2026-08-09T18:10:00Z,Pre-Game,5,Jacob Misiorowski,694819,R,S,4.19,0.1606,87.9,97.4228,0.3369,0.1127,0.2743,69.92,8.35,42.27,28.02,33.81,16.0,4.33,35.33,87.67,0.2705,0.0954,25.22,10.1,10.1,10.1,American Family Field,100,72,0,None,Yes,Yes,5,Yes,No,MLB Stats API; RotoWire,,H:2026/2025 P:2026/2025,,,Direct BvP not yet weighted; 2026/2025 Statcast baseline active,7,4,26,1,"Last 7 games: 4/26, 1 HR","switch hitter; pitcher baseline 4.3% barrel, 10.1 HR allowed",neutral batted-ball profile; pitcher fly-ball pressure modest,,
807712,Luke Keaschall,MIN,MIL,2026-08-09T18:10:00Z,Pre-Game,6,Jacob Misiorowski,694819,R,R,3.87,0.1115,85.15,96.6328,0.3556,0.1097,0.3114,68.64,7.8,38.82,27.04,29.38,5.4,4.33,35.33,87.67,0.2705,0.0954,25.22,10.1,10.1,10.1,American Family Field,100,72,0,None,Yes,Yes,6,Yes,No,MLB Stats API; RotoWire,,H:2026/2025 P:2026/2025,,,Direct BvP not yet weighted; 2026/2025 Statcast baseline active,7,10,26,2,Hot streak: 2 HR in last 7 games,"same-side matchup; pitcher baseline 4.3% barrel, 10.1 HR allowed",neutral batted-ball profile; pitcher fly-ball pressure modest,,
605170,Victor Caratini,MIN,MIL,2026-08-09T18:10:00Z,Pre-Game,7,Jacob Misiorowski,694819,R,S,6.93,0.1219,89.26,99.0066,0.3949,0.1525,0.3213,71.39,16.15,37.64,24.46,39.79,8.5,4.33,35.33,87.67,0.2705,0.0954,25.22,10.1,10.1,10.1,American Family Field,100,72,0,None,Yes,Yes,7,Yes,No,MLB Stats API; RotoWire,,H:2026/2025 P:2026/2025,,,Direct BvP not yet weighted; 2026/2025 Statcast baseline active,7,0,15,0,"Last 7 games: 0/15, 0 HR","switch hitter; pitcher baseline 4.3% barrel, 10.1 HR allowed",neutral batted-ball profile; pitcher fly-ball pressure modest,,
702176,Alan Roden,MIN,MIL,2026-08-09T18:10:00Z,Pre-Game,8,Jacob Misiorowski,694819,R,L,4.03,0.0463,87.59,98.6864,0.3407,0.0975,0.3061,70.52,13.35,35.63,24.04,39.85,0.6,4.33,35.33,87.67,0.2705,0.0954,25.22,10.1,10.1,10.1,American Family Field,100,72,0,None,Yes,Yes,8,Yes,No,MLB Stats API; RotoWire,,H:2026/2025 P:2026/2025,,,Direct BvP not yet weighted; 2026/2025 Statcast baseline active,7,3,12,0,"Last 7 games: 3/12, 0 HR","platoon edge; pitcher baseline 4.3% barrel, 10.1 HR allowed",neutral batted-ball profile; pitcher fly-ball pressure modest,,
668952,Ryan Kreidler,MIN,MIL,2026-08-09T18:10:00Z,Pre-Game,9,Jacob Misiorowski,694819,R,R,7.11,0.1085,88.48,99.4002,0.3586,0.1385,0.2822,73.24,33.21,45.54,27.53,34.62,3.5,4.33,35.33,87.67,0.2705,0.0954,25.22,10.1,10.1,10.1,American Family Field,100,72,0,None,Yes,Yes,9,Yes,No,MLB Stats API; RotoWire,,H:2026/2025 P:2026/2025,,,Direct BvP not yet weighted; 2026/2025 Statcast baseline active,7,4,18,0,"Last 7 games: 4/18, 0 HR","same-side matchup; pitcher baseline 4.3% barrel, 10.1 HR allowed",neutral batted-ball profile; pitcher fly-ball pressure modest,,
694192,Jackson Chourio,MIL,MIN,2026-08-09T18:10:00Z,Pre-Game,1,Connor Prielipp,687570,L,R,12.64,0.1965,91.26,102.0924,0.4624,0.2098,0.3308,74.32,44.45,31.01,27.38,46.01,17.5,8.3,40.6,90.4,0.39,0.159,26.9,9.0,9.0,9.0,American Family Field,100,72,0,None,Yes,Yes,1,Yes,No,MLB Stats API; RotoWire,,H:2026/2025 P:2026,,,Direct BvP not yet weighted; 2026/2025 Statcast baseline active,7,7,24,3,Hot streak: 3 HR in last 7 games,"platoon edge; pitcher baseline 8.3% barrel, 9.0 HR allowed",neutral batted-ball profile; pitcher fly-ball pressure modest,,
668930,Brice Turang,MIL,MIN,2026-08-09T18:10:00Z,Pre-Game,2,Connor Prielipp,687570,L,L,8.0,0.175,90.75,100.517,0.4374,0.1775,0.3434,70.25,13.13,27.02,24.27,44.11,16.6,8.3,40.6,90.4,0.39,0.159,26.9,9.0,9.0,9.0,American Family Field,100,72,0,None,Yes,Yes,2,Yes,No,MLB Stats API; RotoWire,,H:2026/2025 P:2026,,,Direct BvP not yet weighted; 2026/2025 Statcast baseline active,7,8,27,0,"Last 7 games: 8/27, 0 HR","same-side matchup; pitcher baseline 8.3% barrel, 9.0 HR allowed",neutral batted-ball profile; pitcher fly-ball pressure modest,,
683734,Andrew Vaughn,MIL,MIN,2026-08-09T18:10:00Z,Pre-Game,3,Connor Prielipp,687570,L,R,7.8,0.1675,90.83,100.191,0.4314,0.1556,0.3504,70.39,11.96,35.68,24.55,44.69,7.7,8.3,40.6,90.4,0.39,0.159,26.9,9.0,9.0,9.0,American Family Field,100,72,0,None,Yes,Yes,3,Yes,No,MLB Stats API; RotoWire,,H:2026/2025 P:2026,,,Direct BvP not yet weighted; 2026/2025 Statcast baseline active,7,6,23,1,"Last 7 games: 6/23, 1 HR","platoon edge; pitcher baseline 8.3% barrel, 9.0 HR allowed",neutral batted-ball profile; pitcher fly-ball pressure modest,,
661388,William Contreras,MIL,MIN,2026-08-09T18:10:00Z,Pre-Game,4,Connor Prielipp,687570,L,R,7.03,0.1299,90.26,101.5003,0.421,0.1632,0.3287,73.2,34.83,36.39,23.87,44.72,12.8,8.3,40.6,90.4,0.39,0.159,26.9,9.0,9.0,9.0,American Family Field,100,72,0,None,Yes,Yes,4,Yes,No,MLB Stats API; RotoWire,,H:2026/2025 P:2026,,,Direct BvP not yet weighted; 2026/2025 Statcast baseline active,7,5,26,1,"Last 7 games: 5/26, 1 HR","platoon edge; pitcher baseline 8.3% barrel, 9.0 HR allowed",neutral batted-ball profile; pitcher fly-ball pressure modest,,
641343,Jake Bauers,MIL,MIN,2026-08-09T18:10:00Z,Pre-Game,5,Connor Prielipp,687570,L,L,13.91,0.2088,92.4,103.2722,0.4696,0.2195,0.3624,76.71,71.75,41.39,29.98,51.13,16.1,8.3,40.6,90.4,0.39,0.159,26.9,9.0,9.0,9.0,American Family Field,100,72,0,None,Yes,Yes,5,Yes,No,MLB Stats API; RotoWire,,H:2026/2025 P:2026,,,Direct BvP not yet weighted; 2026/2025 Statcast baseline active,7,8,26,2,Hot streak: 2 HR in last 7 games,"same-side matchup; pitcher baseline 8.3% barrel, 9.0 HR allowed",EV profile; pitcher fly-ball pressure modest,,
800325,Luis Lara,MIL,MIN,2026-08-09T18:10:00Z,Pre-Game,6,Connor Prielipp,687570,L,S,4.2,0.115,88.8,98.5359,0.347,0.08,0.329,70.9,15.2,33.3,20.8,39.6,0.0,8.3,40.6,90.4,0.39,0.159,26.9,9.0,9.0,9.0,American Family Field,100,72,0,None,Yes,Yes,6,Yes,No,MLB Stats API; RotoWire,,H:2026 P:2026,,,Direct BvP not yet weighted; 2026/2025 Statcast baseline active,7,3,19,0,"Last 7 games: 3/19, 0 HR","switch hitter; pitcher baseline 8.3% barrel, 9.0 HR allowed",neutral batted-ball profile; pitcher fly-ball pressure modest,,
596142,Gary Sánchez,MIL,MIN,2026-08-09T18:10:00Z,Pre-Game,7,Connor Prielipp,687570,L,R,9.5,0.2122,89.87,101.0402,0.435,0.2013,0.3493,71.99,26.87,44.93,29.19,42.96,7.8,8.3,40.6,90.4,0.39,0.159,26.9,9.0,9.0,9.0,American Family Field,100,72,0,None,Yes,Yes,7,Yes,No,MLB Stats API; RotoWire,,H:2026/2025 P:2026,,,Direct BvP not yet weighted; 2026/2025 Statcast baseline active,7,4,16,1,"Last 7 games: 4/16, 1 HR","platoon edge; pitcher baseline 8.3% barrel, 9.0 HR allowed",neutral batted-ball profile; pitcher fly-ball pressure modest,,
663604,Brandon Lockridge,MIL,MIN,2026-08-09T18:10:00Z,Pre-Game,8,Connor Prielipp,687570,L,R,2.06,0.0526,86.47,98.5568,0.2909,0.0593,0.2712,72.36,30.71,25.95,13.87,32.56,0.0,8.3,40.6,90.4,0.39,0.159,26.9,9.0,9.0,9.0,American Family Field,100,72,0,None,Yes,Yes,8,Yes,No,MLB Stats API; RotoWire,,H:2026/2025 P:2026,,,Direct BvP not yet weighted; 2026/2025 Statcast baseline active,7,7,15,0,Contact streak: 7/15 over last 7 games,"platoon edge; pitcher baseline 8.3% barrel, 9.0 HR allowed",neutral batted-ball profile; pitcher fly-ball pressure modest,,
666152,David Hamilton,MIL,MIN,2026-08-09T18:10:00Z,Pre-Game,9,Connor Prielipp,687570,L,L,4.46,0.1028,86.88,96.8655,0.3022,0.096,0.2649,69.87,7.22,34.27,26.79,27.73,3.9,8.3,40.6,90.4,0.39,0.159,26.9,9.0,9.0,9.0,American Family Field,100,72,0,None,Yes,Yes,9,Yes,No,MLB Stats API; RotoWire,,H:2026/2025 P:2026,,,Direct BvP not yet weighted; 2026/2025 Statcast baseline active,7,4,17,0,"Last 7 games: 4/17, 0 HR","same-side matchup; pitcher baseline 8.3% barrel, 9.0 HR allowed",neutral batted-ball profile; pitcher fly-ball pressure modest,,
664983,Jake McCarthy,COL,STL,2026-08-09T18:15:00Z,Pre-Game,1,Michael McGreevy,700241,R,L,5.3,0.19,85.05,96.7095,0.3985,0.1364,0.3077,70.68,11.02,38.29,21.73,26.9,10.3,9.92,42.55,90.43,0.4857,0.2019,26.06,14.8,14.8,14.8,Busch Stadium,90,93,10,Out To LF,Yes,Yes,1,Yes,No,MLB Stats API; RotoWire,,H:2026/2025 P:2026/2025,,,Direct BvP not yet weighted; 2026/2025 Statcast baseline active,7,15,32,3,Hot streak: 3 HR in last 7 games,"platoon edge; pitcher baseline 9.9% barrel, 14.8 HR allowed",neutral batted-ball profile; pitcher fly-ball pressure modest,,
694249,Cole Carrigg,COL,STL,2026-08-09T18:15:00Z,Pre-Game,2,Michael McGreevy,700241,R,S,5.5,0.21,86.8,98.2341,0.406,0.145,0.333,73.6,37.9,46.1,28.9,32.8,5.0,9.92,42.55,90.43,0.4857,0.2019,26.06,14.8,14.8,14.8,Busch Stadium,90,93,10,Out To LF,Yes,Yes,2,Yes,No,MLB Stats API; RotoWire,,H:2026 P:2026/2025,,,Direct BvP not yet weighted; 2026/2025 Statcast baseline active,7,8,27,0,"Last 7 games: 8/27, 0 HR","switch hitter; pitcher baseline 9.9% barrel, 14.8 HR allowed",neutral batted-ball profile; pitcher fly-ball pressure modest,,
681198,TJ Rumfield,COL,STL,2026-08-09T18:15:00Z,Pre-Game,3,Michael McGreevy,700241,R,L,4.7,0.165,83.9,96.2747,0.383,0.125,0.324,68.7,8.1,42.5,27.9,28.2,13.0,9.92,42.55,90.43,0.4857,0.2019,26.06,14.8,14.8,14.8,Busch Stadium,90,93,10,Out To LF,Yes,Yes,3,Yes,No,MLB Stats API; RotoWire,,H:2026 P:2026/2025,,,Direct BvP not yet weighted; 2026/2025 Statcast baseline active,7,10,26,0,Contact streak: 10/26 over last 7 games,"platoon edge; pitcher baseline 9.9% barrel, 14.8 HR allowed",neutral batted-ball profile; pitcher fly-ball pressure modest,,
696100,Hunter Goodman,COL,STL,2026-08-09T18:15:00Z,Pre-Game,4,Michael McGreevy,700241,R,R,15.28,0.2735,90.66,102.7131,0.4574,0.2259,0.3227,75.0,49.58,48.07,32.97,46.13,32.4,9.92,42.55,90.43,0.4857,0.2019,26.06,14.8,14.8,14.8,Busch Stadium,90,93,10,Out To LF,Yes,Yes,4,Yes,No,MLB Stats API; RotoWire,,H:2026/2025 P:2026/2025,,,Direct BvP not yet weighted; 2026/2025 Statcast baseline active,7,6,27,2,Hot streak: 2 HR in last 7 games,"same-side matchup; pitcher baseline 9.9% barrel, 14.8 HR allowed",neutral batted-ball profile; pitcher fly-ball pressure modest,,
666160,Mickey Moniak,COL,STL,2026-08-09T18:15:00Z,Pre-Game,5,Michael McGreevy,700241,R,L,12.12,0.2781,89.49,100.4213,0.4543,0.2168,0.3125,74.26,45.0,47.15,37.68,43.06,20.5,9.92,42.55,90.43,0.4857,0.2019,26.06,14.8,14.8,14.8,Busch Stadium,90,93,10,Out To LF,Yes,Yes,5,Yes,No,MLB Stats API; RotoWire,,H:2026/2025 P:2026/2025,,,Direct BvP not yet weighted; 2026/2025 Statcast baseline active,7,6,23,2,Hot streak: 2 HR in last 7 games,"platoon edge; pitcher baseline 9.9% barrel, 14.8 HR allowed",fly-ball profile; pitcher fly-ball pressure modest,,
691720,Kyle Karros,COL,STL,2026-08-09T18:15:00Z,Pre-Game,6,Michael McGreevy,700241,R,R,5.55,0.1238,89.16,99.6358,0.3572,0.1159,0.3147,69.87,5.23,39.22,23.64,39.44,6.6,9.92,42.55,90.43,0.4857,0.2019,26.06,14.8,14.8,14.8,Busch Stadium,90,93,10,Out To LF,Yes,Yes,6,Yes,No,MLB Stats API; RotoWire,,H:2026/2025 P:2026/2025,,,Direct BvP not yet weighted; 2026/2025 Statcast baseline active,7,8,24,0,Contact streak: 8/24 over last 7 games,"same-side matchup; pitcher baseline 9.9% barrel, 14.8 HR allowed",neutral batted-ball profile; pitcher fly-ball pressure modest,,
650489,Willi Castro,COL,STL,2026-08-09T18:15:00Z,Pre-Game,7,Michael McGreevy,700241,R,S,7.9,0.1554,87.26,99.984,0.3848,0.1526,0.3067,72.58,26.53,42.74,31.25,38.7,12.4,9.92,42.55,90.43,0.4857,0.2019,26.06,14.8,14.8,14.8,Busch Stadium,90,93,10,Out To LF,Yes,Yes,7,Yes,No,MLB Stats API; RotoWire,,H:2026/2025 P:2026/2025,,,Direct BvP not yet weighted; 2026/2025 Statcast baseline active,7,9,29,2,Hot streak: 2 HR in last 7 games,"switch hitter; pitcher baseline 9.9% barrel, 14.8 HR allowed",neutral batted-ball profile; pitcher fly-ball pressure modest,,
664954,Brett Sullivan,COL,STL,2026-08-09T18:15:00Z,Pre-Game,8,Michael McGreevy,700241,R,L,9.32,0.1176,90.09,97.5389,0.3309,0.1388,0.2886,68.67,4.9,52.94,34.6,51.35,2.8,9.92,42.55,90.43,0.4857,0.2019,26.06,14.8,14.8,14.8,Busch Stadium,90,93,10,Out To LF,Yes,Yes,8,Yes,No,MLB Stats API; RotoWire,,H:2026/2025 P:2026/2025,,,Direct BvP not yet weighted; 2026/2025 Statcast baseline active,7,5,16,0,"Last 7 games: 5/16, 0 HR","platoon edge; pitcher baseline 9.9% barrel, 14.8 HR allowed",neutral batted-ball profile; pitcher fly-ball pressure modest,,
678662,Ezequiel Tovar,COL,STL,2026-08-09T18:15:00Z,Pre-Game,9,Michael McGreevy,700241,R,R,7.2,0.1323,88.07,98.9863,0.3829,0.1513,0.2868,71.95,20.96,37.54,29.15,35.4,9.0,9.92,42.55,90.43,0.4857,0.2019,26.06,14.8,14.8,14.8,Busch Stadium,90,93,10,Out To LF,Yes,Yes,9,Yes,No,MLB Stats API; RotoWire,,H:2026/2025 P:2026/2025,,,Direct BvP not yet weighted; 2026/2025 Statcast baseline active,7,8,22,1,Contact streak: 8/22 over last 7 games,"same-side matchup; pitcher baseline 9.9% barrel, 14.8 HR allowed",neutral batted-ball profile; pitcher fly-ball pressure modest,,
802139,JJ Wetherholt,STL,COL,2026-08-09T18:15:00Z,Pre-Game,1,Michael Lorenzen,547179,R,L,7.4,0.137,89.6,99.317,0.434,0.176,0.351,72.1,21.4,37.4,29.2,43.7,16.0,9.08,44.24,90.56,0.4713,0.1847,25.87,19.4,19.4,19.4,Busch Stadium,90,93,10,Out To LF,Yes,Yes,1,Yes,No,MLB Stats API; RotoWire,,H:2026 P:2026/2025,,,Direct BvP not yet weighted; 2026/2025 Statcast baseline active,7,3,24,0,"Last 7 games: 3/24, 0 HR","platoon edge; pitcher baseline 9.1% barrel, 19.4 HR allowed",neutral batted-ball profile; pitcher fly-ball pressure modest,,
671056,Iván Herrera,STL,COL,2026-08-09T18:15:00Z,Pre-Game,2,Michael Lorenzen,547179,R,R,7.39,0.1534,89.94,101.4245,0.41,0.1548,0.3428,74.02,44.12,37.17,18.82,43.01,14.8,9.08,44.24,90.56,0.4713,0.1847,25.87,19.4,19.4,19.4,Busch Stadium,90,93,10,Out To LF,Yes,Yes,4,Yes,Yes,MLB Stats API; RotoWire,order MLB 2 vs RotoWire 4,H:2026/2025 P:2026/2025,,,Direct BvP not yet weighted; 2026/2025 Statcast baseline active,7,7,29,1,"Last 7 games: 7/29, 1 HR","same-side matchup; pitcher baseline 9.1% barrel, 19.4 HR allowed",neutral batted-ball profile; pitcher fly-ball pressure modest,,
676475,Alec Burleson,STL,COL,2026-08-09T18:15:00Z,Pre-Game,3,Michael Lorenzen,547179,R,L,10.9,0.1837,91.56,101.8793,0.5144,0.2263,0.3702,73.07,32.32,44.03,27.82,47.2,18.0,9.08,44.24,90.56,0.4713,0.1847,25.87,19.4,19.4,19.4,Busch Stadium,90,93,10,Out To LF,Yes,Yes,3,Yes,No,MLB Stats API; RotoWire,,H:2026/2025 P:2026/2025,,,Direct BvP not yet weighted; 2026/2025 Statcast baseline active,7,7,24,3,Hot streak: 3 HR in last 7 games,"platoon edge; pitcher baseline 9.1% barrel, 19.4 HR allowed",neutral batted-ball profile; pitcher fly-ball pressure modest,,
691023,Jordan Walker,STL,COL,2026-08-09T18:15:00Z,Pre-Game,4,Michael Lorenzen,547179,R,R,12.51,0.1736,92.58,104.6635,0.4484,0.1935,0.3312,78.87,83.05,38.8,23.49,48.18,17.9,9.08,44.24,90.56,0.4713,0.1847,25.87,19.4,19.4,19.4,Busch Stadium,90,93,10,Out To LF,Yes,Yes,2,Yes,Yes,MLB Stats API; RotoWire,order MLB 4 vs RotoWire 2,H:2026/2025 P:2026/2025,,,Direct BvP not yet weighted; 2026/2025 Statcast baseline active,7,10,33,1,"Last 7 games: 10/33, 1 HR","same-side matchup; pitcher baseline 9.1% barrel, 19.4 HR allowed",EV profile; pitcher fly-ball pressure modest,,
699625,Jimmy Crooks,STL,COL,2026-08-09T18:15:00Z,Pre-Game,5,Michael Lorenzen,547179,R,L,8.78,0.1453,91.56,100.9306,0.3848,0.1788,0.2811,71.59,17.1,33.71,41.37,47.91,3.1,9.08,44.24,90.56,0.4713,0.1847,25.87,19.4,19.4,19.4,Busch Stadium,90,93,10,Out To LF,Yes,Yes,5,Yes,No,MLB Stats API; RotoWire,,H:2026/2025 P:2026/2025,,,Direct BvP not yet weighted; 2026/2025 Statcast baseline active,7,5,23,1,"Last 7 games: 5/23, 1 HR","platoon edge; pitcher baseline 9.1% barrel, 19.4 HR allowed",fly-ball profile; pitcher fly-ball pressure modest,,
691026,Masyn Winn,STL,COL,2026-08-09T18:15:00Z,Pre-Game,6,Michael Lorenzen,547179,R,R,3.47,0.089,88.09,98.5597,0.333,0.0846,0.2972,71.17,15.84,32.6,21.18,34.67,5.5,9.08,44.24,90.56,0.4713,0.1847,25.87,19.4,19.4,19.4,Busch Stadium,90,93,10,Out To LF,Yes,Yes,6,Yes,No,MLB Stats API; RotoWire,,H:2026/2025 P:2026/2025,,,Direct BvP not yet weighted; 2026/2025 Statcast baseline active,7,4,22,0,"Last 7 games: 4/22, 0 HR","same-side matchup; pitcher baseline 9.1% barrel, 19.4 HR allowed",neutral batted-ball profile; pitcher fly-ball pressure modest,,
701675,Nathan Church,STL,COL,2026-08-09T18:15:00Z,Pre-Game,7,Michael Lorenzen,547179,R,L,5.69,0.1102,87.04,98.1508,0.3427,0.1137,0.2785,69.67,8.41,35.55,19.92,34.99,6.6,9.08,44.24,90.56,0.4713,0.1847,25.87,19.4,19.4,19.4,Busch Stadium,90,93,10,Out To LF,Yes,Yes,7,Yes,No,MLB Stats API; RotoWire,,H:2026/2025 P:2026/2025,,,Direct BvP not yet weighted; 2026/2025 Statcast baseline active,7,8,25,1,Contact streak: 8/25 over last 7 games,"platoon edge; pitcher baseline 9.1% barrel, 19.4 HR allowed",neutral batted-ball profile; pitcher fly-ball pressure modest,,
665877,José Fermín,STL,COL,2026-08-09T18:15:00Z,Pre-Game,8,Michael Lorenzen,547179,R,R,1.54,0.1249,86.82,96.7241,0.3509,0.0941,0.3075,68.07,3.02,48.88,25.36,31.43,3.8,9.08,44.24,90.56,0.4713,0.1847,25.87,19.4,19.4,19.4,Busch Stadium,90,93,10,Out To LF,Yes,Yes,8,Yes,No,MLB Stats API; RotoWire,,H:2026/2025 P:2026/2025,,,Direct BvP not yet weighted; 2026/2025 Statcast baseline active,7,5,23,0,"Last 7 games: 5/23, 0 HR","same-side matchup; pitcher baseline 9.1% barrel, 19.4 HR allowed",neutral batted-ball profile; pitcher fly-ball pressure modest,,
663494,Bryan Torres,STL,COL,2026-08-09T18:15:00Z,Pre-Game,9,Michael Lorenzen,547179,R,L,5.3,0.174,87.1,96.3318,0.386,0.141,0.304,66.1,1.1,48.7,24.4,29.5,4.0,9.08,44.24,90.56,0.4713,0.1847,25.87,19.4,19.4,19.4,Busch Stadium,90,93,10,Out To LF,Yes,Yes,9,Yes,No,MLB Stats API; RotoWire,,H:2026 P:2026/2025,,,Direct BvP not yet weighted; 2026/2025 Statcast baseline active,7,2,16,0,"Last 7 games: 2/16, 0 HR","platoon edge; pitcher baseline 9.1% barrel, 19.4 HR allowed",neutral batted-ball profile; pitcher fly-ball pressure modest,,
687637,Dylan Beavers,BAL,TEX,2026-08-09T18:35:00Z,Pre-Game,1,Kumar Rocker,677958,R,L,6.85,0.1191,88.66,99.3084,0.3842,0.1509,0.3209,72.27,20.49,40.32,30.76,35.77,2.6,8.58,42.74,89.45,0.4374,0.1738,22.79,13.1,13.1,13.1,Globe Life Field,100,72,0,None,No,No,1,Yes,Yes,RotoWire projected lineup; MLB probable pitchers,lineup projected / unconfirmed,H:2026/2025 P:2026/2025,,,Direct BvP not yet weighted; 2026/2025 Statcast baseline active,7,4,18,0,"Last 7 games: 4/18, 0 HR","platoon edge; pitcher baseline 8.6% barrel, 13.1 HR allowed",neutral batted-ball profile; pitcher fly-ball pressure modest,,
624413,Pete Alonso,BAL,TEX,2026-08-09T18:35:00Z,Pre-Game,2,Kumar Rocker,677958,R,R,14.98,0.2205,93.85,104.0971,0.5342,0.2612,0.3804,74.78,49.21,35.94,30.88,55.1,27.5,8.58,42.74,89.45,0.4374,0.1738,22.79,13.1,13.1,13.1,Globe Life Field,100,72,0,None,No,No,2,Yes,Yes,RotoWire projected lineup; MLB probable pitchers,lineup projected / unconfirmed,H:2026/2025 P:2026/2025,,,Direct BvP not yet weighted; 2026/2025 Statcast baseline active,7,4,25,0,"Last 7 games: 4/25, 0 HR","same-side matchup; pitcher baseline 8.6% barrel, 13.1 HR allowed",EV profile; pitcher fly-ball pressure modest,,
683002,Gunnar Henderson,BAL,TEX,2026-08-09T18:35:00Z,Pre-Game,3,Kumar Rocker,677958,R,L,7.55,0.1696,90.35,101.4234,0.3977,0.1504,0.3186,74.67,46.89,41.01,24.36,46.4,17.7,8.58,42.74,89.45,0.4374,0.1738,22.79,13.1,13.1,13.1,Globe Life Field,100,72,0,None,No,No,3,Yes,Yes,RotoWire projected lineup; MLB probable pitchers,lineup projected / unconfirmed,H:2026/2025 P:2026/2025,,,Direct BvP not yet weighted; 2026/2025 Statcast baseline active,7,2,18,0,"Last 7 games: 2/18, 0 HR","platoon edge; pitcher baseline 8.6% barrel, 13.1 HR allowed",neutral batted-ball profile; pitcher fly-ball pressure modest,,
687952,Christian Encarnacion-Strand,BAL,TEX,2026-08-09T18:35:00Z,Pre-Game,4,Kumar Rocker,677958,R,R,18.45,0.2096,92.03,102.2163,0.5284,0.2794,0.3485,73.25,31.44,40.35,26.5,42.95,3.9,8.58,42.74,89.45,0.4374,0.1738,22.79,13.1,13.1,13.1,Globe Life Field,100,72,0,None,No,No,4,Yes,Yes,RotoWire projected lineup; MLB probable pitchers,lineup projected / unconfirmed,H:2026/2025 P:2026/2025,,,Direct BvP not yet weighted; 2026/2025 Statcast baseline active,7,2,19,0,"Last 7 games: 2/19, 0 HR","same-side matchup; pitcher baseline 8.6% barrel, 13.1 HR allowed",EV profile; pitcher fly-ball pressure modest,,
702616,Jackson Holliday,BAL,TEX,2026-08-09T18:35:00Z,Pre-Game,5,Kumar Rocker,677958,R,L,7.87,0.1421,87.82,98.2509,0.3746,0.1427,0.314,70.6,7.83,37.72,25.73,37.58,9.3,8.58,42.74,89.45,0.4374,0.1738,22.79,13.1,13.1,13.1,Globe Life Field,100,72,0,None,No,No,5,Yes,Yes,RotoWire projected lineup; MLB probable pitchers,lineup projected / unconfirmed,H:2026/2025 P:2026/2025,,,Direct BvP not yet weighted; 2026/2025 Statcast baseline active,7,2,21,1,"Last 7 games: 2/21, 1 HR","platoon edge; pitcher baseline 8.6% barrel, 13.1 HR allowed",neutral batted-ball profile; pitcher fly-ball pressure modest,,
691723,Coby Mayo,BAL,TEX,2026-08-09T18:35:00Z,Pre-Game,6,Kumar Rocker,677958,R,R,11.29,0.2053,91.01,102.9087,0.4015,0.1887,0.2995,75.33,54.18,49.76,34.67,45.8,13.8,8.58,42.74,89.45,0.4374,0.1738,22.79,13.1,13.1,13.1,Globe Life Field,100,72,0,None,No,No,6,Yes,Yes,RotoWire projected lineup; MLB probable pitchers,lineup projected / unconfirmed,H:2026/2025 P:2026/2025,,,Direct BvP not yet weighted; 2026/2025 Statcast baseline active,7,4,18,1,"Last 7 games: 4/18, 1 HR","same-side matchup; pitcher baseline 8.6% barrel, 13.1 HR allowed",neutral batted-ball profile; pitcher fly-ball pressure modest,,
665750,Leody Taveras,BAL,TEX,2026-08-09T18:35:00Z,Pre-Game,7,Kumar Rocker,677958,R,S,5.28,0.1179,87.87,98.8263,0.3251,0.1152,0.2684,72.25,23.41,32.88,23.96,32.26,5.1,8.58,42.74,89.45,0.4374,0.1738,22.79,13.1,13.1,13.1,Globe Life Field,100,72,0,None,No,No,7,Yes,Yes,RotoWire projected lineup; MLB probable pitchers,lineup projected / unconfirmed,H:2026/2025 P:2026/2025,,,Direct BvP not yet weighted; 2026/2025 Statcast baseline active,7,3,17,1,"Last 7 games: 3/17, 1 HR","switch hitter; pitcher baseline 8.6% barrel, 13.1 HR allowed",neutral batted-ball profile; pitcher fly-ball pressure modest,,
681297,Colton Cowser,BAL,TEX,2026-08-09T18:35:00Z,Pre-Game,8,Kumar Rocker,677958,R,L,11.44,0.1393,88.03,100.3483,0.3998,0.1946,0.3077,74.37,44.29,37.61,32.85,39.84,10.4,8.58,42.74,89.45,0.4374,0.1738,22.79,13.1,13.1,13.1,Globe Life Field,100,72,0,None,No,No,8,Yes,Yes,RotoWire projected lineup; MLB probable pitchers,lineup projected / unconfirmed,H:2026/2025 P:2026/2025,,,Direct BvP not yet weighted; 2026/2025 Statcast baseline active,7,3,16,0,"Last 7 games: 3/16, 0 HR","platoon edge; pitcher baseline 8.6% barrel, 13.1 HR allowed",neutral batted-ball profile; pitcher fly-ball pressure modest,,
665966,Carlos Narvaez,BAL,TEX,2026-08-09T18:35:00Z,Pre-Game,9,Kumar Rocker,677958,R,R,7.42,0.1115,91.17,100.1244,0.3355,0.1326,0.2741,72.02,19.67,32.3,30.59,38.44,6.6,8.58,42.74,89.45,0.4374,0.1738,22.79,13.1,13.1,13.1,Globe Life Field,100,72,0,None,No,No,9,Yes,Yes,RotoWire projected lineup; MLB probable pitchers,lineup projected / unconfirmed,H:2026/2025 P:2026/2025,,,Direct BvP not yet weighted; 2026/2025 Statcast baseline active,7,1,18,0,"Last 7 games: 1/18, 0 HR","same-side matchup; pitcher baseline 8.6% barrel, 13.1 HR allowed",neutral batted-ball profile; pitcher fly-ball pressure modest,,
694671,Wyatt Langford,TEX,BAL,2026-08-09T18:35:00Z,Pre-Game,1,Cade Povich,700249,L,R,9.94,0.2117,90.21,100.8736,0.4172,0.1806,0.3173,72.75,25.82,42.19,29.76,41.61,15.7,8.85,45.01,91.27,0.4516,0.1861,28.85,7.9,7.9,7.9,Globe Life Field,100,72,0,None,Yes,Yes,1,Yes,No,MLB Stats API; RotoWire,,H:2026/2025 P:2026/2025,,,Direct BvP not yet weighted; 2026/2025 Statcast baseline active,7,2,23,1,"Last 7 games: 2/23, 1 HR","platoon edge; pitcher baseline 8.8% barrel, 7.9 HR allowed",neutral batted-ball profile; pitcher fly-ball pressure modest,,
608369,Corey Seager,TEX,BAL,2026-08-09T18:35:00Z,Pre-Game,2,Cade Povich,700249,L,L,15.02,0.1978,91.85,102.6608,0.4885,0.2406,0.3573,72.01,15.65,41.48,31.34,48.7,14.0,8.85,45.01,91.27,0.4516,0.1861,28.85,7.9,7.9,7.9,Globe Life Field,100,72,0,None,Yes,Yes,2,Yes,No,MLB Stats API; RotoWire,,H:2026/2025 P:2026/2025,,,Direct BvP not yet weighted; 2026/2025 Statcast baseline active,7,8,24,1,Contact streak: 8/24 over last 7 games,"same-side matchup; pitcher baseline 8.8% barrel, 7.9 HR allowed",neutral batted-ball profile; pitcher fly-ball pressure modest,,
677649,Ezequiel Duran,TEX,BAL,2026-08-09T18:35:00Z,Pre-Game,3,Cade Povich,700249,L,R,5.33,0.1474,87.61,98.7042,0.358,0.116,0.2897,72.34,24.17,35.17,20.81,34.4,9.1,8.85,45.01,91.27,0.4516,0.1861,28.85,7.9,7.9,7.9,Globe Life Field,100,72,0,None,Yes,Yes,3,Yes,No,MLB Stats API; RotoWire,,H:2026/2025 P:2026/2025,,,Direct BvP not yet weighted; 2026/2025 Statcast baseline active,7,9,25,1,Contact streak: 9/25 over last 7 games,"platoon edge; pitcher baseline 8.8% barrel, 7.9 HR allowed",neutral batted-ball profile; pitcher fly-ball pressure modest,,
607043,Brandon Nimmo,TEX,BAL,2026-08-09T18:35:00Z,Pre-Game,4,Cade Povich,700249,L,L,10.41,0.1698,91.97,102.1129,0.4729,0.1936,0.3546,72.2,26.9,31.98,25.91,50.9,15.9,8.85,45.01,91.27,0.4516,0.1861,28.85,7.9,7.9,7.9,Globe Life Field,100,72,0,None,Yes,Yes,4,Yes,No,MLB Stats API; RotoWire,,H:2026/2025 P:2026/2025,,,Direct BvP not yet weighted; 2026/2025 Statcast baseline active,7,11,25,2,Hot streak: 2 HR in last 7 games,"same-side matchup; pitcher baseline 8.8% barrel, 7.9 HR allowed",neutral batted-ball profile; pitcher fly-ball pressure modest,,
669394,Jake Burger,TEX,BAL,2026-08-09T18:35:00Z,Pre-Game,5,Cade Povich,700249,L,R,11.94,0.1809,90.19,102.6305,0.4178,0.1851,0.3044,75.3,57.72,42.86,28.04,47.52,18.1,8.85,45.01,91.27,0.4516,0.1861,28.85,7.9,7.9,7.9,Globe Life Field,100,72,0,None,Yes,Yes,5,Yes,No,MLB Stats API; RotoWire,,H:2026/2025 P:2026/2025,,,Direct BvP not yet weighted; 2026/2025 Statcast baseline active,7,5,20,0,"Last 7 games: 5/20, 0 HR","platoon edge; pitcher baseline 8.8% barrel, 7.9 HR allowed",neutral batted-ball profile; pitcher fly-ball pressure modest,,
679822,Justin Foscue,TEX,BAL,2026-08-09T18:35:00Z,Pre-Game,6,Cade Povich,700249,L,R,7.35,0.1908,90.13,99.3496,0.3798,0.1663,0.2793,70.82,8.4,44.47,34.88,48.78,4.9,8.85,45.01,91.27,0.4516,0.1861,28.85,7.9,7.9,7.9,Globe Life Field,100,72,0,None,Yes,Yes,6,Yes,No,MLB Stats API; RotoWire,,H:2026/2025 P:2026/2025,,,Direct BvP not yet weighted; 2026/2025 Statcast baseline active,7,1,8,0,"Last 7 games: 1/8, 0 HR","platoon edge; pitcher baseline 8.8% barrel, 7.9 HR allowed",neutral batted-ball profile; pitcher fly-ball pressure modest,,
553869,Elias Díaz,TEX,BAL,2026-08-09T18:35:00Z,Pre-Game,7,Cade Povich,700249,L,R,6.34,0.1676,86.65,99.3324,0.3536,0.1299,0.2673,74.41,44.07,39.19,28.71,37.16,6.2,8.85,45.01,91.27,0.4516,0.1861,28.85,7.9,7.9,7.9,Globe Life Field,100,72,0,None,Yes,Yes,7,Yes,No,MLB Stats API; RotoWire,,H:2026/2025 P:2026/2025,,,Direct BvP not yet weighted; 2026/2025 Statcast baseline active,7,3,16,1,"Last 7 games: 3/16, 1 HR","platoon edge; pitcher baseline 8.8% barrel, 7.9 HR allowed",neutral batted-ball profile; pitcher fly-ball pressure modest,,
681146,Jonah Bride,TEX,BAL,2026-08-09T18:35:00Z,Pre-Game,8,Cade Povich,700249,L,R,2.7,0.018,87.3,96.7651,0.236,0.06,0.223,67.9,3.9,32.4,17.6,28.4,0.0,8.85,45.01,91.27,0.4516,0.1861,28.85,7.9,7.9,7.9,Globe Life Field,100,72,0,None,Yes,Yes,8,Yes,No,MLB Stats API; RotoWire,,H:2025 P:2026/2025,,,Direct BvP not yet weighted; 2026/2025 Statcast baseline active,0,0,0,0,Recent form unavailable,"platoon edge; pitcher baseline 8.8% barrel, 7.9 HR allowed",neutral batted-ball profile; pitcher fly-ball pressure modest,,
695508,Cam Cauley,TEX,BAL,2026-08-09T18:35:00Z,Pre-Game,9,Cade Povich,700249,L,R,0.0,0.154,85.0,94.5814,0.239,0.045,0.234,69.5,16.7,36.8,15.8,21.1,1.0,8.85,45.01,91.27,0.4516,0.1861,28.85,7.9,7.9,7.9,Globe Life Field,100,72,0,None,Yes,Yes,9,Yes,No,MLB Stats API; RotoWire,,H:2026 P:2026/2025,,,Direct BvP not yet weighted; 2026/2025 Statcast baseline active,7,1,16,0,"Last 7 games: 1/16, 0 HR","platoon edge; pitcher baseline 8.8% barrel, 7.9 HR allowed",neutral batted-ball profile; pitcher fly-ball pressure modest,,
805808,Kevin McGonigle,DET,SF,2026-08-09T20:05:00Z,Scheduled,1,Logan Webb,657277,R,L,6.9,0.144,87.9,98.1939,0.426,0.163,0.353,71.2,16.9,37.3,36.2,36.3,12.0,6.27,39.43,88.79,0.378,0.1261,19.0,10.5,10.5,10.5,Oracle Park,85,,,,No,No,1,Yes,Yes,RotoWire projected lineup; MLB probable pitchers,lineup projected / unconfirmed,H:2026 P:2026/2025,,,Direct BvP not yet weighted; 2026/2025 Statcast baseline active,7,9,29,2,Hot streak: 2 HR in last 7 games,"platoon edge; pitcher baseline 6.3% barrel, 10.5 HR allowed",fly-ball profile; pitcher fly-ball pressure modest,,
650402,Gleyber Torres,DET,SF,2026-08-09T20:05:00Z,Scheduled,2,Logan Webb,657277,R,R,7.71,0.131,87.34,97.6598,0.3962,0.1468,0.3392,68.56,5.54,24.31,28.22,34.38,9.7,6.27,39.43,88.79,0.378,0.1261,19.0,10.5,10.5,10.5,Oracle Park,85,,,,No,No,2,Yes,Yes,RotoWire projected lineup; MLB probable pitchers,lineup projected / unconfirmed,H:2026/2025 P:2026/2025,,,Direct BvP not yet weighted; 2026/2025 Statcast baseline active,7,7,28,2,Hot streak: 2 HR in last 7 games,"same-side matchup; pitcher baseline 6.3% barrel, 10.5 HR allowed",neutral batted-ball profile; pitcher fly-ball pressure modest,,
693307,Dillon Dingler,DET,SF,2026-08-09T20:05:00Z,Scheduled,3,Logan Webb,657277,R,R,10.81,0.2226,89.44,100.9631,0.5044,0.2165,0.3678,71.77,15.55,40.73,28.36,45.07,22.1,6.27,39.43,88.79,0.378,0.1261,19.0,10.5,10.5,10.5,Oracle Park,85,,,,No,No,3,Yes,Yes,RotoWire projected lineup; MLB probable pitchers,lineup projected / unconfirmed,H:2026/2025 P:2026/2025,,,Direct BvP not yet weighted; 2026/2025 Statcast baseline active,7,11,32,3,Hot streak: 3 HR in last 7 games,"same-side matchup; pitcher baseline 6.3% barrel, 10.5 HR allowed",neutral batted-ball profile; pitcher fly-ball pressure modest,,
682985,Riley Greene,DET,SF,2026-08-09T20:05:00Z,Scheduled,4,Logan Webb,657277,R,L,15.42,0.1965,90.39,102.5276,0.4847,0.2326,0.3544,75.6,57.8,38.77,33.17,47.6,22.0,6.27,39.43,88.79,0.378,0.1261,19.0,10.5,10.5,10.5,Oracle Park,85,,,,No,No,4,Yes,Yes,RotoWire projected lineup; MLB probable pitchers,lineup projected / unconfirmed,H:2026/2025 P:2026/2025,,,Direct BvP not yet weighted; 2026/2025 Statcast baseline active,7,6,28,1,"Last 7 games: 6/28, 1 HR","platoon edge; pitcher baseline 6.3% barrel, 10.5 HR allowed",neutral batted-ball profile; pitcher fly-ball pressure modest,,
690993,Colt Keith,DET,SF,2026-08-09T20:05:00Z,Scheduled,5,Logan Webb,657277,R,L,7.87,0.1514,89.02,100.0224,0.4356,0.1667,0.3347,71.47,15.5,37.31,27.42,42.02,9.5,6.27,39.43,88.79,0.378,0.1261,19.0,10.5,10.5,10.5,Oracle Park,85,,,,No,No,5,Yes,Yes,RotoWire projected lineup; MLB probable pitchers,lineup projected / unconfirmed,H:2026/2025 P:2026/2025,,,Direct BvP not yet weighted; 2026/2025 Statcast baseline active,7,8,20,0,Contact streak: 8/20 over last 7 games,"platoon edge; pitcher baseline 6.3% barrel, 10.5 HR allowed",neutral batted-ball profile; pitcher fly-ball pressure modest,,
679529,Spencer Torkelson,DET,SF,2026-08-09T20:05:00Z,Scheduled,6,Logan Webb,657277,R,R,13.43,0.2027,89.71,100.3318,0.4273,0.2048,0.3235,73.14,25.88,47.77,36.53,42.79,23.3,6.27,39.43,88.79,0.378,0.1261,19.0,10.5,10.5,10.5,Oracle Park,85,,,,No,No,6,Yes,Yes,RotoWire projected lineup; MLB probable pitchers,lineup projected / unconfirmed,H:2026/2025 P:2026/2025,,,Direct BvP not yet weighted; 2026/2025 Statcast baseline active,7,10,30,0,Contact streak: 10/30 over last 7 games,"same-side matchup; pitcher baseline 6.3% barrel, 10.5 HR allowed",fly-ball profile; pitcher fly-ball pressure modest,,
703601,Max Clark,DET,SF,2026-08-09T20:05:00Z,Scheduled,7,Logan Webb,657277,R,L,5.0,0.212,86.2,97.579,0.356,0.103,0.321,73.2,27.5,20.0,40.0,40.0,1.0,6.27,39.43,88.79,0.378,0.1261,19.0,10.5,10.5,10.5,Oracle Park,85,,,,No,No,7,Yes,Yes,RotoWire projected lineup; MLB probable pitchers,lineup projected / unconfirmed,H:2026 P:2026/2025,,,Direct BvP not yet weighted; 2026/2025 Statcast baseline active,7,8,29,1,"Last 7 games: 8/29, 1 HR","platoon edge; pitcher baseline 6.3% barrel, 10.5 HR allowed",fly-ball profile; pitcher fly-ball pressure modest,,
595879,Javier Baez,DET,SF,2026-08-09T20:05:00Z,Scheduled,8,Logan Webb,657277,R,R,3.19,0.1161,85.96,97.0553,0.3373,0.0891,0.2717,73.01,28.84,41.97,22.33,32.06,5.0,6.27,39.43,88.79,0.378,0.1261,19.0,10.5,10.5,10.5,Oracle Park,85,,,,No,No,8,Yes,Yes,RotoWire projected lineup; MLB probable pitchers,lineup projected / unconfirmed,H:2026/2025 P:2026/2025,,,Direct BvP not yet weighted; 2026/2025 Statcast baseline active,7,9,32,0,"Last 7 games: 9/32, 0 HR","same-side matchup; pitcher baseline 6.3% barrel, 10.5 HR allowed",neutral batted-ball profile; pitcher fly-ball pressure modest,,
656716,Zach McKinstry,DET,SF,2026-08-09T20:05:00Z,Scheduled,9,Logan Webb,657277,R,L,3.58,0.1314,85.56,95.9034,0.337,0.0942,0.2959,68.13,4.35,40.26,26.95,25.46,6.4,6.27,39.43,88.79,0.378,0.1261,19.0,10.5,10.5,10.5,Oracle Park,85,,,,No,No,9,Yes,Yes,RotoWire projected lineup; MLB probable pitchers,lineup projected / unconfirmed,H:2026/2025 P:2026/2025,,,Direct BvP not yet weighted; 2026/2025 Statcast baseline active,7,9,23,0,Contact streak: 9/23 over last 7 games,"platoon edge; pitcher baseline 6.3% barrel, 10.5 HR allowed",neutral batted-ball profile; pitcher fly-ball pressure modest,,
805811,Bryce Eldridge,SF,DET,2026-08-09T20:05:00Z,Scheduled,1,Troy Melton,675512,R,L,15.55,0.1469,93.36,103.2498,0.4722,0.2449,0.3531,73.07,28.85,39.95,37.19,57.39,7.7,6.5,38.35,88.84,0.3528,0.1379,24.77,7.7,7.7,7.7,Oracle Park,85,,,,No,No,1,Yes,Yes,RotoWire projected lineup; MLB probable pitchers,lineup projected / unconfirmed,H:2026/2025 P:2026/2025,,,Direct BvP not yet weighted; 2026/2025 Statcast baseline active,7,5,25,0,"Last 7 games: 5/25, 0 HR","platoon edge; pitcher baseline 6.5% barrel, 7.7 HR allowed",lift-pull EV profile; pitcher fly-ball pressure modest,,
808982,Jung Hoo Lee,SF,DET,2026-08-09T20:05:00Z,Scheduled,2,Troy Melton,675512,R,L,2.86,0.1424,86.89,96.6315,0.3815,0.0947,0.3161,68.3,2.98,38.81,21.61,29.9,8.0,6.5,38.35,88.84,0.3528,0.1379,24.77,7.7,7.7,7.7,Oracle Park,85,,,,No,No,2,Yes,Yes,RotoWire projected lineup; MLB probable pitchers,lineup projected / unconfirmed,H:2026/2025 P:2026/2025,,,Direct BvP not yet weighted; 2026/2025 Statcast baseline active,7,9,28,2,Hot streak: 2 HR in last 7 games,"platoon edge; pitcher baseline 6.5% barrel, 7.7 HR allowed",neutral batted-ball profile; pitcher fly-ball pressure modest,,
646240,Rafael Devers,SF,DET,2026-08-09T20:05:00Z,Scheduled,3,Troy Melton,675512,R,L,12.57,0.2277,92.8,103.1253,0.4597,0.2224,0.339,71.81,20.79,34.33,32.62,52.81,27.3,6.5,38.35,88.84,0.3528,0.1379,24.77,7.7,7.7,7.7,Oracle Park,85,,,,No,No,3,Yes,Yes,RotoWire projected lineup; MLB probable pitchers,lineup projected / unconfirmed,H:2026/2025 P:2026/2025,,,Direct BvP not yet weighted; 2026/2025 Statcast baseline active,7,6,25,2,Hot streak: 2 HR in last 7 games,"platoon edge; pitcher baseline 6.5% barrel, 7.7 HR allowed",EV profile; pitcher fly-ball pressure modest,,
642715,Willy Adames,SF,DET,2026-08-09T20:05:00Z,Scheduled,4,Troy Melton,675512,R,R,9.8,0.1925,87.92,99.0517,0.3965,0.1774,0.3004,72.21,23.9,48.26,34.55,39.72,22.3,6.5,38.35,88.84,0.3528,0.1379,24.77,7.7,7.7,7.7,Oracle Park,85,,,,No,No,4,Yes,Yes,RotoWire projected lineup; MLB probable pitchers,lineup projected / unconfirmed,H:2026/2025 P:2026/2025,,,Direct BvP not yet weighted; 2026/2025 Statcast baseline active,7,4,25,1,"Last 7 games: 4/25, 1 HR","same-side matchup; pitcher baseline 6.5% barrel, 7.7 HR allowed",neutral batted-ball profile; pitcher fly-ball pressure modest,,
701852,Drew Cavanaugh,SF,DET,2026-08-09T20:05:00Z,Scheduled,5,Troy Melton,675512,R,L,5.0,0.018,84.7,97.2441,0.32,0.095,0.315,69.5,4.9,19.0,19.0,21.4,0.0,6.5,38.35,88.84,0.3528,0.1379,24.77,7.7,7.7,7.7,Oracle Park,85,,,,No,No,5,Yes,Yes,RotoWire projected lineup; MLB probable pitchers,lineup projected / unconfirmed,H:2026 P:2026/2025,,,Direct BvP not yet weighted; 2026/2025 Statcast baseline active,7,5,16,0,"Last 7 games: 5/16, 0 HR","platoon edge; pitcher baseline 6.5% barrel, 7.7 HR allowed",neutral batted-ball profile; pitcher fly-ball pressure modest,,
687551,Drew Gilbert,SF,DET,2026-08-09T20:05:00Z,Scheduled,6,Troy Melton,675512,R,L,3.64,0.125,86.18,97.6343,0.35,0.1069,0.2987,70.52,10.06,39.72,19.34,34.05,3.7,6.5,38.35,88.84,0.3528,0.1379,24.77,7.7,7.7,7.7,Oracle Park,85,,,,No,No,6,Yes,Yes,RotoWire projected lineup; MLB probable pitchers,lineup projected / unconfirmed,H:2026/2025 P:2026/2025,,,Direct BvP not yet weighted; 2026/2025 Statcast baseline active,7,4,18,0,"Last 7 games: 4/18, 0 HR","platoon edge; pitcher baseline 6.5% barrel, 7.7 HR allowed",neutral batted-ball profile; pitcher fly-ball pressure modest,,
678545,Osleivis Basabe,SF,DET,2026-08-09T20:05:00Z,Scheduled,7,Troy Melton,675512,R,R,17.4,0.371,89.3,101.4357,0.526,0.233,0.349,73.6,30.6,41.7,45.8,41.7,3.0,6.5,38.35,88.84,0.3528,0.1379,24.77,7.7,7.7,7.7,Oracle Park,85,,,,No,No,7,Yes,Yes,RotoWire projected lineup; MLB probable pitchers,lineup projected / unconfirmed,H:2026 P:2026/2025,,,Direct BvP not yet weighted; 2026/2025 Statcast baseline active,7,8,25,3,Hot streak: 3 HR in last 7 games,"same-side matchup; pitcher baseline 6.5% barrel, 7.7 HR allowed",fly-ball profile; pitcher fly-ball pressure modest,,
687529,Grant McCray,SF,DET,2026-08-09T20:05:00Z,Scheduled,8,Troy Melton,675512,R,L,10.71,0.0973,85.0,96.0541,0.3133,0.1344,0.2816,72.15,24.36,37.42,24.43,19.11,0.7,6.5,38.35,88.84,0.3528,0.1379,24.77,7.7,7.7,7.7,Oracle Park,85,,,,No,No,8,Yes,Yes,RotoWire projected lineup; MLB probable pitchers,lineup projected / unconfirmed,H:2026/2025 P:2026/2025,,,Direct BvP not yet weighted; 2026/2025 Statcast baseline active,7,0,10,0,"Last 7 games: 0/10, 0 HR","platoon edge; pitcher baseline 6.5% barrel, 7.7 HR allowed",neutral batted-ball profile; pitcher fly-ball pressure modest,,
683766,Christian Koss,SF,DET,2026-08-09T20:05:00Z,Scheduled,9,Troy Melton,675512,R,R,3.48,0.0445,85.15,96.715,0.2683,0.069,0.2305,69.58,5.72,43.34,23.11,27.16,0.9,6.5,38.35,88.84,0.3528,0.1379,24.77,7.7,7.7,7.7,Oracle Park,85,,,,No,No,9,Yes,Yes,RotoWire projected lineup; MLB probable pitchers,lineup projected / unconfirmed,H:2026/2025 P:2026/2025,,,Direct BvP not yet weighted; 2026/2025 Statcast baseline active,7,2,19,0,"Last 7 games: 2/19, 0 HR","same-side matchup; pitcher baseline 6.5% barrel, 7.7 HR allowed",neutral batted-ball profile; pitcher fly-ball pressure modest,,
660271,Shohei Ohtani,LAD,AZ,2026-08-09T20:10:00Z,Scheduled,1,Eduardo Rodriguez,593958,L,L,18.67,0.2791,93.78,104.3747,0.5965,0.3064,0.4145,74.96,52.45,47.26,32.62,54.43,34.7,8.55,35.9,88.2,0.4457,0.1804,26.91,16.6,16.6,16.6,Chase Field,101,,,,No,No,1,Yes,Yes,RotoWire projected lineup; MLB probable pitchers,lineup projected / unconfirmed,H:2026/2025 P:2026/2025,,,Direct BvP not yet weighted; 2026/2025 Statcast baseline active,7,9,26,2,Hot streak: 2 HR in last 7 games,"same-side matchup; pitcher baseline 8.6% barrel, 16.6 HR allowed",lift-pull EV profile; pitcher fly-ball pressure modest,,
681624,Andy Pages,LAD,AZ,2026-08-09T20:10:00Z,Scheduled,2,Eduardo Rodriguez,593958,L,R,7.84,0.1883,88.95,99.8326,0.435,0.1693,0.3314,72.85,26.68,37.62,28.79,41.12,21.4,8.55,35.9,88.2,0.4457,0.1804,26.91,16.6,16.6,16.6,Chase Field,101,,,,No,No,2,Yes,Yes,RotoWire projected lineup; MLB probable pitchers,lineup projected / unconfirmed,H:2026/2025 P:2026/2025,,,Direct BvP not yet weighted; 2026/2025 Statcast baseline active,7,8,28,1,"Last 7 games: 8/28, 1 HR","platoon edge; pitcher baseline 8.6% barrel, 16.6 HR allowed",neutral batted-ball profile; pitcher fly-ball pressure modest,,
518692,Freddie Freeman,LAD,AZ,2026-08-09T20:10:00Z,Scheduled,3,Eduardo Rodriguez,593958,L,L,9.63,0.1825,90.13,100.5005,0.4852,0.1951,0.3703,70.22,8.4,36.33,27.35,43.88,17.7,8.55,35.9,88.2,0.4457,0.1804,26.91,16.6,16.6,16.6,Chase Field,101,,,,No,No,3,Yes,Yes,RotoWire projected lineup; MLB probable pitchers,lineup projected / unconfirmed,H:2026/2025 P:2026/2025,,,Direct BvP not yet weighted; 2026/2025 Statcast baseline active,7,7,25,0,"Last 7 games: 7/25, 0 HR","same-side matchup; pitcher baseline 8.6% barrel, 16.6 HR allowed",neutral batted-ball profile; pitcher fly-ball pressure modest,,
669242,Tommy Edman,LAD,AZ,2026-08-09T20:10:00Z,Scheduled,4,Eduardo Rodriguez,593958,L,S,5.9,0.1444,88.65,99.8949,0.4033,0.1223,0.3315,70.52,11.97,44.21,26.29,38.78,6.0,8.55,35.9,88.2,0.4457,0.1804,26.91,16.6,16.6,16.6,Chase Field,101,,,,No,No,4,Yes,Yes,RotoWire projected lineup; MLB probable pitchers,lineup projected / unconfirmed,H:2026/2025 P:2026/2025,,,Direct BvP not yet weighted; 2026/2025 Statcast baseline active,7,4,27,1,"Last 7 games: 4/27, 1 HR","switch hitter; pitcher baseline 8.6% barrel, 16.6 HR allowed",neutral batted-ball profile; pitcher fly-ball pressure modest,,
605141,Mookie Betts,LAD,AZ,2026-08-09T20:10:00Z,Scheduled,5,Eduardo Rodriguez,593958,L,R,6.76,0.1564,90.08,98.4659,0.4255,0.1539,0.3279,69.53,8.67,39.96,34.85,37.55,15.1,8.55,35.9,88.2,0.4457,0.1804,26.91,16.6,16.6,16.6,Chase Field,101,,,,No,No,5,Yes,Yes,RotoWire projected lineup; MLB probable pitchers,lineup projected / unconfirmed,H:2026/2025 P:2026/2025,,,Direct BvP not yet weighted; 2026/2025 Statcast baseline active,7,5,24,0,"Last 7 games: 5/24, 0 HR","platoon edge; pitcher baseline 8.6% barrel, 16.6 HR allowed",neutral batted-ball profile; pitcher fly-ball pressure modest,,
663656,Kyle Tucker,LAD,AZ,2026-08-09T20:10:00Z,Scheduled,6,Eduardo Rodriguez,593958,L,L,7.79,0.1581,89.33,98.9543,0.4228,0.1584,0.3475,71.58,21.29,43.45,32.7,39.28,14.3,8.55,35.9,88.2,0.4457,0.1804,26.91,16.6,16.6,16.6,Chase Field,101,,,,No,No,6,Yes,Yes,RotoWire projected lineup; MLB probable pitchers,lineup projected / unconfirmed,H:2026/2025 P:2026/2025,,,Direct BvP not yet weighted; 2026/2025 Statcast baseline active,7,8,21,2,Hot streak: 2 HR in last 7 games,"same-side matchup; pitcher baseline 8.6% barrel, 16.6 HR allowed",neutral batted-ball profile; pitcher fly-ball pressure modest,,
606192,Teoscar Hernandez,LAD,AZ,2026-08-09T20:10:00Z,Scheduled,7,Eduardo Rodriguez,593958,L,R,9.89,0.1706,89.5,100.6558,0.4242,0.1801,0.3181,72.34,24.57,33.66,30.5,42.74,15.2,8.55,35.9,88.2,0.4457,0.1804,26.91,16.6,16.6,16.6,Chase Field,101,,,,No,No,7,Yes,Yes,RotoWire projected lineup; MLB probable pitchers,lineup projected / unconfirmed,H:2026/2025 P:2026/2025,,,Direct BvP not yet weighted; 2026/2025 Statcast baseline active,7,7,24,2,Hot streak: 2 HR in last 7 games,"platoon edge; pitcher baseline 8.6% barrel, 16.6 HR allowed",neutral batted-ball profile; pitcher fly-ball pressure modest,,
571771,Enrique Hernandez,LAD,AZ,2026-08-09T20:10:00Z,Scheduled,8,Eduardo Rodriguez,593958,L,R,12.16,0.233,90.65,100.2076,0.4094,0.1849,0.2772,69.98,10.81,22.03,23.72,43.97,3.7,8.55,35.9,88.2,0.4457,0.1804,26.91,16.6,16.6,16.6,Chase Field,101,,,,No,No,8,Yes,Yes,RotoWire projected lineup; MLB probable pitchers,lineup projected / unconfirmed,H:2026/2025 P:2026/2025,,,Direct BvP not yet weighted; 2026/2025 Statcast baseline active,7,1,15,0,"Last 7 games: 1/15, 0 HR","platoon edge; pitcher baseline 8.6% barrel, 16.6 HR allowed",neutral batted-ball profile; pitcher fly-ball pressure modest,,
676439,Hunter Feduccia,LAD,AZ,2026-08-09T20:10:00Z,Scheduled,9,Eduardo Rodriguez,593958,L,L,8.9,0.0878,89.56,98.9535,0.3496,0.1276,0.2981,70.78,13.05,32.94,26.61,37.7,1.4,8.55,35.9,88.2,0.4457,0.1804,26.91,16.6,16.6,16.6,Chase Field,101,,,,No,No,9,Yes,Yes,RotoWire projected lineup; MLB probable pitchers,lineup projected / unconfirmed,H:2026/2025 P:2026/2025,,,Direct BvP not yet weighted; 2026/2025 Statcast baseline active,7,4,16,0,"Last 7 games: 4/16, 0 HR","same-side matchup; pitcher baseline 8.6% barrel, 16.6 HR allowed",neutral batted-ball profile; pitcher fly-ball pressure modest,,
650490,Yandy Diaz,TB,SEA,2026-08-09T20:10:00Z,Scheduled,1,Emerson Hancock,676106,R,R,7.25,0.1624,91.46,103.2374,0.4436,0.1614,0.3509,73.71,38.28,22.62,20.35,49.28,18.0,8.61,42.78,89.49,0.4358,0.1759,28.52,15.0,15.0,15.0,T-Mobile Park,96,,,,No,No,1,Yes,Yes,RotoWire projected lineup; MLB probable pitchers,lineup projected / unconfirmed,H:2026/2025 P:2026/2025,,,Direct BvP not yet weighted; 2026/2025 Statcast baseline active,7,5,31,0,"Last 7 games: 5/31, 0 HR","same-side matchup; pitcher baseline 8.6% barrel, 15.0 HR allowed",neutral batted-ball profile; pitcher fly-ball pressure modest,,
666018,Jonathan Aranda,TB,SEA,2026-08-09T20:10:00Z,Scheduled,2,Emerson Hancock,676106,R,L,11.01,0.1576,91.53,101.3191,0.4709,0.1988,0.3631,70.15,12.27,31.31,30.34,47.92,14.7,8.61,42.78,89.49,0.4358,0.1759,28.52,15.0,15.0,15.0,T-Mobile Park,96,,,,No,No,2,Yes,Yes,RotoWire projected lineup; MLB probable pitchers,lineup projected / unconfirmed,H:2026/2025 P:2026/2025,,,Direct BvP not yet weighted; 2026/2025 Statcast baseline active,7,10,31,1,Contact streak: 10/31 over last 7 games,"platoon edge; pitcher baseline 8.6% barrel, 15.0 HR allowed",neutral batted-ball profile; pitcher fly-ball pressure modest,,
691406,Junior Caminero,TB,SEA,2026-08-09T20:10:00Z,Scheduled,3,Emerson Hancock,676106,R,R,13.86,0.271,92.82,105.4263,0.5122,0.2425,0.367,79.41,85.74,45.52,23.63,50.91,36.6,8.61,42.78,89.49,0.4358,0.1759,28.52,15.0,15.0,15.0,T-Mobile Park,96,,,,No,No,3,Yes,Yes,RotoWire projected lineup; MLB probable pitchers,lineup projected / unconfirmed,H:2026/2025 P:2026/2025,,,Direct BvP not yet weighted; 2026/2025 Statcast baseline active,7,7,27,3,Hot streak: 3 HR in last 7 games,"same-side matchup; pitcher baseline 8.6% barrel, 15.0 HR allowed",EV profile; pitcher fly-ball pressure modest,,
689414,Liam Hicks,TB,SEA,2026-08-09T20:10:00Z,Scheduled,4,Emerson Hancock,676106,R,L,3.81,0.1389,85.02,96.3149,0.3493,0.1011,0.3136,68.03,3.79,42.59,24.57,28.4,12.3,8.61,42.78,89.49,0.4358,0.1759,28.52,15.0,15.0,15.0,T-Mobile Park,96,,,,No,No,4,Yes,Yes,RotoWire projected lineup; MLB probable pitchers,lineup projected / unconfirmed,H:2026/2025 P:2026/2025,,,Direct BvP not yet weighted; 2026/2025 Statcast baseline active,7,6,23,1,"Last 7 games: 6/23, 1 HR","platoon edge; pitcher baseline 8.6% barrel, 15.0 HR allowed",neutral batted-ball profile; pitcher fly-ball pressure modest,,
656775,Cedric Mullins,TB,SEA,2026-08-09T20:10:00Z,Scheduled,5,Emerson Hancock,676106,R,L,4.52,0.1589,88.31,97.8176,0.3087,0.1215,0.2603,70.82,8.73,45.46,31.52,32.68,14.2,8.61,42.78,89.49,0.4358,0.1759,28.52,15.0,15.0,15.0,T-Mobile Park,96,,,,No,No,5,Yes,Yes,RotoWire projected lineup; MLB probable pitchers,lineup projected / unconfirmed,H:2026/2025 P:2026/2025,,,Direct BvP not yet weighted; 2026/2025 Statcast baseline active,7,5,18,0,"Last 7 games: 5/18, 0 HR","platoon edge; pitcher baseline 8.6% barrel, 15.0 HR allowed",neutral batted-ball profile; pitcher fly-ball pressure modest,,
683748,Victor Mesa,TB,SEA,2026-08-09T20:10:00Z,Scheduled,6,Emerson Hancock,676106,R,L,10.74,0.2155,89.84,100.3156,0.4283,0.1942,0.3249,73.51,31.34,43.67,32.23,41.29,6.6,8.61,42.78,89.49,0.4358,0.1759,28.52,15.0,15.0,15.0,T-Mobile Park,96,,,,No,No,6,Yes,Yes,RotoWire projected lineup; MLB probable pitchers,lineup projected / unconfirmed,H:2026/2025 P:2026/2025,,,Direct BvP not yet weighted; 2026/2025 Statcast baseline active,7,5,25,1,"Last 7 games: 5/25, 1 HR","platoon edge; pitcher baseline 8.6% barrel, 15.0 HR allowed",neutral batted-ball profile; pitcher fly-ball pressure modest,,
802415,Chandler Simpson,TB,SEA,2026-08-09T20:10:00Z,Scheduled,7,Emerson Hancock,676106,R,L,0.0,0.0549,84.09,93.0399,0.3073,0.0389,0.2739,64.73,0.58,27.78,12.86,15.13,0.0,8.61,42.78,89.49,0.4358,0.1759,28.52,15.0,15.0,15.0,T-Mobile Park,96,,,,No,No,7,Yes,Yes,RotoWire projected lineup; MLB probable pitchers,lineup projected / unconfirmed,H:2026/2025 P:2026/2025,,,Direct BvP not yet weighted; 2026/2025 Statcast baseline active,7,11,27,0,Contact streak: 11/27 over last 7 games,"platoon edge; pitcher baseline 8.6% barrel, 15.0 HR allowed",neutral batted-ball profile; pitcher fly-ball pressure modest,,
680700,Richie Palacios,TB,SEA,2026-08-09T20:10:00Z,Scheduled,8,Emerson Hancock,676106,R,L,4.78,0.1183,87.24,96.8941,0.3667,0.1025,0.3243,68.77,3.17,35.41,20.42,32.2,3.8,8.61,42.78,89.49,0.4358,0.1759,28.52,15.0,15.0,15.0,T-Mobile Park,96,,,,No,No,8,Yes,Yes,RotoWire projected lineup; MLB probable pitchers,lineup projected / unconfirmed,H:2026/2025 P:2026/2025,,,Direct BvP not yet weighted; 2026/2025 Statcast baseline active,7,4,16,1,"Last 7 games: 4/16, 1 HR","platoon edge; pitcher baseline 8.6% barrel, 15.0 HR allowed",neutral batted-ball profile; pitcher fly-ball pressure modest,,
670764,Taylor Walls,TB,SEA,2026-08-09T20:10:00Z,Scheduled,9,Emerson Hancock,676106,R,S,2.71,0.0752,85.81,95.3457,0.2663,0.0745,0.2512,68.35,2.34,37.77,28.63,22.9,1.2,8.61,42.78,89.49,0.4358,0.1759,28.52,15.0,15.0,15.0,T-Mobile Park,96,,,,No,No,9,Yes,Yes,RotoWire projected lineup; MLB probable pitchers,lineup projected / unconfirmed,H:2026/2025 P:2026/2025,,,Direct BvP not yet weighted; 2026/2025 Statcast baseline active,7,3,21,0,"Last 7 games: 3/21, 0 HR","switch hitter; pitcher baseline 8.6% barrel, 15.0 HR allowed",neutral batted-ball profile; pitcher fly-ball pressure modest,,
621493,Taylor Ward,SEA,TB,2026-08-09T20:10:00Z,Scheduled,1,Ian Seymour,693855,L,R,7.82,0.1413,89.26,99.4075,0.3933,0.1518,0.3379,68.73,4.09,33.31,29.45,39.48,15.7,8.92,37.8,88.56,0.3802,0.1579,30.5,10.6,10.6,10.6,T-Mobile Park,96,,,,No,No,1,Yes,Yes,RotoWire projected lineup; MLB probable pitchers,lineup projected / unconfirmed,H:2026/2025 P:2026/2025,,,Direct BvP not yet weighted; 2026/2025 Statcast baseline active,7,4,23,0,"Last 7 games: 4/23, 0 HR","platoon edge; pitcher baseline 8.9% barrel, 10.6 HR allowed",neutral batted-ball profile; pitcher allows elevated contact,,
668227,Randy Arozarena,SEA,TB,2026-08-09T20:10:00Z,Scheduled,2,Ian Seymour,693855,L,R,9.12,0.174,91.16,101.0805,0.4254,0.169,0.3452,71.32,24.8,33.35,23.4,45.21,17.9,8.92,37.8,88.56,0.3802,0.1579,30.5,10.6,10.6,10.6,T-Mobile Park,96,,,,No,No,2,Yes,Yes,RotoWire projected lineup; MLB probable pitchers,lineup projected / unconfirmed,H:2026/2025 P:2026/2025,,,Direct BvP not yet weighted; 2026/2025 Statcast baseline active,7,7,27,1,"Last 7 games: 7/27, 1 HR","platoon edge; pitcher baseline 8.9% barrel, 10.6 HR allowed",neutral batted-ball profile; pitcher allows elevated contact,,
686527,Dominic Canzone,SEA,TB,2026-08-09T20:10:00Z,Scheduled,3,Ian Seymour,693855,L,L,13.87,0.2223,91.95,102.7744,0.5127,0.2353,0.3676,74.22,43.95,40.74,26.72,47.39,15.9,8.92,37.8,88.56,0.3802,0.1579,30.5,10.6,10.6,10.6,T-Mobile Park,96,,,,No,No,3,Yes,Yes,RotoWire projected lineup; MLB probable pitchers,lineup projected / unconfirmed,H:2026/2025 P:2026/2025,,,Direct BvP not yet weighted; 2026/2025 Statcast baseline active,7,3,27,0,"Last 7 games: 3/27, 0 HR","same-side matchup; pitcher baseline 8.9% barrel, 10.6 HR allowed",neutral batted-ball profile; pitcher allows elevated contact,,
677594,Julio Rodriguez,SEA,TB,2026-08-09T20:10:00Z,Scheduled,4,Ian Seymour,693855,L,R,9.17,0.179,90.47,102.7754,0.4748,0.1985,0.3496,76.61,66.99,38.07,26.26,44.5,22.2,8.92,37.8,88.56,0.3802,0.1579,30.5,10.6,10.6,10.6,T-Mobile Park,96,,,,No,No,4,Yes,Yes,RotoWire projected lineup; MLB probable pitchers,lineup projected / unconfirmed,H:2026/2025 P:2026/2025,,,Direct BvP not yet weighted; 2026/2025 Statcast baseline active,7,10,25,2,Hot streak: 2 HR in last 7 games,"platoon edge; pitcher baseline 8.9% barrel, 10.6 HR allowed",neutral batted-ball profile; pitcher allows elevated contact,,
647304,Josh Naylor,SEA,TB,2026-08-09T20:10:00Z,Scheduled,5,Ian Seymour,693855,L,L,5.44,0.1271,88.22,99.1681,0.4061,0.1359,0.325,70.41,11.33,41.5,23.76,37.98,13.0,8.92,37.8,88.56,0.3802,0.1579,30.5,10.6,10.6,10.6,T-Mobile Park,96,,,,No,No,5,Yes,Yes,RotoWire projected lineup; MLB probable pitchers,lineup projected / unconfirmed,H:2026/2025 P:2026/2025,,,Direct BvP not yet weighted; 2026/2025 Statcast baseline active,7,6,24,2,Hot streak: 2 HR in last 7 games,"same-side matchup; pitcher baseline 8.9% barrel, 10.6 HR allowed",neutral batted-ball profile; pitcher allows elevated contact,,
663728,Cal Raleigh,SEA,TB,2026-08-09T20:10:00Z,Scheduled,6,Ian Seymour,693855,L,S,14.81,0.2034,89.55,100.5442,0.4238,0.2292,0.3178,75.06,53.02,53.66,41.59,38.54,26.4,8.92,37.8,88.56,0.3802,0.1579,30.5,10.6,10.6,10.6,T-Mobile Park,96,,,,No,No,6,Yes,Yes,RotoWire projected lineup; MLB probable pitchers,lineup projected / unconfirmed,H:2026/2025 P:2026/2025,,,Direct BvP not yet weighted; 2026/2025 Statcast baseline active,7,4,23,1,"Last 7 games: 4/23, 1 HR","switch hitter; pitcher baseline 8.9% barrel, 10.6 HR allowed",fly-ball profile; pitcher allows elevated contact,,
702284,Cole Young,SEA,TB,2026-08-09T20:10:00Z,Scheduled,7,Ian Seymour,693855,L,L,5.25,0.1304,88.44,99.076,0.3984,0.1373,0.3201,71.58,22.0,42.19,27.15,36.49,11.0,8.92,37.8,88.56,0.3802,0.1579,30.5,10.6,10.6,10.6,T-Mobile Park,96,,,,No,No,7,Yes,Yes,RotoWire projected lineup; MLB probable pitchers,lineup projected / unconfirmed,H:2026/2025 P:2026/2025,,,Direct BvP not yet weighted; 2026/2025 Statcast baseline active,7,8,27,0,"Last 7 games: 8/27, 0 HR","same-side matchup; pitcher baseline 8.9% barrel, 10.6 HR allowed",neutral batted-ball profile; pitcher allows elevated contact,,
680977,Brendan Donovan,SEA,TB,2026-08-09T20:10:00Z,Scheduled,8,Ian Seymour,693855,L,L,5.3,0.1483,86.48,97.2495,0.3846,0.127,0.3313,68.74,1.86,39.35,24.19,33.27,5.1,8.92,37.8,88.56,0.3802,0.1579,30.5,10.6,10.6,10.6,T-Mobile Park,96,,,,No,No,8,Yes,Yes,RotoWire projected lineup; MLB probable pitchers,lineup projected / unconfirmed,H:2026/2025 P:2026/2025,,,Direct BvP not yet weighted; 2026/2025 Statcast baseline active,7,6,23,0,"Last 7 games: 6/23, 0 HR","same-side matchup; pitcher baseline 8.9% barrel, 10.6 HR allowed",neutral batted-ball profile; pitcher allows elevated contact,,
806068,Colt Emerson,SEA,TB,2026-08-09T20:10:00Z,Scheduled,9,Ian Seymour,693855,L,L,5.1,0.152,86.6,97.1342,0.313,0.109,0.258,72.6,26.1,41.3,23.2,31.2,8.0,8.92,37.8,88.56,0.3802,0.1579,30.5,10.6,10.6,10.6,T-Mobile Park,96,,,,No,No,9,Yes,Yes,RotoWire projected lineup; MLB probable pitchers,lineup projected / unconfirmed,H:2026 P:2026/2025,,,Direct BvP not yet weighted; 2026/2025 Statcast baseline active,7,6,22,1,"Last 7 games: 6/22, 1 HR","same-side matchup; pitcher baseline 8.9% barrel, 10.6 HR allowed",neutral batted-ball profile; pitcher allows elevated contact,,
665161,Jeremy Pena,HOU,SD,2026-08-10T00:20:00Z,Scheduled,1,,,,R,6.31,0.187,88.41,100.0639,0.4404,0.1522,0.3466,72.23,13.99,46.06,23.45,41.64,14.2,,,,,,,,,,Petco Park,91,,,,No,No,1,Yes,Yes,RotoWire projected lineup; MLB probable pitchers,lineup projected / unconfirmed,H:2026/2025 P:,,,Direct BvP not yet weighted; 2026/2025 Statcast baseline active,7,5,29,1,"Last 7 games: 5/29, 1 HR","handedness incomplete; pitcher baseline 0.0% barrel, 0.0 HR allowed",neutral batted-ball profile; pitcher fly-ball pressure modest,,
670541,Yordan Alvarez,HOU,SD,2026-08-10T00:20:00Z,Scheduled,2,,,,L,16.74,0.262,94.49,105.049,0.6498,0.3315,0.4448,76.1,61.73,42.0,36.24,53.39,26.3,,,,,,,,,,Petco Park,91,,,,No,No,2,Yes,Yes,RotoWire projected lineup; MLB probable pitchers,lineup projected / unconfirmed,H:2026/2025 P:,,,Direct BvP not yet weighted; 2026/2025 Statcast baseline active,7,9,27,0,Contact streak: 9/27 over last 7 games,"handedness incomplete; pitcher baseline 0.0% barrel, 0.0 HR allowed",lift-pull EV profile; pitcher fly-ball pressure modest,,
670623,Isaac Paredes,HOU,SD,2026-08-10T00:20:00Z,Scheduled,3,,,,R,5.81,0.1767,86.63,97.0142,0.3758,0.132,0.3214,67.74,7.57,51.65,31.15,30.52,16.5,,,,,,,,,,Petco Park,91,,,,No,No,3,Yes,Yes,RotoWire projected lineup; MLB probable pitchers,lineup projected / unconfirmed,H:2026/2025 P:,,,Direct BvP not yet weighted; 2026/2025 Statcast baseline active,7,5,26,0,"Last 7 games: 5/26, 0 HR","handedness incomplete; pitcher baseline 0.0% barrel, 0.0 HR allowed",neutral batted-ball profile; pitcher fly-ball pressure modest,,
662139,Daulton Varsho,HOU,SD,2026-08-10T00:20:00Z,Scheduled,4,,,,L,9.04,0.1812,87.31,99.33,0.3967,0.1634,0.3018,73.78,37.09,42.2,28.96,37.64,10.9,,,,,,,,,,Petco Park,91,,,,No,No,4,Yes,Yes,RotoWire projected lineup; MLB probable pitchers,lineup projected / unconfirmed,H:2026/2025 P:,,,Direct BvP not yet weighted; 2026/2025 Statcast baseline active,7,3,24,0,"Last 7 games: 3/24, 0 HR","handedness incomplete; pitcher baseline 0.0% barrel, 0.0 HR allowed",neutral batted-ball profile; pitcher fly-ball pressure modest,,
572233,Christian Walker,HOU,SD,2026-08-10T00:20:00Z,Scheduled,5,,,,R,10.59,0.2075,89.92,101.6508,0.4042,0.175,0.3098,74.31,43.55,43.04,28.42,43.51,23.5,,,,,,,,,,Petco Park,91,,,,No,No,5,Yes,Yes,RotoWire projected lineup; MLB probable pitchers,lineup projected / unconfirmed,H:2026/2025 P:,,,Direct BvP not yet weighted; 2026/2025 Statcast baseline active,7,9,26,0,Contact streak: 9/26 over last 7 games,"handedness incomplete; pitcher baseline 0.0% barrel, 0.0 HR allowed",neutral batted-ball profile; pitcher fly-ball pressure modest,,
514888,Jose Altuve,HOU,SD,2026-08-10T00:20:00Z,Scheduled,6,,,,R,5.57,0.1602,85.52,97.1381,0.3511,0.1225,0.286,69.07,9.78,46.2,22.3,31.88,16.9,,,,,,,,,,Petco Park,91,,,,No,No,6,Yes,Yes,RotoWire projected lineup; MLB probable pitchers,lineup projected / unconfirmed,H:2026/2025 P:,,,Direct BvP not yet weighted; 2026/2025 Statcast baseline active,7,11,27,1,Contact streak: 11/27 over last 7 games,"handedness incomplete; pitcher baseline 0.0% barrel, 0.0 HR allowed",neutral batted-ball profile; pitcher fly-ball pressure modest,,
666211,Taylor Trammell,HOU,SD,2026-08-10T00:20:00Z,Scheduled,7,,,,L,11.02,0.1696,89.11,100.7812,0.3854,0.1809,0.3025,75.44,55.07,46.19,30.09,36.73,5.8,,,,,,,,,,Petco Park,91,,,,No,No,7,Yes,Yes,RotoWire projected lineup; MLB probable pitchers,lineup projected / unconfirmed,H:2026/2025 P:,,,Direct BvP not yet weighted; 2026/2025 Statcast baseline active,7,5,23,2,Hot streak: 2 HR in last 7 games,"handedness incomplete; pitcher baseline 0.0% barrel, 0.0 HR allowed",neutral batted-ball profile; pitcher fly-ball pressure modest,,
673237,Yainer Diaz,HOU,SD,2026-08-10T00:20:00Z,Scheduled,8,,,,R,6.66,0.1533,88.22,99.4273,0.4244,0.1557,0.3127,72.48,21.39,36.35,19.1,36.88,11.6,,,,,,,,,,Petco Park,91,,,,No,No,8,Yes,Yes,RotoWire projected lineup; MLB probable pitchers,lineup projected / unconfirmed,H:2026/2025 P:,,,Direct BvP not yet weighted; 2026/2025 Statcast baseline active,7,5,21,0,"Last 7 games: 5/21, 0 HR","handedness incomplete; pitcher baseline 0.0% barrel, 0.0 HR allowed",neutral batted-ball profile; pitcher fly-ball pressure modest,,
701358,Cam Smith,HOU,SD,2026-08-10T00:20:00Z,Scheduled,9,,,,R,10.19,0.1542,88.95,101.5346,0.418,0.1753,0.3215,76.67,68.11,37.42,25.14,43.46,13.2,,,,,,,,,,Petco Park,91,,,,No,No,9,Yes,Yes,RotoWire projected lineup; MLB probable pitchers,lineup projected / unconfirmed,H:2026/2025 P:,,,Direct BvP not yet weighted; 2026/2025 Statcast baseline active,7,10,23,2,Hot streak: 2 HR in last 7 games,"handedness incomplete; pitcher baseline 0.0% barrel, 0.0 HR allowed",neutral batted-ball profile; pitcher fly-ball pressure modest,,
665487,Fernando Tatis,SD,HOU,2026-08-10T00:20:00Z,Scheduled,1,Cristian Javier,664299,R,R,11.0,0.143,92.53,104.2616,0.4593,0.1785,0.3602,75.51,57.7,34.24,21.87,52.29,14.5,7.69,37.81,89.39,0.3942,0.1474,37.54,3.7,3.7,3.7,Petco Park,91,,,,No,No,1,Yes,Yes,RotoWire projected lineup; MLB probable pitchers,lineup projected / unconfirmed,H:2026/2025 P:2026/2025,,,Direct BvP not yet weighted; 2026/2025 Statcast baseline active,7,6,28,2,Hot streak: 2 HR in last 7 games,"same-side matchup; pitcher baseline 7.7% barrel, 3.7 HR allowed",EV profile; pitcher allows elevated contact,,
630105,Jake Cronenworth,SD,HOU,2026-08-10T00:20:00Z,Scheduled,2,Cristian Javier,664299,R,L,4.8,0.0876,87.73,98.1545,0.3355,0.1063,0.3022,71.39,17.39,31.54,21.95,33.75,5.4,7.69,37.81,89.39,0.3942,0.1474,37.54,3.7,3.7,3.7,Petco Park,91,,,,No,No,2,Yes,Yes,RotoWire projected lineup; MLB probable pitchers,lineup projected / unconfirmed,H:2026/2025 P:2026/2025,,,Direct BvP not yet weighted; 2026/2025 Statcast baseline active,7,7,27,0,"Last 7 games: 7/27, 0 HR","platoon edge; pitcher baseline 7.7% barrel, 3.7 HR allowed",neutral batted-ball profile; pitcher allows elevated contact,,
592518,Manny Machado,SD,HOU,2026-08-10T00:20:00Z,Scheduled,3,Cristian Javier,664299,R,R,11.22,0.2018,91.36,101.8619,0.4502,0.2002,0.3368,74.64,44.44,40.5,28.85,46.32,24.2,7.69,37.81,89.39,0.3942,0.1474,37.54,3.7,3.7,3.7,Petco Park,91,,,,No,No,3,Yes,Yes,RotoWire projected lineup; MLB probable pitchers,lineup projected / unconfirmed,H:2026/2025 P:2026/2025,,,Direct BvP not yet weighted; 2026/2025 Statcast baseline active,7,5,25,0,"Last 7 games: 5/25, 0 HR","same-side matchup; pitcher baseline 7.7% barrel, 3.7 HR allowed",neutral batted-ball profile; pitcher allows elevated contact,,
664034,Ty France,SD,HOU,2026-08-10T00:20:00Z,Scheduled,4,Cristian Javier,664299,R,R,10.01,0.1933,91.46,101.3479,0.4376,0.1828,0.3301,71.7,18.48,36.22,24.76,47.63,13.3,7.69,37.81,89.39,0.3942,0.1474,37.54,3.7,3.7,3.7,Petco Park,91,,,,No,No,4,Yes,Yes,RotoWire projected lineup; MLB probable pitchers,lineup projected / unconfirmed,H:2026/2025 P:2026/2025,,,Direct BvP not yet weighted; 2026/2025 Statcast baseline active,7,5,24,0,"Last 7 games: 5/24, 0 HR","same-side matchup; pitcher baseline 7.7% barrel, 3.7 HR allowed",neutral batted-ball profile; pitcher allows elevated contact,,
701538,Jackson Merrill,SD,HOU,2026-08-10T00:20:00Z,Scheduled,5,Cristian Javier,664299,R,L,11.46,0.172,89.98,100.5329,0.4627,0.2053,0.3309,72.88,26.98,37.91,28.94,45.35,16.7,7.69,37.81,89.39,0.3942,0.1474,37.54,3.7,3.7,3.7,Petco Park,91,,,,No,No,5,Yes,Yes,RotoWire projected lineup; MLB probable pitchers,lineup projected / unconfirmed,H:2026/2025 P:2026/2025,,,Direct BvP not yet weighted; 2026/2025 Statcast baseline active,7,10,28,2,Hot streak: 2 HR in last 7 games,"platoon edge; pitcher baseline 7.7% barrel, 3.7 HR allowed",neutral batted-ball profile; pitcher allows elevated contact,,
650859,Luis Rengifo,SD,HOU,2026-08-10T00:20:00Z,Scheduled,6,Cristian Javier,664299,R,S,4.37,0.076,87.8,98.0066,0.3554,0.0975,0.3069,70.83,15.21,37.46,16.82,34.59,4.1,7.69,37.81,89.39,0.3942,0.1474,37.54,3.7,3.7,3.7,Petco Park,91,,,,No,No,6,Yes,Yes,RotoWire projected lineup; MLB probable pitchers,lineup projected / unconfirmed,H:2026/2025 P:2026/2025,,,Direct BvP not yet weighted; 2026/2025 Statcast baseline active,7,6,26,0,"Last 7 games: 6/26, 0 HR","switch hitter; pitcher baseline 7.7% barrel, 3.7 HR allowed",neutral batted-ball profile; pitcher allows elevated contact,,
657757,Gavin Sheets,SD,HOU,2026-08-10T00:20:00Z,Scheduled,7,Cristian Javier,664299,R,L,7.64,0.1763,88.15,99.6783,0.4026,0.162,0.3232,74.52,48.16,38.7,23.28,41.39,15.5,7.69,37.81,89.39,0.3942,0.1474,37.54,3.7,3.7,3.7,Petco Park,91,,,,No,No,7,Yes,Yes,RotoWire projected lineup; MLB probable pitchers,lineup projected / unconfirmed,H:2026/2025 P:2026/2025,,,Direct BvP not yet weighted; 2026/2025 Statcast baseline active,7,2,13,0,"Last 7 games: 2/13, 0 HR","platoon edge; pitcher baseline 7.7% barrel, 3.7 HR allowed",neutral batted-ball profile; pitcher allows elevated contact,,
593428,Xander Bogaerts,SD,HOU,2026-08-10T00:20:00Z,Scheduled,8,Cristian Javier,664299,R,R,5.92,0.107,88.58,99.8491,0.3829,0.1299,0.3214,72.31,27.45,44.01,22.85,39.62,9.6,7.69,37.81,89.39,0.3942,0.1474,37.54,3.7,3.7,3.7,Petco Park,91,,,,No,No,8,Yes,Yes,RotoWire projected lineup; MLB probable pitchers,lineup projected / unconfirmed,H:2026/2025 P:2026/2025,,,Direct BvP not yet weighted; 2026/2025 Statcast baseline active,7,5,20,0,"Last 7 games: 5/20, 0 HR","same-side matchup; pitcher baseline 7.7% barrel, 3.7 HR allowed",neutral batted-ball profile; pitcher allows elevated contact,,
669134,Luis Campusano,SD,HOU,2026-08-10T00:20:00Z,Scheduled,9,Cristian Javier,664299,R,R,5.74,0.1274,88.15,99.068,0.3025,0.1057,0.2976,72.75,27.47,46.84,20.29,40.29,2.8,7.69,37.81,89.39,0.3942,0.1474,37.54,3.7,3.7,3.7,Petco Park,91,,,,No,No,9,Yes,Yes,RotoWire projected lineup; MLB probable pitchers,lineup projected / unconfirmed,H:2026/2025 P:2026/2025,,,Direct BvP not yet weighted; 2026/2025 Statcast baseline active,7,8,24,0,Contact streak: 8/24 over last 7 games,"same-side matchup; pitcher baseline 7.7% barrel, 3.7 HR allowed",neutral batted-ball profile; pitcher allows elevated contact,,
