rank,hitter_id,player,team,opponent,game_start_time,game_status,batting_order,pitcher,pitcher_id,pitcher_hand,hr_score,tier,play_type,reason_tags,power_score,pitcher_score,environment_score,lineup_score,platoon_score,recent_form_score,confirmed_lineup,rotowire_confirmed_lineup,rotowire_batting_order,rotowire_player_found,lineup_disagreement,lineup_sources_used,source_warnings,stat_years_used,bvp_pa,bvp_hr,bvp_note,recent_games,recent_hits,recent_abs,recent_hr,recent_form_note,split_matchup_note,pitch_mix_note,barrel_pct,hard_hit_pct,avg_exit_velocity,ev50,xslg,xiso,xwoba,bat_speed,fast_swing_pct,pull_pct,fb_pct,hr_total,iso,pitcher_barrel_pct_allowed,pitcher_hard_hit_pct_allowed,pitcher_avg_exit_velocity_allowed,pitcher_xslg_allowed,pitcher_xiso_allowed,pitcher_fb_pct_allowed,wind_direction,weather_temp,ballpark,odds
1,695578,James Wood,WSH,LAA,2026-09-13T17:35:00Z,Scheduled,1,Grayson Rodriguez,680570,R,65.1,Tier 3,Watch List,"Projected Lineup, Elite Power, Strong Barrel, Premium Lineup Spot, Platoon Edge",80.7,56.8,28.2,88.7,80.0,19.5,No,Yes,1,Yes,Yes,RotoWire projected lineup; MLB probable pitchers,lineup projected / unconfirmed,H:2026/2025 P:2026,,,Direct BvP not yet weighted; 2026/2025 Statcast baseline active,7,6,24,0,"Last 7 games: 6/24, 0 HR","platoon edge; pitcher baseline 9.5% barrel, 14.0 HR allowed",EV profile; pitcher fly-ball pressure modest,19.2,57.91,95.07,106.3781,0.5497,0.2792,0.3988,76.63,66.99,32.22,24.73,30.3,0.2477,9.5,46.0,90.6,0.472,0.199,28.6,,,Nationals Park,
2,656941,Kyle Schwarber,PHI,ATL,2026-09-13T17:35:00Z,Scheduled,1,Grant Holmes,656550,R,64.7,Tier 3,Watch List,"Projected Lineup, Elite Power, Strong Barrel, Premium Lineup Spot, Platoon Edge",75.7,51.5,30.9,88.7,80.0,62.9,No,Yes,1,Yes,Yes,RotoWire projected lineup; MLB probable pitchers,lineup projected / unconfirmed,H:2026/2025 P:2026/2025,,,Direct BvP not yet weighted; 2026/2025 Statcast baseline active,7,5,29,3,Hot streak: 3 HR in last 7 games,"platoon edge; pitcher baseline 9.0% barrel, 18.1 HR allowed",lift-pull EV profile; pitcher fly-ball pressure modest,18.14,52.53,92.97,104.1943,0.5243,0.2826,0.3758,77.16,75.42,54.7,33.11,47.6,0.2957,8.98,43.79,91.01,0.4245,0.1747,26.76,,,Truist Park,
3,808959,Munetaka Murakami,CWS,STL,2026-09-13T18:15:00Z,Scheduled,4,Michael McGreevy,700241,R,63.1,Tier 3,Watch List,"Projected Lineup, Elite Power, Strong Barrel, Premium Lineup Spot, Platoon Edge",75.6,53.6,22.1,90.4,80.0,42.7,No,Yes,4,Yes,Yes,RotoWire projected lineup; MLB probable pitchers,lineup projected / unconfirmed,H:2026 P:2026/2025,,,Direct BvP not yet weighted; 2026/2025 Statcast baseline active,7,4,25,2,Hot streak: 2 HR in last 7 games,"platoon edge; pitcher baseline 9.4% barrel, 17.6 HR allowed",lift-pull EV profile; pitcher fly-ball pressure modest,19.0,56.9,93.8,104.3516,0.455,0.254,0.344,74.8,50.8,45.3,38.8,31.0,0.267,9.43,41.29,90.08,0.4724,0.1935,26.83,,,Busch Stadium,
4,665742,Juan Soto,NYM,NYY,2026-09-13T17:35:00Z,Scheduled,2,Cam Schlittler,693645,R,60.9,Tier 3,Watch List,"Projected Lineup, Strong Barrel, Premium Lineup Spot, Platoon Edge",69.9,36.0,38.2,95.5,80.0,57.4,No,Yes,2,Yes,Yes,RotoWire projected lineup; MLB probable pitchers,lineup projected / unconfirmed,H:2026/2025 P:2026/2025,,,Direct BvP not yet weighted; 2026/2025 Statcast baseline active,7,8,31,2,Hot streak: 2 HR in last 7 games,"platoon edge; pitcher baseline 8.0% barrel, 13.6 HR allowed",lift-pull EV profile; pitcher fly-ball pressure modest,15.26,49.77,92.75,103.0245,0.5863,0.2951,0.4192,72.69,32.19,39.25,32.12,29.7,0.2536,7.99,39.85,88.72,0.3504,0.1351,26.32,,,Yankee Stadium,
5,592450,Aaron Judge,NYY,NYM,2026-09-13T17:35:00Z,Scheduled,2,Christian Scott,681035,R,59.7,Longshot,Watch List,"Projected Lineup, Elite Power, Strong Barrel, Premium Lineup Spot",89.6,25.0,38.2,95.5,50.0,10.8,No,Yes,2,Yes,Yes,RotoWire projected lineup; MLB probable pitchers,lineup projected / unconfirmed,H:2026/2025 P:2026,,,Direct BvP not yet weighted; 2026/2025 Statcast baseline active,7,5,26,0,"Last 7 games: 5/26, 0 HR","same-side matchup; pitcher baseline 6.6% barrel, 10.0 HR allowed",lift-pull EV profile; pitcher fly-ball pressure modest,22.07,57.64,94.42,105.6911,0.6206,0.345,0.422,76.34,66.58,41.62,34.2,27.8,0.2975,6.6,33.7,86.5,0.351,0.126,27.9,,,Yankee Stadium,
6,545361,Mike Trout,LAA,WSH,2026-09-13T17:35:00Z,Scheduled,2,Jake Irvin,663623,R,58.9,Longshot,Watch List,"Projected Lineup, Strong Barrel, Premium Lineup Spot",59.9,61.4,28.2,95.5,50.0,46.5,No,Yes,2,Yes,Yes,RotoWire projected lineup; MLB probable pitchers,lineup projected / unconfirmed,H:2026/2025 P:2026/2025,,,Direct BvP not yet weighted; 2026/2025 Statcast baseline active,7,8,26,1,"Last 7 games: 8/26, 1 HR","same-side matchup; pitcher baseline 11.0% barrel, 21.9 HR allowed",neutral batted-ball profile; pitcher fly-ball pressure modest,15.73,46.5,90.27,102.8741,0.4845,0.2369,0.3713,74.56,47.07,35.81,31.63,22.5,0.1923,11.02,46.12,89.77,0.4672,0.2085,28.74,,,Nationals Park,
7,665833,Oneil Cruz,PIT,CHC,2026-09-13T18:20:00Z,Scheduled,1,Matthew Boyd,571510,L,57.7,Longshot,Watch List,"Projected Lineup, Strong Barrel, Premium Lineup Spot",70.9,43.2,29.8,88.7,50.0,50.3,No,Yes,1,Yes,Yes,RotoWire projected lineup; MLB probable pitchers,lineup projected / unconfirmed,H:2026/2025 P:2026/2025,,,Direct BvP not yet weighted; 2026/2025 Statcast baseline active,7,9,27,1,Contact streak: 9/27 over last 7 games,"same-side matchup; pitcher baseline 9.0% barrel, 16.2 HR allowed",EV profile; pitcher fly-ball pressure modest,17.09,55.48,95.17,106.7579,0.4663,0.2245,0.3464,78.24,75.82,39.88,23.31,18.6,0.1997,9.0,38.21,88.29,0.4204,0.1657,25.99,,,Wrigley Field,
8,621566,Matt Olson,ATL,PHI,2026-09-13T17:35:00Z,Scheduled,3,Andrew Painter,691725,R,57.6,Longshot,Watch List,"Projected Lineup, Strong Barrel, Premium Lineup Spot, Platoon Edge",66.2,41.0,30.9,92.1,80.0,24.3,No,Yes,3,Yes,Yes,RotoWire projected lineup; MLB probable pitchers,lineup projected / unconfirmed,H:2026/2025 P:2026,,,Direct BvP not yet weighted; 2026/2025 Statcast baseline active,7,4,25,1,"Last 7 games: 4/25, 1 HR","platoon edge; pitcher baseline 8.5% barrel, 19.0 HR allowed",lift-pull EV profile; pitcher fly-ball pressure modest,14.68,51.97,92.88,103.732,0.5032,0.2559,0.3565,74.53,47.68,38.21,33.34,35.3,0.2435,8.5,35.7,87.4,0.426,0.173,26.6,,,Truist Park,
9,682829,Elly De La Cruz,CIN,MIL,2026-09-13T18:10:00Z,Scheduled,2,Robert Gasser,688107,L,57.3,Longshot,Watch List,"Projected Lineup, Strong Barrel, Premium Lineup Spot, Platoon Edge, Hot Hitter/Streak",59.9,35.0,27.6,95.5,75.0,98.1,No,Yes,2,Yes,Yes,RotoWire projected lineup; MLB probable pitchers,lineup projected / unconfirmed,H:2026/2025 P:2026/2025,,,Direct BvP not yet weighted; 2026/2025 Statcast baseline active,7,11,27,5,Hot streak: 5 HR in last 7 games,"switch hitter; pitcher baseline 8.0% barrel, 10.1 HR allowed",EV profile; pitcher fly-ball pressure modest,14.22,50.36,93.45,104.4575,0.4765,0.2052,0.3577,75.45,54.68,34.26,25.03,24.8,0.211,7.95,36.49,88.13,0.3918,0.1572,26.47,,,American Family Field,
10,571970,Max Muncy,LAD,MIA,2026-09-13T17:40:00Z,Scheduled,4,Eury Pérez,691587,R,57.2,Longshot,Watch List,"Projected Lineup, Strong Barrel, Premium Lineup Spot, Platoon Edge, Hot Hitter/Streak",56.2,47.8,21.5,90.4,80.0,81.7,No,Yes,4,Yes,Yes,RotoWire projected lineup; MLB probable pitchers,lineup projected / unconfirmed,H:2026/2025 P:2026/2025,,,Direct BvP not yet weighted; 2026/2025 Statcast baseline active,7,11,26,2,Hot streak: 2 HR in last 7 games,"platoon edge; pitcher baseline 9.8% barrel, 15.5 HR allowed",fly-ball profile; pitcher allows elevated contact,13.25,48.21,90.74,101.3804,0.4767,0.2359,0.3572,71.38,14.62,51.99,35.23,24.6,0.2368,9.84,41.46,89.1,0.3828,0.1679,31.5,,,loanDepot park,
11,641343,Jake Bauers,MIL,CIN,2026-09-13T18:10:00Z,Scheduled,3,Chase Burns,695505,R,57.0,Longshot,Watch List,"Projected Lineup, Strong Barrel, Premium Lineup Spot, Platoon Edge",60.8,39.9,27.6,92.1,80.0,62.8,No,Yes,3,Yes,Yes,RotoWire projected lineup; MLB probable pitchers,lineup projected / unconfirmed,H:2026/2025 P:2026/2025,,,Direct BvP not yet weighted; 2026/2025 Statcast baseline active,7,5,17,2,Hot streak: 2 HR in last 7 games,"platoon edge; pitcher baseline 8.4% barrel, 12.0 HR allowed",lift-pull EV profile; pitcher fly-ball pressure modest,13.77,50.92,92.26,103.0644,0.4724,0.2223,0.3708,76.5,69.51,40.83,30.54,19.6,0.2067,8.38,40.38,89.64,0.3553,0.1453,29.15,,,American Family Field,
12,646240,Rafael Devers,SF,SD,2026-09-13T23:20:00Z,Scheduled,2,Nick Pivetta,601713,R,56.9,Longshot,Watch List,"Projected Lineup, Strong Barrel, Premium Lineup Spot, Platoon Edge, Hot Hitter/Streak",61.3,35.6,19.3,95.5,80.0,92.6,No,Yes,2,Yes,Yes,RotoWire projected lineup; MLB probable pitchers,lineup projected / unconfirmed,H:2026/2025 P:2026/2025,,,Direct BvP not yet weighted; 2026/2025 Statcast baseline active,7,10,27,5,Hot streak: 5 HR in last 7 games,"platoon edge; pitcher baseline 8.7% barrel, 6.6 HR allowed",EV profile; pitcher allows elevated contact,13.41,53.09,93.15,103.333,0.4751,0.235,0.3488,71.81,20.58,34.33,33.67,35.7,0.2529,8.73,36.81,88.34,0.3393,0.1435,31.97,,,Oracle Park,
13,805811,Bryce Eldridge,SF,SD,2026-09-13T23:20:00Z,Scheduled,3,Nick Pivetta,601713,R,56.6,Longshot,Watch List,"Projected Lineup, Strong Barrel, Premium Lineup Spot, Platoon Edge",68.4,35.6,19.3,92.1,80.0,50.3,No,Yes,3,Yes,Yes,RotoWire projected lineup; MLB probable pitchers,lineup projected / unconfirmed,H:2026/2025 P:2026/2025,,,Direct BvP not yet weighted; 2026/2025 Statcast baseline active,7,9,27,1,Contact streak: 9/27 over last 7 games,"platoon edge; pitcher baseline 8.7% barrel, 6.6 HR allowed",EV profile; pitcher allows elevated contact,15.41,57.39,93.5,103.2925,0.4778,0.2428,0.3594,72.86,28.01,37.15,36.77,11.2,0.1546,8.73,36.81,88.34,0.3393,0.1435,31.97,,,Oracle Park,
14,669065,Kyle Stowers,MIA,LAD,2026-09-13T17:40:00Z,Scheduled,1,Emmet Sheehan,686218,R,56.4,Longshot,Watch List,"Projected Lineup, Strong Barrel, Premium Lineup Spot, Platoon Edge",63.0,48.2,21.5,88.7,80.0,24.3,No,Yes,1,Yes,Yes,RotoWire projected lineup; MLB probable pitchers,lineup projected / unconfirmed,H:2026/2025 P:2026/2025,,,Direct BvP not yet weighted; 2026/2025 Statcast baseline active,7,4,25,1,"Last 7 games: 4/25, 1 HR","platoon edge; pitcher baseline 10.4% barrel, 16.8 HR allowed",lift-pull EV profile; pitcher allows elevated contact,14.41,54.94,92.08,103.4116,0.467,0.2265,0.3442,75.28,54.46,45.5,32.06,20.8,0.2329,10.38,40.13,89.16,0.3838,0.164,30.01,,,loanDepot park,
15,665052,Griffin Conine,MIA,LAD,2026-09-13T17:40:00Z,Scheduled,3,Emmet Sheehan,686218,R,56.3,Longshot,Watch List,"Projected Lineup, Strong Barrel, Premium Lineup Spot, Platoon Edge",56.7,48.2,21.5,92.1,80.0,54.3,No,Yes,3,Yes,Yes,RotoWire projected lineup; MLB probable pitchers,lineup projected / unconfirmed,H:2026/2025 P:2026/2025,,,Direct BvP not yet weighted; 2026/2025 Statcast baseline active,7,9,25,1,Contact streak: 9/25 over last 7 games,"platoon edge; pitcher baseline 10.4% barrel, 16.8 HR allowed",neutral batted-ball profile; pitcher allows elevated contact,14.73,49.85,91.46,103.2796,0.4544,0.2089,0.344,74.33,44.39,42.04,23.62,11.1,0.2049,10.38,40.13,89.16,0.3838,0.164,30.01,,,loanDepot park,
16,695491,Joshua Baez,STL,CWS,2026-09-13T18:15:00Z,Scheduled,4,,,,55.6,Longshot,Watch List,"Projected Lineup, Strong Barrel, Premium Lineup Spot",65.8,41.2,22.1,90.4,60.0,52.3,No,Yes,4,Yes,Yes,RotoWire projected lineup; MLB probable pitchers,lineup projected / unconfirmed,H:2026 P:,,,Direct BvP not yet weighted; 2026/2025 Statcast baseline active,7,9,26,1,Contact streak: 9/26 over last 7 games,"handedness incomplete; pitcher baseline 0.0% barrel, 0.0 HR allowed",lift-pull EV profile; pitcher fly-ball pressure modest,13.8,50.0,92.8,102.8156,0.478,0.255,0.322,77.5,74.0,44.8,37.9,7.0,0.319,,,,,,,,,Busch Stadium,
17,642350,Jose Siri,LAA,WSH,2026-09-13T17:35:00Z,Scheduled,3,Jake Irvin,663623,R,55.5,Longshot,Watch List,"Projected Lineup, Strong Barrel, Premium Lineup Spot",51.1,61.4,28.2,92.1,50.0,46.5,No,Yes,3,Yes,Yes,RotoWire projected lineup; MLB probable pitchers,lineup projected / unconfirmed,H:2026/2025 P:2026/2025,,,Direct BvP not yet weighted; 2026/2025 Statcast baseline active,7,4,13,1,"Last 7 games: 4/13, 1 HR","same-side matchup; pitcher baseline 11.0% barrel, 21.9 HR allowed",fly-ball profile; pitcher fly-ball pressure modest,16.15,39.88,88.33,99.9178,0.3802,0.198,0.275,73.15,35.15,31.69,44.09,5.6,0.1383,11.02,46.12,89.77,0.4672,0.2085,28.74,,,Nationals Park,
18,547180,Bryce Harper,PHI,ATL,2026-09-13T17:35:00Z,Scheduled,3,Grant Holmes,656550,R,55.5,Longshot,Watch List,"Projected Lineup, Strong Barrel, Premium Lineup Spot, Platoon Edge",51.1,51.5,30.9,92.1,80.0,30.3,No,Yes,3,Yes,Yes,RotoWire projected lineup; MLB probable pitchers,lineup projected / unconfirmed,H:2026/2025 P:2026/2025,,,Direct BvP not yet weighted; 2026/2025 Statcast baseline active,7,5,25,1,"Last 7 games: 5/25, 1 HR","platoon edge; pitcher baseline 9.0% barrel, 18.1 HR allowed",neutral batted-ball profile; pitcher fly-ball pressure modest,11.18,45.61,90.74,101.864,0.492,0.2191,0.3813,74.1,44.66,38.47,27.1,27.0,0.2232,8.98,43.79,91.01,0.4245,0.1747,26.76,,,Truist Park,
19,687263,Zach Neto,LAA,WSH,2026-09-13T17:35:00Z,Scheduled,1,Jake Irvin,663623,R,55.3,Longshot,Watch List,"Projected Lineup, Strong Barrel, Premium Lineup Spot, Hot Hitter/Streak",48.3,61.4,28.2,88.7,50.0,70.4,No,Yes,1,Yes,Yes,RotoWire projected lineup; MLB probable pitchers,lineup projected / unconfirmed,H:2026/2025 P:2026/2025,,,Direct BvP not yet weighted; 2026/2025 Statcast baseline active,7,10,29,2,Hot streak: 2 HR in last 7 games,"same-side matchup; pitcher baseline 11.0% barrel, 21.9 HR allowed",neutral batted-ball profile; pitcher fly-ball pressure modest,12.32,42.61,90.09,100.328,0.4348,0.2097,0.3202,71.4,14.53,47.69,34.26,25.3,0.2037,11.02,46.12,89.77,0.4672,0.2085,28.74,,,Nationals Park,
20,665019,Kody Clemens,MIN,CLE,2026-09-13T18:10:00Z,Scheduled,3,Tanner Bibee,676440,R,54.9,Longshot,Watch List,"Projected Lineup, Strong Barrel, Premium Lineup Spot, Platoon Edge",54.2,42.4,27.1,92.1,80.0,54.7,No,Yes,3,Yes,Yes,RotoWire projected lineup; MLB probable pitchers,lineup projected / unconfirmed,H:2026/2025 P:2026/2025,,,Direct BvP not yet weighted; 2026/2025 Statcast baseline active,7,6,25,2,Hot streak: 2 HR in last 7 games,"platoon edge; pitcher baseline 8.0% barrel, 27.0 HR allowed",lift-pull EV profile; pitcher fly-ball pressure modest,12.07,47.6,92.13,101.5976,0.4657,0.2146,0.3366,72.06,14.56,46.78,34.02,23.9,0.2287,8.03,38.28,88.85,0.4088,0.1646,27.62,,,Target Field,
21,608369,Corey Seager,TEX,AZ,2026-09-13T20:10:00Z,Scheduled,2,Eduardo Rodriguez,593958,L,54.9,Longshot,Watch List,"Projected Lineup, Strong Barrel, Premium Lineup Spot",62.0,37.1,28.2,95.5,50.0,68.0,No,Yes,2,Yes,Yes,RotoWire projected lineup; MLB probable pitchers,lineup projected / unconfirmed,H:2026/2025 P:2026/2025,,,Direct BvP not yet weighted; 2026/2025 Statcast baseline active,7,6,29,3,Hot streak: 3 HR in last 7 games,"same-side matchup; pitcher baseline 7.6% barrel, 18.0 HR allowed",neutral batted-ball profile; pitcher fly-ball pressure modest,15.09,49.61,91.99,102.4354,0.5053,0.2462,0.365,71.8,15.09,40.57,31.13,18.2,0.2048,7.64,33.66,87.57,0.4202,0.165,27.05,,,Chase Field,
22,660670,Ronald Acuna,ATL,PHI,2026-09-13T17:35:00Z,Scheduled,2,Andrew Painter,691725,R,54.6,Longshot,Watch List,"Projected Lineup, Strong Barrel, Premium Lineup Spot",57.6,41.0,30.9,95.5,50.0,64.8,No,Yes,2,Yes,Yes,RotoWire projected lineup; MLB probable pitchers,lineup projected / unconfirmed,H:2026/2025 P:2026,,,Direct BvP not yet weighted; 2026/2025 Statcast baseline active,7,8,26,2,Hot streak: 2 HR in last 7 games,"same-side matchup; pitcher baseline 8.5% barrel, 19.0 HR allowed",neutral batted-ball profile; pitcher fly-ball pressure modest,13.25,47.39,90.88,103.1718,0.4951,0.2363,0.3711,76.05,62.81,35.32,27.32,17.5,0.1986,8.5,35.7,87.4,0.426,0.173,26.6,,,Truist Park,
23,686948,Drake Baldwin,ATL,PHI,2026-09-13T17:35:00Z,Scheduled,1,Andrew Painter,691725,R,54.4,Longshot,Watch List,"Projected Lineup, Strong Barrel, Premium Lineup Spot, Platoon Edge",55.3,41.0,30.9,88.7,80.0,40.3,No,Yes,1,Yes,Yes,RotoWire projected lineup; MLB probable pitchers,lineup projected / unconfirmed,H:2026/2025 P:2026,,,Direct BvP not yet weighted; 2026/2025 Statcast baseline active,7,8,30,1,"Last 7 games: 8/30, 1 HR","platoon edge; pitcher baseline 8.5% barrel, 19.0 HR allowed",neutral batted-ball profile; pitcher fly-ball pressure modest,12.05,50.44,91.56,102.2177,0.4877,0.2129,0.3614,75.3,56.72,32.01,25.53,21.8,0.1803,8.5,35.7,87.4,0.426,0.173,26.6,,,Truist Park,
24,691406,Junior Caminero,TB,HOU,2026-09-13T17:40:00Z,Scheduled,3,Hayden Wesneski,669713,R,54.4,Longshot,Watch List,"Projected Lineup, Strong Barrel, Premium Lineup Spot, Hot Hitter/Streak",62.4,35.0,27.6,92.1,50.0,77.4,No,Yes,3,Yes,Yes,RotoWire projected lineup; MLB probable pitchers,lineup projected / unconfirmed,H:2026/2025 P:2026/2025,,,Direct BvP not yet weighted; 2026/2025 Statcast baseline active,7,7,26,3,Hot streak: 3 HR in last 7 games,"same-side matchup; pitcher baseline 7.6% barrel, 4.2 HR allowed",EV profile; pitcher fly-ball pressure modest,13.44,50.56,92.75,105.1676,0.4989,0.2313,0.3586,79.27,83.99,45.45,23.56,41.5,0.2598,7.56,41.05,88.51,0.3912,0.1494,23.55,,,Tropicana Field,
25,624413,Pete Alonso,BAL,TOR,2026-09-13T17:37:00Z,Scheduled,2,Dylan Cease,656302,R,54.2,Longshot,Watch List,"Projected Lineup, Strong Barrel, Premium Lineup Spot",72.0,21.6,30.4,95.5,50.0,56.2,No,Yes,2,Yes,Yes,RotoWire projected lineup; MLB probable pitchers,lineup projected / unconfirmed,H:2026/2025 P:2026/2025,,,Direct BvP not yet weighted; 2026/2025 Statcast baseline active,7,6,24,2,Hot streak: 2 HR in last 7 games,"same-side matchup; pitcher baseline 6.2% barrel, 14.0 HR allowed",EV profile; pitcher fly-ball pressure modest,15.4,55.94,93.85,104.2348,0.5482,0.2696,0.3902,74.78,48.58,36.64,30.32,35.2,0.2352,6.22,33.86,86.66,0.3093,0.1121,25.05,,,Rogers Centre,
26,691718,Pete Crow-Armstrong,CHC,PIT,2026-09-13T18:20:00Z,Scheduled,1,Bubba Chandler,696149,R,54.2,Longshot,Watch List,"Projected Lineup, Strong Barrel, Premium Lineup Spot, Platoon Edge",57.2,34.9,29.8,88.7,80.0,57.6,No,Yes,1,Yes,Yes,RotoWire projected lineup; MLB probable pitchers,lineup projected / unconfirmed,H:2026/2025 P:2026/2025,,,Direct BvP not yet weighted; 2026/2025 Statcast baseline active,7,7,27,2,Hot streak: 2 HR in last 7 games,"platoon edge; pitcher baseline 6.8% barrel, 9.7 HR allowed",fly-ball profile; pitcher fly-ball pressure modest,13.17,46.78,90.27,101.858,0.4939,0.2386,0.3574,74.31,44.88,49.81,35.01,38.0,0.2725,6.81,39.09,89.29,0.3814,0.1504,25.74,,,Wrigley Field,
27,701398,Sal Stewart,CIN,MIL,2026-09-13T18:10:00Z,Scheduled,3,Robert Gasser,688107,L,53.9,Longshot,Watch List,"Projected Lineup, Strong Barrel, Premium Lineup Spot, Platoon Edge",59.8,36.0,27.6,92.1,78.0,30.0,No,Yes,3,Yes,Yes,RotoWire projected lineup; MLB probable pitchers,lineup projected / unconfirmed,H:2026/2025 P:2026/2025,,,Direct BvP not yet weighted; 2026/2025 Statcast baseline active,7,8,25,0,Contact streak: 8/25 over last 7 games,"platoon edge; pitcher baseline 8.0% barrel, 10.1 HR allowed",neutral batted-ball profile; pitcher fly-ball pressure modest,14.4,43.54,91.76,101.443,0.525,0.2561,0.3653,72.1,26.37,37.8,32.3,23.2,0.234,7.95,36.49,88.13,0.3918,0.1572,26.47,,,American Family Field,
28,669127,Shea Langeliers,ATH,SEA,2026-09-13T20:05:00Z,Scheduled,4,Bryce Miller,682243,R,53.9,Longshot,Watch List,"Projected Lineup, Strong Barrel, Premium Lineup Spot",58.4,42.1,30.9,90.4,50.0,54.3,No,Yes,4,Yes,Yes,RotoWire projected lineup; MLB probable pitchers,lineup projected / unconfirmed,H:2026/2025 P:2026/2025,,,Direct BvP not yet weighted; 2026/2025 Statcast baseline active,7,9,25,1,Contact streak: 9/25 over last 7 games,"same-side matchup; pitcher baseline 8.0% barrel, 17.7 HR allowed",neutral batted-ball profile; pitcher allows elevated contact,13.82,45.39,91.53,102.5647,0.4983,0.2354,0.3528,74.78,49.38,40.44,30.61,25.4,0.2418,8.0,37.75,88.83,0.4024,0.1631,31.37,,,Sutter Health Park,
29,682985,Riley Greene,DET,COL,2026-09-13T16:10:00Z,Scheduled,4,Gabriel Hughes,687312,R,53.5,Longshot,Watch List,"Projected Lineup, Strong Barrel, Premium Lineup Spot, Platoon Edge, Hot Hitter/Streak",62.6,16.1,27.6,90.4,80.0,100.0,No,Yes,4,Yes,Yes,RotoWire projected lineup; MLB probable pitchers,lineup projected / unconfirmed,H:2026/2025 P:2026,,,Direct BvP not yet weighted; 2026/2025 Statcast baseline active,7,14,28,3,Hot streak: 3 HR in last 7 games,"platoon edge; pitcher baseline 4.5% barrel, 5.0 HR allowed",neutral batted-ball profile; pitcher fly-ball pressure modest,15.84,47.25,90.25,102.6361,0.5022,0.2459,0.3614,75.6,57.94,38.84,33.94,24.1,0.2098,4.5,29.2,87.3,0.349,0.113,26.4,,,Comerica Park,
30,682987,Spencer Jones,NYY,NYM,2026-09-13T17:35:00Z,Scheduled,6,Christian Scott,681035,R,53.3,Longshot,Watch List,"Projected Lineup, Strong Barrel, Platoon Edge",67.0,25.0,38.2,71.7,80.0,45.0,No,Yes,6,Yes,Yes,RotoWire projected lineup; MLB probable pitchers,lineup projected / unconfirmed,H:2026 P:2026,,,Direct BvP not yet weighted; 2026/2025 Statcast baseline active,7,11,24,0,Contact streak: 11/24 over last 7 games,"platoon edge; pitcher baseline 6.6% barrel, 10.0 HR allowed",EV profile; pitcher fly-ball pressure modest,15.6,55.9,94.3,104.5907,0.445,0.2,0.332,77.2,72.1,33.6,34.4,9.0,0.194,6.6,33.7,86.5,0.351,0.126,27.9,,,Yankee Stadium,
31,668804,Bryan Reynolds,PIT,CHC,2026-09-13T18:20:00Z,Scheduled,3,Matthew Boyd,571510,L,53.2,Longshot,Watch List,"Projected Lineup, Strong Barrel, Premium Lineup Spot, Platoon Edge",48.9,41.4,29.8,92.1,75.0,60.7,No,Yes,3,Yes,Yes,RotoWire projected lineup; MLB probable pitchers,lineup projected / unconfirmed,H:2026/2025 P:2026/2025,,,Direct BvP not yet weighted; 2026/2025 Statcast baseline active,7,7,25,2,Hot streak: 2 HR in last 7 games,"switch hitter; pitcher baseline 9.0% barrel, 16.2 HR allowed",neutral batted-ball profile; pitcher fly-ball pressure modest,11.36,47.68,91.06,102.0216,0.4547,0.196,0.3548,72.62,28.23,40.01,26.3,16.7,0.1633,9.0,38.21,88.29,0.4204,0.1657,25.99,,,Wrigley Field,
32,691019,Kyle Teel,CWS,STL,2026-09-13T18:15:00Z,Scheduled,2,Michael McGreevy,700241,R,52.9,Longshot,Watch List,"Projected Lineup, Strong Barrel, Premium Lineup Spot, Platoon Edge",39.6,53.6,22.1,95.5,80.0,62.8,No,Yes,2,Yes,Yes,RotoWire projected lineup; MLB probable pitchers,lineup projected / unconfirmed,H:2026/2025 P:2026/2025,,,Direct BvP not yet weighted; 2026/2025 Statcast baseline active,7,5,17,2,Hot streak: 2 HR in last 7 games,"platoon edge; pitcher baseline 9.4% barrel, 17.6 HR allowed",neutral batted-ball profile; pitcher fly-ball pressure modest,11.84,45.51,85.78,100.5621,0.4125,0.1783,0.3195,71.43,23.78,41.94,29.8,5.2,0.1646,9.43,41.29,90.08,0.4724,0.1935,26.83,,,Busch Stadium,
33,694673,Abimelec Ortiz,WSH,LAA,2026-09-13T17:35:00Z,Scheduled,2,Grayson Rodriguez,680570,R,52.8,Longshot,Watch List,"Projected Lineup, Premium Lineup Spot, Platoon Edge",39.0,56.8,28.2,95.5,80.0,28.9,No,Yes,2,Yes,Yes,RotoWire projected lineup; MLB probable pitchers,lineup projected / unconfirmed,H:2026 P:2026,,,Direct BvP not yet weighted; 2026/2025 Statcast baseline active,7,5,16,0,"Last 7 games: 5/16, 0 HR","platoon edge; pitcher baseline 9.5% barrel, 14.0 HR allowed",neutral batted-ball profile; pitcher fly-ball pressure modest,9.0,37.2,89.2,99.8808,0.405,0.183,0.285,75.5,59.5,42.3,32.1,5.0,0.176,9.5,46.0,90.6,0.472,0.199,28.6,,,Nationals Park,
34,699024,Leo Bernal,STL,CWS,2026-09-13T18:15:00Z,Scheduled,5,,,,52.7,Longshot,Watch List,"Projected Lineup, Platoon Edge",55.5,40.2,22.1,81.9,75.0,63.7,No,Yes,5,Yes,Yes,RotoWire projected lineup; MLB probable pitchers,lineup projected / unconfirmed,H:2026 P:,,,Direct BvP not yet weighted; 2026/2025 Statcast baseline active,7,9,30,2,Hot streak: 2 HR in last 7 games,"switch hitter; pitcher baseline 0.0% barrel, 0.0 HR allowed",lift-pull EV profile; pitcher fly-ball pressure modest,6.1,66.7,94.5,102.784,0.508,0.2,0.38,74.3,43.3,45.5,36.4,2.0,0.2,,,,,,,,,Busch Stadium,
35,672960,Kazuma Okamoto,TOR,BAL,2026-09-13T17:37:00Z,Scheduled,6,Trevor Rogers,669432,L,52.6,Longshot,Watch List,"Projected Lineup, Strong Barrel, Platoon Edge, Hot Hitter/Streak",53.5,35.2,30.4,71.7,78.0,97.0,No,Yes,6,Yes,Yes,RotoWire projected lineup; MLB probable pitchers,lineup projected / unconfirmed,H:2026 P:2026/2025,,,Direct BvP not yet weighted; 2026/2025 Statcast baseline active,7,10,25,3,Hot streak: 3 HR in last 7 games,"platoon edge; pitcher baseline 7.0% barrel, 13.0 HR allowed",neutral batted-ball profile; pitcher fly-ball pressure modest,13.6,44.3,90.6,101.398,0.445,0.223,0.325,73.1,34.5,52.0,33.2,31.0,0.225,6.97,40.42,88.72,0.3809,0.1454,24.46,,,Rogers Centre,
36,681715,Heriberto Hernandez,MIA,LAD,2026-09-13T17:40:00Z,Scheduled,2,Emmet Sheehan,686218,R,52.4,Longshot,Watch List,"Projected Lineup, Strong Barrel, Premium Lineup Spot",55.9,48.2,21.5,95.5,50.0,25.3,No,Yes,2,Yes,Yes,RotoWire projected lineup; MLB probable pitchers,lineup projected / unconfirmed,H:2026/2025 P:2026/2025,,,Direct BvP not yet weighted; 2026/2025 Statcast baseline active,7,5,30,1,"Last 7 games: 5/30, 1 HR","same-side matchup; pitcher baseline 10.4% barrel, 16.8 HR allowed",neutral batted-ball profile; pitcher allows elevated contact,13.03,47.22,91.11,101.7358,0.4735,0.2271,0.3487,74.07,43.99,47.03,31.18,19.8,0.2126,10.38,40.13,89.16,0.3838,0.164,30.01,,,loanDepot park,
37,677951,Bobby Witt,KC,BOS,2026-09-13T19:05:00Z,Scheduled,2,Payton Tolle,801139,L,52.3,Longshot,Watch List,"Projected Lineup, Strong Barrel, Premium Lineup Spot, Platoon Edge",57.3,29.2,28.7,95.5,78.0,33.7,No,Yes,2,Yes,Yes,RotoWire projected lineup; MLB probable pitchers,lineup projected / unconfirmed,H:2026/2025 P:2026/2025,,,Direct BvP not yet weighted; 2026/2025 Statcast baseline active,7,6,27,1,"Last 7 games: 6/27, 1 HR","platoon edge; pitcher baseline 6.5% barrel, 12.0 HR allowed",EV profile; pitcher fly-ball pressure modest,12.22,50.04,92.6,103.5002,0.5136,0.215,0.379,74.02,42.79,30.73,27.69,19.5,0.1815,6.54,35.99,88.01,0.3497,0.1359,27.18,,,Fenway Park,
38,696100,Hunter Goodman,COL,DET,2026-09-13T16:10:00Z,Scheduled,3,Jackson Jobe,695549,R,52.1,Longshot,Watch List,"Projected Lineup, Strong Barrel, Premium Lineup Spot",55.7,43.0,27.6,92.1,50.0,36.7,No,Yes,3,Yes,Yes,RotoWire projected lineup; MLB probable pitchers,lineup projected / unconfirmed,H:2026/2025 P:2026/2025,,,Direct BvP not yet weighted; 2026/2025 Statcast baseline active,7,3,27,2,Hot streak: 2 HR in last 7 games,"same-side matchup; pitcher baseline 9.3% barrel, 5.6 HR allowed",neutral batted-ball profile; pitcher fly-ball pressure modest,14.3,45.22,90.31,102.4405,0.4539,0.2238,0.3199,74.86,48.25,48.49,32.06,35.2,0.2658,9.33,38.82,88.47,0.4324,0.1806,24.22,,,Comerica Park,
39,682928,CJ Abrams,WSH,LAA,2026-09-13T17:35:00Z,Scheduled,4,Grayson Rodriguez,680570,R,52.1,Longshot,Watch List,"Projected Lineup, Premium Lineup Spot, Platoon Edge",38.6,56.8,28.2,90.4,80.0,32.5,No,Yes,4,Yes,Yes,RotoWire projected lineup; MLB probable pitchers,lineup projected / unconfirmed,H:2026/2025 P:2026,,,Direct BvP not yet weighted; 2026/2025 Statcast baseline active,7,6,28,1,"Last 7 games: 6/28, 1 HR","platoon edge; pitcher baseline 9.5% barrel, 14.0 HR allowed",neutral batted-ball profile; pitcher fly-ball pressure modest,9.35,40.53,89.33,99.8866,0.4171,0.1735,0.3216,72.82,27.26,44.43,28.94,26.7,0.2145,9.5,46.0,90.6,0.472,0.199,28.6,,,Nationals Park,
40,596019,Francisco Lindor,NYM,NYY,2026-09-13T17:35:00Z,Scheduled,1,Cam Schlittler,693645,R,51.9,Longshot,Watch List,"Projected Lineup, Premium Lineup Spot, Platoon Edge, Hot Hitter/Streak",45.5,34.5,38.2,88.7,75.0,73.4,No,Yes,1,Yes,Yes,RotoWire projected lineup; MLB probable pitchers,lineup projected / unconfirmed,H:2026/2025 P:2026/2025,,,Direct BvP not yet weighted; 2026/2025 Statcast baseline active,7,8,33,4,Hot streak: 4 HR in last 7 games,"switch hitter; pitcher baseline 8.0% barrel, 13.6 HR allowed",neutral batted-ball profile; pitcher fly-ball pressure modest,9.04,47.06,90.92,100.3776,0.4428,0.1954,0.3373,72.16,23.51,45.6,31.84,21.9,0.1997,7.99,39.85,88.72,0.3504,0.1351,26.32,,,Yankee Stadium,
41,701538,Jackson Merrill,SD,SF,2026-09-13T23:20:00Z,Scheduled,5,Logan Webb,657277,R,51.7,Longshot,Watch List,"Projected Lineup, Strong Barrel, Platoon Edge, Hot Hitter/Streak",54.1,30.8,19.3,81.9,80.0,98.1,No,Yes,5,Yes,Yes,RotoWire projected lineup; MLB probable pitchers,lineup projected / unconfirmed,H:2026/2025 P:2026/2025,,,Direct BvP not yet weighted; 2026/2025 Statcast baseline active,7,11,27,3,Hot streak: 3 HR in last 7 games,"platoon edge; pitcher baseline 6.4% barrel, 12.6 HR allowed",neutral batted-ball profile; pitcher fly-ball pressure modest,12.72,46.61,90.82,101.0926,0.4893,0.2235,0.3456,72.88,27.68,37.07,30.48,21.6,0.1881,6.41,39.29,88.65,0.384,0.1289,19.21,,,Oracle Park,
42,694192,Jackson Chourio,MIL,CIN,2026-09-13T18:10:00Z,Scheduled,1,Chase Burns,695505,R,51.5,Longshot,Watch List,"Projected Lineup, Strong Barrel, Premium Lineup Spot, Hot Hitter/Streak",50.7,39.9,27.6,88.7,50.0,81.7,No,Yes,1,Yes,Yes,RotoWire projected lineup; MLB probable pitchers,lineup projected / unconfirmed,H:2026/2025 P:2026/2025,,,Direct BvP not yet weighted; 2026/2025 Statcast baseline active,7,14,31,2,Hot streak: 2 HR in last 7 games,"same-side matchup; pitcher baseline 8.4% barrel, 12.0 HR allowed",neutral batted-ball profile; pitcher fly-ball pressure modest,11.59,45.94,90.98,101.955,0.4617,0.2035,0.3315,74.32,44.87,31.57,29.41,22.4,0.2007,8.38,40.38,89.64,0.3553,0.1453,29.15,,,American Family Field,
43,666018,Jonathan Aranda,TB,HOU,2026-09-13T17:40:00Z,Scheduled,2,Hayden Wesneski,669713,R,51.3,Longshot,Watch List,"Projected Lineup, Strong Barrel, Premium Lineup Spot, Platoon Edge",48.7,35.0,27.6,95.5,80.0,42.3,No,Yes,2,Yes,Yes,RotoWire projected lineup; MLB probable pitchers,lineup projected / unconfirmed,H:2026/2025 P:2026/2025,,,Direct BvP not yet weighted; 2026/2025 Statcast baseline active,7,7,25,1,"Last 7 games: 7/25, 1 HR","platoon edge; pitcher baseline 7.6% barrel, 4.2 HR allowed",neutral batted-ball profile; pitcher fly-ball pressure modest,10.73,48.2,91.74,101.2004,0.4646,0.196,0.3568,70.29,13.04,32.99,30.06,17.5,0.1576,7.56,41.05,88.51,0.3912,0.1494,23.55,,,Tropicana Field,
44,678246,Miguel Vargas,CWS,STL,2026-09-13T18:15:00Z,Scheduled,3,Michael McGreevy,700241,R,51.1,Longshot,Watch List,"Projected Lineup, Strong Barrel, Premium Lineup Spot",51.8,53.6,22.1,92.1,50.0,7.9,No,Yes,3,Yes,Yes,RotoWire projected lineup; MLB probable pitchers,lineup projected / unconfirmed,H:2026/2025 P:2026/2025,,,Direct BvP not yet weighted; 2026/2025 Statcast baseline active,7,5,29,0,"Last 7 games: 5/29, 0 HR","same-side matchup; pitcher baseline 9.4% barrel, 17.6 HR allowed",fly-ball profile; pitcher fly-ball pressure modest,12.34,43.72,90.19,100.3155,0.4763,0.2193,0.3631,72.98,33.44,44.14,35.03,25.8,0.209,9.43,41.29,90.08,0.4724,0.1935,26.83,,,Busch Stadium,
45,676475,Alec Burleson,STL,CWS,2026-09-13T18:15:00Z,Scheduled,3,,,,51.1,Longshot,Watch List,"Projected Lineup, Strong Barrel, Premium Lineup Spot",52.5,41.2,22.1,92.1,60.0,46.5,No,Yes,3,Yes,Yes,RotoWire projected lineup; MLB probable pitchers,lineup projected / unconfirmed,H:2026/2025 P:,,,Direct BvP not yet weighted; 2026/2025 Statcast baseline active,7,8,26,1,"Last 7 games: 8/26, 1 HR","handedness incomplete; pitcher baseline 0.0% barrel, 0.0 HR allowed",neutral batted-ball profile; pitcher fly-ball pressure modest,10.48,47.76,91.7,101.9907,0.5081,0.2214,0.3674,73.28,34.56,44.31,27.47,20.8,0.1802,,,,,,,,,Busch Stadium,
46,683748,Victor Mesa,TB,HOU,2026-09-13T17:40:00Z,Scheduled,5,Hayden Wesneski,669713,R,51.0,Longshot,Watch List,"Projected Lineup, Strong Barrel, Platoon Edge, Hot Hitter/Streak",44.7,35.0,27.6,81.9,80.0,100.0,No,Yes,5,Yes,Yes,RotoWire projected lineup; MLB probable pitchers,lineup projected / unconfirmed,H:2026/2025 P:2026/2025,,,Direct BvP not yet weighted; 2026/2025 Statcast baseline active,7,11,21,3,Hot streak: 3 HR in last 7 games,"platoon edge; pitcher baseline 7.6% barrel, 4.2 HR allowed",neutral batted-ball profile; pitcher fly-ball pressure modest,10.39,40.8,89.77,99.9457,0.4388,0.1963,0.3305,73.65,31.55,40.45,34.68,9.4,0.2218,7.56,41.05,88.51,0.3912,0.1494,23.55,,,Tropicana Field,
47,663886,Tyler Stephenson,CIN,MIL,2026-09-13T18:10:00Z,Scheduled,4,Robert Gasser,688107,L,51.0,Longshot,Watch List,"Projected Lineup, Strong Barrel, Premium Lineup Spot, Platoon Edge",49.9,36.0,27.6,90.4,78.0,41.2,No,Yes,4,Yes,Yes,RotoWire projected lineup; MLB probable pitchers,lineup projected / unconfirmed,H:2026/2025 P:2026/2025,,,Direct BvP not yet weighted; 2026/2025 Statcast baseline active,7,6,22,1,"Last 7 games: 6/22, 1 HR","platoon edge; pitcher baseline 8.0% barrel, 10.1 HR allowed",neutral batted-ball profile; pitcher fly-ball pressure modest,12.89,45.98,90.85,100.4014,0.4312,0.1991,0.3264,70.45,6.86,37.22,33.43,14.4,0.1774,7.95,36.49,88.13,0.3918,0.1572,26.47,,,American Family Field,
48,695600,Carter Jensen,KC,BOS,2026-09-13T19:05:00Z,Scheduled,1,Payton Tolle,801139,L,51.0,Longshot,Watch List,"Projected Lineup, Strong Barrel, Premium Lineup Spot",60.8,29.2,28.7,88.7,50.0,53.3,No,Yes,1,Yes,Yes,RotoWire projected lineup; MLB probable pitchers,lineup projected / unconfirmed,H:2026/2025 P:2026/2025,,,Direct BvP not yet weighted; 2026/2025 Statcast baseline active,7,6,26,2,Hot streak: 2 HR in last 7 games,"same-side matchup; pitcher baseline 6.5% barrel, 12.0 HR allowed",lift-pull EV profile; pitcher fly-ball pressure modest,14.64,49.2,92.6,103.1296,0.4762,0.2242,0.3546,74.1,38.87,40.86,31.05,17.0,0.2262,6.54,35.99,88.01,0.3497,0.1359,27.18,,,Fenway Park,
49,664040,Brandon Lowe,PIT,CHC,2026-09-13T18:20:00Z,Scheduled,2,Matthew Boyd,571510,L,50.8,Longshot,Watch List,"Projected Lineup, Strong Barrel, Premium Lineup Spot",50.2,43.2,29.8,95.5,50.0,30.0,No,Yes,2,Yes,Yes,RotoWire projected lineup; MLB probable pitchers,lineup projected / unconfirmed,H:2026/2025 P:2026/2025,,,Direct BvP not yet weighted; 2026/2025 Statcast baseline active,7,8,25,0,Contact streak: 8/25 over last 7 games,"same-side matchup; pitcher baseline 9.0% barrel, 16.2 HR allowed",neutral batted-ball profile; pitcher fly-ball pressure modest,11.88,45.48,90.96,101.3625,0.4402,0.1977,0.3259,73.66,40.09,46.3,32.78,29.6,0.2196,9.0,38.21,88.29,0.4204,0.1657,25.99,,,Wrigley Field,
50,701350,Roman Anthony,BOS,KC,2026-09-13T19:05:00Z,Scheduled,1,Noah Cameron,702070,L,50.6,Longshot,Watch List,"Projected Lineup, Strong Barrel, Premium Lineup Spot",57.8,37.6,28.7,88.7,50.0,24.5,No,Yes,1,Yes,Yes,RotoWire projected lineup; MLB probable pitchers,lineup projected / unconfirmed,H:2026/2025 P:2026/2025,,,Direct BvP not yet weighted; 2026/2025 Statcast baseline active,7,5,31,1,"Last 7 games: 5/31, 1 HR","same-side matchup; pitcher baseline 7.3% barrel, 16.6 HR allowed",EV profile; pitcher fly-ball pressure modest,13.64,53.09,93.17,103.1979,0.4518,0.1903,0.3587,75.42,53.93,38.74,24.05,5.2,0.1507,7.28,37.61,88.46,0.4012,0.1576,26.52,,,Fenway Park,
51,663728,Cal Raleigh,SEA,ATH,2026-09-13T20:05:00Z,Scheduled,4,Jacob Lopez,682052,L,50.6,Longshot,Watch List,"Projected Lineup, Strong Barrel, Premium Lineup Spot, Platoon Edge",60.0,24.4,30.9,90.4,75.0,18.0,No,Yes,4,Yes,Yes,RotoWire projected lineup; MLB probable pitchers,lineup projected / unconfirmed,H:2026/2025 P:2026/2025,,,Direct BvP not yet weighted; 2026/2025 Statcast baseline active,7,6,25,0,"Last 7 games: 6/25, 0 HR","switch hitter; pitcher baseline 6.4% barrel, 17.8 HR allowed",fly-ball profile; pitcher allows elevated contact,16.14,42.18,90.25,101.187,0.4427,0.2404,0.3304,75.06,52.11,53.66,42.01,32.7,0.2349,6.39,31.1,85.01,0.3536,0.1429,35.28,,,Sutter Health Park,
52,669003,Garrett Mitchell,MIL,CIN,2026-09-13T18:10:00Z,Scheduled,6,Chase Burns,695505,R,50.4,Longshot,Watch List,"Projected Lineup, Strong Barrel, Platoon Edge, Hot Hitter/Streak",47.6,39.9,27.6,71.7,80.0,74.2,No,Yes,6,Yes,Yes,RotoWire projected lineup; MLB probable pitchers,lineup projected / unconfirmed,H:2026/2025 P:2026/2025,,,Direct BvP not yet weighted; 2026/2025 Statcast baseline active,7,10,27,2,Hot streak: 2 HR in last 7 games,"platoon edge; pitcher baseline 8.4% barrel, 12.0 HR allowed",EV profile; pitcher fly-ball pressure modest,10.34,49.76,92.43,103.8655,0.4166,0.1603,0.3335,77.15,77.23,33.58,17.13,7.0,0.1349,8.38,40.38,89.64,0.3553,0.1453,29.15,,,American Family Field,
53,686611,Dylan Crews,WSH,LAA,2026-09-13T17:35:00Z,Scheduled,3,Grayson Rodriguez,680570,R,50.3,Longshot,Watch List,"Projected Lineup, Premium Lineup Spot",39.0,56.8,28.2,92.1,50.0,43.2,No,Yes,3,Yes,Yes,RotoWire projected lineup; MLB probable pitchers,lineup projected / unconfirmed,H:2026/2025 P:2026,,,Direct BvP not yet weighted; 2026/2025 Statcast baseline active,7,8,28,1,"Last 7 games: 8/28, 1 HR","same-side matchup; pitcher baseline 9.5% barrel, 14.0 HR allowed",neutral batted-ball profile; pitcher fly-ball pressure modest,9.17,41.5,90.12,100.9831,0.4028,0.1678,0.3091,73.83,37.86,34.43,26.58,10.7,0.1489,9.5,46.0,90.6,0.472,0.199,28.6,,,Nationals Park,
54,668930,Brice Turang,MIL,CIN,2026-09-13T18:10:00Z,Scheduled,2,Chase Burns,695505,R,50.3,Longshot,Watch List,"Projected Lineup, Premium Lineup Spot, Platoon Edge, Hot Hitter/Streak",36.1,39.9,27.6,95.5,80.0,81.7,No,Yes,2,Yes,Yes,RotoWire projected lineup; MLB probable pitchers,lineup projected / unconfirmed,H:2026/2025 P:2026/2025,,,Direct BvP not yet weighted; 2026/2025 Statcast baseline active,7,10,21,2,Hot streak: 2 HR in last 7 games,"platoon edge; pitcher baseline 8.4% barrel, 12.0 HR allowed",neutral batted-ball profile; pitcher fly-ball pressure modest,7.72,42.92,90.47,100.3171,0.4262,0.1698,0.3399,70.25,13.34,27.79,23.5,18.0,0.1666,8.38,40.38,89.64,0.3553,0.1453,29.15,,,American Family Field,
55,677800,Wilyer Abreu,BOS,KC,2026-09-13T19:05:00Z,Scheduled,4,Noah Cameron,702070,L,50.0,Longshot,Watch List,"Projected Lineup, Strong Barrel, Premium Lineup Spot",53.4,37.6,28.7,90.4,50.0,37.8,No,Yes,4,Yes,Yes,RotoWire projected lineup; MLB probable pitchers,lineup projected / unconfirmed,H:2026/2025 P:2026/2025,,,Direct BvP not yet weighted; 2026/2025 Statcast baseline active,7,6,24,1,"Last 7 games: 6/24, 1 HR","same-side matchup; pitcher baseline 7.3% barrel, 16.6 HR allowed",fly-ball profile; pitcher fly-ball pressure modest,12.51,44.06,90.1,101.3499,0.475,0.2236,0.3455,73.89,38.38,37.97,37.38,23.4,0.2136,7.28,37.61,88.46,0.4012,0.1576,26.52,,,Fenway Park,
56,683737,Michael Busch,CHC,PIT,2026-09-13T18:20:00Z,Scheduled,3,Bubba Chandler,696149,R,49.9,Longshot,Watch List,"Projected Lineup, Strong Barrel, Premium Lineup Spot, Platoon Edge",45.0,34.9,29.8,92.1,80.0,41.2,No,Yes,3,Yes,Yes,RotoWire projected lineup; MLB probable pitchers,lineup projected / unconfirmed,H:2026/2025 P:2026/2025,,,Direct BvP not yet weighted; 2026/2025 Statcast baseline active,7,6,22,1,"Last 7 games: 6/22, 1 HR","platoon edge; pitcher baseline 6.8% barrel, 9.7 HR allowed",fly-ball profile; pitcher fly-ball pressure modest,11.43,42.26,89.61,99.7423,0.4458,0.2055,0.3444,68.9,5.85,40.28,35.25,22.8,0.1864,6.81,39.09,89.29,0.3814,0.1504,25.74,,,Wrigley Field,
57,553993,Eugenio Suarez,CIN,MIL,2026-09-13T18:10:00Z,Scheduled,5,Robert Gasser,688107,L,49.8,Longshot,Watch List,"Projected Lineup, Strong Barrel, Platoon Edge, Hot Hitter/Streak",43.7,36.0,27.6,81.9,78.0,82.7,No,Yes,5,Yes,Yes,RotoWire projected lineup; MLB probable pitchers,lineup projected / unconfirmed,H:2026/2025 P:2026/2025,,,Direct BvP not yet weighted; 2026/2025 Statcast baseline active,7,7,23,3,Hot streak: 3 HR in last 7 games,"platoon edge; pitcher baseline 8.0% barrel, 10.1 HR allowed",neutral batted-ball profile; pitcher fly-ball pressure modest,12.62,39.69,89.01,100.102,0.3888,0.189,0.3011,72.16,23.07,47.19,34.46,30.1,0.2371,7.95,36.49,88.13,0.3918,0.1572,26.47,,,American Family Field,
58,666176,Jo Adell,CLE,MIN,2026-09-13T18:10:00Z,Scheduled,4,,,,49.7,Longshot,Watch List,"Projected Lineup, Strong Barrel, Premium Lineup Spot",52.0,41.2,27.1,90.4,60.0,10.8,No,Yes,4,Yes,Yes,RotoWire projected lineup; MLB probable pitchers,lineup projected / unconfirmed,H:2026/2025 P:,,,Direct BvP not yet weighted; 2026/2025 Statcast baseline active,7,5,26,0,"Last 7 games: 5/26, 0 HR","handedness incomplete; pitcher baseline 0.0% barrel, 0.0 HR allowed",neutral batted-ball profile; pitcher fly-ball pressure modest,11.42,45.59,90.58,102.8339,0.4685,0.2127,0.3356,77.39,71.97,39.19,27.21,25.1,0.1846,,,,,,,,,Target Field,
59,665487,Fernando Tatis,SD,SF,2026-09-13T23:20:00Z,Scheduled,1,Logan Webb,657277,R,49.7,Longshot,Watch List,"Projected Lineup, Strong Barrel, Premium Lineup Spot, Hot Hitter/Streak",56.6,30.8,19.3,88.7,50.0,76.4,No,Yes,1,Yes,Yes,RotoWire projected lineup; MLB probable pitchers,lineup projected / unconfirmed,H:2026/2025 P:2026/2025,,,Direct BvP not yet weighted; 2026/2025 Statcast baseline active,7,10,26,2,Hot streak: 2 HR in last 7 games,"same-side matchup; pitcher baseline 6.4% barrel, 12.6 HR allowed",EV profile; pitcher fly-ball pressure modest,11.98,53.34,93.09,104.458,0.4859,0.1974,0.3721,75.65,58.26,34.94,21.8,21.5,0.1703,6.41,39.29,88.65,0.384,0.1289,19.21,,,Oracle Park,
60,671739,Michael Harris,ATL,PHI,2026-09-13T17:35:00Z,Scheduled,5,Andrew Painter,691725,R,49.6,Longshot,Watch List,"Projected Lineup, Platoon Edge",44.8,41.0,30.9,81.9,80.0,33.7,No,Yes,5,Yes,Yes,RotoWire projected lineup; MLB probable pitchers,lineup projected / unconfirmed,H:2026/2025 P:2026,,,Direct BvP not yet weighted; 2026/2025 Statcast baseline active,7,6,27,1,"Last 7 games: 6/27, 1 HR","platoon edge; pitcher baseline 8.5% barrel, 19.0 HR allowed",neutral batted-ball profile; pitcher fly-ball pressure modest,9.94,46.2,90.34,103.0965,0.4611,0.1816,0.3304,74.72,47.47,36.29,22.35,22.8,0.1859,8.5,35.7,87.4,0.426,0.173,26.6,,,Truist Park,
61,518692,Freddie Freeman,LAD,MIA,2026-09-13T17:40:00Z,Scheduled,2,Eury Pérez,691587,R,49.5,Longshot,Watch List,"Projected Lineup, Premium Lineup Spot, Platoon Edge",40.2,47.8,21.5,95.5,80.0,19.1,No,Yes,2,Yes,Yes,RotoWire projected lineup; MLB probable pitchers,lineup projected / unconfirmed,H:2026/2025 P:2026/2025,,,Direct BvP not yet weighted; 2026/2025 Statcast baseline active,7,3,24,1,"Last 7 games: 3/24, 1 HR","platoon edge; pitcher baseline 9.8% barrel, 15.5 HR allowed",neutral batted-ball profile; pitcher allows elevated contact,8.86,42.62,89.92,100.229,0.4719,0.1867,0.3633,70.08,8.12,36.19,27.35,18.4,0.1713,9.84,41.46,89.1,0.3828,0.1679,31.5,,,loanDepot park,
62,605137,Josh Bell,MIN,CLE,2026-09-13T18:10:00Z,Scheduled,4,Tanner Bibee,676440,R,49.5,Longshot,Watch List,"Projected Lineup, Strong Barrel, Premium Lineup Spot, Platoon Edge",45.0,41.2,27.1,90.4,75.0,25.3,No,Yes,4,Yes,Yes,RotoWire projected lineup; MLB probable pitchers,lineup projected / unconfirmed,H:2026/2025 P:2026/2025,,,Direct BvP not yet weighted; 2026/2025 Statcast baseline active,7,4,24,1,"Last 7 games: 4/24, 1 HR","switch hitter; pitcher baseline 8.0% barrel, 27.0 HR allowed",neutral batted-ball profile; pitcher fly-ball pressure modest,10.49,43.71,89.98,101.0179,0.457,0.2024,0.3422,72.33,28.64,41.36,26.85,19.9,0.1716,8.03,38.28,88.85,0.4088,0.1646,27.62,,,Target Field,
63,521692,Salvador Perez,KC,BOS,2026-09-13T19:05:00Z,Scheduled,3,Payton Tolle,801139,L,49.5,Longshot,Watch List,"Projected Lineup, Strong Barrel, Premium Lineup Spot, Platoon Edge",47.1,29.2,28.7,92.1,78.0,53.9,No,Yes,3,Yes,Yes,RotoWire projected lineup; MLB probable pitchers,lineup projected / unconfirmed,H:2026/2025 P:2026/2025,,,Direct BvP not yet weighted; 2026/2025 Statcast baseline active,7,10,28,1,Contact streak: 10/28 over last 7 games,"platoon edge; pitcher baseline 6.5% barrel, 12.0 HR allowed",neutral batted-ball profile; pitcher fly-ball pressure modest,11.58,43.9,89.3,100.7563,0.4619,0.2086,0.3248,72.06,22.21,42.05,30.92,22.3,0.1708,6.54,35.99,88.01,0.3497,0.1359,27.18,,,Fenway Park,
64,592626,Joc Pederson,TEX,AZ,2026-09-13T20:10:00Z,Scheduled,1,Eduardo Rodriguez,593958,L,49.3,Longshot,Watch List,"Projected Lineup, Strong Barrel, Premium Lineup Spot",49.7,37.1,28.2,88.7,50.0,56.2,No,Yes,1,Yes,Yes,RotoWire projected lineup; MLB probable pitchers,lineup projected / unconfirmed,H:2026/2025 P:2026/2025,,,Direct BvP not yet weighted; 2026/2025 Statcast baseline active,7,4,16,2,Hot streak: 2 HR in last 7 games,"same-side matchup; pitcher baseline 7.6% barrel, 18.0 HR allowed",neutral batted-ball profile; pitcher fly-ball pressure modest,10.76,49.21,91.83,102.03,0.4308,0.1957,0.3353,72.53,25.69,43.46,30.52,20.9,0.2205,7.64,33.66,87.57,0.4202,0.165,27.05,,,Chase Field,
65,669394,Jake Burger,TEX,AZ,2026-09-13T20:10:00Z,Scheduled,7,Eduardo Rodriguez,593958,L,49.2,Longshot,Watch List,"Projected Lineup, Strong Barrel, Platoon Edge",52.2,37.1,28.2,59.8,78.0,68.3,No,Yes,7,Yes,Yes,RotoWire projected lineup; MLB probable pitchers,lineup projected / unconfirmed,H:2026/2025 P:2026/2025,,,Direct BvP not yet weighted; 2026/2025 Statcast baseline active,7,5,24,3,Hot streak: 3 HR in last 7 games,"platoon edge; pitcher baseline 7.6% barrel, 18.0 HR allowed",neutral batted-ball profile; pitcher fly-ball pressure modest,12.85,47.31,90.26,102.8209,0.4423,0.2047,0.3205,75.37,58.21,41.18,28.6,23.0,0.1921,7.64,33.66,87.57,0.4202,0.165,27.05,,,Chase Field,
66,671218,Heliot Ramos,NYY,NYM,2026-09-13T17:35:00Z,Scheduled,4,Christian Scott,681035,R,48.9,Longshot,Watch List,"Projected Lineup, Strong Barrel, Premium Lineup Spot",50.8,25.0,38.2,90.4,50.0,65.5,No,Yes,4,Yes,Yes,RotoWire projected lineup; MLB probable pitchers,lineup projected / unconfirmed,H:2026/2025 P:2026,,,Direct BvP not yet weighted; 2026/2025 Statcast baseline active,7,5,16,2,Hot streak: 2 HR in last 7 games,"same-side matchup; pitcher baseline 6.6% barrel, 10.0 HR allowed",EV profile; pitcher fly-ball pressure modest,12.37,49.22,92.15,103.0441,0.4373,0.1855,0.3263,72.99,32.4,33.1,23.58,14.0,0.1545,6.6,33.7,86.5,0.351,0.126,27.9,,,Yankee Stadium,
67,671732,Lawrence Butler,ATH,SEA,2026-09-13T20:05:00Z,Scheduled,3,Bryce Miller,682243,R,48.8,Longshot,Watch List,"Projected Lineup, Premium Lineup Spot, Platoon Edge",35.9,42.1,30.9,92.1,80.0,41.7,No,Yes,3,Yes,Yes,RotoWire projected lineup; MLB probable pitchers,lineup projected / unconfirmed,H:2026/2025 P:2026/2025,,,Direct BvP not yet weighted; 2026/2025 Statcast baseline active,7,4,26,2,Hot streak: 2 HR in last 7 games,"platoon edge; pitcher baseline 8.0% barrel, 17.7 HR allowed",neutral batted-ball profile; pitcher allows elevated contact,8.22,45.24,89.87,101.8451,0.3877,0.1486,0.3162,73.63,37.53,34.61,21.44,16.1,0.1525,8.0,37.75,88.83,0.4024,0.1631,31.37,,,Sutter Health Park,
68,686527,Dominic Canzone,SEA,ATH,2026-09-13T20:05:00Z,Scheduled,3,Jacob Lopez,682052,L,48.7,Longshot,Watch List,"Projected Lineup, Strong Barrel, Premium Lineup Spot",54.8,26.3,30.9,92.1,50.0,45.3,No,Yes,3,Yes,Yes,RotoWire projected lineup; MLB probable pitchers,lineup projected / unconfirmed,H:2026/2025 P:2026/2025,,,Direct BvP not yet weighted; 2026/2025 Statcast baseline active,7,9,30,1,"Last 7 games: 9/30, 1 HR","same-side matchup; pitcher baseline 6.4% barrel, 17.8 HR allowed",neutral batted-ball profile; pitcher allows elevated contact,12.82,46.13,91.53,102.5654,0.4952,0.222,0.3585,73.94,41.43,39.69,26.09,18.0,0.2083,6.39,31.1,85.01,0.3536,0.1429,35.28,,,Sutter Health Park,
69,676724,Jared Young,NYM,NYY,2026-09-13T17:35:00Z,Scheduled,5,Cam Schlittler,693645,R,48.4,Longshot,Watch List,"Projected Lineup, Platoon Edge",38.3,36.0,38.2,81.9,80.0,54.9,No,Yes,5,Yes,Yes,RotoWire projected lineup; MLB probable pitchers,lineup projected / unconfirmed,H:2026/2025 P:2026/2025,,,Direct BvP not yet weighted; 2026/2025 Statcast baseline active,7,8,22,1,Contact streak: 8/22 over last 7 games,"platoon edge; pitcher baseline 8.0% barrel, 13.6 HR allowed",neutral batted-ball profile; pitcher fly-ball pressure modest,9.19,43.43,88.31,100.7429,0.4091,0.178,0.3065,73.37,33.18,40.42,26.81,6.8,0.2026,7.99,39.85,88.72,0.3504,0.1351,26.32,,,Yankee Stadium,
70,592885,Christian Yelich,MIL,CIN,2026-09-13T18:10:00Z,Scheduled,4,Chase Burns,695505,R,48.2,Longshot,Watch List,"Projected Lineup, Premium Lineup Spot, Platoon Edge",39.1,39.9,27.6,90.4,80.0,34.4,No,Yes,4,Yes,Yes,RotoWire projected lineup; MLB probable pitchers,lineup projected / unconfirmed,H:2026/2025 P:2026/2025,,,Direct BvP not yet weighted; 2026/2025 Statcast baseline active,7,5,22,1,"Last 7 games: 5/22, 1 HR","platoon edge; pitcher baseline 8.4% barrel, 12.0 HR allowed",neutral batted-ball profile; pitcher fly-ball pressure modest,9.95,44.51,89.43,101.1477,0.4068,0.1695,0.3174,73.16,32.39,34.52,18.88,16.4,0.1607,8.38,40.38,89.64,0.3553,0.1453,29.15,,,American Family Field,
71,695657,Colson Montgomery,CWS,STL,2026-09-13T18:15:00Z,Scheduled,8,Michael McGreevy,700241,R,48.2,Longshot,Watch List,"Projected Lineup, Strong Barrel, Platoon Edge",52.0,53.6,22.1,47.9,80.0,18.3,No,Yes,8,Yes,Yes,RotoWire projected lineup; MLB probable pitchers,lineup projected / unconfirmed,H:2026/2025 P:2026/2025,,,Direct BvP not yet weighted; 2026/2025 Statcast baseline active,7,2,24,1,"Last 7 games: 2/24, 1 HR","platoon edge; pitcher baseline 9.4% barrel, 17.6 HR allowed",neutral batted-ball profile; pitcher fly-ball pressure modest,13.31,42.54,88.98,101.9097,0.4359,0.2227,0.3137,76.72,70.65,48.95,32.81,28.0,0.2417,9.43,41.29,90.08,0.4724,0.1935,26.83,,,Busch Stadium,
72,643217,Andrew Benintendi,CWS,STL,2026-09-13T18:15:00Z,Scheduled,5,Michael McGreevy,700241,R,48.0,Longshot,Watch List,"Projected Lineup, Platoon Edge",37.8,53.6,22.1,81.9,80.0,14.1,No,Yes,5,Yes,Yes,RotoWire projected lineup; MLB probable pitchers,lineup projected / unconfirmed,H:2026/2025 P:2026/2025,,,Direct BvP not yet weighted; 2026/2025 Statcast baseline active,7,3,14,0,"Last 7 games: 3/14, 0 HR","platoon edge; pitcher baseline 9.4% barrel, 17.6 HR allowed",neutral batted-ball profile; pitcher fly-ball pressure modest,9.49,42.64,88.84,98.8508,0.4132,0.1725,0.3137,69.61,4.71,49.47,32.62,15.8,0.1819,9.43,41.29,90.08,0.4724,0.1935,26.83,,,Busch Stadium,
73,691723,Coby Mayo,BAL,TOR,2026-09-13T17:37:00Z,Scheduled,4,Dylan Cease,656302,R,47.9,Longshot,Watch List,"Projected Lineup, Strong Barrel, Premium Lineup Spot, Hot Hitter/Streak",52.3,21.6,30.4,90.4,50.0,74.5,No,Yes,4,Yes,Yes,RotoWire projected lineup; MLB probable pitchers,lineup projected / unconfirmed,H:2026/2025 P:2026/2025,,,Direct BvP not yet weighted; 2026/2025 Statcast baseline active,7,6,24,4,Hot streak: 4 HR in last 7 games,"same-side matchup; pitcher baseline 6.2% barrel, 14.0 HR allowed",neutral batted-ball profile; pitcher fly-ball pressure modest,12.34,44.96,90.24,102.6438,0.4372,0.2146,0.3171,75.47,55.65,48.64,34.32,19.4,0.2228,6.22,33.86,86.66,0.3093,0.1121,25.05,,,Rogers Centre,
74,624424,Michael Conforto,CHC,PIT,2026-09-13T18:20:00Z,Scheduled,6,Bubba Chandler,696149,R,47.6,Longshot,Watch List,"Projected Lineup, Strong Barrel, Platoon Edge",45.5,34.9,29.8,71.7,80.0,50.3,No,Yes,6,Yes,Yes,RotoWire projected lineup; MLB probable pitchers,lineup projected / unconfirmed,H:2026/2025 P:2026/2025,,,Direct BvP not yet weighted; 2026/2025 Statcast baseline active,7,6,18,1,Contact streak: 6/18 over last 7 games,"platoon edge; pitcher baseline 6.8% barrel, 9.7 HR allowed",neutral batted-ball profile; pitcher fly-ball pressure modest,10.75,42.18,90.25,100.6636,0.4296,0.1938,0.3342,72.92,33.65,42.97,34.06,13.4,0.211,6.81,39.09,89.29,0.3814,0.1504,25.74,,,Wrigley Field,
75,543807,George Springer,TOR,BAL,2026-09-13T17:37:00Z,Scheduled,2,Trevor Rogers,669432,L,47.5,Longshot,Watch List,"Projected Lineup, Premium Lineup Spot, Platoon Edge",40.2,35.2,30.4,95.5,78.0,16.6,No,Yes,2,Yes,Yes,RotoWire projected lineup; MLB probable pitchers,lineup projected / unconfirmed,H:2026/2025 P:2026/2025,,,Direct BvP not yet weighted; 2026/2025 Statcast baseline active,7,6,26,0,"Last 7 games: 6/26, 0 HR","platoon edge; pitcher baseline 7.0% barrel, 13.0 HR allowed",neutral batted-ball profile; pitcher fly-ball pressure modest,9.62,41.37,89.02,100.3644,0.438,0.1848,0.3354,73.24,35.51,40.74,26.65,19.4,0.1873,6.97,40.42,88.72,0.3809,0.1454,24.46,,,Rogers Centre,
76,663656,Kyle Tucker,LAD,MIA,2026-09-13T17:40:00Z,Scheduled,5,Eury Pérez,691587,R,47.4,Longshot,Watch List,"Projected Lineup, Platoon Edge",34.1,47.8,21.5,81.9,80.0,56.2,No,Yes,5,Yes,Yes,RotoWire projected lineup; MLB probable pitchers,lineup projected / unconfirmed,H:2026/2025 P:2026/2025,,,Direct BvP not yet weighted; 2026/2025 Statcast baseline active,7,6,24,2,Hot streak: 2 HR in last 7 games,"platoon edge; pitcher baseline 9.8% barrel, 15.5 HR allowed",neutral batted-ball profile; pitcher allows elevated contact,7.65,38.16,89.19,98.8366,0.4186,0.1584,0.3426,71.58,20.73,43.17,33.75,16.4,0.1609,9.84,41.46,89.1,0.3828,0.1679,31.5,,,loanDepot park,
77,691781,Brady House,WSH,LAA,2026-09-13T17:35:00Z,Scheduled,5,Grayson Rodriguez,680570,R,47.2,Longshot,Watch List,Projected Lineup,39.3,56.8,28.2,81.9,50.0,7.0,No,Yes,5,Yes,Yes,RotoWire projected lineup; MLB probable pitchers,lineup projected / unconfirmed,H:2026/2025 P:2026,,,Direct BvP not yet weighted; 2026/2025 Statcast baseline active,7,4,24,0,"Last 7 games: 4/24, 0 HR","same-side matchup; pitcher baseline 9.5% barrel, 14.0 HR allowed",neutral batted-ball profile; pitcher fly-ball pressure modest,8.43,47.0,89.8,101.6983,0.4239,0.1581,0.3218,73.17,29.62,32.05,26.14,8.2,0.1363,9.5,46.0,90.6,0.472,0.199,28.6,,,Nationals Park,
78,703607,Henry Bolte,ATH,SEA,2026-09-13T20:05:00Z,Scheduled,1,Bryce Miller,682243,R,47.2,Longshot,Watch List,"Projected Lineup, Premium Lineup Spot",37.1,42.1,30.9,88.7,50.0,66.7,No,Yes,1,Yes,Yes,RotoWire projected lineup; MLB probable pitchers,lineup projected / unconfirmed,H:2026 P:2026/2025,,,Direct BvP not yet weighted; 2026/2025 Statcast baseline active,7,8,25,2,Hot streak: 2 HR in last 7 games,"same-side matchup; pitcher baseline 8.0% barrel, 17.7 HR allowed",neutral batted-ball profile; pitcher allows elevated contact,7.6,48.0,90.8,104.3425,0.376,0.128,0.317,77.0,71.9,32.3,15.5,10.0,0.125,8.0,37.75,88.83,0.4024,0.1631,31.37,,,Sutter Health Park,
79,605141,Mookie Betts,LAD,MIA,2026-09-13T17:40:00Z,Scheduled,3,Eury Pérez,691587,R,47.1,Longshot,Watch List,"Projected Lineup, Premium Lineup Spot, Hot Hitter/Streak",32.4,47.8,21.5,92.1,50.0,87.0,No,Yes,3,Yes,Yes,RotoWire projected lineup; MLB probable pitchers,lineup projected / unconfirmed,H:2026/2025 P:2026/2025,,,Direct BvP not yet weighted; 2026/2025 Statcast baseline active,7,9,27,3,Hot streak: 3 HR in last 7 games,"same-side matchup; pitcher baseline 9.8% barrel, 15.5 HR allowed",neutral batted-ball profile; pitcher allows elevated contact,7.11,37.34,89.87,98.424,0.4262,0.1532,0.3321,69.46,8.25,39.82,33.59,19.3,0.1697,9.84,41.46,89.1,0.3828,0.1679,31.5,,,loanDepot park,
80,606192,Teoscar Hernandez,LAD,MIA,2026-09-13T17:40:00Z,Scheduled,6,Eury Pérez,691587,R,47.1,Longshot,Watch List,"Projected Lineup, Strong Barrel",45.3,47.8,21.5,71.7,50.0,59.0,No,Yes,6,Yes,Yes,RotoWire projected lineup; MLB probable pitchers,lineup projected / unconfirmed,H:2026/2025 P:2026/2025,,,Direct BvP not yet weighted; 2026/2025 Statcast baseline active,7,9,23,1,Contact streak: 9/23 over last 7 games,"same-side matchup; pitcher baseline 9.8% barrel, 15.5 HR allowed",neutral batted-ball profile; pitcher allows elevated contact,10.8,45.05,90.2,101.5154,0.4406,0.1857,0.3282,72.62,26.32,34.85,29.1,16.6,0.1699,9.84,41.46,89.1,0.3828,0.1679,31.5,,,loanDepot park,
81,664023,Ian Happ,CHC,PIT,2026-09-13T18:20:00Z,Scheduled,4,Bubba Chandler,696149,R,47.0,Longshot,Watch List,"Projected Lineup, Strong Barrel, Premium Lineup Spot, Platoon Edge",43.1,33.9,29.8,90.4,75.0,15.3,No,Yes,4,Yes,Yes,RotoWire projected lineup; MLB probable pitchers,lineup projected / unconfirmed,H:2026/2025 P:2026/2025,,,Direct BvP not yet weighted; 2026/2025 Statcast baseline active,7,4,18,0,"Last 7 games: 4/18, 0 HR","switch hitter; pitcher baseline 6.8% barrel, 9.7 HR allowed",neutral batted-ball profile; pitcher fly-ball pressure modest,11.03,42.3,89.51,100.7396,0.4122,0.1909,0.3253,71.74,17.87,44.82,31.2,23.0,0.1875,6.81,39.09,89.29,0.3814,0.1504,25.74,,,Wrigley Field,
82,695734,Daylen Lile,WSH,LAA,2026-09-13T17:35:00Z,Scheduled,6,Grayson Rodriguez,680570,R,46.9,Longshot,Watch List,"Projected Lineup, Platoon Edge",35.7,56.8,28.2,71.7,80.0,0.0,No,Yes,6,Yes,Yes,RotoWire projected lineup; MLB probable pitchers,lineup projected / unconfirmed,H:2026/2025 P:2026,,,Direct BvP not yet weighted; 2026/2025 Statcast baseline active,7,3,26,0,"Last 7 games: 3/26, 0 HR","platoon edge; pitcher baseline 9.5% barrel, 14.0 HR allowed",neutral batted-ball profile; pitcher fly-ball pressure modest,8.07,38.84,88.76,99.0872,0.4441,0.1733,0.3326,70.71,9.85,40.8,33.46,16.7,0.1871,9.5,46.0,90.6,0.472,0.199,28.6,,,Nationals Park,
83,665489,Vladimir Guerrero,TOR,BAL,2026-09-13T17:37:00Z,Scheduled,3,Trevor Rogers,669432,L,46.9,Longshot,Watch List,"Projected Lineup, Premium Lineup Spot, Platoon Edge",40.2,35.2,30.4,92.1,78.0,14.1,No,Yes,3,Yes,Yes,RotoWire projected lineup; MLB probable pitchers,lineup projected / unconfirmed,H:2026/2025 P:2026/2025,,,Direct BvP not yet weighted; 2026/2025 Statcast baseline active,7,6,28,0,"Last 7 games: 6/28, 0 HR","platoon edge; pitcher baseline 7.0% barrel, 13.0 HR allowed",neutral batted-ball profile; pitcher fly-ball pressure modest,8.35,46.36,90.95,103.3885,0.4325,0.1437,0.3476,76.42,63.68,35.32,19.17,12.5,0.1169,6.97,40.42,88.72,0.3809,0.1454,24.46,,,Rogers Centre,
84,661388,William Contreras,MIL,CIN,2026-09-13T18:10:00Z,Scheduled,5,Chase Burns,695505,R,46.9,Longshot,Watch List,"Projected Lineup, Hot Hitter/Streak",40.0,39.9,27.6,81.9,50.0,79.9,No,Yes,5,Yes,Yes,RotoWire projected lineup; MLB probable pitchers,lineup projected / unconfirmed,H:2026/2025 P:2026/2025,,,Direct BvP not yet weighted; 2026/2025 Statcast baseline active,7,8,28,4,Hot streak: 4 HR in last 7 games,"same-side matchup; pitcher baseline 8.4% barrel, 12.0 HR allowed",neutral batted-ball profile; pitcher fly-ball pressure modest,7.87,45.77,90.68,101.7376,0.4287,0.1716,0.3329,73.41,36.44,35.83,24.57,16.3,0.1418,8.38,40.38,89.64,0.3553,0.1453,29.15,,,American Family Field,
85,668939,Adley Rutschman,BOS,KC,2026-09-13T19:05:00Z,Scheduled,3,Noah Cameron,702070,L,46.9,Longshot,Watch List,"Projected Lineup, Premium Lineup Spot, Platoon Edge, Hot Hitter/Streak",32.8,35.8,28.7,92.1,75.0,71.6,No,Yes,3,Yes,Yes,RotoWire projected lineup; MLB probable pitchers,lineup projected / unconfirmed,H:2026/2025 P:2026/2025,,,Direct BvP not yet weighted; 2026/2025 Statcast baseline active,7,6,26,3,Hot streak: 3 HR in last 7 games,"switch hitter; pitcher baseline 7.3% barrel, 16.6 HR allowed",neutral batted-ball profile; pitcher fly-ball pressure modest,7.36,39.23,88.84,99.3034,0.4191,0.1662,0.3334,70.42,11.86,39.17,29.43,11.1,0.1733,7.28,37.61,88.46,0.4012,0.1576,26.52,,,Fenway Park,
86,663586,Austin Riley,ATL,PHI,2026-09-13T17:35:00Z,Scheduled,7,Andrew Painter,691725,R,46.8,Longshot,Watch List,"Projected Lineup, Strong Barrel",53.8,41.0,30.9,59.8,50.0,34.4,No,Yes,7,Yes,Yes,RotoWire projected lineup; MLB probable pitchers,lineup projected / unconfirmed,H:2026/2025 P:2026,,,Direct BvP not yet weighted; 2026/2025 Statcast baseline active,7,5,22,1,"Last 7 games: 5/22, 1 HR","same-side matchup; pitcher baseline 8.5% barrel, 19.0 HR allowed",neutral batted-ball profile; pitcher fly-ball pressure modest,13.17,46.49,91.67,102.8052,0.4202,0.197,0.309,75.83,59.71,40.29,31.43,16.7,0.1526,8.5,35.7,87.4,0.426,0.173,26.6,,,Truist Park,
87,607208,Trea Turner,PHI,ATL,2026-09-13T17:35:00Z,Scheduled,2,Grant Holmes,656550,R,46.7,Longshot,Watch List,"Projected Lineup, Premium Lineup Spot",27.6,51.5,30.9,95.5,50.0,54.9,No,Yes,2,Yes,Yes,RotoWire projected lineup; MLB probable pitchers,lineup projected / unconfirmed,H:2026/2025 P:2026/2025,,,Direct BvP not yet weighted; 2026/2025 Statcast baseline active,7,7,29,2,Hot streak: 2 HR in last 7 games,"same-side matchup; pitcher baseline 9.0% barrel, 18.1 HR allowed",neutral batted-ball profile; pitcher fly-ball pressure modest,6.36,40.35,88.67,99.3,0.3806,0.1302,0.3007,71.45,18.58,35.17,25.48,17.8,0.1481,8.98,43.79,91.01,0.4245,0.1747,26.76,,,Truist Park,
88,683357,Owen Caissie,MIA,LAD,2026-09-13T17:40:00Z,Scheduled,7,Emmet Sheehan,686218,R,46.6,Longshot,Watch List,"Projected Lineup, Strong Barrel, Platoon Edge",45.2,48.2,21.5,59.8,80.0,26.8,No,Yes,7,Yes,Yes,RotoWire projected lineup; MLB probable pitchers,lineup projected / unconfirmed,H:2026/2025 P:2026/2025,,,Direct BvP not yet weighted; 2026/2025 Statcast baseline active,7,3,17,1,"Last 7 games: 3/17, 1 HR","platoon edge; pitcher baseline 10.4% barrel, 16.8 HR allowed",neutral batted-ball profile; pitcher allows elevated contact,13.93,37.43,89.96,100.1339,0.3768,0.1727,0.2796,74.95,55.07,31.46,30.69,10.1,0.1806,10.38,40.13,89.16,0.3838,0.164,30.01,,,loanDepot park,
89,668227,Randy Arozarena,SEA,ATH,2026-09-13T20:05:00Z,Scheduled,2,Jacob Lopez,682052,L,46.6,Longshot,Watch List,"Projected Lineup, Premium Lineup Spot, Platoon Edge",38.9,26.3,30.9,95.5,78.0,48.3,No,Yes,2,Yes,Yes,RotoWire projected lineup; MLB probable pitchers,lineup projected / unconfirmed,H:2026/2025 P:2026/2025,,,Direct BvP not yet weighted; 2026/2025 Statcast baseline active,7,8,25,1,Contact streak: 8/25 over last 7 games,"platoon edge; pitcher baseline 6.4% barrel, 17.8 HR allowed",neutral batted-ball profile; pitcher allows elevated contact,8.84,44.16,90.74,100.9306,0.4156,0.1676,0.3403,71.32,24.8,34.75,24.38,23.5,0.1873,6.39,31.1,85.01,0.3536,0.1429,35.28,,,Sutter Health Park,
90,592518,Manny Machado,SD,SF,2026-09-13T23:20:00Z,Scheduled,3,Logan Webb,657277,R,46.5,Longshot,Watch List,"Projected Lineup, Strong Barrel, Premium Lineup Spot",48.6,30.8,19.3,92.1,50.0,54.7,No,Yes,3,Yes,Yes,RotoWire projected lineup; MLB probable pitchers,lineup projected / unconfirmed,H:2026/2025 P:2026/2025,,,Direct BvP not yet weighted; 2026/2025 Statcast baseline active,7,6,25,2,Hot streak: 2 HR in last 7 games,"same-side matchup; pitcher baseline 6.4% barrel, 12.6 HR allowed",neutral batted-ball profile; pitcher fly-ball pressure modest,10.73,46.6,91.15,101.8877,0.4474,0.1918,0.3407,74.64,44.79,39.1,28.08,26.3,0.1878,6.41,39.29,88.65,0.384,0.1289,19.21,,,Oracle Park,
91,641355,Cody Bellinger,NYY,NYM,2026-09-13T17:35:00Z,Scheduled,3,Christian Scott,681035,R,46.3,Longshot,Watch List,"Projected Lineup, Premium Lineup Spot, Platoon Edge, Hot Hitter/Streak",30.1,25.0,38.2,92.1,80.0,90.6,No,Yes,3,Yes,Yes,RotoWire projected lineup; MLB probable pitchers,lineup projected / unconfirmed,H:2026/2025 P:2026,,,Direct BvP not yet weighted; 2026/2025 Statcast baseline active,7,10,28,3,Hot streak: 3 HR in last 7 games,"platoon edge; pitcher baseline 6.6% barrel, 10.0 HR allowed",neutral batted-ball profile; pitcher fly-ball pressure modest,6.8,37.41,88.93,98.4726,0.4166,0.1505,0.3342,69.82,4.33,43.8,31.43,18.5,0.1772,6.6,33.7,86.5,0.351,0.126,27.9,,,Yankee Stadium,
92,800050,Chase DeLauter,CLE,MIN,2026-09-13T18:10:00Z,Scheduled,3,,,,46.3,Longshot,Watch List,"Projected Lineup, Premium Lineup Spot",35.6,41.2,27.1,92.1,60.0,46.5,No,Yes,3,Yes,Yes,RotoWire projected lineup; MLB probable pitchers,lineup projected / unconfirmed,H:2026 P:,,,Direct BvP not yet weighted; 2026/2025 Statcast baseline active,7,8,26,1,"Last 7 games: 8/26, 1 HR","handedness incomplete; pitcher baseline 0.0% barrel, 0.0 HR allowed",neutral batted-ball profile; pitcher fly-ball pressure modest,6.3,46.5,91.5,101.4354,0.43,0.152,0.345,71.5,18.6,37.7,19.9,14.0,0.167,,,,,,,,,Target Field,
93,677594,Julio Rodriguez,SEA,ATH,2026-09-13T20:05:00Z,Scheduled,5,Jacob Lopez,682052,L,46.3,Longshot,Watch List,"Projected Lineup, Platoon Edge",45.9,26.3,30.9,81.9,78.0,33.7,No,Yes,5,Yes,Yes,RotoWire projected lineup; MLB probable pitchers,lineup projected / unconfirmed,H:2026/2025 P:2026/2025,,,Direct BvP not yet weighted; 2026/2025 Statcast baseline active,7,6,27,1,"Last 7 games: 6/27, 1 HR","platoon edge; pitcher baseline 6.4% barrel, 17.8 HR allowed",neutral batted-ball profile; pitcher allows elevated contact,9.24,45.48,90.68,102.8149,0.4531,0.1873,0.3377,76.61,66.57,38.49,25.91,24.3,0.1706,6.39,31.1,85.01,0.3536,0.1429,35.28,,,Sutter Health Park,
94,607043,Brandon Nimmo,TEX,AZ,2026-09-13T20:10:00Z,Scheduled,4,Eduardo Rodriguez,593958,L,46.2,Longshot,Watch List,"Projected Lineup, Premium Lineup Spot",46.9,37.1,28.2,90.4,50.0,7.9,No,Yes,4,Yes,Yes,RotoWire projected lineup; MLB probable pitchers,lineup projected / unconfirmed,H:2026/2025 P:2026/2025,,,Direct BvP not yet weighted; 2026/2025 Statcast baseline active,7,5,29,0,"Last 7 games: 5/29, 0 HR","same-side matchup; pitcher baseline 7.6% barrel, 18.0 HR allowed",EV profile; pitcher fly-ball pressure modest,9.36,50.9,92.11,102.0937,0.447,0.1796,0.3406,72.34,27.81,33.59,25.56,17.3,0.1572,7.64,33.66,87.57,0.4202,0.165,27.05,,,Chase Field,
95,673962,Josh Jung,TEX,AZ,2026-09-13T20:10:00Z,Scheduled,3,Eduardo Rodriguez,593958,L,46.1,Longshot,Watch List,"Projected Lineup, Premium Lineup Spot, Platoon Edge",35.4,37.1,28.2,92.1,78.0,28.2,No,Yes,3,Yes,Yes,RotoWire projected lineup; MLB probable pitchers,lineup projected / unconfirmed,H:2026/2025 P:2026/2025,,,Direct BvP not yet weighted; 2026/2025 Statcast baseline active,7,8,26,0,"Last 7 games: 8/26, 0 HR","platoon edge; pitcher baseline 7.6% barrel, 18.0 HR allowed",neutral batted-ball profile; pitcher fly-ball pressure modest,6.9,47.82,90.21,100.4188,0.4266,0.1529,0.3341,70.41,7.76,37.69,22.87,10.5,0.1446,7.64,33.66,87.57,0.4202,0.165,27.05,,,Chase Field,
96,687093,Vaughn Grissom,LAA,WSH,2026-09-13T17:35:00Z,Scheduled,4,Jake Irvin,663623,R,45.9,Longshot,Watch List,"Projected Lineup, Premium Lineup Spot",26.1,61.4,28.2,90.4,50.0,22.6,No,Yes,4,Yes,Yes,RotoWire projected lineup; MLB probable pitchers,lineup projected / unconfirmed,H:2026 P:2026/2025,,,Direct BvP not yet weighted; 2026/2025 Statcast baseline active,7,4,27,1,"Last 7 games: 4/27, 1 HR","same-side matchup; pitcher baseline 11.0% barrel, 21.9 HR allowed",neutral batted-ball profile; pitcher fly-ball pressure modest,7.0,36.9,87.7,98.9125,0.385,0.138,0.311,71.0,16.7,39.9,24.8,10.0,0.138,11.02,46.12,89.77,0.4672,0.2085,28.74,,,Nationals Park,
97,672386,Alejandro Kirk,TOR,BAL,2026-09-13T17:37:00Z,Scheduled,4,Trevor Rogers,669432,L,45.7,Longshot,Watch List,"Projected Lineup, Premium Lineup Spot, Platoon Edge",29.3,35.2,30.4,90.4,78.0,66.9,No,Yes,4,Yes,Yes,RotoWire projected lineup; MLB probable pitchers,lineup projected / unconfirmed,H:2026/2025 P:2026/2025,,,Direct BvP not yet weighted; 2026/2025 Statcast baseline active,7,9,28,2,Hot streak: 2 HR in last 7 games,"platoon edge; pitcher baseline 7.0% barrel, 13.0 HR allowed",neutral batted-ball profile; pitcher fly-ball pressure modest,5.69,44.08,89.28,100.4822,0.3988,0.1344,0.3205,71.94,19.65,25.37,21.55,10.8,0.1397,6.97,40.42,88.72,0.3809,0.1454,24.46,,,Rogers Centre,
98,701807,Carson Benge,NYM,NYY,2026-09-13T17:35:00Z,Scheduled,4,Cam Schlittler,693645,R,45.6,Longshot,Watch List,"Projected Lineup, Premium Lineup Spot, Platoon Edge",30.3,36.0,38.2,90.4,80.0,28.1,No,Yes,4,Yes,Yes,RotoWire projected lineup; MLB probable pitchers,lineup projected / unconfirmed,H:2026 P:2026/2025,,,Direct BvP not yet weighted; 2026/2025 Statcast baseline active,7,5,27,1,"Last 7 games: 5/27, 1 HR","platoon edge; pitcher baseline 8.0% barrel, 13.6 HR allowed",neutral batted-ball profile; pitcher fly-ball pressure modest,7.0,38.3,88.6,99.5118,0.424,0.15,0.334,71.0,17.3,33.6,26.7,16.0,0.137,7.99,39.85,88.72,0.3504,0.1351,26.32,,,Yankee Stadium,
99,681508,Mickey Gasper,BOS,KC,2026-09-13T19:05:00Z,Scheduled,2,Noah Cameron,702070,L,45.6,Longshot,Watch List,"Projected Lineup, Premium Lineup Spot, Platoon Edge",31.3,35.8,28.7,95.5,75.0,45.9,No,Yes,2,Yes,Yes,RotoWire projected lineup; MLB probable pitchers,lineup projected / unconfirmed,H:2026/2025 P:2026/2025,,,Direct BvP not yet weighted; 2026/2025 Statcast baseline active,7,4,22,2,Hot streak: 2 HR in last 7 games,"switch hitter; pitcher baseline 7.3% barrel, 16.6 HR allowed",neutral batted-ball profile; pitcher fly-ball pressure modest,7.46,35.75,88.5,98.5541,0.3999,0.1636,0.3319,71.51,12.63,41.08,31.69,6.9,0.1825,7.28,37.61,88.46,0.4012,0.1576,26.52,,,Fenway Park,
100,671056,Ivan Herrera,STL,CWS,2026-09-13T18:15:00Z,Scheduled,2,,,,45.3,Longshot,Watch List,"Projected Lineup, Premium Lineup Spot",34.1,41.2,22.1,95.5,60.0,41.7,No,Yes,2,Yes,Yes,RotoWire projected lineup; MLB probable pitchers,lineup projected / unconfirmed,H:2026/2025 P:,,,Direct BvP not yet weighted; 2026/2025 Statcast baseline active,7,8,29,1,"Last 7 games: 8/29, 1 HR","handedness incomplete; pitcher baseline 0.0% barrel, 0.0 HR allowed",neutral batted-ball profile; pitcher fly-ball pressure modest,7.18,42.45,89.8,101.2492,0.4112,0.1551,0.343,73.88,42.58,36.89,19.59,16.9,0.1485,,,,,,,,,Busch Stadium,
101,669016,Brandon Marsh,PHI,ATL,2026-09-13T17:35:00Z,Scheduled,7,Grant Holmes,656550,R,45.2,Longshot,Watch List,"Projected Lineup, Platoon Edge",36.8,51.5,30.9,59.8,80.0,8.5,No,Yes,7,Yes,Yes,RotoWire projected lineup; MLB probable pitchers,lineup projected / unconfirmed,H:2026/2025 P:2026/2025,,,Direct BvP not yet weighted; 2026/2025 Statcast baseline active,7,3,17,0,"Last 7 games: 3/17, 0 HR","platoon edge; pitcher baseline 9.0% barrel, 18.1 HR allowed",neutral batted-ball profile; pitcher fly-ball pressure modest,8.26,44.44,89.84,100.093,0.4152,0.1578,0.3125,71.54,15.65,37.98,26.24,15.2,0.1546,8.98,43.79,91.01,0.4245,0.1747,26.76,,,Truist Park,
102,680664,Eduardo Valencia,DET,COL,2026-09-13T16:10:00Z,Scheduled,5,Gabriel Hughes,687312,R,45.0,Longshot,Watch List,"Projected Lineup, Strong Barrel",60.1,16.1,27.6,81.9,50.0,24.0,No,Yes,5,Yes,Yes,RotoWire projected lineup; MLB probable pitchers,lineup projected / unconfirmed,H:2026 P:2026,,,Direct BvP not yet weighted; 2026/2025 Statcast baseline active,7,7,25,0,"Last 7 games: 7/25, 0 HR","same-side matchup; pitcher baseline 4.5% barrel, 5.0 HR allowed",neutral batted-ball profile; pitcher fly-ball pressure modest,17.9,44.8,89.3,101.389,0.497,0.25,0.323,73.2,29.6,38.8,23.9,6.0,0.28,4.5,29.2,87.3,0.349,0.113,26.4,,,Comerica Park,
103,662139,Daulton Varsho,HOU,TB,2026-09-13T17:40:00Z,Scheduled,5,Freddy Peralta,642547,R,45.0,Longshot,Watch List,"Projected Lineup, Platoon Edge",36.1,35.9,27.6,81.9,80.0,32.5,No,Yes,5,Yes,Yes,RotoWire projected lineup; MLB probable pitchers,lineup projected / unconfirmed,H:2026/2025 P:2026/2025,,,Direct BvP not yet weighted; 2026/2025 Statcast baseline active,7,6,28,1,"Last 7 games: 6/28, 1 HR","platoon edge; pitcher baseline 7.2% barrel, 22.4 HR allowed",neutral batted-ball profile; pitcher fly-ball pressure modest,9.6,37.71,87.73,99.4604,0.4016,0.1697,0.3011,73.71,36.32,41.15,31.62,13.7,0.1875,7.2,37.65,87.86,0.375,0.1466,28.69,,,Tropicana Field,
104,804606,Konnor Griffin,PIT,CHC,2026-09-13T18:20:00Z,Scheduled,4,Matthew Boyd,571510,L,45.0,Longshot,Watch List,"Projected Lineup, Premium Lineup Spot, Platoon Edge",30.6,43.2,29.8,90.4,78.0,8.8,No,Yes,4,Yes,Yes,RotoWire projected lineup; MLB probable pitchers,lineup projected / unconfirmed,H:2026 P:2026/2025,,,Direct BvP not yet weighted; 2026/2025 Statcast baseline active,7,5,28,0,"Last 7 games: 5/28, 0 HR","platoon edge; pitcher baseline 9.0% barrel, 16.2 HR allowed",neutral batted-ball profile; pitcher fly-ball pressure modest,7.8,37.6,88.0,100.7553,0.389,0.148,0.304,75.7,57.4,40.3,17.1,5.0,0.127,9.0,38.21,88.29,0.4204,0.1657,25.99,,,Wrigley Field,
105,650490,Yandy Diaz,TB,HOU,2026-09-13T17:40:00Z,Scheduled,1,Hayden Wesneski,669713,R,44.8,Longshot,Watch List,"Projected Lineup, Premium Lineup Spot",41.9,35.0,27.6,88.7,50.0,30.3,No,Yes,1,Yes,Yes,RotoWire projected lineup; MLB probable pitchers,lineup projected / unconfirmed,H:2026/2025 P:2026/2025,,,Direct BvP not yet weighted; 2026/2025 Statcast baseline active,7,6,30,1,"Last 7 games: 6/30, 1 HR","same-side matchup; pitcher baseline 7.6% barrel, 4.2 HR allowed",neutral batted-ball profile; pitcher fly-ball pressure modest,7.6,49.56,91.67,103.287,0.4523,0.1663,0.3533,73.5,37.37,23.53,19.44,22.9,0.1694,7.56,41.05,88.51,0.3912,0.1494,23.55,,,Tropicana Field,
106,694671,Wyatt Langford,TEX,AZ,2026-09-13T20:10:00Z,Scheduled,6,Eduardo Rodriguez,593958,L,44.8,Longshot,Watch List,"Projected Lineup, Platoon Edge",37.6,37.1,28.2,71.7,78.0,43.7,No,Yes,6,Yes,Yes,RotoWire projected lineup; MLB probable pitchers,lineup projected / unconfirmed,H:2026/2025 P:2026/2025,,,Direct BvP not yet weighted; 2026/2025 Statcast baseline active,7,4,24,2,Hot streak: 2 HR in last 7 games,"platoon edge; pitcher baseline 7.6% barrel, 18.0 HR allowed",neutral batted-ball profile; pitcher fly-ball pressure modest,8.75,40.21,89.65,100.365,0.4046,0.1694,0.3236,72.89,27.85,42.96,30.04,17.8,0.1914,7.64,33.66,87.57,0.4202,0.165,27.05,,,Chase Field,
107,695681,Christian Moore,LAA,WSH,2026-09-13T17:35:00Z,Scheduled,5,Jake Irvin,663623,R,44.7,Longshot,Watch List,Projected Lineup,27.2,61.4,28.2,81.9,50.0,15.3,No,Yes,5,Yes,Yes,RotoWire projected lineup; MLB probable pitchers,lineup projected / unconfirmed,H:2026/2025 P:2026/2025,,,Direct BvP not yet weighted; 2026/2025 Statcast baseline active,7,6,27,0,"Last 7 games: 6/27, 0 HR","same-side matchup; pitcher baseline 11.0% barrel, 21.9 HR allowed",neutral batted-ball profile; pitcher fly-ball pressure modest,8.23,38.68,88.9,99.7874,0.3149,0.1133,0.2589,71.86,23.33,24.82,26.59,2.8,0.116,11.02,46.12,89.77,0.4672,0.2085,28.74,,,Nationals Park,
108,677347,Kyren Paris,LAA,WSH,2026-09-13T17:35:00Z,Scheduled,8,Jake Irvin,663623,R,44.5,Longshot,Watch List,Projected Lineup,43.4,61.4,28.2,47.9,50.0,0.0,No,Yes,8,Yes,Yes,RotoWire projected lineup; MLB probable pitchers,lineup projected / unconfirmed,H:2026/2025 P:2026/2025,,,Direct BvP not yet weighted; 2026/2025 Statcast baseline active,7,0,13,0,"Last 7 games: 0/13, 0 HR","same-side matchup; pitcher baseline 11.0% barrel, 21.9 HR allowed",lift-pull EV profile; pitcher fly-ball pressure modest,5.01,70.34,94.08,100.2594,0.2479,0.1134,0.2405,72.22,16.96,41.44,54.09,1.8,0.0573,11.02,46.12,89.77,0.4672,0.2085,28.74,,,Nationals Park,
109,664761,Alec Bohm,PHI,ATL,2026-09-13T17:35:00Z,Scheduled,5,Grant Holmes,656550,R,44.5,Longshot,Watch List,Projected Lineup,32.4,51.5,30.9,81.9,50.0,17.7,No,Yes,5,Yes,Yes,RotoWire projected lineup; MLB probable pitchers,lineup projected / unconfirmed,H:2026/2025 P:2026/2025,,,Direct BvP not yet weighted; 2026/2025 Statcast baseline active,7,5,21,0,"Last 7 games: 5/21, 0 HR","same-side matchup; pitcher baseline 9.0% barrel, 18.1 HR allowed",neutral batted-ball profile; pitcher fly-ball pressure modest,6.06,44.16,90.52,100.3549,0.4088,0.146,0.3219,71.21,14.77,28.7,22.58,13.8,0.1374,8.98,43.79,91.01,0.4245,0.1747,26.76,,,Truist Park,
110,805999,A.J. Ewing,NYM,NYY,2026-09-13T17:35:00Z,Scheduled,7,Cam Schlittler,693645,R,44.5,Longshot,Watch List,"Projected Lineup, Platoon Edge, Hot Hitter/Streak",31.7,36.0,38.2,59.8,80.0,81.7,No,Yes,7,Yes,Yes,RotoWire projected lineup; MLB probable pitchers,lineup projected / unconfirmed,H:2026 P:2026/2025,,,Direct BvP not yet weighted; 2026/2025 Statcast baseline active,7,12,25,2,Hot streak: 2 HR in last 7 games,"platoon edge; pitcher baseline 8.0% barrel, 13.6 HR allowed",neutral batted-ball profile; pitcher fly-ball pressure modest,7.1,42.6,89.4,100.1708,0.409,0.145,0.327,70.5,12.8,32.4,24.3,9.0,0.124,7.99,39.85,88.72,0.3504,0.1351,26.32,,,Yankee Stadium,
111,681393,Connor Norby,COL,DET,2026-09-13T16:10:00Z,Scheduled,2,Jackson Jobe,695549,R,44.4,Longshot,Watch List,"Projected Lineup, Premium Lineup Spot",28.4,43.0,27.6,95.5,50.0,52.8,No,Yes,2,Yes,Yes,RotoWire projected lineup; MLB probable pitchers,lineup projected / unconfirmed,H:2026/2025 P:2026/2025,,,Direct BvP not yet weighted; 2026/2025 Statcast baseline active,7,7,20,1,Contact streak: 7/20 over last 7 games,"same-side matchup; pitcher baseline 9.3% barrel, 5.6 HR allowed",neutral batted-ball profile; pitcher fly-ball pressure modest,8.0,36.19,87.18,98.0584,0.3687,0.1487,0.3028,70.21,8.48,43.08,34.3,7.3,0.1359,9.33,38.82,88.47,0.4324,0.1806,24.22,,,Comerica Park,
112,669357,Nolan Gorman,STL,CWS,2026-09-13T18:15:00Z,Scheduled,6,,,,44.4,Longshot,Watch List,"Projected Lineup, Strong Barrel",42.3,41.2,22.1,71.7,60.0,36.3,No,Yes,6,Yes,Yes,RotoWire projected lineup; MLB probable pitchers,lineup projected / unconfirmed,H:2026/2025 P:,,,Direct BvP not yet weighted; 2026/2025 Statcast baseline active,7,6,25,1,"Last 7 games: 6/25, 1 HR","handedness incomplete; pitcher baseline 0.0% barrel, 0.0 HR allowed",fly-ball profile; pitcher fly-ball pressure modest,10.18,42.99,89.6,100.8675,0.3713,0.1746,0.2841,73.19,30.45,44.25,39.22,10.5,0.1433,,,,,,,,,Busch Stadium,
113,666182,Bo Bichette,NYM,NYY,2026-09-13T17:35:00Z,Scheduled,3,Cam Schlittler,693645,R,44.3,Longshot,Watch List,"Projected Lineup, Premium Lineup Spot",33.4,36.0,38.2,92.1,50.0,30.3,No,Yes,3,Yes,Yes,RotoWire projected lineup; MLB probable pitchers,lineup projected / unconfirmed,H:2026/2025 P:2026/2025,,,Direct BvP not yet weighted; 2026/2025 Statcast baseline active,7,6,30,1,"Last 7 games: 6/30, 1 HR","same-side matchup; pitcher baseline 8.0% barrel, 13.6 HR allowed",neutral batted-ball profile; pitcher fly-ball pressure modest,7.06,43.69,90.02,101.037,0.4352,0.1517,0.3355,69.66,13.09,26.63,23.3,16.6,0.1447,7.99,39.85,88.72,0.3504,0.1351,26.32,,,Yankee Stadium,
114,672640,Otto Lopez,MIA,LAD,2026-09-13T17:40:00Z,Scheduled,4,Emmet Sheehan,686218,R,44.0,Longshot,Watch List,"Projected Lineup, Premium Lineup Spot",29.8,48.2,21.5,90.4,50.0,45.0,No,Yes,4,Yes,Yes,RotoWire projected lineup; MLB probable pitchers,lineup projected / unconfirmed,H:2026/2025 P:2026/2025,,,Direct BvP not yet weighted; 2026/2025 Statcast baseline active,7,13,25,0,Contact streak: 13/25 over last 7 games,"same-side matchup; pitcher baseline 10.4% barrel, 16.8 HR allowed",neutral batted-ball profile; pitcher allows elevated contact,6.4,40.05,88.85,100.1735,0.4242,0.1461,0.3272,71.77,23.02,33.91,22.71,11.5,0.1325,10.38,40.13,89.16,0.3838,0.164,30.01,,,loanDepot park,
115,668904,Royce Lewis,MIN,CLE,2026-09-13T18:10:00Z,Scheduled,5,Tanner Bibee,676440,R,43.9,Longshot,Watch List,"Projected Lineup, Strong Barrel",41.4,42.4,27.1,81.9,50.0,0.8,No,Yes,5,Yes,Yes,RotoWire projected lineup; MLB probable pitchers,lineup projected / unconfirmed,H:2026/2025 P:2026/2025,,,Direct BvP not yet weighted; 2026/2025 Statcast baseline active,7,3,24,0,"Last 7 games: 3/24, 0 HR","same-side matchup; pitcher baseline 8.0% barrel, 27.0 HR allowed",neutral batted-ball profile; pitcher fly-ball pressure modest,10.52,40.72,89.87,100.6722,0.4035,0.1635,0.3068,74.72,50.45,46.23,30.57,13.7,0.1587,8.03,38.28,88.85,0.4088,0.1646,27.62,,,Target Field,
116,701358,Cam Smith,HOU,TB,2026-09-13T17:40:00Z,Scheduled,7,Freddy Peralta,642547,R,43.8,Longshot,Watch List,"Projected Lineup, Strong Barrel, Hot Hitter/Streak",42.2,35.9,27.6,59.8,50.0,85.0,No,Yes,7,Yes,Yes,RotoWire projected lineup; MLB probable pitchers,lineup projected / unconfirmed,H:2026/2025 P:2026/2025,,,Direct BvP not yet weighted; 2026/2025 Statcast baseline active,7,8,25,3,Hot streak: 3 HR in last 7 games,"same-side matchup; pitcher baseline 7.2% barrel, 22.4 HR allowed",neutral batted-ball profile; pitcher fly-ball pressure modest,10.12,43.67,88.81,101.5514,0.4173,0.1767,0.318,76.88,68.81,37.14,24.93,16.7,0.1696,7.2,37.65,87.86,0.375,0.1466,28.69,,,Tropicana Field,
117,686797,Brooks Lee,MIN,CLE,2026-09-13T18:10:00Z,Scheduled,2,Tanner Bibee,676440,R,43.4,Longshot,Watch List,"Projected Lineup, Premium Lineup Spot, Platoon Edge",22.1,41.2,27.1,95.5,75.0,40.7,No,Yes,2,Yes,Yes,RotoWire projected lineup; MLB probable pitchers,lineup projected / unconfirmed,H:2026/2025 P:2026/2025,,,Direct BvP not yet weighted; 2026/2025 Statcast baseline active,7,7,26,1,"Last 7 games: 7/26, 1 HR","switch hitter; pitcher baseline 8.0% barrel, 27.0 HR allowed",neutral batted-ball profile; pitcher fly-ball pressure modest,4.75,35.49,88.39,97.7305,0.3572,0.1295,0.2792,69.99,8.7,41.57,30.05,20.9,0.1704,8.03,38.28,88.85,0.4088,0.1646,27.62,,,Target Field,
118,656811,Ryan O'Hearn,PIT,CHC,2026-09-13T18:20:00Z,Scheduled,5,Matthew Boyd,571510,L,43.4,Longshot,Watch List,Projected Lineup,34.8,43.2,29.8,81.9,50.0,21.8,No,Yes,5,Yes,Yes,RotoWire projected lineup; MLB probable pitchers,lineup projected / unconfirmed,H:2026/2025 P:2026/2025,,,Direct BvP not yet weighted; 2026/2025 Statcast baseline active,7,4,28,1,"Last 7 games: 4/28, 1 HR","same-side matchup; pitcher baseline 9.0% barrel, 16.2 HR allowed",neutral batted-ball profile; pitcher fly-ball pressure modest,7.32,43.48,89.4,99.4005,0.4157,0.1579,0.3276,71.1,11.71,38.52,28.85,17.0,0.1749,9.0,38.21,88.29,0.4204,0.1657,25.99,,,Wrigley Field,
119,687952,Christian Encarnacion-Strand,BAL,TOR,2026-09-13T17:37:00Z,Scheduled,6,Dylan Cease,656302,R,43.2,Longshot,Watch List,"Projected Lineup, Strong Barrel",54.9,21.6,30.4,71.7,50.0,16.1,No,Yes,6,Yes,Yes,RotoWire projected lineup; MLB probable pitchers,lineup projected / unconfirmed,H:2026/2025 P:2026/2025,,,Direct BvP not yet weighted; 2026/2025 Statcast baseline active,7,5,22,0,"Last 7 games: 5/22, 0 HR","same-side matchup; pitcher baseline 6.2% barrel, 14.0 HR allowed",neutral batted-ball profile; pitcher fly-ball pressure modest,14.25,40.78,90.42,101.4197,0.4799,0.2388,0.3245,73.6,36.62,45.6,31.47,7.4,0.2019,6.22,33.86,86.66,0.3093,0.1121,25.05,,,Rogers Centre,
120,803011,Sam Antonacci,CWS,STL,2026-09-13T18:15:00Z,Scheduled,1,Michael McGreevy,700241,R,43.2,Longshot,Watch List,"Projected Lineup, Premium Lineup Spot, Platoon Edge",17.4,53.6,22.1,88.7,80.0,34.2,No,Yes,1,Yes,Yes,RotoWire projected lineup; MLB probable pitchers,lineup projected / unconfirmed,H:2026 P:2026/2025,,,Direct BvP not yet weighted; 2026/2025 Statcast baseline active,7,8,23,0,Contact streak: 8/23 over last 7 games,"platoon edge; pitcher baseline 9.4% barrel, 17.6 HR allowed",neutral batted-ball profile; pitcher fly-ball pressure modest,5.0,32.1,87.2,97.3994,0.384,0.114,0.339,69.7,7.6,32.0,21.7,8.0,0.122,9.43,41.29,90.08,0.4724,0.1935,26.83,,,Busch Stadium,
121,686469,Vinnie Pasquantino,KC,BOS,2026-09-13T19:05:00Z,Scheduled,4,Payton Tolle,801139,L,43.1,Longshot,Watch List,"Projected Lineup, Premium Lineup Spot",39.2,29.2,28.7,90.4,50.0,33.7,No,Yes,4,Yes,Yes,RotoWire projected lineup; MLB probable pitchers,lineup projected / unconfirmed,H:2026/2025 P:2026/2025,,,Direct BvP not yet weighted; 2026/2025 Statcast baseline active,7,6,27,1,"Last 7 games: 6/27, 1 HR","same-side matchup; pitcher baseline 6.5% barrel, 12.0 HR allowed",neutral batted-ball profile; pitcher fly-ball pressure modest,8.84,42.46,90.13,100.2152,0.4273,0.1756,0.3298,71.1,15.31,44.4,29.28,17.3,0.1641,6.54,35.99,88.01,0.3497,0.1359,27.18,,,Fenway Park,
122,667472,Dane Myers,CIN,MIL,2026-09-13T18:10:00Z,Scheduled,1,Robert Gasser,688107,L,42.8,Longshot,Watch List,"Projected Lineup, Premium Lineup Spot, Platoon Edge",25.3,36.0,27.6,88.7,78.0,45.0,No,Yes,1,Yes,Yes,RotoWire projected lineup; MLB probable pitchers,lineup projected / unconfirmed,H:2026/2025 P:2026/2025,,,Direct BvP not yet weighted; 2026/2025 Statcast baseline active,7,10,23,0,Contact streak: 10/23 over last 7 games,"platoon edge; pitcher baseline 8.0% barrel, 10.1 HR allowed",neutral batted-ball profile; pitcher fly-ball pressure modest,5.35,38.15,89.72,99.0829,0.367,0.1267,0.3099,71.04,17.98,29.12,24.19,6.0,0.1064,7.95,36.49,88.13,0.3918,0.1572,26.47,,,American Family Field,
123,664983,Jake McCarthy,COL,DET,2026-09-13T16:10:00Z,Scheduled,1,Jackson Jobe,695549,R,42.6,Longshot,Watch List,"Projected Lineup, Premium Lineup Spot, Platoon Edge",16.6,43.0,27.6,88.7,80.0,60.3,No,Yes,1,Yes,Yes,RotoWire projected lineup; MLB probable pitchers,lineup projected / unconfirmed,H:2026/2025 P:2026/2025,,,Direct BvP not yet weighted; 2026/2025 Statcast baseline active,7,12,30,1,Contact streak: 12/30 over last 7 games,"platoon edge; pitcher baseline 9.3% barrel, 5.6 HR allowed",neutral batted-ball profile; pitcher fly-ball pressure modest,5.37,28.3,85.19,96.9112,0.4006,0.1364,0.3112,70.89,12.77,37.66,21.8,11.7,0.1739,9.33,38.82,88.47,0.4324,0.1806,24.22,,,Comerica Park,
124,502671,Paul Goldschmidt,NYY,NYM,2026-09-13T17:35:00Z,Scheduled,1,Christian Scott,681035,R,42.6,Longshot,Watch List,"Projected Lineup, Premium Lineup Spot",37.3,25.0,38.2,88.7,50.0,32.0,No,Yes,1,Yes,Yes,RotoWire projected lineup; MLB probable pitchers,lineup projected / unconfirmed,H:2026/2025 P:2026,,,Direct BvP not yet weighted; 2026/2025 Statcast baseline active,7,4,12,0,Contact streak: 4/12 over last 7 games,"same-side matchup; pitcher baseline 6.6% barrel, 10.0 HR allowed",neutral batted-ball profile; pitcher fly-ball pressure modest,9.89,38.73,87.88,99.3805,0.4297,0.1833,0.3185,71.69,16.48,33.32,29.35,15.6,0.1822,6.6,33.7,86.5,0.351,0.126,27.9,,,Yankee Stadium,
125,694203,Denzer Guzman,LAA,WSH,2026-09-13T17:35:00Z,Scheduled,7,Jake Irvin,663623,R,42.5,Longshot,Watch List,Projected Lineup,25.3,61.4,28.2,59.8,50.0,45.3,No,Yes,7,Yes,Yes,RotoWire projected lineup; MLB probable pitchers,lineup projected / unconfirmed,H:2026/2025 P:2026/2025,,,Direct BvP not yet weighted; 2026/2025 Statcast baseline active,7,6,20,1,"Last 7 games: 6/20, 1 HR","same-side matchup; pitcher baseline 11.0% barrel, 21.9 HR allowed",neutral batted-ball profile; pitcher fly-ball pressure modest,8.7,37.09,86.57,98.7234,0.3286,0.1169,0.2525,73.43,35.06,39.62,23.77,5.5,0.139,11.02,46.12,89.77,0.4672,0.2085,28.74,,,Nationals Park,
126,681082,Bryson Stott,PHI,ATL,2026-09-13T17:35:00Z,Scheduled,6,Grant Holmes,656550,R,42.5,Longshot,Watch List,"Projected Lineup, Platoon Edge",25.1,51.5,30.9,71.7,80.0,0.0,No,Yes,6,Yes,Yes,RotoWire projected lineup; MLB probable pitchers,lineup projected / unconfirmed,H:2026/2025 P:2026/2025,,,Direct BvP not yet weighted; 2026/2025 Statcast baseline active,7,2,20,0,"Last 7 games: 2/20, 0 HR","platoon edge; pitcher baseline 9.0% barrel, 18.1 HR allowed",neutral batted-ball profile; pitcher fly-ball pressure modest,5.8,35.03,88.72,98.3699,0.3986,0.1383,0.3235,69.72,6.61,34.59,27.59,10.9,0.1396,8.98,43.79,91.01,0.4245,0.1747,26.76,,,Truist Park,
127,673237,Yainer Diaz,HOU,TB,2026-09-13T17:40:00Z,Scheduled,4,Freddy Peralta,642547,R,42.5,Longshot,Watch List,"Projected Lineup, Premium Lineup Spot",31.3,35.9,27.6,90.4,50.0,45.0,No,Yes,4,Yes,Yes,RotoWire projected lineup; MLB probable pitchers,lineup projected / unconfirmed,H:2026/2025 P:2026/2025,,,Direct BvP not yet weighted; 2026/2025 Statcast baseline active,7,11,23,0,Contact streak: 11/23 over last 7 games,"same-side matchup; pitcher baseline 7.2% barrel, 22.4 HR allowed",neutral batted-ball profile; pitcher fly-ball pressure modest,7.22,39.47,89.2,99.977,0.4174,0.1522,0.3092,72.48,22.37,36.35,18.82,13.7,0.1596,7.2,37.65,87.86,0.375,0.1466,28.69,,,Tropicana Field,
128,608070,Jose Ramirez,CLE,MIN,2026-09-13T18:10:00Z,Scheduled,2,,,,42.5,Longshot,Watch List,"Projected Lineup, Premium Lineup Spot, Platoon Edge",26.2,40.2,27.1,95.5,75.0,0.0,No,Yes,2,Yes,Yes,RotoWire projected lineup; MLB probable pitchers,lineup projected / unconfirmed,H:2026/2025 P:,,,Direct BvP not yet weighted; 2026/2025 Statcast baseline active,7,3,30,0,"Last 7 games: 3/30, 0 HR","switch hitter; pitcher baseline 0.0% barrel, 0.0 HR allowed",neutral batted-ball profile; pitcher fly-ball pressure modest,4.97,38.05,88.83,99.1377,0.4096,0.1382,0.3322,70.27,12.7,50.55,28.92,16.7,0.1598,,,,,,,,,Target Field,
129,805300,Jakob Marsee,MIA,LAD,2026-09-13T17:40:00Z,Scheduled,5,Emmet Sheehan,686218,R,42.4,Longshot,Watch List,"Projected Lineup, Platoon Edge",20.4,48.2,21.5,81.9,80.0,43.1,No,Yes,5,Yes,Yes,RotoWire projected lineup; MLB probable pitchers,lineup projected / unconfirmed,H:2026/2025 P:2026/2025,,,Direct BvP not yet weighted; 2026/2025 Statcast baseline active,7,11,27,0,Contact streak: 11/27 over last 7 games,"platoon edge; pitcher baseline 10.4% barrel, 16.8 HR allowed",neutral batted-ball profile; pitcher allows elevated contact,4.95,36.99,87.85,98.6517,0.3601,0.1176,0.3197,70.36,5.65,41.79,23.12,7.8,0.137,10.38,40.13,89.16,0.3838,0.164,30.01,,,loanDepot park,
130,608324,Alex Bregman,CHC,PIT,2026-09-13T18:20:00Z,Scheduled,2,Bubba Chandler,696149,R,42.4,Longshot,Watch List,"Projected Lineup, Premium Lineup Spot",28.0,34.9,29.8,95.5,50.0,48.1,No,Yes,2,Yes,Yes,RotoWire projected lineup; MLB probable pitchers,lineup projected / unconfirmed,H:2026/2025 P:2026/2025,,,Direct BvP not yet weighted; 2026/2025 Statcast baseline active,7,7,22,1,"Last 7 games: 7/22, 1 HR","same-side matchup; pitcher baseline 6.8% barrel, 9.7 HR allowed",neutral batted-ball profile; pitcher fly-ball pressure modest,6.04,39.64,88.77,98.4017,0.3941,0.1446,0.3251,70.16,4.94,47.49,27.16,22.9,0.1869,6.81,39.09,89.29,0.3814,0.1504,25.74,,,Wrigley Field,
131,680869,Zack Gelof,ATH,SEA,2026-09-13T20:05:00Z,Scheduled,6,Bryce Miller,682243,R,42.4,Longshot,Watch List,"Projected Lineup, Strong Barrel",39.8,42.1,30.9,71.7,50.0,0.0,No,Yes,6,Yes,Yes,RotoWire projected lineup; MLB probable pitchers,lineup projected / unconfirmed,H:2026/2025 P:2026/2025,,,Direct BvP not yet weighted; 2026/2025 Statcast baseline active,7,3,26,0,"Last 7 games: 3/26, 0 HR","same-side matchup; pitcher baseline 8.0% barrel, 17.7 HR allowed",neutral batted-ball profile; pitcher allows elevated contact,10.19,43.91,88.94,99.8453,0.3774,0.1739,0.2813,73.22,27.01,39.25,28.43,12.5,0.1722,8.0,37.75,88.83,0.4024,0.1631,31.37,,,Sutter Health Park,
132,622268,Donovan Walton,ATH,SEA,2026-09-13T20:05:00Z,Scheduled,5,Bryce Miller,682243,R,42.3,Longshot,Watch List,"Projected Lineup, Platoon Edge",17.3,42.1,30.9,81.9,80.0,63.7,No,Yes,5,Yes,Yes,RotoWire projected lineup; MLB probable pitchers,lineup projected / unconfirmed,H:2026/2025 P:2026/2025,,,Direct BvP not yet weighted; 2026/2025 Statcast baseline active,7,6,20,2,Hot streak: 2 HR in last 7 games,"platoon edge; pitcher baseline 8.0% barrel, 17.7 HR allowed",neutral batted-ball profile; pitcher allows elevated contact,3.57,34.7,88.96,97.5344,0.3793,0.1124,0.3216,67.92,0.35,36.51,21.88,4.9,0.1323,8.0,37.75,88.83,0.4024,0.1631,31.37,,,Sutter Health Park,
133,642708,Amed Rosario,NYY,NYM,2026-09-13T17:35:00Z,Scheduled,5,Christian Scott,681035,R,42.2,Longshot,Watch List,Projected Lineup,41.3,25.0,38.2,81.9,50.0,18.0,No,Yes,5,Yes,Yes,RotoWire projected lineup; MLB probable pitchers,lineup projected / unconfirmed,H:2026/2025 P:2026,,,Direct BvP not yet weighted; 2026/2025 Statcast baseline active,7,6,25,0,"Last 7 games: 6/25, 0 HR","same-side matchup; pitcher baseline 6.6% barrel, 10.0 HR allowed",neutral batted-ball profile; pitcher fly-ball pressure modest,9.36,42.48,90.92,101.6353,0.4334,0.1727,0.3177,73.73,37.55,38.73,23.72,8.8,0.1747,6.6,33.7,86.5,0.351,0.126,27.9,,,Yankee Stadium,
134,805808,Kevin McGonigle,DET,COL,2026-09-13T16:10:00Z,Scheduled,1,Gabriel Hughes,687312,R,42.1,Longshot,Watch List,"Projected Lineup, Premium Lineup Spot, Platoon Edge, Hot Hitter/Streak",32.2,16.1,27.6,88.7,80.0,75.9,No,Yes,1,Yes,Yes,RotoWire projected lineup; MLB probable pitchers,lineup projected / unconfirmed,H:2026 P:2026,,,Direct BvP not yet weighted; 2026/2025 Statcast baseline active,7,7,27,3,Hot streak: 3 HR in last 7 games,"platoon edge; pitcher baseline 4.5% barrel, 5.0 HR allowed",fly-ball profile; pitcher fly-ball pressure modest,6.9,36.4,87.9,98.2395,0.432,0.172,0.35,71.2,15.7,37.4,35.9,16.0,0.146,4.5,29.2,87.3,0.349,0.113,26.4,,,Comerica Park,
135,572233,Christian Walker,HOU,TB,2026-09-13T17:40:00Z,Scheduled,6,Freddy Peralta,642547,R,42.0,Longshot,Watch List,"Projected Lineup, Strong Barrel",40.9,35.9,27.6,71.7,50.0,23.4,No,Yes,6,Yes,Yes,RotoWire projected lineup; MLB probable pitchers,lineup projected / unconfirmed,H:2026/2025 P:2026/2025,,,Direct BvP not yet weighted; 2026/2025 Statcast baseline active,7,4,26,1,"Last 7 games: 4/26, 1 HR","same-side matchup; pitcher baseline 7.2% barrel, 22.4 HR allowed",neutral batted-ball profile; pitcher fly-ball pressure modest,10.24,42.11,89.43,101.3857,0.4035,0.1743,0.307,74.31,43.55,41.99,27.44,25.6,0.1907,7.2,37.65,87.86,0.375,0.1466,28.69,,,Tropicana Field,
136,681198,TJ Rumfield,COL,DET,2026-09-13T16:10:00Z,Scheduled,4,Jackson Jobe,695549,R,41.9,Longshot,Watch List,"Projected Lineup, Premium Lineup Spot, Platoon Edge",13.6,43.0,27.6,90.4,80.0,61.4,No,Yes,4,Yes,Yes,RotoWire projected lineup; MLB probable pitchers,lineup projected / unconfirmed,H:2026 P:2026/2025,,,Direct BvP not yet weighted; 2026/2025 Statcast baseline active,7,11,27,1,Contact streak: 11/27 over last 7 games,"platoon edge; pitcher baseline 9.3% barrel, 5.6 HR allowed",neutral batted-ball profile; pitcher fly-ball pressure modest,5.0,28.0,84.2,96.2236,0.387,0.128,0.334,68.5,7.9,41.6,28.5,15.0,0.158,9.33,38.82,88.47,0.4324,0.1806,24.22,,,Comerica Park,
137,690993,Colt Keith,DET,COL,2026-09-13T16:10:00Z,Scheduled,3,Gabriel Hughes,687312,R,41.6,Longshot,Watch List,"Projected Lineup, Premium Lineup Spot, Platoon Edge",35.5,16.1,27.6,92.1,80.0,35.6,No,Yes,3,Yes,Yes,RotoWire projected lineup; MLB probable pitchers,lineup projected / unconfirmed,H:2026/2025 P:2026,,,Direct BvP not yet weighted; 2026/2025 Statcast baseline active,7,4,17,1,"Last 7 games: 4/17, 1 HR","platoon edge; pitcher baseline 4.5% barrel, 5.0 HR allowed",neutral batted-ball profile; pitcher fly-ball pressure modest,8.08,42.44,89.16,100.2841,0.4307,0.1611,0.3361,71.61,16.69,37.87,26.02,10.9,0.1493,4.5,29.2,87.3,0.349,0.113,26.4,,,Comerica Park,
138,682657,Angel Martinez,CLE,MIN,2026-09-13T18:10:00Z,Scheduled,5,,,,41.6,Longshot,Watch List,"Projected Lineup, Platoon Edge",23.3,40.2,27.1,81.9,75.0,40.7,No,Yes,5,Yes,Yes,RotoWire projected lineup; MLB probable pitchers,lineup projected / unconfirmed,H:2026/2025 P:,,,Direct BvP not yet weighted; 2026/2025 Statcast baseline active,7,7,26,1,"Last 7 games: 7/26, 1 HR","switch hitter; pitcher baseline 0.0% barrel, 0.0 HR allowed",neutral batted-ball profile; pitcher fly-ball pressure modest,6.23,33.71,87.38,98.4809,0.3788,0.1354,0.29,71.01,15.74,46.07,26.73,13.8,0.1777,,,,,,,,,Target Field,
139,596115,Trevor Story,BOS,KC,2026-09-13T19:05:00Z,Scheduled,5,Noah Cameron,702070,L,41.6,Longshot,Watch List,"Projected Lineup, Platoon Edge",26.1,37.6,28.7,81.9,78.0,23.4,No,Yes,5,Yes,Yes,RotoWire projected lineup; MLB probable pitchers,lineup projected / unconfirmed,H:2026/2025 P:2026/2025,,,Direct BvP not yet weighted; 2026/2025 Statcast baseline active,7,8,29,0,"Last 7 games: 8/29, 0 HR","platoon edge; pitcher baseline 7.3% barrel, 16.6 HR allowed",neutral batted-ball profile; pitcher fly-ball pressure modest,6.4,40.7,88.74,99.7712,0.3503,0.1254,0.2676,70.96,13.68,42.79,23.97,9.6,0.1245,7.28,37.61,88.46,0.4012,0.1576,26.52,,,Fenway Park,
140,666126,Carlos Cortes,ATH,SEA,2026-09-13T20:05:00Z,Scheduled,7,Bryce Miller,682243,R,41.5,Longshot,Watch List,"Projected Lineup, Platoon Edge",28.4,42.1,30.9,59.8,80.0,36.0,No,Yes,7,Yes,Yes,RotoWire projected lineup; MLB probable pitchers,lineup projected / unconfirmed,H:2026/2025 P:2026/2025,,,Direct BvP not yet weighted; 2026/2025 Statcast baseline active,7,5,21,1,"Last 7 games: 5/21, 1 HR","platoon edge; pitcher baseline 8.0% barrel, 17.7 HR allowed",neutral batted-ball profile; pitcher allows elevated contact,7.17,38.54,88.89,99.3495,0.3933,0.1413,0.3077,70.76,14.34,30.97,22.03,7.5,0.1689,8.0,37.75,88.83,0.4024,0.1631,31.37,,,Sutter Health Park,
141,687637,Dylan Beavers,BAL,TOR,2026-09-13T17:37:00Z,Scheduled,1,Dylan Cease,656302,R,41.4,Longshot,Watch List,"Projected Lineup, Premium Lineup Spot, Platoon Edge",31.5,21.6,30.4,88.7,80.0,32.5,No,Yes,1,Yes,Yes,RotoWire projected lineup; MLB probable pitchers,lineup projected / unconfirmed,H:2026/2025 P:2026/2025,,,Direct BvP not yet weighted; 2026/2025 Statcast baseline active,7,6,28,1,"Last 7 games: 6/28, 1 HR","platoon edge; pitcher baseline 6.2% barrel, 14.0 HR allowed",neutral batted-ball profile; pitcher fly-ball pressure modest,7.76,35.49,88.1,99.1823,0.387,0.1621,0.3146,72.41,22.1,40.88,33.14,6.1,0.1534,6.22,33.86,86.66,0.3093,0.1121,25.05,,,Rogers Centre,
142,683002,Gunnar Henderson,BAL,TOR,2026-09-13T17:37:00Z,Scheduled,5,Dylan Cease,656302,R,41.4,Longshot,Watch List,"Projected Lineup, Platoon Edge",36.5,21.6,30.4,81.9,80.0,19.5,No,Yes,5,Yes,Yes,RotoWire projected lineup; MLB probable pitchers,lineup projected / unconfirmed,H:2026/2025 P:2026/2025,,,Direct BvP not yet weighted; 2026/2025 Statcast baseline active,7,6,24,0,"Last 7 games: 6/24, 0 HR","platoon edge; pitcher baseline 6.2% barrel, 14.0 HR allowed",neutral batted-ball profile; pitcher fly-ball pressure modest,7.48,45.0,90.14,101.1714,0.4019,0.1497,0.3235,74.6,46.26,40.73,23.17,20.5,0.1717,6.22,33.86,86.66,0.3093,0.1121,25.05,,,Rogers Centre,
143,669242,Tommy Edman,LAD,MIA,2026-09-13T17:40:00Z,Scheduled,1,Eury Pérez,691587,R,41.4,Longshot,Watch List,"Projected Lineup, Premium Lineup Spot, Platoon Edge",21.4,46.1,21.5,88.7,75.0,18.3,No,Yes,1,Yes,Yes,RotoWire projected lineup; MLB probable pitchers,lineup projected / unconfirmed,H:2026/2025 P:2026/2025,,,Direct BvP not yet weighted; 2026/2025 Statcast baseline active,7,3,25,1,"Last 7 games: 3/25, 1 HR","switch hitter; pitcher baseline 9.8% barrel, 15.5 HR allowed",neutral batted-ball profile; pitcher allows elevated contact,5.06,36.05,87.88,99.0841,0.376,0.116,0.3168,70.59,13.51,43.16,26.57,8.1,0.1423,9.84,41.46,89.1,0.3828,0.1679,31.5,,,loanDepot park,
144,643446,Jeff McNeil,ATH,SEA,2026-09-13T20:05:00Z,Scheduled,2,Bryce Miller,682243,R,41.4,Longshot,Watch List,"Projected Lineup, Premium Lineup Spot, Platoon Edge",12.8,42.1,30.9,95.5,80.0,36.5,No,Yes,2,Yes,Yes,RotoWire projected lineup; MLB probable pitchers,lineup projected / unconfirmed,H:2026/2025 P:2026/2025,,,Direct BvP not yet weighted; 2026/2025 Statcast baseline active,7,7,29,1,"Last 7 games: 7/29, 1 HR","platoon edge; pitcher baseline 8.0% barrel, 17.7 HR allowed",neutral batted-ball profile; pitcher allows elevated contact,2.79,31.22,86.85,96.6659,0.3768,0.1027,0.3132,69.37,5.86,43.84,23.82,9.2,0.1232,8.0,37.75,88.83,0.4024,0.1631,31.37,,,Sutter Health Park,
145,694249,Cole Carrigg,COL,DET,2026-09-13T16:10:00Z,Scheduled,5,Jackson Jobe,695549,R,41.3,Longshot,Watch List,"Projected Lineup, Platoon Edge",24.1,42.4,27.6,81.9,75.0,16.6,No,Yes,5,Yes,Yes,RotoWire projected lineup; MLB probable pitchers,lineup projected / unconfirmed,H:2026 P:2026/2025,,,Direct BvP not yet weighted; 2026/2025 Statcast baseline active,7,6,26,0,"Last 7 games: 6/26, 0 HR","switch hitter; pitcher baseline 9.3% barrel, 5.6 HR allowed",neutral batted-ball profile; pitcher fly-ball pressure modest,5.4,34.6,87.3,98.3991,0.387,0.135,0.316,73.3,35.0,48.3,27.8,7.0,0.18,9.33,38.82,88.47,0.4324,0.1806,24.22,,,Comerica Park,
146,660688,Keibert Ruiz,WSH,LAA,2026-09-13T17:35:00Z,Scheduled,7,Grayson Rodriguez,680570,R,41.3,Longshot,Watch List,"Projected Lineup, Platoon Edge",16.8,55.3,28.2,59.8,75.0,63.3,No,Yes,7,Yes,Yes,RotoWire projected lineup; MLB probable pitchers,lineup projected / unconfirmed,H:2026/2025 P:2026,,,Direct BvP not yet weighted; 2026/2025 Statcast baseline active,7,8,19,1,Contact streak: 8/19 over last 7 games,"switch hitter; pitcher baseline 9.5% barrel, 14.0 HR allowed",neutral batted-ball profile; pitcher fly-ball pressure modest,4.02,35.1,87.6,97.5911,0.3678,0.115,0.2884,67.22,0.86,55.8,26.28,7.6,0.1431,9.5,46.0,90.6,0.472,0.199,28.6,,,Nationals Park,
147,680776,Jarren Duran,BOS,KC,2026-09-13T19:05:00Z,Scheduled,7,Noah Cameron,702070,L,41.1,Longshot,Watch List,Projected Lineup,39.9,37.6,28.7,59.8,50.0,34.9,No,Yes,7,Yes,Yes,RotoWire projected lineup; MLB probable pitchers,lineup projected / unconfirmed,H:2026/2025 P:2026/2025,,,Direct BvP not yet weighted; 2026/2025 Statcast baseline active,7,6,26,1,"Last 7 games: 6/26, 1 HR","same-side matchup; pitcher baseline 7.3% barrel, 16.6 HR allowed",neutral batted-ball profile; pitcher fly-ball pressure modest,9.7,42.46,90.47,102.0551,0.3967,0.1585,0.3071,74.98,50.03,38.27,23.7,18.8,0.1671,7.28,37.61,88.46,0.4012,0.1576,26.52,,,Fenway Park,
148,691788,Joe Mack,MIA,LAD,2026-09-13T17:40:00Z,Scheduled,9,Emmet Sheehan,686218,R,41.0,Longshot,Watch List,"Projected Lineup, Platoon Edge",34.9,48.2,21.5,40.2,80.0,36.0,No,Yes,9,Yes,Yes,RotoWire projected lineup; MLB probable pitchers,lineup projected / unconfirmed,H:2026 P:2026/2025,,,Direct BvP not yet weighted; 2026/2025 Statcast baseline active,7,5,21,1,"Last 7 games: 5/21, 1 HR","platoon edge; pitcher baseline 10.4% barrel, 16.8 HR allowed",neutral batted-ball profile; pitcher allows elevated contact,8.4,38.9,88.5,99.643,0.398,0.172,0.293,74.3,43.8,48.3,25.1,13.0,0.175,10.38,40.13,89.16,0.3838,0.164,30.01,,,loanDepot park,
149,672724,Oswald Peraza,LAA,WSH,2026-09-13T17:35:00Z,Scheduled,6,Jake Irvin,663623,R,40.8,Longshot,Watch List,Projected Lineup,21.1,61.4,28.2,71.7,50.0,5.7,No,Yes,6,Yes,Yes,RotoWire projected lineup; MLB probable pitchers,lineup projected / unconfirmed,H:2026/2025 P:2026/2025,,,Direct BvP not yet weighted; 2026/2025 Statcast baseline active,7,3,19,0,"Last 7 games: 3/19, 0 HR","same-side matchup; pitcher baseline 11.0% barrel, 21.9 HR allowed",neutral batted-ball profile; pitcher fly-ball pressure modest,6.49,36.63,87.24,99.5578,0.3249,0.1099,0.2655,72.83,29.3,36.62,20.73,6.4,0.1063,11.02,46.12,89.77,0.4672,0.2085,28.74,,,Nationals Park,
150,650333,Luis Arraez,PHI,ATL,2026-09-13T17:35:00Z,Scheduled,4,Grant Holmes,656550,R,40.4,Longshot,Watch List,"Projected Lineup, Premium Lineup Spot, Platoon Edge",7.0,51.5,30.9,90.4,80.0,24.0,No,Yes,4,Yes,Yes,RotoWire projected lineup; MLB probable pitchers,lineup projected / unconfirmed,H:2026/2025 P:2026/2025,,,Direct BvP not yet weighted; 2026/2025 Statcast baseline active,7,7,25,0,"Last 7 games: 7/25, 0 HR","platoon edge; pitcher baseline 9.0% barrel, 18.1 HR allowed",neutral batted-ball profile; pitcher fly-ball pressure modest,1.24,18.31,86.24,93.9151,0.3742,0.0858,0.3058,62.92,0.19,30.03,28.45,6.6,0.1084,8.98,43.79,91.01,0.4245,0.1747,26.76,,,Truist Park,
151,665161,Jeremy Pena,HOU,TB,2026-09-13T17:40:00Z,Scheduled,1,Freddy Peralta,642547,R,40.3,Longshot,Watch List,"Projected Lineup, Premium Lineup Spot",31.2,35.9,27.6,88.7,50.0,7.0,No,Yes,1,Yes,Yes,RotoWire projected lineup; MLB probable pitchers,lineup projected / unconfirmed,H:2026/2025 P:2026/2025,,,Direct BvP not yet weighted; 2026/2025 Statcast baseline active,7,5,30,0,"Last 7 games: 5/30, 0 HR","same-side matchup; pitcher baseline 7.2% barrel, 22.4 HR allowed",neutral batted-ball profile; pitcher fly-ball pressure modest,6.94,40.38,88.55,99.877,0.4194,0.1508,0.3263,72.23,14.83,46.27,24.43,17.0,0.1793,7.2,37.65,87.86,0.375,0.1466,28.69,,,Tropicana Field,
152,680779,Henry Davis,PIT,CHC,2026-09-13T18:20:00Z,Scheduled,9,Matthew Boyd,571510,L,40.3,Longshot,Watch List,"Projected Lineup, Platoon Edge",35.4,43.2,29.8,40.2,78.0,21.8,No,Yes,9,Yes,Yes,RotoWire projected lineup; MLB probable pitchers,lineup projected / unconfirmed,H:2026/2025 P:2026/2025,,,Direct BvP not yet weighted; 2026/2025 Statcast baseline active,7,2,14,1,"Last 7 games: 2/14, 1 HR","platoon edge; pitcher baseline 9.0% barrel, 16.2 HR allowed",neutral batted-ball profile; pitcher fly-ball pressure modest,9.47,39.43,89.65,100.4454,0.3519,0.1487,0.2881,74.18,42.98,49.6,27.12,8.4,0.1271,9.0,38.21,88.29,0.4204,0.1657,25.99,,,Wrigley Field,
153,813841,Jonah Cox,SF,SD,2026-09-13T23:20:00Z,Scheduled,4,Nick Pivetta,601713,R,40.1,Longshot,Watch List,"Projected Lineup, Premium Lineup Spot",31.8,35.6,19.3,90.4,50.0,19.5,No,Yes,4,Yes,Yes,RotoWire projected lineup; MLB probable pitchers,lineup projected / unconfirmed,H:2026 P:2026/2025,,,Direct BvP not yet weighted; 2026/2025 Statcast baseline active,7,7,28,0,"Last 7 games: 7/28, 0 HR","same-side matchup; pitcher baseline 8.7% barrel, 6.6 HR allowed",neutral batted-ball profile; pitcher allows elevated contact,7.9,41.3,90.1,99.7209,0.351,0.148,0.263,69.1,7.1,22.2,28.6,4.0,0.183,8.73,36.81,88.34,0.3393,0.1435,31.97,,,Oracle Park,
154,695336,Thomas Saggese,STL,CWS,2026-09-13T18:15:00Z,Scheduled,7,,,,40.0,Longshot,Watch List,Projected Lineup,34.4,41.2,22.1,59.8,60.0,33.9,No,Yes,7,Yes,Yes,RotoWire projected lineup; MLB probable pitchers,lineup projected / unconfirmed,H:2026/2025 P:,,,Direct BvP not yet weighted; 2026/2025 Statcast baseline active,7,9,26,0,Contact streak: 9/26 over last 7 games,"handedness incomplete; pitcher baseline 0.0% barrel, 0.0 HR allowed",neutral batted-ball profile; pitcher fly-ball pressure modest,8.33,39.9,89.99,100.1792,0.3965,0.1565,0.3027,71.55,17.69,32.07,25.36,3.4,0.14,,,,,,,,,Busch Stadium,
155,668709,JJ Bleday,CIN,MIL,2026-09-13T18:10:00Z,Scheduled,6,Robert Gasser,688107,L,39.7,Longshot,Watch List,Projected Lineup,37.5,36.0,27.6,71.7,50.0,0.0,No,Yes,6,Yes,Yes,RotoWire projected lineup; MLB probable pitchers,lineup projected / unconfirmed,H:2026/2025 P:2026/2025,,,Direct BvP not yet weighted; 2026/2025 Statcast baseline active,7,3,26,0,"Last 7 games: 3/26, 0 HR","same-side matchup; pitcher baseline 8.0% barrel, 10.1 HR allowed",neutral batted-ball profile; pitcher fly-ball pressure modest,9.34,39.54,88.49,99.819,0.3989,0.1732,0.3222,73.0,26.81,47.07,32.85,19.6,0.1997,7.95,36.49,88.13,0.3918,0.1572,26.47,,,American Family Field,
156,670623,Isaac Paredes,HOU,TB,2026-09-13T17:40:00Z,Scheduled,2,Freddy Peralta,642547,R,39.6,Longshot,Watch List,"Projected Lineup, Premium Lineup Spot",17.6,35.9,27.6,95.5,50.0,63.1,No,Yes,2,Yes,Yes,RotoWire projected lineup; MLB probable pitchers,lineup projected / unconfirmed,H:2026/2025 P:2026/2025,,,Direct BvP not yet weighted; 2026/2025 Statcast baseline active,7,8,27,2,Hot streak: 2 HR in last 7 games,"same-side matchup; pitcher baseline 7.2% barrel, 22.4 HR allowed",neutral batted-ball profile; pitcher fly-ball pressure modest,5.25,30.31,86.56,97.0281,0.3716,0.1292,0.3214,67.74,7.5,51.72,30.87,19.3,0.1774,7.2,37.65,87.86,0.375,0.1466,28.69,,,Tropicana Field,
157,666211,Taylor Trammell,HOU,TB,2026-09-13T17:40:00Z,Scheduled,8,Freddy Peralta,642547,R,39.6,Longshot,Watch List,"Projected Lineup, Strong Barrel, Platoon Edge",37.7,35.9,27.6,47.9,80.0,10.6,No,Yes,8,Yes,Yes,RotoWire projected lineup; MLB probable pitchers,lineup projected / unconfirmed,H:2026/2025 P:2026/2025,,,Direct BvP not yet weighted; 2026/2025 Statcast baseline active,7,4,21,0,"Last 7 games: 4/21, 0 HR","platoon edge; pitcher baseline 7.2% barrel, 22.4 HR allowed",neutral batted-ball profile; pitcher fly-ball pressure modest,10.6,37.85,89.11,100.7646,0.3518,0.1592,0.2815,75.93,60.18,46.47,28.13,5.8,0.1472,7.2,37.65,87.86,0.375,0.1466,28.69,,,Tropicana Field,
158,681297,Colton Cowser,BAL,TOR,2026-09-13T17:37:00Z,Scheduled,8,Dylan Cease,656302,R,39.4,Longshot,Watch List,"Projected Lineup, Strong Barrel, Platoon Edge",44.9,21.6,30.4,47.9,80.0,19.5,No,Yes,8,Yes,Yes,RotoWire projected lineup; MLB probable pitchers,lineup projected / unconfirmed,H:2026/2025 P:2026/2025,,,Direct BvP not yet weighted; 2026/2025 Statcast baseline active,7,3,12,0,"Last 7 games: 3/12, 0 HR","platoon edge; pitcher baseline 6.2% barrel, 14.0 HR allowed",neutral batted-ball profile; pitcher fly-ball pressure modest,11.44,42.43,88.87,100.8981,0.4089,0.196,0.3105,74.3,43.38,38.24,32.36,13.9,0.1638,6.22,33.86,86.66,0.3093,0.1121,25.05,,,Rogers Centre,
159,671976,Tristan Peters,CWS,STL,2026-09-13T18:15:00Z,Scheduled,6,Michael McGreevy,700241,R,39.4,Longshot,Watch List,"Projected Lineup, Platoon Edge",15.2,53.6,22.1,71.7,80.0,19.5,No,Yes,6,Yes,Yes,RotoWire projected lineup; MLB probable pitchers,lineup projected / unconfirmed,H:2026/2025 P:2026/2025,,,Direct BvP not yet weighted; 2026/2025 Statcast baseline active,7,6,24,0,"Last 7 games: 6/24, 0 HR","platoon edge; pitcher baseline 9.4% barrel, 17.6 HR allowed",neutral batted-ball profile; pitcher fly-ball pressure modest,4.06,35.66,87.29,98.1897,0.332,0.1092,0.2663,69.23,5.46,41.84,20.16,8.4,0.1295,9.43,41.29,90.08,0.4724,0.1935,26.83,,,Busch Stadium,
160,687551,Drew Gilbert,SF,SD,2026-09-13T23:20:00Z,Scheduled,1,Nick Pivetta,601713,R,39.2,Longshot,Watch List,"Projected Lineup, Premium Lineup Spot, Platoon Edge",18.9,35.6,19.3,88.7,80.0,37.8,No,Yes,1,Yes,Yes,RotoWire projected lineup; MLB probable pitchers,lineup projected / unconfirmed,H:2026/2025 P:2026/2025,,,Direct BvP not yet weighted; 2026/2025 Statcast baseline active,7,5,20,1,"Last 7 games: 5/20, 1 HR","platoon edge; pitcher baseline 8.7% barrel, 6.6 HR allowed",neutral batted-ball profile; pitcher allows elevated contact,5.11,35.8,86.46,98.1839,0.3703,0.1279,0.3078,70.45,10.2,41.05,19.9,6.5,0.1453,8.73,36.81,88.34,0.3393,0.1435,31.97,,,Oracle Park,
161,605170,Victor Caratini,MIN,CLE,2026-09-13T18:10:00Z,Scheduled,7,Tanner Bibee,676440,R,39.0,Longshot,Watch List,"Projected Lineup, Platoon Edge",30.1,41.2,27.1,59.8,75.0,0.0,No,Yes,7,Yes,Yes,RotoWire projected lineup; MLB probable pitchers,lineup projected / unconfirmed,H:2026/2025 P:2026/2025,,,Direct BvP not yet weighted; 2026/2025 Statcast baseline active,7,2,17,0,"Last 7 games: 2/17, 0 HR","switch hitter; pitcher baseline 8.0% barrel, 27.0 HR allowed",neutral batted-ball profile; pitcher fly-ball pressure modest,6.79,39.93,89.26,98.9523,0.3893,0.1497,0.3206,71.39,16.22,37.85,23.83,8.5,0.1142,8.03,38.28,88.85,0.4088,0.1646,27.62,,,Target Field,
162,553869,Elias Diaz,TEX,AZ,2026-09-13T20:10:00Z,Scheduled,9,Eduardo Rodriguez,593958,L,39.0,Longshot,Watch List,"Projected Lineup, Platoon Edge",32.1,37.1,28.2,40.2,78.0,53.3,No,Yes,9,Yes,Yes,RotoWire projected lineup; MLB probable pitchers,lineup projected / unconfirmed,H:2026/2025 P:2026/2025,,,Direct BvP not yet weighted; 2026/2025 Statcast baseline active,7,6,17,1,Contact streak: 6/17 over last 7 games,"platoon edge; pitcher baseline 7.6% barrel, 18.0 HR allowed",neutral batted-ball profile; pitcher fly-ball pressure modest,8.79,39.89,88.05,100.487,0.3543,0.139,0.2701,74.34,43.58,37.58,27.1,7.6,0.1578,7.64,33.66,87.57,0.4202,0.165,27.05,,,Chase Field,
163,592663,J.T. Realmuto,PHI,ATL,2026-09-13T17:35:00Z,Scheduled,8,Grant Holmes,656550,R,38.9,Longshot,Watch List,Projected Lineup,31.8,51.5,30.9,47.9,50.0,3.4,No,Yes,8,Yes,Yes,RotoWire projected lineup; MLB probable pitchers,lineup projected / unconfirmed,H:2026/2025 P:2026/2025,,,Direct BvP not yet weighted; 2026/2025 Statcast baseline active,7,3,21,0,"Last 7 games: 3/21, 0 HR","same-side matchup; pitcher baseline 9.0% barrel, 18.1 HR allowed",neutral batted-ball profile; pitcher fly-ball pressure modest,6.28,42.07,89.79,100.1466,0.3956,0.1426,0.3181,72.77,31.03,42.02,25.8,10.6,0.127,8.98,43.79,91.01,0.4245,0.1747,26.76,,,Truist Park,
164,645277,Ozzie Albies,ATL,PHI,2026-09-13T17:35:00Z,Scheduled,4,Andrew Painter,691725,R,38.8,Longshot,Watch List,"Projected Lineup, Premium Lineup Spot, Platoon Edge",16.3,38.9,30.9,90.4,75.0,1.6,No,Yes,4,Yes,Yes,RotoWire projected lineup; MLB probable pitchers,lineup projected / unconfirmed,H:2026/2025 P:2026,,,Direct BvP not yet weighted; 2026/2025 Statcast baseline active,7,3,23,0,"Last 7 games: 3/23, 0 HR","switch hitter; pitcher baseline 8.5% barrel, 19.0 HR allowed",neutral batted-ball profile; pitcher fly-ball pressure modest,4.2,28.81,87.29,96.7187,0.3565,0.1226,0.2871,68.86,5.6,46.49,31.69,19.5,0.1509,8.5,35.7,87.4,0.426,0.173,26.6,,,Truist Park,
165,683953,Travis Bazzana,CLE,MIN,2026-09-13T18:10:00Z,Scheduled,7,,,,38.7,Longshot,Watch List,"Projected Lineup, Hot Hitter/Streak",20.9,41.2,27.1,59.8,60.0,81.7,No,Yes,7,Yes,Yes,RotoWire projected lineup; MLB probable pitchers,lineup projected / unconfirmed,H:2026 P:,,,Direct BvP not yet weighted; 2026/2025 Statcast baseline active,7,10,22,2,Hot streak: 2 HR in last 7 games,"handedness incomplete; pitcher baseline 0.0% barrel, 0.0 HR allowed",neutral batted-ball profile; pitcher fly-ball pressure modest,4.9,36.7,87.9,98.4493,0.351,0.122,0.306,69.6,12.0,39.1,28.0,11.0,0.141,,,,,,,,,Target Field,
166,677649,Ezequiel Duran,TEX,AZ,2026-09-13T20:10:00Z,Scheduled,5,Eduardo Rodriguez,593958,L,38.7,Longshot,Watch List,"Projected Lineup, Platoon Edge",21.2,37.1,28.2,81.9,78.0,2.7,No,Yes,5,Yes,Yes,RotoWire projected lineup; MLB probable pitchers,lineup projected / unconfirmed,H:2026/2025 P:2026/2025,,,Direct BvP not yet weighted; 2026/2025 Statcast baseline active,7,4,29,0,"Last 7 games: 4/29, 0 HR","platoon edge; pitcher baseline 7.6% barrel, 18.0 HR allowed",neutral batted-ball profile; pitcher fly-ball pressure modest,5.19,36.15,87.89,99.0878,0.3524,0.1167,0.2876,72.34,24.8,35.03,22.35,11.9,0.1432,7.64,33.66,87.57,0.4202,0.165,27.05,,,Chase Field,
167,814430,Brett Callahan,DET,COL,2026-09-13T16:10:00Z,Scheduled,8,Gabriel Hughes,687312,R,38.6,Longshot,Watch List,"Projected Lineup, Strong Barrel, Platoon Edge",50.3,16.1,27.6,47.9,80.0,2.0,No,Yes,8,Yes,Yes,RotoWire projected lineup; MLB probable pitchers,lineup projected / unconfirmed,H:2026 P:2026,,,Direct BvP not yet weighted; 2026/2025 Statcast baseline active,7,2,15,0,"Last 7 games: 2/15, 0 HR","platoon edge; pitcher baseline 4.5% barrel, 5.0 HR allowed",neutral batted-ball profile; pitcher fly-ball pressure modest,11.1,51.9,91.9,101.9318,0.4,0.184,0.291,73.9,43.7,40.7,29.6,1.0,0.156,4.5,29.2,87.3,0.349,0.113,26.4,,,Comerica Park,
168,691720,Kyle Karros,COL,DET,2026-09-13T16:10:00Z,Scheduled,6,Jackson Jobe,695549,R,38.4,Longshot,Watch List,Projected Lineup,24.7,43.0,27.6,71.7,50.0,24.3,No,Yes,6,Yes,Yes,RotoWire projected lineup; MLB probable pitchers,lineup projected / unconfirmed,H:2026/2025 P:2026/2025,,,Direct BvP not yet weighted; 2026/2025 Statcast baseline active,7,4,25,1,"Last 7 games: 4/25, 1 HR","same-side matchup; pitcher baseline 9.3% barrel, 5.6 HR allowed",neutral batted-ball profile; pitcher fly-ball pressure modest,6.11,38.67,88.95,99.5429,0.3642,0.1236,0.314,69.8,5.3,39.29,23.99,8.0,0.1294,9.33,38.82,88.47,0.4324,0.1806,24.22,,,Comerica Park,
169,676439,Hunter Feduccia,LAD,MIA,2026-09-13T17:40:00Z,Scheduled,8,Eury Pérez,691587,R,38.2,Longshot,Watch List,"Projected Lineup, Platoon Edge",28.0,47.8,21.5,47.9,80.0,7.0,No,Yes,8,Yes,Yes,RotoWire projected lineup; MLB probable pitchers,lineup projected / unconfirmed,H:2026/2025 P:2026/2025,,,Direct BvP not yet weighted; 2026/2025 Statcast baseline active,7,3,18,0,"Last 7 games: 3/18, 0 HR","platoon edge; pitcher baseline 9.8% barrel, 15.5 HR allowed",neutral batted-ball profile; pitcher allows elevated contact,8.2,36.86,89.07,98.7982,0.351,0.1241,0.3023,70.78,12.7,32.87,27.45,2.1,0.0878,9.84,41.46,89.1,0.3828,0.1679,31.5,,,loanDepot park,
170,679529,Spencer Torkelson,DET,COL,2026-09-13T16:10:00Z,Scheduled,7,Gabriel Hughes,687312,R,38.1,Longshot,Watch List,"Projected Lineup, Strong Barrel",47.5,16.1,27.6,59.8,50.0,30.3,No,Yes,7,Yes,Yes,RotoWire projected lineup; MLB probable pitchers,lineup projected / unconfirmed,H:2026/2025 P:2026,,,Direct BvP not yet weighted; 2026/2025 Statcast baseline active,7,4,20,1,"Last 7 games: 4/20, 1 HR","same-side matchup; pitcher baseline 4.5% barrel, 5.0 HR allowed",fly-ball profile; pitcher fly-ball pressure modest,12.59,42.23,89.57,100.1202,0.4119,0.1957,0.3165,73.14,26.16,47.49,35.9,24.7,0.1957,4.5,29.2,87.3,0.349,0.113,26.4,,,Comerica Park,
171,620443,Luis Torrens,NYM,NYY,2026-09-13T17:35:00Z,Scheduled,8,Cam Schlittler,693645,R,38.0,Longshot,Watch List,Projected Lineup,30.7,36.0,38.2,47.9,50.0,45.3,No,Yes,8,Yes,Yes,RotoWire projected lineup; MLB probable pitchers,lineup projected / unconfirmed,H:2026/2025 P:2026/2025,,,Direct BvP not yet weighted; 2026/2025 Statcast baseline active,7,6,20,1,"Last 7 games: 6/20, 1 HR","same-side matchup; pitcher baseline 8.0% barrel, 13.6 HR allowed",neutral batted-ball profile; pitcher fly-ball pressure modest,7.06,43.2,89.13,99.4971,0.3938,0.1478,0.3079,70.42,7.92,30.59,21.39,7.1,0.147,7.99,39.85,88.72,0.3504,0.1351,26.32,,,Yankee Stadium,
172,702616,Jackson Holliday,BAL,TOR,2026-09-13T17:37:00Z,Scheduled,3,Dylan Cease,656302,R,38.0,Longshot,Watch List,"Projected Lineup, Premium Lineup Spot, Platoon Edge",24.4,21.6,30.4,92.1,80.0,2.0,No,Yes,3,Yes,Yes,RotoWire projected lineup; MLB probable pitchers,lineup projected / unconfirmed,H:2026/2025 P:2026/2025,,,Direct BvP not yet weighted; 2026/2025 Statcast baseline active,7,4,30,0,"Last 7 games: 4/30, 0 HR","platoon edge; pitcher baseline 6.2% barrel, 14.0 HR allowed",neutral batted-ball profile; pitcher fly-ball pressure modest,6.96,36.11,87.54,98.0864,0.3732,0.1329,0.3032,70.6,7.41,34.01,23.98,10.0,0.1211,6.22,33.86,86.66,0.3093,0.1121,25.05,,,Rogers Centre,
173,543760,Marcus Semien,NYM,NYY,2026-09-13T17:35:00Z,Scheduled,6,Cam Schlittler,693645,R,37.9,Longshot,Watch List,Projected Lineup,23.9,36.0,38.2,71.7,50.0,22.4,No,Yes,6,Yes,Yes,RotoWire projected lineup; MLB probable pitchers,lineup projected / unconfirmed,H:2026/2025 P:2026/2025,,,Direct BvP not yet weighted; 2026/2025 Statcast baseline active,7,7,26,0,"Last 7 games: 7/26, 0 HR","same-side matchup; pitcher baseline 8.0% barrel, 13.6 HR allowed",neutral batted-ball profile; pitcher fly-ball pressure modest,6.45,34.09,87.11,97.4281,0.388,0.1425,0.3103,68.57,3.27,46.91,32.0,14.3,0.1298,7.99,39.85,88.72,0.3504,0.1351,26.32,,,Yankee Stadium,
174,701678,Hao-Yu Lee,DET,COL,2026-09-13T16:10:00Z,Scheduled,2,Gabriel Hughes,687312,R,37.8,Longshot,Watch List,"Projected Lineup, Premium Lineup Spot",34.8,16.1,27.6,95.5,50.0,9.3,No,Yes,2,Yes,Yes,RotoWire projected lineup; MLB probable pitchers,lineup projected / unconfirmed,H:2026 P:2026,,,Direct BvP not yet weighted; 2026/2025 Statcast baseline active,7,4,22,0,"Last 7 games: 4/22, 0 HR","same-side matchup; pitcher baseline 4.5% barrel, 5.0 HR allowed",neutral batted-ball profile; pitcher fly-ball pressure modest,8.5,41.0,89.8,100.2932,0.389,0.159,0.299,71.5,22.0,28.0,25.5,8.0,0.144,4.5,29.2,87.3,0.349,0.113,26.4,,,Comerica Park,
175,669221,Sean Murphy,ATL,PHI,2026-09-13T17:35:00Z,Scheduled,8,Andrew Painter,691725,R,37.6,Longshot,Watch List,Projected Lineup,32.2,41.0,30.9,47.9,50.0,26.4,No,Yes,8,Yes,Yes,RotoWire projected lineup; MLB probable pitchers,lineup projected / unconfirmed,H:2026/2025 P:2026,,,Direct BvP not yet weighted; 2026/2025 Statcast baseline active,7,4,23,1,"Last 7 games: 4/23, 1 HR","same-side matchup; pitcher baseline 8.5% barrel, 19.0 HR allowed",neutral batted-ball profile; pitcher fly-ball pressure modest,9.62,40.93,87.35,101.0558,0.3506,0.1482,0.2762,72.53,27.84,46.81,25.86,6.9,0.1708,8.5,35.7,87.4,0.426,0.173,26.6,,,Truist Park,
176,687462,Spencer Horwitz,PIT,CHC,2026-09-13T18:20:00Z,Scheduled,6,Matthew Boyd,571510,L,37.4,Longshot,Watch List,Projected Lineup,21.6,43.2,29.8,71.7,50.0,17.7,No,Yes,6,Yes,Yes,RotoWire projected lineup; MLB probable pitchers,lineup projected / unconfirmed,H:2026/2025 P:2026/2025,,,Direct BvP not yet weighted; 2026/2025 Statcast baseline active,7,5,21,0,"Last 7 games: 5/21, 0 HR","same-side matchup; pitcher baseline 9.0% barrel, 16.2 HR allowed",neutral batted-ball profile; pitcher fly-ball pressure modest,6.76,32.92,86.98,97.5323,0.3657,0.1339,0.3148,68.61,5.46,39.38,27.84,10.3,0.1347,9.0,38.21,88.29,0.4204,0.1657,25.99,,,Wrigley Field,
177,689414,Liam Hicks,TB,HOU,2026-09-13T17:40:00Z,Scheduled,4,Hayden Wesneski,669713,R,37.2,Longshot,Watch List,"Projected Lineup, Premium Lineup Spot, Platoon Edge",8.5,35.0,27.6,90.4,80.0,39.8,No,Yes,4,Yes,Yes,RotoWire projected lineup; MLB probable pitchers,lineup projected / unconfirmed,H:2026/2025 P:2026/2025,,,Direct BvP not yet weighted; 2026/2025 Statcast baseline active,7,5,19,1,"Last 7 games: 5/19, 1 HR","platoon edge; pitcher baseline 7.6% barrel, 4.2 HR allowed",neutral batted-ball profile; pitcher fly-ball pressure modest,3.88,27.77,84.81,96.2246,0.3542,0.1004,0.3164,68.03,3.65,41.75,24.01,14.4,0.1382,7.56,41.05,88.51,0.3912,0.1494,23.55,,,Tropicana Field,
178,800543,Josue De Paula,LAD,MIA,2026-09-13T17:40:00Z,Scheduled,7,Eury Pérez,691587,R,37.2,Longshot,Watch List,"Projected Lineup, Platoon Edge",20.9,47.8,21.5,59.8,80.0,0.0,No,Yes,7,Yes,Yes,RotoWire projected lineup; MLB probable pitchers,lineup projected / unconfirmed,H:2026 P:2026/2025,,,Direct BvP not yet weighted; 2026/2025 Statcast baseline active,2,0,5,0,"Last 2 games: 0/5, 0 HR","platoon edge; pitcher baseline 9.8% barrel, 15.5 HR allowed",neutral batted-ball profile; pitcher allows elevated contact,0.0,33.3,90.8,93.8437,0.209,0.032,0.302,76.9,80.0,66.7,33.3,0.0,0.0,9.84,41.46,89.1,0.3828,0.1679,31.5,,,loanDepot park,
179,670231,John Rave,KC,BOS,2026-09-13T19:05:00Z,Scheduled,7,Payton Tolle,801139,L,37.2,Longshot,Watch List,Projected Lineup,31.3,29.2,28.7,59.8,50.0,52.8,No,Yes,7,Yes,Yes,RotoWire projected lineup; MLB probable pitchers,lineup projected / unconfirmed,H:2026/2025 P:2026/2025,,,Direct BvP not yet weighted; 2026/2025 Statcast baseline active,7,5,22,2,Hot streak: 2 HR in last 7 games,"same-side matchup; pitcher baseline 6.5% barrel, 12.0 HR allowed",neutral batted-ball profile; pitcher fly-ball pressure modest,8.65,36.22,88.09,99.8141,0.3847,0.1493,0.3146,74.04,40.0,43.89,24.64,4.7,0.1866,6.54,35.99,88.01,0.3497,0.1359,27.18,,,Fenway Park,
180,669134,Luis Campusano,SD,SF,2026-09-13T23:20:00Z,Scheduled,4,Logan Webb,657277,R,37.1,Longshot,Watch List,"Projected Lineup, Premium Lineup Spot",23.2,30.8,19.3,90.4,50.0,40.7,No,Yes,4,Yes,Yes,RotoWire projected lineup; MLB probable pitchers,lineup projected / unconfirmed,H:2026/2025 P:2026/2025,,,Direct BvP not yet weighted; 2026/2025 Statcast baseline active,7,7,26,1,"Last 7 games: 7/26, 1 HR","same-side matchup; pitcher baseline 6.4% barrel, 12.6 HR allowed",neutral batted-ball profile; pitcher fly-ball pressure modest,6.86,36.72,87.87,98.5477,0.3186,0.1211,0.3032,72.89,29.5,46.7,20.78,4.9,0.1288,6.41,39.29,88.65,0.384,0.1289,19.21,,,Oracle Park,
181,686681,Michael Massey,KC,BOS,2026-09-13T19:05:00Z,Scheduled,6,Payton Tolle,801139,L,36.5,Longshot,Watch List,Projected Lineup,28.1,29.2,28.7,71.7,50.0,28.2,No,Yes,6,Yes,Yes,RotoWire projected lineup; MLB probable pitchers,lineup projected / unconfirmed,H:2026/2025 P:2026/2025,,,Direct BvP not yet weighted; 2026/2025 Statcast baseline active,7,8,26,0,"Last 7 games: 8/26, 0 HR","same-side matchup; pitcher baseline 6.5% barrel, 12.0 HR allowed",neutral batted-ball profile; pitcher fly-ball pressure modest,5.26,38.53,89.11,98.8405,0.395,0.143,0.2972,71.5,12.54,49.36,30.52,8.6,0.132,6.54,35.99,88.01,0.3497,0.1359,27.18,,,Fenway Park,
182,678662,Ezequiel Tovar,COL,DET,2026-09-13T16:10:00Z,Scheduled,9,Jackson Jobe,695549,R,36.3,Longshot,Watch List,Projected Lineup,28.2,43.0,27.6,40.2,50.0,47.7,No,Yes,9,Yes,Yes,RotoWire projected lineup; MLB probable pitchers,lineup projected / unconfirmed,H:2026/2025 P:2026/2025,,,Direct BvP not yet weighted; 2026/2025 Statcast baseline active,7,6,19,1,"Last 7 games: 6/19, 1 HR","same-side matchup; pitcher baseline 9.3% barrel, 5.6 HR allowed",neutral batted-ball profile; pitcher fly-ball pressure modest,7.2,34.63,87.86,98.8858,0.385,0.1506,0.2889,71.95,21.1,37.26,30.27,9.7,0.1274,9.33,38.82,88.47,0.4324,0.1806,24.22,,,Comerica Park,
183,680700,Richie Palacios,TB,HOU,2026-09-13T17:40:00Z,Scheduled,8,Hayden Wesneski,669713,R,36.3,Longshot,Watch List,"Projected Lineup, Platoon Edge, Hot Hitter/Streak",15.6,35.0,27.6,47.9,80.0,93.3,No,Yes,8,Yes,Yes,RotoWire projected lineup; MLB probable pitchers,lineup projected / unconfirmed,H:2026/2025 P:2026/2025,,,Direct BvP not yet weighted; 2026/2025 Statcast baseline active,7,6,16,3,Hot streak: 3 HR in last 7 games,"platoon edge; pitcher baseline 7.6% barrel, 4.2 HR allowed",neutral batted-ball profile; pitcher fly-ball pressure modest,4.85,32.83,87.24,97.0366,0.3674,0.1025,0.3229,68.84,3.59,36.46,21.4,6.6,0.1316,7.56,41.05,88.51,0.3912,0.1494,23.55,,,Tropicana Field,
184,669224,Austin Wells,NYY,NYM,2026-09-13T17:35:00Z,Scheduled,9,Christian Scott,681035,R,36.2,Longshot,Watch List,"Projected Lineup, Platoon Edge",35.3,25.0,38.2,40.2,80.0,0.0,No,Yes,9,Yes,Yes,RotoWire projected lineup; MLB probable pitchers,lineup projected / unconfirmed,H:2026/2025 P:2026,,,Direct BvP not yet weighted; 2026/2025 Statcast baseline active,7,0,17,0,"Last 7 games: 0/17, 0 HR","platoon edge; pitcher baseline 6.6% barrel, 10.0 HR allowed",neutral batted-ball profile; pitcher fly-ball pressure modest,7.61,43.38,89.62,100.6394,0.3592,0.1528,0.2896,72.91,27.74,45.12,32.79,13.3,0.1491,6.6,33.7,86.5,0.351,0.126,27.9,,,Yankee Stadium,
185,690976,Alex Freeland,LAD,MIA,2026-09-13T17:40:00Z,Scheduled,9,Eury Pérez,691587,R,36.2,Longshot,Watch List,"Projected Lineup, Platoon Edge",25.8,46.1,21.5,40.2,75.0,19.5,No,Yes,9,Yes,Yes,RotoWire projected lineup; MLB probable pitchers,lineup projected / unconfirmed,H:2026/2025 P:2026/2025,,,Direct BvP not yet weighted; 2026/2025 Statcast baseline active,7,4,16,0,"Last 7 games: 4/16, 0 HR","switch hitter; pitcher baseline 9.8% barrel, 15.5 HR allowed",neutral batted-ball profile; pitcher allows elevated contact,6.67,38.35,89.79,99.0446,0.3207,0.1196,0.2789,70.77,10.24,35.06,25.9,2.7,0.0913,9.84,41.46,89.1,0.3828,0.1679,31.5,,,loanDepot park,
186,688363,Graham Pauley,MIA,LAD,2026-09-13T17:40:00Z,Scheduled,8,Emmet Sheehan,686218,R,36.2,Longshot,Watch List,"Projected Lineup, Platoon Edge",13.9,48.2,21.5,47.9,80.0,58.1,No,Yes,8,Yes,Yes,RotoWire projected lineup; MLB probable pitchers,lineup projected / unconfirmed,H:2026/2025 P:2026/2025,,,Direct BvP not yet weighted; 2026/2025 Statcast baseline active,7,5,19,2,Hot streak: 2 HR in last 7 games,"platoon edge; pitcher baseline 10.4% barrel, 16.8 HR allowed",neutral batted-ball profile; pitcher allows elevated contact,5.92,27.56,85.06,96.3538,0.308,0.1095,0.2556,71.28,15.59,48.57,29.01,3.3,0.1511,10.38,40.13,89.16,0.3838,0.164,30.01,,,loanDepot park,
187,695731,Braden Montgomery,CWS,STL,2026-09-13T18:15:00Z,Scheduled,9,Michael McGreevy,700241,R,36.2,Longshot,Watch List,"Projected Lineup, Platoon Edge",24.4,51.7,22.1,40.2,75.0,0.0,No,Yes,9,Yes,Yes,RotoWire projected lineup; MLB probable pitchers,lineup projected / unconfirmed,H:2026 P:2026/2025,,,Direct BvP not yet weighted; 2026/2025 Statcast baseline active,7,2,22,0,"Last 7 games: 2/22, 0 HR","switch hitter; pitcher baseline 9.4% barrel, 17.6 HR allowed",neutral batted-ball profile; pitcher fly-ball pressure modest,4.5,40.5,88.8,99.9179,0.398,0.143,0.332,69.7,8.3,38.2,20.0,6.0,0.132,9.43,41.29,90.08,0.4724,0.1935,26.83,,,Busch Stadium,
188,514888,Jose Altuve,HOU,TB,2026-09-13T17:40:00Z,Scheduled,3,Freddy Peralta,642547,R,36.1,Longshot,Watch List,"Projected Lineup, Premium Lineup Spot",13.8,35.9,27.6,92.1,50.0,28.6,No,Yes,3,Yes,Yes,RotoWire projected lineup; MLB probable pitchers,lineup projected / unconfirmed,H:2026/2025 P:2026/2025,,,Direct BvP not yet weighted; 2026/2025 Statcast baseline active,7,9,29,0,"Last 7 games: 9/29, 0 HR","same-side matchup; pitcher baseline 7.2% barrel, 22.4 HR allowed",neutral batted-ball profile; pitcher fly-ball pressure modest,4.94,31.74,85.45,97.094,0.3434,0.1169,0.2811,69.0,9.85,45.22,22.72,18.3,0.1595,7.2,37.65,87.86,0.375,0.1466,28.69,,,Tropicana Field,
189,807712,Luke Keaschall,MIN,CLE,2026-09-13T18:10:00Z,Scheduled,1,Tanner Bibee,676440,R,36.1,Longshot,Watch List,"Projected Lineup, Premium Lineup Spot",13.1,42.4,27.1,88.7,50.0,13.3,No,Yes,1,Yes,Yes,RotoWire projected lineup; MLB probable pitchers,lineup projected / unconfirmed,H:2026/2025 P:2026/2025,,,Direct BvP not yet weighted; 2026/2025 Statcast baseline active,7,5,24,0,"Last 7 games: 5/24, 0 HR","same-side matchup; pitcher baseline 8.0% barrel, 27.0 HR allowed",neutral batted-ball profile; pitcher fly-ball pressure modest,4.01,29.8,85.71,96.7753,0.364,0.1146,0.3184,68.64,7.24,38.12,27.53,7.5,0.122,8.03,38.28,88.85,0.4088,0.1646,27.62,,,Target Field,
190,699393,Pedro Ramirez,CHC,PIT,2026-09-13T18:20:00Z,Scheduled,8,Bubba Chandler,696149,R,36.0,Longshot,Watch List,"Projected Lineup, Platoon Edge",23.0,33.9,29.8,47.9,75.0,47.5,No,Yes,8,Yes,Yes,RotoWire projected lineup; MLB probable pitchers,lineup projected / unconfirmed,H:2026 P:2026/2025,,,Direct BvP not yet weighted; 2026/2025 Statcast baseline active,7,5,26,2,Hot streak: 2 HR in last 7 games,"switch hitter; pitcher baseline 6.8% barrel, 9.7 HR allowed",neutral batted-ball profile; pitcher fly-ball pressure modest,4.9,39.5,88.9,99.2496,0.356,0.109,0.289,72.3,22.3,41.4,22.8,5.0,0.15,6.81,39.09,89.29,0.3814,0.1504,25.74,,,Wrigley Field,
191,681807,David Fry,CLE,MIN,2026-09-13T18:10:00Z,Scheduled,6,,,,35.8,Longshot,Watch List,Projected Lineup,18.7,41.2,27.1,71.7,60.0,5.1,No,Yes,6,Yes,Yes,RotoWire projected lineup; MLB probable pitchers,lineup projected / unconfirmed,H:2026/2025 P:,,,Direct BvP not yet weighted; 2026/2025 Statcast baseline active,7,2,13,0,"Last 7 games: 2/13, 0 HR","handedness incomplete; pitcher baseline 0.0% barrel, 0.0 HR allowed",neutral batted-ball profile; pitcher fly-ball pressure modest,6.72,34.62,86.46,97.6031,0.2539,0.0968,0.2377,70.96,11.75,52.31,29.87,6.6,0.1584,,,,,,,,,Target Field,
192,686765,Nick Sogard,BOS,KC,2026-09-13T19:05:00Z,Scheduled,6,Noah Cameron,702070,L,35.8,Longshot,Watch List,"Projected Lineup, Platoon Edge",15.3,35.8,28.7,71.7,75.0,22.4,No,Yes,6,Yes,Yes,RotoWire projected lineup; MLB probable pitchers,lineup projected / unconfirmed,H:2026/2025 P:2026/2025,,,Direct BvP not yet weighted; 2026/2025 Statcast baseline active,7,7,26,0,"Last 7 games: 7/26, 0 HR","switch hitter; pitcher baseline 7.3% barrel, 16.6 HR allowed",neutral batted-ball profile; pitcher fly-ball pressure modest,4.97,31.06,86.49,96.9783,0.3638,0.1135,0.3125,68.78,3.61,44.33,23.81,2.8,0.1183,7.28,37.61,88.46,0.4012,0.1576,26.52,,,Fenway Park,
193,805367,Chase Meidroth,CWS,STL,2026-09-13T18:15:00Z,Scheduled,7,Michael McGreevy,700241,R,35.7,Longshot,Watch List,Projected Lineup,13.1,53.6,22.1,59.8,50.0,45.9,No,Yes,7,Yes,Yes,RotoWire projected lineup; MLB probable pitchers,lineup projected / unconfirmed,H:2026/2025 P:2026/2025,,,Direct BvP not yet weighted; 2026/2025 Statcast baseline active,7,4,22,2,Hot streak: 2 HR in last 7 games,"same-side matchup; pitcher baseline 9.4% barrel, 17.6 HR allowed",neutral batted-ball profile; pitcher fly-ball pressure modest,3.7,35.05,87.64,97.4012,0.3386,0.0982,0.2979,67.12,1.18,38.26,20.68,11.3,0.1132,9.43,41.29,90.08,0.4724,0.1935,26.83,,,Busch Stadium,
194,641680,Jonah Heim,ATH,SEA,2026-09-13T20:05:00Z,Scheduled,8,Bryce Miller,682243,R,35.7,Longshot,Watch List,"Projected Lineup, Platoon Edge",23.1,40.2,30.9,47.9,75.0,6.0,No,Yes,8,Yes,Yes,RotoWire projected lineup; MLB probable pitchers,lineup projected / unconfirmed,H:2026/2025 P:2026/2025,,,Direct BvP not yet weighted; 2026/2025 Statcast baseline active,7,4,25,0,"Last 7 games: 4/25, 0 HR","switch hitter; pitcher baseline 8.0% barrel, 17.7 HR allowed",neutral batted-ball profile; pitcher allows elevated contact,6.38,33.1,88.03,97.8362,0.3621,0.1368,0.2851,69.77,9.31,40.42,27.62,12.4,0.1554,8.0,37.75,88.83,0.4024,0.1631,31.37,,,Sutter Health Park,
195,691594,Javier Sanoja,MIA,LAD,2026-09-13T17:40:00Z,Scheduled,6,Emmet Sheehan,686218,R,35.6,Longshot,Watch List,Projected Lineup,10.7,48.2,21.5,71.7,50.0,53.9,No,Yes,6,Yes,Yes,RotoWire projected lineup; MLB probable pitchers,lineup projected / unconfirmed,H:2026/2025 P:2026/2025,,,Direct BvP not yet weighted; 2026/2025 Statcast baseline active,7,10,28,1,Contact streak: 10/28 over last 7 games,"same-side matchup; pitcher baseline 10.4% barrel, 16.8 HR allowed",neutral batted-ball profile; pitcher allows elevated contact,2.08,32.48,87.45,97.51,0.3476,0.0823,0.289,68.93,6.32,37.52,18.83,7.4,0.1509,10.38,40.13,89.16,0.3838,0.164,30.01,,,loanDepot park,
196,701785,Kaelen Culpepper,MIN,CLE,2026-09-13T18:10:00Z,Scheduled,6,Tanner Bibee,676440,R,35.6,Longshot,Watch List,Projected Lineup,18.5,42.4,27.1,71.7,50.0,14.6,No,Yes,6,Yes,Yes,RotoWire projected lineup; MLB probable pitchers,lineup projected / unconfirmed,H:2026 P:2026/2025,,,Direct BvP not yet weighted; 2026/2025 Statcast baseline active,7,5,23,0,"Last 7 games: 5/23, 0 HR","same-side matchup; pitcher baseline 8.0% barrel, 27.0 HR allowed",neutral batted-ball profile; pitcher fly-ball pressure modest,3.7,31.3,87.3,97.6862,0.376,0.124,0.303,73.7,36.1,42.2,24.1,3.0,0.133,8.03,38.28,88.85,0.4088,0.1646,27.62,,,Target Field,
197,679845,Nick Loftin,KC,BOS,2026-09-13T19:05:00Z,Scheduled,5,Payton Tolle,801139,L,35.6,Longshot,Watch List,"Projected Lineup, Platoon Edge",16.1,29.2,28.7,81.9,78.0,9.8,No,Yes,5,Yes,Yes,RotoWire projected lineup; MLB probable pitchers,lineup projected / unconfirmed,H:2026/2025 P:2026/2025,,,Direct BvP not yet weighted; 2026/2025 Statcast baseline active,7,5,27,0,"Last 7 games: 5/27, 0 HR","platoon edge; pitcher baseline 6.5% barrel, 12.0 HR allowed",neutral batted-ball profile; pitcher fly-ball pressure modest,4.9,29.8,87.22,96.9202,0.3436,0.1158,0.294,68.98,6.01,43.31,28.29,6.1,0.1476,6.54,35.99,88.01,0.3497,0.1359,27.18,,,Fenway Park,
198,702222,Justin Crawford,PHI,ATL,2026-09-13T17:35:00Z,Scheduled,9,Grant Holmes,656550,R,35.5,Longshot,Watch List,"Projected Lineup, Platoon Edge",11.1,51.5,30.9,40.2,80.0,39.8,No,Yes,9,Yes,Yes,RotoWire projected lineup; MLB probable pitchers,lineup projected / unconfirmed,H:2026 P:2026/2025,,,Direct BvP not yet weighted; 2026/2025 Statcast baseline active,7,5,19,1,"Last 7 games: 5/19, 1 HR","platoon edge; pitcher baseline 9.0% barrel, 18.1 HR allowed",neutral batted-ball profile; pitcher fly-ball pressure modest,1.3,36.3,87.2,98.2598,0.316,0.061,0.28,69.2,5.9,27.0,15.8,2.0,0.082,8.98,43.79,91.01,0.4245,0.1747,26.76,,,Truist Park,
199,663647,Ke'Bryan Hayes,CIN,MIL,2026-09-13T18:10:00Z,Scheduled,9,Robert Gasser,688107,L,35.5,Longshot,Watch List,"Projected Lineup, Platoon Edge",30.6,36.0,27.6,40.2,78.0,0.0,No,Yes,9,Yes,Yes,RotoWire projected lineup; MLB probable pitchers,lineup projected / unconfirmed,H:2026/2025 P:2026/2025,,,Direct BvP not yet weighted; 2026/2025 Statcast baseline active,7,2,22,0,"Last 7 games: 2/22, 0 HR","platoon edge; pitcher baseline 8.0% barrel, 10.1 HR allowed",neutral batted-ball profile; pitcher fly-ball pressure modest,6.77,41.17,90.28,99.9157,0.3749,0.1327,0.2946,70.89,7.71,30.18,26.94,5.0,0.0864,7.95,36.49,88.13,0.3918,0.1572,26.47,,,American Family Field,
200,608348,Carson Kelly,CHC,PIT,2026-09-13T18:20:00Z,Scheduled,7,Bubba Chandler,696149,R,35.5,Longshot,Watch List,Projected Lineup,27.2,34.9,29.8,59.8,50.0,16.1,No,Yes,7,Yes,Yes,RotoWire projected lineup; MLB probable pitchers,lineup projected / unconfirmed,H:2026/2025 P:2026/2025,,,Direct BvP not yet weighted; 2026/2025 Statcast baseline active,7,5,22,0,"Last 7 games: 5/22, 0 HR","same-side matchup; pitcher baseline 6.8% barrel, 9.7 HR allowed",neutral batted-ball profile; pitcher fly-ball pressure modest,6.8,37.99,87.82,98.8235,0.3872,0.1463,0.3147,70.61,7.98,41.46,26.41,12.1,0.1433,6.81,39.09,89.29,0.3814,0.1504,25.74,,,Wrigley Field,
201,807726,John Peck,DET,COL,2026-09-13T16:10:00Z,Scheduled,9,Gabriel Hughes,687312,R,35.4,Longshot,Watch List,"Projected Lineup, Strong Barrel",49.0,16.1,27.6,40.2,50.0,21.5,No,Yes,9,Yes,Yes,RotoWire projected lineup; MLB probable pitchers,lineup projected / unconfirmed,H:2026 P:2026,,,Direct BvP not yet weighted; 2026/2025 Statcast baseline active,7,5,19,0,"Last 7 games: 5/19, 0 HR","same-side matchup; pitcher baseline 4.5% barrel, 5.0 HR allowed",neutral batted-ball profile; pitcher fly-ball pressure modest,15.8,45.0,89.4,99.381,0.435,0.182,0.37,72.1,14.3,25.0,15.0,0.0,0.037,4.5,29.2,87.3,0.349,0.113,26.4,,,Comerica Park,
202,669701,Josh Smith,TOR,BAL,2026-09-13T17:37:00Z,Scheduled,7,Trevor Rogers,669432,L,35.2,Longshot,Watch List,Projected Lineup,18.3,35.2,30.4,59.8,50.0,64.8,No,Yes,7,Yes,Yes,RotoWire projected lineup; MLB probable pitchers,lineup projected / unconfirmed,H:2026/2025 P:2026/2025,,,Direct BvP not yet weighted; 2026/2025 Statcast baseline active,7,4,13,2,Hot streak: 2 HR in last 7 games,"same-side matchup; pitcher baseline 7.0% barrel, 13.0 HR allowed",neutral batted-ball profile; pitcher fly-ball pressure modest,6.61,30.26,86.22,97.236,0.3415,0.1225,0.2911,68.86,2.97,35.39,30.19,7.2,0.1248,6.97,40.42,88.72,0.3809,0.1454,24.46,,,Rogers Centre,
203,694378,Jacob Gonzalez,PIT,CHC,2026-09-13T18:20:00Z,Scheduled,8,Matthew Boyd,571510,L,35.2,Longshot,Watch List,Projected Lineup,24.7,43.2,29.8,47.9,50.0,19.5,No,Yes,8,Yes,Yes,RotoWire projected lineup; MLB probable pitchers,lineup projected / unconfirmed,H:2026 P:2026/2025,,,Direct BvP not yet weighted; 2026/2025 Statcast baseline active,7,4,16,0,"Last 7 games: 4/16, 0 HR","same-side matchup; pitcher baseline 9.0% barrel, 16.2 HR allowed",neutral batted-ball profile; pitcher fly-ball pressure modest,4.4,38.0,88.1,98.987,0.399,0.146,0.306,71.2,14.3,42.8,26.4,6.0,0.137,9.0,38.21,88.29,0.4204,0.1657,25.99,,,Wrigley Field,
204,694376,Shay Whitcomb,SF,SD,2026-09-13T23:20:00Z,Scheduled,7,Nick Pivetta,601713,R,35.2,Longshot,Watch List,"Projected Lineup, Strong Barrel",26.9,35.6,19.3,59.8,50.0,39.5,No,Yes,7,Yes,Yes,RotoWire projected lineup; MLB probable pitchers,lineup projected / unconfirmed,H:2026/2025 P:2026/2025,,,Direct BvP not yet weighted; 2026/2025 Statcast baseline active,7,6,23,1,"Last 7 games: 6/23, 1 HR","same-side matchup; pitcher baseline 8.7% barrel, 6.6 HR allowed",neutral batted-ball profile; pitcher allows elevated contact,10.24,29.61,85.83,97.4675,0.3475,0.1611,0.2372,71.66,17.78,42.09,27.09,2.4,0.1374,8.73,36.81,88.34,0.3393,0.1435,31.97,,,Oracle Park,
205,665877,Jose Fermin,STL,CWS,2026-09-13T18:15:00Z,Scheduled,1,,,,35.1,Longshot,Watch List,"Projected Lineup, Premium Lineup Spot",9.9,41.2,22.1,88.7,60.0,17.3,No,Yes,1,Yes,Yes,RotoWire projected lineup; MLB probable pitchers,lineup projected / unconfirmed,H:2026/2025 P:,,,Direct BvP not yet weighted; 2026/2025 Statcast baseline active,7,4,17,0,"Last 7 games: 4/17, 0 HR","handedness incomplete; pitcher baseline 0.0% barrel, 0.0 HR allowed",neutral batted-ball profile; pitcher fly-ball pressure modest,1.61,31.01,86.33,96.4746,0.3467,0.0913,0.3012,68.07,3.09,48.11,25.08,4.5,0.1165,,,,,,,,,Busch Stadium,
206,641487,J.P. Crawford,SEA,ATH,2026-09-13T20:05:00Z,Scheduled,1,Jacob Lopez,682052,L,35.0,Longshot,Watch List,"Projected Lineup, Premium Lineup Spot",19.7,26.3,30.9,88.7,50.0,12.0,No,Yes,1,Yes,Yes,RotoWire projected lineup; MLB probable pitchers,lineup projected / unconfirmed,H:2026/2025 P:2026/2025,,,Direct BvP not yet weighted; 2026/2025 Statcast baseline active,7,5,25,0,"Last 7 games: 5/25, 0 HR","same-side matchup; pitcher baseline 6.4% barrel, 17.8 HR allowed",neutral batted-ball profile; pitcher allows elevated contact,5.32,34.56,87.55,98.0915,0.3629,0.1165,0.3238,71.28,18.67,35.28,21.21,10.6,0.1141,6.39,31.1,85.01,0.3536,0.1429,35.28,,,Sutter Health Park,
207,656775,Cedric Mullins,TB,HOU,2026-09-13T17:40:00Z,Scheduled,7,Hayden Wesneski,669713,R,34.9,Longshot,Watch List,"Projected Lineup, Platoon Edge",20.4,35.0,27.6,59.8,80.0,0.0,No,Yes,7,Yes,Yes,RotoWire projected lineup; MLB probable pitchers,lineup projected / unconfirmed,H:2026/2025 P:2026/2025,,,Direct BvP not yet weighted; 2026/2025 Statcast baseline active,7,2,20,0,"Last 7 games: 2/20, 0 HR","platoon edge; pitcher baseline 7.6% barrel, 4.2 HR allowed",neutral batted-ball profile; pitcher fly-ball pressure modest,4.8,33.03,88.1,97.8517,0.3199,0.125,0.2701,71.03,9.92,45.32,32.29,14.9,0.1505,7.56,41.05,88.51,0.3912,0.1494,23.55,,,Tropicana Field,
208,669720,Austin Hays,SD,SF,2026-09-13T23:20:00Z,Scheduled,6,Logan Webb,657277,R,34.8,Longshot,Watch List,Projected Lineup,23.3,30.8,19.3,71.7,50.0,45.0,No,Yes,6,Yes,Yes,RotoWire projected lineup; MLB probable pitchers,lineup projected / unconfirmed,H:2026/2025 P:2026/2025,,,Direct BvP not yet weighted; 2026/2025 Statcast baseline active,7,6,13,0,Contact streak: 6/13 over last 7 games,"same-side matchup; pitcher baseline 6.4% barrel, 12.6 HR allowed",neutral batted-ball profile; pitcher fly-ball pressure modest,5.46,40.71,87.19,99.2545,0.3785,0.1158,0.2902,72.6,23.86,49.1,21.3,5.9,0.1233,6.41,39.29,88.65,0.384,0.1289,19.21,,,Oracle Park,
209,696285,Jacob Young,WSH,LAA,2026-09-13T17:35:00Z,Scheduled,9,Grayson Rodriguez,680570,R,34.6,Longshot,Watch List,Projected Lineup,16.9,56.8,28.2,40.2,50.0,19.5,No,Yes,9,Yes,Yes,RotoWire projected lineup; MLB probable pitchers,lineup projected / unconfirmed,H:2026/2025 P:2026,,,Direct BvP not yet weighted; 2026/2025 Statcast baseline active,7,4,16,0,"Last 7 games: 4/16, 0 HR","same-side matchup; pitcher baseline 9.5% barrel, 14.0 HR allowed",neutral batted-ball profile; pitcher fly-ball pressure modest,4.7,31.75,87.67,97.7876,0.3689,0.1104,0.3096,69.21,2.16,35.28,24.42,7.6,0.1155,9.5,46.0,90.6,0.472,0.199,28.6,,,Nationals Park,
210,664770,Nathan Lukes,TOR,BAL,2026-09-13T17:37:00Z,Scheduled,5,Trevor Rogers,669432,L,34.6,Longshot,Watch List,Projected Lineup,10.9,35.2,30.4,81.9,50.0,39.7,No,Yes,5,Yes,Yes,RotoWire projected lineup; MLB probable pitchers,lineup projected / unconfirmed,H:2026/2025 P:2026/2025,,,Direct BvP not yet weighted; 2026/2025 Statcast baseline active,7,10,26,0,Contact streak: 10/26 over last 7 games,"same-side matchup; pitcher baseline 7.0% barrel, 13.0 HR allowed",neutral batted-ball profile; pitcher fly-ball pressure modest,3.19,30.7,87.2,96.8541,0.3577,0.1015,0.2954,67.3,3.76,31.98,21.09,10.6,0.1268,6.97,40.42,88.72,0.3809,0.1454,24.46,,,Rogers Centre,
211,703601,Max Clark,DET,COL,2026-09-13T16:10:00Z,Scheduled,6,Gabriel Hughes,687312,R,34.4,Longshot,Watch List,"Projected Lineup, Platoon Edge",19.0,16.1,27.6,71.7,80.0,59.0,No,Yes,6,Yes,Yes,RotoWire projected lineup; MLB probable pitchers,lineup projected / unconfirmed,H:2026 P:2026,,,Direct BvP not yet weighted; 2026/2025 Statcast baseline active,7,9,23,1,Contact streak: 9/23 over last 7 games,"platoon edge; pitcher baseline 4.5% barrel, 5.0 HR allowed",neutral batted-ball profile; pitcher fly-ball pressure modest,1.0,39.8,87.6,98.2654,0.364,0.091,0.318,73.3,27.5,37.8,26.5,3.0,0.172,4.5,29.2,87.3,0.349,0.113,26.4,,,Comerica Park,
212,703520,Brett Bateman,TOR,BAL,2026-09-13T17:37:00Z,Scheduled,1,Trevor Rogers,669432,L,34.4,Longshot,Watch List,"Projected Lineup, Premium Lineup Spot, Hot Hitter/Streak",2.7,35.2,30.4,88.7,50.0,72.2,No,Yes,1,Yes,Yes,RotoWire projected lineup; MLB probable pitchers,lineup projected / unconfirmed,H:2026 P:2026/2025,,,Direct BvP not yet weighted; 2026/2025 Statcast baseline active,7,10,28,2,Hot streak: 2 HR in last 7 games,"same-side matchup; pitcher baseline 7.0% barrel, 13.0 HR allowed",neutral batted-ball profile; pitcher fly-ball pressure modest,1.1,20.0,84.4,94.9018,0.328,0.063,0.304,68.4,2.8,30.5,10.5,1.0,0.085,6.97,40.42,88.72,0.3809,0.1454,24.46,,,Rogers Centre,
213,691182,Adael Amador,COL,DET,2026-09-13T16:10:00Z,Scheduled,8,Jackson Jobe,695549,R,34.3,Longshot,Watch List,"Projected Lineup, Platoon Edge",13.2,42.4,27.6,47.9,75.0,44.1,No,Yes,8,Yes,Yes,RotoWire projected lineup; MLB probable pitchers,lineup projected / unconfirmed,H:2026/2025 P:2026/2025,,,Direct BvP not yet weighted; 2026/2025 Statcast baseline active,7,7,24,1,"Last 7 games: 7/24, 1 HR","switch hitter; pitcher baseline 9.3% barrel, 5.6 HR allowed",neutral batted-ball profile; pitcher fly-ball pressure modest,7.39,26.52,83.33,97.0273,0.3158,0.1097,0.2697,69.41,8.92,54.9,27.54,2.4,0.2238,9.33,38.82,88.47,0.4324,0.1806,24.22,,,Comerica Park,
214,678391,Jorbit Vivas,WSH,LAA,2026-09-13T17:35:00Z,Scheduled,8,Grayson Rodriguez,680570,R,34.3,Longshot,Watch List,"Projected Lineup, Platoon Edge",4.7,56.8,28.2,47.9,80.0,19.5,No,Yes,8,Yes,Yes,RotoWire projected lineup; MLB probable pitchers,lineup projected / unconfirmed,H:2026/2025 P:2026,,,Direct BvP not yet weighted; 2026/2025 Statcast baseline active,7,5,20,0,"Last 7 games: 5/20, 0 HR","platoon edge; pitcher baseline 9.5% barrel, 14.0 HR allowed",neutral batted-ball profile; pitcher fly-ball pressure modest,3.72,26.56,83.73,95.1498,0.3212,0.0785,0.301,69.6,4.52,42.09,21.39,2.4,0.0897,9.5,46.0,90.6,0.472,0.199,28.6,,,Nationals Park,
215,687597,Jordan Beck,COL,DET,2026-09-13T16:10:00Z,Scheduled,7,Jackson Jobe,695549,R,34.0,Longshot,Watch List,Projected Lineup,19.9,43.0,27.6,59.8,50.0,2.0,No,Yes,7,Yes,Yes,RotoWire projected lineup; MLB probable pitchers,lineup projected / unconfirmed,H:2026/2025 P:2026/2025,,,Direct BvP not yet weighted; 2026/2025 Statcast baseline active,7,2,15,0,"Last 7 games: 2/15, 0 HR","same-side matchup; pitcher baseline 9.3% barrel, 5.6 HR allowed",neutral batted-ball profile; pitcher fly-ball pressure modest,5.75,32.97,86.77,98.5013,0.3243,0.1087,0.2642,73.76,37.25,38.89,28.67,5.5,0.1167,9.33,38.82,88.47,0.4324,0.1806,24.22,,,Comerica Park,
216,702284,Cole Young,SEA,ATH,2026-09-13T20:05:00Z,Scheduled,7,Jacob Lopez,682052,L,34.0,Longshot,Watch List,Projected Lineup,23.5,26.3,30.9,59.8,50.0,47.7,No,Yes,7,Yes,Yes,RotoWire projected lineup; MLB probable pitchers,lineup projected / unconfirmed,H:2026/2025 P:2026/2025,,,Direct BvP not yet weighted; 2026/2025 Statcast baseline active,7,6,19,1,"Last 7 games: 6/19, 1 HR","same-side matchup; pitcher baseline 6.4% barrel, 17.8 HR allowed",neutral batted-ball profile; pitcher allows elevated contact,5.18,35.65,88.02,98.7485,0.3823,0.1324,0.311,71.51,21.51,42.05,26.52,12.4,0.1248,6.39,31.1,85.01,0.3536,0.1429,35.28,,,Sutter Health Park,
217,806367,Turner Hill,SF,SD,2026-09-13T23:20:00Z,Scheduled,5,Nick Pivetta,601713,R,34.0,Longshot,Watch List,"Projected Lineup, Platoon Edge",11.7,35.6,19.3,81.9,80.0,0.0,No,Yes,5,Yes,Yes,RotoWire projected lineup; MLB probable pitchers,lineup projected / unconfirmed,H:2026 P:2026/2025,,,Direct BvP not yet weighted; 2026/2025 Statcast baseline active,7,3,27,0,"Last 7 games: 3/27, 0 HR","platoon edge; pitcher baseline 8.7% barrel, 6.6 HR allowed",neutral batted-ball profile; pitcher allows elevated contact,3.5,31.6,86.9,96.4159,0.352,0.113,0.319,65.7,0.9,50.9,22.8,0.0,0.089,8.73,36.81,88.34,0.3393,0.1435,31.97,,,Oracle Park,
218,680757,Steven Kwan,CLE,MIN,2026-09-13T18:10:00Z,Scheduled,1,,,,33.9,Longshot,Watch List,"Projected Lineup, Premium Lineup Spot",2.4,41.2,27.1,88.7,60.0,27.0,No,Yes,1,Yes,Yes,RotoWire projected lineup; MLB probable pitchers,lineup projected / unconfirmed,H:2026/2025 P:,,,Direct BvP not yet weighted; 2026/2025 Statcast baseline active,7,9,30,0,"Last 7 games: 9/30, 0 HR","handedness incomplete; pitcher baseline 0.0% barrel, 0.0 HR allowed",neutral batted-ball profile; pitcher fly-ball pressure modest,0.92,12.65,84.38,92.669,0.345,0.0727,0.3184,62.73,0.31,28.44,23.09,4.7,0.0733,,,,,,,,,Target Field,
219,593428,Xander Bogaerts,SD,SF,2026-09-13T23:20:00Z,Scheduled,7,Logan Webb,657277,R,33.9,Longshot,Watch List,Projected Lineup,28.2,30.8,19.3,59.8,50.0,28.2,No,Yes,7,Yes,Yes,RotoWire projected lineup; MLB probable pitchers,lineup projected / unconfirmed,H:2026/2025 P:2026/2025,,,Direct BvP not yet weighted; 2026/2025 Statcast baseline active,7,8,26,0,"Last 7 games: 8/26, 0 HR","same-side matchup; pitcher baseline 6.4% barrel, 12.6 HR allowed",neutral batted-ball profile; pitcher fly-ball pressure modest,6.13,40.46,89.14,100.0827,0.3829,0.132,0.3221,72.31,27.94,43.24,23.76,11.0,0.1091,6.41,39.29,88.65,0.384,0.1289,19.21,,,Oracle Park,
220,647304,Josh Naylor,SEA,ATH,2026-09-13T20:05:00Z,Scheduled,6,Jacob Lopez,682052,L,33.8,Longshot,Watch List,Projected Lineup,22.6,26.3,30.9,71.7,50.0,16.6,No,Yes,6,Yes,Yes,RotoWire projected lineup; MLB probable pitchers,lineup projected / unconfirmed,H:2026/2025 P:2026/2025,,,Direct BvP not yet weighted; 2026/2025 Statcast baseline active,7,6,26,0,"Last 7 games: 6/26, 0 HR","same-side matchup; pitcher baseline 6.4% barrel, 17.8 HR allowed",neutral batted-ball profile; pitcher allows elevated contact,5.16,37.63,87.73,99.0327,0.3984,0.1289,0.3187,70.34,11.61,41.22,22.22,13.0,0.1145,6.39,31.1,85.01,0.3536,0.1429,35.28,,,Sutter Health Park,
221,663538,Nico Hoerner,CHC,PIT,2026-09-13T18:20:00Z,Scheduled,5,Bubba Chandler,696149,R,33.5,Longshot,Watch List,Projected Lineup,9.1,34.9,29.8,81.9,50.0,33.7,No,Yes,5,Yes,Yes,RotoWire projected lineup; MLB probable pitchers,lineup projected / unconfirmed,H:2026/2025 P:2026/2025,,,Direct BvP not yet weighted; 2026/2025 Statcast baseline active,7,10,29,0,Contact streak: 10/29 over last 7 games,"same-side matchup; pitcher baseline 6.8% barrel, 9.7 HR allowed",neutral batted-ball profile; pitcher fly-ball pressure modest,1.77,29.6,86.21,96.3469,0.3826,0.085,0.3234,68.33,1.76,32.66,21.7,7.7,0.0942,6.81,39.09,89.29,0.3814,0.1504,25.74,,,Wrigley Field,
222,808982,Jung Hoo Lee,SF,SD,2026-09-13T23:20:00Z,Scheduled,6,Nick Pivetta,601713,R,33.5,Longshot,Watch List,"Projected Lineup, Platoon Edge",13.0,35.6,19.3,71.7,80.0,10.8,No,Yes,6,Yes,Yes,RotoWire projected lineup; MLB probable pitchers,lineup projected / unconfirmed,H:2026/2025 P:2026/2025,,,Direct BvP not yet weighted; 2026/2025 Statcast baseline active,7,5,26,0,"Last 7 games: 5/26, 0 HR","platoon edge; pitcher baseline 8.7% barrel, 6.6 HR allowed",neutral batted-ball profile; pitcher allows elevated contact,2.79,31.72,87.45,96.9805,0.385,0.0996,0.3182,68.37,3.4,38.11,22.73,8.7,0.1305,8.73,36.81,88.34,0.3393,0.1435,31.97,,,Oracle Park,
223,682877,Juan Brito,CIN,MIL,2026-09-13T18:10:00Z,Scheduled,7,Robert Gasser,688107,L,33.4,Longshot,Watch List,"Projected Lineup, Platoon Edge, Hot Hitter/Streak",6.3,35.0,27.6,59.8,75.0,73.9,No,Yes,7,Yes,Yes,RotoWire projected lineup; MLB probable pitchers,lineup projected / unconfirmed,H:2026 P:2026/2025,,,Direct BvP not yet weighted; 2026/2025 Statcast baseline active,7,7,19,2,Hot streak: 2 HR in last 7 games,"switch hitter; pitcher baseline 8.0% barrel, 10.1 HR allowed",neutral batted-ball profile; pitcher fly-ball pressure modest,4.3,28.3,84.2,95.867,0.303,0.087,0.269,69.2,2.2,50.0,21.7,1.0,0.121,7.95,36.49,88.13,0.3918,0.1572,26.47,,,American Family Field,
224,687957,Dustin Harris,SD,SF,2026-09-13T23:20:00Z,Scheduled,2,Logan Webb,657277,R,33.4,Longshot,Watch List,"Projected Lineup, Premium Lineup Spot, Platoon Edge",5.3,30.8,19.3,95.5,80.0,15.3,No,Yes,2,Yes,Yes,RotoWire projected lineup; MLB probable pitchers,lineup projected / unconfirmed,H:2026/2025 P:2026/2025,,,Direct BvP not yet weighted; 2026/2025 Statcast baseline active,7,4,18,0,"Last 7 games: 4/18, 0 HR","platoon edge; pitcher baseline 6.4% barrel, 12.6 HR allowed",neutral batted-ball profile; pitcher fly-ball pressure modest,2.16,20.72,85.78,94.8775,0.3436,0.0876,0.2989,66.82,2.31,48.76,23.94,0.3,0.1017,6.41,39.29,88.65,0.384,0.1289,19.21,,,Oracle Park,
225,621438,Tyrone Taylor,CHC,PIT,2026-09-13T18:20:00Z,Scheduled,9,Bubba Chandler,696149,R,33.3,Longshot,Watch List,Projected Lineup,28.2,34.9,29.8,40.2,50.0,19.5,No,Yes,9,Yes,Yes,RotoWire projected lineup; MLB probable pitchers,lineup projected / unconfirmed,H:2026/2025 P:2026/2025,,,Direct BvP not yet weighted; 2026/2025 Statcast baseline active,7,4,16,0,"Last 7 games: 4/16, 0 HR","same-side matchup; pitcher baseline 6.8% barrel, 9.7 HR allowed",neutral batted-ball profile; pitcher fly-ball pressure modest,7.79,34.54,86.71,98.2766,0.4088,0.156,0.3106,71.21,12.98,51.1,29.65,8.3,0.1919,6.81,39.09,89.29,0.3814,0.1504,25.74,,,Wrigley Field,
226,643289,Mauricio Dubon,ATL,PHI,2026-09-13T17:35:00Z,Scheduled,6,Andrew Painter,691725,R,33.2,Longshot,Watch List,Projected Lineup,9.9,41.0,30.9,71.7,50.0,18.0,No,Yes,6,Yes,Yes,RotoWire projected lineup; MLB probable pitchers,lineup projected / unconfirmed,H:2026/2025 P:2026,,,Direct BvP not yet weighted; 2026/2025 Statcast baseline active,7,6,25,0,"Last 7 games: 6/25, 0 HR","same-side matchup; pitcher baseline 8.5% barrel, 19.0 HR allowed",neutral batted-ball profile; pitcher fly-ball pressure modest,2.95,28.47,85.83,96.1841,0.3632,0.1001,0.2969,68.87,4.1,31.68,25.93,9.8,0.1175,8.5,35.7,87.4,0.426,0.173,26.6,,,Truist Park,
227,699302,Hector Rodriguez,CIN,MIL,2026-09-13T18:10:00Z,Scheduled,8,Robert Gasser,688107,L,33.2,Longshot,Watch List,Projected Lineup,24.2,36.0,27.6,47.9,50.0,24.9,No,Yes,8,Yes,Yes,RotoWire projected lineup; MLB probable pitchers,lineup projected / unconfirmed,H:2026 P:2026/2025,,,Direct BvP not yet weighted; 2026/2025 Statcast baseline active,7,8,28,0,"Last 7 games: 8/28, 0 HR","same-side matchup; pitcher baseline 8.0% barrel, 10.1 HR allowed",neutral batted-ball profile; pitcher fly-ball pressure modest,6.9,33.3,88.0,99.1093,0.334,0.12,0.271,74.3,46.2,40.3,26.4,5.0,0.177,7.95,36.49,88.13,0.3918,0.1572,26.47,,,American Family Field,
228,677587,Brayan Rocchio,CLE,MIN,2026-09-13T18:10:00Z,Scheduled,9,,,,32.5,Longshot,Watch List,"Projected Lineup, Platoon Edge",14.3,40.2,27.1,40.2,75.0,32.9,No,Yes,9,Yes,Yes,RotoWire projected lineup; MLB probable pitchers,lineup projected / unconfirmed,H:2026/2025 P:,,,Direct BvP not yet weighted; 2026/2025 Statcast baseline active,7,5,23,1,"Last 7 games: 5/23, 1 HR","switch hitter; pitcher baseline 0.0% barrel, 0.0 HR allowed",neutral batted-ball profile; pitcher fly-ball pressure modest,3.16,32.28,87.23,97.3355,0.3524,0.1081,0.2929,69.93,6.8,43.43,25.58,10.6,0.1231,,,,,,,,,Target Field,
229,691026,Masyn Winn,STL,CWS,2026-09-13T18:15:00Z,Scheduled,8,,,,32.5,Longshot,Watch List,Projected Lineup,16.3,41.2,22.1,47.9,60.0,36.0,No,Yes,8,Yes,Yes,RotoWire projected lineup; MLB probable pitchers,lineup projected / unconfirmed,H:2026/2025 P:,,,Direct BvP not yet weighted; 2026/2025 Statcast baseline active,7,5,21,1,"Last 7 games: 5/21, 1 HR","handedness incomplete; pitcher baseline 0.0% barrel, 0.0 HR allowed",neutral batted-ball profile; pitcher fly-ball pressure modest,3.89,35.02,88.23,98.6938,0.3379,0.093,0.2951,71.24,16.4,32.39,21.88,6.2,0.0932,,,,,,,,,Busch Stadium,
230,663968,Jake Mangum,PIT,CHC,2026-09-13T18:20:00Z,Scheduled,7,Matthew Boyd,571510,L,32.2,Longshot,Watch List,"Projected Lineup, Platoon Edge",6.1,41.4,29.8,59.8,75.0,13.3,No,Yes,7,Yes,Yes,RotoWire projected lineup; MLB probable pitchers,lineup projected / unconfirmed,H:2026/2025 P:2026/2025,,,Direct BvP not yet weighted; 2026/2025 Statcast baseline active,7,5,24,0,"Last 7 games: 5/24, 0 HR","switch hitter; pitcher baseline 9.0% barrel, 16.2 HR allowed",neutral batted-ball profile; pitcher fly-ball pressure modest,2.14,28.85,86.04,96.6405,0.3297,0.0815,0.2823,67.65,4.15,27.93,16.12,3.7,0.0811,9.0,38.21,88.29,0.4204,0.1657,25.99,,,Wrigley Field,
231,683011,Anthony Volpe,NYY,NYM,2026-09-13T17:35:00Z,Scheduled,8,Christian Scott,681035,R,32.1,Longshot,Watch List,Projected Lineup,23.7,25.0,38.2,47.9,50.0,27.6,No,Yes,8,Yes,Yes,RotoWire projected lineup; MLB probable pitchers,lineup projected / unconfirmed,H:2026/2025 P:2026,,,Direct BvP not yet weighted; 2026/2025 Statcast baseline active,7,4,22,1,"Last 7 games: 4/22, 1 HR","same-side matchup; pitcher baseline 6.6% barrel, 10.0 HR allowed",neutral batted-ball profile; pitcher fly-ball pressure modest,6.3,37.49,88.25,98.806,0.3483,0.1176,0.2947,71.83,20.38,31.61,23.43,7.1,0.1202,6.6,33.7,86.5,0.351,0.126,27.9,,,Yankee Stadium,
232,678011,Anthony Seigler,BOS,KC,2026-09-13T19:05:00Z,Scheduled,9,Noah Cameron,702070,L,32.1,Longshot,Watch List,"Projected Lineup, Platoon Edge",18.2,35.8,28.7,40.2,75.0,16.6,No,Yes,9,Yes,Yes,RotoWire projected lineup; MLB probable pitchers,lineup projected / unconfirmed,H:2026/2025 P:2026/2025,,,Direct BvP not yet weighted; 2026/2025 Statcast baseline active,7,3,13,0,"Last 7 games: 3/13, 0 HR","switch hitter; pitcher baseline 7.3% barrel, 16.6 HR allowed",neutral batted-ball profile; pitcher fly-ball pressure modest,4.55,35.54,87.69,97.1811,0.3635,0.1216,0.3114,66.87,0.28,34.28,27.1,2.1,0.1133,7.28,37.61,88.46,0.4012,0.1576,26.52,,,Fenway Park,
233,686217,Sal Frelick,MIL,CIN,2026-09-13T18:10:00Z,Scheduled,7,Chase Burns,695505,R,31.8,Longshot,Watch List,"Projected Lineup, Platoon Edge",6.7,39.9,27.6,59.8,80.0,6.0,No,Yes,7,Yes,Yes,RotoWire projected lineup; MLB probable pitchers,lineup projected / unconfirmed,H:2026/2025 P:2026/2025,,,Direct BvP not yet weighted; 2026/2025 Statcast baseline active,7,4,25,0,"Last 7 games: 4/25, 0 HR","platoon edge; pitcher baseline 8.4% barrel, 12.0 HR allowed",neutral batted-ball profile; pitcher fly-ball pressure modest,2.68,28.52,85.85,96.5702,0.332,0.0854,0.2885,68.31,3.97,39.81,21.32,6.4,0.0995,8.38,40.38,89.64,0.3553,0.1453,29.15,,,American Family Field,
234,668885,Austin Martin,MIN,CLE,2026-09-13T18:10:00Z,Scheduled,8,Tanner Bibee,676440,R,31.7,Longshot,Watch List,Projected Lineup,12.2,42.4,27.1,47.9,50.0,44.5,No,Yes,8,Yes,Yes,RotoWire projected lineup; MLB probable pitchers,lineup projected / unconfirmed,H:2026/2025 P:2026/2025,,,Direct BvP not yet weighted; 2026/2025 Statcast baseline active,7,5,17,1,"Last 7 games: 5/17, 1 HR","same-side matchup; pitcher baseline 8.0% barrel, 27.0 HR allowed",neutral batted-ball profile; pitcher fly-ball pressure modest,3.82,32.02,86.76,97.3124,0.3484,0.0974,0.3226,68.83,4.27,40.72,21.05,2.4,0.0893,8.03,38.28,88.85,0.4088,0.1646,27.62,,,Target Field,
235,623168,Tyler Heineman,LAA,WSH,2026-09-13T17:35:00Z,Scheduled,9,Jake Irvin,663623,R,31.6,Longshot,Watch List,"Projected Lineup, Platoon Edge",0.4,59.5,28.2,40.2,75.0,12.0,No,Yes,9,Yes,Yes,RotoWire projected lineup; MLB probable pitchers,lineup projected / unconfirmed,H:2026/2025 P:2026/2025,,,Direct BvP not yet weighted; 2026/2025 Statcast baseline active,7,3,15,0,"Last 7 games: 3/15, 0 HR","switch hitter; pitcher baseline 11.0% barrel, 21.9 HR allowed",neutral batted-ball profile; pitcher fly-ball pressure modest,1.45,15.82,82.58,92.6774,0.2741,0.0552,0.2506,65.47,0.42,43.85,22.03,1.6,0.0724,11.02,46.12,89.77,0.4672,0.2085,28.74,,,Nationals Park,
236,666152,David Hamilton,MIL,CIN,2026-09-13T18:10:00Z,Scheduled,9,Chase Burns,695505,R,31.1,Longshot,Watch List,"Projected Lineup, Platoon Edge",10.9,39.9,27.6,40.2,80.0,19.5,No,Yes,9,Yes,Yes,RotoWire projected lineup; MLB probable pitchers,lineup projected / unconfirmed,H:2026/2025 P:2026/2025,,,Direct BvP not yet weighted; 2026/2025 Statcast baseline active,7,5,20,0,"Last 7 games: 5/20, 0 HR","platoon edge; pitcher baseline 8.4% barrel, 12.0 HR allowed",neutral batted-ball profile; pitcher fly-ball pressure modest,4.11,27.94,86.81,96.8702,0.3141,0.0946,0.2712,69.66,6.73,35.46,24.62,4.6,0.1063,8.38,40.38,89.64,0.3553,0.1453,29.15,,,American Family Field,
237,701675,Nathan Church,STL,CWS,2026-09-13T18:15:00Z,Scheduled,9,,,,31.1,Longshot,Watch List,Projected Lineup,14.6,41.2,22.1,40.2,60.0,40.7,No,Yes,9,Yes,Yes,RotoWire projected lineup; MLB probable pitchers,lineup projected / unconfirmed,H:2026/2025 P:,,,Direct BvP not yet weighted; 2026/2025 Statcast baseline active,7,9,23,0,Contact streak: 9/23 over last 7 games,"handedness incomplete; pitcher baseline 0.0% barrel, 0.0 HR allowed",neutral batted-ball profile; pitcher fly-ball pressure modest,4.64,33.24,86.76,97.5145,0.3322,0.1046,0.2736,69.6,8.13,34.36,22.02,7.3,0.1046,,,,,,,,,Busch Stadium,
238,622761,Jorge Mateo,TB,HOU,2026-09-13T17:40:00Z,Scheduled,9,Hayden Wesneski,669713,R,31.0,Longshot,Watch List,Projected Lineup,25.3,35.0,27.6,40.2,50.0,0.0,No,Yes,9,Yes,Yes,RotoWire projected lineup; MLB probable pitchers,lineup projected / unconfirmed,H:2026/2025 P:2026/2025,,,Direct BvP not yet weighted; 2026/2025 Statcast baseline active,7,2,21,0,"Last 7 games: 2/21, 0 HR","same-side matchup; pitcher baseline 7.6% barrel, 4.2 HR allowed",neutral batted-ball profile; pitcher fly-ball pressure modest,6.76,36.91,86.91,98.8628,0.346,0.13,0.2669,73.37,31.67,36.27,28.95,3.8,0.1114,7.56,41.05,88.51,0.3912,0.1494,23.55,,,Tropicana Field,
239,642215,Weston Wilson,SEA,ATH,2026-09-13T20:05:00Z,Scheduled,9,Jacob Lopez,682052,L,30.9,Longshot,Watch List,"Projected Lineup, Platoon Edge",21.9,26.3,30.9,40.2,78.0,2.0,No,Yes,9,Yes,Yes,RotoWire projected lineup; MLB probable pitchers,lineup projected / unconfirmed,H:2026/2025 P:2026/2025,,,Direct BvP not yet weighted; 2026/2025 Statcast baseline active,7,2,15,0,"Last 7 games: 2/15, 0 HR","platoon edge; pitcher baseline 6.4% barrel, 17.8 HR allowed",neutral batted-ball profile; pitcher allows elevated contact,6.31,36.94,86.6,98.4942,0.3199,0.1179,0.2754,72.71,27.17,47.62,27.18,4.3,0.1332,6.39,31.1,85.01,0.3536,0.1429,35.28,,,Sutter Health Park,
240,701852,Drew Cavanaugh,SF,SD,2026-09-13T23:20:00Z,Scheduled,8,Nick Pivetta,601713,R,30.9,Longshot,Watch List,"Projected Lineup, Platoon Edge",11.0,35.6,19.3,47.9,80.0,37.8,No,Yes,8,Yes,Yes,RotoWire projected lineup; MLB probable pitchers,lineup projected / unconfirmed,H:2026 P:2026/2025,,,Direct BvP not yet weighted; 2026/2025 Statcast baseline active,7,4,16,1,"Last 7 games: 4/16, 1 HR","platoon edge; pitcher baseline 8.7% barrel, 6.6 HR allowed",neutral batted-ball profile; pitcher allows elevated contact,4.7,28.7,85.1,98.0193,0.361,0.107,0.314,69.1,4.7,27.6,19.5,0.0,0.024,8.73,36.81,88.34,0.3393,0.1435,31.97,,,Oracle Park,
241,802415,Chandler Simpson,TB,HOU,2026-09-13T17:40:00Z,Scheduled,6,Hayden Wesneski,669713,R,30.6,Longshot,Watch List,"Projected Lineup, Platoon Edge",0.2,35.0,27.6,71.7,80.0,14.1,No,Yes,6,Yes,Yes,RotoWire projected lineup; MLB probable pitchers,lineup projected / unconfirmed,H:2026/2025 P:2026/2025,,,Direct BvP not yet weighted; 2026/2025 Statcast baseline active,7,6,28,0,"Last 7 games: 6/28, 0 HR","platoon edge; pitcher baseline 7.6% barrel, 4.2 HR allowed",neutral batted-ball profile; pitcher fly-ball pressure modest,0.0,14.36,83.88,92.7884,0.308,0.0382,0.2739,64.73,0.51,27.92,12.58,0.0,0.05,7.56,41.05,88.51,0.3912,0.1494,23.55,,,Tropicana Field,
242,595978,Austin Hedges,CLE,MIN,2026-09-13T18:10:00Z,Scheduled,8,,,,30.6,Longshot,Watch List,Projected Lineup,11.9,41.2,27.1,47.9,60.0,12.0,No,Yes,8,Yes,Yes,RotoWire projected lineup; MLB probable pitchers,lineup projected / unconfirmed,H:2026/2025 P:,,,Direct BvP not yet weighted; 2026/2025 Statcast baseline active,7,4,20,0,"Last 7 games: 4/20, 0 HR","handedness incomplete; pitcher baseline 0.0% barrel, 0.0 HR allowed",neutral batted-ball profile; pitcher fly-ball pressure modest,4.03,31.99,86.59,97.6441,0.3036,0.093,0.2672,69.82,10.37,48.02,24.29,5.0,0.1167,,,,,,,,,Target Field,
243,806146,George Lombard,NYY,NYM,2026-09-13T17:35:00Z,Scheduled,7,Christian Scott,681035,R,30.5,Longshot,Watch List,Projected Lineup,14.8,25.0,38.2,59.8,50.0,19.1,No,Yes,7,Yes,Yes,RotoWire projected lineup; MLB probable pitchers,lineup projected / unconfirmed,H:2026 P:2026,,,Direct BvP not yet weighted; 2026/2025 Statcast baseline active,7,3,24,1,"Last 7 games: 3/24, 1 HR","same-side matchup; pitcher baseline 6.6% barrel, 10.0 HR allowed",neutral batted-ball profile; pitcher fly-ball pressure modest,5.5,33.8,85.7,97.2994,0.309,0.094,0.265,71.9,19.2,28.4,23.0,3.0,0.127,6.6,33.7,86.5,0.351,0.126,27.9,,,Yankee Stadium,
244,677008,Heston Kjerstad,BAL,TOR,2026-09-13T17:37:00Z,Scheduled,7,Dylan Cease,656302,R,30.3,Longshot,Watch List,"Projected Lineup, Platoon Edge",13.7,21.6,30.4,59.8,80.0,9.3,No,Yes,7,Yes,Yes,RotoWire projected lineup; MLB probable pitchers,lineup projected / unconfirmed,H:2026/2025 P:2026/2025,,,Direct BvP not yet weighted; 2026/2025 Statcast baseline active,6,2,11,0,"Last 6 games: 2/11, 0 HR","platoon edge; pitcher baseline 6.2% barrel, 14.0 HR allowed",neutral batted-ball profile; pitcher fly-ball pressure modest,2.4,32.35,87.05,93.2692,0.363,0.0851,0.2858,71.29,11.84,31.54,27.52,1.2,0.0405,6.22,33.86,86.66,0.3093,0.1121,25.05,,,Rogers Centre,
245,665966,Carlos Narvaez,BAL,TOR,2026-09-13T17:37:00Z,Scheduled,9,Dylan Cease,656302,R,30.3,Longshot,Watch List,Projected Lineup,31.2,21.6,30.4,40.2,50.0,3.4,No,Yes,9,Yes,Yes,RotoWire projected lineup; MLB probable pitchers,lineup projected / unconfirmed,H:2026/2025 P:2026/2025,,,Direct BvP not yet weighted; 2026/2025 Statcast baseline active,7,2,14,0,"Last 7 games: 2/14, 0 HR","same-side matchup; pitcher baseline 6.2% barrel, 14.0 HR allowed",neutral batted-ball profile; pitcher fly-ball pressure modest,7.21,40.12,90.96,100.1141,0.3271,0.1277,0.2713,72.09,19.95,32.58,30.24,6.6,0.101,6.22,33.86,86.66,0.3093,0.1121,25.05,,,Rogers Centre,
246,683766,Christian Koss,SF,SD,2026-09-13T23:20:00Z,Scheduled,9,Nick Pivetta,601713,R,30.3,Longshot,Watch List,"Projected Lineup, Hot Hitter/Streak",11.7,35.6,19.3,40.2,50.0,97.0,No,Yes,9,Yes,Yes,RotoWire projected lineup; MLB probable pitchers,lineup projected / unconfirmed,H:2026/2025 P:2026/2025,,,Direct BvP not yet weighted; 2026/2025 Statcast baseline active,7,8,20,3,Hot streak: 3 HR in last 7 games,"same-side matchup; pitcher baseline 8.7% barrel, 6.6 HR allowed",neutral batted-ball profile; pitcher allows elevated contact,5.37,30.1,85.01,97.4617,0.332,0.1026,0.2718,69.79,6.28,39.77,19.54,3.7,0.1075,8.73,36.81,88.34,0.3393,0.1435,31.97,,,Oracle Park,
247,630105,Jake Cronenworth,SD,SF,2026-09-13T23:20:00Z,Scheduled,8,Logan Webb,657277,R,29.7,Longshot,Watch List,"Projected Lineup, Platoon Edge",13.8,30.8,19.3,47.9,80.0,19.1,No,Yes,8,Yes,Yes,RotoWire projected lineup; MLB probable pitchers,lineup projected / unconfirmed,H:2026/2025 P:2026/2025,,,Direct BvP not yet weighted; 2026/2025 Statcast baseline active,7,3,24,1,"Last 7 games: 3/24, 1 HR","platoon edge; pitcher baseline 6.4% barrel, 12.6 HR allowed",neutral batted-ball profile; pitcher fly-ball pressure modest,3.89,31.44,87.38,97.6166,0.311,0.0965,0.2847,71.32,17.04,31.61,24.4,6.8,0.096,6.41,39.29,88.65,0.384,0.1289,19.21,,,Oracle Park,
248,,Emmanuel Rodriguez,MIN,CLE,2026-09-13T18:10:00Z,Scheduled,9,Tanner Bibee,676440,R,29.6,Longshot,Watch List,Projected Lineup,6.4,41.2,27.1,40.2,60.0,50.0,No,Yes,9,Yes,Yes,RotoWire projected lineup; MLB probable pitchers,lineup projected / unconfirmed,H: P:2026/2025,,,Direct BvP not yet weighted; 2026/2025 Statcast baseline active,,,,,Recent form unavailable,"handedness incomplete; pitcher baseline 8.0% barrel, 27.0 HR allowed",neutral batted-ball profile; pitcher fly-ball pressure modest,,,,,,,,,,,,,,8.03,38.28,88.85,0.4088,0.1646,27.62,,,Target Field,
249,703492,Nick Morabito,NYM,NYY,2026-09-13T17:35:00Z,Scheduled,9,Cam Schlittler,693645,R,29.5,Longshot,Watch List,Projected Lineup,10.2,36.0,38.2,40.2,50.0,32.0,No,Yes,9,Yes,Yes,RotoWire projected lineup; MLB probable pitchers,lineup projected / unconfirmed,H:2026 P:2026/2025,,,Direct BvP not yet weighted; 2026/2025 Statcast baseline active,7,5,15,0,Contact streak: 5/15 over last 7 games,"same-side matchup; pitcher baseline 8.0% barrel, 13.6 HR allowed",neutral batted-ball profile; pitcher fly-ball pressure modest,0.0,30.8,87.9,96.7416,0.313,0.052,0.319,70.4,22.9,46.2,15.4,0.0,0.043,7.99,39.85,88.72,0.3504,0.1351,26.32,,,Yankee Stadium,
250,673490,Ha-Seong Kim,ATL,PHI,2026-09-13T17:35:00Z,Scheduled,9,Andrew Painter,691725,R,29.4,Longshot,Watch List,Projected Lineup,12.2,41.0,30.9,40.2,50.0,15.3,No,Yes,9,Yes,Yes,RotoWire projected lineup; MLB probable pitchers,lineup projected / unconfirmed,H:2026/2025 P:2026,,,Direct BvP not yet weighted; 2026/2025 Statcast baseline active,7,4,18,0,"Last 7 games: 4/18, 0 HR","same-side matchup; pitcher baseline 8.5% barrel, 19.0 HR allowed",neutral batted-ball profile; pitcher fly-ball pressure modest,3.52,30.98,87.25,96.803,0.2587,0.0713,0.241,71.52,15.98,43.31,28.17,1.5,0.0396,8.5,35.7,87.4,0.426,0.173,26.6,,,Truist Park,
251,806198,Cooper Pratt,MIL,CIN,2026-09-13T18:10:00Z,Scheduled,8,Chase Burns,695505,R,29.3,Longshot,Watch List,Projected Lineup,10.2,39.9,27.6,47.9,50.0,19.5,No,Yes,8,Yes,Yes,RotoWire projected lineup; MLB probable pitchers,lineup projected / unconfirmed,H:2026 P:2026/2025,,,Direct BvP not yet weighted; 2026/2025 Statcast baseline active,7,6,24,0,"Last 7 games: 6/24, 0 HR","same-side matchup; pitcher baseline 8.4% barrel, 12.0 HR allowed",neutral batted-ball profile; pitcher fly-ball pressure modest,3.2,27.0,86.9,96.6034,0.352,0.095,0.309,70.0,9.6,32.1,22.6,3.0,0.095,8.38,40.38,89.64,0.3553,0.1453,29.15,,,American Family Field,
252,702332,Caleb Durbin,BOS,KC,2026-09-13T19:05:00Z,Scheduled,8,Noah Cameron,702070,L,29.0,Longshot,Watch List,"Projected Lineup, Platoon Edge",3.6,37.6,28.7,47.9,78.0,14.6,No,Yes,8,Yes,Yes,RotoWire projected lineup; MLB probable pitchers,lineup projected / unconfirmed,H:2026/2025 P:2026/2025,,,Direct BvP not yet weighted; 2026/2025 Statcast baseline active,7,5,23,0,"Last 7 games: 5/23, 0 HR","platoon edge; pitcher baseline 7.3% barrel, 16.6 HR allowed",neutral batted-ball profile; pitcher fly-ball pressure modest,3.09,25.78,83.87,95.5821,0.3291,0.0888,0.2952,68.81,4.88,40.39,19.75,11.7,0.1303,7.28,37.61,88.46,0.4012,0.1576,26.52,,,Fenway Park,
253,665926,Andres Gimenez,TOR,BAL,2026-09-13T17:37:00Z,Scheduled,8,Trevor Rogers,669432,L,28.8,Longshot,Watch List,Projected Lineup,7.5,35.2,30.4,47.9,50.0,42.3,No,Yes,8,Yes,Yes,RotoWire projected lineup; MLB probable pitchers,lineup projected / unconfirmed,H:2026/2025 P:2026/2025,,,Direct BvP not yet weighted; 2026/2025 Statcast baseline active,7,7,25,1,"Last 7 games: 7/25, 1 HR","same-side matchup; pitcher baseline 7.0% barrel, 13.0 HR allowed",neutral batted-ball profile; pitcher fly-ball pressure modest,3.28,25.53,85.74,95.9952,0.3414,0.0999,0.2849,68.53,5.21,38.59,23.09,8.4,0.1121,6.97,40.42,88.72,0.3809,0.1454,24.46,,,Rogers Centre,
254,,Rudy Martin,TOR,BAL,2026-09-13T17:37:00Z,Scheduled,9,Trevor Rogers,669432,L,28.3,Longshot,Watch List,Projected Lineup,6.4,33.9,30.4,40.2,60.0,50.0,No,Yes,9,Yes,Yes,RotoWire projected lineup; MLB probable pitchers,lineup projected / unconfirmed,H: P:2026/2025,,,Direct BvP not yet weighted; 2026/2025 Statcast baseline active,,,,,Recent form unavailable,"handedness incomplete; pitcher baseline 7.0% barrel, 13.0 HR allowed",neutral batted-ball profile; pitcher fly-ball pressure modest,,,,,,,,,,,,,,6.97,40.42,88.72,0.3809,0.1454,24.46,,,Rogers Centre,
255,670032,Nicky Lopez,TEX,AZ,2026-09-13T20:10:00Z,Scheduled,8,Eduardo Rodriguez,593958,L,27.2,Longshot,Watch List,Projected Lineup,2.0,37.1,28.2,47.9,50.0,45.0,No,Yes,8,Yes,Yes,RotoWire projected lineup; MLB probable pitchers,lineup projected / unconfirmed,H:2026/2025 P:2026/2025,,,Direct BvP not yet weighted; 2026/2025 Statcast baseline active,7,6,12,0,Contact streak: 6/12 over last 7 games,"same-side matchup; pitcher baseline 7.6% barrel, 18.0 HR allowed",neutral batted-ball profile; pitcher fly-ball pressure modest,0.0,26.98,84.59,95.096,0.2606,0.0405,0.2519,66.65,1.31,32.96,12.35,0.7,0.0294,7.64,33.66,87.57,0.4202,0.165,27.05,,,Chase Field,
256,683090,Matthew Lugo,KC,BOS,2026-09-13T19:05:00Z,Scheduled,8,Payton Tolle,801139,L,27.0,Longshot,Watch List,"Projected Lineup, Platoon Edge",6.0,29.2,28.7,47.9,78.0,0.0,No,Yes,8,Yes,Yes,RotoWire projected lineup; MLB probable pitchers,lineup projected / unconfirmed,H:2026/2025 P:2026/2025,,,Direct BvP not yet weighted; 2026/2025 Statcast baseline active,7,1,10,0,"Last 7 games: 1/10, 0 HR","platoon edge; pitcher baseline 6.5% barrel, 12.0 HR allowed",neutral batted-ball profile; pitcher fly-ball pressure modest,3.99,12.66,84.14,91.8319,0.1753,0.0598,0.1753,73.4,41.22,43.33,20.66,1.2,0.0696,6.54,35.99,88.01,0.3497,0.1359,27.18,,,Fenway Park,
257,675961,Alika Williams,ATH,SEA,2026-09-13T20:05:00Z,Scheduled,9,Bryce Miller,682243,R,27.0,Longshot,Watch List,Projected Lineup,6.3,42.1,30.9,40.2,50.0,0.0,No,Yes,9,Yes,Yes,RotoWire projected lineup; MLB probable pitchers,lineup projected / unconfirmed,H:2026 P:2026/2025,,,Direct BvP not yet weighted; 2026/2025 Statcast baseline active,7,2,19,0,"Last 7 games: 2/19, 0 HR","same-side matchup; pitcher baseline 8.0% barrel, 17.7 HR allowed",neutral batted-ball profile; pitcher allows elevated contact,0.7,32.6,84.5,96.919,0.286,0.075,0.239,69.3,3.3,40.0,22.8,4.0,0.156,8.0,37.75,88.83,0.4024,0.1631,31.37,,,Sutter Health Park,
258,703197,Michael Arroyo,SEA,ATH,2026-09-13T20:05:00Z,Scheduled,8,Jacob Lopez,682052,L,26.6,Longshot,Watch List,"Projected Lineup, Platoon Edge",4.6,26.3,30.9,47.9,78.0,7.0,No,Yes,8,Yes,Yes,RotoWire projected lineup; MLB probable pitchers,lineup projected / unconfirmed,H:2026 P:2026/2025,,,Direct BvP not yet weighted; 2026/2025 Statcast baseline active,3,1,6,0,"Last 3 games: 1/6, 0 HR","platoon edge; pitcher baseline 6.4% barrel, 17.8 HR allowed",neutral batted-ball profile; pitcher allows elevated contact,0.0,0.0,78.2,79.7101,0.008,0.003,0.005,74.1,33.3,0.0,0.0,0.0,0.0,6.39,31.1,85.01,0.3536,0.1429,35.28,,,Sutter Health Park,
259,664728,Kyle Isbel,KC,BOS,2026-09-13T19:05:00Z,Scheduled,9,Payton Tolle,801139,L,25.6,Longshot,Watch List,Projected Lineup,11.9,29.2,28.7,40.2,50.0,3.4,No,Yes,9,Yes,Yes,RotoWire projected lineup; MLB probable pitchers,lineup projected / unconfirmed,H:2026/2025 P:2026/2025,,,Direct BvP not yet weighted; 2026/2025 Statcast baseline active,7,3,21,0,"Last 7 games: 3/21, 0 HR","same-side matchup; pitcher baseline 6.5% barrel, 12.0 HR allowed",neutral batted-ball profile; pitcher fly-ball pressure modest,2.51,33.58,88.15,98.8377,0.304,0.0791,0.258,71.17,13.13,33.3,19.99,5.4,0.1064,6.54,35.99,88.01,0.3497,0.1359,27.18,,,Fenway Park,
260,543877,Christian Vazquez,HOU,TB,2026-09-13T17:40:00Z,Scheduled,9,Freddy Peralta,642547,R,24.1,Longshot,Watch List,Projected Lineup,3.4,35.9,27.6,40.2,50.0,0.8,No,Yes,9,Yes,Yes,RotoWire projected lineup; MLB probable pitchers,lineup projected / unconfirmed,H:2026/2025 P:2026/2025,,,Direct BvP not yet weighted; 2026/2025 Statcast baseline active,7,2,16,0,"Last 7 games: 2/16, 0 HR","same-side matchup; pitcher baseline 7.2% barrel, 22.4 HR allowed",neutral batted-ball profile; pitcher fly-ball pressure modest,2.61,24.04,85.9,95.4541,0.2825,0.0816,0.2472,65.95,1.01,34.7,24.63,5.8,0.1095,7.2,37.65,87.86,0.375,0.1466,28.69,,,Tropicana Field,
261,669392,Samad Taylor,SD,SF,2026-09-13T23:20:00Z,Scheduled,9,Logan Webb,657277,R,21.3,Longshot,Watch List,Projected Lineup,1.4,30.8,19.3,40.2,50.0,8.1,No,Yes,9,Yes,Yes,RotoWire projected lineup; MLB probable pitchers,lineup projected / unconfirmed,H:2026/2025 P:2026/2025,,,Direct BvP not yet weighted; 2026/2025 Statcast baseline active,7,4,23,0,"Last 7 games: 4/23, 0 HR","same-side matchup; pitcher baseline 6.4% barrel, 12.6 HR allowed",neutral batted-ball profile; pitcher fly-ball pressure modest,1.82,20.83,81.79,93.8698,0.2993,0.0633,0.267,68.53,2.8,29.06,13.62,0.7,0.0553,6.41,39.29,88.65,0.384,0.1289,19.21,,,Oracle Park,
