rank,hitter_id,player,team,opponent,game_start_time,game_status,batting_order,pitcher,pitcher_id,pitcher_hand,hr_score,tier,play_type,reason_tags,power_score,pitcher_score,environment_score,lineup_score,platoon_score,recent_form_score,confirmed_lineup,rotowire_confirmed_lineup,rotowire_batting_order,rotowire_player_found,lineup_disagreement,lineup_sources_used,source_warnings,stat_years_used,bvp_pa,bvp_hr,bvp_note,recent_games,recent_hits,recent_abs,recent_hr,recent_form_note,split_matchup_note,pitch_mix_note,barrel_pct,hard_hit_pct,avg_exit_velocity,ev50,xslg,xiso,xwoba,bat_speed,fast_swing_pct,pull_pct,fb_pct,hr_total,iso,pitcher_barrel_pct_allowed,pitcher_hard_hit_pct_allowed,pitcher_avg_exit_velocity_allowed,pitcher_xslg_allowed,pitcher_xiso_allowed,pitcher_fb_pct_allowed,wind_direction,weather_temp,ballpark,odds
1,808959,Munetaka Murakami,CWS,COL,2026-09-25T23:40:00Z,Pre-Game,4,Tomoyuki Sugano,608372,R,69.1,Tier 3,Watch List,"Strong Barrel, Premium Lineup Spot, Platoon Edge",75.0,68.7,31.1,94.9,80.0,54.7,Yes,Yes,4,Yes,No,MLB Stats API; RotoWire,,H:2026 P:2026/2025,,,Direct BvP not yet weighted; 2026/2025 Statcast baseline active,7,6,25,2,Hot streak: 2 HR in last 7 games,"platoon edge; pitcher baseline 11.8% barrel, 31.6 HR allowed",lift-pull EV profile; pitcher allows elevated contact,19.2,56.0,93.7,104.3067,0.452,0.253,0.346,74.7,49.9,46.8,38.0,33.0,0.263,11.8,42.53,90.77,0.5359,0.2357,30.07,In From LF,63,Rate Field,
2,660271,Shohei Ohtani,LAD,SF,2026-09-26T02:15:00Z,Pre-Game,1,Yunior Marte,805074,R,67.7,Tier 3,Watch List,"Elite Power, Strong Barrel, Premium Lineup Spot, Platoon Edge",80.1,49.5,57.8,93.2,80.0,9.8,Yes,Yes,1,Yes,No,MLB Stats API; RotoWire,,H:2026/2025 P:2026,,,Direct BvP not yet weighted; 2026/2025 Statcast baseline active,7,5,27,0,"Last 7 games: 5/27, 0 HR","platoon edge; pitcher baseline 11.1% barrel, 3.0 HR allowed",lift-pull EV profile; pitcher fly-ball pressure modest,18.67,54.22,93.85,104.5037,0.5867,0.3022,0.4089,75.03,53.08,46.35,32.13,37.5,0.2721,11.1,41.3,88.4,0.435,0.184,28.6,Out To CF,61,Oracle Park,
3,670541,Yordan Alvarez,HOU,ATH,2026-09-26T01:40:00Z,Pre-Game,2,Jacob Lopez,682052,L,65.7,Tier 3,Watch List,"Projected Lineup, Elite Power, Strong Barrel, Good Environment, Premium Lineup Spot, Hot Hitter/Streak",78.0,28.6,73.9,95.5,50.0,81.7,No,No,2,Yes,Yes,RotoWire projected lineup; MLB probable pitchers,lineup projected / unconfirmed,H:2026/2025 P:2026/2025,,,Direct BvP not yet weighted; 2026/2025 Statcast baseline active,7,11,26,2,Hot streak: 2 HR in last 7 games,"same-side matchup; pitcher baseline 6.6% barrel, 19.9 HR allowed",lift-pull EV profile; pitcher allows elevated contact,15.41,53.53,94.42,104.8074,0.6127,0.3042,0.428,76.1,61.66,40.95,35.89,30.5,0.2466,6.6,32.36,85.22,0.3599,0.145,34.72,Out To CF,82,Sutter Health Park,
4,621566,Matt Olson,ATL,MIA,2026-09-25T23:10:00Z,Warmup,3,Eury Pérez,691587,R,62.6,Tier 3,Watch List,"Strong Barrel, Premium Lineup Spot, Platoon Edge",65.5,48.9,35.0,96.6,80.0,65.2,Yes,Yes,3,Yes,No,MLB Stats API; RotoWire,,H:2026/2025 P:2026/2025,,,Direct BvP not yet weighted; 2026/2025 Statcast baseline active,7,9,29,2,Hot streak: 2 HR in last 7 games,"platoon edge; pitcher baseline 10.1% barrel, 17.6 HR allowed",EV profile; pitcher allows elevated contact,14.4,52.46,92.74,103.7282,0.5018,0.2531,0.3551,74.53,47.33,37.72,32.92,37.4,0.2414,10.05,41.6,89.1,0.3842,0.17,30.94,None,72,loanDepot park,
5,695600,Carter Jensen,KC,CLE,2026-09-25T23:40:00Z,Pre-Game,1,Gavin Williams,668909,R,61.2,Tier 3,Watch List,"Strong Barrel, Premium Lineup Spot, Platoon Edge",59.5,54.4,40.7,93.2,80.0,43.2,Yes,Yes,1,Yes,No,MLB Stats API; RotoWire,,H:2026/2025 P:2026/2025,,,Direct BvP not yet weighted; 2026/2025 Statcast baseline active,7,8,28,1,"Last 7 games: 8/28, 1 HR","platoon edge; pitcher baseline 10.7% barrel, 25.8 HR allowed",lift-pull EV profile; pitcher fly-ball pressure modest,14.29,48.57,92.53,102.9961,0.4699,0.2207,0.3497,74.1,38.94,41.63,31.19,18.4,0.2262,10.68,45.84,90.19,0.3973,0.1747,25.79,R To L,64,Kauffman Stadium,
6,695506,Jac Caglianone,KC,CLE,2026-09-25T23:40:00Z,Pre-Game,3,Gavin Williams,668909,R,60.3,Tier 3,Watch List,"Strong Barrel, Premium Lineup Spot, Platoon Edge",57.5,54.4,40.7,96.6,80.0,29.7,Yes,Yes,3,Yes,No,MLB Stats API; RotoWire,,H:2026/2025 P:2026/2025,,,Direct BvP not yet weighted; 2026/2025 Statcast baseline active,7,7,22,0,"Last 7 games: 7/22, 0 HR","platoon edge; pitcher baseline 10.7% barrel, 25.8 HR allowed",neutral batted-ball profile; pitcher fly-ball pressure modest,12.98,50.73,91.99,104.6877,0.4793,0.2122,0.3455,77.19,73.43,44.35,22.26,18.2,0.1828,10.68,45.84,90.19,0.3973,0.1747,25.79,R To L,64,Kauffman Stadium,
7,608369,Corey Seager,TEX,MIN,2026-09-26T00:10:00Z,Pre-Game,3,Joe Ryan,657746,R,60.1,Tier 3,Watch List,"Strong Barrel, Premium Lineup Spot, Platoon Edge",61.3,52.0,37.6,96.6,80.0,21.0,Yes,Yes,3,Yes,No,MLB Stats API; RotoWire,,H:2026/2025 P:2026/2025,,,Direct BvP not yet weighted; 2026/2025 Statcast baseline active,7,4,29,1,"Last 7 games: 4/29, 1 HR","platoon edge; pitcher baseline 10.5% barrel, 22.5 HR allowed",lift-pull EV profile; pitcher allows elevated contact,14.6,49.68,92.06,102.5153,0.506,0.2455,0.3643,71.8,15.09,41.27,30.85,19.6,0.2027,10.52,40.99,89.64,0.3977,0.174,30.45,In From RF,69,Target Field,
8,700250,Ben Rice,NYY,BAL,2026-09-25T20:10:00Z,Scheduled,2,Brandon Young,687064,R,60.0,Longshot,Watch List,"Projected Lineup, Strong Barrel, Premium Lineup Spot, Platoon Edge",63.4,43.0,38.2,95.5,80.0,48.7,No,No,4,Yes,Yes,RotoWire projected lineup; MLB probable pitchers,lineup projected / unconfirmed; order MLB 2 vs RotoWire 4,H:2026/2025 P:2026/2025,,,Direct BvP not yet weighted; 2026/2025 Statcast baseline active,7,5,25,2,Hot streak: 2 HR in last 7 games,"platoon edge; pitcher baseline 7.8% barrel, 19.0 HR allowed",lift-pull EV profile; pitcher fly-ball pressure modest,14.49,50.43,92.25,102.4471,0.5236,0.2527,0.3819,72.84,27.38,44.75,31.09,36.5,0.2643,7.82,40.24,89.26,0.4117,0.1637,26.66,,,Yankee Stadium,
9,641343,Jake Bauers,MIL,STL,2026-09-25T23:40:00Z,Pre-Game,4,Michael McGreevy,700241,R,60.0,Longshot,Watch List,"Strong Barrel, Premium Lineup Spot, Platoon Edge",60.1,52.2,41.1,94.9,80.0,19.5,Yes,Yes,4,Yes,No,MLB Stats API; RotoWire,,H:2026/2025 P:2026/2025,,,Direct BvP not yet weighted; 2026/2025 Statcast baseline active,7,6,24,0,"Last 7 games: 6/24, 0 HR","platoon edge; pitcher baseline 9.2% barrel, 18.3 HR allowed",lift-pull EV profile; pitcher fly-ball pressure modest,13.91,50.36,92.05,102.9833,0.4668,0.2188,0.368,76.5,69.44,40.2,30.33,20.3,0.2053,9.15,40.73,90.01,0.4689,0.19,26.76,None,72,American Family Field,
10,660670,Ronald Acuña Jr.,ATL,MIA,2026-09-25T23:10:00Z,Warmup,2,Eury Pérez,691587,R,59.7,Longshot,Watch List,"Strong Barrel, Premium Lineup Spot, Hot Hitter/Streak",59.8,48.9,35.0,100.0,50.0,88.9,Yes,Yes,2,Yes,No,MLB Stats API; RotoWire,,H:2026/2025 P:2026/2025,,,Direct BvP not yet weighted; 2026/2025 Statcast baseline active,7,9,26,3,Hot streak: 3 HR in last 7 games,"same-side matchup; pitcher baseline 10.1% barrel, 17.6 HR allowed",neutral batted-ball profile; pitcher allows elevated contact,14.02,46.9,90.6,103.0876,0.5119,0.2489,0.3781,75.91,61.55,36.02,28.65,20.3,0.2084,10.05,41.6,89.1,0.3842,0.17,30.94,None,72,loanDepot park,
11,669257,Will Smith,LAD,SF,2026-09-26T02:15:00Z,Pre-Game,4,Yunior Marte,805074,R,59.6,Longshot,Watch List,"Strong Barrel, Premium Lineup Spot, Hot Hitter/Streak",51.2,49.5,57.8,94.9,50.0,87.0,Yes,Yes,4,Yes,No,MLB Stats API; RotoWire,,H:2026/2025 P:2026,,,Direct BvP not yet weighted; 2026/2025 Statcast baseline active,7,8,24,3,Hot streak: 3 HR in last 7 games,"same-side matchup; pitcher baseline 11.1% barrel, 3.0 HR allowed",fly-ball profile; pitcher fly-ball pressure modest,12.55,42.27,89.62,100.1576,0.5002,0.227,0.3857,69.84,6.38,31.3,39.5,12.1,0.18,11.1,41.3,88.4,0.435,0.184,28.6,Out To CF,61,Oracle Park,
12,678246,Miguel Vargas,CWS,COL,2026-09-25T23:40:00Z,Pre-Game,3,Tomoyuki Sugano,608372,R,59.2,Longshot,Watch List,"Strong Barrel, Premium Lineup Spot",50.4,68.7,31.1,96.6,50.0,66.7,Yes,Yes,3,Yes,No,MLB Stats API; RotoWire,,H:2026/2025 P:2026/2025,,,Direct BvP not yet weighted; 2026/2025 Statcast baseline active,7,8,25,2,Hot streak: 2 HR in last 7 games,"same-side matchup; pitcher baseline 11.8% barrel, 31.6 HR allowed",neutral batted-ball profile; pitcher allows elevated contact,12.06,43.02,89.98,100.149,0.4721,0.2158,0.3617,72.91,33.16,45.05,34.96,27.9,0.209,11.8,42.53,90.77,0.5359,0.2357,30.07,In From LF,63,Rate Field,
13,677951,Bobby Witt Jr.,KC,CLE,2026-09-25T23:40:00Z,Pre-Game,2,Gavin Williams,668909,R,58.0,Longshot,Watch List,"Strong Barrel, Premium Lineup Spot",56.2,54.4,40.7,100.0,50.0,35.6,Yes,Yes,2,Yes,No,MLB Stats API; RotoWire,,H:2026/2025 P:2026/2025,,,Direct BvP not yet weighted; 2026/2025 Statcast baseline active,7,10,28,0,Contact streak: 10/28 over last 7 games,"same-side matchup; pitcher baseline 10.7% barrel, 25.8 HR allowed",EV profile; pitcher fly-ball pressure modest,11.87,50.18,92.67,103.4874,0.5073,0.2101,0.3748,74.02,42.86,31.5,26.99,19.5,0.1745,10.68,45.84,90.19,0.3973,0.1747,25.79,R To L,64,Kauffman Stadium,
14,624413,Pete Alonso,BAL,NYY,2026-09-25T20:10:00Z,Scheduled,2,Ryan Yarbrough,642232,L,57.7,Longshot,Watch List,"Projected Lineup, Strong Barrel, Premium Lineup Spot, Platoon Edge, Hot Hitter/Streak",74.4,13.4,38.2,95.5,78.0,77.4,No,No,2,Yes,Yes,RotoWire projected lineup; MLB probable pitchers,lineup projected / unconfirmed,H:2026/2025 P:2026/2025,,,Direct BvP not yet weighted; 2026/2025 Statcast baseline active,7,7,26,6,Hot streak: 6 HR in last 7 games,"platoon edge; pitcher baseline 4.7% barrel, 6.0 HR allowed",EV profile; pitcher fly-ball pressure modest,16.17,55.73,93.78,104.3121,0.5615,0.2815,0.3951,74.78,48.86,37.06,30.88,40.1,0.2492,4.73,27.91,84.49,0.3541,0.1163,29.37,,,Yankee Stadium,
15,686948,Drake Baldwin,ATL,MIA,2026-09-25T23:10:00Z,Warmup,1,Eury Pérez,691587,R,57.6,Longshot,Watch List,"Strong Barrel, Premium Lineup Spot, Platoon Edge",56.5,48.9,35.0,93.2,80.0,33.7,Yes,Yes,1,Yes,No,MLB Stats API; RotoWire,,H:2026/2025 P:2026/2025,,,Direct BvP not yet weighted; 2026/2025 Statcast baseline active,7,10,29,0,Contact streak: 10/29 over last 7 games,"platoon edge; pitcher baseline 10.1% barrel, 17.6 HR allowed",neutral batted-ball profile; pitcher allows elevated contact,12.33,50.16,91.49,102.1803,0.4975,0.2213,0.3656,75.3,56.51,32.22,26.02,22.5,0.1796,10.05,41.6,89.1,0.3842,0.17,30.94,None,72,loanDepot park,
16,571970,Max Muncy,LAD,SF,2026-09-26T02:15:00Z,Pre-Game,7,Yunior Marte,805074,R,57.0,Longshot,Watch List,"Strong Barrel, Platoon Edge",54.8,49.5,57.8,64.3,80.0,42.3,Yes,Yes,7,Yes,No,MLB Stats API; RotoWire,,H:2026/2025 P:2026,,,Direct BvP not yet weighted; 2026/2025 Statcast baseline active,7,7,25,1,"Last 7 games: 7/25, 1 HR","platoon edge; pitcher baseline 11.1% barrel, 3.0 HR allowed",fly-ball profile; pitcher fly-ball pressure modest,13.04,47.51,90.32,101.2528,0.4739,0.2345,0.3544,71.24,14.13,50.73,35.3,26.0,0.2354,11.1,41.3,88.4,0.435,0.184,28.6,Out To CF,61,Oracle Park,
17,682987,Spencer Jones,NYY,BAL,2026-09-25T20:10:00Z,Scheduled,6,Brandon Young,687064,R,56.7,Longshot,Watch List,"Projected Lineup, Strong Barrel, Platoon Edge",67.8,43.0,38.2,71.7,80.0,21.0,No,No,6,Yes,Yes,RotoWire projected lineup; MLB probable pitchers,lineup projected / unconfirmed,H:2026 P:2026/2025,,,Direct BvP not yet weighted; 2026/2025 Statcast baseline active,7,4,29,1,"Last 7 games: 4/29, 1 HR","platoon edge; pitcher baseline 7.8% barrel, 19.0 HR allowed",EV profile; pitcher fly-ball pressure modest,15.1,55.6,94.2,104.2117,0.446,0.211,0.324,77.1,72.1,35.5,39.5,11.0,0.19,7.82,40.24,89.26,0.4117,0.1637,26.66,,,Yankee Stadium,
18,686469,Vinnie Pasquantino,KC,CLE,2026-09-25T23:40:00Z,Pre-Game,5,Gavin Williams,668909,R,56.7,Longshot,Watch List,"Platoon Edge, Hot Hitter/Streak",42.0,54.4,40.7,86.4,80.0,88.9,Yes,Yes,5,Yes,No,MLB Stats API; RotoWire,,H:2026/2025 P:2026/2025,,,Direct BvP not yet weighted; 2026/2025 Statcast baseline active,7,9,26,3,Hot streak: 3 HR in last 7 games,"platoon edge; pitcher baseline 10.7% barrel, 25.8 HR allowed",neutral batted-ball profile; pitcher fly-ball pressure modest,9.61,42.6,90.34,100.278,0.4399,0.1847,0.334,71.17,15.31,44.54,30.33,20.1,0.1816,10.68,45.84,90.19,0.3973,0.1747,25.79,R To L,64,Kauffman Stadium,
19,545361,Mike Trout,LAA,SEA,2026-09-26T02:10:00Z,Pre-Game,2,Bryce Miller,682243,R,56.4,Longshot,Watch List,"Projected Lineup, Strong Barrel, Premium Lineup Spot",60.1,43.2,38.9,95.5,50.0,50.3,No,No,2,Yes,Yes,RotoWire projected lineup; MLB probable pitchers,lineup projected / unconfirmed,H:2026/2025 P:2026/2025,,,Direct BvP not yet weighted; 2026/2025 Statcast baseline active,7,8,24,1,Contact streak: 8/24 over last 7 games,"same-side matchup; pitcher baseline 8.3% barrel, 19.1 HR allowed",neutral batted-ball profile; pitcher allows elevated contact,15.94,47.06,90.27,102.9518,0.4838,0.2348,0.3741,74.49,46.23,36.3,31.0,23.2,0.1895,8.28,36.98,88.83,0.4066,0.1673,31.3,None,72,T-Mobile Park,
20,691019,Kyle Teel,CWS,COL,2026-09-25T23:40:00Z,Pre-Game,2,Tomoyuki Sugano,608372,R,56.3,Longshot,Watch List,"Strong Barrel, Premium Lineup Spot, Platoon Edge",38.4,68.7,31.1,100.0,80.0,26.4,Yes,Yes,2,Yes,No,MLB Stats API; RotoWire,,H:2026/2025 P:2026/2025,,,Direct BvP not yet weighted; 2026/2025 Statcast baseline active,7,4,23,1,"Last 7 games: 4/23, 1 HR","platoon edge; pitcher baseline 11.8% barrel, 31.6 HR allowed",neutral batted-ball profile; pitcher allows elevated contact,11.63,45.16,86.13,100.3444,0.3901,0.1727,0.33,71.22,23.08,41.66,29.73,5.9,0.1541,11.8,42.53,90.77,0.5359,0.2357,30.07,In From LF,63,Rate Field,
21,682998,Corbin Carroll,AZ,SD,2026-09-26T01:40:00Z,Pre-Game,5,Casey Mize,663554,R,56.3,Longshot,Watch List,"Strong Barrel, Platoon Edge",57.6,43.8,37.1,86.4,80.0,37.8,Yes,,,No,Yes,MLB Stats API; RotoWire,not found on RotoWire,H:2026/2025 P:2026/2025,,,Direct BvP not yet weighted; 2026/2025 Statcast baseline active,7,6,24,1,"Last 7 games: 6/24, 1 HR","platoon edge; pitcher baseline 8.4% barrel, 16.8 HR allowed",neutral batted-ball profile; pitcher allows elevated contact,13.1,48.78,91.89,102.5211,0.4744,0.2201,0.3524,75.23,54.05,42.26,30.32,24.7,0.247,8.43,39.77,89.37,0.3938,0.1588,30.6,In From LF,75,Petco Park,
22,665487,Fernando Tatis Jr.,SD,AZ,2026-09-26T01:40:00Z,Pre-Game,1,Brandon Pfaadt,694297,R,56.2,Longshot,Watch List,"Strong Barrel, Premium Lineup Spot, Hot Hitter/Streak",58.1,43.0,37.1,93.2,50.0,72.2,Yes,Yes,1,Yes,No,MLB Stats API; RotoWire,,H:2026/2025 P:2026/2025,,,Direct BvP not yet weighted; 2026/2025 Statcast baseline active,7,10,28,2,Hot streak: 2 HR in last 7 games,"same-side matchup; pitcher baseline 8.4% barrel, 17.6 HR allowed",EV profile; pitcher fly-ball pressure modest,12.19,53.2,93.09,104.4658,0.4978,0.2079,0.377,75.65,57.98,34.31,22.43,25.0,0.1801,8.45,38.24,89.26,0.4233,0.1645,23.48,In From LF,75,Petco Park,
23,682674,Victor Bericoto,SF,LAD,2026-09-26T02:15:00Z,Pre-Game,3,Tarik Skubal,669373,L,55.9,Longshot,Watch List,"Strong Barrel, Premium Lineup Spot, Platoon Edge",56.6,27.7,57.8,96.6,78.0,26.4,Yes,Yes,3,Yes,No,MLB Stats API; RotoWire,,H:2026 P:2026/2025,,,Direct BvP not yet weighted; 2026/2025 Statcast baseline active,7,4,23,1,"Last 7 games: 4/23, 1 HR","platoon edge; pitcher baseline 7.3% barrel, 15.2 HR allowed",neutral batted-ball profile; pitcher fly-ball pressure modest,13.5,51.4,90.9,100.9708,0.455,0.225,0.3,74.6,49.8,32.4,25.7,5.0,0.184,7.26,34.75,86.87,0.3447,0.1212,25.27,Out To CF,61,Oracle Park,
24,676369,Nelson Velazquez,HOU,ATH,2026-09-26T01:40:00Z,Pre-Game,9,Jacob Lopez,682052,L,55.7,Longshot,Watch List,"Projected Lineup, Strong Barrel, Good Environment, Platoon Edge",71.8,28.6,73.9,40.2,78.0,27.6,No,No,9,Yes,Yes,RotoWire projected lineup; MLB probable pitchers,lineup projected / unconfirmed,H:2026 P:2026/2025,,,Direct BvP not yet weighted; 2026/2025 Statcast baseline active,7,2,11,1,"Last 7 games: 2/11, 1 HR","platoon edge; pitcher baseline 6.6% barrel, 19.9 HR allowed",lift-pull EV profile; pitcher allows elevated contact,14.1,62.5,94.9,103.292,0.489,0.255,0.338,74.7,52.8,43.8,37.5,6.0,0.22,6.6,32.36,85.22,0.3599,0.145,34.72,Out To CF,82,Sutter Health Park,
25,699024,Leo Bernal,STL,MIL,2026-09-25T23:40:00Z,Pre-Game,4,Robert Gasser,688107,L,55.6,Longshot,Watch List,"Premium Lineup Spot, Platoon Edge",56.4,37.3,41.1,94.9,75.0,36.5,Yes,Yes,4,Yes,No,MLB Stats API; RotoWire,,H:2026 P:2026/2025,,,Direct BvP not yet weighted; 2026/2025 Statcast baseline active,7,7,29,1,"Last 7 games: 7/29, 1 HR","switch hitter; pitcher baseline 8.6% barrel, 10.1 HR allowed",lift-pull EV profile; pitcher fly-ball pressure modest,9.5,57.1,92.7,102.0161,0.478,0.208,0.339,73.6,29.9,42.9,36.5,4.0,0.177,8.58,36.7,88.27,0.3988,0.1614,25.7,None,72,American Family Field,
26,518692,Freddie Freeman,LAD,SF,2026-09-26T02:15:00Z,Pre-Game,3,Yunior Marte,805074,R,55.5,Longshot,Watch List,"Premium Lineup Spot, Platoon Edge",39.4,49.5,57.8,96.6,80.0,23.4,Yes,Yes,3,Yes,No,MLB Stats API; RotoWire,,H:2026/2025 P:2026,,,Direct BvP not yet weighted; 2026/2025 Statcast baseline active,7,8,29,0,"Last 7 games: 8/29, 0 HR","platoon edge; pitcher baseline 11.1% barrel, 3.0 HR allowed",neutral batted-ball profile; pitcher fly-ball pressure modest,8.86,42.62,89.85,100.1503,0.4663,0.1818,0.3605,70.01,7.77,36.33,26.79,18.4,0.1622,11.1,41.3,88.4,0.435,0.184,28.6,Out To CF,61,Oracle Park,
27,663656,Kyle Tucker,LAD,SF,2026-09-26T02:15:00Z,Pre-Game,5,Yunior Marte,805074,R,55.2,Longshot,Watch List,"Platoon Edge, Hot Hitter/Streak",34.2,49.5,57.8,86.4,80.0,81.2,Yes,Yes,5,Yes,No,MLB Stats API; RotoWire,,H:2026/2025 P:2026,,,Direct BvP not yet weighted; 2026/2025 Statcast baseline active,7,10,24,2,Hot streak: 2 HR in last 7 games,"platoon edge; pitcher baseline 11.1% barrel, 3.0 HR allowed",neutral batted-ball profile; pitcher fly-ball pressure modest,7.79,37.6,89.05,98.7701,0.42,0.1612,0.3433,71.58,20.66,42.96,34.17,18.5,0.1679,11.1,41.3,88.4,0.435,0.184,28.6,Out To CF,61,Oracle Park,
28,671739,Michael Harris II,ATL,MIA,2026-09-25T23:10:00Z,Warmup,4,Eury Pérez,691587,R,54.8,Longshot,Watch List,"Premium Lineup Spot, Platoon Edge",45.0,48.9,35.0,94.9,80.0,48.5,Yes,Yes,4,Yes,No,MLB Stats API; RotoWire,,H:2026/2025 P:2026/2025,,,Direct BvP not yet weighted; 2026/2025 Statcast baseline active,7,9,28,1,Contact streak: 9/28 over last 7 games,"platoon edge; pitcher baseline 10.1% barrel, 17.6 HR allowed",neutral batted-ball profile; pitcher allows elevated contact,9.87,46.34,90.41,103.062,0.4653,0.1816,0.3339,74.72,47.05,35.87,22.56,24.2,0.1845,10.05,41.6,89.1,0.3842,0.17,30.94,None,72,loanDepot park,
29,545341,Randal Grichuk,CWS,COL,2026-09-25T23:40:00Z,Pre-Game,7,Tomoyuki Sugano,608372,R,54.7,Longshot,Watch List,Strong Barrel,53.3,68.7,31.1,64.3,50.0,48.1,Yes,Yes,7,Yes,No,MLB Stats API; RotoWire,,H:2026/2025 P:2026/2025,,,Direct BvP not yet weighted; 2026/2025 Statcast baseline active,7,7,22,1,"Last 7 games: 7/22, 1 HR","same-side matchup; pitcher baseline 11.8% barrel, 31.6 HR allowed",neutral batted-ball profile; pitcher allows elevated contact,11.35,50.2,91.91,103.1295,0.4724,0.1991,0.3337,74.32,44.99,43.7,29.34,12.5,0.2472,11.8,42.53,90.77,0.5359,0.2357,30.07,In From LF,63,Rate Field,
30,669003,Garrett Mitchell,MIL,STL,2026-09-25T23:40:00Z,Pre-Game,1,Michael McGreevy,700241,R,54.7,Longshot,Watch List,"Strong Barrel, Premium Lineup Spot, Platoon Edge",46.8,52.2,41.1,93.2,80.0,6.0,Yes,Yes,1,Yes,No,MLB Stats API; RotoWire,,H:2026/2025 P:2026/2025,,,Direct BvP not yet weighted; 2026/2025 Statcast baseline active,7,4,25,0,"Last 7 games: 4/25, 0 HR","platoon edge; pitcher baseline 9.2% barrel, 18.3 HR allowed",EV profile; pitcher fly-ball pressure modest,10.2,49.34,92.29,103.8265,0.4131,0.1589,0.3321,77.15,77.44,33.16,16.85,7.7,0.1356,9.15,40.73,90.01,0.4689,0.19,26.76,None,72,American Family Field,
31,691181,Emmanuel Rodriguez,MIN,TEX,2026-09-26T00:10:00Z,Pre-Game,8,Jacob deGrom,594798,R,54.6,Longshot,Watch List,"Strong Barrel, Platoon Edge",67.7,46.0,37.6,52.4,80.0,20.8,Yes,Yes,8,Yes,No,MLB Stats API; RotoWire,,H:2026 P:2026/2025,,,Direct BvP not yet weighted; 2026/2025 Statcast baseline active,7,3,22,1,"Last 7 games: 3/22, 1 HR","platoon edge; pitcher baseline 8.3% barrel, 21.8 HR allowed",neutral batted-ball profile; pitcher fly-ball pressure modest,18.5,44.4,90.1,101.6712,0.531,0.28,0.355,75.8,66.7,44.4,29.6,2.0,0.244,8.32,44.0,90.31,0.3763,0.1518,28.83,In From RF,69,Target Field,
32,701538,Jackson Merrill,SD,AZ,2026-09-26T01:40:00Z,Pre-Game,5,Brandon Pfaadt,694297,R,54.5,Longshot,Watch List,"Strong Barrel, Platoon Edge",54.6,43.0,37.1,86.4,80.0,27.1,Yes,Yes,5,Yes,No,MLB Stats API; RotoWire,,H:2026/2025 P:2026/2025,,,Direct BvP not yet weighted; 2026/2025 Statcast baseline active,7,5,28,1,"Last 7 games: 5/28, 1 HR","platoon edge; pitcher baseline 8.4% barrel, 17.6 HR allowed",neutral batted-ball profile; pitcher fly-ball pressure modest,12.65,47.1,91.03,101.2413,0.4914,0.2242,0.347,72.95,28.17,37.84,30.06,23.0,0.1895,8.45,38.24,89.26,0.4233,0.1645,23.48,In From LF,75,Petco Park,
33,696100,Hunter Goodman,COL,CWS,2026-09-25T23:40:00Z,Pre-Game,3,Sean Burke,680732,R,54.2,Longshot,Watch List,"Strong Barrel, Premium Lineup Spot",54.6,46.7,31.1,96.6,50.0,44.8,Yes,Yes,3,Yes,No,MLB Stats API; RotoWire,,H:2026/2025 P:2026/2025,,,Direct BvP not yet weighted; 2026/2025 Statcast baseline active,7,8,27,1,"Last 7 games: 8/27, 1 HR","same-side matchup; pitcher baseline 8.8% barrel, 19.5 HR allowed",neutral batted-ball profile; pitcher allows elevated contact,13.88,45.15,89.96,102.3325,0.4546,0.2224,0.3206,74.79,47.27,47.93,32.62,36.6,0.2665,8.82,40.11,89.6,0.3996,0.1641,30.98,In From LF,63,Rate Field,
34,665019,Kody Clemens,MIN,TEX,2026-09-26T00:10:00Z,Pre-Game,3,Jacob deGrom,594798,R,54.2,Longshot,Watch List,"Strong Barrel, Premium Lineup Spot, Platoon Edge",51.0,46.0,37.6,96.6,80.0,0.0,Yes,Yes,3,Yes,No,MLB Stats API; RotoWire,,H:2026/2025 P:2026/2025,,,Direct BvP not yet weighted; 2026/2025 Statcast baseline active,7,2,21,0,"Last 7 games: 2/21, 0 HR","platoon edge; pitcher baseline 8.3% barrel, 21.8 HR allowed",neutral batted-ball profile; pitcher fly-ball pressure modest,11.37,46.48,91.78,101.3961,0.4531,0.2055,0.3303,72.06,14.21,46.22,33.32,23.9,0.2203,8.32,44.0,90.31,0.3763,0.1518,28.83,In From RF,69,Target Field,
35,691023,Jordan Walker,STL,MIL,2026-09-25T23:40:00Z,Pre-Game,3,Robert Gasser,688107,L,54.0,Longshot,Watch List,"Strong Barrel, Premium Lineup Spot, Platoon Edge",54.9,38.3,41.1,96.6,78.0,0.0,Yes,Yes,3,Yes,No,MLB Stats API; RotoWire,,H:2026/2025 P:2026/2025,,,Direct BvP not yet weighted; 2026/2025 Statcast baseline active,7,2,25,0,"Last 7 games: 2/25, 0 HR","platoon edge; pitcher baseline 8.6% barrel, 10.1 HR allowed",EV profile; pitcher fly-ball pressure modest,12.51,49.79,92.51,104.6808,0.4316,0.1851,0.3214,78.87,83.05,37.89,23.56,21.4,0.1645,8.58,36.7,88.27,0.3988,0.1614,25.7,None,72,American Family Field,
36,605141,Mookie Betts,LAD,SF,2026-09-26T02:15:00Z,Pre-Game,2,Yunior Marte,805074,R,54.0,Longshot,Watch List,"Premium Lineup Spot, Hot Hitter/Streak",32.9,49.5,57.8,100.0,50.0,81.7,Yes,Yes,2,Yes,No,MLB Stats API; RotoWire,,H:2026/2025 P:2026,,,Direct BvP not yet weighted; 2026/2025 Statcast baseline active,7,14,28,2,Hot streak: 2 HR in last 7 games,"same-side matchup; pitcher baseline 11.1% barrel, 3.0 HR allowed",neutral batted-ball profile; pitcher fly-ball pressure modest,7.04,37.62,90.01,98.5724,0.4325,0.156,0.3377,69.46,8.74,40.94,33.03,21.4,0.1802,11.1,41.3,88.4,0.435,0.184,28.6,Out To CF,61,Oracle Park,
37,666176,Jo Adell,CLE,KC,2026-09-25T23:40:00Z,Pre-Game,4,Noah Cameron,702070,L,53.9,Longshot,Watch List,"Strong Barrel, Premium Lineup Spot, Platoon Edge",52.2,39.7,40.7,94.9,78.0,15.3,Yes,Yes,4,Yes,No,MLB Stats API; RotoWire,,H:2026/2025 P:2026/2025,,,Direct BvP not yet weighted; 2026/2025 Statcast baseline active,7,6,27,0,"Last 7 games: 6/27, 0 HR","platoon edge; pitcher baseline 7.6% barrel, 18.7 HR allowed",neutral batted-ball profile; pitcher fly-ball pressure modest,11.28,45.94,90.65,102.9198,0.4692,0.2134,0.3356,77.46,72.39,39.89,27.21,26.5,0.1846,7.63,37.61,88.53,0.4054,0.1604,27.36,R To L,64,Kauffman Stadium,
38,607043,Brandon Nimmo,TEX,MIN,2026-09-26T00:10:00Z,Pre-Game,1,Joe Ryan,657746,R,53.9,Longshot,Watch List,"Premium Lineup Spot, Platoon Edge",45.3,52.0,37.6,93.2,80.0,12.0,Yes,Yes,1,Yes,No,MLB Stats API; RotoWire,,H:2026/2025 P:2026/2025,,,Direct BvP not yet weighted; 2026/2025 Statcast baseline active,7,5,25,0,"Last 7 games: 5/25, 0 HR","platoon edge; pitcher baseline 10.5% barrel, 22.5 HR allowed",neutral batted-ball profile; pitcher allows elevated contact,9.01,50.27,91.97,102.0213,0.4379,0.174,0.3357,72.34,27.67,33.66,25.77,17.3,0.1537,10.52,40.99,89.64,0.3977,0.174,30.45,In From RF,69,Target Field,
39,677594,Julio Rodríguez,SEA,LAA,2026-09-26T02:10:00Z,Pre-Game,3,Reid Detmers,672282,L,53.9,Longshot,Watch List,"Premium Lineup Spot, Platoon Edge",45.7,38.5,38.9,96.6,78.0,63.3,Yes,Yes,3,Yes,No,MLB Stats API; RotoWire,,H:2026/2025 P:2026/2025,,,Direct BvP not yet weighted; 2026/2025 Statcast baseline active,7,12,27,1,Contact streak: 12/27 over last 7 games,"platoon edge; pitcher baseline 7.8% barrel, 15.1 HR allowed",neutral batted-ball profile; pitcher fly-ball pressure modest,9.17,45.41,90.75,102.8196,0.4545,0.1873,0.3391,76.54,66.29,38.21,25.49,25.0,0.172,7.78,39.37,89.89,0.3609,0.139,27.78,None,72,T-Mobile Park,
40,668930,Brice Turang,MIL,STL,2026-09-25T23:40:00Z,Pre-Game,2,Michael McGreevy,700241,R,53.8,Longshot,Watch List,"Premium Lineup Spot, Platoon Edge",36.0,52.2,41.1,100.0,80.0,40.7,Yes,Yes,2,Yes,No,MLB Stats API; RotoWire,,H:2026/2025 P:2026/2025,,,Direct BvP not yet weighted; 2026/2025 Statcast baseline active,7,7,26,1,"Last 7 games: 7/26, 1 HR","platoon edge; pitcher baseline 9.2% barrel, 18.3 HR allowed",neutral batted-ball profile; pitcher fly-ball pressure modest,7.72,43.2,90.4,100.3775,0.4255,0.1691,0.3406,70.25,13.41,28.0,23.43,19.4,0.168,9.15,40.73,90.01,0.4689,0.19,26.76,None,72,American Family Field,
41,643217,Andrew Benintendi,CWS,COL,2026-09-25T23:40:00Z,Pre-Game,5,Tomoyuki Sugano,608372,R,53.6,Longshot,Watch List,Platoon Edge,37.1,68.7,31.1,86.4,80.0,17.3,Yes,Yes,5,Yes,No,MLB Stats API; RotoWire,,H:2026/2025 P:2026/2025,,,Direct BvP not yet weighted; 2026/2025 Statcast baseline active,7,4,17,0,"Last 7 games: 4/17, 0 HR","platoon edge; pitcher baseline 11.8% barrel, 31.6 HR allowed",neutral batted-ball profile; pitcher allows elevated contact,9.21,42.71,88.91,98.8794,0.406,0.1683,0.3093,69.61,4.5,49.12,32.9,15.8,0.1756,11.8,42.53,90.77,0.5359,0.2357,30.07,In From LF,63,Rate Field,
42,673962,Josh Jung,TEX,MIN,2026-09-26T00:10:00Z,Pre-Game,2,Joe Ryan,657746,R,53.2,Longshot,Watch List,"Premium Lineup Spot, Hot Hitter/Streak",37.5,52.0,37.6,100.0,50.0,83.2,Yes,Yes,2,Yes,No,MLB Stats API; RotoWire,,H:2026/2025 P:2026/2025,,,Direct BvP not yet weighted; 2026/2025 Statcast baseline active,7,8,26,3,Hot streak: 3 HR in last 7 games,"same-side matchup; pitcher baseline 10.5% barrel, 22.5 HR allowed",neutral batted-ball profile; pitcher allows elevated contact,7.53,48.45,90.28,100.3728,0.4322,0.1599,0.3341,70.41,7.41,38.04,23.64,12.6,0.1558,10.52,40.99,89.64,0.3977,0.174,30.45,In From RF,69,Target Field,
43,669127,Shea Langeliers,ATH,HOU,2026-09-26T01:40:00Z,Pre-Game,3,Hunter Brown,686613,R,53.2,Longshot,Watch List,"Strong Barrel, Good Environment, Premium Lineup Spot",54.5,20.9,73.9,96.6,50.0,20.7,Yes,Yes,3,Yes,No,MLB Stats API; RotoWire,,H:2026/2025 P:2026/2025,,,Direct BvP not yet weighted; 2026/2025 Statcast baseline active,7,8,31,0,"Last 7 games: 8/31, 0 HR","same-side matchup; pitcher baseline 6.0% barrel, 12.8 HR allowed",neutral batted-ball profile; pitcher fly-ball pressure modest,12.84,43.85,91.18,102.255,0.4885,0.2242,0.3486,74.71,48.05,40.23,29.63,25.4,0.2299,5.97,35.77,86.17,0.3194,0.1164,22.53,Out To CF,82,Sutter Health Park,
44,686527,Dominic Canzone,SEA,LAA,2026-09-26T02:10:00Z,Pre-Game,2,Reid Detmers,672282,L,53.2,Longshot,Watch List,"Strong Barrel, Premium Lineup Spot",54.8,38.5,38.9,100.0,50.0,30.0,Yes,Yes,2,Yes,No,MLB Stats API; RotoWire,,H:2026/2025 P:2026/2025,,,Direct BvP not yet weighted; 2026/2025 Statcast baseline active,7,8,25,0,Contact streak: 8/25 over last 7 games,"same-side matchup; pitcher baseline 7.8% barrel, 15.1 HR allowed",neutral batted-ball profile; pitcher fly-ball pressure modest,12.75,46.13,91.46,102.4859,0.498,0.2234,0.3599,73.94,41.5,39.06,26.37,18.7,0.2062,7.78,39.37,89.89,0.3609,0.139,27.78,None,72,T-Mobile Park,
45,671732,Lawrence Butler,ATH,HOU,2026-09-26T01:40:00Z,Pre-Game,2,Hunter Brown,686613,R,53.1,Longshot,Watch List,"Good Environment, Premium Lineup Spot, Platoon Edge",38.4,20.9,73.9,100.0,80.0,61.4,Yes,Yes,2,Yes,No,MLB Stats API; RotoWire,,H:2026/2025 P:2026/2025,,,Direct BvP not yet weighted; 2026/2025 Statcast baseline active,7,11,27,1,Contact streak: 11/27 over last 7 games,"platoon edge; pitcher baseline 6.0% barrel, 12.8 HR allowed",neutral batted-ball profile; pitcher fly-ball pressure modest,8.99,45.1,90.08,101.9898,0.3996,0.1584,0.3211,73.63,37.88,35.8,22.0,18.2,0.163,5.97,35.77,86.17,0.3194,0.1164,22.53,Out To CF,82,Sutter Health Park,
46,606466,Ketel Marte,AZ,SD,2026-09-26T01:40:00Z,Pre-Game,2,Casey Mize,663554,R,53.1,Longshot,Watch List,"Strong Barrel, Premium Lineup Spot, Platoon Edge",48.0,42.0,37.1,100.0,75.0,16.6,Yes,,,No,Yes,MLB Stats API; RotoWire,not found on RotoWire,H:2026/2025 P:2026/2025,,,Direct BvP not yet weighted; 2026/2025 Statcast baseline active,7,6,26,0,"Last 7 games: 6/26, 0 HR","switch hitter; pitcher baseline 8.4% barrel, 16.8 HR allowed",neutral batted-ball profile; pitcher allows elevated contact,10.7,43.57,90.38,101.9776,0.4794,0.2014,0.3585,74.74,46.42,48.42,28.06,23.8,0.1997,8.43,39.77,89.37,0.3938,0.1588,30.6,In From LF,75,Petco Park,
47,671218,Heliot Ramos,NYY,BAL,2026-09-25T20:10:00Z,Scheduled,3,Brandon Young,687064,R,53.0,Longshot,Watch List,"Projected Lineup, Strong Barrel, Premium Lineup Spot",50.1,43.0,38.2,92.1,50.0,61.5,No,No,3,Yes,Yes,RotoWire projected lineup; MLB probable pitchers,lineup projected / unconfirmed,H:2026/2025 P:2026/2025,,,Direct BvP not yet weighted; 2026/2025 Statcast baseline active,7,8,28,2,Hot streak: 2 HR in last 7 games,"same-side matchup; pitcher baseline 7.8% barrel, 19.0 HR allowed",EV profile; pitcher fly-ball pressure modest,12.3,48.31,92.08,103.0318,0.4324,0.1827,0.3235,73.13,33.73,33.52,24.21,15.4,0.158,7.82,40.24,89.26,0.4117,0.1637,26.66,,,Yankee Stadium,
48,695657,Colson Montgomery,CWS,COL,2026-09-25T23:40:00Z,Pre-Game,8,Tomoyuki Sugano,608372,R,52.4,Longshot,Watch List,"Strong Barrel, Platoon Edge",50.4,68.7,31.1,52.4,80.0,0.8,Yes,Yes,8,Yes,No,MLB Stats API; RotoWire,,H:2026/2025 P:2026/2025,,,Direct BvP not yet weighted; 2026/2025 Statcast baseline active,7,3,24,0,"Last 7 games: 3/24, 0 HR","platoon edge; pitcher baseline 11.8% barrel, 31.6 HR allowed",neutral batted-ball profile; pitcher allows elevated contact,12.89,42.19,88.84,101.8005,0.4254,0.2157,0.3102,76.72,70.79,48.95,33.37,28.0,0.234,11.8,42.53,90.77,0.5359,0.2357,30.07,In From LF,63,Rate Field,
49,680869,Zack Gelof,ATH,HOU,2026-09-26T01:40:00Z,Pre-Game,5,Hunter Brown,686613,R,52.3,Longshot,Watch List,"Strong Barrel, Good Environment, Hot Hitter/Streak",44.3,20.9,73.9,86.4,50.0,100.0,Yes,Yes,5,Yes,No,MLB Stats API; RotoWire,,H:2026/2025 P:2026/2025,,,Direct BvP not yet weighted; 2026/2025 Statcast baseline active,7,11,26,4,Hot streak: 4 HR in last 7 games,"same-side matchup; pitcher baseline 6.0% barrel, 12.8 HR allowed",neutral batted-ball profile; pitcher fly-ball pressure modest,11.45,44.33,89.22,99.9416,0.4005,0.1907,0.2939,73.29,27.01,40.23,29.27,16.0,0.1869,5.97,35.77,86.17,0.3194,0.1164,22.53,Out To CF,82,Sutter Health Park,
50,605137,Josh Bell,MIN,TEX,2026-09-26T00:10:00Z,Pre-Game,4,Jacob deGrom,594798,R,52.2,Longshot,Watch List,"Strong Barrel, Premium Lineup Spot, Platoon Edge",44.4,44.1,37.6,94.9,75.0,25.5,Yes,Yes,4,Yes,No,MLB Stats API; RotoWire,,H:2026/2025 P:2026/2025,,,Direct BvP not yet weighted; 2026/2025 Statcast baseline active,7,9,31,0,"Last 7 games: 9/31, 0 HR","switch hitter; pitcher baseline 8.3% barrel, 21.8 HR allowed",neutral batted-ball profile; pitcher fly-ball pressure modest,10.28,43.57,89.98,101.0051,0.4556,0.1996,0.3408,72.26,28.36,40.8,26.92,20.6,0.1667,8.32,44.0,90.31,0.3763,0.1518,28.83,In From RF,69,Target Field,
51,606192,Teoscar Hernández,LAD,SF,2026-09-26T02:15:00Z,Pre-Game,6,Yunior Marte,805074,R,52.2,Longshot,Watch List,Strong Barrel,44.8,49.5,57.8,76.2,50.0,33.7,Yes,Yes,6,Yes,No,MLB Stats API; RotoWire,,H:2026/2025 P:2026,,,Direct BvP not yet weighted; 2026/2025 Statcast baseline active,7,10,29,0,Contact streak: 10/29 over last 7 games,"same-side matchup; pitcher baseline 11.1% barrel, 3.0 HR allowed",neutral batted-ball profile; pitcher fly-ball pressure modest,10.66,45.47,90.2,101.5945,0.4378,0.1836,0.3282,72.62,27.02,35.06,28.19,18.0,0.1685,11.1,41.3,88.4,0.435,0.184,28.6,Out To CF,61,Oracle Park,
52,663457,Lars Nootbaar,AZ,SD,2026-09-26T01:40:00Z,Pre-Game,1,Casey Mize,663554,R,52.1,Longshot,Watch List,"Premium Lineup Spot, Platoon Edge",46.4,43.8,37.1,93.2,80.0,8.8,Yes,,,No,Yes,MLB Stats API; RotoWire,not found on RotoWire,H:2026/2025 P:2026/2025,,,Direct BvP not yet weighted; 2026/2025 Statcast baseline active,7,5,28,0,"Last 7 games: 5/28, 0 HR","platoon edge; pitcher baseline 8.4% barrel, 16.8 HR allowed",neutral batted-ball profile; pitcher allows elevated contact,9.64,49.65,91.79,101.7636,0.4217,0.1781,0.3324,73.26,35.26,38.21,27.29,8.8,0.1326,8.43,39.77,89.37,0.3938,0.1588,30.6,In From LF,75,Petco Park,
53,592885,Christian Yelich,MIL,STL,2026-09-25T23:40:00Z,Pre-Game,5,Michael McGreevy,700241,R,51.8,Longshot,Watch List,Platoon Edge,38.4,52.2,41.1,86.4,80.0,23.4,Yes,Yes,5,Yes,No,MLB Stats API; RotoWire,,H:2026/2025 P:2026/2025,,,Direct BvP not yet weighted; 2026/2025 Statcast baseline active,7,4,26,1,"Last 7 games: 4/26, 1 HR","platoon edge; pitcher baseline 9.2% barrel, 18.3 HR allowed",neutral batted-ball profile; pitcher fly-ball pressure modest,9.74,44.23,89.43,101.0309,0.4019,0.1667,0.3146,73.23,32.39,34.66,19.09,17.1,0.1579,9.15,40.73,90.01,0.4689,0.19,26.76,None,72,American Family Field,
54,521692,Salvador Perez,KC,CLE,2026-09-25T23:40:00Z,Pre-Game,6,Gavin Williams,668909,R,51.7,Longshot,Watch List,Strong Barrel,47.4,54.4,40.7,76.2,50.0,34.4,Yes,Yes,6,Yes,No,MLB Stats API; RotoWire,,H:2026/2025 P:2026/2025,,,Direct BvP not yet weighted; 2026/2025 Statcast baseline active,7,5,22,1,"Last 7 games: 5/22, 1 HR","same-side matchup; pitcher baseline 10.7% barrel, 25.8 HR allowed",neutral batted-ball profile; pitcher fly-ball pressure modest,11.65,44.04,89.37,100.8909,0.4633,0.2086,0.3262,71.99,22.35,41.63,30.78,23.0,0.168,10.68,45.84,90.19,0.3973,0.1747,25.79,R To L,64,Kauffman Stadium,
55,661388,William Contreras,MIL,STL,2026-09-25T23:40:00Z,Pre-Game,3,Michael McGreevy,700241,R,51.5,Longshot,Watch List,Premium Lineup Spot,39.2,52.2,41.1,96.6,50.0,36.3,Yes,Yes,3,Yes,No,MLB Stats API; RotoWire,,H:2026/2025 P:2026/2025,,,Direct BvP not yet weighted; 2026/2025 Statcast baseline active,7,6,25,1,"Last 7 games: 6/25, 1 HR","same-side matchup; pitcher baseline 9.2% barrel, 18.3 HR allowed",neutral batted-ball profile; pitcher fly-ball pressure modest,7.8,45.28,90.47,101.6474,0.4259,0.1702,0.3322,73.41,36.37,35.97,24.22,17.7,0.1453,9.15,40.73,90.01,0.4689,0.19,26.76,None,72,American Family Field,
56,572233,Christian Walker,HOU,ATH,2026-09-26T01:40:00Z,Pre-Game,6,Jacob Lopez,682052,L,51.3,Longshot,Watch List,"Projected Lineup, Strong Barrel, Good Environment, Platoon Edge",41.6,28.6,73.9,71.7,78.0,50.8,No,No,6,Yes,Yes,RotoWire projected lineup; MLB probable pitchers,lineup projected / unconfirmed,H:2026/2025 P:2026/2025,,,Direct BvP not yet weighted; 2026/2025 Statcast baseline active,7,6,28,2,Hot streak: 2 HR in last 7 games,"platoon edge; pitcher baseline 6.6% barrel, 19.9 HR allowed",neutral batted-ball profile; pitcher allows elevated contact,10.45,42.39,89.57,101.4823,0.4014,0.1743,0.3042,74.31,43.13,41.71,28.14,27.0,0.1893,6.6,32.36,85.22,0.3599,0.145,34.72,Out To CF,82,Sutter Health Park,
57,671056,Iván Herrera,STL,MIL,2026-09-25T23:40:00Z,Pre-Game,2,Robert Gasser,688107,L,51.1,Longshot,Watch List,"Premium Lineup Spot, Platoon Edge",35.1,38.3,41.1,100.0,78.0,62.4,Yes,Yes,2,Yes,No,MLB Stats API; RotoWire,,H:2026/2025 P:2026/2025,,,Direct BvP not yet weighted; 2026/2025 Statcast baseline active,7,7,24,2,Hot streak: 2 HR in last 7 games,"platoon edge; pitcher baseline 8.6% barrel, 10.1 HR allowed",neutral batted-ball profile; pitcher fly-ball pressure modest,7.39,42.59,89.94,101.3167,0.4168,0.16,0.3458,73.81,42.37,37.17,19.59,18.3,0.1506,8.58,36.7,88.27,0.3988,0.1614,25.7,None,72,American Family Field,
58,668227,Randy Arozarena,SEA,LAA,2026-09-26T02:10:00Z,Pre-Game,1,Reid Detmers,672282,L,50.9,Longshot,Watch List,"Premium Lineup Spot, Platoon Edge",40.6,38.5,38.9,93.2,78.0,48.1,Yes,Yes,1,Yes,No,MLB Stats API; RotoWire,,H:2026/2025 P:2026/2025,,,Direct BvP not yet weighted; 2026/2025 Statcast baseline active,7,7,22,1,"Last 7 games: 7/22, 1 HR","platoon edge; pitcher baseline 7.8% barrel, 15.1 HR allowed",neutral batted-ball profile; pitcher fly-ball pressure modest,9.05,45.49,90.95,101.1368,0.4198,0.1711,0.3431,71.32,24.59,34.82,24.94,26.3,0.1964,7.78,39.37,89.89,0.3609,0.139,27.78,None,72,T-Mobile Park,
59,666160,Mickey Moniak,COL,CWS,2026-09-25T23:40:00Z,Pre-Game,6,Sean Burke,680732,R,50.8,Longshot,Watch List,"Strong Barrel, Platoon Edge",46.6,46.7,31.1,76.2,80.0,34.4,Yes,Yes,6,Yes,No,MLB Stats API; RotoWire,,H:2026/2025 P:2026/2025,,,Direct BvP not yet weighted; 2026/2025 Statcast baseline active,7,5,22,1,"Last 7 games: 5/22, 1 HR","platoon edge; pitcher baseline 8.8% barrel, 19.5 HR allowed",fly-ball profile; pitcher allows elevated contact,11.0,42.64,89.7,100.3161,0.4226,0.1962,0.2958,74.12,43.04,46.87,36.84,23.3,0.2459,8.82,40.11,89.6,0.3996,0.1641,30.98,In From LF,63,Rate Field,
60,592518,Manny Machado,SD,AZ,2026-09-26T01:40:00Z,Pre-Game,3,Brandon Pfaadt,694297,R,50.6,Longshot,Watch List,"Strong Barrel, Premium Lineup Spot",47.7,43.0,37.1,96.6,50.0,18.3,Yes,Yes,3,Yes,No,MLB Stats API; RotoWire,,H:2026/2025 P:2026/2025,,,Direct BvP not yet weighted; 2026/2025 Statcast baseline active,7,3,27,1,"Last 7 games: 3/27, 1 HR","same-side matchup; pitcher baseline 8.4% barrel, 17.6 HR allowed",neutral batted-ball profile; pitcher fly-ball pressure modest,10.59,45.76,90.94,101.7913,0.4425,0.1918,0.3365,74.64,44.93,38.68,28.57,28.4,0.1878,8.45,38.24,89.26,0.4233,0.1645,23.48,In From LF,75,Petco Park,
61,673237,Yainer Diaz,HOU,ATH,2026-09-26T01:40:00Z,Pre-Game,5,Jacob Lopez,682052,L,50.5,Longshot,Watch List,"Projected Lineup, Good Environment, Platoon Edge",33.1,28.6,73.9,81.9,78.0,63.1,No,No,5,Yes,Yes,RotoWire projected lineup; MLB probable pitchers,lineup projected / unconfirmed,H:2026/2025 P:2026/2025,,,Direct BvP not yet weighted; 2026/2025 Statcast baseline active,7,8,27,2,Hot streak: 2 HR in last 7 games,"platoon edge; pitcher baseline 6.6% barrel, 19.9 HR allowed",neutral batted-ball profile; pitcher allows elevated contact,7.71,39.68,89.34,100.0535,0.4279,0.1585,0.3148,72.48,22.58,36.56,19.1,15.8,0.1715,6.6,32.36,85.22,0.3599,0.145,34.72,Out To CF,82,Sutter Health Park,
62,681715,Heriberto Hernández,MIA,ATL,2026-09-25T23:10:00Z,Warmup,3,Ray Kerr,678061,L,50.4,Longshot,Watch List,"Strong Barrel, Premium Lineup Spot, Platoon Edge",52.2,26.7,35.0,96.6,78.0,19.5,Yes,Yes,3,Yes,No,MLB Stats API; RotoWire,,H:2026/2025 P:2026,,,Direct BvP not yet weighted; 2026/2025 Statcast baseline active,7,7,28,0,"Last 7 games: 7/28, 0 HR","platoon edge; pitcher baseline 7.3% barrel, 2.0 HR allowed",neutral batted-ball profile; pitcher fly-ball pressure modest,12.05,46.66,90.9,101.6342,0.4541,0.2138,0.3401,74.0,43.85,46.26,30.62,19.8,0.1958,7.3,34.1,88.7,0.353,0.134,19.5,None,72,loanDepot park,
63,694671,Wyatt Langford,TEX,MIN,2026-09-26T00:10:00Z,Pre-Game,4,Joe Ryan,657746,R,50.1,Longshot,Watch List,Premium Lineup Spot,39.8,52.0,37.6,94.9,50.0,21.5,Yes,Yes,4,Yes,No,MLB Stats API; RotoWire,,H:2026/2025 P:2026/2025,,,Direct BvP not yet weighted; 2026/2025 Statcast baseline active,7,5,19,0,"Last 7 games: 5/19, 0 HR","same-side matchup; pitcher baseline 10.5% barrel, 22.5 HR allowed",neutral batted-ball profile; pitcher allows elevated contact,9.87,40.28,89.51,100.4097,0.4081,0.175,0.3285,72.82,27.43,43.66,30.95,18.5,0.1886,10.52,40.99,89.64,0.3977,0.174,30.45,In From RF,69,Target Field,
64,672515,Gabriel Moreno,AZ,SD,2026-09-26T01:40:00Z,Pre-Game,3,Casey Mize,663554,R,49.9,Longshot,Watch List,"Premium Lineup Spot, Hot Hitter/Streak",36.0,43.8,37.1,96.6,50.0,77.6,Yes,,,No,Yes,MLB Stats API; RotoWire,not found on RotoWire,H:2026/2025 P:2026/2025,,,Direct BvP not yet weighted; 2026/2025 Statcast baseline active,7,11,28,2,Hot streak: 2 HR in last 7 games,"same-side matchup; pitcher baseline 8.4% barrel, 16.8 HR allowed",neutral batted-ball profile; pitcher allows elevated contact,7.59,42.21,89.56,99.7231,0.4509,0.1663,0.3572,71.46,20.63,34.59,25.75,13.9,0.169,8.43,39.77,89.37,0.3938,0.1588,30.6,In From LF,75,Petco Park,
65,665161,Jeremy Pena,HOU,ATH,2026-09-26T01:40:00Z,Pre-Game,1,Jacob Lopez,682052,L,49.8,Longshot,Watch List,"Projected Lineup, Good Environment, Premium Lineup Spot, Platoon Edge",32.5,28.6,73.9,88.7,78.0,33.7,No,No,1,Yes,Yes,RotoWire projected lineup; MLB probable pitchers,lineup projected / unconfirmed,H:2026/2025 P:2026/2025,,,Direct BvP not yet weighted; 2026/2025 Statcast baseline active,7,6,27,1,"Last 7 games: 6/27, 1 HR","platoon edge; pitcher baseline 6.6% barrel, 19.9 HR allowed",neutral batted-ball profile; pitcher allows elevated contact,7.29,40.1,88.62,99.9048,0.4257,0.1578,0.327,72.3,15.39,46.41,24.99,19.1,0.1863,6.6,32.36,85.22,0.3599,0.145,34.72,Out To CF,82,Sutter Health Park,
66,664034,Ty France,SD,AZ,2026-09-26T01:40:00Z,Pre-Game,4,Brandon Pfaadt,694297,R,49.8,Longshot,Watch List,Premium Lineup Spot,41.6,43.0,37.1,94.9,50.0,48.5,Yes,Yes,4,Yes,No,MLB Stats API; RotoWire,,H:2026/2025 P:2026/2025,,,Direct BvP not yet weighted; 2026/2025 Statcast baseline active,7,9,28,1,Contact streak: 9/28 over last 7 games,"same-side matchup; pitcher baseline 8.4% barrel, 17.6 HR allowed",neutral batted-ball profile; pitcher fly-ball pressure modest,8.82,46.86,91.04,100.9511,0.4285,0.1737,0.3294,71.77,19.95,36.57,24.9,16.8,0.1793,8.45,38.24,89.26,0.4233,0.1645,23.48,In From LF,75,Petco Park,
67,669394,Jake Burger,TEX,MIN,2026-09-26T00:10:00Z,Pre-Game,7,Joe Ryan,657746,R,49.7,Longshot,Watch List,Strong Barrel,51.7,52.0,37.6,64.3,50.0,19.9,Yes,Yes,7,Yes,No,MLB Stats API; RotoWire,,H:2026/2025 P:2026/2025,,,Direct BvP not yet weighted; 2026/2025 Statcast baseline active,7,3,23,1,"Last 7 games: 3/23, 1 HR","same-side matchup; pitcher baseline 10.5% barrel, 22.5 HR allowed",neutral batted-ball profile; pitcher allows elevated contact,12.78,46.54,90.19,102.6863,0.4381,0.2047,0.3184,75.44,58.42,41.46,28.74,23.7,0.1886,10.52,40.99,89.64,0.3977,0.174,30.45,In From RF,69,Target Field,
68,663586,Austin Riley,ATL,MIA,2026-09-25T23:10:00Z,Warmup,8,Eury Pérez,691587,R,49.3,Longshot,Watch List,Strong Barrel,53.7,48.9,35.0,52.4,50.0,54.7,Yes,Yes,8,Yes,No,MLB Stats API; RotoWire,,H:2026/2025 P:2026/2025,,,Direct BvP not yet weighted; 2026/2025 Statcast baseline active,7,6,25,2,Hot streak: 2 HR in last 7 games,"same-side matchup; pitcher baseline 10.1% barrel, 17.6 HR allowed",neutral batted-ball profile; pitcher allows elevated contact,13.38,45.93,91.6,102.7057,0.423,0.1977,0.3104,75.83,59.5,40.22,30.8,18.1,0.154,10.05,41.6,89.1,0.3842,0.17,30.94,None,72,loanDepot park,
69,805805,Walker Jenkins,MIN,TEX,2026-09-26T00:10:00Z,Pre-Game,6,Jacob deGrom,594798,R,49.1,Longshot,Watch List,"Platoon Edge, Hot Hitter/Streak",29.1,46.0,37.6,76.2,80.0,100.0,Yes,Yes,6,Yes,No,MLB Stats API; RotoWire,,H:2026 P:2026/2025,,,Direct BvP not yet weighted; 2026/2025 Statcast baseline active,7,12,27,3,Hot streak: 3 HR in last 7 games,"platoon edge; pitcher baseline 8.3% barrel, 21.8 HR allowed",neutral batted-ball profile; pitcher fly-ball pressure modest,8.9,30.4,86.6,97.3114,0.405,0.172,0.315,71.8,18.6,37.5,28.6,4.0,0.195,8.32,44.0,90.31,0.3763,0.1518,28.83,In From RF,69,Target Field,
70,803011,Sam Antonacci,CWS,COL,2026-09-25T23:40:00Z,Pre-Game,1,Tomoyuki Sugano,608372,R,49.0,Longshot,Watch List,"Premium Lineup Spot, Platoon Edge",18.9,68.7,31.1,93.2,80.0,27.7,Yes,Yes,1,Yes,No,MLB Stats API; RotoWire,,H:2026 P:2026/2025,,,Direct BvP not yet weighted; 2026/2025 Statcast baseline active,7,7,23,0,"Last 7 games: 7/23, 0 HR","platoon edge; pitcher baseline 11.8% barrel, 31.6 HR allowed",neutral batted-ball profile; pitcher allows elevated contact,5.1,33.4,87.5,97.5431,0.394,0.115,0.344,69.7,7.3,31.8,22.1,8.0,0.119,11.8,42.53,90.77,0.5359,0.2357,30.07,In From LF,63,Rate Field,
71,687263,Zach Neto,LAA,SEA,2026-09-26T02:10:00Z,Pre-Game,1,Bryce Miller,682243,R,49.0,Longshot,Watch List,"Projected Lineup, Strong Barrel, Premium Lineup Spot",48.0,43.2,38.9,88.7,50.0,1.6,No,No,1,Yes,Yes,RotoWire projected lineup; MLB probable pitchers,lineup projected / unconfirmed,H:2026/2025 P:2026/2025,,,Direct BvP not yet weighted; 2026/2025 Statcast baseline active,7,3,23,0,"Last 7 games: 3/23, 0 HR","same-side matchup; pitcher baseline 8.3% barrel, 19.1 HR allowed",neutral batted-ball profile; pitcher allows elevated contact,12.11,42.89,90.16,100.3862,0.432,0.2076,0.3223,71.47,15.72,47.69,34.47,26.0,0.2002,8.28,36.98,88.83,0.4066,0.1673,31.3,None,72,T-Mobile Park,
72,670623,Isaac Paredes,HOU,ATH,2026-09-26T01:40:00Z,Pre-Game,3,Jacob Lopez,682052,L,48.4,Longshot,Watch List,"Projected Lineup, Good Environment, Premium Lineup Spot, Platoon Edge, Hot Hitter/Streak",18.2,28.6,73.9,92.1,78.0,91.0,No,No,3,Yes,Yes,RotoWire projected lineup; MLB probable pitchers,lineup projected / unconfirmed,H:2026/2025 P:2026/2025,,,Direct BvP not yet weighted; 2026/2025 Statcast baseline active,7,9,25,3,Hot streak: 3 HR in last 7 games,"platoon edge; pitcher baseline 6.6% barrel, 19.9 HR allowed",neutral batted-ball profile; pitcher allows elevated contact,5.32,30.66,86.49,97.0103,0.3744,0.1327,0.3221,67.74,7.57,51.65,31.29,22.8,0.19,6.6,32.36,85.22,0.3599,0.145,34.72,Out To CF,82,Sutter Health Park,
73,828599,Lucas Spence,HOU,ATH,2026-09-26T01:40:00Z,Pre-Game,8,Jacob Lopez,682052,L,48.4,Longshot,Watch List,"Projected Lineup, Strong Barrel, Good Environment, Hot Hitter/Streak",45.0,28.6,73.9,47.9,50.0,87.0,No,No,8,Yes,Yes,RotoWire projected lineup; MLB probable pitchers,lineup projected / unconfirmed,H:2026 P:2026/2025,,,Direct BvP not yet weighted; 2026/2025 Statcast baseline active,7,4,12,3,Hot streak: 3 HR in last 7 games,"same-side matchup; pitcher baseline 6.6% barrel, 19.9 HR allowed",EV profile; pitcher allows elevated contact,11.1,48.1,92.3,101.5869,0.365,0.17,0.285,72.8,29.6,51.9,22.2,3.0,0.227,6.6,32.36,85.22,0.3599,0.145,34.72,Out To CF,82,Sutter Health Park,
74,665052,Griffin Conine,MIA,ATL,2026-09-25T23:10:00Z,Warmup,5,Ray Kerr,678061,L,48.1,Longshot,Watch List,Strong Barrel,55.6,26.7,35.0,86.4,50.0,30.3,Yes,Yes,5,Yes,No,MLB Stats API; RotoWire,,H:2026/2025 P:2026,,,Direct BvP not yet weighted; 2026/2025 Statcast baseline active,7,5,25,1,"Last 7 games: 5/25, 1 HR","same-side matchup; pitcher baseline 7.3% barrel, 2.0 HR allowed",neutral batted-ball profile; pitcher fly-ball pressure modest,14.94,48.24,90.9,102.9617,0.4537,0.2089,0.3391,74.19,43.13,40.64,24.39,12.5,0.2014,7.3,34.1,88.7,0.353,0.134,19.5,None,72,loanDepot park,
75,573262,Mike Yastrzemski,ATL,MIA,2026-09-25T23:10:00Z,Warmup,7,Eury Pérez,691587,R,47.6,Longshot,Watch List,Platoon Edge,34.6,48.9,35.0,64.3,80.0,60.3,Yes,Yes,7,Yes,No,MLB Stats API; RotoWire,,H:2026/2025 P:2026/2025,,,Direct BvP not yet weighted; 2026/2025 Statcast baseline active,7,5,18,2,Hot streak: 2 HR in last 7 games,"platoon edge; pitcher baseline 10.1% barrel, 17.6 HR allowed",neutral batted-ball profile; pitcher allows elevated contact,7.17,42.88,90.52,99.7425,0.3854,0.1477,0.3164,71.31,8.79,43.59,30.7,13.5,0.1623,10.05,41.6,89.1,0.3842,0.17,30.94,None,72,loanDepot park,
76,802139,JJ Wetherholt,STL,MIL,2026-09-25T23:40:00Z,Pre-Game,1,Robert Gasser,688107,L,47.5,Longshot,Watch List,Premium Lineup Spot,39.2,38.3,41.1,93.2,50.0,32.0,Yes,Yes,1,Yes,No,MLB Stats API; RotoWire,,H:2026 P:2026/2025,,,Direct BvP not yet weighted; 2026/2025 Statcast baseline active,7,8,24,0,Contact streak: 8/24 over last 7 games,"same-side matchup; pitcher baseline 8.6% barrel, 10.1 HR allowed",neutral batted-ball profile; pitcher fly-ball pressure modest,7.5,45.1,89.8,99.4147,0.438,0.182,0.349,71.9,19.3,36.4,29.4,17.0,0.125,8.58,36.7,88.27,0.3988,0.1614,25.7,None,72,American Family Field,
77,608070,José Ramírez,CLE,KC,2026-09-25T23:40:00Z,Pre-Game,2,Noah Cameron,702070,L,47.3,Longshot,Watch List,"Premium Lineup Spot, Platoon Edge",25.9,37.7,40.7,100.0,75.0,57.2,Yes,Yes,2,Yes,No,MLB Stats API; RotoWire,,H:2026/2025 P:2026/2025,,,Direct BvP not yet weighted; 2026/2025 Statcast baseline active,7,11,29,1,Contact streak: 11/29 over last 7 games,"switch hitter; pitcher baseline 7.6% barrel, 18.7 HR allowed",neutral batted-ball profile; pitcher fly-ball pressure modest,5.04,38.05,88.62,99.2337,0.4082,0.1375,0.3301,70.41,12.77,50.76,28.15,17.4,0.1612,7.63,37.61,88.53,0.4054,0.1604,27.36,R To L,64,Kauffman Stadium,
78,703607,Henry Bolte,ATH,HOU,2026-09-26T01:40:00Z,Pre-Game,1,Hunter Brown,686613,R,47.3,Longshot,Watch List,"Good Environment, Premium Lineup Spot",37.6,20.9,73.9,93.2,50.0,24.9,Yes,Yes,1,Yes,No,MLB Stats API; RotoWire,,H:2026 P:2026/2025,,,Direct BvP not yet weighted; 2026/2025 Statcast baseline active,7,8,28,0,"Last 7 games: 8/28, 0 HR","same-side matchup; pitcher baseline 6.0% barrel, 12.8 HR allowed",neutral batted-ball profile; pitcher fly-ball pressure modest,8.0,48.2,90.8,104.3706,0.372,0.128,0.315,76.8,70.4,32.7,14.9,11.0,0.127,5.97,35.77,86.17,0.3194,0.1164,22.53,Out To CF,82,Sutter Health Park,
79,642708,Amed Rosario,NYY,BAL,2026-09-25T20:10:00Z,Scheduled,4,Brandon Young,687064,R,47.2,Longshot,Watch List,"Projected Lineup, Premium Lineup Spot",39.6,43.0,38.2,90.4,50.0,17.7,No,No,5,Yes,Yes,RotoWire projected lineup; MLB probable pitchers,lineup projected / unconfirmed; order MLB 4 vs RotoWire 5,H:2026/2025 P:2026/2025,,,Direct BvP not yet weighted; 2026/2025 Statcast baseline active,7,5,21,0,"Last 7 games: 5/21, 0 HR","same-side matchup; pitcher baseline 7.8% barrel, 19.0 HR allowed",neutral batted-ball profile; pitcher fly-ball pressure modest,9.22,41.08,90.43,101.3784,0.4285,0.1692,0.3149,73.8,38.04,38.45,24.07,8.8,0.1677,7.82,40.24,89.26,0.4117,0.1637,26.66,,,Yankee Stadium,
80,686797,Brooks Lee,MIN,TEX,2026-09-26T00:10:00Z,Pre-Game,2,Jacob deGrom,594798,R,47.2,Longshot,Watch List,"Premium Lineup Spot, Platoon Edge",21.6,44.1,37.6,100.0,75.0,62.4,Yes,Yes,2,Yes,No,MLB Stats API; RotoWire,,H:2026/2025 P:2026/2025,,,Direct BvP not yet weighted; 2026/2025 Statcast baseline active,7,12,29,1,Contact streak: 12/29 over last 7 games,"switch hitter; pitcher baseline 8.3% barrel, 21.8 HR allowed",neutral batted-ball profile; pitcher fly-ball pressure modest,4.68,35.21,88.25,97.6719,0.36,0.1274,0.282,69.92,8.35,41.85,29.84,21.6,0.1648,8.32,44.0,90.31,0.3763,0.1518,28.83,In From RF,69,Target Field,
81,800050,Chase DeLauter,CLE,KC,2026-09-25T23:40:00Z,Pre-Game,3,Noah Cameron,702070,L,46.8,Longshot,Watch List,Premium Lineup Spot,34.6,39.7,40.7,96.6,50.0,34.9,Yes,Yes,3,Yes,No,MLB Stats API; RotoWire,,H:2026 P:2026/2025,,,Direct BvP not yet weighted; 2026/2025 Statcast baseline active,7,6,26,1,"Last 7 games: 6/26, 1 HR","same-side matchup; pitcher baseline 7.6% barrel, 18.7 HR allowed",neutral batted-ball profile; pitcher fly-ball pressure modest,6.1,46.3,91.3,101.2935,0.425,0.148,0.344,71.5,18.7,37.7,19.6,15.0,0.165,7.63,37.61,88.53,0.4054,0.1604,27.36,R To L,64,Kauffman Stadium,
82,701358,Cam Smith,HOU,ATH,2026-09-26T01:40:00Z,Pre-Game,7,Jacob Lopez,682052,L,46.8,Longshot,Watch List,"Projected Lineup, Strong Barrel, Good Environment, Platoon Edge",40.6,28.6,73.9,59.8,78.0,0.0,No,No,7,Yes,Yes,RotoWire projected lineup; MLB probable pitchers,lineup projected / unconfirmed,H:2026/2025 P:2026/2025,,,Direct BvP not yet weighted; 2026/2025 Statcast baseline active,7,2,24,0,"Last 7 games: 2/24, 0 HR","platoon edge; pitcher baseline 6.6% barrel, 19.9 HR allowed",neutral batted-ball profile; pitcher allows elevated contact,10.05,42.55,88.39,101.2942,0.4089,0.1732,0.3124,76.95,68.81,37.7,25.0,16.7,0.1612,6.6,32.36,85.22,0.3599,0.145,34.72,Out To CF,82,Sutter Health Park,
83,691723,Coby Mayo,BAL,NYY,2026-09-25T20:10:00Z,Scheduled,4,Ryan Yarbrough,642232,L,46.7,Longshot,Watch List,"Projected Lineup, Strong Barrel, Premium Lineup Spot, Platoon Edge",52.9,13.4,38.2,90.4,78.0,12.0,No,No,4,Yes,Yes,RotoWire projected lineup; MLB probable pitchers,lineup projected / unconfirmed,H:2026/2025 P:2026/2025,,,Direct BvP not yet weighted; 2026/2025 Statcast baseline active,7,5,25,0,"Last 7 games: 5/25, 0 HR","platoon edge; pitcher baseline 4.7% barrel, 6.0 HR allowed",neutral batted-ball profile; pitcher fly-ball pressure modest,12.62,44.12,90.1,102.4299,0.447,0.2216,0.3227,75.4,55.51,49.34,34.32,20.1,0.2179,4.73,27.91,84.49,0.3541,0.1163,29.37,,,Yankee Stadium,
84,682657,Angel Martínez,CLE,KC,2026-09-25T23:40:00Z,Pre-Game,5,Noah Cameron,702070,L,46.7,Longshot,Watch List,"Platoon Edge, Hot Hitter/Streak",23.9,37.7,40.7,86.4,75.0,97.0,Yes,Yes,5,Yes,No,MLB Stats API; RotoWire,,H:2026/2025 P:2026/2025,,,Direct BvP not yet weighted; 2026/2025 Statcast baseline active,7,10,25,3,Hot streak: 3 HR in last 7 games,"switch hitter; pitcher baseline 7.6% barrel, 18.7 HR allowed",neutral batted-ball profile; pitcher fly-ball pressure modest,6.3,34.13,87.45,98.4931,0.3802,0.1375,0.2893,71.08,15.67,44.74,27.01,15.9,0.191,7.63,37.61,88.53,0.4054,0.1604,27.36,R To L,64,Kauffman Stadium,
85,670231,John Rave,KC,CLE,2026-09-25T23:40:00Z,Pre-Game,8,Gavin Williams,668909,R,46.7,Longshot,Watch List,Platoon Edge,32.9,54.4,40.7,52.4,80.0,42.3,Yes,Yes,8,Yes,No,MLB Stats API; RotoWire,,H:2026/2025 P:2026/2025,,,Direct BvP not yet weighted; 2026/2025 Statcast baseline active,7,7,25,1,"Last 7 games: 7/25, 1 HR","platoon edge; pitcher baseline 10.7% barrel, 25.8 HR allowed",neutral batted-ball profile; pitcher fly-ball pressure modest,9.42,37.9,88.02,100.1187,0.3833,0.1486,0.3125,73.83,37.62,44.31,24.85,5.4,0.1782,10.68,45.84,90.19,0.3973,0.1747,25.79,R To L,64,Kauffman Stadium,
86,502671,Paul Goldschmidt,NYY,BAL,2026-09-25T20:10:00Z,Scheduled,1,Brandon Young,687064,R,46.0,Longshot,Watch List,"Projected Lineup, Premium Lineup Spot",36.3,43.0,38.2,88.7,50.0,21.5,No,No,1,Yes,Yes,RotoWire projected lineup; MLB probable pitchers,lineup projected / unconfirmed,H:2026/2025 P:2026/2025,,,Direct BvP not yet weighted; 2026/2025 Statcast baseline active,7,5,19,0,"Last 7 games: 5/19, 0 HR","same-side matchup; pitcher baseline 7.8% barrel, 19.0 HR allowed",neutral batted-ball profile; pitcher fly-ball pressure modest,9.47,38.45,87.88,99.2838,0.4269,0.1798,0.3178,71.69,16.48,33.74,29.35,15.6,0.1801,7.82,40.24,89.26,0.4117,0.1637,26.66,,,Yankee Stadium,
87,680777,Ryan Jeffers,MIN,TEX,2026-09-26T00:10:00Z,Pre-Game,5,Jacob deGrom,594798,R,46.0,Longshot,Watch List,No major boost,38.5,46.0,37.6,86.4,50.0,0.0,Yes,Yes,5,Yes,No,MLB Stats API; RotoWire,,H:2026/2025 P:2026/2025,,,Direct BvP not yet weighted; 2026/2025 Statcast baseline active,7,2,24,0,"Last 7 games: 2/24, 0 HR","same-side matchup; pitcher baseline 8.3% barrel, 21.8 HR allowed",neutral batted-ball profile; pitcher fly-ball pressure modest,9.24,41.4,88.88,100.8028,0.4196,0.1766,0.3356,73.14,37.03,37.53,27.61,12.5,0.1835,8.32,44.0,90.31,0.3763,0.1518,28.83,In From RF,69,Target Field,
88,687952,Christian Encarnacion-Strand,BAL,NYY,2026-09-25T20:10:00Z,Scheduled,5,Ryan Yarbrough,642232,L,45.9,Longshot,Watch List,"Projected Lineup, Strong Barrel, Platoon Edge",49.8,13.4,38.2,81.9,78.0,41.2,No,No,5,Yes,Yes,RotoWire projected lineup; MLB probable pitchers,lineup projected / unconfirmed,H:2026/2025 P:2026/2025,,,Direct BvP not yet weighted; 2026/2025 Statcast baseline active,7,6,22,1,"Last 7 games: 6/22, 1 HR","platoon edge; pitcher baseline 4.7% barrel, 6.0 HR allowed",neutral batted-ball profile; pitcher fly-ball pressure modest,12.78,39.87,89.3,100.8903,0.4659,0.229,0.3175,73.53,35.01,45.81,31.68,9.5,0.2166,4.73,27.91,84.49,0.3541,0.1163,29.37,,,Yankee Stadium,
89,672580,Maikel Garcia,KC,CLE,2026-09-25T23:40:00Z,Pre-Game,4,Gavin Williams,668909,R,45.9,Longshot,Watch List,Premium Lineup Spot,25.6,54.4,40.7,94.9,50.0,10.6,Yes,Yes,4,Yes,No,MLB Stats API; RotoWire,,H:2026/2025 P:2026/2025,,,Direct BvP not yet weighted; 2026/2025 Statcast baseline active,7,4,21,0,"Last 7 games: 4/21, 0 HR","same-side matchup; pitcher baseline 10.7% barrel, 25.8 HR allowed",neutral batted-ball profile; pitcher fly-ball pressure modest,4.69,41.39,90.25,100.2686,0.3842,0.1117,0.321,71.69,17.8,34.39,21.25,6.9,0.1294,10.68,45.84,90.19,0.3973,0.1747,25.79,R To L,64,Kauffman Stadium,
90,694208,Moises Ballesteros,LAA,SEA,2026-09-26T02:10:00Z,Pre-Game,5,Bryce Miller,682243,R,45.8,Longshot,Watch List,"Projected Lineup, Platoon Edge",33.2,43.2,38.9,81.9,80.0,0.0,No,No,5,Yes,Yes,RotoWire projected lineup; MLB probable pitchers,lineup projected / unconfirmed,H:2026/2025 P:2026/2025,,,Direct BvP not yet weighted; 2026/2025 Statcast baseline active,7,3,25,0,"Last 7 games: 3/25, 0 HR","platoon edge; pitcher baseline 8.3% barrel, 19.1 HR allowed",neutral batted-ball profile; pitcher allows elevated contact,8.03,42.33,90.01,100.6341,0.3797,0.1415,0.3053,72.29,29.3,33.8,22.26,6.9,0.1368,8.28,36.98,88.83,0.4066,0.1673,31.3,None,72,T-Mobile Park,
91,681624,Andy Pages,LAD,SF,2026-09-26T02:15:00Z,Pre-Game,8,Yunior Marte,805074,R,45.7,Longshot,Watch List,No major boost,35.5,49.5,57.8,52.4,50.0,32.0,Yes,Yes,8,Yes,No,MLB Stats API; RotoWire,,H:2026/2025 P:2026,,,Direct BvP not yet weighted; 2026/2025 Statcast baseline active,7,8,24,0,Contact streak: 8/24 over last 7 games,"same-side matchup; pitcher baseline 11.1% barrel, 3.0 HR allowed",neutral batted-ball profile; pitcher fly-ball pressure modest,7.84,40.42,88.74,99.6529,0.4343,0.1658,0.3335,72.85,26.19,38.32,28.65,22.8,0.1862,11.1,41.3,88.4,0.435,0.184,28.6,Out To CF,61,Oracle Park,
92,686681,Michael Massey,KC,CLE,2026-09-25T23:40:00Z,Pre-Game,7,Gavin Williams,668909,R,45.6,Longshot,Watch List,Platoon Edge,27.8,54.4,40.7,64.3,80.0,21.8,Yes,Yes,7,Yes,No,MLB Stats API; RotoWire,,H:2026/2025 P:2026/2025,,,Direct BvP not yet weighted; 2026/2025 Statcast baseline active,7,4,28,1,"Last 7 games: 4/28, 1 HR","platoon edge; pitcher baseline 10.7% barrel, 25.8 HR allowed",neutral batted-ball profile; pitcher fly-ball pressure modest,5.61,37.55,88.83,98.6296,0.3943,0.1437,0.2951,71.36,11.42,48.87,30.31,10.0,0.132,10.68,45.84,90.19,0.3973,0.1747,25.79,R To L,64,Kauffman Stadium,
93,806146,George Lombard,NYY,BAL,2026-09-25T20:10:00Z,Scheduled,5,Brandon Young,687064,R,45.2,Longshot,Watch List,"Projected Lineup, Hot Hitter/Streak",28.6,43.0,38.2,81.9,50.0,74.5,No,No,7,Yes,Yes,RotoWire projected lineup; MLB probable pitchers,lineup projected / unconfirmed; order MLB 5 vs RotoWire 7,H:2026 P:2026/2025,,,Direct BvP not yet weighted; 2026/2025 Statcast baseline active,7,7,28,3,Hot streak: 3 HR in last 7 games,"same-side matchup; pitcher baseline 7.8% barrel, 19.0 HR allowed",neutral batted-ball profile; pitcher fly-ball pressure modest,8.3,35.8,87.0,99.2425,0.394,0.151,0.302,72.5,26.4,36.7,23.9,7.0,0.183,7.82,40.24,89.26,0.4117,0.1637,26.66,,,Yankee Stadium,
94,695336,Thomas Saggese,STL,MIL,2026-09-25T23:40:00Z,Pre-Game,6,Robert Gasser,688107,L,45.1,Longshot,Watch List,Platoon Edge,36.5,38.3,41.1,76.2,78.0,0.0,Yes,Yes,6,Yes,No,MLB Stats API; RotoWire,,H:2026/2025 P:2026/2025,,,Direct BvP not yet weighted; 2026/2025 Statcast baseline active,7,2,24,0,"Last 7 games: 2/24, 0 HR","platoon edge; pitcher baseline 8.6% barrel, 10.1 HR allowed",neutral batted-ball profile; pitcher fly-ball pressure modest,8.75,42.77,90.41,100.5055,0.3902,0.1495,0.3048,71.48,17.76,29.34,27.74,3.4,0.1134,8.58,36.7,88.27,0.3988,0.1614,25.7,None,72,American Family Field,
95,642350,Jose Siri,LAA,SEA,2026-09-26T02:10:00Z,Pre-Game,8,Bryce Miller,682243,R,45.0,Longshot,Watch List,"Projected Lineup, Strong Barrel",47.1,43.2,38.9,47.9,50.0,41.2,No,No,8,Yes,Yes,RotoWire projected lineup; MLB probable pitchers,lineup projected / unconfirmed,H:2026/2025 P:2026/2025,,,Direct BvP not yet weighted; 2026/2025 Statcast baseline active,7,6,22,1,"Last 7 games: 6/22, 1 HR","same-side matchup; pitcher baseline 8.3% barrel, 19.1 HR allowed",fly-ball profile; pitcher allows elevated contact,15.1,39.74,87.91,99.6298,0.3683,0.1847,0.2708,73.08,33.89,32.46,41.92,6.3,0.1355,8.28,36.98,88.83,0.4066,0.1673,31.3,None,72,T-Mobile Park,
96,514888,Jose Altuve,HOU,ATH,2026-09-26T01:40:00Z,Pre-Game,4,Jacob Lopez,682052,L,44.9,Longshot,Watch List,"Projected Lineup, Good Environment, Premium Lineup Spot, Platoon Edge",13.5,28.6,73.9,90.4,78.0,55.3,No,No,4,Yes,Yes,RotoWire projected lineup; MLB probable pitchers,lineup projected / unconfirmed,H:2026/2025 P:2026/2025,,,Direct BvP not yet weighted; 2026/2025 Statcast baseline active,7,11,30,1,Contact streak: 11/30 over last 7 games,"platoon edge; pitcher baseline 6.6% barrel, 19.9 HR allowed",neutral batted-ball profile; pitcher allows elevated contact,4.8,31.67,85.52,97.1125,0.3434,0.1155,0.2797,68.93,9.64,45.78,23.0,19.0,0.1567,6.6,32.36,85.22,0.3599,0.145,34.72,Out To CF,82,Sutter Health Park,
97,687093,Vaughn Grissom,LAA,SEA,2026-09-26T02:10:00Z,Pre-Game,4,Bryce Miller,682243,R,44.7,Longshot,Watch List,"Projected Lineup, Premium Lineup Spot",25.1,43.2,38.9,90.4,50.0,60.7,No,No,4,Yes,Yes,RotoWire projected lineup; MLB probable pitchers,lineup projected / unconfirmed,H:2026 P:2026/2025,,,Direct BvP not yet weighted; 2026/2025 Statcast baseline active,7,7,25,2,Hot streak: 2 HR in last 7 games,"same-side matchup; pitcher baseline 8.3% barrel, 19.1 HR allowed",neutral batted-ball profile; pitcher allows elevated contact,6.9,35.7,87.5,98.6194,0.38,0.138,0.309,70.9,16.1,39.9,24.9,13.0,0.149,8.28,36.98,88.83,0.4066,0.1673,31.3,None,72,T-Mobile Park,
98,694374,Tim Tawa,AZ,SD,2026-09-26T01:40:00Z,Pre-Game,7,Casey Mize,663554,R,44.1,Longshot,Watch List,Strong Barrel,41.3,43.8,37.1,64.3,50.0,18.3,Yes,,,No,Yes,MLB Stats API; RotoWire,not found on RotoWire,H:2026/2025 P:2026/2025,,,Direct BvP not yet weighted; 2026/2025 Statcast baseline active,7,2,24,1,"Last 7 games: 2/24, 1 HR","same-side matchup; pitcher baseline 8.4% barrel, 16.8 HR allowed",neutral batted-ball profile; pitcher allows elevated contact,10.28,43.36,90.25,100.7294,0.3974,0.1669,0.304,73.73,35.09,39.68,26.54,9.8,0.1551,8.43,39.77,89.37,0.3938,0.1588,30.6,In From LF,75,Petco Park,
99,703197,Michael Arroyo,SEA,LAA,2026-09-26T02:10:00Z,Pre-Game,5,Reid Detmers,672282,L,44.0,Longshot,Watch List,Platoon Edge,27.1,38.5,38.9,86.4,78.0,16.6,Yes,Yes,5,Yes,No,MLB Stats API; RotoWire,,H:2026 P:2026/2025,,,Direct BvP not yet weighted; 2026/2025 Statcast baseline active,7,3,13,0,"Last 7 games: 3/13, 0 HR","platoon edge; pitcher baseline 7.8% barrel, 15.1 HR allowed",neutral batted-ball profile; pitcher fly-ball pressure modest,5.0,35.0,89.3,98.3626,0.401,0.136,0.356,73.4,33.3,40.0,30.0,1.0,0.2,7.78,39.37,89.89,0.3609,0.139,27.78,None,72,T-Mobile Park,
100,671976,Tristan Peters,CWS,COL,2026-09-25T23:40:00Z,Pre-Game,6,Tomoyuki Sugano,608372,R,43.8,Longshot,Watch List,Platoon Edge,14.4,68.7,31.1,76.2,80.0,0.0,Yes,Yes,6,Yes,No,MLB Stats API; RotoWire,,H:2026/2025 P:2026/2025,,,Direct BvP not yet weighted; 2026/2025 Statcast baseline active,7,1,14,0,"Last 7 games: 1/14, 0 HR","platoon edge; pitcher baseline 11.8% barrel, 31.6 HR allowed",neutral batted-ball profile; pitcher allows elevated contact,3.85,36.01,87.22,98.2286,0.3257,0.1057,0.2656,69.16,5.18,42.33,19.46,8.4,0.1225,11.8,42.53,90.77,0.5359,0.2357,30.07,In From LF,63,Rate Field,
101,695731,Braden Montgomery,CWS,COL,2026-09-25T23:40:00Z,Pre-Game,9,Tomoyuki Sugano,608372,R,43.8,Longshot,Watch List,Platoon Edge,24.1,68.2,31.1,44.8,75.0,36.0,Yes,Yes,9,Yes,No,MLB Stats API; RotoWire,,H:2026 P:2026/2025,,,Direct BvP not yet weighted; 2026/2025 Statcast baseline active,7,9,25,0,Contact streak: 9/25 over last 7 games,"switch hitter; pitcher baseline 11.8% barrel, 31.6 HR allowed",neutral batted-ball profile; pitcher allows elevated contact,4.5,40.8,89.0,100.0732,0.39,0.137,0.325,69.7,8.6,36.3,18.0,6.0,0.127,11.8,42.53,90.77,0.5359,0.2357,30.07,In From LF,63,Rate Field,
102,672640,Otto Lopez,MIA,ATL,2026-09-25T23:10:00Z,Warmup,1,Ray Kerr,678061,L,43.7,Longshot,Watch List,"Premium Lineup Spot, Platoon Edge",29.9,26.7,35.0,93.2,78.0,41.7,Yes,Yes,1,Yes,No,MLB Stats API; RotoWire,,H:2026/2025 P:2026,,,Direct BvP not yet weighted; 2026/2025 Statcast baseline active,7,8,29,1,"Last 7 games: 8/29, 1 HR","platoon edge; pitcher baseline 7.3% barrel, 2.0 HR allowed",neutral batted-ball profile; pitcher fly-ball pressure modest,6.4,40.19,88.92,100.1658,0.4235,0.1454,0.3286,71.84,22.95,34.12,22.78,12.2,0.1304,7.3,34.1,88.7,0.353,0.134,19.5,None,72,loanDepot park,
103,656976,Pavin Smith,AZ,SD,2026-09-26T01:40:00Z,Pre-Game,8,Casey Mize,663554,R,43.7,Longshot,Watch List,"Platoon Edge, Hot Hitter/Streak",28.9,43.8,37.1,52.4,80.0,71.6,Yes,,,No,Yes,MLB Stats API; RotoWire,not found on RotoWire,H:2026/2025 P:2026/2025,,,Direct BvP not yet weighted; 2026/2025 Statcast baseline active,7,6,17,2,Hot streak: 2 HR in last 7 games,"platoon edge; pitcher baseline 8.4% barrel, 16.8 HR allowed",neutral batted-ball profile; pitcher allows elevated contact,7.08,40.78,88.84,99.5482,0.3469,0.1312,0.2973,71.23,13.45,40.97,29.88,4.5,0.1368,8.43,39.77,89.37,0.3938,0.1588,30.6,In From LF,75,Petco Park,
104,691720,Kyle Karros,COL,CWS,2026-09-25T23:40:00Z,Pre-Game,5,Sean Burke,680732,R,43.5,Longshot,Watch List,No major boost,25.4,46.7,31.1,86.4,50.0,53.3,Yes,Yes,5,Yes,No,MLB Stats API; RotoWire,,H:2026/2025 P:2026/2025,,,Direct BvP not yet weighted; 2026/2025 Statcast baseline active,7,6,26,2,Hot streak: 2 HR in last 7 games,"same-side matchup; pitcher baseline 8.8% barrel, 19.5 HR allowed",neutral batted-ball profile; pitcher allows elevated contact,6.25,38.74,89.16,99.696,0.3656,0.1257,0.3147,69.8,5.51,39.22,24.34,9.4,0.1301,8.82,40.11,89.6,0.3996,0.1641,30.98,In From LF,63,Rate Field,
105,668904,Royce Lewis,MIN,TEX,2026-09-26T00:10:00Z,Pre-Game,7,Jacob deGrom,594798,R,43.5,Longshot,Watch List,Strong Barrel,39.5,46.0,37.6,64.3,50.0,7.0,Yes,Yes,7,Yes,No,MLB Stats API; RotoWire,,H:2026/2025 P:2026/2025,,,Direct BvP not yet weighted; 2026/2025 Statcast baseline active,7,5,30,0,"Last 7 games: 5/30, 0 HR","same-side matchup; pitcher baseline 8.3% barrel, 21.8 HR allowed",neutral batted-ball profile; pitcher fly-ball pressure modest,10.03,40.02,89.73,100.472,0.3951,0.1572,0.3026,74.72,50.24,46.44,30.5,13.7,0.151,8.32,44.0,90.31,0.3763,0.1518,28.83,In From RF,69,Target Field,
106,666139,Josh Lowe,LAA,SEA,2026-09-26T02:10:00Z,Pre-Game,7,Bryce Miller,682243,R,43.3,Longshot,Watch List,"Projected Lineup, Platoon Edge",33.0,43.2,38.9,59.8,80.0,13.6,No,No,7,Yes,Yes,RotoWire projected lineup; MLB probable pitchers,lineup projected / unconfirmed,H:2026/2025 P:2026/2025,,,Direct BvP not yet weighted; 2026/2025 Statcast baseline active,7,4,19,0,"Last 7 games: 4/19, 0 HR","platoon edge; pitcher baseline 8.3% barrel, 19.1 HR allowed",neutral batted-ball profile; pitcher allows elevated contact,8.21,37.92,88.67,99.2202,0.3737,0.1559,0.2891,73.31,33.49,35.36,30.1,11.7,0.1523,8.28,36.98,88.83,0.4066,0.1673,31.3,None,72,T-Mobile Park,
107,813841,Jonah Cox,SF,LAD,2026-09-26T02:15:00Z,Pre-Game,1,Tarik Skubal,669373,L,43.1,Longshot,Watch List,"Premium Lineup Spot, Platoon Edge",21.3,27.7,57.8,93.2,78.0,13.3,Yes,Yes,1,Yes,No,MLB Stats API; RotoWire,,H:2026 P:2026/2025,,,Direct BvP not yet weighted; 2026/2025 Statcast baseline active,7,5,24,0,"Last 7 games: 5/24, 0 HR","platoon edge; pitcher baseline 7.3% barrel, 15.2 HR allowed",neutral batted-ball profile; pitcher fly-ball pressure modest,5.8,37.2,88.7,99.299,0.332,0.118,0.265,68.9,6.0,20.9,23.3,4.0,0.137,7.26,34.75,86.87,0.3447,0.1212,25.27,Out To CF,61,Oracle Park,
108,666126,Carlos Cortes,ATH,HOU,2026-09-26T01:40:00Z,Pre-Game,7,Hunter Brown,686613,R,43.0,Longshot,Watch List,"Good Environment, Platoon Edge",28.4,20.9,73.9,64.3,80.0,26.8,Yes,Yes,7,Yes,No,MLB Stats API; RotoWire,,H:2026/2025 P:2026/2025,,,Direct BvP not yet weighted; 2026/2025 Statcast baseline active,7,3,17,1,"Last 7 games: 3/17, 1 HR","platoon edge; pitcher baseline 6.0% barrel, 12.8 HR allowed",neutral batted-ball profile; pitcher fly-ball pressure modest,7.1,38.54,88.82,99.3327,0.3926,0.1427,0.3056,70.69,14.13,30.69,23.08,8.2,0.1745,5.97,35.77,86.17,0.3194,0.1164,22.53,Out To CF,82,Sutter Health Park,
109,664983,Jake McCarthy,COL,CWS,2026-09-25T23:40:00Z,Pre-Game,1,Sean Burke,680732,R,42.8,Longshot,Watch List,"Premium Lineup Spot, Platoon Edge",16.6,46.7,31.1,93.2,80.0,24.9,Yes,Yes,1,Yes,No,MLB Stats API; RotoWire,,H:2026/2025 P:2026/2025,,,Direct BvP not yet weighted; 2026/2025 Statcast baseline active,7,8,28,0,"Last 7 games: 8/28, 0 HR","platoon edge; pitcher baseline 8.8% barrel, 19.5 HR allowed",neutral batted-ball profile; pitcher allows elevated contact,5.44,28.09,85.05,96.8217,0.402,0.1378,0.3119,70.96,13.47,37.87,21.52,11.7,0.1739,8.82,40.11,89.6,0.3996,0.1641,30.98,In From LF,63,Rate Field,
110,593428,Xander Bogaerts,SD,AZ,2026-09-26T01:40:00Z,Pre-Game,6,Brandon Pfaadt,694297,R,42.8,Longshot,Watch List,No major boost,28.5,43.0,37.1,76.2,50.0,46.0,Yes,Yes,6,Yes,No,MLB Stats API; RotoWire,,H:2026/2025 P:2026/2025,,,Direct BvP not yet weighted; 2026/2025 Statcast baseline active,7,7,23,1,"Last 7 games: 7/23, 1 HR","same-side matchup; pitcher baseline 8.4% barrel, 17.6 HR allowed",neutral batted-ball profile; pitcher fly-ball pressure modest,5.99,41.23,89.35,100.2502,0.3843,0.132,0.3235,72.24,27.59,43.38,23.2,11.7,0.114,8.45,38.24,89.26,0.4233,0.1645,23.48,In From LF,75,Petco Park,
111,622268,Donovan Walton,ATH,HOU,2026-09-26T01:40:00Z,Pre-Game,6,Hunter Brown,686613,R,42.7,Longshot,Watch List,"Good Environment, Platoon Edge, Hot Hitter/Streak",15.6,20.9,73.9,76.2,80.0,71.6,Yes,Yes,6,Yes,No,MLB Stats API; RotoWire,,H:2026/2025 P:2026/2025,,,Direct BvP not yet weighted; 2026/2025 Statcast baseline active,7,6,17,2,Hot streak: 2 HR in last 7 games,"platoon edge; pitcher baseline 6.0% barrel, 12.8 HR allowed",neutral batted-ball profile; pitcher fly-ball pressure modest,3.5,33.65,88.61,97.2607,0.366,0.1047,0.3104,67.92,0.49,38.19,22.72,6.3,0.1358,5.97,35.77,86.17,0.3194,0.1164,22.53,Out To CF,82,Sutter Health Park,
112,672695,Geraldo Perdomo,AZ,SD,2026-09-26T01:40:00Z,Pre-Game,4,Casey Mize,663554,R,42.7,Longshot,Watch List,"Premium Lineup Spot, Platoon Edge",14.4,42.0,37.1,94.9,75.0,45.0,Yes,,,No,Yes,MLB Stats API; RotoWire,not found on RotoWire,H:2026/2025 P:2026/2025,,,Direct BvP not yet weighted; 2026/2025 Statcast baseline active,7,12,28,0,Contact streak: 12/28 over last 7 games,"switch hitter; pitcher baseline 8.4% barrel, 16.8 HR allowed",neutral batted-ball profile; pitcher allows elevated contact,3.75,31.69,87.6,96.9132,0.3708,0.1068,0.3364,67.5,2.22,41.98,25.24,12.3,0.1307,8.43,39.77,89.37,0.3938,0.1588,30.6,In From LF,75,Petco Park,
113,571448,Nolan Arenado,AZ,SD,2026-09-26T01:40:00Z,Pre-Game,6,Casey Mize,663554,R,42.7,Longshot,Watch List,Hot Hitter/Streak,19.6,43.8,37.1,76.2,50.0,100.0,Yes,,,No,Yes,MLB Stats API; RotoWire,not found on RotoWire,H:2026/2025 P:2026/2025,,,Direct BvP not yet weighted; 2026/2025 Statcast baseline active,7,14,30,4,Hot streak: 4 HR in last 7 games,"same-side matchup; pitcher baseline 8.4% barrel, 16.8 HR allowed",neutral batted-ball profile; pitcher allows elevated contact,6.03,31.62,85.61,97.0344,0.3646,0.1304,0.2946,71.33,15.47,47.14,28.42,23.9,0.1925,8.43,39.77,89.37,0.3938,0.1588,30.6,In From LF,75,Petco Park,
114,815589,Bo Davidson,SF,LAD,2026-09-26T02:15:00Z,Pre-Game,4,Tarik Skubal,669373,L,42.7,Longshot,Watch List,Premium Lineup Spot,25.1,27.7,57.8,94.9,50.0,27.0,Yes,Yes,4,Yes,No,MLB Stats API; RotoWire,,H:2026 P:2026/2025,,,Direct BvP not yet weighted; 2026/2025 Statcast baseline active,3,3,10,0,"Last 3 games: 3/10, 0 HR","same-side matchup; pitcher baseline 7.3% barrel, 15.2 HR allowed",neutral batted-ball profile; pitcher fly-ball pressure modest,0.0,50.0,88.3,103.2926,0.461,0.092,0.392,72.2,21.1,12.5,0.0,0.0,0.0,7.26,34.75,86.87,0.3447,0.1212,25.27,Out To CF,61,Oracle Park,
115,571771,Enrique Hernández,LAD,SF,2026-09-26T02:15:00Z,Pre-Game,9,Yunior Marte,805074,R,42.5,Longshot,Watch List,No major boost,30.2,49.5,57.8,44.8,50.0,24.9,Yes,Yes,9,Yes,No,MLB Stats API; RotoWire,,H:2026/2025 P:2026,,,Direct BvP not yet weighted; 2026/2025 Statcast baseline active,7,4,14,0,"Last 7 games: 4/14, 0 HR","same-side matchup; pitcher baseline 11.1% barrel, 3.0 HR allowed",neutral batted-ball profile; pitcher fly-ball pressure modest,8.03,39.77,89.11,99.6576,0.3604,0.1415,0.2779,70.75,13.75,29.59,25.26,5.1,0.1616,11.1,41.3,88.4,0.435,0.184,28.6,Out To CF,61,Oracle Park,
116,685133,Wade Meckler,LAA,SEA,2026-09-26T02:10:00Z,Pre-Game,3,Bryce Miller,682243,R,42.3,Longshot,Watch List,"Projected Lineup, Premium Lineup Spot, Platoon Edge",13.0,43.2,38.9,92.1,80.0,33.7,No,No,3,Yes,Yes,RotoWire projected lineup; MLB probable pitchers,lineup projected / unconfirmed,H:2026 P:2026/2025,,,Direct BvP not yet weighted; 2026/2025 Statcast baseline active,7,10,29,0,Contact streak: 10/29 over last 7 games,"platoon edge; pitcher baseline 8.3% barrel, 19.1 HR allowed",neutral batted-ball profile; pitcher allows elevated contact,3.1,34.1,87.3,96.8958,0.362,0.098,0.317,69.0,2.2,33.6,19.2,3.0,0.079,8.28,36.98,88.83,0.4066,0.1673,31.3,None,72,T-Mobile Park,
117,643446,Jeff McNeil,ATH,HOU,2026-09-26T01:40:00Z,Pre-Game,4,Hunter Brown,686613,R,42.2,Longshot,Watch List,"Good Environment, Premium Lineup Spot, Platoon Edge",11.9,20.9,73.9,94.9,80.0,32.9,Yes,Yes,4,Yes,No,MLB Stats API; RotoWire,,H:2026/2025 P:2026/2025,,,Direct BvP not yet weighted; 2026/2025 Statcast baseline active,7,5,23,1,"Last 7 games: 5/23, 1 HR","platoon edge; pitcher baseline 6.0% barrel, 12.8 HR allowed",neutral batted-ball profile; pitcher fly-ball pressure modest,2.72,30.94,86.57,96.594,0.3705,0.1006,0.309,69.3,5.72,43.56,23.82,9.9,0.1253,5.97,35.77,86.17,0.3194,0.1164,22.53,Out To CF,82,Sutter Health Park,
118,682663,Agustín Ramírez,MIA,ATL,2026-09-25T23:10:00Z,Warmup,6,Ray Kerr,678061,L,42.1,Longshot,Watch List,Platoon Edge,31.0,26.7,35.0,76.2,78.0,50.3,Yes,Yes,6,Yes,No,MLB Stats API; RotoWire,,H:2026/2025 P:2026,,,Direct BvP not yet weighted; 2026/2025 Statcast baseline active,7,8,24,1,Contact streak: 8/24 over last 7 games,"platoon edge; pitcher baseline 7.3% barrel, 2.0 HR allowed",neutral batted-ball profile; pitcher fly-ball pressure modest,6.45,42.66,90.17,102.5772,0.3597,0.1259,0.2977,75.62,57.09,42.22,18.28,9.8,0.1428,7.3,34.1,88.7,0.353,0.134,19.5,None,72,loanDepot park,
119,681807,David Fry,CLE,KC,2026-09-25T23:40:00Z,Pre-Game,6,Noah Cameron,702070,L,41.9,Longshot,Watch List,Platoon Edge,20.6,39.7,40.7,76.2,78.0,35.6,Yes,Yes,6,Yes,No,MLB Stats API; RotoWire,,H:2026/2025 P:2026/2025,,,Direct BvP not yet weighted; 2026/2025 Statcast baseline active,7,4,17,1,"Last 7 games: 4/17, 1 HR","platoon edge; pitcher baseline 7.6% barrel, 18.7 HR allowed",neutral batted-ball profile; pitcher fly-ball pressure modest,6.93,35.67,86.95,98.1227,0.27,0.108,0.2454,70.96,11.75,52.38,28.12,7.3,0.1654,7.63,37.61,88.53,0.4054,0.1604,27.36,R To L,64,Kauffman Stadium,
120,681198,TJ Rumfield,COL,CWS,2026-09-25T23:40:00Z,Pre-Game,4,Sean Burke,680732,R,41.5,Longshot,Watch List,"Premium Lineup Spot, Platoon Edge",13.1,46.7,31.1,94.9,80.0,16.6,Yes,Yes,4,Yes,No,MLB Stats API; RotoWire,,H:2026 P:2026/2025,,,Direct BvP not yet weighted; 2026/2025 Statcast baseline active,7,6,26,0,"Last 7 games: 6/26, 0 HR","platoon edge; pitcher baseline 8.8% barrel, 19.5 HR allowed",neutral batted-ball profile; pitcher allows elevated contact,4.8,27.7,84.3,96.1554,0.385,0.125,0.333,68.4,7.5,40.8,28.8,15.0,0.149,8.82,40.11,89.6,0.3996,0.1641,30.98,In From LF,63,Rate Field,
121,677649,Ezequiel Duran,TEX,MIN,2026-09-26T00:10:00Z,Pre-Game,5,Joe Ryan,657746,R,41.4,Longshot,Watch List,No major boost,20.3,52.0,37.6,86.4,50.0,0.0,Yes,Yes,5,Yes,No,MLB Stats API; RotoWire,,H:2026/2025 P:2026/2025,,,Direct BvP not yet weighted; 2026/2025 Statcast baseline active,7,1,25,0,"Last 7 games: 1/25, 0 HR","same-side matchup; pitcher baseline 10.5% barrel, 22.5 HR allowed",neutral batted-ball profile; pitcher allows elevated contact,5.05,36.08,87.82,98.9682,0.3482,0.1139,0.2848,72.27,24.38,35.59,21.58,11.9,0.1348,10.52,40.99,89.64,0.3977,0.174,30.45,In From RF,69,Target Field,
122,683002,Gunnar Henderson,BAL,NYY,2026-09-25T20:10:00Z,Scheduled,3,Ryan Yarbrough,642232,L,41.3,Longshot,Watch List,"Projected Lineup, Premium Lineup Spot",37.6,13.4,38.2,92.1,50.0,52.3,No,No,3,Yes,Yes,RotoWire projected lineup; MLB probable pitchers,lineup projected / unconfirmed,H:2026/2025 P:2026/2025,,,Direct BvP not yet weighted; 2026/2025 Statcast baseline active,7,9,26,1,Contact streak: 9/26 over last 7 games,"same-side matchup; pitcher baseline 4.7% barrel, 6.0 HR allowed",neutral batted-ball profile; pitcher fly-ball pressure modest,7.97,44.93,90.07,101.2189,0.4082,0.1532,0.3277,74.46,45.21,40.87,23.87,21.9,0.1752,4.73,27.91,84.49,0.3541,0.1163,29.37,,,Yankee Stadium,
123,687859,Troy Johnston,COL,CWS,2026-09-25T23:40:00Z,Pre-Game,7,Sean Burke,680732,R,41.3,Longshot,Watch List,Platoon Edge,24.2,46.7,31.1,64.3,80.0,23.7,Yes,Yes,7,Yes,No,MLB Stats API; RotoWire,,H:2026/2025 P:2026/2025,,,Direct BvP not yet weighted; 2026/2025 Statcast baseline active,7,5,18,0,"Last 7 games: 5/18, 0 HR","platoon edge; pitcher baseline 8.8% barrel, 19.5 HR allowed",neutral batted-ball profile; pitcher allows elevated contact,4.36,37.9,89.67,98.8304,0.4027,0.1268,0.3296,70.32,5.44,40.07,23.58,4.0,0.1255,8.82,40.11,89.6,0.3996,0.1641,30.98,In From LF,63,Rate Field,
124,691728,Zac Veen,COL,CWS,2026-09-25T23:40:00Z,Pre-Game,8,Sean Burke,680732,R,41.2,Longshot,Watch List,Platoon Edge,27.7,46.7,31.1,52.4,80.0,32.5,Yes,Yes,8,Yes,No,MLB Stats API; RotoWire,,H:2026/2025 P:2026/2025,,,Direct BvP not yet weighted; 2026/2025 Statcast baseline active,7,3,14,1,"Last 7 games: 3/14, 1 HR","platoon edge; pitcher baseline 8.8% barrel, 19.5 HR allowed",fly-ball profile; pitcher allows elevated contact,7.03,36.65,88.03,99.9969,0.3029,0.1316,0.251,72.12,21.54,41.15,41.79,2.4,0.1842,8.82,40.11,89.6,0.3996,0.1641,30.98,In From LF,63,Rate Field,
125,668800,Andrew Knizner,SF,LAD,2026-09-26T02:15:00Z,Pre-Game,5,Tarik Skubal,669373,L,41.1,Longshot,Watch List,Platoon Edge,14.0,27.7,57.8,86.4,78.0,42.0,Yes,Yes,5,Yes,No,MLB Stats API; RotoWire,,H:2026/2025 P:2026/2025,,,Direct BvP not yet weighted; 2026/2025 Statcast baseline active,7,8,20,0,Contact streak: 8/20 over last 7 games,"platoon edge; pitcher baseline 7.3% barrel, 15.2 HR allowed",neutral batted-ball profile; pitcher fly-ball pressure modest,4.27,31.11,86.02,97.6288,0.3398,0.1134,0.2871,69.76,7.05,32.85,26.07,1.7,0.1263,7.26,34.75,86.87,0.3447,0.1212,25.27,Out To CF,61,Oracle Park,
126,640902,Jhonny Pereda,SEA,LAA,2026-09-26T02:10:00Z,Pre-Game,7,Reid Detmers,672282,L,40.9,Longshot,Watch List,Platoon Edge,23.0,38.5,38.9,64.3,78.0,45.0,Yes,Yes,7,Yes,No,MLB Stats API; RotoWire,,H:2026/2025 P:2026/2025,,,Direct BvP not yet weighted; 2026/2025 Statcast baseline active,7,7,14,0,Contact streak: 7/14 over last 7 games,"platoon edge; pitcher baseline 7.8% barrel, 15.1 HR allowed",neutral batted-ball profile; pitcher fly-ball pressure modest,3.33,46.93,89.8,100.1044,0.3703,0.0954,0.3198,70.76,8.23,32.49,12.9,1.4,0.0842,7.78,39.37,89.89,0.3609,0.139,27.78,None,72,T-Mobile Park,
127,807712,Luke Keaschall,MIN,TEX,2026-09-26T00:10:00Z,Pre-Game,1,Jacob deGrom,594798,R,40.6,Longshot,Watch List,Premium Lineup Spot,13.1,46.0,37.6,93.2,50.0,41.7,Yes,Yes,1,Yes,No,MLB Stats API; RotoWire,,H:2026/2025 P:2026/2025,,,Direct BvP not yet weighted; 2026/2025 Statcast baseline active,7,8,29,1,"Last 7 games: 8/29, 1 HR","same-side matchup; pitcher baseline 8.3% barrel, 21.8 HR allowed",neutral batted-ball profile; pitcher fly-ball pressure modest,4.08,29.59,85.64,96.6951,0.3661,0.1153,0.3184,68.57,7.24,38.75,27.46,8.2,0.1241,8.32,44.0,90.31,0.3763,0.1518,28.83,In From RF,69,Target Field,
128,695391,Brett Harris,SF,LAD,2026-09-26T02:15:00Z,Pre-Game,2,Tarik Skubal,669373,L,40.6,Longshot,Watch List,"Premium Lineup Spot, Platoon Edge",10.5,27.7,57.8,100.0,78.0,16.1,Yes,Yes,2,Yes,No,MLB Stats API; RotoWire,,H:2026/2025 P:2026/2025,,,Direct BvP not yet weighted; 2026/2025 Statcast baseline active,7,5,22,0,"Last 7 games: 5/22, 0 HR","platoon edge; pitcher baseline 7.3% barrel, 15.2 HR allowed",neutral batted-ball profile; pitcher fly-ball pressure modest,4.26,30.6,86.17,97.0195,0.2471,0.0682,0.2574,70.72,10.24,29.42,24.23,0.0,0.061,7.26,34.75,86.87,0.3447,0.1212,25.27,Out To CF,61,Oracle Park,
129,647304,Josh Naylor,SEA,LAA,2026-09-26T02:10:00Z,Pre-Game,4,Reid Detmers,672282,L,40.5,Longshot,Watch List,Premium Lineup Spot,22.6,38.5,38.9,94.9,50.0,3.4,Yes,Yes,4,Yes,No,MLB Stats API; RotoWire,,H:2026/2025 P:2026/2025,,,Direct BvP not yet weighted; 2026/2025 Statcast baseline active,7,4,28,0,"Last 7 games: 4/28, 0 HR","same-side matchup; pitcher baseline 7.8% barrel, 15.1 HR allowed",neutral batted-ball profile; pitcher fly-ball pressure modest,5.16,37.77,87.73,98.9545,0.3984,0.1282,0.3187,70.34,11.61,41.43,22.36,13.0,0.1124,7.78,39.37,89.89,0.3609,0.139,27.78,None,72,T-Mobile Park,
130,691182,Adael Amador,COL,CWS,2026-09-25T23:40:00Z,Pre-Game,2,Sean Burke,680732,R,40.4,Longshot,Watch List,"Premium Lineup Spot, Platoon Edge",10.7,44.6,31.1,100.0,75.0,15.3,Yes,Yes,2,Yes,No,MLB Stats API; RotoWire,,H:2026/2025 P:2026/2025,,,Direct BvP not yet weighted; 2026/2025 Statcast baseline active,7,4,18,0,"Last 7 games: 4/18, 0 HR","switch hitter; pitcher baseline 8.8% barrel, 19.5 HR allowed",neutral batted-ball profile; pitcher allows elevated contact,6.48,24.91,84.52,96.3034,0.3123,0.1048,0.2704,69.41,9.76,51.89,23.76,3.1,0.1895,8.82,40.11,89.6,0.3996,0.1641,30.98,In From LF,63,Rate Field,
131,687401,Joey Ortiz,MIL,STL,2026-09-25T23:40:00Z,Pre-Game,6,Michael McGreevy,700241,R,40.2,Longshot,Watch List,No major boost,16.9,52.2,41.1,76.2,50.0,15.3,Yes,Yes,6,Yes,No,MLB Stats API; RotoWire,,H:2026/2025 P:2026/2025,,,Direct BvP not yet weighted; 2026/2025 Statcast baseline active,7,6,27,0,"Last 7 games: 6/27, 0 HR","same-side matchup; pitcher baseline 9.2% barrel, 18.3 HR allowed",neutral batted-ball profile; pitcher fly-ball pressure modest,3.77,35.67,87.84,99.1656,0.3389,0.0967,0.289,73.0,30.85,32.12,19.82,8.4,0.1192,9.15,40.73,90.01,0.4689,0.19,26.76,None,72,American Family Field,
132,694376,Shay Whitcomb,SF,LAD,2026-09-26T02:15:00Z,Pre-Game,7,Tarik Skubal,669373,L,40.1,Longshot,Watch List,Platoon Edge,24.1,27.7,57.8,64.3,78.0,16.1,Yes,Yes,7,Yes,No,MLB Stats API; RotoWire,,H:2026/2025 P:2026/2025,,,Direct BvP not yet weighted; 2026/2025 Statcast baseline active,7,5,22,0,"Last 7 games: 5/22, 0 HR","platoon edge; pitcher baseline 7.3% barrel, 15.2 HR allowed",neutral batted-ball profile; pitcher fly-ball pressure modest,9.33,28.49,85.83,97.5219,0.3475,0.1499,0.2428,71.52,17.36,44.4,26.74,3.1,0.1234,7.26,34.75,86.87,0.3447,0.1212,25.27,Out To CF,61,Oracle Park,
133,665877,José Fermín,STL,MIL,2026-09-25T23:40:00Z,Pre-Game,5,Robert Gasser,688107,L,39.9,Longshot,Watch List,Platoon Edge,9.7,38.3,41.1,86.4,78.0,45.0,Yes,Yes,5,Yes,No,MLB Stats API; RotoWire,,H:2026/2025 P:2026/2025,,,Direct BvP not yet weighted; 2026/2025 Statcast baseline active,7,8,18,0,Contact streak: 8/18 over last 7 games,"platoon edge; pitcher baseline 8.6% barrel, 10.1 HR allowed",neutral batted-ball profile; pitcher fly-ball pressure modest,1.47,31.01,86.4,96.4338,0.3488,0.0899,0.3061,68.0,3.02,47.13,24.1,4.5,0.1165,8.58,36.7,88.27,0.3988,0.1614,25.7,None,72,American Family Field,
134,800325,Luis Lara,MIL,STL,2026-09-25T23:40:00Z,Pre-Game,7,Michael McGreevy,700241,R,39.9,Longshot,Watch List,Platoon Edge,16.3,50.2,41.1,64.3,75.0,10.8,Yes,Yes,7,Yes,No,MLB Stats API; RotoWire,,H:2026 P:2026/2025,,,Direct BvP not yet weighted; 2026/2025 Statcast baseline active,7,5,26,0,"Last 7 games: 5/26, 0 HR","switch hitter; pitcher baseline 9.2% barrel, 18.3 HR allowed",neutral batted-ball profile; pitcher fly-ball pressure modest,3.5,40.8,87.8,98.8034,0.334,0.075,0.295,71.4,17.0,30.3,14.8,1.0,0.082,9.15,40.73,90.01,0.4689,0.19,26.76,None,72,American Family Field,
135,694203,Denzer Guzman,LAA,SEA,2026-09-26T02:10:00Z,Pre-Game,6,Bryce Miller,682243,R,39.8,Longshot,Watch List,Projected Lineup,24.7,43.2,38.9,71.7,50.0,18.3,No,No,6,Yes,Yes,RotoWire projected lineup; MLB probable pitchers,lineup projected / unconfirmed,H:2026/2025 P:2026/2025,,,Direct BvP not yet weighted; 2026/2025 Statcast baseline active,7,3,26,1,"Last 7 games: 3/26, 1 HR","same-side matchup; pitcher baseline 8.3% barrel, 19.1 HR allowed",neutral batted-ball profile; pitcher allows elevated contact,8.0,38.0,86.71,98.8772,0.3223,0.1141,0.2504,73.64,38.0,40.6,24.4,6.2,0.1341,8.28,36.98,88.83,0.4066,0.1673,31.3,None,72,T-Mobile Park,
136,694497,Evan Carter,TEX,MIN,2026-09-26T00:10:00Z,Pre-Game,8,Joe Ryan,657746,R,39.6,Longshot,Watch List,Platoon Edge,19.6,52.0,37.6,52.4,80.0,10.1,Yes,Yes,8,Yes,No,MLB Stats API; RotoWire,,H:2026/2025 P:2026/2025,,,Direct BvP not yet weighted; 2026/2025 Statcast baseline active,7,3,16,0,"Last 7 games: 3/16, 0 HR","platoon edge; pitcher baseline 10.5% barrel, 22.5 HR allowed",neutral batted-ball profile; pitcher allows elevated contact,5.27,34.74,87.33,98.5468,0.3292,0.1162,0.287,71.02,18.07,38.77,27.91,7.8,0.1275,10.52,40.99,89.64,0.3977,0.174,30.45,In From RF,69,Target Field,
137,681297,Colton Cowser,BAL,NYY,2026-09-25T20:10:00Z,Scheduled,6,Ryan Yarbrough,642232,L,39.5,Longshot,Watch List,"Projected Lineup, Strong Barrel",42.6,13.4,38.2,71.7,50.0,39.1,No,No,6,Yes,Yes,RotoWire projected lineup; MLB probable pitchers,lineup projected / unconfirmed,H:2026/2025 P:2026/2025,,,Direct BvP not yet weighted; 2026/2025 Statcast baseline active,7,8,21,0,Contact streak: 8/21 over last 7 games,"same-side matchup; pitcher baseline 4.7% barrel, 6.0 HR allowed",neutral batted-ball profile; pitcher fly-ball pressure modest,10.88,42.15,88.73,100.7314,0.3984,0.1869,0.3063,74.3,43.38,38.45,31.59,13.9,0.1561,4.73,27.91,84.49,0.3541,0.1163,29.37,,,Yankee Stadium,
138,805300,Jakob Marsee,MIA,ATL,2026-09-25T23:10:00Z,Warmup,2,Ray Kerr,678061,L,39.5,Longshot,Watch List,Premium Lineup Spot,20.3,26.7,35.0,100.0,50.0,52.5,Yes,Yes,2,Yes,No,MLB Stats API; RotoWire,,H:2026/2025 P:2026,,,Direct BvP not yet weighted; 2026/2025 Statcast baseline active,7,8,23,1,Contact streak: 8/23 over last 7 games,"same-side matchup; pitcher baseline 7.3% barrel, 2.0 HR allowed",neutral batted-ball profile; pitcher fly-ball pressure modest,4.95,36.5,87.78,98.5396,0.3629,0.119,0.3225,70.29,5.3,40.81,23.19,9.2,0.144,7.3,34.1,88.7,0.353,0.134,19.5,None,72,loanDepot park,
139,645277,Ozzie Albies,ATL,MIA,2026-09-25T23:10:00Z,Warmup,6,Eury Pérez,691587,R,39.3,Longshot,Watch List,Platoon Edge,15.4,47.1,35.0,76.2,75.0,5.1,Yes,Yes,6,Yes,No,MLB Stats API; RotoWire,,H:2026/2025 P:2026/2025,,,Direct BvP not yet weighted; 2026/2025 Statcast baseline active,7,4,26,0,"Last 7 games: 4/26, 0 HR","switch hitter; pitcher baseline 10.1% barrel, 17.6 HR allowed",neutral batted-ball profile; pitcher allows elevated contact,4.2,28.53,87.15,96.6708,0.3481,0.1191,0.2829,68.86,5.67,46.63,31.55,20.2,0.1474,10.05,41.6,89.1,0.3842,0.17,30.94,None,72,loanDepot park,
140,687957,Dustin Harris,SD,AZ,2026-09-26T01:40:00Z,Pre-Game,2,Brandon Pfaadt,694297,R,39.3,Longshot,Watch List,"Premium Lineup Spot, Platoon Edge",3.8,43.0,37.1,100.0,80.0,19.5,Yes,Yes,2,Yes,No,MLB Stats API; RotoWire,,H:2026/2025 P:2026/2025,,,Direct BvP not yet weighted; 2026/2025 Statcast baseline active,7,7,28,0,"Last 7 games: 7/28, 0 HR","platoon edge; pitcher baseline 8.4% barrel, 17.6 HR allowed",neutral batted-ball profile; pitcher fly-ball pressure modest,2.44,21.07,85.5,95.1009,0.3261,0.0848,0.2828,66.89,2.38,44.42,21.77,0.3,0.1038,8.45,38.24,89.26,0.4233,0.1645,23.48,In From LF,75,Petco Park,
141,668952,Ryan Kreidler,MIN,TEX,2026-09-26T00:10:00Z,Pre-Game,9,Jacob deGrom,594798,R,39.0,Longshot,Watch List,No major boost,27.7,46.0,37.6,44.8,50.0,48.7,Yes,Yes,9,Yes,No,MLB Stats API; RotoWire,,H:2026/2025 P:2026/2025,,,Direct BvP not yet weighted; 2026/2025 Statcast baseline active,7,3,15,2,Hot streak: 2 HR in last 7 games,"same-side matchup; pitcher baseline 8.3% barrel, 21.8 HR allowed",neutral batted-ball profile; pitcher fly-ball pressure modest,7.18,34.76,88.69,99.2804,0.3453,0.1357,0.2773,73.1,31.39,44.56,30.26,5.6,0.1134,8.32,44.0,90.31,0.3763,0.1518,28.83,In From RF,69,Target Field,
142,669221,Sean Murphy,ATL,MIA,2026-09-25T23:10:00Z,Warmup,9,Eury Pérez,691587,R,38.9,Longshot,Watch List,Strong Barrel,33.6,48.9,35.0,44.8,50.0,0.0,Yes,Yes,9,Yes,No,MLB Stats API; RotoWire,,H:2026/2025 P:2026/2025,,,Direct BvP not yet weighted; 2026/2025 Statcast baseline active,7,0,22,0,"Last 7 games: 0/22, 0 HR","same-side matchup; pitcher baseline 10.1% barrel, 17.6 HR allowed",neutral batted-ball profile; pitcher allows elevated contact,10.32,40.09,87.63,100.7701,0.3464,0.1538,0.279,72.46,28.75,47.02,26.84,6.9,0.1512,10.05,41.6,89.1,0.3842,0.17,30.94,None,72,loanDepot park,
143,630105,Jake Cronenworth,SD,AZ,2026-09-26T01:40:00Z,Pre-Game,8,Brandon Pfaadt,694297,R,38.9,Longshot,Watch List,Platoon Edge,15.5,43.0,37.1,52.4,80.0,66.7,Yes,Yes,8,Yes,No,MLB Stats API; RotoWire,,H:2026/2025 P:2026/2025,,,Direct BvP not yet weighted; 2026/2025 Statcast baseline active,7,8,25,2,Hot streak: 2 HR in last 7 games,"platoon edge; pitcher baseline 8.4% barrel, 17.6 HR allowed",neutral batted-ball profile; pitcher fly-ball pressure modest,4.38,32.0,87.52,97.6648,0.318,0.1021,0.2854,71.32,17.39,32.24,24.47,8.2,0.1065,8.45,38.24,89.26,0.4233,0.1645,23.48,In From LF,75,Petco Park,
144,643289,Mauricio Dubón,ATL,MIA,2026-09-25T23:10:00Z,Warmup,5,Eury Pérez,691587,R,38.7,Longshot,Watch List,No major boost,9.7,48.9,35.0,86.4,50.0,38.9,Yes,Yes,5,Yes,No,MLB Stats API; RotoWire,,H:2026/2025 P:2026/2025,,,Direct BvP not yet weighted; 2026/2025 Statcast baseline active,7,11,29,0,Contact streak: 11/29 over last 7 games,"same-side matchup; pitcher baseline 10.1% barrel, 17.6 HR allowed",neutral batted-ball profile; pitcher allows elevated contact,3.02,28.33,85.83,96.2056,0.3604,0.0994,0.2955,68.87,4.03,31.89,25.86,9.8,0.1175,10.05,41.6,89.1,0.3842,0.17,30.94,None,72,loanDepot park,
145,691785,Marcelo Mayer,SF,LAD,2026-09-26T02:15:00Z,Pre-Game,6,Tarik Skubal,669373,L,38.7,Longshot,Watch List,No major boost,24.9,27.7,57.8,76.2,50.0,0.0,Yes,Yes,6,Yes,No,MLB Stats API; RotoWire,,H:2026/2025 P:2026/2025,,,Direct BvP not yet weighted; 2026/2025 Statcast baseline active,7,2,18,0,"Last 7 games: 2/18, 0 HR","same-side matchup; pitcher baseline 7.3% barrel, 15.2 HR allowed",neutral batted-ball profile; pitcher fly-ball pressure modest,7.03,40.57,87.34,98.9814,0.3088,0.1072,0.2602,74.42,44.42,36.43,25.28,3.3,0.1152,7.26,34.75,86.87,0.3447,0.1212,25.27,Out To CF,61,Oracle Park,
146,702284,Cole Young,SEA,LAA,2026-09-26T02:10:00Z,Pre-Game,6,Reid Detmers,672282,L,38.3,Longshot,Watch List,No major boost,23.2,38.5,38.9,76.2,50.0,7.0,Yes,Yes,6,Yes,No,MLB Stats API; RotoWire,,H:2026/2025 P:2026/2025,,,Direct BvP not yet weighted; 2026/2025 Statcast baseline active,7,4,24,0,"Last 7 games: 4/24, 0 HR","same-side matchup; pitcher baseline 7.8% barrel, 15.1 HR allowed",neutral batted-ball profile; pitcher fly-ball pressure modest,5.11,35.65,88.09,98.7334,0.3767,0.1296,0.3075,71.51,21.58,42.05,27.01,13.1,0.1241,7.78,39.37,89.89,0.3609,0.139,27.78,None,72,T-Mobile Park,
147,691594,Javier Sanoja,MIA,ATL,2026-09-25T23:10:00Z,Warmup,4,Ray Kerr,678061,L,38.0,Longshot,Watch List,"Premium Lineup Spot, Platoon Edge",11.1,26.7,35.0,94.9,78.0,48.5,Yes,Yes,4,Yes,No,MLB Stats API; RotoWire,,H:2026/2025 P:2026,,,Direct BvP not yet weighted; 2026/2025 Statcast baseline active,7,9,28,1,Contact streak: 9/28 over last 7 games,"platoon edge; pitcher baseline 7.3% barrel, 2.0 HR allowed",neutral batted-ball profile; pitcher fly-ball pressure modest,2.43,32.62,87.38,97.4817,0.3511,0.0858,0.2897,69.0,6.88,38.36,19.46,8.8,0.1579,7.3,34.1,88.7,0.353,0.134,19.5,None,72,loanDepot park,
148,678662,Ezequiel Tovar,COL,CWS,2026-09-25T23:40:00Z,Pre-Game,9,Sean Burke,680732,R,38.0,Longshot,Watch List,No major boost,29.0,46.7,31.1,44.8,50.0,36.0,Yes,Yes,9,Yes,No,MLB Stats API; RotoWire,,H:2026/2025 P:2026/2025,,,Direct BvP not yet weighted; 2026/2025 Statcast baseline active,7,5,21,1,"Last 7 games: 5/21, 1 HR","same-side matchup; pitcher baseline 8.8% barrel, 19.5 HR allowed",neutral batted-ball profile; pitcher allows elevated contact,7.55,34.63,87.86,98.9897,0.3885,0.1527,0.2903,71.95,21.03,36.7,30.2,11.1,0.1337,8.82,40.11,89.6,0.3996,0.1641,30.98,In From LF,63,Rate Field,
149,683011,Anthony Volpe,NYY,BAL,2026-09-25T20:10:00Z,Scheduled,7,Brandon Young,687064,R,37.9,Longshot,Watch List,Projected Lineup,24.9,43.0,38.2,59.8,50.0,15.3,No,Yes,7,Yes,Yes,RotoWire projected lineup; MLB probable pitchers,lineup projected / unconfirmed,H:2026/2025 P:2026/2025,,,Direct BvP not yet weighted; 2026/2025 Statcast baseline active,7,6,27,0,"Last 7 games: 6/27, 0 HR","same-side matchup; pitcher baseline 7.8% barrel, 19.0 HR allowed",neutral batted-ball profile; pitcher fly-ball pressure modest,6.23,38.4,88.39,98.8116,0.3539,0.1246,0.2947,71.48,18.63,32.59,24.69,7.1,0.116,7.82,40.24,89.26,0.4117,0.1637,26.66,,,Yankee Stadium,
150,670032,Nicky Lopez,TEX,MIN,2026-09-26T00:10:00Z,Pre-Game,6,Joe Ryan,657746,R,37.7,Longshot,Watch List,Platoon Edge,2.2,52.0,37.6,76.2,80.0,19.5,Yes,Yes,6,Yes,No,MLB Stats API; RotoWire,,H:2026/2025 P:2026/2025,,,Direct BvP not yet weighted; 2026/2025 Statcast baseline active,7,3,12,0,"Last 7 games: 3/12, 0 HR","platoon edge; pitcher baseline 10.5% barrel, 22.5 HR allowed",neutral batted-ball profile; pitcher allows elevated contact,0.0,27.33,84.66,95.182,0.2655,0.0412,0.2589,66.72,1.24,33.73,11.93,0.7,0.0273,10.52,40.99,89.64,0.3977,0.174,30.45,In From RF,69,Target Field,
151,686780,Pedro Pagés,STL,MIL,2026-09-25T23:40:00Z,Pre-Game,8,Robert Gasser,688107,L,37.6,Longshot,Watch List,Platoon Edge,21.2,38.3,41.1,52.4,78.0,16.6,Yes,Yes,8,Yes,No,MLB Stats API; RotoWire,,H:2026/2025 P:2026/2025,,,Direct BvP not yet weighted; 2026/2025 Statcast baseline active,7,3,13,0,"Last 7 games: 3/13, 0 HR","platoon edge; pitcher baseline 8.6% barrel, 10.1 HR allowed",neutral batted-ball profile; pitcher fly-ball pressure modest,5.3,37.2,87.02,99.3046,0.3309,0.1173,0.2646,72.74,25.27,36.41,26.64,6.1,0.1078,8.58,36.7,88.27,0.3988,0.1614,25.7,None,72,American Family Field,
152,687637,Dylan Beavers,BAL,NYY,2026-09-25T20:10:00Z,Scheduled,1,Ryan Yarbrough,642232,L,37.2,Longshot,Watch List,"Projected Lineup, Premium Lineup Spot",31.6,13.4,38.2,88.7,50.0,18.3,No,No,1,Yes,Yes,RotoWire projected lineup; MLB probable pitchers,lineup projected / unconfirmed,H:2026/2025 P:2026/2025,,,Direct BvP not yet weighted; 2026/2025 Statcast baseline active,7,3,28,1,"Last 7 games: 3/28, 1 HR","same-side matchup; pitcher baseline 4.7% barrel, 6.0 HR allowed",neutral batted-ball profile; pitcher fly-ball pressure modest,8.18,35.21,88.1,99.1757,0.3779,0.1593,0.3083,72.41,21.75,40.46,33.42,6.1,0.1429,4.73,27.91,84.49,0.3541,0.1163,29.37,,,Yankee Stadium,
153,669134,Luis Campusano,SD,AZ,2026-09-26T01:40:00Z,Pre-Game,7,Brandon Pfaadt,694297,R,37.2,Longshot,Watch List,No major boost,19.8,43.0,37.1,64.3,50.0,26.2,Yes,Yes,7,Yes,No,MLB Stats API; RotoWire,,H:2026/2025 P:2026/2025,,,Direct BvP not yet weighted; 2026/2025 Statcast baseline active,7,5,29,1,"Last 7 games: 5/29, 1 HR","same-side matchup; pitcher baseline 8.4% barrel, 17.6 HR allowed",neutral batted-ball profile; pitcher fly-ball pressure modest,5.81,35.74,87.73,98.3598,0.3025,0.1113,0.292,73.03,30.69,46.98,19.94,5.6,0.1204,8.45,38.24,89.26,0.4233,0.1645,23.48,In From LF,75,Petco Park,
154,664728,Kyle Isbel,KC,CLE,2026-09-25T23:40:00Z,Pre-Game,9,Gavin Williams,668909,R,37.0,Longshot,Watch List,Platoon Edge,11.8,54.4,40.7,44.8,80.0,10.1,Yes,Yes,9,Yes,No,MLB Stats API; RotoWire,,H:2026/2025 P:2026/2025,,,Direct BvP not yet weighted; 2026/2025 Statcast baseline active,7,3,16,0,"Last 7 games: 3/16, 0 HR","platoon edge; pitcher baseline 10.7% barrel, 25.8 HR allowed",neutral batted-ball profile; pitcher fly-ball pressure modest,2.37,33.65,88.15,98.8125,0.2963,0.0756,0.2524,71.1,12.64,33.3,19.57,5.4,0.1001,10.68,45.84,90.19,0.3973,0.1747,25.79,R To L,64,Kauffman Stadium,
155,683953,Travis Bazzana,CLE,KC,2026-09-25T23:40:00Z,Pre-Game,7,Noah Cameron,702070,L,36.9,Longshot,Watch List,No major boost,20.7,39.7,40.7,64.3,50.0,18.3,Yes,Yes,7,Yes,No,MLB Stats API; RotoWire,,H:2026 P:2026/2025,,,Direct BvP not yet weighted; 2026/2025 Statcast baseline active,7,2,23,1,"Last 7 games: 2/23, 1 HR","same-side matchup; pitcher baseline 7.6% barrel, 18.7 HR allowed",neutral batted-ball profile; pitcher fly-ball pressure modest,5.1,36.5,87.7,98.312,0.346,0.121,0.3,69.6,12.0,38.7,28.3,15.0,0.158,7.63,37.61,88.53,0.4054,0.1604,27.36,R To L,64,Kauffman Stadium,
156,643376,Danny Jansen,TEX,MIN,2026-09-26T00:10:00Z,Pre-Game,9,Joe Ryan,657746,R,36.8,Longshot,Watch List,No major boost,22.0,52.0,37.6,44.8,50.0,13.6,Yes,Yes,9,Yes,No,MLB Stats API; RotoWire,,H:2026/2025 P:2026/2025,,,Direct BvP not yet weighted; 2026/2025 Statcast baseline active,7,4,19,0,"Last 7 games: 4/19, 0 HR","same-side matchup; pitcher baseline 10.5% barrel, 22.5 HR allowed",neutral batted-ball profile; pitcher allows elevated contact,6.7,34.66,87.53,97.7927,0.3157,0.1283,0.2755,69.85,6.53,53.98,29.05,8.4,0.1637,10.52,40.99,89.64,0.3977,0.174,30.45,In From RF,69,Target Field,
157,691026,Masyn Winn,STL,MIL,2026-09-25T23:40:00Z,Pre-Game,7,Robert Gasser,688107,L,36.7,Longshot,Watch List,Platoon Edge,15.7,38.3,41.1,64.3,78.0,2.0,Yes,Yes,7,Yes,No,MLB Stats API; RotoWire,,H:2026/2025 P:2026/2025,,,Direct BvP not yet weighted; 2026/2025 Statcast baseline active,7,2,15,0,"Last 7 games: 2/15, 0 HR","platoon edge; pitcher baseline 8.6% barrel, 10.1 HR allowed",neutral batted-ball profile; pitcher fly-ball pressure modest,3.75,34.67,88.23,98.5872,0.3344,0.0909,0.293,71.24,15.91,32.67,22.09,6.2,0.0932,8.58,36.7,88.27,0.3988,0.1614,25.7,None,72,American Family Field,
158,669236,Jeremiah Jackson,BAL,NYY,2026-09-25T20:10:00Z,Scheduled,7,Ryan Yarbrough,642232,L,36.2,Longshot,Watch List,"Projected Lineup, Platoon Edge",33.2,13.4,38.2,59.8,78.0,19.1,No,No,7,Yes,Yes,RotoWire projected lineup; MLB probable pitchers,lineup projected / unconfirmed,H:2026/2025 P:2026/2025,,,Direct BvP not yet weighted; 2026/2025 Statcast baseline active,7,3,24,1,"Last 7 games: 3/24, 1 HR","platoon edge; pitcher baseline 4.7% barrel, 6.0 HR allowed",neutral batted-ball profile; pitcher fly-ball pressure modest,7.64,40.47,89.55,100.3681,0.3881,0.1552,0.2847,72.74,27.59,39.23,24.35,7.8,0.1507,4.73,27.91,84.49,0.3541,0.1163,29.37,,,Yankee Stadium,
159,686217,Sal Frelick,MIL,STL,2026-09-25T23:40:00Z,Pre-Game,8,Michael McGreevy,700241,R,36.2,Longshot,Watch List,Platoon Edge,5.6,52.2,41.1,52.4,80.0,22.0,Yes,Yes,8,Yes,No,MLB Stats API; RotoWire,,H:2026/2025 P:2026/2025,,,Direct BvP not yet weighted; 2026/2025 Statcast baseline active,7,4,15,0,"Last 7 games: 4/15, 0 HR","platoon edge; pitcher baseline 9.2% barrel, 18.3 HR allowed",neutral batted-ball profile; pitcher fly-ball pressure modest,2.54,27.26,85.64,96.2996,0.3278,0.0833,0.2864,68.24,3.76,39.67,21.11,6.4,0.0974,9.15,40.73,90.01,0.4689,0.19,26.76,None,72,American Family Field,
160,695681,Christian Moore,LAA,SEA,2026-09-26T02:10:00Z,Pre-Game,9,Bryce Miller,682243,R,36.2,Longshot,Watch List,Projected Lineup,26.8,43.2,38.9,40.2,50.0,21.1,No,No,9,Yes,Yes,RotoWire projected lineup; MLB probable pitchers,lineup projected / unconfirmed,H:2026/2025 P:2026/2025,,,Direct BvP not yet weighted; 2026/2025 Statcast baseline active,7,6,23,0,"Last 7 games: 6/23, 0 HR","same-side matchup; pitcher baseline 8.3% barrel, 19.1 HR allowed",neutral batted-ball profile; pitcher allows elevated contact,8.3,38.05,88.27,99.6624,0.3093,0.1168,0.2505,72.07,25.57,25.45,28.13,2.8,0.102,8.28,36.98,88.83,0.4066,0.1673,31.3,None,72,T-Mobile Park,
161,666152,David Hamilton,MIL,STL,2026-09-25T23:40:00Z,Pre-Game,9,Michael McGreevy,700241,R,36.1,Longshot,Watch List,Platoon Edge,10.0,52.2,41.1,44.8,80.0,12.0,Yes,Yes,9,Yes,No,MLB Stats API; RotoWire,,H:2026/2025 P:2026/2025,,,Direct BvP not yet weighted; 2026/2025 Statcast baseline active,7,3,15,0,"Last 7 games: 3/15, 0 HR","platoon edge; pitcher baseline 9.2% barrel, 18.3 HR allowed",neutral batted-ball profile; pitcher fly-ball pressure modest,3.97,27.38,86.67,96.6809,0.3099,0.0918,0.2677,69.66,6.52,35.53,24.69,4.6,0.1021,9.15,40.73,90.01,0.4689,0.19,26.76,None,72,American Family Field,
162,642215,Weston Wilson,SEA,LAA,2026-09-26T02:10:00Z,Pre-Game,8,Reid Detmers,672282,L,36.1,Longshot,Watch List,Platoon Edge,20.3,38.5,38.9,52.4,78.0,0.0,Yes,Yes,8,Yes,No,MLB Stats API; RotoWire,,H:2026/2025 P:2026/2025,,,Direct BvP not yet weighted; 2026/2025 Statcast baseline active,7,1,12,0,"Last 7 games: 1/12, 0 HR","platoon edge; pitcher baseline 7.8% barrel, 15.1 HR allowed",neutral batted-ball profile; pitcher fly-ball pressure modest,5.89,35.61,86.39,98.126,0.3262,0.1151,0.2789,72.64,26.54,46.57,26.62,4.3,0.1269,7.78,39.37,89.89,0.3609,0.139,27.78,None,72,T-Mobile Park,
163,641680,Jonah Heim,ATH,HOU,2026-09-26T01:40:00Z,Pre-Game,9,Hunter Brown,686613,R,35.8,Longshot,Watch List,"Good Environment, Platoon Edge",21.3,19.6,73.9,44.8,75.0,0.0,Yes,Yes,9,Yes,No,MLB Stats API; RotoWire,,H:2026/2025 P:2026/2025,,,Direct BvP not yet weighted; 2026/2025 Statcast baseline active,7,2,21,0,"Last 7 games: 2/21, 0 HR","switch hitter; pitcher baseline 6.0% barrel, 12.8 HR allowed",neutral batted-ball profile; pitcher fly-ball pressure modest,6.03,32.89,87.47,97.6165,0.3551,0.1326,0.2816,69.84,9.45,39.72,27.06,12.4,0.1519,5.97,35.77,86.17,0.3194,0.1164,22.53,Out To CF,82,Sutter Health Park,
164,680757,Steven Kwan,CLE,KC,2026-09-25T23:40:00Z,Pre-Game,1,Noah Cameron,702070,L,35.5,Longshot,Watch List,Premium Lineup Spot,2.8,39.7,40.7,93.2,50.0,28.2,Yes,Yes,1,Yes,No,MLB Stats API; RotoWire,,H:2026/2025 P:2026/2025,,,Direct BvP not yet weighted; 2026/2025 Statcast baseline active,7,8,26,0,"Last 7 games: 8/26, 0 HR","same-side matchup; pitcher baseline 7.6% barrel, 18.7 HR allowed",neutral batted-ball profile; pitcher fly-ball pressure modest,0.85,13.14,84.52,92.7982,0.3499,0.0734,0.3226,62.73,0.31,28.02,23.51,5.4,0.0754,7.63,37.61,88.53,0.4054,0.1604,27.36,R To L,64,Kauffman Stadium,
165,691783,Jordan Lawlar,AZ,SD,2026-09-26T01:40:00Z,Pre-Game,9,Casey Mize,663554,R,35.3,Longshot,Watch List,No major boost,24.0,43.8,37.1,44.8,50.0,10.1,Yes,,,No,Yes,MLB Stats API; RotoWire,not found on RotoWire,H:2026/2025 P:2026/2025,,,Direct BvP not yet weighted; 2026/2025 Statcast baseline active,7,3,16,0,"Last 7 games: 3/16, 0 HR","same-side matchup; pitcher baseline 8.4% barrel, 16.8 HR allowed",neutral batted-ball profile; pitcher allows elevated contact,6.72,31.23,87.7,98.2623,0.3689,0.1383,0.2964,70.23,8.5,49.68,32.73,3.5,0.1634,8.43,39.77,89.37,0.3938,0.1588,30.6,In From LF,75,Petco Park,
166,691788,Joe Mack,MIA,ATL,2026-09-25T23:10:00Z,Warmup,8,Ray Kerr,678061,L,34.9,Longshot,Watch List,No major boost,32.8,26.7,35.0,52.4,50.0,12.0,Yes,Yes,8,Yes,No,MLB Stats API; RotoWire,,H:2026 P:2026,,,Direct BvP not yet weighted; 2026/2025 Statcast baseline active,7,4,20,0,"Last 7 games: 4/20, 0 HR","same-side matchup; pitcher baseline 7.3% barrel, 2.0 HR allowed",neutral batted-ball profile; pitcher fly-ball pressure modest,8.0,37.8,88.7,99.4508,0.384,0.162,0.285,74.2,43.2,47.1,24.4,13.0,0.159,7.3,34.1,88.7,0.353,0.134,19.5,None,72,loanDepot park,
167,595978,Austin Hedges,CLE,KC,2026-09-25T23:40:00Z,Pre-Game,8,Noah Cameron,702070,L,34.3,Longshot,Watch List,Platoon Edge,11.4,39.7,40.7,52.4,78.0,10.6,Yes,Yes,8,Yes,No,MLB Stats API; RotoWire,,H:2026/2025 P:2026/2025,,,Direct BvP not yet weighted; 2026/2025 Statcast baseline active,7,4,21,0,"Last 7 games: 4/21, 0 HR","platoon edge; pitcher baseline 7.6% barrel, 18.7 HR allowed",neutral batted-ball profile; pitcher fly-ball pressure modest,3.89,32.06,86.59,97.7268,0.3015,0.0909,0.2693,69.82,9.95,47.88,23.87,5.0,0.1181,7.63,37.61,88.53,0.4054,0.1604,27.36,R To L,64,Kauffman Stadium,
168,677587,Brayan Rocchio,CLE,KC,2026-09-25T23:40:00Z,Pre-Game,9,Noah Cameron,702070,L,34.0,Longshot,Watch List,Platoon Edge,13.5,37.7,40.7,44.8,75.0,27.7,Yes,Yes,9,Yes,No,MLB Stats API; RotoWire,,H:2026/2025 P:2026/2025,,,Direct BvP not yet weighted; 2026/2025 Statcast baseline active,7,7,23,0,"Last 7 games: 7/23, 0 HR","switch hitter; pitcher baseline 7.6% barrel, 18.7 HR allowed",neutral batted-ball profile; pitcher fly-ball pressure modest,3.02,31.51,87.3,97.2135,0.351,0.1053,0.2936,69.86,6.52,43.57,25.23,10.6,0.121,7.63,37.61,88.53,0.4054,0.1604,27.36,R To L,64,Kauffman Stadium,
169,695720,Tommy White,ATH,HOU,2026-09-26T01:40:00Z,Pre-Game,8,Hunter Brown,686613,R,34.0,Longshot,Watch List,Good Environment,17.7,20.9,73.9,52.4,50.0,3.4,Yes,Yes,8,Yes,No,MLB Stats API; RotoWire,,H:2026 P:2026/2025,,,Direct BvP not yet weighted; 2026/2025 Statcast baseline active,7,2,14,0,"Last 7 games: 2/14, 0 HR","same-side matchup; pitcher baseline 6.0% barrel, 12.8 HR allowed",neutral batted-ball profile; pitcher fly-ball pressure modest,6.7,32.0,85.7,97.1041,0.378,0.114,0.291,69.3,12.7,28.7,22.7,3.0,0.078,5.97,35.77,86.17,0.3194,0.1164,22.53,Out To CF,82,Sutter Health Park,
170,645305,Ali Sanchez,NYY,BAL,2026-09-25T20:10:00Z,Scheduled,8,Brandon Young,687064,R,33.7,Longshot,Watch List,Projected Lineup,15.8,43.0,38.2,47.9,50.0,23.7,No,Yes,8,Yes,Yes,RotoWire projected lineup; MLB probable pitchers,lineup projected / unconfirmed,H:2026/2025 P:2026/2025,,,Direct BvP not yet weighted; 2026/2025 Statcast baseline active,7,5,18,0,"Last 7 games: 5/18, 0 HR","same-side matchup; pitcher baseline 7.8% barrel, 19.0 HR allowed",neutral batted-ball profile; pitcher fly-ball pressure modest,7.59,32.17,85.08,96.5511,0.3309,0.0987,0.2529,70.21,8.26,39.17,18.09,0.7,0.0681,7.82,40.24,89.26,0.4117,0.1637,26.66,,,Yankee Stadium,
171,691858,Jared Serna,MIA,ATL,2026-09-25T23:10:00Z,Warmup,9,Ray Kerr,678061,L,33.5,Longshot,Watch List,Platoon Edge,25.8,26.7,35.0,44.8,78.0,0.0,Yes,Yes,9,Yes,No,MLB Stats API; RotoWire,,H:2026 P:2026,,,Direct BvP not yet weighted; 2026/2025 Statcast baseline active,7,1,9,0,"Last 7 games: 1/9, 0 HR","platoon edge; pitcher baseline 7.3% barrel, 2.0 HR allowed",neutral batted-ball profile; pitcher fly-ball pressure modest,7.1,50.0,88.9,99.7559,0.227,0.065,0.206,71.2,9.5,35.7,7.1,0.0,0.1,7.3,34.1,88.7,0.353,0.134,19.5,None,72,loanDepot park,
172,681047,Christian Franklin,BAL,NYY,2026-09-25T20:10:00Z,Scheduled,8,Ryan Yarbrough,642232,L,32.1,Longshot,Watch List,"Projected Lineup, Strong Barrel, Platoon Edge",27.9,13.4,38.2,47.9,78.0,4.5,No,Yes,8,Yes,Yes,RotoWire projected lineup; MLB probable pitchers,lineup projected / unconfirmed,H:2026 P:2026/2025,,,Direct BvP not yet weighted; 2026/2025 Statcast baseline active,7,3,20,0,"Last 7 games: 3/20, 0 HR","platoon edge; pitcher baseline 4.7% barrel, 6.0 HR allowed",neutral batted-ball profile; pitcher fly-ball pressure modest,10.7,39.3,84.7,98.4261,0.307,0.143,0.292,74.2,44.4,14.3,17.9,0.0,0.05,4.73,27.91,84.49,0.3541,0.1163,29.37,,,Yankee Stadium,
173,683766,Christian Koss,SF,LAD,2026-09-26T02:15:00Z,Pre-Game,9,Tarik Skubal,669373,L,31.8,Longshot,Watch List,Platoon Edge,9.3,27.7,57.8,44.8,78.0,2.5,Yes,Yes,9,Yes,No,MLB Stats API; RotoWire,,H:2026/2025 P:2026/2025,,,Direct BvP not yet weighted; 2026/2025 Statcast baseline active,7,3,22,0,"Last 7 games: 3/22, 0 HR","platoon edge; pitcher baseline 7.3% barrel, 15.2 HR allowed",neutral batted-ball profile; pitcher fly-ball pressure modest,4.67,29.12,85.01,97.1908,0.3243,0.0949,0.2655,69.51,6.07,38.23,18.91,3.7,0.0963,7.26,34.75,86.87,0.3447,0.1212,25.27,Out To CF,61,Oracle Park,
174,665966,Carlos Narvaez,BAL,NYY,2026-09-25T20:10:00Z,Scheduled,9,Ryan Yarbrough,642232,L,31.5,Longshot,Watch List,"Projected Lineup, Platoon Edge",30.0,13.4,38.2,40.2,78.0,0.0,No,No,9,Yes,Yes,RotoWire projected lineup; MLB probable pitchers,lineup projected / unconfirmed,H:2026/2025 P:2026/2025,,,Direct BvP not yet weighted; 2026/2025 Statcast baseline active,7,1,13,0,"Last 7 games: 1/13, 0 HR","platoon edge; pitcher baseline 4.7% barrel, 6.0 HR allowed",neutral batted-ball profile; pitcher fly-ball pressure modest,7.0,39.0,90.89,99.9614,0.3243,0.1256,0.2685,72.09,19.95,32.93,29.75,6.6,0.0996,4.73,27.91,84.49,0.3541,0.1163,29.37,,,Yankee Stadium,
175,691277,Deyvison De Los Santos,MIA,ATL,2026-09-25T23:10:00Z,Warmup,7,Ray Kerr,678061,L,30.8,Longshot,Watch List,Platoon Edge,9.3,26.7,35.0,64.3,78.0,0.0,Yes,Yes,7,Yes,No,MLB Stats API; RotoWire,,H:2026 P:2026,,,Direct BvP not yet weighted; 2026/2025 Statcast baseline active,7,1,18,0,"Last 7 games: 1/18, 0 HR","platoon edge; pitcher baseline 7.3% barrel, 2.0 HR allowed",neutral batted-ball profile; pitcher fly-ball pressure modest,4.8,14.3,83.4,93.9064,0.194,0.051,0.165,76.4,63.6,33.3,23.8,0.0,0.066,7.3,34.1,88.7,0.353,0.134,19.5,None,72,loanDepot park,
176,660844,Leo Rivas,SEA,LAA,2026-09-26T02:10:00Z,Pre-Game,9,Reid Detmers,672282,L,30.8,Longshot,Watch List,Platoon Edge,5.2,36.9,38.9,44.8,75.0,28.2,Yes,Yes,9,Yes,No,MLB Stats API; RotoWire,,H:2026/2025 P:2026/2025,,,Direct BvP not yet weighted; 2026/2025 Statcast baseline active,7,4,13,0,"Last 7 games: 4/13, 0 HR","switch hitter; pitcher baseline 7.8% barrel, 15.1 HR allowed",neutral batted-ball profile; pitcher fly-ball pressure modest,1.74,17.04,86.51,93.8663,0.2471,0.0686,0.2642,65.9,1.16,44.68,30.44,0.6,0.0561,7.78,39.37,89.89,0.3609,0.139,27.78,None,72,T-Mobile Park,
177,669392,Samad Taylor,SD,AZ,2026-09-26T01:40:00Z,Pre-Game,9,Brandon Pfaadt,694297,R,30.2,Longshot,Watch List,No major boost,1.6,43.0,37.1,44.8,50.0,60.3,Yes,Yes,9,Yes,No,MLB Stats API; RotoWire,,H:2026/2025 P:2026/2025,,,Direct BvP not yet weighted; 2026/2025 Statcast baseline active,7,8,20,1,Contact streak: 8/20 over last 7 games,"same-side matchup; pitcher baseline 8.4% barrel, 17.6 HR allowed",neutral batted-ball profile; pitcher fly-ball pressure modest,2.66,19.78,82.35,93.8594,0.2986,0.0654,0.2719,68.81,3.78,30.81,16.42,1.4,0.0679,8.45,38.24,89.26,0.4233,0.1645,23.48,In From LF,75,Petco Park,
178,676609,Jose Caballero,NYY,BAL,2026-09-25T20:10:00Z,Scheduled,9,Brandon Young,687064,R,29.5,Longshot,Watch List,Projected Lineup,9.1,43.0,38.2,40.2,50.0,7.0,No,Yes,9,Yes,Yes,RotoWire projected lineup; MLB probable pitchers,lineup projected / unconfirmed,H:2026/2025 P:2026/2025,,,Direct BvP not yet weighted; 2026/2025 Statcast baseline active,7,3,18,0,"Last 7 games: 3/18, 0 HR","same-side matchup; pitcher baseline 7.8% barrel, 19.0 HR allowed",neutral batted-ball profile; pitcher fly-ball pressure modest,4.71,27.17,84.46,96.3647,0.3348,0.1094,0.2841,68.89,7.91,41.67,21.24,11.3,0.1278,7.82,40.24,89.26,0.4117,0.1637,26.66,,,Yankee Stadium,
179,814154,Scott Bandura,SF,LAD,2026-09-26T02:15:00Z,Pre-Game,8,Tarik Skubal,669373,L,28.6,Longshot,Watch List,No major boost,2.5,27.7,57.8,52.4,50.0,12.0,Yes,Yes,8,Yes,No,MLB Stats API; RotoWire,,H:2026 P:2026/2025,,,Direct BvP not yet weighted; 2026/2025 Statcast baseline active,7,3,15,0,"Last 7 games: 3/15, 0 HR","same-side matchup; pitcher baseline 7.3% barrel, 15.2 HR allowed",neutral batted-ball profile; pitcher fly-ball pressure modest,0.0,22.2,79.0,87.2451,0.139,0.03,0.135,69.6,9.1,44.4,22.2,0.0,0.048,7.26,34.75,86.87,0.3447,0.1212,25.27,Out To CF,61,Oracle Park,
180,687363,Victor Scott II,STL,MIL,2026-09-25T23:40:00Z,Pre-Game,9,Robert Gasser,688107,L,27.7,Longshot,Watch List,No major boost,4.9,38.3,41.1,44.8,50.0,0.0,Yes,Yes,9,Yes,No,MLB Stats API; RotoWire,,H:2026/2025 P:2026/2025,,,Direct BvP not yet weighted; 2026/2025 Statcast baseline active,7,0,5,0,"Last 7 games: 0/5, 0 HR","same-side matchup; pitcher baseline 8.6% barrel, 10.1 HR allowed",neutral batted-ball profile; pitcher fly-ball pressure modest,2.23,24.6,86.66,96.4004,0.3011,0.0793,0.2758,68.65,4.15,36.19,19.47,2.9,0.0674,8.58,36.7,88.27,0.3988,0.1614,25.7,None,72,American Family Field,
