rank,hitter_id,player,team,opponent,game_start_time,game_status,batting_order,pitcher,pitcher_id,pitcher_hand,hr_score,tier,play_type,reason_tags,power_score,pitcher_score,environment_score,lineup_score,platoon_score,recent_form_score,confirmed_lineup,rotowire_confirmed_lineup,rotowire_batting_order,rotowire_player_found,lineup_disagreement,lineup_sources_used,source_warnings,stat_years_used,bvp_pa,bvp_hr,bvp_note,recent_games,recent_hits,recent_abs,recent_hr,recent_form_note,split_matchup_note,pitch_mix_note,barrel_pct,hard_hit_pct,avg_exit_velocity,ev50,xslg,xiso,xwoba,bat_speed,fast_swing_pct,pull_pct,fb_pct,hr_total,iso,pitcher_barrel_pct_allowed,pitcher_hard_hit_pct_allowed,pitcher_avg_exit_velocity_allowed,pitcher_xslg_allowed,pitcher_xiso_allowed,pitcher_fb_pct_allowed,wind_direction,weather_temp,ballpark,odds
1,656941,Kyle Schwarber,PHI,WSH,2026-08-06T22:05:00Z,Scheduled,1,Miles Mikolas,571945,R,64.9,Tier 3,Watch List,"Projected Lineup, Elite Power, Strong Barrel, Premium Lineup Spot, Platoon Edge",77.0,61.4,34.3,88.7,80.0,0.0,No,No,1,Yes,Yes,RotoWire projected lineup; MLB probable pitchers,lineup projected / unconfirmed,H:2026/2025 P:2026/2025,,,Direct BvP not yet weighted; 2026/2025 Statcast baseline active,7,1,21,0,"Last 7 games: 1/21, 0 HR","platoon edge; pitcher baseline 10.5% barrel, 26.9 HR allowed",lift-pull EV profile; pitcher fly-ball pressure modest,18.42,54.49,93.6,104.6005,0.5152,0.2756,0.3765,77.09,75.21,54.49,33.6,39.9,0.2936,10.46,42.78,89.79,0.5078,0.2263,28.21,,,Citizens Bank Park,
2,624413,Pete Alonso,BAL,LAA,2026-08-06T16:35:00Z,Pre-Game,2,Ryan Johnson,696270,R,63.9,Tier 3,Watch List,"Projected Lineup, Strong Barrel, Good Environment, Premium Lineup Spot",68.7,44.2,75.1,95.5,50.0,30.3,No,No,2,Yes,Yes,RotoWire projected lineup; MLB probable pitchers,lineup projected / unconfirmed,H:2026/2025 P:2026/2025,,,Direct BvP not yet weighted; 2026/2025 Statcast baseline active,7,5,25,1,"Last 7 games: 5/25, 1 HR","same-side matchup; pitcher baseline 9.3% barrel, 9.6 HR allowed",EV profile; pitcher allows elevated contact,14.56,54.75,93.78,104.1044,0.5286,0.2563,0.3783,74.78,48.86,36.36,30.53,27.5,0.2233,9.27,35.93,87.33,0.4472,0.1868,32.34,Out To CF,88,Oriole Park at Camden Yards,
3,665487,Fernando Tatis,SD,AZ,2026-08-07T01:40:00Z,Scheduled,1,Kohl Drake,684442,L,62.6,Tier 3,Watch List,"Projected Lineup, Strong Barrel, Pitcher Vulnerable, Premium Lineup Spot, Platoon Edge",50.9,86.1,28.2,88.7,78.0,29.2,No,No,1,Yes,Yes,RotoWire projected lineup; MLB probable pitchers,lineup projected / unconfirmed,H:2026/2025 P:2026,,,Direct BvP not yet weighted; 2026/2025 Statcast baseline active,7,5,26,1,"Last 7 games: 5/26, 1 HR","platoon edge; pitcher baseline 15.0% barrel, 3.0 HR allowed",EV profile; pitcher allows elevated contact,10.65,52.43,92.53,104.3003,0.4551,0.175,0.3588,75.44,57.49,33.4,21.73,13.8,0.1388,15.0,52.5,91.7,0.594,0.295,40.0,,,Chase Field,
4,687952,Christian Encarnacion-Strand,BAL,LAA,2026-08-06T16:35:00Z,Pre-Game,4,Ryan Johnson,696270,R,61.8,Tier 3,Watch List,"Projected Lineup, Strong Barrel, Good Environment, Premium Lineup Spot",68.5,44.2,75.1,90.4,50.0,3.4,No,No,4,Yes,Yes,RotoWire projected lineup; MLB probable pitchers,lineup projected / unconfirmed,H:2026/2025 P:2026/2025,,,Direct BvP not yet weighted; 2026/2025 Statcast baseline active,7,3,21,0,"Last 7 games: 3/21, 0 HR","same-side matchup; pitcher baseline 9.3% barrel, 9.6 HR allowed",neutral batted-ball profile; pitcher allows elevated contact,18.24,42.39,91.89,102.1457,0.5522,0.2962,0.3583,73.46,32.7,41.33,26.5,3.9,0.2369,9.27,35.93,87.33,0.4472,0.1868,32.34,Out To CF,88,Oriole Park at Camden Yards,
5,592518,Manny Machado,SD,AZ,2026-08-07T01:40:00Z,Scheduled,3,Kohl Drake,684442,L,61.8,Tier 3,Watch List,"Projected Lineup, Strong Barrel, Pitcher Vulnerable, Premium Lineup Spot, Platoon Edge",50.9,86.1,28.2,92.1,78.0,5.1,No,No,3,Yes,Yes,RotoWire projected lineup; MLB probable pitchers,lineup projected / unconfirmed,H:2026/2025 P:2026,,,Direct BvP not yet weighted; 2026/2025 Statcast baseline active,7,4,26,0,"Last 7 games: 4/26, 0 HR","platoon edge; pitcher baseline 15.0% barrel, 3.0 HR allowed",neutral batted-ball profile; pitcher allows elevated contact,11.43,46.67,91.29,101.8969,0.4502,0.2023,0.3354,74.64,44.58,41.06,28.92,24.2,0.206,15.0,52.5,91.7,0.594,0.295,40.0,,,Chase Field,
6,545361,Mike Trout,LAA,BAL,2026-08-06T16:35:00Z,Pre-Game,2,Brandon Young,687064,R,61.7,Tier 3,Watch List,"Strong Barrel, Good Environment, Premium Lineup Spot",64.1,41.8,75.1,100.0,50.0,15.3,Yes,Yes,2,Yes,No,MLB Stats API; RotoWire,,H:2026/2025 P:2026/2025,,,Direct BvP not yet weighted; 2026/2025 Statcast baseline active,7,6,27,0,"Last 7 games: 6/27, 0 HR","same-side matchup; pitcher baseline 7.5% barrel, 11.3 HR allowed",neutral batted-ball profile; pitcher fly-ball pressure modest,16.64,48.32,90.48,103.2477,0.5006,0.2502,0.3804,74.77,49.1,38.61,32.82,20.4,0.2049,7.54,41.71,89.4,0.4159,0.163,27.71,Out To CF,88,Oriole Park at Camden Yards,
7,664034,Ty France,SD,AZ,2026-08-07T01:40:00Z,Scheduled,4,Kohl Drake,684442,L,60.8,Tier 3,Watch List,"Projected Lineup, Pitcher Vulnerable, Premium Lineup Spot, Platoon Edge",44.7,86.1,28.2,90.4,78.0,30.0,No,No,4,Yes,Yes,RotoWire projected lineup; MLB probable pitchers,lineup projected / unconfirmed,H:2026/2025 P:2026,,,Direct BvP not yet weighted; 2026/2025 Statcast baseline active,7,8,25,0,Contact streak: 8/25 over last 7 games,"platoon edge; pitcher baseline 15.0% barrel, 3.0 HR allowed",neutral batted-ball profile; pitcher allows elevated contact,9.87,47.91,91.39,101.376,0.4376,0.1807,0.3301,71.7,18.76,36.29,24.27,13.3,0.1933,15.0,52.5,91.7,0.594,0.295,40.0,,,Chase Field,
8,621566,Matt Olson,ATL,MIA,2026-08-06T23:15:00Z,Scheduled,3,Janson Junk,676083,R,60.7,Tier 3,Watch List,"Projected Lineup, Strong Barrel, Premium Lineup Spot, Platoon Edge, Hot Hitter/Streak",65.5,42.5,30.9,92.1,80.0,83.2,No,No,3,Yes,Yes,RotoWire projected lineup; MLB probable pitchers,lineup projected / unconfirmed,H:2026/2025 P:2026/2025,,,Direct BvP not yet weighted; 2026/2025 Statcast baseline active,7,8,26,4,Hot streak: 4 HR in last 7 games,"platoon edge; pitcher baseline 7.5% barrel, 10.1 HR allowed",lift-pull EV profile; pitcher fly-ball pressure modest,14.54,51.13,92.67,103.8105,0.506,0.258,0.3593,74.53,47.26,38.28,32.57,30.4,0.2554,7.52,42.82,90.55,0.4194,0.1599,23.57,,,Truist Park,
9,701398,Sal Stewart,CIN,ATH,2026-08-06T16:40:00Z,Pre-Game,2,Mason Barnett,686930,R,60.6,Tier 3,Watch List,"Strong Barrel, Premium Lineup Spot",61.5,38.5,63.8,100.0,50.0,59.1,Yes,Yes,2,Yes,No,MLB Stats API; RotoWire,,H:2026/2025 P:2026/2025,,,Direct BvP not yet weighted; 2026/2025 Statcast baseline active,7,7,26,2,Hot streak: 2 HR in last 7 games,"same-side matchup; pitcher baseline 8.3% barrel, 4.4 HR allowed",neutral batted-ball profile; pitcher allows elevated contact,15.31,43.61,91.97,101.617,0.5187,0.2575,0.3639,72.31,27.28,38.43,32.37,18.3,0.2424,8.35,39.42,88.92,0.3787,0.1502,31.13,R To L,84,Great American Ball Park,
10,547180,Bryce Harper,PHI,WSH,2026-08-06T22:05:00Z,Scheduled,3,Miles Mikolas,571945,R,60.5,Tier 3,Watch List,"Projected Lineup, Strong Barrel, Premium Lineup Spot, Platoon Edge",53.7,61.4,34.3,92.1,80.0,56.2,No,No,3,Yes,Yes,RotoWire projected lineup; MLB probable pitchers,lineup projected / unconfirmed,H:2026/2025 P:2026/2025,,,Direct BvP not yet weighted; 2026/2025 Statcast baseline active,7,6,24,2,Hot streak: 2 HR in last 7 games,"platoon edge; pitcher baseline 10.5% barrel, 26.9 HR allowed",neutral batted-ball profile; pitcher fly-ball pressure modest,11.88,45.75,90.6,102.0565,0.5053,0.2331,0.382,74.31,46.55,38.05,27.8,24.9,0.2386,10.46,42.78,89.79,0.5078,0.2263,28.21,,,Citizens Bank Park,
11,677800,Wilyer Abreu,BOS,CWS,2026-08-06T23:10:00Z,Scheduled,3,Luis Castillo,622491,R,59.3,Longshot,Watch List,"Projected Lineup, Strong Barrel, Premium Lineup Spot, Platoon Edge, Hot Hitter/Streak",54.3,54.0,28.7,92.1,80.0,79.9,No,No,3,Yes,Yes,RotoWire projected lineup; MLB probable pitchers,lineup projected / unconfirmed,H:2026/2025 P:2026/2025,,,Direct BvP not yet weighted; 2026/2025 Statcast baseline active,7,8,28,5,Hot streak: 5 HR in last 7 games,"platoon edge; pitcher baseline 9.9% barrel, 18.1 HR allowed",fly-ball profile; pitcher fly-ball pressure modest,12.79,43.22,90.17,101.282,0.4834,0.2292,0.3462,73.89,38.52,37.06,37.87,20.6,0.2108,9.91,43.11,90.23,0.4418,0.1814,27.93,,,Fenway Park,
12,701538,Jackson Merrill,SD,AZ,2026-08-07T01:40:00Z,Scheduled,5,Kohl Drake,684442,L,58.7,Longshot,Watch List,"Projected Lineup, Strong Barrel, Pitcher Vulnerable",47.4,86.1,28.2,81.9,50.0,44.8,No,No,5,Yes,Yes,RotoWire projected lineup; MLB probable pitchers,lineup projected / unconfirmed,H:2026/2025 P:2026,,,Direct BvP not yet weighted; 2026/2025 Statcast baseline active,7,8,27,1,"Last 7 games: 8/27, 1 HR","same-side matchup; pitcher baseline 15.0% barrel, 3.0 HR allowed",neutral batted-ball profile; pitcher allows elevated contact,11.25,45.21,89.91,100.4716,0.4578,0.2018,0.3295,72.88,27.05,37.35,28.66,16.0,0.1671,15.0,52.5,91.7,0.594,0.295,40.0,,,Chase Field,
13,682829,Elly De La Cruz,CIN,ATH,2026-08-06T16:40:00Z,Pre-Game,1,Mason Barnett,686930,R,58.6,Longshot,Watch List,"Strong Barrel, Premium Lineup Spot, Platoon Edge",57.2,38.0,63.8,93.2,75.0,24.0,Yes,Yes,1,Yes,No,MLB Stats API; RotoWire,,H:2026/2025 P:2026/2025,,,Direct BvP not yet weighted; 2026/2025 Statcast baseline active,7,7,25,0,"Last 7 games: 7/25, 0 HR","switch hitter; pitcher baseline 8.3% barrel, 4.4 HR allowed",EV profile; pitcher allows elevated contact,13.31,49.87,93.17,104.1702,0.4681,0.1996,0.3549,75.17,52.44,35.45,25.1,19.2,0.2068,8.35,39.42,88.92,0.3787,0.1502,31.13,R To L,84,Great American Ball Park,
14,695506,Jac Caglianone,KC,MIN,2026-08-06T23:40:00Z,Scheduled,3,Bailey Ober,641927,R,58.2,Longshot,Watch List,"Projected Lineup, Strong Barrel, Premium Lineup Spot, Platoon Edge",58.4,50.4,23.2,92.1,80.0,65.2,No,No,3,Yes,Yes,RotoWire projected lineup; MLB probable pitchers,lineup projected / unconfirmed,H:2026/2025 P:2026/2025,,,Direct BvP not yet weighted; 2026/2025 Statcast baseline active,7,9,29,2,Hot streak: 2 HR in last 7 games,"platoon edge; pitcher baseline 10.1% barrel, 18.8 HR allowed",neutral batted-ball profile; pitcher allows elevated contact,13.54,51.5,91.85,104.813,0.473,0.2129,0.342,77.4,75.6,43.58,22.33,14.7,0.1821,10.13,34.55,88.41,0.4515,0.2021,30.71,,,Kauffman Stadium,
15,575929,Willson Contreras,BOS,CWS,2026-08-06T23:10:00Z,Scheduled,4,Luis Castillo,622491,R,56.7,Longshot,Watch List,"Projected Lineup, Strong Barrel, Premium Lineup Spot",60.3,54.0,28.7,90.4,50.0,47.7,No,No,4,Yes,Yes,RotoWire projected lineup; MLB probable pitchers,lineup projected / unconfirmed,H:2026/2025 P:2026/2025,,,Direct BvP not yet weighted; 2026/2025 Statcast baseline active,7,6,19,1,"Last 7 games: 6/19, 1 HR","same-side matchup; pitcher baseline 9.9% barrel, 18.1 HR allowed",neutral batted-ball profile; pitcher fly-ball pressure modest,14.39,46.97,90.67,103.1386,0.5048,0.2408,0.3797,76.77,68.87,44.42,29.47,22.1,0.2334,9.91,43.11,90.23,0.4418,0.1814,27.93,,,Fenway Park,
16,699013,Esmerlyn Valdez,PIT,MIL,2026-08-06T18:10:00Z,Scheduled,4,Dustin May,669160,R,56.4,Longshot,Watch List,"Projected Lineup, Elite Power, Strong Barrel, Premium Lineup Spot",76.5,41.2,27.6,90.4,50.0,0.0,No,No,4,Yes,Yes,RotoWire projected lineup; MLB probable pitchers,lineup projected / unconfirmed,H:2026 P:2026/2025,,,Direct BvP not yet weighted; 2026/2025 Statcast baseline active,7,1,20,0,"Last 7 games: 1/20, 0 HR","same-side matchup; pitcher baseline 7.3% barrel, 11.2 HR allowed",EV profile; pitcher fly-ball pressure modest,24.1,50.6,92.4,103.3798,0.484,0.278,0.35,74.6,49.0,33.3,46.0,14.0,0.347,7.31,45.62,90.25,0.395,0.1455,24.31,,,American Family Field,
17,682626,Francisco Alvarez,NYM,CLE,2026-08-06T17:10:00Z,Pre-Game,5,Foster Griffin,656492,L,56.2,Longshot,Watch List,"Strong Barrel, Platoon Edge",56.5,42.2,54.6,86.4,78.0,2.5,Yes,Yes,5,Yes,No,MLB Stats API; RotoWire,,H:2026/2025 P:2026,,,Direct BvP not yet weighted; 2026/2025 Statcast baseline active,7,3,22,0,"Last 7 games: 3/22, 0 HR","platoon edge; pitcher baseline 9.2% barrel, 19.0 HR allowed",neutral batted-ball profile; pitcher fly-ball pressure modest,15.39,47.44,91.0,102.8247,0.4517,0.2143,0.3358,74.11,43.3,39.92,24.89,11.7,0.1826,9.2,37.6,87.9,0.411,0.16,24.6,L To R,85,Progressive Field,
18,808959,Munetaka Murakami,CWS,BOS,2026-08-06T23:10:00Z,Scheduled,2,Ranger Suarez,624133,L,56.1,Longshot,Watch List,"Projected Lineup, Elite Power, Strong Barrel, Premium Lineup Spot",82.3,16.6,28.7,95.5,50.0,56.2,No,No,2,Yes,Yes,RotoWire projected lineup; MLB probable pitchers,lineup projected / unconfirmed,H:2026 P:2026/2025,,,Direct BvP not yet weighted; 2026/2025 Statcast baseline active,7,7,28,2,Hot streak: 2 HR in last 7 games,"same-side matchup; pitcher baseline 4.9% barrel, 7.7 HR allowed",lift-pull EV profile; pitcher fly-ball pressure modest,19.9,59.0,94.1,104.6938,0.505,0.285,0.367,74.9,51.9,42.8,40.4,24.0,0.295,4.94,32.57,86.5,0.3447,0.1068,22.49,,,Fenway Park,
19,663886,Tyler Stephenson,CIN,ATH,2026-08-06T16:40:00Z,Pre-Game,4,Mason Barnett,686930,R,56.0,Longshot,Watch List,"Strong Barrel, Premium Lineup Spot",51.3,38.5,63.8,94.9,50.0,50.3,Yes,Yes,4,Yes,No,MLB Stats API; RotoWire,,H:2026/2025 P:2026/2025,,,Direct BvP not yet weighted; 2026/2025 Statcast baseline active,7,7,21,1,Contact streak: 7/21 over last 7 games,"same-side matchup; pitcher baseline 8.3% barrel, 4.4 HR allowed",neutral batted-ball profile; pitcher allows elevated contact,12.82,46.68,90.92,100.5747,0.4487,0.2068,0.3382,70.66,7.77,37.71,32.87,10.2,0.1683,8.35,39.42,88.92,0.3787,0.1502,31.13,R To L,84,Great American Ball Park,
20,691723,Coby Mayo,BAL,LAA,2026-08-06T16:35:00Z,Pre-Game,6,Ryan Johnson,696270,R,55.9,Longshot,Watch List,"Projected Lineup, Strong Barrel, Good Environment",49.2,44.2,75.1,71.7,50.0,64.3,No,No,6,Yes,Yes,RotoWire projected lineup; MLB probable pitchers,lineup projected / unconfirmed,H:2026/2025 P:2026/2025,,,Direct BvP not yet weighted; 2026/2025 Statcast baseline active,7,7,23,2,Hot streak: 2 HR in last 7 games,"same-side matchup; pitcher baseline 9.3% barrel, 9.6 HR allowed",fly-ball profile; pitcher allows elevated contact,11.43,45.59,91.01,102.8863,0.3994,0.1887,0.2988,75.33,53.83,49.55,35.09,13.8,0.2088,9.27,35.93,87.33,0.4472,0.1868,32.34,Out To CF,88,Oriole Park at Camden Yards,
21,641343,Jake Bauers,MIL,PIT,2026-08-06T18:10:00Z,Scheduled,3,Braxton Ashcraft,677952,R,55.6,Longshot,Watch List,"Projected Lineup, Strong Barrel, Premium Lineup Spot, Platoon Edge, Hot Hitter/Streak",60.8,30.2,27.6,92.1,80.0,81.2,No,No,3,Yes,Yes,RotoWire projected lineup; MLB probable pitchers,lineup projected / unconfirmed,H:2026/2025 P:2026/2025,,,Direct BvP not yet weighted; 2026/2025 Statcast baseline active,7,10,24,2,Hot streak: 2 HR in last 7 games,"platoon edge; pitcher baseline 5.7% barrel, 12.8 HR allowed",EV profile; pitcher fly-ball pressure modest,13.77,50.71,92.33,103.2496,0.4745,0.2223,0.3638,76.71,71.75,41.18,29.63,16.1,0.2123,5.68,40.11,89.26,0.3567,0.1262,24.9,,,American Family Field,
22,660670,Ronald Acuna,ATL,MIA,2026-08-06T23:15:00Z,Scheduled,2,Janson Junk,676083,R,55.2,Longshot,Watch List,"Projected Lineup, Strong Barrel, Premium Lineup Spot",61.0,42.5,30.9,95.5,50.0,47.5,No,No,2,Yes,Yes,RotoWire projected lineup; MLB probable pitchers,lineup projected / unconfirmed,H:2026/2025 P:2026/2025,,,Direct BvP not yet weighted; 2026/2025 Statcast baseline active,7,5,26,2,Hot streak: 2 HR in last 7 games,"same-side matchup; pitcher baseline 7.5% barrel, 10.1 HR allowed",neutral batted-ball profile; pitcher fly-ball pressure modest,14.79,47.18,90.95,102.8233,0.5035,0.2454,0.3823,75.98,62.39,36.23,28.58,12.6,0.1874,7.52,42.82,90.55,0.4194,0.1599,23.57,,,Truist Park,
23,687263,Zach Neto,LAA,BAL,2026-08-06T16:35:00Z,Pre-Game,4,Brandon Young,687064,R,55.0,Longshot,Watch List,"Strong Barrel, Good Environment, Premium Lineup Spot",48.0,41.8,75.1,94.9,50.0,2.0,Yes,Yes,4,Yes,No,MLB Stats API; RotoWire,,H:2026/2025 P:2026/2025,,,Direct BvP not yet weighted; 2026/2025 Statcast baseline active,7,4,30,0,"Last 7 games: 4/30, 0 HR","same-side matchup; pitcher baseline 7.5% barrel, 11.3 HR allowed",fly-ball profile; pitcher fly-ball pressure modest,12.67,41.98,89.88,100.2312,0.425,0.209,0.3153,71.19,13.27,47.13,35.38,21.1,0.1988,7.54,41.71,89.4,0.4159,0.163,27.71,Out To CF,88,Oriole Park at Camden Yards,
24,683002,Gunnar Henderson,BAL,LAA,2026-08-06T16:35:00Z,Pre-Game,3,Ryan Johnson,696270,R,54.8,Longshot,Watch List,"Projected Lineup, Good Environment, Premium Lineup Spot, Platoon Edge",37.6,44.2,75.1,92.1,80.0,8.1,No,No,3,Yes,Yes,RotoWire projected lineup; MLB probable pitchers,lineup projected / unconfirmed,H:2026/2025 P:2026/2025,,,Direct BvP not yet weighted; 2026/2025 Statcast baseline active,7,4,23,0,"Last 7 games: 4/23, 0 HR","platoon edge; pitcher baseline 9.3% barrel, 9.6 HR allowed",neutral batted-ball profile; pitcher allows elevated contact,7.62,46.19,90.35,101.3941,0.3984,0.1504,0.3179,74.67,47.03,41.01,24.15,17.7,0.1717,9.27,35.93,87.33,0.4472,0.1868,32.34,Out To CF,88,Oriole Park at Camden Yards,
25,596019,Francisco Lindor,NYM,CLE,2026-08-06T17:10:00Z,Pre-Game,1,Foster Griffin,656492,L,54.6,Longshot,Watch List,"Premium Lineup Spot, Platoon Edge",46.4,40.2,54.6,93.2,75.0,33.7,Yes,Yes,1,Yes,No,MLB Stats API; RotoWire,,H:2026/2025 P:2026,,,Direct BvP not yet weighted; 2026/2025 Statcast baseline active,7,6,27,1,"Last 7 games: 6/27, 1 HR","switch hitter; pitcher baseline 9.2% barrel, 19.0 HR allowed",neutral batted-ball profile; pitcher fly-ball pressure modest,9.46,47.13,91.2,100.371,0.4526,0.1968,0.3436,72.02,22.53,44.06,29.74,15.6,0.1878,9.2,37.6,87.9,0.411,0.16,24.6,L To R,85,Progressive Field,
26,686948,Drake Baldwin,ATL,MIA,2026-08-06T23:15:00Z,Scheduled,1,Janson Junk,676083,R,54.3,Longshot,Watch List,"Projected Lineup, Strong Barrel, Premium Lineup Spot, Platoon Edge",58.8,42.5,30.9,88.7,80.0,9.8,No,No,1,Yes,Yes,RotoWire projected lineup; MLB probable pitchers,lineup projected / unconfirmed,H:2026/2025 P:2026/2025,,,Direct BvP not yet weighted; 2026/2025 Statcast baseline active,7,5,27,0,"Last 7 games: 5/27, 0 HR","platoon edge; pitcher baseline 7.5% barrel, 10.1 HR allowed",neutral batted-ball profile; pitcher fly-ball pressure modest,13.52,50.65,91.63,102.3936,0.5038,0.2262,0.3733,75.09,54.06,30.96,24.69,19.7,0.1915,7.52,42.82,90.55,0.4194,0.1599,23.57,,,Truist Park,
27,668709,JJ Bleday,CIN,ATH,2026-08-06T16:40:00Z,Pre-Game,3,Mason Barnett,686930,R,54.2,Longshot,Watch List,"Premium Lineup Spot, Platoon Edge",40.9,38.5,63.8,96.6,80.0,22.8,Yes,Yes,3,Yes,No,MLB Stats API; RotoWire,,H:2026/2025 P:2026/2025,,,Direct BvP not yet weighted; 2026/2025 Statcast baseline active,7,3,20,1,"Last 7 games: 3/20, 1 HR","platoon edge; pitcher baseline 8.3% barrel, 4.4 HR allowed",neutral batted-ball profile; pitcher allows elevated contact,9.83,40.73,88.7,100.0263,0.4241,0.1879,0.3369,73.21,29.54,46.16,32.99,17.5,0.22,8.35,39.42,88.92,0.3787,0.1502,31.13,R To L,84,Great American Ball Park,
28,669065,Kyle Stowers,MIA,ATL,2026-08-06T23:15:00Z,Scheduled,4,Martín Pérez,527048,L,54.1,Longshot,Watch List,"Projected Lineup, Strong Barrel, Premium Lineup Spot",61.0,40.7,30.9,90.4,50.0,48.7,No,No,4,Yes,Yes,RotoWire projected lineup; MLB probable pitchers,lineup projected / unconfirmed,H:2026/2025 P:2026/2025,,,Direct BvP not yet weighted; 2026/2025 Statcast baseline active,7,5,25,2,Hot streak: 2 HR in last 7 games,"same-side matchup; pitcher baseline 8.7% barrel, 9.5 HR allowed",neutral batted-ball profile; pitcher fly-ball pressure modest,14.13,53.33,91.73,103.2123,0.4621,0.2237,0.3407,75.21,54.53,46.13,31.29,18.7,0.2308,8.7,38.14,88.27,0.4234,0.1695,24.69,,,Truist Park,
29,682985,Riley Greene,DET,SEA,2026-08-06T20:10:00Z,Scheduled,4,Bryce Miller,682243,R,54.0,Longshot,Watch List,"Projected Lineup, Strong Barrel, Premium Lineup Spot, Platoon Edge",61.9,36.5,25.4,90.4,80.0,23.4,No,No,4,Yes,Yes,RotoWire projected lineup; MLB probable pitchers,lineup projected / unconfirmed,H:2026/2025 P:2026/2025,,,Direct BvP not yet weighted; 2026/2025 Statcast baseline active,7,4,26,1,"Last 7 games: 4/26, 1 HR","platoon edge; pitcher baseline 7.2% barrel, 13.5 HR allowed",neutral batted-ball profile; pitcher allows elevated contact,15.63,48.16,90.6,102.6432,0.4896,0.2361,0.3565,75.6,57.8,38.91,33.52,22.0,0.1979,7.16,36.7,88.83,0.3769,0.1512,32.0,,,T-Mobile Park,
30,681715,Heriberto Hernandez,MIA,ATL,2026-08-06T23:15:00Z,Scheduled,2,Martín Pérez,527048,L,53.9,Longshot,Watch List,"Projected Lineup, Strong Barrel, Premium Lineup Spot, Platoon Edge",55.1,40.7,30.9,95.5,78.0,18.3,No,No,2,Yes,Yes,RotoWire projected lineup; MLB probable pitchers,lineup projected / unconfirmed,H:2026/2025 P:2026/2025,,,Direct BvP not yet weighted; 2026/2025 Statcast baseline active,7,3,25,1,"Last 7 games: 3/25, 1 HR","platoon edge; pitcher baseline 8.7% barrel, 9.5 HR allowed",neutral batted-ball profile; pitcher fly-ball pressure modest,11.98,48.83,91.32,101.7681,0.4721,0.2236,0.3452,74.35,47.28,45.49,30.97,14.2,0.2126,8.7,38.14,88.27,0.4234,0.1695,24.69,,,Truist Park,
31,695600,Carter Jensen,KC,MIN,2026-08-06T23:40:00Z,Scheduled,1,Bailey Ober,641927,R,53.8,Longshot,Watch List,"Projected Lineup, Strong Barrel, Premium Lineup Spot, Platoon Edge",53.7,50.4,23.2,88.7,80.0,18.3,No,No,1,Yes,Yes,RotoWire projected lineup; MLB probable pitchers,lineup projected / unconfirmed,H:2026/2025 P:2026/2025,,,Direct BvP not yet weighted; 2026/2025 Statcast baseline active,7,3,27,1,"Last 7 games: 3/27, 1 HR","platoon edge; pitcher baseline 10.1% barrel, 18.8 HR allowed",EV profile; pitcher allows elevated contact,13.1,47.31,92.04,102.6882,0.4398,0.1976,0.3315,74.1,39.08,40.16,29.37,11.4,0.2066,10.13,34.55,88.41,0.4515,0.2021,30.71,,,Kauffman Stadium,
32,703607,Henry Bolte,ATH,CIN,2026-08-06T16:40:00Z,Pre-Game,1,Andrew Abbott,671096,L,53.7,Longshot,Watch List,"Premium Lineup Spot, Platoon Edge",35.2,40.2,63.8,93.2,78.0,55.6,Yes,Yes,1,Yes,No,MLB Stats API; RotoWire,,H:2026 P:2026/2025,,,Direct BvP not yet weighted; 2026/2025 Statcast baseline active,7,7,19,1,Contact streak: 7/19 over last 7 games,"platoon edge; pitcher baseline 7.7% barrel, 17.6 HR allowed",neutral batted-ball profile; pitcher fly-ball pressure modest,7.0,48.7,90.6,104.1879,0.35,0.122,0.301,77.1,74.5,31.2,17.8,4.0,0.089,7.65,36.71,89.06,0.4081,0.1597,28.28,R To L,84,Great American Ball Park,
33,677951,Bobby Witt,KC,MIN,2026-08-06T23:40:00Z,Scheduled,2,Bailey Ober,641927,R,53.1,Longshot,Watch List,"Projected Lineup, Strong Barrel, Premium Lineup Spot",57.9,50.4,23.2,95.5,50.0,10.8,No,No,2,Yes,Yes,RotoWire projected lineup; MLB probable pitchers,lineup projected / unconfirmed,H:2026/2025 P:2026/2025,,,Direct BvP not yet weighted; 2026/2025 Statcast baseline active,7,5,26,0,"Last 7 games: 5/26, 0 HR","same-side matchup; pitcher baseline 10.1% barrel, 18.8 HR allowed",EV profile; pitcher allows elevated contact,12.36,50.95,92.95,103.6513,0.5129,0.2136,0.379,73.88,41.81,29.54,26.92,16.0,0.1808,10.13,34.55,88.41,0.4515,0.2021,30.71,,,Kauffman Stadium,
34,661531,Brian Serven,ATH,CIN,2026-08-06T16:40:00Z,Pre-Game,7,Andrew Abbott,671096,L,52.8,Longshot,Watch List,"Strong Barrel, Platoon Edge",47.6,40.2,63.8,64.3,78.0,37.8,Yes,Yes,7,Yes,No,MLB Stats API; RotoWire,,H:2026 P:2026/2025,,,Direct BvP not yet weighted; 2026/2025 Statcast baseline active,7,3,12,1,"Last 7 games: 3/12, 1 HR","platoon edge; pitcher baseline 7.7% barrel, 17.6 HR allowed",neutral batted-ball profile; pitcher fly-ball pressure modest,10.0,50.0,91.8,104.0692,0.463,0.175,0.352,71.5,15.0,20.0,30.0,1.0,0.25,7.65,36.71,89.06,0.4081,0.1597,28.28,R To L,84,Great American Ball Park,
35,691016,Tyler Soderstrom,ATH,CIN,2026-08-06T16:40:00Z,Pre-Game,4,Andrew Abbott,671096,L,52.2,Longshot,Watch List,"Strong Barrel, Premium Lineup Spot",44.6,40.2,63.8,94.9,50.0,9.8,Yes,Yes,4,Yes,No,MLB Stats API; RotoWire,,H:2026/2025 P:2026/2025,,,Direct BvP not yet weighted; 2026/2025 Statcast baseline active,7,5,27,0,"Last 7 games: 5/27, 0 HR","same-side matchup; pitcher baseline 7.7% barrel, 17.6 HR allowed",neutral batted-ball profile; pitcher fly-ball pressure modest,10.0,46.93,90.83,102.0529,0.4283,0.1729,0.3368,74.25,42.67,36.63,25.67,19.4,0.2113,7.65,36.71,89.06,0.4081,0.1597,28.28,R To L,84,Great American Ball Park,
36,671739,Michael Harris,ATL,MIA,2026-08-06T23:15:00Z,Scheduled,4,Janson Junk,676083,R,52.2,Longshot,Watch List,"Projected Lineup, Strong Barrel, Premium Lineup Spot, Platoon Edge",48.6,42.5,30.9,90.4,80.0,30.3,No,No,4,Yes,Yes,RotoWire projected lineup; MLB probable pitchers,lineup projected / unconfirmed,H:2026/2025 P:2026/2025,,,Direct BvP not yet weighted; 2026/2025 Statcast baseline active,7,5,25,1,"Last 7 games: 5/25, 1 HR","platoon edge; pitcher baseline 7.5% barrel, 10.1 HR allowed",neutral batted-ball profile; pitcher fly-ball pressure modest,10.78,47.46,90.69,103.4882,0.4793,0.1928,0.3416,74.79,47.96,35.94,23.12,20.0,0.1887,7.52,42.82,90.55,0.4194,0.1599,23.57,,,Truist Park,
37,664040,Brandon Lowe,PIT,MIL,2026-08-06T18:10:00Z,Scheduled,5,Dustin May,669160,R,52.1,Longshot,Watch List,"Projected Lineup, Strong Barrel, Platoon Edge",52.6,41.2,27.6,81.9,80.0,41.7,No,No,5,Yes,Yes,RotoWire projected lineup; MLB probable pitchers,lineup projected / unconfirmed,H:2026/2025 P:2026/2025,,,Direct BvP not yet weighted; 2026/2025 Statcast baseline active,7,8,29,1,"Last 7 games: 8/29, 1 HR","platoon edge; pitcher baseline 7.3% barrel, 11.2 HR allowed",neutral batted-ball profile; pitcher fly-ball pressure modest,12.51,45.69,91.03,101.5074,0.457,0.2086,0.3336,73.73,40.3,47.07,32.71,25.4,0.2245,7.31,45.62,90.25,0.395,0.1455,24.31,,,American Family Field,
38,687749,Jase Bowen,SD,AZ,2026-08-07T01:40:00Z,Scheduled,8,Kohl Drake,684442,L,51.8,Longshot,Watch List,"Projected Lineup, Strong Barrel, Pitcher Vulnerable, Platoon Edge",36.0,86.1,28.2,47.9,78.0,26.8,No,No,8,Yes,Yes,RotoWire projected lineup; MLB probable pitchers,lineup projected / unconfirmed,H:2026 P:2026,,,Direct BvP not yet weighted; 2026/2025 Statcast baseline active,7,3,17,1,"Last 7 games: 3/17, 1 HR","platoon edge; pitcher baseline 15.0% barrel, 3.0 HR allowed",neutral batted-ball profile; pitcher allows elevated contact,12.2,35.7,87.9,99.7068,0.352,0.142,0.265,73.4,30.5,50.0,33.3,1.0,0.07,15.0,52.5,91.7,0.594,0.295,40.0,,,Chase Field,
39,681297,Colton Cowser,BAL,LAA,2026-08-06T16:35:00Z,Pre-Game,7,Ryan Johnson,696270,R,51.6,Longshot,Watch List,"Projected Lineup, Strong Barrel, Good Environment, Platoon Edge",41.9,44.2,75.1,59.8,80.0,7.0,No,No,7,Yes,Yes,RotoWire projected lineup; MLB probable pitchers,lineup projected / unconfirmed,H:2026/2025 P:2026/2025,,,Direct BvP not yet weighted; 2026/2025 Statcast baseline active,7,2,12,0,"Last 7 games: 2/12, 0 HR","platoon edge; pitcher baseline 9.3% barrel, 9.6 HR allowed",neutral batted-ball profile; pitcher allows elevated contact,11.16,39.28,88.1,100.3216,0.3977,0.1946,0.307,74.37,44.22,38.03,32.71,10.4,0.1393,9.27,35.93,87.33,0.4472,0.1868,32.34,Out To CF,88,Oriole Park at Camden Yards,
40,672960,Kazuma Okamoto,TOR,CHC,2026-08-06T18:20:00Z,Scheduled,3,David Peterson,656849,L,51.6,Longshot,Watch List,"Projected Lineup, Strong Barrel, Premium Lineup Spot, Platoon Edge",50.8,39.1,29.8,92.1,78.0,22.0,No,No,3,Yes,Yes,RotoWire projected lineup; MLB probable pitchers,lineup projected / unconfirmed,H:2026 P:2026/2025,,,Direct BvP not yet weighted; 2026/2025 Statcast baseline active,7,8,30,0,"Last 7 games: 8/30, 0 HR","platoon edge; pitcher baseline 6.9% barrel, 11.0 HR allowed",neutral batted-ball profile; pitcher fly-ball pressure modest,12.9,45.0,90.6,101.737,0.42,0.206,0.31,73.2,36.3,50.6,32.5,24.0,0.211,6.89,43.55,90.11,0.4217,0.1482,19.85,,,Wrigley Field,
41,650859,Luis Rengifo,SD,AZ,2026-08-07T01:40:00Z,Scheduled,2,Kohl Drake,684442,L,51.6,Longshot,Watch List,"Projected Lineup, Pitcher Vulnerable, Premium Lineup Spot, Platoon Edge",17.1,85.8,28.2,95.5,75.0,21.1,No,No,2,Yes,Yes,RotoWire projected lineup; MLB probable pitchers,lineup projected / unconfirmed,H:2026/2025 P:2026,,,Direct BvP not yet weighted; 2026/2025 Statcast baseline active,7,6,23,0,"Last 7 games: 6/23, 0 HR","switch hitter; pitcher baseline 15.0% barrel, 3.0 HR allowed",neutral batted-ball profile; pitcher allows elevated contact,4.44,35.43,87.87,98.1275,0.3533,0.0989,0.3048,70.76,15.42,37.11,17.03,4.1,0.0774,15.0,52.5,91.7,0.594,0.295,40.0,,,Chase Field,
42,687637,Dylan Beavers,BAL,LAA,2026-08-06T16:35:00Z,Pre-Game,1,Ryan Johnson,696270,R,51.5,Longshot,Watch List,"Projected Lineup, Good Environment, Premium Lineup Spot, Platoon Edge",29.0,44.2,75.1,88.7,80.0,8.5,No,No,1,Yes,Yes,RotoWire projected lineup; MLB probable pitchers,lineup projected / unconfirmed,H:2026/2025 P:2026/2025,,,Direct BvP not yet weighted; 2026/2025 Statcast baseline active,7,3,17,0,"Last 7 games: 3/17, 0 HR","platoon edge; pitcher baseline 9.3% barrel, 9.6 HR allowed",neutral batted-ball profile; pitcher allows elevated contact,6.57,35.63,88.8,99.2186,0.3835,0.1502,0.3209,72.27,20.21,40.18,30.2,2.6,0.1233,9.27,35.93,87.33,0.4472,0.1868,32.34,Out To CF,88,Oriole Park at Camden Yards,
43,691777,Max Muncy,ATH,CIN,2026-08-06T16:40:00Z,Pre-Game,5,Andrew Abbott,671096,L,51.5,Longshot,Watch List,"Strong Barrel, Platoon Edge",40.0,40.2,63.8,86.4,78.0,0.0,Yes,Yes,5,Yes,No,MLB Stats API; RotoWire,,H:2026/2025 P:2026/2025,,,Direct BvP not yet weighted; 2026/2025 Statcast baseline active,7,1,15,0,"Last 7 games: 1/15, 0 HR","platoon edge; pitcher baseline 7.7% barrel, 17.6 HR allowed",neutral batted-ball profile; pitcher fly-ball pressure modest,11.36,43.67,89.83,101.6839,0.3614,0.1507,0.2831,74.01,44.91,43.24,24.05,6.2,0.1629,7.65,36.71,89.06,0.4081,0.1597,28.28,R To L,84,Great American Ball Park,
44,666182,Bo Bichette,NYM,CLE,2026-08-06T17:10:00Z,Pre-Game,2,Foster Griffin,656492,L,51.5,Longshot,Watch List,"Premium Lineup Spot, Platoon Edge",32.1,42.2,54.6,100.0,78.0,31.4,Yes,Yes,2,Yes,No,MLB Stats API; RotoWire,,H:2026/2025 P:2026,,,Direct BvP not yet weighted; 2026/2025 Statcast baseline active,7,6,29,1,"Last 7 games: 6/29, 1 HR","platoon edge; pitcher baseline 9.2% barrel, 19.0 HR allowed",neutral batted-ball profile; pitcher fly-ball pressure modest,6.71,43.41,89.88,101.0999,0.4289,0.1468,0.3299,69.8,13.3,26.56,22.81,13.1,0.13,9.2,37.6,87.9,0.411,0.16,24.6,L To R,85,Progressive Field,
45,669134,Luis Campusano,SD,AZ,2026-08-07T01:40:00Z,Scheduled,6,Kohl Drake,684442,L,51.4,Longshot,Watch List,"Projected Lineup, Pitcher Vulnerable, Platoon Edge",22.6,86.1,28.2,71.7,78.0,39.7,No,No,6,Yes,Yes,RotoWire projected lineup; MLB probable pitchers,lineup projected / unconfirmed,H:2026/2025 P:2026,,,Direct BvP not yet weighted; 2026/2025 Statcast baseline active,7,10,26,0,Contact streak: 10/26 over last 7 games,"platoon edge; pitcher baseline 15.0% barrel, 3.0 HR allowed",neutral batted-ball profile; pitcher allows elevated contact,6.16,40.5,87.94,99.2337,0.313,0.1106,0.3011,72.61,25.72,46.91,19.66,2.8,0.1344,15.0,52.5,91.7,0.594,0.295,40.0,,,Chase Field,
46,607208,Trea Turner,PHI,WSH,2026-08-06T22:05:00Z,Scheduled,2,Miles Mikolas,571945,R,50.9,Longshot,Watch List,"Projected Lineup, Premium Lineup Spot, Hot Hitter/Streak",28.5,61.4,34.3,95.5,50.0,75.6,No,No,2,Yes,Yes,RotoWire projected lineup; MLB probable pitchers,lineup projected / unconfirmed,H:2026/2025 P:2026/2025,,,Direct BvP not yet weighted; 2026/2025 Statcast baseline active,7,11,29,2,Hot streak: 2 HR in last 7 games,"same-side matchup; pitcher baseline 10.5% barrel, 26.9 HR allowed",neutral batted-ball profile; pitcher fly-ball pressure modest,6.29,41.19,88.88,99.5293,0.3897,0.1323,0.3063,71.52,19.28,35.24,25.06,15.7,0.1509,10.46,42.78,89.79,0.5078,0.2263,28.21,,,Citizens Bank Park,
47,665953,Andres Chaparro,WSH,PHI,2026-08-06T22:05:00Z,Scheduled,2,Cristopher Sánchez,650911,L,50.8,Longshot,Watch List,"Projected Lineup, Strong Barrel, Premium Lineup Spot, Platoon Edge",49.2,33.2,34.3,95.5,78.0,21.8,No,No,2,Yes,Yes,RotoWire projected lineup; MLB probable pitchers,lineup projected / unconfirmed,H:2026/2025 P:2026/2025,,,Direct BvP not yet weighted; 2026/2025 Statcast baseline active,7,2,14,1,"Last 7 games: 2/14, 1 HR","platoon edge; pitcher baseline 7.2% barrel, 12.0 HR allowed",neutral batted-ball profile; pitcher fly-ball pressure modest,12.99,44.73,88.1,101.0474,0.4419,0.2212,0.3364,74.14,41.6,49.57,28.61,4.5,0.2097,7.17,42.04,89.21,0.3569,0.1249,17.39,,,Citizens Bank Park,
48,593428,Xander Bogaerts,SD,AZ,2026-08-07T01:40:00Z,Scheduled,7,Kohl Drake,684442,L,50.7,Longshot,Watch List,"Projected Lineup, Pitcher Vulnerable, Platoon Edge",26.9,86.1,28.2,59.8,78.0,29.7,No,No,7,Yes,Yes,RotoWire projected lineup; MLB probable pitchers,lineup projected / unconfirmed,H:2026/2025 P:2026,,,Direct BvP not yet weighted; 2026/2025 Statcast baseline active,7,7,22,0,"Last 7 games: 7/22, 0 HR","platoon edge; pitcher baseline 15.0% barrel, 3.0 HR allowed",neutral batted-ball profile; pitcher allows elevated contact,6.06,39.55,88.58,99.8398,0.3822,0.1313,0.32,72.38,27.8,43.73,23.27,9.6,0.1091,15.0,52.5,91.7,0.594,0.295,40.0,,,Chase Field,
49,702616,Jackson Holliday,BAL,LAA,2026-08-06T16:35:00Z,Pre-Game,5,Ryan Johnson,696270,R,50.6,Longshot,Watch List,"Projected Lineup, Good Environment, Platoon Edge",27.5,44.2,75.1,81.9,80.0,19.5,No,No,5,Yes,Yes,RotoWire projected lineup; MLB probable pitchers,lineup projected / unconfirmed,H:2026/2025 P:2026/2025,,,Direct BvP not yet weighted; 2026/2025 Statcast baseline active,7,5,20,0,"Last 7 games: 5/20, 0 HR","platoon edge; pitcher baseline 9.3% barrel, 9.6 HR allowed",neutral batted-ball profile; pitcher allows elevated contact,7.59,37.93,88.03,98.4065,0.3725,0.1378,0.3154,70.53,7.76,36.39,26.22,8.6,0.1316,9.27,35.93,87.33,0.4472,0.1868,32.34,Out To CF,88,Oriole Park at Camden Yards,
50,701807,Carson Benge,NYM,CLE,2026-08-06T17:10:00Z,Pre-Game,4,Foster Griffin,656492,L,50.6,Longshot,Watch List,Premium Lineup Spot,33.7,42.2,54.6,94.9,50.0,66.9,Yes,Yes,4,Yes,No,MLB Stats API; RotoWire,,H:2026 P:2026,,,Direct BvP not yet weighted; 2026/2025 Statcast baseline active,7,9,28,2,Hot streak: 2 HR in last 7 games,"same-side matchup; pitcher baseline 9.2% barrel, 19.0 HR allowed",neutral batted-ball profile; pitcher fly-ball pressure modest,7.7,40.6,89.2,100.0257,0.436,0.157,0.339,71.0,17.7,33.3,26.0,13.0,0.14,9.2,37.6,87.9,0.411,0.16,24.6,L To R,85,Progressive Field,
51,669016,Brandon Marsh,PHI,WSH,2026-08-06T22:05:00Z,Scheduled,6,Miles Mikolas,571945,R,50.6,Longshot,Watch List,"Projected Lineup, Platoon Edge",38.2,61.4,34.3,71.7,80.0,18.0,No,No,6,Yes,Yes,RotoWire projected lineup; MLB probable pitchers,lineup projected / unconfirmed,H:2026/2025 P:2026/2025,,,Direct BvP not yet weighted; 2026/2025 Statcast baseline active,7,6,25,0,"Last 7 games: 6/25, 0 HR","platoon edge; pitcher baseline 10.5% barrel, 26.9 HR allowed",neutral batted-ball profile; pitcher fly-ball pressure modest,8.47,45.0,90.05,100.2353,0.4243,0.162,0.316,71.47,15.51,37.91,26.59,14.5,0.1672,10.46,42.78,89.79,0.5078,0.2263,28.21,,,Citizens Bank Park,
52,694208,Moisés Ballesteros,LAA,BAL,2026-08-06T16:35:00Z,Pre-Game,6,Brandon Young,687064,R,50.4,Longshot,Watch List,"Good Environment, Platoon Edge",33.3,41.8,75.1,76.2,80.0,4.5,Yes,Yes,6,Yes,No,MLB Stats API; RotoWire,,H:2026/2025 P:2026/2025,,,Direct BvP not yet weighted; 2026/2025 Statcast baseline active,7,3,20,0,"Last 7 games: 3/20, 0 HR","platoon edge; pitcher baseline 7.5% barrel, 11.3 HR allowed",neutral batted-ball profile; pitcher fly-ball pressure modest,8.1,42.54,89.73,100.8644,0.3874,0.1429,0.3137,72.92,36.3,35.69,18.9,4.8,0.1557,7.54,41.71,89.4,0.4159,0.163,27.71,Out To CF,88,Oriole Park at Camden Yards,
53,642350,Jose Siri,LAA,BAL,2026-08-06T16:35:00Z,Pre-Game,7,Brandon Young,687064,R,50.3,Longshot,Watch List,"Strong Barrel, Good Environment",43.4,41.8,75.1,64.3,50.0,23.4,Yes,Yes,7,Yes,No,MLB Stats API; RotoWire,,H:2026/2025 P:2026/2025,,,Direct BvP not yet weighted; 2026/2025 Statcast baseline active,7,2,13,1,"Last 7 games: 2/13, 1 HR","same-side matchup; pitcher baseline 7.5% barrel, 11.3 HR allowed",fly-ball profile; pitcher fly-ball pressure modest,13.98,37.43,86.72,99.2925,0.3746,0.1861,0.2792,73.22,35.43,31.76,41.92,4.2,0.1607,7.54,41.71,89.4,0.4159,0.163,27.71,Out To CF,88,Oriole Park at Camden Yards,
54,691718,Pete Crow-Armstrong,CHC,TOR,2026-08-06T18:20:00Z,Scheduled,1,Dylan Cease,656302,R,50.3,Longshot,Watch List,"Projected Lineup, Strong Barrel, Premium Lineup Spot, Platoon Edge, Hot Hitter/Streak",54.2,20.2,29.8,88.7,80.0,70.6,No,No,1,Yes,Yes,RotoWire projected lineup; MLB probable pitchers,lineup projected / unconfirmed,H:2026/2025 P:2026/2025,,,Direct BvP not yet weighted; 2026/2025 Statcast baseline active,7,9,26,2,Hot streak: 2 HR in last 7 games,"platoon edge; pitcher baseline 5.9% barrel, 11.2 HR allowed",fly-ball profile; pitcher fly-ball pressure modest,12.33,47.13,90.06,101.68,0.4764,0.2232,0.3525,74.17,43.76,49.53,35.29,27.5,0.255,5.94,34.21,86.94,0.3072,0.11,24.0,,,Wrigley Field,
55,663993,Nathaniel Lowe,CLE,NYM,2026-08-06T17:10:00Z,Pre-Game,4,Nolan McLean,690997,R,50.2,Longshot,Watch List,"Premium Lineup Spot, Platoon Edge",38.8,29.4,54.6,94.9,80.0,33.9,Yes,Yes,4,Yes,No,MLB Stats API; RotoWire,,H:2026/2025 P:2026/2025,,,Direct BvP not yet weighted; 2026/2025 Statcast baseline active,7,9,26,0,Contact streak: 9/26 over last 7 games,"platoon edge; pitcher baseline 7.3% barrel, 10.3 HR allowed",neutral batted-ball profile; pitcher fly-ball pressure modest,8.68,42.34,89.35,101.2761,0.4304,0.1723,0.3338,74.0,39.22,36.71,25.85,13.8,0.1936,7.3,37.8,88.1,0.3493,0.1285,20.79,L To R,85,Progressive Field,
56,686527,Dominic Canzone,SEA,DET,2026-08-06T20:10:00Z,Scheduled,3,Framber Valdez,664285,L,50.1,Longshot,Watch List,"Projected Lineup, Strong Barrel, Premium Lineup Spot",60.2,36.2,25.4,92.1,50.0,6.0,No,No,3,Yes,Yes,RotoWire projected lineup; MLB probable pitchers,lineup projected / unconfirmed,H:2026/2025 P:2026/2025,,,Direct BvP not yet weighted; 2026/2025 Statcast baseline active,7,4,25,0,"Last 7 games: 4/25, 0 HR","same-side matchup; pitcher baseline 6.4% barrel, 12.9 HR allowed",neutral batted-ball profile; pitcher fly-ball pressure modest,14.22,47.32,91.88,102.7917,0.5197,0.2402,0.3718,74.22,44.02,40.88,27.42,15.9,0.23,6.42,44.27,90.17,0.3847,0.1353,19.3,,,T-Mobile Park,
57,800050,Chase DeLauter,CLE,NYM,2026-08-06T17:10:00Z,Pre-Game,2,Nolan McLean,690997,R,50.0,Longshot,Watch List,"Premium Lineup Spot, Platoon Edge",35.5,29.4,54.6,100.0,80.0,36.3,Yes,Yes,2,Yes,No,MLB Stats API; RotoWire,,H:2026 P:2026/2025,,,Direct BvP not yet weighted; 2026/2025 Statcast baseline active,7,6,25,1,"Last 7 games: 6/25, 1 HR","platoon edge; pitcher baseline 7.3% barrel, 10.3 HR allowed",neutral batted-ball profile; pitcher fly-ball pressure modest,6.5,45.6,91.2,101.5129,0.432,0.157,0.348,71.4,18.1,37.7,19.5,12.0,0.163,7.3,37.8,88.1,0.3493,0.1285,20.79,L To R,85,Progressive Field,
58,665019,Kody Clemens,MIN,KC,2026-08-06T23:40:00Z,Scheduled,4,Michael Wacha,608379,R,50.0,Longshot,Watch List,"Projected Lineup, Strong Barrel, Premium Lineup Spot, Platoon Edge",51.7,36.2,23.2,90.4,80.0,18.3,No,No,4,Yes,Yes,RotoWire projected lineup; MLB probable pitchers,lineup projected / unconfirmed,H:2026/2025 P:2026/2025,,,Direct BvP not yet weighted; 2026/2025 Statcast baseline active,7,3,28,1,"Last 7 games: 3/28, 1 HR","platoon edge; pitcher baseline 6.7% barrel, 15.7 HR allowed",lift-pull EV profile; pitcher fly-ball pressure modest,11.86,46.76,92.2,101.513,0.4461,0.2006,0.3254,71.99,14.14,45.31,32.69,19.0,0.2315,6.7,36.42,88.2,0.4144,0.1612,27.83,,,Kauffman Stadium,
59,521692,Salvador Perez,KC,MIN,2026-08-06T23:40:00Z,Scheduled,4,Bailey Ober,641927,R,50.0,Longshot,Watch List,"Projected Lineup, Strong Barrel, Premium Lineup Spot",46.4,50.4,23.2,90.4,50.0,39.2,No,No,4,Yes,Yes,RotoWire projected lineup; MLB probable pitchers,lineup projected / unconfirmed,H:2026/2025 P:2026/2025,,,Direct BvP not yet weighted; 2026/2025 Statcast baseline active,7,7,27,1,"Last 7 games: 7/27, 1 HR","same-side matchup; pitcher baseline 10.1% barrel, 18.8 HR allowed",neutral batted-ball profile; pitcher allows elevated contact,11.51,43.69,89.3,100.6964,0.4479,0.2072,0.3157,71.99,22.28,41.7,30.92,20.2,0.1764,10.13,34.55,88.41,0.4515,0.2021,30.71,,,Kauffman Stadium,
60,693307,Dillon Dingler,DET,SEA,2026-08-06T20:10:00Z,Scheduled,3,Bryce Miller,682243,R,49.9,Longshot,Watch List,"Projected Lineup, Strong Barrel, Premium Lineup Spot, Hot Hitter/Streak",48.2,36.5,25.4,92.1,50.0,79.9,No,No,3,Yes,Yes,RotoWire projected lineup; MLB probable pitchers,lineup projected / unconfirmed,H:2026/2025 P:2026/2025,,,Direct BvP not yet weighted; 2026/2025 Statcast baseline active,7,10,35,3,Hot streak: 3 HR in last 7 games,"same-side matchup; pitcher baseline 7.2% barrel, 13.5 HR allowed",neutral batted-ball profile; pitcher allows elevated contact,10.88,45.14,89.51,101.0048,0.5058,0.2179,0.3685,71.77,15.62,40.52,28.5,21.4,0.2219,7.16,36.7,88.83,0.3769,0.1512,32.0,,,T-Mobile Park,
61,641680,Jonah Heim,ATH,CIN,2026-08-06T16:40:00Z,Pre-Game,3,Andrew Abbott,671096,L,49.5,Longshot,Watch List,"Premium Lineup Spot, Platoon Edge",25.1,38.3,63.8,96.6,75.0,43.2,Yes,Yes,3,Yes,No,MLB Stats API; RotoWire,,H:2026/2025 P:2026/2025,,,Direct BvP not yet weighted; 2026/2025 Statcast baseline active,7,8,28,1,"Last 7 games: 8/28, 1 HR","switch hitter; pitcher baseline 7.7% barrel, 17.6 HR allowed",neutral batted-ball profile; pitcher fly-ball pressure modest,6.73,33.45,87.61,97.9817,0.3852,0.1487,0.2977,69.98,10.01,40.98,28.18,11.0,0.1771,7.65,36.71,89.06,0.4081,0.1597,28.28,R To L,84,Great American Ball Park,
62,668804,Bryan Reynolds,PIT,MIL,2026-08-06T18:10:00Z,Scheduled,3,Dustin May,669160,R,49.5,Longshot,Watch List,"Projected Lineup, Strong Barrel, Premium Lineup Spot, Platoon Edge",46.1,40.0,27.6,92.1,75.0,18.2,No,No,3,Yes,Yes,RotoWire projected lineup; MLB probable pitchers,lineup projected / unconfirmed,H:2026/2025 P:2026/2025,,,Direct BvP not yet weighted; 2026/2025 Statcast baseline active,7,7,29,0,"Last 7 games: 7/29, 0 HR","switch hitter; pitcher baseline 7.3% barrel, 11.2 HR allowed",neutral batted-ball profile; pitcher fly-ball pressure modest,10.8,46.49,90.99,101.9018,0.4386,0.1869,0.3478,72.62,28.37,40.29,25.32,15.3,0.1703,7.31,45.62,90.25,0.395,0.1455,24.31,,,American Family Field,
63,677594,Julio Rodriguez,SEA,DET,2026-08-06T20:10:00Z,Scheduled,4,Framber Valdez,664285,L,49.4,Longshot,Watch List,"Projected Lineup, Premium Lineup Spot, Platoon Edge",46.2,36.2,25.4,90.4,78.0,40.7,No,No,4,Yes,Yes,RotoWire projected lineup; MLB probable pitchers,lineup projected / unconfirmed,H:2026/2025 P:2026/2025,,,Direct BvP not yet weighted; 2026/2025 Statcast baseline active,7,7,26,1,"Last 7 games: 7/26, 1 HR","platoon edge; pitcher baseline 6.4% barrel, 12.9 HR allowed",neutral batted-ball profile; pitcher fly-ball pressure modest,9.1,44.15,90.4,102.6884,0.4727,0.1978,0.3489,76.61,66.64,37.93,26.33,21.5,0.1776,6.42,44.27,90.17,0.3847,0.1353,19.3,,,T-Mobile Park,
64,673357,Luis Robert Jr.,NYM,CLE,2026-08-06T17:10:00Z,Pre-Game,3,Foster Griffin,656492,L,49.3,Longshot,Watch List,"Premium Lineup Spot, Platoon Edge",31.6,42.2,54.6,96.6,78.0,0.0,Yes,Yes,3,Yes,No,MLB Stats API; RotoWire,,H:2026/2025 P:2026,,,Direct BvP not yet weighted; 2026/2025 Statcast baseline active,7,3,27,0,"Last 7 games: 3/27, 0 HR","platoon edge; pitcher baseline 9.2% barrel, 19.0 HR allowed",neutral batted-ball profile; pitcher fly-ball pressure modest,6.17,40.97,89.05,101.7863,0.3721,0.1457,0.3014,76.16,63.7,45.6,25.49,7.0,0.1249,9.2,37.6,87.9,0.411,0.16,24.6,L To R,85,Progressive Field,
65,670231,John Rave,KC,MIN,2026-08-06T23:40:00Z,Scheduled,8,Bailey Ober,641927,R,49.2,Longshot,Watch List,"Projected Lineup, Strong Barrel, Platoon Edge",53.1,50.4,23.2,47.9,80.0,43.2,No,No,8,Yes,Yes,RotoWire projected lineup; MLB probable pitchers,lineup projected / unconfirmed,H:2026/2025 P:2026/2025,,,Direct BvP not yet weighted; 2026/2025 Statcast baseline active,7,6,21,1,"Last 7 games: 6/21, 1 HR","platoon edge; pitcher baseline 10.1% barrel, 18.8 HR allowed",neutral batted-ball profile; pitcher allows elevated contact,16.14,40.98,87.67,101.5959,0.4918,0.227,0.3622,75.02,52.11,49.0,24.22,2.6,0.2664,10.13,34.55,88.41,0.4515,0.2021,30.71,,,Kauffman Stadium,
66,685133,Wade Meckler,LAA,BAL,2026-08-06T16:35:00Z,Pre-Game,1,Brandon Young,687064,R,49.0,Longshot,Watch List,"Good Environment, Premium Lineup Spot, Platoon Edge",13.5,41.8,75.1,93.2,80.0,60.3,Yes,Yes,1,Yes,No,MLB Stats API; RotoWire,,H:2026 P:2026/2025,,,Direct BvP not yet weighted; 2026/2025 Statcast baseline active,7,6,15,1,Contact streak: 6/15 over last 7 games,"platoon edge; pitcher baseline 7.5% barrel, 11.3 HR allowed",neutral batted-ball profile; pitcher fly-ball pressure modest,4.3,31.3,86.1,96.4491,0.376,0.115,0.317,68.6,2.1,33.9,20.0,3.0,0.118,7.54,41.71,89.4,0.4159,0.163,27.71,Out To CF,88,Oriole Park at Camden Yards,
67,687093,Vaughn Grissom,LAA,BAL,2026-08-06T16:35:00Z,Pre-Game,5,Brandon Young,687064,R,49.0,Longshot,Watch List,Good Environment,31.0,41.8,75.1,86.4,50.0,18.0,Yes,Yes,5,Yes,No,MLB Stats API; RotoWire,,H:2026 P:2026/2025,,,Direct BvP not yet weighted; 2026/2025 Statcast baseline active,7,6,25,0,"Last 7 games: 6/25, 0 HR","same-side matchup; pitcher baseline 7.5% barrel, 11.3 HR allowed",neutral batted-ball profile; pitcher fly-ball pressure modest,6.7,40.9,88.9,99.6907,0.41,0.147,0.329,71.7,20.2,40.4,26.4,7.0,0.145,7.54,41.71,89.4,0.4159,0.163,27.71,Out To CF,88,Oriole Park at Camden Yards,
68,680776,Jarren Duran,BOS,CWS,2026-08-06T23:10:00Z,Scheduled,7,Luis Castillo,622491,R,48.9,Longshot,Watch List,"Projected Lineup, Platoon Edge",38.6,54.0,28.7,59.8,80.0,66.7,No,No,7,Yes,Yes,RotoWire projected lineup; MLB probable pitchers,lineup projected / unconfirmed,H:2026/2025 P:2026/2025,,,Direct BvP not yet weighted; 2026/2025 Statcast baseline active,7,8,25,2,Hot streak: 2 HR in last 7 games,"platoon edge; pitcher baseline 9.9% barrel, 18.1 HR allowed",neutral batted-ball profile; pitcher fly-ball pressure modest,9.98,40.92,90.19,101.9549,0.3932,0.1543,0.3071,74.98,50.03,38.97,22.3,15.3,0.1629,9.91,43.11,90.23,0.4418,0.1814,27.93,,,Fenway Park,
69,671732,Lawrence Butler,ATH,CIN,2026-08-06T16:40:00Z,Pre-Game,6,Andrew Abbott,671096,L,48.8,Longshot,Watch List,No major boost,34.3,40.2,63.8,76.2,50.0,63.1,Yes,Yes,6,Yes,No,MLB Stats API; RotoWire,,H:2026/2025 P:2026/2025,,,Direct BvP not yet weighted; 2026/2025 Statcast baseline active,7,8,27,2,Hot streak: 2 HR in last 7 games,"same-side matchup; pitcher baseline 7.7% barrel, 17.6 HR allowed",neutral batted-ball profile; pitcher fly-ball pressure modest,7.94,45.73,89.66,101.8803,0.3727,0.1381,0.3082,73.7,38.44,35.59,21.44,11.2,0.1371,7.65,36.71,89.06,0.4081,0.1597,28.28,R To L,84,Great American Ball Park,
70,668227,Randy Arozarena,SEA,DET,2026-08-06T20:10:00Z,Scheduled,2,Framber Valdez,664285,L,48.7,Longshot,Watch List,"Projected Lineup, Premium Lineup Spot, Platoon Edge",40.2,36.2,25.4,95.5,78.0,50.3,No,No,2,Yes,Yes,RotoWire projected lineup; MLB probable pitchers,lineup projected / unconfirmed,H:2026/2025 P:2026/2025,,,Direct BvP not yet weighted; 2026/2025 Statcast baseline active,7,9,27,1,Contact streak: 9/27 over last 7 games,"platoon edge; pitcher baseline 6.4% barrel, 12.9 HR allowed",neutral batted-ball profile; pitcher fly-ball pressure modest,8.98,45.28,91.23,101.1243,0.4219,0.1683,0.3438,71.32,24.8,33.28,23.12,17.9,0.1775,6.42,44.27,90.17,0.3847,0.1353,19.3,,,T-Mobile Park,
71,678246,Miguel Vargas,CWS,BOS,2026-08-06T23:10:00Z,Scheduled,3,Ranger Suarez,624133,L,48.7,Longshot,Watch List,"Projected Lineup, Strong Barrel, Premium Lineup Spot, Platoon Edge",55.0,16.6,28.7,92.1,78.0,47.5,No,No,3,Yes,Yes,RotoWire projected lineup; MLB probable pitchers,lineup projected / unconfirmed,H:2026/2025 P:2026/2025,,,Direct BvP not yet weighted; 2026/2025 Statcast baseline active,7,5,26,2,Hot streak: 2 HR in last 7 games,"platoon edge; pitcher baseline 4.9% barrel, 7.7 HR allowed",fly-ball profile; pitcher fly-ball pressure modest,12.97,44.91,90.47,100.6034,0.4882,0.2298,0.3673,73.05,34.49,43.37,36.01,21.6,0.2174,4.94,32.57,86.5,0.3447,0.1068,22.49,,,Fenway Park,
72,553993,Eugenio Suárez,CIN,ATH,2026-08-06T16:40:00Z,Pre-Game,5,Mason Barnett,686930,R,48.6,Longshot,Watch List,Strong Barrel,39.8,38.5,63.8,86.4,50.0,0.8,Yes,Yes,5,Yes,No,MLB Stats API; RotoWire,,H:2026/2025 P:2026/2025,,,Direct BvP not yet weighted; 2026/2025 Statcast baseline active,7,3,24,0,"Last 7 games: 3/24, 0 HR","same-side matchup; pitcher baseline 8.3% barrel, 4.4 HR allowed",neutral batted-ball profile; pitcher allows elevated contact,11.78,38.43,89.08,100.104,0.3657,0.1736,0.2787,71.88,20.9,48.45,33.2,24.5,0.2175,8.35,39.42,88.92,0.3787,0.1502,31.13,R To L,84,Great American Ball Park,
73,543807,George Springer,TOR,CHC,2026-08-06T18:20:00Z,Scheduled,4,David Peterson,656849,L,48.6,Longshot,Watch List,"Projected Lineup, Strong Barrel, Premium Lineup Spot, Platoon Edge",41.9,39.1,29.8,90.4,78.0,24.0,No,No,4,Yes,Yes,RotoWire projected lineup; MLB probable pitchers,lineup projected / unconfirmed,H:2026/2025 P:2026/2025,,,Direct BvP not yet weighted; 2026/2025 Statcast baseline active,7,7,25,0,"Last 7 games: 7/25, 0 HR","platoon edge; pitcher baseline 6.9% barrel, 11.0 HR allowed",neutral batted-ball profile; pitcher fly-ball pressure modest,10.04,42.07,89.16,100.3687,0.4401,0.1897,0.3382,73.24,34.88,41.37,27.56,18.0,0.1915,6.89,43.55,90.11,0.4217,0.1482,19.85,,,Wrigley Field,
74,605137,Josh Bell,MIN,KC,2026-08-06T23:40:00Z,Scheduled,3,Michael Wacha,608379,R,48.4,Longshot,Watch List,"Projected Lineup, Strong Barrel, Premium Lineup Spot, Platoon Edge",45.4,34.5,23.2,92.1,75.0,40.7,No,No,3,Yes,Yes,RotoWire projected lineup; MLB probable pitchers,lineup projected / unconfirmed,H:2026/2025 P:2026/2025,,,Direct BvP not yet weighted; 2026/2025 Statcast baseline active,7,7,26,1,"Last 7 games: 7/26, 1 HR","switch hitter; pitcher baseline 6.7% barrel, 15.7 HR allowed",neutral batted-ball profile; pitcher fly-ball pressure modest,10.63,44.2,90.19,101.0644,0.4493,0.201,0.3324,72.33,28.36,41.22,26.71,16.4,0.1716,6.7,36.42,88.2,0.4144,0.1612,27.83,,,Kauffman Stadium,
75,663728,Cal Raleigh,SEA,DET,2026-08-06T20:10:00Z,Scheduled,6,Framber Valdez,664285,L,48.0,Longshot,Watch List,"Projected Lineup, Strong Barrel, Platoon Edge",54.9,34.8,25.4,71.7,75.0,18.3,No,No,6,Yes,Yes,RotoWire projected lineup; MLB probable pitchers,lineup projected / unconfirmed,H:2026/2025 P:2026/2025,,,Direct BvP not yet weighted; 2026/2025 Statcast baseline active,7,3,25,1,"Last 7 games: 3/25, 1 HR","switch hitter; pitcher baseline 6.4% barrel, 12.9 HR allowed",fly-ball profile; pitcher fly-ball pressure modest,15.02,39.1,89.48,100.6247,0.4266,0.2306,0.3178,75.06,52.95,54.08,41.87,26.4,0.2048,6.42,44.27,90.17,0.3847,0.1353,19.3,,,T-Mobile Park,
76,666139,Josh Lowe,LAA,BAL,2026-08-06T16:35:00Z,Pre-Game,8,Brandon Young,687064,R,47.9,Longshot,Watch List,"Good Environment, Platoon Edge",35.7,41.8,75.1,52.4,80.0,5.1,Yes,Yes,8,Yes,No,MLB Stats API; RotoWire,,H:2026/2025 P:2026/2025,,,Direct BvP not yet weighted; 2026/2025 Statcast baseline active,7,2,13,0,"Last 7 games: 2/13, 0 HR","platoon edge; pitcher baseline 7.5% barrel, 11.3 HR allowed",neutral batted-ball profile; pitcher fly-ball pressure modest,8.14,38.83,89.02,99.3849,0.3945,0.1681,0.2938,73.66,36.57,37.18,31.57,8.9,0.1467,7.54,41.71,89.4,0.4159,0.163,27.71,Out To CF,88,Oriole Park at Camden Yards,
77,694192,Jackson Chourio,MIL,PIT,2026-08-06T18:10:00Z,Scheduled,2,Braxton Ashcraft,677952,R,47.9,Longshot,Watch List,"Projected Lineup, Strong Barrel, Premium Lineup Spot",50.7,30.2,27.6,95.5,50.0,37.8,No,No,2,Yes,Yes,RotoWire projected lineup; MLB probable pitchers,lineup projected / unconfirmed,H:2026/2025 P:2026/2025,,,Direct BvP not yet weighted; 2026/2025 Statcast baseline active,7,7,28,1,"Last 7 games: 7/28, 1 HR","same-side matchup; pitcher baseline 5.7% barrel, 12.8 HR allowed",neutral batted-ball profile; pitcher fly-ball pressure modest,12.08,45.52,91.26,102.023,0.4526,0.2014,0.3252,74.25,44.24,31.36,27.03,16.1,0.1881,5.68,40.11,89.26,0.3567,0.1262,24.9,,,American Family Field,
78,665489,Vladimir Guerrero,TOR,CHC,2026-08-06T18:20:00Z,Scheduled,2,David Peterson,656849,L,47.9,Longshot,Watch List,"Projected Lineup, Premium Lineup Spot, Platoon Edge",39.6,39.1,29.8,95.5,78.0,10.8,No,No,2,Yes,Yes,RotoWire projected lineup; MLB probable pitchers,lineup projected / unconfirmed,H:2026/2025 P:2026/2025,,,Direct BvP not yet weighted; 2026/2025 Statcast baseline active,7,5,26,0,"Last 7 games: 5/26, 0 HR","platoon edge; pitcher baseline 6.9% barrel, 11.0 HR allowed",neutral batted-ball profile; pitcher fly-ball pressure modest,8.35,45.73,90.67,103.1382,0.4325,0.1444,0.3504,76.42,64.03,36.72,18.75,11.1,0.1155,6.89,43.55,90.11,0.4217,0.1482,19.85,,,Wrigley Field,
79,678882,Ceddanne Rafaela,BOS,CWS,2026-08-06T23:10:00Z,Scheduled,2,Luis Castillo,622491,R,47.9,Longshot,Watch List,"Projected Lineup, Premium Lineup Spot, Hot Hitter/Streak",23.5,54.0,28.7,95.5,50.0,99.1,No,No,2,Yes,Yes,RotoWire projected lineup; MLB probable pitchers,lineup projected / unconfirmed,H:2026/2025 P:2026/2025,,,Direct BvP not yet weighted; 2026/2025 Statcast baseline active,7,12,29,4,Hot streak: 4 HR in last 7 games,"same-side matchup; pitcher baseline 9.9% barrel, 18.1 HR allowed",neutral batted-ball profile; pitcher fly-ball pressure modest,6.82,34.78,87.11,97.9425,0.3796,0.1341,0.2938,70.09,9.04,35.92,26.14,15.3,0.1811,9.91,43.11,90.23,0.4418,0.1814,27.93,,,Fenway Park,
80,686611,Dylan Crews,WSH,PHI,2026-08-06T22:05:00Z,Scheduled,3,Cristopher Sánchez,650911,L,47.5,Longshot,Watch List,"Projected Lineup, Strong Barrel, Premium Lineup Spot, Platoon Edge",43.1,33.2,34.3,92.1,78.0,6.0,No,No,3,Yes,Yes,RotoWire projected lineup; MLB probable pitchers,lineup projected / unconfirmed,H:2026/2025 P:2026/2025,,,Direct BvP not yet weighted; 2026/2025 Statcast baseline active,7,4,25,0,"Last 7 games: 4/25, 0 HR","platoon edge; pitcher baseline 7.2% barrel, 12.0 HR allowed",neutral batted-ball profile; pitcher fly-ball pressure modest,10.08,42.48,90.4,101.3203,0.4196,0.1811,0.3217,73.69,35.27,34.08,29.24,9.3,0.1503,7.17,42.04,89.21,0.3569,0.1249,17.39,,,Citizens Bank Park,
81,691781,Brady House,WSH,PHI,2026-08-06T22:05:00Z,Scheduled,5,Cristopher Sánchez,650911,L,47.3,Longshot,Watch List,"Projected Lineup, Strong Barrel, Platoon Edge",43.0,33.2,34.3,81.9,78.0,30.3,No,No,5,Yes,Yes,RotoWire projected lineup; MLB probable pitchers,lineup projected / unconfirmed,H:2026/2025 P:2026/2025,,,Direct BvP not yet weighted; 2026/2025 Statcast baseline active,7,4,20,1,"Last 7 games: 4/20, 1 HR","platoon edge; pitcher baseline 7.2% barrel, 12.0 HR allowed",neutral batted-ball profile; pitcher fly-ball pressure modest,10.18,46.58,89.59,101.8946,0.4337,0.1735,0.319,73.31,31.44,33.03,26.35,6.8,0.1489,7.17,42.04,89.21,0.3569,0.1249,17.39,,,Citizens Bank Park,
82,694384,Nolan Schanuel,LAA,BAL,2026-08-06T16:35:00Z,Pre-Game,3,Brandon Young,687064,R,47.0,Longshot,Watch List,"Good Environment, Premium Lineup Spot, Platoon Edge",12.8,41.8,75.1,96.6,80.0,15.3,Yes,Yes,3,Yes,No,MLB Stats API; RotoWire,,H:2026/2025 P:2026/2025,,,Direct BvP not yet weighted; 2026/2025 Statcast baseline active,7,6,27,0,"Last 7 games: 6/27, 0 HR","platoon edge; pitcher baseline 7.5% barrel, 11.3 HR allowed",neutral batted-ball profile; pitcher fly-ball pressure modest,3.03,31.59,87.36,97.0453,0.3838,0.1078,0.3277,67.89,5.9,40.87,21.15,7.8,0.1159,7.54,41.71,89.4,0.4159,0.163,27.71,Out To CF,88,Oriole Park at Camden Yards,
83,664761,Alec Bohm,PHI,WSH,2026-08-06T22:05:00Z,Scheduled,5,Miles Mikolas,571945,R,46.7,Longshot,Watch List,Projected Lineup,29.8,61.4,34.3,81.9,50.0,19.5,No,No,5,Yes,Yes,RotoWire projected lineup; MLB probable pitchers,lineup projected / unconfirmed,H:2026/2025 P:2026/2025,,,Direct BvP not yet weighted; 2026/2025 Statcast baseline active,7,7,28,0,"Last 7 games: 7/28, 0 HR","same-side matchup; pitcher baseline 10.5% barrel, 26.9 HR allowed",neutral batted-ball profile; pitcher fly-ball pressure modest,5.5,43.39,90.66,100.1933,0.3913,0.1341,0.3114,71.0,12.67,29.05,22.09,12.4,0.1304,10.46,42.78,89.79,0.5078,0.2263,28.21,,,Citizens Bank Park,
84,683737,Michael Busch,CHC,TOR,2026-08-06T18:20:00Z,Scheduled,3,Dylan Cease,656302,R,46.6,Longshot,Watch List,"Projected Lineup, Strong Barrel, Premium Lineup Spot, Platoon Edge",45.7,20.2,29.8,92.1,80.0,41.7,No,No,3,Yes,Yes,RotoWire projected lineup; MLB probable pitchers,lineup projected / unconfirmed,H:2026/2025 P:2026/2025,,,Direct BvP not yet weighted; 2026/2025 Statcast baseline active,7,8,29,1,"Last 7 games: 8/29, 1 HR","platoon edge; pitcher baseline 5.9% barrel, 11.2 HR allowed",neutral batted-ball profile; pitcher fly-ball pressure modest,11.92,42.12,89.47,99.6922,0.4514,0.209,0.3486,68.76,5.5,40.28,34.9,20.0,0.1843,5.94,34.21,86.94,0.3072,0.11,24.0,,,Wrigley Field,
85,668904,Royce Lewis,MIN,KC,2026-08-06T23:40:00Z,Scheduled,5,Michael Wacha,608379,R,46.6,Longshot,Watch List,"Projected Lineup, Strong Barrel, Hot Hitter/Streak",43.8,36.2,23.2,81.9,50.0,79.8,No,No,5,Yes,Yes,RotoWire projected lineup; MLB probable pitchers,lineup projected / unconfirmed,H:2026/2025 P:2026/2025,,,Direct BvP not yet weighted; 2026/2025 Statcast baseline active,7,11,27,2,Hot streak: 2 HR in last 7 games,"same-side matchup; pitcher baseline 6.7% barrel, 15.7 HR allowed",neutral batted-ball profile; pitcher fly-ball pressure modest,11.22,41.98,89.94,100.9639,0.407,0.1726,0.3096,74.58,48.77,45.88,30.71,12.3,0.1741,6.7,36.42,88.2,0.4144,0.1612,27.83,,,Kauffman Stadium,
86,545341,Randal Grichuk,CWS,BOS,2026-08-06T23:10:00Z,Scheduled,1,Ranger Suarez,624133,L,46.5,Longshot,Watch List,"Projected Lineup, Strong Barrel, Premium Lineup Spot, Platoon Edge",51.4,16.6,28.7,88.7,78.0,35.6,No,No,1,Yes,Yes,RotoWire projected lineup; MLB probable pitchers,lineup projected / unconfirmed,H:2026/2025 P:2026/2025,,,Direct BvP not yet weighted; 2026/2025 Statcast baseline active,7,5,14,0,Contact streak: 5/14 over last 7 games,"platoon edge; pitcher baseline 4.9% barrel, 7.7 HR allowed",neutral batted-ball profile; pitcher fly-ball pressure modest,11.42,47.61,91.07,102.7243,0.4745,0.2033,0.3344,74.18,42.54,46.08,28.43,9.0,0.2318,4.94,32.57,86.5,0.3447,0.1068,22.49,,,Fenway Park,
87,669003,Garrett Mitchell,MIL,PIT,2026-08-06T18:10:00Z,Scheduled,5,Braxton Ashcraft,677952,R,46.2,Longshot,Watch List,"Projected Lineup, Strong Barrel, Platoon Edge",49.0,30.2,27.6,81.9,80.0,0.0,No,No,5,Yes,Yes,RotoWire projected lineup; MLB probable pitchers,lineup projected / unconfirmed,H:2026/2025 P:2026/2025,,,Direct BvP not yet weighted; 2026/2025 Statcast baseline active,7,2,23,0,"Last 7 games: 2/23, 0 HR","platoon edge; pitcher baseline 5.7% barrel, 12.8 HR allowed",EV profile; pitcher fly-ball pressure modest,11.81,47.8,92.08,103.6134,0.4173,0.168,0.3335,77.08,76.74,33.3,17.83,5.6,0.1398,5.68,40.11,89.26,0.3567,0.1262,24.9,,,American Family Field,
88,608070,José Ramírez,CLE,NYM,2026-08-06T17:10:00Z,Pre-Game,3,Nolan McLean,690997,R,46.1,Longshot,Watch List,"Premium Lineup Spot, Platoon Edge",31.1,28.3,54.6,96.6,75.0,12.0,Yes,Yes,3,Yes,No,MLB Stats API; RotoWire,,H:2026/2025 P:2026/2025,,,Direct BvP not yet weighted; 2026/2025 Statcast baseline active,7,5,25,0,"Last 7 games: 5/25, 0 HR","switch hitter; pitcher baseline 7.3% barrel, 10.3 HR allowed",neutral batted-ball profile; pitcher fly-ball pressure modest,6.02,40.15,89.11,99.6849,0.4348,0.1543,0.3455,70.2,13.19,50.2,30.04,16.0,0.1745,7.3,37.8,88.1,0.3493,0.1285,20.79,L To R,85,Progressive Field,
89,679529,Spencer Torkelson,DET,SEA,2026-08-06T20:10:00Z,Scheduled,6,Bryce Miller,682243,R,46.1,Longshot,Watch List,"Projected Lineup, Strong Barrel",50.6,36.5,25.4,71.7,50.0,47.2,No,No,6,Yes,Yes,RotoWire projected lineup; MLB probable pitchers,lineup projected / unconfirmed,H:2026/2025 P:2026/2025,,,Direct BvP not yet weighted; 2026/2025 Statcast baseline active,7,10,32,1,"Last 7 games: 10/32, 1 HR","same-side matchup; pitcher baseline 7.2% barrel, 13.5 HR allowed",fly-ball profile; pitcher allows elevated contact,13.43,42.93,89.78,100.3356,0.4266,0.2048,0.3214,73.14,26.02,47.77,36.81,23.3,0.2069,7.16,36.7,88.83,0.3769,0.1512,32.0,,,T-Mobile Park,
90,682928,CJ Abrams,WSH,PHI,2026-08-06T22:05:00Z,Scheduled,4,Cristopher Sánchez,650911,L,46.1,Longshot,Watch List,"Projected Lineup, Premium Lineup Spot",42.1,33.2,34.3,90.4,50.0,39.2,No,No,4,Yes,Yes,RotoWire projected lineup; MLB probable pitchers,lineup projected / unconfirmed,H:2026/2025 P:2026/2025,,,Direct BvP not yet weighted; 2026/2025 Statcast baseline active,7,7,27,1,"Last 7 games: 7/27, 1 HR","same-side matchup; pitcher baseline 7.2% barrel, 12.0 HR allowed",neutral batted-ball profile; pitcher fly-ball pressure modest,9.98,41.58,89.4,100.1359,0.4437,0.1896,0.3363,72.75,27.47,43.66,29.29,25.3,0.239,7.17,42.04,89.21,0.3569,0.1249,17.39,,,Citizens Bank Park,
91,805808,Kevin McGonigle,DET,SEA,2026-08-06T20:10:00Z,Scheduled,1,Bryce Miller,682243,R,45.8,Longshot,Watch List,"Projected Lineup, Premium Lineup Spot, Platoon Edge",32.0,36.5,25.4,88.7,80.0,60.0,No,No,1,Yes,Yes,RotoWire projected lineup; MLB probable pitchers,lineup projected / unconfirmed,H:2026 P:2026/2025,,,Direct BvP not yet weighted; 2026/2025 Statcast baseline active,7,8,29,2,Hot streak: 2 HR in last 7 games,"platoon edge; pitcher baseline 7.2% barrel, 13.5 HR allowed",fly-ball profile; pitcher allows elevated contact,7.1,36.4,88.0,98.2665,0.428,0.165,0.354,71.2,17.2,37.4,36.0,11.0,0.14,7.16,36.7,88.83,0.3769,0.1512,32.0,,,T-Mobile Park,
92,807799,Masataka Yoshida,BOS,CWS,2026-08-06T23:10:00Z,Scheduled,5,Luis Castillo,622491,R,45.7,Longshot,Watch List,"Projected Lineup, Platoon Edge",23.0,54.0,28.7,81.9,80.0,44.1,No,No,5,Yes,Yes,RotoWire projected lineup; MLB probable pitchers,lineup projected / unconfirmed,H:2026/2025 P:2026/2025,,,Direct BvP not yet weighted; 2026/2025 Statcast baseline active,7,7,24,1,"Last 7 games: 7/24, 1 HR","platoon edge; pitcher baseline 9.9% barrel, 18.1 HR allowed",neutral batted-ball profile; pitcher fly-ball pressure modest,4.36,40.15,88.8,99.3353,0.3847,0.115,0.3224,71.62,18.67,43.71,21.53,4.7,0.1234,9.91,43.11,90.23,0.4418,0.1814,27.93,,,Fenway Park,
93,663586,Austin Riley,ATL,MIA,2026-08-06T23:15:00Z,Scheduled,8,Janson Junk,676083,R,45.6,Longshot,Watch List,"Projected Lineup, Strong Barrel",51.7,42.5,30.9,47.9,50.0,50.3,No,No,8,Yes,Yes,RotoWire projected lineup; MLB probable pitchers,lineup projected / unconfirmed,H:2026/2025 P:2026/2025,,,Direct BvP not yet weighted; 2026/2025 Statcast baseline active,7,8,24,1,Contact streak: 8/24 over last 7 games,"same-side matchup; pitcher baseline 7.5% barrel, 10.1 HR allowed",neutral batted-ball profile; pitcher fly-ball pressure modest,12.61,46.14,91.39,102.8521,0.4118,0.1907,0.3076,75.83,59.15,40.01,31.15,13.9,0.1498,7.52,42.82,90.55,0.4194,0.1599,23.57,,,Truist Park,
94,668930,Brice Turang,MIL,PIT,2026-08-06T18:10:00Z,Scheduled,1,Braxton Ashcraft,677952,R,45.4,Longshot,Watch List,"Projected Lineup, Premium Lineup Spot, Platoon Edge",38.5,30.2,27.6,88.7,80.0,33.7,No,No,1,Yes,Yes,RotoWire projected lineup; MLB probable pitchers,lineup projected / unconfirmed,H:2026/2025 P:2026/2025,,,Direct BvP not yet weighted; 2026/2025 Statcast baseline active,7,6,27,1,"Last 7 games: 6/27, 1 HR","platoon edge; pitcher baseline 5.7% barrel, 12.8 HR allowed",neutral batted-ball profile; pitcher fly-ball pressure modest,8.14,43.83,90.68,100.5012,0.4374,0.1789,0.3434,70.25,13.06,27.16,24.13,16.6,0.1757,5.68,40.11,89.26,0.3567,0.1262,24.9,,,American Family Field,
95,680777,Ryan Jeffers,MIN,KC,2026-08-06T23:40:00Z,Scheduled,2,Michael Wacha,608379,R,45.4,Longshot,Watch List,"Projected Lineup, Premium Lineup Spot",41.5,36.2,23.2,95.5,50.0,33.7,No,No,2,Yes,Yes,RotoWire projected lineup; MLB probable pitchers,lineup projected / unconfirmed,H:2026/2025 P:2026/2025,,,Direct BvP not yet weighted; 2026/2025 Statcast baseline active,7,6,27,1,"Last 7 games: 6/27, 1 HR","same-side matchup; pitcher baseline 6.7% barrel, 15.7 HR allowed",neutral batted-ball profile; pitcher fly-ball pressure modest,9.73,41.61,89.44,101.0196,0.4455,0.1885,0.3551,72.86,34.58,37.6,27.82,9.7,0.1947,6.7,36.42,88.2,0.4144,0.1612,27.83,,,Kauffman Stadium,
96,666023,Freddy Fermin,SD,AZ,2026-08-07T01:40:00Z,Scheduled,9,Kohl Drake,684442,L,45.4,Longshot,Watch List,"Projected Lineup, Pitcher Vulnerable, Platoon Edge",15.4,86.1,28.2,40.2,78.0,55.6,No,No,9,Yes,Yes,RotoWire projected lineup; MLB probable pitchers,lineup projected / unconfirmed,H:2026/2025 P:2026,,,Direct BvP not yet weighted; 2026/2025 Statcast baseline active,7,7,19,1,Contact streak: 7/19 over last 7 games,"platoon edge; pitcher baseline 15.0% barrel, 3.0 HR allowed",neutral batted-ball profile; pitcher allows elevated contact,4.34,29.62,87.84,97.1465,0.3217,0.1079,0.2735,69.78,6.07,37.97,28.84,4.3,0.1139,15.0,52.5,91.7,0.594,0.295,40.0,,,Chase Field,
97,690993,Colt Keith,DET,SEA,2026-08-06T20:10:00Z,Scheduled,5,Bryce Miller,682243,R,45.3,Longshot,Watch List,"Projected Lineup, Platoon Edge",35.9,36.5,25.4,81.9,80.0,45.0,No,No,5,Yes,Yes,RotoWire projected lineup; MLB probable pitchers,lineup projected / unconfirmed,H:2026/2025 P:2026/2025,,,Direct BvP not yet weighted; 2026/2025 Statcast baseline active,7,8,18,0,Contact streak: 8/18 over last 7 games,"platoon edge; pitcher baseline 7.2% barrel, 13.5 HR allowed",neutral batted-ball profile; pitcher allows elevated contact,8.01,41.74,89.02,100.0067,0.4349,0.1681,0.3312,71.54,15.85,37.24,27.56,9.5,0.1521,7.16,36.7,88.83,0.3769,0.1512,32.0,,,T-Mobile Park,
98,573262,Mike Yastrzemski,ATL,MIA,2026-08-06T23:15:00Z,Scheduled,7,Janson Junk,676083,R,45.3,Longshot,Watch List,"Projected Lineup, Platoon Edge",35.9,42.5,30.9,59.8,80.0,61.5,No,No,7,Yes,Yes,RotoWire projected lineup; MLB probable pitchers,lineup projected / unconfirmed,H:2026/2025 P:2026/2025,,,Direct BvP not yet weighted; 2026/2025 Statcast baseline active,7,4,14,2,Hot streak: 2 HR in last 7 games,"platoon edge; pitcher baseline 7.5% barrel, 10.1 HR allowed",neutral batted-ball profile; pitcher fly-ball pressure modest,7.73,43.65,90.52,99.8057,0.3798,0.1477,0.3122,71.24,7.95,44.99,32.38,10.7,0.1567,7.52,42.82,90.55,0.4194,0.1599,23.57,,,Truist Park,
99,686681,Michael Massey,KC,MIN,2026-08-06T23:40:00Z,Scheduled,5,Bailey Ober,641927,R,45.3,Longshot,Watch List,"Projected Lineup, Platoon Edge",29.1,50.4,23.2,81.9,80.0,29.2,No,No,5,Yes,Yes,RotoWire projected lineup; MLB probable pitchers,lineup projected / unconfirmed,H:2026/2025 P:2026/2025,,,Direct BvP not yet weighted; 2026/2025 Statcast baseline active,7,5,26,1,"Last 7 games: 5/26, 1 HR","platoon edge; pitcher baseline 10.1% barrel, 18.8 HR allowed",neutral batted-ball profile; pitcher allows elevated contact,5.61,38.46,89.25,98.7375,0.3845,0.1444,0.2881,71.5,12.33,48.52,32.9,7.2,0.1362,10.13,34.55,88.41,0.4515,0.2021,30.71,,,Kauffman Stadium,
100,660821,Jesus Sanchez,TOR,CHC,2026-08-06T18:20:00Z,Scheduled,6,David Peterson,656849,L,45.2,Longshot,Watch List,"Projected Lineup, Strong Barrel",47.2,39.1,29.8,71.7,50.0,24.0,No,No,6,Yes,Yes,RotoWire projected lineup; MLB probable pitchers,lineup projected / unconfirmed,H:2026/2025 P:2026/2025,,,Direct BvP not yet weighted; 2026/2025 Statcast baseline active,7,3,19,1,"Last 7 games: 3/19, 1 HR","same-side matchup; pitcher baseline 6.9% barrel, 11.0 HR allowed",neutral batted-ball profile; pitcher fly-ball pressure modest,10.96,45.43,90.95,102.1008,0.4515,0.1874,0.3307,74.4,48.94,35.08,24.65,9.8,0.165,6.89,43.55,90.11,0.4217,0.1482,19.85,,,Wrigley Field,
101,543760,Marcus Semien,NYM,CLE,2026-08-06T17:10:00Z,Pre-Game,6,Foster Griffin,656492,L,44.9,Longshot,Watch List,Platoon Edge,26.1,42.2,54.6,76.2,78.0,4.5,Yes,Yes,6,Yes,No,MLB Stats API; RotoWire,,H:2026/2025 P:2026,,,Direct BvP not yet weighted; 2026/2025 Statcast baseline active,7,3,20,0,"Last 7 games: 3/20, 0 HR","platoon edge; pitcher baseline 9.2% barrel, 19.0 HR allowed",neutral batted-ball profile; pitcher fly-ball pressure modest,7.15,35.35,86.97,97.684,0.3978,0.1523,0.3103,68.57,2.92,46.0,31.37,12.9,0.1347,9.2,37.6,87.9,0.411,0.16,24.6,L To R,85,Progressive Field,
102,592663,J.T. Realmuto,PHI,WSH,2026-08-06T22:05:00Z,Scheduled,7,Miles Mikolas,571945,R,44.9,Longshot,Watch List,Projected Lineup,32.5,61.4,34.3,59.8,50.0,27.6,No,No,7,Yes,Yes,RotoWire projected lineup; MLB probable pitchers,lineup projected / unconfirmed,H:2026/2025 P:2026/2025,,,Direct BvP not yet weighted; 2026/2025 Statcast baseline active,7,4,22,1,"Last 7 games: 4/22, 1 HR","same-side matchup; pitcher baseline 10.5% barrel, 26.9 HR allowed",neutral batted-ball profile; pitcher fly-ball pressure modest,6.28,42.63,89.93,100.1467,0.3998,0.1433,0.3223,72.91,32.64,40.97,26.29,9.2,0.1312,10.46,42.78,89.79,0.5078,0.2263,28.21,,,Citizens Bank Park,
103,672640,Otto Lopez,MIA,ATL,2026-08-06T23:15:00Z,Scheduled,1,Martín Pérez,527048,L,44.8,Longshot,Watch List,"Projected Lineup, Premium Lineup Spot, Platoon Edge",31.3,40.7,30.9,88.7,78.0,13.0,No,No,1,Yes,Yes,RotoWire projected lineup; MLB probable pitchers,lineup projected / unconfirmed,H:2026/2025 P:2026/2025,,,Direct BvP not yet weighted; 2026/2025 Statcast baseline active,7,6,29,0,"Last 7 games: 6/29, 0 HR","platoon edge; pitcher baseline 8.7% barrel, 9.5 HR allowed",neutral batted-ball profile; pitcher fly-ball pressure modest,6.61,40.82,89.06,100.418,0.4333,0.1517,0.33,71.84,23.58,32.65,22.08,10.8,0.1465,8.7,38.14,88.27,0.4234,0.1695,24.69,,,Truist Park,
104,673548,Seiya Suzuki,CHC,TOR,2026-08-06T18:20:00Z,Scheduled,2,Dylan Cease,656302,R,44.7,Longshot,Watch List,"Projected Lineup, Strong Barrel, Premium Lineup Spot",46.4,20.2,29.8,95.5,50.0,44.1,No,No,2,Yes,Yes,RotoWire projected lineup; MLB probable pitchers,lineup projected / unconfirmed,H:2026/2025 P:2026/2025,,,Direct BvP not yet weighted; 2026/2025 Statcast baseline active,7,7,24,1,"Last 7 games: 7/24, 1 HR","same-side matchup; pitcher baseline 5.9% barrel, 11.2 HR allowed",neutral batted-ball profile; pitcher fly-ball pressure modest,11.91,42.05,89.69,101.2199,0.4433,0.1949,0.3415,73.37,37.25,43.16,30.08,22.9,0.2155,5.94,34.21,86.94,0.3072,0.11,24.0,,,Wrigley Field,
105,667472,Dane Myers,CIN,ATH,2026-08-06T16:40:00Z,Pre-Game,6,Mason Barnett,686930,R,44.6,Longshot,Watch List,No major boost,28.1,38.5,63.8,76.2,50.0,28.2,Yes,Yes,6,Yes,No,MLB Stats API; RotoWire,,H:2026/2025 P:2026/2025,,,Direct BvP not yet weighted; 2026/2025 Statcast baseline active,7,8,26,0,"Last 7 games: 8/26, 0 HR","same-side matchup; pitcher baseline 8.3% barrel, 4.4 HR allowed",neutral batted-ball profile; pitcher allows elevated contact,6.05,37.52,89.86,99.3825,0.3818,0.14,0.3173,71.32,20.01,26.46,25.31,3.9,0.098,8.35,39.42,88.92,0.3787,0.1502,31.13,R To L,84,Great American Ball Park,
106,681082,Bryson Stott,PHI,WSH,2026-08-06T22:05:00Z,Scheduled,8,Miles Mikolas,571945,R,44.6,Longshot,Watch List,"Projected Lineup, Platoon Edge",27.9,61.4,34.3,47.9,80.0,32.0,No,No,8,Yes,Yes,RotoWire projected lineup; MLB probable pitchers,lineup projected / unconfirmed,H:2026/2025 P:2026/2025,,,Direct BvP not yet weighted; 2026/2025 Statcast baseline active,7,6,18,0,Contact streak: 6/18 over last 7 games,"platoon edge; pitcher baseline 10.5% barrel, 26.9 HR allowed",neutral batted-ball profile; pitcher fly-ball pressure modest,6.36,36.92,89.0,98.708,0.4042,0.1432,0.3235,69.79,7.03,35.43,28.85,9.5,0.1473,10.46,42.78,89.79,0.5078,0.2263,28.21,,,Citizens Bank Park,
107,650333,Luis Arraez,PHI,WSH,2026-08-06T22:05:00Z,Scheduled,4,Miles Mikolas,571945,R,44.5,Longshot,Watch List,"Projected Lineup, Premium Lineup Spot, Platoon Edge",7.4,61.4,34.3,90.4,80.0,45.3,No,No,4,Yes,Yes,RotoWire projected lineup; MLB probable pitchers,lineup projected / unconfirmed,H:2026/2025 P:2026/2025,,,Direct BvP not yet weighted; 2026/2025 Statcast baseline active,7,9,30,1,"Last 7 games: 9/30, 1 HR","platoon edge; pitcher baseline 10.5% barrel, 26.9 HR allowed",neutral batted-ball profile; pitcher fly-ball pressure modest,0.96,19.43,86.8,94.0506,0.3714,0.0851,0.3044,62.99,0.12,30.31,27.47,5.9,0.1168,10.46,42.78,89.79,0.5078,0.2263,28.21,,,Citizens Bank Park,
108,695720,Tommy White,ATH,CIN,2026-08-06T16:40:00Z,Pre-Game,2,Andrew Abbott,671096,L,44.2,Longshot,Watch List,"Premium Lineup Spot, Platoon Edge",11.7,40.2,63.8,100.0,78.0,2.7,Yes,Yes,2,Yes,No,MLB Stats API; RotoWire,,H:2026 P:2026/2025,,,Direct BvP not yet weighted; 2026/2025 Statcast baseline active,7,4,29,0,"Last 7 games: 4/29, 0 HR","platoon edge; pitcher baseline 7.7% barrel, 17.6 HR allowed",neutral batted-ball profile; pitcher fly-ball pressure modest,5.4,32.1,84.5,96.9707,0.372,0.084,0.298,69.7,14.2,28.6,17.9,0.0,0.029,7.65,36.71,89.06,0.4081,0.1597,28.28,R To L,84,Great American Ball Park,
109,663616,Trevor Larnach,MIN,KC,2026-08-06T23:40:00Z,Scheduled,1,Michael Wacha,608379,R,44.1,Longshot,Watch List,"Projected Lineup, Premium Lineup Spot, Platoon Edge",31.3,36.2,23.2,88.7,80.0,39.1,No,No,1,Yes,Yes,RotoWire projected lineup; MLB probable pitchers,lineup projected / unconfirmed,H:2026/2025 P:2026/2025,,,Direct BvP not yet weighted; 2026/2025 Statcast baseline active,7,3,22,2,Hot streak: 2 HR in last 7 games,"platoon edge; pitcher baseline 6.7% barrel, 15.7 HR allowed",neutral batted-ball profile; pitcher fly-ball pressure modest,7.69,39.19,88.59,99.759,0.4079,0.1495,0.332,72.03,21.5,42.48,24.75,12.1,0.1652,6.7,36.42,88.2,0.4144,0.1612,27.83,,,Kauffman Stadium,
110,683953,Travis Bazzana,CLE,NYM,2026-08-06T17:10:00Z,Pre-Game,1,Nolan McLean,690997,R,43.7,Longshot,Watch List,"Premium Lineup Spot, Platoon Edge",20.8,29.4,54.6,93.2,80.0,26.4,Yes,Yes,1,Yes,No,MLB Stats API; RotoWire,,H:2026 P:2026/2025,,,Direct BvP not yet weighted; 2026/2025 Statcast baseline active,7,8,27,0,"Last 7 games: 8/27, 0 HR","platoon edge; pitcher baseline 7.3% barrel, 10.3 HR allowed",neutral batted-ball profile; pitcher fly-ball pressure modest,4.3,37.0,88.4,98.6131,0.347,0.122,0.301,69.7,12.5,39.7,28.4,9.0,0.148,7.3,37.8,88.1,0.3493,0.1285,20.79,L To R,85,Progressive Field,
111,695657,Colson Montgomery,CWS,BOS,2026-08-06T23:10:00Z,Scheduled,4,Ranger Suarez,624133,L,43.7,Longshot,Watch List,"Projected Lineup, Strong Barrel, Premium Lineup Spot",52.6,16.6,28.7,90.4,50.0,18.3,No,No,4,Yes,Yes,RotoWire projected lineup; MLB probable pitchers,lineup projected / unconfirmed,H:2026/2025 P:2026/2025,,,Direct BvP not yet weighted; 2026/2025 Statcast baseline active,7,3,27,1,"Last 7 games: 3/27, 1 HR","same-side matchup; pitcher baseline 4.9% barrel, 7.7 HR allowed",neutral batted-ball profile; pitcher fly-ball pressure modest,13.1,42.33,89.12,101.74,0.4429,0.2262,0.3186,76.65,69.25,49.16,34.42,23.8,0.2487,4.94,32.57,86.5,0.3447,0.1068,22.49,,,Fenway Park,
112,620443,Luis Torrens,NYM,CLE,2026-08-06T17:10:00Z,Pre-Game,8,Foster Griffin,656492,L,43.4,Longshot,Watch List,Platoon Edge,26.3,42.2,54.6,52.4,78.0,41.2,Yes,Yes,8,Yes,No,MLB Stats API; RotoWire,,H:2026/2025 P:2026,,,Direct BvP not yet weighted; 2026/2025 Statcast baseline active,7,6,22,1,"Last 7 games: 6/22, 1 HR","platoon edge; pitcher baseline 9.2% barrel, 19.0 HR allowed",neutral batted-ball profile; pitcher fly-ball pressure modest,6.08,42.15,88.92,99.3479,0.3763,0.1289,0.3023,70.35,8.2,31.08,18.03,3.6,0.1134,9.2,37.6,87.9,0.411,0.16,24.6,L To R,85,Progressive Field,
113,650402,Gleyber Torres,DET,SEA,2026-08-06T20:10:00Z,Scheduled,2,Bryce Miller,682243,R,43.3,Longshot,Watch List,"Projected Lineup, Premium Lineup Spot, Hot Hitter/Streak",27.5,36.5,25.4,95.5,50.0,77.0,No,No,2,Yes,Yes,RotoWire projected lineup; MLB probable pitchers,lineup projected / unconfirmed,H:2026/2025 P:2026/2025,,,Direct BvP not yet weighted; 2026/2025 Statcast baseline active,7,8,30,3,Hot streak: 3 HR in last 7 games,"same-side matchup; pitcher baseline 7.2% barrel, 13.5 HR allowed",neutral batted-ball profile; pitcher allows elevated contact,8.13,35.15,87.34,97.7884,0.4039,0.151,0.3448,68.63,5.68,24.52,28.29,9.7,0.1366,7.16,36.7,88.83,0.3769,0.1512,32.0,,,T-Mobile Park,
114,672386,Alejandro Kirk,TOR,CHC,2026-08-06T18:20:00Z,Scheduled,5,David Peterson,656849,L,43.1,Longshot,Watch List,"Projected Lineup, Platoon Edge",26.5,39.1,29.8,81.9,78.0,39.5,No,No,5,Yes,Yes,RotoWire projected lineup; MLB probable pitchers,lineup projected / unconfirmed,H:2026/2025 P:2026/2025,,,Direct BvP not yet weighted; 2026/2025 Statcast baseline active,7,6,23,1,"Last 7 games: 6/23, 1 HR","platoon edge; pitcher baseline 6.9% barrel, 11.0 HR allowed",neutral batted-ball profile; pitcher fly-ball pressure modest,4.85,43.03,88.72,100.3936,0.3883,0.1309,0.3156,71.8,19.02,27.12,22.74,7.3,0.1243,6.89,43.55,90.11,0.4217,0.1482,19.85,,,Wrigley Field,
115,682663,Agustin Ramirez,MIA,ATL,2026-08-06T23:15:00Z,Scheduled,5,Martín Pérez,527048,L,43.0,Longshot,Watch List,"Projected Lineup, Platoon Edge",29.6,40.7,30.9,81.9,78.0,7.0,No,No,5,Yes,Yes,RotoWire projected lineup; MLB probable pitchers,lineup projected / unconfirmed,H:2026/2025 P:2026/2025,,,Direct BvP not yet weighted; 2026/2025 Statcast baseline active,7,3,18,0,"Last 7 games: 3/18, 0 HR","platoon edge; pitcher baseline 8.7% barrel, 9.5 HR allowed",neutral batted-ball profile; pitcher fly-ball pressure modest,6.52,42.24,89.75,102.3633,0.3499,0.1189,0.2928,75.69,59.05,40.05,17.93,7.7,0.133,8.7,38.14,88.27,0.4234,0.1695,24.69,,,Truist Park,
116,665966,Carlos Narvaez,BAL,LAA,2026-08-06T16:35:00Z,Pre-Game,9,Ryan Johnson,696270,R,42.8,Longshot,Watch List,"Projected Lineup, Good Environment",32.7,44.2,75.1,40.2,50.0,0.0,No,No,9,Yes,Yes,RotoWire projected lineup; MLB probable pitchers,lineup projected / unconfirmed,H:2026/2025 P:2026/2025,,,Direct BvP not yet weighted; 2026/2025 Statcast baseline active,7,0,14,0,"Last 7 games: 0/14, 0 HR","same-side matchup; pitcher baseline 9.3% barrel, 9.6 HR allowed",neutral batted-ball profile; pitcher allows elevated contact,7.56,39.35,91.38,100.2649,0.3383,0.1347,0.2755,72.02,19.74,32.44,30.1,6.6,0.1129,9.27,35.93,87.33,0.4472,0.1868,32.34,Out To CF,88,Oriole Park at Camden Yards,
117,687462,Spencer Horwitz,PIT,MIL,2026-08-06T18:10:00Z,Scheduled,1,Dustin May,669160,R,42.7,Longshot,Watch List,"Projected Lineup, Premium Lineup Spot, Platoon Edge",26.5,41.2,27.6,88.7,80.0,7.0,No,No,1,Yes,Yes,RotoWire projected lineup; MLB probable pitchers,lineup projected / unconfirmed,H:2026/2025 P:2026/2025,,,Direct BvP not yet weighted; 2026/2025 Statcast baseline active,7,4,24,0,"Last 7 games: 4/24, 0 HR","platoon edge; pitcher baseline 7.3% barrel, 11.2 HR allowed",neutral batted-ball profile; pitcher fly-ball pressure modest,8.3,34.25,87.05,97.7418,0.3867,0.1521,0.3274,68.75,5.46,40.64,27.56,10.3,0.1676,7.31,45.62,90.25,0.395,0.1455,24.31,,,American Family Field,
118,661388,William Contreras,MIL,PIT,2026-08-06T18:10:00Z,Scheduled,4,Braxton Ashcraft,677952,R,42.7,Longshot,Watch List,"Projected Lineup, Premium Lineup Spot",36.8,30.2,27.6,90.4,50.0,39.2,No,No,4,Yes,Yes,RotoWire projected lineup; MLB probable pitchers,lineup projected / unconfirmed,H:2026/2025 P:2026/2025,,,Direct BvP not yet weighted; 2026/2025 Statcast baseline active,7,7,27,1,"Last 7 games: 7/27, 1 HR","same-side matchup; pitcher baseline 5.7% barrel, 12.8 HR allowed",neutral batted-ball profile; pitcher fly-ball pressure modest,7.17,44.44,90.19,101.4539,0.4245,0.1646,0.3308,73.2,34.83,36.18,23.45,12.8,0.1313,5.68,40.11,89.26,0.3567,0.1262,24.9,,,American Family Field,
119,621493,Taylor Ward,SEA,DET,2026-08-06T20:10:00Z,Scheduled,1,Framber Valdez,664285,L,42.7,Longshot,Watch List,"Projected Lineup, Premium Lineup Spot, Platoon Edge",32.1,36.2,25.4,88.7,78.0,3.4,No,No,1,Yes,Yes,RotoWire projected lineup; MLB probable pitchers,lineup projected / unconfirmed,H:2026/2025 P:2026/2025,,,Direct BvP not yet weighted; 2026/2025 Statcast baseline active,7,3,21,0,"Last 7 games: 3/21, 0 HR","platoon edge; pitcher baseline 6.4% barrel, 12.9 HR allowed",neutral batted-ball profile; pitcher fly-ball pressure modest,7.89,40.04,89.4,99.5175,0.3975,0.1539,0.3407,68.73,4.09,33.73,29.59,15.7,0.1434,6.42,44.27,90.17,0.3847,0.1353,19.3,,,T-Mobile Park,
120,682657,Angel Martínez,CLE,NYM,2026-08-06T17:10:00Z,Pre-Game,5,Nolan McLean,690997,R,42.5,Longshot,Watch List,Platoon Edge,23.6,28.3,54.6,86.4,75.0,17.3,Yes,Yes,5,Yes,No,MLB Stats API; RotoWire,,H:2026/2025 P:2026/2025,,,Direct BvP not yet weighted; 2026/2025 Statcast baseline active,7,4,17,0,"Last 7 games: 4/17, 0 HR","switch hitter; pitcher baseline 7.3% barrel, 10.3 HR allowed",neutral batted-ball profile; pitcher fly-ball pressure modest,6.3,34.13,87.59,98.7887,0.3739,0.1354,0.2851,70.8,14.76,46.21,26.73,11.0,0.1728,7.3,37.8,88.1,0.3493,0.1285,20.79,L To R,85,Progressive Field,
121,665750,Leody Taveras,BAL,LAA,2026-08-06T16:35:00Z,Pre-Game,8,Ryan Johnson,696270,R,42.2,Longshot,Watch List,"Projected Lineup, Good Environment, Platoon Edge",18.8,43.2,75.1,47.9,75.0,18.3,No,No,8,Yes,Yes,RotoWire projected lineup; MLB probable pitchers,lineup projected / unconfirmed,H:2026/2025 P:2026/2025,,,Direct BvP not yet weighted; 2026/2025 Statcast baseline active,7,2,17,1,"Last 7 games: 2/17, 1 HR","switch hitter; pitcher baseline 9.3% barrel, 9.6 HR allowed",neutral batted-ball profile; pitcher allows elevated contact,5.07,32.33,87.94,98.87,0.3279,0.1159,0.2705,72.25,23.55,33.02,23.54,5.1,0.1193,9.27,35.93,87.33,0.4472,0.1868,32.34,Out To CF,88,Oriole Park at Camden Yards,
122,664023,Ian Happ,CHC,TOR,2026-08-06T18:20:00Z,Scheduled,5,Dylan Cease,656302,R,41.8,Longshot,Watch List,"Projected Lineup, Strong Barrel, Platoon Edge",44.2,19.0,29.8,81.9,75.0,0.0,No,No,5,Yes,Yes,RotoWire projected lineup; MLB probable pitchers,lineup projected / unconfirmed,H:2026/2025 P:2026/2025,,,Direct BvP not yet weighted; 2026/2025 Statcast baseline active,7,2,20,0,"Last 7 games: 2/20, 0 HR","switch hitter; pitcher baseline 5.9% barrel, 11.2 HR allowed",neutral batted-ball profile; pitcher fly-ball pressure modest,11.24,42.16,89.44,100.807,0.4143,0.1965,0.326,71.88,19.06,43.98,33.16,19.5,0.1896,5.94,34.21,86.94,0.3072,0.11,24.0,,,Wrigley Field,
123,680574,Matt McLain,CIN,ATH,2026-08-06T16:40:00Z,Pre-Game,9,Mason Barnett,686930,R,41.5,Longshot,Watch List,No major boost,31.9,38.5,63.8,44.8,50.0,28.9,Yes,Yes,9,Yes,No,MLB Stats API; RotoWire,,H:2026/2025 P:2026/2025,,,Direct BvP not yet weighted; 2026/2025 Statcast baseline active,7,4,21,1,"Last 7 games: 4/21, 1 HR","same-side matchup; pitcher baseline 8.3% barrel, 4.4 HR allowed",neutral batted-ball profile; pitcher allows elevated contact,8.71,37.62,88.17,98.8216,0.3757,0.1525,0.3061,71.0,10.1,33.26,32.66,10.8,0.1363,8.35,39.42,88.92,0.3787,0.1502,31.13,R To L,84,Great American Ball Park,
124,676572,Eric Wagaman,NYM,CLE,2026-08-06T17:10:00Z,Pre-Game,7,Foster Griffin,656492,L,41.3,Longshot,Watch List,Platoon Edge,21.1,42.2,54.6,64.3,78.0,0.0,Yes,Yes,7,Yes,No,MLB Stats API; RotoWire,,H:2026/2025 P:2026,,,Direct BvP not yet weighted; 2026/2025 Statcast baseline active,7,2,17,0,"Last 7 games: 2/17, 0 HR","platoon edge; pitcher baseline 9.2% barrel, 19.0 HR allowed",neutral batted-ball profile; pitcher fly-ball pressure modest,6.73,30.26,85.4,98.0889,0.3895,0.1501,0.3108,72.7,33.31,37.12,19.01,4.1,0.1434,9.2,37.6,87.9,0.411,0.16,24.6,L To R,85,Progressive Field,
125,695734,Daylen Lile,WSH,PHI,2026-08-06T22:05:00Z,Scheduled,6,Cristopher Sánchez,650911,L,41.2,Longshot,Watch List,Projected Lineup,30.8,33.2,34.3,71.7,50.0,68.3,No,No,6,Yes,Yes,RotoWire projected lineup; MLB probable pitchers,lineup projected / unconfirmed,H:2026/2025 P:2026/2025,,,Direct BvP not yet weighted; 2026/2025 Statcast baseline active,7,5,24,3,Hot streak: 3 HR in last 7 games,"same-side matchup; pitcher baseline 7.2% barrel, 12.0 HR allowed",neutral batted-ball profile; pitcher fly-ball pressure modest,7.16,37.16,88.41,98.6111,0.4203,0.1544,0.3221,70.43,7.96,41.08,32.41,12.5,0.1787,7.17,42.04,89.21,0.3569,0.1249,17.39,,,Citizens Bank Park,
126,655316,Andruw Monasterio,BOS,CWS,2026-08-06T23:10:00Z,Scheduled,8,Luis Castillo,622491,R,41.1,Longshot,Watch List,Projected Lineup,29.6,54.0,28.7,47.9,50.0,58.0,No,No,8,Yes,Yes,RotoWire projected lineup; MLB probable pitchers,lineup projected / unconfirmed,H:2026/2025 P:2026/2025,,,Direct BvP not yet weighted; 2026/2025 Statcast baseline active,7,10,26,1,Contact streak: 10/26 over last 7 games,"same-side matchup; pitcher baseline 9.9% barrel, 18.1 HR allowed",neutral batted-ball profile; pitcher fly-ball pressure modest,7.68,37.48,88.4,98.1787,0.3882,0.1488,0.3017,69.17,3.08,42.65,32.18,5.4,0.1817,9.91,43.11,90.23,0.4418,0.1814,27.93,,,Fenway Park,
127,691788,Joe Mack,MIA,ATL,2026-08-06T23:15:00Z,Scheduled,9,Martín Pérez,527048,L,40.8,Longshot,Watch List,"Projected Lineup, Strong Barrel",42.1,40.7,30.9,40.2,50.0,47.2,No,No,9,Yes,Yes,RotoWire projected lineup; MLB probable pitchers,lineup projected / unconfirmed,H:2026 P:2026/2025,,,Direct BvP not yet weighted; 2026/2025 Statcast baseline active,7,5,16,1,"Last 7 games: 5/16, 1 HR","same-side matchup; pitcher baseline 8.7% barrel, 9.5 HR allowed",neutral batted-ball profile; pitcher fly-ball pressure modest,10.1,40.9,88.8,100.1617,0.442,0.199,0.319,74.3,42.8,48.3,26.2,11.0,0.2,8.7,38.14,88.27,0.4234,0.1695,24.69,,,Truist Park,
128,703601,Max Clark,DET,SEA,2026-08-06T20:10:00Z,Scheduled,7,Bryce Miller,682243,R,40.7,Longshot,Watch List,"Projected Lineup, Platoon Edge",29.6,36.5,25.4,59.8,80.0,55.6,No,No,7,Yes,Yes,RotoWire projected lineup; MLB probable pitchers,lineup projected / unconfirmed,H:2026 P:2026/2025,,,Direct BvP not yet weighted; 2026/2025 Statcast baseline active,5,7,19,1,Contact streak: 7/19 over last 5 games,"platoon edge; pitcher baseline 7.2% barrel, 13.5 HR allowed",neutral batted-ball profile; pitcher allows elevated contact,0.0,50.0,88.9,99.0949,0.417,0.117,0.391,73.0,32.6,16.7,33.3,1.0,0.264,7.16,36.7,88.83,0.3769,0.1512,32.0,,,T-Mobile Park,
129,672275,Patrick Bailey,CLE,NYM,2026-08-06T17:10:00Z,Pre-Game,8,Nolan McLean,690997,R,40.6,Longshot,Watch List,Platoon Edge,31.3,28.3,54.6,52.4,75.0,24.0,Yes,Yes,8,Yes,No,MLB Stats API; RotoWire,,H:2026/2025 P:2026/2025,,,Direct BvP not yet weighted; 2026/2025 Statcast baseline active,7,3,19,1,"Last 7 games: 3/19, 1 HR","switch hitter; pitcher baseline 7.3% barrel, 10.3 HR allowed",neutral batted-ball profile; pitcher fly-ball pressure modest,6.93,39.41,89.81,99.5437,0.3729,0.1475,0.2836,72.55,28.51,32.85,26.2,6.0,0.1114,7.3,37.8,88.1,0.3493,0.1285,20.79,L To R,85,Progressive Field,
130,645277,Ozzie Albies,ATL,MIA,2026-08-06T23:15:00Z,Scheduled,5,Janson Junk,676083,R,40.3,Longshot,Watch List,"Projected Lineup, Platoon Edge",17.2,41.4,30.9,81.9,75.0,36.3,No,No,5,Yes,Yes,RotoWire projected lineup; MLB probable pitchers,lineup projected / unconfirmed,H:2026/2025 P:2026/2025,,,Direct BvP not yet weighted; 2026/2025 Statcast baseline active,7,6,25,1,"Last 7 games: 6/25, 1 HR","switch hitter; pitcher baseline 7.5% barrel, 10.1 HR allowed",neutral batted-ball profile; pitcher fly-ball pressure modest,4.62,29.09,87.01,96.8408,0.3639,0.1265,0.2892,68.93,6.02,46.56,31.83,18.1,0.1607,7.52,42.82,90.55,0.4194,0.1599,23.57,,,Truist Park,
131,686555,Isaac Collins,KC,MIN,2026-08-06T23:40:00Z,Scheduled,6,Bailey Ober,641927,R,40.2,Longshot,Watch List,"Projected Lineup, Platoon Edge",23.1,48.4,23.2,71.7,75.0,13.3,No,No,6,Yes,Yes,RotoWire projected lineup; MLB probable pitchers,lineup projected / unconfirmed,H:2026/2025 P:2026/2025,,,Direct BvP not yet weighted; 2026/2025 Statcast baseline active,7,5,24,0,"Last 7 games: 5/24, 0 HR","switch hitter; pitcher baseline 10.1% barrel, 18.8 HR allowed",neutral batted-ball profile; pitcher allows elevated contact,5.18,39.88,88.45,99.9735,0.3366,0.1004,0.3094,73.26,30.2,40.26,26.37,6.9,0.1347,10.13,34.55,88.41,0.4515,0.2021,30.71,,,Kauffman Stadium,
132,672724,Oswald Peraza,LAA,BAL,2026-08-06T16:35:00Z,Pre-Game,9,Brandon Young,687064,R,40.0,Longshot,Watch List,Good Environment,24.0,41.8,75.1,44.8,50.0,0.8,Yes,Yes,9,Yes,No,MLB Stats API; RotoWire,,H:2026/2025 P:2026/2025,,,Direct BvP not yet weighted; 2026/2025 Statcast baseline active,7,1,8,0,"Last 7 games: 1/8, 0 HR","same-side matchup; pitcher baseline 7.5% barrel, 11.3 HR allowed",neutral batted-ball profile; pitcher fly-ball pressure modest,7.26,38.1,87.24,99.9339,0.3361,0.119,0.2669,72.83,29.23,37.11,21.08,6.4,0.1175,7.54,41.71,89.4,0.4159,0.163,27.71,Out To CF,88,Oriole Park at Camden Yards,
133,696285,Jacob Young,WSH,PHI,2026-08-06T22:05:00Z,Scheduled,1,Cristopher Sánchez,650911,L,40.0,Longshot,Watch List,"Projected Lineup, Premium Lineup Spot, Platoon Edge",19.2,33.2,34.3,88.7,78.0,22.0,No,No,1,Yes,Yes,RotoWire projected lineup; MLB probable pitchers,lineup projected / unconfirmed,H:2026/2025 P:2026/2025,,,Direct BvP not yet weighted; 2026/2025 Statcast baseline active,7,4,15,0,"Last 7 games: 4/15, 0 HR","platoon edge; pitcher baseline 7.2% barrel, 12.0 HR allowed",neutral batted-ball profile; pitcher fly-ball pressure modest,5.05,34.13,88.23,98.2546,0.3766,0.1139,0.3131,69.0,2.09,35.21,23.09,6.9,0.1211,7.17,42.04,89.21,0.3569,0.1249,17.39,,,Citizens Bank Park,
134,683734,Andrew Vaughn,MIL,PIT,2026-08-06T18:10:00Z,Scheduled,6,Braxton Ashcraft,677952,R,39.8,Longshot,Watch List,Projected Lineup,37.1,30.2,27.6,71.7,50.0,31.9,No,No,6,Yes,Yes,RotoWire projected lineup; MLB probable pitchers,lineup projected / unconfirmed,H:2026/2025 P:2026/2025,,,Direct BvP not yet weighted; 2026/2025 Statcast baseline active,7,4,19,1,"Last 7 games: 4/19, 1 HR","same-side matchup; pitcher baseline 5.7% barrel, 12.8 HR allowed",neutral batted-ball profile; pitcher fly-ball pressure modest,7.94,44.55,90.76,100.0991,0.4342,0.157,0.3532,70.39,11.61,35.47,24.97,7.7,0.1724,5.68,40.11,89.26,0.3567,0.1262,24.9,,,American Family Field,
135,592885,Christian Yelich,MIL,PIT,2026-08-06T18:10:00Z,Scheduled,7,Braxton Ashcraft,677952,R,39.7,Longshot,Watch List,"Projected Lineup, Platoon Edge",37.2,30.2,27.6,59.8,80.0,9.8,No,No,7,Yes,Yes,RotoWire projected lineup; MLB probable pitchers,lineup projected / unconfirmed,H:2026/2025 P:2026/2025,,,Direct BvP not yet weighted; 2026/2025 Statcast baseline active,7,5,27,0,"Last 7 games: 5/27, 0 HR","platoon edge; pitcher baseline 5.7% barrel, 12.8 HR allowed",neutral batted-ball profile; pitcher fly-ball pressure modest,9.67,43.18,89.15,100.8301,0.3956,0.166,0.3111,73.09,31.69,33.68,19.65,13.6,0.1558,5.68,40.11,89.26,0.3567,0.1262,24.9,,,American Family Field,
136,699302,Héctor Rodríguez,CIN,ATH,2026-08-06T16:40:00Z,Pre-Game,7,Mason Barnett,686930,R,39.5,Longshot,Watch List,Platoon Edge,13.5,38.5,63.8,64.3,80.0,0.0,Yes,Yes,7,Yes,No,MLB Stats API; RotoWire,,H:2026 P:2026/2025,,,Direct BvP not yet weighted; 2026/2025 Statcast baseline active,1,0,2,0,"Last 1 games: 0/2, 0 HR","platoon edge; pitcher baseline 8.3% barrel, 4.4 HR allowed",neutral batted-ball profile; pitcher allows elevated contact,0.0,0.0,71.6,74.8016,0.602,0.054,0.578,74.5,33.3,0.0,0.0,0.0,0.0,8.35,39.42,88.92,0.3787,0.1502,31.13,R To L,84,Great American Ball Park,
137,682622,Noelvi Marte,CIN,ATH,2026-08-06T16:40:00Z,Pre-Game,8,Mason Barnett,686930,R,39.1,Longshot,Watch List,No major boost,23.8,38.5,63.8,52.4,50.0,13.3,Yes,Yes,8,Yes,No,MLB Stats API; RotoWire,,H:2026/2025 P:2026/2025,,,Direct BvP not yet weighted; 2026/2025 Statcast baseline active,7,5,24,0,"Last 7 games: 5/24, 0 HR","same-side matchup; pitcher baseline 8.3% barrel, 4.4 HR allowed",neutral batted-ball profile; pitcher allows elevated contact,6.72,32.73,88.29,99.4599,0.3508,0.1359,0.2662,72.5,28.98,44.15,21.62,8.4,0.1591,8.35,39.42,88.92,0.3787,0.1502,31.13,R To L,84,Great American Ball Park,
138,665923,Esteury Ruiz,MIA,ATL,2026-08-06T23:15:00Z,Scheduled,7,Martín Pérez,527048,L,38.4,Longshot,Watch List,"Projected Lineup, Platoon Edge",20.6,40.7,30.9,59.8,78.0,36.5,No,No,7,Yes,Yes,RotoWire projected lineup; MLB probable pitchers,lineup projected / unconfirmed,H:2026/2025 P:2026/2025,,,Direct BvP not yet weighted; 2026/2025 Statcast baseline active,7,4,11,0,Contact streak: 4/11 over last 7 games,"platoon edge; pitcher baseline 8.7% barrel, 9.5 HR allowed",neutral batted-ball profile; pitcher fly-ball pressure modest,8.33,27.65,84.3,96.0611,0.3454,0.1519,0.2931,71.38,16.77,44.38,27.65,3.8,0.1913,8.7,38.14,88.27,0.4234,0.1695,24.69,,,Truist Park,
139,680779,Henry Davis,PIT,MIL,2026-08-06T18:10:00Z,Scheduled,8,Dustin May,669160,R,38.0,Longshot,Watch List,Projected Lineup,35.8,41.2,27.6,47.9,50.0,19.5,No,No,8,Yes,Yes,RotoWire projected lineup; MLB probable pitchers,lineup projected / unconfirmed,H:2026/2025 P:2026/2025,,,Direct BvP not yet weighted; 2026/2025 Statcast baseline active,7,5,20,0,"Last 7 games: 5/20, 0 HR","same-side matchup; pitcher baseline 7.3% barrel, 11.2 HR allowed",neutral batted-ball profile; pitcher fly-ball pressure modest,9.89,38.87,89.37,100.5511,0.3568,0.1501,0.2923,74.25,43.05,51.07,27.47,7.7,0.1362,7.31,45.62,90.25,0.395,0.1455,24.31,,,American Family Field,
140,702222,Justin Crawford,PHI,WSH,2026-08-06T22:05:00Z,Scheduled,9,Miles Mikolas,571945,R,38.0,Longshot,Watch List,"Projected Lineup, Platoon Edge",9.0,61.4,34.3,40.2,80.0,45.0,No,No,9,Yes,Yes,RotoWire projected lineup; MLB probable pitchers,lineup projected / unconfirmed,H:2026 P:2026/2025,,,Direct BvP not yet weighted; 2026/2025 Statcast baseline active,7,8,19,0,Contact streak: 8/19 over last 7 games,"platoon edge; pitcher baseline 10.5% barrel, 26.9 HR allowed",neutral batted-ball profile; pitcher fly-ball pressure modest,1.2,33.5,86.6,97.6828,0.317,0.061,0.279,68.9,5.0,27.4,16.9,2.0,0.081,10.46,42.78,89.79,0.5078,0.2263,28.21,,,Citizens Bank Park,
141,693304,Nick Gonzales,PIT,MIL,2026-08-06T18:10:00Z,Scheduled,2,Dustin May,669160,R,37.9,Longshot,Watch List,"Projected Lineup, Premium Lineup Spot",16.6,41.2,27.6,95.5,50.0,9.8,No,No,2,Yes,Yes,RotoWire projected lineup; MLB probable pitchers,lineup projected / unconfirmed,H:2026/2025 P:2026/2025,,,Direct BvP not yet weighted; 2026/2025 Statcast baseline active,7,5,27,0,"Last 7 games: 5/27, 0 HR","same-side matchup; pitcher baseline 7.3% barrel, 11.2 HR allowed",neutral batted-ball profile; pitcher fly-ball pressure modest,3.45,36.56,87.05,98.3077,0.3792,0.1077,0.3106,70.64,12.59,38.41,21.05,5.7,0.0943,7.31,45.62,90.25,0.395,0.1455,24.31,,,American Family Field,
142,669364,Xavier Edwards,MIA,ATL,2026-08-06T23:15:00Z,Scheduled,3,Martín Pérez,527048,L,37.7,Longshot,Watch List,"Projected Lineup, Premium Lineup Spot, Platoon Edge",9.7,39.7,30.9,92.1,75.0,14.6,No,No,3,Yes,Yes,RotoWire projected lineup; MLB probable pitchers,lineup projected / unconfirmed,H:2026/2025 P:2026/2025,,,Direct BvP not yet weighted; 2026/2025 Statcast baseline active,7,5,23,0,"Last 7 games: 5/23, 0 HR","switch hitter; pitcher baseline 8.7% barrel, 9.5 HR allowed",neutral batted-ball profile; pitcher fly-ball pressure modest,2.97,28.98,86.94,96.6132,0.3586,0.0956,0.3104,67.95,2.47,29.57,21.77,5.1,0.0945,8.7,38.14,88.27,0.4234,0.1695,24.69,,,Truist Park,
143,686765,Nick Sogard,BOS,CWS,2026-08-06T23:10:00Z,Scheduled,1,Luis Castillo,622491,R,37.3,Longshot,Watch List,"Projected Lineup, Premium Lineup Spot, Platoon Edge",2.0,52.0,28.7,88.7,75.0,13.3,No,No,1,Yes,Yes,RotoWire projected lineup; MLB probable pitchers,lineup projected / unconfirmed,H:2026/2025 P:2026/2025,,,Direct BvP not yet weighted; 2026/2025 Statcast baseline active,7,5,24,0,"Last 7 games: 5/24, 0 HR","switch hitter; pitcher baseline 9.9% barrel, 18.1 HR allowed",neutral batted-ball profile; pitcher fly-ball pressure modest,1.68,22.87,83.34,94.1139,0.3057,0.0701,0.2985,68.78,4.17,39.78,21.22,0.0,0.0861,9.91,43.11,90.23,0.4418,0.1814,27.93,,,Fenway Park,
144,675961,Alika Williams,ATH,CIN,2026-08-06T16:40:00Z,Pre-Game,8,Andrew Abbott,671096,L,37.2,Longshot,Watch List,Platoon Edge,7.8,40.2,63.8,52.4,78.0,22.0,Yes,Yes,8,Yes,No,MLB Stats API; RotoWire,,H:2026 P:2026/2025,,,Direct BvP not yet weighted; 2026/2025 Statcast baseline active,7,4,15,0,"Last 7 games: 4/15, 0 HR","platoon edge; pitcher baseline 7.7% barrel, 17.6 HR allowed",neutral batted-ball profile; pitcher fly-ball pressure modest,1.1,33.3,85.3,97.2946,0.28,0.069,0.232,69.6,4.2,38.6,22.7,2.0,0.135,7.65,36.71,89.06,0.4081,0.1597,28.28,R To L,84,Great American Ball Park,
145,647304,Josh Naylor,SEA,DET,2026-08-06T20:10:00Z,Scheduled,5,Framber Valdez,664285,L,37.0,Longshot,Watch List,Projected Lineup,23.3,36.2,25.4,81.9,50.0,18.0,No,No,5,Yes,Yes,RotoWire projected lineup; MLB probable pitchers,lineup projected / unconfirmed,H:2026/2025 P:2026/2025,,,Direct BvP not yet weighted; 2026/2025 Statcast baseline active,7,6,25,0,"Last 7 games: 6/25, 0 HR","same-side matchup; pitcher baseline 6.4% barrel, 12.9 HR allowed",neutral batted-ball profile; pitcher fly-ball pressure modest,5.09,37.63,88.08,99.0412,0.3984,0.1303,0.3208,70.34,11.4,41.36,23.41,11.6,0.1166,6.42,44.27,90.17,0.3847,0.1353,19.3,,,T-Mobile Park,
146,677587,Brayan Rocchio,CLE,NYM,2026-08-06T17:10:00Z,Pre-Game,6,Nolan McLean,690997,R,36.9,Longshot,Watch List,Platoon Edge,13.4,28.3,54.6,76.2,75.0,0.8,Yes,Yes,6,Yes,No,MLB Stats API; RotoWire,,H:2026/2025 P:2026/2025,,,Direct BvP not yet weighted; 2026/2025 Statcast baseline active,7,3,24,0,"Last 7 games: 3/24, 0 HR","switch hitter; pitcher baseline 7.3% barrel, 10.3 HR allowed",neutral batted-ball profile; pitcher fly-ball pressure modest,3.09,32.21,86.95,97.2816,0.3496,0.1053,0.295,70.07,7.29,44.34,24.39,7.8,0.1182,7.3,37.8,88.1,0.3493,0.1285,20.79,L To R,85,Progressive Field,
147,691594,Javier Sanoja,MIA,ATL,2026-08-06T23:15:00Z,Scheduled,6,Martín Pérez,527048,L,36.8,Longshot,Watch List,"Projected Lineup, Platoon Edge",9.7,40.7,30.9,71.7,78.0,43.2,No,No,6,Yes,Yes,RotoWire projected lineup; MLB probable pitchers,lineup projected / unconfirmed,H:2026/2025 P:2026/2025,,,Direct BvP not yet weighted; 2026/2025 Statcast baseline active,7,6,21,1,"Last 7 games: 6/21, 1 HR","platoon edge; pitcher baseline 8.7% barrel, 9.5 HR allowed",neutral batted-ball profile; pitcher fly-ball pressure modest,1.87,31.99,87.31,97.3278,0.3308,0.0774,0.2764,69.0,6.18,37.8,19.46,4.6,0.139,8.7,38.14,88.27,0.4234,0.1695,24.69,,,Truist Park,
148,702332,Caleb Durbin,BOS,CWS,2026-08-06T23:10:00Z,Scheduled,6,Luis Castillo,622491,R,36.4,Longshot,Watch List,Projected Lineup,5.5,54.0,28.7,71.7,50.0,56.6,No,No,6,Yes,Yes,RotoWire projected lineup; MLB probable pitchers,lineup projected / unconfirmed,H:2026/2025 P:2026/2025,,,Direct BvP not yet weighted; 2026/2025 Statcast baseline active,7,9,24,1,Contact streak: 9/24 over last 7 games,"same-side matchup; pitcher baseline 9.9% barrel, 18.1 HR allowed",neutral batted-ball profile; pitcher fly-ball pressure modest,3.02,27.25,84.5,96.0422,0.3389,0.0958,0.2959,68.81,4.95,41.37,18.7,11.0,0.1485,9.91,43.11,90.23,0.4418,0.1814,27.93,,,Fenway Park,
149,690984,Petey Halpin,CLE,NYM,2026-08-06T17:10:00Z,Pre-Game,7,Nolan McLean,690997,R,35.5,Longshot,Watch List,Platoon Edge,8.6,29.4,54.6,64.3,80.0,24.9,Yes,Yes,7,Yes,No,MLB Stats API; RotoWire,,H:2026/2025 P:2026/2025,,,Direct BvP not yet weighted; 2026/2025 Statcast baseline active,7,6,21,0,"Last 7 games: 6/21, 0 HR","platoon edge; pitcher baseline 7.3% barrel, 10.3 HR allowed",neutral batted-ball profile; pitcher fly-ball pressure modest,4.62,17.71,81.45,93.3901,0.3038,0.091,0.2762,70.29,6.02,38.87,34.45,1.4,0.07,7.3,37.8,88.1,0.3493,0.1285,20.79,L To R,85,Progressive Field,
150,608324,Alex Bregman,CHC,TOR,2026-08-06T18:20:00Z,Scheduled,4,Dylan Cease,656302,R,35.5,Longshot,Watch List,"Projected Lineup, Premium Lineup Spot",24.3,20.2,29.8,90.4,50.0,19.5,No,No,4,Yes,Yes,RotoWire projected lineup; MLB probable pitchers,lineup projected / unconfirmed,H:2026/2025 P:2026/2025,,,Direct BvP not yet weighted; 2026/2025 Statcast baseline active,7,7,28,0,"Last 7 games: 7/28, 0 HR","same-side matchup; pitcher baseline 5.9% barrel, 11.2 HR allowed",neutral batted-ball profile; pitcher fly-ball pressure modest,4.85,39.29,88.7,98.2688,0.3759,0.1327,0.3167,70.16,4.94,46.72,25.69,13.1,0.1484,5.94,34.21,86.94,0.3072,0.11,24.0,,,Wrigley Field,
151,686797,Brooks Lee,MIN,KC,2026-08-06T23:40:00Z,Scheduled,6,Michael Wacha,608379,R,35.4,Longshot,Watch List,"Projected Lineup, Platoon Edge",17.8,34.5,23.2,71.7,75.0,19.1,No,No,6,Yes,Yes,RotoWire projected lineup; MLB probable pitchers,lineup projected / unconfirmed,H:2026/2025 P:2026/2025,,,Direct BvP not yet weighted; 2026/2025 Statcast baseline active,7,3,24,1,"Last 7 games: 3/24, 1 HR","switch hitter; pitcher baseline 6.7% barrel, 15.7 HR allowed",neutral batted-ball profile; pitcher fly-ball pressure modest,4.26,33.6,87.9,97.4189,0.3376,0.1127,0.275,69.92,8.35,41.85,28.02,16.0,0.1634,6.7,36.42,88.2,0.4144,0.1612,27.83,,,Kauffman Stadium,
152,702284,Cole Young,SEA,DET,2026-08-06T20:10:00Z,Scheduled,8,Framber Valdez,664285,L,35.2,Longshot,Watch List,Projected Lineup,25.8,36.2,25.4,47.9,50.0,59.3,No,No,8,Yes,Yes,RotoWire projected lineup; MLB probable pitchers,lineup projected / unconfirmed,H:2026/2025 P:2026/2025,,,Direct BvP not yet weighted; 2026/2025 Statcast baseline active,7,11,28,1,Contact streak: 11/28 over last 7 games,"same-side matchup; pitcher baseline 6.4% barrel, 12.9 HR allowed",neutral batted-ball profile; pitcher fly-ball pressure modest,5.32,36.56,88.44,99.1002,0.4033,0.1394,0.3236,71.51,21.86,42.4,27.01,11.0,0.1332,6.42,44.27,90.17,0.3847,0.1353,19.3,,,T-Mobile Park,
153,686668,Brenton Doyle,CWS,BOS,2026-08-06T23:10:00Z,Scheduled,6,Ranger Suarez,624133,L,35.1,Longshot,Watch List,"Projected Lineup, Platoon Edge",23.9,16.6,28.7,71.7,78.0,38.3,No,No,6,Yes,Yes,RotoWire projected lineup; MLB probable pitchers,lineup projected / unconfirmed,H:2026/2025 P:2026/2025,,,Direct BvP not yet weighted; 2026/2025 Statcast baseline active,7,6,16,0,Contact streak: 6/16 over last 7 games,"platoon edge; pitcher baseline 4.9% barrel, 7.7 HR allowed",neutral batted-ball profile; pitcher fly-ball pressure modest,7.05,38.86,88.71,99.6496,0.3149,0.1063,0.2636,71.68,13.62,41.12,22.33,5.2,0.0891,4.94,32.57,86.5,0.3447,0.1068,22.49,,,Fenway Park,
154,679845,Nick Loftin,KC,MIN,2026-08-06T23:40:00Z,Scheduled,7,Bailey Ober,641927,R,35.0,Longshot,Watch List,Projected Lineup,17.3,50.4,23.2,59.8,50.0,17.7,No,No,7,Yes,Yes,RotoWire projected lineup; MLB probable pitchers,lineup projected / unconfirmed,H:2026/2025 P:2026/2025,,,Direct BvP not yet weighted; 2026/2025 Statcast baseline active,7,5,21,0,"Last 7 games: 5/21, 0 HR","same-side matchup; pitcher baseline 10.1% barrel, 18.8 HR allowed",neutral batted-ball profile; pitcher allows elevated contact,5.04,30.64,87.36,96.9071,0.3583,0.1179,0.3038,69.05,4.96,45.41,27.45,4.7,0.1504,10.13,34.55,88.41,0.4515,0.2021,30.71,,,Kauffman Stadium,
155,702176,Alan Roden,MIN,KC,2026-08-06T23:40:00Z,Scheduled,7,Michael Wacha,608379,R,34.6,Longshot,Watch List,"Projected Lineup, Platoon Edge",19.6,36.2,23.2,59.8,80.0,9.3,No,No,7,Yes,Yes,RotoWire projected lineup; MLB probable pitchers,lineup projected / unconfirmed,H:2026/2025 P:2026/2025,,,Direct BvP not yet weighted; 2026/2025 Statcast baseline active,7,2,11,0,"Last 7 games: 2/11, 0 HR","platoon edge; pitcher baseline 6.7% barrel, 15.7 HR allowed",neutral batted-ball profile; pitcher fly-ball pressure modest,4.38,39.36,88.15,98.339,0.3351,0.0982,0.2998,70.59,13.98,34.44,26.07,0.6,0.0309,6.7,36.42,88.2,0.4144,0.1612,27.83,,,Kauffman Stadium,
156,663968,Jake Mangum,PIT,MIL,2026-08-06T18:10:00Z,Scheduled,6,Dustin May,669160,R,34.4,Longshot,Watch List,"Projected Lineup, Platoon Edge",5.9,40.0,27.6,71.7,75.0,39.2,No,No,6,Yes,Yes,RotoWire projected lineup; MLB probable pitchers,lineup projected / unconfirmed,H:2026/2025 P:2026/2025,,,Direct BvP not yet weighted; 2026/2025 Statcast baseline active,7,7,27,1,"Last 7 games: 7/27, 1 HR","switch hitter; pitcher baseline 7.3% barrel, 11.2 HR allowed",neutral batted-ball profile; pitcher fly-ball pressure modest,1.65,28.85,86.04,96.5952,0.329,0.0752,0.2823,67.44,3.73,27.65,14.86,3.0,0.0727,7.31,45.62,90.25,0.395,0.1455,24.31,,,American Family Field,
157,643289,Mauricio Dubon,ATL,MIA,2026-08-06T23:15:00Z,Scheduled,6,Janson Junk,676083,R,34.4,Longshot,Watch List,Projected Lineup,11.4,42.5,30.9,71.7,50.0,25.8,No,No,6,Yes,Yes,RotoWire projected lineup; MLB probable pitchers,lineup projected / unconfirmed,H:2026/2025 P:2026/2025,,,Direct BvP not yet weighted; 2026/2025 Statcast baseline active,7,7,24,0,"Last 7 games: 7/24, 0 HR","same-side matchup; pitcher baseline 7.5% barrel, 10.1 HR allowed",neutral batted-ball profile; pitcher fly-ball pressure modest,3.37,29.38,86.11,96.4089,0.3674,0.105,0.2997,68.73,3.26,31.96,24.88,9.1,0.128,7.52,42.82,90.55,0.4194,0.1599,23.57,,,Truist Park,
158,608348,Carson Kelly,CHC,TOR,2026-08-06T18:20:00Z,Scheduled,7,Dylan Cease,656302,R,34.3,Longshot,Watch List,Projected Lineup,28.9,20.2,29.8,59.8,50.0,50.3,No,No,7,Yes,Yes,RotoWire projected lineup; MLB probable pitchers,lineup projected / unconfirmed,H:2026/2025 P:2026/2025,,,Direct BvP not yet weighted; 2026/2025 Statcast baseline active,7,7,21,1,Contact streak: 7/21 over last 7 games,"same-side matchup; pitcher baseline 5.9% barrel, 11.2 HR allowed",neutral batted-ball profile; pitcher fly-ball pressure modest,7.08,38.55,88.03,99.0053,0.3956,0.1533,0.3217,70.75,8.54,38.38,25.99,10.0,0.1349,5.94,34.21,86.94,0.3072,0.11,24.0,,,Wrigley Field,
159,680716,Jonathan Ornelas,ATH,CIN,2026-08-06T16:40:00Z,Pre-Game,9,Andrew Abbott,671096,L,34.2,Longshot,Watch List,Platoon Edge,3.4,40.2,63.8,44.8,78.0,12.0,Yes,Yes,9,Yes,No,MLB Stats API; RotoWire,,H:2026/2025 P:2026/2025,,,Direct BvP not yet weighted; 2026/2025 Statcast baseline active,3,1,5,0,"Last 3 games: 1/5, 0 HR","platoon edge; pitcher baseline 7.7% barrel, 17.6 HR allowed",neutral batted-ball profile; pitcher fly-ball pressure modest,0.0,9.99,78.47,89.8987,0.0937,0.005,0.0996,72.02,29.82,75.01,0.0,0.0,0.0,7.65,36.71,89.06,0.4081,0.1597,28.28,R To L,84,Great American Ball Park,
160,621020,Dansby Swanson,CHC,TOR,2026-08-06T18:20:00Z,Scheduled,9,Dylan Cease,656302,R,34.2,Longshot,Watch List,Projected Lineup,39.1,20.2,29.8,40.2,50.0,37.8,No,No,9,Yes,Yes,RotoWire projected lineup; MLB probable pitchers,lineup projected / unconfirmed,H:2026/2025 P:2026/2025,,,Direct BvP not yet weighted; 2026/2025 Statcast baseline active,7,6,24,1,"Last 7 games: 6/24, 1 HR","same-side matchup; pitcher baseline 5.9% barrel, 11.2 HR allowed",neutral batted-ball profile; pitcher fly-ball pressure modest,8.69,43.39,89.87,99.9928,0.4126,0.1785,0.3142,71.32,8.12,46.43,29.61,19.1,0.1849,5.94,34.21,86.94,0.3072,0.11,24.0,,,Wrigley Field,
161,664728,Kyle Isbel,KC,MIN,2026-08-06T23:40:00Z,Scheduled,9,Bailey Ober,641927,R,33.9,Longshot,Watch List,"Projected Lineup, Platoon Edge",13.0,50.4,23.2,40.2,80.0,24.9,No,No,9,Yes,Yes,RotoWire projected lineup; MLB probable pitchers,lineup projected / unconfirmed,H:2026/2025 P:2026/2025,,,Direct BvP not yet weighted; 2026/2025 Statcast baseline active,7,6,21,0,"Last 7 games: 6/21, 0 HR","platoon edge; pitcher baseline 10.1% barrel, 18.8 HR allowed",neutral batted-ball profile; pitcher allows elevated contact,2.58,34.7,88.36,98.9847,0.3117,0.0805,0.2664,71.31,14.74,31.55,17.12,3.3,0.1036,10.13,34.55,88.41,0.4515,0.2021,30.71,,,Kauffman Stadium,
162,805300,Jakob Marsee,MIA,ATL,2026-08-06T23:15:00Z,Scheduled,8,Martín Pérez,527048,L,33.8,Longshot,Watch List,Projected Lineup,19.8,40.7,30.9,47.9,50.0,33.7,No,No,8,Yes,Yes,RotoWire projected lineup; MLB probable pitchers,lineup projected / unconfirmed,H:2026/2025 P:2026/2025,,,Direct BvP not yet weighted; 2026/2025 Statcast baseline active,7,4,18,1,"Last 7 games: 4/18, 1 HR","same-side matchup; pitcher baseline 8.7% barrel, 9.5 HR allowed",neutral batted-ball profile; pitcher fly-ball pressure modest,5.02,36.01,87.64,98.4706,0.3517,0.1162,0.3141,70.5,6.07,41.23,23.96,5.7,0.1279,8.7,38.14,88.27,0.4234,0.1695,24.69,,,Truist Park,
163,665506,Cristian Pache,NYM,CLE,2026-08-06T17:10:00Z,Pre-Game,9,Foster Griffin,656492,L,33.7,Longshot,Watch List,Platoon Edge,6.4,42.2,54.6,44.8,78.0,0.0,Yes,Yes,9,Yes,No,MLB Stats API; RotoWire,,H: P:2026,,,Direct BvP not yet weighted; 2026/2025 Statcast baseline active,1,0,0,0,"Last 1 games: 0/0, 0 HR","platoon edge; pitcher baseline 9.2% barrel, 19.0 HR allowed",neutral batted-ball profile; pitcher fly-ball pressure modest,,,,,,,,,,,,,,9.2,37.6,87.9,0.411,0.16,24.6,L To R,85,Progressive Field,
164,664770,Nathan Lukes,TOR,CHC,2026-08-06T18:20:00Z,Scheduled,1,David Peterson,656849,L,33.7,Longshot,Watch List,"Projected Lineup, Premium Lineup Spot",8.9,39.1,29.8,88.7,50.0,0.0,No,No,1,Yes,Yes,RotoWire projected lineup; MLB probable pitchers,lineup projected / unconfirmed,H:2026/2025 P:2026/2025,,,Direct BvP not yet weighted; 2026/2025 Statcast baseline active,7,1,21,0,"Last 7 games: 1/21, 0 HR","same-side matchup; pitcher baseline 6.9% barrel, 11.0 HR allowed",neutral batted-ball profile; pitcher fly-ball pressure modest,2.07,30.7,86.78,96.731,0.3451,0.091,0.294,67.37,4.18,33.59,20.53,7.1,0.1163,6.89,43.55,90.11,0.4217,0.1482,19.85,,,Wrigley Field,
165,805347,Jim Jarvis,ATL,MIA,2026-08-06T23:15:00Z,Scheduled,9,Janson Junk,676083,R,33.5,Longshot,Watch List,"Projected Lineup, Platoon Edge",15.2,42.5,30.9,40.2,80.0,16.1,No,No,9,Yes,Yes,RotoWire projected lineup; MLB probable pitchers,lineup projected / unconfirmed,H:2026 P:2026/2025,,,Direct BvP not yet weighted; 2026/2025 Statcast baseline active,7,5,22,0,"Last 7 games: 5/22, 0 HR","platoon edge; pitcher baseline 7.5% barrel, 10.1 HR allowed",neutral batted-ball profile; pitcher fly-ball pressure modest,4.2,36.1,87.9,98.0942,0.331,0.08,0.282,70.9,11.5,26.4,20.8,1.0,0.12,7.52,42.82,90.55,0.4194,0.1599,23.57,,,Truist Park,
166,657136,Connor Wong,BOS,CWS,2026-08-06T23:10:00Z,Scheduled,9,Luis Castillo,622491,R,33.3,Longshot,Watch List,Projected Lineup,15.2,54.0,28.7,40.2,50.0,18.3,No,No,9,Yes,Yes,RotoWire projected lineup; MLB probable pitchers,lineup projected / unconfirmed,H:2026/2025 P:2026/2025,,,Direct BvP not yet weighted; 2026/2025 Statcast baseline active,7,1,16,1,"Last 7 games: 1/16, 1 HR","same-side matchup; pitcher baseline 9.9% barrel, 18.1 HR allowed",neutral batted-ball profile; pitcher fly-ball pressure modest,4.08,35.55,86.34,99.1779,0.3216,0.0978,0.2863,72.58,26.35,39.54,22.51,1.4,0.0858,9.91,43.11,90.23,0.4418,0.1814,27.93,,,Fenway Park,
167,680977,Brendan Donovan,SEA,DET,2026-08-06T20:10:00Z,Scheduled,7,Framber Valdez,664285,L,32.5,Longshot,Watch List,Projected Lineup,19.0,36.2,25.4,59.8,50.0,18.0,No,No,7,Yes,Yes,RotoWire projected lineup; MLB probable pitchers,lineup projected / unconfirmed,H:2026/2025 P:2026/2025,,,Direct BvP not yet weighted; 2026/2025 Statcast baseline active,7,6,25,0,"Last 7 games: 6/25, 0 HR","same-side matchup; pitcher baseline 6.4% barrel, 12.9 HR allowed",neutral batted-ball profile; pitcher fly-ball pressure modest,5.51,33.48,86.41,97.3122,0.3902,0.1298,0.3341,68.74,1.93,39.0,24.19,5.1,0.156,6.42,44.27,90.17,0.3847,0.1353,19.3,,,T-Mobile Park,
168,694197,Angel Genao,CLE,NYM,2026-08-06T17:10:00Z,Pre-Game,9,Nolan McLean,690997,R,32.4,Longshot,Watch List,Platoon Edge,6.4,28.3,54.6,44.8,75.0,45.0,Yes,Yes,9,Yes,No,MLB Stats API; RotoWire,,H: P:2026/2025,,,Direct BvP not yet weighted; 2026/2025 Statcast baseline active,1,4,5,0,Contact streak: 4/5 over last 1 games,"switch hitter; pitcher baseline 7.3% barrel, 10.3 HR allowed",neutral batted-ball profile; pitcher fly-ball pressure modest,,,,,,,,,,,,,,7.3,37.8,88.1,0.3493,0.1285,20.79,L To R,85,Progressive Field,
169,664702,Myles Straw,TOR,CHC,2026-08-06T18:20:00Z,Scheduled,9,David Peterson,656849,L,32.3,Longshot,Watch List,"Projected Lineup, Platoon Edge",11.7,39.1,29.8,40.2,78.0,38.3,No,No,9,Yes,Yes,RotoWire projected lineup; MLB probable pitchers,lineup projected / unconfirmed,H:2026/2025 P:2026/2025,,,Direct BvP not yet weighted; 2026/2025 Statcast baseline active,7,6,16,0,Contact streak: 6/16 over last 7 games,"platoon edge; pitcher baseline 6.9% barrel, 11.0 HR allowed",neutral batted-ball profile; pitcher fly-ball pressure modest,3.69,26.26,86.64,95.9922,0.3671,0.1067,0.2999,68.26,5.24,36.71,28.09,3.3,0.1141,6.89,43.55,90.11,0.4217,0.1482,19.85,,,Wrigley Field,
170,660688,Keibert Ruiz,WSH,PHI,2026-08-06T22:05:00Z,Scheduled,8,Cristopher Sánchez,650911,L,32.3,Longshot,Watch List,"Projected Lineup, Platoon Edge",16.2,31.9,34.3,47.9,75.0,13.3,No,No,8,Yes,Yes,RotoWire projected lineup; MLB probable pitchers,lineup projected / unconfirmed,H:2026/2025 P:2026/2025,,,Direct BvP not yet weighted; 2026/2025 Statcast baseline active,7,5,24,0,"Last 7 games: 5/24, 0 HR","switch hitter; pitcher baseline 7.2% barrel, 12.0 HR allowed",neutral batted-ball profile; pitcher fly-ball pressure modest,3.95,35.87,87.88,97.697,0.3475,0.1066,0.2737,67.22,0.65,54.26,26.49,5.5,0.1403,7.17,42.04,89.21,0.3569,0.1249,17.39,,,Citizens Bank Park,
171,676391,Ernie Clement,TOR,CHC,2026-08-06T18:20:00Z,Scheduled,7,David Peterson,656849,L,32.2,Longshot,Watch List,"Projected Lineup, Platoon Edge",6.2,39.1,29.8,59.8,78.0,18.3,No,No,7,Yes,Yes,RotoWire projected lineup; MLB probable pitchers,lineup projected / unconfirmed,H:2026/2025 P:2026/2025,,,Direct BvP not yet weighted; 2026/2025 Statcast baseline active,7,3,25,1,"Last 7 games: 3/25, 1 HR","platoon edge; pitcher baseline 6.9% barrel, 11.0 HR allowed",neutral batted-ball profile; pitcher fly-ball pressure modest,2.54,22.78,85.34,94.8679,0.3429,0.0902,0.275,67.46,2.68,42.9,28.39,9.0,0.1273,6.89,43.55,90.11,0.4217,0.1482,19.85,,,Wrigley Field,
172,669707,Jared Triolo,PIT,MIL,2026-08-06T18:10:00Z,Scheduled,7,Dustin May,669160,R,31.9,Longshot,Watch List,Projected Lineup,15.0,41.2,27.6,59.8,50.0,0.0,No,No,7,Yes,Yes,RotoWire projected lineup; MLB probable pitchers,lineup projected / unconfirmed,H:2026/2025 P:2026/2025,,,Direct BvP not yet weighted; 2026/2025 Statcast baseline active,7,1,9,0,"Last 7 games: 1/9, 0 HR","same-side matchup; pitcher baseline 7.3% barrel, 11.2 HR allowed",neutral batted-ball profile; pitcher fly-ball pressure modest,3.47,36.03,87.74,98.2996,0.3312,0.0929,0.2925,70.83,7.79,37.43,21.52,2.8,0.0849,7.31,45.62,90.25,0.395,0.1455,24.31,,,American Family Field,
173,805367,Chase Meidroth,CWS,BOS,2026-08-06T23:10:00Z,Scheduled,5,Ranger Suarez,624133,L,31.6,Longshot,Watch List,"Projected Lineup, Platoon Edge",12.9,16.6,28.7,81.9,78.0,10.6,No,No,5,Yes,Yes,RotoWire projected lineup; MLB probable pitchers,lineup projected / unconfirmed,H:2026/2025 P:2026/2025,,,Direct BvP not yet weighted; 2026/2025 Statcast baseline active,7,4,21,0,"Last 7 games: 4/21, 0 HR","platoon edge; pitcher baseline 4.9% barrel, 7.7 HR allowed",neutral batted-ball profile; pitcher fly-ball pressure modest,3.7,34.98,88.06,97.4309,0.3309,0.0933,0.2944,67.19,1.32,37.35,19.49,7.8,0.102,4.94,32.57,86.5,0.3447,0.1068,22.49,,,Fenway Park,
174,668952,Ryan Kreidler,MIN,KC,2026-08-06T23:40:00Z,Scheduled,9,Michael Wacha,608379,R,31.6,Longshot,Watch List,Projected Lineup,28.1,36.2,23.2,40.2,50.0,0.0,No,No,9,Yes,Yes,RotoWire projected lineup; MLB probable pitchers,lineup projected / unconfirmed,H:2026/2025 P:2026/2025,,,Direct BvP not yet weighted; 2026/2025 Statcast baseline active,7,2,17,0,"Last 7 games: 2/17, 0 HR","same-side matchup; pitcher baseline 6.7% barrel, 15.7 HR allowed",neutral batted-ball profile; pitcher fly-ball pressure modest,7.39,34.69,88.41,99.2981,0.36,0.1413,0.2829,73.24,32.86,45.33,28.16,3.5,0.112,6.7,36.42,88.2,0.4144,0.1612,27.83,,,Kauffman Stadium,
175,,Andrew Pinckney,WSH,PHI,2026-08-06T22:05:00Z,Scheduled,7,Cristopher Sánchez,650911,L,31.2,Longshot,Watch List,Projected Lineup,6.4,31.9,34.3,59.8,60.0,50.0,No,No,7,Yes,Yes,RotoWire projected lineup; MLB probable pitchers,lineup projected / unconfirmed,H: P:2026/2025,,,Direct BvP not yet weighted; 2026/2025 Statcast baseline active,,,,,Recent form unavailable,"handedness incomplete; pitcher baseline 7.2% barrel, 12.0 HR allowed",neutral batted-ball profile; pitcher fly-ball pressure modest,,,,,,,,,,,,,,7.17,42.04,89.21,0.3569,0.1249,17.39,,,Citizens Bank Park,
176,663538,Nico Hoerner,CHC,TOR,2026-08-06T18:20:00Z,Scheduled,6,Dylan Cease,656302,R,30.8,Longshot,Watch List,"Projected Lineup, Hot Hitter/Streak",8.9,20.2,29.8,71.7,50.0,79.8,No,No,6,Yes,Yes,RotoWire projected lineup; MLB probable pitchers,lineup projected / unconfirmed,H:2026/2025 P:2026/2025,,,Direct BvP not yet weighted; 2026/2025 Statcast baseline active,7,11,27,2,Hot streak: 2 HR in last 7 games,"same-side matchup; pitcher baseline 5.9% barrel, 11.2 HR allowed",neutral batted-ball profile; pitcher fly-ball pressure modest,1.56,29.18,86.28,96.3077,0.3805,0.0843,0.3241,68.33,1.83,33.92,21.77,7.0,0.1026,5.94,34.21,86.94,0.3072,0.11,24.0,,,Wrigley Field,
177,807712,Luke Keaschall,MIN,KC,2026-08-06T23:40:00Z,Scheduled,8,Michael Wacha,608379,R,30.4,Longshot,Watch List,Projected Lineup,11.0,36.2,23.2,47.9,50.0,68.7,No,No,8,Yes,Yes,RotoWire projected lineup; MLB probable pitchers,lineup projected / unconfirmed,H:2026/2025 P:2026/2025,,,Direct BvP not yet weighted; 2026/2025 Statcast baseline active,7,8,24,2,Hot streak: 2 HR in last 7 games,"same-side matchup; pitcher baseline 6.7% barrel, 15.7 HR allowed",neutral batted-ball profile; pitcher fly-ball pressure modest,3.94,29.59,85.15,96.6509,0.3507,0.1076,0.3086,68.64,7.87,39.52,26.06,5.4,0.1122,6.7,36.42,88.2,0.4144,0.1612,27.83,,,Kauffman Stadium,
178,656716,Zach McKinstry,DET,SEA,2026-08-06T20:10:00Z,Scheduled,9,Bryce Miller,682243,R,29.9,Longshot,Watch List,"Projected Lineup, Platoon Edge",8.1,36.5,25.4,40.2,80.0,36.5,No,No,9,Yes,Yes,RotoWire projected lineup; MLB probable pitchers,lineup projected / unconfirmed,H:2026/2025 P:2026/2025,,,Direct BvP not yet weighted; 2026/2025 Statcast baseline active,7,8,22,0,Contact streak: 8/22 over last 7 games,"platoon edge; pitcher baseline 7.2% barrel, 13.5 HR allowed",neutral batted-ball profile; pitcher allows elevated contact,3.72,25.88,85.63,96.0264,0.3356,0.0935,0.2924,68.13,4.49,40.19,26.88,6.4,0.1314,7.16,36.7,88.83,0.3769,0.1512,32.0,,,T-Mobile Park,
179,699393,Pedro Ramirez,CHC,TOR,2026-08-06T18:20:00Z,Scheduled,8,Dylan Cease,656302,R,29.7,Longshot,Watch List,"Projected Lineup, Platoon Edge",20.6,19.0,29.8,47.9,75.0,7.0,No,No,8,Yes,Yes,RotoWire projected lineup; MLB probable pitchers,lineup projected / unconfirmed,H:2026 P:2026/2025,,,Direct BvP not yet weighted; 2026/2025 Statcast baseline active,7,3,18,0,"Last 7 games: 3/18, 0 HR","switch hitter; pitcher baseline 5.9% barrel, 11.2 HR allowed",neutral batted-ball profile; pitcher fly-ball pressure modest,2.3,43.7,89.7,99.5381,0.353,0.086,0.3,72.2,21.4,32.2,17.2,1.0,0.124,5.94,34.21,86.94,0.3072,0.11,24.0,,,Wrigley Field,
180,595879,Javier Baez,DET,SEA,2026-08-06T20:10:00Z,Scheduled,8,Bryce Miller,682243,R,29.4,Longshot,Watch List,Projected Lineup,12.4,36.5,25.4,47.9,50.0,30.0,No,No,8,Yes,Yes,RotoWire projected lineup; MLB probable pitchers,lineup projected / unconfirmed,H:2026/2025 P:2026/2025,,,Direct BvP not yet weighted; 2026/2025 Statcast baseline active,7,8,25,0,Contact streak: 8/25 over last 7 games,"same-side matchup; pitcher baseline 7.2% barrel, 13.5 HR allowed",neutral batted-ball profile; pitcher allows elevated contact,3.4,31.85,85.75,96.9855,0.3478,0.0933,0.2801,72.87,27.86,39.8,22.05,5.0,0.1266,7.16,36.7,88.83,0.3769,0.1512,32.0,,,T-Mobile Park,
181,695731,Braden Montgomery,CWS,BOS,2026-08-06T23:10:00Z,Scheduled,7,Ranger Suarez,624133,L,29.2,Longshot,Watch List,"Projected Lineup, Platoon Edge",18.3,15.8,28.7,59.8,75.0,0.0,No,No,7,Yes,Yes,RotoWire projected lineup; MLB probable pitchers,lineup projected / unconfirmed,H:2026 P:2026/2025,,,Direct BvP not yet weighted; 2026/2025 Statcast baseline active,7,3,25,0,"Last 7 games: 3/25, 0 HR","switch hitter; pitcher baseline 4.9% barrel, 7.7 HR allowed",neutral batted-ball profile; pitcher fly-ball pressure modest,3.1,40.2,88.8,99.7812,0.348,0.11,0.298,69.5,9.1,33.9,19.7,3.0,0.138,4.94,32.57,86.5,0.3447,0.1068,22.49,,,Fenway Park,
182,806068,Colt Emerson,SEA,DET,2026-08-06T20:10:00Z,Scheduled,9,Framber Valdez,664285,L,29.0,Longshot,Watch List,Projected Lineup,15.2,36.2,25.4,40.2,50.0,26.4,No,No,9,Yes,Yes,RotoWire projected lineup; MLB probable pitchers,lineup projected / unconfirmed,H:2026 P:2026/2025,,,Direct BvP not yet weighted; 2026/2025 Statcast baseline active,7,4,23,1,"Last 7 games: 4/23, 1 HR","same-side matchup; pitcher baseline 6.4% barrel, 12.9 HR allowed",neutral batted-ball profile; pitcher fly-ball pressure modest,5.3,30.3,86.3,96.7812,0.307,0.11,0.253,72.5,25.5,40.2,22.7,8.0,0.159,6.42,44.27,90.17,0.3847,0.1353,19.3,,,T-Mobile Park,
183,806198,Cooper Pratt,MIL,PIT,2026-08-06T18:10:00Z,Scheduled,8,Braxton Ashcraft,677952,R,28.8,Longshot,Watch List,Projected Lineup,14.7,30.2,27.6,47.9,50.0,27.0,No,No,8,Yes,Yes,RotoWire projected lineup; MLB probable pitchers,lineup projected / unconfirmed,H:2026 P:2026/2025,,,Direct BvP not yet weighted; 2026/2025 Statcast baseline active,7,6,20,0,"Last 7 games: 6/20, 0 HR","same-side matchup; pitcher baseline 5.7% barrel, 12.8 HR allowed",neutral batted-ball profile; pitcher fly-ball pressure modest,4.1,31.0,87.6,97.1096,0.367,0.099,0.33,70.3,8.3,33.0,21.0,2.0,0.095,5.68,40.11,89.26,0.3567,0.1262,24.9,,,American Family Field,
184,666152,David Hamilton,MIL,PIT,2026-08-06T18:10:00Z,Scheduled,9,Braxton Ashcraft,677952,R,28.8,Longshot,Watch List,"Projected Lineup, Platoon Edge",11.9,30.2,27.6,40.2,80.0,13.6,No,No,9,Yes,Yes,RotoWire projected lineup; MLB probable pitchers,lineup projected / unconfirmed,H:2026/2025 P:2026/2025,,,Direct BvP not yet weighted; 2026/2025 Statcast baseline active,7,4,19,0,"Last 7 games: 4/19, 0 HR","platoon edge; pitcher baseline 5.7% barrel, 12.8 HR allowed",neutral batted-ball profile; pitcher fly-ball pressure modest,4.53,27.31,86.88,96.843,0.3043,0.0974,0.2649,69.94,7.43,34.62,27.14,3.9,0.1014,5.68,40.11,89.26,0.3567,0.1262,24.9,,,American Family Field,
185,665926,Andres Gimenez,TOR,CHC,2026-08-06T18:20:00Z,Scheduled,8,David Peterson,656849,L,28.0,Longshot,Watch List,Projected Lineup,6.9,39.1,29.8,47.9,50.0,12.0,No,No,8,Yes,Yes,RotoWire projected lineup; MLB probable pitchers,lineup projected / unconfirmed,H:2026/2025 P:2026/2025,,,Direct BvP not yet weighted; 2026/2025 Statcast baseline active,7,4,20,0,"Last 7 games: 4/20, 0 HR","same-side matchup; pitcher baseline 6.9% barrel, 11.0 HR allowed",neutral batted-ball profile; pitcher fly-ball pressure modest,3.49,24.2,85.88,95.6852,0.3295,0.0943,0.2779,68.39,5.07,38.24,23.02,7.0,0.1121,6.89,43.55,90.11,0.4217,0.1482,19.85,,,Wrigley Field,
186,683083,Nasim Nunez,WSH,PHI,2026-08-06T22:05:00Z,Scheduled,9,Cristopher Sánchez,650911,L,26.7,Longshot,Watch List,"Projected Lineup, Platoon Edge",4.6,31.9,34.3,40.2,75.0,0.0,No,No,9,Yes,Yes,RotoWire projected lineup; MLB probable pitchers,lineup projected / unconfirmed,H:2026/2025 P:2026/2025,,,Direct BvP not yet weighted; 2026/2025 Statcast baseline active,7,2,25,0,"Last 7 games: 2/25, 0 HR","switch hitter; pitcher baseline 7.2% barrel, 12.0 HR allowed",neutral batted-ball profile; pitcher fly-ball pressure modest,1.69,27.08,85.66,95.7718,0.3012,0.0727,0.2785,68.74,4.98,31.92,18.26,1.9,0.0783,7.17,42.04,89.21,0.3569,0.1249,17.39,,,Citizens Bank Park,
187,682668,Luisangel Acuna,CWS,BOS,2026-08-06T23:10:00Z,Scheduled,9,Ranger Suarez,624133,L,26.6,Longshot,Watch List,"Projected Lineup, Platoon Edge",15.1,16.6,28.7,40.2,78.0,14.1,No,No,9,Yes,Yes,RotoWire projected lineup; MLB probable pitchers,lineup projected / unconfirmed,H:2026/2025 P:2026/2025,,,Direct BvP not yet weighted; 2026/2025 Statcast baseline active,7,3,14,0,"Last 7 games: 3/14, 0 HR","platoon edge; pitcher baseline 4.9% barrel, 7.7 HR allowed",neutral batted-ball profile; pitcher fly-ball pressure modest,2.94,37.32,88.74,99.6362,0.3221,0.0707,0.2752,71.68,25.26,32.57,15.88,0.7,0.0372,4.94,32.57,86.5,0.3447,0.1068,22.49,,,Fenway Park,
188,691011,Drew Romo,CWS,BOS,2026-08-06T23:10:00Z,Scheduled,8,Ranger Suarez,624133,L,24.7,Longshot,Watch List,"Projected Lineup, Platoon Edge",8.9,15.8,28.7,47.9,75.0,3.4,No,No,8,Yes,Yes,RotoWire projected lineup; MLB probable pitchers,lineup projected / unconfirmed,H:2026/2025 P:2026/2025,,,Direct BvP not yet weighted; 2026/2025 Statcast baseline active,7,3,21,0,"Last 7 games: 3/21, 0 HR","switch hitter; pitcher baseline 4.9% barrel, 7.7 HR allowed",neutral batted-ball profile; pitcher fly-ball pressure modest,6.1,25.5,83.6,95.0613,0.1904,0.0707,0.1673,68.49,3.43,37.8,33.7,3.5,0.1029,4.94,32.57,86.5,0.3447,0.1068,22.49,,,Fenway Park,
