rank,hitter_id,player,team,opponent,game_start_time,game_status,batting_order,pitcher,pitcher_id,pitcher_hand,hr_score,tier,play_type,reason_tags,power_score,pitcher_score,environment_score,lineup_score,platoon_score,recent_form_score,confirmed_lineup,rotowire_confirmed_lineup,rotowire_batting_order,rotowire_player_found,lineup_disagreement,lineup_sources_used,source_warnings,stat_years_used,bvp_pa,bvp_hr,bvp_note,recent_games,recent_hits,recent_abs,recent_hr,recent_form_note,split_matchup_note,pitch_mix_note,barrel_pct,hard_hit_pct,avg_exit_velocity,ev50,xslg,xiso,xwoba,bat_speed,fast_swing_pct,pull_pct,fb_pct,hr_total,iso,pitcher_barrel_pct_allowed,pitcher_hard_hit_pct_allowed,pitcher_avg_exit_velocity_allowed,pitcher_xslg_allowed,pitcher_xiso_allowed,pitcher_fb_pct_allowed,wind_direction,weather_temp,ballpark,odds
1,670541,Yordan Alvarez,HOU,SEA,2026-09-23T01:40:00Z,Pre-Game,2,Logan Gilbert,669302,R,69.9,Tier 3,Watch List,"Elite Power, Strong Barrel, Premium Lineup Spot, Platoon Edge, Hot Hitter/Streak",77.5,48.0,51.9,100.0,80.0,75.8,Yes,No,2,Yes,Yes,MLB Stats API; RotoWire,RotoWire not confirmed,H:2026/2025 P:2026/2025,,,Direct BvP not yet weighted; 2026/2025 Statcast baseline active,7,8,21,2,Hot streak: 2 HR in last 7 games,"platoon edge; pitcher baseline 9.7% barrel, 25.6 HR allowed",lift-pull EV profile; pitcher fly-ball pressure modest,15.34,53.18,94.35,104.7639,0.6106,0.3021,0.4273,76.1,61.73,40.74,36.1,29.8,0.2459,9.65,41.21,89.96,0.3803,0.1589,28.68,Out To RF,65,T-Mobile Park,
2,660670,Ronald Acuña Jr.,ATL,CIN,2026-09-22T23:15:00Z,Pre-Game,1,Brandon Williamson,682227,L,66.4,Tier 3,Watch List,"Strong Barrel, Premium Lineup Spot, Platoon Edge, Hot Hitter/Streak",58.6,52.1,68.4,93.2,78.0,83.6,Yes,Yes,1,Yes,No,MLB Stats API; RotoWire,,H:2026/2025 P:2026,,,Direct BvP not yet weighted; 2026/2025 Statcast baseline active,7,9,29,3,Hot streak: 3 HR in last 7 games,"platoon edge; pitcher baseline 9.7% barrel, 8.0 HR allowed",neutral batted-ball profile; pitcher fly-ball pressure modest,13.74,46.62,90.53,103.0289,0.507,0.2447,0.3767,75.91,61.76,36.51,28.16,20.3,0.2105,9.7,41.8,88.2,0.485,0.216,29.1,Out To RF,83,Truist Park,
3,621566,Matt Olson,ATL,CIN,2026-09-22T23:15:00Z,Pre-Game,3,Brandon Williamson,682227,L,66.1,Tier 3,Watch List,"Strong Barrel, Premium Lineup Spot, Hot Hitter/Streak",65.4,52.1,68.4,96.6,50.0,75.6,Yes,Yes,3,Yes,No,MLB Stats API; RotoWire,,H:2026/2025 P:2026,,,Direct BvP not yet weighted; 2026/2025 Statcast baseline active,7,11,29,2,Hot streak: 2 HR in last 7 games,"same-side matchup; pitcher baseline 9.7% barrel, 8.0 HR allowed",EV profile; pitcher fly-ball pressure modest,14.54,51.97,92.67,103.6546,0.4997,0.2531,0.3537,74.53,47.4,37.72,32.99,36.7,0.2407,9.7,41.8,88.2,0.485,0.216,29.1,Out To RF,83,Truist Park,
4,682829,Elly De La Cruz,CIN,ATL,2026-09-22T23:15:00Z,Pre-Game,2,JR Ritchie,702275,R,65.9,Tier 3,Watch List,"Strong Barrel, Premium Lineup Spot, Platoon Edge",60.8,47.9,68.4,100.0,75.0,66.4,Yes,Yes,2,Yes,No,MLB Stats API; RotoWire,,H:2026/2025 P:2026,,,Direct BvP not yet weighted; 2026/2025 Statcast baseline active,7,7,22,2,Hot streak: 2 HR in last 7 games,"switch hitter; pitcher baseline 9.7% barrel, 11.0 HR allowed",EV profile; pitcher fly-ball pressure modest,14.43,50.71,93.59,104.5356,0.4793,0.2073,0.3591,75.59,55.73,35.03,24.89,26.2,0.2138,9.7,40.9,89.9,0.421,0.175,29.5,Out To RF,83,Truist Park,
5,691181,Emmanuel Rodriguez,MIN,SF,2026-09-23T01:45:00Z,Pre-Game,6,Anthony Molina,683627,R,65.2,Tier 3,Watch List,"Elite Power, Strong Barrel, Platoon Edge",78.6,49.6,54.8,76.2,80.0,25.3,Yes,Yes,6,Yes,No,MLB Stats API; RotoWire,,H:2026 P:2026/2025,,,Direct BvP not yet weighted; 2026/2025 Statcast baseline active,7,4,24,1,"Last 7 games: 4/24, 1 HR","platoon edge; pitcher baseline 8.4% barrel, 5.7 HR allowed",neutral batted-ball profile; pitcher allows elevated contact,21.7,52.2,91.6,103.3021,0.565,0.31,0.354,76.0,70.9,34.8,30.4,2.0,0.278,8.37,43.22,88.75,0.473,0.2063,33.22,Out To CF,61,Oracle Park,
6,672515,Gabriel Moreno,AZ,COL,2026-09-23T00:40:00Z,Pre-Game,3,Kyle Freeland,607536,L,63.0,Tier 3,Watch List,"Good Environment, Premium Lineup Spot, Platoon Edge, Hot Hitter/Streak",35.9,59.8,76.7,96.6,78.0,94.7,Yes,,,No,Yes,MLB Stats API; RotoWire,not found on RotoWire,H:2026/2025 P:2026/2025,,,Direct BvP not yet weighted; 2026/2025 Statcast baseline active,7,10,26,3,Hot streak: 3 HR in last 7 games,"platoon edge; pitcher baseline 10.2% barrel, 25.5 HR allowed",neutral batted-ball profile; pitcher fly-ball pressure modest,7.59,42.21,89.56,99.7001,0.4502,0.1656,0.3579,71.46,20.56,34.94,25.33,13.2,0.1662,10.24,44.36,90.68,0.4814,0.198,28.31,Out To CF,76,Coors Field,
7,606466,Ketel Marte,AZ,COL,2026-09-23T00:40:00Z,Pre-Game,2,Kyle Freeland,607536,L,62.9,Tier 3,Watch List,"Strong Barrel, Good Environment, Premium Lineup Spot, Platoon Edge",47.9,58.4,76.7,100.0,75.0,17.0,Yes,,,No,Yes,MLB Stats API; RotoWire,not found on RotoWire,H:2026/2025 P:2026/2025,,,Direct BvP not yet weighted; 2026/2025 Statcast baseline active,7,7,30,0,"Last 7 games: 7/30, 0 HR","switch hitter; pitcher baseline 10.2% barrel, 25.5 HR allowed",neutral batted-ball profile; pitcher fly-ball pressure modest,10.7,43.5,90.38,102.0218,0.4794,0.2007,0.3585,74.74,46.7,48.98,28.2,23.8,0.2018,10.24,44.36,90.68,0.4814,0.198,28.31,Out To CF,76,Coors Field,
8,669127,Shea Langeliers,ATH,LAA,2026-09-23T01:40:00Z,Pre-Game,2,Yusei Kikuchi,579328,L,62.9,Tier 3,Watch List,"Strong Barrel, Premium Lineup Spot, Platoon Edge",55.8,50.2,69.4,100.0,78.0,19.5,Yes,Yes,2,Yes,No,MLB Stats API; RotoWire,,H:2026/2025 P:2026/2025,,,Direct BvP not yet weighted; 2026/2025 Statcast baseline active,7,6,24,0,"Last 7 games: 6/24, 0 HR","platoon edge; pitcher baseline 9.3% barrel, 12.1 HR allowed",neutral batted-ball profile; pitcher fly-ball pressure modest,13.19,44.34,91.32,102.3793,0.492,0.2284,0.35,74.71,47.91,39.67,29.77,25.4,0.2313,9.33,44.02,90.93,0.4273,0.1731,24.17,Out To CF,81,Sutter Health Park,
9,686948,Drake Baldwin,ATL,CIN,2026-09-22T23:15:00Z,Pre-Game,2,Brandon Williamson,682227,L,62.6,Tier 3,Watch List,"Strong Barrel, Premium Lineup Spot",55.8,52.1,68.4,100.0,50.0,57.2,Yes,Yes,2,Yes,No,MLB Stats API; RotoWire,,H:2026/2025 P:2026,,,Direct BvP not yet weighted; 2026/2025 Statcast baseline active,7,11,29,1,Contact streak: 11/29 over last 7 games,"same-side matchup; pitcher baseline 9.7% barrel, 8.0 HR allowed",neutral batted-ball profile; pitcher fly-ball pressure modest,12.19,50.16,91.49,102.1415,0.4933,0.2171,0.3628,75.3,56.44,32.57,25.95,22.5,0.1803,9.7,41.8,88.2,0.485,0.216,29.1,Out To RF,83,Truist Park,
10,701398,Sal Stewart,CIN,ATL,2026-09-22T23:15:00Z,Pre-Game,3,JR Ritchie,702275,R,61.5,Tier 3,Watch List,"Strong Barrel, Premium Lineup Spot",59.8,49.0,68.4,96.6,50.0,33.7,Yes,Yes,3,Yes,No,MLB Stats API; RotoWire,,H:2026/2025 P:2026,,,Direct BvP not yet weighted; 2026/2025 Statcast baseline active,7,6,27,1,"Last 7 games: 6/27, 1 HR","same-side matchup; pitcher baseline 9.7% barrel, 11.0 HR allowed",neutral batted-ball profile; pitcher fly-ball pressure modest,14.26,44.45,91.9,101.6223,0.5229,0.2533,0.3646,72.1,26.51,37.94,31.74,23.9,0.2284,9.7,40.9,89.9,0.421,0.175,29.5,Out To RF,83,Truist Park,
11,682998,Corbin Carroll,AZ,COL,2026-09-23T00:40:00Z,Pre-Game,7,Kyle Freeland,607536,L,61.2,Tier 3,Watch List,"Strong Barrel, Good Environment",57.4,59.8,76.7,64.3,50.0,59.1,Yes,,,No,Yes,MLB Stats API; RotoWire,not found on RotoWire,H:2026/2025 P:2026/2025,,,Direct BvP not yet weighted; 2026/2025 Statcast baseline active,7,7,26,2,Hot streak: 2 HR in last 7 games,"same-side matchup; pitcher baseline 10.2% barrel, 25.5 HR allowed",neutral batted-ball profile; pitcher fly-ball pressure modest,12.96,48.71,91.89,102.508,0.473,0.2194,0.3517,75.23,54.12,42.61,30.81,24.7,0.2456,10.24,44.36,90.68,0.4814,0.198,28.31,Out To CF,76,Coors Field,
12,665742,Juan Soto,NYM,TEX,2026-09-23T00:05:00Z,Pre-Game,2,MacKenzie Gore,669022,L,60.2,Tier 3,Watch List,"Projected Lineup, Strong Barrel, Premium Lineup Spot",69.8,45.6,41.1,95.5,50.0,43.2,No,No,2,Yes,Yes,RotoWire projected lineup; MLB probable pitchers,lineup projected / unconfirmed,H:2026/2025 P:2026/2025,,,Direct BvP not yet weighted; 2026/2025 Statcast baseline active,7,8,28,1,"Last 7 games: 8/28, 1 HR","same-side matchup; pitcher baseline 9.1% barrel, 19.3 HR allowed",lift-pull EV profile; pitcher fly-ball pressure modest,15.05,50.61,93.03,103.1482,0.5835,0.2909,0.4171,72.83,32.61,40.09,31.14,31.1,0.2515,9.13,41.58,89.35,0.3912,0.1495,28.14,None,72,Globe Life Field,
13,691718,Pete Crow-Armstrong,CHC,MIA,2026-09-22T23:40:00Z,Pre-Game,1,Janson Junk,676083,R,60.1,Tier 3,Watch List,"Strong Barrel, Premium Lineup Spot, Platoon Edge, Hot Hitter/Streak",58.6,42.6,41.3,93.2,80.0,82.5,Yes,Yes,1,Yes,No,MLB Stats API; RotoWire,,H:2026/2025 P:2026/2025,,,Direct BvP not yet weighted; 2026/2025 Statcast baseline active,7,10,33,4,Hot streak: 4 HR in last 7 games,"platoon edge; pitcher baseline 7.5% barrel, 12.2 HR allowed",neutral batted-ball profile; pitcher fly-ball pressure modest,13.52,46.85,90.34,101.9105,0.5037,0.2456,0.3602,74.38,46.07,50.51,34.73,40.8,0.2788,7.45,41.56,90.41,0.4285,0.162,23.64,In From CF,61,Wrigley Field,
14,608369,Corey Seager,TEX,NYM,2026-09-23T00:05:00Z,Pre-Game,2,Sean Manaea,640455,L,60.1,Tier 3,Watch List,"Strong Barrel, Premium Lineup Spot",61.1,54.3,41.1,100.0,50.0,45.3,Yes,Yes,2,Yes,No,MLB Stats API; RotoWire,,H:2026/2025 P:2026/2025,,,Direct BvP not yet weighted; 2026/2025 Statcast baseline active,7,9,30,1,"Last 7 games: 9/30, 1 HR","same-side matchup; pitcher baseline 10.3% barrel, 20.0 HR allowed",lift-pull EV profile; pitcher fly-ball pressure modest,14.53,49.54,92.06,102.5414,0.5074,0.2448,0.3664,71.8,15.3,41.06,30.71,18.9,0.2013,10.3,41.83,89.38,0.4423,0.1904,28.61,None,72,Globe Life Field,
15,571970,Max Muncy,LAD,SD,2026-09-23T02:10:00Z,Pre-Game,4,Michael King,650633,R,60.1,Tier 3,Watch List,"Strong Barrel, Premium Lineup Spot, Platoon Edge",55.5,41.2,61.1,94.9,80.0,44.1,Yes,Yes,4,Yes,No,MLB Stats API; RotoWire,,H:2026/2025 P:2026/2025,,,Direct BvP not yet weighted; 2026/2025 Statcast baseline active,7,7,24,1,"Last 7 games: 7/24, 1 HR","platoon edge; pitcher baseline 9.3% barrel, 17.6 HR allowed",fly-ball profile; pitcher fly-ball pressure modest,13.25,47.65,90.39,101.3111,0.4781,0.2366,0.3572,71.24,14.2,51.15,35.3,26.0,0.2389,9.3,34.32,87.24,0.4102,0.173,27.75,Out To CF,71,UNIQLO Field at Dodger Stadium,
16,680869,Zack Gelof,ATH,LAA,2026-09-23T01:40:00Z,Pre-Game,4,Yusei Kikuchi,579328,L,60.0,Tier 3,Watch List,"Strong Barrel, Premium Lineup Spot, Platoon Edge",42.8,50.2,69.4,94.9,78.0,63.1,Yes,Yes,4,Yes,No,MLB Stats API; RotoWire,,H:2026/2025 P:2026/2025,,,Direct BvP not yet weighted; 2026/2025 Statcast baseline active,7,8,27,2,Hot streak: 2 HR in last 7 games,"platoon edge; pitcher baseline 9.3% barrel, 12.1 HR allowed",neutral batted-ball profile; pitcher fly-ball pressure modest,10.96,44.26,89.22,99.9252,0.3921,0.1844,0.2883,73.22,26.45,39.6,28.99,13.9,0.1722,9.33,44.02,90.93,0.4273,0.1731,24.17,Out To CF,81,Sutter Health Park,
17,663728,Cal Raleigh,SEA,HOU,2026-09-23T01:40:00Z,Pre-Game,4,Cristian Javier,664299,R,59.9,Longshot,Watch List,"Strong Barrel, Premium Lineup Spot, Platoon Edge",60.7,39.5,51.9,94.9,75.0,52.0,Yes,Yes,4,Yes,No,MLB Stats API; RotoWire,,H:2026/2025 P:2026/2025,,,Direct BvP not yet weighted; 2026/2025 Statcast baseline active,7,6,27,2,Hot streak: 2 HR in last 7 games,"switch hitter; pitcher baseline 8.1% barrel, 7.9 HR allowed",fly-ball profile; pitcher allows elevated contact,16.21,42.25,90.32,101.227,0.4441,0.2425,0.3297,75.13,52.46,52.96,42.85,34.1,0.2384,8.11,34.94,89.04,0.4005,0.1593,38.03,Out To RF,65,T-Mobile Park,
18,682674,Victor Bericoto,SF,MIN,2026-09-23T01:45:00Z,Pre-Game,3,Taj Bradley,671737,R,59.2,Longshot,Watch List,"Strong Barrel, Premium Lineup Spot",59.8,48.0,54.8,96.6,50.0,33.7,Yes,Yes,3,Yes,No,MLB Stats API; RotoWire,,H:2026 P:2026/2025,,,Direct BvP not yet weighted; 2026/2025 Statcast baseline active,7,4,18,1,"Last 7 games: 4/18, 1 HR","same-side matchup; pitcher baseline 8.8% barrel, 21.8 HR allowed",neutral batted-ball profile; pitcher fly-ball pressure modest,14.7,50.0,90.9,100.9085,0.469,0.239,0.302,74.8,52.2,33.8,27.9,5.0,0.2,8.8,43.54,90.32,0.3878,0.1585,28.63,Out To CF,61,Oracle Park,
19,682987,Spencer Jones,NYY,TB,2026-09-22T23:05:00Z,Warmup,5,Drew Rasmussen,656876,R,58.6,Longshot,Watch List,"Strong Barrel, Platoon Edge",69.3,28.8,50.7,86.4,80.0,39.4,Yes,Yes,5,Yes,No,MLB Stats API; RotoWire,,H:2026 P:2026/2025,,,Direct BvP not yet weighted; 2026/2025 Statcast baseline active,7,4,29,2,Hot streak: 2 HR in last 7 games,"platoon edge; pitcher baseline 6.0% barrel, 15.2 HR allowed",EV profile; pitcher fly-ball pressure modest,15.9,55.6,94.3,104.4587,0.453,0.214,0.328,77.1,71.7,34.5,38.6,11.0,0.194,5.95,36.86,88.99,0.3561,0.1236,23.1,In From LF,65,Yankee Stadium,
20,696100,Hunter Goodman,COL,AZ,2026-09-23T00:40:00Z,Pre-Game,4,Michael Soroka,647336,R,58.5,Longshot,Watch List,"Strong Barrel, Good Environment, Premium Lineup Spot",56.0,34.0,76.7,94.9,50.0,50.8,Yes,Yes,4,Yes,No,MLB Stats API; RotoWire,,H:2026/2025 P:2026/2025,,,Direct BvP not yet weighted; 2026/2025 Statcast baseline active,7,6,28,2,Hot streak: 2 HR in last 7 games,"same-side matchup; pitcher baseline 7.7% barrel, 9.2 HR allowed",neutral batted-ball profile; pitcher fly-ball pressure modest,14.23,45.64,90.24,102.4856,0.4553,0.2252,0.3206,74.86,47.9,48.35,32.69,36.6,0.2707,7.68,35.5,88.01,0.3895,0.1462,27.94,Out To CF,76,Coors Field,
21,669065,Kyle Stowers,MIA,CHC,2026-09-22T23:40:00Z,Pre-Game,3,Shota Imanaga,684007,L,58.1,Longshot,Watch List,"Strong Barrel, Premium Lineup Spot",62.7,53.3,41.3,96.6,50.0,7.9,Yes,Yes,3,Yes,No,MLB Stats API; RotoWire,,H:2026/2025 P:2026/2025,,,Direct BvP not yet weighted; 2026/2025 Statcast baseline active,7,5,29,0,"Last 7 games: 5/29, 0 HR","same-side matchup; pitcher baseline 10.3% barrel, 33.1 HR allowed",lift-pull EV profile; pitcher allows elevated contact,14.41,55.08,92.01,103.2522,0.46,0.2237,0.3393,75.28,54.25,45.78,32.34,20.8,0.2224,10.27,38.46,89.09,0.427,0.1926,34.67,In From CF,61,Wrigley Field,
22,669394,Jake Burger,TEX,NYM,2026-09-23T00:05:00Z,Pre-Game,4,Sean Manaea,640455,L,58.1,Longshot,Watch List,"Strong Barrel, Premium Lineup Spot, Platoon Edge",52.4,54.3,41.1,94.9,78.0,26.4,Yes,Yes,4,Yes,No,MLB Stats API; RotoWire,,H:2026/2025 P:2026/2025,,,Direct BvP not yet weighted; 2026/2025 Statcast baseline active,7,4,23,1,"Last 7 games: 4/23, 1 HR","platoon edge; pitcher baseline 10.3% barrel, 20.0 HR allowed",neutral batted-ball profile; pitcher fly-ball pressure modest,12.92,47.03,90.26,102.7931,0.4423,0.2068,0.3212,75.37,58.14,41.04,28.6,23.7,0.1914,10.3,41.83,89.38,0.4423,0.1904,28.61,None,72,Globe Life Field,
23,686527,Dominic Canzone,SEA,HOU,2026-09-23T01:40:00Z,Pre-Game,3,Cristian Javier,664299,R,58.0,Longshot,Watch List,"Strong Barrel, Premium Lineup Spot, Platoon Edge",55.4,40.4,51.9,96.6,80.0,30.0,Yes,Yes,3,Yes,No,MLB Stats API; RotoWire,,H:2026/2025 P:2026/2025,,,Direct BvP not yet weighted; 2026/2025 Statcast baseline active,7,8,25,0,Contact streak: 8/25 over last 7 games,"platoon edge; pitcher baseline 8.1% barrel, 7.9 HR allowed",neutral batted-ball profile; pitcher allows elevated contact,12.82,46.48,91.53,102.5904,0.5015,0.2255,0.3627,74.01,41.57,39.13,26.16,18.7,0.2111,8.11,34.94,89.04,0.4005,0.1593,38.03,Out To RF,65,T-Mobile Park,
24,681715,Heriberto Hernández,MIA,CHC,2026-09-22T23:40:00Z,Pre-Game,1,Shota Imanaga,684007,L,57.9,Longshot,Watch List,"Strong Barrel, Premium Lineup Spot, Platoon Edge",52.7,53.3,41.3,93.2,78.0,28.6,Yes,Yes,1,Yes,No,MLB Stats API; RotoWire,,H:2026/2025 P:2026/2025,,,Direct BvP not yet weighted; 2026/2025 Statcast baseline active,7,9,29,0,"Last 7 games: 9/29, 0 HR","platoon edge; pitcher baseline 10.3% barrel, 33.1 HR allowed",neutral batted-ball profile; pitcher allows elevated contact,12.26,46.52,90.83,101.6163,0.4602,0.2159,0.3431,74.0,43.92,46.33,30.62,19.8,0.2,10.27,38.46,89.09,0.427,0.1926,34.67,In From CF,61,Wrigley Field,
25,703155,Lazaro Montes,SEA,HOU,2026-09-23T01:40:00Z,Pre-Game,8,Cristian Javier,664299,R,57.9,Longshot,Watch List,"Strong Barrel, Platoon Edge",75.0,40.4,51.9,52.4,80.0,23.4,Yes,Yes,8,Yes,No,MLB Stats API; RotoWire,,H:2026 P:2026/2025,,,Direct BvP not yet weighted; 2026/2025 Statcast baseline active,7,2,13,1,"Last 7 games: 2/13, 1 HR","platoon edge; pitcher baseline 8.1% barrel, 7.9 HR allowed",fly-ball profile; pitcher allows elevated contact,21.1,42.1,90.8,103.4456,0.535,0.316,0.351,75.7,61.4,31.6,42.1,4.0,0.342,8.11,34.94,89.04,0.4005,0.1593,38.03,Out To RF,65,T-Mobile Park,
26,700250,Ben Rice,NYY,TB,2026-09-22T23:05:00Z,Warmup,1,Drew Rasmussen,656876,R,57.8,Longshot,Watch List,"Strong Barrel, Premium Lineup Spot, Platoon Edge",63.3,28.8,50.7,93.2,80.0,44.1,Yes,Yes,1,Yes,No,MLB Stats API; RotoWire,,H:2026/2025 P:2026/2025,,,Direct BvP not yet weighted; 2026/2025 Statcast baseline active,7,7,24,1,"Last 7 games: 7/24, 1 HR","platoon edge; pitcher baseline 6.0% barrel, 15.2 HR allowed",lift-pull EV profile; pitcher fly-ball pressure modest,14.42,50.5,92.32,102.4488,0.5215,0.2513,0.3805,72.91,27.38,44.75,30.88,35.1,0.2601,5.95,36.86,88.99,0.3561,0.1236,23.1,In From LF,65,Yankee Stadium,
27,665019,Kody Clemens,MIN,SF,2026-09-23T01:45:00Z,Pre-Game,3,Anthony Molina,683627,R,57.8,Longshot,Watch List,"Strong Barrel, Premium Lineup Spot, Platoon Edge",51.2,49.6,54.8,96.6,80.0,1.6,Yes,Yes,3,Yes,No,MLB Stats API; RotoWire,,H:2026/2025 P:2026/2025,,,Direct BvP not yet weighted; 2026/2025 Statcast baseline active,7,3,23,0,"Last 7 games: 3/23, 0 HR","platoon edge; pitcher baseline 8.4% barrel, 5.7 HR allowed",neutral batted-ball profile; pitcher allows elevated contact,11.51,46.34,91.71,101.3611,0.4538,0.2069,0.331,72.06,14.28,46.29,33.39,23.9,0.2217,8.37,43.22,88.75,0.473,0.2063,33.22,Out To CF,61,Oracle Park,
28,605137,Josh Bell,MIN,SF,2026-09-23T01:45:00Z,Pre-Game,4,Anthony Molina,683627,R,57.4,Longshot,Watch List,"Strong Barrel, Premium Lineup Spot, Platoon Edge",44.9,49.0,54.8,94.9,75.0,50.3,Yes,Yes,4,Yes,No,MLB Stats API; RotoWire,,H:2026/2025 P:2026/2025,,,Direct BvP not yet weighted; 2026/2025 Statcast baseline active,7,10,30,1,Contact streak: 10/30 over last 7 games,"switch hitter; pitcher baseline 8.4% barrel, 5.7 HR allowed",neutral batted-ball profile; pitcher allows elevated contact,10.42,43.78,89.98,101.0628,0.4577,0.2017,0.3422,72.26,28.29,41.01,27.06,20.6,0.1681,8.37,43.22,88.75,0.473,0.2063,33.22,Out To CF,61,Oracle Park,
29,808959,Munetaka Murakami,CWS,KC,2026-09-22T23:40:00Z,Pre-Game,4,Daniel Lynch IV,663738,L,57.2,Longshot,Watch List,"Strong Barrel, Premium Lineup Spot",72.3,32.6,44.7,94.9,50.0,20.8,Yes,Yes,4,Yes,No,MLB Stats API; RotoWire,,H:2026 P:2026/2025,,,Direct BvP not yet weighted; 2026/2025 Statcast baseline active,7,3,22,1,"Last 7 games: 3/22, 1 HR","same-side matchup; pitcher baseline 6.3% barrel, 6.6 HR allowed",lift-pull EV profile; pitcher fly-ball pressure modest,18.5,55.1,93.5,104.1494,0.441,0.244,0.34,74.7,50.0,46.5,37.9,32.0,0.261,6.35,38.79,88.81,0.3986,0.1487,24.58,L To R,70,Kauffman Stadium,
30,669257,Will Smith,LAD,SD,2026-09-23T02:10:00Z,Pre-Game,3,Michael King,650633,R,57.1,Longshot,Watch List,"Strong Barrel, Premium Lineup Spot",50.5,41.2,61.1,96.6,50.0,66.4,Yes,Yes,3,Yes,No,MLB Stats API; RotoWire,,H:2026/2025 P:2026/2025,,,Direct BvP not yet weighted; 2026/2025 Statcast baseline active,7,7,22,2,Hot streak: 2 HR in last 7 games,"same-side matchup; pitcher baseline 9.3% barrel, 17.6 HR allowed",fly-ball profile; pitcher fly-ball pressure modest,12.34,42.13,89.62,100.1565,0.4974,0.2242,0.3829,69.84,6.52,31.02,39.36,11.4,0.1737,9.3,34.32,87.24,0.4102,0.173,27.75,Out To CF,71,UNIQLO Field at Dodger Stadium,
31,663886,Tyler Stephenson,CIN,ATL,2026-09-22T23:15:00Z,Pre-Game,4,JR Ritchie,702275,R,56.6,Longshot,Watch List,"Strong Barrel, Premium Lineup Spot",49.4,49.0,68.4,94.9,50.0,9.3,Yes,Yes,4,Yes,No,MLB Stats API; RotoWire,,H:2026/2025 P:2026,,,Direct BvP not yet weighted; 2026/2025 Statcast baseline active,7,4,22,0,"Last 7 games: 4/22, 0 HR","same-side matchup; pitcher baseline 9.7% barrel, 11.0 HR allowed",neutral batted-ball profile; pitcher fly-ball pressure modest,12.96,45.91,90.85,100.4072,0.4242,0.1942,0.3229,70.45,6.79,36.8,33.43,14.4,0.1725,9.7,40.9,89.9,0.421,0.175,29.5,Out To RF,83,Truist Park,
32,695600,Carter Jensen,KC,CWS,2026-09-22T23:40:00Z,Pre-Game,1,Anthony Kay,641743,L,56.6,Longshot,Watch List,"Strong Barrel, Premium Lineup Spot",60.0,39.9,44.7,93.2,50.0,59.1,Yes,Yes,1,Yes,No,MLB Stats API; RotoWire,,H:2026/2025 P:2026,,,Direct BvP not yet weighted; 2026/2025 Statcast baseline active,7,7,26,2,Hot streak: 2 HR in last 7 games,"same-side matchup; pitcher baseline 8.1% barrel, 20.0 HR allowed",lift-pull EV profile; pitcher fly-ball pressure modest,14.5,48.64,92.46,103.0097,0.4727,0.2228,0.3511,74.1,38.8,41.49,31.19,18.4,0.2297,8.1,38.6,88.3,0.415,0.153,22.3,L To R,70,Kauffman Stadium,
33,677951,Bobby Witt Jr.,KC,CWS,2026-09-22T23:40:00Z,Pre-Game,2,Anthony Kay,641743,L,56.5,Longshot,Watch List,"Strong Barrel, Premium Lineup Spot, Platoon Edge",55.2,39.9,44.7,100.0,78.0,20.9,Yes,Yes,2,Yes,No,MLB Stats API; RotoWire,,H:2026/2025 P:2026,,,Direct BvP not yet weighted; 2026/2025 Statcast baseline active,7,7,27,0,"Last 7 games: 7/27, 0 HR","platoon edge; pitcher baseline 8.1% barrel, 20.0 HR allowed",EV profile; pitcher fly-ball pressure modest,11.73,49.48,92.46,103.3987,0.5024,0.208,0.3727,73.95,42.44,31.08,27.27,19.5,0.1745,8.1,38.6,88.3,0.415,0.153,22.3,L To R,70,Kauffman Stadium,
34,703607,Henry Bolte,ATH,LAA,2026-09-23T01:40:00Z,Pre-Game,1,Yusei Kikuchi,579328,L,56.5,Longshot,Watch List,"Premium Lineup Spot, Platoon Edge",37.7,50.2,69.4,93.2,78.0,30.3,Yes,Yes,1,Yes,No,MLB Stats API; RotoWire,,H:2026 P:2026/2025,,,Direct BvP not yet weighted; 2026/2025 Statcast baseline active,7,5,25,1,"Last 7 games: 5/25, 1 HR","platoon edge; pitcher baseline 9.3% barrel, 12.1 HR allowed",neutral batted-ball profile; pitcher fly-ball pressure modest,7.9,48.3,90.9,104.4054,0.373,0.128,0.317,76.9,71.2,32.0,15.4,11.0,0.124,9.33,44.02,90.93,0.4273,0.1731,24.17,Out To CF,81,Sutter Health Park,
35,671739,Michael Harris II,ATL,CIN,2026-09-22T23:15:00Z,Pre-Game,5,Brandon Williamson,682227,L,56.4,Longshot,Watch List,No major boost,44.2,52.1,68.4,86.4,50.0,48.5,Yes,Yes,5,Yes,No,MLB Stats API; RotoWire,,H:2026/2025 P:2026,,,Direct BvP not yet weighted; 2026/2025 Statcast baseline active,7,9,28,1,Contact streak: 9/28 over last 7 games,"same-side matchup; pitcher baseline 9.7% barrel, 8.0 HR allowed",neutral batted-ball profile; pitcher fly-ball pressure modest,9.8,45.71,90.27,102.95,0.4618,0.1802,0.3318,74.72,46.98,36.08,22.42,24.2,0.1859,9.7,41.8,88.2,0.485,0.216,29.1,Out To RF,83,Truist Park,
36,663586,Austin Riley,ATL,CIN,2026-09-22T23:15:00Z,Pre-Game,7,Brandon Williamson,682227,L,56.4,Longshot,Watch List,"Strong Barrel, Platoon Edge",52.5,52.1,68.4,64.3,78.0,6.0,Yes,Yes,7,Yes,No,MLB Stats API; RotoWire,,H:2026/2025 P:2026,,,Direct BvP not yet weighted; 2026/2025 Statcast baseline active,7,4,25,0,"Last 7 games: 4/25, 0 HR","platoon edge; pitcher baseline 9.7% barrel, 8.0 HR allowed",neutral batted-ball profile; pitcher fly-ball pressure modest,13.03,45.93,91.53,102.685,0.4153,0.1928,0.3069,75.83,59.5,40.29,30.52,16.7,0.1484,9.7,41.8,88.2,0.485,0.216,29.1,Out To RF,83,Truist Park,
37,545361,Mike Trout,LAA,ATH,2026-09-23T01:40:00Z,Pre-Game,2,Brady Basso,669620,L,56.3,Longshot,Watch List,"Strong Barrel, Premium Lineup Spot, Platoon Edge",59.5,20.0,69.4,100.0,78.0,9.3,Yes,Yes,2,Yes,No,MLB Stats API; RotoWire,,H:2026/2025 P:2026/2025,,,Direct BvP not yet weighted; 2026/2025 Statcast baseline active,7,4,22,0,"Last 7 games: 4/22, 0 HR","platoon edge; pitcher baseline 4.7% barrel, 2.1 HR allowed",neutral batted-ball profile; pitcher fly-ball pressure modest,15.8,46.57,90.2,102.8301,0.4803,0.2334,0.372,74.56,46.65,35.81,31.14,22.5,0.1867,4.7,36.54,88.68,0.3655,0.093,22.75,Out To CF,81,Sutter Health Park,
38,671732,Lawrence Butler,ATH,LAA,2026-09-23T01:40:00Z,Pre-Game,3,Yusei Kikuchi,579328,L,56.3,Longshot,Watch List,"Premium Lineup Spot, Hot Hitter/Streak",37.0,50.2,69.4,96.6,50.0,73.0,Yes,Yes,3,Yes,No,MLB Stats API; RotoWire,,H:2026/2025 P:2026/2025,,,Direct BvP not yet weighted; 2026/2025 Statcast baseline active,7,6,25,3,Hot streak: 3 HR in last 7 games,"same-side matchup; pitcher baseline 9.3% barrel, 12.1 HR allowed",neutral batted-ball profile; pitcher fly-ball pressure modest,8.57,44.54,89.87,101.801,0.3926,0.1556,0.3183,73.63,37.81,35.66,22.35,18.2,0.1602,9.33,44.02,90.93,0.4273,0.1731,24.17,Out To CF,81,Sutter Health Park,
39,678246,Miguel Vargas,CWS,KC,2026-09-22T23:40:00Z,Pre-Game,1,Daniel Lynch IV,663738,L,55.9,Longshot,Watch List,"Strong Barrel, Premium Lineup Spot, Platoon Edge, Hot Hitter/Streak",51.2,32.6,44.7,93.2,78.0,89.2,Yes,Yes,1,Yes,No,MLB Stats API; RotoWire,,H:2026/2025 P:2026/2025,,,Direct BvP not yet weighted; 2026/2025 Statcast baseline active,7,8,23,3,Hot streak: 3 HR in last 7 games,"platoon edge; pitcher baseline 6.3% barrel, 6.6 HR allowed",fly-ball profile; pitcher fly-ball pressure modest,12.27,43.09,90.05,100.2058,0.4749,0.2186,0.3624,72.91,33.3,44.7,35.38,27.9,0.2118,6.35,38.79,88.81,0.3986,0.1487,24.58,L To R,70,Kauffman Stadium,
40,571448,Nolan Arenado,AZ,COL,2026-09-23T00:40:00Z,Pre-Game,5,Kyle Freeland,607536,L,55.9,Longshot,Watch List,"Good Environment, Platoon Edge, Hot Hitter/Streak",18.2,59.8,76.7,86.4,78.0,98.1,Yes,,,No,Yes,MLB Stats API; RotoWire,not found on RotoWire,H:2026/2025 P:2026/2025,,,Direct BvP not yet weighted; 2026/2025 Statcast baseline active,7,11,27,3,Hot streak: 3 HR in last 7 games,"platoon edge; pitcher baseline 10.2% barrel, 25.5 HR allowed",neutral batted-ball profile; pitcher fly-ball pressure modest,5.61,31.27,85.54,96.9047,0.3576,0.1262,0.2918,71.33,15.12,46.93,28.35,22.5,0.1876,10.24,44.36,90.68,0.4814,0.198,28.31,Out To CF,76,Coors Field,
41,668709,JJ Bleday,CIN,ATL,2026-09-22T23:15:00Z,Pre-Game,5,JR Ritchie,702275,R,55.3,Longshot,Watch List,Platoon Edge,37.0,49.0,68.4,86.4,80.0,34.4,Yes,Yes,5,Yes,No,MLB Stats API; RotoWire,,H:2026/2025 P:2026,,,Direct BvP not yet weighted; 2026/2025 Statcast baseline active,7,5,22,1,"Last 7 games: 5/22, 1 HR","platoon edge; pitcher baseline 9.7% barrel, 11.0 HR allowed",neutral batted-ball profile; pitcher fly-ball pressure modest,9.13,39.68,88.56,99.7572,0.3968,0.1704,0.3208,73.0,27.16,47.07,32.64,20.3,0.1976,9.7,40.9,89.9,0.421,0.175,29.5,Out To RF,83,Truist Park,
42,673962,Josh Jung,TEX,NYM,2026-09-23T00:05:00Z,Pre-Game,3,Sean Manaea,640455,L,55.0,Longshot,Watch List,"Premium Lineup Spot, Platoon Edge",36.9,54.3,41.1,96.6,78.0,61.5,Yes,Yes,3,Yes,No,MLB Stats API; RotoWire,,H:2026/2025 P:2026/2025,,,Direct BvP not yet weighted; 2026/2025 Statcast baseline active,7,8,28,2,Hot streak: 2 HR in last 7 games,"platoon edge; pitcher baseline 10.3% barrel, 20.0 HR allowed",neutral batted-ball profile; pitcher fly-ball pressure modest,7.46,48.1,90.21,100.402,0.4301,0.1571,0.3341,70.41,7.62,37.69,23.64,11.9,0.1502,10.3,41.83,89.38,0.4423,0.1904,28.61,None,72,Globe Life Field,
43,663656,Kyle Tucker,LAD,SD,2026-09-23T02:10:00Z,Pre-Game,5,Michael King,650633,R,54.9,Longshot,Watch List,"Platoon Edge, Hot Hitter/Streak",35.1,41.2,61.1,86.4,80.0,100.0,Yes,Yes,5,Yes,No,MLB Stats API; RotoWire,,H:2026/2025 P:2026/2025,,,Direct BvP not yet weighted; 2026/2025 Statcast baseline active,7,9,20,3,Hot streak: 3 HR in last 7 games,"platoon edge; pitcher baseline 9.3% barrel, 17.6 HR allowed",neutral batted-ball profile; pitcher fly-ball pressure modest,7.93,38.09,89.26,98.8496,0.4221,0.1626,0.3454,71.58,20.73,43.03,34.17,18.5,0.1707,9.3,34.32,87.24,0.4102,0.173,27.75,Out To CF,71,UNIQLO Field at Dodger Stadium,
44,553993,Eugenio Suárez,CIN,ATL,2026-09-22T23:15:00Z,Pre-Game,6,JR Ritchie,702275,R,54.5,Longshot,Watch List,Strong Barrel,44.0,49.0,68.4,76.2,50.0,56.2,Yes,Yes,6,Yes,No,MLB Stats API; RotoWire,,H:2026/2025 P:2026,,,Direct BvP not yet weighted; 2026/2025 Statcast baseline active,7,6,24,2,Hot streak: 2 HR in last 7 games,"same-side matchup; pitcher baseline 9.7% barrel, 11.0 HR allowed",neutral batted-ball profile; pitcher fly-ball pressure modest,12.62,39.27,88.94,99.948,0.3951,0.1925,0.3046,72.23,23.77,46.77,34.81,31.5,0.2392,9.7,40.9,89.9,0.421,0.175,29.5,Out To RF,83,Truist Park,
45,695506,Jac Caglianone,KC,CWS,2026-09-22T23:40:00Z,Pre-Game,3,Anthony Kay,641743,L,54.3,Longshot,Watch List,"Strong Barrel, Premium Lineup Spot",57.6,39.9,44.7,96.6,50.0,19.5,Yes,Yes,3,Yes,No,MLB Stats API; RotoWire,,H:2026/2025 P:2026,,,Direct BvP not yet weighted; 2026/2025 Statcast baseline active,7,4,16,0,"Last 7 games: 4/16, 0 HR","same-side matchup; pitcher baseline 8.1% barrel, 20.0 HR allowed",EV profile; pitcher fly-ball pressure modest,12.98,50.87,92.06,104.7457,0.4786,0.2115,0.3462,77.19,73.71,44.56,22.4,18.2,0.1842,8.1,38.6,88.3,0.415,0.153,22.3,L To R,70,Kauffman Stadium,
46,624424,Michael Conforto,CHC,MIA,2026-09-22T23:40:00Z,Pre-Game,4,Janson Junk,676083,R,54.3,Longshot,Watch List,"Strong Barrel, Premium Lineup Spot, Platoon Edge",46.6,42.6,41.3,94.9,80.0,39.5,Yes,Yes,4,Yes,No,MLB Stats API; RotoWire,,H:2026/2025 P:2026/2025,,,Direct BvP not yet weighted; 2026/2025 Statcast baseline active,7,6,23,1,"Last 7 games: 6/23, 1 HR","platoon edge; pitcher baseline 7.5% barrel, 12.2 HR allowed",neutral batted-ball profile; pitcher fly-ball pressure modest,11.24,42.67,90.25,100.6347,0.4324,0.1966,0.3335,72.92,33.65,43.25,33.78,14.1,0.2061,7.45,41.56,90.41,0.4285,0.162,23.64,In From CF,61,Wrigley Field,
47,668227,Randy Arozarena,SEA,HOU,2026-09-23T01:40:00Z,Pre-Game,2,Cristian Javier,664299,R,54.2,Longshot,Watch List,"Premium Lineup Spot, Hot Hitter/Streak",40.5,40.4,51.9,100.0,50.0,98.1,Yes,Yes,2,Yes,No,MLB Stats API; RotoWire,,H:2026/2025 P:2026/2025,,,Direct BvP not yet weighted; 2026/2025 Statcast baseline active,7,11,27,3,Hot streak: 3 HR in last 7 games,"same-side matchup; pitcher baseline 8.1% barrel, 7.9 HR allowed",neutral batted-ball profile; pitcher allows elevated contact,8.98,45.42,91.02,101.128,0.4205,0.1711,0.3417,71.32,24.73,35.03,24.66,26.3,0.1978,8.11,34.94,89.04,0.4005,0.1593,38.03,Out To RF,65,T-Mobile Park,
48,683737,Michael Busch,CHC,MIA,2026-09-22T23:40:00Z,Pre-Game,3,Janson Junk,676083,R,54.1,Longshot,Watch List,"Strong Barrel, Premium Lineup Spot, Platoon Edge",45.1,42.6,41.3,96.6,80.0,41.2,Yes,Yes,3,Yes,No,MLB Stats API; RotoWire,,H:2026/2025 P:2026/2025,,,Direct BvP not yet weighted; 2026/2025 Statcast baseline active,7,6,22,1,"Last 7 games: 6/22, 1 HR","platoon edge; pitcher baseline 7.5% barrel, 12.2 HR allowed",fly-ball profile; pitcher fly-ball pressure modest,11.57,42.12,89.54,99.7426,0.4465,0.2062,0.3465,68.9,5.92,40.98,35.39,24.2,0.1885,7.45,41.56,90.41,0.4285,0.162,23.64,In From CF,61,Wrigley Field,
49,518692,Freddie Freeman,LAD,SD,2026-09-23T02:10:00Z,Pre-Game,2,Michael King,650633,R,54.1,Longshot,Watch List,"Premium Lineup Spot, Platoon Edge",39.4,41.2,61.1,100.0,80.0,17.0,Yes,Yes,2,Yes,No,MLB Stats API; RotoWire,,H:2026/2025 P:2026/2025,,,Direct BvP not yet weighted; 2026/2025 Statcast baseline active,7,7,30,0,"Last 7 games: 7/30, 0 HR","platoon edge; pitcher baseline 9.3% barrel, 17.6 HR allowed",neutral batted-ball profile; pitcher fly-ball pressure modest,8.79,42.55,89.85,100.1679,0.4663,0.1825,0.3612,70.01,7.84,36.68,27.0,18.4,0.1643,9.3,34.32,87.24,0.4102,0.173,27.75,Out To CF,71,UNIQLO Field at Dodger Stadium,
50,694671,Wyatt Langford,TEX,NYM,2026-09-23T00:05:00Z,Pre-Game,1,Sean Manaea,640455,L,53.5,Longshot,Watch List,"Premium Lineup Spot, Platoon Edge",40.2,54.3,41.1,93.2,78.0,19.5,Yes,Yes,1,Yes,No,MLB Stats API; RotoWire,,H:2026/2025 P:2026/2025,,,Direct BvP not yet weighted; 2026/2025 Statcast baseline active,7,5,20,0,"Last 7 games: 5/20, 0 HR","platoon edge; pitcher baseline 10.3% barrel, 20.0 HR allowed",neutral batted-ball profile; pitcher fly-ball pressure modest,9.73,40.49,89.65,100.4186,0.4137,0.1771,0.3313,72.89,27.57,43.24,31.09,18.5,0.1921,10.3,41.83,89.38,0.4423,0.1904,28.61,None,72,Globe Life Field,
51,665052,Griffin Conine,MIA,CHC,2026-09-22T23:40:00Z,Pre-Game,7,Shota Imanaga,684007,L,53.4,Longshot,Watch List,Strong Barrel,56.9,53.3,41.3,64.3,50.0,43.7,Yes,Yes,7,Yes,No,MLB Stats API; RotoWire,,H:2026/2025 P:2026/2025,,,Direct BvP not yet weighted; 2026/2025 Statcast baseline active,7,4,24,2,Hot streak: 2 HR in last 7 games,"same-side matchup; pitcher baseline 10.3% barrel, 33.1 HR allowed",neutral batted-ball profile; pitcher allows elevated contact,15.01,49.43,91.25,103.151,0.4558,0.211,0.3419,74.26,43.9,41.2,24.04,12.5,0.207,10.27,38.46,89.09,0.427,0.1926,34.67,In From CF,61,Wrigley Field,
52,668901,Mark Vientos,NYM,TEX,2026-09-23T00:05:00Z,Pre-Game,5,MacKenzie Gore,669022,L,53.2,Longshot,Watch List,"Projected Lineup, Strong Barrel, Platoon Edge",46.9,45.6,41.1,81.9,78.0,42.0,No,No,5,Yes,Yes,RotoWire projected lineup; MLB probable pitchers,lineup projected / unconfirmed,H:2026/2025 P:2026/2025,,,Direct BvP not yet weighted; 2026/2025 Statcast baseline active,7,5,18,1,"Last 7 games: 5/18, 1 HR","platoon edge; pitcher baseline 9.1% barrel, 19.3 HR allowed",neutral batted-ball profile; pitcher fly-ball pressure modest,10.59,46.23,90.28,101.1956,0.4404,0.2024,0.3144,72.88,27.13,37.35,28.88,14.2,0.1856,9.13,41.58,89.35,0.3912,0.1495,28.14,None,72,Globe Life Field,
53,691783,Jordan Lawlar,AZ,COL,2026-09-23T00:40:00Z,Pre-Game,6,Kyle Freeland,607536,L,53.2,Longshot,Watch List,"Good Environment, Platoon Edge",23.1,59.8,76.7,76.2,78.0,39.8,Yes,,,No,Yes,MLB Stats API; RotoWire,not found on RotoWire,H:2026/2025 P:2026/2025,,,Direct BvP not yet weighted; 2026/2025 Statcast baseline active,7,5,19,1,"Last 7 games: 5/19, 1 HR","platoon edge; pitcher baseline 10.2% barrel, 25.5 HR allowed",neutral batted-ball profile; pitcher fly-ball pressure modest,7.0,29.55,87.35,98.0793,0.3647,0.1362,0.2957,70.3,8.71,48.49,33.08,3.5,0.1627,10.24,44.36,90.68,0.4814,0.198,28.31,Out To CF,76,Coors Field,
54,694374,Tim Tawa,AZ,COL,2026-09-23T00:40:00Z,Pre-Game,8,Kyle Freeland,607536,L,53.2,Longshot,Watch List,"Good Environment, Platoon Edge",39.4,59.8,76.7,52.4,78.0,0.0,Yes,,,No,Yes,MLB Stats API; RotoWire,not found on RotoWire,H:2026/2025 P:2026/2025,,,Direct BvP not yet weighted; 2026/2025 Statcast baseline active,7,2,24,0,"Last 7 games: 2/24, 0 HR","platoon edge; pitcher baseline 10.2% barrel, 25.5 HR allowed",neutral batted-ball profile; pitcher fly-ball pressure modest,9.86,42.87,90.11,100.5539,0.3897,0.1599,0.3012,73.66,34.88,39.05,25.98,9.1,0.1495,10.24,44.36,90.68,0.4814,0.198,28.31,Out To CF,76,Coors Field,
55,545341,Randal Grichuk,CWS,KC,2026-09-22T23:40:00Z,Pre-Game,3,Daniel Lynch IV,663738,L,52.9,Longshot,Watch List,"Strong Barrel, Premium Lineup Spot, Platoon Edge",51.3,32.6,44.7,96.6,78.0,17.7,Yes,Yes,3,Yes,No,MLB Stats API; RotoWire,,H:2026/2025 P:2026/2025,,,Direct BvP not yet weighted; 2026/2025 Statcast baseline active,7,5,21,0,"Last 7 games: 5/21, 0 HR","platoon edge; pitcher baseline 6.3% barrel, 6.6 HR allowed",neutral batted-ball profile; pitcher fly-ball pressure modest,10.86,49.5,91.7,103.0049,0.464,0.1928,0.3295,74.32,45.2,43.98,29.27,11.8,0.2381,6.35,38.79,88.81,0.3986,0.1487,24.58,L To R,70,Kauffman Stadium,
56,545121,Ildemaro Vargas,AZ,COL,2026-09-23T00:40:00Z,Pre-Game,1,Kyle Freeland,607536,L,52.6,Longshot,Watch List,"Good Environment, Premium Lineup Spot, Platoon Edge",16.7,58.4,76.7,93.2,75.0,34.9,Yes,,,No,Yes,MLB Stats API; RotoWire,not found on RotoWire,H:2026/2025 P:2026/2025,,,Direct BvP not yet weighted; 2026/2025 Statcast baseline active,7,6,17,0,Contact streak: 6/17 over last 7 games,"switch hitter; pitcher baseline 10.2% barrel, 25.5 HR allowed",neutral batted-ball profile; pitcher fly-ball pressure modest,3.41,35.69,87.94,98.4826,0.3676,0.1014,0.294,70.78,15.45,40.78,21.68,7.2,0.1221,10.24,44.36,90.68,0.4814,0.198,28.31,Out To CF,76,Coors Field,
57,815589,Bo Davidson,SF,MIN,2026-09-23T01:45:00Z,Pre-Game,5,Taj Bradley,671737,R,52.6,Longshot,Watch List,Platoon Edge,38.3,48.0,54.8,86.4,80.0,19.5,Yes,Yes,5,Yes,No,MLB Stats API; RotoWire,,H:2026 P:2026/2025,,,Direct BvP not yet weighted; 2026/2025 Statcast baseline active,1,1,4,0,"Last 1 games: 1/4, 0 HR","platoon edge; pitcher baseline 8.8% barrel, 21.8 HR allowed",EV profile; pitcher fly-ball pressure modest,0.0,66.7,93.4,102.8815,0.425,0.134,0.309,72.9,33.3,33.3,0.0,0.0,0.0,8.8,43.54,90.32,0.3878,0.1585,28.63,Out To CF,61,Oracle Park,
58,691406,Junior Caminero,TB,NYY,2026-09-22T23:05:00Z,Warmup,3,Max Fried,608331,L,52.5,Longshot,Watch List,"Strong Barrel, Premium Lineup Spot, Platoon Edge",61.7,10.4,50.7,96.6,78.0,30.3,Yes,Yes,3,Yes,No,MLB Stats API; RotoWire,,H:2026/2025 P:2026/2025,,,Direct BvP not yet weighted; 2026/2025 Statcast baseline active,7,5,25,1,"Last 7 games: 5/25, 1 HR","platoon edge; pitcher baseline 3.6% barrel, 7.0 HR allowed",EV profile; pitcher fly-ball pressure modest,13.3,50.21,92.61,105.0093,0.4968,0.2299,0.3579,79.27,84.13,45.17,23.35,42.2,0.2577,3.61,31.88,86.29,0.2954,0.0879,24.49,In From LF,65,Yankee Stadium,
59,673548,Seiya Suzuki,CHC,MIA,2026-09-22T23:40:00Z,Pre-Game,2,Janson Junk,676083,R,52.3,Longshot,Watch List,"Strong Barrel, Premium Lineup Spot",47.8,42.6,41.3,100.0,50.0,31.4,Yes,Yes,2,Yes,No,MLB Stats API; RotoWire,,H:2026/2025 P:2026/2025,,,Direct BvP not yet weighted; 2026/2025 Statcast baseline active,7,6,29,1,"Last 7 games: 6/29, 1 HR","same-side matchup; pitcher baseline 7.5% barrel, 12.2 HR allowed",neutral batted-ball profile; pitcher fly-ball pressure modest,12.4,42.12,89.48,101.0646,0.4471,0.2008,0.3429,73.37,37.18,41.41,32.04,27.1,0.212,7.45,41.56,90.41,0.4285,0.162,23.64,In From CF,61,Wrigley Field,
60,672695,Geraldo Perdomo,AZ,COL,2026-09-23T00:40:00Z,Pre-Game,4,Kyle Freeland,607536,L,52.3,Longshot,Watch List,"Good Environment, Premium Lineup Spot, Platoon Edge",13.6,58.4,76.7,94.9,75.0,44.5,Yes,,,No,Yes,MLB Stats API; RotoWire,not found on RotoWire,H:2026/2025 P:2026/2025,,,Direct BvP not yet weighted; 2026/2025 Statcast baseline active,7,10,24,0,Contact streak: 10/24 over last 7 games,"switch hitter; pitcher baseline 10.2% barrel, 25.5 HR allowed",neutral batted-ball profile; pitcher fly-ball pressure modest,3.61,31.06,87.46,96.78,0.3687,0.1054,0.3357,67.5,2.22,42.19,25.24,12.3,0.1293,10.24,44.36,90.68,0.4814,0.198,28.31,Out To CF,76,Coors Field,
61,665161,Jeremy Peña,HOU,SEA,2026-09-23T01:40:00Z,Pre-Game,1,Logan Gilbert,669302,R,52.3,Longshot,Watch List,"Premium Lineup Spot, Hot Hitter/Streak",33.0,48.0,51.9,93.2,50.0,90.6,Yes,No,1,Yes,Yes,MLB Stats API; RotoWire,RotoWire not confirmed,H:2026/2025 P:2026/2025,,,Direct BvP not yet weighted; 2026/2025 Statcast baseline active,7,10,28,3,Hot streak: 3 HR in last 7 games,"same-side matchup; pitcher baseline 9.7% barrel, 25.6 HR allowed",neutral batted-ball profile; pitcher fly-ball pressure modest,7.36,40.45,88.62,99.9463,0.4292,0.1599,0.3284,72.23,15.18,46.34,25.13,19.1,0.1898,9.65,41.21,89.96,0.3803,0.1589,28.68,Out To RF,65,T-Mobile Park,
62,606192,Teoscar Hernández,LAD,SD,2026-09-23T02:10:00Z,Pre-Game,6,Michael King,650633,R,52.3,Longshot,Watch List,Strong Barrel,45.5,41.2,61.1,76.2,50.0,61.5,Yes,Yes,6,Yes,No,MLB Stats API; RotoWire,,H:2026/2025 P:2026/2025,,,Direct BvP not yet weighted; 2026/2025 Statcast baseline active,7,8,28,2,Hot streak: 2 HR in last 7 games,"same-side matchup; pitcher baseline 9.3% barrel, 17.6 HR allowed",neutral batted-ball profile; pitcher fly-ball pressure modest,10.8,45.68,90.27,101.6429,0.4413,0.1857,0.3303,72.62,26.95,35.55,28.33,18.0,0.172,9.3,34.32,87.24,0.4102,0.173,27.75,Out To CF,71,UNIQLO Field at Dodger Stadium,
63,800543,Josue De Paula,LAD,SD,2026-09-23T02:10:00Z,Pre-Game,7,Michael King,650633,R,52.2,Longshot,Watch List,"Strong Barrel, Platoon Edge",47.5,41.2,61.1,64.3,80.0,24.9,Yes,Yes,7,Yes,No,MLB Stats API; RotoWire,,H:2026 P:2026/2025,,,Direct BvP not yet weighted; 2026/2025 Statcast baseline active,7,6,21,0,"Last 7 games: 6/21, 0 HR","platoon edge; pitcher baseline 9.3% barrel, 17.6 HR allowed",neutral batted-ball profile; pitcher fly-ball pressure modest,12.5,45.8,89.3,99.1983,0.484,0.192,0.427,72.0,27.5,45.8,25.0,1.0,0.214,9.3,34.32,87.24,0.4102,0.173,27.75,Out To CF,71,UNIQLO Field at Dodger Stadium,
64,682626,Francisco Alvarez,NYM,TEX,2026-09-23T00:05:00Z,Pre-Game,7,MacKenzie Gore,669022,L,52.1,Longshot,Watch List,"Projected Lineup, Strong Barrel, Platoon Edge",54.1,45.6,41.1,59.8,78.0,34.9,No,No,7,Yes,Yes,RotoWire projected lineup; MLB probable pitchers,lineup projected / unconfirmed,H:2026/2025 P:2026/2025,,,Direct BvP not yet weighted; 2026/2025 Statcast baseline active,7,6,26,1,"Last 7 games: 6/26, 1 HR","platoon edge; pitcher baseline 9.1% barrel, 19.3 HR allowed",neutral batted-ball profile; pitcher fly-ball pressure modest,14.34,49.05,91.21,102.8798,0.4272,0.1996,0.3211,74.11,42.04,37.54,24.68,14.5,0.1742,9.13,41.58,89.35,0.3912,0.1495,28.14,None,72,Globe Life Field,
65,694249,Cole Carrigg,COL,AZ,2026-09-23T00:40:00Z,Pre-Game,5,Michael Soroka,647336,R,52.1,Longshot,Watch List,"Good Environment, Platoon Edge, Hot Hitter/Streak",27.6,33.0,76.7,86.4,75.0,95.1,Yes,Yes,5,Yes,No,MLB Stats API; RotoWire,,H:2026 P:2026/2025,,,Direct BvP not yet weighted; 2026/2025 Statcast baseline active,7,12,31,3,Hot streak: 3 HR in last 7 games,"switch hitter; pitcher baseline 7.7% barrel, 9.2 HR allowed",neutral batted-ball profile; pitcher fly-ball pressure modest,5.6,36.5,87.9,98.8236,0.396,0.15,0.311,73.2,34.8,47.2,29.6,10.0,0.19,7.68,35.5,88.01,0.3895,0.1462,27.94,Out To CF,76,Coors Field,
66,682663,Agustín Ramírez,MIA,CHC,2026-09-22T23:40:00Z,Pre-Game,5,Shota Imanaga,684007,L,51.9,Longshot,Watch List,"Platoon Edge, Hot Hitter/Streak",30.6,53.3,41.3,86.4,78.0,73.9,Yes,Yes,5,Yes,No,MLB Stats API; RotoWire,,H:2026/2025 P:2026/2025,,,Direct BvP not yet weighted; 2026/2025 Statcast baseline active,7,7,19,2,Hot streak: 2 HR in last 7 games,"platoon edge; pitcher baseline 10.3% barrel, 33.1 HR allowed",neutral batted-ball profile; pitcher allows elevated contact,6.59,42.03,90.03,102.5922,0.359,0.1252,0.2991,75.62,56.81,42.15,18.49,9.8,0.1477,10.27,38.46,89.09,0.427,0.1926,34.67,In From CF,61,Wrigley Field,
67,607043,Brandon Nimmo,TEX,NYM,2026-09-23T00:05:00Z,Pre-Game,5,Sean Manaea,640455,L,51.9,Longshot,Watch List,No major boost,45.7,54.3,41.1,86.4,50.0,19.5,Yes,Yes,5,Yes,No,MLB Stats API; RotoWire,,H:2026/2025 P:2026/2025,,,Direct BvP not yet weighted; 2026/2025 Statcast baseline active,7,7,28,0,"Last 7 games: 7/28, 0 HR","same-side matchup; pitcher baseline 10.3% barrel, 20.0 HR allowed",EV profile; pitcher fly-ball pressure modest,9.15,50.41,92.04,102.0346,0.4386,0.1747,0.3357,72.34,27.74,33.59,25.7,17.3,0.1551,10.3,41.83,89.38,0.4423,0.1904,28.61,None,72,Globe Life Field,
68,502054,Tommy Pham,CWS,KC,2026-09-22T23:40:00Z,Pre-Game,2,Daniel Lynch IV,663738,L,51.7,Longshot,Watch List,"Premium Lineup Spot, Platoon Edge",43.2,32.6,44.7,100.0,78.0,37.8,Yes,Yes,2,Yes,No,MLB Stats API; RotoWire,,H:2026/2025 P:2026/2025,,,Direct BvP not yet weighted; 2026/2025 Statcast baseline active,7,3,12,1,"Last 7 games: 3/12, 1 HR","platoon edge; pitcher baseline 6.3% barrel, 6.6 HR allowed",EV profile; pitcher fly-ball pressure modest,7.37,51.82,94.61,103.5704,0.3701,0.1462,0.3033,72.32,25.47,54.33,27.5,3.7,0.1292,6.35,38.79,88.81,0.3986,0.1487,24.58,L To R,70,Kauffman Stadium,
69,605141,Mookie Betts,LAD,SD,2026-09-23T02:10:00Z,Pre-Game,1,Michael King,650633,R,51.7,Longshot,Watch List,"Premium Lineup Spot, Hot Hitter/Streak",33.3,41.2,61.1,93.2,50.0,81.7,Yes,Yes,1,Yes,No,MLB Stats API; RotoWire,,H:2026/2025 P:2026/2025,,,Direct BvP not yet weighted; 2026/2025 Statcast baseline active,7,12,28,2,Hot streak: 2 HR in last 7 games,"same-side matchup; pitcher baseline 9.3% barrel, 17.6 HR allowed",neutral batted-ball profile; pitcher fly-ball pressure modest,7.18,37.83,90.01,98.5813,0.4325,0.1567,0.337,69.46,8.67,40.66,33.31,21.4,0.1809,9.3,34.32,87.24,0.4102,0.173,27.75,Out To CF,71,UNIQLO Field at Dodger Stadium,
70,671277,Luis García Jr.,NYY,TB,2026-09-22T23:05:00Z,Warmup,4,Drew Rasmussen,656876,R,51.6,Longshot,Watch List,"Strong Barrel, Premium Lineup Spot, Platoon Edge",50.4,28.8,50.7,94.9,80.0,0.0,Yes,Yes,4,Yes,No,MLB Stats API; RotoWire,,H:2026/2025 P:2026/2025,,,Direct BvP not yet weighted; 2026/2025 Statcast baseline active,7,2,27,0,"Last 7 games: 2/27, 0 HR","platoon edge; pitcher baseline 6.0% barrel, 15.2 HR allowed",neutral batted-ball profile; pitcher fly-ball pressure modest,11.45,46.43,91.11,101.8841,0.4875,0.2072,0.3432,73.73,40.04,41.36,23.52,25.8,0.2237,5.95,36.86,88.99,0.3561,0.1236,23.1,In From LF,65,Yankee Stadium,
71,672640,Otto Lopez,MIA,CHC,2026-09-22T23:40:00Z,Pre-Game,2,Shota Imanaga,684007,L,51.6,Longshot,Watch List,"Premium Lineup Spot, Platoon Edge",30.3,53.3,41.3,100.0,78.0,31.4,Yes,Yes,2,Yes,No,MLB Stats API; RotoWire,,H:2026/2025 P:2026/2025,,,Direct BvP not yet weighted; 2026/2025 Statcast baseline active,7,6,29,1,"Last 7 games: 6/29, 1 HR","platoon edge; pitcher baseline 10.3% barrel, 33.1 HR allowed",neutral batted-ball profile; pitcher allows elevated contact,6.47,40.26,88.99,100.1985,0.4249,0.1468,0.3286,71.84,23.09,33.63,22.92,12.2,0.1325,10.27,38.46,89.09,0.427,0.1926,34.67,In From CF,61,Wrigley Field,
72,664023,Ian Happ,CHC,MIA,2026-09-22T23:40:00Z,Pre-Game,5,Janson Junk,676083,R,51.6,Longshot,Watch List,"Strong Barrel, Platoon Edge",43.8,41.3,41.3,86.4,75.0,44.5,Yes,Yes,5,Yes,No,MLB Stats API; RotoWire,,H:2026/2025 P:2026/2025,,,Direct BvP not yet weighted; 2026/2025 Statcast baseline active,7,5,17,1,"Last 7 games: 5/17, 1 HR","switch hitter; pitcher baseline 7.5% barrel, 12.2 HR allowed",neutral batted-ball profile; pitcher fly-ball pressure modest,11.1,43.0,89.65,100.7734,0.4143,0.1916,0.3274,71.74,17.94,44.89,31.41,23.7,0.191,7.45,41.56,90.41,0.4285,0.162,23.64,In From CF,61,Wrigley Field,
73,671218,Heliot Ramos,NYY,TB,2026-09-22T23:05:00Z,Warmup,3,Drew Rasmussen,656876,R,51.5,Longshot,Watch List,"Strong Barrel, Premium Lineup Spot",50.3,28.8,50.7,96.6,50.0,47.5,Yes,Yes,3,Yes,No,MLB Stats API; RotoWire,,H:2026/2025 P:2026/2025,,,Direct BvP not yet weighted; 2026/2025 Statcast baseline active,7,5,26,2,Hot streak: 2 HR in last 7 games,"same-side matchup; pitcher baseline 6.0% barrel, 15.2 HR allowed",EV profile; pitcher fly-ball pressure modest,12.37,48.31,92.01,102.9811,0.4359,0.1855,0.3263,73.06,33.52,33.59,24.0,15.4,0.1608,5.95,36.86,88.99,0.3561,0.1236,23.1,In From LF,65,Yankee Stadium,
74,666160,Mickey Moniak,COL,AZ,2026-09-23T00:40:00Z,Pre-Game,7,Michael Soroka,647336,R,51.5,Longshot,Watch List,"Strong Barrel, Good Environment, Platoon Edge",45.6,34.0,76.7,64.3,80.0,12.0,Yes,Yes,7,Yes,No,MLB Stats API; RotoWire,,H:2026/2025 P:2026/2025,,,Direct BvP not yet weighted; 2026/2025 Statcast baseline active,7,5,25,0,"Last 7 games: 5/25, 0 HR","platoon edge; pitcher baseline 7.7% barrel, 9.2 HR allowed",fly-ball profile; pitcher fly-ball pressure modest,10.79,42.43,89.63,100.2791,0.4177,0.192,0.2944,74.12,43.18,46.45,36.91,22.6,0.2431,7.68,35.5,88.01,0.3895,0.1462,27.94,Out To CF,76,Coors Field,
75,687263,Zach Neto,LAA,ATH,2026-09-23T01:40:00Z,Pre-Game,1,Brady Basso,669620,L,51.5,Longshot,Watch List,"Strong Barrel, Premium Lineup Spot, Platoon Edge",48.0,20.0,69.4,93.2,78.0,8.1,Yes,Yes,1,Yes,No,MLB Stats API; RotoWire,,H:2026/2025 P:2026/2025,,,Direct BvP not yet weighted; 2026/2025 Statcast baseline active,7,4,23,0,"Last 7 games: 4/23, 0 HR","platoon edge; pitcher baseline 4.7% barrel, 2.1 HR allowed",neutral batted-ball profile; pitcher fly-ball pressure modest,12.11,42.75,90.16,100.3479,0.432,0.2083,0.3209,71.47,15.58,47.27,34.4,26.0,0.2023,4.7,36.54,88.68,0.3655,0.093,22.75,Out To CF,81,Sutter Health Park,
76,805805,Walker Jenkins,MIN,SF,2026-09-23T01:45:00Z,Pre-Game,5,Anthony Molina,683627,R,51.5,Longshot,Watch List,"Platoon Edge, Hot Hitter/Streak",24.6,49.6,54.8,86.4,80.0,78.7,Yes,Yes,5,Yes,No,MLB Stats API; RotoWire,,H:2026 P:2026/2025,,,Direct BvP not yet weighted; 2026/2025 Statcast baseline active,7,10,25,2,Hot streak: 2 HR in last 7 games,"platoon edge; pitcher baseline 8.4% barrel, 5.7 HR allowed",neutral batted-ball profile; pitcher allows elevated contact,8.0,30.0,85.9,97.1413,0.384,0.155,0.31,71.6,18.3,36.0,28.0,3.0,0.167,8.37,43.22,88.75,0.473,0.2063,33.22,Out To CF,61,Oracle Park,
77,701538,Jackson Merrill,SD,LAD,2026-09-23T02:10:00Z,Pre-Game,5,Brock Stewart,592779,R,51.5,Longshot,Watch List,"Strong Barrel, Platoon Edge",54.9,7.8,61.1,86.4,80.0,60.3,Yes,No,5,Yes,Yes,MLB Stats API; RotoWire,RotoWire not confirmed,H:2026/2025 P:2026/2025,,,Direct BvP not yet weighted; 2026/2025 Statcast baseline active,7,12,30,1,Contact streak: 12/30 over last 7 games,"platoon edge; pitcher baseline 4.6% barrel, 3.0 HR allowed",neutral batted-ball profile; pitcher fly-ball pressure modest,12.72,47.45,91.03,101.2764,0.4921,0.2242,0.3477,72.95,28.1,37.56,30.2,23.0,0.1909,4.59,27.87,83.0,0.3016,0.1155,25.63,Out To CF,71,UNIQLO Field at Dodger Stadium,
78,642350,Jose Siri,LAA,ATH,2026-09-23T01:40:00Z,Pre-Game,6,Brady Basso,669620,L,51.4,Longshot,Watch List,"Strong Barrel, Platoon Edge",48.4,20.0,69.4,76.2,78.0,50.3,Yes,Yes,6,Yes,No,MLB Stats API; RotoWire,,H:2026/2025 P:2026/2025,,,Direct BvP not yet weighted; 2026/2025 Statcast baseline active,7,7,21,1,Contact streak: 7/21 over last 7 games,"platoon edge; pitcher baseline 4.7% barrel, 2.1 HR allowed",fly-ball profile; pitcher fly-ball pressure modest,15.59,39.67,87.98,99.8067,0.3711,0.1889,0.2708,73.08,33.96,33.51,42.48,6.3,0.1397,4.7,36.54,88.68,0.3655,0.093,22.75,Out To CF,81,Sutter Health Park,
79,665487,Fernando Tatis Jr.,SD,LAD,2026-09-23T02:10:00Z,Pre-Game,1,Brock Stewart,592779,R,51.2,Longshot,Watch List,"Strong Barrel, Premium Lineup Spot",58.3,7.8,61.1,93.2,50.0,67.0,Yes,No,1,Yes,Yes,MLB Stats API; RotoWire,RotoWire not confirmed,H:2026/2025 P:2026/2025,,,Direct BvP not yet weighted; 2026/2025 Statcast baseline active,7,6,30,4,Hot streak: 4 HR in last 7 games,"same-side matchup; pitcher baseline 4.6% barrel, 3.0 HR allowed",EV profile; pitcher fly-ball pressure modest,12.33,52.99,93.02,104.461,0.4985,0.2093,0.377,75.65,58.19,34.66,22.5,25.0,0.1815,4.59,27.87,83.0,0.3016,0.1155,25.63,Out To CF,71,UNIQLO Field at Dodger Stadium,
80,686469,Vinnie Pasquantino,KC,CWS,2026-09-22T23:40:00Z,Pre-Game,5,Anthony Kay,641743,L,51.0,Longshot,Watch List,Hot Hitter/Streak,41.7,39.9,44.7,86.4,50.0,87.0,Yes,Yes,5,Yes,No,MLB Stats API; RotoWire,,H:2026/2025 P:2026,,,Direct BvP not yet weighted; 2026/2025 Statcast baseline active,7,7,21,3,Hot streak: 3 HR in last 7 games,"same-side matchup; pitcher baseline 8.1% barrel, 20.0 HR allowed",neutral batted-ball profile; pitcher fly-ball pressure modest,9.61,42.88,90.2,100.3315,0.4378,0.184,0.3333,71.17,15.38,44.68,29.91,19.4,0.1767,8.1,38.6,88.3,0.415,0.153,22.3,L To R,70,Kauffman Stadium,
81,596019,Francisco Lindor,NYM,TEX,2026-09-23T00:05:00Z,Pre-Game,1,MacKenzie Gore,669022,L,51.0,Longshot,Watch List,"Projected Lineup, Premium Lineup Spot, Platoon Edge",45.7,43.5,41.1,88.7,75.0,2.0,No,No,1,Yes,Yes,RotoWire projected lineup; MLB probable pitchers,lineup projected / unconfirmed,H:2026/2025 P:2026/2025,,,Direct BvP not yet weighted; 2026/2025 Statcast baseline active,7,4,30,0,"Last 7 games: 4/30, 0 HR","switch hitter; pitcher baseline 9.1% barrel, 19.3 HR allowed",neutral batted-ball profile; pitcher fly-ball pressure modest,8.97,47.41,91.13,100.4815,0.4386,0.194,0.3345,72.16,24.0,44.41,32.33,23.3,0.2011,9.13,41.58,89.35,0.3912,0.1495,28.14,None,72,Globe Life Field,
82,686797,Brooks Lee,MIN,SF,2026-09-23T01:45:00Z,Pre-Game,2,Anthony Molina,683627,R,50.8,Longshot,Watch List,"Premium Lineup Spot, Platoon Edge",21.7,49.0,54.8,100.0,75.0,58.0,Yes,Yes,2,Yes,No,MLB Stats API; RotoWire,,H:2026/2025 P:2026/2025,,,Direct BvP not yet weighted; 2026/2025 Statcast baseline active,7,10,26,1,Contact streak: 10/26 over last 7 games,"switch hitter; pitcher baseline 8.4% barrel, 5.7 HR allowed",neutral batted-ball profile; pitcher allows elevated contact,4.68,35.35,88.32,97.7147,0.3586,0.1274,0.2813,69.92,8.35,41.85,29.77,21.6,0.1669,8.37,43.22,88.75,0.473,0.2063,33.22,Out To CF,61,Oracle Park,
83,687551,Drew Gilbert,SF,MIN,2026-09-23T01:45:00Z,Pre-Game,1,Taj Bradley,671737,R,50.4,Longshot,Watch List,"Premium Lineup Spot, Platoon Edge",21.2,48.0,54.8,93.2,80.0,68.7,Yes,Yes,1,Yes,No,MLB Stats API; RotoWire,,H:2026/2025 P:2026/2025,,,Direct BvP not yet weighted; 2026/2025 Statcast baseline active,7,4,12,2,Hot streak: 2 HR in last 7 games,"platoon edge; pitcher baseline 8.8% barrel, 21.8 HR allowed",neutral batted-ball profile; pitcher fly-ball pressure modest,5.67,36.5,86.67,98.2714,0.3808,0.1356,0.3141,70.45,9.99,41.19,19.83,8.6,0.1593,8.8,43.54,90.32,0.3878,0.1585,28.63,Out To CF,61,Oracle Park,
84,681393,Connor Norby,COL,AZ,2026-09-23T00:40:00Z,Pre-Game,2,Michael Soroka,647336,R,50.3,Longshot,Watch List,"Good Environment, Premium Lineup Spot",30.0,34.0,76.7,100.0,50.0,44.1,Yes,Yes,2,Yes,No,MLB Stats API; RotoWire,,H:2026/2025 P:2026/2025,,,Direct BvP not yet weighted; 2026/2025 Statcast baseline active,7,12,29,0,Contact streak: 12/29 over last 7 games,"same-side matchup; pitcher baseline 7.7% barrel, 9.2 HR allowed",fly-ball profile; pitcher fly-ball pressure modest,8.07,36.33,87.53,98.1188,0.3778,0.1543,0.3063,70.28,8.76,41.75,35.42,7.3,0.1359,7.68,35.5,88.01,0.3895,0.1462,27.94,Out To CF,76,Coors Field,
85,679822,Justin Foscue,TEX,NYM,2026-09-23T00:05:00Z,Pre-Game,7,Sean Manaea,640455,L,50.0,Longshot,Watch List,Platoon Edge,41.1,54.3,41.1,64.3,78.0,24.9,Yes,Yes,7,Yes,No,MLB Stats API; RotoWire,,H:2026/2025 P:2026/2025,,,Direct BvP not yet weighted; 2026/2025 Statcast baseline active,7,4,14,0,"Last 7 games: 4/14, 0 HR","platoon edge; pitcher baseline 10.3% barrel, 20.0 HR allowed",fly-ball profile; pitcher fly-ball pressure modest,7.56,49.69,90.41,99.5054,0.3944,0.1726,0.2869,70.96,9.52,46.43,37.12,7.7,0.188,10.3,41.83,89.38,0.4423,0.1904,28.61,None,72,Globe Life Field,
86,677594,Julio Rodríguez,SEA,HOU,2026-09-23T01:40:00Z,Pre-Game,5,Cristian Javier,664299,R,50.0,Longshot,Watch List,No major boost,45.2,40.4,51.9,86.4,50.0,20.9,Yes,Yes,5,Yes,No,MLB Stats API; RotoWire,,H:2026/2025 P:2026/2025,,,Direct BvP not yet weighted; 2026/2025 Statcast baseline active,7,7,27,0,"Last 7 games: 7/27, 0 HR","same-side matchup; pitcher baseline 8.1% barrel, 7.9 HR allowed",neutral batted-ball profile; pitcher allows elevated contact,9.03,45.55,90.75,102.8184,0.4496,0.1838,0.3363,76.54,66.5,38.28,25.42,24.3,0.1699,8.11,34.94,89.04,0.4005,0.1593,38.03,Out To RF,65,T-Mobile Park,
87,666182,Bo Bichette,NYM,TEX,2026-09-23T00:05:00Z,Pre-Game,3,MacKenzie Gore,669022,L,49.9,Longshot,Watch List,"Projected Lineup, Premium Lineup Spot, Platoon Edge",33.2,45.6,41.1,92.1,78.0,39.0,No,No,3,Yes,Yes,RotoWire projected lineup; MLB probable pitchers,lineup projected / unconfirmed,H:2026/2025 P:2026/2025,,,Direct BvP not yet weighted; 2026/2025 Statcast baseline active,7,8,31,1,"Last 7 games: 8/31, 1 HR","platoon edge; pitcher baseline 9.1% barrel, 19.3 HR allowed",neutral batted-ball profile; pitcher fly-ball pressure modest,6.92,43.97,90.02,101.0975,0.4359,0.1517,0.3355,69.59,12.81,26.63,22.81,17.3,0.1419,9.13,41.58,89.35,0.3912,0.1495,28.14,None,72,Globe Life Field,
88,666211,Taylor Trammell,HOU,SEA,2026-09-23T01:40:00Z,Pre-Game,7,Logan Gilbert,669302,R,49.8,Longshot,Watch List,"Strong Barrel, Platoon Edge",39.8,48.0,51.9,64.3,80.0,24.0,Yes,No,8,Yes,Yes,MLB Stats API; RotoWire,RotoWire not confirmed; order MLB 7 vs RotoWire 8,H:2026/2025 P:2026/2025,,,Direct BvP not yet weighted; 2026/2025 Statcast baseline active,7,3,19,1,"Last 7 games: 3/19, 1 HR","platoon edge; pitcher baseline 9.7% barrel, 25.6 HR allowed",neutral batted-ball profile; pitcher fly-ball pressure modest,11.23,38.69,89.25,101.0575,0.3553,0.1641,0.2843,75.93,60.11,47.87,28.69,6.5,0.1514,9.65,41.21,89.96,0.3803,0.1589,28.68,Out To RF,65,T-Mobile Park,
89,521692,Salvador Perez,KC,CWS,2026-09-22T23:40:00Z,Pre-Game,6,Anthony Kay,641743,L,49.5,Longshot,Watch List,"Strong Barrel, Platoon Edge",46.8,39.9,44.7,76.2,78.0,2.5,Yes,Yes,6,Yes,No,MLB Stats API; RotoWire,,H:2026/2025 P:2026,,,Direct BvP not yet weighted; 2026/2025 Statcast baseline active,7,3,22,0,"Last 7 games: 3/22, 0 HR","platoon edge; pitcher baseline 8.1% barrel, 20.0 HR allowed",neutral batted-ball profile; pitcher fly-ball pressure modest,11.44,44.04,89.37,100.8842,0.4591,0.2065,0.3241,72.06,22.56,41.63,30.78,22.3,0.1659,8.1,38.6,88.3,0.415,0.153,22.3,L To R,70,Kauffman Stadium,
90,811965,Joshua Kuroda-Grauer,ATH,LAA,2026-09-23T01:40:00Z,Pre-Game,6,Yusei Kikuchi,579328,L,49.4,Longshot,Watch List,Platoon Edge,19.3,50.2,69.4,76.2,78.0,58.0,Yes,Yes,6,Yes,No,MLB Stats API; RotoWire,,H:2026 P:2026/2025,,,Direct BvP not yet weighted; 2026/2025 Statcast baseline active,7,10,26,1,Contact streak: 10/26 over last 7 games,"platoon edge; pitcher baseline 9.3% barrel, 12.1 HR allowed",neutral batted-ball profile; pitcher fly-ball pressure modest,1.9,40.4,89.3,99.3977,0.414,0.1,0.327,68.3,8.3,39.6,13.2,1.0,0.166,9.33,44.02,90.93,0.4273,0.1731,24.17,Out To CF,81,Sutter Health Park,
91,665862,Jazz Chisholm Jr.,NYY,TB,2026-09-22T23:05:00Z,Warmup,6,Drew Rasmussen,656876,R,49.3,Longshot,Watch List,"Strong Barrel, Platoon Edge",42.6,28.8,50.7,76.2,80.0,56.6,Yes,Yes,6,Yes,No,MLB Stats API; RotoWire,,H:2026/2025 P:2026/2025,,,Direct BvP not yet weighted; 2026/2025 Statcast baseline active,7,9,24,1,Contact streak: 9/24 over last 7 games,"platoon edge; pitcher baseline 6.0% barrel, 15.2 HR allowed",neutral batted-ball profile; pitcher fly-ball pressure modest,10.38,42.81,90.05,100.4086,0.4033,0.1805,0.3107,73.27,32.74,50.09,30.12,22.6,0.1914,5.95,36.86,88.99,0.3561,0.1236,23.1,In From LF,65,Yankee Stadium,
92,673237,Yainer Diaz,HOU,SEA,2026-09-23T01:40:00Z,Pre-Game,5,Logan Gilbert,669302,R,49.3,Longshot,Watch List,No major boost,31.7,48.0,51.9,86.4,50.0,59.6,Yes,No,5,Yes,Yes,MLB Stats API; RotoWire,RotoWire not confirmed,H:2026/2025 P:2026/2025,,,Direct BvP not yet weighted; 2026/2025 Statcast baseline active,7,6,22,2,Hot streak: 2 HR in last 7 games,"same-side matchup; pitcher baseline 9.7% barrel, 25.6 HR allowed",neutral batted-ball profile; pitcher fly-ball pressure modest,7.36,39.47,89.27,100.0135,0.4181,0.1529,0.3106,72.48,22.79,36.56,18.54,15.1,0.1659,9.65,41.21,89.96,0.3803,0.1589,28.68,Out To RF,65,T-Mobile Park,
93,641355,Cody Bellinger,NYY,TB,2026-09-22T23:05:00Z,Warmup,2,Drew Rasmussen,656876,R,48.9,Longshot,Watch List,"Premium Lineup Spot, Platoon Edge",30.4,28.8,50.7,100.0,80.0,63.7,Yes,Yes,2,Yes,No,MLB Stats API; RotoWire,,H:2026/2025 P:2026/2025,,,Direct BvP not yet weighted; 2026/2025 Statcast baseline active,7,9,30,2,Hot streak: 2 HR in last 7 games,"platoon edge; pitcher baseline 6.0% barrel, 15.2 HR allowed",neutral batted-ball profile; pitcher fly-ball pressure modest,6.8,37.9,88.93,98.5646,0.4173,0.1505,0.3335,69.89,4.89,44.08,31.78,19.9,0.1779,5.95,36.86,88.99,0.3561,0.1236,23.1,In From LF,65,Yankee Stadium,
94,645277,Ozzie Albies,ATL,CIN,2026-09-22T23:15:00Z,Pre-Game,4,Brandon Williamson,682227,L,48.9,Longshot,Watch List,"Premium Lineup Spot, Platoon Edge",15.8,51.2,68.4,94.9,75.0,22.6,Yes,Yes,4,Yes,No,MLB Stats API; RotoWire,,H:2026/2025 P:2026,,,Direct BvP not yet weighted; 2026/2025 Statcast baseline active,7,4,27,1,"Last 7 games: 4/27, 1 HR","switch hitter; pitcher baseline 9.7% barrel, 8.0 HR allowed",neutral batted-ball profile; pitcher fly-ball pressure modest,4.2,28.67,87.22,96.7093,0.3516,0.1205,0.285,68.86,5.74,46.7,31.69,20.2,0.1495,9.7,41.8,88.2,0.485,0.216,29.1,Out To RF,83,Truist Park,
95,695720,Tommy White,ATH,LAA,2026-09-23T01:40:00Z,Pre-Game,5,Yusei Kikuchi,579328,L,48.9,Longshot,Watch List,Platoon Edge,18.0,50.2,69.4,86.4,78.0,28.5,Yes,Yes,5,Yes,No,MLB Stats API; RotoWire,,H:2026 P:2026/2025,,,Direct BvP not yet weighted; 2026/2025 Statcast baseline active,7,3,16,1,"Last 7 games: 3/16, 1 HR","platoon edge; pitcher baseline 9.3% barrel, 12.1 HR allowed",neutral batted-ball profile; pitcher fly-ball pressure modest,6.8,31.8,85.7,96.9668,0.378,0.116,0.29,69.3,13.0,29.1,23.0,3.0,0.08,9.33,44.02,90.93,0.4273,0.1731,24.17,Out To CF,81,Sutter Health Park,
96,701807,Carson Benge,NYM,TEX,2026-09-23T00:05:00Z,Pre-Game,4,MacKenzie Gore,669022,L,48.5,Longshot,Watch List,"Projected Lineup, Premium Lineup Spot, Hot Hitter/Streak",32.2,45.6,41.1,90.4,50.0,72.2,No,No,4,Yes,Yes,RotoWire projected lineup; MLB probable pitchers,lineup projected / unconfirmed,H:2026 P:2026/2025,,,Direct BvP not yet weighted; 2026/2025 Statcast baseline active,7,10,28,2,Hot streak: 2 HR in last 7 games,"same-side matchup; pitcher baseline 9.1% barrel, 19.3 HR allowed",neutral batted-ball profile; pitcher fly-ball pressure modest,7.4,38.6,88.7,99.5422,0.435,0.158,0.339,71.0,17.3,33.3,27.8,19.0,0.144,9.13,41.58,89.35,0.3912,0.1495,28.14,None,72,Globe Life Field,
97,572233,Christian Walker,HOU,SEA,2026-09-23T01:40:00Z,Pre-Game,6,Logan Gilbert,669302,R,47.9,Longshot,Watch List,Strong Barrel,40.7,48.0,51.9,76.2,50.0,0.0,Yes,No,7,Yes,Yes,MLB Stats API; RotoWire,RotoWire not confirmed; order MLB 6 vs RotoWire 7,H:2026/2025 P:2026/2025,,,Direct BvP not yet weighted; 2026/2025 Statcast baseline active,7,2,23,0,"Last 7 games: 2/23, 0 HR","same-side matchup; pitcher baseline 9.7% barrel, 25.6 HR allowed",neutral batted-ball profile; pitcher fly-ball pressure modest,10.24,41.83,89.43,101.3514,0.3979,0.1722,0.3028,74.31,43.34,41.64,28.21,25.6,0.1851,9.65,41.21,89.96,0.3803,0.1589,28.68,Out To RF,65,T-Mobile Park,
98,669221,Sean Murphy,ATL,CIN,2026-09-22T23:15:00Z,Pre-Game,8,Brandon Williamson,682227,L,47.6,Longshot,Watch List,Platoon Edge,31.9,52.1,68.4,52.4,78.0,0.0,Yes,Yes,8,Yes,No,MLB Stats API; RotoWire,,H:2026/2025 P:2026,,,Direct BvP not yet weighted; 2026/2025 Statcast baseline active,7,2,24,0,"Last 7 games: 2/24, 0 HR","platoon edge; pitcher baseline 9.7% barrel, 8.0 HR allowed",neutral batted-ball profile; pitcher fly-ball pressure modest,9.55,39.6,87.42,100.7592,0.3506,0.1531,0.2797,72.53,28.4,47.93,25.72,6.9,0.1589,9.7,41.8,88.2,0.485,0.216,29.1,Out To RF,83,Truist Park,
99,641487,J.P. Crawford,SEA,HOU,2026-09-23T01:40:00Z,Pre-Game,1,Cristian Javier,664299,R,47.3,Longshot,Watch List,"Premium Lineup Spot, Platoon Edge",21.4,40.4,51.9,93.2,80.0,49.7,Yes,Yes,1,Yes,No,MLB Stats API; RotoWire,,H:2026/2025 P:2026/2025,,,Direct BvP not yet weighted; 2026/2025 Statcast baseline active,7,6,29,2,Hot streak: 2 HR in last 7 games,"platoon edge; pitcher baseline 8.1% barrel, 7.9 HR allowed",neutral batted-ball profile; pitcher allows elevated contact,5.88,34.56,87.55,98.0742,0.3692,0.1235,0.3238,71.21,18.67,35.21,22.12,12.7,0.1225,8.11,34.94,89.04,0.4005,0.1593,38.03,Out To RF,65,T-Mobile Park,
100,668904,Royce Lewis,MIN,SF,2026-09-23T01:45:00Z,Pre-Game,7,Anthony Molina,683627,R,47.2,Longshot,Watch List,Strong Barrel,40.1,49.6,54.8,64.3,50.0,7.9,Yes,Yes,7,Yes,No,MLB Stats API; RotoWire,,H:2026/2025 P:2026/2025,,,Direct BvP not yet weighted; 2026/2025 Statcast baseline active,7,5,29,0,"Last 7 games: 5/29, 0 HR","same-side matchup; pitcher baseline 8.4% barrel, 5.7 HR allowed",neutral batted-ball profile; pitcher allows elevated contact,10.17,40.23,89.8,100.5659,0.3965,0.1586,0.3033,74.72,50.24,46.51,30.85,13.7,0.1531,8.37,43.22,88.75,0.473,0.2063,33.22,Out To CF,61,Oracle Park,
101,664983,Jake McCarthy,COL,AZ,2026-09-23T00:40:00Z,Pre-Game,1,Michael Soroka,647336,R,47.1,Longshot,Watch List,"Good Environment, Premium Lineup Spot, Platoon Edge",17.0,34.0,76.7,93.2,80.0,32.0,Yes,Yes,1,Yes,No,MLB Stats API; RotoWire,,H:2026/2025 P:2026/2025,,,Direct BvP not yet weighted; 2026/2025 Statcast baseline active,7,10,30,0,Contact streak: 10/30 over last 7 games,"platoon edge; pitcher baseline 7.7% barrel, 9.2 HR allowed",neutral batted-ball profile; pitcher fly-ball pressure modest,5.58,28.16,85.12,96.8731,0.4041,0.1385,0.3133,70.89,13.26,37.94,21.66,11.7,0.1774,7.68,35.5,88.01,0.3895,0.1462,27.94,Out To CF,76,Coors Field,
102,813841,Jonah Cox,SF,MIN,2026-09-23T01:45:00Z,Pre-Game,2,Taj Bradley,671737,R,46.9,Longshot,Watch List,Premium Lineup Spot,22.6,48.0,54.8,100.0,50.0,24.0,Yes,Yes,2,Yes,No,MLB Stats API; RotoWire,,H:2026 P:2026/2025,,,Direct BvP not yet weighted; 2026/2025 Statcast baseline active,7,7,25,0,"Last 7 games: 7/25, 0 HR","same-side matchup; pitcher baseline 8.8% barrel, 21.8 HR allowed",neutral batted-ball profile; pitcher fly-ball pressure modest,6.2,38.3,88.7,99.4934,0.338,0.123,0.264,68.9,6.0,19.8,22.2,4.0,0.144,8.8,43.54,90.32,0.3878,0.1585,28.63,Out To CF,61,Oracle Park,
103,681198,TJ Rumfield,COL,AZ,2026-09-23T00:40:00Z,Pre-Game,3,Michael Soroka,647336,R,46.4,Longshot,Watch List,"Good Environment, Premium Lineup Spot, Platoon Edge",13.1,34.0,76.7,96.6,80.0,33.9,Yes,Yes,3,Yes,No,MLB Stats API; RotoWire,,H:2026 P:2026/2025,,,Direct BvP not yet weighted; 2026/2025 Statcast baseline active,7,9,26,0,Contact streak: 9/26 over last 7 games,"platoon edge; pitcher baseline 7.7% barrel, 9.2 HR allowed",neutral batted-ball profile; pitcher fly-ball pressure modest,5.0,27.5,84.2,96.1255,0.388,0.125,0.336,68.3,7.6,41.2,28.4,15.0,0.151,7.68,35.5,88.01,0.3895,0.1462,27.94,Out To CF,76,Coors Field,
104,691594,Javier Sanoja,MIA,CHC,2026-09-22T23:40:00Z,Pre-Game,4,Shota Imanaga,684007,L,46.2,Longshot,Watch List,"Premium Lineup Spot, Platoon Edge",11.7,53.3,41.3,94.9,78.0,61.5,Yes,Yes,4,Yes,No,MLB Stats API; RotoWire,,H:2026/2025 P:2026/2025,,,Direct BvP not yet weighted; 2026/2025 Statcast baseline active,7,8,28,2,Hot streak: 2 HR in last 7 games,"platoon edge; pitcher baseline 10.3% barrel, 33.1 HR allowed",neutral batted-ball profile; pitcher allows elevated contact,2.5,33.18,87.52,97.6054,0.3518,0.0872,0.2897,69.07,6.95,38.29,19.46,8.8,0.16,10.27,38.46,89.09,0.427,0.1926,34.67,In From CF,61,Wrigley Field,
105,681624,Andy Pages,LAD,SD,2026-09-23T02:10:00Z,Pre-Game,8,Michael King,650633,R,46.2,Longshot,Watch List,Hot Hitter/Streak,35.8,41.2,61.1,52.4,50.0,70.6,Yes,Yes,8,Yes,No,MLB Stats API; RotoWire,,H:2026/2025 P:2026/2025,,,Direct BvP not yet weighted; 2026/2025 Statcast baseline active,7,9,26,2,Hot streak: 2 HR in last 7 games,"same-side matchup; pitcher baseline 9.3% barrel, 17.6 HR allowed",neutral batted-ball profile; pitcher fly-ball pressure modest,7.91,40.7,88.74,99.7219,0.435,0.1672,0.3328,72.85,26.4,38.18,28.37,22.8,0.1869,9.3,34.32,87.24,0.4102,0.173,27.75,Out To CF,71,UNIQLO Field at Dodger Stadium,
106,668723,Ryan Vilade,TB,NYY,2026-09-22T23:05:00Z,Warmup,2,Max Fried,608331,L,46.1,Longshot,Watch List,"Premium Lineup Spot, Platoon Edge",44.1,10.4,50.7,100.0,78.0,8.5,Yes,Yes,2,Yes,No,MLB Stats API; RotoWire,,H:2026/2025 P:2026/2025,,,Direct BvP not yet weighted; 2026/2025 Statcast baseline active,7,3,17,0,"Last 7 games: 3/17, 0 HR","platoon edge; pitcher baseline 3.6% barrel, 7.0 HR allowed",neutral batted-ball profile; pitcher fly-ball pressure modest,8.72,50.22,91.49,102.5599,0.4033,0.1604,0.3223,75.84,58.56,24.29,25.17,7.7,0.1386,3.61,31.88,86.29,0.2954,0.0879,24.49,In From LF,65,Yankee Stadium,
107,643289,Mauricio Dubón,ATL,CIN,2026-09-22T23:15:00Z,Pre-Game,6,Brandon Williamson,682227,L,46.1,Longshot,Watch List,Platoon Edge,10.3,52.1,68.4,76.2,78.0,45.0,Yes,Yes,6,Yes,No,MLB Stats API; RotoWire,,H:2026/2025 P:2026,,,Direct BvP not yet weighted; 2026/2025 Statcast baseline active,7,12,27,0,Contact streak: 12/27 over last 7 games,"platoon edge; pitcher baseline 9.7% barrel, 8.0 HR allowed",neutral batted-ball profile; pitcher fly-ball pressure modest,3.09,28.75,85.97,96.23,0.3625,0.1001,0.2976,68.87,4.03,31.68,25.86,9.8,0.1189,9.7,41.8,88.2,0.485,0.216,29.1,Out To RF,83,Truist Park,
108,670623,Isaac Paredes,HOU,SEA,2026-09-23T01:40:00Z,Pre-Game,3,Logan Gilbert,669302,R,46.1,Longshot,Watch List,Premium Lineup Spot,17.7,48.0,51.9,96.6,50.0,57.8,Yes,No,3,Yes,Yes,MLB Stats API; RotoWire,RotoWire not confirmed,H:2026/2025 P:2026/2025,,,Direct BvP not yet weighted; 2026/2025 Statcast baseline active,7,6,23,2,Hot streak: 2 HR in last 7 games,"same-side matchup; pitcher baseline 9.7% barrel, 25.6 HR allowed",neutral batted-ball profile; pitcher fly-ball pressure modest,5.25,30.45,86.49,96.9992,0.3709,0.1299,0.3207,67.74,7.71,51.79,31.15,21.4,0.183,9.65,41.21,89.96,0.3803,0.1589,28.68,Out To RF,65,T-Mobile Park,
109,592518,Manny Machado,SD,LAD,2026-09-23T02:10:00Z,Pre-Game,3,Brock Stewart,592779,R,46.1,Longshot,Watch List,"Strong Barrel, Premium Lineup Spot",47.8,7.8,61.1,96.6,50.0,26.2,Yes,No,3,Yes,Yes,MLB Stats API; RotoWire,RotoWire not confirmed,H:2026/2025 P:2026/2025,,,Direct BvP not yet weighted; 2026/2025 Statcast baseline active,7,5,29,1,"Last 7 games: 5/29, 1 HR","same-side matchup; pitcher baseline 4.6% barrel, 3.0 HR allowed",neutral batted-ball profile; pitcher fly-ball pressure modest,10.59,46.04,91.01,101.7891,0.4425,0.1904,0.3372,74.64,44.72,39.03,28.22,27.7,0.1864,4.59,27.87,83.0,0.3016,0.1155,25.63,Out To CF,71,UNIQLO Field at Dodger Stadium,
110,664034,Ty France,SD,LAD,2026-09-23T02:10:00Z,Pre-Game,4,Brock Stewart,592779,R,45.9,Longshot,Watch List,Premium Lineup Spot,42.5,7.8,61.1,94.9,50.0,60.3,Yes,No,4,Yes,Yes,MLB Stats API; RotoWire,RotoWire not confirmed,H:2026/2025 P:2026/2025,,,Direct BvP not yet weighted; 2026/2025 Statcast baseline active,7,12,30,1,Contact streak: 12/30 over last 7 games,"same-side matchup; pitcher baseline 4.6% barrel, 3.0 HR allowed",neutral batted-ball profile; pitcher fly-ball pressure modest,8.96,47.21,91.25,100.9702,0.4327,0.1751,0.3322,71.77,19.95,36.57,25.11,16.8,0.1835,4.59,27.87,83.0,0.3016,0.1155,25.63,Out To CF,71,UNIQLO Field at Dodger Stadium,
111,699912,Jose Fernandez,AZ,COL,2026-09-23T00:40:00Z,Pre-Game,9,Kyle Freeland,607536,L,45.8,Longshot,Watch List,"Good Environment, Platoon Edge",19.7,59.8,76.7,44.8,78.0,2.0,Yes,,,No,Yes,MLB Stats API; RotoWire,not found on RotoWire,H:2026 P:2026/2025,,,Direct BvP not yet weighted; 2026/2025 Statcast baseline active,7,2,15,0,"Last 7 games: 2/15, 0 HR","platoon edge; pitcher baseline 10.2% barrel, 25.5 HR allowed",neutral batted-ball profile; pitcher fly-ball pressure modest,3.9,39.2,88.0,100.4828,0.345,0.1,0.28,74.0,42.9,41.8,11.8,3.0,0.091,10.24,44.36,90.68,0.4814,0.198,28.31,Out To CF,76,Coors Field,
112,694728,Brice Matthews,HOU,SEA,2026-09-23T01:40:00Z,Pre-Game,9,Logan Gilbert,669302,R,45.8,Longshot,Watch List,Strong Barrel,41.3,48.0,51.9,44.8,50.0,42.0,Yes,,,No,Yes,MLB Stats API; RotoWire,not found on RotoWire,H:2026/2025 P:2026/2025,,,Direct BvP not yet weighted; 2026/2025 Statcast baseline active,7,5,18,1,"Last 7 games: 5/18, 1 HR","same-side matchup; pitcher baseline 9.7% barrel, 25.6 HR allowed",neutral batted-ball profile; pitcher fly-ball pressure modest,13.78,38.13,87.27,100.6105,0.3738,0.1874,0.2681,73.06,29.84,36.66,27.98,6.1,0.1779,9.65,41.21,89.96,0.3803,0.1589,28.68,Out To RF,65,T-Mobile Park,
113,806367,Turner Hill,SF,MIN,2026-09-23T01:45:00Z,Pre-Game,4,Taj Bradley,671737,R,45.8,Longshot,Watch List,"Premium Lineup Spot, Platoon Edge",11.5,48.0,54.8,94.9,80.0,36.0,Yes,Yes,4,Yes,No,MLB Stats API; RotoWire,,H:2026 P:2026/2025,,,Direct BvP not yet weighted; 2026/2025 Statcast baseline active,7,5,21,1,"Last 7 games: 5/21, 1 HR","platoon edge; pitcher baseline 8.8% barrel, 21.8 HR allowed",neutral batted-ball profile; pitcher fly-ball pressure modest,3.9,30.3,87.2,96.3594,0.357,0.104,0.323,65.6,0.7,47.4,22.4,1.0,0.098,8.8,43.54,90.32,0.3878,0.1585,28.63,Out To CF,61,Oracle Park,
114,669224,Austin Wells,NYY,TB,2026-09-22T23:05:00Z,Warmup,8,Drew Rasmussen,656876,R,45.6,Longshot,Watch List,"Platoon Edge, Hot Hitter/Streak",37.8,28.8,50.7,52.4,80.0,82.0,Yes,Yes,8,Yes,No,MLB Stats API; RotoWire,,H:2026/2025 P:2026/2025,,,Direct BvP not yet weighted; 2026/2025 Statcast baseline active,7,6,20,3,Hot streak: 3 HR in last 7 games,"platoon edge; pitcher baseline 6.0% barrel, 15.2 HR allowed",neutral batted-ball profile; pitcher fly-ball pressure modest,8.24,43.66,89.83,100.7217,0.3697,0.1605,0.2945,72.98,28.16,45.19,34.12,15.4,0.1631,5.95,36.86,88.99,0.3561,0.1236,23.1,In From LF,65,Yankee Stadium,
115,672580,Maikel Garcia,KC,CWS,2026-09-22T23:40:00Z,Pre-Game,4,Anthony Kay,641743,L,45.5,Longshot,Watch List,"Premium Lineup Spot, Platoon Edge",25.8,39.9,44.7,94.9,78.0,9.3,Yes,Yes,4,Yes,No,MLB Stats API; RotoWire,,H:2026/2025 P:2026,,,Direct BvP not yet weighted; 2026/2025 Statcast baseline active,7,4,22,0,"Last 7 games: 4/22, 0 HR","platoon edge; pitcher baseline 8.1% barrel, 20.0 HR allowed",neutral batted-ball profile; pitcher fly-ball pressure modest,4.76,41.67,90.25,100.3278,0.3835,0.1117,0.3175,71.69,17.87,34.32,21.25,6.9,0.128,8.1,38.6,88.3,0.415,0.153,22.3,L To R,70,Kauffman Stadium,
116,687093,Vaughn Grissom,LAA,ATH,2026-09-23T01:40:00Z,Pre-Game,3,Brady Basso,669620,L,45.4,Longshot,Watch List,"Premium Lineup Spot, Platoon Edge",24.9,20.0,69.4,96.6,78.0,28.9,Yes,Yes,3,Yes,No,MLB Stats API; RotoWire,,H:2026 P:2026/2025,,,Direct BvP not yet weighted; 2026/2025 Statcast baseline active,7,4,21,1,"Last 7 games: 4/21, 1 HR","platoon edge; pitcher baseline 4.7% barrel, 2.1 HR allowed",neutral batted-ball profile; pitcher fly-ball pressure modest,6.9,35.8,87.5,98.6452,0.377,0.137,0.308,70.9,16.3,40.2,24.9,12.0,0.146,4.7,36.54,88.68,0.3655,0.093,22.75,Out To CF,81,Sutter Health Park,
117,641680,Jonah Heim,ATH,LAA,2026-09-23T01:40:00Z,Pre-Game,7,Yusei Kikuchi,579328,L,45.1,Longshot,Watch List,Platoon Edge,21.8,48.9,69.4,64.3,75.0,0.8,Yes,Yes,7,Yes,No,MLB Stats API; RotoWire,,H:2026/2025 P:2026/2025,,,Direct BvP not yet weighted; 2026/2025 Statcast baseline active,7,3,24,0,"Last 7 games: 3/24, 0 HR","switch hitter; pitcher baseline 9.3% barrel, 12.1 HR allowed",neutral batted-ball profile; pitcher fly-ball pressure modest,6.17,32.75,87.68,97.6668,0.3565,0.1333,0.2816,69.84,9.52,40.49,27.34,12.4,0.1519,9.33,44.02,90.93,0.4273,0.1731,24.17,Out To CF,81,Sutter Health Park,
118,667472,Dane Myers,CIN,ATL,2026-09-22T23:15:00Z,Pre-Game,7,JR Ritchie,702275,R,45.0,Longshot,Watch List,No major boost,25.4,49.0,68.4,64.3,50.0,20.8,Yes,Yes,7,Yes,No,MLB Stats API; RotoWire,,H:2026/2025 P:2026,,,Direct BvP not yet weighted; 2026/2025 Statcast baseline active,7,3,22,1,"Last 7 games: 3/22, 1 HR","same-side matchup; pitcher baseline 9.7% barrel, 11.0 HR allowed",neutral batted-ball profile; pitcher fly-ball pressure modest,5.49,38.15,89.72,99.1091,0.367,0.1253,0.3085,71.04,17.84,28.35,24.05,6.7,0.1057,9.7,40.9,89.9,0.421,0.175,29.5,Out To RF,83,Truist Park,
119,691720,Kyle Karros,COL,AZ,2026-09-23T00:40:00Z,Pre-Game,6,Michael Soroka,647336,R,45.0,Longshot,Watch List,Good Environment,24.9,34.0,76.7,76.2,50.0,39.2,Yes,Yes,6,Yes,No,MLB Stats API; RotoWire,,H:2026/2025 P:2026/2025,,,Direct BvP not yet weighted; 2026/2025 Statcast baseline active,7,7,27,1,"Last 7 games: 7/27, 1 HR","same-side matchup; pitcher baseline 7.7% barrel, 9.2 HR allowed",neutral batted-ball profile; pitcher fly-ball pressure modest,6.18,38.6,89.02,99.6456,0.3663,0.1243,0.3161,69.8,5.65,38.8,23.85,8.7,0.1287,7.68,35.5,88.01,0.3895,0.1462,27.94,Out To CF,76,Coors Field,
120,553869,Elias Díaz,TEX,NYM,2026-09-23T00:05:00Z,Pre-Game,8,Sean Manaea,640455,L,44.9,Longshot,Watch List,Platoon Edge,31.0,54.3,41.1,52.4,78.0,21.5,Yes,Yes,8,Yes,No,MLB Stats API; RotoWire,,H:2026/2025 P:2026/2025,,,Direct BvP not yet weighted; 2026/2025 Statcast baseline active,7,5,19,0,"Last 7 games: 5/19, 0 HR","platoon edge; pitcher baseline 10.3% barrel, 20.0 HR allowed",neutral batted-ball profile; pitcher fly-ball pressure modest,8.37,39.68,88.26,100.5935,0.3473,0.1348,0.2666,74.34,43.79,37.51,26.68,7.6,0.1522,10.3,41.83,89.38,0.4423,0.1904,28.61,None,72,Globe Life Field,
121,694208,Moisés Ballesteros,LAA,ATH,2026-09-23T01:40:00Z,Pre-Game,5,Brady Basso,669620,L,44.9,Longshot,Watch List,No major boost,34.0,20.0,69.4,86.4,50.0,37.8,Yes,Yes,5,Yes,No,MLB Stats API; RotoWire,,H:2026/2025 P:2026/2025,,,Direct BvP not yet weighted; 2026/2025 Statcast baseline active,7,6,24,1,"Last 7 games: 6/24, 1 HR","same-side matchup; pitcher baseline 4.7% barrel, 2.1 HR allowed",neutral batted-ball profile; pitcher fly-ball pressure modest,8.17,42.82,90.08,100.741,0.3818,0.1443,0.3053,72.29,29.3,34.43,22.12,6.9,0.1389,4.7,36.54,88.68,0.3655,0.093,22.75,Out To CF,81,Sutter Health Park,
122,694203,Denzer Guzman,LAA,ATH,2026-09-23T01:40:00Z,Pre-Game,4,Brady Basso,669620,L,44.7,Longshot,Watch List,"Premium Lineup Spot, Platoon Edge",24.7,20.0,69.4,94.9,78.0,20.9,Yes,Yes,4,Yes,No,MLB Stats API; RotoWire,,H:2026/2025 P:2026/2025,,,Direct BvP not yet weighted; 2026/2025 Statcast baseline active,7,7,27,0,"Last 7 games: 7/27, 0 HR","platoon edge; pitcher baseline 4.7% barrel, 2.1 HR allowed",neutral batted-ball profile; pitcher fly-ball pressure modest,8.14,37.58,86.71,98.8471,0.3265,0.1141,0.2525,73.57,37.3,40.39,23.98,5.5,0.1306,4.7,36.54,88.68,0.3655,0.093,22.75,Out To CF,81,Sutter Health Park,
123,691858,Jared Serna,MIA,CHC,2026-09-22T23:40:00Z,Pre-Game,9,Shota Imanaga,684007,L,44.6,Longshot,Watch List,"Strong Barrel, Platoon Edge",34.9,53.3,41.3,44.8,78.0,15.3,Yes,Yes,9,Yes,No,MLB Stats API; RotoWire,,H:2026 P:2026/2025,,,Direct BvP not yet weighted; 2026/2025 Statcast baseline active,7,2,9,0,"Last 7 games: 2/9, 0 HR","platoon edge; pitcher baseline 10.3% barrel, 33.1 HR allowed",neutral batted-ball profile; pitcher allows elevated contact,10.0,60.0,89.4,101.3736,0.249,0.07,0.235,71.0,9.7,50.0,10.0,0.0,0.143,10.27,38.46,89.09,0.427,0.1926,34.67,In From CF,61,Wrigley Field,
124,701358,Cam Smith,HOU,SEA,2026-09-23T01:40:00Z,Pre-Game,8,Logan Gilbert,669302,R,44.5,Longshot,Watch List,No major boost,40.3,48.0,51.9,52.4,50.0,0.0,Yes,No,9,Yes,Yes,MLB Stats API; RotoWire,RotoWire not confirmed; order MLB 8 vs RotoWire 9,H:2026/2025 P:2026/2025,,,Direct BvP not yet weighted; 2026/2025 Statcast baseline active,7,0,24,0,"Last 7 games: 0/24, 0 HR","same-side matchup; pitcher baseline 9.7% barrel, 25.6 HR allowed",neutral batted-ball profile; pitcher fly-ball pressure modest,9.84,42.83,88.39,101.3079,0.4075,0.1718,0.3117,76.95,69.02,37.28,25.0,16.7,0.1626,9.65,41.21,89.96,0.3803,0.1589,28.68,Out To RF,65,T-Mobile Park,
125,605170,Victor Caratini,MIN,SF,2026-09-23T01:45:00Z,Pre-Game,8,Anthony Molina,683627,R,44.5,Longshot,Watch List,Platoon Edge,28.9,49.0,54.8,52.4,75.0,17.7,Yes,Yes,8,Yes,No,MLB Stats API; RotoWire,,H:2026/2025 P:2026/2025,,,Direct BvP not yet weighted; 2026/2025 Statcast baseline active,7,5,21,0,"Last 7 games: 5/21, 0 HR","switch hitter; pitcher baseline 8.4% barrel, 5.7 HR allowed",neutral batted-ball profile; pitcher allows elevated contact,6.79,39.23,89.19,98.9052,0.3795,0.1455,0.315,71.32,16.29,38.13,23.06,8.5,0.1093,8.37,43.22,88.75,0.473,0.2063,33.22,Out To CF,61,Oracle Park,
126,699115,Carlos Jorge,CIN,ATL,2026-09-22T23:15:00Z,Pre-Game,1,JR Ritchie,702275,R,44.3,Longshot,Watch List,"Premium Lineup Spot, Platoon Edge",6.2,49.0,68.4,93.2,80.0,0.0,Yes,Yes,1,Yes,No,MLB Stats API; RotoWire,,H:2026 P:2026,,,Direct BvP not yet weighted; 2026/2025 Statcast baseline active,7,1,12,0,"Last 7 games: 1/12, 0 HR","platoon edge; pitcher baseline 9.7% barrel, 11.0 HR allowed",neutral batted-ball profile; pitcher fly-ball pressure modest,5.6,16.7,81.2,91.3969,0.286,0.086,0.247,69.3,4.0,27.8,16.7,0.0,0.08,9.7,40.9,89.9,0.421,0.175,29.5,Out To RF,83,Truist Park,
127,677649,Ezequiel Duran,TEX,NYM,2026-09-23T00:05:00Z,Pre-Game,6,Sean Manaea,640455,L,44.1,Longshot,Watch List,Platoon Edge,19.9,54.3,41.1,76.2,78.0,12.0,Yes,Yes,6,Yes,No,MLB Stats API; RotoWire,,H:2026/2025 P:2026/2025,,,Direct BvP not yet weighted; 2026/2025 Statcast baseline active,7,5,25,0,"Last 7 games: 5/25, 0 HR","platoon edge; pitcher baseline 10.3% barrel, 20.0 HR allowed",neutral batted-ball profile; pitcher fly-ball pressure modest,4.91,35.8,87.75,98.9738,0.3496,0.1139,0.2862,72.27,24.73,35.52,21.51,11.9,0.1376,10.3,41.83,89.38,0.4423,0.1904,28.61,None,72,Globe Life Field,
128,650490,Yandy Díaz,TB,NYY,2026-09-22T23:05:00Z,Warmup,1,Max Fried,608331,L,43.8,Longshot,Watch List,"Premium Lineup Spot, Platoon Edge",41.3,10.4,50.7,93.2,78.0,0.0,Yes,Yes,1,Yes,No,MLB Stats API; RotoWire,,H:2026/2025 P:2026/2025,,,Direct BvP not yet weighted; 2026/2025 Statcast baseline active,7,2,28,0,"Last 7 games: 2/28, 0 HR","platoon edge; pitcher baseline 3.6% barrel, 7.0 HR allowed",neutral batted-ball profile; pitcher fly-ball pressure modest,7.53,49.42,91.6,103.2218,0.446,0.1635,0.3491,73.5,37.44,23.81,19.65,22.9,0.1645,3.61,31.88,86.29,0.2954,0.0879,24.49,In From LF,65,Yankee Stadium,
129,699302,Héctor Rodríguez,CIN,ATL,2026-09-22T23:15:00Z,Pre-Game,8,JR Ritchie,702275,R,43.8,Longshot,Watch List,Platoon Edge,21.8,49.0,68.4,52.4,80.0,0.0,Yes,Yes,8,Yes,No,MLB Stats API; RotoWire,,H:2026 P:2026,,,Direct BvP not yet weighted; 2026/2025 Statcast baseline active,7,2,22,0,"Last 7 games: 2/22, 0 HR","platoon edge; pitcher baseline 9.7% barrel, 11.0 HR allowed",neutral batted-ball profile; pitcher fly-ball pressure modest,5.6,32.6,87.7,98.5188,0.313,0.117,0.249,74.6,48.1,40.4,30.3,5.0,0.161,9.7,40.9,89.9,0.421,0.175,29.5,Out To RF,83,Truist Park,
130,514888,Jose Altuve,HOU,SEA,2026-09-23T01:40:00Z,Pre-Game,4,Logan Gilbert,669302,R,43.8,Longshot,Watch List,Premium Lineup Spot,13.6,48.0,51.9,94.9,50.0,43.2,Yes,No,4,Yes,Yes,MLB Stats API; RotoWire,RotoWire not confirmed,H:2026/2025 P:2026/2025,,,Direct BvP not yet weighted; 2026/2025 Statcast baseline active,7,8,28,1,"Last 7 games: 8/28, 1 HR","same-side matchup; pitcher baseline 9.7% barrel, 25.6 HR allowed",neutral batted-ball profile; pitcher fly-ball pressure modest,4.87,31.39,85.45,97.0932,0.3448,0.1169,0.2811,68.93,9.64,45.85,23.14,19.0,0.1602,9.65,41.21,89.96,0.3803,0.1589,28.68,Out To RF,65,T-Mobile Park,
131,647304,Josh Naylor,SEA,HOU,2026-09-23T01:40:00Z,Pre-Game,6,Cristian Javier,664299,R,43.8,Longshot,Watch List,Platoon Edge,22.8,40.4,51.9,76.2,80.0,18.2,Yes,Yes,6,Yes,No,MLB Stats API; RotoWire,,H:2026/2025 P:2026/2025,,,Direct BvP not yet weighted; 2026/2025 Statcast baseline active,7,7,29,0,"Last 7 games: 7/29, 0 HR","platoon edge; pitcher baseline 8.1% barrel, 7.9 HR allowed",neutral batted-ball profile; pitcher allows elevated contact,5.23,37.7,87.73,98.9703,0.3991,0.1289,0.318,70.34,11.75,41.57,22.22,13.0,0.1138,8.11,34.94,89.04,0.4005,0.1593,38.03,Out To RF,65,T-Mobile Park,
132,621020,Dansby Swanson,CHC,MIA,2026-09-22T23:40:00Z,Pre-Game,9,Janson Junk,676083,R,43.7,Longshot,Watch List,Hot Hitter/Streak,39.3,42.6,41.3,44.8,50.0,71.6,Yes,Yes,9,Yes,No,MLB Stats API; RotoWire,,H:2026/2025 P:2026/2025,,,Direct BvP not yet weighted; 2026/2025 Statcast baseline active,7,6,17,2,Hot streak: 2 HR in last 7 games,"same-side matchup; pitcher baseline 7.5% barrel, 12.2 HR allowed",neutral batted-ball profile; pitcher fly-ball pressure modest,8.76,43.46,89.87,100.025,0.4168,0.1792,0.3191,71.39,8.68,47.27,29.12,20.5,0.1863,7.45,41.56,90.41,0.4285,0.162,23.64,In From CF,61,Wrigley Field,
133,680574,Matt McLain,CIN,ATL,2026-09-22T23:15:00Z,Pre-Game,9,JR Ritchie,702275,R,43.4,Longshot,Watch List,No major boost,32.3,49.0,68.4,44.8,50.0,0.0,Yes,Yes,9,Yes,No,MLB Stats API; RotoWire,,H:2026/2025 P:2026,,,Direct BvP not yet weighted; 2026/2025 Statcast baseline active,7,2,22,0,"Last 7 games: 2/22, 0 HR","same-side matchup; pitcher baseline 9.7% barrel, 11.0 HR allowed",neutral batted-ball profile; pitcher fly-ball pressure modest,8.92,37.69,88.31,98.9402,0.3662,0.1511,0.2959,71.0,9.96,36.27,33.57,15.0,0.1419,9.7,40.9,89.9,0.421,0.175,29.5,Out To RF,83,Truist Park,
134,695657,Colson Montgomery,CWS,KC,2026-09-22T23:40:00Z,Pre-Game,8,Daniel Lynch IV,663738,L,43.4,Longshot,Watch List,Strong Barrel,51.1,32.6,44.7,52.4,50.0,4.5,Yes,Yes,8,Yes,No,MLB Stats API; RotoWire,,H:2026/2025 P:2026/2025,,,Direct BvP not yet weighted; 2026/2025 Statcast baseline active,7,3,20,0,"Last 7 games: 3/20, 0 HR","same-side matchup; pitcher baseline 6.3% barrel, 6.6 HR allowed",neutral batted-ball profile; pitcher fly-ball pressure modest,13.03,42.54,88.91,101.8982,0.431,0.2185,0.3144,76.72,70.72,49.16,32.95,28.0,0.2368,6.35,38.79,88.81,0.3986,0.1487,24.58,L To R,70,Kauffman Stadium,
135,694376,Shay Whitcomb,SF,MIN,2026-09-23T01:45:00Z,Pre-Game,6,Taj Bradley,671737,R,43.4,Longshot,Watch List,No major boost,24.9,48.0,54.8,76.2,50.0,5.7,Yes,Yes,6,Yes,No,MLB Stats API; RotoWire,,H:2026/2025 P:2026/2025,,,Direct BvP not yet weighted; 2026/2025 Statcast baseline active,7,3,19,0,"Last 7 games: 3/19, 0 HR","same-side matchup; pitcher baseline 8.8% barrel, 21.8 HR allowed",neutral batted-ball profile; pitcher fly-ball pressure modest,9.89,28.14,85.76,97.5694,0.344,0.1534,0.2351,71.73,18.13,44.12,26.25,3.1,0.1297,8.8,43.54,90.32,0.3878,0.1585,28.63,Out To CF,61,Oracle Park,
136,807712,Luke Keaschall,MIN,SF,2026-09-23T01:45:00Z,Pre-Game,1,Anthony Molina,683627,R,43.2,Longshot,Watch List,Premium Lineup Spot,12.2,49.6,54.8,93.2,50.0,30.2,Yes,Yes,1,Yes,No,MLB Stats API; RotoWire,,H:2026/2025 P:2026/2025,,,Direct BvP not yet weighted; 2026/2025 Statcast baseline active,7,9,28,0,Contact streak: 9/28 over last 7 games,"same-side matchup; pitcher baseline 8.4% barrel, 5.7 HR allowed",neutral batted-ball profile; pitcher allows elevated contact,3.8,29.59,85.64,96.6687,0.3619,0.1111,0.3177,68.5,7.31,39.03,27.32,7.5,0.1185,8.37,43.22,88.75,0.473,0.2063,33.22,Out To CF,61,Oracle Park,
137,702284,Cole Young,SEA,HOU,2026-09-23T01:40:00Z,Pre-Game,7,Cristian Javier,664299,R,43.0,Longshot,Watch List,Platoon Edge,23.6,40.4,51.9,64.3,80.0,30.3,Yes,Yes,7,Yes,No,MLB Stats API; RotoWire,,H:2026/2025 P:2026/2025,,,Direct BvP not yet weighted; 2026/2025 Statcast baseline active,7,5,25,1,"Last 7 games: 5/25, 1 HR","platoon edge; pitcher baseline 8.1% barrel, 7.9 HR allowed",neutral batted-ball profile; pitcher allows elevated contact,5.18,36.07,88.09,98.8199,0.3795,0.131,0.3089,71.51,21.72,41.98,26.73,13.1,0.1255,8.11,34.94,89.04,0.4005,0.1593,38.03,Out To RF,65,T-Mobile Park,
138,687859,Troy Johnston,COL,AZ,2026-09-23T00:40:00Z,Pre-Game,8,Michael Soroka,647336,R,42.9,Longshot,Watch List,"Good Environment, Platoon Edge",24.4,34.0,76.7,52.4,80.0,12.0,Yes,Yes,8,Yes,No,MLB Stats API; RotoWire,,H:2026/2025 P:2026/2025,,,Direct BvP not yet weighted; 2026/2025 Statcast baseline active,7,5,25,0,"Last 7 games: 5/25, 0 HR","platoon edge; pitcher baseline 7.7% barrel, 9.2 HR allowed",neutral batted-ball profile; pitcher fly-ball pressure modest,4.43,38.04,89.67,98.8632,0.402,0.1268,0.3275,70.32,5.44,40.21,23.72,4.0,0.1241,7.68,35.5,88.01,0.3895,0.1462,27.94,Out To CF,76,Coors Field,
139,672016,Denzel Clarke,ATH,LAA,2026-09-23T01:40:00Z,Pre-Game,9,Yusei Kikuchi,579328,L,42.9,Longshot,Watch List,Platoon Edge,18.7,50.2,69.4,44.8,78.0,19.5,Yes,Yes,9,Yes,No,MLB Stats API; RotoWire,,H:2026/2025 P:2026/2025,,,Direct BvP not yet weighted; 2026/2025 Statcast baseline active,7,1,4,0,"Last 7 games: 1/4, 0 HR","platoon edge; pitcher baseline 9.3% barrel, 12.1 HR allowed",neutral batted-ball profile; pitcher fly-ball pressure modest,3.62,39.83,88.6,101.7798,0.231,0.0541,0.2248,75.98,61.79,43.83,10.23,0.9,0.0531,9.33,44.02,90.93,0.4273,0.1731,24.17,Out To CF,81,Sutter Health Park,
140,641857,Ryan McMahon,NYY,TB,2026-09-22T23:05:00Z,Warmup,9,Drew Rasmussen,656876,R,42.6,Longshot,Watch List,Platoon Edge,44.1,28.8,50.7,44.8,80.0,2.5,Yes,Yes,9,Yes,No,MLB Stats API; RotoWire,,H:2026/2025 P:2026/2025,,,Direct BvP not yet weighted; 2026/2025 Statcast baseline active,7,3,22,0,"Last 7 games: 3/22, 0 HR","platoon edge; pitcher baseline 6.0% barrel, 15.2 HR allowed",neutral batted-ball profile; pitcher fly-ball pressure modest,9.79,46.44,91.34,101.6952,0.3882,0.1632,0.3031,74.42,45.85,41.27,31.05,13.0,0.1446,5.95,36.86,88.99,0.3561,0.1236,23.1,In From LF,65,Yankee Stadium,
141,543760,Marcus Semien,NYM,TEX,2026-09-23T00:05:00Z,Pre-Game,6,MacKenzie Gore,669022,L,42.5,Longshot,Watch List,"Projected Lineup, Platoon Edge",23.0,45.6,41.1,71.7,78.0,14.1,No,No,6,Yes,Yes,RotoWire projected lineup; MLB probable pitchers,lineup projected / unconfirmed,H:2026/2025 P:2026/2025,,,Direct BvP not yet weighted; 2026/2025 Statcast baseline active,7,6,28,0,"Last 7 games: 6/28, 0 HR","platoon edge; pitcher baseline 9.1% barrel, 19.3 HR allowed",neutral batted-ball profile; pitcher fly-ball pressure modest,6.1,33.81,87.11,97.3436,0.3824,0.1397,0.3068,68.57,3.41,46.07,32.63,14.3,0.1256,9.13,41.58,89.35,0.3912,0.1495,28.14,None,72,Globe Life Field,
142,691728,Zac Veen,COL,AZ,2026-09-23T00:40:00Z,Pre-Game,9,Michael Soroka,647336,R,42.5,Longshot,Watch List,"Good Environment, Platoon Edge",27.9,34.0,76.7,44.8,80.0,3.4,Yes,Yes,9,Yes,No,MLB Stats API; RotoWire,,H:2026/2025 P:2026/2025,,,Direct BvP not yet weighted; 2026/2025 Statcast baseline active,7,2,14,0,"Last 7 games: 2/14, 0 HR","platoon edge; pitcher baseline 7.7% barrel, 9.2 HR allowed",fly-ball profile; pitcher fly-ball pressure modest,7.87,36.58,87.61,100.6248,0.3071,0.1344,0.2566,72.05,21.68,41.08,38.08,1.7,0.1541,7.68,35.5,88.01,0.3895,0.1462,27.94,Out To CF,76,Coors Field,
143,668952,Ryan Kreidler,MIN,SF,2026-09-23T01:45:00Z,Pre-Game,9,Anthony Molina,683627,R,42.4,Longshot,Watch List,No major boost,27.8,49.6,54.8,44.8,50.0,46.8,Yes,Yes,9,Yes,No,MLB Stats API; RotoWire,,H:2026/2025 P:2026/2025,,,Direct BvP not yet weighted; 2026/2025 Statcast baseline active,7,3,16,2,Hot streak: 2 HR in last 7 games,"same-side matchup; pitcher baseline 8.4% barrel, 5.7 HR allowed",neutral batted-ball profile; pitcher allows elevated contact,7.32,34.41,88.62,99.3143,0.3453,0.1371,0.2773,73.03,31.67,45.05,30.61,5.6,0.1155,8.37,43.22,88.75,0.473,0.2063,33.22,Out To CF,61,Oracle Park,
144,665923,Esteury Ruiz,MIA,CHC,2026-09-22T23:40:00Z,Pre-Game,6,Shota Imanaga,684007,L,42.3,Longshot,Watch List,Platoon Edge,15.7,53.3,41.3,76.2,78.0,8.5,Yes,Yes,6,Yes,No,MLB Stats API; RotoWire,,H:2026/2025 P:2026/2025,,,Direct BvP not yet weighted; 2026/2025 Statcast baseline active,7,3,17,0,"Last 7 games: 3/17, 0 HR","platoon edge; pitcher baseline 10.3% barrel, 33.1 HR allowed",neutral batted-ball profile; pitcher allows elevated contact,7.84,24.57,82.83,95.3891,0.3104,0.1351,0.2721,71.1,17.19,41.02,26.25,4.5,0.1563,10.27,38.46,89.09,0.427,0.1926,34.67,In From CF,61,Wrigley Field,
145,643376,Danny Jansen,TEX,NYM,2026-09-23T00:05:00Z,Pre-Game,9,Sean Manaea,640455,L,41.8,Longshot,Watch List,Platoon Edge,22.9,54.3,41.1,44.8,78.0,34.5,Yes,Yes,9,Yes,No,MLB Stats API; RotoWire,,H:2026/2025 P:2026/2025,,,Direct BvP not yet weighted; 2026/2025 Statcast baseline active,7,7,20,0,Contact streak: 7/20 over last 7 games,"platoon edge; pitcher baseline 10.3% barrel, 20.0 HR allowed",neutral batted-ball profile; pitcher fly-ball pressure modest,6.91,35.22,87.6,97.861,0.3192,0.1297,0.2741,69.92,6.67,53.63,28.91,8.4,0.1686,10.3,41.83,89.38,0.4423,0.1904,28.61,None,72,Globe Life Field,
146,691019,Kyle Teel,CWS,KC,2026-09-22T23:40:00Z,Pre-Game,6,Daniel Lynch IV,663738,L,41.7,Longshot,Watch List,Strong Barrel,36.4,32.6,44.7,76.2,50.0,0.0,Yes,Yes,6,Yes,No,MLB Stats API; RotoWire,,H:2026/2025 P:2026/2025,,,Direct BvP not yet weighted; 2026/2025 Statcast baseline active,7,2,20,0,"Last 7 games: 2/20, 0 HR","same-side matchup; pitcher baseline 6.3% barrel, 6.6 HR allowed",neutral batted-ball profile; pitcher fly-ball pressure modest,11.35,45.09,85.64,100.3087,0.3761,0.1622,0.3167,71.29,23.78,42.29,30.64,5.2,0.1436,6.35,38.79,88.81,0.3986,0.1487,24.58,L To R,70,Kauffman Stadium,
147,699393,Pedro Ramírez,CHC,MIA,2026-09-22T23:40:00Z,Pre-Game,7,Janson Junk,676083,R,41.5,Longshot,Watch List,Platoon Edge,22.2,41.3,41.3,64.3,75.0,46.5,Yes,Yes,7,Yes,No,MLB Stats API; RotoWire,,H:2026 P:2026/2025,,,Direct BvP not yet weighted; 2026/2025 Statcast baseline active,7,8,26,1,"Last 7 games: 8/26, 1 HR","switch hitter; pitcher baseline 7.5% barrel, 12.2 HR allowed",neutral batted-ball profile; pitcher fly-ball pressure modest,4.4,39.0,89.1,99.3184,0.351,0.107,0.287,72.2,22.9,40.7,23.6,6.0,0.153,7.45,41.56,90.41,0.4285,0.162,23.64,In From CF,61,Wrigley Field,
148,686668,Brenton Doyle,CWS,KC,2026-09-22T23:40:00Z,Pre-Game,7,Daniel Lynch IV,663738,L,41.2,Longshot,Watch List,Platoon Edge,26.6,32.6,44.7,64.3,78.0,36.5,Yes,Yes,7,Yes,No,MLB Stats API; RotoWire,,H:2026/2025 P:2026/2025,,,Direct BvP not yet weighted; 2026/2025 Statcast baseline active,7,8,22,0,Contact streak: 8/22 over last 7 games,"platoon edge; pitcher baseline 6.3% barrel, 6.6 HR allowed",neutral batted-ball profile; pitcher fly-ball pressure modest,7.75,38.02,89.34,99.9796,0.3275,0.1133,0.2587,71.96,14.74,37.13,23.66,6.6,0.1073,6.35,38.79,88.81,0.3986,0.1487,24.58,L To R,70,Kauffman Stadium,
149,686681,Michael Massey,KC,CWS,2026-09-22T23:40:00Z,Pre-Game,7,Anthony Kay,641743,L,41.0,Longshot,Watch List,No major boost,27.1,39.9,44.7,64.3,50.0,46.4,Yes,Yes,7,Yes,No,MLB Stats API; RotoWire,,H:2026/2025 P:2026,,,Direct BvP not yet weighted; 2026/2025 Statcast baseline active,7,5,27,2,Hot streak: 2 HR in last 7 games,"same-side matchup; pitcher baseline 8.1% barrel, 20.0 HR allowed",neutral batted-ball profile; pitcher fly-ball pressure modest,5.33,37.76,88.76,98.6446,0.3922,0.1409,0.2944,71.36,11.7,49.5,30.03,10.0,0.1341,8.1,38.6,88.3,0.415,0.153,22.3,L To R,70,Kauffman Stadium,
150,805999,A.J. Ewing,NYM,TEX,2026-09-23T00:05:00Z,Pre-Game,8,MacKenzie Gore,669022,L,41.0,Longshot,Watch List,Projected Lineup,30.4,45.6,41.1,47.9,50.0,52.3,No,No,8,Yes,Yes,RotoWire projected lineup; MLB probable pitchers,lineup projected / unconfirmed,H:2026 P:2026/2025,,,Direct BvP not yet weighted; 2026/2025 Statcast baseline active,7,9,26,1,Contact streak: 9/26 over last 7 games,"same-side matchup; pitcher baseline 9.1% barrel, 19.3 HR allowed",neutral batted-ball profile; pitcher fly-ball pressure modest,6.9,42.2,89.5,99.9993,0.397,0.139,0.32,70.4,12.3,31.7,23.9,10.0,0.122,9.13,41.58,89.35,0.3912,0.1495,28.14,None,72,Globe Life Field,
151,675961,Alika Williams,ATH,LAA,2026-09-23T01:40:00Z,Pre-Game,8,Yusei Kikuchi,579328,L,40.6,Longshot,Watch List,Platoon Edge,6.3,50.2,69.4,52.4,78.0,34.9,Yes,Yes,8,Yes,No,MLB Stats API; RotoWire,,H:2026 P:2026/2025,,,Direct BvP not yet weighted; 2026/2025 Statcast baseline active,7,6,17,0,Contact streak: 6/17 over last 7 games,"platoon edge; pitcher baseline 9.3% barrel, 12.1 HR allowed",neutral batted-ball profile; pitcher fly-ball pressure modest,1.2,32.5,84.5,96.8664,0.287,0.08,0.24,69.2,3.0,43.5,23.0,4.0,0.164,9.33,44.02,90.93,0.4273,0.1731,24.17,Out To CF,81,Sutter Health Park,
152,805367,Chase Meidroth,CWS,KC,2026-09-22T23:40:00Z,Pre-Game,5,Daniel Lynch IV,663738,L,40.1,Longshot,Watch List,Platoon Edge,13.0,32.6,44.7,86.4,78.0,43.2,Yes,Yes,5,Yes,No,MLB Stats API; RotoWire,,H:2026/2025 P:2026/2025,,,Direct BvP not yet weighted; 2026/2025 Statcast baseline active,7,8,28,1,"Last 7 games: 8/28, 1 HR","platoon edge; pitcher baseline 6.3% barrel, 6.6 HR allowed",neutral batted-ball profile; pitcher fly-ball pressure modest,3.63,35.19,87.64,97.4814,0.3386,0.0982,0.2972,67.05,1.25,38.19,20.68,12.0,0.1132,6.35,38.79,88.81,0.3986,0.1487,24.58,L To R,70,Kauffman Stadium,
153,673490,Ha-Seong Kim,ATL,CIN,2026-09-22T23:15:00Z,Pre-Game,9,Brandon Williamson,682227,L,39.9,Longshot,Watch List,Platoon Edge,10.5,52.1,68.4,44.8,78.0,7.0,Yes,Yes,9,Yes,No,MLB Stats API; RotoWire,,H:2026/2025 P:2026,,,Direct BvP not yet weighted; 2026/2025 Statcast baseline active,7,3,18,0,"Last 7 games: 3/18, 0 HR","platoon edge; pitcher baseline 9.7% barrel, 8.0 HR allowed",neutral batted-ball profile; pitcher fly-ball pressure modest,3.31,29.86,86.83,96.5256,0.2496,0.0685,0.2396,71.45,15.28,42.47,26.77,1.5,0.0389,9.7,41.8,88.2,0.485,0.216,29.1,Out To RF,83,Truist Park,
154,669242,Tommy Edman,LAD,SD,2026-09-23T02:10:00Z,Pre-Game,9,Michael King,650633,R,39.2,Longshot,Watch List,Platoon Edge,20.0,39.3,61.1,44.8,75.0,18.3,Yes,Yes,9,Yes,No,MLB Stats API; RotoWire,,H:2026/2025 P:2026/2025,,,Direct BvP not yet weighted; 2026/2025 Statcast baseline active,7,3,25,1,"Last 7 games: 3/25, 1 HR","switch hitter; pitcher baseline 9.3% barrel, 17.6 HR allowed",neutral batted-ball profile; pitcher fly-ball pressure modest,4.99,34.51,87.53,98.6855,0.3662,0.1153,0.3091,70.66,13.72,43.23,27.27,8.8,0.1388,9.3,34.32,87.24,0.4102,0.173,27.75,Out To CF,71,UNIQLO Field at Dodger Stadium,
155,806146,George Lombard Jr.,NYY,TB,2026-09-22T23:05:00Z,Warmup,7,Drew Rasmussen,656876,R,38.9,Longshot,Watch List,No major boost,23.1,28.8,50.7,64.3,50.0,65.2,Yes,Yes,7,Yes,No,MLB Stats API; RotoWire,,H:2026 P:2026/2025,,,Direct BvP not yet weighted; 2026/2025 Statcast baseline active,7,9,29,2,Hot streak: 2 HR in last 7 games,"same-side matchup; pitcher baseline 6.0% barrel, 15.2 HR allowed",neutral batted-ball profile; pitcher fly-ball pressure modest,7.1,34.3,86.4,98.3462,0.375,0.134,0.298,72.2,24.0,35.4,22.2,5.0,0.151,5.95,36.86,88.99,0.3561,0.1236,23.1,In From LF,65,Yankee Stadium,
156,701852,Drew Cavanaugh,SF,MIN,2026-09-23T01:45:00Z,Pre-Game,8,Taj Bradley,671737,R,38.4,Longshot,Watch List,Platoon Edge,9.7,48.0,54.8,52.4,80.0,18.3,Yes,Yes,8,Yes,No,MLB Stats API; RotoWire,,H:2026 P:2026/2025,,,Direct BvP not yet weighted; 2026/2025 Statcast baseline active,7,1,13,1,"Last 7 games: 1/13, 1 HR","platoon edge; pitcher baseline 8.8% barrel, 21.8 HR allowed",neutral batted-ball profile; pitcher fly-ball pressure modest,4.4,28.0,85.2,97.8733,0.343,0.104,0.305,69.1,4.3,29.0,20.4,1.0,0.044,8.8,43.54,90.32,0.3878,0.1585,28.63,Out To CF,61,Oracle Park,
157,669720,Austin Hays,SD,LAD,2026-09-23T02:10:00Z,Pre-Game,6,Brock Stewart,592779,R,38.2,Longshot,Watch List,No major boost,26.7,7.8,61.1,76.2,50.0,63.3,Yes,,,No,Yes,MLB Stats API; RotoWire,not found on RotoWire,H:2026/2025 P:2026/2025,,,Direct BvP not yet weighted; 2026/2025 Statcast baseline active,7,7,11,1,Contact streak: 7/11 over last 7 games,"same-side matchup; pitcher baseline 4.6% barrel, 3.0 HR allowed",neutral batted-ball profile; pitcher fly-ball pressure modest,6.3,41.2,87.68,99.3616,0.3974,0.1298,0.2993,72.67,24.14,50.15,20.18,6.6,0.1492,4.59,27.87,83.0,0.3016,0.1155,25.63,Out To CF,71,UNIQLO Field at Dodger Stadium,
158,608348,Carson Kelly,CHC,MIA,2026-09-22T23:40:00Z,Pre-Game,8,Janson Junk,676083,R,38.0,Longshot,Watch List,No major boost,25.8,42.6,41.3,52.4,50.0,23.7,Yes,Yes,8,Yes,No,MLB Stats API; RotoWire,,H:2026/2025 P:2026/2025,,,Direct BvP not yet weighted; 2026/2025 Statcast baseline active,7,5,18,0,"Last 7 games: 5/18, 0 HR","same-side matchup; pitcher baseline 7.5% barrel, 12.2 HR allowed",neutral batted-ball profile; pitcher fly-ball pressure modest,6.59,37.36,87.4,98.7103,0.3872,0.1428,0.3168,70.61,8.05,40.48,26.06,12.1,0.1391,7.45,41.56,90.41,0.4285,0.162,23.64,In From CF,61,Wrigley Field,
159,679845,Nick Loftin,KC,CWS,2026-09-22T23:40:00Z,Pre-Game,8,Anthony Kay,641743,L,37.7,Longshot,Watch List,Platoon Edge,15.6,39.9,44.7,52.4,78.0,37.3,Yes,Yes,8,Yes,No,MLB Stats API; RotoWire,,H:2026/2025 P:2026,,,Direct BvP not yet weighted; 2026/2025 Statcast baseline active,7,7,19,0,Contact streak: 7/19 over last 7 games,"platoon edge; pitcher baseline 8.1% barrel, 20.0 HR allowed",neutral batted-ball profile; pitcher fly-ball pressure modest,4.69,30.5,87.15,96.9735,0.3422,0.1123,0.2933,68.98,5.87,43.1,27.8,6.1,0.1427,8.1,38.6,88.3,0.415,0.153,22.3,L To R,70,Kauffman Stadium,
160,691277,Deyvison De Los Santos,MIA,CHC,2026-09-22T23:40:00Z,Pre-Game,8,Shota Imanaga,684007,L,37.4,Longshot,Watch List,Platoon Edge,12.3,53.3,41.3,52.4,78.0,0.0,Yes,Yes,8,Yes,No,MLB Stats API; RotoWire,,H:2026 P:2026/2025,,,Direct BvP not yet weighted; 2026/2025 Statcast baseline active,7,1,14,0,"Last 7 games: 1/14, 0 HR","platoon edge; pitcher baseline 10.3% barrel, 33.1 HR allowed",neutral batted-ball profile; pitcher allows elevated contact,5.9,17.6,85.1,94.4915,0.204,0.059,0.15,76.5,66.0,35.3,23.5,0.0,0.08,10.27,38.46,89.09,0.427,0.1926,34.67,In From CF,61,Wrigley Field,
161,801126,Brock Rodden,SEA,HOU,2026-09-23T01:40:00Z,Pre-Game,9,Cristian Javier,664299,R,37.4,Longshot,Watch List,Platoon Edge,21.7,39.5,51.9,44.8,75.0,0.0,Yes,Yes,9,Yes,No,MLB Stats API; RotoWire,,H:2026 P:2026/2025,,,Direct BvP not yet weighted; 2026/2025 Statcast baseline active,7,0,7,0,"Last 7 games: 0/7, 0 HR","switch hitter; pitcher baseline 8.1% barrel, 7.9 HR allowed",fly-ball profile; pitcher allows elevated contact,5.3,36.8,88.0,97.78,0.231,0.094,0.236,69.0,1.7,52.6,47.4,0.0,0.083,8.11,34.94,89.04,0.4005,0.1593,38.03,Out To RF,65,T-Mobile Park,
162,695681,Christian Moore,LAA,ATH,2026-09-23T01:40:00Z,Pre-Game,8,Brady Basso,669620,L,37.2,Longshot,Watch List,Platoon Edge,23.0,20.0,69.4,52.4,78.0,0.0,Yes,Yes,8,Yes,No,MLB Stats API; RotoWire,,H:2026/2025 P:2026/2025,,,Direct BvP not yet weighted; 2026/2025 Statcast baseline active,7,2,21,0,"Last 7 games: 2/21, 0 HR","platoon edge; pitcher baseline 4.7% barrel, 2.1 HR allowed",neutral batted-ball profile; pitcher fly-ball pressure modest,6.97,37.14,88.48,99.4773,0.2876,0.1014,0.2421,71.86,24.66,25.45,27.22,2.8,0.1013,4.7,36.54,88.68,0.3655,0.093,22.75,Out To CF,81,Sutter Health Park,
163,814154,Scott Bandura,SF,MIN,2026-09-23T01:45:00Z,Pre-Game,7,Taj Bradley,671737,R,37.0,Longshot,Watch List,Platoon Edge,3.1,48.0,54.8,64.3,80.0,0.8,Yes,Yes,7,Yes,No,MLB Stats API; RotoWire,,H:2026 P:2026/2025,,,Direct BvP not yet weighted; 2026/2025 Statcast baseline active,7,2,16,0,"Last 7 games: 2/16, 0 HR","platoon edge; pitcher baseline 8.8% barrel, 21.8 HR allowed",neutral batted-ball profile; pitcher fly-ball pressure modest,0.0,12.5,76.7,84.7456,0.108,0.026,0.113,69.6,10.3,50.0,25.0,0.0,0.053,8.8,43.54,90.32,0.3878,0.1585,28.63,Out To CF,61,Oracle Park,
164,593428,Xander Bogaerts,SD,LAD,2026-09-23T02:10:00Z,Pre-Game,7,Brock Stewart,592779,R,36.4,Longshot,Watch List,No major boost,28.7,7.8,61.1,64.3,50.0,48.3,Yes,No,6,Yes,Yes,MLB Stats API; RotoWire,RotoWire not confirmed; order MLB 7 vs RotoWire 6,H:2026/2025 P:2026/2025,,,Direct BvP not yet weighted; 2026/2025 Statcast baseline active,7,8,25,1,Contact streak: 8/25 over last 7 games,"same-side matchup; pitcher baseline 4.6% barrel, 3.0 HR allowed",neutral batted-ball profile; pitcher fly-ball pressure modest,6.06,41.09,89.28,100.1893,0.3857,0.1334,0.3242,72.31,27.8,43.38,23.34,11.7,0.1154,4.59,27.87,83.0,0.3016,0.1155,25.63,Out To CF,71,UNIQLO Field at Dodger Stadium,
165,703492,Nick Morabito,NYM,TEX,2026-09-23T00:05:00Z,Pre-Game,9,MacKenzie Gore,669022,L,36.3,Longshot,Watch List,"Projected Lineup, Platoon Edge",16.6,45.6,41.1,40.2,78.0,22.0,No,No,9,Yes,Yes,RotoWire projected lineup; MLB probable pitchers,lineup projected / unconfirmed,H:2026 P:2026/2025,,,Direct BvP not yet weighted; 2026/2025 Statcast baseline active,7,4,15,0,"Last 7 games: 4/15, 0 HR","platoon edge; pitcher baseline 9.1% barrel, 19.3 HR allowed",neutral batted-ball profile; pitcher fly-ball pressure modest,0.0,40.9,89.2,99.2079,0.32,0.051,0.315,70.7,23.1,31.8,9.1,0.0,0.03,9.13,41.58,89.35,0.3912,0.1495,28.14,None,72,Globe Life Field,
166,695731,Braden Montgomery,CWS,KC,2026-09-22T23:40:00Z,Pre-Game,9,Daniel Lynch IV,663738,L,35.7,Longshot,Watch List,Platoon Edge,24.1,31.9,44.7,44.8,75.0,7.0,Yes,Yes,9,Yes,No,MLB Stats API; RotoWire,,H:2026 P:2026/2025,,,Direct BvP not yet weighted; 2026/2025 Statcast baseline active,7,3,18,0,"Last 7 games: 3/18, 0 HR","switch hitter; pitcher baseline 6.3% barrel, 6.6 HR allowed",neutral batted-ball profile; pitcher fly-ball pressure modest,4.7,40.2,88.9,99.9506,0.388,0.138,0.325,69.7,8.5,37.6,18.8,6.0,0.129,6.35,38.79,88.81,0.3986,0.1487,24.58,L To R,70,Kauffman Stadium,
167,687957,Dustin Harris,SD,LAD,2026-09-23T02:10:00Z,Pre-Game,2,Brock Stewart,592779,R,35.7,Longshot,Watch List,"Premium Lineup Spot, Platoon Edge",4.6,7.8,61.1,100.0,80.0,38.9,Yes,No,2,Yes,Yes,MLB Stats API; RotoWire,RotoWire not confirmed,H:2026/2025 P:2026/2025,,,Direct BvP not yet weighted; 2026/2025 Statcast baseline active,7,11,29,0,Contact streak: 11/29 over last 7 games,"platoon edge; pitcher baseline 4.6% barrel, 3.0 HR allowed",neutral batted-ball profile; pitcher fly-ball pressure modest,2.51,21.35,85.5,95.1565,0.338,0.089,0.2891,66.96,2.24,44.7,22.05,0.3,0.108,4.59,27.87,83.0,0.3016,0.1155,25.63,Out To CF,71,UNIQLO Field at Dodger Stadium,
168,663538,Nico Hoerner,CHC,MIA,2026-09-22T23:40:00Z,Pre-Game,6,Janson Junk,676083,R,35.3,Longshot,Watch List,No major boost,9.2,42.6,41.3,76.2,50.0,14.1,Yes,Yes,6,Yes,No,MLB Stats API; RotoWire,,H:2026/2025 P:2026/2025,,,Direct BvP not yet weighted; 2026/2025 Statcast baseline active,7,6,28,0,"Last 7 games: 6/28, 0 HR","same-side matchup; pitcher baseline 7.5% barrel, 12.2 HR allowed",neutral batted-ball profile; pitcher fly-ball pressure modest,1.7,29.6,86.21,96.3393,0.3819,0.085,0.322,68.4,1.76,32.73,21.91,7.7,0.0921,7.45,41.56,90.41,0.4285,0.162,23.64,In From CF,61,Wrigley Field,
169,683766,Christian Koss,SF,MIN,2026-09-23T01:45:00Z,Pre-Game,9,Taj Bradley,671737,R,34.4,Longshot,Watch List,No major boost,10.1,48.0,54.8,44.8,50.0,12.0,Yes,Yes,9,Yes,No,MLB Stats API; RotoWire,,H:2026/2025 P:2026/2025,,,Direct BvP not yet weighted; 2026/2025 Statcast baseline active,7,5,25,0,"Last 7 games: 5/25, 0 HR","same-side matchup; pitcher baseline 8.8% barrel, 21.8 HR allowed",neutral batted-ball profile; pitcher fly-ball pressure modest,4.81,29.68,85.01,97.1908,0.3292,0.097,0.2683,69.58,6.21,39.07,18.77,3.7,0.0984,8.8,43.54,90.32,0.3878,0.1585,28.63,Out To CF,61,Oracle Park,
170,676356,Jonny DeLuca,TB,NYY,2026-09-22T23:05:00Z,Warmup,4,Max Fried,608331,L,34.0,Longshot,Watch List,"Premium Lineup Spot, Platoon Edge",9.9,10.4,50.7,94.9,78.0,5.7,Yes,Yes,4,Yes,No,MLB Stats API; RotoWire,,H:2026/2025 P:2026/2025,,,Direct BvP not yet weighted; 2026/2025 Statcast baseline active,7,3,19,0,"Last 7 games: 3/19, 0 HR","platoon edge; pitcher baseline 3.6% barrel, 7.0 HR allowed",neutral batted-ball profile; pitcher fly-ball pressure modest,2.86,29.98,85.6,97.5199,0.3262,0.0886,0.2614,72.75,28.66,46.16,22.48,6.3,0.1426,3.61,31.88,86.29,0.2954,0.0879,24.49,In From LF,65,Yankee Stadium,
171,630105,Jake Cronenworth,SD,LAD,2026-09-23T02:10:00Z,Pre-Game,9,Brock Stewart,592779,R,33.9,Longshot,Watch List,"Platoon Edge, Hot Hitter/Streak",16.0,7.8,61.1,44.8,80.0,81.7,Yes,No,8,Yes,Yes,MLB Stats API; RotoWire,RotoWire not confirmed; order MLB 9 vs RotoWire 8,H:2026/2025 P:2026/2025,,,Direct BvP not yet weighted; 2026/2025 Statcast baseline active,7,13,28,2,Hot streak: 2 HR in last 7 games,"platoon edge; pitcher baseline 4.6% barrel, 3.0 HR allowed",neutral batted-ball profile; pitcher fly-ball pressure modest,4.45,32.35,87.52,97.7975,0.3208,0.1035,0.2882,71.32,17.39,32.1,24.75,8.2,0.1079,4.59,27.87,83.0,0.3016,0.1155,25.63,Out To CF,71,UNIQLO Field at Dodger Stadium,
172,685133,Wade Meckler,LAA,ATH,2026-09-23T01:40:00Z,Pre-Game,7,Brady Basso,669620,L,33.5,Longshot,Watch List,No major boost,11.5,20.0,69.4,64.3,50.0,19.5,Yes,Yes,7,Yes,No,MLB Stats API; RotoWire,,H:2026 P:2026/2025,,,Direct BvP not yet weighted; 2026/2025 Statcast baseline active,7,7,28,0,"Last 7 games: 7/28, 0 HR","same-side matchup; pitcher baseline 4.7% barrel, 2.1 HR allowed",neutral batted-ball profile; pitcher fly-ball pressure modest,2.7,33.3,87.0,96.7109,0.35,0.094,0.309,69.1,2.3,34.2,19.6,3.0,0.083,4.7,36.54,88.68,0.3655,0.093,22.75,Out To CF,81,Sutter Health Park,
173,810938,Ben Williamson,TB,NYY,2026-09-22T23:05:00Z,Warmup,6,Max Fried,608331,L,32.8,Longshot,Watch List,Platoon Edge,11.7,10.4,50.7,76.2,78.0,22.8,Yes,Yes,6,Yes,No,MLB Stats API; RotoWire,,H:2026/2025 P:2026/2025,,,Direct BvP not yet weighted; 2026/2025 Statcast baseline active,7,3,20,1,"Last 7 games: 3/20, 1 HR","platoon edge; pitcher baseline 3.6% barrel, 7.0 HR allowed",neutral batted-ball profile; pitcher fly-ball pressure modest,2.04,35.25,87.6,98.4513,0.3269,0.0789,0.2823,69.49,10.39,27.27,14.6,2.4,0.0759,3.61,31.88,86.29,0.2954,0.0879,24.49,In From LF,65,Yankee Stadium,
174,663743,Nick Fortes,TB,NYY,2026-09-22T23:05:00Z,Warmup,7,Max Fried,608331,L,32.5,Longshot,Watch List,Platoon Edge,12.3,10.4,50.7,64.3,78.0,45.3,Yes,Yes,7,Yes,No,MLB Stats API; RotoWire,,H:2026/2025 P:2026/2025,,,Direct BvP not yet weighted; 2026/2025 Statcast baseline active,7,3,10,1,"Last 7 games: 3/10, 1 HR","platoon edge; pitcher baseline 3.6% barrel, 7.0 HR allowed",neutral batted-ball profile; pitcher fly-ball pressure modest,2.78,35.94,85.96,98.9542,0.3241,0.0909,0.2742,72.42,23.81,51.26,18.22,5.0,0.1151,3.61,31.88,86.29,0.2954,0.0879,24.49,In From LF,65,Yankee Stadium,
175,664728,Kyle Isbel,KC,CWS,2026-09-22T23:40:00Z,Pre-Game,9,Anthony Kay,641743,L,30.9,Longshot,Watch List,No major boost,11.8,39.9,44.7,44.8,50.0,0.0,Yes,Yes,9,Yes,No,MLB Stats API; RotoWire,,H:2026/2025 P:2026,,,Direct BvP not yet weighted; 2026/2025 Statcast baseline active,7,1,15,0,"Last 7 games: 1/15, 0 HR","same-side matchup; pitcher baseline 8.1% barrel, 20.0 HR allowed",neutral batted-ball profile; pitcher fly-ball pressure modest,2.37,33.65,88.15,98.8448,0.2984,0.0763,0.2538,71.1,12.85,33.65,19.78,5.4,0.1015,8.1,38.6,88.3,0.415,0.153,22.3,L To R,70,Kauffman Stadium,
176,669326,Bryce Teodosio,LAA,ATH,2026-09-23T01:40:00Z,Pre-Game,9,Brady Basso,669620,L,30.8,Longshot,Watch List,Platoon Edge,6.9,20.0,69.4,44.8,78.0,0.0,Yes,Yes,9,Yes,No,MLB Stats API; RotoWire,,H:2026/2025 P:2026/2025,,,Direct BvP not yet weighted; 2026/2025 Statcast baseline active,7,0,13,0,"Last 7 games: 0/13, 0 HR","platoon edge; pitcher baseline 4.7% barrel, 2.1 HR allowed",neutral batted-ball profile; pitcher fly-ball pressure modest,5.7,23.31,83.32,96.0283,0.2345,0.0736,0.208,69.6,3.81,34.61,24.19,0.3,0.0583,4.7,36.54,88.68,0.3655,0.093,22.75,Out To CF,81,Sutter Health Park,
177,669134,Luis Campusano,SD,LAD,2026-09-23T02:10:00Z,Pre-Game,8,Brock Stewart,592779,R,30.7,Longshot,Watch List,No major boost,20.5,7.8,61.1,52.4,50.0,21.0,Yes,No,7,Yes,Yes,MLB Stats API; RotoWire,RotoWire not confirmed; order MLB 8 vs RotoWire 7,H:2026/2025 P:2026/2025,,,Direct BvP not yet weighted; 2026/2025 Statcast baseline active,7,4,29,1,"Last 7 games: 4/29, 1 HR","same-side matchup; pitcher baseline 4.6% barrel, 3.0 HR allowed",neutral batted-ball profile; pitcher fly-ball pressure modest,6.02,36.02,87.8,98.4586,0.3025,0.1134,0.292,73.03,31.32,46.35,20.36,5.6,0.1232,4.59,27.87,83.0,0.3016,0.1155,25.63,Out To CF,71,UNIQLO Field at Dodger Stadium,
178,802415,Chandler Simpson,TB,NYY,2026-09-22T23:05:00Z,Warmup,5,Max Fried,608331,L,29.0,Longshot,Watch List,No major boost,0.3,10.4,50.7,86.4,50.0,43.1,Yes,Yes,5,Yes,No,MLB Stats API; RotoWire,,H:2026/2025 P:2026/2025,,,Direct BvP not yet weighted; 2026/2025 Statcast baseline active,7,11,27,0,Contact streak: 11/27 over last 7 games,"same-side matchup; pitcher baseline 3.6% barrel, 7.0 HR allowed",neutral batted-ball profile; pitcher fly-ball pressure modest,0.0,14.71,83.81,92.8934,0.3108,0.0382,0.2753,64.8,0.44,28.34,12.51,0.0,0.0507,3.61,31.88,86.29,0.2954,0.0879,24.49,In From LF,65,Yankee Stadium,
179,656775,Cedric Mullins,TB,NYY,2026-09-22T23:05:00Z,Warmup,9,Max Fried,608331,L,27.6,Longshot,Watch List,No major boost,20.2,10.4,50.7,44.8,50.0,0.0,Yes,Yes,9,Yes,No,MLB Stats API; RotoWire,,H:2026/2025 P:2026/2025,,,Direct BvP not yet weighted; 2026/2025 Statcast baseline active,7,1,14,0,"Last 7 games: 1/14, 0 HR","same-side matchup; pitcher baseline 3.6% barrel, 7.0 HR allowed",neutral batted-ball profile; pitcher fly-ball pressure modest,4.8,33.03,88.1,97.8797,0.3178,0.1236,0.2687,71.03,9.99,45.6,32.08,14.9,0.1491,3.61,31.88,86.29,0.2954,0.0879,24.49,In From LF,65,Yankee Stadium,
180,670764,Taylor Walls,TB,NYY,2026-09-22T23:05:00Z,Warmup,8,Max Fried,608331,L,25.8,Longshot,Watch List,Platoon Edge,5.5,9.7,50.7,52.4,75.0,0.0,Yes,Yes,8,Yes,No,MLB Stats API; RotoWire,,H:2026/2025 P:2026/2025,,,Direct BvP not yet weighted; 2026/2025 Statcast baseline active,7,2,17,0,"Last 7 games: 2/17, 0 HR","switch hitter; pitcher baseline 3.6% barrel, 7.0 HR allowed",neutral batted-ball profile; pitcher fly-ball pressure modest,2.29,23.18,85.95,95.4824,0.2719,0.0773,0.2533,68.35,2.13,38.61,28.77,2.6,0.0808,3.61,31.88,86.29,0.2954,0.0879,24.49,In From LF,65,Yankee Stadium,
