rank,hitter_id,player,team,opponent,game_start_time,game_status,batting_order,pitcher,pitcher_id,pitcher_hand,hr_score,tier,play_type,reason_tags,power_score,pitcher_score,environment_score,lineup_score,platoon_score,recent_form_score,confirmed_lineup,rotowire_confirmed_lineup,rotowire_batting_order,rotowire_player_found,lineup_disagreement,lineup_sources_used,source_warnings,stat_years_used,bvp_pa,bvp_hr,bvp_note,recent_games,recent_hits,recent_abs,recent_hr,recent_form_note,split_matchup_note,pitch_mix_note,barrel_pct,hard_hit_pct,avg_exit_velocity,ev50,xslg,xiso,xwoba,bat_speed,fast_swing_pct,pull_pct,fb_pct,hr_total,iso,pitcher_barrel_pct_allowed,pitcher_hard_hit_pct_allowed,pitcher_avg_exit_velocity_allowed,pitcher_xslg_allowed,pitcher_xiso_allowed,pitcher_fb_pct_allowed,wind_direction,weather_temp,ballpark,odds
1,805811,Bryce Eldridge,SF,ATL,2026-08-31T22:05:00Z,Pre-Game,3,Bryce Elder,693821,R,67.5,Tier 3,Watch List,"Strong Barrel, Good Environment, Premium Lineup Spot, Platoon Edge",69.7,40.9,72.4,96.6,80.0,61.4,Yes,Yes,3,Yes,No,MLB Stats API; RotoWire,,H:2026/2025 P:2026/2025,,,Direct BvP not yet weighted; 2026/2025 Statcast baseline active,7,11,27,1,Contact streak: 11/27 over last 7 games,"platoon edge; pitcher baseline 6.7% barrel, 22.6 HR allowed",lift-pull EV profile; pitcher fly-ball pressure modest,15.83,57.32,93.43,103.3383,0.4806,0.2491,0.3573,73.0,28.57,38.41,37.54,10.5,0.1546,6.68,40.93,89.93,0.4102,0.1547,26.22,Out To RF,91,Truist Park,
2,621566,Matt Olson,ATL,SF,2026-08-31T22:05:00Z,Pre-Game,3,Anthony Molina,683627,R,66.6,Tier 3,Watch List,"Strong Barrel, Good Environment, Premium Lineup Spot, Platoon Edge",67.3,46.4,72.4,96.6,80.0,32.5,Yes,No,3,Yes,Yes,MLB Stats API; RotoWire,RotoWire not confirmed,H:2026/2025 P:2026/2025,,,Direct BvP not yet weighted; 2026/2025 Statcast baseline active,7,6,28,1,"Last 7 games: 6/28, 1 HR","platoon edge; pitcher baseline 8.0% barrel, 4.3 HR allowed",lift-pull EV profile; pitcher fly-ball pressure modest,15.1,51.34,92.88,103.8581,0.513,0.2629,0.3614,74.53,47.89,38.49,33.27,34.6,0.2519,8.02,39.51,87.42,0.5199,0.2161,29.16,Out To RF,91,Truist Park,
3,646240,Rafael Devers,SF,ATL,2026-08-31T22:05:00Z,Pre-Game,2,Bryce Elder,693821,R,66.2,Tier 3,Watch List,"Strong Barrel, Good Environment, Premium Lineup Spot, Platoon Edge, Hot Hitter/Streak",58.4,40.9,72.4,100.0,80.0,100.0,Yes,Yes,2,Yes,No,MLB Stats API; RotoWire,,H:2026/2025 P:2026/2025,,,Direct BvP not yet weighted; 2026/2025 Statcast baseline active,7,12,28,3,Hot streak: 3 HR in last 7 games,"platoon edge; pitcher baseline 6.7% barrel, 22.6 HR allowed",EV profile; pitcher fly-ball pressure modest,12.57,52.18,93.01,103.1508,0.4618,0.2252,0.3411,71.81,20.44,33.91,33.46,30.8,0.2319,6.68,40.93,89.93,0.4102,0.1547,26.22,Out To RF,91,Truist Park,
4,624413,Pete Alonso,BAL,COL,2026-09-01T00:40:00Z,Scheduled,2,Tanner Gordon,685299,R,64.8,Tier 3,Watch List,"Projected Lineup, Strong Barrel, Premium Lineup Spot",72.8,60.4,38.7,95.5,50.0,52.0,No,No,2,Yes,Yes,RotoWire projected lineup; MLB probable pitchers,lineup projected / unconfirmed,H:2026/2025 P:2026/2025,,,Direct BvP not yet weighted; 2026/2025 Statcast baseline active,7,6,27,2,Hot streak: 2 HR in last 7 games,"same-side matchup; pitcher baseline 10.2% barrel, 16.7 HR allowed",EV profile; pitcher allows elevated contact,15.4,56.29,93.99,104.2624,0.5538,0.2724,0.3902,74.78,48.79,36.08,30.6,33.8,0.2387,10.24,42.25,90.8,0.4789,0.2097,33.88,,,Coors Field,
5,686948,Drake Baldwin,ATL,SF,2026-08-31T22:05:00Z,Pre-Game,1,Anthony Molina,683627,R,63.9,Tier 3,Watch List,"Strong Barrel, Good Environment, Premium Lineup Spot, Platoon Edge",56.5,46.4,72.4,93.2,80.0,60.3,Yes,No,1,Yes,Yes,MLB Stats API; RotoWire,RotoWire not confirmed,H:2026/2025 P:2026/2025,,,Direct BvP not yet weighted; 2026/2025 Statcast baseline active,7,12,30,1,Contact streak: 12/30 over last 7 games,"platoon edge; pitcher baseline 8.0% barrel, 4.3 HR allowed",neutral batted-ball profile; pitcher fly-ball pressure modest,12.33,51.14,91.77,102.3639,0.4919,0.2164,0.3649,75.3,56.51,32.5,25.04,21.1,0.1817,8.02,39.51,87.42,0.5199,0.2161,29.16,Out To RF,91,Truist Park,
6,701398,Sal Stewart,CIN,SD,2026-08-31T22:40:00Z,Pre-Game,3,Michael King,650633,R,62.5,Tier 3,Watch List,"Strong Barrel, Premium Lineup Spot, Hot Hitter/Streak",60.6,40.0,69.8,96.6,50.0,88.7,Yes,Yes,3,Yes,No,MLB Stats API; RotoWire,,H:2026/2025 P:2026/2025,,,Direct BvP not yet weighted; 2026/2025 Statcast baseline active,7,10,29,4,Hot streak: 4 HR in last 7 games,"same-side matchup; pitcher baseline 9.3% barrel, 16.2 HR allowed",neutral batted-ball profile; pitcher fly-ball pressure modest,14.82,42.98,91.69,101.3089,0.5257,0.2589,0.3653,72.17,26.86,38.64,33.14,23.2,0.2431,9.3,33.55,87.1,0.4067,0.1709,27.75,R To L,92,Great American Ball Park,
7,656941,Kyle Schwarber,PHI,AZ,2026-09-01T01:40:00Z,Scheduled,1,Brandon Pfaadt,694297,R,61.8,Tier 3,Watch List,"Projected Lineup, Elite Power, Strong Barrel, Premium Lineup Spot, Platoon Edge",76.1,42.1,28.2,88.7,80.0,53.7,No,No,1,Yes,Yes,RotoWire projected lineup; MLB probable pitchers,lineup projected / unconfirmed,H:2026/2025 P:2026/2025,,,Direct BvP not yet weighted; 2026/2025 Statcast baseline active,7,7,30,2,Hot streak: 2 HR in last 7 games,"platoon edge; pitcher baseline 8.6% barrel, 16.2 HR allowed",lift-pull EV profile; pitcher fly-ball pressure modest,18.35,53.09,93.04,104.2437,0.5222,0.2805,0.3765,77.16,75.49,53.93,33.25,44.8,0.295,8.59,37.89,89.05,0.4177,0.1638,23.41,,,Chase Field,
8,665487,Fernando Tatis Jr.,SD,CIN,2026-08-31T22:40:00Z,Pre-Game,1,Brady Singer,663903,R,61.6,Tier 3,Watch List,"Strong Barrel, Premium Lineup Spot",56.0,52.0,69.8,93.2,50.0,52.5,Yes,Yes,1,Yes,No,MLB Stats API; RotoWire,,H:2026/2025 P:2026/2025,,,Direct BvP not yet weighted; 2026/2025 Statcast baseline active,7,7,31,2,Hot streak: 2 HR in last 7 games,"same-side matchup; pitcher baseline 9.5% barrel, 23.9 HR allowed",EV profile; pitcher fly-ball pressure modest,11.84,53.06,92.95,104.4835,0.4845,0.196,0.3721,75.58,57.98,35.08,22.08,19.4,0.1633,9.47,41.4,90.65,0.4349,0.1723,27.28,R To L,92,Great American Ball Park,
9,701538,Jackson Merrill,SD,CIN,2026-08-31T22:40:00Z,Pre-Game,5,Brady Singer,663903,R,61.4,Tier 3,Watch List,"Strong Barrel, Platoon Edge",50.5,52.0,69.8,86.4,80.0,49.7,Yes,Yes,5,Yes,No,MLB Stats API; RotoWire,,H:2026/2025 P:2026/2025,,,Direct BvP not yet weighted; 2026/2025 Statcast baseline active,7,6,29,2,Hot streak: 2 HR in last 7 games,"platoon edge; pitcher baseline 9.5% barrel, 23.9 HR allowed",neutral batted-ball profile; pitcher fly-ball pressure modest,11.74,45.35,90.4,100.7132,0.4739,0.2151,0.3372,72.88,27.33,37.56,30.27,20.2,0.1832,9.47,41.4,90.65,0.4349,0.1723,27.28,R To L,92,Great American Ball Park,
10,660670,Ronald Acuña Jr.,ATL,SF,2026-08-31T22:05:00Z,Pre-Game,2,Anthony Molina,683627,R,61.2,Tier 3,Watch List,"Strong Barrel, Good Environment, Premium Lineup Spot",58.3,46.4,72.4,100.0,50.0,30.0,Yes,No,2,Yes,Yes,MLB Stats API; RotoWire,RotoWire not confirmed,H:2026/2025 P:2026/2025,,,Direct BvP not yet weighted; 2026/2025 Statcast baseline active,7,8,25,0,Contact streak: 8/25 over last 7 games,"same-side matchup; pitcher baseline 8.0% barrel, 4.3 HR allowed",neutral batted-ball profile; pitcher fly-ball pressure modest,13.74,47.46,90.95,103.0299,0.4923,0.2342,0.3739,76.12,63.16,36.3,27.32,15.4,0.1874,8.02,39.51,87.42,0.5199,0.2161,29.16,Out To RF,91,Truist Park,
11,682829,Elly De La Cruz,CIN,SD,2026-08-31T22:40:00Z,Pre-Game,2,Michael King,650633,R,60.5,Tier 3,Watch List,"Strong Barrel, Premium Lineup Spot, Platoon Edge",54.5,38.2,69.8,100.0,75.0,42.0,Yes,Yes,2,Yes,No,MLB Stats API; RotoWire,,H:2026/2025 P:2026/2025,,,Direct BvP not yet weighted; 2026/2025 Statcast baseline active,7,12,30,0,Contact streak: 12/30 over last 7 games,"switch hitter; pitcher baseline 9.3% barrel, 16.2 HR allowed",EV profile; pitcher fly-ball pressure modest,12.68,48.82,92.96,103.9903,0.4562,0.1898,0.3486,75.38,54.05,34.68,24.68,21.3,0.1984,9.3,33.55,87.1,0.4067,0.1709,27.75,R To L,92,Great American Ball Park,
12,670541,Yordan Alvarez,HOU,CWS,2026-09-01T00:10:00Z,Scheduled,2,Anthony Kay,641743,L,60.5,Tier 3,Watch List,"Projected Lineup, Elite Power, Strong Barrel, Premium Lineup Spot",80.3,41.2,27.6,95.5,50.0,42.3,No,No,2,Yes,Yes,RotoWire projected lineup; MLB probable pitchers,lineup projected / unconfirmed,H:2026/2025 P:2026,,,Direct BvP not yet weighted; 2026/2025 Statcast baseline active,7,7,25,1,"Last 7 games: 7/25, 1 HR","same-side matchup; pitcher baseline 8.6% barrel, 18.0 HR allowed",lift-pull EV profile; pitcher fly-ball pressure modest,15.9,53.39,94.56,104.9952,0.6288,0.3154,0.435,76.17,61.87,40.81,36.66,27.7,0.2501,8.6,39.7,88.4,0.413,0.154,22.1,,,Daikin Park,
13,691406,Junior Caminero,TB,NYM,2026-08-31T22:40:00Z,Pre-Game,3,Robert Stock,476594,R,60.4,Tier 3,Watch List,"Strong Barrel, Premium Lineup Spot, Hot Hitter/Streak",62.5,48.7,41.1,96.6,50.0,78.7,Yes,Yes,3,Yes,No,MLB Stats API; RotoWire,,H:2026/2025 P:2026/2025,,,Direct BvP not yet weighted; 2026/2025 Statcast baseline active,7,10,25,2,Hot streak: 2 HR in last 7 games,"same-side matchup; pitcher baseline 9.3% barrel, 1.7 HR allowed",EV profile; pitcher allows elevated contact,13.37,50.7,92.82,105.3066,0.4996,0.2306,0.3607,79.34,84.62,45.94,23.7,39.4,0.2612,9.3,35.93,89.4,0.4946,0.2019,31.88,None,72,Tropicana Field,
14,665019,Kody Clemens,MIN,DET,2026-08-31T23:40:00Z,Pre-Game,3,Jackson Jobe,695549,R,60.2,Tier 3,Watch List,"Strong Barrel, Premium Lineup Spot, Platoon Edge",53.3,43.3,67.1,96.6,80.0,29.2,Yes,Yes,3,Yes,No,MLB Stats API; RotoWire,,H:2026/2025 P:2026/2025,,,Direct BvP not yet weighted; 2026/2025 Statcast baseline active,7,5,26,1,"Last 7 games: 5/26, 1 HR","platoon edge; pitcher baseline 9.2% barrel, 3.5 HR allowed",lift-pull EV profile; pitcher fly-ball pressure modest,11.93,47.18,92.13,101.5416,0.4615,0.2118,0.3331,72.06,14.56,46.01,33.46,21.1,0.2224,9.19,41.48,88.61,0.4394,0.1764,22.68,Out To RF,86,Target Field,
15,671739,Michael Harris II,ATL,SF,2026-08-31T22:05:00Z,Pre-Game,5,Anthony Molina,683627,R,59.5,Longshot,Watch List,"Strong Barrel, Good Environment, Platoon Edge",45.4,46.4,72.4,86.4,80.0,64.8,Yes,No,5,Yes,Yes,MLB Stats API; RotoWire,RotoWire not confirmed,H:2026/2025 P:2026/2025,,,Direct BvP not yet weighted; 2026/2025 Statcast baseline active,7,8,26,2,Hot streak: 2 HR in last 7 games,"platoon edge; pitcher baseline 8.0% barrel, 4.3 HR allowed",neutral batted-ball profile; pitcher fly-ball pressure modest,10.08,46.83,90.34,103.2093,0.4646,0.1823,0.3339,74.72,47.26,36.64,22.14,21.4,0.1887,8.02,39.51,87.42,0.5199,0.2161,29.16,Out To RF,91,Truist Park,
16,813841,Jonah Cox,SF,ATL,2026-08-31T22:05:00Z,Pre-Game,4,Bryce Elder,693821,R,59.0,Longshot,Watch List,"Strong Barrel, Good Environment, Premium Lineup Spot, Hot Hitter/Streak",50.2,40.9,72.4,94.9,50.0,78.7,Yes,Yes,4,Yes,No,MLB Stats API; RotoWire,,H:2026 P:2026/2025,,,Direct BvP not yet weighted; 2026/2025 Statcast baseline active,7,6,15,2,Hot streak: 2 HR in last 7 games,"same-side matchup; pitcher baseline 6.7% barrel, 22.6 HR allowed",EV profile; pitcher fly-ball pressure modest,12.9,45.2,92.0,100.4072,0.396,0.189,0.276,69.2,7.5,12.9,41.9,3.0,0.241,6.68,40.93,89.93,0.4102,0.1547,26.22,Out To RF,91,Truist Park,
17,663728,Cal Raleigh,SEA,BOS,2026-08-31T22:45:00Z,Pre-Game,4,Payton Tolle,801139,L,58.6,Longshot,Watch List,"Strong Barrel, Premium Lineup Spot, Platoon Edge, Hot Hitter/Streak",60.0,27.0,51.7,94.9,75.0,91.5,Yes,Yes,4,Yes,No,MLB Stats API; RotoWire,,H:2026/2025 P:2026/2025,,,Direct BvP not yet weighted; 2026/2025 Statcast baseline active,7,8,22,5,Hot streak: 5 HR in last 7 games,"switch hitter; pitcher baseline 6.5% barrel, 11.3 HR allowed",fly-ball profile; pitcher fly-ball pressure modest,16.14,41.55,90.25,101.1769,0.4399,0.2418,0.3283,75.06,52.18,54.85,42.85,31.3,0.23,6.47,35.08,87.87,0.3497,0.1338,27.6,R To L,75,Fenway Park,
18,808959,Munetaka Murakami,CWS,HOU,2026-09-01T00:10:00Z,Scheduled,2,Peter Lambert,663567,R,58.5,Longshot,Watch List,"Projected Lineup, Elite Power, Strong Barrel, Premium Lineup Spot, Platoon Edge",78.6,32.6,27.6,95.5,80.0,0.8,No,No,2,Yes,Yes,RotoWire projected lineup; MLB probable pitchers,lineup projected / unconfirmed,H:2026 P:2026,,,Direct BvP not yet weighted; 2026/2025 Statcast baseline active,7,3,24,0,"Last 7 games: 3/24, 0 HR","platoon edge; pitcher baseline 6.7% barrel, 13.0 HR allowed",lift-pull EV profile; pitcher allows elevated contact,19.6,57.0,93.9,104.3785,0.486,0.272,0.36,74.8,51.2,43.5,37.9,29.0,0.279,6.7,36.1,88.5,0.352,0.141,32.5,,,Daikin Park,
19,666018,Jonathan Aranda,TB,NYM,2026-08-31T22:40:00Z,Pre-Game,2,Robert Stock,476594,R,57.9,Longshot,Watch List,"Strong Barrel, Premium Lineup Spot, Platoon Edge",48.7,48.7,41.1,100.0,80.0,56.2,Yes,Yes,2,Yes,No,MLB Stats API; RotoWire,,H:2026/2025 P:2026/2025,,,Direct BvP not yet weighted; 2026/2025 Statcast baseline active,7,7,28,2,Hot streak: 2 HR in last 7 games,"platoon edge; pitcher baseline 9.3% barrel, 1.7 HR allowed",neutral batted-ball profile; pitcher allows elevated contact,10.8,48.27,91.67,101.2682,0.4653,0.1946,0.3582,70.22,12.48,32.57,30.2,16.1,0.152,9.3,35.93,89.4,0.4946,0.2019,31.88,None,72,Tropicana Field,
20,677800,Wilyer Abreu,BOS,SEA,2026-08-31T22:45:00Z,Pre-Game,4,George Kirby,669923,R,57.4,Longshot,Watch List,"Strong Barrel, Premium Lineup Spot, Platoon Edge",53.4,39.6,51.7,94.9,80.0,40.7,Yes,Yes,4,Yes,No,MLB Stats API; RotoWire,,H:2026/2025 P:2026/2025,,,Direct BvP not yet weighted; 2026/2025 Statcast baseline active,7,7,26,1,"Last 7 games: 7/26, 1 HR","platoon edge; pitcher baseline 7.2% barrel, 16.4 HR allowed",fly-ball profile; pitcher fly-ball pressure modest,12.44,44.27,90.1,101.3969,0.4778,0.2243,0.3476,73.89,38.73,38.95,36.68,22.7,0.215,7.2,42.01,89.83,0.3969,0.1416,24.31,R To L,75,Fenway Park,
21,592518,Manny Machado,SD,CIN,2026-08-31T22:40:00Z,Pre-Game,3,Brady Singer,663903,R,57.3,Longshot,Watch List,"Strong Barrel, Premium Lineup Spot",47.9,52.0,69.8,96.6,50.0,9.8,Yes,Yes,3,Yes,No,MLB Stats API; RotoWire,,H:2026/2025 P:2026/2025,,,Direct BvP not yet weighted; 2026/2025 Statcast baseline active,7,5,27,0,"Last 7 games: 5/27, 0 HR","same-side matchup; pitcher baseline 9.5% barrel, 23.9 HR allowed",neutral batted-ball profile; pitcher fly-ball pressure modest,10.45,46.81,91.15,101.9271,0.4432,0.1904,0.3368,74.64,44.37,39.66,27.45,24.9,0.185,9.47,41.4,90.65,0.4349,0.1723,27.28,R To L,92,Great American Ball Park,
22,663886,Tyler Stephenson,CIN,SD,2026-08-31T22:40:00Z,Pre-Game,5,Michael King,650633,R,57.2,Longshot,Watch List,"Strong Barrel, Hot Hitter/Streak",51.6,40.0,69.8,86.4,50.0,70.6,Yes,Yes,5,Yes,No,MLB Stats API; RotoWire,,H:2026/2025 P:2026/2025,,,Direct BvP not yet weighted; 2026/2025 Statcast baseline active,7,9,26,2,Hot streak: 2 HR in last 7 games,"same-side matchup; pitcher baseline 9.3% barrel, 16.2 HR allowed",neutral batted-ball profile; pitcher fly-ball pressure modest,13.24,46.61,90.92,100.5149,0.441,0.2054,0.3298,70.52,7.07,37.08,33.43,13.7,0.1809,9.3,33.55,87.1,0.4067,0.1709,27.75,R To L,92,Great American Ball Park,
23,694673,Abimelec Ortiz,WSH,MIA,2026-08-31T22:45:00Z,Pre-Game,2,Ryan Gusto,687473,R,56.8,Longshot,Watch List,"Premium Lineup Spot, Platoon Edge",47.3,46.6,53.7,100.0,80.0,15.3,Yes,Yes,2,Yes,No,MLB Stats API; RotoWire,,H:2026 P:2026/2025,,,Direct BvP not yet weighted; 2026/2025 Statcast baseline active,7,6,27,0,"Last 7 games: 6/27, 0 HR","platoon edge; pitcher baseline 8.7% barrel, 10.7 HR allowed",neutral batted-ball profile; pitcher fly-ball pressure modest,9.5,41.3,90.3,100.0956,0.459,0.217,0.314,75.6,60.3,44.4,33.3,5.0,0.214,8.66,44.44,89.83,0.4285,0.1655,25.49,R To L,86,Nationals Park,
24,681715,Heriberto Hernandez,MIA,WSH,2026-08-31T22:45:00Z,Pre-Game,2,Will Dion,702021,L,56.6,Longshot,Watch List,"Projected Lineup, Strong Barrel, Premium Lineup Spot, Platoon Edge, Hot Hitter/Streak",54.7,25.6,53.7,95.5,78.0,79.9,No,No,2,Yes,Yes,RotoWire projected lineup; MLB probable pitchers,lineup projected / unconfirmed,H:2026/2025 P:2026,,,Direct BvP not yet weighted; 2026/2025 Statcast baseline active,7,8,28,3,Hot streak: 3 HR in last 7 games,"platoon edge; pitcher baseline 5.7% barrel, 6.0 HR allowed",neutral batted-ball profile; pitcher allows elevated contact,12.82,47.01,90.97,101.6932,0.47,0.2229,0.3459,74.07,44.9,46.75,30.2,18.4,0.2161,5.7,33.0,88.0,0.35,0.133,33.0,R To L,86,Nationals Park,
25,699302,Héctor Rodríguez,CIN,SD,2026-08-31T22:40:00Z,Pre-Game,1,Michael King,650633,R,56.5,Longshot,Watch List,"Strong Barrel, Premium Lineup Spot, Platoon Edge, Hot Hitter/Streak",35.0,40.0,69.8,93.2,80.0,92.6,Yes,Yes,1,Yes,No,MLB Stats API; RotoWire,,H:2026 P:2026/2025,,,Direct BvP not yet weighted; 2026/2025 Statcast baseline active,7,10,27,4,Hot streak: 4 HR in last 7 games,"platoon edge; pitcher baseline 9.3% barrel, 16.2 HR allowed",neutral batted-ball profile; pitcher fly-ball pressure modest,10.9,32.6,87.8,99.0015,0.379,0.173,0.296,74.8,53.3,41.3,26.1,4.0,0.229,9.3,33.55,87.1,0.4067,0.1709,27.75,R To L,92,Great American Ball Park,
26,664034,Ty France,SD,CIN,2026-08-31T22:40:00Z,Pre-Game,4,Brady Singer,663903,R,56.4,Longshot,Watch List,Premium Lineup Spot,42.6,52.0,69.8,94.9,50.0,32.9,Yes,Yes,4,Yes,No,MLB Stats API; RotoWire,,H:2026/2025 P:2026/2025,,,Direct BvP not yet weighted; 2026/2025 Statcast baseline active,7,5,23,1,"Last 7 games: 5/23, 1 HR","same-side matchup; pitcher baseline 9.5% barrel, 23.9 HR allowed",neutral batted-ball profile; pitcher fly-ball pressure modest,9.24,46.86,91.18,101.0728,0.4271,0.1751,0.3301,71.77,19.46,35.38,25.74,15.4,0.1849,9.47,41.4,90.65,0.4349,0.1723,27.28,R To L,92,Great American Ball Park,
27,696100,Hunter Goodman,COL,BAL,2026-09-01T00:40:00Z,Scheduled,4,,,,56.2,Longshot,Watch List,"Projected Lineup, Strong Barrel, Premium Lineup Spot",59.1,41.2,38.7,90.4,60.0,59.1,No,No,4,Yes,Yes,RotoWire projected lineup; MLB probable pitchers,lineup projected / unconfirmed,H:2026/2025 P:,,,Direct BvP not yet weighted; 2026/2025 Statcast baseline active,7,7,26,2,Hot streak: 2 HR in last 7 games,"handedness incomplete; pitcher baseline 0.0% barrel, 0.0 HR allowed",neutral batted-ball profile; pitcher fly-ball pressure modest,15.35,45.99,90.45,102.6876,0.4679,0.2343,0.3269,75.0,49.58,48.28,32.62,34.5,0.2742,,,,,,,,,Coors Field,
28,687952,Christian Encarnacion-Strand,BAL,COL,2026-09-01T00:40:00Z,Scheduled,6,Tanner Gordon,685299,R,56.1,Longshot,Watch List,"Projected Lineup, Strong Barrel",56.4,60.4,38.7,71.7,50.0,53.9,No,No,6,Yes,Yes,RotoWire projected lineup; MLB probable pitchers,lineup projected / unconfirmed,H:2026/2025 P:2026/2025,,,Direct BvP not yet weighted; 2026/2025 Statcast baseline active,7,10,28,1,Contact streak: 10/28 over last 7 games,"same-side matchup; pitcher baseline 10.2% barrel, 16.7 HR allowed",neutral batted-ball profile; pitcher allows elevated contact,13.97,42.18,90.84,101.7825,0.489,0.25,0.3238,73.6,36.76,44.69,29.93,6.7,0.2131,10.24,42.25,90.8,0.4789,0.2097,33.88,,,Coors Field,
29,695734,Daylen Lile,WSH,MIA,2026-08-31T22:45:00Z,Pre-Game,4,Ryan Gusto,687473,R,55.9,Longshot,Watch List,"Premium Lineup Spot, Platoon Edge, Hot Hitter/Streak",34.0,46.6,53.7,94.9,80.0,100.0,Yes,Yes,4,Yes,No,MLB Stats API; RotoWire,,H:2026/2025 P:2026/2025,,,Direct BvP not yet weighted; 2026/2025 Statcast baseline active,7,11,24,3,Hot streak: 3 HR in last 7 games,"platoon edge; pitcher baseline 8.7% barrel, 10.7 HR allowed",neutral batted-ball profile; pitcher fly-ball pressure modest,7.58,38.42,88.69,98.9591,0.4392,0.1663,0.3312,70.64,9.08,41.01,33.04,15.3,0.1829,8.66,44.44,89.83,0.4285,0.1655,25.49,R To L,86,Nationals Park,
30,683002,Gunnar Henderson,BAL,COL,2026-09-01T00:40:00Z,Scheduled,3,Tanner Gordon,685299,R,55.8,Longshot,Watch List,"Projected Lineup, Premium Lineup Spot, Platoon Edge",38.1,60.4,38.7,92.1,80.0,56.2,No,No,3,Yes,Yes,RotoWire projected lineup; MLB probable pitchers,lineup projected / unconfirmed,H:2026/2025 P:2026/2025,,,Direct BvP not yet weighted; 2026/2025 Statcast baseline active,7,6,24,2,Hot streak: 2 HR in last 7 games,"platoon edge; pitcher baseline 10.2% barrel, 16.7 HR allowed",neutral batted-ball profile; pitcher allows elevated contact,7.69,45.84,90.49,101.4033,0.4082,0.1539,0.3263,74.67,47.1,41.08,23.31,20.5,0.1787,10.24,42.25,90.8,0.4789,0.2097,33.88,,,Coors Field,
31,701350,Roman Anthony,BOS,SEA,2026-08-31T22:45:00Z,Pre-Game,1,George Kirby,669923,R,55.6,Longshot,Watch List,"Strong Barrel, Premium Lineup Spot, Platoon Edge",50.6,39.6,51.7,93.2,80.0,28.2,Yes,Yes,1,Yes,No,MLB Stats API; RotoWire,,H:2026/2025 P:2026/2025,,,Direct BvP not yet weighted; 2026/2025 Statcast baseline active,7,8,26,0,"Last 7 games: 8/26, 0 HR","platoon edge; pitcher baseline 7.2% barrel, 16.4 HR allowed",EV profile; pitcher fly-ball pressure modest,10.91,51.34,92.96,102.7628,0.4322,0.1714,0.3566,75.42,53.09,37.62,22.65,3.1,0.1192,7.2,42.01,89.83,0.3969,0.1416,24.31,R To L,75,Fenway Park,
32,694212,Samuel Basallo,BAL,COL,2026-09-01T00:40:00Z,Scheduled,5,Tanner Gordon,685299,R,55.4,Longshot,Watch List,"Projected Lineup, Strong Barrel, Platoon Edge",46.9,60.4,38.7,81.9,80.0,19.1,No,No,5,Yes,Yes,RotoWire projected lineup; MLB probable pitchers,lineup projected / unconfirmed,H:2026/2025 P:2026/2025,,,Direct BvP not yet weighted; 2026/2025 Statcast baseline active,7,3,24,1,"Last 7 games: 3/24, 1 HR","platoon edge; pitcher baseline 10.2% barrel, 16.7 HR allowed",neutral batted-ball profile; pitcher allows elevated contact,11.56,43.49,90.01,102.1054,0.424,0.1959,0.3092,74.8,49.14,42.39,28.77,13.1,0.1881,10.24,42.25,90.8,0.4789,0.2097,33.88,,,Coors Field,
33,665953,Andrés Chaparro,WSH,MIA,2026-08-31T22:45:00Z,Pre-Game,3,Ryan Gusto,687473,R,55.0,Longshot,Watch List,"Strong Barrel, Premium Lineup Spot",47.6,46.6,53.7,96.6,50.0,41.2,Yes,Yes,3,Yes,No,MLB Stats API; RotoWire,,H:2026/2025 P:2026/2025,,,Direct BvP not yet weighted; 2026/2025 Statcast baseline active,7,6,22,1,"Last 7 games: 6/22, 1 HR","same-side matchup; pitcher baseline 8.7% barrel, 10.7 HR allowed",neutral batted-ball profile; pitcher fly-ball pressure modest,13.13,44.03,88.52,101.1119,0.4314,0.203,0.3336,74.28,43.77,50.62,26.3,6.6,0.2104,8.66,44.44,89.83,0.4285,0.1655,25.49,R To L,86,Nationals Park,
34,547180,Bryce Harper,PHI,AZ,2026-09-01T01:40:00Z,Scheduled,3,Brandon Pfaadt,694297,R,54.9,Longshot,Watch List,"Projected Lineup, Strong Barrel, Premium Lineup Spot, Platoon Edge",52.3,42.1,28.2,92.1,80.0,63.3,No,No,3,Yes,Yes,RotoWire projected lineup; MLB probable pitchers,lineup projected / unconfirmed,H:2026/2025 P:2026/2025,,,Direct BvP not yet weighted; 2026/2025 Statcast baseline active,7,11,26,1,Contact streak: 11/26 over last 7 games,"platoon edge; pitcher baseline 8.6% barrel, 16.2 HR allowed",neutral batted-ball profile; pitcher fly-ball pressure modest,11.53,45.61,90.67,101.9072,0.499,0.2261,0.3848,74.1,44.73,37.49,27.45,27.0,0.2337,8.59,37.89,89.05,0.4177,0.1638,23.41,,,Chase Field,
35,605137,Josh Bell,MIN,DET,2026-08-31T23:40:00Z,Pre-Game,5,Jackson Jobe,695549,R,54.5,Longshot,Watch List,"Strong Barrel, Platoon Edge",43.8,42.9,67.1,86.4,75.0,16.6,Yes,Yes,5,Yes,No,MLB Stats API; RotoWire,,H:2026/2025 P:2026/2025,,,Direct BvP not yet weighted; 2026/2025 Statcast baseline active,7,6,26,0,"Last 7 games: 6/26, 0 HR","switch hitter; pitcher baseline 9.2% barrel, 3.5 HR allowed",neutral batted-ball profile; pitcher fly-ball pressure modest,10.28,43.01,89.91,100.8689,0.45,0.1975,0.3373,72.4,28.85,41.5,26.92,18.5,0.1702,9.19,41.48,88.61,0.4394,0.1764,22.68,Out To RF,86,Target Field,
36,805808,Kevin McGonigle,DET,MIN,2026-08-31T23:40:00Z,Pre-Game,3,Taj Bradley,671737,R,54.2,Longshot,Watch List,"Projected Lineup, Premium Lineup Spot, Platoon Edge",33.7,47.9,67.1,92.1,80.0,28.1,No,No,3,Yes,Yes,RotoWire projected lineup; MLB probable pitchers,lineup projected / unconfirmed,H:2026 P:2026/2025,,,Direct BvP not yet weighted; 2026/2025 Statcast baseline active,7,5,27,1,"Last 7 games: 5/27, 1 HR","platoon edge; pitcher baseline 8.8% barrel, 19.7 HR allowed",fly-ball profile; pitcher fly-ball pressure modest,7.3,36.8,88.2,98.2716,0.435,0.174,0.352,71.2,16.1,37.1,36.4,14.0,0.142,8.8,43.61,90.32,0.3854,0.1568,29.4,Out To RF,86,Target Field,
37,690993,Colt Keith,DET,MIN,2026-08-31T23:40:00Z,Pre-Game,2,Taj Bradley,671737,R,54.0,Longshot,Watch List,"Projected Lineup, Premium Lineup Spot, Platoon Edge",36.0,47.9,67.1,95.5,80.0,0.0,No,No,2,Yes,Yes,RotoWire projected lineup; MLB probable pitchers,lineup projected / unconfirmed,H:2026/2025 P:2026/2025,,,Direct BvP not yet weighted; 2026/2025 Statcast baseline active,7,0,17,0,"Last 7 games: 0/17, 0 HR","platoon edge; pitcher baseline 8.8% barrel, 19.7 HR allowed",neutral batted-ball profile; pitcher fly-ball pressure modest,8.01,42.58,89.3,100.2511,0.4356,0.1639,0.3382,71.54,16.13,38.15,25.95,10.2,0.1493,8.8,43.61,90.32,0.3854,0.1568,29.4,Out To RF,86,Target Field,
38,693307,Dillon Dingler,DET,MIN,2026-08-31T23:40:00Z,Pre-Game,4,Taj Bradley,671737,R,53.6,Longshot,Watch List,"Projected Lineup, Premium Lineup Spot",42.9,47.9,67.1,90.4,50.0,14.6,No,No,4,Yes,Yes,RotoWire projected lineup; MLB probable pitchers,lineup projected / unconfirmed,H:2026/2025 P:2026/2025,,,Direct BvP not yet weighted; 2026/2025 Statcast baseline active,7,5,23,0,"Last 7 games: 5/23, 0 HR","same-side matchup; pitcher baseline 8.8% barrel, 19.7 HR allowed",neutral batted-ball profile; pitcher fly-ball pressure modest,9.9,43.32,88.88,100.5786,0.4713,0.1997,0.3483,71.7,15.48,40.59,28.78,22.1,0.1988,8.8,43.61,90.32,0.3854,0.1568,29.4,Out To RF,86,Target Field,
39,814430,Brett Callahan,DET,MIN,2026-08-31T23:40:00Z,Pre-Game,5,Taj Bradley,671737,R,53.5,Longshot,Watch List,"Projected Lineup, Platoon Edge",38.7,47.9,67.1,81.9,80.0,10.1,No,No,5,Yes,Yes,RotoWire projected lineup; MLB probable pitchers,lineup projected / unconfirmed,H:2026 P:2026/2025,,,Direct BvP not yet weighted; 2026/2025 Statcast baseline active,7,3,16,0,"Last 7 games: 3/16, 0 HR","platoon edge; pitcher baseline 8.8% barrel, 19.7 HR allowed",neutral batted-ball profile; pitcher fly-ball pressure modest,4.8,47.6,91.4,100.4768,0.458,0.164,0.351,74.2,44.2,38.1,28.6,1.0,0.222,8.8,43.61,90.32,0.3854,0.1568,29.4,Out To RF,86,Target Field,
40,641343,Jake Bauers,MIL,CHC,2026-08-31T23:40:00Z,Scheduled,3,Clay Holmes,605280,R,53.5,Longshot,Watch List,"Projected Lineup, Strong Barrel, Premium Lineup Spot, Platoon Edge",60.6,30.1,29.8,92.1,80.0,34.4,No,No,3,Yes,Yes,RotoWire projected lineup; MLB probable pitchers,lineup projected / unconfirmed,H:2026/2025 P:2026/2025,,,Direct BvP not yet weighted; 2026/2025 Statcast baseline active,7,5,22,1,"Last 7 games: 5/22, 1 HR","platoon edge; pitcher baseline 5.8% barrel, 7.0 HR allowed",lift-pull EV profile; pitcher fly-ball pressure modest,13.77,50.99,92.19,103.0923,0.4696,0.2195,0.3659,76.57,69.93,41.04,30.75,18.2,0.2067,5.82,42.16,89.56,0.3765,0.1241,19.39,,,Wrigley Field,
41,669065,Kyle Stowers,MIA,WSH,2026-08-31T22:45:00Z,Pre-Game,3,Will Dion,702021,L,53.4,Longshot,Watch List,"Projected Lineup, Strong Barrel, Premium Lineup Spot",62.3,25.6,53.7,92.1,50.0,24.9,No,No,3,Yes,Yes,RotoWire projected lineup; MLB probable pitchers,lineup projected / unconfirmed,H:2026/2025 P:2026,,,Direct BvP not yet weighted; 2026/2025 Statcast baseline active,7,6,21,0,"Last 7 games: 6/21, 0 HR","same-side matchup; pitcher baseline 5.7% barrel, 6.0 HR allowed",neutral batted-ball profile; pitcher allows elevated contact,14.27,54.59,91.94,103.3199,0.4663,0.2237,0.3435,75.28,55.16,46.34,32.06,18.7,0.2273,5.7,33.0,88.0,0.35,0.133,33.0,R To L,86,Nationals Park,
42,668709,JJ Bleday,CIN,SD,2026-08-31T22:40:00Z,Pre-Game,4,Michael King,650633,R,53.1,Longshot,Watch List,"Premium Lineup Spot, Platoon Edge",37.8,40.0,69.8,94.9,80.0,0.8,Yes,Yes,4,Yes,No,MLB Stats API; RotoWire,,H:2026/2025 P:2026/2025,,,Direct BvP not yet weighted; 2026/2025 Statcast baseline active,7,3,24,0,"Last 7 games: 3/24, 0 HR","platoon edge; pitcher baseline 9.3% barrel, 16.2 HR allowed",neutral batted-ball profile; pitcher fly-ball pressure modest,9.13,39.47,88.63,99.8427,0.4066,0.176,0.3271,73.07,27.72,45.74,32.92,18.9,0.2053,9.3,33.55,87.1,0.4067,0.1709,27.75,R To L,92,Great American Ball Park,
43,596019,Francisco Lindor,NYM,TB,2026-08-31T22:40:00Z,Pre-Game,1,Ian Seymour,693855,L,52.9,Longshot,Watch List,"Projected Lineup, Premium Lineup Spot, Platoon Edge",46.2,39.4,41.1,88.7,75.0,57.6,No,Yes,1,Yes,Yes,RotoWire projected lineup; MLB probable pitchers,lineup projected / unconfirmed,H:2026/2025 P:2026/2025,,,Direct BvP not yet weighted; 2026/2025 Statcast baseline active,7,7,27,2,Hot streak: 2 HR in last 7 games,"switch hitter; pitcher baseline 8.8% barrel, 14.8 HR allowed",neutral batted-ball profile; pitcher fly-ball pressure modest,9.32,46.57,90.92,100.2716,0.4505,0.201,0.3422,72.02,22.53,44.76,31.42,19.1,0.1934,8.85,36.68,88.35,0.3907,0.1642,28.96,None,72,Tropicana Field,
44,691718,Pete Crow-Armstrong,CHC,MIL,2026-08-31T23:40:00Z,Scheduled,1,Kyle Harrison,690986,L,52.8,Longshot,Watch List,"Projected Lineup, Strong Barrel, Premium Lineup Spot, Hot Hitter/Streak",56.8,34.2,29.8,88.7,50.0,88.6,No,No,1,Yes,Yes,RotoWire projected lineup; MLB probable pitchers,lineup projected / unconfirmed,H:2026/2025 P:2026/2025,,,Direct BvP not yet weighted; 2026/2025 Statcast baseline active,7,11,32,6,Hot streak: 6 HR in last 7 games,"same-side matchup; pitcher baseline 6.8% barrel, 11.0 HR allowed",fly-ball profile; pitcher fly-ball pressure modest,13.17,46.85,89.99,101.6408,0.4897,0.2372,0.3539,74.24,44.46,49.95,35.92,35.9,0.276,6.8,37.87,89.37,0.3698,0.1392,28.44,,,Wrigley Field,
45,700250,Ben Rice,NYY,LAA,2026-09-01T01:38:00Z,Scheduled,2,Walbert Ureña,700712,R,52.8,Longshot,Watch List,"Projected Lineup, Strong Barrel, Premium Lineup Spot, Platoon Edge",64.9,16.1,28.2,95.5,80.0,53.9,No,No,2,Yes,Yes,RotoWire projected lineup; MLB probable pitchers,lineup projected / unconfirmed,H:2026/2025 P:2026,,,Direct BvP not yet weighted; 2026/2025 Statcast baseline active,7,10,28,1,Contact streak: 10/28 over last 7 games,"platoon edge; pitcher baseline 5.1% barrel, 7.0 HR allowed",lift-pull EV profile; pitcher fly-ball pressure modest,15.05,50.92,92.53,102.5611,0.5229,0.2534,0.3798,72.98,28.5,45.8,30.81,32.3,0.2643,5.1,34.2,87.2,0.304,0.099,22.5,,,Angel Stadium,
46,686527,Dominic Canzone,SEA,BOS,2026-08-31T22:45:00Z,Pre-Game,2,Payton Tolle,801139,L,52.6,Longshot,Watch List,"Strong Barrel, Premium Lineup Spot",55.1,28.2,51.7,100.0,50.0,28.1,Yes,Yes,2,Yes,No,MLB Stats API; RotoWire,,H:2026/2025 P:2026/2025,,,Direct BvP not yet weighted; 2026/2025 Statcast baseline active,7,5,27,1,"Last 7 games: 5/27, 1 HR","same-side matchup; pitcher baseline 6.5% barrel, 11.3 HR allowed",neutral batted-ball profile; pitcher fly-ball pressure modest,12.96,46.13,91.53,102.5424,0.4966,0.222,0.3606,74.08,42.06,40.32,25.95,17.3,0.2097,6.47,35.08,87.87,0.3497,0.1338,27.6,R To L,75,Fenway Park,
47,673357,Luis Robert,BAL,COL,2026-09-01T00:40:00Z,Scheduled,4,Tanner Gordon,685299,R,52.5,Longshot,Watch List,"Projected Lineup, Premium Lineup Spot",40.3,60.4,38.7,90.4,50.0,34.4,No,No,4,Yes,Yes,RotoWire projected lineup; MLB probable pitchers,lineup projected / unconfirmed,H:2026/2025 P:2026/2025,,,Direct BvP not yet weighted; 2026/2025 Statcast baseline active,7,5,22,1,"Last 7 games: 5/22, 1 HR","same-side matchup; pitcher baseline 10.2% barrel, 16.7 HR allowed",neutral batted-ball profile; pitcher allows elevated contact,9.04,40.55,89.47,101.7524,0.4155,0.1758,0.3189,76.65,67.83,44.83,27.31,11.2,0.1655,10.24,42.25,90.8,0.4789,0.2097,33.88,,,Coors Field,
48,681297,Colton Cowser,BAL,COL,2026-09-01T00:40:00Z,Scheduled,9,Tanner Gordon,685299,R,52.5,Longshot,Watch List,"Projected Lineup, Strong Barrel, Platoon Edge, Hot Hitter/Streak",46.6,60.4,38.7,40.2,80.0,80.0,No,No,9,Yes,Yes,RotoWire projected lineup; MLB probable pitchers,lineup projected / unconfirmed,H:2026/2025 P:2026/2025,,,Direct BvP not yet weighted; 2026/2025 Statcast baseline active,7,9,22,2,Hot streak: 2 HR in last 7 games,"platoon edge; pitcher baseline 10.2% barrel, 16.7 HR allowed",neutral batted-ball profile; pitcher allows elevated contact,11.86,42.22,88.87,100.971,0.4208,0.2044,0.3161,74.44,44.78,38.31,33.27,13.9,0.1666,10.24,42.25,90.8,0.4789,0.2097,33.88,,,Coors Field,
49,668901,Mark Vientos,NYM,TB,2026-08-31T22:40:00Z,Pre-Game,4,Ian Seymour,693855,L,52.1,Longshot,Watch List,"Projected Lineup, Strong Barrel, Premium Lineup Spot, Platoon Edge",46.9,41.0,41.1,90.4,78.0,18.3,No,Yes,4,Yes,Yes,RotoWire projected lineup; MLB probable pitchers,lineup projected / unconfirmed,H:2026/2025 P:2026/2025,,,Direct BvP not yet weighted; 2026/2025 Statcast baseline active,7,2,19,1,"Last 7 games: 2/19, 1 HR","platoon edge; pitcher baseline 8.8% barrel, 14.8 HR allowed",neutral batted-ball profile; pitcher fly-ball pressure modest,10.52,45.81,90.07,101.182,0.4425,0.2059,0.313,72.74,24.47,37.28,30.21,12.8,0.1779,8.85,36.68,88.35,0.3907,0.1642,28.96,None,72,Tropicana Field,
50,682928,CJ Abrams,WSH,MIA,2026-08-31T22:45:00Z,Pre-Game,1,Ryan Gusto,687473,R,52.1,Longshot,Watch List,"Premium Lineup Spot, Platoon Edge",38.2,46.6,53.7,93.2,80.0,0.0,Yes,Yes,1,Yes,No,MLB Stats API; RotoWire,,H:2026/2025 P:2026/2025,,,Direct BvP not yet weighted; 2026/2025 Statcast baseline active,7,2,28,0,"Last 7 games: 2/28, 0 HR","platoon edge; pitcher baseline 8.7% barrel, 10.7 HR allowed",neutral batted-ball profile; pitcher fly-ball pressure modest,9.14,40.32,89.19,99.7816,0.4199,0.1742,0.3237,72.82,27.68,43.59,28.94,26.0,0.2201,8.66,44.44,89.83,0.4285,0.1655,25.49,R To L,86,Nationals Park,
51,663586,Austin Riley,ATL,SF,2026-08-31T22:05:00Z,Pre-Game,8,Anthony Molina,683627,R,52.0,Longshot,Watch List,"Strong Barrel, Good Environment",53.3,46.4,72.4,52.4,50.0,10.6,Yes,No,8,Yes,Yes,MLB Stats API; RotoWire,RotoWire not confirmed,H:2026/2025 P:2026/2025,,,Direct BvP not yet weighted; 2026/2025 Statcast baseline active,7,4,21,0,"Last 7 games: 4/21, 0 HR","same-side matchup; pitcher baseline 8.0% barrel, 4.3 HR allowed",neutral batted-ball profile; pitcher fly-ball pressure modest,13.03,46.63,91.67,102.8917,0.4167,0.1942,0.3083,75.76,58.8,40.36,31.85,15.3,0.1491,8.02,39.51,87.42,0.5199,0.2161,29.16,Out To RF,91,Truist Park,
52,687605,Andrew Pinckney,WSH,MIA,2026-08-31T22:45:00Z,Pre-Game,9,Ryan Gusto,687473,R,51.8,Longshot,Watch List,Strong Barrel,64.9,46.6,53.7,44.8,50.0,7.0,Yes,Yes,9,Yes,No,MLB Stats API; RotoWire,,H:2026 P:2026/2025,,,Direct BvP not yet weighted; 2026/2025 Statcast baseline active,7,2,12,0,"Last 7 games: 2/12, 0 HR","same-side matchup; pitcher baseline 8.7% barrel, 10.7 HR allowed",EV profile; pitcher fly-ball pressure modest,16.7,58.3,94.8,103.8108,0.421,0.179,0.339,75.0,58.3,25.0,25.0,1.0,0.278,8.66,44.44,89.83,0.4285,0.1655,25.49,R To L,86,Nationals Park,
53,686797,Brooks Lee,MIN,DET,2026-08-31T23:40:00Z,Pre-Game,2,Jackson Jobe,695549,R,51.8,Longshot,Watch List,"Premium Lineup Spot, Platoon Edge, Hot Hitter/Streak",20.6,42.9,67.1,100.0,75.0,78.4,Yes,Yes,2,Yes,No,MLB Stats API; RotoWire,,H:2026/2025 P:2026/2025,,,Direct BvP not yet weighted; 2026/2025 Statcast baseline active,7,8,29,3,Hot streak: 3 HR in last 7 games,"switch hitter; pitcher baseline 9.2% barrel, 3.5 HR allowed",neutral batted-ball profile; pitcher fly-ball pressure modest,4.54,35.14,88.25,97.6699,0.3495,0.1232,0.2771,69.92,8.56,41.92,29.35,20.2,0.1739,9.19,41.48,88.61,0.4394,0.1764,22.68,Out To RF,86,Target Field,
54,553993,Eugenio Suárez,CIN,SD,2026-08-31T22:40:00Z,Pre-Game,6,Michael King,650633,R,51.6,Longshot,Watch List,Strong Barrel,41.0,40.0,69.8,76.2,50.0,56.2,Yes,Yes,6,Yes,No,MLB Stats API; RotoWire,,H:2026/2025 P:2026/2025,,,Direct BvP not yet weighted; 2026/2025 Statcast baseline active,7,6,24,2,Hot streak: 2 HR in last 7 games,"same-side matchup; pitcher baseline 9.3% barrel, 16.2 HR allowed",neutral batted-ball profile; pitcher fly-ball pressure modest,11.92,38.78,88.94,99.9412,0.3769,0.1785,0.2941,72.02,21.95,48.59,34.25,28.7,0.2336,9.3,33.55,87.1,0.4067,0.1709,27.75,R To L,92,Great American Ball Park,
55,677594,Julio Rodríguez,SEA,BOS,2026-08-31T22:45:00Z,Pre-Game,3,Payton Tolle,801139,L,51.6,Longshot,Watch List,"Premium Lineup Spot, Platoon Edge",46.8,28.2,51.7,96.6,78.0,21.8,Yes,Yes,3,Yes,No,MLB Stats API; RotoWire,,H:2026/2025 P:2026/2025,,,Direct BvP not yet weighted; 2026/2025 Statcast baseline active,7,4,28,1,"Last 7 games: 4/28, 1 HR","platoon edge; pitcher baseline 6.5% barrel, 11.3 HR allowed",neutral batted-ball profile; pitcher fly-ball pressure modest,9.66,44.64,90.47,102.6055,0.4615,0.1943,0.3419,76.61,67.13,37.86,26.68,23.6,0.172,6.47,35.08,87.87,0.3497,0.1338,27.6,R To L,75,Fenway Park,
56,691723,Coby Mayo,BAL,COL,2026-09-01T00:40:00Z,Scheduled,8,Tanner Gordon,685299,R,51.6,Longshot,Watch List,"Projected Lineup, Strong Barrel",51.1,60.4,38.7,47.9,50.0,64.8,No,No,8,Yes,Yes,RotoWire projected lineup; MLB probable pitchers,lineup projected / unconfirmed,H:2026/2025 P:2026/2025,,,Direct BvP not yet weighted; 2026/2025 Statcast baseline active,7,8,26,2,Hot streak: 2 HR in last 7 games,"same-side matchup; pitcher baseline 10.2% barrel, 16.7 HR allowed",neutral batted-ball profile; pitcher allows elevated contact,12.2,45.17,90.52,102.7596,0.4218,0.2027,0.31,75.4,54.74,49.27,34.04,16.6,0.2116,10.24,42.25,90.8,0.4789,0.2097,33.88,,,Coors Field,
57,673548,Seiya Suzuki,CHC,MIL,2026-08-31T23:40:00Z,Scheduled,2,Kyle Harrison,690986,L,51.4,Longshot,Watch List,"Projected Lineup, Strong Barrel, Premium Lineup Spot, Platoon Edge",46.8,34.2,29.8,95.5,78.0,57.2,No,No,2,Yes,Yes,RotoWire projected lineup; MLB probable pitchers,lineup projected / unconfirmed,H:2026/2025 P:2026/2025,,,Direct BvP not yet weighted; 2026/2025 Statcast baseline active,7,11,29,1,Contact streak: 11/29 over last 7 games,"platoon edge; pitcher baseline 6.8% barrel, 11.0 HR allowed",neutral batted-ball profile; pitcher fly-ball pressure modest,12.26,41.56,89.34,101.0353,0.4461,0.1991,0.3408,73.37,37.32,42.53,31.2,25.7,0.219,6.8,37.87,89.37,0.3698,0.1392,28.44,,,Wrigley Field,
58,680777,Ryan Jeffers,MIN,DET,2026-08-31T23:40:00Z,Pre-Game,4,Jackson Jobe,695549,R,51.3,Longshot,Watch List,Premium Lineup Spot,38.0,43.3,67.1,94.9,50.0,10.8,Yes,Yes,4,Yes,No,MLB Stats API; RotoWire,,H:2026/2025 P:2026/2025,,,Direct BvP not yet weighted; 2026/2025 Statcast baseline active,7,5,26,0,"Last 7 games: 5/26, 0 HR","same-side matchup; pitcher baseline 9.2% barrel, 3.5 HR allowed",neutral batted-ball profile; pitcher fly-ball pressure modest,9.52,40.35,88.74,100.8056,0.4224,0.1745,0.3432,73.0,36.19,36.41,26.98,9.7,0.1751,9.19,41.48,88.61,0.4394,0.1764,22.68,Out To RF,86,Target Field,
59,681508,Mickey Gasper,BOS,SEA,2026-08-31T22:45:00Z,Pre-Game,2,George Kirby,669923,R,51.2,Longshot,Watch List,"Premium Lineup Spot, Platoon Edge, Hot Hitter/Streak",28.7,37.9,51.7,100.0,75.0,81.7,Yes,Yes,2,Yes,No,MLB Stats API; RotoWire,,H:2026/2025 P:2026/2025,,,Direct BvP not yet weighted; 2026/2025 Statcast baseline active,7,7,13,2,Hot streak: 2 HR in last 7 games,"switch hitter; pitcher baseline 7.2% barrel, 16.4 HR allowed",neutral batted-ball profile; pitcher fly-ball pressure modest,6.55,36.03,88.57,98.7087,0.3866,0.1496,0.3228,71.65,13.54,40.52,31.06,4.1,0.1538,7.2,42.01,89.83,0.3969,0.1416,24.31,R To L,75,Fenway Park,
60,691781,Brady House,WSH,MIA,2026-08-31T22:45:00Z,Pre-Game,5,Ryan Gusto,687473,R,51.1,Longshot,Watch List,No major boost,41.1,46.6,53.7,86.4,50.0,34.4,Yes,Yes,5,Yes,No,MLB Stats API; RotoWire,,H:2026/2025 P:2026/2025,,,Direct BvP not yet weighted; 2026/2025 Statcast baseline active,7,5,22,1,"Last 7 games: 5/22, 1 HR","same-side matchup; pitcher baseline 8.7% barrel, 10.7 HR allowed",neutral batted-ball profile; pitcher fly-ball pressure modest,9.06,47.14,89.94,101.81,0.4253,0.1651,0.3204,73.31,31.09,32.89,26.14,8.2,0.1412,8.66,44.44,89.83,0.4285,0.1655,25.49,R To L,86,Nationals Park,
61,650490,Yandy Díaz,TB,NYM,2026-08-31T22:40:00Z,Pre-Game,1,Robert Stock,476594,R,50.8,Longshot,Watch List,Premium Lineup Spot,41.0,48.7,41.1,93.2,50.0,37.8,Yes,Yes,1,Yes,No,MLB Stats API; RotoWire,,H:2026/2025 P:2026/2025,,,Direct BvP not yet weighted; 2026/2025 Statcast baseline active,7,7,28,1,"Last 7 games: 7/28, 1 HR","same-side matchup; pitcher baseline 9.3% barrel, 1.7 HR allowed",neutral batted-ball profile; pitcher allows elevated contact,7.39,49.07,91.46,103.2288,0.452,0.1649,0.3551,73.5,37.3,23.18,19.3,21.5,0.168,9.3,35.93,89.4,0.4946,0.2019,31.88,None,72,Tropicana Field,
62,694192,Jackson Chourio,MIL,CHC,2026-08-31T23:40:00Z,Scheduled,2,Clay Holmes,605280,R,50.8,Longshot,Watch List,"Projected Lineup, Strong Barrel, Premium Lineup Spot, Hot Hitter/Streak",52.1,30.1,29.8,95.5,50.0,80.5,No,No,2,Yes,Yes,RotoWire projected lineup; MLB probable pitchers,lineup projected / unconfirmed,H:2026/2025 P:2026/2025,,,Direct BvP not yet weighted; 2026/2025 Statcast baseline active,7,9,31,3,Hot streak: 3 HR in last 7 games,"same-side matchup; pitcher baseline 5.8% barrel, 7.0 HR allowed",neutral batted-ball profile; pitcher fly-ball pressure modest,12.15,46.22,91.19,101.986,0.4624,0.2077,0.3315,74.25,44.03,30.73,28.78,20.3,0.1944,5.82,42.16,89.56,0.3765,0.1241,19.39,,,Wrigley Field,
63,608369,Corey Seager,TEX,ATH,2026-09-01T00:05:00Z,Scheduled,2,Gage Jump,695611,L,50.5,Longshot,Watch List,"Projected Lineup, Strong Barrel, Premium Lineup Spot",60.5,31.0,27.6,95.5,50.0,20.9,No,No,2,Yes,Yes,RotoWire projected lineup; MLB probable pitchers,lineup projected / unconfirmed,H:2026/2025 P:2026,,,Direct BvP not yet weighted; 2026/2025 Statcast baseline active,7,7,27,0,"Last 7 games: 7/27, 0 HR","same-side matchup; pitcher baseline 6.2% barrel, 9.0 HR allowed",lift-pull EV profile; pitcher fly-ball pressure modest,14.46,49.89,92.06,102.5789,0.4962,0.2399,0.3622,71.73,14.88,40.99,31.06,15.4,0.1908,6.2,37.9,89.1,0.381,0.129,26.3,,,Globe Life Field,
64,679529,Spencer Torkelson,DET,MIN,2026-08-31T23:40:00Z,Pre-Game,7,Taj Bradley,671737,R,50.3,Longshot,Watch List,"Projected Lineup, Strong Barrel",47.4,47.9,67.1,59.8,50.0,4.5,No,No,7,Yes,Yes,RotoWire projected lineup; MLB probable pitchers,lineup projected / unconfirmed,H:2026/2025 P:2026/2025,,,Direct BvP not yet weighted; 2026/2025 Statcast baseline active,7,3,20,0,"Last 7 games: 3/20, 0 HR","same-side matchup; pitcher baseline 8.8% barrel, 19.7 HR allowed",fly-ball profile; pitcher fly-ball pressure modest,12.66,42.23,89.57,100.1348,0.4112,0.195,0.3158,73.07,25.81,46.79,35.62,23.3,0.1929,8.8,43.61,90.32,0.3854,0.1568,29.4,Out To RF,86,Target Field,
65,666160,Mickey Moniak,COL,BAL,2026-09-01T00:40:00Z,Scheduled,2,,,,50.3,Longshot,Watch List,"Projected Lineup, Strong Barrel, Premium Lineup Spot",47.6,41.2,38.7,95.5,60.0,2.7,No,No,2,Yes,Yes,RotoWire projected lineup; MLB probable pitchers,lineup projected / unconfirmed,H:2026/2025 P:,,,Direct BvP not yet weighted; 2026/2025 Statcast baseline active,7,4,29,0,"Last 7 games: 4/29, 0 HR","handedness incomplete; pitcher baseline 0.0% barrel, 0.0 HR allowed",fly-ball profile; pitcher fly-ball pressure modest,11.14,43.13,89.77,100.3608,0.4284,0.1979,0.3006,74.19,43.25,46.38,37.75,21.9,0.2536,,,,,,,,,Coors Field,
66,663616,Trevor Larnach,MIN,DET,2026-08-31T23:40:00Z,Pre-Game,6,Jackson Jobe,695549,R,50.1,Longshot,Watch List,Platoon Edge,30.4,43.3,67.1,76.2,80.0,34.4,Yes,Yes,6,Yes,No,MLB Stats API; RotoWire,,H:2026/2025 P:2026/2025,,,Direct BvP not yet weighted; 2026/2025 Statcast baseline active,7,5,22,1,"Last 7 games: 5/22, 1 HR","platoon edge; pitcher baseline 9.2% barrel, 3.5 HR allowed",neutral batted-ball profile; pitcher fly-ball pressure modest,7.34,39.75,88.59,99.7794,0.4023,0.1432,0.3271,72.1,22.34,42.76,24.19,12.8,0.1568,9.19,41.48,88.61,0.4394,0.1764,22.68,Out To RF,86,Target Field,
67,687551,Drew Gilbert,SF,ATL,2026-08-31T22:05:00Z,Pre-Game,1,Bryce Elder,693821,R,49.8,Longshot,Watch List,"Good Environment, Premium Lineup Spot, Platoon Edge",20.2,40.9,72.4,93.2,80.0,44.5,Yes,Yes,1,Yes,No,MLB Stats API; RotoWire,,H:2026/2025 P:2026/2025,,,Direct BvP not yet weighted; 2026/2025 Statcast baseline active,7,5,17,1,"Last 7 games: 5/17, 1 HR","platoon edge; pitcher baseline 6.7% barrel, 22.6 HR allowed",neutral batted-ball profile; pitcher fly-ball pressure modest,5.32,35.73,86.74,98.1806,0.378,0.1321,0.3134,70.52,10.2,41.61,20.53,6.5,0.1509,6.68,40.93,89.93,0.4102,0.1547,26.22,Out To RF,91,Truist Park,
68,545361,Mike Trout,LAA,NYY,2026-09-01T01:38:00Z,Scheduled,2,Elmer Rodríguez,695684,R,49.6,Longshot,Watch List,"Projected Lineup, Strong Barrel, Premium Lineup Spot",60.6,27.6,28.2,95.5,50.0,18.0,No,No,2,Yes,Yes,RotoWire projected lineup; MLB probable pitchers,lineup projected / unconfirmed,H:2026/2025 P:2026,,,Direct BvP not yet weighted; 2026/2025 Statcast baseline active,7,6,25,0,"Last 7 games: 6/25, 0 HR","same-side matchup; pitcher baseline 6.9% barrel, 2.0 HR allowed",neutral batted-ball profile; pitcher fly-ball pressure modest,15.94,46.57,90.13,102.846,0.4859,0.2397,0.3727,74.63,47.7,36.44,32.82,21.8,0.1951,6.9,36.1,87.6,0.394,0.133,22.2,,,Angel Stadium,
69,630105,Jake Cronenworth,SD,CIN,2026-08-31T22:40:00Z,Pre-Game,2,Brady Singer,663903,R,49.5,Longshot,Watch List,"Premium Lineup Spot, Platoon Edge",14.9,52.0,69.8,100.0,80.0,7.9,Yes,Yes,2,Yes,No,MLB Stats API; RotoWire,,H:2026/2025 P:2026/2025,,,Direct BvP not yet weighted; 2026/2025 Statcast baseline active,7,5,29,0,"Last 7 games: 5/29, 0 HR","platoon edge; pitcher baseline 9.5% barrel, 23.9 HR allowed",neutral batted-ball profile; pitcher fly-ball pressure modest,4.1,32.56,87.59,97.863,0.3194,0.0986,0.2903,71.32,17.46,31.54,23.14,6.1,0.0939,9.47,41.4,90.65,0.4349,0.1723,27.28,R To L,92,Great American Ball Park,
70,669221,Sean Murphy,ATL,SF,2026-08-31T22:05:00Z,Pre-Game,7,Anthony Molina,683627,R,49.4,Longshot,Watch List,"Strong Barrel, Good Environment",31.8,46.4,72.4,64.3,50.0,68.7,Yes,No,9,Yes,Yes,MLB Stats API; RotoWire,RotoWire not confirmed; order MLB 7 vs RotoWire 9,H:2026/2025 P:2026/2025,,,Direct BvP not yet weighted; 2026/2025 Statcast baseline active,7,8,24,2,Hot streak: 2 HR in last 7 games,"same-side matchup; pitcher baseline 8.0% barrel, 4.3 HR allowed",neutral batted-ball profile; pitcher fly-ball pressure modest,10.04,38.9,86.58,100.6281,0.3597,0.1622,0.2657,72.04,24.9,48.63,25.09,6.2,0.1778,8.02,39.51,87.42,0.5199,0.2161,29.16,Out To RF,91,Truist Park,
71,671277,Luis Garcia,NYY,LAA,2026-09-01T01:38:00Z,Scheduled,3,Walbert Ureña,700712,R,49.0,Longshot,Watch List,"Projected Lineup, Strong Barrel, Premium Lineup Spot, Platoon Edge, Hot Hitter/Streak",50.7,16.1,28.2,92.1,80.0,81.7,No,No,3,Yes,Yes,RotoWire projected lineup; MLB probable pitchers,lineup projected / unconfirmed,H:2026/2025 P:2026,,,Direct BvP not yet weighted; 2026/2025 Statcast baseline active,7,11,26,2,Hot streak: 2 HR in last 7 games,"platoon edge; pitcher baseline 5.1% barrel, 7.0 HR allowed",neutral batted-ball profile; pitcher fly-ball pressure modest,11.38,46.36,91.32,101.9777,0.4959,0.21,0.3502,73.66,39.41,41.71,22.4,24.4,0.2349,5.1,34.2,87.2,0.304,0.099,22.5,,,Angel Stadium,
72,671732,Lawrence Butler,ATH,TEX,2026-09-01T00:05:00Z,Scheduled,5,Jacob deGrom,594798,R,48.9,Longshot,Watch List,"Projected Lineup, Platoon Edge",35.3,48.4,27.6,81.9,80.0,56.6,No,No,5,Yes,Yes,RotoWire projected lineup; MLB probable pitchers,lineup projected / unconfirmed,H:2026/2025 P:2026/2025,,,Direct BvP not yet weighted; 2026/2025 Statcast baseline active,7,9,24,1,Contact streak: 9/24 over last 7 games,"platoon edge; pitcher baseline 8.7% barrel, 19.7 HR allowed",neutral batted-ball profile; pitcher fly-ball pressure modest,8.01,45.17,89.73,101.7615,0.3839,0.1472,0.3152,73.63,37.95,34.47,22.0,14.7,0.1511,8.67,43.72,90.31,0.3938,0.1616,29.46,,,Globe Life Field,
73,678246,Miguel Vargas,CWS,HOU,2026-09-01T00:10:00Z,Scheduled,3,Peter Lambert,663567,R,48.7,Longshot,Watch List,"Projected Lineup, Strong Barrel, Premium Lineup Spot",53.9,32.6,27.6,92.1,50.0,32.0,No,No,3,Yes,Yes,RotoWire projected lineup; MLB probable pitchers,lineup projected / unconfirmed,H:2026/2025 P:2026,,,Direct BvP not yet weighted; 2026/2025 Statcast baseline active,7,8,24,0,Contact streak: 8/24 over last 7 games,"same-side matchup; pitcher baseline 6.7% barrel, 13.0 HR allowed",fly-ball profile; pitcher allows elevated contact,12.76,44.49,90.4,100.5061,0.4854,0.227,0.368,72.91,33.09,44.07,35.17,25.1,0.2188,6.7,36.1,88.5,0.352,0.141,32.5,,,Daikin Park,
74,682987,Spencer Jones,NYY,LAA,2026-09-01T01:38:00Z,Scheduled,6,Walbert Ureña,700712,R,48.7,Longshot,Watch List,"Projected Lineup, Strong Barrel, Platoon Edge",67.6,16.1,28.2,71.7,80.0,21.5,No,No,6,Yes,Yes,RotoWire projected lineup; MLB probable pitchers,lineup projected / unconfirmed,H:2026 P:2026,,,Direct BvP not yet weighted; 2026/2025 Statcast baseline active,7,5,19,0,"Last 7 games: 5/19, 0 HR","platoon edge; pitcher baseline 5.1% barrel, 7.0 HR allowed",EV profile; pitcher fly-ball pressure modest,14.7,56.5,94.1,104.1874,0.456,0.218,0.329,77.5,75.3,33.0,34.9,7.0,0.18,5.1,34.2,87.2,0.304,0.099,22.5,,,Angel Stadium,
75,666182,Bo Bichette,NYM,TB,2026-08-31T22:40:00Z,Pre-Game,2,Ian Seymour,693855,L,48.6,Longshot,Watch List,"Projected Lineup, Premium Lineup Spot, Platoon Edge",32.7,41.0,41.1,95.5,78.0,29.2,No,Yes,2,Yes,Yes,RotoWire projected lineup; MLB probable pitchers,lineup projected / unconfirmed,H:2026/2025 P:2026/2025,,,Direct BvP not yet weighted; 2026/2025 Statcast baseline active,7,5,26,1,"Last 7 games: 5/26, 1 HR","platoon edge; pitcher baseline 8.8% barrel, 14.8 HR allowed",neutral batted-ball profile; pitcher fly-ball pressure modest,6.71,43.9,90.09,101.0652,0.4303,0.1482,0.332,69.66,13.16,26.0,23.16,15.2,0.1405,8.85,36.68,88.35,0.3907,0.1642,28.96,None,72,Tropicana Field,
76,702616,Jackson Holliday,BAL,COL,2026-09-01T00:40:00Z,Scheduled,1,Tanner Gordon,685299,R,48.5,Longshot,Watch List,"Projected Lineup, Premium Lineup Spot, Platoon Edge",24.0,60.4,38.7,88.7,80.0,13.0,No,No,1,Yes,Yes,RotoWire projected lineup; MLB probable pitchers,lineup projected / unconfirmed,H:2026/2025 P:2026/2025,,,Direct BvP not yet weighted; 2026/2025 Statcast baseline active,7,6,29,0,"Last 7 games: 6/29, 0 HR","platoon edge; pitcher baseline 10.2% barrel, 16.7 HR allowed",neutral batted-ball profile; pitcher allows elevated contact,6.61,36.04,87.61,98.0968,0.3725,0.1322,0.307,70.6,7.55,33.59,24.26,9.3,0.1232,10.24,42.25,90.8,0.4789,0.2097,33.88,,,Coors Field,
77,668227,Randy Arozarena,SEA,BOS,2026-08-31T22:45:00Z,Pre-Game,1,Payton Tolle,801139,L,48.3,Longshot,Watch List,"Premium Lineup Spot, Platoon Edge",38.6,28.2,51.7,93.2,78.0,19.9,Yes,Yes,1,Yes,No,MLB Stats API; RotoWire,,H:2026/2025 P:2026/2025,,,Direct BvP not yet weighted; 2026/2025 Statcast baseline active,7,3,23,1,"Last 7 games: 3/23, 1 HR","platoon edge; pitcher baseline 6.5% barrel, 11.3 HR allowed",neutral batted-ball profile; pitcher fly-ball pressure modest,8.7,44.37,90.81,100.9291,0.4128,0.1648,0.3389,71.32,24.8,33.98,24.24,22.1,0.1859,6.47,35.08,87.87,0.3497,0.1338,27.6,R To L,75,Fenway Park,
78,593428,Xander Bogaerts,SD,CIN,2026-08-31T22:40:00Z,Pre-Game,6,Brady Singer,663903,R,48.2,Longshot,Watch List,No major boost,28.9,52.0,69.8,76.2,50.0,10.6,Yes,Yes,6,Yes,No,MLB Stats API; RotoWire,,H:2026/2025 P:2026/2025,,,Direct BvP not yet weighted; 2026/2025 Statcast baseline active,7,4,21,0,"Last 7 games: 4/21, 0 HR","same-side matchup; pitcher baseline 9.5% barrel, 23.9 HR allowed",neutral batted-ball profile; pitcher fly-ball pressure modest,6.41,40.6,89.07,100.0688,0.3871,0.1348,0.3242,72.38,28.01,43.31,23.41,11.0,0.1112,9.47,41.4,90.65,0.4349,0.1723,27.28,R To L,92,Great American Ball Park,
79,669394,Jake Burger,TEX,ATH,2026-09-01T00:05:00Z,Scheduled,6,Gage Jump,695611,L,48.2,Longshot,Watch List,"Projected Lineup, Strong Barrel, Platoon Edge",50.8,31.0,27.6,71.7,78.0,56.2,No,No,6,Yes,Yes,RotoWire projected lineup; MLB probable pitchers,lineup projected / unconfirmed,H:2026/2025 P:2026,,,Direct BvP not yet weighted; 2026/2025 Statcast baseline active,7,6,24,2,Hot streak: 2 HR in last 7 games,"platoon edge; pitcher baseline 6.2% barrel, 9.0 HR allowed",neutral batted-ball profile; pitcher fly-ball pressure modest,12.36,47.38,90.26,102.7858,0.4346,0.1984,0.3149,75.44,58.42,41.74,28.04,20.9,0.1872,6.2,37.9,89.1,0.381,0.129,26.3,,,Globe Life Field,
80,668904,Royce Lewis,MIN,DET,2026-08-31T23:40:00Z,Pre-Game,7,Jackson Jobe,695549,R,47.9,Longshot,Watch List,Strong Barrel,40.6,43.3,67.1,64.3,50.0,10.8,Yes,Yes,7,Yes,No,MLB Stats API; RotoWire,,H:2026/2025 P:2026/2025,,,Direct BvP not yet weighted; 2026/2025 Statcast baseline active,7,5,26,0,"Last 7 games: 5/26, 0 HR","same-side matchup; pitcher baseline 9.2% barrel, 3.5 HR allowed",neutral batted-ball profile; pitcher fly-ball pressure modest,10.24,40.51,89.8,100.6541,0.4042,0.1628,0.3082,74.72,50.38,47.14,29.8,13.0,0.1594,9.19,41.48,88.61,0.4394,0.1764,22.68,Out To RF,86,Target Field,
81,665161,Jeremy Pena,HOU,CWS,2026-09-01T00:10:00Z,Scheduled,1,Anthony Kay,641743,L,47.9,Longshot,Watch List,"Projected Lineup, Premium Lineup Spot, Platoon Edge, Hot Hitter/Streak",31.4,41.2,27.6,88.7,78.0,82.0,No,No,1,Yes,Yes,RotoWire projected lineup; MLB probable pitchers,lineup projected / unconfirmed,H:2026/2025 P:2026,,,Direct BvP not yet weighted; 2026/2025 Statcast baseline active,7,9,30,3,Hot streak: 3 HR in last 7 games,"platoon edge; pitcher baseline 8.6% barrel, 18.0 HR allowed",neutral batted-ball profile; pitcher fly-ball pressure modest,6.94,40.45,88.48,99.9282,0.4271,0.1522,0.3326,72.23,14.62,45.92,24.08,17.0,0.1919,8.6,39.7,88.4,0.413,0.154,22.1,,,Daikin Park,
82,687637,Dylan Beavers,BAL,COL,2026-09-01T00:40:00Z,Scheduled,7,Tanner Gordon,685299,R,47.9,Longshot,Watch List,"Projected Lineup, Platoon Edge",32.6,60.4,38.7,59.8,80.0,24.9,No,No,7,Yes,Yes,RotoWire projected lineup; MLB probable pitchers,lineup projected / unconfirmed,H:2026/2025 P:2026/2025,,,Direct BvP not yet weighted; 2026/2025 Statcast baseline active,7,6,21,0,"Last 7 games: 6/21, 0 HR","platoon edge; pitcher baseline 10.2% barrel, 16.7 HR allowed",neutral batted-ball profile; pitcher allows elevated contact,8.18,35.98,88.52,99.2832,0.3884,0.1621,0.3188,72.41,21.4,40.39,31.74,5.4,0.1492,10.24,42.25,90.8,0.4789,0.2097,33.88,,,Coors Field,
83,680776,Jarren Duran,BOS,SEA,2026-08-31T22:45:00Z,Pre-Game,7,George Kirby,669923,R,47.8,Longshot,Watch List,Platoon Edge,39.0,39.6,51.7,64.3,80.0,28.9,Yes,Yes,7,Yes,No,MLB Stats API; RotoWire,,H:2026/2025 P:2026/2025,,,Direct BvP not yet weighted; 2026/2025 Statcast baseline active,7,4,21,1,"Last 7 games: 4/21, 1 HR","platoon edge; pitcher baseline 7.2% barrel, 16.4 HR allowed",neutral batted-ball profile; pitcher fly-ball pressure modest,9.63,42.46,90.4,102.0781,0.3932,0.1529,0.3071,74.98,50.03,38.62,22.93,17.4,0.1657,7.2,42.01,89.83,0.3969,0.1416,24.31,R To L,75,Fenway Park,
84,650402,Gleyber Torres,DET,MIN,2026-08-31T23:40:00Z,Pre-Game,1,Taj Bradley,671737,R,47.5,Longshot,Watch List,"Projected Lineup, Premium Lineup Spot",25.3,47.9,67.1,88.7,50.0,14.1,No,No,1,Yes,Yes,RotoWire projected lineup; MLB probable pitchers,lineup projected / unconfirmed,H:2026/2025 P:2026/2025,,,Direct BvP not yet weighted; 2026/2025 Statcast baseline active,7,6,28,0,"Last 7 games: 6/28, 0 HR","same-side matchup; pitcher baseline 8.8% barrel, 19.7 HR allowed",neutral batted-ball profile; pitcher fly-ball pressure modest,7.29,34.52,87.34,97.6904,0.399,0.1447,0.3357,68.7,5.96,26.48,27.8,10.4,0.1247,8.8,43.61,90.32,0.3854,0.1568,29.4,Out To RF,86,Target Field,
85,573262,Mike Yastrzemski,ATL,SF,2026-08-31T22:05:00Z,Pre-Game,9,Anthony Molina,683627,R,47.1,Longshot,Watch List,"Good Environment, Platoon Edge",35.0,46.4,72.4,44.8,80.0,2.0,Yes,No,7,Yes,Yes,MLB Stats API; RotoWire,RotoWire not confirmed; order MLB 9 vs RotoWire 7,H:2026/2025 P:2026/2025,,,Direct BvP not yet weighted; 2026/2025 Statcast baseline active,7,2,15,0,"Last 7 games: 2/15, 0 HR","platoon edge; pitcher baseline 8.0% barrel, 4.3 HR allowed",neutral batted-ball profile; pitcher fly-ball pressure modest,7.31,43.3,90.73,99.8953,0.3819,0.1463,0.315,71.31,8.16,45.27,30.7,11.4,0.1553,8.02,39.51,87.42,0.5199,0.2161,29.16,Out To RF,91,Truist Park,
86,695657,Colson Montgomery,CWS,HOU,2026-09-01T00:10:00Z,Scheduled,6,Peter Lambert,663567,R,47.1,Longshot,Watch List,"Projected Lineup, Strong Barrel, Platoon Edge",51.5,32.6,27.6,71.7,80.0,18.3,No,No,6,Yes,Yes,RotoWire projected lineup; MLB probable pitchers,lineup projected / unconfirmed,H:2026/2025 P:2026,,,Direct BvP not yet weighted; 2026/2025 Statcast baseline active,7,3,28,1,"Last 7 games: 3/28, 1 HR","platoon edge; pitcher baseline 6.7% barrel, 13.0 HR allowed",neutral batted-ball profile; pitcher allows elevated contact,12.96,42.68,88.98,101.8021,0.4338,0.2199,0.3123,76.65,69.6,48.67,33.72,25.9,0.2375,6.7,36.1,88.5,0.352,0.141,32.5,,,Daikin Park,
87,687263,Zach Neto,LAA,NYY,2026-09-01T01:38:00Z,Scheduled,1,Elmer Rodríguez,695684,R,47.0,Longshot,Watch List,"Projected Lineup, Strong Barrel, Premium Lineup Spot",48.5,27.6,28.2,88.7,50.0,65.2,No,No,1,Yes,Yes,RotoWire projected lineup; MLB probable pitchers,lineup projected / unconfirmed,H:2026/2025 P:2026,,,Direct BvP not yet weighted; 2026/2025 Statcast baseline active,7,9,29,2,Hot streak: 2 HR in last 7 games,"same-side matchup; pitcher baseline 6.9% barrel, 2.0 HR allowed",neutral batted-ball profile; pitcher fly-ball pressure modest,12.46,42.68,90.02,100.3336,0.432,0.2111,0.3174,71.33,14.18,47.2,34.89,23.9,0.203,6.9,36.1,87.6,0.394,0.133,22.2,,,Angel Stadium,
88,666126,Carlos Cortes,ATH,TEX,2026-09-01T00:05:00Z,Scheduled,4,Jacob deGrom,594798,R,46.9,Longshot,Watch List,"Projected Lineup, Premium Lineup Spot, Platoon Edge",29.5,48.4,27.6,90.4,80.0,30.3,No,No,4,Yes,Yes,RotoWire projected lineup; MLB probable pitchers,lineup projected / unconfirmed,H:2026/2025 P:2026/2025,,,Direct BvP not yet weighted; 2026/2025 Statcast baseline active,7,5,25,1,"Last 7 games: 5/25, 1 HR","platoon edge; pitcher baseline 8.7% barrel, 19.7 HR allowed",neutral batted-ball profile; pitcher fly-ball pressure modest,7.24,39.1,89.24,99.5453,0.3961,0.1434,0.3098,70.76,14.41,30.34,22.59,6.8,0.1696,8.67,43.72,90.31,0.3938,0.1616,29.46,,,Globe Life Field,
89,694671,Wyatt Langford,TEX,ATH,2026-09-01T00:05:00Z,Scheduled,3,Gage Jump,695611,L,46.8,Longshot,Watch List,"Projected Lineup, Premium Lineup Spot, Platoon Edge",38.5,31.0,27.6,92.1,78.0,52.5,No,No,3,Yes,Yes,RotoWire projected lineup; MLB probable pitchers,lineup projected / unconfirmed,H:2026/2025 P:2026,,,Direct BvP not yet weighted; 2026/2025 Statcast baseline active,7,8,23,1,Contact streak: 8/23 over last 7 games,"platoon edge; pitcher baseline 6.2% barrel, 9.0 HR allowed",neutral batted-ball profile; pitcher fly-ball pressure modest,8.96,41.4,89.86,100.7223,0.4088,0.1694,0.325,72.75,26.24,42.89,29.06,17.1,0.1963,6.2,37.9,89.1,0.381,0.129,26.3,,,Globe Life Field,
90,643217,Andrew Benintendi,CWS,HOU,2026-09-01T00:10:00Z,Scheduled,4,Peter Lambert,663567,R,46.5,Longshot,Watch List,"Projected Lineup, Premium Lineup Spot, Platoon Edge",37.6,32.6,27.6,90.4,80.0,46.5,No,No,4,Yes,Yes,RotoWire projected lineup; MLB probable pitchers,lineup projected / unconfirmed,H:2026/2025 P:2026,,,Direct BvP not yet weighted; 2026/2025 Statcast baseline active,7,8,26,1,"Last 7 games: 8/26, 1 HR","platoon edge; pitcher baseline 6.7% barrel, 13.0 HR allowed",neutral batted-ball profile; pitcher allows elevated contact,9.49,42.01,88.7,98.8096,0.4181,0.1753,0.3158,69.61,4.43,49.68,31.78,15.8,0.1861,6.7,36.1,88.5,0.352,0.141,32.5,,,Daikin Park,
91,682626,Francisco Alvarez,NYM,TB,2026-08-31T22:40:00Z,Pre-Game,9,Ian Seymour,693855,L,46.4,Longshot,Watch List,"Projected Lineup, Strong Barrel, Platoon Edge",53.2,41.0,41.1,40.2,78.0,3.4,No,Yes,9,Yes,Yes,RotoWire projected lineup; MLB probable pitchers,lineup projected / unconfirmed,H:2026/2025 P:2026/2025,,,Direct BvP not yet weighted; 2026/2025 Statcast baseline active,7,3,21,0,"Last 7 games: 3/21, 0 HR","platoon edge; pitcher baseline 8.8% barrel, 14.8 HR allowed",neutral batted-ball profile; pitcher fly-ball pressure modest,14.62,47.16,90.86,102.6214,0.4272,0.1989,0.3239,74.11,42.04,38.38,24.96,12.4,0.1728,8.85,36.68,88.35,0.3907,0.1642,28.96,None,72,Tropicana Field,
92,607043,Brandon Nimmo,TEX,ATH,2026-09-01T00:05:00Z,Scheduled,4,Gage Jump,695611,L,46.3,Longshot,Watch List,"Projected Lineup, Premium Lineup Spot",48.1,31.0,27.6,90.4,50.0,33.7,No,No,4,Yes,Yes,RotoWire projected lineup; MLB probable pitchers,lineup projected / unconfirmed,H:2026/2025 P:2026,,,Direct BvP not yet weighted; 2026/2025 Statcast baseline active,7,6,27,1,"Last 7 games: 6/27, 1 HR","same-side matchup; pitcher baseline 6.2% barrel, 9.0 HR allowed",EV profile; pitcher fly-ball pressure modest,9.78,50.41,92.11,102.1198,0.4561,0.1859,0.3448,72.27,27.6,32.82,26.19,17.3,0.1642,6.2,37.9,89.1,0.381,0.129,26.3,,,Globe Life Field,
93,572233,Christian Walker,HOU,CWS,2026-09-01T00:10:00Z,Scheduled,6,Anthony Kay,641743,L,46.2,Longshot,Watch List,"Projected Lineup, Strong Barrel, Platoon Edge",41.7,41.2,27.6,71.7,78.0,26.2,No,No,6,Yes,Yes,RotoWire projected lineup; MLB probable pitchers,lineup projected / unconfirmed,H:2026/2025 P:2026,,,Direct BvP not yet weighted; 2026/2025 Statcast baseline active,7,5,29,1,"Last 7 games: 5/29, 1 HR","platoon edge; pitcher baseline 8.6% barrel, 18.0 HR allowed",neutral batted-ball profile; pitcher fly-ball pressure modest,10.24,43.02,89.78,101.6345,0.4021,0.1736,0.307,74.31,43.69,42.27,27.37,24.9,0.197,8.6,39.7,88.4,0.413,0.154,22.1,,,Daikin Park,
94,645277,Ozzie Albies,ATL,SF,2026-08-31T22:05:00Z,Pre-Game,6,Anthony Molina,683627,R,46.1,Longshot,Watch List,"Good Environment, Platoon Edge",16.2,45.9,72.4,76.2,75.0,28.2,Yes,No,6,Yes,Yes,MLB Stats API; RotoWire,RotoWire not confirmed,H:2026/2025 P:2026/2025,,,Direct BvP not yet weighted; 2026/2025 Statcast baseline active,7,8,26,0,"Last 7 games: 8/26, 0 HR","switch hitter; pitcher baseline 8.0% barrel, 4.3 HR allowed",neutral batted-ball profile; pitcher fly-ball pressure modest,4.27,28.6,87.08,96.6428,0.3583,0.1237,0.2899,68.86,5.74,46.56,32.04,18.8,0.1488,8.02,39.51,87.42,0.5199,0.2161,29.16,Out To RF,91,Truist Park,
95,679822,Justin Foscue,TEX,ATH,2026-09-01T00:05:00Z,Scheduled,1,Gage Jump,695611,L,45.9,Longshot,Watch List,"Projected Lineup, Premium Lineup Spot, Platoon Edge",40.4,31.0,27.6,88.7,78.0,31.6,No,No,1,Yes,Yes,RotoWire projected lineup; MLB probable pitchers,lineup projected / unconfirmed,H:2026/2025 P:2026,,,Direct BvP not yet weighted; 2026/2025 Statcast baseline active,7,5,24,1,"Last 7 games: 5/24, 1 HR","platoon edge; pitcher baseline 6.2% barrel, 9.0 HR allowed",fly-ball profile; pitcher fly-ball pressure modest,7.56,48.57,90.34,99.494,0.3888,0.1733,0.2841,71.1,9.94,47.83,36.56,6.3,0.1873,6.2,37.9,89.1,0.381,0.129,26.3,,,Globe Life Field,
96,683737,Michael Busch,CHC,MIL,2026-08-31T23:40:00Z,Scheduled,4,Kyle Harrison,690986,L,45.8,Longshot,Watch List,"Projected Lineup, Strong Barrel, Premium Lineup Spot",45.0,34.2,29.8,90.4,50.0,23.4,No,No,4,Yes,Yes,RotoWire projected lineup; MLB probable pitchers,lineup projected / unconfirmed,H:2026/2025 P:2026/2025,,,Direct BvP not yet weighted; 2026/2025 Statcast baseline active,7,4,26,1,"Last 7 games: 4/26, 1 HR","same-side matchup; pitcher baseline 6.8% barrel, 11.0 HR allowed",fly-ball profile; pitcher fly-ball pressure modest,11.64,42.12,89.47,99.7206,0.4444,0.2048,0.3444,68.97,5.85,39.72,35.18,22.1,0.185,6.8,37.87,89.37,0.3698,0.1392,28.44,,,Wrigley Field,
97,672640,Otto Lopez,MIA,WSH,2026-08-31T22:45:00Z,Pre-Game,1,Will Dion,702021,L,45.7,Longshot,Watch List,"Projected Lineup, Premium Lineup Spot, Platoon Edge",30.4,25.6,53.7,88.7,78.0,41.7,No,No,1,Yes,Yes,RotoWire projected lineup; MLB probable pitchers,lineup projected / unconfirmed,H:2026/2025 P:2026,,,Direct BvP not yet weighted; 2026/2025 Statcast baseline active,7,8,29,1,"Last 7 games: 8/29, 1 HR","platoon edge; pitcher baseline 5.7% barrel, 6.0 HR allowed",neutral batted-ball profile; pitcher allows elevated contact,6.61,40.12,88.92,100.1887,0.427,0.1482,0.3265,71.7,22.67,32.93,22.43,11.5,0.1339,5.7,33.0,88.0,0.35,0.133,33.0,R To L,86,Nationals Park,
98,703607,Henry Bolte,ATH,TEX,2026-09-01T00:05:00Z,Scheduled,1,Jacob deGrom,594798,R,45.7,Longshot,Watch List,"Projected Lineup, Premium Lineup Spot",34.0,48.4,27.6,88.7,50.0,35.2,No,No,1,Yes,Yes,RotoWire projected lineup; MLB probable pitchers,lineup projected / unconfirmed,H:2026 P:2026/2025,,,Direct BvP not yet weighted; 2026/2025 Statcast baseline active,7,11,31,0,Contact streak: 11/31 over last 7 games,"same-side matchup; pitcher baseline 8.7% barrel, 19.7 HR allowed",neutral batted-ball profile; pitcher fly-ball pressure modest,6.7,47.7,90.9,104.3822,0.355,0.112,0.304,77.0,72.6,32.3,15.7,6.0,0.1,8.67,43.72,90.31,0.3938,0.1616,29.46,,,Globe Life Field,
99,701807,Carson Benge,NYM,TB,2026-08-31T22:40:00Z,Pre-Game,3,Ian Seymour,693855,L,45.6,Longshot,Watch List,"Projected Lineup, Premium Lineup Spot",33.1,41.0,41.1,92.1,50.0,26.4,No,Yes,3,Yes,Yes,RotoWire projected lineup; MLB probable pitchers,lineup projected / unconfirmed,H:2026 P:2026/2025,,,Direct BvP not yet weighted; 2026/2025 Statcast baseline active,7,8,27,0,"Last 7 games: 8/27, 0 HR","same-side matchup; pitcher baseline 8.8% barrel, 14.8 HR allowed",neutral batted-ball profile; pitcher fly-ball pressure modest,7.4,40.0,88.9,99.8211,0.438,0.158,0.339,71.0,17.4,32.9,27.4,16.0,0.145,8.85,36.68,88.35,0.3907,0.1642,28.96,None,72,Tropicana Field,
100,676724,Jared Young,NYM,TB,2026-08-31T22:40:00Z,Pre-Game,5,Ian Seymour,693855,L,45.6,Longshot,Watch List,Projected Lineup,38.7,41.0,41.1,81.9,50.0,18.0,No,Yes,5,Yes,Yes,RotoWire projected lineup; MLB probable pitchers,lineup projected / unconfirmed,H:2026/2025 P:2026/2025,,,Direct BvP not yet weighted; 2026/2025 Statcast baseline active,7,6,25,0,"Last 7 games: 6/25, 0 HR","same-side matchup; pitcher baseline 8.8% barrel, 14.8 HR allowed",neutral batted-ball profile; pitcher fly-ball pressure modest,9.33,42.73,88.17,100.6766,0.4126,0.1829,0.3065,73.37,33.04,40.07,27.51,6.8,0.2117,8.85,36.68,88.35,0.3907,0.1642,28.96,None,72,Tropicana Field,
101,680869,Zack Gelof,ATH,TEX,2026-09-01T00:05:00Z,Scheduled,3,Jacob deGrom,594798,R,45.6,Longshot,Watch List,"Projected Lineup, Premium Lineup Spot",36.3,48.4,27.6,92.1,50.0,9.8,No,No,3,Yes,Yes,RotoWire projected lineup; MLB probable pitchers,lineup projected / unconfirmed,H:2026/2025 P:2026/2025,,,Direct BvP not yet weighted; 2026/2025 Statcast baseline active,7,5,27,0,"Last 7 games: 5/27, 0 HR","same-side matchup; pitcher baseline 8.7% barrel, 19.7 HR allowed",neutral batted-ball profile; pitcher fly-ball pressure modest,9.21,43.56,88.52,99.5953,0.3634,0.1627,0.2771,73.22,27.92,38.83,27.38,10.4,0.1631,8.67,43.72,90.31,0.3938,0.1616,29.46,,,Globe Life Field,
102,805805,Walker Jenkins,MIN,DET,2026-08-31T23:40:00Z,Pre-Game,9,Jackson Jobe,695549,R,45.5,Longshot,Watch List,"Strong Barrel, Platoon Edge",32.8,43.3,67.1,44.8,80.0,15.3,Yes,Yes,9,Yes,No,MLB Stats API; RotoWire,,H:2026 P:2026/2025,,,Direct BvP not yet weighted; 2026/2025 Statcast baseline active,3,2,9,0,"Last 3 games: 2/9, 0 HR","platoon edge; pitcher baseline 9.2% barrel, 3.5 HR allowed",neutral batted-ball profile; pitcher fly-ball pressure modest,12.5,37.5,85.2,97.8083,0.372,0.156,0.294,71.8,23.5,62.5,25.0,0.0,0.111,9.19,41.48,88.61,0.4394,0.1764,22.68,Out To RF,86,Target Field,
103,808982,Jung Hoo Lee,SF,ATL,2026-08-31T22:05:00Z,Pre-Game,5,Bryce Elder,693821,R,45.3,Longshot,Watch List,"Good Environment, Platoon Edge",12.3,40.9,72.4,86.4,80.0,24.9,Yes,Yes,5,Yes,No,MLB Stats API; RotoWire,,H:2026/2025 P:2026/2025,,,Direct BvP not yet weighted; 2026/2025 Statcast baseline active,7,6,21,0,"Last 7 games: 6/21, 0 HR","platoon edge; pitcher baseline 6.7% barrel, 22.6 HR allowed",neutral batted-ball profile; pitcher fly-ball pressure modest,2.93,30.95,87.24,96.8401,0.3864,0.0982,0.3196,68.37,3.61,37.62,22.73,8.7,0.1347,6.68,40.93,89.93,0.4102,0.1547,26.22,Out To RF,91,Truist Park,
104,592885,Christian Yelich,MIL,CHC,2026-08-31T23:40:00Z,Scheduled,5,Clay Holmes,605280,R,45.3,Longshot,Watch List,"Projected Lineup, Strong Barrel, Platoon Edge",39.5,30.1,29.8,81.9,80.0,38.3,No,No,5,Yes,Yes,RotoWire projected lineup; MLB probable pitchers,lineup projected / unconfirmed,H:2026/2025 P:2026/2025,,,Direct BvP not yet weighted; 2026/2025 Statcast baseline active,7,9,24,0,Contact streak: 9/24 over last 7 games,"platoon edge; pitcher baseline 5.8% barrel, 7.0 HR allowed",neutral batted-ball profile; pitcher fly-ball pressure modest,10.3,44.02,89.29,101.0469,0.411,0.1716,0.3202,73.16,31.97,33.96,18.74,15.0,0.1572,5.82,42.16,89.56,0.3765,0.1241,19.39,,,Wrigley Field,
105,669003,Garrett Mitchell,MIL,CHC,2026-08-31T23:40:00Z,Scheduled,6,Clay Holmes,605280,R,45.1,Longshot,Watch List,"Projected Lineup, Strong Barrel, Platoon Edge",46.5,30.1,29.8,71.7,80.0,16.1,No,No,6,Yes,Yes,RotoWire projected lineup; MLB probable pitchers,lineup projected / unconfirmed,H:2026/2025 P:2026/2025,,,Direct BvP not yet weighted; 2026/2025 Statcast baseline active,7,5,22,0,"Last 7 games: 5/22, 0 HR","platoon edge; pitcher baseline 5.8% barrel, 7.0 HR allowed",EV profile; pitcher fly-ball pressure modest,10.41,48.64,92.15,103.6153,0.4089,0.1582,0.33,77.15,77.16,34.0,17.41,6.3,0.1321,5.82,42.16,89.56,0.3765,0.1241,19.39,,,Wrigley Field,
106,664023,Ian Happ,CHC,MIL,2026-08-31T23:40:00Z,Scheduled,7,Kyle Harrison,690986,L,45.1,Longshot,Watch List,"Projected Lineup, Strong Barrel, Platoon Edge",43.2,33.0,29.8,59.8,75.0,66.7,No,No,7,Yes,Yes,RotoWire projected lineup; MLB probable pitchers,lineup projected / unconfirmed,H:2026/2025 P:2026/2025,,,Direct BvP not yet weighted; 2026/2025 Statcast baseline active,7,8,25,2,Hot streak: 2 HR in last 7 games,"switch hitter; pitcher baseline 6.8% barrel, 11.0 HR allowed",neutral batted-ball profile; pitcher fly-ball pressure modest,10.96,42.37,89.37,100.7028,0.4136,0.1937,0.3246,71.81,18.29,44.61,31.83,23.0,0.1945,6.8,37.87,89.37,0.3698,0.1392,28.44,,,Wrigley Field,
107,643289,Mauricio Dubón,ATL,SF,2026-08-31T22:05:00Z,Pre-Game,4,Anthony Molina,683627,R,44.6,Longshot,Watch List,"Good Environment, Premium Lineup Spot",10.2,46.4,72.4,94.9,50.0,28.2,Yes,No,4,Yes,Yes,MLB Stats API; RotoWire,RotoWire not confirmed,H:2026/2025 P:2026/2025,,,Direct BvP not yet weighted; 2026/2025 Statcast baseline active,7,8,26,0,"Last 7 games: 8/26, 0 HR","same-side matchup; pitcher baseline 8.0% barrel, 4.3 HR allowed",neutral batted-ball profile; pitcher fly-ball pressure modest,3.02,28.82,85.97,96.2725,0.3632,0.1008,0.2976,68.8,3.68,31.4,25.58,9.1,0.1182,8.02,39.51,87.42,0.5199,0.2161,29.16,Out To RF,91,Truist Park,
108,680574,Matt McLain,CIN,SD,2026-08-31T22:40:00Z,Pre-Game,7,Michael King,650633,R,44.5,Longshot,Watch List,No major boost,33.2,40.0,69.8,64.3,50.0,0.0,Yes,Yes,7,Yes,No,MLB Stats API; RotoWire,,H:2026/2025 P:2026/2025,,,Direct BvP not yet weighted; 2026/2025 Statcast baseline active,7,2,26,0,"Last 7 games: 2/26, 0 HR","same-side matchup; pitcher baseline 9.3% barrel, 16.2 HR allowed",neutral batted-ball profile; pitcher fly-ball pressure modest,9.2,37.83,88.38,99.0073,0.375,0.1553,0.304,71.0,9.96,35.78,32.73,13.6,0.1426,9.3,33.55,87.1,0.4067,0.1709,27.75,R To L,92,Great American Ball Park,
109,807712,Luke Keaschall,MIN,DET,2026-08-31T23:40:00Z,Pre-Game,1,Jackson Jobe,695549,R,44.5,Longshot,Watch List,Premium Lineup Spot,13.3,43.3,67.1,93.2,50.0,41.7,Yes,Yes,1,Yes,No,MLB Stats API; RotoWire,,H:2026/2025 P:2026/2025,,,Direct BvP not yet weighted; 2026/2025 Statcast baseline active,7,8,29,1,"Last 7 games: 8/29, 1 HR","same-side matchup; pitcher baseline 9.2% barrel, 3.5 HR allowed",neutral batted-ball profile; pitcher fly-ball pressure modest,4.08,29.94,85.64,96.8406,0.3647,0.116,0.3163,68.64,7.52,37.91,27.74,7.5,0.1241,9.19,41.48,88.61,0.4394,0.1764,22.68,Out To RF,86,Target Field,
110,661388,William Contreras,MIL,CHC,2026-08-31T23:40:00Z,Scheduled,4,Clay Holmes,605280,R,44.4,Longshot,Watch List,"Projected Lineup, Premium Lineup Spot",38.3,30.1,29.8,90.4,50.0,57.2,No,No,4,Yes,Yes,RotoWire projected lineup; MLB probable pitchers,lineup projected / unconfirmed,H:2026/2025 P:2026/2025,,,Direct BvP not yet weighted; 2026/2025 Statcast baseline active,7,11,29,1,Contact streak: 11/29 over last 7 games,"same-side matchup; pitcher baseline 5.8% barrel, 7.0 HR allowed",neutral batted-ball profile; pitcher fly-ball pressure modest,7.45,45.21,90.4,101.5794,0.4266,0.1674,0.3336,73.34,36.09,36.11,24.15,14.2,0.1313,5.82,42.16,89.56,0.3765,0.1241,19.39,,,Wrigley Field,
111,678545,Osleivis Basabe,SF,ATL,2026-08-31T22:05:00Z,Pre-Game,6,Bryce Elder,693821,R,44.3,Longshot,Watch List,Good Environment,25.7,40.9,72.4,76.2,50.0,0.0,Yes,Yes,6,Yes,No,MLB Stats API; RotoWire,,H:2026 P:2026/2025,,,Direct BvP not yet weighted; 2026/2025 Statcast baseline active,7,2,20,0,"Last 7 games: 2/20, 0 HR","same-side matchup; pitcher baseline 6.7% barrel, 22.6 HR allowed",neutral batted-ball profile; pitcher fly-ball pressure modest,6.9,34.2,87.3,98.0764,0.352,0.126,0.27,73.3,30.9,39.7,34.2,3.0,0.125,6.68,40.93,89.93,0.4102,0.1547,26.22,Out To RF,91,Truist Park,
112,668930,Brice Turang,MIL,CHC,2026-08-31T23:40:00Z,Scheduled,1,Clay Holmes,605280,R,44.3,Longshot,Watch List,"Projected Lineup, Premium Lineup Spot, Platoon Edge",36.2,30.1,29.8,88.7,80.0,21.0,No,No,1,Yes,Yes,RotoWire projected lineup; MLB probable pitchers,lineup projected / unconfirmed,H:2026/2025 P:2026/2025,,,Direct BvP not yet weighted; 2026/2025 Statcast baseline active,7,4,29,1,"Last 7 games: 4/29, 1 HR","platoon edge; pitcher baseline 5.8% barrel, 7.0 HR allowed",neutral batted-ball profile; pitcher fly-ball pressure modest,7.72,43.13,90.47,100.371,0.4248,0.1698,0.3371,70.18,13.27,27.72,24.13,17.3,0.1652,5.82,42.16,89.56,0.3765,0.1241,19.39,,,Wrigley Field,
113,689414,Liam Hicks,TB,NYM,2026-08-31T22:40:00Z,Pre-Game,4,Robert Stock,476594,R,44.2,Longshot,Watch List,"Premium Lineup Spot, Platoon Edge",8.7,48.7,41.1,94.9,80.0,60.3,Yes,Yes,4,Yes,No,MLB Stats API; RotoWire,,H:2026/2025 P:2026/2025,,,Direct BvP not yet weighted; 2026/2025 Statcast baseline active,7,8,20,1,Contact streak: 8/20 over last 7 games,"platoon edge; pitcher baseline 9.3% barrel, 1.7 HR allowed",neutral batted-ball profile; pitcher allows elevated contact,3.88,27.91,84.81,96.2459,0.3535,0.1011,0.3171,68.03,3.72,41.82,24.29,13.7,0.1403,9.3,35.93,89.4,0.4946,0.2019,31.88,None,72,Tropicana Field,
114,701785,Kaelen Culpepper,MIN,DET,2026-08-31T23:40:00Z,Pre-Game,8,Jackson Jobe,695549,R,44.2,Longshot,Watch List,No major boost,27.9,43.3,67.1,52.4,50.0,54.3,Yes,Yes,8,Yes,No,MLB Stats API; RotoWire,,H:2026 P:2026/2025,,,Direct BvP not yet weighted; 2026/2025 Statcast baseline active,7,9,25,1,Contact streak: 9/25 over last 7 games,"same-side matchup; pitcher baseline 9.2% barrel, 3.5 HR allowed",neutral batted-ball profile; pitcher fly-ball pressure modest,6.0,31.4,87.9,97.6255,0.429,0.168,0.326,73.3,34.1,41.2,27.5,3.0,0.165,9.19,41.48,88.61,0.4394,0.1764,22.68,Out To RF,86,Target Field,
115,694249,Cole Carrigg,COL,BAL,2026-09-01T00:40:00Z,Scheduled,3,,,,43.9,Longshot,Watch List,"Projected Lineup, Premium Lineup Spot, Platoon Edge",23.6,40.2,38.7,92.1,75.0,21.0,No,No,3,Yes,Yes,RotoWire projected lineup; MLB probable pitchers,lineup projected / unconfirmed,H:2026 P:,,,Direct BvP not yet weighted; 2026/2025 Statcast baseline active,7,4,29,1,"Last 7 games: 4/29, 1 HR","switch hitter; pitcher baseline 0.0% barrel, 0.0 HR allowed",neutral batted-ball profile; pitcher fly-ball pressure modest,5.1,34.6,87.3,98.536,0.387,0.134,0.321,73.4,36.5,47.5,27.9,6.0,0.179,,,,,,,,,Coors Field,
116,650489,Willi Castro,COL,BAL,2026-09-01T00:40:00Z,Scheduled,6,,,,43.8,Longshot,Watch List,"Projected Lineup, Platoon Edge",30.3,40.2,38.7,71.7,75.0,30.3,No,No,6,Yes,Yes,RotoWire projected lineup; MLB probable pitchers,lineup projected / unconfirmed,H:2026/2025 P:,,,Direct BvP not yet weighted; 2026/2025 Statcast baseline active,7,5,25,1,"Last 7 games: 5/25, 1 HR","switch hitter; pitcher baseline 0.0% barrel, 0.0 HR allowed",neutral batted-ball profile; pitcher fly-ball pressure modest,7.62,39.19,87.33,100.1115,0.3855,0.1491,0.3095,72.51,25.9,42.6,29.92,13.8,0.1526,,,,,,,,,Coors Field,
117,656775,Cedric Mullins,TB,NYM,2026-08-31T22:40:00Z,Pre-Game,6,Robert Stock,476594,R,43.7,Longshot,Watch List,Platoon Edge,20.5,48.7,41.1,76.2,80.0,25.3,Yes,Yes,6,Yes,No,MLB Stats API; RotoWire,,H:2026/2025 P:2026/2025,,,Direct BvP not yet weighted; 2026/2025 Statcast baseline active,7,3,18,1,"Last 7 games: 3/18, 1 HR","platoon edge; pitcher baseline 9.3% barrel, 1.7 HR allowed",neutral batted-ball profile; pitcher allows elevated contact,4.8,33.24,88.17,97.9263,0.3157,0.1257,0.2666,70.96,9.15,45.25,32.15,14.9,0.1568,9.3,35.93,89.4,0.4946,0.2019,31.88,None,72,Tropicana Field,
118,701678,Hao-Yu Lee,DET,MIN,2026-08-31T23:40:00Z,Pre-Game,9,Taj Bradley,671737,R,43.7,Longshot,Watch List,Projected Lineup,35.3,47.9,67.1,40.2,50.0,6.0,No,No,9,Yes,Yes,RotoWire projected lineup; MLB probable pitchers,lineup projected / unconfirmed,H:2026 P:2026/2025,,,Direct BvP not yet weighted; 2026/2025 Statcast baseline active,7,4,25,0,"Last 7 games: 4/25, 0 HR","same-side matchup; pitcher baseline 8.8% barrel, 19.7 HR allowed",neutral batted-ball profile; pitcher fly-ball pressure modest,8.6,41.1,89.6,100.2399,0.401,0.161,0.302,71.5,21.7,29.2,25.9,7.0,0.145,8.8,43.61,90.32,0.3854,0.1568,29.4,Out To RF,86,Target Field,
119,663757,Trent Grisham,NYY,LAA,2026-09-01T01:38:00Z,Scheduled,1,Walbert Ureña,700712,R,43.5,Longshot,Watch List,"Projected Lineup, Strong Barrel, Premium Lineup Spot, Platoon Edge",47.9,16.1,28.2,88.7,80.0,0.0,No,No,1,Yes,Yes,RotoWire projected lineup; MLB probable pitchers,lineup projected / unconfirmed,H:2026/2025 P:2026,,,Direct BvP not yet weighted; 2026/2025 Statcast baseline active,7,1,23,0,"Last 7 games: 1/23, 0 HR","platoon edge; pitcher baseline 5.1% barrel, 7.0 HR allowed",neutral batted-ball profile; pitcher fly-ball pressure modest,11.12,45.7,90.75,100.7584,0.4518,0.2059,0.3476,70.79,9.51,45.7,31.33,22.8,0.201,5.1,34.2,87.2,0.304,0.099,22.5,,,Angel Stadium,
120,682663,Agustin Ramirez,MIA,WSH,2026-08-31T22:45:00Z,Pre-Game,4,Will Dion,702021,L,43.2,Longshot,Watch List,"Projected Lineup, Premium Lineup Spot, Platoon Edge",27.1,25.6,53.7,90.4,78.0,8.5,No,No,4,Yes,Yes,RotoWire projected lineup; MLB probable pitchers,lineup projected / unconfirmed,H:2026/2025 P:2026,,,Direct BvP not yet weighted; 2026/2025 Statcast baseline active,7,3,17,0,"Last 7 games: 3/17, 0 HR","platoon edge; pitcher baseline 5.7% barrel, 6.0 HR allowed",neutral batted-ball profile; pitcher allows elevated contact,5.61,41.89,89.75,102.188,0.3394,0.1098,0.2949,75.55,56.74,41.38,17.09,7.7,0.1232,5.7,33.0,88.0,0.35,0.133,33.0,R To L,86,Nationals Park,
121,662139,Daulton Varsho,HOU,CWS,2026-09-01T00:10:00Z,Scheduled,5,Anthony Kay,641743,L,43.2,Longshot,Watch List,Projected Lineup,35.2,41.2,27.6,81.9,50.0,31.4,No,No,5,Yes,Yes,RotoWire projected lineup; MLB probable pitchers,lineup projected / unconfirmed,H:2026/2025 P:2026,,,Direct BvP not yet weighted; 2026/2025 Statcast baseline active,7,6,29,1,"Last 7 games: 6/29, 1 HR","same-side matchup; pitcher baseline 8.6% barrel, 18.0 HR allowed",neutral batted-ball profile; pitcher fly-ball pressure modest,9.18,38.55,87.73,99.5409,0.3967,0.1655,0.2997,73.71,35.97,41.01,30.5,13.0,0.1861,8.6,39.7,88.4,0.413,0.154,22.1,,,Daikin Park,
122,608324,Alex Bregman,CHC,MIL,2026-08-31T23:40:00Z,Scheduled,3,Kyle Harrison,690986,L,43.0,Longshot,Watch List,"Projected Lineup, Premium Lineup Spot, Platoon Edge",26.8,34.2,29.8,92.1,78.0,31.4,No,No,3,Yes,Yes,RotoWire projected lineup; MLB probable pitchers,lineup projected / unconfirmed,H:2026/2025 P:2026/2025,,,Direct BvP not yet weighted; 2026/2025 Statcast baseline active,7,6,29,1,"Last 7 games: 6/29, 1 HR","platoon edge; pitcher baseline 6.8% barrel, 11.0 HR allowed",neutral batted-ball profile; pitcher fly-ball pressure modest,5.62,39.36,88.7,98.2823,0.3885,0.1418,0.3216,70.16,4.87,46.79,27.23,19.4,0.1736,6.8,37.87,89.37,0.3698,0.1392,28.44,,,Wrigley Field,
123,669016,Brandon Marsh,PHI,AZ,2026-09-01T01:40:00Z,Scheduled,7,Brandon Pfaadt,694297,R,42.9,Longshot,Watch List,"Projected Lineup, Platoon Edge",37.3,42.1,28.2,59.8,80.0,13.6,No,No,7,Yes,Yes,RotoWire projected lineup; MLB probable pitchers,lineup projected / unconfirmed,H:2026/2025 P:2026/2025,,,Direct BvP not yet weighted; 2026/2025 Statcast baseline active,7,4,19,0,"Last 7 games: 4/19, 0 HR","platoon edge; pitcher baseline 8.6% barrel, 16.2 HR allowed",neutral batted-ball profile; pitcher fly-ball pressure modest,8.4,44.65,89.84,100.1224,0.4187,0.1592,0.316,71.47,15.65,37.84,26.24,15.2,0.1574,8.59,37.89,89.05,0.4177,0.1638,23.41,,,Chase Field,
124,678882,Ceddanne Rafaela,BOS,SEA,2026-08-31T22:45:00Z,Pre-Game,3,George Kirby,669923,R,42.8,Longshot,Watch List,Premium Lineup Spot,21.8,39.6,51.7,96.6,50.0,6.2,Yes,Yes,3,Yes,No,MLB Stats API; RotoWire,,H:2026/2025 P:2026/2025,,,Direct BvP not yet weighted; 2026/2025 Statcast baseline active,7,5,31,0,"Last 7 games: 5/31, 0 HR","same-side matchup; pitcher baseline 7.2% barrel, 16.4 HR allowed",neutral batted-ball profile; pitcher fly-ball pressure modest,6.47,33.8,86.9,97.6786,0.3747,0.1292,0.2889,70.02,8.76,34.94,26.07,16.0,0.1643,7.2,42.01,89.83,0.3969,0.1416,24.31,R To L,75,Fenway Park,
125,703601,Max Clark,DET,MIN,2026-08-31T23:40:00Z,Pre-Game,8,Taj Bradley,671737,R,42.8,Longshot,Watch List,"Projected Lineup, Platoon Edge",17.5,47.9,67.1,47.9,80.0,31.9,No,No,8,Yes,Yes,RotoWire projected lineup; MLB probable pitchers,lineup projected / unconfirmed,H:2026 P:2026/2025,,,Direct BvP not yet weighted; 2026/2025 Statcast baseline active,7,4,19,1,"Last 7 games: 4/19, 1 HR","platoon edge; pitcher baseline 8.8% barrel, 19.7 HR allowed",neutral batted-ball profile; pitcher fly-ball pressure modest,1.3,38.7,86.5,97.7926,0.365,0.094,0.308,73.4,29.0,36.0,26.7,2.0,0.169,8.8,43.61,90.32,0.3854,0.1568,29.4,Out To RF,86,Target Field,
126,621493,Taylor Ward,SEA,BOS,2026-08-31T22:45:00Z,Pre-Game,6,Payton Tolle,801139,L,42.7,Longshot,Watch List,Platoon Edge,31.7,28.2,51.7,76.2,78.0,0.0,Yes,Yes,6,Yes,No,MLB Stats API; RotoWire,,H:2026/2025 P:2026/2025,,,Direct BvP not yet weighted; 2026/2025 Statcast baseline active,7,1,22,0,"Last 7 games: 1/22, 0 HR","platoon edge; pitcher baseline 6.5% barrel, 11.3 HR allowed",neutral batted-ball profile; pitcher fly-ball pressure modest,7.89,39.69,89.33,99.4583,0.3919,0.1525,0.3365,68.8,4.09,33.66,29.94,15.7,0.1378,6.47,35.08,87.87,0.3497,0.1338,27.6,R To L,75,Fenway Park,
127,687957,Dustin Harris,SD,CIN,2026-08-31T22:40:00Z,Pre-Game,7,Brady Singer,663903,R,42.6,Longshot,Watch List,Platoon Edge,3.8,52.0,69.8,64.3,80.0,45.0,Yes,Yes,7,Yes,No,MLB Stats API; RotoWire,,H:2026/2025 P:2026/2025,,,Direct BvP not yet weighted; 2026/2025 Statcast baseline active,7,8,17,0,Contact streak: 8/17 over last 7 games,"platoon edge; pitcher baseline 9.5% barrel, 23.9 HR allowed",neutral batted-ball profile; pitcher fly-ball pressure modest,1.11,20.37,85.43,95.0346,0.3457,0.0799,0.3045,66.54,2.31,53.1,21.77,0.3,0.0961,9.47,41.4,90.65,0.4349,0.1723,27.28,R To L,92,Great American Ball Park,
128,694208,Moises Ballesteros,LAA,NYY,2026-09-01T01:38:00Z,Scheduled,4,Elmer Rodríguez,695684,R,42.5,Longshot,Watch List,"Projected Lineup, Premium Lineup Spot, Platoon Edge",32.6,27.6,28.2,90.4,80.0,20.9,No,No,4,Yes,Yes,RotoWire projected lineup; MLB probable pitchers,lineup projected / unconfirmed,H:2026/2025 P:2026,,,Direct BvP not yet weighted; 2026/2025 Statcast baseline active,7,7,27,0,"Last 7 games: 7/27, 0 HR","platoon edge; pitcher baseline 6.9% barrel, 2.0 HR allowed",neutral batted-ball profile; pitcher fly-ball pressure modest,8.1,42.12,89.94,100.76,0.3783,0.1387,0.306,72.5,31.82,34.01,20.23,4.8,0.1305,6.9,36.1,87.6,0.394,0.133,22.2,,,Angel Stadium,
129,666624,Christopher Morel,NYM,TB,2026-08-31T22:40:00Z,Pre-Game,6,Ian Seymour,693855,L,42.0,Longshot,Watch List,"Projected Lineup, Platoon Edge",26.8,41.0,41.1,71.7,78.0,2.0,No,Yes,6,Yes,Yes,RotoWire projected lineup; MLB probable pitchers,lineup projected / unconfirmed,H:2026/2025 P:2026/2025,,,Direct BvP not yet weighted; 2026/2025 Statcast baseline active,7,2,15,0,"Last 7 games: 2/15, 0 HR","platoon edge; pitcher baseline 8.8% barrel, 14.8 HR allowed",neutral batted-ball profile; pitcher fly-ball pressure modest,5.84,43.47,89.0,101.2201,0.2891,0.0964,0.2473,76.07,60.47,53.85,27.62,3.3,0.0797,8.85,36.68,88.35,0.3907,0.1642,28.96,None,72,Tropicana Field,
130,643446,Jeff McNeil,ATH,TEX,2026-09-01T00:05:00Z,Scheduled,2,Jacob deGrom,594798,R,42.0,Longshot,Watch List,"Projected Lineup, Premium Lineup Spot, Platoon Edge",12.5,48.4,27.6,95.5,80.0,32.0,No,No,2,Yes,Yes,RotoWire projected lineup; MLB probable pitchers,lineup projected / unconfirmed,H:2026/2025 P:2026/2025,,,Direct BvP not yet weighted; 2026/2025 Statcast baseline active,7,10,30,0,Contact streak: 10/30 over last 7 games,"platoon edge; pitcher baseline 8.7% barrel, 19.7 HR allowed",neutral batted-ball profile; pitcher fly-ball pressure modest,2.72,31.08,86.78,96.6459,0.3775,0.102,0.3146,69.3,5.79,43.28,23.26,7.8,0.1176,8.67,43.72,90.31,0.3938,0.1616,29.46,,,Globe Life Field,
131,669134,Luis Campusano,SD,CIN,2026-08-31T22:40:00Z,Pre-Game,8,Brady Singer,663903,R,41.8,Longshot,Watch List,No major boost,21.3,52.0,69.8,52.4,50.0,0.0,Yes,Yes,8,Yes,No,MLB Stats API; RotoWire,,H:2026/2025 P:2026/2025,,,Direct BvP not yet weighted; 2026/2025 Statcast baseline active,7,1,18,0,"Last 7 games: 1/18, 0 HR","same-side matchup; pitcher baseline 9.5% barrel, 23.9 HR allowed",neutral batted-ball profile; pitcher fly-ball pressure modest,6.51,38.19,87.87,98.8068,0.2983,0.1071,0.2969,72.4,26.0,45.86,17.91,3.5,0.1246,9.47,41.4,90.65,0.4349,0.1723,27.28,R To L,92,Great American Ball Park,
132,686765,Nick Sogard,BOS,SEA,2026-08-31T22:45:00Z,Pre-Game,5,George Kirby,669923,R,41.7,Longshot,Watch List,Platoon Edge,14.2,37.9,51.7,86.4,75.0,26.2,Yes,Yes,5,Yes,No,MLB Stats API; RotoWire,,H:2026/2025 P:2026/2025,,,Direct BvP not yet weighted; 2026/2025 Statcast baseline active,7,5,29,1,"Last 7 games: 5/29, 1 HR","switch hitter; pitcher baseline 7.2% barrel, 16.4 HR allowed",neutral batted-ball profile; pitcher fly-ball pressure modest,5.18,30.08,86.07,96.7167,0.3582,0.1107,0.3132,68.71,3.26,45.73,23.81,2.1,0.1225,7.2,42.01,89.83,0.3969,0.1416,24.31,R To L,75,Fenway Park,
133,660688,Keibert Ruiz,WSH,MIA,2026-08-31T22:45:00Z,Pre-Game,8,Ryan Gusto,687473,R,41.7,Longshot,Watch List,Platoon Edge,15.7,45.5,53.7,52.4,75.0,68.7,Yes,Yes,8,Yes,No,MLB Stats API; RotoWire,,H:2026/2025 P:2026/2025,,,Direct BvP not yet weighted; 2026/2025 Statcast baseline active,7,8,24,2,Hot streak: 2 HR in last 7 games,"switch hitter; pitcher baseline 8.7% barrel, 10.7 HR allowed",neutral batted-ball profile; pitcher fly-ball pressure modest,3.95,34.75,87.6,97.5184,0.358,0.1073,0.2842,67.22,0.93,55.24,26.21,6.9,0.1403,8.66,44.44,89.83,0.4285,0.1655,25.49,R To L,86,Nationals Park,
134,664761,Alec Bohm,PHI,AZ,2026-09-01T01:40:00Z,Scheduled,5,Brandon Pfaadt,694297,R,41.6,Longshot,Watch List,Projected Lineup,31.4,42.1,28.2,81.9,50.0,18.0,No,No,5,Yes,Yes,RotoWire projected lineup; MLB probable pitchers,lineup projected / unconfirmed,H:2026/2025 P:2026/2025,,,Direct BvP not yet weighted; 2026/2025 Statcast baseline active,7,6,25,0,"Last 7 games: 6/25, 0 HR","same-side matchup; pitcher baseline 8.6% barrel, 16.2 HR allowed",neutral batted-ball profile; pitcher fly-ball pressure modest,5.78,43.6,90.52,100.2734,0.4067,0.1425,0.3205,71.21,14.56,28.63,22.65,13.1,0.1318,8.59,37.89,89.05,0.4177,0.1638,23.41,,,Chase Field,
135,681393,Connor Norby,COL,BAL,2026-09-01T00:40:00Z,Scheduled,7,,,,41.5,Longshot,Watch List,Projected Lineup,29.3,41.2,38.7,59.8,60.0,46.5,No,No,7,Yes,Yes,RotoWire projected lineup; MLB probable pitchers,lineup projected / unconfirmed,H:2026/2025 P:,,,Direct BvP not yet weighted; 2026/2025 Statcast baseline active,7,8,26,1,"Last 7 games: 8/26, 1 HR","handedness incomplete; pitcher baseline 0.0% barrel, 0.0 HR allowed",neutral batted-ball profile; pitcher fly-ball pressure modest,7.79,37.8,87.67,98.2851,0.3666,0.1487,0.3014,70.14,7.57,41.19,34.23,6.6,0.1366,,,,,,,,,Coors Field,
136,701358,Cam Smith,HOU,CWS,2026-09-01T00:10:00Z,Scheduled,8,Anthony Kay,641743,L,41.4,Longshot,Watch List,"Projected Lineup, Platoon Edge",41.3,41.2,27.6,47.9,78.0,0.0,No,No,8,Yes,Yes,RotoWire projected lineup; MLB probable pitchers,lineup projected / unconfirmed,H:2026/2025 P:2026,,,Direct BvP not yet weighted; 2026/2025 Statcast baseline active,7,1,18,0,"Last 7 games: 1/18, 0 HR","platoon edge; pitcher baseline 8.6% barrel, 18.0 HR allowed",neutral batted-ball profile; pitcher fly-ball pressure modest,9.84,43.39,88.88,101.5369,0.4117,0.1725,0.3159,76.74,68.11,37.63,25.21,14.6,0.157,8.6,39.7,88.4,0.413,0.154,22.1,,,Daikin Park,
137,607208,Trea Turner,PHI,AZ,2026-09-01T01:40:00Z,Scheduled,2,Brandon Pfaadt,694297,R,41.3,Longshot,Watch List,"Projected Lineup, Premium Lineup Spot",26.5,42.1,28.2,95.5,50.0,7.0,No,No,2,Yes,Yes,RotoWire projected lineup; MLB probable pitchers,lineup projected / unconfirmed,H:2026/2025 P:2026/2025,,,Direct BvP not yet weighted; 2026/2025 Statcast baseline active,7,5,30,0,"Last 7 games: 5/30, 0 HR","same-side matchup; pitcher baseline 8.6% barrel, 16.2 HR allowed",neutral batted-ball profile; pitcher fly-ball pressure modest,6.08,39.93,88.6,99.2618,0.3778,0.1267,0.3014,71.45,18.93,35.24,25.27,16.4,0.1425,8.59,37.89,89.05,0.4177,0.1638,23.41,,,Chase Field,
138,621438,Tyrone Taylor,CHC,MIL,2026-08-31T23:40:00Z,Scheduled,6,Kyle Harrison,690986,L,41.2,Longshot,Watch List,"Projected Lineup, Platoon Edge",27.9,34.2,29.8,71.7,78.0,45.0,No,No,6,Yes,Yes,RotoWire projected lineup; MLB probable pitchers,lineup projected / unconfirmed,H:2026/2025 P:2026/2025,,,Direct BvP not yet weighted; 2026/2025 Statcast baseline active,7,10,18,0,Contact streak: 10/18 over last 7 games,"platoon edge; pitcher baseline 6.8% barrel, 11.0 HR allowed",neutral batted-ball profile; pitcher fly-ball pressure modest,7.65,34.61,86.5,98.2991,0.4053,0.1567,0.3092,71.21,12.63,50.05,30.56,7.6,0.1856,6.8,37.87,89.37,0.3698,0.1392,28.44,,,Wrigley Field,
139,656716,Zach McKinstry,DET,MIN,2026-08-31T23:40:00Z,Pre-Game,6,Taj Bradley,671737,R,41.0,Longshot,Watch List,"Projected Lineup, Platoon Edge",6.8,47.9,67.1,71.7,80.0,0.0,No,No,6,Yes,Yes,RotoWire projected lineup; MLB probable pitchers,lineup projected / unconfirmed,H:2026/2025 P:2026/2025,,,Direct BvP not yet weighted; 2026/2025 Statcast baseline active,7,1,20,0,"Last 7 games: 1/20, 0 HR","platoon edge; pitcher baseline 8.8% barrel, 19.7 HR allowed",neutral batted-ball profile; pitcher fly-ball pressure modest,3.37,24.76,85.7,95.6757,0.3279,0.0914,0.291,67.92,4.0,40.54,27.02,6.4,0.1244,8.8,43.61,90.32,0.3854,0.1568,29.4,Out To RF,86,Target Field,
140,670623,Isaac Paredes,HOU,CWS,2026-09-01T00:10:00Z,Scheduled,3,Anthony Kay,641743,L,41.0,Longshot,Watch List,"Projected Lineup, Premium Lineup Spot, Platoon Edge",17.2,41.2,27.6,92.1,78.0,27.6,No,No,3,Yes,Yes,RotoWire projected lineup; MLB probable pitchers,lineup projected / unconfirmed,H:2026/2025 P:2026,,,Direct BvP not yet weighted; 2026/2025 Statcast baseline active,7,4,22,1,"Last 7 games: 4/22, 1 HR","platoon edge; pitcher baseline 8.6% barrel, 18.0 HR allowed",neutral batted-ball profile; pitcher fly-ball pressure modest,5.39,29.68,86.35,96.8588,0.3709,0.1285,0.3221,67.67,7.43,51.72,30.8,17.9,0.1739,8.6,39.7,88.4,0.413,0.154,22.1,,,Daikin Park,
141,691728,Zac Veen,COL,BAL,2026-09-01T00:40:00Z,Scheduled,8,,,,40.7,Longshot,Watch List,Projected Lineup,37.6,41.2,38.7,47.9,60.0,9.3,No,No,8,Yes,Yes,RotoWire projected lineup; MLB probable pitchers,lineup projected / unconfirmed,H:2026/2025 P:,,,Direct BvP not yet weighted; 2026/2025 Statcast baseline active,7,2,11,0,"Last 7 games: 2/11, 0 HR","handedness incomplete; pitcher baseline 0.0% barrel, 0.0 HR allowed",fly-ball profile; pitcher fly-ball pressure modest,9.76,37.84,89.36,101.4134,0.3338,0.169,0.262,71.63,20.77,50.53,43.47,1.7,0.1989,,,,,,,,,Coors Field,
142,678391,Jorbit Vivas,WSH,MIA,2026-08-31T22:45:00Z,Pre-Game,6,Ryan Gusto,687473,R,40.6,Longshot,Watch List,Platoon Edge,5.1,46.6,53.7,76.2,80.0,36.5,Yes,Yes,6,Yes,No,MLB Stats API; RotoWire,,H:2026/2025 P:2026/2025,,,Direct BvP not yet weighted; 2026/2025 Statcast baseline active,7,8,22,0,Contact streak: 8/22 over last 7 games,"platoon edge; pitcher baseline 8.7% barrel, 10.7 HR allowed",neutral batted-ball profile; pitcher fly-ball pressure modest,3.86,26.63,83.66,95.131,0.324,0.0799,0.3024,69.6,4.45,41.53,21.74,2.4,0.0862,8.66,44.44,89.83,0.4285,0.1655,25.49,R To L,86,Nationals Park,
143,514888,Jose Altuve,HOU,CWS,2026-09-01T00:10:00Z,Scheduled,4,Anthony Kay,641743,L,40.6,Longshot,Watch List,"Projected Lineup, Premium Lineup Spot, Platoon Edge",14.2,41.2,27.6,90.4,78.0,43.2,No,No,4,Yes,Yes,RotoWire projected lineup; MLB probable pitchers,lineup projected / unconfirmed,H:2026/2025 P:2026,,,Direct BvP not yet weighted; 2026/2025 Statcast baseline active,7,8,28,1,"Last 7 games: 8/28, 1 HR","platoon edge; pitcher baseline 8.6% barrel, 18.0 HR allowed",neutral batted-ball profile; pitcher fly-ball pressure modest,5.22,32.23,85.31,97.141,0.3441,0.1176,0.2825,69.14,10.13,45.64,21.95,17.6,0.1574,8.6,39.7,88.4,0.413,0.154,22.1,,,Daikin Park,
144,670770,TJ Friedl,CIN,SD,2026-08-31T22:40:00Z,Pre-Game,8,Michael King,650633,R,40.5,Longshot,Watch List,Platoon Edge,9.7,40.0,69.8,52.4,80.0,54.9,Yes,Yes,8,Yes,No,MLB Stats API; RotoWire,,H:2026/2025 P:2026/2025,,,Direct BvP not yet weighted; 2026/2025 Statcast baseline active,7,4,11,1,Contact streak: 4/11 over last 7 games,"platoon edge; pitcher baseline 9.3% barrel, 16.2 HR allowed",neutral batted-ball profile; pitcher fly-ball pressure modest,2.91,29.02,87.38,97.1522,0.2785,0.0809,0.2608,70.74,10.03,40.3,24.68,7.0,0.0974,9.3,33.55,87.1,0.4067,0.1709,27.75,R To L,92,Great American Ball Park,
145,681082,Bryson Stott,PHI,AZ,2026-09-01T01:40:00Z,Scheduled,6,Brandon Pfaadt,694297,R,40.5,Longshot,Watch List,"Projected Lineup, Platoon Edge",24.5,42.1,28.2,71.7,80.0,16.6,No,No,6,Yes,Yes,RotoWire projected lineup; MLB probable pitchers,lineup projected / unconfirmed,H:2026/2025 P:2026/2025,,,Direct BvP not yet weighted; 2026/2025 Statcast baseline active,7,6,26,0,"Last 7 games: 6/26, 0 HR","platoon edge; pitcher baseline 8.6% barrel, 16.2 HR allowed",neutral batted-ball profile; pitcher fly-ball pressure modest,5.52,35.59,88.72,98.4349,0.3951,0.1341,0.3228,69.72,6.68,34.73,27.59,10.2,0.1417,8.59,37.89,89.05,0.4177,0.1638,23.41,,,Chase Field,
146,823550,Sung-Mun Song,SD,CIN,2026-08-31T22:40:00Z,Pre-Game,9,Brady Singer,663903,R,40.3,Longshot,Watch List,Platoon Edge,11.9,52.0,69.8,44.8,80.0,0.0,Yes,Yes,9,Yes,No,MLB Stats API; RotoWire,,H:2026 P:2026/2025,,,Direct BvP not yet weighted; 2026/2025 Statcast baseline active,7,0,8,0,"Last 7 games: 0/8, 0 HR","platoon edge; pitcher baseline 9.5% barrel, 23.9 HR allowed",neutral batted-ball profile; pitcher fly-ball pressure modest,4.2,26.3,87.2,96.9545,0.27,0.088,0.257,72.1,14.6,38.9,27.4,1.0,0.061,9.47,41.4,90.65,0.4349,0.1723,27.28,R To L,92,Great American Ball Park,
147,677649,Ezequiel Duran,TEX,ATH,2026-09-01T00:05:00Z,Scheduled,5,Gage Jump,695611,L,40.3,Longshot,Watch List,"Projected Lineup, Platoon Edge",20.6,31.0,27.6,81.9,78.0,68.7,No,No,5,Yes,Yes,RotoWire projected lineup; MLB probable pitchers,lineup projected / unconfirmed,H:2026/2025 P:2026,,,Direct BvP not yet weighted; 2026/2025 Statcast baseline active,7,9,27,2,Hot streak: 2 HR in last 7 games,"platoon edge; pitcher baseline 6.2% barrel, 9.0 HR allowed",neutral batted-ball profile; pitcher fly-ball pressure modest,5.19,35.66,87.82,98.9049,0.3496,0.1153,0.2848,72.27,24.24,35.66,22.14,10.5,0.1446,6.2,37.9,89.1,0.381,0.129,26.3,,,Globe Life Field,
148,543760,Marcus Semien,NYM,TB,2026-08-31T22:40:00Z,Pre-Game,7,Ian Seymour,693855,L,40.2,Longshot,Watch List,"Projected Lineup, Platoon Edge",23.4,41.0,41.1,59.8,78.0,21.1,No,Yes,7,Yes,Yes,RotoWire projected lineup; MLB probable pitchers,lineup projected / unconfirmed,H:2026/2025 P:2026/2025,,,Direct BvP not yet weighted; 2026/2025 Statcast baseline active,7,6,23,0,"Last 7 games: 6/23, 0 HR","platoon edge; pitcher baseline 8.8% barrel, 14.8 HR allowed",neutral batted-ball profile; pitcher fly-ball pressure modest,6.45,33.53,87.04,97.4011,0.3901,0.1425,0.3103,68.5,3.13,47.05,31.09,14.3,0.1319,8.85,36.68,88.35,0.3907,0.1642,28.96,None,72,Tropicana Field,
149,665862,Jazz Chisholm,NYY,LAA,2026-09-01T01:38:00Z,Scheduled,7,Walbert Ureña,700712,R,40.2,Longshot,Watch List,"Projected Lineup, Strong Barrel, Platoon Edge",43.5,16.1,28.2,59.8,80.0,43.8,No,No,7,Yes,Yes,RotoWire projected lineup; MLB probable pitchers,lineup projected / unconfirmed,H:2026/2025 P:2026,,,Direct BvP not yet weighted; 2026/2025 Statcast baseline active,7,7,17,0,Contact streak: 7/17 over last 7 games,"platoon edge; pitcher baseline 5.1% barrel, 7.0 HR allowed",neutral batted-ball profile; pitcher fly-ball pressure modest,10.66,42.53,90.26,100.484,0.4033,0.1833,0.3096,73.34,33.65,50.86,30.54,21.9,0.1928,5.1,34.2,87.2,0.304,0.099,22.5,,,Angel Stadium,
150,664983,Jake McCarthy,COL,BAL,2026-09-01T00:40:00Z,Scheduled,1,,,,40.1,Longshot,Watch List,"Projected Lineup, Premium Lineup Spot",14.7,41.2,38.7,88.7,60.0,35.3,No,No,1,Yes,Yes,RotoWire projected lineup; MLB probable pitchers,lineup projected / unconfirmed,H:2026/2025 P:,,,Direct BvP not yet weighted; 2026/2025 Statcast baseline active,7,7,30,1,"Last 7 games: 7/30, 1 HR","handedness incomplete; pitcher baseline 0.0% barrel, 0.0 HR allowed",neutral batted-ball profile; pitcher fly-ball pressure modest,5.16,27.39,84.91,96.7042,0.3943,0.1301,0.3091,70.82,12.35,38.15,20.96,11.0,0.1725,,,,,,,,,Coors Field,
151,647304,Josh Naylor,SEA,BOS,2026-08-31T22:45:00Z,Pre-Game,5,Payton Tolle,801139,L,40.0,Longshot,Watch List,No major boost,23.0,28.2,51.7,86.4,50.0,26.4,Yes,Yes,5,Yes,No,MLB Stats API; RotoWire,,H:2026/2025 P:2026/2025,,,Direct BvP not yet weighted; 2026/2025 Statcast baseline active,7,8,27,0,"Last 7 games: 8/27, 0 HR","same-side matchup; pitcher baseline 6.5% barrel, 11.3 HR allowed",neutral batted-ball profile; pitcher fly-ball pressure modest,5.16,37.91,87.87,99.095,0.3984,0.1296,0.3194,70.41,11.75,42.06,22.43,13.0,0.118,6.47,35.08,87.87,0.3497,0.1338,27.6,R To L,75,Fenway Park,
152,596115,Trevor Story,BOS,SEA,2026-08-31T22:45:00Z,Pre-Game,8,George Kirby,669923,R,40.0,Longshot,Watch List,No major boost,26.6,39.6,51.7,52.4,50.0,42.3,Yes,Yes,8,Yes,No,MLB Stats API; RotoWire,,H:2026/2025 P:2026/2025,,,Direct BvP not yet weighted; 2026/2025 Statcast baseline active,7,7,25,1,"Last 7 games: 7/25, 1 HR","same-side matchup; pitcher baseline 7.2% barrel, 16.4 HR allowed",neutral batted-ball profile; pitcher fly-ball pressure modest,5.49,43.5,89.72,100.197,0.344,0.1205,0.2669,71.1,14.66,43.07,23.2,9.6,0.1217,7.2,42.01,89.83,0.3969,0.1416,24.31,R To L,75,Fenway Park,
153,641680,Jonah Heim,ATH,TEX,2026-09-01T00:05:00Z,Scheduled,7,Jacob deGrom,594798,R,40.0,Longshot,Watch List,"Projected Lineup, Platoon Edge",24.1,46.3,27.6,59.8,75.0,32.9,No,No,7,Yes,Yes,RotoWire projected lineup; MLB probable pitchers,lineup projected / unconfirmed,H:2026/2025 P:2026/2025,,,Direct BvP not yet weighted; 2026/2025 Statcast baseline active,7,5,23,1,"Last 7 games: 5/23, 1 HR","switch hitter; pitcher baseline 8.7% barrel, 19.7 HR allowed",neutral batted-ball profile; pitcher fly-ball pressure modest,6.66,33.8,87.89,97.9623,0.3677,0.1396,0.2907,69.84,9.45,40.63,27.62,11.7,0.1589,8.67,43.72,90.31,0.3938,0.1616,29.46,,,Globe Life Field,
154,696285,Jacob Young,WSH,MIA,2026-08-31T22:45:00Z,Pre-Game,7,Ryan Gusto,687473,R,39.8,Longshot,Watch List,No major boost,17.9,46.6,53.7,64.3,50.0,22.9,Yes,Yes,7,Yes,No,MLB Stats API; RotoWire,,H:2026/2025 P:2026/2025,,,Direct BvP not yet weighted; 2026/2025 Statcast baseline active,7,6,22,0,"Last 7 games: 6/22, 0 HR","same-side matchup; pitcher baseline 8.7% barrel, 10.7 HR allowed",neutral batted-ball profile; pitcher fly-ball pressure modest,4.91,32.31,87.74,97.9137,0.3745,0.1139,0.3117,69.21,2.09,35.63,24.21,7.6,0.1204,8.66,44.44,89.83,0.4285,0.1655,25.49,R To L,86,Nationals Park,
155,691777,Max Muncy,ATH,TEX,2026-09-01T00:05:00Z,Scheduled,9,Jacob deGrom,594798,R,39.8,Longshot,Watch List,"Projected Lineup, Strong Barrel",36.1,48.4,27.6,40.2,50.0,39.5,No,No,9,Yes,Yes,RotoWire projected lineup; MLB probable pitchers,lineup projected / unconfirmed,H:2026/2025 P:2026/2025,,,Direct BvP not yet weighted; 2026/2025 Statcast baseline active,7,6,23,1,"Last 7 games: 6/23, 1 HR","same-side matchup; pitcher baseline 8.7% barrel, 19.7 HR allowed",neutral batted-ball profile; pitcher fly-ball pressure modest,10.94,40.03,88.92,100.9081,0.3607,0.1479,0.2824,73.8,43.09,41.49,23.07,7.6,0.1594,8.67,43.72,90.31,0.3938,0.1616,29.46,,,Globe Life Field,
156,673237,Yainer Diaz,HOU,CWS,2026-09-01T00:10:00Z,Scheduled,9,Anthony Kay,641743,L,39.8,Longshot,Watch List,"Projected Lineup, Platoon Edge, Hot Hitter/Streak",28.8,41.2,27.6,40.2,78.0,71.2,No,No,9,Yes,Yes,RotoWire projected lineup; MLB probable pitchers,lineup projected / unconfirmed,H:2026/2025 P:2026,,,Direct BvP not yet weighted; 2026/2025 Statcast baseline active,7,7,20,2,Hot streak: 2 HR in last 7 games,"platoon edge; pitcher baseline 8.6% barrel, 18.0 HR allowed",neutral batted-ball profile; pitcher fly-ball pressure modest,6.73,37.58,88.57,99.5528,0.416,0.1508,0.3092,72.41,21.67,37.19,19.45,13.0,0.1582,8.6,39.7,88.4,0.413,0.154,22.1,,,Daikin Park,
157,668800,Andrew Knizner,SF,ATL,2026-08-31T22:05:00Z,Pre-Game,7,Bryce Elder,693821,R,39.7,Longshot,Watch List,Good Environment,11.2,40.9,72.4,64.3,50.0,35.6,Yes,Yes,7,Yes,No,MLB Stats API; RotoWire,,H:2026/2025 P:2026/2025,,,Direct BvP not yet weighted; 2026/2025 Statcast baseline active,7,4,17,1,"Last 7 games: 4/17, 1 HR","same-side matchup; pitcher baseline 6.7% barrel, 22.6 HR allowed",neutral batted-ball profile; pitcher fly-ball pressure modest,4.13,25.37,85.74,96.4187,0.3125,0.105,0.2773,70.25,7.75,30.82,32.72,1.0,0.1452,6.68,40.93,89.93,0.4102,0.1547,26.22,Out To RF,91,Truist Park,
158,641355,Cody Bellinger,NYY,LAA,2026-09-01T01:38:00Z,Scheduled,4,Walbert Ureña,700712,R,39.4,Longshot,Watch List,"Projected Lineup, Premium Lineup Spot, Platoon Edge",29.5,16.1,28.2,90.4,80.0,33.7,No,No,4,Yes,Yes,RotoWire projected lineup; MLB probable pitchers,lineup projected / unconfirmed,H:2026/2025 P:2026,,,Direct BvP not yet weighted; 2026/2025 Statcast baseline active,7,6,27,1,"Last 7 games: 6/27, 1 HR","platoon edge; pitcher baseline 5.1% barrel, 7.0 HR allowed",neutral batted-ball profile; pitcher fly-ball pressure modest,6.66,36.78,88.65,98.4488,0.4187,0.1519,0.3384,69.82,4.12,41.98,31.92,17.1,0.173,5.1,34.2,87.2,0.304,0.099,22.5,,,Angel Stadium,
159,666139,Josh Lowe,LAA,NYY,2026-09-01T01:38:00Z,Scheduled,6,Elmer Rodríguez,695684,R,39.3,Longshot,Watch List,"Projected Lineup, Platoon Edge",31.4,27.6,28.2,71.7,80.0,17.3,No,No,6,Yes,Yes,RotoWire projected lineup; MLB probable pitchers,lineup projected / unconfirmed,H:2026/2025 P:2026,,,Direct BvP not yet weighted; 2026/2025 Statcast baseline active,7,4,17,0,"Last 7 games: 4/17, 0 HR","platoon edge; pitcher baseline 6.9% barrel, 2.0 HR allowed",neutral batted-ball profile; pitcher fly-ball pressure modest,7.16,37.78,88.67,99.2127,0.3742,0.1527,0.2896,73.38,34.54,36.48,31.22,10.3,0.1446,6.9,36.1,87.6,0.394,0.133,22.2,,,Angel Stadium,
160,592663,J.T. Realmuto,PHI,AZ,2026-09-01T01:40:00Z,Scheduled,8,Brandon Pfaadt,694297,R,39.2,Longshot,Watch List,Projected Lineup,31.9,42.1,28.2,47.9,50.0,62.4,No,No,8,Yes,Yes,RotoWire projected lineup; MLB probable pitchers,lineup projected / unconfirmed,H:2026/2025 P:2026/2025,,,Direct BvP not yet weighted; 2026/2025 Statcast baseline active,7,7,24,2,Hot streak: 2 HR in last 7 games,"same-side matchup; pitcher baseline 8.6% barrel, 16.2 HR allowed",neutral batted-ball profile; pitcher fly-ball pressure modest,6.07,42.42,90.0,100.2477,0.4005,0.1412,0.323,72.77,31.1,42.51,25.52,10.6,0.1347,8.59,37.89,89.05,0.4177,0.1638,23.41,,,Chase Field,
161,802415,Chandler Simpson,TB,NYM,2026-08-31T22:40:00Z,Pre-Game,5,Robert Stock,476594,R,39.1,Longshot,Watch List,Platoon Edge,0.2,48.7,41.1,86.4,80.0,38.3,Yes,Yes,5,Yes,No,MLB Stats API; RotoWire,,H:2026/2025 P:2026/2025,,,Direct BvP not yet weighted; 2026/2025 Statcast baseline active,7,9,24,0,Contact streak: 9/24 over last 7 games,"platoon edge; pitcher baseline 9.3% barrel, 1.7 HR allowed",neutral batted-ball profile; pitcher allows elevated contact,0.0,14.36,83.95,92.834,0.3066,0.0382,0.2725,64.66,0.51,28.41,12.37,0.0,0.0528,9.3,35.93,89.4,0.4946,0.2019,31.88,None,72,Tropicana Field,
162,803011,Sam Antonacci,CWS,HOU,2026-09-01T00:10:00Z,Scheduled,1,Peter Lambert,663567,R,39.0,Longshot,Watch List,"Projected Lineup, Premium Lineup Spot, Platoon Edge",18.5,32.6,27.6,88.7,80.0,25.8,No,No,1,Yes,Yes,RotoWire projected lineup; MLB probable pitchers,lineup projected / unconfirmed,H:2026 P:2026,,,Direct BvP not yet weighted; 2026/2025 Statcast baseline active,7,7,24,0,"Last 7 games: 7/24, 0 HR","platoon edge; pitcher baseline 6.7% barrel, 13.0 HR allowed",neutral batted-ball profile; pitcher allows elevated contact,5.2,32.6,87.3,97.5553,0.39,0.117,0.341,69.9,8.2,32.8,21.9,8.0,0.125,6.7,36.1,88.5,0.352,0.141,32.5,,,Daikin Park,
163,678662,Ezequiel Tovar,COL,BAL,2026-09-01T00:40:00Z,Scheduled,9,,,,38.9,Longshot,Watch List,Projected Lineup,29.5,41.2,38.7,40.2,60.0,47.7,No,No,9,Yes,Yes,RotoWire projected lineup; MLB probable pitchers,lineup projected / unconfirmed,H:2026/2025 P:,,,Direct BvP not yet weighted; 2026/2025 Statcast baseline active,7,6,19,1,"Last 7 games: 6/19, 1 HR","handedness incomplete; pitcher baseline 0.0% barrel, 0.0 HR allowed",neutral batted-ball profile; pitcher fly-ball pressure modest,7.41,35.47,88.07,99.0776,0.3892,0.1541,0.291,71.95,20.68,37.75,29.92,9.7,0.1323,,,,,,,,,Coors Field,
164,695720,Tommy White,ATH,TEX,2026-09-01T00:05:00Z,Scheduled,6,Jacob deGrom,594798,R,38.5,Longshot,Watch List,Projected Lineup,22.1,48.4,27.6,71.7,50.0,18.2,No,No,6,Yes,Yes,RotoWire projected lineup; MLB probable pitchers,lineup projected / unconfirmed,H:2026 P:2026/2025,,,Direct BvP not yet weighted; 2026/2025 Statcast baseline active,7,7,29,0,"Last 7 games: 7/29, 0 HR","same-side matchup; pitcher baseline 8.7% barrel, 19.7 HR allowed",neutral batted-ball profile; pitcher fly-ball pressure modest,8.2,32.0,85.8,97.15,0.399,0.128,0.302,69.3,13.2,27.0,24.6,2.0,0.076,8.67,43.72,90.31,0.3938,0.1616,29.46,,,Globe Life Field,
165,695731,Braden Montgomery,CWS,HOU,2026-09-01T00:10:00Z,Scheduled,5,Peter Lambert,663567,R,37.9,Longshot,Watch List,"Projected Lineup, Platoon Edge",23.2,31.2,27.6,81.9,75.0,8.8,No,No,5,Yes,Yes,RotoWire projected lineup; MLB probable pitchers,lineup projected / unconfirmed,H:2026 P:2026,,,Direct BvP not yet weighted; 2026/2025 Statcast baseline active,7,5,28,0,"Last 7 games: 5/28, 0 HR","switch hitter; pitcher baseline 6.7% barrel, 13.0 HR allowed",neutral batted-ball profile; pitcher allows elevated contact,4.2,41.1,89.0,100.0039,0.381,0.131,0.321,69.8,8.6,36.5,19.8,5.0,0.132,6.7,36.1,88.5,0.352,0.141,32.5,,,Daikin Park,
166,681198,TJ Rumfield,COL,BAL,2026-09-01T00:40:00Z,Scheduled,5,,,,37.9,Longshot,Watch List,Projected Lineup,11.3,41.2,38.7,81.9,60.0,32.0,No,No,5,Yes,Yes,RotoWire projected lineup; MLB probable pitchers,lineup projected / unconfirmed,H:2026 P:,,,Direct BvP not yet weighted; 2026/2025 Statcast baseline active,7,7,21,0,Contact streak: 7/21 over last 7 games,"handedness incomplete; pitcher baseline 0.0% barrel, 0.0 HR allowed",neutral batted-ball profile; pitcher fly-ball pressure modest,4.3,27.7,84.1,96.0656,0.374,0.119,0.326,68.6,8.1,41.4,28.2,13.0,0.148,,,,,,,,,Coors Field,
167,687093,Vaughn Grissom,LAA,NYY,2026-09-01T01:38:00Z,Scheduled,5,Elmer Rodríguez,695684,R,37.7,Longshot,Watch List,Projected Lineup,25.9,27.6,28.2,81.9,50.0,47.5,No,No,5,Yes,Yes,RotoWire projected lineup; MLB probable pitchers,lineup projected / unconfirmed,H:2026 P:2026,,,Direct BvP not yet weighted; 2026/2025 Statcast baseline active,7,5,26,2,Hot streak: 2 HR in last 7 games,"same-side matchup; pitcher baseline 6.9% barrel, 2.0 HR allowed",neutral batted-ball profile; pitcher fly-ball pressure modest,6.7,37.3,87.8,99.0127,0.38,0.134,0.309,71.3,18.3,40.7,25.4,9.0,0.137,6.9,36.1,87.6,0.394,0.133,22.2,,,Angel Stadium,
168,805999,A.J. Ewing,NYM,TB,2026-08-31T22:40:00Z,Pre-Game,8,Ian Seymour,693855,L,37.5,Longshot,Watch List,Projected Lineup,30.4,41.0,41.1,47.9,50.0,4.2,No,Yes,8,Yes,Yes,RotoWire projected lineup; MLB probable pitchers,lineup projected / unconfirmed,H:2026 P:2026/2025,,,Direct BvP not yet weighted; 2026/2025 Statcast baseline active,7,4,27,0,"Last 7 games: 4/27, 0 HR","same-side matchup; pitcher baseline 8.8% barrel, 14.8 HR allowed",neutral batted-ball profile; pitcher fly-ball pressure modest,7.1,42.1,89.3,100.1976,0.391,0.139,0.315,70.4,12.1,31.1,24.8,7.0,0.114,8.85,36.68,88.35,0.3907,0.1642,28.96,None,72,Tropicana Field,
169,683766,Christian Koss,SF,ATL,2026-08-31T22:05:00Z,Pre-Game,9,Bryce Elder,693821,R,37.2,Longshot,Watch List,Good Environment,12.7,40.9,72.4,44.8,50.0,30.3,Yes,Yes,9,Yes,No,MLB Stats API; RotoWire,,H:2026/2025 P:2026/2025,,,Direct BvP not yet weighted; 2026/2025 Statcast baseline active,7,4,20,1,"Last 7 games: 4/20, 1 HR","same-side matchup; pitcher baseline 6.7% barrel, 22.6 HR allowed",neutral batted-ball profile; pitcher fly-ball pressure modest,5.93,31.01,85.92,97.9122,0.3103,0.0935,0.255,69.79,6.42,39.77,18.91,1.6,0.0781,6.68,40.93,89.93,0.4102,0.1547,26.22,Out To RF,91,Truist Park,
170,805300,Jakob Marsee,MIA,WSH,2026-08-31T22:45:00Z,Pre-Game,6,Will Dion,702021,L,37.1,Longshot,Watch List,Projected Lineup,19.9,25.6,53.7,71.7,50.0,36.0,No,No,6,Yes,Yes,RotoWire projected lineup; MLB probable pitchers,lineup projected / unconfirmed,H:2026/2025 P:2026,,,Direct BvP not yet weighted; 2026/2025 Statcast baseline active,7,5,21,1,"Last 7 games: 5/21, 1 HR","same-side matchup; pitcher baseline 5.7% barrel, 6.0 HR allowed",neutral batted-ball profile; pitcher allows elevated contact,4.81,36.78,87.71,98.5758,0.3531,0.1162,0.3162,70.43,6.0,41.86,23.89,7.1,0.1349,5.7,33.0,88.0,0.35,0.133,33.0,R To L,86,Nationals Park,
171,680700,Richie Palacios,TB,NYM,2026-08-31T22:40:00Z,Pre-Game,8,Robert Stock,476594,R,37.0,Longshot,Watch List,Platoon Edge,13.9,48.7,41.1,52.4,80.0,0.0,Yes,Yes,8,Yes,No,MLB Stats API; RotoWire,,H:2026/2025 P:2026/2025,,,Direct BvP not yet weighted; 2026/2025 Statcast baseline active,7,0,21,0,"Last 7 games: 0/21, 0 HR","platoon edge; pitcher baseline 9.3% barrel, 1.7 HR allowed",neutral batted-ball profile; pitcher allows elevated contact,4.22,32.34,87.17,96.9141,0.3604,0.0983,0.3187,68.77,3.59,35.76,21.61,3.8,0.1106,9.3,35.93,89.4,0.4946,0.2019,31.88,None,72,Tropicana Field,
172,650333,Luis Arraez,PHI,AZ,2026-09-01T01:40:00Z,Scheduled,4,Brandon Pfaadt,694297,R,37.0,Longshot,Watch List,"Projected Lineup, Premium Lineup Spot, Platoon Edge",7.2,42.1,28.2,90.4,80.0,9.3,No,No,4,Yes,Yes,RotoWire projected lineup; MLB probable pitchers,lineup projected / unconfirmed,H:2026/2025 P:2026/2025,,,Direct BvP not yet weighted; 2026/2025 Statcast baseline active,7,4,22,0,"Last 7 games: 4/22, 0 HR","platoon edge; pitcher baseline 8.6% barrel, 16.2 HR allowed",neutral batted-ball profile; pitcher fly-ball pressure modest,1.17,18.52,86.31,93.9195,0.3756,0.0865,0.3058,62.99,0.12,30.31,28.38,6.6,0.1112,8.59,37.89,89.05,0.4177,0.1638,23.41,,,Chase Field,
173,676356,Jonny DeLuca,TB,NYM,2026-08-31T22:40:00Z,Pre-Game,7,Robert Stock,476594,R,36.9,Longshot,Watch List,No major boost,11.2,48.7,41.1,64.3,50.0,37.8,Yes,Yes,7,Yes,No,MLB Stats API; RotoWire,,H:2026/2025 P:2026/2025,,,Direct BvP not yet weighted; 2026/2025 Statcast baseline active,7,7,28,1,"Last 7 games: 7/28, 1 HR","same-side matchup; pitcher baseline 9.3% barrel, 1.7 HR allowed",neutral batted-ball profile; pitcher allows elevated contact,3.21,30.12,85.67,97.3721,0.3381,0.0956,0.2677,72.82,28.8,45.95,22.41,6.3,0.1552,9.3,35.93,89.4,0.4946,0.2019,31.88,None,72,Tropicana Field,
174,553869,Elias Diaz,TEX,ATH,2026-09-01T00:05:00Z,Scheduled,8,Gage Jump,695611,L,36.9,Longshot,Watch List,"Projected Lineup, Platoon Edge",29.9,31.0,27.6,47.9,78.0,34.9,No,No,8,Yes,Yes,RotoWire projected lineup; MLB probable pitchers,lineup projected / unconfirmed,H:2026/2025 P:2026,,,Direct BvP not yet weighted; 2026/2025 Statcast baseline active,7,3,13,1,"Last 7 games: 3/13, 1 HR","platoon edge; pitcher baseline 6.2% barrel, 9.0 HR allowed",neutral batted-ball profile; pitcher fly-ball pressure modest,7.95,38.56,87.56,100.142,0.3557,0.1397,0.2715,74.27,43.51,37.51,28.22,6.9,0.1571,6.2,37.9,89.1,0.381,0.129,26.3,,,Globe Life Field,
175,642215,Weston Wilson,SEA,BOS,2026-08-31T22:45:00Z,Pre-Game,8,Payton Tolle,801139,L,36.8,Longshot,Watch List,Platoon Edge,23.0,28.2,51.7,52.4,78.0,5.7,Yes,Yes,8,Yes,No,MLB Stats API; RotoWire,,H:2026/2025 P:2026/2025,,,Direct BvP not yet weighted; 2026/2025 Statcast baseline active,7,3,19,0,"Last 7 games: 3/19, 0 HR","platoon edge; pitcher baseline 6.5% barrel, 11.3 HR allowed",neutral batted-ball profile; pitcher fly-ball pressure modest,6.87,36.59,86.46,98.6395,0.3276,0.1256,0.2789,72.57,26.33,46.71,26.76,4.3,0.1465,6.47,35.08,87.87,0.3497,0.1338,27.6,R To L,75,Fenway Park,
176,640459,Brian Navarreto,MIA,WSH,2026-08-31T22:45:00Z,Pre-Game,9,Will Dion,702021,L,36.8,Longshot,Watch List,"Projected Lineup, Strong Barrel, Platoon Edge",30.3,25.6,53.7,40.2,78.0,0.0,No,No,9,Yes,Yes,RotoWire projected lineup; MLB probable pitchers,lineup projected / unconfirmed,H:2026/2025 P:2026,,,Direct BvP not yet weighted; 2026/2025 Statcast baseline active,7,0,10,0,"Last 7 games: 0/10, 0 HR","platoon edge; pitcher baseline 5.7% barrel, 6.0 HR allowed",neutral batted-ball profile; pitcher allows elevated contact,12.89,33.45,88.26,98.0913,0.2755,0.1155,0.2276,73.07,26.18,55.15,20.77,1.0,0.1827,5.7,33.0,88.0,0.35,0.133,33.0,R To L,86,Nationals Park,
177,669224,Austin Wells,NYY,LAA,2026-09-01T01:38:00Z,Scheduled,8,Walbert Ureña,700712,R,36.8,Longshot,Watch List,"Projected Lineup, Platoon Edge",36.1,16.1,28.2,47.9,80.0,58.1,No,No,8,Yes,Yes,RotoWire projected lineup; MLB probable pitchers,lineup projected / unconfirmed,H:2026/2025 P:2026,,,Direct BvP not yet weighted; 2026/2025 Statcast baseline active,7,5,19,2,Hot streak: 2 HR in last 7 games,"platoon edge; pitcher baseline 5.1% barrel, 7.0 HR allowed",neutral batted-ball profile; pitcher fly-ball pressure modest,7.68,43.38,89.62,100.6818,0.3682,0.157,0.2919,72.98,27.95,46.17,33.21,13.3,0.1575,5.1,34.2,87.2,0.304,0.099,22.5,,,Angel Stadium,
178,702284,Cole Young,SEA,BOS,2026-08-31T22:45:00Z,Pre-Game,7,Payton Tolle,801139,L,36.6,Longshot,Watch List,No major boost,23.1,28.2,51.7,64.3,50.0,18.3,Yes,Yes,7,Yes,No,MLB Stats API; RotoWire,,H:2026/2025 P:2026/2025,,,Direct BvP not yet weighted; 2026/2025 Statcast baseline active,7,2,25,1,"Last 7 games: 2/25, 1 HR","same-side matchup; pitcher baseline 6.5% barrel, 11.3 HR allowed",neutral batted-ball profile; pitcher fly-ball pressure modest,4.97,35.72,88.16,98.8315,0.3802,0.1296,0.3096,71.44,21.51,42.19,26.66,12.4,0.1269,6.47,35.08,87.87,0.3497,0.1338,27.6,R To L,75,Fenway Park,
179,622268,Donovan Walton,ATH,TEX,2026-09-01T00:05:00Z,Scheduled,8,Jacob deGrom,594798,R,36.2,Longshot,Watch List,"Projected Lineup, Platoon Edge",15.1,48.4,27.6,47.9,80.0,31.9,No,No,8,Yes,Yes,RotoWire projected lineup; MLB probable pitchers,lineup projected / unconfirmed,H:2026/2025 P:2026/2025,,,Direct BvP not yet weighted; 2026/2025 Statcast baseline active,7,4,19,1,"Last 7 games: 4/19, 1 HR","platoon edge; pitcher baseline 8.7% barrel, 19.7 HR allowed",neutral batted-ball profile; pitcher fly-ball pressure modest,3.01,35.12,88.96,97.6285,0.3625,0.1005,0.3104,67.78,0.42,36.72,20.97,2.8,0.1092,8.67,43.72,90.31,0.3938,0.1616,29.46,,,Globe Life Field,
180,669364,Xavier Edwards,MIA,WSH,2026-08-31T22:45:00Z,Pre-Game,5,Will Dion,702021,L,35.9,Longshot,Watch List,"Projected Lineup, Platoon Edge",8.8,24.9,53.7,81.9,75.0,15.3,No,No,5,Yes,Yes,RotoWire projected lineup; MLB probable pitchers,lineup projected / unconfirmed,H:2026/2025 P:2026,,,Direct BvP not yet weighted; 2026/2025 Statcast baseline active,7,6,27,0,"Last 7 games: 6/27, 0 HR","switch hitter; pitcher baseline 5.7% barrel, 6.0 HR allowed",neutral batted-ball profile; pitcher allows elevated contact,2.48,28.91,86.73,96.5862,0.3516,0.09,0.3076,67.95,2.47,28.59,21.98,5.1,0.0868,5.7,33.0,88.0,0.35,0.133,33.0,R To L,86,Nationals Park,
181,695490,Edwin Arroyo,CIN,SD,2026-08-31T22:40:00Z,Pre-Game,9,Michael King,650633,R,35.7,Longshot,Watch List,Platoon Edge,9.0,38.2,69.8,44.8,75.0,2.5,Yes,Yes,9,Yes,No,MLB Stats API; RotoWire,,H:2026 P:2026/2025,,,Direct BvP not yet weighted; 2026/2025 Statcast baseline active,7,3,22,0,"Last 7 games: 3/22, 0 HR","switch hitter; pitcher baseline 9.3% barrel, 16.2 HR allowed",neutral batted-ball profile; pitcher fly-ball pressure modest,2.9,26.4,87.6,95.9205,0.366,0.082,0.304,69.2,5.0,41.5,19.8,0.0,0.037,9.3,33.55,87.1,0.4067,0.1709,27.75,R To L,92,Great American Ball Park,
182,671976,Tristan Peters,CWS,HOU,2026-09-01T00:10:00Z,Scheduled,8,Peter Lambert,663567,R,35.6,Longshot,Watch List,"Projected Lineup, Platoon Edge, Hot Hitter/Streak",14.3,32.6,27.6,47.9,80.0,100.0,No,No,8,Yes,Yes,RotoWire projected lineup; MLB probable pitchers,lineup projected / unconfirmed,H:2026/2025 P:2026,,,Direct BvP not yet weighted; 2026/2025 Statcast baseline active,7,11,25,4,Hot streak: 4 HR in last 7 games,"platoon edge; pitcher baseline 6.7% barrel, 13.0 HR allowed",neutral batted-ball profile; pitcher allows elevated contact,3.99,34.96,87.22,98.0643,0.3292,0.1057,0.2649,69.23,5.6,41.7,19.39,8.4,0.1309,6.7,36.1,88.5,0.352,0.141,32.5,,,Daikin Park,
183,801501,Nate Furman,SF,ATL,2026-08-31T22:05:00Z,Pre-Game,8,Bryce Elder,693821,R,35.3,Longshot,Watch List,"Good Environment, Platoon Edge",0.2,40.9,72.4,52.4,80.0,0.0,Yes,Yes,8,Yes,No,MLB Stats API; RotoWire,,H:2026 P:2026/2025,,,Direct BvP not yet weighted; 2026/2025 Statcast baseline active,7,1,11,0,"Last 7 games: 1/11, 0 HR","platoon edge; pitcher baseline 6.7% barrel, 22.6 HR allowed",neutral batted-ball profile; pitcher fly-ball pressure modest,0.0,25.0,84.0,94.5239,0.203,0.032,0.247,66.3,0.0,41.7,16.7,0.0,0.0,6.68,40.93,89.93,0.4102,0.1547,26.22,Out To RF,91,Truist Park,
184,657136,Connor Wong,BOS,SEA,2026-08-31T22:45:00Z,Pre-Game,9,George Kirby,669923,R,35.3,Longshot,Watch List,No major boost,16.5,39.6,51.7,44.8,50.0,36.3,Yes,Yes,9,Yes,No,MLB Stats API; RotoWire,,H:2026/2025 P:2026/2025,,,Direct BvP not yet weighted; 2026/2025 Statcast baseline active,7,6,25,1,"Last 7 games: 6/25, 1 HR","same-side matchup; pitcher baseline 7.2% barrel, 16.4 HR allowed",neutral batted-ball profile; pitcher fly-ball pressure modest,4.5,35.2,86.06,98.9283,0.33,0.1062,0.2856,72.79,27.96,40.8,23.49,2.8,0.1026,7.2,42.01,89.83,0.3969,0.1416,24.31,R To L,75,Fenway Park,
185,685133,Wade Meckler,LAA,NYY,2026-09-01T01:38:00Z,Scheduled,3,Elmer Rodríguez,695684,R,35.3,Longshot,Watch List,"Projected Lineup, Premium Lineup Spot, Platoon Edge",10.9,27.6,28.2,92.1,80.0,16.1,No,No,3,Yes,Yes,RotoWire projected lineup; MLB probable pitchers,lineup projected / unconfirmed,H:2026 P:2026,,,Direct BvP not yet weighted; 2026/2025 Statcast baseline active,7,5,22,0,"Last 7 games: 5/22, 0 HR","platoon edge; pitcher baseline 6.9% barrel, 2.0 HR allowed",neutral batted-ball profile; pitcher fly-ball pressure modest,3.0,31.9,86.7,96.6132,0.351,0.099,0.307,68.9,2.3,33.7,18.1,3.0,0.093,6.9,36.1,87.6,0.394,0.133,22.2,,,Angel Stadium,
186,695681,Christian Moore,LAA,NYY,2026-09-01T01:38:00Z,Scheduled,7,Elmer Rodríguez,695684,R,35.0,Longshot,Watch List,"Projected Lineup, Strong Barrel",30.4,27.6,28.2,59.8,50.0,25.3,No,No,7,Yes,Yes,RotoWire projected lineup; MLB probable pitchers,lineup projected / unconfirmed,H:2026/2025 P:2026,,,Direct BvP not yet weighted; 2026/2025 Statcast baseline active,7,4,24,1,"Last 7 games: 4/24, 1 HR","same-side matchup; pitcher baseline 6.9% barrel, 2.0 HR allowed",neutral batted-ball profile; pitcher fly-ball pressure modest,11.73,34.2,88.34,98.9393,0.3093,0.1175,0.2652,72.98,29.0,26.64,26.03,2.8,0.1097,6.9,36.1,87.6,0.394,0.133,22.2,,,Angel Stadium,
187,663538,Nico Hoerner,CHC,MIL,2026-08-31T23:40:00Z,Scheduled,5,Kyle Harrison,690986,L,34.9,Longshot,Watch List,"Projected Lineup, Platoon Edge",8.5,34.2,29.8,81.9,78.0,19.5,No,No,5,Yes,Yes,RotoWire projected lineup; MLB probable pitchers,lineup projected / unconfirmed,H:2026/2025 P:2026/2025,,,Direct BvP not yet weighted; 2026/2025 Statcast baseline active,7,7,28,0,"Last 7 games: 7/28, 0 HR","platoon edge; pitcher baseline 6.8% barrel, 11.0 HR allowed",neutral batted-ball profile; pitcher fly-ball pressure modest,1.56,28.83,86.14,96.2492,0.3805,0.0829,0.3234,68.33,1.76,32.59,21.63,7.0,0.0942,6.8,37.87,89.37,0.3698,0.1392,28.44,,,Wrigley Field,
188,702332,Caleb Durbin,BOS,SEA,2026-08-31T22:45:00Z,Pre-Game,6,George Kirby,669923,R,34.3,Longshot,Watch List,No major boost,4.1,39.6,51.7,76.2,50.0,10.6,Yes,Yes,6,Yes,No,MLB Stats API; RotoWire,,H:2026/2025 P:2026/2025,,,Direct BvP not yet weighted; 2026/2025 Statcast baseline active,7,4,21,0,"Last 7 games: 4/21, 0 HR","same-side matchup; pitcher baseline 7.2% barrel, 16.4 HR allowed",neutral batted-ball profile; pitcher fly-ball pressure modest,3.09,26.2,84.08,95.6874,0.3319,0.0902,0.2945,68.88,5.09,40.18,20.17,11.7,0.1352,7.2,42.01,89.83,0.3969,0.1416,24.31,R To L,75,Fenway Park,
189,665804,Miguel Amaya,CHC,MIL,2026-08-31T23:40:00Z,Scheduled,9,Kyle Harrison,690986,L,34.1,Longshot,Watch List,"Projected Lineup, Platoon Edge",23.7,34.2,29.8,40.2,78.0,19.1,No,No,9,Yes,Yes,RotoWire projected lineup; MLB probable pitchers,lineup projected / unconfirmed,H:2026/2025 P:2026/2025,,,Direct BvP not yet weighted; 2026/2025 Statcast baseline active,7,2,16,1,"Last 7 games: 2/16, 1 HR","platoon edge; pitcher baseline 6.8% barrel, 11.0 HR allowed",neutral batted-ball profile; pitcher fly-ball pressure modest,6.81,34.44,87.24,97.7323,0.3405,0.1266,0.2901,71.01,13.94,40.52,32.44,4.7,0.1553,6.8,37.87,89.37,0.3698,0.1392,28.44,,,Wrigley Field,
190,664774,LaMonte Wade,HOU,CWS,2026-09-01T00:10:00Z,Scheduled,7,Anthony Kay,641743,L,34.0,Longshot,Watch List,Projected Lineup,18.5,41.2,27.6,59.8,50.0,19.1,No,No,7,Yes,Yes,RotoWire projected lineup; MLB probable pitchers,lineup projected / unconfirmed,H:2026/2025 P:2026,,,Direct BvP not yet weighted; 2026/2025 Statcast baseline active,7,2,16,1,"Last 7 games: 2/16, 1 HR","same-side matchup; pitcher baseline 8.6% barrel, 18.0 HR allowed",neutral batted-ball profile; pitcher fly-ball pressure modest,4.29,35.16,87.81,98.3618,0.314,0.1146,0.2873,70.77,7.66,36.72,29.08,2.7,0.1241,8.6,39.7,88.4,0.413,0.154,22.1,,,Daikin Park,
191,691594,Javier Sanoja,MIA,WSH,2026-08-31T22:45:00Z,Pre-Game,7,Will Dion,702021,L,33.8,Longshot,Watch List,"Projected Lineup, Platoon Edge",9.6,25.6,53.7,59.8,78.0,20.9,No,No,7,Yes,Yes,RotoWire projected lineup; MLB probable pitchers,lineup projected / unconfirmed,H:2026/2025 P:2026,,,Direct BvP not yet weighted; 2026/2025 Statcast baseline active,7,7,27,0,"Last 7 games: 7/27, 0 HR","platoon edge; pitcher baseline 5.7% barrel, 6.0 HR allowed",neutral batted-ball profile; pitcher allows elevated contact,2.01,31.71,87.31,97.3404,0.3343,0.0788,0.2806,68.86,6.53,37.45,19.25,6.0,0.1432,5.7,33.0,88.0,0.35,0.133,33.0,R To L,86,Nationals Park,
192,665923,Esteury Ruiz,MIA,WSH,2026-08-31T22:45:00Z,Pre-Game,8,Will Dion,702021,L,33.6,Longshot,Watch List,"Projected Lineup, Platoon Edge",17.3,25.6,53.7,47.9,78.0,0.0,No,No,8,Yes,Yes,RotoWire projected lineup; MLB probable pitchers,lineup projected / unconfirmed,H:2026/2025 P:2026,,,Direct BvP not yet weighted; 2026/2025 Statcast baseline active,7,1,14,0,"Last 7 games: 1/14, 0 HR","platoon edge; pitcher baseline 5.7% barrel, 6.0 HR allowed",neutral batted-ball profile; pitcher allows elevated contact,7.77,26.67,84.37,96.2164,0.3223,0.1379,0.2854,71.31,17.68,44.03,25.97,4.5,0.171,5.7,33.0,88.0,0.35,0.133,33.0,R To L,86,Nationals Park,
193,807713,Matt Shaw,CHC,MIL,2026-08-31T23:40:00Z,Scheduled,8,Kyle Harrison,690986,L,33.4,Longshot,Watch List,"Projected Lineup, Platoon Edge",17.5,34.2,29.8,47.9,78.0,24.9,No,No,8,Yes,Yes,RotoWire projected lineup; MLB probable pitchers,lineup projected / unconfirmed,H:2026/2025 P:2026/2025,,,Direct BvP not yet weighted; 2026/2025 Statcast baseline active,7,2,7,0,"Last 7 games: 2/7, 0 HR","platoon edge; pitcher baseline 6.8% barrel, 11.0 HR allowed",neutral batted-ball profile; pitcher fly-ball pressure modest,5.32,33.46,86.16,97.0975,0.3596,0.1226,0.2999,69.25,8.42,33.69,25.21,6.7,0.1715,6.8,37.87,89.37,0.3698,0.1392,28.44,,,Wrigley Field,
194,670764,Taylor Walls,TB,NYM,2026-08-31T22:40:00Z,Pre-Game,9,Robert Stock,476594,R,33.0,Longshot,Watch List,Platoon Edge,5.5,48.5,41.1,44.8,75.0,8.1,Yes,Yes,9,Yes,No,MLB Stats API; RotoWire,,H:2026/2025 P:2026/2025,,,Direct BvP not yet weighted; 2026/2025 Statcast baseline active,7,4,23,0,"Last 7 games: 4/23, 0 HR","switch hitter; pitcher baseline 9.3% barrel, 1.7 HR allowed",neutral batted-ball profile; pitcher allows elevated contact,2.36,23.32,85.95,95.4669,0.2712,0.0766,0.2512,68.35,2.06,38.19,28.49,2.6,0.0794,9.3,35.93,89.4,0.4946,0.2019,31.88,None,72,Tropicana Field,
195,641487,J.P. Crawford,SEA,BOS,2026-08-31T22:45:00Z,Pre-Game,9,Payton Tolle,801139,L,32.3,Longshot,Watch List,No major boost,21.2,28.2,51.7,44.8,50.0,0.0,Yes,Yes,9,Yes,No,MLB Stats API; RotoWire,,H:2026/2025 P:2026/2025,,,Direct BvP not yet weighted; 2026/2025 Statcast baseline active,7,2,20,0,"Last 7 games: 2/20, 0 HR","same-side matchup; pitcher baseline 6.5% barrel, 11.3 HR allowed",neutral batted-ball profile; pitcher fly-ball pressure modest,5.81,35.4,87.62,98.2965,0.365,0.1207,0.322,71.28,19.09,35.07,21.0,10.6,0.1204,6.47,35.08,87.87,0.3497,0.1338,27.6,R To L,75,Fenway Park,
196,806146,George Lombard,NYY,LAA,2026-09-01T01:38:00Z,Scheduled,5,Walbert Ureña,700712,R,31.5,Longshot,Watch List,Projected Lineup,20.6,16.1,28.2,81.9,50.0,13.3,No,No,5,Yes,Yes,RotoWire projected lineup; MLB probable pitchers,lineup projected / unconfirmed,H:2026 P:2026,,,Direct BvP not yet weighted; 2026/2025 Statcast baseline active,7,5,24,0,"Last 7 games: 5/24, 0 HR","same-side matchup; pitcher baseline 5.1% barrel, 7.0 HR allowed",neutral batted-ball profile; pitcher fly-ball pressure modest,7.3,35.7,85.9,97.8328,0.354,0.109,0.295,71.9,18.2,33.9,21.4,2.0,0.114,5.1,34.2,87.2,0.304,0.099,22.5,,,Angel Stadium,
197,686217,Sal Frelick,MIL,CHC,2026-08-31T23:40:00Z,Scheduled,7,Clay Holmes,605280,R,31.2,Longshot,Watch List,"Projected Lineup, Platoon Edge",5.9,30.1,29.8,59.8,80.0,39.5,No,No,7,Yes,Yes,RotoWire projected lineup; MLB probable pitchers,lineup projected / unconfirmed,H:2026/2025 P:2026/2025,,,Direct BvP not yet weighted; 2026/2025 Statcast baseline active,7,6,23,1,"Last 7 games: 6/23, 1 HR","platoon edge; pitcher baseline 5.8% barrel, 7.0 HR allowed",neutral batted-ball profile; pitcher fly-ball pressure modest,2.54,27.96,85.85,96.4875,0.3271,0.0812,0.2878,68.24,3.62,39.46,20.9,6.4,0.103,5.82,42.16,89.56,0.3765,0.1241,19.39,,,Wrigley Field,
198,702222,Justin Crawford,PHI,AZ,2026-09-01T01:40:00Z,Scheduled,9,Brandon Pfaadt,694297,R,31.2,Longshot,Watch List,"Projected Lineup, Platoon Edge",10.9,42.1,28.2,40.2,80.0,8.5,No,No,9,Yes,Yes,RotoWire projected lineup; MLB probable pitchers,lineup projected / unconfirmed,H:2026 P:2026/2025,,,Direct BvP not yet weighted; 2026/2025 Statcast baseline active,7,3,17,0,"Last 7 games: 3/17, 0 HR","platoon edge; pitcher baseline 8.6% barrel, 16.2 HR allowed",neutral batted-ball profile; pitcher fly-ball pressure modest,1.3,35.6,87.2,98.2537,0.321,0.062,0.286,69.1,5.7,26.7,16.8,2.0,0.086,8.59,37.89,89.05,0.4177,0.1638,23.41,,,Chase Field,
199,805367,Chase Meidroth,CWS,HOU,2026-09-01T00:10:00Z,Scheduled,7,Peter Lambert,663567,R,30.1,Longshot,Watch List,Projected Lineup,12.4,32.6,27.6,59.8,50.0,23.4,No,No,7,Yes,Yes,RotoWire projected lineup; MLB probable pitchers,lineup projected / unconfirmed,H:2026/2025 P:2026,,,Direct BvP not yet weighted; 2026/2025 Statcast baseline active,7,8,29,0,"Last 7 games: 8/29, 0 HR","same-side matchup; pitcher baseline 6.7% barrel, 13.0 HR allowed",neutral batted-ball profile; pitcher allows elevated contact,3.49,35.12,87.85,97.3867,0.333,0.0926,0.2944,67.19,1.25,38.61,19.84,9.9,0.1097,6.7,36.1,88.5,0.352,0.141,32.5,,,Daikin Park,
200,694203,Denzer Guzman,LAA,NYY,2026-09-01T01:38:00Z,Scheduled,8,Elmer Rodríguez,695684,R,30.0,Longshot,Watch List,Projected Lineup,24.2,27.6,28.2,47.9,50.0,0.0,No,No,8,Yes,Yes,RotoWire projected lineup; MLB probable pitchers,lineup projected / unconfirmed,H:2026/2025 P:2026,,,Direct BvP not yet weighted; 2026/2025 Statcast baseline active,7,2,21,0,"Last 7 games: 2/21, 0 HR","same-side matchup; pitcher baseline 6.9% barrel, 2.0 HR allowed",neutral batted-ball profile; pitcher fly-ball pressure modest,8.56,36.67,86.43,98.4794,0.3202,0.1127,0.249,73.43,34.85,40.04,23.56,4.8,0.1362,6.9,36.1,87.6,0.394,0.133,22.2,,,Angel Stadium,
201,683227,Cody Freeman,TEX,ATH,2026-09-01T00:05:00Z,Scheduled,7,Gage Jump,695611,L,29.3,Longshot,Watch List,"Projected Lineup, Platoon Edge",0.5,31.0,27.6,59.8,78.0,44.1,No,No,7,Yes,Yes,RotoWire projected lineup; MLB probable pitchers,lineup projected / unconfirmed,H:2026/2025 P:2026,,,Direct BvP not yet weighted; 2026/2025 Statcast baseline active,7,7,24,1,"Last 7 games: 7/24, 1 HR","platoon edge; pitcher baseline 6.2% barrel, 9.0 HR allowed",neutral batted-ball profile; pitcher fly-ball pressure modest,2.73,20.9,83.43,94.2793,0.2595,0.0681,0.2437,66.81,0.45,41.25,20.14,1.6,0.1091,6.2,37.9,89.1,0.381,0.129,26.3,,,Globe Life Field,
202,666152,David Hamilton,MIL,CHC,2026-08-31T23:40:00Z,Scheduled,9,Clay Holmes,605280,R,28.9,Longshot,Watch List,"Projected Lineup, Platoon Edge",11.2,30.1,29.8,40.2,80.0,14.6,No,No,9,Yes,Yes,RotoWire projected lineup; MLB probable pitchers,lineup projected / unconfirmed,H:2026/2025 P:2026/2025,,,Direct BvP not yet weighted; 2026/2025 Statcast baseline active,7,5,23,0,"Last 7 games: 5/23, 0 HR","platoon edge; pitcher baseline 5.8% barrel, 7.0 HR allowed",neutral batted-ball profile; pitcher fly-ball pressure modest,4.25,27.73,86.81,96.7928,0.312,0.0946,0.2698,69.73,6.8,34.9,25.39,4.6,0.1049,5.82,42.16,89.56,0.3765,0.1241,19.39,,,Wrigley Field,
203,694497,Evan Carter,TEX,ATH,2026-09-01T00:05:00Z,Scheduled,9,Gage Jump,695611,L,28.7,Longshot,Watch List,Projected Lineup,21.1,31.0,27.6,40.2,50.0,0.0,No,No,9,Yes,Yes,RotoWire projected lineup; MLB probable pitchers,lineup projected / unconfirmed,H:2026/2025 P:2026,,,Direct BvP not yet weighted; 2026/2025 Statcast baseline active,7,2,18,0,"Last 7 games: 2/18, 0 HR","same-side matchup; pitcher baseline 6.2% barrel, 9.0 HR allowed",neutral batted-ball profile; pitcher fly-ball pressure modest,5.48,35.58,87.61,98.6737,0.3313,0.1197,0.2884,70.95,17.44,37.86,28.89,7.1,0.1296,6.2,37.9,89.1,0.381,0.129,26.3,,,Globe Life Field,
204,691011,Drew Romo,CWS,HOU,2026-09-01T00:10:00Z,Scheduled,9,Peter Lambert,663567,R,27.9,Longshot,Watch List,"Projected Lineup, Platoon Edge",9.3,31.2,27.6,40.2,75.0,15.3,No,No,9,Yes,Yes,RotoWire projected lineup; MLB probable pitchers,lineup projected / unconfirmed,H:2026/2025 P:2026,,,Direct BvP not yet weighted; 2026/2025 Statcast baseline active,7,4,18,0,"Last 7 games: 4/18, 0 HR","switch hitter; pitcher baseline 6.7% barrel, 13.0 HR allowed",neutral batted-ball profile; pitcher allows elevated contact,6.2,26.2,84.4,95.4233,0.2058,0.0749,0.1799,68.49,3.71,37.7,30.8,4.9,0.105,6.7,36.1,88.5,0.352,0.141,32.5,,,Daikin Park,
205,806198,Cooper Pratt,MIL,CHC,2026-08-31T23:40:00Z,Scheduled,8,Clay Holmes,605280,R,27.6,Longshot,Watch List,Projected Lineup,10.8,30.1,29.8,47.9,50.0,22.0,No,No,8,Yes,Yes,RotoWire projected lineup; MLB probable pitchers,lineup projected / unconfirmed,H:2026 P:2026/2025,,,Direct BvP not yet weighted; 2026/2025 Statcast baseline active,7,4,15,0,"Last 7 games: 4/15, 0 HR","same-side matchup; pitcher baseline 5.8% barrel, 7.0 HR allowed",neutral batted-ball profile; pitcher fly-ball pressure modest,3.2,29.1,86.9,96.8127,0.34,0.09,0.305,70.1,7.6,33.9,24.4,2.0,0.083,5.82,42.16,89.56,0.3765,0.1241,19.39,,,Wrigley Field,
206,676609,Jose Caballero,NYY,LAA,2026-09-01T01:38:00Z,Scheduled,9,Walbert Ureña,700712,R,24.3,Longshot,Watch List,Projected Lineup,10.0,16.1,28.2,40.2,50.0,54.3,No,No,9,Yes,Yes,RotoWire projected lineup; MLB probable pitchers,lineup projected / unconfirmed,H:2026/2025 P:2026,,,Direct BvP not yet weighted; 2026/2025 Statcast baseline active,7,9,25,1,Contact streak: 9/25 over last 7 games,"same-side matchup; pitcher baseline 5.1% barrel, 7.0 HR allowed",neutral batted-ball profile; pitcher fly-ball pressure modest,4.78,27.38,84.53,96.4927,0.3432,0.1136,0.2892,68.89,8.12,41.67,21.8,10.6,0.1313,5.1,34.2,87.2,0.304,0.099,22.5,,,Angel Stadium,
207,623168,Tyler Heineman,LAA,NYY,2026-09-01T01:38:00Z,Scheduled,9,Elmer Rodríguez,695684,R,23.3,Longshot,Watch List,"Projected Lineup, Platoon Edge",0.4,27.4,28.2,40.2,75.0,0.0,No,No,9,Yes,Yes,RotoWire projected lineup; MLB probable pitchers,lineup projected / unconfirmed,H:2026/2025 P:2026,,,Direct BvP not yet weighted; 2026/2025 Statcast baseline active,7,1,13,0,"Last 7 games: 1/13, 0 HR","switch hitter; pitcher baseline 6.9% barrel, 2.0 HR allowed",neutral batted-ball profile; pitcher fly-ball pressure modest,1.52,14.77,82.23,92.4484,0.2699,0.0545,0.2478,65.61,0.49,45.04,22.1,1.6,0.0717,6.9,36.1,87.6,0.394,0.133,22.2,,,Angel Stadium,
