rank,hitter_id,player,team,opponent,game_start_time,game_status,batting_order,pitcher,pitcher_id,pitcher_hand,hr_score,tier,play_type,reason_tags,power_score,pitcher_score,environment_score,lineup_score,platoon_score,recent_form_score,confirmed_lineup,rotowire_confirmed_lineup,rotowire_batting_order,rotowire_player_found,lineup_disagreement,lineup_sources_used,source_warnings,stat_years_used,bvp_pa,bvp_hr,bvp_note,recent_games,recent_hits,recent_abs,recent_hr,recent_form_note,split_matchup_note,pitch_mix_note,barrel_pct,hard_hit_pct,avg_exit_velocity,ev50,xslg,xiso,xwoba,bat_speed,fast_swing_pct,pull_pct,fb_pct,hr_total,iso,pitcher_barrel_pct_allowed,pitcher_hard_hit_pct_allowed,pitcher_avg_exit_velocity_allowed,pitcher_xslg_allowed,pitcher_xiso_allowed,pitcher_fb_pct_allowed,wind_direction,weather_temp,ballpark,odds
1,808959,Munetaka Murakami,CWS,HOU,2026-07-26T18:10:00Z,Scheduled,2,Ronel Blanco,669854,R,73.7,Tier 2,Watch List,"Projected Lineup, Elite Power, Strong Barrel, Pitcher Vulnerable, Premium Lineup Spot, Platoon Edge",81.8,88.5,27.6,95.5,80.0,14.6,No,No,2,Yes,Yes,RotoWire projected lineup; MLB probable pitchers,lineup projected / unconfirmed,H:2026 P:2026/2025,,,Direct BvP not yet weighted; 2026/2025 Statcast baseline active,7,5,23,0,"Last 7 games: 5/23, 0 HR","platoon edge; pitcher baseline 28.8% barrel, 3.5 HR allowed",lift-pull EV profile; pitcher allows elevated contact,19.7,58.5,94.0,104.6824,0.502,0.286,0.369,75.3,55.5,43.7,40.1,20.0,0.286,28.77,52.9,92.13,0.5297,0.3342,62.13,,,Rate Field,
2,670541,Yordan Alvarez,HOU,CWS,2026-07-26T18:10:00Z,Scheduled,2,Erick Fedde,607200,R,67.8,Tier 3,Watch List,"Projected Lineup, Elite Power, Strong Barrel, Premium Lineup Spot, Platoon Edge, Hot Hitter/Streak",85.2,43.0,27.6,95.5,80.0,92.6,No,No,2,Yes,Yes,RotoWire projected lineup; MLB probable pitchers,lineup projected / unconfirmed,H:2026/2025 P:2026/2025,,,Direct BvP not yet weighted; 2026/2025 Statcast baseline active,7,10,27,3,Hot streak: 3 HR in last 7 games,"platoon edge; pitcher baseline 7.3% barrel, 16.9 HR allowed",lift-pull EV profile; pitcher fly-ball pressure modest,17.37,53.18,94.63,105.1568,0.6638,0.3441,0.449,76.1,62.09,41.93,36.94,25.6,0.2718,7.27,40.43,89.22,0.4337,0.1699,27.86,,,Rate Field,
3,695578,James Wood,WSH,AZ,2026-07-26T17:35:00Z,Pre-Game,1,Kohl Drake,684442,L,67.7,Tier 3,Watch List,"Elite Power, Strong Barrel, Premium Lineup Spot",83.2,53.3,64.2,93.2,50.0,6.2,Yes,No,1,Yes,Yes,MLB Stats API; RotoWire,RotoWire not confirmed,H:2026/2025 P:2026,,,Direct BvP not yet weighted; 2026/2025 Statcast baseline active,7,5,31,0,"Last 7 games: 5/31, 0 HR","same-side matchup; pitcher baseline 15.4% barrel, 0.0 HR allowed",EV profile; pitcher allows elevated contact,20.11,57.91,94.86,106.3425,0.5623,0.2918,0.4023,76.56,66.55,30.75,26.34,28.9,0.2575,15.4,46.2,87.7,0.415,0.129,30.8,Out To LF,84,Nationals Park,
4,699013,Esmerlyn Valdez,PIT,CHC,2026-07-26T17:35:00Z,Scheduled,4,Jameson Taillon,592791,R,66.9,Tier 3,Watch List,"Projected Lineup, Elite Power, Strong Barrel, Premium Lineup Spot",82.5,65.0,24.3,90.4,50.0,64.3,No,No,4,Yes,Yes,RotoWire projected lineup; MLB probable pitchers,lineup projected / unconfirmed,H:2026 P:2026/2025,,,Direct BvP not yet weighted; 2026/2025 Statcast baseline active,7,4,22,3,Hot streak: 3 HR in last 7 games,"same-side matchup; pitcher baseline 12.5% barrel, 22.6 HR allowed",EV profile; pitcher allows elevated contact,27.9,54.4,93.0,104.5504,0.536,0.314,0.364,74.9,50.7,30.9,42.6,13.0,0.4,12.51,38.86,88.51,0.487,0.239,37.03,,,PNC Park,
5,695657,Colson Montgomery,CWS,HOU,2026-07-26T18:10:00Z,Scheduled,4,Ronel Blanco,669854,R,64.7,Tier 3,Watch List,"Projected Lineup, Strong Barrel, Pitcher Vulnerable, Premium Lineup Spot, Platoon Edge",54.6,88.5,27.6,90.4,80.0,29.2,No,No,4,Yes,Yes,RotoWire projected lineup; MLB probable pitchers,lineup projected / unconfirmed,H:2026/2025 P:2026/2025,,,Direct BvP not yet weighted; 2026/2025 Statcast baseline active,7,5,26,1,"Last 7 games: 5/26, 1 HR","platoon edge; pitcher baseline 28.8% barrel, 3.5 HR allowed",fly-ball profile; pitcher allows elevated contact,13.59,43.03,89.12,101.8536,0.4562,0.2339,0.3256,76.51,68.41,49.44,35.05,23.1,0.2564,28.77,52.9,92.13,0.5297,0.3342,62.13,,,Rate Field,
6,682998,Corbin Carroll,AZ,WSH,2026-07-26T17:35:00Z,Pre-Game,1,Miles Mikolas,571945,R,64.3,Tier 3,Watch List,"Strong Barrel, Premium Lineup Spot, Platoon Edge",56.9,58.2,64.2,93.2,80.0,33.7,Yes,,,No,Yes,MLB Stats API; RotoWire,not found on RotoWire,H:2026/2025 P:2026/2025,,,Direct BvP not yet weighted; 2026/2025 Statcast baseline active,7,6,27,1,"Last 7 games: 6/27, 1 HR","platoon edge; pitcher baseline 10.0% barrel, 23.4 HR allowed",neutral batted-ball profile; pitcher fly-ball pressure modest,13.03,48.08,91.68,102.4714,0.4723,0.2194,0.3538,75.26,54.91,45.34,30.39,19.8,0.2505,9.97,41.66,89.72,0.4962,0.2165,27.86,Out To LF,84,Nationals Park,
7,665953,Andrés Chaparro,WSH,AZ,2026-07-26T17:35:00Z,Pre-Game,2,Kohl Drake,684442,L,64.3,Tier 3,Watch List,"Strong Barrel, Premium Lineup Spot, Platoon Edge, Hot Hitter/Streak",49.2,53.3,64.2,100.0,78.0,92.3,Yes,No,2,Yes,Yes,MLB Stats API; RotoWire,RotoWire not confirmed,H:2026/2025 P:2026,,,Direct BvP not yet weighted; 2026/2025 Statcast baseline active,7,7,19,3,Hot streak: 3 HR in last 7 games,"platoon edge; pitcher baseline 15.4% barrel, 0.0 HR allowed",neutral batted-ball profile; pitcher allows elevated contact,12.78,46.34,89.01,101.2605,0.4384,0.2051,0.3392,74.21,42.09,49.01,27.56,3.1,0.188,15.4,46.2,87.7,0.415,0.129,30.8,Out To LF,84,Nationals Park,
8,656941,Kyle Schwarber,PHI,NYY,2026-07-26T23:20:00Z,Scheduled,2,Will Warren,701542,R,64.2,Tier 3,Watch List,"Projected Lineup, Elite Power, Strong Barrel, Premium Lineup Spot, Platoon Edge",79.0,45.5,34.3,95.5,80.0,30.3,No,No,2,Yes,Yes,RotoWire projected lineup; MLB probable pitchers,lineup projected / unconfirmed,H:2026/2025 P:2026/2025,,,Direct BvP not yet weighted; 2026/2025 Statcast baseline active,7,5,25,1,"Last 7 games: 5/25, 1 HR","platoon edge; pitcher baseline 8.2% barrel, 16.4 HR allowed",lift-pull EV profile; pitcher fly-ball pressure modest,19.05,54.28,93.6,104.5198,0.5264,0.2847,0.3772,77.16,75.63,54.7,34.23,39.9,0.3055,8.24,41.66,90.44,0.4183,0.1603,24.87,,,Citizens Bank Park,
9,687952,Christian Encarnacion-Strand,BAL,ATL,2026-07-26T17:35:00Z,Pre-Game,5,Reynaldo López,625643,R,63.7,Tier 3,Watch List,"Strong Barrel, Hot Hitter/Streak",73.1,41.2,56.1,86.4,50.0,93.3,Yes,Yes,5,Yes,No,MLB Stats API; RotoWire,,H:2026/2025 P:2026/2025,,,Direct BvP not yet weighted; 2026/2025 Statcast baseline active,6,9,24,3,Hot streak: 3 HR in last 6 games,"same-side matchup; pitcher baseline 6.8% barrel, 7.3 HR allowed",neutral batted-ball profile; pitcher fly-ball pressure modest,17.47,46.38,91.33,102.8231,0.5963,0.3284,0.3667,73.67,34.8,39.86,31.12,3.9,0.3426,6.81,40.06,88.43,0.4894,0.1797,26.67,R To L,83,Oriole Park at Camden Yards,
10,682829,Elly De La Cruz,CIN,STL,2026-07-26T18:15:00Z,Pre-Game,1,Kyle Leahy,681517,R,62.9,Tier 3,Watch List,"Strong Barrel, Premium Lineup Spot, Platoon Edge",57.1,54.0,65.1,93.2,75.0,30.3,Yes,Yes,1,Yes,No,MLB Stats API; RotoWire,,H:2026/2025 P:2026/2025,,,Direct BvP not yet weighted; 2026/2025 Statcast baseline active,7,5,25,1,"Last 7 games: 5/25, 1 HR","switch hitter; pitcher baseline 10.4% barrel, 8.5 HR allowed",EV profile; pitcher fly-ball pressure modest,13.24,49.73,93.17,104.2155,0.4681,0.1989,0.3542,75.13,51.72,36.08,25.73,18.5,0.2082,10.43,48.44,90.85,0.4478,0.1782,22.19,Out To CF,94,Busch Stadium,
11,686948,Drake Baldwin,ATL,BAL,2026-07-26T17:35:00Z,Pre-Game,1,Shane Baz,669358,R,62.7,Tier 3,Watch List,"Strong Barrel, Premium Lineup Spot, Platoon Edge, Hot Hitter/Streak",59.7,40.6,56.1,93.2,80.0,92.6,Yes,Yes,1,Yes,No,MLB Stats API; RotoWire,,H:2026/2025 P:2026/2025,,,Direct BvP not yet weighted; 2026/2025 Statcast baseline active,7,10,27,4,Hot streak: 4 HR in last 7 games,"platoon edge; pitcher baseline 7.8% barrel, 14.1 HR allowed",neutral batted-ball profile; pitcher fly-ball pressure modest,13.87,50.3,91.63,102.4448,0.5094,0.2318,0.3754,75.02,53.25,31.94,24.76,19.7,0.2055,7.75,41.22,89.84,0.3972,0.1476,24.66,R To L,83,Oriole Park at Camden Yards,
12,606466,Ketel Marte,AZ,WSH,2026-07-26T17:35:00Z,Pre-Game,4,Miles Mikolas,571945,R,62.1,Tier 3,Watch List,"Strong Barrel, Premium Lineup Spot, Platoon Edge",51.4,56.5,64.2,94.9,75.0,37.8,Yes,,,No,Yes,MLB Stats API; RotoWire,not found on RotoWire,H:2026/2025 P:2026/2025,,,Direct BvP not yet weighted; 2026/2025 Statcast baseline active,7,7,28,1,"Last 7 games: 7/28, 1 HR","switch hitter; pitcher baseline 10.0% barrel, 23.4 HR allowed",neutral batted-ball profile; pitcher fly-ball pressure modest,11.26,44.9,90.94,102.6225,0.5004,0.2119,0.3676,74.74,45.64,50.1,27.85,21.0,0.2088,9.97,41.66,89.72,0.4962,0.2165,27.86,Out To LF,84,Nationals Park,
13,621566,Matt Olson,ATL,BAL,2026-07-26T17:35:00Z,Pre-Game,3,Shane Baz,669358,R,62.1,Tier 3,Watch List,"Strong Barrel, Premium Lineup Spot, Platoon Edge",64.3,40.6,56.1,96.6,80.0,40.7,Yes,Yes,3,Yes,No,MLB Stats API; RotoWire,,H:2026/2025 P:2026/2025,,,Direct BvP not yet weighted; 2026/2025 Statcast baseline active,7,7,26,1,"Last 7 games: 7/26, 1 HR","platoon edge; pitcher baseline 7.8% barrel, 14.1 HR allowed",EV profile; pitcher fly-ball pressure modest,13.98,51.2,92.81,103.8622,0.5018,0.2531,0.3586,74.6,48.37,37.3,32.22,27.6,0.2463,7.75,41.22,89.84,0.3972,0.1476,24.66,R To L,83,Oriole Park at Camden Yards,
14,678246,Miguel Vargas,CWS,HOU,2026-07-26T18:10:00Z,Scheduled,3,Ronel Blanco,669854,R,61.4,Tier 3,Watch List,"Projected Lineup, Strong Barrel, Pitcher Vulnerable, Premium Lineup Spot",54.4,88.5,27.6,92.1,50.0,14.1,No,No,3,Yes,Yes,RotoWire projected lineup; MLB probable pitchers,lineup projected / unconfirmed,H:2026/2025 P:2026/2025,,,Direct BvP not yet weighted; 2026/2025 Statcast baseline active,7,6,28,0,"Last 7 games: 6/28, 0 HR","same-side matchup; pitcher baseline 28.8% barrel, 3.5 HR allowed",fly-ball profile; pitcher allows elevated contact,12.97,44.14,90.19,100.4119,0.4896,0.2305,0.3687,73.05,35.08,42.67,36.22,19.5,0.216,28.77,52.9,92.13,0.5297,0.3342,62.13,,,Rate Field,
15,660271,Shohei Ohtani,LAD,NYM,2026-07-26T17:40:00Z,Pre-Game,1,Freddy Peralta,642547,R,61.0,Tier 3,Watch List,"Elite Power, Strong Barrel, Premium Lineup Spot, Platoon Edge",81.1,32.2,37.8,93.2,80.0,12.0,Yes,Yes,1,Yes,No,MLB Stats API; RotoWire,,H:2026/2025 P:2026/2025,,,Direct BvP not yet weighted; 2026/2025 Statcast baseline active,7,6,30,0,"Last 7 games: 6/30, 0 HR","platoon edge; pitcher baseline 6.6% barrel, 18.2 HR allowed",lift-pull EV profile; pitcher fly-ball pressure modest,18.6,55.06,93.99,104.3092,0.5909,0.3057,0.4117,75.03,53.08,47.61,33.04,31.9,0.2686,6.57,37.44,87.86,0.3638,0.1382,27.08,In From CF,82,Citi Field,
16,621439,Byron Buxton,MIN,ATH,2026-07-26T18:10:00Z,Scheduled,2,Jeffrey Springs,605488,L,60.4,Tier 3,Watch List,"Projected Lineup, Strong Barrel, Premium Lineup Spot, Platoon Edge",69.4,49.4,27.1,95.5,78.0,22.9,No,No,2,Yes,Yes,RotoWire projected lineup; MLB probable pitchers,lineup projected / unconfirmed,H:2026/2025 P:2026/2025,,,Direct BvP not yet weighted; 2026/2025 Statcast baseline active,7,6,22,0,"Last 7 games: 6/22, 0 HR","platoon edge; pitcher baseline 9.4% barrel, 27.3 HR allowed",neutral batted-ball profile; pitcher allows elevated contact,17.91,49.81,91.38,102.4436,0.5154,0.2646,0.3507,74.44,43.99,48.03,34.98,28.0,0.287,9.43,36.25,88.16,0.4464,0.1967,32.86,,,Target Field,
17,691023,Jordan Walker,STL,CIN,2026-07-26T18:15:00Z,Pre-Game,3,Andrew Abbott,671096,L,60.0,Longshot,Watch List,"Strong Barrel, Premium Lineup Spot, Platoon Edge",58.0,39.7,65.1,96.6,78.0,19.5,Yes,Yes,3,Yes,No,MLB Stats API; RotoWire,,H:2026/2025 P:2026/2025,,,Direct BvP not yet weighted; 2026/2025 Statcast baseline active,7,7,28,0,"Last 7 games: 7/28, 0 HR","platoon edge; pitcher baseline 7.5% barrel, 16.9 HR allowed",EV profile; pitcher fly-ball pressure modest,12.93,49.86,93.21,105.1718,0.4582,0.1984,0.3382,78.87,83.26,38.17,22.93,17.2,0.1862,7.51,37.06,89.2,0.406,0.1576,28.07,Out To CF,94,Busch Stadium,
18,624413,Pete Alonso,BAL,ATL,2026-07-26T17:35:00Z,Pre-Game,2,Reynaldo López,625643,R,59.9,Longshot,Watch List,"Strong Barrel, Premium Lineup Spot",68.1,41.2,56.1,100.0,50.0,13.0,Yes,Yes,2,Yes,No,MLB Stats API; RotoWire,,H:2026/2025 P:2026/2025,,,Direct BvP not yet weighted; 2026/2025 Statcast baseline active,7,6,29,0,"Last 7 games: 6/29, 0 HR","same-side matchup; pitcher baseline 6.8% barrel, 7.3 HR allowed",EV profile; pitcher fly-ball pressure modest,14.28,54.54,93.78,104.0211,0.5279,0.2549,0.3804,74.88,49.48,36.71,30.67,26.1,0.2233,6.81,40.06,88.43,0.4894,0.1797,26.67,R To L,83,Oriole Park at Camden Yards,
19,686611,Dylan Crews,WSH,AZ,2026-07-26T17:35:00Z,Pre-Game,3,Kohl Drake,684442,L,59.7,Longshot,Watch List,"Premium Lineup Spot, Platoon Edge",41.7,53.3,64.2,96.6,78.0,59.6,Yes,No,4,Yes,Yes,MLB Stats API; RotoWire,RotoWire not confirmed; order MLB 3 vs RotoWire 4,H:2026/2025 P:2026,,,Direct BvP not yet weighted; 2026/2025 Statcast baseline active,7,6,22,2,Hot streak: 2 HR in last 7 games,"platoon edge; pitcher baseline 15.4% barrel, 0.0 HR allowed",neutral batted-ball profile; pitcher allows elevated contact,9.59,41.43,90.33,101.4893,0.4182,0.1804,0.3231,73.65,34.69,33.45,29.24,8.6,0.1503,15.4,46.2,87.7,0.415,0.129,30.8,Out To LF,84,Nationals Park,
20,663993,Nathaniel Lowe,CIN,STL,2026-07-26T18:15:00Z,Pre-Game,5,Kyle Leahy,681517,R,59.5,Longshot,Watch List,"Strong Barrel, Platoon Edge, Hot Hitter/Streak",41.0,54.9,65.1,86.4,80.0,74.5,Yes,Yes,5,Yes,No,MLB Stats API; RotoWire,,H:2026/2025 P:2026/2025,,,Direct BvP not yet weighted; 2026/2025 Statcast baseline active,7,7,28,3,Hot streak: 3 HR in last 7 games,"platoon edge; pitcher baseline 10.4% barrel, 8.5 HR allowed",neutral batted-ball profile; pitcher fly-ball pressure modest,10.08,41.08,89.0,100.9463,0.4367,0.1842,0.3352,74.03,38.51,37.69,26.27,13.8,0.2027,10.43,48.44,90.85,0.4478,0.1782,22.19,Out To CF,94,Busch Stadium,
21,596146,Max Kepler,AZ,WSH,2026-07-26T17:35:00Z,Pre-Game,5,Miles Mikolas,571945,R,59.4,Longshot,Watch List,"Strong Barrel, Platoon Edge",44.6,58.2,64.2,86.4,80.0,36.0,Yes,,,No,Yes,MLB Stats API; RotoWire,not found on RotoWire,H:2026/2025 P:2026/2025,,,Direct BvP not yet weighted; 2026/2025 Statcast baseline active,7,5,21,1,"Last 7 games: 5/21, 1 HR","platoon edge; pitcher baseline 10.0% barrel, 23.4 HR allowed",neutral batted-ball profile; pitcher fly-ball pressure modest,10.62,46.24,89.54,100.0317,0.4122,0.1965,0.3068,71.3,15.3,42.9,32.73,6.8,0.1687,9.97,41.66,89.72,0.4962,0.2165,27.86,Out To LF,84,Nationals Park,
22,682928,CJ Abrams,WSH,AZ,2026-07-26T17:35:00Z,Pre-Game,4,Kohl Drake,684442,L,59.1,Longshot,Watch List,"Premium Lineup Spot, Hot Hitter/Streak",42.2,53.3,64.2,94.9,50.0,100.0,Yes,No,3,Yes,Yes,MLB Stats API; RotoWire,RotoWire not confirmed; order MLB 4 vs RotoWire 3,H:2026/2025 P:2026,,,Direct BvP not yet weighted; 2026/2025 Statcast baseline active,7,14,29,5,Hot streak: 5 HR in last 7 games,"same-side matchup; pitcher baseline 15.4% barrel, 0.0 HR allowed",neutral batted-ball profile; pitcher allows elevated contact,9.98,41.37,89.47,100.1242,0.4472,0.1903,0.3377,72.75,26.9,43.94,29.22,23.2,0.2376,15.4,46.2,87.7,0.415,0.129,30.8,Out To LF,84,Nationals Park,
23,545361,Mike Trout,LAA,SF,2026-07-26T20:05:00Z,Scheduled,2,Carson Whisenhunt,687931,L,58.8,Longshot,Watch List,"Projected Lineup, Strong Barrel, Premium Lineup Spot, Platoon Edge",67.9,51.0,19.3,95.5,78.0,17.7,No,No,2,Yes,Yes,RotoWire projected lineup; MLB probable pitchers,lineup projected / unconfirmed,H:2026/2025 P:2026/2025,,,Direct BvP not yet weighted; 2026/2025 Statcast baseline active,7,5,21,0,"Last 7 games: 5/21, 0 HR","platoon edge; pitcher baseline 7.9% barrel, 2.5 HR allowed",neutral batted-ball profile; pitcher allows elevated contact,17.97,48.67,90.76,103.482,0.5174,0.2642,0.3895,74.77,49.41,39.87,32.12,20.4,0.2168,7.88,43.42,90.23,0.4743,0.2046,37.18,,,Oracle Park,
24,671739,Michael Harris II,ATL,BAL,2026-07-26T17:35:00Z,Pre-Game,4,Shane Baz,669358,R,58.5,Longshot,Watch List,"Strong Barrel, Premium Lineup Spot, Platoon Edge",50.3,40.6,56.1,94.9,80.0,65.2,Yes,Yes,4,Yes,No,MLB Stats API; RotoWire,,H:2026/2025 P:2026/2025,,,Direct BvP not yet weighted; 2026/2025 Statcast baseline active,7,9,29,2,Hot streak: 2 HR in last 7 games,"platoon edge; pitcher baseline 7.8% barrel, 14.1 HR allowed",neutral batted-ball profile; pitcher fly-ball pressure modest,11.41,47.67,90.83,103.5768,0.4849,0.1977,0.3444,74.65,46.72,36.29,23.68,19.3,0.1943,7.75,41.22,89.84,0.3972,0.1476,24.66,R To L,83,Oriole Park at Camden Yards,
25,701762,Nick Kurtz,ATH,MIN,2026-07-26T18:10:00Z,Scheduled,2,Connor Prielipp,687570,L,58.5,Longshot,Watch List,"Projected Lineup, Elite Power, Strong Barrel, Premium Lineup Spot",75.2,45.4,27.1,95.5,50.0,18.3,No,No,2,Yes,Yes,RotoWire projected lineup; MLB probable pitchers,lineup projected / unconfirmed,H:2026/2025 P:2026,,,Direct BvP not yet weighted; 2026/2025 Statcast baseline active,7,2,26,1,"Last 7 games: 2/26, 1 HR","same-side matchup; pitcher baseline 9.4% barrel, 8.0 HR allowed",EV profile; pitcher fly-ball pressure modest,18.22,56.14,93.33,105.6398,0.502,0.2563,0.3741,77.97,78.58,33.9,30.7,24.8,0.2583,9.4,39.6,90.2,0.407,0.171,26.0,,,Target Field,
26,668709,JJ Bleday,CIN,STL,2026-07-26T18:15:00Z,Pre-Game,3,Kyle Leahy,681517,R,58.5,Longshot,Watch List,"Premium Lineup Spot, Platoon Edge",40.4,54.9,65.1,96.6,80.0,29.2,Yes,Yes,3,Yes,No,MLB Stats API; RotoWire,,H:2026/2025 P:2026/2025,,,Direct BvP not yet weighted; 2026/2025 Statcast baseline active,7,5,26,1,"Last 7 games: 5/26, 1 HR","platoon edge; pitcher baseline 10.4% barrel, 8.5 HR allowed",neutral batted-ball profile; pitcher fly-ball pressure modest,9.55,40.66,88.91,100.0678,0.4262,0.1844,0.3383,73.24,28.8,45.67,32.29,16.1,0.2242,10.43,48.44,90.85,0.4478,0.1782,22.19,Out To CF,94,Busch Stadium,
27,805811,Bryce Eldridge,SF,LAA,2026-07-26T20:05:00Z,Scheduled,2,José Soriano,667755,R,58.2,Longshot,Watch List,"Projected Lineup, Strong Barrel, Premium Lineup Spot, Platoon Edge",73.7,36.6,19.3,95.5,80.0,31.6,No,No,2,Yes,Yes,RotoWire projected lineup; MLB probable pitchers,lineup projected / unconfirmed,H:2026/2025 P:2026/2025,,,Direct BvP not yet weighted; 2026/2025 Statcast baseline active,7,5,24,1,"Last 7 games: 5/24, 1 HR","platoon edge; pitcher baseline 7.8% barrel, 12.0 HR allowed",lift-pull EV profile; pitcher fly-ball pressure modest,16.74,59.07,93.5,103.6185,0.4988,0.2638,0.3671,73.11,29.35,41.42,38.31,7.0,0.163,7.83,40.78,89.51,0.3803,0.1369,18.68,,,Oracle Park,
28,664040,Brandon Lowe,PIT,CHC,2026-07-26T17:35:00Z,Scheduled,2,Jameson Taillon,592791,R,57.6,Longshot,Watch List,"Projected Lineup, Strong Barrel, Premium Lineup Spot, Platoon Edge",53.1,65.0,24.3,95.5,80.0,6.0,No,No,2,Yes,Yes,RotoWire projected lineup; MLB probable pitchers,lineup projected / unconfirmed,H:2026/2025 P:2026/2025,,,Direct BvP not yet weighted; 2026/2025 Statcast baseline active,7,4,25,0,"Last 7 games: 4/25, 0 HR","platoon edge; pitcher baseline 12.5% barrel, 22.6 HR allowed",neutral batted-ball profile; pitcher allows elevated contact,12.51,45.97,91.03,101.5593,0.4591,0.2114,0.3357,73.76,40.19,46.44,33.13,24.0,0.2252,12.51,38.86,88.51,0.487,0.239,37.03,,,PNC Park,
29,553993,Eugenio Suárez,CIN,STL,2026-07-26T18:15:00Z,Pre-Game,4,Kyle Leahy,681517,R,57.5,Longshot,Watch List,"Strong Barrel, Premium Lineup Spot, Hot Hitter/Streak",40.1,54.9,65.1,94.9,50.0,70.3,Yes,Yes,4,Yes,No,MLB Stats API; RotoWire,,H:2026/2025 P:2026/2025,,,Direct BvP not yet weighted; 2026/2025 Statcast baseline active,7,6,27,3,Hot streak: 3 HR in last 7 games,"same-side matchup; pitcher baseline 10.4% barrel, 8.5 HR allowed",neutral batted-ball profile; pitcher fly-ball pressure modest,11.85,37.17,89.01,99.995,0.3776,0.1799,0.285,71.81,20.83,47.47,33.41,24.5,0.228,10.43,48.44,90.85,0.4478,0.1782,22.19,Out To CF,94,Busch Stadium,
30,682988,Tyler Locklear,AZ,WSH,2026-07-26T17:35:00Z,Pre-Game,8,Miles Mikolas,571945,R,57.4,Longshot,Watch List,Strong Barrel,58.1,58.2,64.2,52.4,50.0,56.6,Yes,,,No,Yes,MLB Stats API; RotoWire,not found on RotoWire,H:2026/2025 P:2026/2025,,,Direct BvP not yet weighted; 2026/2025 Statcast baseline active,5,6,16,1,Contact streak: 6/16 over last 5 games,"same-side matchup; pitcher baseline 10.0% barrel, 23.4 HR allowed",neutral batted-ball profile; pitcher fly-ball pressure modest,18.18,39.46,87.69,99.9944,0.56,0.2662,0.4081,72.62,31.63,29.16,19.27,1.6,0.2011,9.97,41.66,89.72,0.4962,0.2165,27.86,Out To LF,84,Nationals Park,
31,676369,Nelson Velázquez,STL,CIN,2026-07-26T18:15:00Z,Pre-Game,7,Andrew Abbott,671096,L,57.3,Longshot,Watch List,"Strong Barrel, Platoon Edge",66.6,39.7,65.1,64.3,78.0,0.0,Yes,Yes,7,Yes,No,MLB Stats API; RotoWire,,H:2026 P:2026/2025,,,Direct BvP not yet weighted; 2026/2025 Statcast baseline active,7,0,13,0,"Last 7 games: 0/13, 0 HR","platoon edge; pitcher baseline 7.5% barrel, 16.9 HR allowed",lift-pull EV profile; pitcher fly-ball pressure modest,11.6,65.1,94.6,102.8714,0.501,0.248,0.357,74.8,53.1,46.5,32.6,4.0,0.231,7.51,37.06,89.2,0.406,0.1576,28.07,Out To CF,94,Busch Stadium,
32,682985,Riley Greene,DET,KC,2026-07-26T17:40:00Z,Pre-Game,4,Luinder Avila,679883,R,57.1,Longshot,Watch List,"Strong Barrel, Premium Lineup Spot, Platoon Edge",64.3,19.3,51.6,94.9,80.0,60.7,Yes,Yes,4,Yes,No,MLB Stats API; RotoWire,,H:2026/2025 P:2026/2025,,,Direct BvP not yet weighted; 2026/2025 Statcast baseline active,7,7,25,2,Hot streak: 2 HR in last 7 games,"platoon edge; pitcher baseline 5.2% barrel, 4.2 HR allowed",neutral batted-ball profile; pitcher fly-ball pressure modest,16.05,49.84,91.16,102.8701,0.4945,0.2389,0.36,75.67,58.6,39.89,33.17,21.3,0.1993,5.21,33.46,87.53,0.3431,0.1214,22.4,R To L,77,Comerica Park,
33,694192,Jackson Chourio,MIL,COL,2026-07-26T18:10:00Z,Scheduled,2,Kyle Freeland,607536,L,56.9,Longshot,Watch List,"Projected Lineup, Strong Barrel, Premium Lineup Spot, Platoon Edge",50.3,62.1,27.6,95.5,78.0,18.0,No,No,2,Yes,Yes,RotoWire projected lineup; MLB probable pitchers,lineup projected / unconfirmed,H:2026/2025 P:2026/2025,,,Direct BvP not yet weighted; 2026/2025 Statcast baseline active,7,6,25,0,"Last 7 games: 6/25, 0 HR","platoon edge; pitcher baseline 10.4% barrel, 20.6 HR allowed",neutral batted-ball profile; pitcher fly-ball pressure modest,11.8,45.03,91.4,102.0811,0.4484,0.2,0.3231,74.39,45.67,32.62,28.08,15.4,0.1923,10.45,44.71,90.89,0.4933,0.2029,29.43,,,American Family Field,
34,668715,Spencer Steer,CIN,STL,2026-07-26T18:15:00Z,Pre-Game,2,Kyle Leahy,681517,R,56.9,Longshot,Watch List,"Strong Barrel, Premium Lineup Spot",39.7,54.9,65.1,100.0,50.0,46.4,Yes,Yes,2,Yes,No,MLB Stats API; RotoWire,,H:2026/2025 P:2026/2025,,,Direct BvP not yet weighted; 2026/2025 Statcast baseline active,7,5,27,2,Hot streak: 2 HR in last 7 games,"same-side matchup; pitcher baseline 10.4% barrel, 8.5 HR allowed",neutral batted-ball profile; pitcher fly-ball pressure modest,10.96,37.33,88.98,99.037,0.4268,0.1882,0.328,71.11,7.66,46.73,29.88,17.5,0.18,10.43,48.44,90.85,0.4478,0.1782,22.19,Out To CF,94,Busch Stadium,
35,575929,Willson Contreras,BOS,TOR,2026-07-26T17:35:00Z,Pre-Game,4,Kevin Gausman,592332,R,56.8,Longshot,Watch List,"Strong Barrel, Premium Lineup Spot",60.4,42.4,40.2,94.9,50.0,57.5,Yes,Yes,4,Yes,No,MLB Stats API; RotoWire,,H:2026/2025 P:2026/2025,,,Direct BvP not yet weighted; 2026/2025 Statcast baseline active,7,8,21,1,Contact streak: 8/21 over last 7 games,"same-side matchup; pitcher baseline 8.4% barrel, 16.8 HR allowed",neutral batted-ball profile; pitcher fly-ball pressure modest,14.39,47.25,90.53,103.1642,0.5104,0.2436,0.3797,76.77,68.82,44.98,28.42,21.4,0.2397,8.36,39.86,88.74,0.4063,0.162,26.51,In From RF,73,Fenway Park,
36,669065,Kyle Stowers,MIA,SD,2026-07-26T17:40:00Z,Pre-Game,2,Walker Buehler,621111,R,56.6,Longshot,Watch List,"Strong Barrel, Premium Lineup Spot, Platoon Edge",58.0,44.1,35.0,100.0,80.0,8.8,Yes,Yes,2,Yes,No,MLB Stats API; RotoWire,,H:2026/2025 P:2026/2025,,,Direct BvP not yet weighted; 2026/2025 Statcast baseline active,7,5,28,0,"Last 7 games: 5/28, 0 HR","platoon edge; pitcher baseline 8.8% barrel, 15.0 HR allowed",neutral batted-ball profile; pitcher fly-ball pressure modest,13.36,53.54,91.52,103.1486,0.4495,0.2104,0.3344,75.14,53.1,46.41,29.82,15.9,0.2147,8.8,40.18,89.51,0.4164,0.1603,24.21,None,72,loanDepot park,
37,676475,Alec Burleson,STL,CIN,2026-07-26T18:15:00Z,Pre-Game,4,Andrew Abbott,671096,L,56.5,Longshot,Watch List,"Strong Barrel, Premium Lineup Spot",52.2,39.7,65.1,94.9,50.0,44.1,Yes,Yes,4,Yes,No,MLB Stats API; RotoWire,,H:2026/2025 P:2026/2025,,,Direct BvP not yet weighted; 2026/2025 Statcast baseline active,7,12,29,0,Contact streak: 12/29 over last 7 games,"same-side matchup; pitcher baseline 7.5% barrel, 16.9 HR allowed",neutral batted-ball profile; pitcher fly-ball pressure modest,10.69,46.43,91.42,101.7491,0.5144,0.2249,0.3702,73.1,31.44,43.61,27.61,15.9,0.1781,7.51,37.06,89.2,0.406,0.1576,28.07,Out To CF,94,Busch Stadium,
38,691781,Brady House,WSH,AZ,2026-07-26T17:35:00Z,Pre-Game,5,Kohl Drake,684442,L,56.3,Longshot,Watch List,Platoon Edge,37.3,53.3,64.2,86.4,78.0,48.7,Yes,No,8,Yes,Yes,MLB Stats API; RotoWire,RotoWire not confirmed; order MLB 5 vs RotoWire 8,H:2026/2025 P:2026,,,Direct BvP not yet weighted; 2026/2025 Statcast baseline active,7,5,25,2,Hot streak: 2 HR in last 7 games,"platoon edge; pitcher baseline 15.4% barrel, 0.0 HR allowed",neutral batted-ball profile; pitcher allows elevated contact,8.71,43.99,89.24,101.4545,0.4099,0.1574,0.3085,73.17,28.64,34.92,26.21,6.1,0.1468,15.4,46.2,87.7,0.415,0.129,30.8,Out To LF,84,Nationals Park,
39,571970,Max Muncy,LAD,NYM,2026-07-26T17:40:00Z,Pre-Game,4,Freddy Peralta,642547,R,56.3,Longshot,Watch List,"Strong Barrel, Premium Lineup Spot, Platoon Edge, Hot Hitter/Streak",56.7,32.2,37.8,94.9,80.0,74.5,Yes,Yes,4,Yes,No,MLB Stats API; RotoWire,,H:2026/2025 P:2026/2025,,,Direct BvP not yet weighted; 2026/2025 Statcast baseline active,7,6,24,3,Hot streak: 3 HR in last 7 games,"platoon edge; pitcher baseline 6.6% barrel, 18.2 HR allowed",fly-ball profile; pitcher fly-ball pressure modest,13.81,46.18,90.46,101.3073,0.4879,0.2436,0.3621,71.48,14.36,52.55,35.09,19.7,0.2403,6.57,37.44,87.86,0.3638,0.1382,27.08,In From CF,82,Citi Field,
40,672515,Gabriel Moreno,AZ,WSH,2026-07-26T17:35:00Z,Pre-Game,3,Miles Mikolas,571945,R,56.1,Longshot,Watch List,Premium Lineup Spot,36.3,58.2,64.2,96.6,50.0,50.3,Yes,,,No,Yes,MLB Stats API; RotoWire,not found on RotoWire,H:2026/2025 P:2026/2025,,,Direct BvP not yet weighted; 2026/2025 Statcast baseline active,7,9,27,1,Contact streak: 9/27 over last 7 games,"same-side matchup; pitcher baseline 10.0% barrel, 23.4 HR allowed",neutral batted-ball profile; pitcher fly-ball pressure modest,7.38,42.35,89.7,99.6009,0.4642,0.1677,0.3698,71.32,20.31,35.15,25.26,7.6,0.1403,9.97,41.66,89.72,0.4962,0.2165,27.86,Out To LF,84,Nationals Park,
41,677800,Wilyer Abreu,BOS,TOR,2026-07-26T17:35:00Z,Pre-Game,3,Kevin Gausman,592332,R,56.1,Longshot,Watch List,"Strong Barrel, Premium Lineup Spot, Platoon Edge",52.4,42.4,40.2,96.6,80.0,36.7,Yes,Yes,3,Yes,No,MLB Stats API; RotoWire,,H:2026/2025 P:2026/2025,,,Direct BvP not yet weighted; 2026/2025 Statcast baseline active,7,3,26,2,Hot streak: 2 HR in last 7 games,"platoon edge; pitcher baseline 8.4% barrel, 16.8 HR allowed",fly-ball profile; pitcher fly-ball pressure modest,12.51,42.94,90.1,101.2159,0.4701,0.218,0.3406,73.89,38.38,37.13,37.73,17.1,0.1968,8.36,39.86,88.74,0.4063,0.162,26.51,In From RF,73,Fenway Park,
42,643217,Andrew Benintendi,CWS,HOU,2026-07-26T18:10:00Z,Scheduled,6,Ronel Blanco,669854,R,56.0,Longshot,Watch List,"Projected Lineup, Pitcher Vulnerable, Platoon Edge",38.6,88.5,27.6,71.7,80.0,12.0,No,No,6,Yes,Yes,RotoWire projected lineup; MLB probable pitchers,lineup projected / unconfirmed,H:2026/2025 P:2026/2025,,,Direct BvP not yet weighted; 2026/2025 Statcast baseline active,7,4,20,0,"Last 7 games: 4/20, 0 HR","platoon edge; pitcher baseline 28.8% barrel, 3.5 HR allowed",neutral batted-ball profile; pitcher allows elevated contact,9.7,43.41,88.7,98.8018,0.4244,0.1774,0.3207,69.54,4.43,51.57,30.87,13.0,0.1812,28.77,52.9,92.13,0.5297,0.3342,62.13,,,Rate Field,
43,607043,Brandon Nimmo,TEX,SEA,2026-07-26T18:35:00Z,Scheduled,4,Logan Gilbert,669302,R,56.0,Longshot,Watch List,"Projected Lineup, Strong Barrel, Premium Lineup Spot, Platoon Edge",52.9,50.2,27.6,90.4,80.0,50.3,No,No,4,Yes,Yes,RotoWire projected lineup; MLB probable pitchers,lineup projected / unconfirmed,H:2026/2025 P:2026/2025,,,Direct BvP not yet weighted; 2026/2025 Statcast baseline active,7,9,27,1,Contact streak: 9/27 over last 7 games,"platoon edge; pitcher baseline 9.9% barrel, 16.5 HR allowed",EV profile; pitcher fly-ball pressure modest,11.11,51.6,92.25,102.3109,0.4834,0.2027,0.3588,72.44,27.76,32.33,26.47,14.5,0.1656,9.93,42.47,90.45,0.3915,0.1631,29.1,,,Globe Life Field,
44,521692,Salvador Perez,KC,DET,2026-07-26T17:40:00Z,Pre-Game,3,Framber Valdez,664285,L,55.6,Longshot,Watch List,"Strong Barrel, Premium Lineup Spot, Platoon Edge",46.4,35.9,51.6,96.6,78.0,67.0,Yes,Yes,3,Yes,No,MLB Stats API; RotoWire,,H:2026/2025 P:2026/2025,,,Direct BvP not yet weighted; 2026/2025 Statcast baseline active,7,5,25,3,Hot streak: 3 HR in last 7 games,"platoon edge; pitcher baseline 6.6% barrel, 12.2 HR allowed",neutral batted-ball profile; pitcher fly-ball pressure modest,11.65,43.76,89.3,100.8301,0.4472,0.2072,0.315,71.99,22.38,42.12,30.01,19.5,0.1729,6.56,42.94,89.96,0.3875,0.1395,20.28,R To L,77,Comerica Park,
45,592626,Joc Pederson,TEX,SEA,2026-07-26T18:35:00Z,Scheduled,1,Logan Gilbert,669302,R,55.6,Longshot,Watch List,"Projected Lineup, Strong Barrel, Premium Lineup Spot, Platoon Edge, Hot Hitter/Streak",48.5,50.2,27.6,88.7,80.0,76.4,No,No,1,Yes,Yes,RotoWire projected lineup; MLB probable pitchers,lineup projected / unconfirmed,H:2026/2025 P:2026/2025,,,Direct BvP not yet weighted; 2026/2025 Statcast baseline active,7,10,26,2,Hot streak: 2 HR in last 7 games,"platoon edge; pitcher baseline 9.9% barrel, 16.5 HR allowed",neutral batted-ball profile; pitcher fly-ball pressure modest,10.76,47.74,91.76,101.8017,0.4399,0.1915,0.3444,72.42,23.4,41.43,28.35,14.6,0.2121,9.93,42.47,90.45,0.3915,0.1631,29.1,,,Globe Life Field,
46,681715,Heriberto Hernández,MIA,SD,2026-07-26T17:40:00Z,Pre-Game,3,Walker Buehler,621111,R,55.5,Longshot,Watch List,"Strong Barrel, Premium Lineup Spot",58.4,44.1,35.0,96.6,50.0,46.9,Yes,Yes,3,Yes,No,MLB Stats API; RotoWire,,H:2026/2025 P:2026/2025,,,Direct BvP not yet weighted; 2026/2025 Statcast baseline active,7,9,29,1,"Last 7 games: 9/29, 1 HR","same-side matchup; pitcher baseline 8.8% barrel, 15.0 HR allowed",neutral batted-ball profile; pitcher fly-ball pressure modest,12.75,49.67,91.67,101.9835,0.4903,0.2334,0.355,74.38,47.62,44.65,31.74,12.8,0.2175,8.8,40.18,89.51,0.4164,0.1603,24.21,None,72,loanDepot park,
47,701538,Jackson Merrill,SD,MIA,2026-07-26T17:40:00Z,Pre-Game,5,Janson Junk,676083,R,55.2,Longshot,Watch List,"Strong Barrel, Platoon Edge, Hot Hitter/Streak",46.2,43.3,35.0,86.4,80.0,100.0,Yes,Yes,5,Yes,No,MLB Stats API; RotoWire,,H:2026/2025 P:2026/2025,,,Direct BvP not yet weighted; 2026/2025 Statcast baseline active,7,11,26,4,Hot streak: 4 HR in last 7 games,"platoon edge; pitcher baseline 7.6% barrel, 10.1 HR allowed",neutral batted-ball profile; pitcher fly-ball pressure modest,11.04,45.0,89.7,100.3846,0.4508,0.1976,0.326,72.98,27.18,37.56,28.59,14.6,0.1657,7.59,43.17,90.48,0.4257,0.1655,23.22,None,72,loanDepot park,
48,695506,Jac Caglianone,KC,DET,2026-07-26T17:40:00Z,Pre-Game,4,Framber Valdez,664285,L,55.0,Longshot,Watch List,"Strong Barrel, Premium Lineup Spot",59.1,35.9,51.6,94.9,50.0,26.4,Yes,Yes,4,Yes,No,MLB Stats API; RotoWire,,H:2026/2025 P:2026/2025,,,Direct BvP not yet weighted; 2026/2025 Statcast baseline active,7,4,23,1,"Last 7 games: 4/23, 1 HR","same-side matchup; pitcher baseline 6.6% barrel, 12.2 HR allowed",neutral batted-ball profile; pitcher fly-ball pressure modest,13.89,51.22,91.85,104.8404,0.4737,0.215,0.3427,77.4,75.25,43.02,22.82,13.3,0.1828,6.56,42.94,89.96,0.3875,0.1395,20.28,R To L,77,Comerica Park,
49,646240,Rafael Devers,SF,LAA,2026-07-26T20:05:00Z,Scheduled,4,José Soriano,667755,R,55.0,Longshot,Watch List,"Projected Lineup, Strong Barrel, Premium Lineup Spot, Platoon Edge, Hot Hitter/Streak",58.8,36.6,19.3,90.4,80.0,81.4,No,No,4,Yes,Yes,RotoWire projected lineup; MLB probable pitchers,lineup projected / unconfirmed,H:2026/2025 P:2026/2025,,,Direct BvP not yet weighted; 2026/2025 Statcast baseline active,7,8,27,3,Hot streak: 3 HR in last 7 games,"platoon edge; pitcher baseline 7.8% barrel, 12.0 HR allowed",EV profile; pitcher fly-ball pressure modest,12.92,52.32,92.66,103.0863,0.4646,0.2287,0.3369,71.81,21.69,33.63,33.18,25.9,0.2361,7.83,40.78,89.51,0.3803,0.1369,18.68,,,Oracle Park,
50,665052,Griffin Conine,MIA,SD,2026-07-26T17:40:00Z,Pre-Game,6,Walker Buehler,621111,R,54.9,Longshot,Watch List,"Strong Barrel, Platoon Edge",58.9,44.1,35.0,76.2,80.0,34.4,Yes,Yes,6,Yes,No,MLB Stats API; RotoWire,,H:2026/2025 P:2026/2025,,,Direct BvP not yet weighted; 2026/2025 Statcast baseline active,7,5,22,1,"Last 7 games: 5/22, 1 HR","platoon edge; pitcher baseline 8.8% barrel, 15.0 HR allowed",neutral batted-ball profile; pitcher fly-ball pressure modest,15.92,53.07,90.62,103.7983,0.4761,0.2124,0.3531,74.12,44.32,48.69,20.75,5.5,0.2266,8.8,40.18,89.51,0.4164,0.1603,24.21,None,72,loanDepot park,
51,686527,Dominic Canzone,SEA,TEX,2026-07-26T18:35:00Z,Scheduled,5,Jacob deGrom,594798,R,54.7,Longshot,Watch List,"Projected Lineup, Strong Barrel, Platoon Edge",58.7,51.0,27.6,81.9,80.0,5.1,No,No,5,Yes,Yes,RotoWire projected lineup; MLB probable pitchers,lineup projected / unconfirmed,H:2026/2025 P:2026/2025,,,Direct BvP not yet weighted; 2026/2025 Statcast baseline active,7,4,26,0,"Last 7 games: 4/26, 0 HR","platoon edge; pitcher baseline 9.2% barrel, 19.0 HR allowed",EV profile; pitcher allows elevated contact,14.01,47.6,92.09,102.8633,0.5001,0.2297,0.3606,74.22,44.26,40.6,26.09,13.8,0.223,9.23,44.21,90.66,0.3959,0.1672,30.02,,,Globe Life Field,
52,596019,Francisco Lindor,NYM,LAD,2026-07-26T17:40:00Z,Pre-Game,2,Emmet Sheehan,686218,R,54.6,Longshot,Watch List,"Premium Lineup Spot, Platoon Edge",44.9,45.8,37.8,100.0,75.0,46.5,Yes,No,3,Yes,Yes,MLB Stats API; RotoWire,RotoWire not confirmed; order MLB 2 vs RotoWire 3,H:2026/2025 P:2026/2025,,,Direct BvP not yet weighted; 2026/2025 Statcast baseline active,7,8,26,1,"Last 7 games: 8/26, 1 HR","switch hitter; pitcher baseline 10.2% barrel, 14.0 HR allowed",neutral batted-ball profile; pitcher fly-ball pressure modest,8.83,47.62,91.48,100.321,0.4428,0.1863,0.3415,72.19,22.42,43.57,28.76,13.5,0.171,10.24,40.41,89.37,0.3838,0.1612,29.66,In From CF,82,Citi Field,
53,592518,Manny Machado,SD,MIA,2026-07-26T17:40:00Z,Pre-Game,3,Janson Junk,676083,R,54.5,Longshot,Watch List,"Strong Barrel, Premium Lineup Spot, Hot Hitter/Streak",50.5,43.3,35.0,96.6,50.0,83.6,Yes,Yes,3,Yes,No,MLB Stats API; RotoWire,,H:2026/2025 P:2026/2025,,,Direct BvP not yet weighted; 2026/2025 Statcast baseline active,7,9,29,3,Hot streak: 3 HR in last 7 games,"same-side matchup; pitcher baseline 7.6% barrel, 10.1 HR allowed",neutral batted-ball profile; pitcher fly-ball pressure modest,11.43,46.32,91.15,101.9284,0.4502,0.203,0.3354,74.57,44.12,40.57,28.43,23.5,0.2102,7.59,43.17,90.48,0.4257,0.1655,23.22,None,72,loanDepot park,
54,547180,Bryce Harper,PHI,NYY,2026-07-26T23:20:00Z,Scheduled,3,Will Warren,701542,R,54.3,Longshot,Watch List,"Projected Lineup, Strong Barrel, Premium Lineup Spot, Platoon Edge",52.1,45.5,34.3,92.1,80.0,18.3,No,No,3,Yes,Yes,RotoWire projected lineup; MLB probable pitchers,lineup projected / unconfirmed,H:2026/2025 P:2026/2025,,,Direct BvP not yet weighted; 2026/2025 Statcast baseline active,7,3,25,1,"Last 7 games: 3/25, 1 HR","platoon edge; pitcher baseline 8.2% barrel, 16.4 HR allowed",neutral batted-ball profile; pitcher fly-ball pressure modest,11.39,45.68,90.46,101.8983,0.4962,0.2268,0.3764,74.27,46.96,38.82,28.08,22.8,0.2309,8.24,41.66,90.44,0.4183,0.1603,24.87,,,Citizens Bank Park,
55,691406,Junior Caminero,TB,CLE,2026-07-26T16:15:00Z,Pre-Game,3,Parker Messick,800048,L,54.2,Longshot,Watch List,"Strong Barrel, Premium Lineup Spot, Platoon Edge",63.3,20.5,41.1,96.6,78.0,33.7,Yes,Yes,3,Yes,No,MLB Stats API; RotoWire,,H:2026/2025 P:2026/2025,,,Direct BvP not yet weighted; 2026/2025 Statcast baseline active,7,10,29,0,Contact streak: 10/29 over last 7 games,"platoon edge; pitcher baseline 5.5% barrel, 8.9 HR allowed",EV profile; pitcher fly-ball pressure modest,13.58,51.4,92.89,105.4307,0.5045,0.232,0.3649,79.41,86.07,46.57,22.93,33.8,0.2654,5.52,32.11,87.47,0.3505,0.1198,21.82,None,72,Tropicana Field,
56,700250,Ben Rice,NYY,PHI,2026-07-26T23:20:00Z,Scheduled,2,Cristopher Sánchez,650911,L,54.2,Longshot,Watch List,"Projected Lineup, Strong Barrel, Premium Lineup Spot",65.6,35.3,34.3,95.5,50.0,21.8,No,No,2,Yes,Yes,RotoWire projected lineup; MLB probable pitchers,lineup projected / unconfirmed,H:2026/2025 P:2026/2025,,,Direct BvP not yet weighted; 2026/2025 Statcast baseline active,7,4,28,1,"Last 7 games: 4/28, 1 HR","same-side matchup; pitcher baseline 7.6% barrel, 12.0 HR allowed",EV profile; pitcher fly-ball pressure modest,15.61,50.5,92.6,102.5712,0.5299,0.2555,0.3819,72.91,28.2,46.99,29.48,28.8,0.2874,7.59,42.6,89.42,0.3618,0.1291,17.74,,,Citizens Bank Park,
57,680777,Ryan Jeffers,MIN,ATH,2026-07-26T18:10:00Z,Scheduled,3,Jeffrey Springs,605488,L,53.8,Longshot,Watch List,"Projected Lineup, Strong Barrel, Premium Lineup Spot, Platoon Edge",46.5,49.4,27.1,92.1,78.0,53.3,No,No,3,Yes,Yes,RotoWire projected lineup; MLB probable pitchers,lineup projected / unconfirmed,H:2026/2025 P:2026/2025,,,Direct BvP not yet weighted; 2026/2025 Statcast baseline active,7,6,26,2,Hot streak: 2 HR in last 7 games,"platoon edge; pitcher baseline 9.4% barrel, 27.3 HR allowed",neutral batted-ball profile; pitcher allows elevated contact,11.48,41.96,90.07,101.4439,0.4539,0.2018,0.3593,72.86,35.45,38.09,29.01,9.0,0.2143,9.43,36.25,88.16,0.4464,0.1967,32.86,,,Target Field,
58,694671,Wyatt Langford,TEX,SEA,2026-07-26T18:35:00Z,Scheduled,2,Logan Gilbert,669302,R,53.8,Longshot,Watch List,"Projected Lineup, Strong Barrel, Premium Lineup Spot, Hot Hitter/Streak",44.9,50.2,27.6,95.5,50.0,99.1,No,No,2,Yes,Yes,RotoWire projected lineup; MLB probable pitchers,lineup projected / unconfirmed,H:2026/2025 P:2026/2025,,,Direct BvP not yet weighted; 2026/2025 Statcast baseline active,7,12,29,3,Hot streak: 3 HR in last 7 games,"same-side matchup; pitcher baseline 9.9% barrel, 16.5 HR allowed",neutral batted-ball profile; pitcher fly-ball pressure modest,10.71,41.75,89.93,101.0034,0.4494,0.1981,0.332,72.89,26.69,41.0,30.32,15.0,0.2271,9.93,42.47,90.45,0.3915,0.1631,29.1,,,Globe Life Field,
59,668804,Bryan Reynolds,PIT,CHC,2026-07-26T17:35:00Z,Scheduled,3,Jameson Taillon,592791,R,53.6,Longshot,Watch List,"Projected Lineup, Strong Barrel, Premium Lineup Spot, Platoon Edge",45.9,63.3,24.3,92.1,75.0,0.0,No,No,3,Yes,Yes,RotoWire projected lineup; MLB probable pitchers,lineup projected / unconfirmed,H:2026/2025 P:2026/2025,,,Direct BvP not yet weighted; 2026/2025 Statcast baseline active,7,3,29,0,"Last 7 games: 3/29, 0 HR","switch hitter; pitcher baseline 12.5% barrel, 22.6 HR allowed",neutral batted-ball profile; pitcher allows elevated contact,10.66,46.14,90.92,101.9224,0.4421,0.1897,0.352,72.62,28.51,40.64,24.9,14.6,0.1752,12.51,38.86,88.51,0.487,0.239,37.03,,,PNC Park,
60,664034,Ty France,SD,MIA,2026-07-26T17:40:00Z,Pre-Game,4,Janson Junk,676083,R,53.5,Longshot,Watch List,"Strong Barrel, Premium Lineup Spot, Hot Hitter/Streak",47.4,43.3,35.0,94.9,50.0,88.6,Yes,Yes,4,Yes,No,MLB Stats API; RotoWire,,H:2026/2025 P:2026/2025,,,Direct BvP not yet weighted; 2026/2025 Statcast baseline active,7,11,32,4,Hot streak: 4 HR in last 7 games,"same-side matchup; pitcher baseline 7.6% barrel, 10.1 HR allowed",neutral batted-ball profile; pitcher fly-ball pressure modest,10.78,48.47,91.53,101.6143,0.446,0.1919,0.3322,71.7,18.41,36.64,24.06,13.3,0.2171,7.59,43.17,90.48,0.4257,0.1655,23.22,None,72,loanDepot park,
61,803011,Sam Antonacci,CWS,HOU,2026-07-26T18:10:00Z,Scheduled,1,Ronel Blanco,669854,R,53.5,Longshot,Watch List,"Projected Lineup, Pitcher Vulnerable, Premium Lineup Spot, Platoon Edge",25.0,88.5,27.6,88.7,80.0,6.0,No,No,1,Yes,Yes,RotoWire projected lineup; MLB probable pitchers,lineup projected / unconfirmed,H:2026 P:2026/2025,,,Direct BvP not yet weighted; 2026/2025 Statcast baseline active,7,4,25,0,"Last 7 games: 4/25, 0 HR","platoon edge; pitcher baseline 28.8% barrel, 3.5 HR allowed",neutral batted-ball profile; pitcher allows elevated contact,6.6,36.0,87.5,98.2286,0.425,0.139,0.357,70.0,8.8,33.3,21.8,7.0,0.131,28.77,52.9,92.13,0.5297,0.3342,62.13,,,Rate Field,
62,666176,Jo Adell,LAA,SF,2026-07-26T20:05:00Z,Scheduled,5,Carson Whisenhunt,687931,L,53.3,Longshot,Watch List,"Projected Lineup, Strong Barrel, Platoon Edge",51.1,51.0,19.3,81.9,78.0,56.2,No,No,5,Yes,Yes,RotoWire projected lineup; MLB probable pitchers,lineup projected / unconfirmed,H:2026/2025 P:2026/2025,,,Direct BvP not yet weighted; 2026/2025 Statcast baseline active,7,6,24,2,Hot streak: 2 HR in last 7 games,"platoon edge; pitcher baseline 7.9% barrel, 2.5 HR allowed",neutral batted-ball profile; pitcher allows elevated contact,11.21,45.17,90.16,102.565,0.4734,0.212,0.3384,77.39,71.86,37.86,27.21,21.6,0.1839,7.88,43.42,90.23,0.4743,0.2046,37.18,,,Oracle Park,
63,683002,Gunnar Henderson,BAL,ATL,2026-07-26T17:35:00Z,Pre-Game,3,Reynaldo López,625643,R,53.1,Longshot,Watch List,"Premium Lineup Spot, Platoon Edge",37.0,41.2,56.1,96.6,80.0,36.5,Yes,Yes,3,Yes,No,MLB Stats API; RotoWire,,H:2026/2025 P:2026/2025,,,Direct BvP not yet weighted; 2026/2025 Statcast baseline active,7,7,29,1,"Last 7 games: 7/29, 1 HR","platoon edge; pitcher baseline 6.8% barrel, 7.3 HR allowed",neutral batted-ball profile; pitcher fly-ball pressure modest,7.62,45.7,90.21,101.3464,0.3956,0.149,0.3144,74.67,47.1,41.5,24.01,17.7,0.178,6.81,40.06,88.43,0.4894,0.1797,26.67,R To L,83,Oriole Park at Camden Yards,
64,665487,Fernando Tatis Jr.,SD,MIA,2026-07-26T17:40:00Z,Pre-Game,1,Janson Junk,676083,R,53.0,Longshot,Watch List,"Strong Barrel, Premium Lineup Spot",51.3,43.3,35.0,93.2,50.0,56.2,Yes,Yes,1,Yes,No,MLB Stats API; RotoWire,,H:2026/2025 P:2026/2025,,,Direct BvP not yet weighted; 2026/2025 Statcast baseline active,7,7,28,2,Hot streak: 2 HR in last 7 games,"same-side matchup; pitcher baseline 7.6% barrel, 10.1 HR allowed",EV profile; pitcher fly-ball pressure modest,10.93,53.06,92.53,104.3522,0.4551,0.1736,0.3602,75.4,57.19,33.33,21.31,13.1,0.136,7.59,43.17,90.48,0.4257,0.1655,23.22,None,72,loanDepot park,
65,663728,Cal Raleigh,SEA,TEX,2026-07-26T18:35:00Z,Scheduled,4,Jacob deGrom,594798,R,52.6,Longshot,Watch List,"Projected Lineup, Strong Barrel, Premium Lineup Spot, Platoon Edge",49.7,49.0,27.6,90.4,75.0,18.3,No,No,4,Yes,Yes,RotoWire projected lineup; MLB probable pitchers,lineup projected / unconfirmed,H:2026/2025 P:2026/2025,,,Direct BvP not yet weighted; 2026/2025 Statcast baseline active,7,3,25,1,"Last 7 games: 3/25, 1 HR","switch hitter; pitcher baseline 9.2% barrel, 19.0 HR allowed",fly-ball profile; pitcher allows elevated contact,13.48,37.42,89.06,100.1384,0.4084,0.2152,0.3101,74.99,53.02,53.38,41.94,25.0,0.1985,9.23,44.21,90.66,0.3959,0.1672,30.02,,,Globe Life Field,
66,680728,Adrian Del Castillo,AZ,WSH,2026-07-26T17:35:00Z,Pre-Game,7,Miles Mikolas,571945,R,52.4,Longshot,Watch List,Platoon Edge,31.7,58.2,64.2,64.3,80.0,42.3,Yes,,,No,Yes,MLB Stats API; RotoWire,not found on RotoWire,H:2026/2025 P:2026/2025,,,Direct BvP not yet weighted; 2026/2025 Statcast baseline active,7,7,25,1,"Last 7 games: 7/25, 1 HR","platoon edge; pitcher baseline 10.0% barrel, 23.4 HR allowed",neutral batted-ball profile; pitcher fly-ball pressure modest,7.05,42.3,89.27,99.2984,0.3437,0.1408,0.2662,72.26,23.62,37.17,31.84,4.7,0.1353,9.97,41.66,89.72,0.4962,0.2165,27.86,Out To LF,84,Nationals Park,
67,661388,William Contreras,MIL,COL,2026-07-26T18:10:00Z,Scheduled,4,Kyle Freeland,607536,L,52.2,Longshot,Watch List,"Projected Lineup, Premium Lineup Spot, Platoon Edge",36.4,62.1,27.6,90.4,78.0,29.2,No,No,4,Yes,Yes,RotoWire projected lineup; MLB probable pitchers,lineup projected / unconfirmed,H:2026/2025 P:2026/2025,,,Direct BvP not yet weighted; 2026/2025 Statcast baseline active,7,5,26,1,"Last 7 games: 5/26, 1 HR","platoon edge; pitcher baseline 10.4% barrel, 20.6 HR allowed",neutral batted-ball profile; pitcher fly-ball pressure modest,6.96,44.37,90.33,101.4947,0.4245,0.1618,0.3322,73.2,35.07,36.25,23.38,12.1,0.1243,10.45,44.71,90.89,0.4933,0.2029,29.43,,,American Family Field,
68,691718,Pete Crow-Armstrong,CHC,PIT,2026-07-26T17:35:00Z,Scheduled,1,Braxton Ashcraft,677952,R,52.0,Longshot,Watch List,"Projected Lineup, Strong Barrel, Premium Lineup Spot, Platoon Edge",52.4,33.3,24.3,88.7,80.0,68.7,No,No,1,Yes,Yes,RotoWire projected lineup; MLB probable pitchers,lineup projected / unconfirmed,H:2026/2025 P:2026/2025,,,Direct BvP not yet weighted; 2026/2025 Statcast baseline active,7,9,27,2,Hot streak: 2 HR in last 7 games,"platoon edge; pitcher baseline 6.1% barrel, 12.1 HR allowed",neutral batted-ball profile; pitcher fly-ball pressure modest,11.91,46.22,89.92,101.6895,0.4743,0.2197,0.3511,74.17,43.9,49.39,34.1,25.4,0.2473,6.1,41.16,89.75,0.3661,0.1318,25.18,,,PNC Park,
69,695731,Braden Montgomery,CWS,HOU,2026-07-26T18:10:00Z,Scheduled,5,Ronel Blanco,669854,R,52.0,Longshot,Watch List,"Projected Lineup, Pitcher Vulnerable, Platoon Edge",20.8,88.1,27.6,81.9,75.0,32.0,No,No,5,Yes,Yes,RotoWire projected lineup; MLB probable pitchers,lineup projected / unconfirmed,H:2026 P:2026/2025,,,Direct BvP not yet weighted; 2026/2025 Statcast baseline active,7,9,27,0,Contact streak: 9/27 over last 7 games,"switch hitter; pitcher baseline 28.8% barrel, 3.5 HR allowed",neutral batted-ball profile; pitcher allows elevated contact,3.7,40.2,89.2,100.0293,0.362,0.118,0.298,69.8,9.4,31.8,18.7,3.0,0.154,28.77,52.9,92.13,0.5297,0.3342,62.13,,,Rate Field,
70,671056,Iván Herrera,STL,CIN,2026-07-26T18:15:00Z,Pre-Game,2,Andrew Abbott,671096,L,51.9,Longshot,Watch List,"Premium Lineup Spot, Platoon Edge",33.2,39.7,65.1,100.0,78.0,12.0,Yes,Yes,2,Yes,No,MLB Stats API; RotoWire,,H:2026/2025 P:2026/2025,,,Direct BvP not yet weighted; 2026/2025 Statcast baseline active,7,6,30,0,"Last 7 games: 6/30, 0 HR","platoon edge; pitcher baseline 7.5% barrel, 16.9 HR allowed",neutral batted-ball profile; pitcher fly-ball pressure modest,7.04,41.54,89.73,101.0104,0.4044,0.1527,0.3435,74.05,44.13,36.26,19.52,13.4,0.1464,7.51,37.06,89.2,0.406,0.1576,28.07,Out To CF,94,Busch Stadium,
71,695670,Harry Ford,WSH,AZ,2026-07-26T17:35:00Z,Pre-Game,7,Kohl Drake,684442,L,51.8,Longshot,Watch List,"Strong Barrel, Platoon Edge",34.1,53.3,64.2,64.3,78.0,43.2,Yes,No,6,Yes,Yes,MLB Stats API; RotoWire,RotoWire not confirmed; order MLB 7 vs RotoWire 6,H:2026/2025 P:2026,,,Direct BvP not yet weighted; 2026/2025 Statcast baseline active,4,4,14,1,"Last 4 games: 4/14, 1 HR","platoon edge; pitcher baseline 15.4% barrel, 0.0 HR allowed",fly-ball profile; pitcher allows elevated contact,16.25,32.5,79.55,97.5708,0.2997,0.1682,0.238,67.03,7.52,16.25,41.25,0.7,0.1995,15.4,46.2,87.7,0.415,0.129,30.8,Out To LF,84,Nationals Park,
72,676724,Jared Young,NYM,LAD,2026-07-26T17:40:00Z,Pre-Game,6,Emmet Sheehan,686218,R,51.8,Longshot,Watch List,"Strong Barrel, Platoon Edge",44.2,47.3,37.8,76.2,80.0,47.2,Yes,No,7,Yes,Yes,MLB Stats API; RotoWire,RotoWire not confirmed; order MLB 6 vs RotoWire 7,H:2026/2025 P:2026/2025,,,Direct BvP not yet weighted; 2026/2025 Statcast baseline active,7,5,16,1,"Last 7 games: 5/16, 1 HR","platoon edge; pitcher baseline 10.2% barrel, 14.0 HR allowed",neutral batted-ball profile; pitcher fly-ball pressure modest,11.71,44.2,88.24,100.9351,0.4301,0.1969,0.3212,73.44,34.58,41.4,26.11,6.1,0.2194,10.24,40.41,89.37,0.3838,0.1612,29.66,In From CF,82,Citi Field,
73,668930,Brice Turang,MIL,COL,2026-07-26T18:10:00Z,Scheduled,3,Kyle Freeland,607536,L,51.8,Longshot,Watch List,"Projected Lineup, Premium Lineup Spot",40.1,62.1,27.6,92.1,50.0,42.3,No,No,3,Yes,Yes,RotoWire projected lineup; MLB probable pitchers,lineup projected / unconfirmed,H:2026/2025 P:2026/2025,,,Direct BvP not yet weighted; 2026/2025 Statcast baseline active,7,7,25,1,"Last 7 games: 7/25, 1 HR","same-side matchup; pitcher baseline 10.4% barrel, 20.6 HR allowed",neutral batted-ball profile; pitcher fly-ball pressure modest,8.49,44.67,90.82,100.6346,0.443,0.1838,0.3455,70.25,12.57,27.16,24.55,15.9,0.1834,10.45,44.71,90.89,0.4933,0.2029,29.43,,,American Family Field,
74,670042,Luke Raley,SEA,TEX,2026-07-26T18:35:00Z,Scheduled,7,Jacob deGrom,594798,R,51.8,Longshot,Watch List,"Projected Lineup, Strong Barrel, Platoon Edge",54.5,51.0,27.6,59.8,80.0,37.8,No,No,7,Yes,Yes,RotoWire projected lineup; MLB probable pitchers,lineup projected / unconfirmed,H:2026/2025 P:2026/2025,,,Direct BvP not yet weighted; 2026/2025 Statcast baseline active,7,4,16,1,"Last 7 games: 4/16, 1 HR","platoon edge; pitcher baseline 9.2% barrel, 19.0 HR allowed",neutral batted-ball profile; pitcher allows elevated contact,14.45,46.01,90.41,102.0186,0.4525,0.2113,0.3344,74.85,51.6,46.64,27.28,11.7,0.1867,9.23,44.21,90.66,0.3959,0.1672,30.02,,,Globe Life Field,
75,663586,Austin Riley,ATL,BAL,2026-07-26T17:35:00Z,Pre-Game,7,Shane Baz,669358,R,51.6,Longshot,Watch List,Strong Barrel,50.9,40.6,56.1,64.3,50.0,63.1,Yes,Yes,7,Yes,No,MLB Stats API; RotoWire,,H:2026/2025 P:2026/2025,,,Direct BvP not yet weighted; 2026/2025 Statcast baseline active,7,8,27,2,Hot streak: 2 HR in last 7 games,"same-side matchup; pitcher baseline 7.8% barrel, 14.1 HR allowed",neutral batted-ball profile; pitcher fly-ball pressure modest,12.26,45.93,91.18,102.7058,0.4104,0.19,0.3069,75.83,59.24,40.64,31.92,13.2,0.1449,7.75,41.22,89.84,0.3972,0.1476,24.66,R To L,83,Oriole Park at Camden Yards,
76,687263,Zach Neto,LAA,SF,2026-07-26T20:05:00Z,Scheduled,1,Carson Whisenhunt,687931,L,51.6,Longshot,Watch List,"Projected Lineup, Strong Barrel, Premium Lineup Spot, Platoon Edge",49.3,51.0,19.3,88.7,78.0,15.3,No,No,1,Yes,Yes,RotoWire projected lineup; MLB probable pitchers,lineup projected / unconfirmed,H:2026/2025 P:2026/2025,,,Direct BvP not yet weighted; 2026/2025 Statcast baseline active,7,6,27,0,"Last 7 games: 6/27, 0 HR","platoon edge; pitcher baseline 7.9% barrel, 2.5 HR allowed",fly-ball profile; pitcher allows elevated contact,13.16,41.91,89.95,100.2689,0.4313,0.2139,0.3188,71.19,13.23,47.55,35.17,21.1,0.2114,7.88,43.42,90.23,0.4743,0.2046,37.18,,,Oracle Park,
77,671277,Luis García Jr.,WSH,AZ,2026-07-26T17:35:00Z,Pre-Game,8,Kohl Drake,684442,L,51.5,Longshot,Watch List,Strong Barrel,48.4,53.3,64.2,52.4,50.0,25.3,Yes,,,No,Yes,MLB Stats API; RotoWire,not found on RotoWire,H:2026/2025 P:2026,,,Direct BvP not yet weighted; 2026/2025 Statcast baseline active,7,4,24,1,"Last 7 games: 4/24, 1 HR","same-side matchup; pitcher baseline 15.4% barrel, 0.0 HR allowed",neutral batted-ball profile; pitcher allows elevated contact,10.54,45.66,91.18,101.7221,0.4931,0.2065,0.3495,73.38,35.35,39.96,21.77,19.5,0.2342,15.4,46.2,87.7,0.415,0.129,30.8,Out To LF,84,Nationals Park,
78,518692,Freddie Freeman,LAD,NYM,2026-07-26T17:40:00Z,Pre-Game,3,Freddy Peralta,642547,R,51.4,Longshot,Watch List,"Strong Barrel, Premium Lineup Spot, Platoon Edge",45.5,32.2,37.8,96.6,80.0,45.0,Yes,Yes,3,Yes,No,MLB Stats API; RotoWire,,H:2026/2025 P:2026/2025,,,Direct BvP not yet weighted; 2026/2025 Statcast baseline active,7,12,26,0,Contact streak: 12/26 over last 7 games,"platoon edge; pitcher baseline 6.6% barrel, 18.2 HR allowed",neutral batted-ball profile; pitcher fly-ball pressure modest,10.19,44.3,90.41,100.7315,0.4915,0.2021,0.3745,70.25,8.68,36.75,28.68,17.7,0.1944,6.57,37.44,87.86,0.3638,0.1382,27.08,In From CF,82,Citi Field,
79,677594,Julio Rodriguez,SEA,TEX,2026-07-26T18:35:00Z,Scheduled,2,Jacob deGrom,594798,R,51.2,Longshot,Watch List,"Projected Lineup, Premium Lineup Spot",47.0,51.0,27.6,95.5,50.0,29.2,No,No,2,Yes,Yes,RotoWire projected lineup; MLB probable pitchers,lineup projected / unconfirmed,H:2026/2025 P:2026/2025,,,Direct BvP not yet weighted; 2026/2025 Statcast baseline active,7,5,26,1,"Last 7 games: 5/26, 1 HR","same-side matchup; pitcher baseline 9.2% barrel, 19.0 HR allowed",neutral batted-ball profile; pitcher allows elevated contact,9.31,45.13,90.61,102.9715,0.4713,0.1999,0.3454,76.54,66.35,37.09,25.28,20.1,0.1776,9.23,44.21,90.66,0.3959,0.1672,30.02,,,Globe Life Field,
80,802139,JJ Wetherholt,STL,CIN,2026-07-26T18:15:00Z,Pre-Game,1,Andrew Abbott,671096,L,50.9,Longshot,Watch List,Premium Lineup Spot,39.1,39.7,65.1,93.2,50.0,22.6,Yes,Yes,1,Yes,No,MLB Stats API; RotoWire,,H:2026 P:2026/2025,,,Direct BvP not yet weighted; 2026/2025 Statcast baseline active,7,4,27,1,"Last 7 games: 4/27, 1 HR","same-side matchup; pitcher baseline 7.5% barrel, 16.9 HR allowed",neutral batted-ball profile; pitcher fly-ball pressure modest,7.3,45.1,90.0,99.4495,0.435,0.177,0.349,72.3,22.3,36.8,30.2,15.0,0.142,7.51,37.06,89.2,0.406,0.1576,28.07,Out To CF,94,Busch Stadium,
81,669394,Jake Burger,TEX,SEA,2026-07-26T18:35:00Z,Scheduled,5,Logan Gilbert,669302,R,50.8,Longshot,Watch List,"Projected Lineup, Strong Barrel",48.1,50.2,27.6,81.9,50.0,54.9,No,No,5,Yes,Yes,RotoWire projected lineup; MLB probable pitchers,lineup projected / unconfirmed,H:2026/2025 P:2026/2025,,,Direct BvP not yet weighted; 2026/2025 Statcast baseline active,7,7,29,2,Hot streak: 2 HR in last 7 games,"same-side matchup; pitcher baseline 9.9% barrel, 16.5 HR allowed",neutral batted-ball profile; pitcher fly-ball pressure modest,11.66,46.89,90.05,102.7038,0.4269,0.1886,0.3121,75.16,56.3,42.72,27.41,17.4,0.1865,9.93,42.47,90.45,0.3915,0.1631,29.1,,,Globe Life Field,
82,681297,Colton Cowser,BAL,ATL,2026-07-26T17:35:00Z,Pre-Game,6,Reynaldo López,625643,R,50.6,Longshot,Watch List,"Strong Barrel, Platoon Edge",43.8,41.2,56.1,76.2,80.0,0.0,Yes,Yes,6,Yes,No,MLB Stats API; RotoWire,,H:2026/2025 P:2026/2025,,,Direct BvP not yet weighted; 2026/2025 Statcast baseline active,7,0,10,0,"Last 7 games: 0/10, 0 HR","platoon edge; pitcher baseline 6.8% barrel, 7.3 HR allowed",neutral batted-ball profile; pitcher fly-ball pressure modest,11.51,40.05,88.17,100.4885,0.4089,0.2016,0.3119,74.44,44.64,38.8,33.27,10.4,0.1442,6.81,40.06,88.43,0.4894,0.1797,26.67,R To L,83,Oriole Park at Camden Yards,
83,592885,Christian Yelich,MIL,COL,2026-07-26T18:10:00Z,Scheduled,1,Kyle Freeland,607536,L,50.5,Longshot,Watch List,"Projected Lineup, Premium Lineup Spot",38.4,62.1,27.6,88.7,50.0,36.5,No,No,1,Yes,Yes,RotoWire projected lineup; MLB probable pitchers,lineup projected / unconfirmed,H:2026/2025 P:2026/2025,,,Direct BvP not yet weighted; 2026/2025 Statcast baseline active,7,7,29,1,"Last 7 games: 7/29, 1 HR","same-side matchup; pitcher baseline 10.4% barrel, 20.6 HR allowed",neutral batted-ball profile; pitcher fly-ball pressure modest,9.74,43.6,89.5,101.035,0.3998,0.1688,0.3139,73.26,32.17,34.24,20.56,13.6,0.1642,10.45,44.71,90.89,0.4933,0.2029,29.43,,,American Family Field,
84,656811,Ryan O'Hearn,PIT,CHC,2026-07-26T17:35:00Z,Scheduled,5,Jameson Taillon,592791,R,50.4,Longshot,Watch List,"Projected Lineup, Platoon Edge",36.1,65.0,24.3,81.9,80.0,10.8,No,No,5,Yes,Yes,RotoWire projected lineup; MLB probable pitchers,lineup projected / unconfirmed,H:2026/2025 P:2026/2025,,,Direct BvP not yet weighted; 2026/2025 Statcast baseline active,7,5,26,0,"Last 7 games: 5/26, 0 HR","platoon edge; pitcher baseline 12.5% barrel, 22.6 HR allowed",neutral batted-ball profile; pitcher allows elevated contact,7.53,44.32,89.68,99.5711,0.422,0.1593,0.3318,71.17,11.99,38.73,28.71,16.3,0.1742,12.51,38.86,88.51,0.487,0.239,37.03,,,PNC Park,
85,683734,Andrew Vaughn,MIL,COL,2026-07-26T18:10:00Z,Scheduled,5,Kyle Freeland,607536,L,50.4,Longshot,Watch List,"Projected Lineup, Platoon Edge",32.9,62.1,27.6,81.9,78.0,39.8,No,No,5,Yes,Yes,RotoWire projected lineup; MLB probable pitchers,lineup projected / unconfirmed,H:2026/2025 P:2026/2025,,,Direct BvP not yet weighted; 2026/2025 Statcast baseline active,7,5,19,1,"Last 7 games: 5/19, 1 HR","platoon edge; pitcher baseline 10.4% barrel, 20.6 HR allowed",neutral batted-ball profile; pitcher fly-ball pressure modest,7.03,42.73,90.41,99.7546,0.4195,0.1423,0.3434,70.42,10.52,34.77,24.27,6.3,0.1661,10.45,44.71,90.89,0.4933,0.2029,29.43,,,American Family Field,
86,683737,Michael Busch,CHC,PIT,2026-07-26T17:35:00Z,Scheduled,3,Braxton Ashcraft,677952,R,50.3,Longshot,Watch List,"Projected Lineup, Strong Barrel, Premium Lineup Spot, Platoon Edge",46.5,33.3,24.3,92.1,80.0,64.1,No,No,3,Yes,Yes,RotoWire projected lineup; MLB probable pitchers,lineup projected / unconfirmed,H:2026/2025 P:2026/2025,,,Direct BvP not yet weighted; 2026/2025 Statcast baseline active,7,10,33,2,Hot streak: 2 HR in last 7 games,"platoon edge; pitcher baseline 6.1% barrel, 12.1 HR allowed",fly-ball profile; pitcher fly-ball pressure modest,12.13,42.54,89.61,99.7784,0.45,0.2097,0.3507,68.76,5.11,39.37,35.18,19.3,0.1878,6.1,41.16,89.75,0.3661,0.1318,25.18,,,PNC Park,
87,605137,Josh Bell,MIN,ATH,2026-07-26T18:10:00Z,Scheduled,4,Jeffrey Springs,605488,L,50.3,Longshot,Watch List,"Projected Lineup, Strong Barrel, Premium Lineup Spot, Platoon Edge",44.7,48.3,27.1,90.4,75.0,9.8,No,No,4,Yes,Yes,RotoWire projected lineup; MLB probable pitchers,lineup projected / unconfirmed,H:2026/2025 P:2026/2025,,,Direct BvP not yet weighted; 2026/2025 Statcast baseline active,7,5,27,0,"Last 7 games: 5/27, 0 HR","switch hitter; pitcher baseline 9.4% barrel, 27.3 HR allowed",neutral batted-ball profile; pitcher allows elevated contact,10.42,44.27,90.05,100.9738,0.4486,0.2003,0.3317,72.26,28.11,41.15,26.36,15.7,0.173,9.43,36.25,88.16,0.4464,0.1967,32.86,,,Target Field,
88,687637,Dylan Beavers,BAL,ATL,2026-07-26T17:35:00Z,Pre-Game,1,Reynaldo López,625643,R,49.9,Longshot,Watch List,"Premium Lineup Spot, Platoon Edge",27.6,41.2,56.1,93.2,80.0,45.0,Yes,Yes,1,Yes,No,MLB Stats API; RotoWire,,H:2026/2025 P:2026/2025,,,Direct BvP not yet weighted; 2026/2025 Statcast baseline active,7,9,21,0,Contact streak: 9/21 over last 7 games,"platoon edge; pitcher baseline 6.8% barrel, 7.3 HR allowed",neutral batted-ball profile; pitcher fly-ball pressure modest,6.57,35.07,88.45,99.239,0.3758,0.146,0.3181,72.13,18.8,41.51,29.36,2.6,0.1296,6.81,40.06,88.43,0.4894,0.1797,26.67,R To L,83,Oriole Park at Camden Yards,
89,693307,Dillon Dingler,DET,KC,2026-07-26T17:40:00Z,Pre-Game,5,Luinder Avila,679883,R,49.9,Longshot,Watch List,"Strong Barrel, Hot Hitter/Streak",49.0,19.3,51.6,86.4,50.0,95.7,Yes,Yes,5,Yes,No,MLB Stats API; RotoWire,,H:2026/2025 P:2026/2025,,,Direct BvP not yet weighted; 2026/2025 Statcast baseline active,7,9,23,3,Hot streak: 3 HR in last 7 games,"same-side matchup; pitcher baseline 5.2% barrel, 4.2 HR allowed",neutral batted-ball profile; pitcher fly-ball pressure modest,10.74,46.4,89.72,101.1107,0.5065,0.2193,0.3692,71.84,16.42,40.94,28.78,19.3,0.2261,5.21,33.46,87.53,0.3431,0.1214,22.4,R To L,77,Comerica Park,
90,667472,Dane Myers,CIN,STL,2026-07-26T18:15:00Z,Pre-Game,6,Kyle Leahy,681517,R,49.8,Longshot,Watch List,No major boost,31.8,54.9,65.1,76.2,50.0,23.7,Yes,Yes,6,Yes,No,MLB Stats API; RotoWire,,H:2026/2025 P:2026/2025,,,Direct BvP not yet weighted; 2026/2025 Statcast baseline active,7,5,18,0,"Last 7 games: 5/18, 0 HR","same-side matchup; pitcher baseline 10.4% barrel, 8.5 HR allowed",neutral batted-ball profile; pitcher fly-ball pressure modest,6.96,36.68,90.14,99.6992,0.4098,0.1561,0.3334,71.56,20.11,26.67,26.5,3.9,0.1106,10.43,48.44,90.85,0.4478,0.1782,22.19,Out To CF,94,Busch Stadium,
91,696100,Hunter Goodman,COL,MIL,2026-07-26T18:10:00Z,Scheduled,3,Jacob Misiorowski,694819,R,49.6,Longshot,Watch List,"Projected Lineup, Strong Barrel, Premium Lineup Spot, Hot Hitter/Streak",60.8,15.8,27.6,92.1,50.0,85.0,No,No,3,Yes,Yes,RotoWire projected lineup; MLB probable pitchers,lineup projected / unconfirmed,H:2026/2025 P:2026/2025,,,Direct BvP not yet weighted; 2026/2025 Statcast baseline active,7,8,25,4,Hot streak: 4 HR in last 7 games,"same-side matchup; pitcher baseline 4.5% barrel, 8.7 HR allowed",neutral batted-ball profile; pitcher fly-ball pressure modest,15.91,46.06,90.8,102.8975,0.4763,0.2378,0.3339,75.1,50.89,48.42,31.64,31.0,0.2826,4.47,34.7,87.46,0.2747,0.0954,24.59,,,American Family Field,
92,696285,Jacob Young,WSH,AZ,2026-07-26T17:35:00Z,Pre-Game,6,Kohl Drake,684442,L,49.5,Longshot,Watch List,Platoon Edge,20.8,53.3,64.2,76.2,78.0,50.3,Yes,No,5,Yes,Yes,MLB Stats API; RotoWire,RotoWire not confirmed; order MLB 6 vs RotoWire 5,H:2026/2025 P:2026,,,Direct BvP not yet weighted; 2026/2025 Statcast baseline active,7,7,21,1,Contact streak: 7/21 over last 7 games,"platoon edge; pitcher baseline 15.4% barrel, 0.0 HR allowed",neutral batted-ball profile; pitcher allows elevated contact,5.4,35.11,88.44,98.4918,0.3787,0.1181,0.3068,69.07,2.23,34.86,23.02,6.9,0.1211,15.4,46.2,87.7,0.415,0.129,30.8,Out To LF,84,Nationals Park,
93,691016,Tyler Soderstrom,ATH,MIN,2026-07-26T18:10:00Z,Scheduled,3,Connor Prielipp,687570,L,49.5,Longshot,Watch List,"Projected Lineup, Strong Barrel, Premium Lineup Spot",44.7,45.4,27.1,92.1,50.0,48.5,No,No,3,Yes,Yes,RotoWire projected lineup; MLB probable pitchers,lineup projected / unconfirmed,H:2026/2025 P:2026,,,Direct BvP not yet weighted; 2026/2025 Statcast baseline active,7,9,28,1,Contact streak: 9/28 over last 7 games,"same-side matchup; pitcher baseline 9.4% barrel, 8.0 HR allowed",neutral batted-ball profile; pitcher fly-ball pressure modest,10.35,45.53,90.55,101.9102,0.4339,0.1771,0.3396,74.28,42.38,36.07,25.67,18.7,0.2148,9.4,39.6,90.2,0.407,0.171,26.0,,,Target Field,
94,672695,Geraldo Perdomo,AZ,WSH,2026-07-26T17:35:00Z,Pre-Game,2,Miles Mikolas,571945,R,49.3,Longshot,Watch List,"Premium Lineup Spot, Platoon Edge",12.8,56.5,64.2,100.0,75.0,23.4,Yes,,,No,Yes,MLB Stats API; RotoWire,not found on RotoWire,H:2026/2025 P:2026/2025,,,Direct BvP not yet weighted; 2026/2025 Statcast baseline active,7,4,26,1,"Last 7 games: 4/26, 1 HR","switch hitter; pitcher baseline 10.0% barrel, 23.4 HR allowed",neutral batted-ball profile; pitcher fly-ball pressure modest,3.89,29.59,87.18,96.5504,0.3582,0.104,0.3343,67.46,2.22,44.15,26.36,10.9,0.1321,9.97,41.66,89.72,0.4962,0.2165,27.86,Out To LF,84,Nationals Park,
95,701807,Carson Benge,NYM,LAD,2026-07-26T17:40:00Z,Pre-Game,4,Emmet Sheehan,686218,R,49.1,Longshot,Watch List,"Premium Lineup Spot, Platoon Edge",33.0,47.3,37.8,94.9,80.0,14.1,Yes,No,4,Yes,Yes,MLB Stats API; RotoWire,RotoWire not confirmed,H:2026 P:2026/2025,,,Direct BvP not yet weighted; 2026/2025 Statcast baseline active,7,6,28,0,"Last 7 games: 6/28, 0 HR","platoon edge; pitcher baseline 10.2% barrel, 14.0 HR allowed",neutral batted-ball profile; pitcher fly-ball pressure modest,7.7,40.3,89.1,100.0341,0.432,0.152,0.338,71.1,18.7,32.4,25.5,11.0,0.131,10.24,40.41,89.37,0.3838,0.1612,29.66,In From CF,82,Citi Field,
96,669016,Brandon Marsh,PHI,NYY,2026-07-26T23:20:00Z,Scheduled,5,Will Warren,701542,R,49.1,Longshot,Watch List,"Projected Lineup, Platoon Edge",40.5,45.5,34.3,81.9,80.0,19.9,No,No,5,Yes,Yes,RotoWire projected lineup; MLB probable pitchers,lineup projected / unconfirmed,H:2026/2025 P:2026/2025,,,Direct BvP not yet weighted; 2026/2025 Statcast baseline active,7,3,23,1,"Last 7 games: 3/23, 1 HR","platoon edge; pitcher baseline 8.2% barrel, 16.4 HR allowed",neutral batted-ball profile; pitcher fly-ball pressure modest,9.17,45.98,90.12,100.4147,0.4334,0.1683,0.3209,71.47,15.33,38.12,26.38,14.5,0.177,8.24,41.66,90.44,0.4183,0.1603,24.87,,,Citizens Bank Park,
97,672960,Kazuma Okamoto,TOR,BOS,2026-07-26T17:35:00Z,Pre-Game,3,Ranger Suarez,624133,L,48.9,Longshot,Watch List,"Projected Lineup, Strong Barrel, Premium Lineup Spot, Platoon Edge",54.8,16.3,40.2,92.1,78.0,18.3,No,No,3,Yes,Yes,RotoWire projected lineup; MLB probable pitchers,lineup projected / unconfirmed,H:2026 P:2026/2025,,,Direct BvP not yet weighted; 2026/2025 Statcast baseline active,7,3,25,1,"Last 7 games: 3/25, 1 HR","platoon edge; pitcher baseline 5.3% barrel, 7.7 HR allowed",neutral batted-ball profile; pitcher fly-ball pressure modest,14.0,46.5,91.0,102.0902,0.428,0.217,0.316,73.3,36.0,51.4,33.3,23.0,0.221,5.29,31.1,86.15,0.3419,0.1082,23.05,In From RF,73,Fenway Park,
98,669003,Garrett Mitchell,MIL,COL,2026-07-26T18:10:00Z,Scheduled,7,Kyle Freeland,607536,L,48.8,Longshot,Watch List,"Projected Lineup, Strong Barrel",49.3,62.1,27.6,59.8,50.0,13.3,No,No,7,Yes,Yes,RotoWire projected lineup; MLB probable pitchers,lineup projected / unconfirmed,H:2026/2025 P:2026/2025,,,Direct BvP not yet weighted; 2026/2025 Statcast baseline active,7,5,24,0,"Last 7 games: 5/24, 0 HR","same-side matchup; pitcher baseline 10.4% barrel, 20.6 HR allowed",neutral batted-ball profile; pitcher fly-ball pressure modest,11.95,47.31,91.94,103.3697,0.4236,0.1722,0.3342,77.01,75.97,33.93,18.88,5.6,0.1482,10.45,44.71,90.89,0.4933,0.2029,29.43,,,American Family Field,
99,571448,Nolan Arenado,AZ,WSH,2026-07-26T17:35:00Z,Pre-Game,6,Miles Mikolas,571945,R,48.4,Longshot,Watch List,No major boost,20.2,58.2,64.2,76.2,50.0,59.6,Yes,,,No,Yes,MLB Stats API; RotoWire,not found on RotoWire,H:2026/2025 P:2026/2025,,,Direct BvP not yet weighted; 2026/2025 Statcast baseline active,7,6,22,2,Hot streak: 2 HR in last 7 games,"same-side matchup; pitcher baseline 10.0% barrel, 23.4 HR allowed",neutral batted-ball profile; pitcher fly-ball pressure modest,6.31,32.95,85.75,97.2238,0.3646,0.1248,0.2988,71.4,16.2,43.99,27.51,13.4,0.168,9.97,41.66,89.72,0.4962,0.2165,27.86,Out To LF,84,Nationals Park,
100,668904,Royce Lewis,MIN,ATH,2026-07-26T18:10:00Z,Scheduled,5,Jeffrey Springs,605488,L,48.3,Longshot,Watch List,"Projected Lineup, Strong Barrel, Platoon Edge",40.9,49.4,27.1,81.9,78.0,8.1,No,No,5,Yes,Yes,RotoWire projected lineup; MLB probable pitchers,lineup projected / unconfirmed,H:2026/2025 P:2026/2025,,,Direct BvP not yet weighted; 2026/2025 Statcast baseline active,7,4,23,0,"Last 7 games: 4/23, 0 HR","platoon edge; pitcher baseline 9.4% barrel, 27.3 HR allowed",neutral batted-ball profile; pitcher allows elevated contact,11.01,41.0,89.38,100.5632,0.3867,0.1607,0.3012,74.37,47.92,46.79,31.48,10.9,0.1629,9.43,36.25,88.16,0.4464,0.1967,32.86,,,Target Field,
101,624585,Jorge Soler,LAA,SF,2026-07-26T20:05:00Z,Scheduled,4,Carson Whisenhunt,687931,L,48.2,Longshot,Watch List,"Projected Lineup, Strong Barrel, Premium Lineup Spot, Platoon Edge",40.5,51.0,19.3,90.4,78.0,0.0,No,No,4,Yes,Yes,RotoWire projected lineup; MLB probable pitchers,lineup projected / unconfirmed,H:2026/2025 P:2026/2025,,,Direct BvP not yet weighted; 2026/2025 Statcast baseline active,7,3,27,0,"Last 7 games: 3/27, 0 HR","platoon edge; pitcher baseline 7.9% barrel, 2.5 HR allowed",neutral batted-ball profile; pitcher allows elevated contact,11.61,42.84,88.86,101.7446,0.3695,0.1634,0.294,74.7,48.62,50.84,24.75,11.3,0.1671,7.88,43.42,90.23,0.4743,0.2046,37.18,,,Oracle Park,
102,663757,Trent Grisham,NYY,PHI,2026-07-26T23:20:00Z,Scheduled,3,Cristopher Sánchez,650911,L,48.2,Longshot,Watch List,"Projected Lineup, Strong Barrel, Premium Lineup Spot",49.4,35.3,34.3,92.1,50.0,18.3,No,No,3,Yes,Yes,RotoWire projected lineup; MLB probable pitchers,lineup projected / unconfirmed,H:2026/2025 P:2026/2025,,,Direct BvP not yet weighted; 2026/2025 Statcast baseline active,7,2,27,1,"Last 7 games: 2/27, 1 HR","same-side matchup; pitcher baseline 7.6% barrel, 12.0 HR allowed",neutral batted-ball profile; pitcher fly-ball pressure modest,11.61,45.84,91.03,100.8159,0.4609,0.2101,0.3546,70.58,8.63,46.54,30.7,17.9,0.1926,7.59,42.6,89.42,0.3618,0.1291,17.74,,,Citizens Bank Park,
103,668723,Ryan Vilade,TB,CLE,2026-07-26T16:15:00Z,Pre-Game,2,Parker Messick,800048,L,48.1,Longshot,Watch List,"Premium Lineup Spot, Platoon Edge",40.8,20.5,41.1,100.0,78.0,50.2,Yes,Yes,2,Yes,No,MLB Stats API; RotoWire,,H:2026/2025 P:2026/2025,,,Direct BvP not yet weighted; 2026/2025 Statcast baseline active,7,4,19,2,Hot streak: 2 HR in last 7 games,"platoon edge; pitcher baseline 5.5% barrel, 8.9 HR allowed",neutral batted-ball profile; pitcher fly-ball pressure modest,7.88,48.96,91.56,102.2027,0.3816,0.1485,0.3069,75.73,57.26,24.5,24.75,5.6,0.154,5.52,32.11,87.47,0.3505,0.1198,21.82,None,72,Tropicana Field,
104,687515,Colby Thomas,ATH,MIN,2026-07-26T18:10:00Z,Scheduled,5,Connor Prielipp,687570,L,48.0,Longshot,Watch List,"Projected Lineup, Strong Barrel, Platoon Edge",44.0,45.4,27.1,81.9,78.0,0.0,No,No,5,Yes,Yes,RotoWire projected lineup; MLB probable pitchers,lineup projected / unconfirmed,H:2026/2025 P:2026,,,Direct BvP not yet weighted; 2026/2025 Statcast baseline active,7,1,13,0,"Last 7 games: 1/13, 0 HR","platoon edge; pitcher baseline 9.4% barrel, 8.0 HR allowed",fly-ball profile; pitcher fly-ball pressure modest,10.78,40.06,90.03,100.9427,0.379,0.1865,0.2661,75.29,54.59,37.32,35.68,4.6,0.1598,9.4,39.6,90.2,0.407,0.171,26.0,,,Target Field,
105,800050,Chase DeLauter,CLE,TB,2026-07-26T16:15:00Z,Pre-Game,3,Drew Rasmussen,656876,R,47.9,Longshot,Watch List,"Premium Lineup Spot, Platoon Edge",36.0,30.8,41.1,96.6,80.0,35.6,Yes,Yes,3,Yes,No,MLB Stats API; RotoWire,,H:2026 P:2026/2025,,,Direct BvP not yet weighted; 2026/2025 Statcast baseline active,7,10,28,0,Contact streak: 10/28 over last 7 games,"platoon edge; pitcher baseline 6.7% barrel, 13.8 HR allowed",neutral batted-ball profile; pitcher fly-ball pressure modest,6.7,45.4,91.1,101.5859,0.438,0.158,0.346,71.5,18.6,38.2,20.5,11.0,0.166,6.72,36.72,88.5,0.3708,0.1327,22.68,None,72,Tropicana Field,
106,805999,A.J. Ewing,NYM,LAD,2026-07-26T17:40:00Z,Pre-Game,1,Emmet Sheehan,686218,R,47.9,Longshot,Watch List,"Premium Lineup Spot, Platoon Edge",30.5,47.3,37.8,93.2,80.0,11.0,Yes,No,1,Yes,Yes,MLB Stats API; RotoWire,RotoWire not confirmed,H:2026 P:2026/2025,,,Direct BvP not yet weighted; 2026/2025 Statcast baseline active,7,6,31,0,"Last 7 games: 6/31, 0 HR","platoon edge; pitcher baseline 10.2% barrel, 14.0 HR allowed",neutral batted-ball profile; pitcher fly-ball pressure modest,6.7,41.8,89.4,100.0632,0.399,0.144,0.32,70.2,11.0,32.1,25.5,7.0,0.146,10.24,40.41,89.37,0.3838,0.1612,29.66,In From CF,82,Citi Field,
107,687093,Vaughn Grissom,LAA,SF,2026-07-26T20:05:00Z,Scheduled,3,Carson Whisenhunt,687931,L,47.9,Longshot,Watch List,"Projected Lineup, Premium Lineup Spot, Platoon Edge",32.6,51.0,19.3,92.1,78.0,41.7,No,No,3,Yes,Yes,RotoWire projected lineup; MLB probable pitchers,lineup projected / unconfirmed,H:2026 P:2026/2025,,,Direct BvP not yet weighted; 2026/2025 Statcast baseline active,7,8,29,1,"Last 7 games: 8/29, 1 HR","platoon edge; pitcher baseline 7.9% barrel, 2.5 HR allowed",neutral batted-ball profile; pitcher allows elevated contact,7.1,41.0,89.0,99.7119,0.417,0.154,0.333,71.7,21.5,39.9,26.8,6.0,0.143,7.88,43.42,90.23,0.4743,0.2046,37.18,,,Oracle Park,
108,671218,Heliot Ramos,SF,LAA,2026-07-26T20:05:00Z,Scheduled,3,José Soriano,667755,R,47.9,Longshot,Watch List,"Projected Lineup, Strong Barrel, Premium Lineup Spot",53.9,36.6,19.3,92.1,50.0,21.0,No,No,3,Yes,Yes,RotoWire projected lineup; MLB probable pitchers,lineup projected / unconfirmed,H:2026/2025 P:2026/2025,,,Direct BvP not yet weighted; 2026/2025 Statcast baseline active,7,4,29,1,"Last 7 games: 4/29, 1 HR","same-side matchup; pitcher baseline 7.8% barrel, 12.0 HR allowed",EV profile; pitcher fly-ball pressure modest,13.49,49.22,92.22,103.153,0.4597,0.1981,0.3298,72.74,30.21,35.06,23.23,12.6,0.1685,7.83,40.78,89.51,0.3803,0.1369,18.68,,,Oracle Park,
109,502671,Paul Goldschmidt,NYY,PHI,2026-07-26T23:20:00Z,Scheduled,4,Cristopher Sánchez,650911,L,47.9,Longshot,Watch List,"Projected Lineup, Strong Barrel, Premium Lineup Spot, Platoon Edge",38.4,35.3,34.3,90.4,78.0,39.5,No,No,4,Yes,Yes,RotoWire projected lineup; MLB probable pitchers,lineup projected / unconfirmed,H:2026/2025 P:2026/2025,,,Direct BvP not yet weighted; 2026/2025 Statcast baseline active,7,6,23,1,"Last 7 games: 6/23, 1 HR","platoon edge; pitcher baseline 7.6% barrel, 12.0 HR allowed",neutral batted-ball profile; pitcher fly-ball pressure modest,10.31,39.64,87.74,99.5675,0.4297,0.1868,0.3143,71.69,16.37,33.74,29.0,14.2,0.1983,7.59,42.6,89.42,0.3618,0.1291,17.74,,,Citizens Bank Park,
110,673548,Seiya Suzuki,CHC,PIT,2026-07-26T17:35:00Z,Scheduled,2,Braxton Ashcraft,677952,R,47.6,Longshot,Watch List,"Projected Lineup, Strong Barrel, Premium Lineup Spot",46.9,33.3,24.3,95.5,50.0,53.3,No,No,2,Yes,Yes,RotoWire projected lineup; MLB probable pitchers,lineup projected / unconfirmed,H:2026/2025 P:2026/2025,,,Direct BvP not yet weighted; 2026/2025 Statcast baseline active,7,6,26,2,Hot streak: 2 HR in last 7 games,"same-side matchup; pitcher baseline 6.1% barrel, 12.1 HR allowed",neutral batted-ball profile; pitcher fly-ball pressure modest,11.84,43.03,89.69,101.4024,0.4461,0.197,0.3408,73.33,36.36,43.09,30.15,21.5,0.2113,6.1,41.16,89.75,0.3661,0.1318,25.18,,,PNC Park,
111,668227,Randy Arozarena,SEA,TEX,2026-07-26T18:35:00Z,Scheduled,3,Jacob deGrom,594798,R,47.6,Longshot,Watch List,"Projected Lineup, Premium Lineup Spot",39.2,51.0,27.6,92.1,50.0,18.0,No,No,3,Yes,Yes,RotoWire projected lineup; MLB probable pitchers,lineup projected / unconfirmed,H:2026/2025 P:2026/2025,,,Direct BvP not yet weighted; 2026/2025 Statcast baseline active,7,6,25,0,"Last 7 games: 6/25, 0 HR","same-side matchup; pitcher baseline 9.2% barrel, 19.0 HR allowed",neutral batted-ball profile; pitcher allows elevated contact,8.91,44.86,91.09,101.0466,0.4198,0.1655,0.3445,71.32,24.76,33.84,21.86,15.8,0.167,9.23,44.21,90.66,0.3959,0.1672,30.02,,,Globe Life Field,
112,694374,Tim Tawa,AZ,WSH,2026-07-26T17:35:00Z,Pre-Game,9,Miles Mikolas,571945,R,47.5,Longshot,Watch List,No major boost,34.9,58.2,64.2,44.8,50.0,32.0,Yes,,,No,Yes,MLB Stats API; RotoWire,not found on RotoWire,H:2026/2025 P:2026/2025,,,Direct BvP not yet weighted; 2026/2025 Statcast baseline active,7,8,24,0,Contact streak: 8/24 over last 7 games,"same-side matchup; pitcher baseline 10.0% barrel, 23.4 HR allowed",neutral batted-ball profile; pitcher fly-ball pressure modest,8.18,41.26,89.27,99.6142,0.3841,0.1543,0.3005,73.94,37.86,43.39,26.19,4.9,0.1649,9.97,41.66,89.72,0.4962,0.2165,27.86,Out To LF,84,Nationals Park,
113,645277,Ozzie Albies,ATL,BAL,2026-07-26T17:35:00Z,Pre-Game,2,Shane Baz,669358,R,47.5,Longshot,Watch List,"Premium Lineup Spot, Platoon Edge, Hot Hitter/Streak",16.6,39.1,56.1,100.0,75.0,70.9,Yes,Yes,2,Yes,No,MLB Stats API; RotoWire,,H:2026/2025 P:2026/2025,,,Direct BvP not yet weighted; 2026/2025 Statcast baseline active,7,7,31,3,Hot streak: 3 HR in last 7 games,"switch hitter; pitcher baseline 7.8% barrel, 14.1 HR allowed",neutral batted-ball profile; pitcher fly-ball pressure modest,4.48,28.39,87.01,96.7904,0.3625,0.1244,0.2892,69.0,6.02,46.84,31.9,16.7,0.1614,7.75,41.22,89.84,0.3972,0.1476,24.66,R To L,83,Oriole Park at Camden Yards,
114,691788,Joe Mack,MIA,SD,2026-07-26T17:40:00Z,Pre-Game,9,Walker Buehler,621111,R,47.4,Longshot,Watch List,"Strong Barrel, Platoon Edge, Hot Hitter/Streak",44.0,44.1,35.0,44.8,80.0,71.1,Yes,Yes,9,Yes,No,MLB Stats API; RotoWire,,H:2026 P:2026/2025,,,Direct BvP not yet weighted; 2026/2025 Statcast baseline active,7,5,22,3,Hot streak: 3 HR in last 7 games,"platoon edge; pitcher baseline 8.8% barrel, 15.0 HR allowed",neutral batted-ball profile; pitcher fly-ball pressure modest,10.7,39.7,89.2,100.2484,0.447,0.205,0.322,74.4,44.7,48.1,28.2,10.0,0.203,8.8,40.18,89.51,0.4164,0.1603,24.21,None,72,loanDepot park,
115,621493,Taylor Ward,BAL,ATL,2026-07-26T17:35:00Z,Pre-Game,4,Reynaldo López,625643,R,47.3,Longshot,Watch List,Premium Lineup Spot,32.6,41.2,56.1,94.9,50.0,9.8,Yes,Yes,4,Yes,No,MLB Stats API; RotoWire,,H:2026/2025 P:2026/2025,,,Direct BvP not yet weighted; 2026/2025 Statcast baseline active,7,5,27,0,"Last 7 games: 5/27, 0 HR","same-side matchup; pitcher baseline 6.8% barrel, 7.3 HR allowed",neutral batted-ball profile; pitcher fly-ball pressure modest,7.96,40.04,89.61,99.5545,0.4003,0.1546,0.3435,68.66,4.33,34.64,29.45,15.7,0.1483,6.81,40.06,88.43,0.4894,0.1797,26.67,R To L,83,Oriole Park at Camden Yards,
116,666182,Bo Bichette,NYM,LAD,2026-07-26T17:40:00Z,Pre-Game,3,Emmet Sheehan,686218,R,47.3,Longshot,Watch List,Premium Lineup Spot,33.3,47.3,37.8,96.6,50.0,24.9,Yes,No,2,Yes,Yes,MLB Stats API; RotoWire,RotoWire not confirmed; order MLB 3 vs RotoWire 2,H:2026/2025 P:2026/2025,,,Direct BvP not yet weighted; 2026/2025 Statcast baseline active,7,8,28,0,"Last 7 games: 8/28, 0 HR","same-side matchup; pitcher baseline 10.2% barrel, 14.0 HR allowed",neutral batted-ball profile; pitcher fly-ball pressure modest,6.99,44.25,90.09,101.225,0.4324,0.1482,0.3327,69.8,13.46,25.93,22.81,12.4,0.1314,10.24,40.41,89.37,0.3838,0.1612,29.66,In From CF,82,Citi Field,
117,694378,Jacob Gonzalez,PIT,CHC,2026-07-26T17:35:00Z,Scheduled,7,Jameson Taillon,592791,R,47.0,Longshot,Watch List,"Projected Lineup, Platoon Edge",28.2,65.0,24.3,59.8,80.0,58.1,No,No,7,Yes,Yes,RotoWire projected lineup; MLB probable pitchers,lineup projected / unconfirmed,H:2026 P:2026/2025,,,Direct BvP not yet weighted; 2026/2025 Statcast baseline active,7,5,19,2,Hot streak: 2 HR in last 7 games,"platoon edge; pitcher baseline 12.5% barrel, 22.6 HR allowed",neutral batted-ball profile; pitcher allows elevated contact,3.7,42.7,89.1,99.947,0.411,0.148,0.324,71.6,14.2,41.0,28.9,4.0,0.161,12.51,38.86,88.51,0.487,0.239,37.03,,,PNC Park,
118,683146,Brett Baty,NYM,LAD,2026-07-26T17:40:00Z,Pre-Game,8,Emmet Sheehan,686218,R,47.0,Longshot,Watch List,Platoon Edge,39.4,47.3,37.8,52.4,80.0,48.7,Yes,,,No,Yes,MLB Stats API; RotoWire,not found on RotoWire,H:2026/2025 P:2026/2025,,,Direct BvP not yet weighted; 2026/2025 Statcast baseline active,7,5,25,2,Hot streak: 2 HR in last 7 games,"platoon edge; pitcher baseline 10.2% barrel, 14.0 HR allowed",neutral batted-ball profile; pitcher fly-ball pressure modest,9.96,41.65,89.86,101.2887,0.3996,0.1588,0.3137,74.94,52.49,36.94,24.35,9.6,0.1292,10.24,40.41,89.37,0.3838,0.1612,29.66,In From CF,82,Citi Field,
119,666160,Mickey Moniak,COL,MIL,2026-07-26T18:10:00Z,Scheduled,2,Jacob Misiorowski,694819,R,47.0,Longshot,Watch List,"Projected Lineup, Strong Barrel, Premium Lineup Spot, Platoon Edge",50.9,15.8,27.6,95.5,80.0,34.9,No,No,2,Yes,Yes,RotoWire projected lineup; MLB probable pitchers,lineup projected / unconfirmed,H:2026/2025 P:2026/2025,,,Direct BvP not yet weighted; 2026/2025 Statcast baseline active,7,6,26,1,"Last 7 games: 6/26, 1 HR","platoon edge; pitcher baseline 4.5% barrel, 8.7 HR allowed",fly-ball profile; pitcher fly-ball pressure modest,11.84,44.32,89.63,100.5462,0.4515,0.214,0.3146,74.22,44.47,47.57,38.1,18.4,0.2711,4.47,34.7,87.46,0.2747,0.0954,24.59,,,American Family Field,
120,516782,Starling Marte,KC,DET,2026-07-26T17:40:00Z,Pre-Game,5,Framber Valdez,664285,L,46.9,Longshot,Watch List,Platoon Edge,31.6,35.9,51.6,86.4,78.0,19.5,Yes,Yes,5,Yes,No,MLB Stats API; RotoWire,,H:2026/2025 P:2026/2025,,,Direct BvP not yet weighted; 2026/2025 Statcast baseline active,7,5,20,0,"Last 7 games: 5/20, 0 HR","platoon edge; pitcher baseline 6.6% barrel, 12.2 HR allowed",neutral batted-ball profile; pitcher fly-ball pressure modest,9.37,38.58,88.72,100.9166,0.3865,0.1378,0.3106,72.53,29.98,34.26,17.58,3.4,0.0819,6.56,42.94,89.96,0.3875,0.1395,20.28,R To L,77,Comerica Park,
121,607208,Trea Turner,PHI,NYY,2026-07-26T23:20:00Z,Scheduled,1,Will Warren,701542,R,46.9,Longshot,Watch List,"Projected Lineup, Premium Lineup Spot, Hot Hitter/Streak",28.9,45.5,34.3,88.7,50.0,87.0,No,No,1,Yes,Yes,RotoWire projected lineup; MLB probable pitchers,lineup projected / unconfirmed,H:2026/2025 P:2026/2025,,,Direct BvP not yet weighted; 2026/2025 Statcast baseline active,7,9,27,3,Hot streak: 3 HR in last 7 games,"same-side matchup; pitcher baseline 8.2% barrel, 16.4 HR allowed",neutral batted-ball profile; pitcher fly-ball pressure modest,6.36,41.75,89.02,99.5565,0.3834,0.1316,0.3028,71.55,19.2,33.91,25.69,14.3,0.1467,8.24,41.66,90.44,0.4183,0.1603,24.87,,,Citizens Bank Park,
122,805808,Kevin McGonigle,DET,KC,2026-07-26T17:40:00Z,Pre-Game,2,Luinder Avila,679883,R,46.8,Longshot,Watch List,"Premium Lineup Spot, Platoon Edge",34.3,19.3,51.6,100.0,80.0,39.2,Yes,Yes,2,Yes,No,MLB Stats API; RotoWire,,H:2026 P:2026/2025,,,Direct BvP not yet weighted; 2026/2025 Statcast baseline active,7,7,27,1,"Last 7 games: 7/27, 1 HR","platoon edge; pitcher baseline 5.2% barrel, 4.2 HR allowed",neutral batted-ball profile; pitcher fly-ball pressure modest,7.5,38.1,88.2,98.5607,0.439,0.173,0.359,71.2,17.1,38.6,34.8,9.0,0.139,5.21,33.46,87.53,0.3431,0.1214,22.4,R To L,77,Comerica Park,
123,642708,Amed Rosario,NYY,PHI,2026-07-26T23:20:00Z,Scheduled,1,Cristopher Sánchez,650911,L,46.4,Longshot,Watch List,"Projected Lineup, Premium Lineup Spot, Platoon Edge",40.3,35.3,34.3,88.7,78.0,0.0,No,No,1,Yes,Yes,RotoWire projected lineup; MLB probable pitchers,lineup projected / unconfirmed,H:2026/2025 P:2026/2025,,,Direct BvP not yet weighted; 2026/2025 Statcast baseline active,7,0,9,0,"Last 7 games: 0/9, 0 HR","platoon edge; pitcher baseline 7.6% barrel, 12.0 HR allowed",neutral batted-ball profile; pitcher fly-ball pressure modest,9.57,41.01,90.57,101.3908,0.4271,0.1713,0.3156,73.76,38.44,39.85,23.72,8.1,0.195,7.59,42.6,89.42,0.3618,0.1291,17.74,,,Citizens Bank Park,
124,664761,Alec Bohm,PHI,NYY,2026-07-26T23:20:00Z,Scheduled,4,Will Warren,701542,R,46.4,Longshot,Watch List,"Projected Lineup, Premium Lineup Spot",29.7,45.5,34.3,90.4,50.0,66.9,No,No,4,Yes,Yes,RotoWire projected lineup; MLB probable pitchers,lineup projected / unconfirmed,H:2026/2025 P:2026/2025,,,Direct BvP not yet weighted; 2026/2025 Statcast baseline active,7,9,28,2,Hot streak: 2 HR in last 7 games,"same-side matchup; pitcher baseline 8.2% barrel, 16.4 HR allowed",neutral batted-ball profile; pitcher fly-ball pressure modest,5.64,43.67,90.66,100.2926,0.3885,0.1334,0.3093,70.93,12.53,29.05,21.18,12.4,0.1388,8.24,41.66,90.44,0.4183,0.1603,24.87,,,Citizens Bank Park,
125,664023,Ian Happ,CHC,PIT,2026-07-26T17:35:00Z,Scheduled,5,Braxton Ashcraft,677952,R,46.3,Longshot,Watch List,"Projected Lineup, Strong Barrel, Platoon Edge",45.9,32.0,24.3,81.9,75.0,32.9,No,No,5,Yes,Yes,RotoWire projected lineup; MLB probable pitchers,lineup projected / unconfirmed,H:2026/2025 P:2026/2025,,,Direct BvP not yet weighted; 2026/2025 Statcast baseline active,7,5,23,1,"Last 7 games: 5/23, 1 HR","switch hitter; pitcher baseline 6.1% barrel, 12.1 HR allowed",neutral batted-ball profile; pitcher fly-ball pressure modest,11.52,42.79,89.58,101.0364,0.4227,0.2028,0.3302,71.98,19.09,43.35,33.58,19.5,0.198,6.1,41.16,89.75,0.3661,0.1318,25.18,,,PNC Park,
126,679845,Nick Loftin,KC,DET,2026-07-26T17:40:00Z,Pre-Game,2,Framber Valdez,664285,L,46.3,Longshot,Watch List,"Premium Lineup Spot, Platoon Edge",19.4,35.9,51.6,100.0,78.0,50.3,Yes,Yes,2,Yes,No,MLB Stats API; RotoWire,,H:2026/2025 P:2026/2025,,,Direct BvP not yet weighted; 2026/2025 Statcast baseline active,7,7,21,1,Contact streak: 7/21 over last 7 games,"platoon edge; pitcher baseline 6.6% barrel, 12.2 HR allowed",neutral batted-ball profile; pitcher fly-ball pressure modest,5.46,31.41,87.78,97.1526,0.3632,0.1235,0.3052,69.05,4.92,45.55,27.8,4.7,0.1581,6.56,42.94,89.96,0.3875,0.1395,20.28,R To L,77,Comerica Park,
127,665161,Jeremy Pena,HOU,CWS,2026-07-26T18:10:00Z,Scheduled,1,Erick Fedde,607200,R,46.3,Longshot,Watch List,"Projected Lineup, Premium Lineup Spot, Hot Hitter/Streak",30.0,43.0,27.6,88.7,50.0,100.0,No,No,1,Yes,Yes,RotoWire projected lineup; MLB probable pitchers,lineup projected / unconfirmed,H:2026/2025 P:2026/2025,,,Direct BvP not yet weighted; 2026/2025 Statcast baseline active,7,14,27,3,Hot streak: 3 HR in last 7 games,"same-side matchup; pitcher baseline 7.3% barrel, 16.9 HR allowed",neutral batted-ball profile; pitcher fly-ball pressure modest,5.89,40.66,88.34,99.9039,0.4425,0.148,0.3487,72.23,14.23,46.69,24.64,11.4,0.1653,7.27,40.43,89.22,0.4337,0.1699,27.86,,,Rate Field,
128,650490,Yandy Díaz,TB,CLE,2026-07-26T16:15:00Z,Pre-Game,1,Parker Messick,800048,L,46.2,Longshot,Watch List,"Premium Lineup Spot, Platoon Edge",40.7,20.5,41.1,93.2,78.0,32.2,Yes,Yes,1,Yes,No,MLB Stats API; RotoWire,,H:2026/2025 P:2026/2025,,,Direct BvP not yet weighted; 2026/2025 Statcast baseline active,7,7,33,1,"Last 7 games: 7/33, 1 HR","platoon edge; pitcher baseline 5.5% barrel, 8.9 HR allowed",neutral batted-ball profile; pitcher fly-ball pressure modest,7.39,48.72,91.39,103.2652,0.4499,0.1635,0.3565,73.74,38.52,22.83,19.86,17.3,0.1659,5.52,32.11,87.47,0.3505,0.1198,21.82,None,72,Tropicana Field,
129,807799,Masataka Yoshida,BOS,TOR,2026-07-26T17:35:00Z,Pre-Game,1,Kevin Gausman,592332,R,46.0,Longshot,Watch List,"Premium Lineup Spot, Platoon Edge",22.7,42.4,40.2,93.2,80.0,41.2,Yes,Yes,1,Yes,No,MLB Stats API; RotoWire,,H:2026/2025 P:2026/2025,,,Direct BvP not yet weighted; 2026/2025 Statcast baseline active,7,6,22,1,"Last 7 games: 6/22, 1 HR","platoon edge; pitcher baseline 8.4% barrel, 16.8 HR allowed",neutral batted-ball profile; pitcher fly-ball pressure modest,3.94,40.57,89.29,99.4932,0.3791,0.1101,0.3217,71.55,16.78,43.85,21.81,4.0,0.1227,8.36,39.86,88.74,0.4063,0.162,26.51,In From RF,73,Fenway Park,
130,669477,Casey Schmitt,SF,LAA,2026-07-26T20:05:00Z,Scheduled,5,José Soriano,667755,R,45.9,Longshot,Watch List,"Projected Lineup, Strong Barrel",49.2,36.6,19.3,81.9,50.0,40.9,No,No,5,Yes,Yes,RotoWire projected lineup; MLB probable pitchers,lineup projected / unconfirmed,H:2026/2025 P:2026/2025,,,Direct BvP not yet weighted; 2026/2025 Statcast baseline active,7,4,27,2,Hot streak: 2 HR in last 7 games,"same-side matchup; pitcher baseline 7.8% barrel, 12.0 HR allowed",neutral batted-ball profile; pitcher fly-ball pressure modest,11.38,44.36,89.71,100.7536,0.492,0.2122,0.3483,72.26,25.71,41.62,33.15,18.3,0.1997,7.83,40.78,89.51,0.3803,0.1369,18.68,,,Oracle Park,
131,543807,George Springer,TOR,BOS,2026-07-26T17:35:00Z,Pre-Game,4,Ranger Suarez,624133,L,45.8,Longshot,Watch List,"Projected Lineup, Strong Barrel, Premium Lineup Spot, Platoon Edge",41.5,16.3,40.2,90.4,78.0,50.3,No,No,4,Yes,Yes,RotoWire projected lineup; MLB probable pitchers,lineup projected / unconfirmed,H:2026/2025 P:2026/2025,,,Direct BvP not yet weighted; 2026/2025 Statcast baseline active,7,9,27,1,Contact streak: 9/27 over last 7 games,"platoon edge; pitcher baseline 5.3% barrel, 7.7 HR allowed",neutral batted-ball profile; pitcher fly-ball pressure modest,10.39,41.72,88.88,100.2064,0.4345,0.1876,0.3347,73.21,34.81,42.49,27.35,17.3,0.1922,5.29,31.1,86.15,0.3419,0.1082,23.05,In From RF,73,Fenway Park,
132,608070,José Ramírez,CLE,TB,2026-07-26T16:15:00Z,Pre-Game,2,Drew Rasmussen,656876,R,45.7,Longshot,Watch List,"Premium Lineup Spot, Platoon Edge",32.8,29.3,41.1,100.0,75.0,19.5,Yes,Yes,2,Yes,No,MLB Stats API; RotoWire,,H:2026/2025 P:2026/2025,,,Direct BvP not yet weighted; 2026/2025 Statcast baseline active,7,7,28,0,"Last 7 games: 7/28, 0 HR","switch hitter; pitcher baseline 6.7% barrel, 13.8 HR allowed",neutral batted-ball profile; pitcher fly-ball pressure modest,6.51,40.5,89.32,99.8667,0.4404,0.1592,0.3483,70.34,13.26,49.78,30.04,16.0,0.1864,6.72,36.72,88.5,0.3708,0.1327,22.68,None,72,Tropicana Field,
133,680776,Jarren Duran,BOS,TOR,2026-07-26T17:35:00Z,Pre-Game,7,Kevin Gausman,592332,R,45.6,Longshot,Watch List,"Strong Barrel, Platoon Edge",38.7,42.4,40.2,64.3,80.0,8.1,Yes,Yes,7,Yes,No,MLB Stats API; RotoWire,,H:2026/2025 P:2026/2025,,,Direct BvP not yet weighted; 2026/2025 Statcast baseline active,7,4,23,0,"Last 7 games: 4/23, 0 HR","platoon edge; pitcher baseline 8.4% barrel, 16.8 HR allowed",neutral batted-ball profile; pitcher fly-ball pressure modest,10.33,40.99,90.26,101.8722,0.3827,0.1515,0.3022,74.94,49.46,39.74,22.23,13.9,0.1601,8.36,39.86,88.74,0.4063,0.162,26.51,In From RF,73,Fenway Park,
134,681481,Kerry Carpenter,DET,KC,2026-07-26T17:40:00Z,Pre-Game,6,Luinder Avila,679883,R,45.6,Longshot,Watch List,"Strong Barrel, Platoon Edge",46.5,19.3,51.6,76.2,80.0,0.0,Yes,Yes,6,Yes,No,MLB Stats API; RotoWire,,H:2026/2025 P:2026/2025,,,Direct BvP not yet weighted; 2026/2025 Statcast baseline active,7,3,26,0,"Last 7 games: 3/26, 0 HR","platoon edge; pitcher baseline 5.2% barrel, 4.2 HR allowed",fly-ball profile; pitcher fly-ball pressure modest,10.57,45.26,90.35,99.7455,0.4202,0.1962,0.3077,71.83,17.08,44.35,36.67,16.9,0.2198,5.21,33.46,87.53,0.3431,0.1214,22.4,R To L,77,Comerica Park,
135,572233,Christian Walker,HOU,CWS,2026-07-26T18:10:00Z,Scheduled,4,Erick Fedde,607200,R,45.6,Longshot,Watch List,"Projected Lineup, Strong Barrel, Premium Lineup Spot",42.0,43.0,27.6,90.4,50.0,3.4,No,No,4,Yes,Yes,RotoWire projected lineup; MLB probable pitchers,lineup projected / unconfirmed,H:2026/2025 P:2026/2025,,,Direct BvP not yet weighted; 2026/2025 Statcast baseline active,7,3,21,0,"Last 7 games: 3/21, 0 HR","same-side matchup; pitcher baseline 7.3% barrel, 16.9 HR allowed",neutral batted-ball profile; pitcher fly-ball pressure modest,10.59,43.3,89.85,101.5096,0.3916,0.1694,0.3007,74.31,43.86,43.88,28.35,22.1,0.2054,7.27,40.43,89.22,0.4337,0.1699,27.86,,,Rate Field,
136,671976,Tristan Peters,CWS,HOU,2026-07-26T18:10:00Z,Scheduled,7,Ronel Blanco,669854,R,45.5,Longshot,Watch List,"Projected Lineup, Pitcher Vulnerable, Platoon Edge",13.5,88.5,27.6,59.8,80.0,2.5,No,No,7,Yes,Yes,RotoWire projected lineup; MLB probable pitchers,lineup projected / unconfirmed,H:2026/2025 P:2026/2025,,,Direct BvP not yet weighted; 2026/2025 Statcast baseline active,7,3,22,0,"Last 7 games: 3/22, 0 HR","platoon edge; pitcher baseline 28.8% barrel, 3.5 HR allowed",neutral batted-ball profile; pitcher allows elevated contact,3.71,34.33,87.36,97.9968,0.3257,0.1015,0.2621,69.35,5.04,42.4,18.83,4.2,0.1148,28.77,52.9,92.13,0.5297,0.3342,62.13,,,Rate Field,
137,573262,Mike Yastrzemski,ATL,BAL,2026-07-26T17:35:00Z,Pre-Game,8,Shane Baz,669358,R,45.4,Longshot,Watch List,Platoon Edge,33.1,40.6,56.1,52.4,80.0,35.6,Yes,Yes,8,Yes,No,MLB Stats API; RotoWire,,H:2026/2025 P:2026/2025,,,Direct BvP not yet weighted; 2026/2025 Statcast baseline active,7,4,17,1,"Last 7 games: 4/17, 1 HR","platoon edge; pitcher baseline 7.8% barrel, 14.1 HR allowed",neutral batted-ball profile; pitcher fly-ball pressure modest,6.96,43.02,90.38,99.6729,0.3658,0.1386,0.3059,71.27,8.09,43.73,31.96,9.3,0.1413,7.75,41.22,89.84,0.3972,0.1476,24.66,R To L,83,Oriole Park at Camden Yards,
138,690993,Colt Keith,DET,KC,2026-07-26T17:40:00Z,Pre-Game,1,Luinder Avila,679883,R,45.4,Longshot,Watch List,"Premium Lineup Spot, Platoon Edge",36.5,19.3,51.6,93.2,80.0,15.3,Yes,Yes,1,Yes,No,MLB Stats API; RotoWire,,H:2026/2025 P:2026/2025,,,Direct BvP not yet weighted; 2026/2025 Statcast baseline active,7,4,18,0,"Last 7 games: 4/18, 0 HR","platoon edge; pitcher baseline 5.2% barrel, 4.2 HR allowed",neutral batted-ball profile; pitcher fly-ball pressure modest,8.22,42.23,89.16,100.1184,0.4321,0.1681,0.327,71.47,16.44,37.8,27.91,9.5,0.1458,5.21,33.46,87.53,0.3431,0.1214,22.4,R To L,77,Comerica Park,
139,630105,Jake Cronenworth,SD,MIA,2026-07-26T17:40:00Z,Pre-Game,2,Janson Junk,676083,R,45.3,Longshot,Watch List,"Premium Lineup Spot, Platoon Edge",21.3,43.3,35.0,100.0,80.0,27.7,Yes,Yes,2,Yes,No,MLB Stats API; RotoWire,,H:2026/2025 P:2026/2025,,,Direct BvP not yet weighted; 2026/2025 Statcast baseline active,7,7,23,0,"Last 7 games: 7/23, 0 HR","platoon edge; pitcher baseline 7.6% barrel, 10.1 HR allowed",neutral batted-ball profile; pitcher fly-ball pressure modest,5.71,36.34,88.15,98.8183,0.3481,0.1161,0.312,71.46,17.53,32.59,20.48,5.4,0.0967,7.59,43.17,90.48,0.4257,0.1655,23.22,None,72,loanDepot park,
140,641487,J.P. Crawford,SEA,TEX,2026-07-26T18:35:00Z,Scheduled,1,Jacob deGrom,594798,R,45.1,Longshot,Watch List,"Projected Lineup, Premium Lineup Spot, Platoon Edge",22.9,51.0,27.6,88.7,80.0,32.0,No,No,1,Yes,Yes,RotoWire projected lineup; MLB probable pitchers,lineup projected / unconfirmed,H:2026/2025 P:2026/2025,,,Direct BvP not yet weighted; 2026/2025 Statcast baseline active,7,8,24,0,Contact streak: 8/24 over last 7 games,"platoon edge; pitcher baseline 9.2% barrel, 19.0 HR allowed",neutral batted-ball profile; pitcher allows elevated contact,6.16,35.82,87.9,98.4497,0.3783,0.1256,0.3325,71.31,18.88,35.77,20.23,10.6,0.1281,9.23,44.21,90.66,0.3959,0.1672,30.02,,,Globe Life Field,
141,657041,Lane Thomas,KC,DET,2026-07-26T17:40:00Z,Pre-Game,1,Framber Valdez,664285,L,45.0,Longshot,Watch List,"Premium Lineup Spot, Platoon Edge",26.1,35.9,51.6,93.2,78.0,0.0,Yes,Yes,1,Yes,No,MLB Stats API; RotoWire,,H:2026/2025 P:2026/2025,,,Direct BvP not yet weighted; 2026/2025 Statcast baseline active,7,3,27,0,"Last 7 games: 3/27, 0 HR","platoon edge; pitcher baseline 6.6% barrel, 12.2 HR allowed",neutral batted-ball profile; pitcher fly-ball pressure modest,6.13,38.86,88.92,99.5476,0.3462,0.125,0.2969,72.56,23.43,42.75,25.16,7.5,0.147,6.56,42.94,89.96,0.3875,0.1395,20.28,R To L,77,Comerica Park,
142,681624,Andy Pages,LAD,NYM,2026-07-26T17:40:00Z,Pre-Game,2,Freddy Peralta,642547,R,45.0,Longshot,Watch List,Premium Lineup Spot,37.6,32.2,37.8,100.0,50.0,14.1,Yes,Yes,2,Yes,No,MLB Stats API; RotoWire,,H:2026/2025 P:2026/2025,,,Direct BvP not yet weighted; 2026/2025 Statcast baseline active,7,6,28,0,"Last 7 games: 6/28, 0 HR","same-side matchup; pitcher baseline 6.6% barrel, 18.2 HR allowed",neutral batted-ball profile; pitcher fly-ball pressure modest,8.33,41.82,88.88,100.0849,0.4371,0.1721,0.3321,72.95,27.38,36.22,28.86,20.0,0.1918,6.57,37.44,87.86,0.3638,0.1382,27.08,In From CF,82,Citi Field,
143,642086,Dominic Smith,ATL,BAL,2026-07-26T17:35:00Z,Pre-Game,6,Shane Baz,669358,R,44.9,Longshot,Watch List,Platoon Edge,22.4,40.6,56.1,76.2,80.0,30.3,Yes,Yes,6,Yes,No,MLB Stats API; RotoWire,,H:2026/2025 P:2026/2025,,,Direct BvP not yet weighted; 2026/2025 Statcast baseline active,7,3,15,1,"Last 7 games: 3/15, 1 HR","platoon edge; pitcher baseline 7.8% barrel, 14.1 HR allowed",neutral batted-ball profile; pitcher fly-ball pressure modest,5.25,35.08,87.77,98.0976,0.3917,0.1401,0.3095,68.4,5.08,36.72,28.05,6.4,0.1302,7.75,41.22,89.84,0.3972,0.1476,24.66,R To L,83,Oriole Park at Camden Yards,
144,672640,Otto Lopez,MIA,SD,2026-07-26T17:40:00Z,Pre-Game,1,Walker Buehler,621111,R,44.9,Longshot,Watch List,Premium Lineup Spot,32.6,44.1,35.0,93.2,50.0,15.3,Yes,Yes,1,Yes,No,MLB Stats API; RotoWire,,H:2026/2025 P:2026/2025,,,Direct BvP not yet weighted; 2026/2025 Statcast baseline active,7,6,27,0,"Last 7 games: 6/27, 0 HR","same-side matchup; pitcher baseline 8.8% barrel, 15.0 HR allowed",neutral batted-ball profile; pitcher fly-ball pressure modest,6.96,41.1,89.2,100.4784,0.4382,0.1552,0.3335,71.84,23.89,32.72,22.57,10.8,0.1514,8.8,40.18,89.51,0.4164,0.1603,24.21,None,72,loanDepot park,
145,691458,Blaze Jordan,STL,CIN,2026-07-26T18:15:00Z,Pre-Game,8,Andrew Abbott,671096,L,44.9,Longshot,Watch List,Platoon Edge,30.6,39.7,65.1,52.4,78.0,22.4,Yes,Yes,8,Yes,No,MLB Stats API; RotoWire,,H:2026 P:2026/2025,,,Direct BvP not yet weighted; 2026/2025 Statcast baseline active,7,7,26,0,"Last 7 games: 7/26, 0 HR","platoon edge; pitcher baseline 7.5% barrel, 16.9 HR allowed",neutral batted-ball profile; pitcher fly-ball pressure modest,6.6,45.1,89.2,99.6962,0.387,0.131,0.294,72.8,29.6,38.5,19.8,1.0,0.118,7.51,37.06,89.2,0.406,0.1576,28.07,Out To CF,94,Busch Stadium,
146,665489,Vladimir Guerrero,TOR,BOS,2026-07-26T17:35:00Z,Pre-Game,2,Ranger Suarez,624133,L,44.8,Longshot,Watch List,"Projected Lineup, Premium Lineup Spot, Platoon Edge",40.1,16.3,40.2,95.5,78.0,24.9,No,No,2,Yes,Yes,RotoWire projected lineup; MLB probable pitchers,lineup projected / unconfirmed,H:2026/2025 P:2026/2025,,,Direct BvP not yet weighted; 2026/2025 Statcast baseline active,7,8,28,0,"Last 7 games: 8/28, 0 HR","platoon edge; pitcher baseline 5.3% barrel, 7.7 HR allowed",neutral batted-ball profile; pitcher fly-ball pressure modest,8.49,45.73,90.74,103.1863,0.4374,0.1451,0.3553,76.42,64.34,36.23,19.24,11.1,0.1162,5.29,31.1,86.15,0.3419,0.1082,23.05,In From RF,73,Fenway Park,
147,678882,Ceddanne Rafaela,BOS,TOR,2026-07-26T17:35:00Z,Pre-Game,2,Kevin Gausman,592332,R,44.8,Longshot,Watch List,Premium Lineup Spot,21.5,42.4,40.2,100.0,50.0,60.0,Yes,Yes,2,Yes,No,MLB Stats API; RotoWire,,H:2026/2025 P:2026/2025,,,Direct BvP not yet weighted; 2026/2025 Statcast baseline active,7,8,29,2,Hot streak: 2 HR in last 7 games,"same-side matchup; pitcher baseline 8.4% barrel, 16.8 HR allowed",neutral batted-ball profile; pitcher fly-ball pressure modest,6.26,34.78,86.9,97.8664,0.3691,0.1271,0.2882,70.16,9.11,35.36,25.44,11.8,0.1615,8.36,39.86,88.74,0.4063,0.162,26.51,In From RF,73,Fenway Park,
148,680779,Henry Davis,PIT,CHC,2026-07-26T17:35:00Z,Scheduled,8,Jameson Taillon,592791,R,44.7,Longshot,Watch List,"Projected Lineup, Strong Barrel",36.1,65.0,24.3,47.9,50.0,46.0,No,No,8,Yes,Yes,RotoWire projected lineup; MLB probable pitchers,lineup projected / unconfirmed,H:2026/2025 P:2026/2025,,,Direct BvP not yet weighted; 2026/2025 Statcast baseline active,7,7,23,1,"Last 7 games: 7/23, 1 HR","same-side matchup; pitcher baseline 12.5% barrel, 22.6 HR allowed",neutral batted-ball profile; pitcher allows elevated contact,10.03,39.43,89.37,100.6066,0.3547,0.1508,0.2909,74.18,42.94,52.12,26.7,7.7,0.1446,12.51,38.86,88.51,0.487,0.239,37.03,,,PNC Park,
149,642350,Jose Siri,LAA,SF,2026-07-26T20:05:00Z,Scheduled,8,Carson Whisenhunt,687931,L,44.7,Longshot,Watch List,"Projected Lineup, Strong Barrel, Platoon Edge",41.3,51.0,19.3,47.9,78.0,45.0,No,No,8,Yes,Yes,RotoWire projected lineup; MLB probable pitchers,lineup projected / unconfirmed,H:2026/2025 P:2026/2025,,,Direct BvP not yet weighted; 2026/2025 Statcast baseline active,7,5,10,0,Contact streak: 5/10 over last 7 games,"platoon edge; pitcher baseline 7.9% barrel, 2.5 HR allowed",fly-ball profile; pitcher allows elevated contact,14.12,34.35,85.67,98.3841,0.3781,0.1903,0.2813,73.01,32.7,27.98,41.99,3.5,0.1649,7.88,43.42,90.23,0.4743,0.2046,37.18,,,Oracle Park,
150,665862,Jazz Chisholm,NYY,PHI,2026-07-26T23:20:00Z,Scheduled,7,Cristopher Sánchez,650911,L,44.7,Longshot,Watch List,"Projected Lineup, Strong Barrel, Hot Hitter/Streak",44.6,35.3,34.3,59.8,50.0,70.3,No,No,7,Yes,Yes,RotoWire projected lineup; MLB probable pitchers,lineup projected / unconfirmed,H:2026/2025 P:2026/2025,,,Direct BvP not yet weighted; 2026/2025 Statcast baseline active,7,6,27,3,Hot streak: 3 HR in last 7 games,"same-side matchup; pitcher baseline 7.6% barrel, 12.0 HR allowed",neutral batted-ball profile; pitcher fly-ball pressure modest,11.15,42.25,90.26,100.5084,0.4061,0.1896,0.3075,73.34,34.2,52.96,30.19,20.5,0.2026,7.59,42.6,89.42,0.3618,0.1291,17.74,,,Citizens Bank Park,
151,700932,Kyle Manzardo,CLE,TB,2026-07-26T16:15:00Z,Pre-Game,7,Drew Rasmussen,656876,R,44.6,Longshot,Watch List,"Strong Barrel, Platoon Edge",40.8,30.8,41.1,64.3,80.0,27.6,Yes,Yes,7,Yes,No,MLB Stats API; RotoWire,,H:2026/2025 P:2026/2025,,,Direct BvP not yet weighted; 2026/2025 Statcast baseline active,7,4,22,1,"Last 7 games: 4/22, 1 HR","platoon edge; pitcher baseline 6.7% barrel, 13.8 HR allowed",neutral batted-ball profile; pitcher fly-ball pressure modest,11.31,41.49,89.67,99.1247,0.3905,0.1717,0.3059,70.04,6.95,42.15,33.83,15.8,0.1713,6.72,36.72,88.5,0.3708,0.1327,22.68,None,72,Tropicana Field,
152,702616,Jackson Holliday,BAL,ATL,2026-07-26T17:35:00Z,Pre-Game,8,Reynaldo López,625643,R,44.4,Longshot,Watch List,Platoon Edge,30.5,41.2,56.1,52.4,80.0,29.4,Yes,Yes,8,Yes,No,MLB Stats API; RotoWire,,H:2026/2025 P:2026/2025,,,Direct BvP not yet weighted; 2026/2025 Statcast baseline active,7,6,19,0,"Last 7 games: 6/19, 0 HR","platoon edge; pitcher baseline 6.8% barrel, 7.3 HR allowed",neutral batted-ball profile; pitcher fly-ball pressure modest,8.57,38.56,87.96,98.585,0.3837,0.149,0.3217,70.6,8.46,37.16,26.92,8.6,0.1449,6.81,40.06,88.43,0.4894,0.1797,26.67,R To L,83,Oriole Park at Camden Yards,
153,679529,Spencer Torkelson,DET,KC,2026-07-26T17:40:00Z,Pre-Game,7,Luinder Avila,679883,R,44.0,Longshot,Watch List,Strong Barrel,52.0,19.3,51.6,64.3,50.0,19.9,Yes,Yes,7,Yes,No,MLB Stats API; RotoWire,,H:2026/2025 P:2026/2025,,,Direct BvP not yet weighted; 2026/2025 Statcast baseline active,7,3,23,1,"Last 7 games: 3/23, 1 HR","same-side matchup; pitcher baseline 5.2% barrel, 4.2 HR allowed",fly-ball profile; pitcher fly-ball pressure modest,14.2,42.86,89.92,100.3367,0.4238,0.2083,0.32,73.14,26.05,47.63,36.81,22.6,0.2132,5.21,33.46,87.53,0.3431,0.1214,22.4,R To L,77,Comerica Park,
154,663853,Romy Gonzalez,BOS,TOR,2026-07-26T17:35:00Z,Pre-Game,6,Kevin Gausman,592332,R,43.9,Longshot,Watch List,No major boost,38.0,42.4,40.2,76.2,50.0,0.0,Yes,Yes,6,Yes,No,MLB Stats API; RotoWire,,H:2026/2025 P:2026/2025,,,Direct BvP not yet weighted; 2026/2025 Statcast baseline active,7,2,20,0,"Last 7 games: 2/20, 0 HR","same-side matchup; pitcher baseline 8.4% barrel, 16.8 HR allowed",neutral batted-ball profile; pitcher fly-ball pressure modest,7.7,48.27,91.2,102.3131,0.4065,0.1466,0.3223,72.62,26.78,25.08,21.93,3.4,0.157,8.36,39.86,88.74,0.4063,0.162,26.51,In From RF,73,Fenway Park,
155,682622,Noelvi Marte,CIN,STL,2026-07-26T18:15:00Z,Pre-Game,7,Kyle Leahy,681517,R,43.9,Longshot,Watch List,No major boost,22.7,54.9,65.1,64.3,50.0,0.0,Yes,Yes,7,Yes,No,MLB Stats API; RotoWire,,H:2026/2025 P:2026/2025,,,Direct BvP not yet weighted; 2026/2025 Statcast baseline active,7,2,18,0,"Last 7 games: 2/18, 0 HR","same-side matchup; pitcher baseline 10.4% barrel, 8.5 HR allowed",neutral batted-ball profile; pitcher fly-ball pressure modest,6.86,30.21,87.66,99.2242,0.3578,0.1422,0.2718,72.88,30.89,45.34,20.29,8.4,0.1752,10.43,48.44,90.85,0.4478,0.1782,22.19,Out To CF,94,Busch Stadium,
156,605141,Mookie Betts,LAD,NYM,2026-07-26T17:40:00Z,Pre-Game,5,Freddy Peralta,642547,R,43.8,Longshot,Watch List,No major boost,33.9,32.2,37.8,86.4,50.0,53.3,Yes,Yes,5,Yes,No,MLB Stats API; RotoWire,,H:2026/2025 P:2026/2025,,,Direct BvP not yet weighted; 2026/2025 Statcast baseline active,7,6,26,2,Hot streak: 2 HR in last 7 games,"same-side matchup; pitcher baseline 6.6% barrel, 18.2 HR allowed",fly-ball profile; pitcher fly-ball pressure modest,7.39,37.62,90.01,98.57,0.4276,0.1588,0.3293,69.35,7.44,39.4,35.69,15.1,0.1732,6.57,37.44,87.86,0.3638,0.1382,27.08,In From CF,82,Citi Field,
157,663656,Kyle Tucker,LAD,NYM,2026-07-26T17:40:00Z,Pre-Game,7,Freddy Peralta,642547,R,43.8,Longshot,Watch List,Platoon Edge,35.5,32.2,37.8,64.3,80.0,48.7,Yes,Yes,7,Yes,No,MLB Stats API; RotoWire,,H:2026/2025 P:2026/2025,,,Direct BvP not yet weighted; 2026/2025 Statcast baseline active,7,5,25,2,Hot streak: 2 HR in last 7 games,"platoon edge; pitcher baseline 6.6% barrel, 18.2 HR allowed",neutral batted-ball profile; pitcher fly-ball pressure modest,8.07,39.42,89.33,98.9254,0.427,0.1612,0.3482,71.51,20.87,43.87,32.28,12.9,0.1567,6.57,37.44,87.86,0.3638,0.1382,27.08,In From CF,82,Citi Field,
158,624431,Jose Trevino,CIN,STL,2026-07-26T18:15:00Z,Pre-Game,8,Kyle Leahy,681517,R,43.8,Longshot,Watch List,Hot Hitter/Streak,12.9,54.9,65.1,52.4,50.0,94.7,Yes,Yes,8,Yes,No,MLB Stats API; RotoWire,,H:2026/2025 P:2026/2025,,,Direct BvP not yet weighted; 2026/2025 Statcast baseline active,7,10,26,3,Hot streak: 3 HR in last 7 games,"same-side matchup; pitcher baseline 10.4% barrel, 8.5 HR allowed",neutral batted-ball profile; pitcher fly-ball pressure modest,3.59,33.77,87.55,98.0244,0.327,0.0969,0.2514,68.9,3.3,36.35,20.66,3.3,0.1459,10.43,48.44,90.85,0.4478,0.1782,22.19,Out To CF,94,Busch Stadium,
159,663647,Ke'Bryan Hayes,CIN,STL,2026-07-26T18:15:00Z,Pre-Game,9,Kyle Leahy,681517,R,43.8,Longshot,Watch List,No major boost,30.0,54.9,65.1,44.8,50.0,3.4,Yes,Yes,9,Yes,No,MLB Stats API; RotoWire,,H:2026/2025 P:2026/2025,,,Direct BvP not yet weighted; 2026/2025 Statcast baseline active,7,2,14,0,"Last 7 games: 2/14, 0 HR","same-side matchup; pitcher baseline 10.4% barrel, 8.5 HR allowed",neutral batted-ball profile; pitcher fly-ball pressure modest,7.05,40.12,90.35,99.9391,0.3805,0.1278,0.2995,70.85,8.23,29.48,24.98,2.9,0.071,10.43,48.44,90.85,0.4478,0.1782,22.19,Out To CF,94,Busch Stadium,
160,605170,Victor Caratini,MIN,ATH,2026-07-26T18:10:00Z,Scheduled,6,Jeffrey Springs,605488,L,43.7,Longshot,Watch List,"Projected Lineup, Platoon Edge",32.2,48.3,27.1,71.7,75.0,12.0,No,No,6,Yes,Yes,RotoWire projected lineup; MLB probable pitchers,lineup projected / unconfirmed,H:2026/2025 P:2026/2025,,,Direct BvP not yet weighted; 2026/2025 Statcast baseline active,7,5,25,0,"Last 7 games: 5/25, 0 HR","switch hitter; pitcher baseline 9.4% barrel, 27.3 HR allowed",neutral batted-ball profile; pitcher allows elevated contact,7.28,39.44,89.4,99.0195,0.4068,0.1588,0.3283,71.39,16.18,38.2,24.95,8.5,0.1289,9.43,36.25,88.16,0.4464,0.1967,32.86,,,Target Field,
161,686555,Isaac Collins,KC,DET,2026-07-26T17:40:00Z,Pre-Game,6,Framber Valdez,664285,L,43.6,Longshot,Watch List,Platoon Edge,24.4,34.6,51.6,76.2,75.0,41.2,Yes,Yes,6,Yes,No,MLB Stats API; RotoWire,,H:2026/2025 P:2026/2025,,,Direct BvP not yet weighted; 2026/2025 Statcast baseline active,7,6,22,1,"Last 7 games: 6/22, 1 HR","switch hitter; pitcher baseline 6.6% barrel, 12.2 HR allowed",neutral batted-ball profile; pitcher fly-ball pressure modest,5.6,40.16,88.52,100.0024,0.3415,0.1032,0.3122,73.26,29.99,40.54,26.72,6.9,0.134,6.56,42.94,89.96,0.3875,0.1395,20.28,R To L,77,Comerica Park,
162,657757,Gavin Sheets,SD,MIA,2026-07-26T17:40:00Z,Pre-Game,7,Janson Junk,676083,R,43.5,Longshot,Watch List,Platoon Edge,34.1,43.3,35.0,64.3,80.0,8.5,Yes,Yes,7,Yes,No,MLB Stats API; RotoWire,,H:2026/2025 P:2026/2025,,,Direct BvP not yet weighted; 2026/2025 Statcast baseline active,7,3,17,0,"Last 7 games: 3/17, 0 HR","platoon edge; pitcher baseline 7.6% barrel, 10.1 HR allowed",neutral batted-ball profile; pitcher fly-ball pressure modest,7.71,41.39,88.36,99.6193,0.4047,0.1634,0.3246,74.45,47.63,38.28,23.28,15.5,0.184,7.59,43.17,90.48,0.4257,0.1655,23.22,None,72,loanDepot park,
163,691026,Masyn Winn,STL,CIN,2026-07-26T18:15:00Z,Pre-Game,5,Andrew Abbott,671096,L,43.3,Longshot,Watch List,Platoon Edge,14.9,39.7,65.1,86.4,78.0,0.0,Yes,Yes,5,Yes,No,MLB Stats API; RotoWire,,H:2026/2025 P:2026/2025,,,Direct BvP not yet weighted; 2026/2025 Statcast baseline active,7,2,24,0,"Last 7 games: 2/24, 0 HR","platoon edge; pitcher baseline 7.5% barrel, 16.9 HR allowed",neutral batted-ball profile; pitcher fly-ball pressure modest,3.75,34.81,88.02,98.613,0.333,0.0867,0.2958,71.17,15.48,32.53,21.04,5.5,0.0897,7.51,37.06,89.2,0.406,0.1576,28.07,Out To CF,94,Busch Stadium,
164,681082,Bryson Stott,PHI,NYY,2026-07-26T23:20:00Z,Scheduled,6,Will Warren,701542,R,43.1,Longshot,Watch List,"Projected Lineup, Platoon Edge",27.1,45.5,34.3,71.7,80.0,18.0,No,No,6,Yes,Yes,RotoWire projected lineup; MLB probable pitchers,lineup projected / unconfirmed,H:2026/2025 P:2026/2025,,,Direct BvP not yet weighted; 2026/2025 Statcast baseline active,7,6,25,0,"Last 7 games: 6/25, 0 HR","platoon edge; pitcher baseline 8.2% barrel, 16.4 HR allowed",neutral batted-ball profile; pitcher fly-ball pressure modest,6.5,35.66,88.58,98.5203,0.4021,0.1439,0.3165,69.75,6.05,34.1,29.34,8.8,0.141,8.24,41.66,90.44,0.4183,0.1603,24.87,,,Citizens Bank Park,
165,650859,Luis Rengifo,SD,MIA,2026-07-26T17:40:00Z,Pre-Game,6,Janson Junk,676083,R,43.0,Longshot,Watch List,"Platoon Edge, Hot Hitter/Streak",18.4,42.3,35.0,76.2,75.0,81.7,Yes,Yes,6,Yes,No,MLB Stats API; RotoWire,,H:2026/2025 P:2026/2025,,,Direct BvP not yet weighted; 2026/2025 Statcast baseline active,7,11,24,2,Hot streak: 2 HR in last 7 games,"switch hitter; pitcher baseline 7.6% barrel, 10.1 HR allowed",neutral batted-ball profile; pitcher fly-ball pressure modest,4.93,36.27,87.87,98.2243,0.3561,0.1024,0.3006,70.69,14.37,35.92,16.89,4.1,0.0788,7.59,43.17,90.48,0.4257,0.1655,23.22,None,72,loanDepot park,
166,647304,Josh Naylor,SEA,TEX,2026-07-26T18:35:00Z,Scheduled,6,Jacob deGrom,594798,R,43.0,Longshot,Watch List,"Projected Lineup, Platoon Edge",24.1,51.0,27.6,71.7,80.0,28.2,No,No,6,Yes,Yes,RotoWire projected lineup; MLB probable pitchers,lineup projected / unconfirmed,H:2026/2025 P:2026/2025,,,Direct BvP not yet weighted; 2026/2025 Statcast baseline active,7,8,26,0,"Last 7 games: 8/26, 0 HR","platoon edge; pitcher baseline 9.2% barrel, 19.0 HR allowed",neutral batted-ball profile; pitcher allows elevated contact,5.37,37.63,87.94,99.0871,0.4059,0.1345,0.3252,70.44,11.46,41.57,23.2,11.6,0.1173,9.23,44.21,90.66,0.3959,0.1672,30.02,,,Globe Life Field,
167,621438,Tyrone Taylor,NYM,LAD,2026-07-26T17:40:00Z,Pre-Game,7,Emmet Sheehan,686218,R,42.9,Longshot,Watch List,No major boost,28.0,47.3,37.8,64.3,50.0,62.8,Yes,,,No,Yes,MLB Stats API; RotoWire,not found on RotoWire,H:2026/2025 P:2026/2025,,,Direct BvP not yet weighted; 2026/2025 Statcast baseline active,7,5,12,1,Contact streak: 5/12 over last 7 games,"same-side matchup; pitcher baseline 10.2% barrel, 14.0 HR allowed",neutral batted-ball profile; pitcher fly-ball pressure modest,7.65,34.05,86.99,98.3403,0.3934,0.1588,0.2917,71.21,12.56,48.09,30.42,5.5,0.1877,10.24,40.41,89.37,0.3838,0.1612,29.66,In From CF,82,Citi Field,
168,806198,Cooper Pratt,MIL,COL,2026-07-26T18:10:00Z,Scheduled,8,Kyle Freeland,607536,L,42.9,Longshot,Watch List,"Projected Lineup, Platoon Edge, Hot Hitter/Streak",19.7,62.1,27.6,47.9,78.0,73.2,No,No,8,Yes,Yes,RotoWire projected lineup; MLB probable pitchers,lineup projected / unconfirmed,H:2026 P:2026/2025,,,Direct BvP not yet weighted; 2026/2025 Statcast baseline active,7,8,22,2,Hot streak: 2 HR in last 7 games,"platoon edge; pitcher baseline 10.4% barrel, 20.6 HR allowed",neutral batted-ball profile; pitcher fly-ball pressure modest,5.2,31.6,88.4,97.5199,0.401,0.113,0.345,70.4,8.6,35.4,21.5,2.0,0.115,10.45,44.71,90.89,0.4933,0.2029,29.43,,,American Family Field,
169,693304,Nick Gonzales,PIT,CHC,2026-07-26T17:35:00Z,Scheduled,6,Jameson Taillon,592791,R,42.8,Longshot,Watch List,"Projected Lineup, Hot Hitter/Streak",16.4,65.0,24.3,71.7,50.0,71.9,No,No,6,Yes,Yes,RotoWire projected lineup; MLB probable pitchers,lineup projected / unconfirmed,H:2026/2025 P:2026/2025,,,Direct BvP not yet weighted; 2026/2025 Statcast baseline active,7,11,31,2,Hot streak: 2 HR in last 7 games,"same-side matchup; pitcher baseline 12.5% barrel, 22.6 HR allowed",neutral batted-ball profile; pitcher allows elevated contact,3.45,37.19,86.77,98.4237,0.3792,0.107,0.3127,70.64,12.59,40.09,20.77,5.7,0.0999,12.51,38.86,88.51,0.487,0.239,37.03,,,PNC Park,
170,805367,Chase Meidroth,CWS,HOU,2026-07-26T18:10:00Z,Scheduled,8,Ronel Blanco,669854,R,42.6,Longshot,Watch List,"Projected Lineup, Pitcher Vulnerable",12.4,88.5,27.6,47.9,50.0,38.3,No,No,8,Yes,Yes,RotoWire projected lineup; MLB probable pitchers,lineup projected / unconfirmed,H:2026/2025 P:2026/2025,,,Direct BvP not yet weighted; 2026/2025 Statcast baseline active,7,9,24,0,Contact streak: 9/24 over last 7 games,"same-side matchup; pitcher baseline 28.8% barrel, 3.5 HR allowed",neutral batted-ball profile; pitcher allows elevated contact,3.56,35.4,87.99,97.4389,0.3288,0.0891,0.2923,67.05,1.18,37.63,19.42,6.4,0.0936,28.77,52.9,92.13,0.5297,0.3342,62.13,,,Rate Field,
171,694203,Denzer Guzman,LAA,SF,2026-07-26T20:05:00Z,Scheduled,6,Carson Whisenhunt,687931,L,42.5,Longshot,Watch List,"Projected Lineup, Platoon Edge",27.2,51.0,19.3,71.7,78.0,27.6,No,No,6,Yes,Yes,RotoWire projected lineup; MLB probable pitchers,lineup projected / unconfirmed,H:2026/2025 P:2026/2025,,,Direct BvP not yet weighted; 2026/2025 Statcast baseline active,7,4,22,1,"Last 7 games: 4/22, 1 HR","platoon edge; pitcher baseline 7.9% barrel, 2.5 HR allowed",neutral batted-ball profile; pitcher allows elevated contact,8.42,39.19,87.13,98.6606,0.3349,0.1197,0.2581,73.43,32.95,44.73,25.31,3.4,0.1397,7.88,43.42,90.23,0.4743,0.2046,37.18,,,Oracle Park,
172,641680,Jonah Heim,ATH,MIN,2026-07-26T18:10:00Z,Scheduled,4,Connor Prielipp,687570,L,42.4,Longshot,Watch List,"Projected Lineup, Premium Lineup Spot, Platoon Edge",22.1,44.5,27.1,90.4,75.0,18.2,No,No,4,Yes,Yes,RotoWire projected lineup; MLB probable pitchers,lineup projected / unconfirmed,H:2026/2025 P:2026,,,Direct BvP not yet weighted; 2026/2025 Statcast baseline active,7,7,29,0,"Last 7 games: 7/29, 0 HR","switch hitter; pitcher baseline 9.4% barrel, 8.0 HR allowed",neutral batted-ball profile; pitcher fly-ball pressure modest,6.45,31.49,87.4,97.7741,0.3684,0.1375,0.2893,69.91,10.29,40.77,27.97,9.6,0.1729,9.4,39.6,90.2,0.407,0.171,26.0,,,Target Field,
173,669242,Tommy Edman,LAD,NYM,2026-07-26T17:40:00Z,Pre-Game,6,Freddy Peralta,642547,R,42.3,Longshot,Watch List,Platoon Edge,29.6,30.2,37.8,76.2,75.0,44.1,Yes,Yes,6,Yes,No,MLB Stats API; RotoWire,,H:2026/2025 P:2026/2025,,,Direct BvP not yet weighted; 2026/2025 Statcast baseline active,7,7,24,1,"Last 7 games: 7/24, 1 HR","switch hitter; pitcher baseline 6.6% barrel, 18.2 HR allowed",neutral batted-ball profile; pitcher fly-ball pressure modest,6.88,40.53,89.07,100.4845,0.4341,0.13,0.3588,70.48,11.58,43.16,23.91,5.3,0.1584,6.57,37.44,87.86,0.3638,0.1382,27.08,In From CF,82,Citi Field,
174,670623,Isaac Paredes,HOU,CWS,2026-07-26T18:10:00Z,Scheduled,3,Erick Fedde,607200,R,42.3,Longshot,Watch List,"Projected Lineup, Premium Lineup Spot, Hot Hitter/Streak",20.3,43.0,27.6,92.1,50.0,74.2,No,No,3,Yes,Yes,RotoWire projected lineup; MLB probable pitchers,lineup projected / unconfirmed,H:2026/2025 P:2026/2025,,,Direct BvP not yet weighted; 2026/2025 Statcast baseline active,7,10,27,2,Hot streak: 2 HR in last 7 games,"same-side matchup; pitcher baseline 7.3% barrel, 16.9 HR allowed",neutral batted-ball profile; pitcher fly-ball pressure modest,6.09,31.15,86.91,97.1346,0.3737,0.1334,0.3193,67.95,7.54,52.77,31.71,15.8,0.1816,7.27,40.43,89.22,0.4337,0.1699,27.86,,,Rate Field,
175,702284,Cole Young,SEA,TEX,2026-07-26T18:35:00Z,Scheduled,8,Jacob deGrom,594798,R,41.7,Longshot,Watch List,"Projected Lineup, Platoon Edge",25.2,51.0,27.6,47.9,80.0,61.5,No,No,8,Yes,Yes,RotoWire projected lineup; MLB probable pitchers,lineup projected / unconfirmed,H:2026/2025 P:2026/2025,,,Direct BvP not yet weighted; 2026/2025 Statcast baseline active,7,8,28,2,Hot streak: 2 HR in last 7 games,"platoon edge; pitcher baseline 9.2% barrel, 19.0 HR allowed",neutral batted-ball profile; pitcher allows elevated contact,5.32,36.0,88.16,98.846,0.4005,0.1401,0.3201,71.61,22.44,43.45,26.94,10.3,0.1297,9.23,44.21,90.66,0.3959,0.1672,30.02,,,Globe Life Field,
176,683953,Travis Bazzana,CLE,TB,2026-07-26T16:15:00Z,Pre-Game,5,Drew Rasmussen,656876,R,41.6,Longshot,Watch List,Platoon Edge,21.2,30.8,41.1,86.4,80.0,34.9,Yes,Yes,5,Yes,No,MLB Stats API; RotoWire,,H:2026 P:2026/2025,,,Direct BvP not yet weighted; 2026/2025 Statcast baseline active,7,6,26,1,"Last 7 games: 6/26, 1 HR","platoon edge; pitcher baseline 6.7% barrel, 13.8 HR allowed",neutral batted-ball profile; pitcher fly-ball pressure modest,4.7,35.9,88.0,98.4802,0.353,0.127,0.305,69.8,13.1,38.9,29.4,9.0,0.162,6.72,36.72,88.5,0.3708,0.1327,22.68,None,72,Tropicana Field,
177,687282,Gabriel Rincones,PHI,NYY,2026-07-26T23:20:00Z,Scheduled,8,Will Warren,701542,R,41.5,Longshot,Watch List,"Projected Lineup, Strong Barrel, Platoon Edge",35.1,45.5,34.3,47.9,80.0,0.0,No,No,8,Yes,Yes,RotoWire projected lineup; MLB probable pitchers,lineup projected / unconfirmed,H:2026 P:2026/2025,,,Direct BvP not yet weighted; 2026/2025 Statcast baseline active,7,1,18,0,"Last 7 games: 1/18, 0 HR","platoon edge; pitcher baseline 8.2% barrel, 16.4 HR allowed",neutral batted-ball profile; pitcher fly-ball pressure modest,10.0,35.8,90.8,101.0517,0.289,0.131,0.216,76.2,61.7,30.2,30.2,2.0,0.13,8.24,41.66,90.44,0.4183,0.1603,24.87,,,Citizens Bank Park,
178,691176,Jasson Dominguez,NYY,PHI,2026-07-26T23:20:00Z,Scheduled,6,Cristopher Sánchez,650911,L,41.4,Longshot,Watch List,"Projected Lineup, Platoon Edge",29.0,34.1,34.3,71.7,75.0,33.7,No,No,6,Yes,Yes,RotoWire projected lineup; MLB probable pitchers,lineup projected / unconfirmed,H:2026/2025 P:2026/2025,,,Direct BvP not yet weighted; 2026/2025 Statcast baseline active,7,6,27,1,"Last 7 games: 6/27, 1 HR","switch hitter; pitcher baseline 7.6% barrel, 12.0 HR allowed",neutral batted-ball profile; pitcher fly-ball pressure modest,5.95,41.69,88.99,100.8789,0.3826,0.1253,0.3032,74.38,40.46,43.6,23.99,7.2,0.1597,7.59,42.6,89.42,0.3618,0.1291,17.74,,,Citizens Bank Park,
179,682657,Angel Martínez,CLE,TB,2026-07-26T16:15:00Z,Pre-Game,6,Drew Rasmussen,656876,R,41.2,Longshot,Watch List,Platoon Edge,24.2,29.3,41.1,76.2,75.0,52.0,Yes,Yes,6,Yes,No,MLB Stats API; RotoWire,,H:2026/2025 P:2026/2025,,,Direct BvP not yet weighted; 2026/2025 Statcast baseline active,7,6,27,2,Hot streak: 2 HR in last 7 games,"switch hitter; pitcher baseline 6.7% barrel, 13.8 HR allowed",neutral batted-ball profile; pitcher fly-ball pressure modest,6.37,34.69,87.52,98.9582,0.376,0.1375,0.2865,70.83,14.58,45.79,27.43,11.0,0.1777,6.72,36.72,88.5,0.3708,0.1327,22.68,None,72,Tropicana Field,
180,641355,Cody Bellinger,NYY,PHI,2026-07-26T23:20:00Z,Scheduled,5,Cristopher Sánchez,650911,L,41.2,Longshot,Watch List,Projected Lineup,29.9,35.3,34.3,81.9,50.0,34.2,No,No,5,Yes,Yes,RotoWire projected lineup; MLB probable pitchers,lineup projected / unconfirmed,H:2026/2025 P:2026/2025,,,Direct BvP not yet weighted; 2026/2025 Statcast baseline active,7,8,23,0,Contact streak: 8/23 over last 7 games,"same-side matchup; pitcher baseline 7.6% barrel, 12.0 HR allowed",neutral batted-ball profile; pitcher fly-ball pressure modest,6.59,37.48,88.86,98.5763,0.4208,0.1512,0.3419,69.68,4.05,42.4,31.78,16.4,0.1751,7.59,42.6,89.42,0.3618,0.1291,17.74,,,Citizens Bank Park,
181,593871,Jorge Polanco,NYM,LAD,2026-07-26T17:40:00Z,Pre-Game,5,Emmet Sheehan,686218,R,41.1,Longshot,Watch List,Platoon Edge,17.0,45.8,37.8,86.4,75.0,0.0,Yes,No,6,Yes,Yes,MLB Stats API; RotoWire,RotoWire not confirmed; order MLB 5 vs RotoWire 6,H:2026/2025 P:2026/2025,,,Direct BvP not yet weighted; 2026/2025 Statcast baseline active,7,2,23,0,"Last 7 games: 2/23, 0 HR","switch hitter; pitcher baseline 10.2% barrel, 14.0 HR allowed",neutral batted-ball profile; pitcher fly-ball pressure modest,5.12,34.04,86.95,98.2546,0.3303,0.1119,0.266,70.01,7.08,44.97,23.8,8.5,0.1229,10.24,40.41,89.37,0.3838,0.1612,29.66,In From CF,82,Citi Field,
182,691011,Drew Romo,CWS,HOU,2026-07-26T18:10:00Z,Scheduled,9,Ronel Blanco,669854,R,41.1,Longshot,Watch List,"Projected Lineup, Pitcher Vulnerable, Platoon Edge",10.3,88.1,27.6,40.2,75.0,0.0,No,No,9,Yes,Yes,RotoWire projected lineup; MLB probable pitchers,lineup projected / unconfirmed,H:2026/2025 P:2026/2025,,,Direct BvP not yet weighted; 2026/2025 Statcast baseline active,7,2,20,0,"Last 7 games: 2/20, 0 HR","switch hitter; pitcher baseline 28.8% barrel, 3.5 HR allowed",neutral batted-ball profile; pitcher allows elevated contact,7.0,25.6,83.5,95.073,0.1946,0.0777,0.1701,68.49,3.78,38.4,33.7,3.5,0.119,28.77,52.9,92.13,0.5297,0.3342,62.13,,,Rate Field,
183,677649,Ezequiel Duran,TEX,SEA,2026-07-26T18:35:00Z,Scheduled,3,Logan Gilbert,669302,R,41.1,Longshot,Watch List,"Projected Lineup, Premium Lineup Spot",18.7,50.2,27.6,92.1,50.0,26.4,No,No,3,Yes,Yes,RotoWire projected lineup; MLB probable pitchers,lineup projected / unconfirmed,H:2026/2025 P:2026/2025,,,Direct BvP not yet weighted; 2026/2025 Statcast baseline active,7,8,27,0,"Last 7 games: 8/27, 0 HR","same-side matchup; pitcher baseline 9.9% barrel, 16.5 HR allowed",neutral batted-ball profile; pitcher fly-ball pressure modest,5.12,34.68,87.54,98.7185,0.3496,0.1069,0.2869,72.34,23.71,34.05,19.62,7.0,0.139,9.93,42.47,90.45,0.3915,0.1631,29.1,,,Globe Life Field,
184,694497,Evan Carter,TEX,SEA,2026-07-26T18:35:00Z,Scheduled,7,Logan Gilbert,669302,R,41.1,Longshot,Watch List,"Projected Lineup, Platoon Edge",23.0,50.2,27.6,59.8,80.0,35.6,No,No,7,Yes,Yes,RotoWire projected lineup; MLB probable pitchers,lineup projected / unconfirmed,H:2026/2025 P:2026/2025,,,Direct BvP not yet weighted; 2026/2025 Statcast baseline active,7,4,17,1,"Last 7 games: 4/17, 1 HR","platoon edge; pitcher baseline 9.9% barrel, 16.5 HR allowed",neutral batted-ball profile; pitcher fly-ball pressure modest,6.04,36.56,87.4,98.7432,0.3383,0.1281,0.2975,70.98,17.47,37.79,29.31,7.1,0.1485,9.93,42.47,90.45,0.3915,0.1631,29.1,,,Globe Life Field,
185,592663,J.T. Realmuto,PHI,NYY,2026-07-26T23:20:00Z,Scheduled,7,Will Warren,701542,R,41.1,Longshot,Watch List,Projected Lineup,30.1,45.5,34.3,59.8,50.0,45.0,No,No,7,Yes,Yes,RotoWire projected lineup; MLB probable pitchers,lineup projected / unconfirmed,H:2026/2025 P:2026/2025,,,Direct BvP not yet weighted; 2026/2025 Statcast baseline active,7,10,22,0,Contact streak: 10/22 over last 7 games,"same-side matchup; pitcher baseline 8.2% barrel, 16.4 HR allowed",neutral batted-ball profile; pitcher fly-ball pressure modest,5.86,41.72,89.58,100.0001,0.3921,0.1356,0.3181,72.84,32.25,40.41,25.59,8.5,0.1298,8.24,41.66,90.44,0.4183,0.1603,24.87,,,Citizens Bank Park,
186,655316,Andruw Monasterio,BOS,TOR,2026-07-26T17:35:00Z,Pre-Game,8,Kevin Gausman,592332,R,40.9,Longshot,Watch List,No major boost,29.4,42.4,40.2,52.4,50.0,63.3,Yes,Yes,8,Yes,No,MLB Stats API; RotoWire,,H:2026/2025 P:2026/2025,,,Direct BvP not yet weighted; 2026/2025 Statcast baseline active,7,10,20,1,Contact streak: 10/20 over last 7 games,"same-side matchup; pitcher baseline 8.4% barrel, 16.8 HR allowed",neutral batted-ball profile; pitcher fly-ball pressure modest,7.89,36.85,88.19,98.0516,0.3875,0.1474,0.2975,69.17,3.18,41.74,32.74,4.7,0.1845,8.36,39.86,88.74,0.4063,0.162,26.51,In From RF,73,Fenway Park,
187,701358,Cam Smith,HOU,CWS,2026-07-26T18:10:00Z,Scheduled,8,Erick Fedde,607200,R,40.8,Longshot,Watch List,"Projected Lineup, Strong Barrel",43.1,43.0,27.6,47.9,50.0,18.3,No,No,8,Yes,Yes,RotoWire projected lineup; MLB probable pitchers,lineup projected / unconfirmed,H:2026/2025 P:2026/2025,,,Direct BvP not yet weighted; 2026/2025 Statcast baseline active,7,1,16,1,"Last 7 games: 1/16, 1 HR","same-side matchup; pitcher baseline 7.3% barrel, 16.9 HR allowed",neutral batted-ball profile; pitcher fly-ball pressure modest,10.47,43.53,89.02,101.5985,0.4236,0.1802,0.3243,76.6,67.2,36.72,24.3,11.8,0.1479,7.27,40.43,89.22,0.4337,0.1699,27.86,,,Rate Field,
188,665877,José Fermín,STL,CIN,2026-07-26T18:15:00Z,Pre-Game,6,Andrew Abbott,671096,L,40.7,Longshot,Watch List,Platoon Edge,9.1,39.7,65.1,76.2,78.0,14.1,Yes,Yes,6,Yes,No,MLB Stats API; RotoWire,,H:2026/2025 P:2026/2025,,,Direct BvP not yet weighted; 2026/2025 Statcast baseline active,7,3,14,0,"Last 7 games: 3/14, 0 HR","platoon edge; pitcher baseline 7.5% barrel, 16.9 HR allowed",neutral batted-ball profile; pitcher fly-ball pressure modest,1.4,30.59,86.12,96.3875,0.3432,0.0913,0.3019,68.0,3.09,46.92,24.31,3.1,0.1235,7.51,37.06,89.2,0.406,0.1576,28.07,Out To CF,94,Busch Stadium,
189,663968,Jake Mangum,PIT,CHC,2026-07-26T17:35:00Z,Scheduled,1,Jameson Taillon,592791,R,40.6,Longshot,Watch List,"Projected Lineup, Premium Lineup Spot, Platoon Edge",4.7,63.3,24.3,88.7,75.0,20.7,No,No,1,Yes,Yes,RotoWire projected lineup; MLB probable pitchers,lineup projected / unconfirmed,H:2026/2025 P:2026/2025,,,Direct BvP not yet weighted; 2026/2025 Statcast baseline active,7,8,31,0,"Last 7 games: 8/31, 0 HR","switch hitter; pitcher baseline 12.5% barrel, 22.6 HR allowed",neutral batted-ball profile; pitcher allows elevated contact,1.79,27.87,85.48,96.2384,0.3297,0.0738,0.2823,67.3,3.83,28.42,14.37,2.3,0.0699,12.51,38.86,88.51,0.487,0.239,37.03,,,PNC Park,
190,800325,Luis Lara,MIL,COL,2026-07-26T18:10:00Z,Scheduled,6,Kyle Freeland,607536,L,40.5,Longshot,Watch List,"Projected Lineup, Platoon Edge",12.5,60.0,27.6,71.7,75.0,22.0,No,No,6,Yes,Yes,RotoWire projected lineup; MLB probable pitchers,lineup projected / unconfirmed,H:2026 P:2026/2025,,,Direct BvP not yet weighted; 2026/2025 Statcast baseline active,7,4,15,0,"Last 7 games: 4/15, 0 HR","switch hitter; pitcher baseline 10.4% barrel, 20.6 HR allowed",neutral batted-ball profile; pitcher fly-ball pressure modest,4.0,28.0,86.5,95.544,0.364,0.084,0.344,71.0,19.2,36.0,28.0,0.0,0.069,10.45,44.71,90.89,0.4933,0.2029,29.43,,,American Family Field,
191,686780,Pedro Pagés,STL,CIN,2026-07-26T18:15:00Z,Pre-Game,9,Andrew Abbott,671096,L,40.5,Longshot,Watch List,Platoon Edge,23.9,39.7,65.1,44.8,78.0,0.0,Yes,Yes,9,Yes,No,MLB Stats API; RotoWire,,H:2026/2025 P:2026/2025,,,Direct BvP not yet weighted; 2026/2025 Statcast baseline active,7,0,7,0,"Last 7 games: 0/7, 0 HR","platoon edge; pitcher baseline 7.5% barrel, 16.9 HR allowed",neutral batted-ball profile; pitcher fly-ball pressure modest,6.0,38.04,87.23,99.496,0.3421,0.1278,0.2632,72.53,22.68,36.69,27.13,6.1,0.1246,7.51,37.06,89.2,0.406,0.1576,28.07,Out To CF,94,Busch Stadium,
192,606192,Teoscar Hernández,LAD,NYM,2026-07-26T17:40:00Z,Pre-Game,8,Freddy Peralta,642547,R,40.4,Longshot,Watch List,No major boost,42.3,32.2,37.8,52.4,50.0,24.0,Yes,Yes,8,Yes,No,MLB Stats API; RotoWire,,H:2026/2025 P:2026/2025,,,Direct BvP not yet weighted; 2026/2025 Statcast baseline active,7,7,25,0,"Last 7 games: 7/25, 0 HR","same-side matchup; pitcher baseline 6.6% barrel, 18.2 HR allowed",neutral batted-ball profile; pitcher fly-ball pressure modest,9.96,44.56,89.78,100.9354,0.4207,0.1766,0.3195,72.48,25.54,32.19,30.57,13.1,0.1615,6.57,37.44,87.86,0.3638,0.1382,27.08,In From CF,82,Citi Field,
193,687401,Joey Ortiz,MIL,COL,2026-07-26T18:10:00Z,Scheduled,9,Kyle Freeland,607536,L,40.3,Longshot,Watch List,"Projected Lineup, Platoon Edge",15.7,62.1,27.6,40.2,78.0,68.7,No,No,9,Yes,Yes,RotoWire projected lineup; MLB probable pitchers,lineup projected / unconfirmed,H:2026/2025 P:2026/2025,,,Direct BvP not yet weighted; 2026/2025 Statcast baseline active,7,7,21,2,Hot streak: 2 HR in last 7 games,"platoon edge; pitcher baseline 10.4% barrel, 20.6 HR allowed",neutral batted-ball profile; pitcher fly-ball pressure modest,3.77,34.48,87.14,98.7118,0.341,0.0967,0.2939,72.82,28.88,30.65,21.22,5.6,0.1038,10.45,44.71,90.89,0.4933,0.2029,29.43,,,American Family Field,
194,695720,Tommy White,ATH,MIN,2026-07-26T18:10:00Z,Scheduled,6,Connor Prielipp,687570,L,40.1,Longshot,Watch List,"Projected Lineup, Platoon Edge",20.4,45.4,27.1,71.7,78.0,26.4,No,No,6,Yes,Yes,RotoWire projected lineup; MLB probable pitchers,lineup projected / unconfirmed,H:2026 P:2026,,,Direct BvP not yet weighted; 2026/2025 Statcast baseline active,7,8,27,0,"Last 7 games: 8/27, 0 HR","platoon edge; pitcher baseline 9.4% barrel, 8.0 HR allowed",neutral batted-ball profile; pitcher fly-ball pressure modest,7.7,30.8,85.2,97.4266,0.439,0.122,0.35,70.3,13.6,30.8,15.4,0.0,0.074,9.4,39.6,90.2,0.407,0.171,26.0,,,Target Field,
195,681351,Logan O'Hoppe,LAA,SF,2026-07-26T20:05:00Z,Scheduled,9,Carson Whisenhunt,687931,L,40.1,Longshot,Watch List,"Projected Lineup, Strong Barrel, Platoon Edge",35.8,51.0,19.3,40.2,78.0,9.3,No,No,9,Yes,Yes,RotoWire projected lineup; MLB probable pitchers,lineup projected / unconfirmed,H:2026/2025 P:2026/2025,,,Direct BvP not yet weighted; 2026/2025 Statcast baseline active,7,4,22,0,"Last 7 games: 4/22, 0 HR","platoon edge; pitcher baseline 7.9% barrel, 2.5 HR allowed",neutral batted-ball profile; pitcher allows elevated contact,11.06,39.34,88.1,99.7439,0.3641,0.1536,0.28,72.07,23.97,44.52,29.63,8.5,0.109,7.88,43.42,90.23,0.4743,0.2046,37.18,,,Oracle Park,
196,665966,Carlos Narváez,BOS,TOR,2026-07-26T17:35:00Z,Pre-Game,9,Kevin Gausman,592332,R,40.0,Longshot,Watch List,No major boost,34.4,42.4,40.2,44.8,50.0,33.7,Yes,Yes,9,Yes,No,MLB Stats API; RotoWire,,H:2026/2025 P:2026/2025,,,Direct BvP not yet weighted; 2026/2025 Statcast baseline active,7,4,18,1,"Last 7 games: 4/18, 1 HR","same-side matchup; pitcher baseline 8.4% barrel, 16.8 HR allowed",neutral batted-ball profile; pitcher fly-ball pressure modest,7.84,40.33,91.31,100.3817,0.3558,0.1417,0.2818,71.95,19.73,31.32,30.24,6.6,0.1178,8.36,39.86,88.74,0.4063,0.162,26.51,In From RF,73,Fenway Park,
197,642715,Willy Adames,SF,LAA,2026-07-26T20:05:00Z,Scheduled,7,José Soriano,667755,R,39.9,Longshot,Watch List,"Projected Lineup, Strong Barrel",40.1,36.6,19.3,59.8,50.0,42.7,No,No,7,Yes,Yes,RotoWire projected lineup; MLB probable pitchers,lineup projected / unconfirmed,H:2026/2025 P:2026/2025,,,Direct BvP not yet weighted; 2026/2025 Statcast baseline active,7,4,25,2,Hot streak: 2 HR in last 7 games,"same-side matchup; pitcher baseline 7.8% barrel, 12.0 HR allowed",neutral batted-ball profile; pitcher fly-ball pressure modest,10.36,40.63,88.27,99.1609,0.4049,0.1844,0.3018,72.24,23.86,48.12,34.76,21.6,0.2016,7.83,40.78,89.51,0.3803,0.1369,18.68,,,Oracle Park,
198,677587,Brayan Rocchio,CLE,TB,2026-07-26T16:15:00Z,Pre-Game,4,Drew Rasmussen,656876,R,39.8,Longshot,Watch List,"Premium Lineup Spot, Platoon Edge",14.0,29.3,41.1,94.9,75.0,39.0,Yes,Yes,4,Yes,No,MLB Stats API; RotoWire,,H:2026/2025 P:2026/2025,,,Direct BvP not yet weighted; 2026/2025 Statcast baseline active,7,8,31,1,"Last 7 games: 8/31, 1 HR","switch hitter; pitcher baseline 6.7% barrel, 13.8 HR allowed",neutral batted-ball profile; pitcher fly-ball pressure modest,3.09,33.12,86.95,97.5131,0.3573,0.1067,0.2985,70.07,7.29,44.48,24.04,7.8,0.1238,6.72,36.72,88.5,0.3708,0.1327,22.68,None,72,Tropicana Field,
199,665750,Leody Taveras,BAL,ATL,2026-07-26T17:35:00Z,Pre-Game,7,Reynaldo López,625643,R,39.8,Longshot,Watch List,Platoon Edge,17.2,40.4,56.1,64.3,75.0,5.7,Yes,Yes,7,Yes,No,MLB Stats API; RotoWire,,H:2026/2025 P:2026/2025,,,Direct BvP not yet weighted; 2026/2025 Statcast baseline active,7,3,19,0,"Last 7 games: 3/19, 0 HR","switch hitter; pitcher baseline 6.8% barrel, 7.3 HR allowed",neutral batted-ball profile; pitcher fly-ball pressure modest,5.07,31.35,87.45,98.4454,0.3237,0.1103,0.2705,72.32,24.42,32.25,22.7,3.7,0.1116,6.81,40.06,88.43,0.4894,0.1797,26.67,R To L,83,Oriole Park at Camden Yards,
200,650402,Gleyber Torres,DET,KC,2026-07-26T17:40:00Z,Pre-Game,3,Luinder Avila,679883,R,39.7,Longshot,Watch List,Premium Lineup Spot,24.6,19.3,51.6,96.6,50.0,24.9,Yes,Yes,3,Yes,No,MLB Stats API; RotoWire,,H:2026/2025 P:2026/2025,,,Direct BvP not yet weighted; 2026/2025 Statcast baseline active,7,6,21,0,"Last 7 games: 6/21, 0 HR","same-side matchup; pitcher baseline 5.2% barrel, 4.2 HR allowed",neutral batted-ball profile; pitcher fly-ball pressure modest,7.64,32.77,86.71,97.514,0.4067,0.1475,0.349,68.52,5.5,21.65,27.73,7.6,0.1128,5.21,33.46,87.53,0.3431,0.1214,22.4,R To L,77,Comerica Park,
201,672386,Alejandro Kirk,TOR,BOS,2026-07-26T17:35:00Z,Pre-Game,5,Ranger Suarez,624133,L,39.6,Longshot,Watch List,"Projected Lineup, Platoon Edge",26.9,16.3,40.2,81.9,78.0,45.3,No,No,5,Yes,Yes,RotoWire projected lineup; MLB probable pitchers,lineup projected / unconfirmed,H:2026/2025 P:2026/2025,,,Direct BvP not yet weighted; 2026/2025 Statcast baseline active,7,6,20,1,"Last 7 games: 6/20, 1 HR","platoon edge; pitcher baseline 5.3% barrel, 7.7 HR allowed",neutral batted-ball profile; pitcher fly-ball pressure modest,5.27,42.82,88.51,100.3958,0.3834,0.1344,0.3093,71.59,18.94,27.05,23.23,6.6,0.125,5.29,31.1,86.15,0.3419,0.1082,23.05,In From RF,73,Fenway Park,
202,703607,Henry Bolte,ATH,MIN,2026-07-26T18:10:00Z,Scheduled,8,Connor Prielipp,687570,L,39.6,Longshot,Watch List,"Projected Lineup, Platoon Edge",32.4,45.4,27.1,47.9,78.0,4.5,No,No,8,Yes,Yes,RotoWire projected lineup; MLB probable pitchers,lineup projected / unconfirmed,H:2026 P:2026,,,Direct BvP not yet weighted; 2026/2025 Statcast baseline active,7,3,20,0,"Last 7 games: 3/20, 0 HR","platoon edge; pitcher baseline 9.4% barrel, 8.0 HR allowed",neutral batted-ball profile; pitcher fly-ball pressure modest,6.6,46.3,90.0,103.7434,0.345,0.12,0.295,76.9,73.2,31.4,18.2,3.0,0.082,9.4,39.6,90.2,0.407,0.171,26.0,,,Target Field,
203,689414,Liam Hicks,MIA,SD,2026-07-26T17:40:00Z,Pre-Game,5,Walker Buehler,621111,R,39.5,Longshot,Watch List,Platoon Edge,9.6,44.1,35.0,86.4,80.0,24.3,Yes,Yes,5,Yes,No,MLB Stats API; RotoWire,,H:2026/2025 P:2026/2025,,,Direct BvP not yet weighted; 2026/2025 Statcast baseline active,7,4,25,1,"Last 7 games: 4/25, 1 HR","platoon edge; pitcher baseline 8.8% barrel, 15.0 HR allowed",neutral batted-ball profile; pitcher fly-ball pressure modest,3.88,29.52,84.95,96.5878,0.3507,0.1039,0.3108,68.03,3.93,42.73,24.08,11.6,0.1438,8.8,40.18,89.51,0.4164,0.1603,24.21,None,72,loanDepot park,
204,571912,Luke Maile,KC,DET,2026-07-26T17:40:00Z,Pre-Game,8,Framber Valdez,664285,L,39.4,Longshot,Watch List,"Strong Barrel, Platoon Edge",21.8,35.9,51.6,52.4,78.0,30.3,Yes,Yes,8,Yes,No,MLB Stats API; RotoWire,,H:2026/2025 P:2026/2025,,,Direct BvP not yet weighted; 2026/2025 Statcast baseline active,3,2,10,1,"Last 3 games: 2/10, 1 HR","platoon edge; pitcher baseline 6.6% barrel, 12.2 HR allowed",fly-ball profile; pitcher fly-ball pressure modest,11.96,23.57,81.7,90.8206,0.31,0.1228,0.2622,69.12,1.14,31.63,36.81,1.0,0.2436,6.56,42.94,89.96,0.3875,0.1395,20.28,R To L,77,Comerica Park,
205,805779,Jacob Wilson,ATH,MIN,2026-07-26T18:10:00Z,Scheduled,1,Connor Prielipp,687570,L,39.4,Longshot,Watch List,"Projected Lineup, Premium Lineup Spot, Platoon Edge, Hot Hitter/Streak",3.2,45.4,27.1,88.7,78.0,79.2,No,No,1,Yes,Yes,RotoWire projected lineup; MLB probable pitchers,lineup projected / unconfirmed,H:2026/2025 P:2026,,,Direct BvP not yet weighted; 2026/2025 Statcast baseline active,7,9,32,3,Hot streak: 3 HR in last 7 games,"platoon edge; pitcher baseline 9.4% barrel, 8.0 HR allowed",neutral batted-ball profile; pitcher fly-ball pressure modest,2.48,26.8,84.11,95.5845,0.3584,0.0863,0.2935,64.18,0.44,33.51,20.88,8.8,0.1288,9.4,39.6,90.2,0.407,0.171,26.0,,,Target Field,
206,672724,Oswald Peraza,LAA,SF,2026-07-26T20:05:00Z,Scheduled,7,Carson Whisenhunt,687931,L,39.4,Longshot,Watch List,"Projected Lineup, Platoon Edge",24.2,51.0,19.3,59.8,78.0,16.6,No,No,7,Yes,Yes,RotoWire projected lineup; MLB probable pitchers,lineup projected / unconfirmed,H:2026/2025 P:2026/2025,,,Direct BvP not yet weighted; 2026/2025 Statcast baseline active,7,3,13,0,"Last 7 games: 3/13, 0 HR","platoon edge; pitcher baseline 7.9% barrel, 2.5 HR allowed",neutral batted-ball profile; pitcher allows elevated contact,7.26,38.24,87.31,99.9339,0.3382,0.1197,0.2669,72.83,29.09,37.25,21.15,6.4,0.1182,7.88,43.42,90.23,0.4743,0.2046,37.18,,,Oracle Park,
207,805347,Jim Jarvis,ATL,BAL,2026-07-26T17:35:00Z,Pre-Game,9,Shane Baz,669358,R,39.3,Longshot,Watch List,Platoon Edge,21.6,40.6,56.1,44.8,80.0,10.6,Yes,Yes,9,Yes,No,MLB Stats API; RotoWire,,H:2026 P:2026/2025,,,Direct BvP not yet weighted; 2026/2025 Statcast baseline active,7,4,21,0,"Last 7 games: 4/21, 0 HR","platoon edge; pitcher baseline 7.8% barrel, 14.1 HR allowed",neutral batted-ball profile; pitcher fly-ball pressure modest,6.3,39.6,88.5,98.4812,0.344,0.092,0.279,70.8,10.3,33.3,18.8,1.0,0.153,7.75,41.22,89.84,0.3972,0.1476,24.66,R To L,83,Oriole Park at Camden Yards,
208,665923,Esteury Ruiz,MIA,SD,2026-07-26T17:40:00Z,Pre-Game,7,Walker Buehler,621111,R,39.3,Longshot,Watch List,No major boost,21.9,44.1,35.0,64.3,50.0,53.9,Yes,Yes,7,Yes,No,MLB Stats API; RotoWire,,H:2026/2025 P:2026/2025,,,Direct BvP not yet weighted; 2026/2025 Statcast baseline active,7,5,14,1,Contact streak: 5/14 over last 7 games,"same-side matchup; pitcher baseline 8.8% barrel, 15.0 HR allowed",neutral batted-ball profile; pitcher fly-ball pressure modest,8.05,28.0,85.0,96.2084,0.351,0.1554,0.2966,71.45,16.49,44.87,28.98,3.8,0.2018,8.8,40.18,89.51,0.4164,0.1603,24.21,None,72,loanDepot park,
209,643289,Mauricio Dubón,ATL,BAL,2026-07-26T17:35:00Z,Pre-Game,5,Shane Baz,669358,R,39.2,Longshot,Watch List,No major boost,11.9,40.6,56.1,86.4,50.0,10.8,Yes,Yes,5,Yes,No,MLB Stats API; RotoWire,,H:2026/2025 P:2026/2025,,,Direct BvP not yet weighted; 2026/2025 Statcast baseline active,7,5,26,0,"Last 7 games: 5/26, 0 HR","same-side matchup; pitcher baseline 7.8% barrel, 14.1 HR allowed",neutral batted-ball profile; pitcher fly-ball pressure modest,3.65,29.66,85.97,96.4689,0.3702,0.1085,0.3018,68.76,3.12,32.24,24.11,9.1,0.1357,7.75,41.22,89.84,0.3972,0.1476,24.66,R To L,83,Oriole Park at Camden Yards,
210,668885,Austin Martin,MIN,ATH,2026-07-26T18:10:00Z,Scheduled,1,Jeffrey Springs,605488,L,39.2,Longshot,Watch List,"Projected Lineup, Premium Lineup Spot, Platoon Edge",10.6,49.4,27.1,88.7,78.0,7.0,No,No,1,Yes,Yes,RotoWire projected lineup; MLB probable pitchers,lineup projected / unconfirmed,H:2026/2025 P:2026/2025,,,Direct BvP not yet weighted; 2026/2025 Statcast baseline active,7,2,12,0,"Last 7 games: 2/12, 0 HR","platoon edge; pitcher baseline 9.4% barrel, 27.3 HR allowed",neutral batted-ball profile; pitcher allows elevated contact,3.12,31.25,86.76,97.184,0.3435,0.0932,0.3212,68.83,4.13,39.11,22.45,1.7,0.0788,9.43,36.25,88.16,0.4464,0.1967,32.86,,,Target Field,
211,669364,Xavier Edwards,MIA,SD,2026-07-26T17:40:00Z,Pre-Game,4,Walker Buehler,621111,R,38.8,Longshot,Watch List,"Premium Lineup Spot, Platoon Edge",10.2,42.5,35.0,94.9,75.0,0.0,Yes,Yes,4,Yes,No,MLB Stats API; RotoWire,,H:2026/2025 P:2026/2025,,,Direct BvP not yet weighted; 2026/2025 Statcast baseline active,7,3,27,0,"Last 7 games: 3/27, 0 HR","switch hitter; pitcher baseline 8.8% barrel, 15.0 HR allowed",neutral batted-ball profile; pitcher fly-ball pressure modest,3.18,28.98,86.94,96.608,0.36,0.0977,0.3111,68.02,2.47,29.85,21.77,5.1,0.1015,8.8,40.18,89.51,0.4164,0.1603,24.21,None,72,loanDepot park,
212,682997,Tyler Callihan,PIT,CHC,2026-07-26T17:35:00Z,Scheduled,9,Jameson Taillon,592791,R,38.4,Longshot,Watch List,"Projected Lineup, Platoon Edge",19.2,65.0,24.3,40.2,80.0,0.0,No,No,9,Yes,Yes,RotoWire projected lineup; MLB probable pitchers,lineup projected / unconfirmed,H:2026/2025 P:2026/2025,,,Direct BvP not yet weighted; 2026/2025 Statcast baseline active,7,1,14,0,"Last 7 games: 1/14, 0 HR","platoon edge; pitcher baseline 12.5% barrel, 22.6 HR allowed",fly-ball profile; pitcher allows elevated contact,5.18,38.72,86.23,97.3701,0.2944,0.0973,0.2466,70.68,10.89,49.08,37.08,2.1,0.1365,12.51,38.86,88.51,0.487,0.239,37.03,,,PNC Park,
213,683083,Nasim Nuñez,WSH,AZ,2026-07-26T17:35:00Z,Pre-Game,9,Kohl Drake,684442,L,38.1,Longshot,Watch List,Platoon Edge,4.7,53.3,64.2,44.8,75.0,22.9,Yes,No,9,Yes,Yes,MLB Stats API; RotoWire,RotoWire not confirmed,H:2026/2025 P:2026,,,Direct BvP not yet weighted; 2026/2025 Statcast baseline active,7,6,22,0,"Last 7 games: 6/22, 0 HR","switch hitter; pitcher baseline 15.4% barrel, 0.0 HR allowed",neutral batted-ball profile; pitcher allows elevated contact,1.69,26.87,85.8,95.8784,0.3012,0.0734,0.2792,68.77,4.94,32.06,18.61,1.9,0.0825,15.4,46.2,87.7,0.415,0.129,30.8,Out To LF,84,Nationals Park,
214,608324,Alex Bregman,CHC,PIT,2026-07-26T17:35:00Z,Scheduled,4,Braxton Ashcraft,677952,R,37.9,Longshot,Watch List,"Projected Lineup, Premium Lineup Spot",23.7,33.3,24.3,90.4,50.0,26.2,No,No,4,Yes,Yes,RotoWire projected lineup; MLB probable pitchers,lineup projected / unconfirmed,H:2026/2025 P:2026/2025,,,Direct BvP not yet weighted; 2026/2025 Statcast baseline active,7,5,29,1,"Last 7 games: 5/29, 1 HR","same-side matchup; pitcher baseline 6.1% barrel, 12.1 HR allowed",neutral batted-ball profile; pitcher fly-ball pressure modest,4.92,38.52,88.56,98.1373,0.3696,0.1327,0.3139,70.16,5.01,47.07,25.55,12.4,0.1386,6.1,41.16,89.75,0.3661,0.1318,25.18,,,PNC Park,
215,662139,Daulton Varsho,TOR,BOS,2026-07-26T17:35:00Z,Pre-Game,6,Ranger Suarez,624133,L,37.8,Longshot,Watch List,Projected Lineup,34.9,16.3,40.2,71.7,50.0,36.5,No,No,6,Yes,Yes,RotoWire projected lineup; MLB probable pitchers,lineup projected / unconfirmed,H:2026/2025 P:2026/2025,,,Direct BvP not yet weighted; 2026/2025 Statcast baseline active,7,8,22,0,Contact streak: 8/22 over last 7 games,"same-side matchup; pitcher baseline 5.3% barrel, 7.7 HR allowed",neutral batted-ball profile; pitcher fly-ball pressure modest,9.39,38.2,87.31,99.4794,0.4086,0.1676,0.3074,73.71,36.25,41.29,28.75,10.9,0.1882,5.29,31.1,86.15,0.3419,0.1082,23.05,In From RF,73,Fenway Park,
216,701678,Hao-Yu Lee,DET,KC,2026-07-26T17:40:00Z,Pre-Game,9,Luinder Avila,679883,R,37.7,Longshot,Watch List,Hot Hitter/Streak,32.4,19.3,51.6,44.8,50.0,77.4,Yes,Yes,9,Yes,No,MLB Stats API; RotoWire,,H:2026 P:2026/2025,,,Direct BvP not yet weighted; 2026/2025 Statcast baseline active,7,9,23,2,Hot streak: 2 HR in last 7 games,"same-side matchup; pitcher baseline 5.2% barrel, 4.2 HR allowed",neutral batted-ball profile; pitcher fly-ball pressure modest,8.4,38.2,88.7,99.6285,0.398,0.16,0.29,70.8,18.3,29.0,27.5,6.0,0.165,5.21,33.46,87.53,0.3431,0.1214,22.4,R To L,77,Comerica Park,
217,669701,Josh Smith,TEX,SEA,2026-07-26T18:35:00Z,Scheduled,8,Logan Gilbert,669302,R,37.7,Longshot,Watch List,"Projected Lineup, Platoon Edge",17.4,50.2,27.6,47.9,80.0,36.3,No,No,8,Yes,Yes,RotoWire projected lineup; MLB probable pitchers,lineup projected / unconfirmed,H:2026/2025 P:2026/2025,,,Direct BvP not yet weighted; 2026/2025 Statcast baseline active,7,6,25,1,"Last 7 games: 6/25, 1 HR","platoon edge; pitcher baseline 9.9% barrel, 16.5 HR allowed",neutral batted-ball profile; pitcher fly-ball pressure modest,5.7,31.03,86.99,97.5429,0.3345,0.1127,0.2855,69.17,3.49,34.69,29.63,3.7,0.0793,9.93,42.47,90.45,0.3915,0.1631,29.1,,,Globe Life Field,
218,676356,Jonny DeLuca,TB,CLE,2026-07-26T16:15:00Z,Pre-Game,4,Parker Messick,800048,L,37.5,Longshot,Watch List,"Premium Lineup Spot, Platoon Edge",11.7,20.5,41.1,94.9,78.0,45.3,Yes,Yes,4,Yes,No,MLB Stats API; RotoWire,,H:2026/2025 P:2026/2025,,,Direct BvP not yet weighted; 2026/2025 Statcast baseline active,7,9,30,1,"Last 7 games: 9/30, 1 HR","platoon edge; pitcher baseline 5.5% barrel, 8.9 HR allowed",neutral batted-ball profile; pitcher fly-ball pressure modest,3.49,30.4,85.04,97.1502,0.3507,0.0991,0.2796,72.96,30.06,44.9,22.83,4.2,0.158,5.52,32.11,87.47,0.3505,0.1198,21.82,None,72,Tropicana Field,
219,681546,James Outman,DET,KC,2026-07-26T17:40:00Z,Pre-Game,8,Luinder Avila,679883,R,37.5,Longshot,Watch List,Platoon Edge,27.6,19.3,51.6,52.4,80.0,30.3,Yes,Yes,8,Yes,No,MLB Stats API; RotoWire,,H:2026/2025 P:2026/2025,,,Direct BvP not yet weighted; 2026/2025 Statcast baseline active,7,4,20,1,"Last 7 games: 4/20, 1 HR","platoon edge; pitcher baseline 5.2% barrel, 4.2 HR allowed",neutral batted-ball profile; pitcher fly-ball pressure modest,9.48,36.6,86.6,98.4954,0.2901,0.1349,0.2279,72.39,21.02,52.94,30.51,4.6,0.1527,5.21,33.46,87.53,0.3431,0.1214,22.4,R To L,77,Comerica Park,
220,620443,Luis Torrens,NYM,LAD,2026-07-26T17:40:00Z,Pre-Game,9,Emmet Sheehan,686218,R,37.5,Longshot,Watch List,No major boost,24.6,47.3,37.8,44.8,50.0,32.0,Yes,,,No,Yes,MLB Stats API; RotoWire,not found on RotoWire,H:2026/2025 P:2026/2025,,,Direct BvP not yet weighted; 2026/2025 Statcast baseline active,7,7,21,0,Contact streak: 7/21 over last 7 games,"same-side matchup; pitcher baseline 10.2% barrel, 14.0 HR allowed",neutral batted-ball profile; pitcher fly-ball pressure modest,5.87,40.89,88.57,99.1295,0.37,0.1254,0.2981,70.45,8.27,30.31,17.19,2.9,0.105,10.24,40.41,89.37,0.3838,0.1612,29.66,In From CF,82,Citi Field,
221,514888,Jose Altuve,HOU,CWS,2026-07-26T18:10:00Z,Scheduled,5,Erick Fedde,607200,R,37.5,Longshot,Watch List,Projected Lineup,16.1,43.0,27.6,81.9,50.0,35.3,No,No,5,Yes,Yes,RotoWire projected lineup; MLB probable pitchers,lineup projected / unconfirmed,H:2026/2025 P:2026/2025,,,Direct BvP not yet weighted; 2026/2025 Statcast baseline active,7,7,30,1,"Last 7 games: 7/30, 1 HR","same-side matchup; pitcher baseline 7.3% barrel, 16.9 HR allowed",neutral batted-ball profile; pitcher fly-ball pressure modest,5.92,32.02,85.59,97.2713,0.3511,0.1218,0.286,69.07,9.67,44.59,22.51,16.2,0.1686,7.27,40.43,89.22,0.4337,0.1699,27.86,,,Rate Field,
222,676914,Davis Schneider,TOR,BOS,2026-07-26T17:35:00Z,Pre-Game,8,Ranger Suarez,624133,L,37.4,Longshot,Watch List,"Projected Lineup, Strong Barrel, Platoon Edge",41.5,16.3,40.2,47.9,78.0,0.0,No,No,8,Yes,Yes,RotoWire projected lineup; MLB probable pitchers,lineup projected / unconfirmed,H:2026/2025 P:2026/2025,,,Direct BvP not yet weighted; 2026/2025 Statcast baseline active,7,0,15,0,"Last 7 games: 0/15, 0 HR","platoon edge; pitcher baseline 5.3% barrel, 7.7 HR allowed",fly-ball profile; pitcher fly-ball pressure modest,12.11,43.41,88.98,100.469,0.3229,0.1608,0.2831,71.22,14.33,43.65,41.67,5.4,0.1565,5.29,31.1,86.15,0.3419,0.1082,23.05,In From RF,73,Fenway Park,
223,680757,Steven Kwan,CLE,TB,2026-07-26T16:15:00Z,Pre-Game,1,Drew Rasmussen,656876,R,36.8,Longshot,Watch List,"Premium Lineup Spot, Platoon Edge",2.2,30.8,41.1,93.2,80.0,45.0,Yes,Yes,1,Yes,No,MLB Stats API; RotoWire,,H:2026/2025 P:2026/2025,,,Direct BvP not yet weighted; 2026/2025 Statcast baseline active,7,11,25,0,Contact streak: 11/25 over last 7 games,"platoon edge; pitcher baseline 6.7% barrel, 13.8 HR allowed",neutral batted-ball profile; pitcher fly-ball pressure modest,0.78,12.44,84.24,92.4732,0.3415,0.0713,0.3184,63.07,0.38,28.16,23.51,4.0,0.0712,6.72,36.72,88.5,0.3708,0.1327,22.68,None,72,Tropicana Field,
224,621020,Dansby Swanson,CHC,PIT,2026-07-26T17:35:00Z,Scheduled,9,Braxton Ashcraft,677952,R,36.7,Longshot,Watch List,Projected Lineup,41.0,33.3,24.3,40.2,50.0,28.2,No,No,9,Yes,Yes,RotoWire projected lineup; MLB probable pitchers,lineup projected / unconfirmed,H:2026/2025 P:2026/2025,,,Direct BvP not yet weighted; 2026/2025 Statcast baseline active,7,8,26,0,"Last 7 games: 8/26, 0 HR","same-side matchup; pitcher baseline 6.1% barrel, 12.1 HR allowed",neutral batted-ball profile; pitcher fly-ball pressure modest,8.97,44.44,90.01,100.1581,0.4217,0.1848,0.3198,71.32,8.64,46.36,30.73,18.4,0.1891,6.1,41.16,89.75,0.3661,0.1318,25.18,,,PNC Park,
225,686797,Brooks Lee,MIN,ATH,2026-07-26T18:10:00Z,Scheduled,8,Jeffrey Springs,605488,L,36.7,Longshot,Watch List,"Projected Lineup, Platoon Edge",18.3,48.3,27.1,47.9,75.0,31.4,No,No,8,Yes,Yes,RotoWire projected lineup; MLB probable pitchers,lineup projected / unconfirmed,H:2026/2025 P:2026/2025,,,Direct BvP not yet weighted; 2026/2025 Statcast baseline active,7,6,29,1,"Last 7 games: 6/29, 1 HR","switch hitter; pitcher baseline 9.4% barrel, 27.3 HR allowed",neutral batted-ball profile; pitcher allows elevated contact,4.47,33.53,87.9,97.4206,0.3425,0.1155,0.2764,69.92,8.49,41.22,27.53,15.3,0.1634,9.43,36.25,88.16,0.4464,0.1967,32.86,,,Target Field,
226,650489,Willi Castro,COL,MIL,2026-07-26T18:10:00Z,Scheduled,5,Jacob Misiorowski,694819,R,36.7,Longshot,Watch List,"Projected Lineup, Platoon Edge",28.6,14.8,27.6,81.9,75.0,27.1,No,No,5,Yes,Yes,RotoWire projected lineup; MLB probable pitchers,lineup projected / unconfirmed,H:2026/2025 P:2026/2025,,,Direct BvP not yet weighted; 2026/2025 Statcast baseline active,7,5,28,1,"Last 7 games: 5/28, 1 HR","switch hitter; pitcher baseline 4.5% barrel, 8.7 HR allowed",neutral batted-ball profile; pitcher fly-ball pressure modest,6.99,38.98,87.54,99.8115,0.3659,0.1379,0.2969,72.58,26.56,42.25,32.09,9.6,0.1344,4.47,34.7,87.46,0.2747,0.0954,24.59,,,American Family Field,
227,664774,LaMonte Wade,HOU,CWS,2026-07-26T18:10:00Z,Scheduled,6,Erick Fedde,607200,R,36.5,Longshot,Watch List,"Projected Lineup, Platoon Edge",14.5,43.0,27.6,71.7,80.0,0.0,No,No,6,Yes,Yes,RotoWire projected lineup; MLB probable pitchers,lineup projected / unconfirmed,H:2026/2025 P:2026/2025,,,Direct BvP not yet weighted; 2026/2025 Statcast baseline active,7,2,20,0,"Last 7 games: 2/20, 0 HR","platoon edge; pitcher baseline 7.3% barrel, 16.9 HR allowed",neutral batted-ball profile; pitcher fly-ball pressure modest,4.92,32.85,86.06,97.366,0.3,0.1069,0.2817,70.98,10.18,34.41,24.67,2.0,0.1318,7.27,40.43,89.22,0.4337,0.1699,27.86,,,Rate Field,
228,673237,Yainer Diaz,HOU,CWS,2026-07-26T18:10:00Z,Scheduled,7,Erick Fedde,607200,R,36.5,Longshot,Watch List,Projected Lineup,26.9,43.0,27.6,59.8,50.0,6.0,No,No,7,Yes,Yes,RotoWire projected lineup; MLB probable pitchers,lineup projected / unconfirmed,H:2026/2025 P:2026/2025,,,Direct BvP not yet weighted; 2026/2025 Statcast baseline active,7,4,25,0,"Last 7 games: 4/25, 0 HR","same-side matchup; pitcher baseline 7.3% barrel, 16.9 HR allowed",neutral batted-ball profile; pitcher fly-ball pressure modest,6.45,35.55,88.36,99.3519,0.4097,0.1487,0.3043,72.41,21.1,35.72,20.01,10.2,0.1505,7.27,40.43,89.22,0.4337,0.1699,27.86,,,Rate Field,
229,668952,Ryan Kreidler,MIN,ATH,2026-07-26T18:10:00Z,Scheduled,9,Jeffrey Springs,605488,L,36.4,Longshot,Watch List,"Projected Lineup, Platoon Edge",23.7,49.4,27.1,40.2,78.0,0.0,No,No,9,Yes,Yes,RotoWire projected lineup; MLB probable pitchers,lineup projected / unconfirmed,H:2026/2025 P:2026/2025,,,Direct BvP not yet weighted; 2026/2025 Statcast baseline active,7,2,22,0,"Last 7 games: 2/22, 0 HR","platoon edge; pitcher baseline 9.4% barrel, 27.3 HR allowed",neutral batted-ball profile; pitcher allows elevated contact,6.06,33.43,88.2,99.1453,0.3383,0.1273,0.2731,73.31,34.33,44.07,27.6,3.5,0.1078,9.43,36.25,88.16,0.4464,0.1967,32.86,,,Target Field,
230,828599,Lucas Spence,HOU,CWS,2026-07-26T18:10:00Z,Scheduled,9,Erick Fedde,607200,R,36.3,Longshot,Watch List,"Projected Lineup, Platoon Edge",26.2,43.0,27.6,40.2,80.0,6.0,No,No,9,Yes,Yes,RotoWire projected lineup; MLB probable pitchers,lineup projected / unconfirmed,H:2026 P:2026/2025,,,Direct BvP not yet weighted; 2026/2025 Statcast baseline active,7,4,25,0,"Last 7 games: 4/25, 0 HR","platoon edge; pitcher baseline 7.3% barrel, 16.9 HR allowed",neutral batted-ball profile; pitcher fly-ball pressure modest,5.9,41.2,91.9,100.4159,0.274,0.086,0.248,73.0,29.4,47.1,23.5,0.0,0.035,7.27,40.43,89.22,0.4337,0.1699,27.86,,,Rate Field,
231,702332,Caleb Durbin,BOS,TOR,2026-07-26T17:35:00Z,Pre-Game,5,Kevin Gausman,592332,R,36.0,Longshot,Watch List,No major boost,5.8,42.4,40.2,86.4,50.0,25.3,Yes,Yes,5,Yes,No,MLB Stats API; RotoWire,,H:2026/2025 P:2026/2025,,,Direct BvP not yet weighted; 2026/2025 Statcast baseline active,7,4,24,1,"Last 7 games: 4/24, 1 HR","same-side matchup; pitcher baseline 8.4% barrel, 16.8 HR allowed",neutral batted-ball profile; pitcher fly-ball pressure modest,3.02,27.81,84.64,96.1509,0.3354,0.0958,0.2917,68.81,5.12,41.65,18.63,10.3,0.1499,8.36,39.86,88.74,0.4063,0.162,26.51,In From RF,73,Fenway Park,
232,670032,Nicky Lopez,TEX,SEA,2026-07-26T18:35:00Z,Scheduled,6,Logan Gilbert,669302,R,36.0,Longshot,Watch List,"Projected Lineup, Platoon Edge",3.0,50.2,27.6,71.7,80.0,32.0,No,No,6,Yes,Yes,RotoWire projected lineup; MLB probable pitchers,lineup projected / unconfirmed,H:2026/2025 P:2026/2025,,,Direct BvP not yet weighted; 2026/2025 Statcast baseline active,7,7,21,0,Contact streak: 7/21 over last 7 games,"platoon edge; pitcher baseline 9.9% barrel, 16.5 HR allowed",neutral batted-ball profile; pitcher fly-ball pressure modest,0.0,28.1,84.94,95.5917,0.2774,0.0412,0.2624,66.79,0.75,34.64,10.95,0.7,0.0301,9.93,42.47,90.45,0.3915,0.1631,29.1,,,Globe Life Field,
233,807712,Luke Keaschall,MIN,ATH,2026-07-26T18:10:00Z,Scheduled,7,Jeffrey Springs,605488,L,35.8,Longshot,Watch List,"Projected Lineup, Platoon Edge",9.9,49.4,27.1,59.8,78.0,24.9,No,No,7,Yes,Yes,RotoWire projected lineup; MLB probable pitchers,lineup projected / unconfirmed,H:2026/2025 P:2026/2025,,,Direct BvP not yet weighted; 2026/2025 Statcast baseline active,7,6,21,0,"Last 7 games: 6/21, 0 HR","platoon edge; pitcher baseline 9.4% barrel, 27.3 HR allowed",neutral batted-ball profile; pitcher allows elevated contact,3.59,29.1,85.08,96.5706,0.3465,0.1055,0.3093,68.58,7.66,37.77,26.06,4.0,0.1031,9.43,36.25,88.16,0.4464,0.1967,32.86,,,Target Field,
234,699393,Pedro Ramirez,CHC,PIT,2026-07-26T17:35:00Z,Scheduled,7,Braxton Ashcraft,677952,R,35.7,Longshot,Watch List,"Projected Lineup, Platoon Edge",21.4,32.0,24.3,59.8,75.0,43.4,No,No,7,Yes,Yes,RotoWire projected lineup; MLB probable pitchers,lineup projected / unconfirmed,H:2026 P:2026/2025,,,Direct BvP not yet weighted; 2026/2025 Statcast baseline active,7,9,22,0,Contact streak: 9/22 over last 7 games,"switch hitter; pitcher baseline 6.1% barrel, 12.1 HR allowed",neutral batted-ball profile; pitcher fly-ball pressure modest,3.0,42.4,89.9,100.0217,0.358,0.097,0.295,72.4,22.0,31.8,19.7,1.0,0.154,6.1,41.16,89.75,0.3661,0.1318,25.18,,,PNC Park,
235,669134,Luis Campusano,SD,MIA,2026-07-26T17:40:00Z,Pre-Game,8,Janson Junk,676083,R,35.4,Longshot,Watch List,No major boost,23.9,43.3,35.0,52.4,50.0,0.0,Yes,Yes,8,Yes,No,MLB Stats API; RotoWire,,H:2026/2025 P:2026/2025,,,Direct BvP not yet weighted; 2026/2025 Statcast baseline active,7,2,17,0,"Last 7 games: 2/17, 0 HR","same-side matchup; pitcher baseline 7.6% barrel, 10.1 HR allowed",neutral batted-ball profile; pitcher fly-ball pressure modest,7.14,41.06,87.45,99.3486,0.3081,0.1176,0.3025,72.26,25.02,44.11,19.59,2.8,0.1603,7.59,43.17,90.48,0.4257,0.1655,23.22,None,72,loanDepot park,
236,553869,Elias Diaz,TEX,SEA,2026-07-26T18:35:00Z,Scheduled,9,Logan Gilbert,669302,R,35.4,Longshot,Watch List,Projected Lineup,25.4,50.2,27.6,40.2,50.0,14.6,No,No,9,Yes,Yes,RotoWire projected lineup; MLB probable pitchers,lineup projected / unconfirmed,H:2026/2025 P:2026/2025,,,Direct BvP not yet weighted; 2026/2025 Statcast baseline active,7,5,23,0,"Last 7 games: 5/23, 0 HR","same-side matchup; pitcher baseline 9.9% barrel, 16.5 HR allowed",neutral batted-ball profile; pitcher fly-ball pressure modest,6.2,36.81,86.79,99.5926,0.375,0.1303,0.2817,74.41,43.47,39.89,27.45,5.5,0.1631,9.93,42.47,90.45,0.3915,0.1631,29.1,,,Globe Life Field,
237,686475,Tyler Tolbert,KC,DET,2026-07-26T17:40:00Z,Pre-Game,7,Framber Valdez,664285,L,35.3,Longshot,Watch List,Platoon Edge,8.9,35.9,51.6,64.3,78.0,0.0,Yes,Yes,7,Yes,No,MLB Stats API; RotoWire,,H:2026/2025 P:2026/2025,,,Direct BvP not yet weighted; 2026/2025 Statcast baseline active,7,0,9,0,"Last 7 games: 0/9, 0 HR","platoon edge; pitcher baseline 6.6% barrel, 12.2 HR allowed",neutral batted-ball profile; pitcher fly-ball pressure modest,3.17,32.29,86.13,97.1469,0.3318,0.0732,0.3004,69.42,4.48,35.06,18.92,1.7,0.1084,6.56,42.94,89.96,0.3875,0.1395,20.28,R To L,77,Comerica Park,
238,643446,Jeff McNeil,ATH,MIN,2026-07-26T18:10:00Z,Scheduled,7,Connor Prielipp,687570,L,35.1,Longshot,Watch List,Projected Lineup,12.4,45.4,27.1,59.8,50.0,63.3,No,No,7,Yes,Yes,RotoWire projected lineup; MLB probable pitchers,lineup projected / unconfirmed,H:2026/2025 P:2026,,,Direct BvP not yet weighted; 2026/2025 Statcast baseline active,7,8,18,1,Contact streak: 8/18 over last 7 games,"same-side matchup; pitcher baseline 9.4% barrel, 8.0 HR allowed",neutral batted-ball profile; pitcher fly-ball pressure modest,2.37,32.55,86.64,96.6439,0.3698,0.0985,0.3146,69.02,5.3,43.14,23.89,6.4,0.1127,9.4,39.6,90.2,0.407,0.171,26.0,,,Target Field,
239,681198,TJ Rumfield,COL,MIL,2026-07-26T18:10:00Z,Scheduled,4,Jacob Misiorowski,694819,R,35.1,Longshot,Watch List,"Projected Lineup, Premium Lineup Spot, Platoon Edge",14.2,15.8,27.6,90.4,80.0,52.5,No,No,4,Yes,Yes,RotoWire projected lineup; MLB probable pitchers,lineup projected / unconfirmed,H:2026 P:2026/2025,,,Direct BvP not yet weighted; 2026/2025 Statcast baseline active,7,8,23,1,Contact streak: 8/23 over last 7 games,"platoon edge; pitcher baseline 4.5% barrel, 8.7 HR allowed",neutral batted-ball profile; pitcher fly-ball pressure modest,5.3,28.1,83.7,96.3181,0.386,0.131,0.327,68.9,8.5,44.1,28.1,13.0,0.18,4.47,34.7,87.46,0.2747,0.0954,24.59,,,American Family Field,
240,650333,Luis Arraez,SF,LAA,2026-07-26T20:05:00Z,Scheduled,1,José Soriano,667755,R,34.8,Longshot,Watch List,"Projected Lineup, Premium Lineup Spot, Platoon Edge",7.0,36.6,19.3,88.7,80.0,23.4,No,No,1,Yes,Yes,RotoWire projected lineup; MLB probable pitchers,lineup projected / unconfirmed,H:2026/2025 P:2026/2025,,,Direct BvP not yet weighted; 2026/2025 Statcast baseline active,7,8,29,0,"Last 7 games: 8/29, 0 HR","platoon edge; pitcher baseline 7.8% barrel, 12.0 HR allowed",neutral batted-ball profile; pitcher fly-ball pressure modest,0.68,19.71,86.73,94.0671,0.3686,0.083,0.3037,63.02,0.12,29.89,26.91,5.2,0.1161,7.83,40.78,89.51,0.3803,0.1369,18.68,,,Oracle Park,
241,806068,Colt Emerson,SEA,TEX,2026-07-26T18:35:00Z,Scheduled,9,Jacob deGrom,594798,R,34.7,Longshot,Watch List,"Projected Lineup, Platoon Edge",14.2,51.0,27.6,40.2,80.0,14.6,No,No,9,Yes,Yes,RotoWire projected lineup; MLB probable pitchers,lineup projected / unconfirmed,H:2026 P:2026/2025,,,Direct BvP not yet weighted; 2026/2025 Statcast baseline active,7,5,23,0,"Last 7 games: 5/23, 0 HR","platoon edge; pitcher baseline 9.2% barrel, 19.0 HR allowed",neutral batted-ball profile; pitcher allows elevated contact,5.5,29.1,86.3,96.7601,0.289,0.105,0.246,72.5,25.3,40.9,21.8,7.0,0.171,9.23,44.21,90.66,0.3959,0.1672,30.02,,,Globe Life Field,
242,823550,Sung-Mun Song,SD,MIA,2026-07-26T17:40:00Z,Pre-Game,9,Janson Junk,676083,R,34.5,Longshot,Watch List,Platoon Edge,13.4,43.3,35.0,44.8,80.0,19.5,Yes,Yes,9,Yes,No,MLB Stats API; RotoWire,,H:2026 P:2026/2025,,,Direct BvP not yet weighted; 2026/2025 Statcast baseline active,7,3,12,0,"Last 7 games: 3/12, 0 HR","platoon edge; pitcher baseline 7.6% barrel, 10.1 HR allowed",neutral batted-ball profile; pitcher fly-ball pressure modest,5.1,25.6,87.0,97.0644,0.296,0.101,0.273,71.9,13.4,35.9,26.9,1.0,0.074,7.59,43.17,90.48,0.4257,0.1655,23.22,None,72,loanDepot park,
243,663743,Nick Fortes,TB,CLE,2026-07-26T16:15:00Z,Pre-Game,8,Parker Messick,800048,L,34.3,Longshot,Watch List,"Platoon Edge, Hot Hitter/Streak",14.3,20.5,41.1,52.4,78.0,81.7,Yes,Yes,8,Yes,No,MLB Stats API; RotoWire,,H:2026/2025 P:2026/2025,,,Direct BvP not yet weighted; 2026/2025 Statcast baseline active,7,11,22,2,Hot streak: 2 HR in last 7 games,"platoon edge; pitcher baseline 5.5% barrel, 8.9 HR allowed",neutral batted-ball profile; pitcher fly-ball pressure modest,3.13,37.27,86.38,99.2441,0.3367,0.0965,0.2791,72.28,21.7,50.84,18.92,4.3,0.1095,5.52,32.11,87.47,0.3505,0.1198,21.82,None,72,Tropicana Field,
244,808982,Jung Hoo Lee,SF,LAA,2026-07-26T20:05:00Z,Scheduled,6,José Soriano,667755,R,34.3,Longshot,Watch List,"Projected Lineup, Platoon Edge",11.0,36.6,19.3,71.7,80.0,34.9,No,No,6,Yes,Yes,RotoWire projected lineup; MLB probable pitchers,lineup projected / unconfirmed,H:2026/2025 P:2026/2025,,,Direct BvP not yet weighted; 2026/2025 Statcast baseline active,7,6,26,1,"Last 7 games: 6/26, 1 HR","platoon edge; pitcher baseline 7.8% barrel, 12.0 HR allowed",neutral batted-ball profile; pitcher fly-ball pressure modest,2.86,29.76,87.03,96.5974,0.3829,0.094,0.3168,68.37,2.77,39.72,22.1,6.6,0.1354,7.83,40.78,89.51,0.3803,0.1369,18.68,,,Oracle Park,
245,688363,Graham Pauley,MIA,SD,2026-07-26T17:40:00Z,Pre-Game,8,Walker Buehler,621111,R,34.1,Longshot,Watch List,Platoon Edge,10.6,44.1,35.0,52.4,80.0,5.1,Yes,Yes,8,Yes,No,MLB Stats API; RotoWire,,H:2026/2025 P:2026/2025,,,Direct BvP not yet weighted; 2026/2025 Statcast baseline active,7,2,13,0,"Last 7 games: 2/13, 0 HR","platoon edge; pitcher baseline 8.8% barrel, 15.0 HR allowed",neutral batted-ball profile; pitcher fly-ball pressure modest,4.66,26.65,84.71,95.7732,0.2793,0.0976,0.2332,71.07,13.63,44.79,31.81,1.9,0.1252,8.8,40.18,89.51,0.4164,0.1603,24.21,None,72,loanDepot park,
246,664983,Jake McCarthy,COL,MIL,2026-07-26T18:10:00Z,Scheduled,1,Jacob Misiorowski,694819,R,33.9,Longshot,Watch List,"Projected Lineup, Premium Lineup Spot, Platoon Edge",15.2,15.8,27.6,88.7,80.0,27.5,No,No,1,Yes,Yes,RotoWire projected lineup; MLB probable pitchers,lineup projected / unconfirmed,H:2026/2025 P:2026/2025,,,Direct BvP not yet weighted; 2026/2025 Statcast baseline active,7,10,33,0,"Last 7 games: 10/33, 0 HR","platoon edge; pitcher baseline 4.5% barrel, 8.7 HR allowed",neutral batted-ball profile; pitcher fly-ball pressure modest,5.37,26.62,85.19,96.5635,0.3894,0.1336,0.3035,70.71,11.3,37.52,21.38,8.2,0.1865,4.47,34.7,87.46,0.2747,0.0954,24.59,,,American Family Field,
247,810938,Ben Williamson,TB,CLE,2026-07-26T16:15:00Z,Pre-Game,6,Parker Messick,800048,L,33.3,Longshot,Watch List,Platoon Edge,11.8,20.5,41.1,76.2,78.0,13.3,Yes,Yes,6,Yes,No,MLB Stats API; RotoWire,,H:2026/2025 P:2026/2025,,,Direct BvP not yet weighted; 2026/2025 Statcast baseline active,7,5,24,0,"Last 7 games: 5/24, 0 HR","platoon edge; pitcher baseline 5.5% barrel, 8.9 HR allowed",neutral batted-ball profile; pitcher fly-ball pressure modest,2.18,35.46,87.53,98.6035,0.3311,0.0803,0.2858,69.49,10.84,27.06,14.81,1.7,0.0724,5.52,32.11,87.47,0.3505,0.1198,21.82,None,72,Tropicana Field,
248,694249,Cole Carrigg,COL,MIL,2026-07-26T18:10:00Z,Scheduled,7,Jacob Misiorowski,694819,R,33.3,Longshot,Watch List,"Projected Lineup, Platoon Edge",26.6,14.8,27.6,59.8,75.0,33.9,No,No,7,Yes,Yes,RotoWire projected lineup; MLB probable pitchers,lineup projected / unconfirmed,H:2026 P:2026/2025,,,Direct BvP not yet weighted; 2026/2025 Statcast baseline active,7,9,26,0,Contact streak: 9/26 over last 7 games,"switch hitter; pitcher baseline 4.5% barrel, 8.7 HR allowed",neutral batted-ball profile; pitcher fly-ball pressure modest,6.0,34.0,86.6,98.4807,0.407,0.155,0.327,73.8,40.5,47.0,30.0,4.0,0.216,4.47,34.7,87.46,0.2747,0.0954,24.59,,,American Family Field,
249,676391,Ernie Clement,TOR,BOS,2026-07-26T17:35:00Z,Pre-Game,1,Ranger Suarez,624133,L,33.2,Longshot,Watch List,"Projected Lineup, Premium Lineup Spot, Platoon Edge",6.7,16.3,40.2,88.7,78.0,32.0,No,No,1,Yes,Yes,RotoWire projected lineup; MLB probable pitchers,lineup projected / unconfirmed,H:2026/2025 P:2026/2025,,,Direct BvP not yet weighted; 2026/2025 Statcast baseline active,7,9,27,0,Contact streak: 9/27 over last 7 games,"platoon edge; pitcher baseline 5.3% barrel, 7.7 HR allowed",neutral batted-ball profile; pitcher fly-ball pressure modest,2.47,23.9,85.62,95.0882,0.3485,0.0909,0.2792,67.53,2.82,42.83,27.97,8.3,0.1252,5.29,31.1,86.15,0.3419,0.1082,23.05,In From RF,73,Fenway Park,
250,595978,Austin Hedges,CLE,TB,2026-07-26T16:15:00Z,Pre-Game,8,Drew Rasmussen,656876,R,33.0,Longshot,Watch List,No major boost,15.5,30.8,41.1,52.4,50.0,50.3,Yes,Yes,8,Yes,No,MLB Stats API; RotoWire,,H:2026/2025 P:2026/2025,,,Direct BvP not yet weighted; 2026/2025 Statcast baseline active,7,5,15,1,Contact streak: 5/15 over last 7 games,"same-side matchup; pitcher baseline 6.7% barrel, 13.8 HR allowed",neutral batted-ball profile; pitcher fly-ball pressure modest,4.66,32.62,87.36,98.2032,0.3281,0.1035,0.2798,70.03,10.26,51.31,23.52,4.3,0.1321,6.72,36.72,88.5,0.3708,0.1327,22.68,None,72,Tropicana Field,
251,656775,Cedric Mullins,TB,CLE,2026-07-26T16:15:00Z,Pre-Game,7,Parker Messick,800048,L,32.9,Longshot,Watch List,No major boost,20.4,20.5,41.1,64.3,50.0,31.6,Yes,Yes,7,Yes,No,MLB Stats API; RotoWire,,H:2026/2025 P:2026/2025,,,Direct BvP not yet weighted; 2026/2025 Statcast baseline active,7,5,24,1,"Last 7 games: 5/24, 1 HR","same-side matchup; pitcher baseline 5.5% barrel, 8.9 HR allowed",neutral batted-ball profile; pitcher fly-ball pressure modest,4.8,32.47,88.31,97.8617,0.3204,0.1274,0.2679,70.75,8.76,45.25,31.94,13.5,0.1575,5.52,32.11,87.47,0.3505,0.1198,21.82,None,72,Tropicana Field,
252,690984,Petey Halpin,CLE,TB,2026-07-26T16:15:00Z,Pre-Game,9,Drew Rasmussen,656876,R,32.5,Longshot,Watch List,Platoon Edge,9.0,30.8,41.1,44.8,80.0,49.9,Yes,Yes,9,Yes,No,MLB Stats API; RotoWire,,H:2026/2025 P:2026/2025,,,Direct BvP not yet weighted; 2026/2025 Statcast baseline active,7,5,24,2,Hot streak: 2 HR in last 7 games,"platoon edge; pitcher baseline 6.7% barrel, 13.8 HR allowed",neutral batted-ball profile; pitcher fly-ball pressure modest,4.97,20.02,82.01,94.1185,0.2905,0.0896,0.2587,70.36,6.51,40.97,34.52,1.4,0.0875,6.72,36.72,88.5,0.3708,0.1327,22.68,None,72,Tropicana Field,
253,608348,Carson Kelly,CHC,PIT,2026-07-26T17:35:00Z,Scheduled,8,Braxton Ashcraft,677952,R,32.5,Longshot,Watch List,Projected Lineup,29.3,33.3,24.3,47.9,50.0,0.0,No,No,8,Yes,Yes,RotoWire projected lineup; MLB probable pitchers,lineup projected / unconfirmed,H:2026/2025 P:2026/2025,,,Direct BvP not yet weighted; 2026/2025 Statcast baseline active,7,2,21,0,"Last 7 games: 2/21, 0 HR","same-side matchup; pitcher baseline 6.1% barrel, 12.1 HR allowed",neutral batted-ball profile; pitcher fly-ball pressure modest,7.22,38.55,88.24,99.0767,0.3949,0.1547,0.3224,70.89,8.89,38.31,24.52,9.3,0.1363,6.1,41.16,89.75,0.3661,0.1318,25.18,,,PNC Park,
254,691720,Kyle Karros,COL,MIL,2026-07-26T18:10:00Z,Scheduled,6,Jacob Misiorowski,694819,R,32.2,Longshot,Watch List,Projected Lineup,25.2,15.8,27.6,71.7,50.0,27.7,No,No,6,Yes,Yes,RotoWire projected lineup; MLB probable pitchers,lineup projected / unconfirmed,H:2026/2025 P:2026/2025,,,Direct BvP not yet weighted; 2026/2025 Statcast baseline active,7,7,23,0,"Last 7 games: 7/23, 0 HR","same-side matchup; pitcher baseline 4.5% barrel, 8.7 HR allowed",neutral batted-ball profile; pitcher fly-ball pressure modest,6.11,39.79,89.09,99.6408,0.3642,0.1222,0.3168,70.01,5.72,39.22,23.43,6.6,0.1315,4.47,34.7,87.46,0.2747,0.0954,24.59,,,American Family Field,
255,675961,Alika Williams,ATH,MIN,2026-07-26T18:10:00Z,Scheduled,9,Connor Prielipp,687570,L,32.0,Longshot,Watch List,"Projected Lineup, Platoon Edge",9.0,45.4,27.1,40.2,78.0,28.2,No,No,9,Yes,Yes,RotoWire projected lineup; MLB probable pitchers,lineup projected / unconfirmed,H:2026 P:2026,,,Direct BvP not yet weighted; 2026/2025 Statcast baseline active,7,4,13,0,"Last 7 games: 4/13, 0 HR","platoon edge; pitcher baseline 9.4% barrel, 8.0 HR allowed",neutral batted-ball profile; pitcher fly-ball pressure modest,0.0,35.8,85.6,97.3572,0.272,0.059,0.229,69.5,4.3,36.8,22.1,2.0,0.159,9.4,39.6,90.2,0.407,0.171,26.0,,,Target Field,
256,644433,Chadwick Tromp,BAL,ATL,2026-07-26T17:35:00Z,Pre-Game,9,Reynaldo López,625643,R,31.9,Longshot,Watch List,No major boost,7.6,41.2,56.1,44.8,50.0,7.0,Yes,Yes,9,Yes,No,MLB Stats API; RotoWire,,H:2026/2025 P:2026/2025,,,Direct BvP not yet weighted; 2026/2025 Statcast baseline active,7,3,18,0,"Last 7 games: 3/18, 0 HR","same-side matchup; pitcher baseline 6.8% barrel, 7.3 HR allowed",neutral batted-ball profile; pitcher fly-ball pressure modest,2.01,28.87,86.07,95.9301,0.2441,0.0677,0.1885,70.84,10.34,27.33,22.87,0.3,0.0752,6.81,40.06,88.43,0.4894,0.1797,26.67,R To L,83,Oriole Park at Camden Yards,
257,702222,Justin Crawford,PHI,NYY,2026-07-26T23:20:00Z,Scheduled,9,Will Warren,701542,R,31.5,Longshot,Watch List,"Projected Lineup, Platoon Edge",8.0,45.5,34.3,40.2,80.0,0.0,No,No,9,Yes,Yes,RotoWire projected lineup; MLB probable pitchers,lineup projected / unconfirmed,H:2026 P:2026/2025,,,Direct BvP not yet weighted; 2026/2025 Statcast baseline active,7,1,13,0,"Last 7 games: 1/13, 0 HR","platoon edge; pitcher baseline 8.2% barrel, 16.4 HR allowed",neutral batted-ball profile; pitcher fly-ball pressure modest,0.9,32.7,86.3,97.4216,0.309,0.06,0.272,68.8,4.9,27.3,16.8,2.0,0.087,8.24,41.66,90.44,0.4183,0.1603,24.87,,,Citizens Bank Park,
258,663538,Nico Hoerner,CHC,PIT,2026-07-26T17:35:00Z,Scheduled,6,Braxton Ashcraft,677952,R,30.7,Longshot,Watch List,Projected Lineup,8.4,33.3,24.3,71.7,50.0,35.2,No,No,6,Yes,Yes,RotoWire projected lineup; MLB probable pitchers,lineup projected / unconfirmed,H:2026/2025 P:2026/2025,,,Direct BvP not yet weighted; 2026/2025 Statcast baseline active,7,11,31,0,Contact streak: 11/31 over last 7 games,"same-side matchup; pitcher baseline 6.1% barrel, 12.1 HR allowed",neutral batted-ball profile; pitcher fly-ball pressure modest,1.28,28.83,86.28,96.2812,0.3749,0.0822,0.3213,68.36,1.76,33.43,21.49,4.9,0.0928,6.1,41.16,89.75,0.3661,0.1318,25.18,,,PNC Park,
259,676609,Jose Caballero,NYY,PHI,2026-07-26T23:20:00Z,Scheduled,8,Cristopher Sánchez,650911,L,30.2,Longshot,Watch List,"Projected Lineup, Platoon Edge",7.7,35.3,34.3,47.9,78.0,6.0,No,No,8,Yes,Yes,RotoWire projected lineup; MLB probable pitchers,lineup projected / unconfirmed,H:2026/2025 P:2026/2025,,,Direct BvP not yet weighted; 2026/2025 Statcast baseline active,7,4,25,0,"Last 7 games: 4/25, 0 HR","platoon edge; pitcher baseline 7.6% barrel, 12.0 HR allowed",neutral batted-ball profile; pitcher fly-ball pressure modest,4.29,26.75,84.46,96.4265,0.3264,0.1052,0.2766,68.89,8.01,41.25,21.24,8.5,0.1313,7.59,42.6,89.42,0.3618,0.1291,17.74,,,Citizens Bank Park,
260,672613,Eliezer Alfonzo,LAD,NYM,2026-07-26T17:40:00Z,Pre-Game,9,Freddy Peralta,642547,R,30.1,Longshot,Watch List,Platoon Edge,11.6,30.2,37.8,44.8,75.0,7.0,Yes,Yes,9,Yes,No,MLB Stats API; RotoWire,,H:2026 P:2026/2025,,,Direct BvP not yet weighted; 2026/2025 Statcast baseline active,7,2,12,0,"Last 7 games: 2/12, 0 HR","switch hitter; pitcher baseline 6.6% barrel, 18.2 HR allowed",neutral batted-ball profile; pitcher fly-ball pressure modest,0.0,16.7,90.0,95.8235,0.238,0.052,0.181,68.5,8.3,41.7,33.3,0.0,0.071,6.57,37.44,87.86,0.3638,0.1382,27.08,In From CF,82,Citi Field,
261,687859,Troy Johnston,COL,MIL,2026-07-26T18:10:00Z,Scheduled,8,Jacob Misiorowski,694819,R,30.1,Longshot,Watch List,"Projected Lineup, Platoon Edge",24.7,15.8,27.6,47.9,80.0,2.5,No,No,8,Yes,Yes,RotoWire projected lineup; MLB probable pitchers,lineup projected / unconfirmed,H:2026/2025 P:2026/2025,,,Direct BvP not yet weighted; 2026/2025 Statcast baseline active,7,3,22,0,"Last 7 games: 3/22, 0 HR","platoon edge; pitcher baseline 4.5% barrel, 8.7 HR allowed",neutral batted-ball profile; pitcher fly-ball pressure modest,4.29,39.09,89.74,99.1097,0.4034,0.1268,0.3296,70.32,5.72,39.86,23.58,3.3,0.1206,4.47,34.7,87.46,0.2747,0.0954,24.59,,,American Family Field,
262,802415,Chandler Simpson,TB,CLE,2026-07-26T16:15:00Z,Pre-Game,5,Parker Messick,800048,L,30.0,Longshot,Watch List,No major boost,0.2,20.5,41.1,86.4,50.0,45.0,Yes,Yes,5,Yes,No,MLB Stats API; RotoWire,,H:2026/2025 P:2026/2025,,,Direct BvP not yet weighted; 2026/2025 Statcast baseline active,7,12,25,0,Contact streak: 12/25 over last 7 games,"same-side matchup; pitcher baseline 5.5% barrel, 8.9 HR allowed",neutral batted-ball profile; pitcher fly-ball pressure modest,0.0,15.06,83.95,93.0654,0.308,0.0382,0.2767,64.76,0.37,26.87,12.65,0.0,0.0591,5.52,32.11,87.47,0.3505,0.1198,21.82,None,72,Tropicana Field,
263,649966,Luis Urias,TOR,BOS,2026-07-26T17:35:00Z,Pre-Game,7,Ranger Suarez,624133,L,30.0,Longshot,Watch List,"Projected Lineup, Platoon Edge",10.5,16.3,40.2,59.8,78.0,23.4,No,No,7,Yes,Yes,RotoWire projected lineup; MLB probable pitchers,lineup projected / unconfirmed,H:2026/2025 P:2026/2025,,,Direct BvP not yet weighted; 2026/2025 Statcast baseline active,7,2,13,1,"Last 7 games: 2/13, 1 HR","platoon edge; pitcher baseline 5.3% barrel, 7.7 HR allowed",neutral batted-ball profile; pitcher fly-ball pressure modest,5.94,25.93,84.94,95.5924,0.3012,0.0899,0.2636,70.45,12.94,60.3,26.43,3.8,0.1689,5.29,31.1,86.15,0.3419,0.1082,23.05,In From RF,73,Fenway Park,
264,687551,Drew Gilbert,SF,LAA,2026-07-26T20:05:00Z,Scheduled,8,José Soriano,667755,R,29.9,Longshot,Watch List,"Projected Lineup, Platoon Edge",10.9,36.6,19.3,47.9,80.0,14.6,No,No,8,Yes,Yes,RotoWire projected lineup; MLB probable pitchers,lineup projected / unconfirmed,H:2026/2025 P:2026/2025,,,Direct BvP not yet weighted; 2026/2025 Statcast baseline active,7,5,23,0,"Last 7 games: 5/23, 0 HR","platoon edge; pitcher baseline 7.8% barrel, 12.0 HR allowed",neutral batted-ball profile; pitcher fly-ball pressure modest,2.66,33.84,85.97,97.467,0.3303,0.0957,0.287,70.52,10.16,39.79,18.29,3.7,0.1334,7.83,40.78,89.51,0.3803,0.1369,18.68,,,Oracle Park,
265,623205,Andrew Velazquez,KC,DET,2026-07-26T17:40:00Z,Pre-Game,9,Framber Valdez,664285,L,29.5,Longshot,Watch List,Platoon Edge,1.5,34.6,51.6,44.8,75.0,0.0,Yes,Yes,9,Yes,No,MLB Stats API; RotoWire,,H:2026 P:2026/2025,,,Direct BvP not yet weighted; 2026/2025 Statcast baseline active,3,1,9,0,"Last 3 games: 1/9, 0 HR","switch hitter; pitcher baseline 6.6% barrel, 12.2 HR allowed",neutral batted-ball profile; pitcher fly-ball pressure modest,0.0,25.0,82.0,94.9852,0.214,0.031,0.173,68.6,0.0,37.5,12.5,0.0,0.0,6.56,42.94,89.96,0.3875,0.1395,20.28,R To L,77,Comerica Park,
266,645305,Ali Sanchez,NYY,PHI,2026-07-26T23:20:00Z,Scheduled,9,Cristopher Sánchez,650911,L,28.7,Longshot,Watch List,"Projected Lineup, Platoon Edge",7.5,35.3,34.3,40.2,78.0,0.0,No,No,9,Yes,Yes,RotoWire projected lineup; MLB probable pitchers,lineup projected / unconfirmed,H:2026/2025 P:2026/2025,,,Direct BvP not yet weighted; 2026/2025 Statcast baseline active,7,1,10,0,"Last 7 games: 1/10, 0 HR","platoon edge; pitcher baseline 7.6% barrel, 12.0 HR allowed",neutral batted-ball profile; pitcher fly-ball pressure modest,5.28,21.67,82.98,94.828,0.3409,0.0826,0.2776,70.28,7.91,33.36,21.59,0.0,0.0611,7.59,42.6,89.42,0.3618,0.1291,17.74,,,Citizens Bank Park,
267,680700,Richie Palacios,TB,CLE,2026-07-26T16:15:00Z,Pre-Game,9,Parker Messick,800048,L,28.0,Longshot,Watch List,No major boost,14.0,20.5,41.1,44.8,50.0,30.3,Yes,Yes,9,Yes,No,MLB Stats API; RotoWire,,H:2026/2025 P:2026/2025,,,Direct BvP not yet weighted; 2026/2025 Statcast baseline active,7,4,20,1,"Last 7 games: 4/20, 1 HR","same-side matchup; pitcher baseline 5.5% barrel, 8.9 HR allowed",neutral batted-ball profile; pitcher fly-ball pressure modest,4.64,31.36,87.03,96.6634,0.366,0.1004,0.3229,68.87,3.31,34.29,20.35,3.1,0.1127,5.52,32.11,87.47,0.3505,0.1198,21.82,None,72,Tropicana Field,
268,678662,Ezequiel Tovar,COL,MIL,2026-07-26T18:10:00Z,Scheduled,9,Jacob Misiorowski,694819,R,27.6,Longshot,Watch List,Projected Lineup,28.5,15.8,27.6,40.2,50.0,2.5,No,No,9,Yes,Yes,RotoWire projected lineup; MLB probable pitchers,lineup projected / unconfirmed,H:2026/2025 P:2026/2025,,,Direct BvP not yet weighted; 2026/2025 Statcast baseline active,7,3,22,0,"Last 7 games: 3/22, 0 HR","same-side matchup; pitcher baseline 4.5% barrel, 8.7 HR allowed",neutral batted-ball profile; pitcher fly-ball pressure modest,7.27,34.7,87.93,98.9257,0.3829,0.1527,0.2854,72.02,20.92,37.26,29.85,8.3,0.1295,4.47,34.7,87.46,0.2747,0.0954,24.59,,,American Family Field,
269,664702,Myles Straw,TOR,BOS,2026-07-26T17:35:00Z,Pre-Game,9,Ranger Suarez,624133,L,26.3,Longshot,Watch List,"Projected Lineup, Platoon Edge",11.1,16.3,40.2,40.2,78.0,0.0,No,No,9,Yes,Yes,RotoWire projected lineup; MLB probable pitchers,lineup projected / unconfirmed,H:2026/2025 P:2026/2025,,,Direct BvP not yet weighted; 2026/2025 Statcast baseline active,7,1,14,0,"Last 7 games: 1/14, 0 HR","platoon edge; pitcher baseline 5.3% barrel, 7.7 HR allowed",neutral batted-ball profile; pitcher fly-ball pressure modest,4.11,25.63,86.29,95.8548,0.358,0.1039,0.2943,68.29,4.96,35.94,27.81,3.3,0.0959,5.29,31.1,86.15,0.3419,0.1082,23.05,In From RF,73,Fenway Park,
270,691740,Daniel Susac,SF,LAA,2026-07-26T20:05:00Z,Scheduled,9,José Soriano,667755,R,26.0,Longshot,Watch List,Projected Lineup,12.5,36.6,19.3,40.2,50.0,2.0,No,No,9,Yes,Yes,RotoWire projected lineup; MLB probable pitchers,lineup projected / unconfirmed,H:2026 P:2026/2025,,,Direct BvP not yet weighted; 2026/2025 Statcast baseline active,7,2,15,0,"Last 7 games: 2/15, 0 HR","same-side matchup; pitcher baseline 7.8% barrel, 12.0 HR allowed",neutral batted-ball profile; pitcher fly-ball pressure modest,4.4,29.7,86.3,96.797,0.347,0.089,0.295,68.8,3.9,42.9,29.7,0.0,0.069,7.83,40.78,89.51,0.3803,0.1369,18.68,,,Oracle Park,
