rank,hitter_id,player,team,opponent,game_start_time,game_status,batting_order,pitcher,pitcher_id,pitcher_hand,hr_score,tier,play_type,reason_tags,power_score,pitcher_score,environment_score,lineup_score,platoon_score,recent_form_score,confirmed_lineup,rotowire_confirmed_lineup,rotowire_batting_order,rotowire_player_found,lineup_disagreement,lineup_sources_used,source_warnings,stat_years_used,bvp_pa,bvp_hr,bvp_note,recent_games,recent_hits,recent_abs,recent_hr,recent_form_note,split_matchup_note,pitch_mix_note,barrel_pct,hard_hit_pct,avg_exit_velocity,ev50,xslg,xiso,xwoba,bat_speed,fast_swing_pct,pull_pct,fb_pct,hr_total,iso,pitcher_barrel_pct_allowed,pitcher_hard_hit_pct_allowed,pitcher_avg_exit_velocity_allowed,pitcher_xslg_allowed,pitcher_xiso_allowed,pitcher_fb_pct_allowed,wind_direction,weather_temp,ballpark,odds
1,682987,Spencer Jones,NYY,TB,2026-09-23T23:05:00Z,Pre-Game,5,Mason Englert,669438,R,66.8,Tier 3,Watch List,"Strong Barrel, Platoon Edge",67.7,65.0,51.7,86.4,80.0,36.7,Yes,Yes,5,Yes,No,MLB Stats API; RotoWire,,H:2026 P:2026/2025,,,Direct BvP not yet weighted; 2026/2025 Statcast baseline active,7,3,29,2,Hot streak: 2 HR in last 7 games,"platoon edge; pitcher baseline 13.2% barrel, 7.5 HR allowed",EV profile; pitcher allows elevated contact,15.4,54.7,94.1,104.2393,0.447,0.212,0.325,77.1,71.8,34.9,38.9,11.0,0.189,13.25,40.74,89.98,0.5045,0.2272,30.22,In From LF,63,Yankee Stadium,
2,700250,Ben Rice,NYY,TB,2026-09-23T23:05:00Z,Pre-Game,1,Mason Englert,669438,R,65.9,Tier 3,Watch List,"Strong Barrel, Premium Lineup Spot, Platoon Edge",62.9,65.0,51.7,93.2,80.0,30.3,Yes,Yes,1,Yes,No,MLB Stats API; RotoWire,,H:2026/2025 P:2026/2025,,,Direct BvP not yet weighted; 2026/2025 Statcast baseline active,7,5,25,1,"Last 7 games: 5/25, 1 HR","platoon edge; pitcher baseline 13.2% barrel, 7.5 HR allowed",lift-pull EV profile; pitcher allows elevated contact,14.35,50.43,92.32,102.4413,0.5194,0.2492,0.3798,72.84,27.45,44.68,30.88,35.1,0.2587,13.25,40.74,89.98,0.5045,0.2272,30.22,In From LF,63,Yankee Stadium,
3,808959,Munetaka Murakami,CWS,KC,2026-09-23T23:40:00Z,Pre-Game,4,Seth Lugo,607625,R,65.2,Tier 3,Watch List,"Strong Barrel, Premium Lineup Spot, Platoon Edge",73.6,53.9,34.7,94.9,80.0,45.9,Yes,Yes,4,Yes,No,MLB Stats API; RotoWire,,H:2026 P:2026/2025,,,Direct BvP not yet weighted; 2026/2025 Statcast baseline active,7,4,22,2,Hot streak: 2 HR in last 7 games,"platoon edge; pitcher baseline 8.9% barrel, 24.2 HR allowed",lift-pull EV profile; pitcher fly-ball pressure modest,18.8,55.5,93.6,104.19,0.448,0.249,0.344,74.7,49.7,46.5,38.0,33.0,0.266,8.93,43.52,90.0,0.4618,0.1918,28.97,In From RF,71,Kauffman Stadium,
4,804668,Rafael Flores Jr.,PIT,STL,2026-09-23T22:40:00Z,Pre-Game,2,Matthew Liberatore,669461,L,65.0,Tier 3,Watch List,"Strong Barrel, Premium Lineup Spot, Platoon Edge, Hot Hitter/Streak",65.2,54.2,35.8,100.0,78.0,81.2,Yes,Yes,2,Yes,No,MLB Stats API; RotoWire,,H:2026/2025 P:2026/2025,,,Direct BvP not yet weighted; 2026/2025 Statcast baseline active,7,10,24,2,Hot streak: 2 HR in last 7 games,"platoon edge; pitcher baseline 9.6% barrel, 24.6 HR allowed",lift-pull EV profile; pitcher fly-ball pressure modest,14.18,52.28,92.07,102.4091,0.5091,0.2549,0.3589,73.75,37.99,40.26,38.06,7.0,0.2254,9.62,41.66,90.18,0.4552,0.1878,28.38,In From CF,65,PNC Park,
5,670541,Yordan Alvarez,HOU,SEA,2026-09-24T02:10:00Z,Scheduled,2,George Kirby,669923,R,65.0,Tier 3,Watch List,"Projected Lineup, Elite Power, Strong Barrel, Premium Lineup Spot, Platoon Edge, Hot Hitter/Streak",78.4,40.6,25.4,95.5,80.0,99.5,No,No,2,Yes,Yes,RotoWire projected lineup; MLB probable pitchers,lineup projected / unconfirmed,H:2026/2025 P:2026/2025,,,Direct BvP not yet weighted; 2026/2025 Statcast baseline active,7,10,24,3,Hot streak: 3 HR in last 7 games,"platoon edge; pitcher baseline 7.2% barrel, 19.2 HR allowed",lift-pull EV profile; pitcher fly-ball pressure modest,15.55,53.32,94.42,104.8055,0.6162,0.3063,0.4294,76.1,61.59,40.95,36.03,30.5,0.2487,7.2,41.17,89.83,0.4067,0.1465,23.96,,,T-Mobile Park,
6,682998,Corbin Carroll,AZ,COL,2026-09-24T00:40:00Z,Pre-Game,7,Mason Adams,690279,R,63.6,Tier 3,Watch List,"Strong Barrel, Platoon Edge",58.1,69.3,57.7,64.3,80.0,59.1,Yes,,,No,Yes,MLB Stats API; RotoWire,not found on RotoWire,H:2026/2025 P:2026,,,Direct BvP not yet weighted; 2026/2025 Statcast baseline active,7,7,26,2,Hot streak: 2 HR in last 7 games,"platoon edge; pitcher baseline 10.8% barrel, 6.0 HR allowed",neutral batted-ball profile; pitcher allows elevated contact,13.24,48.92,91.89,102.5637,0.4758,0.2215,0.3531,75.23,54.12,42.54,30.6,24.7,0.2463,10.8,55.4,92.2,0.49,0.228,33.8,L To R,69,Coors Field,
7,663457,Lars Nootbaar,AZ,COL,2026-09-24T00:40:00Z,Pre-Game,1,Mason Adams,690279,R,63.2,Tier 3,Watch List,"Premium Lineup Spot, Platoon Edge",47.7,69.3,57.7,93.2,80.0,39.2,Yes,,,No,Yes,MLB Stats API; RotoWire,not found on RotoWire,H:2026/2025 P:2026,,,Direct BvP not yet weighted; 2026/2025 Statcast baseline active,7,7,27,1,"Last 7 games: 7/27, 1 HR","platoon edge; pitcher baseline 10.8% barrel, 6.0 HR allowed",neutral batted-ball profile; pitcher allows elevated contact,9.92,50.14,91.93,101.838,0.4245,0.1816,0.3338,73.26,35.12,38.49,27.99,8.8,0.1354,10.8,55.4,92.2,0.49,0.228,33.8,L To R,69,Coors Field,
8,545361,Mike Trout,LAA,ATH,2026-09-24T01:40:00Z,Pre-Game,2,Jeffrey Springs,605488,L,63.0,Tier 3,Watch List,"Strong Barrel, Premium Lineup Spot, Platoon Edge",59.8,45.5,68.4,100.0,78.0,21.1,Yes,No,2,Yes,Yes,MLB Stats API; RotoWire,RotoWire not confirmed,H:2026/2025 P:2026/2025,,,Direct BvP not yet weighted; 2026/2025 Statcast baseline active,7,6,23,0,"Last 7 games: 6/23, 0 HR","platoon edge; pitcher baseline 8.8% barrel, 31.5 HR allowed",neutral batted-ball profile; pitcher allows elevated contact,15.87,46.92,90.27,102.8812,0.4824,0.2334,0.3734,74.49,46.51,36.02,30.93,22.5,0.1874,8.8,35.34,87.67,0.4394,0.189,32.09,Out To RF,89,Sutter Health Park,
9,624413,Pete Alonso,BAL,TOR,2026-09-23T22:35:00Z,Pre-Game,2,CJ Van Eyk,669310,R,62.8,Tier 3,Watch List,"Strong Barrel, Premium Lineup Spot, Hot Hitter/Streak",73.6,40.1,45.6,100.0,50.0,70.3,Yes,Yes,2,Yes,No,MLB Stats API; RotoWire,,H:2026/2025 P:2026,,,Direct BvP not yet weighted; 2026/2025 Statcast baseline active,7,6,27,6,Hot streak: 6 HR in last 7 games,"same-side matchup; pitcher baseline 6.5% barrel, 1.0 HR allowed",EV profile; pitcher allows elevated contact,15.96,55.66,93.78,104.285,0.558,0.278,0.3937,74.78,48.79,36.78,30.81,39.4,0.2471,6.5,45.2,87.5,0.467,0.173,32.3,In From CF,63,Oriole Park at Camden Yards,
10,656941,Kyle Schwarber,PHI,MIL,2026-09-23T22:40:00Z,Pre-Game,1,Logan Henderson,701656,R,62.6,Tier 3,Watch List,"Strong Barrel, Premium Lineup Spot, Platoon Edge",74.1,38.7,51.3,93.2,80.0,18.3,Yes,Yes,1,Yes,No,MLB Stats API; RotoWire,,H:2026/2025 P:2026/2025,,,Direct BvP not yet weighted; 2026/2025 Statcast baseline active,7,2,22,1,"Last 7 games: 2/22, 1 HR","platoon edge; pitcher baseline 8.8% barrel, 10.7 HR allowed",lift-pull EV profile; pitcher allows elevated contact,17.44,52.25,92.9,104.0136,0.518,0.2791,0.3751,77.16,75.21,54.21,33.39,48.3,0.2894,8.81,36.58,88.8,0.3597,0.1477,31.84,In From RF,68,Citizens Bank Park,
11,606466,Ketel Marte,AZ,COL,2026-09-24T00:40:00Z,Pre-Game,2,Mason Adams,690279,R,62.4,Tier 3,Watch List,"Strong Barrel, Premium Lineup Spot, Platoon Edge",47.7,68.7,57.7,100.0,75.0,15.9,Yes,,,No,Yes,MLB Stats API; RotoWire,not found on RotoWire,H:2026/2025 P:2026,,,Direct BvP not yet weighted; 2026/2025 Statcast baseline active,7,7,31,0,"Last 7 games: 7/31, 0 HR","switch hitter; pitcher baseline 10.8% barrel, 6.0 HR allowed",neutral batted-ball profile; pitcher allows elevated contact,10.63,43.5,90.38,101.9727,0.4773,0.2,0.3571,74.74,46.49,48.77,27.99,23.8,0.2004,10.8,55.4,92.2,0.49,0.228,33.8,L To R,69,Coors Field,
12,691718,Pete Crow-Armstrong,CHC,MIA,2026-09-23T23:40:00Z,Pre-Game,1,Ryan Gusto,687473,R,62.0,Tier 3,Watch List,"Strong Barrel, Premium Lineup Spot, Platoon Edge, Hot Hitter/Streak",58.1,49.6,40.3,93.2,80.0,91.5,Yes,Yes,1,Yes,No,MLB Stats API; RotoWire,,H:2026/2025 P:2026/2025,,,Direct BvP not yet weighted; 2026/2025 Statcast baseline active,7,12,33,4,Hot streak: 4 HR in last 7 games,"platoon edge; pitcher baseline 9.1% barrel, 12.8 HR allowed",neutral batted-ball profile; pitcher fly-ball pressure modest,13.45,46.57,90.27,101.8612,0.5023,0.2442,0.3595,74.38,46.14,50.37,34.59,40.8,0.2781,9.08,43.88,90.04,0.4414,0.1711,26.75,In From CF,63,Wrigley Field,
13,696100,Hunter Goodman,COL,AZ,2026-09-24T00:40:00Z,Pre-Game,3,Merrill Kelly,518876,R,62.0,Tier 3,Watch List,"Strong Barrel, Premium Lineup Spot",55.6,59.9,57.7,96.6,50.0,52.0,Yes,Yes,3,Yes,No,MLB Stats API; RotoWire,,H:2026/2025 P:2026/2025,,,Direct BvP not yet weighted; 2026/2025 Statcast baseline active,7,6,27,2,Hot streak: 2 HR in last 7 games,"same-side matchup; pitcher baseline 10.8% barrel, 26.5 HR allowed",neutral batted-ball profile; pitcher fly-ball pressure modest,14.16,45.57,90.17,102.4287,0.4532,0.2238,0.3199,74.86,47.62,48.21,32.62,36.6,0.2693,10.77,42.59,89.99,0.4891,0.2104,26.43,L To R,69,Coors Field,
14,665742,Juan Soto,NYM,TEX,2026-09-24T00:05:00Z,Pre-Game,2,Cody Bradford,674003,L,61.9,Tier 3,Watch List,"Strong Barrel, Premium Lineup Spot",69.8,49.5,41.1,100.0,50.0,45.3,Yes,Yes,2,Yes,No,MLB Stats API; RotoWire,,H:2026/2025 P:2026,,,Direct BvP not yet weighted; 2026/2025 Statcast baseline active,7,9,30,1,"Last 7 games: 9/30, 1 HR","same-side matchup; pitcher baseline 9.5% barrel, 4.0 HR allowed",lift-pull EV profile; pitcher allows elevated contact,15.12,50.47,93.03,103.1509,0.5828,0.2902,0.4164,72.83,32.54,39.67,31.21,31.1,0.2487,9.5,37.0,89.4,0.472,0.192,35.5,None,72,Globe Life Field,
15,621566,Matt Olson,ATL,CIN,2026-09-23T23:15:00Z,Pre-Game,3,Andrew Abbott,671096,L,61.1,Tier 3,Watch List,"Strong Barrel, Premium Lineup Spot",65.1,43.9,57.4,96.6,50.0,48.5,Yes,Yes,3,Yes,No,MLB Stats API; RotoWire,,H:2026/2025 P:2026/2025,,,Direct BvP not yet weighted; 2026/2025 Statcast baseline active,7,9,28,1,Contact streak: 9/28 over last 7 games,"same-side matchup; pitcher baseline 8.1% barrel, 22.5 HR allowed",EV profile; pitcher fly-ball pressure modest,14.4,52.11,92.67,103.6569,0.499,0.2517,0.3537,74.53,47.26,37.79,32.92,36.7,0.2393,8.14,37.27,89.2,0.4214,0.1667,29.12,L To R,74,Truist Park,
16,666018,Jonathan Aranda,TB,NYY,2026-09-23T23:05:00Z,Pre-Game,2,Gerrit Cole,543037,R,61.0,Tier 3,Watch List,"Strong Barrel, Premium Lineup Spot, Platoon Edge, Hot Hitter/Streak",49.2,49.5,51.7,100.0,80.0,79.0,Yes,Yes,2,Yes,No,MLB Stats API; RotoWire,,H:2026/2025 P:2026,,,Direct BvP not yet weighted; 2026/2025 Statcast baseline active,7,7,25,3,Hot streak: 3 HR in last 7 games,"platoon edge; pitcher baseline 8.7% barrel, 21.0 HR allowed",neutral batted-ball profile; pitcher fly-ball pressure modest,10.87,48.48,91.67,101.2203,0.466,0.1981,0.3561,70.36,13.18,33.13,30.13,19.6,0.1653,8.7,45.2,90.9,0.406,0.153,27.0,In From LF,63,Yankee Stadium,
17,671277,Luis García Jr.,NYY,TB,2026-09-23T23:05:00Z,Pre-Game,3,Mason Englert,669438,R,60.5,Tier 3,Watch List,"Strong Barrel, Premium Lineup Spot, Platoon Edge",49.8,65.0,51.7,96.6,80.0,0.0,Yes,Yes,3,Yes,No,MLB Stats API; RotoWire,,H:2026/2025 P:2026/2025,,,Direct BvP not yet weighted; 2026/2025 Statcast baseline active,7,2,28,0,"Last 7 games: 2/28, 0 HR","platoon edge; pitcher baseline 13.2% barrel, 7.5 HR allowed",neutral batted-ball profile; pitcher allows elevated contact,11.31,46.08,91.04,101.827,0.4833,0.2058,0.3404,73.73,40.32,41.01,23.87,25.8,0.2216,13.25,40.74,89.98,0.5045,0.2272,30.22,In From LF,63,Yankee Stadium,
18,641343,Jake Bauers,MIL,PHI,2026-09-23T22:40:00Z,Pre-Game,5,Aaron Nola,605400,R,60.2,Tier 3,Watch List,"Strong Barrel, Platoon Edge",60.5,46.8,51.3,86.4,80.0,39.5,Yes,Yes,5,Yes,No,MLB Stats API; RotoWire,,H:2026/2025 P:2026/2025,,,Direct BvP not yet weighted; 2026/2025 Statcast baseline active,7,6,23,1,"Last 7 games: 6/23, 1 HR","platoon edge; pitcher baseline 9.1% barrel, 29.2 HR allowed",lift-pull EV profile; pitcher fly-ball pressure modest,14.05,50.36,92.05,103.0071,0.471,0.2209,0.3708,76.5,69.65,40.34,30.12,20.3,0.2074,9.1,41.13,88.77,0.4128,0.1703,27.04,In From RF,68,Citizens Bank Park,
19,671218,Heliot Ramos,NYY,TB,2026-09-23T23:05:00Z,Pre-Game,4,Mason Englert,669438,R,60.2,Tier 3,Watch List,"Strong Barrel, Premium Lineup Spot",50.5,65.0,51.7,94.9,50.0,47.5,Yes,Yes,4,Yes,No,MLB Stats API; RotoWire,,H:2026/2025 P:2026/2025,,,Direct BvP not yet weighted; 2026/2025 Statcast baseline active,7,5,26,2,Hot streak: 2 HR in last 7 games,"same-side matchup; pitcher baseline 13.2% barrel, 7.5 HR allowed",EV profile; pitcher allows elevated contact,12.51,48.31,92.08,103.0408,0.4338,0.1848,0.3249,73.13,33.73,33.8,24.0,15.4,0.1601,13.25,40.74,89.98,0.5045,0.2272,30.22,In From LF,63,Yankee Stadium,
20,669065,Kyle Stowers,MIA,CHC,2026-09-23T23:40:00Z,Pre-Game,2,Kevin Gausman,592332,R,59.7,Longshot,Watch List,"Strong Barrel, Premium Lineup Spot, Platoon Edge",63.1,42.1,40.3,100.0,80.0,31.4,Yes,Yes,2,Yes,No,MLB Stats API; RotoWire,,H:2026/2025 P:2026/2025,,,Direct BvP not yet weighted; 2026/2025 Statcast baseline active,7,6,29,1,"Last 7 games: 6/29, 1 HR","platoon edge; pitcher baseline 7.9% barrel, 23.8 HR allowed",lift-pull EV profile; pitcher fly-ball pressure modest,14.55,55.15,92.01,103.2732,0.4621,0.2251,0.3407,75.28,54.11,45.64,32.34,21.5,0.2273,7.87,40.07,88.88,0.407,0.1613,26.02,In From CF,63,Wrigley Field,
21,672515,Gabriel Moreno,AZ,COL,2026-09-24T00:40:00Z,Pre-Game,3,Mason Adams,690279,R,59.1,Longshot,Watch List,"Premium Lineup Spot, Hot Hitter/Streak",35.7,69.3,57.7,96.6,50.0,78.7,Yes,,,No,Yes,MLB Stats API; RotoWire,not found on RotoWire,H:2026/2025 P:2026,,,Direct BvP not yet weighted; 2026/2025 Statcast baseline active,7,10,25,2,Hot streak: 2 HR in last 7 games,"same-side matchup; pitcher baseline 10.8% barrel, 6.0 HR allowed",neutral batted-ball profile; pitcher allows elevated contact,7.52,42.14,89.56,99.7106,0.4502,0.1656,0.3572,71.46,20.56,34.8,25.26,13.2,0.1669,10.8,55.4,92.2,0.49,0.228,33.8,L To R,69,Coors Field,
22,682829,Elly De La Cruz,CIN,ATL,2026-09-23T23:15:00Z,Pre-Game,2,Chris Sale,519242,L,58.8,Longshot,Watch List,"Strong Barrel, Premium Lineup Spot, Platoon Edge, Hot Hitter/Streak",61.1,22.7,57.4,100.0,75.0,75.8,Yes,Yes,2,Yes,No,MLB Stats API; RotoWire,,H:2026/2025 P:2026/2025,,,Direct BvP not yet weighted; 2026/2025 Statcast baseline active,7,8,21,2,Hot streak: 2 HR in last 7 games,"switch hitter; pitcher baseline 6.2% barrel, 9.6 HR allowed",EV profile; pitcher fly-ball pressure modest,14.5,50.99,93.59,104.5303,0.4814,0.208,0.3612,75.59,55.87,35.03,24.75,26.9,0.2159,6.16,35.26,87.69,0.3277,0.1122,25.83,L To R,74,Truist Park,
23,660271,Shohei Ohtani,LAD,SD,2026-09-24T02:10:00Z,Scheduled,1,Robbie Ray,592662,L,58.6,Longshot,Watch List,"Projected Lineup, Elite Power, Strong Barrel, Premium Lineup Spot",78.5,48.6,27.6,88.7,50.0,0.0,No,No,1,Yes,Yes,RotoWire projected lineup; MLB probable pitchers,lineup projected / unconfirmed,H:2026/2025 P:2026/2025,,,Direct BvP not yet weighted; 2026/2025 Statcast baseline active,7,2,26,0,"Last 7 games: 2/26, 0 HR","same-side matchup; pitcher baseline 8.7% barrel, 22.0 HR allowed",lift-pull EV profile; pitcher allows elevated contact,18.11,53.66,93.71,104.4581,0.5825,0.2994,0.4068,74.96,52.87,46.49,31.92,37.5,0.2735,8.69,40.08,89.88,0.4088,0.1723,33.38,,,UNIQLO Field at Dodger Stadium,
24,691406,Junior Caminero,TB,NYY,2026-09-23T23:05:00Z,Pre-Game,3,Gerrit Cole,543037,R,58.3,Longshot,Watch List,"Strong Barrel, Premium Lineup Spot",61.0,49.5,51.7,96.6,50.0,10.8,Yes,Yes,3,Yes,No,MLB Stats API; RotoWire,,H:2026/2025 P:2026,,,Direct BvP not yet weighted; 2026/2025 Statcast baseline active,7,5,26,0,"Last 7 games: 5/26, 0 HR","same-side matchup; pitcher baseline 8.7% barrel, 21.0 HR allowed",EV profile; pitcher fly-ball pressure modest,13.16,50.0,92.54,104.9134,0.494,0.2278,0.3565,79.2,83.78,44.89,23.42,42.2,0.2563,8.7,45.2,90.9,0.406,0.153,27.0,In From LF,63,Yankee Stadium,
25,686948,Drake Baldwin,ATL,CIN,2026-09-23T23:15:00Z,Pre-Game,1,Andrew Abbott,671096,L,58.2,Longshot,Watch List,"Strong Barrel, Premium Lineup Spot",55.6,43.9,57.4,93.2,50.0,63.3,Yes,Yes,1,Yes,No,MLB Stats API; RotoWire,,H:2026/2025 P:2026/2025,,,Direct BvP not yet weighted; 2026/2025 Statcast baseline active,7,12,28,1,Contact streak: 12/28 over last 7 games,"same-side matchup; pitcher baseline 8.1% barrel, 22.5 HR allowed",neutral batted-ball profile; pitcher fly-ball pressure modest,12.12,50.02,91.49,102.1537,0.4919,0.2164,0.3628,75.3,56.51,32.43,25.81,22.5,0.1803,8.14,37.27,89.2,0.4214,0.1667,29.12,L To R,74,Truist Park,
26,665862,Jazz Chisholm Jr.,NYY,TB,2026-09-23T23:05:00Z,Pre-Game,6,Mason Englert,669438,R,57.7,Longshot,Watch List,"Strong Barrel, Platoon Edge",42.2,65.0,51.7,76.2,80.0,50.3,Yes,Yes,6,Yes,No,MLB Stats API; RotoWire,,H:2026/2025 P:2026/2025,,,Direct BvP not yet weighted; 2026/2025 Statcast baseline active,7,8,24,1,Contact streak: 8/24 over last 7 games,"platoon edge; pitcher baseline 13.2% barrel, 7.5 HR allowed",neutral batted-ball profile; pitcher allows elevated contact,10.31,42.67,89.91,100.3735,0.4019,0.1798,0.31,73.2,32.6,50.09,30.26,22.6,0.1907,13.25,40.74,89.98,0.5045,0.2272,30.22,In From LF,63,Yankee Stadium,
27,665052,Griffin Conine,MIA,CHC,2026-09-23T23:40:00Z,Pre-Game,4,Kevin Gausman,592332,R,57.7,Longshot,Watch List,"Strong Barrel, Premium Lineup Spot, Platoon Edge",56.7,42.1,40.3,94.9,80.0,47.5,Yes,Yes,4,Yes,No,MLB Stats API; RotoWire,,H:2026/2025 P:2026/2025,,,Direct BvP not yet weighted; 2026/2025 Statcast baseline active,7,5,26,2,Hot streak: 2 HR in last 7 games,"platoon edge; pitcher baseline 7.9% barrel, 23.8 HR allowed",neutral batted-ball profile; pitcher fly-ball pressure modest,15.15,48.87,90.97,103.0301,0.4579,0.2117,0.3426,74.19,43.41,41.13,24.74,12.5,0.2035,7.87,40.07,88.88,0.407,0.1613,26.02,In From CF,63,Wrigley Field,
28,664040,Brandon Lowe,PIT,STL,2026-09-23T22:40:00Z,Pre-Game,4,Matthew Liberatore,669461,L,57.5,Longshot,Watch List,"Strong Barrel, Premium Lineup Spot, Hot Hitter/Streak",52.4,54.2,35.8,94.9,50.0,81.4,Yes,Yes,4,Yes,No,MLB Stats API; RotoWire,,H:2026/2025 P:2026/2025,,,Direct BvP not yet weighted; 2026/2025 Statcast baseline active,7,8,27,4,Hot streak: 4 HR in last 7 games,"same-side matchup; pitcher baseline 9.6% barrel, 24.6 HR allowed",neutral batted-ball profile; pitcher fly-ball pressure modest,12.44,45.97,91.03,101.5182,0.4521,0.2082,0.3315,73.66,39.6,46.02,32.64,32.4,0.2259,9.62,41.66,90.18,0.4552,0.1878,28.38,In From CF,65,PNC Park,
29,687263,Zach Neto,LAA,ATH,2026-09-24T01:40:00Z,Pre-Game,1,Jeffrey Springs,605488,L,57.3,Longshot,Watch List,"Strong Barrel, Premium Lineup Spot, Platoon Edge",48.2,45.5,68.4,93.2,78.0,1.6,Yes,No,1,Yes,Yes,MLB Stats API; RotoWire,RotoWire not confirmed,H:2026/2025 P:2026/2025,,,Direct BvP not yet weighted; 2026/2025 Statcast baseline active,7,3,23,0,"Last 7 games: 3/23, 0 HR","platoon edge; pitcher baseline 8.8% barrel, 31.5 HR allowed",neutral batted-ball profile; pitcher allows elevated contact,12.25,42.82,90.16,100.3638,0.4327,0.2083,0.3216,71.47,15.58,47.48,34.33,26.0,0.2009,8.8,35.34,87.67,0.4394,0.189,32.09,Out To RF,89,Sutter Health Park,
30,699024,Leo Bernal,STL,PIT,2026-09-23T22:40:00Z,Pre-Game,5,Lake Bachar,669199,R,57.1,Longshot,Watch List,"Strong Barrel, Platoon Edge",63.2,40.4,35.8,86.4,75.0,46.9,Yes,Yes,5,Yes,No,MLB Stats API; RotoWire,,H:2026 P:2026/2025,,,Direct BvP not yet weighted; 2026/2025 Statcast baseline active,7,9,29,1,"Last 7 games: 9/29, 1 HR","switch hitter; pitcher baseline 8.7% barrel, 12.1 HR allowed",lift-pull EV profile; pitcher allows elevated contact,10.2,61.0,93.9,102.3633,0.519,0.228,0.366,74.0,34.1,42.4,37.3,4.0,0.195,8.67,36.67,89.25,0.3794,0.1689,31.5,In From CF,65,PNC Park,
31,663728,Cal Raleigh,SEA,HOU,2026-09-24T02:10:00Z,Scheduled,4,Ethan Pecko,814490,R,57.0,Longshot,Watch List,"Projected Lineup, Strong Barrel, Premium Lineup Spot, Platoon Edge",60.4,47.8,25.4,90.4,75.0,48.7,No,No,4,Yes,Yes,RotoWire projected lineup; MLB probable pitchers,lineup projected / unconfirmed,H:2026/2025 P:2026,,,Direct BvP not yet weighted; 2026/2025 Statcast baseline active,7,5,25,2,Hot streak: 2 HR in last 7 games,"switch hitter; pitcher baseline 9.8% barrel, 5.0 HR allowed",fly-ball profile; pitcher allows elevated contact,16.07,42.25,90.32,101.2003,0.4427,0.2411,0.329,75.13,52.6,52.82,43.06,34.1,0.2377,9.8,38.6,89.3,0.433,0.197,31.3,,,T-Mobile Park,
32,656976,Pavin Smith,AZ,COL,2026-09-24T00:40:00Z,Pre-Game,5,Mason Adams,690279,R,56.9,Longshot,Watch List,Platoon Edge,27.4,69.3,57.7,86.4,80.0,65.5,Yes,,,No,Yes,MLB Stats API; RotoWire,not found on RotoWire,H:2026/2025 P:2026,,,Direct BvP not yet weighted; 2026/2025 Statcast baseline active,7,5,16,2,Hot streak: 2 HR in last 7 games,"platoon edge; pitcher baseline 10.8% barrel, 6.0 HR allowed",neutral batted-ball profile; pitcher allows elevated contact,7.36,38.75,88.49,99.0922,0.3336,0.1277,0.2875,71.16,13.17,42.02,30.44,4.5,0.1347,10.8,55.4,92.2,0.49,0.228,33.8,L To R,69,Coors Field,
33,642350,Jose Siri,LAA,ATH,2026-09-24T01:40:00Z,Pre-Game,6,Jeffrey Springs,605488,L,56.7,Longshot,Watch List,"Strong Barrel, Platoon Edge",47.7,45.5,68.4,76.2,78.0,41.2,Yes,No,3,Yes,Yes,MLB Stats API; RotoWire,RotoWire not confirmed; order MLB 6 vs RotoWire 3,H:2026/2025 P:2026/2025,,,Direct BvP not yet weighted; 2026/2025 Statcast baseline active,7,6,22,1,"Last 7 games: 6/22, 1 HR","platoon edge; pitcher baseline 8.8% barrel, 31.5 HR allowed",fly-ball profile; pitcher allows elevated contact,15.31,39.88,87.91,99.6953,0.3697,0.1861,0.2701,73.08,33.89,33.09,42.34,6.3,0.1369,8.8,35.34,87.67,0.4394,0.189,32.09,Out To RF,89,Sutter Health Park,
34,683748,Victor Mesa Jr.,TB,NYY,2026-09-23T23:05:00Z,Pre-Game,1,Gerrit Cole,543037,R,56.5,Longshot,Watch List,"Strong Barrel, Premium Lineup Spot, Platoon Edge",44.8,49.5,51.7,93.2,80.0,37.8,Yes,Yes,1,Yes,No,MLB Stats API; RotoWire,,H:2026/2025 P:2026,,,Direct BvP not yet weighted; 2026/2025 Statcast baseline active,7,6,24,1,"Last 7 games: 6/24, 1 HR","platoon edge; pitcher baseline 8.7% barrel, 21.0 HR allowed",neutral batted-ball profile; pitcher fly-ball pressure modest,10.25,41.36,89.77,100.2216,0.4409,0.1963,0.334,73.72,33.16,40.8,34.19,10.1,0.2204,8.7,45.2,90.9,0.406,0.153,27.0,In From LF,63,Yankee Stadium,
35,701398,Sal Stewart,CIN,ATL,2026-09-23T23:15:00Z,Pre-Game,3,Chris Sale,519242,L,56.5,Longshot,Watch List,"Strong Barrel, Premium Lineup Spot, Platoon Edge",59.7,23.7,57.4,96.6,78.0,39.2,Yes,Yes,3,Yes,No,MLB Stats API; RotoWire,,H:2026/2025 P:2026/2025,,,Direct BvP not yet weighted; 2026/2025 Statcast baseline active,7,7,27,1,"Last 7 games: 7/27, 1 HR","platoon edge; pitcher baseline 6.2% barrel, 9.6 HR allowed",neutral batted-ball profile; pitcher fly-ball pressure modest,14.19,44.73,91.9,101.6252,0.5215,0.2519,0.3639,72.1,26.51,38.22,31.74,23.9,0.2277,6.16,35.26,87.69,0.3277,0.1122,25.83,L To R,74,Truist Park,
36,694249,Cole Carrigg,COL,AZ,2026-09-24T00:40:00Z,Pre-Game,2,Merrill Kelly,518876,R,56.4,Longshot,Watch List,"Premium Lineup Spot, Platoon Edge, Hot Hitter/Streak",27.7,58.7,57.7,100.0,75.0,75.6,Yes,Yes,2,Yes,No,MLB Stats API; RotoWire,,H:2026 P:2026/2025,,,Direct BvP not yet weighted; 2026/2025 Statcast baseline active,7,11,29,2,Hot streak: 2 HR in last 7 games,"switch hitter; pitcher baseline 10.8% barrel, 26.5 HR allowed",neutral batted-ball profile; pitcher fly-ball pressure modest,5.6,37.0,88.0,98.9586,0.395,0.149,0.311,73.1,34.6,46.8,29.4,10.0,0.188,10.77,42.59,89.99,0.4891,0.2104,26.43,L To R,69,Coors Field,
37,682674,Victor Bericoto,SF,MIN,2026-09-23T19:45:00Z,In Progress,3,Connor Prielipp,687570,L,56.3,Longshot,Watch List,"Strong Barrel, Premium Lineup Spot, Platoon Edge",58.2,39.3,37.8,96.6,78.0,27.6,Yes,Yes,3,Yes,No,MLB Stats API; RotoWire,,H:2026 P:2026,,,Direct BvP not yet weighted; 2026/2025 Statcast baseline active,7,4,22,1,"Last 7 games: 4/22, 1 HR","platoon edge; pitcher baseline 6.8% barrel, 14.0 HR allowed",neutral batted-ball profile; pitcher fly-ball pressure modest,14.3,50.0,91.0,100.8718,0.457,0.233,0.299,74.6,50.3,32.9,27.1,5.0,0.192,6.8,42.0,90.2,0.386,0.15,26.9,Varies,68,Oracle Park,
38,678246,Miguel Vargas,CWS,KC,2026-09-23T23:40:00Z,Pre-Game,3,Seth Lugo,607625,R,56.1,Longshot,Watch List,"Strong Barrel, Premium Lineup Spot",50.8,53.9,34.7,96.6,50.0,64.3,Yes,Yes,3,Yes,No,MLB Stats API; RotoWire,,H:2026/2025 P:2026/2025,,,Direct BvP not yet weighted; 2026/2025 Statcast baseline active,7,7,23,2,Hot streak: 2 HR in last 7 games,"same-side matchup; pitcher baseline 8.9% barrel, 24.2 HR allowed",fly-ball profile; pitcher fly-ball pressure modest,12.13,42.95,90.05,100.1692,0.4735,0.2179,0.3617,72.91,33.44,44.84,35.17,27.9,0.2111,8.93,43.52,90.0,0.4618,0.1918,28.97,In From RF,71,Kauffman Stadium,
39,624424,Michael Conforto,CHC,MIA,2026-09-23T23:40:00Z,Pre-Game,4,Ryan Gusto,687473,R,56.1,Longshot,Watch List,"Strong Barrel, Premium Lineup Spot, Platoon Edge",47.1,49.6,40.3,94.9,80.0,43.2,Yes,Yes,4,Yes,No,MLB Stats API; RotoWire,,H:2026/2025 P:2026/2025,,,Direct BvP not yet weighted; 2026/2025 Statcast baseline active,7,6,21,1,"Last 7 games: 6/21, 1 HR","platoon edge; pitcher baseline 9.1% barrel, 12.8 HR allowed",neutral batted-ball profile; pitcher fly-ball pressure modest,11.52,42.74,90.25,100.7062,0.4338,0.1973,0.3342,72.92,33.65,43.32,33.5,14.1,0.2047,9.08,43.88,90.04,0.4414,0.1711,26.75,In From CF,63,Wrigley Field,
40,666160,Mickey Moniak,COL,AZ,2026-09-24T00:40:00Z,Pre-Game,7,Merrill Kelly,518876,R,56.1,Longshot,Watch List,"Strong Barrel, Platoon Edge",46.3,59.9,57.7,64.3,80.0,31.6,Yes,Yes,7,Yes,No,MLB Stats API; RotoWire,,H:2026/2025 P:2026/2025,,,Direct BvP not yet weighted; 2026/2025 Statcast baseline active,7,5,24,1,"Last 7 games: 5/24, 1 HR","platoon edge; pitcher baseline 10.8% barrel, 26.5 HR allowed",fly-ball profile; pitcher fly-ball pressure modest,11.0,42.57,89.7,100.3131,0.4198,0.1941,0.2944,74.12,43.04,46.59,37.05,23.3,0.2473,10.77,42.59,89.99,0.4891,0.2104,26.43,L To R,69,Coors Field,
41,672960,Kazuma Okamoto,TOR,BAL,2026-09-23T22:35:00Z,Pre-Game,4,Trey Gibson,694346,R,55.9,Longshot,Watch List,"Strong Barrel, Premium Lineup Spot",53.1,55.1,45.6,94.9,50.0,10.8,Yes,Yes,4,Yes,No,MLB Stats API; RotoWire,,H:2026 P:2026,,,Direct BvP not yet weighted; 2026/2025 Statcast baseline active,7,5,26,0,"Last 7 games: 5/26, 0 HR","same-side matchup; pitcher baseline 9.6% barrel, 7.0 HR allowed",neutral batted-ball profile; pitcher fly-ball pressure modest,13.2,44.2,90.6,101.3198,0.447,0.223,0.328,73.0,33.4,51.1,33.9,33.0,0.223,9.6,47.6,91.2,0.487,0.196,20.0,In From CF,63,Oriole Park at Camden Yards,
42,669257,Will Smith,LAD,SD,2026-09-24T02:10:00Z,Scheduled,5,Robbie Ray,592662,L,55.6,Longshot,Watch List,"Projected Lineup, Strong Barrel, Platoon Edge, Hot Hitter/Streak",51.5,48.6,27.6,81.9,78.0,85.0,No,No,5,Yes,Yes,RotoWire projected lineup; MLB probable pitchers,lineup projected / unconfirmed,H:2026/2025 P:2026/2025,,,Direct BvP not yet weighted; 2026/2025 Statcast baseline active,7,8,25,3,Hot streak: 3 HR in last 7 games,"platoon edge; pitcher baseline 8.7% barrel, 22.0 HR allowed",fly-ball profile; pitcher allows elevated contact,12.62,42.55,89.69,100.2132,0.4995,0.2277,0.3829,69.77,6.38,31.16,39.85,12.1,0.1807,8.69,40.08,89.88,0.4088,0.1723,33.38,,,UNIQLO Field at Dodger Stadium,
43,669003,Garrett Mitchell,MIL,PHI,2026-09-23T22:40:00Z,Pre-Game,1,Aaron Nola,605400,R,55.5,Longshot,Watch List,"Strong Barrel, Premium Lineup Spot, Platoon Edge",47.6,46.8,51.3,93.2,80.0,12.0,Yes,Yes,1,Yes,No,MLB Stats API; RotoWire,,H:2026/2025 P:2026/2025,,,Direct BvP not yet weighted; 2026/2025 Statcast baseline active,7,4,20,0,"Last 7 games: 4/20, 0 HR","platoon edge; pitcher baseline 9.1% barrel, 29.2 HR allowed",EV profile; pitcher fly-ball pressure modest,10.34,49.62,92.43,103.8833,0.4159,0.161,0.3335,77.15,77.37,33.51,16.99,7.7,0.1384,9.1,41.13,88.77,0.4128,0.1703,27.04,In From RF,68,Citizens Bank Park,
44,686527,Dominic Canzone,SEA,HOU,2026-09-24T02:10:00Z,Scheduled,3,Ethan Pecko,814490,R,55.3,Longshot,Watch List,"Projected Lineup, Strong Barrel, Premium Lineup Spot, Platoon Edge",55.0,48.4,25.4,92.1,80.0,32.0,No,No,3,Yes,Yes,RotoWire projected lineup; MLB probable pitchers,lineup projected / unconfirmed,H:2026/2025 P:2026,,,Direct BvP not yet weighted; 2026/2025 Statcast baseline active,7,8,24,0,Contact streak: 8/24 over last 7 games,"platoon edge; pitcher baseline 9.8% barrel, 5.0 HR allowed",neutral batted-ball profile; pitcher allows elevated contact,12.75,46.2,91.46,102.5181,0.5001,0.2241,0.3613,74.01,41.71,39.06,26.37,18.7,0.209,9.8,38.6,89.3,0.433,0.197,31.3,,,T-Mobile Park,
45,683737,Michael Busch,CHC,MIA,2026-09-23T23:40:00Z,Pre-Game,3,Ryan Gusto,687473,R,55.2,Longshot,Watch List,"Strong Barrel, Premium Lineup Spot, Platoon Edge",44.9,49.6,40.3,96.6,80.0,34.4,Yes,Yes,3,Yes,No,MLB Stats API; RotoWire,,H:2026/2025 P:2026/2025,,,Direct BvP not yet weighted; 2026/2025 Statcast baseline active,7,5,22,1,"Last 7 games: 5/22, 1 HR","platoon edge; pitcher baseline 9.1% barrel, 12.8 HR allowed",fly-ball profile; pitcher fly-ball pressure modest,11.5,42.05,89.54,99.7332,0.4465,0.2055,0.3458,68.9,5.92,41.12,35.18,24.2,0.1878,9.08,43.88,90.04,0.4414,0.1711,26.75,In From CF,63,Wrigley Field,
46,608369,Corey Seager,TEX,NYM,2026-09-24T00:05:00Z,Pre-Game,2,Nolan McLean,690997,R,55.2,Longshot,Watch List,"Strong Barrel, Premium Lineup Spot, Platoon Edge",60.8,29.6,41.1,100.0,80.0,13.0,Yes,Yes,2,Yes,No,MLB Stats API; RotoWire,,H:2026/2025 P:2026/2025,,,Direct BvP not yet weighted; 2026/2025 Statcast baseline active,7,6,29,0,"Last 7 games: 6/29, 0 HR","platoon edge; pitcher baseline 7.0% barrel, 13.1 HR allowed",lift-pull EV profile; pitcher fly-ball pressure modest,14.46,49.4,92.06,102.501,0.5046,0.2434,0.3643,71.8,15.16,40.99,30.92,18.9,0.1992,6.95,37.94,88.45,0.3471,0.1239,21.56,None,72,Globe Life Field,
47,660821,Jesús Sánchez,AZ,COL,2026-09-24T00:40:00Z,Pre-Game,8,Mason Adams,690279,R,55.0,Longshot,Watch List,"Strong Barrel, Platoon Edge",44.4,69.3,57.7,52.4,80.0,10.1,Yes,,,No,Yes,MLB Stats API; RotoWire,not found on RotoWire,H:2026/2025 P:2026,,,Direct BvP not yet weighted; 2026/2025 Statcast baseline active,7,3,16,0,"Last 7 games: 3/16, 0 HR","platoon edge; pitcher baseline 10.8% barrel, 6.0 HR allowed",neutral batted-ball profile; pitcher allows elevated contact,10.61,44.59,90.81,101.9735,0.4249,0.1734,0.3216,74.26,48.24,34.24,25.42,9.8,0.1524,10.8,55.4,92.2,0.49,0.228,33.8,L To R,69,Coors Field,
48,694192,Jackson Chourio,MIL,PHI,2026-09-23T22:40:00Z,Pre-Game,2,Aaron Nola,605400,R,54.9,Longshot,Watch List,"Strong Barrel, Premium Lineup Spot",49.7,46.8,51.3,100.0,50.0,21.0,Yes,Yes,2,Yes,No,MLB Stats API; RotoWire,,H:2026/2025 P:2026/2025,,,Direct BvP not yet weighted; 2026/2025 Statcast baseline active,7,4,29,1,"Last 7 games: 4/29, 1 HR","same-side matchup; pitcher baseline 9.1% barrel, 29.2 HR allowed",neutral batted-ball profile; pitcher fly-ball pressure modest,11.45,45.52,90.98,101.9031,0.4554,0.1986,0.3294,74.25,44.66,31.43,29.2,23.1,0.1944,9.1,41.13,88.77,0.4128,0.1703,27.04,In From RF,68,Citizens Bank Park,
49,547180,Bryce Harper,PHI,MIL,2026-09-23T22:40:00Z,Pre-Game,3,Logan Henderson,701656,R,54.9,Longshot,Watch List,"Strong Barrel, Premium Lineup Spot, Platoon Edge",49.8,38.7,51.3,96.6,80.0,14.1,Yes,Yes,3,Yes,No,MLB Stats API; RotoWire,,H:2026/2025 P:2026/2025,,,Direct BvP not yet weighted; 2026/2025 Statcast baseline active,7,6,28,0,"Last 7 games: 6/28, 0 HR","platoon edge; pitcher baseline 8.8% barrel, 10.7 HR allowed",neutral batted-ball profile; pitcher allows elevated contact,11.04,44.84,90.46,101.7241,0.4857,0.2163,0.3771,74.1,45.29,38.47,27.03,27.7,0.2211,8.81,36.58,88.8,0.3597,0.1477,31.84,In From RF,68,Citizens Bank Park,
50,676475,Alec Burleson,STL,PIT,2026-09-23T22:40:00Z,Pre-Game,3,Lake Bachar,669199,R,54.8,Longshot,Watch List,"Strong Barrel, Premium Lineup Spot, Platoon Edge",51.8,41.7,35.8,96.6,80.0,31.6,Yes,Yes,3,Yes,No,MLB Stats API; RotoWire,,H:2026/2025 P:2026/2025,,,Direct BvP not yet weighted; 2026/2025 Statcast baseline active,7,5,24,1,"Last 7 games: 5/24, 1 HR","platoon edge; pitcher baseline 8.7% barrel, 12.1 HR allowed",neutral batted-ball profile; pitcher allows elevated contact,10.48,47.83,91.63,101.9619,0.5011,0.2172,0.3632,73.28,34.77,43.68,27.05,21.5,0.1788,8.67,36.67,89.25,0.3794,0.1689,31.5,In From CF,65,PNC Park,
51,682626,Francisco Alvarez,NYM,TEX,2026-09-24T00:05:00Z,Pre-Game,7,Cody Bradford,674003,L,54.6,Longshot,Watch List,"Strong Barrel, Platoon Edge",55.6,49.5,41.1,64.3,78.0,43.2,Yes,Yes,7,Yes,No,MLB Stats API; RotoWire,,H:2026/2025 P:2026,,,Direct BvP not yet weighted; 2026/2025 Statcast baseline active,7,8,28,1,"Last 7 games: 8/28, 1 HR","platoon edge; pitcher baseline 9.5% barrel, 4.0 HR allowed",neutral batted-ball profile; pitcher allows elevated contact,14.76,49.12,91.28,102.9517,0.4356,0.2059,0.3246,74.11,42.32,37.05,24.96,14.5,0.177,9.5,37.0,89.4,0.472,0.192,35.5,None,72,Globe Life Field,
52,668804,Bryan Reynolds,PIT,STL,2026-09-23T22:40:00Z,Pre-Game,3,Matthew Liberatore,669461,L,54.4,Longshot,Watch List,"Strong Barrel, Premium Lineup Spot, Platoon Edge",47.3,52.7,35.8,96.6,75.0,9.8,Yes,Yes,3,Yes,No,MLB Stats API; RotoWire,,H:2026/2025 P:2026/2025,,,Direct BvP not yet weighted; 2026/2025 Statcast baseline active,7,5,27,0,"Last 7 games: 5/27, 0 HR","switch hitter; pitcher baseline 9.6% barrel, 24.6 HR allowed",neutral batted-ball profile; pitcher fly-ball pressure modest,11.01,47.26,90.92,101.8463,0.4449,0.1904,0.3492,72.62,27.81,39.31,26.16,16.7,0.1612,9.62,41.66,90.18,0.4552,0.1878,28.38,In From CF,65,PNC Park,
53,663586,Austin Riley,ATL,CIN,2026-09-23T23:15:00Z,Pre-Game,6,Andrew Abbott,671096,L,54.4,Longshot,Watch List,"Strong Barrel, Platoon Edge",52.6,43.9,57.4,76.2,78.0,5.1,Yes,Yes,6,Yes,No,MLB Stats API; RotoWire,,H:2026/2025 P:2026/2025,,,Direct BvP not yet weighted; 2026/2025 Statcast baseline active,7,4,26,0,"Last 7 games: 4/26, 0 HR","platoon edge; pitcher baseline 8.1% barrel, 22.5 HR allowed",neutral batted-ball profile; pitcher fly-ball pressure modest,13.1,45.79,91.53,102.666,0.416,0.1928,0.3076,75.83,59.43,40.36,30.45,16.7,0.1477,8.14,37.27,89.2,0.4214,0.1667,29.12,L To R,74,Truist Park,
54,668901,Mark Vientos,NYM,TEX,2026-09-24T00:05:00Z,Pre-Game,4,Cody Bradford,674003,L,54.3,Longshot,Watch List,"Strong Barrel, Premium Lineup Spot, Platoon Edge",46.9,49.5,41.1,94.9,78.0,10.1,Yes,Yes,4,Yes,No,MLB Stats API; RotoWire,,H:2026/2025 P:2026,,,Direct BvP not yet weighted; 2026/2025 Statcast baseline active,7,3,16,0,"Last 7 games: 3/16, 0 HR","platoon edge; pitcher baseline 9.5% barrel, 4.0 HR allowed",neutral batted-ball profile; pitcher allows elevated contact,10.59,46.44,90.35,101.2151,0.439,0.201,0.3137,72.88,27.2,37.63,28.74,14.2,0.1842,9.5,37.0,89.4,0.472,0.192,35.5,None,72,Globe Life Field,
55,673548,Seiya Suzuki,CHC,MIA,2026-09-23T23:40:00Z,Pre-Game,2,Ryan Gusto,687473,R,54.1,Longshot,Watch List,"Strong Barrel, Premium Lineup Spot",47.8,49.6,40.3,100.0,50.0,37.8,Yes,Yes,2,Yes,No,MLB Stats API; RotoWire,,H:2026/2025 P:2026/2025,,,Direct BvP not yet weighted; 2026/2025 Statcast baseline active,7,8,32,1,"Last 7 games: 8/32, 1 HR","same-side matchup; pitcher baseline 9.1% barrel, 12.8 HR allowed",neutral batted-ball profile; pitcher fly-ball pressure modest,12.47,42.12,89.55,101.0927,0.4457,0.2001,0.3422,73.3,36.97,40.99,31.9,27.1,0.2127,9.08,43.88,90.04,0.4414,0.1711,26.75,In From CF,63,Wrigley Field,
56,703155,Lazaro Montes,SEA,HOU,2026-09-24T02:10:00Z,Scheduled,8,Ethan Pecko,814490,R,53.9,Longshot,Watch List,"Projected Lineup, Strong Barrel, Platoon Edge",71.8,48.4,25.4,47.9,80.0,18.3,No,No,8,Yes,Yes,RotoWire projected lineup; MLB probable pitchers,lineup projected / unconfirmed,H:2026 P:2026,,,Direct BvP not yet weighted; 2026/2025 Statcast baseline active,7,2,17,1,"Last 7 games: 2/17, 1 HR","platoon edge; pitcher baseline 9.8% barrel, 5.0 HR allowed",fly-ball profile; pitcher allows elevated contact,19.0,42.9,91.2,102.9125,0.484,0.286,0.32,75.8,61.8,33.3,47.6,4.0,0.31,9.8,38.6,89.3,0.433,0.197,31.3,,,T-Mobile Park,
57,815873,Sean Keys,TOR,BAL,2026-09-23T22:35:00Z,Pre-Game,5,Trey Gibson,694346,R,53.7,Longshot,Watch List,Platoon Edge,43.5,55.1,45.6,86.4,80.0,0.0,Yes,Yes,5,Yes,No,MLB Stats API; RotoWire,,H:2026 P:2026,,,Direct BvP not yet weighted; 2026/2025 Statcast baseline active,7,1,10,0,"Last 7 games: 1/10, 0 HR","platoon edge; pitcher baseline 9.6% barrel, 7.0 HR allowed",neutral batted-ball profile; pitcher fly-ball pressure modest,9.4,59.4,91.0,101.8233,0.336,0.137,0.26,74.7,51.3,37.5,21.9,2.0,0.157,9.6,47.6,91.2,0.487,0.196,20.0,In From CF,63,Oriole Park at Camden Yards,
58,663330,Jahmai Jones,BOS,CLE,2026-09-23T23:10:00Z,Pre-Game,3,Foster Griffin,656492,L,53.5,Longshot,Watch List,"Strong Barrel, Premium Lineup Spot, Platoon Edge",50.8,40.8,36.7,96.6,78.0,18.3,Yes,Yes,3,Yes,No,MLB Stats API; RotoWire,,H:2026/2025 P:2026,,,Direct BvP not yet weighted; 2026/2025 Statcast baseline active,7,2,17,1,"Last 7 games: 2/17, 1 HR","platoon edge; pitcher baseline 8.5% barrel, 23.0 HR allowed",neutral batted-ball profile; pitcher fly-ball pressure modest,11.23,47.09,91.15,102.4097,0.4602,0.2143,0.3479,73.39,35.7,50.11,27.64,6.3,0.1993,8.5,37.4,88.0,0.414,0.155,25.3,In From CF,56,Fenway Park,
59,691723,Coby Mayo,BAL,TOR,2026-09-23T22:35:00Z,Pre-Game,4,CJ Van Eyk,669310,R,53.2,Longshot,Watch List,"Strong Barrel, Premium Lineup Spot",52.3,40.1,45.6,94.9,50.0,34.9,Yes,Yes,4,Yes,No,MLB Stats API; RotoWire,,H:2026/2025 P:2026,,,Direct BvP not yet weighted; 2026/2025 Statcast baseline active,7,6,26,1,"Last 7 games: 6/26, 1 HR","same-side matchup; pitcher baseline 6.5% barrel, 1.0 HR allowed",neutral batted-ball profile; pitcher allows elevated contact,12.48,44.19,90.1,102.4779,0.4435,0.2181,0.3213,75.47,55.72,49.48,33.76,20.1,0.2186,6.5,45.2,87.5,0.467,0.173,32.3,In From CF,63,Oriole Park at Camden Yards,
60,596019,Francisco Lindor,NYM,TEX,2026-09-24T00:05:00Z,Pre-Game,1,Cody Bradford,674003,L,53.2,Longshot,Watch List,"Premium Lineup Spot, Platoon Edge",45.7,49.1,41.1,93.2,75.0,7.0,Yes,Yes,1,Yes,No,MLB Stats API; RotoWire,,H:2026/2025 P:2026,,,Direct BvP not yet weighted; 2026/2025 Statcast baseline active,7,5,30,0,"Last 7 games: 5/30, 0 HR","switch hitter; pitcher baseline 9.5% barrel, 4.0 HR allowed",neutral batted-ball profile; pitcher allows elevated contact,8.9,47.62,91.13,100.4789,0.4393,0.194,0.3359,72.23,24.42,44.2,32.05,23.3,0.199,9.5,37.0,89.4,0.472,0.192,35.5,None,72,Globe Life Field,
61,691181,Emmanuel Rodriguez,MIN,SF,2026-09-23T19:45:00Z,In Progress,8,Cesar Perdomo,702885,L,53.1,Longshot,Watch List,Strong Barrel,74.1,42.2,37.8,52.4,50.0,20.8,Yes,Yes,7,Yes,Yes,MLB Stats API; RotoWire,order MLB 8 vs RotoWire 7,H:2026 P:2026,,,Direct BvP not yet weighted; 2026/2025 Statcast baseline active,7,3,22,1,"Last 7 games: 3/22, 1 HR","same-side matchup; pitcher baseline 6.3% barrel, 3.0 HR allowed",neutral batted-ball profile; pitcher fly-ball pressure modest,20.8,50.0,90.7,103.3021,0.54,0.294,0.349,75.6,65.0,37.5,29.2,2.0,0.263,6.3,46.9,90.9,0.432,0.154,29.7,Varies,68,Oracle Park,
62,687952,Christian Encarnacion-Strand,BAL,TOR,2026-09-23T22:35:00Z,Pre-Game,5,CJ Van Eyk,669310,R,53.0,Longshot,Watch List,Strong Barrel,50.6,40.1,45.6,86.4,50.0,64.3,Yes,Yes,5,Yes,No,MLB Stats API; RotoWire,,H:2026/2025 P:2026,,,Direct BvP not yet weighted; 2026/2025 Statcast baseline active,7,7,23,2,Hot streak: 2 HR in last 7 games,"same-side matchup; pitcher baseline 6.5% barrel, 1.0 HR allowed",neutral batted-ball profile; pitcher allows elevated contact,12.78,40.78,89.65,101.0555,0.4624,0.229,0.3154,73.53,35.5,44.83,32.31,8.8,0.211,6.5,45.2,87.5,0.467,0.173,32.3,In From CF,63,Oriole Park at Camden Yards,
63,664023,Ian Happ,CHC,MIA,2026-09-23T23:40:00Z,Pre-Game,5,Ryan Gusto,687473,R,52.9,Longshot,Watch List,"Strong Barrel, Platoon Edge",43.4,48.2,40.3,86.4,75.0,43.2,Yes,Yes,5,Yes,No,MLB Stats API; RotoWire,,H:2026/2025 P:2026/2025,,,Direct BvP not yet weighted; 2026/2025 Statcast baseline active,7,6,21,1,"Last 7 games: 6/21, 1 HR","switch hitter; pitcher baseline 9.1% barrel, 12.8 HR allowed",neutral batted-ball profile; pitcher fly-ball pressure modest,10.96,42.86,89.65,100.7584,0.4129,0.1902,0.3267,71.74,17.87,44.96,31.34,23.7,0.1889,9.08,43.88,90.04,0.4414,0.1711,26.75,In From CF,63,Wrigley Field,
64,681715,Heriberto Hernández,MIA,CHC,2026-09-23T23:40:00Z,Pre-Game,3,Kevin Gausman,592332,R,52.8,Longshot,Watch List,"Strong Barrel, Premium Lineup Spot",52.7,42.1,40.3,96.6,50.0,25.5,Yes,Yes,3,Yes,No,MLB Stats API; RotoWire,,H:2026/2025 P:2026/2025,,,Direct BvP not yet weighted; 2026/2025 Statcast baseline active,7,9,31,0,"Last 7 games: 9/31, 0 HR","same-side matchup; pitcher baseline 7.9% barrel, 23.8 HR allowed",neutral batted-ball profile; pitcher fly-ball pressure modest,12.19,46.52,90.9,101.6365,0.4602,0.2152,0.3431,74.0,43.92,46.12,30.76,19.8,0.1979,7.87,40.07,88.88,0.407,0.1613,26.02,In From CF,63,Wrigley Field,
65,661388,William Contreras,MIL,PHI,2026-09-23T22:40:00Z,Pre-Game,4,Aaron Nola,605400,R,52.7,Longshot,Watch List,Premium Lineup Spot,39.6,46.8,51.3,94.9,50.0,57.6,Yes,Yes,4,Yes,No,MLB Stats API; RotoWire,,H:2026/2025 P:2026/2025,,,Direct BvP not yet weighted; 2026/2025 Statcast baseline active,7,7,27,2,Hot streak: 2 HR in last 7 games,"same-side matchup; pitcher baseline 9.1% barrel, 29.2 HR allowed",neutral batted-ball profile; pitcher fly-ball pressure modest,7.87,45.56,90.54,101.6983,0.428,0.1709,0.3329,73.41,36.44,35.76,24.29,17.7,0.1467,9.1,41.13,88.77,0.4128,0.1703,27.04,In From RF,68,Citizens Bank Park,
66,671739,Michael Harris II,ATL,CIN,2026-09-23T23:15:00Z,Pre-Game,5,Andrew Abbott,671096,L,52.7,Longshot,Watch List,No major boost,44.5,43.9,57.4,86.4,50.0,44.8,Yes,Yes,5,Yes,No,MLB Stats API; RotoWire,,H:2026/2025 P:2026/2025,,,Direct BvP not yet weighted; 2026/2025 Statcast baseline active,7,8,27,1,"Last 7 games: 8/27, 1 HR","same-side matchup; pitcher baseline 8.1% barrel, 22.5 HR allowed",neutral batted-ball profile; pitcher fly-ball pressure modest,9.87,45.92,90.34,103.0395,0.4632,0.1802,0.3332,74.72,46.91,36.22,22.28,24.2,0.1859,8.14,37.27,89.2,0.4214,0.1667,29.12,L To R,74,Truist Park,
67,641857,Ryan McMahon,NYY,TB,2026-09-23T23:05:00Z,Pre-Game,8,Mason Englert,669438,R,52.4,Longshot,Watch List,Platoon Edge,43.9,65.0,51.7,52.4,80.0,0.0,Yes,Yes,8,Yes,No,MLB Stats API; RotoWire,,H:2026/2025 P:2026/2025,,,Direct BvP not yet weighted; 2026/2025 Statcast baseline active,7,2,21,0,"Last 7 games: 2/21, 0 HR","platoon edge; pitcher baseline 13.2% barrel, 7.5 HR allowed",neutral batted-ball profile; pitcher allows elevated contact,9.79,46.3,91.27,101.6952,0.3868,0.1632,0.3017,74.42,45.92,41.48,31.26,13.0,0.1446,13.25,40.74,89.98,0.5045,0.2272,30.22,In From LF,63,Yankee Stadium,
68,669127,Shea Langeliers,ATH,LAA,2026-09-24T01:40:00Z,Pre-Game,3,Walbert Ureña,700712,R,52.4,Longshot,Watch List,"Strong Barrel, Premium Lineup Spot",55.4,18.6,68.4,96.6,50.0,28.2,Yes,Yes,3,Yes,No,MLB Stats API; RotoWire,,H:2026/2025 P:2026,,,Direct BvP not yet weighted; 2026/2025 Statcast baseline active,7,8,26,0,"Last 7 games: 8/26, 0 HR","same-side matchup; pitcher baseline 5.4% barrel, 9.0 HR allowed",neutral batted-ball profile; pitcher fly-ball pressure modest,13.05,44.13,91.25,102.3788,0.4927,0.2277,0.35,74.71,48.19,40.16,29.63,25.4,0.2313,5.4,35.6,87.1,0.313,0.106,21.8,Out To RF,89,Sutter Health Park,
69,668930,Brice Turang,MIL,PHI,2026-09-23T22:40:00Z,Pre-Game,3,Aaron Nola,605400,R,52.3,Longshot,Watch List,"Premium Lineup Spot, Platoon Edge",36.0,46.8,51.3,96.6,80.0,16.1,Yes,Yes,3,Yes,No,MLB Stats API; RotoWire,,H:2026/2025 P:2026/2025,,,Direct BvP not yet weighted; 2026/2025 Statcast baseline active,7,5,22,0,"Last 7 games: 5/22, 0 HR","platoon edge; pitcher baseline 9.1% barrel, 29.2 HR allowed",neutral batted-ball profile; pitcher fly-ball pressure modest,7.65,43.27,90.47,100.3724,0.4241,0.1684,0.3399,70.25,13.41,28.0,23.5,18.7,0.1652,9.1,41.13,88.77,0.4128,0.1703,27.04,In From RF,68,Citizens Bank Park,
70,701350,Roman Anthony,BOS,CLE,2026-09-23T23:10:00Z,Pre-Game,1,Foster Griffin,656492,L,52.3,Longshot,Watch List,"Strong Barrel, Premium Lineup Spot",54.3,40.8,36.7,93.2,50.0,30.3,Yes,Yes,1,Yes,No,MLB Stats API; RotoWire,,H:2026/2025 P:2026,,,Direct BvP not yet weighted; 2026/2025 Statcast baseline active,7,6,30,1,"Last 7 games: 6/30, 1 HR","same-side matchup; pitcher baseline 8.5% barrel, 23.0 HR allowed",EV profile; pitcher fly-ball pressure modest,12.8,50.85,92.75,102.8485,0.4434,0.1847,0.3503,75.49,55.26,40.56,23.0,5.9,0.1493,8.5,37.4,88.0,0.414,0.155,25.3,In From CF,56,Fenway Park,
71,806146,George Lombard Jr.,NYY,TB,2026-09-23T23:05:00Z,Pre-Game,2,Mason Englert,669438,R,52.2,Longshot,Watch List,Premium Lineup Spot,21.6,65.0,51.7,100.0,50.0,65.2,Yes,Yes,2,Yes,No,MLB Stats API; RotoWire,,H:2026 P:2026/2025,,,Direct BvP not yet weighted; 2026/2025 Statcast baseline active,7,9,29,2,Hot streak: 2 HR in last 7 games,"same-side matchup; pitcher baseline 13.2% barrel, 7.5 HR allowed",neutral batted-ball profile; pitcher allows elevated contact,6.8,33.7,86.2,98.1466,0.365,0.128,0.291,72.4,25.7,35.6,22.1,5.0,0.144,13.25,40.74,89.98,0.5045,0.2272,30.22,In From LF,63,Yankee Stadium,
72,666176,Jo Adell,CLE,BOS,2026-09-23T23:10:00Z,Pre-Game,4,Sonny Gray,543243,R,52.1,Longshot,Watch List,"Strong Barrel, Premium Lineup Spot",52.0,39.4,36.7,94.9,50.0,43.2,Yes,Yes,4,Yes,No,MLB Stats API; RotoWire,,H:2026/2025 P:2026/2025,,,Direct BvP not yet weighted; 2026/2025 Statcast baseline active,7,8,28,1,"Last 7 games: 8/28, 1 HR","same-side matchup; pitcher baseline 8.0% barrel, 18.7 HR allowed",neutral batted-ball profile; pitcher fly-ball pressure modest,11.35,45.45,90.58,102.8647,0.4699,0.2134,0.3363,77.46,72.32,39.54,27.28,26.5,0.186,7.98,39.16,89.11,0.3936,0.1453,23.2,In From CF,56,Fenway Park,
73,605137,Josh Bell,MIN,SF,2026-09-23T19:45:00Z,In Progress,4,Cesar Perdomo,702885,L,51.9,Longshot,Watch List,"Strong Barrel, Premium Lineup Spot, Platoon Edge",44.7,41.9,37.8,94.9,75.0,27.0,Yes,Yes,3,Yes,Yes,MLB Stats API; RotoWire,order MLB 4 vs RotoWire 3,H:2026/2025 P:2026,,,Direct BvP not yet weighted; 2026/2025 Statcast baseline active,7,9,30,0,"Last 7 games: 9/30, 0 HR","switch hitter; pitcher baseline 6.3% barrel, 3.0 HR allowed",neutral batted-ball profile; pitcher fly-ball pressure modest,10.35,43.71,89.98,101.0339,0.4563,0.2003,0.3408,72.26,28.36,40.94,27.13,20.6,0.1674,6.3,46.9,90.9,0.432,0.154,29.7,Varies,68,Oracle Park,
74,687093,Vaughn Grissom,LAA,ATH,2026-09-24T01:40:00Z,Pre-Game,3,Jeffrey Springs,605488,L,51.9,Longshot,Watch List,"Premium Lineup Spot, Platoon Edge",24.8,45.5,68.4,96.6,78.0,39.5,Yes,No,4,Yes,Yes,MLB Stats API; RotoWire,RotoWire not confirmed; order MLB 3 vs RotoWire 4,H:2026 P:2026/2025,,,Direct BvP not yet weighted; 2026/2025 Statcast baseline active,7,6,23,1,"Last 7 games: 6/23, 1 HR","platoon edge; pitcher baseline 8.8% barrel, 31.5 HR allowed",neutral batted-ball profile; pitcher allows elevated contact,6.8,36.0,87.5,98.6725,0.378,0.136,0.309,70.9,16.3,40.3,24.6,12.0,0.145,8.8,35.34,87.67,0.4394,0.189,32.09,Out To RF,89,Sutter Health Park,
75,683002,Gunnar Henderson,BAL,TOR,2026-09-23T22:35:00Z,Pre-Game,3,CJ Van Eyk,669310,R,51.8,Longshot,Watch List,"Premium Lineup Spot, Platoon Edge",37.9,40.1,45.6,96.6,80.0,43.2,Yes,Yes,3,Yes,No,MLB Stats API; RotoWire,,H:2026/2025 P:2026,,,Direct BvP not yet weighted; 2026/2025 Statcast baseline active,7,8,28,1,"Last 7 games: 8/28, 1 HR","platoon edge; pitcher baseline 6.5% barrel, 1.0 HR allowed",neutral batted-ball profile; pitcher allows elevated contact,8.04,45.07,90.07,101.2442,0.4103,0.1546,0.3284,74.53,45.49,40.87,23.8,21.9,0.1759,6.5,45.2,87.5,0.467,0.173,32.3,In From CF,63,Oriole Park at Camden Yards,
76,672695,Geraldo Perdomo,AZ,COL,2026-09-24T00:40:00Z,Pre-Game,4,Mason Adams,690279,R,51.8,Longshot,Watch List,"Premium Lineup Spot, Platoon Edge",13.8,68.7,57.7,94.9,75.0,42.0,Yes,,,No,Yes,MLB Stats API; RotoWire,not found on RotoWire,H:2026/2025 P:2026,,,Direct BvP not yet weighted; 2026/2025 Statcast baseline active,7,10,25,0,Contact streak: 10/25 over last 7 games,"switch hitter; pitcher baseline 10.8% barrel, 6.0 HR allowed",neutral batted-ball profile; pitcher allows elevated contact,3.61,31.41,87.53,96.8661,0.3701,0.1054,0.3364,67.5,2.22,42.05,25.17,12.3,0.1286,10.8,55.4,92.2,0.49,0.228,33.8,L To R,69,Coors Field,
77,571448,Nolan Arenado,AZ,COL,2026-09-24T00:40:00Z,Pre-Game,6,Mason Adams,690279,R,51.8,Longshot,Watch List,Hot Hitter/Streak,19.3,69.3,57.7,76.2,50.0,100.0,Yes,,,No,Yes,MLB Stats API; RotoWire,not found on RotoWire,H:2026/2025 P:2026,,,Direct BvP not yet weighted; 2026/2025 Statcast baseline active,7,12,28,3,Hot streak: 3 HR in last 7 games,"same-side matchup; pitcher baseline 10.8% barrel, 6.0 HR allowed",neutral batted-ball profile; pitcher allows elevated contact,5.89,31.62,85.61,97.0302,0.3632,0.1297,0.2939,71.33,15.54,46.93,28.35,23.2,0.1918,10.8,55.4,92.2,0.49,0.228,33.8,L To R,69,Coors Field,
78,694203,Denzer Guzman,LAA,ATH,2026-09-24T01:40:00Z,Pre-Game,4,Jeffrey Springs,605488,L,51.8,Longshot,Watch List,"Premium Lineup Spot, Platoon Edge",25.3,45.5,68.4,94.9,78.0,39.2,Yes,No,7,Yes,Yes,MLB Stats API; RotoWire,RotoWire not confirmed; order MLB 4 vs RotoWire 7,H:2026/2025 P:2026/2025,,,Direct BvP not yet weighted; 2026/2025 Statcast baseline active,7,7,27,1,"Last 7 games: 7/27, 1 HR","platoon edge; pitcher baseline 8.8% barrel, 31.5 HR allowed",neutral batted-ball profile; pitcher allows elevated contact,8.07,38.14,86.78,98.9153,0.3279,0.1162,0.2539,73.64,37.72,40.53,24.33,6.2,0.1369,8.8,35.34,87.67,0.4394,0.189,32.09,Out To RF,89,Sutter Health Park,
79,676551,Brewer Hicklen,ATL,CIN,2026-09-23T23:15:00Z,Pre-Game,8,Andrew Abbott,671096,L,51.7,Longshot,Watch List,"Strong Barrel, Platoon Edge",55.1,43.9,57.4,52.4,78.0,0.0,Yes,Yes,8,Yes,No,MLB Stats API; RotoWire,,H:2026/2025 P:2026/2025,,,Direct BvP not yet weighted; 2026/2025 Statcast baseline active,7,1,11,0,"Last 7 games: 1/11, 0 HR","platoon edge; pitcher baseline 8.1% barrel, 22.5 HR allowed",neutral batted-ball profile; pitcher fly-ball pressure modest,23.26,47.97,91.14,104.296,0.3559,0.1611,0.3243,72.6,29.24,45.29,12.32,0.0,0.1057,8.14,37.27,89.2,0.4214,0.1667,29.12,L To R,74,Truist Park,
80,677951,Bobby Witt Jr.,KC,CWS,2026-09-23T23:40:00Z,Pre-Game,2,Bryan Hudson,663542,L,51.7,Longshot,Watch List,"Strong Barrel, Premium Lineup Spot, Platoon Edge",56.0,22.5,34.7,100.0,78.0,32.0,Yes,Yes,2,Yes,No,MLB Stats API; RotoWire,,H:2026/2025 P:2026/2025,,,Direct BvP not yet weighted; 2026/2025 Statcast baseline active,7,9,27,0,Contact streak: 9/27 over last 7 games,"platoon edge; pitcher baseline 5.2% barrel, 4.1 HR allowed",EV profile; pitcher fly-ball pressure modest,11.87,49.76,92.6,103.4768,0.5066,0.2101,0.3748,74.02,42.51,31.15,27.13,19.5,0.1745,5.2,37.44,88.7,0.3371,0.1053,25.59,In From RF,71,Kauffman Stadium,
81,666182,Bo Bichette,NYM,TEX,2026-09-24T00:05:00Z,Pre-Game,3,Cody Bradford,674003,L,51.7,Longshot,Watch List,"Premium Lineup Spot, Platoon Edge",33.1,49.5,41.1,96.6,78.0,43.9,Yes,Yes,3,Yes,No,MLB Stats API; RotoWire,,H:2026/2025 P:2026,,,Direct BvP not yet weighted; 2026/2025 Statcast baseline active,7,9,31,1,"Last 7 games: 9/31, 1 HR","platoon edge; pitcher baseline 9.5% barrel, 4.0 HR allowed",neutral batted-ball profile; pitcher allows elevated contact,6.85,44.04,90.02,101.1109,0.4359,0.1517,0.3355,69.59,12.81,26.77,22.74,17.3,0.1412,9.5,37.0,89.4,0.472,0.192,35.5,None,72,Globe Life Field,
82,691023,Jordan Walker,STL,PIT,2026-09-23T22:40:00Z,Pre-Game,4,Lake Bachar,669199,R,51.4,Longshot,Watch List,"Strong Barrel, Premium Lineup Spot",55.2,41.7,35.8,94.9,50.0,0.0,Yes,Yes,4,Yes,No,MLB Stats API; RotoWire,,H:2026/2025 P:2026/2025,,,Direct BvP not yet weighted; 2026/2025 Statcast baseline active,7,2,24,0,"Last 7 games: 2/24, 0 HR","same-side matchup; pitcher baseline 8.7% barrel, 12.1 HR allowed",EV profile; pitcher allows elevated contact,12.58,49.72,92.58,104.6986,0.4344,0.1865,0.3228,78.87,83.05,37.96,23.56,21.4,0.1659,8.67,36.67,89.25,0.3794,0.1689,31.5,In From CF,65,PNC Park,
83,605141,Mookie Betts,LAD,SD,2026-09-24T02:10:00Z,Scheduled,2,Robbie Ray,592662,L,51.1,Longshot,Watch List,"Projected Lineup, Premium Lineup Spot, Platoon Edge, Hot Hitter/Streak",33.2,48.6,27.6,95.5,78.0,77.6,No,No,2,Yes,Yes,RotoWire projected lineup; MLB probable pitchers,lineup projected / unconfirmed,H:2026/2025 P:2026/2025,,,Direct BvP not yet weighted; 2026/2025 Statcast baseline active,7,11,28,2,Hot streak: 2 HR in last 7 games,"platoon edge; pitcher baseline 8.7% barrel, 22.0 HR allowed",neutral batted-ball profile; pitcher allows elevated contact,7.18,37.76,90.01,98.5637,0.4318,0.1567,0.3363,69.53,8.81,40.87,33.24,21.4,0.1809,8.69,40.08,89.88,0.4088,0.1723,33.38,,,UNIQLO Field at Dodger Stadium,
84,691019,Kyle Teel,CWS,KC,2026-09-23T23:40:00Z,Pre-Game,2,Seth Lugo,607625,R,51.0,Longshot,Watch List,"Strong Barrel, Premium Lineup Spot, Platoon Edge",35.4,53.9,34.7,100.0,80.0,0.0,Yes,Yes,2,Yes,No,MLB Stats API; RotoWire,,H:2026/2025 P:2026/2025,,,Direct BvP not yet weighted; 2026/2025 Statcast baseline active,7,2,22,0,"Last 7 games: 2/22, 0 HR","platoon edge; pitcher baseline 8.9% barrel, 24.2 HR allowed",neutral batted-ball profile; pitcher fly-ball pressure modest,11.07,45.09,85.64,100.2459,0.3684,0.1587,0.3132,71.36,23.99,43.62,29.94,5.2,0.1394,8.93,43.52,90.0,0.4618,0.1918,28.97,In From RF,71,Kauffman Stadium,
85,643217,Andrew Benintendi,CWS,KC,2026-09-23T23:40:00Z,Pre-Game,5,Seth Lugo,607625,R,50.9,Longshot,Watch List,Platoon Edge,37.4,53.9,34.7,86.4,80.0,23.7,Yes,Yes,5,Yes,No,MLB Stats API; RotoWire,,H:2026/2025 P:2026/2025,,,Direct BvP not yet weighted; 2026/2025 Statcast baseline active,7,5,18,0,"Last 7 games: 5/18, 0 HR","platoon edge; pitcher baseline 8.9% barrel, 24.2 HR allowed",neutral batted-ball profile; pitcher fly-ball pressure modest,9.28,42.78,88.91,98.8935,0.4081,0.1697,0.31,69.61,4.57,49.19,32.9,15.8,0.177,8.93,43.52,90.0,0.4618,0.1918,28.97,In From RF,71,Kauffman Stadium,
86,677800,Wilyer Abreu,BOS,CLE,2026-09-23T23:10:00Z,Pre-Game,4,Foster Griffin,656492,L,50.8,Longshot,Watch List,"Strong Barrel, Premium Lineup Spot",53.6,40.8,36.7,94.9,50.0,0.0,Yes,Yes,4,Yes,No,MLB Stats API; RotoWire,,H:2026/2025 P:2026,,,Direct BvP not yet weighted; 2026/2025 Statcast baseline active,7,3,26,0,"Last 7 games: 3/26, 0 HR","same-side matchup; pitcher baseline 8.5% barrel, 23.0 HR allowed",fly-ball profile; pitcher fly-ball pressure modest,12.58,44.27,90.17,101.3892,0.4743,0.2236,0.3448,73.89,38.1,37.97,37.31,23.4,0.208,8.5,37.4,88.0,0.414,0.155,25.3,In From CF,56,Fenway Park,
87,671732,Lawrence Butler,ATH,LAA,2026-09-24T01:40:00Z,Pre-Game,2,Walbert Ureña,700712,R,50.7,Longshot,Watch List,"Premium Lineup Spot, Platoon Edge",38.2,18.6,68.4,100.0,80.0,42.3,Yes,Yes,2,Yes,No,MLB Stats API; RotoWire,,H:2026/2025 P:2026,,,Direct BvP not yet weighted; 2026/2025 Statcast baseline active,7,7,25,1,"Last 7 games: 7/25, 1 HR","platoon edge; pitcher baseline 5.4% barrel, 9.0 HR allowed",neutral batted-ball profile; pitcher fly-ball pressure modest,8.92,44.89,90.01,101.9186,0.3982,0.1584,0.3204,73.63,37.88,35.52,22.35,18.2,0.1644,5.4,35.6,87.1,0.313,0.106,21.8,Out To RF,89,Sutter Health Park,
88,672386,Alejandro Kirk,TOR,BAL,2026-09-23T22:35:00Z,Pre-Game,3,Trey Gibson,694346,R,50.5,Longshot,Watch List,Premium Lineup Spot,29.1,55.1,45.6,96.6,50.0,56.6,Yes,Yes,3,Yes,No,MLB Stats API; RotoWire,,H:2026/2025 P:2026,,,Direct BvP not yet weighted; 2026/2025 Statcast baseline active,7,9,24,1,Contact streak: 9/24 over last 7 games,"same-side matchup; pitcher baseline 9.6% barrel, 7.0 HR allowed",neutral batted-ball profile; pitcher fly-ball pressure modest,5.76,43.31,89.07,100.44,0.4051,0.1365,0.3247,71.94,19.93,25.93,21.2,11.5,0.1397,9.6,47.6,91.2,0.487,0.196,20.0,In From CF,63,Oriole Park at Camden Yards,
89,553993,Eugenio Suárez,CIN,ATL,2026-09-23T23:15:00Z,Pre-Game,5,Chris Sale,519242,L,50.3,Longshot,Watch List,"Strong Barrel, Platoon Edge",44.6,23.7,57.4,86.4,78.0,43.7,Yes,Yes,5,Yes,No,MLB Stats API; RotoWire,,H:2026/2025 P:2026/2025,,,Direct BvP not yet weighted; 2026/2025 Statcast baseline active,7,4,24,2,Hot streak: 2 HR in last 7 games,"platoon edge; pitcher baseline 6.2% barrel, 9.6 HR allowed",neutral batted-ball profile; pitcher fly-ball pressure modest,12.76,39.13,89.01,99.9296,0.3986,0.1953,0.306,72.23,23.91,46.84,34.95,32.2,0.2427,6.16,35.26,87.69,0.3277,0.1122,25.83,L To R,74,Truist Park,
90,665487,Fernando Tatis,SD,LAD,2026-09-24T02:10:00Z,Scheduled,1,Yoshinobu Yamamoto,808967,R,50.2,Longshot,Watch List,"Projected Lineup, Strong Barrel, Premium Lineup Spot",58.4,26.8,27.6,88.7,50.0,68.0,No,No,1,Yes,Yes,RotoWire projected lineup; MLB probable pitchers,lineup projected / unconfirmed,H:2026/2025 P:2026/2025,,,Direct BvP not yet weighted; 2026/2025 Statcast baseline active,7,6,29,3,Hot streak: 3 HR in last 7 games,"same-side matchup; pitcher baseline 6.3% barrel, 17.5 HR allowed",EV profile; pitcher fly-ball pressure modest,12.33,53.13,93.09,104.4497,0.4985,0.2093,0.377,75.65,58.12,34.59,22.57,25.0,0.1801,6.33,37.11,87.95,0.325,0.1179,22.87,,,UNIQLO Field at Dodger Stadium,
91,681297,Colton Cowser,BAL,TOR,2026-09-23T22:35:00Z,Pre-Game,6,CJ Van Eyk,669310,R,50.0,Longshot,Watch List,"Strong Barrel, Platoon Edge",43.2,40.1,45.6,76.2,80.0,29.7,Yes,Yes,6,Yes,No,MLB Stats API; RotoWire,,H:2026/2025 P:2026,,,Direct BvP not yet weighted; 2026/2025 Statcast baseline active,7,7,22,0,"Last 7 games: 7/22, 0 HR","platoon edge; pitcher baseline 6.5% barrel, 1.0 HR allowed",neutral batted-ball profile; pitcher allows elevated contact,11.02,42.29,88.8,100.825,0.4019,0.1883,0.3077,74.3,43.52,38.94,31.38,13.9,0.1561,6.5,45.2,87.5,0.467,0.173,32.3,In From CF,63,Oriole Park at Camden Yards,
92,664983,Jake McCarthy,COL,AZ,2026-09-24T00:40:00Z,Pre-Game,1,Merrill Kelly,518876,R,50.0,Longshot,Watch List,"Premium Lineup Spot, Platoon Edge",16.9,59.9,57.7,93.2,80.0,23.4,Yes,Yes,1,Yes,No,MLB Stats API; RotoWire,,H:2026/2025 P:2026/2025,,,Direct BvP not yet weighted; 2026/2025 Statcast baseline active,7,8,29,0,"Last 7 games: 8/29, 0 HR","platoon edge; pitcher baseline 10.8% barrel, 26.5 HR allowed",neutral batted-ball profile; pitcher fly-ball pressure modest,5.51,28.23,85.12,96.8838,0.4034,0.1385,0.3126,70.89,13.4,37.94,21.59,11.7,0.176,10.77,42.59,89.99,0.4891,0.2104,26.43,L To R,69,Coors Field,
93,695600,Carter Jensen,KC,CWS,2026-09-23T23:40:00Z,Pre-Game,1,Bryan Hudson,663542,L,49.9,Longshot,Watch List,"Strong Barrel, Premium Lineup Spot",59.7,22.5,34.7,93.2,50.0,40.7,Yes,Yes,1,Yes,No,MLB Stats API; RotoWire,,H:2026/2025 P:2026/2025,,,Direct BvP not yet weighted; 2026/2025 Statcast baseline active,7,7,26,1,"Last 7 games: 7/26, 1 HR","same-side matchup; pitcher baseline 5.2% barrel, 4.1 HR allowed",lift-pull EV profile; pitcher fly-ball pressure modest,14.43,48.57,92.46,102.9984,0.4713,0.2214,0.3511,74.1,38.73,41.42,31.12,18.4,0.2283,5.2,37.44,88.7,0.3371,0.1053,25.59,In From RF,71,Kauffman Stadium,
94,676914,Davis Schneider,TOR,BAL,2026-09-23T22:35:00Z,Pre-Game,6,Trey Gibson,694346,R,49.8,Longshot,Watch List,Strong Barrel,40.8,55.1,45.6,76.2,50.0,21.8,Yes,Yes,6,Yes,No,MLB Stats API; RotoWire,,H:2026/2025 P:2026,,,Direct BvP not yet weighted; 2026/2025 Statcast baseline active,7,1,7,1,"Last 7 games: 1/7, 1 HR","same-side matchup; pitcher baseline 9.6% barrel, 7.0 HR allowed",fly-ball profile; pitcher fly-ball pressure modest,12.32,42.36,88.77,100.3264,0.3208,0.1601,0.2887,71.01,12.47,45.96,41.67,6.1,0.1684,9.6,47.6,91.2,0.487,0.196,20.0,In From CF,63,Oriole Park at Camden Yards,
95,607043,Brandon Nimmo,TEX,NYM,2026-09-24T00:05:00Z,Pre-Game,4,Nolan McLean,690997,R,49.8,Longshot,Watch List,"Premium Lineup Spot, Platoon Edge",45.5,29.6,41.1,94.9,80.0,20.9,Yes,Yes,4,Yes,No,MLB Stats API; RotoWire,,H:2026/2025 P:2026/2025,,,Direct BvP not yet weighted; 2026/2025 Statcast baseline active,7,7,27,0,"Last 7 games: 7/27, 0 HR","platoon edge; pitcher baseline 7.0% barrel, 13.1 HR allowed",neutral batted-ball profile; pitcher fly-ball pressure modest,9.08,50.27,91.97,102.0286,0.4393,0.174,0.3364,72.34,27.81,33.59,25.77,17.3,0.1551,6.95,37.94,88.45,0.3471,0.1239,21.56,None,72,Globe Life Field,
96,606192,Teoscar Hernandez,LAD,SD,2026-09-24T02:10:00Z,Scheduled,6,Robbie Ray,592662,L,49.8,Longshot,Watch List,"Projected Lineup, Strong Barrel, Platoon Edge",45.1,48.6,27.6,71.7,78.0,41.7,No,No,6,Yes,Yes,RotoWire projected lineup; MLB probable pitchers,lineup projected / unconfirmed,H:2026/2025 P:2026/2025,,,Direct BvP not yet weighted; 2026/2025 Statcast baseline active,7,8,29,1,"Last 7 games: 8/29, 1 HR","platoon edge; pitcher baseline 8.7% barrel, 22.0 HR allowed",neutral batted-ball profile; pitcher allows elevated contact,10.73,45.33,90.2,101.5677,0.4399,0.185,0.3289,72.62,26.95,35.27,28.4,18.0,0.1706,8.69,40.08,89.88,0.4088,0.1723,33.38,,,UNIQLO Field at Dodger Stadium,
97,701538,Jackson Merrill,SD,LAD,2026-09-24T02:10:00Z,Scheduled,5,Yoshinobu Yamamoto,808967,R,49.6,Longshot,Watch List,"Projected Lineup, Strong Barrel, Platoon Edge",54.6,26.8,27.6,81.9,80.0,46.9,No,No,5,Yes,Yes,RotoWire projected lineup; MLB probable pitchers,lineup projected / unconfirmed,H:2026/2025 P:2026/2025,,,Direct BvP not yet weighted; 2026/2025 Statcast baseline active,7,9,29,1,"Last 7 games: 9/29, 1 HR","platoon edge; pitcher baseline 6.3% barrel, 17.5 HR allowed",neutral batted-ball profile; pitcher fly-ball pressure modest,12.65,47.24,91.03,101.2351,0.4907,0.2235,0.347,72.95,28.03,37.42,30.34,23.0,0.1895,6.33,37.11,87.95,0.325,0.1179,22.87,,,UNIQLO Field at Dodger Stadium,
98,695657,Colson Montgomery,CWS,KC,2026-09-23T23:40:00Z,Pre-Game,8,Seth Lugo,607625,R,49.5,Longshot,Watch List,"Strong Barrel, Platoon Edge",50.8,53.9,34.7,52.4,80.0,2.5,Yes,Yes,8,Yes,No,MLB Stats API; RotoWire,,H:2026/2025 P:2026/2025,,,Direct BvP not yet weighted; 2026/2025 Statcast baseline active,7,3,22,0,"Last 7 games: 3/22, 0 HR","platoon edge; pitcher baseline 8.9% barrel, 24.2 HR allowed",neutral batted-ball profile; pitcher fly-ball pressure modest,12.96,42.33,88.91,101.8564,0.4289,0.2171,0.313,76.72,70.86,49.16,33.02,28.0,0.2361,8.93,43.52,90.0,0.4618,0.1918,28.97,In From RF,71,Kauffman Stadium,
99,691720,Kyle Karros,COL,AZ,2026-09-24T00:40:00Z,Pre-Game,5,Merrill Kelly,518876,R,49.5,Longshot,Watch List,No major boost,24.8,59.9,57.7,86.4,50.0,33.7,Yes,Yes,5,Yes,No,MLB Stats API; RotoWire,,H:2026/2025 P:2026/2025,,,Direct BvP not yet weighted; 2026/2025 Statcast baseline active,7,6,27,1,"Last 7 games: 6/27, 1 HR","same-side matchup; pitcher baseline 10.8% barrel, 26.5 HR allowed",neutral batted-ball profile; pitcher fly-ball pressure modest,6.11,38.6,89.09,99.6666,0.3642,0.1236,0.314,69.8,5.58,38.8,23.99,8.7,0.128,10.77,42.59,89.99,0.4891,0.2104,26.43,L To R,69,Coors Field,
100,800050,Chase DeLauter,CLE,BOS,2026-09-23T23:10:00Z,Pre-Game,3,Sonny Gray,543243,R,49.4,Longshot,Watch List,"Premium Lineup Spot, Platoon Edge",35.0,39.4,36.7,96.6,80.0,42.3,Yes,Yes,3,Yes,No,MLB Stats API; RotoWire,,H:2026 P:2026/2025,,,Direct BvP not yet weighted; 2026/2025 Statcast baseline active,7,7,25,1,"Last 7 games: 7/25, 1 HR","platoon edge; pitcher baseline 8.0% barrel, 18.7 HR allowed",neutral batted-ball profile; pitcher fly-ball pressure modest,6.2,46.3,91.4,101.3267,0.429,0.149,0.348,71.5,18.7,37.3,19.3,15.0,0.167,7.98,39.16,89.11,0.3936,0.1453,23.2,In From CF,56,Fenway Park,
101,694374,Tim Tawa,AZ,COL,2026-09-24T00:40:00Z,Pre-Game,9,Mason Adams,690279,R,49.4,Longshot,Watch List,Strong Barrel,40.3,69.3,57.7,44.8,50.0,0.0,Yes,,,No,Yes,MLB Stats API; RotoWire,not found on RotoWire,H:2026/2025 P:2026,,,Direct BvP not yet weighted; 2026/2025 Statcast baseline active,7,2,23,0,"Last 7 games: 2/23, 0 HR","same-side matchup; pitcher baseline 10.8% barrel, 6.0 HR allowed",neutral batted-ball profile; pitcher allows elevated contact,10.14,42.73,90.11,100.6225,0.3953,0.1634,0.304,73.73,35.02,39.05,26.05,9.1,0.1516,10.8,55.4,92.2,0.49,0.228,33.8,L To R,69,Coors Field,
102,681624,Andy Pages,LAD,SD,2026-09-24T02:10:00Z,Scheduled,3,Robbie Ray,592662,L,49.4,Longshot,Watch List,"Projected Lineup, Premium Lineup Spot, Platoon Edge",35.6,48.6,27.6,92.1,78.0,37.8,No,No,3,Yes,Yes,RotoWire projected lineup; MLB probable pitchers,lineup projected / unconfirmed,H:2026/2025 P:2026/2025,,,Direct BvP not yet weighted; 2026/2025 Statcast baseline active,7,6,24,1,"Last 7 games: 6/24, 1 HR","platoon edge; pitcher baseline 8.7% barrel, 22.0 HR allowed",neutral batted-ball profile; pitcher allows elevated contact,7.84,40.56,88.74,99.6948,0.4357,0.1672,0.3342,72.85,26.26,38.39,28.44,22.8,0.1869,8.69,40.08,89.88,0.4088,0.1723,33.38,,,UNIQLO Field at Dodger Stadium,
103,668227,Randy Arozarena,SEA,HOU,2026-09-24T02:10:00Z,Scheduled,2,Ethan Pecko,814490,R,49.3,Longshot,Watch List,"Projected Lineup, Premium Lineup Spot",40.5,48.4,25.4,95.5,50.0,52.5,No,No,2,Yes,Yes,RotoWire projected lineup; MLB probable pitchers,lineup projected / unconfirmed,H:2026/2025 P:2026,,,Direct BvP not yet weighted; 2026/2025 Statcast baseline active,7,8,23,1,Contact streak: 8/23 over last 7 games,"same-side matchup; pitcher baseline 9.8% barrel, 5.0 HR allowed",neutral batted-ball profile; pitcher allows elevated contact,8.98,45.42,91.02,101.128,0.4198,0.1711,0.3424,71.32,24.73,35.03,24.66,26.3,0.1971,9.8,38.6,89.3,0.433,0.197,31.3,,,T-Mobile Park,
104,681198,TJ Rumfield,COL,AZ,2026-09-24T00:40:00Z,Pre-Game,4,Merrill Kelly,518876,R,49.2,Longshot,Watch List,"Premium Lineup Spot, Platoon Edge",13.2,59.9,57.7,94.9,80.0,26.4,Yes,Yes,4,Yes,No,MLB Stats API; RotoWire,,H:2026 P:2026/2025,,,Direct BvP not yet weighted; 2026/2025 Statcast baseline active,7,8,27,0,"Last 7 games: 8/27, 0 HR","platoon edge; pitcher baseline 10.8% barrel, 26.5 HR allowed",neutral batted-ball profile; pitcher fly-ball pressure modest,4.9,27.8,84.3,96.1477,0.387,0.125,0.334,68.3,7.6,40.9,28.7,15.0,0.15,10.77,42.59,89.99,0.4891,0.2104,26.43,L To R,69,Coors Field,
105,804606,Konnor Griffin,PIT,STL,2026-09-23T22:40:00Z,Pre-Game,1,Matthew Liberatore,669461,L,49.1,Longshot,Watch List,"Premium Lineup Spot, Platoon Edge",27.1,54.2,35.8,93.2,78.0,35.2,Yes,Yes,1,Yes,No,MLB Stats API; RotoWire,,H:2026 P:2026/2025,,,Direct BvP not yet weighted; 2026/2025 Statcast baseline active,7,11,31,0,Contact streak: 11/31 over last 7 games,"platoon edge; pitcher baseline 9.6% barrel, 24.6 HR allowed",neutral batted-ball profile; pitcher fly-ball pressure modest,6.6,36.3,87.8,100.4038,0.389,0.137,0.307,75.5,56.9,40.0,17.2,5.0,0.126,9.62,41.66,90.18,0.4552,0.1878,28.38,In From CF,65,PNC Park,
106,695506,Jac Caglianone,KC,CWS,2026-09-23T23:40:00Z,Pre-Game,3,Bryan Hudson,663542,L,49.0,Longshot,Watch List,"Strong Barrel, Premium Lineup Spot",57.8,22.5,34.7,96.6,50.0,27.0,Yes,Yes,3,Yes,No,MLB Stats API; RotoWire,,H:2026/2025 P:2026/2025,,,Direct BvP not yet weighted; 2026/2025 Statcast baseline active,7,6,20,0,"Last 7 games: 6/20, 0 HR","same-side matchup; pitcher baseline 5.2% barrel, 4.1 HR allowed",EV profile; pitcher fly-ball pressure modest,13.05,50.87,92.06,104.7374,0.48,0.2129,0.3462,77.19,73.43,44.42,22.4,18.2,0.1842,5.2,37.44,88.7,0.3371,0.1053,25.59,In From RF,71,Kauffman Stadium,
107,701807,Carson Benge,NYM,TEX,2026-09-24T00:05:00Z,Pre-Game,5,Cody Bradford,674003,L,48.9,Longshot,Watch List,Hot Hitter/Streak,32.2,49.5,41.1,86.4,50.0,72.2,Yes,Yes,5,Yes,No,MLB Stats API; RotoWire,,H:2026 P:2026,,,Direct BvP not yet weighted; 2026/2025 Statcast baseline active,7,10,28,2,Hot streak: 2 HR in last 7 games,"same-side matchup; pitcher baseline 9.5% barrel, 4.0 HR allowed",neutral batted-ball profile; pitcher allows elevated contact,7.4,38.6,88.7,99.5135,0.435,0.158,0.34,71.0,17.2,33.3,27.9,19.0,0.146,9.5,37.0,89.4,0.472,0.192,35.5,None,72,Globe Life Field,
108,668952,Ryan Kreidler,MIN,SF,2026-09-23T19:45:00Z,In Progress,2,Cesar Perdomo,702885,L,48.5,Longshot,Watch List,"Premium Lineup Spot, Platoon Edge",27.7,42.2,37.8,100.0,78.0,50.8,Yes,,,No,Yes,MLB Stats API; RotoWire,not found on RotoWire,H:2026/2025 P:2026,,,Direct BvP not yet weighted; 2026/2025 Statcast baseline active,7,3,14,2,Hot streak: 2 HR in last 7 games,"platoon edge; pitcher baseline 6.3% barrel, 3.0 HR allowed",neutral batted-ball profile; pitcher fly-ball pressure modest,7.25,34.48,88.62,99.2918,0.3453,0.1364,0.2773,73.1,31.46,44.7,30.4,5.6,0.1134,6.3,46.9,90.9,0.432,0.154,29.7,Varies,68,Oracle Park,
109,680869,Zack Gelof,ATH,LAA,2026-09-24T01:40:00Z,Pre-Game,5,Walbert Ureña,700712,R,48.5,Longshot,Watch List,Strong Barrel,43.3,18.6,68.4,86.4,50.0,57.6,Yes,Yes,5,Yes,No,MLB Stats API; RotoWire,,H:2026/2025 P:2026,,,Direct BvP not yet weighted; 2026/2025 Statcast baseline active,7,7,27,2,Hot streak: 2 HR in last 7 games,"same-side matchup; pitcher baseline 5.4% barrel, 9.0 HR allowed",neutral batted-ball profile; pitcher fly-ball pressure modest,11.1,44.47,89.22,99.9524,0.3949,0.1865,0.2911,73.29,26.73,40.09,28.99,14.6,0.1764,5.4,35.6,87.1,0.313,0.106,21.8,Out To RF,89,Sutter Health Park,
110,802139,JJ Wetherholt,STL,PIT,2026-09-23T22:40:00Z,Pre-Game,1,Lake Bachar,669199,R,48.4,Longshot,Watch List,"Premium Lineup Spot, Platoon Edge",38.7,41.7,35.8,93.2,80.0,0.8,Yes,Yes,1,Yes,No,MLB Stats API; RotoWire,,H:2026 P:2026/2025,,,Direct BvP not yet weighted; 2026/2025 Statcast baseline active,7,3,24,0,"Last 7 games: 3/24, 0 HR","platoon edge; pitcher baseline 8.7% barrel, 12.1 HR allowed",neutral batted-ball profile; pitcher allows elevated contact,7.4,44.7,89.8,99.396,0.434,0.18,0.347,71.9,19.3,36.5,29.4,17.0,0.125,8.67,36.67,89.25,0.3794,0.1689,31.5,In From CF,65,PNC Park,
111,671056,Iván Herrera,STL,PIT,2026-09-23T22:40:00Z,Pre-Game,2,Lake Bachar,669199,R,48.4,Longshot,Watch List,Premium Lineup Spot,35.0,41.7,35.8,100.0,50.0,59.6,Yes,Yes,2,Yes,No,MLB Stats API; RotoWire,,H:2026/2025 P:2026/2025,,,Direct BvP not yet weighted; 2026/2025 Statcast baseline active,7,6,22,2,Hot streak: 2 HR in last 7 games,"same-side matchup; pitcher baseline 8.7% barrel, 12.1 HR allowed",neutral batted-ball profile; pitcher allows elevated contact,7.32,42.8,89.94,101.3284,0.4147,0.1586,0.3444,73.81,42.44,36.96,19.59,18.3,0.152,8.67,36.67,89.25,0.3794,0.1689,31.5,In From CF,65,PNC Park,
112,592885,Christian Yelich,MIL,PHI,2026-09-23T22:40:00Z,Pre-Game,7,Aaron Nola,605400,R,48.0,Longshot,Watch List,Platoon Edge,37.8,46.8,51.3,64.3,80.0,8.8,Yes,Yes,7,Yes,No,MLB Stats API; RotoWire,,H:2026/2025 P:2026/2025,,,Direct BvP not yet weighted; 2026/2025 Statcast baseline active,7,5,28,0,"Last 7 games: 5/28, 0 HR","platoon edge; pitcher baseline 9.1% barrel, 29.2 HR allowed",neutral batted-ball profile; pitcher fly-ball pressure modest,9.53,44.3,89.36,101.0044,0.3991,0.1646,0.3139,73.23,32.25,34.45,18.95,16.4,0.1537,9.1,41.13,88.77,0.4128,0.1703,27.04,In From RF,68,Citizens Bank Park,
113,677594,Julio Rodriguez,SEA,HOU,2026-09-24T02:10:00Z,Scheduled,5,Ethan Pecko,814490,R,47.8,Longshot,Watch List,Projected Lineup,45.5,48.4,25.4,81.9,50.0,28.2,No,No,5,Yes,Yes,RotoWire projected lineup; MLB probable pitchers,lineup projected / unconfirmed,H:2026/2025 P:2026,,,Direct BvP not yet weighted; 2026/2025 Statcast baseline active,7,8,26,0,"Last 7 games: 8/26, 0 HR","same-side matchup; pitcher baseline 9.8% barrel, 5.0 HR allowed",neutral batted-ball profile; pitcher allows elevated contact,9.1,45.62,90.82,102.8181,0.451,0.1845,0.337,76.54,66.43,38.35,25.63,24.3,0.1685,9.8,38.6,89.3,0.433,0.197,31.3,,,T-Mobile Park,
114,680777,Ryan Jeffers,MIN,SF,2026-09-23T19:45:00Z,In Progress,5,Cesar Perdomo,702885,L,47.7,Longshot,Watch List,Platoon Edge,38.8,42.2,37.8,86.4,78.0,0.0,Yes,Yes,4,Yes,Yes,MLB Stats API; RotoWire,order MLB 5 vs RotoWire 4,H:2026/2025 P:2026,,,Direct BvP not yet weighted; 2026/2025 Statcast baseline active,7,2,24,0,"Last 7 games: 2/24, 0 HR","platoon edge; pitcher baseline 6.3% barrel, 3.0 HR allowed",neutral batted-ball profile; pitcher fly-ball pressure modest,9.31,41.4,88.88,100.8312,0.4224,0.1787,0.3384,73.14,37.17,37.74,27.54,12.5,0.1856,6.3,46.9,90.9,0.432,0.154,29.7,Varies,68,Oracle Park,
115,669357,Nolan Gorman,STL,PIT,2026-09-23T22:40:00Z,Pre-Game,6,Lake Bachar,669199,R,47.7,Longshot,Watch List,Platoon Edge,40.7,41.7,35.8,76.2,80.0,19.5,Yes,Yes,6,Yes,No,MLB Stats API; RotoWire,,H:2026/2025 P:2026/2025,,,Direct BvP not yet weighted; 2026/2025 Statcast baseline active,7,4,16,0,"Last 7 games: 4/16, 0 HR","platoon edge; pitcher baseline 8.7% barrel, 12.1 HR allowed",fly-ball profile; pitcher allows elevated contact,9.83,42.36,89.46,100.744,0.3671,0.1711,0.2848,73.26,30.59,43.97,37.89,10.5,0.1391,8.67,36.67,89.25,0.3794,0.1689,31.5,In From CF,65,PNC Park,
116,668723,Ryan Vilade,TB,NYY,2026-09-23T23:05:00Z,Pre-Game,7,Gerrit Cole,543037,R,47.6,Longshot,Watch List,No major boost,43.9,49.5,51.7,64.3,50.0,0.8,Yes,Yes,7,Yes,No,MLB Stats API; RotoWire,,H:2026/2025 P:2026,,,Direct BvP not yet weighted; 2026/2025 Statcast baseline active,7,2,16,0,"Last 7 games: 2/16, 0 HR","same-side matchup; pitcher baseline 8.7% barrel, 21.0 HR allowed",neutral batted-ball profile; pitcher fly-ball pressure modest,8.65,50.15,91.49,102.5195,0.4019,0.1597,0.3216,75.84,58.42,24.29,24.82,7.7,0.1372,8.7,45.2,90.9,0.406,0.153,27.0,In From LF,63,Yankee Stadium,
117,518692,Freddie Freeman,LAD,SD,2026-09-24T02:10:00Z,Scheduled,4,Robbie Ray,592662,L,47.3,Longshot,Watch List,"Projected Lineup, Premium Lineup Spot",39.2,48.6,27.6,90.4,50.0,27.0,No,No,4,Yes,Yes,RotoWire projected lineup; MLB probable pitchers,lineup projected / unconfirmed,H:2026/2025 P:2026/2025,,,Direct BvP not yet weighted; 2026/2025 Statcast baseline active,7,9,30,0,"Last 7 games: 9/30, 0 HR","same-side matchup; pitcher baseline 8.7% barrel, 22.0 HR allowed",neutral batted-ball profile; pitcher allows elevated contact,8.79,42.41,89.85,100.145,0.4656,0.1818,0.3605,70.01,7.84,36.54,26.93,18.4,0.1643,8.69,40.08,89.88,0.4088,0.1723,33.38,,,UNIQLO Field at Dodger Stadium,
118,815589,Bo Davidson,SF,MIN,2026-09-23T19:45:00Z,In Progress,4,Connor Prielipp,687570,L,47.2,Longshot,Watch List,Premium Lineup Spot,39.1,39.3,37.8,94.9,50.0,27.0,Yes,Yes,4,Yes,No,MLB Stats API; RotoWire,,H:2026 P:2026,,,Direct BvP not yet weighted; 2026/2025 Statcast baseline active,3,3,10,0,"Last 3 games: 3/10, 0 HR","same-side matchup; pitcher baseline 6.8% barrel, 14.0 HR allowed",EV profile; pitcher fly-ball pressure modest,0.0,60.0,94.4,103.6141,0.457,0.12,0.389,72.4,23.1,20.0,0.0,0.0,0.0,6.8,42.0,90.2,0.386,0.15,26.9,Varies,68,Oracle Park,
119,669701,Josh Smith,TOR,BAL,2026-09-23T22:35:00Z,Pre-Game,2,Trey Gibson,694346,R,47.0,Longshot,Watch List,"Premium Lineup Spot, Platoon Edge",17.2,55.1,45.6,100.0,80.0,0.0,Yes,Yes,2,Yes,No,MLB Stats API; RotoWire,,H:2026/2025 P:2026,,,Direct BvP not yet weighted; 2026/2025 Statcast baseline active,7,1,19,0,"Last 7 games: 1/19, 0 HR","platoon edge; pitcher baseline 9.6% barrel, 7.0 HR allowed",neutral batted-ball profile; pitcher fly-ball pressure modest,6.19,30.82,86.15,97.1474,0.3359,0.1176,0.2897,68.86,2.9,36.58,29.63,7.2,0.1192,9.6,47.6,91.2,0.487,0.196,20.0,In From CF,63,Oriole Park at Camden Yards,
120,687637,Dylan Beavers,BAL,TOR,2026-09-23T22:35:00Z,Pre-Game,1,CJ Van Eyk,669310,R,47.0,Longshot,Watch List,"Premium Lineup Spot, Platoon Edge",31.2,40.1,45.6,93.2,80.0,0.0,Yes,Yes,1,Yes,No,MLB Stats API; RotoWire,,H:2026/2025 P:2026,,,Direct BvP not yet weighted; 2026/2025 Statcast baseline active,7,2,26,0,"Last 7 games: 2/26, 0 HR","platoon edge; pitcher baseline 6.5% barrel, 1.0 HR allowed",neutral batted-ball profile; pitcher allows elevated contact,7.97,35.07,88.03,99.1173,0.3786,0.16,0.3083,72.41,21.61,40.67,33.49,6.1,0.145,6.5,45.2,87.5,0.467,0.173,32.3,In From CF,63,Oriole Park at Camden Yards,
121,669394,Jake Burger,TEX,NYM,2026-09-24T00:05:00Z,Pre-Game,6,Nolan McLean,690997,R,47.0,Longshot,Watch List,Strong Barrel,52.2,29.6,41.1,76.2,50.0,26.4,Yes,Yes,6,Yes,No,MLB Stats API; RotoWire,,H:2026/2025 P:2026/2025,,,Direct BvP not yet weighted; 2026/2025 Statcast baseline active,7,4,23,1,"Last 7 games: 4/23, 1 HR","same-side matchup; pitcher baseline 7.0% barrel, 13.1 HR allowed",neutral batted-ball profile; pitcher fly-ball pressure modest,12.92,46.96,90.26,102.7959,0.4402,0.2061,0.3198,75.37,58.28,41.11,28.6,23.7,0.1907,6.95,37.94,88.45,0.3471,0.1239,21.56,None,72,Globe Life Field,
122,691728,Zac Veen,COL,AZ,2026-09-24T00:40:00Z,Pre-Game,8,Merrill Kelly,518876,R,47.0,Longshot,Watch List,Platoon Edge,27.9,59.9,57.7,52.4,80.0,3.4,Yes,Yes,8,Yes,No,MLB Stats API; RotoWire,,H:2026/2025 P:2026/2025,,,Direct BvP not yet weighted; 2026/2025 Statcast baseline active,7,2,14,0,"Last 7 games: 2/14, 0 HR","platoon edge; pitcher baseline 10.8% barrel, 26.5 HR allowed",fly-ball profile; pitcher fly-ball pressure modest,7.52,37.0,87.89,100.4812,0.2959,0.1295,0.2482,72.12,22.1,39.47,40.53,1.7,0.1478,10.77,42.59,89.99,0.4891,0.2104,26.43,L To R,69,Coors Field,
123,669016,Brandon Marsh,PHI,MIL,2026-09-23T22:40:00Z,Pre-Game,7,Logan Henderson,701656,R,46.8,Longshot,Watch List,Platoon Edge,36.6,38.7,51.3,64.3,80.0,30.3,Yes,Yes,7,Yes,No,MLB Stats API; RotoWire,,H:2026/2025 P:2026/2025,,,Direct BvP not yet weighted; 2026/2025 Statcast baseline active,7,4,20,1,"Last 7 games: 4/20, 1 HR","platoon edge; pitcher baseline 8.8% barrel, 10.7 HR allowed",neutral batted-ball profile; pitcher allows elevated contact,8.19,44.16,89.84,100.0784,0.4131,0.1578,0.3104,71.54,15.58,38.26,26.52,15.9,0.1553,8.81,36.58,88.8,0.3597,0.1477,31.84,In From RF,68,Citizens Bank Park,
124,664761,Alec Bohm,PHI,MIL,2026-09-23T22:40:00Z,Pre-Game,5,Logan Henderson,701656,R,46.6,Longshot,Watch List,No major boost,33.2,38.7,51.3,86.4,50.0,42.0,Yes,Yes,5,Yes,No,MLB Stats API; RotoWire,,H:2026/2025 P:2026/2025,,,Direct BvP not yet weighted; 2026/2025 Statcast baseline active,7,10,25,0,Contact streak: 10/25 over last 7 games,"same-side matchup; pitcher baseline 8.8% barrel, 10.7 HR allowed",neutral batted-ball profile; pitcher allows elevated contact,6.2,44.58,90.66,100.4579,0.4165,0.1467,0.3289,71.28,15.33,28.28,22.51,13.8,0.1332,8.81,36.58,88.8,0.3597,0.1477,31.84,In From RF,68,Citizens Bank Park,
125,663993,Nathaniel Lowe,CLE,BOS,2026-09-23T23:10:00Z,Pre-Game,6,Sonny Gray,543243,R,46.5,Longshot,Watch List,Platoon Edge,36.9,39.4,36.7,76.2,80.0,28.9,Yes,Yes,6,Yes,No,MLB Stats API; RotoWire,,H:2026/2025 P:2026/2025,,,Direct BvP not yet weighted; 2026/2025 Statcast baseline active,7,5,16,0,"Last 7 games: 5/16, 0 HR","platoon edge; pitcher baseline 8.0% barrel, 18.7 HR allowed",neutral batted-ball profile; pitcher fly-ball pressure modest,8.26,41.57,89.28,100.9033,0.4199,0.1639,0.3261,73.93,38.66,34.54,26.41,17.3,0.1838,7.98,39.16,89.11,0.3936,0.1453,23.2,In From CF,56,Fenway Park,
126,703607,Henry Bolte,ATH,LAA,2026-09-24T01:40:00Z,Pre-Game,1,Walbert Ureña,700712,R,46.5,Longshot,Watch List,Premium Lineup Spot,37.8,18.6,68.4,93.2,50.0,34.9,Yes,Yes,1,Yes,No,MLB Stats API; RotoWire,,H:2026 P:2026,,,Direct BvP not yet weighted; 2026/2025 Statcast baseline active,7,6,26,1,"Last 7 games: 6/26, 1 HR","same-side matchup; pitcher baseline 5.4% barrel, 9.0 HR allowed",neutral batted-ball profile; pitcher fly-ball pressure modest,7.8,48.5,91.0,104.4266,0.375,0.128,0.319,76.8,70.9,32.3,15.2,11.0,0.125,5.4,35.6,87.1,0.313,0.106,21.8,Out To RF,89,Sutter Health Park,
127,608070,José Ramírez,CLE,BOS,2026-09-23T23:10:00Z,Pre-Game,2,Sonny Gray,543243,R,46.4,Longshot,Watch List,"Premium Lineup Spot, Platoon Edge",26.2,37.4,36.7,100.0,75.0,50.3,Yes,Yes,2,Yes,No,MLB Stats API; RotoWire,,H:2026/2025 P:2026/2025,,,Direct BvP not yet weighted; 2026/2025 Statcast baseline active,7,10,30,1,Contact streak: 10/30 over last 7 games,"switch hitter; pitcher baseline 8.0% barrel, 18.7 HR allowed",neutral batted-ball profile; pitcher fly-ball pressure modest,5.11,38.12,88.69,99.2677,0.411,0.1382,0.3315,70.34,12.98,50.55,28.29,17.4,0.1626,7.98,39.16,89.11,0.3936,0.1453,23.2,In From CF,56,Fenway Park,
128,673962,Josh Jung,TEX,NYM,2026-09-24T00:05:00Z,Pre-Game,3,Nolan McLean,690997,R,46.2,Longshot,Watch List,Premium Lineup Spot,36.8,29.6,41.1,96.6,50.0,56.2,Yes,Yes,3,Yes,No,MLB Stats API; RotoWire,,H:2026/2025 P:2026/2025,,,Direct BvP not yet weighted; 2026/2025 Statcast baseline active,7,7,28,2,Hot streak: 2 HR in last 7 games,"same-side matchup; pitcher baseline 7.0% barrel, 13.1 HR allowed",neutral batted-ball profile; pitcher fly-ball pressure modest,7.39,48.31,90.21,100.3906,0.4287,0.1564,0.3327,70.41,7.55,37.48,23.5,11.9,0.1509,6.95,37.94,88.45,0.3471,0.1239,21.56,None,72,Globe Life Field,
129,686797,Brooks Lee,MIN,SF,2026-09-23T19:45:00Z,In Progress,3,Cesar Perdomo,702885,L,46.1,Longshot,Watch List,"Premium Lineup Spot, Platoon Edge",21.5,41.9,37.8,96.6,75.0,59.3,Yes,Yes,2,Yes,Yes,MLB Stats API; RotoWire,order MLB 3 vs RotoWire 2,H:2026/2025 P:2026,,,Direct BvP not yet weighted; 2026/2025 Statcast baseline active,7,11,28,1,Contact streak: 11/28 over last 7 games,"switch hitter; pitcher baseline 6.3% barrel, 3.0 HR allowed",neutral batted-ball profile; pitcher fly-ball pressure modest,4.68,35.21,88.25,97.6732,0.3593,0.1267,0.2813,69.92,8.28,41.92,29.7,21.6,0.1655,6.3,46.9,90.9,0.432,0.154,29.7,Varies,68,Oracle Park,
130,686469,Vinnie Pasquantino,KC,CWS,2026-09-23T23:40:00Z,Pre-Game,5,Bryan Hudson,663542,L,46.1,Longshot,Watch List,Hot Hitter/Streak,42.5,22.5,34.7,86.4,50.0,98.4,Yes,Yes,5,Yes,No,MLB Stats API; RotoWire,,H:2026/2025 P:2026/2025,,,Direct BvP not yet weighted; 2026/2025 Statcast baseline active,7,9,22,4,Hot streak: 4 HR in last 7 games,"same-side matchup; pitcher baseline 5.2% barrel, 4.1 HR allowed",neutral batted-ball profile; pitcher fly-ball pressure modest,9.75,43.09,90.34,100.3654,0.4427,0.1868,0.3354,71.17,15.38,44.68,29.98,20.1,0.1816,5.2,37.44,88.7,0.3371,0.1053,25.59,In From RF,71,Kauffman Stadium,
131,665161,Jeremy Pena,HOU,SEA,2026-09-24T02:10:00Z,Scheduled,1,George Kirby,669923,R,45.9,Longshot,Watch List,"Projected Lineup, Premium Lineup Spot, Hot Hitter/Streak",32.9,40.6,25.4,88.7,50.0,92.0,No,No,1,Yes,Yes,RotoWire projected lineup; MLB probable pitchers,lineup projected / unconfirmed,H:2026/2025 P:2026/2025,,,Direct BvP not yet weighted; 2026/2025 Statcast baseline active,7,11,30,3,Hot streak: 3 HR in last 7 games,"same-side matchup; pitcher baseline 7.2% barrel, 19.2 HR allowed",neutral batted-ball profile; pitcher fly-ball pressure modest,7.29,40.45,88.69,99.9887,0.4278,0.1592,0.3284,72.3,15.39,46.62,25.06,19.1,0.1877,7.2,41.17,89.83,0.4067,0.1465,23.96,,,T-Mobile Park,
132,621020,Dansby Swanson,CHC,MIA,2026-09-23T23:40:00Z,Pre-Game,8,Ryan Gusto,687473,R,45.8,Longshot,Watch List,No major boost,38.9,49.6,40.3,52.4,50.0,63.7,Yes,Yes,8,Yes,No,MLB Stats API; RotoWire,,H:2026/2025 P:2026/2025,,,Direct BvP not yet weighted; 2026/2025 Statcast baseline active,7,6,20,2,Hot streak: 2 HR in last 7 games,"same-side matchup; pitcher baseline 9.1% barrel, 12.8 HR allowed",neutral batted-ball profile; pitcher fly-ball pressure modest,8.76,43.32,89.8,100.025,0.414,0.1778,0.317,71.32,8.68,47.13,29.05,20.5,0.1849,9.08,43.88,90.04,0.4414,0.1711,26.75,In From CF,63,Wrigley Field,
133,803011,Sam Antonacci,CWS,KC,2026-09-23T23:40:00Z,Pre-Game,1,Seth Lugo,607625,R,45.6,Longshot,Watch List,"Premium Lineup Spot, Platoon Edge",18.2,53.9,34.7,93.2,80.0,24.9,Yes,Yes,1,Yes,No,MLB Stats API; RotoWire,,H:2026 P:2026/2025,,,Direct BvP not yet weighted; 2026/2025 Statcast baseline active,7,6,21,0,"Last 7 games: 6/21, 0 HR","platoon edge; pitcher baseline 8.9% barrel, 24.2 HR allowed",neutral batted-ball profile; pitcher fly-ball pressure modest,5.0,32.9,87.4,97.4451,0.39,0.114,0.341,69.7,7.4,31.5,22.1,8.0,0.121,8.93,43.52,90.0,0.4618,0.1918,28.97,In From RF,71,Kauffman Stadium,
134,667472,Dane Myers,CIN,ATL,2026-09-23T23:15:00Z,Pre-Game,4,Chris Sale,519242,L,45.5,Longshot,Watch List,"Premium Lineup Spot, Platoon Edge",26.2,23.7,57.4,94.9,78.0,45.9,Yes,Yes,4,Yes,No,MLB Stats API; RotoWire,,H:2026/2025 P:2026/2025,,,Direct BvP not yet weighted; 2026/2025 Statcast baseline active,7,4,22,2,Hot streak: 2 HR in last 7 games,"platoon edge; pitcher baseline 6.2% barrel, 9.6 HR allowed",neutral batted-ball profile; pitcher fly-ball pressure modest,5.77,38.15,89.65,99.1358,0.3698,0.1288,0.3092,71.04,18.05,28.14,24.47,7.4,0.112,6.16,35.26,87.69,0.3277,0.1122,25.83,L To R,74,Truist Park,
135,669221,Sean Murphy,ATL,CIN,2026-09-23T23:15:00Z,Pre-Game,7,Andrew Abbott,671096,L,45.5,Longshot,Watch List,Platoon Edge,31.2,43.9,57.4,64.3,78.0,0.0,Yes,Yes,7,Yes,No,MLB Stats API; RotoWire,,H:2026/2025 P:2026/2025,,,Direct BvP not yet weighted; 2026/2025 Statcast baseline active,7,2,24,0,"Last 7 games: 2/24, 0 HR","platoon edge; pitcher baseline 8.1% barrel, 22.5 HR allowed",neutral batted-ball profile; pitcher fly-ball pressure modest,9.48,39.18,87.49,100.8407,0.345,0.1503,0.2755,72.46,28.26,48.49,25.44,6.9,0.1561,8.14,37.27,89.2,0.4214,0.1667,29.12,L To R,74,Truist Park,
136,678662,Ezequiel Tovar,COL,AZ,2026-09-24T00:40:00Z,Pre-Game,9,Merrill Kelly,518876,R,45.5,Longshot,Watch List,No major boost,29.1,59.9,57.7,44.8,50.0,42.0,Yes,Yes,9,Yes,No,MLB Stats API; RotoWire,,H:2026/2025 P:2026/2025,,,Direct BvP not yet weighted; 2026/2025 Statcast baseline active,7,5,18,1,"Last 7 games: 5/18, 1 HR","same-side matchup; pitcher baseline 10.8% barrel, 26.5 HR allowed",neutral batted-ball profile; pitcher fly-ball pressure modest,7.48,34.7,88.07,99.0541,0.3885,0.1527,0.291,71.95,21.03,37.26,29.99,10.4,0.1309,10.77,42.59,89.99,0.4891,0.2104,26.43,L To R,69,Coors Field,
137,643289,Mauricio Dubón,ATL,CIN,2026-09-23T23:15:00Z,Pre-Game,2,Andrew Abbott,671096,L,45.4,Longshot,Watch List,"Premium Lineup Spot, Platoon Edge",10.0,43.9,57.4,100.0,78.0,37.6,Yes,Yes,2,Yes,No,MLB Stats API; RotoWire,,H:2026/2025 P:2026/2025,,,Direct BvP not yet weighted; 2026/2025 Statcast baseline active,7,10,27,0,Contact streak: 10/27 over last 7 games,"platoon edge; pitcher baseline 8.1% barrel, 22.5 HR allowed",neutral batted-ball profile; pitcher fly-ball pressure modest,3.09,28.61,85.9,96.2202,0.3611,0.0994,0.2962,68.87,4.03,31.82,25.72,9.8,0.1182,8.14,37.27,89.2,0.4214,0.1667,29.12,L To R,74,Truist Park,
138,664770,Nathan Lukes,TOR,BAL,2026-09-23T22:35:00Z,Pre-Game,1,Trey Gibson,694346,R,45.3,Longshot,Watch List,"Premium Lineup Spot, Platoon Edge",11.3,55.1,45.6,93.2,80.0,24.9,Yes,Yes,1,Yes,No,MLB Stats API; RotoWire,,H:2026/2025 P:2026,,,Direct BvP not yet weighted; 2026/2025 Statcast baseline active,7,6,21,0,"Last 7 games: 6/21, 0 HR","platoon edge; pitcher baseline 9.6% barrel, 7.0 HR allowed",neutral batted-ball profile; pitcher fly-ball pressure modest,3.26,31.26,87.13,96.9445,0.3584,0.1029,0.2968,67.3,3.69,31.98,21.02,10.6,0.124,9.6,47.6,91.2,0.487,0.196,20.0,In From CF,63,Oriole Park at Camden Yards,
139,668904,Royce Lewis,MIN,SF,2026-09-23T19:45:00Z,In Progress,7,Cesar Perdomo,702885,L,45.3,Longshot,Watch List,"Strong Barrel, Platoon Edge",39.8,42.2,37.8,64.3,78.0,7.0,Yes,Yes,6,Yes,Yes,MLB Stats API; RotoWire,order MLB 7 vs RotoWire 6,H:2026/2025 P:2026,,,Direct BvP not yet weighted; 2026/2025 Statcast baseline active,7,5,30,0,"Last 7 games: 5/30, 0 HR","platoon edge; pitcher baseline 6.3% barrel, 3.0 HR allowed",neutral batted-ball profile; pitcher fly-ball pressure modest,10.1,40.23,89.8,100.5434,0.3951,0.1579,0.3026,74.72,50.31,46.58,30.71,13.7,0.1517,6.3,46.9,90.9,0.432,0.154,29.7,Varies,68,Oracle Park,
140,668939,Adley Rutschman,BOS,CLE,2026-09-23T23:10:00Z,Pre-Game,5,Foster Griffin,656492,L,45.3,Longshot,Watch List,Platoon Edge,32.1,39.1,36.7,86.4,75.0,19.5,Yes,Yes,5,Yes,No,MLB Stats API; RotoWire,,H:2026/2025 P:2026,,,Direct BvP not yet weighted; 2026/2025 Statcast baseline active,7,7,28,0,"Last 7 games: 7/28, 0 HR","switch hitter; pitcher baseline 8.5% barrel, 23.0 HR allowed",neutral batted-ball profile; pitcher fly-ball pressure modest,7.08,38.74,89.05,99.2189,0.4121,0.162,0.3271,70.49,12.21,38.54,30.34,11.1,0.1719,8.5,37.4,88.0,0.414,0.155,25.3,In From CF,56,Fenway Park,
141,607208,Trea Turner,PHI,MIL,2026-09-23T22:40:00Z,Pre-Game,2,Logan Henderson,701656,R,45.2,Longshot,Watch List,Premium Lineup Spot,26.7,38.7,51.3,100.0,50.0,18.0,Yes,Yes,2,Yes,No,MLB Stats API; RotoWire,,H:2026/2025 P:2026/2025,,,Direct BvP not yet weighted; 2026/2025 Statcast baseline active,7,6,25,0,"Last 7 games: 6/25, 0 HR","same-side matchup; pitcher baseline 8.8% barrel, 10.7 HR allowed",neutral batted-ball profile; pitcher allows elevated contact,6.08,40.0,88.67,99.2563,0.3785,0.1281,0.3028,71.38,18.3,35.52,24.92,17.8,0.1439,8.81,36.58,88.8,0.3597,0.1477,31.84,In From RF,68,Citizens Bank Park,
142,695681,Christian Moore,LAA,ATH,2026-09-24T01:40:00Z,Pre-Game,7,Jeffrey Springs,605488,L,45.2,Longshot,Watch List,Platoon Edge,22.7,45.5,68.4,64.3,78.0,9.3,Yes,No,5,Yes,Yes,MLB Stats API; RotoWire,RotoWire not confirmed; order MLB 7 vs RotoWire 5,H:2026/2025 P:2026/2025,,,Direct BvP not yet weighted; 2026/2025 Statcast baseline active,7,4,22,0,"Last 7 games: 4/22, 0 HR","platoon edge; pitcher baseline 8.8% barrel, 31.5 HR allowed",neutral batted-ball profile; pitcher allows elevated contact,6.76,37.63,88.41,99.5109,0.2911,0.1014,0.2442,71.93,24.73,25.45,26.31,2.8,0.0999,8.8,35.34,87.67,0.4394,0.189,32.09,Out To RF,89,Sutter Health Park,
143,645277,Ozzie Albies,ATL,CIN,2026-09-23T23:15:00Z,Pre-Game,4,Andrew Abbott,671096,L,45.1,Longshot,Watch List,"Premium Lineup Spot, Platoon Edge",15.8,42.1,57.4,94.9,75.0,23.4,Yes,Yes,4,Yes,No,MLB Stats API; RotoWire,,H:2026/2025 P:2026/2025,,,Direct BvP not yet weighted; 2026/2025 Statcast baseline active,7,4,26,1,"Last 7 games: 4/26, 1 HR","switch hitter; pitcher baseline 8.1% barrel, 22.5 HR allowed",neutral batted-ball profile; pitcher fly-ball pressure modest,4.2,28.67,87.22,96.7231,0.3509,0.1205,0.2843,68.86,5.74,46.63,31.69,20.2,0.1488,8.14,37.27,89.2,0.4214,0.1667,29.12,L To R,74,Truist Park,
144,672640,Otto Lopez,MIA,CHC,2026-09-23T23:40:00Z,Pre-Game,1,Kevin Gausman,592332,R,45.1,Longshot,Watch List,Premium Lineup Spot,30.1,42.1,40.3,93.2,50.0,30.3,Yes,Yes,1,Yes,No,MLB Stats API; RotoWire,,H:2026/2025 P:2026/2025,,,Direct BvP not yet weighted; 2026/2025 Statcast baseline active,7,6,30,1,"Last 7 games: 6/30, 1 HR","same-side matchup; pitcher baseline 7.9% barrel, 23.8 HR allowed",neutral batted-ball profile; pitcher fly-ball pressure modest,6.47,40.12,88.92,100.1816,0.4235,0.1461,0.3279,71.84,23.02,33.84,22.78,12.2,0.1318,7.87,40.07,88.88,0.407,0.1613,26.02,In From CF,63,Wrigley Field,
145,805300,Jakob Marsee,MIA,CHC,2026-09-23T23:40:00Z,Pre-Game,6,Kevin Gausman,592332,R,44.9,Longshot,Watch List,"Platoon Edge, Hot Hitter/Streak",20.6,42.1,40.3,76.2,80.0,81.7,Yes,Yes,6,Yes,No,MLB Stats API; RotoWire,,H:2026/2025 P:2026/2025,,,Direct BvP not yet weighted; 2026/2025 Statcast baseline active,7,10,23,2,Hot streak: 2 HR in last 7 games,"platoon edge; pitcher baseline 7.9% barrel, 23.8 HR allowed",neutral batted-ball profile; pitcher fly-ball pressure modest,5.02,36.71,87.78,98.5814,0.3643,0.1197,0.3232,70.29,5.37,41.09,23.19,9.2,0.1454,7.87,40.07,88.88,0.407,0.1613,26.02,In From CF,63,Wrigley Field,
146,694671,Wyatt Langford,TEX,NYM,2026-09-24T00:05:00Z,Pre-Game,1,Nolan McLean,690997,R,44.9,Longshot,Watch List,Premium Lineup Spot,40.5,29.6,41.1,93.2,50.0,13.6,Yes,Yes,1,Yes,No,MLB Stats API; RotoWire,,H:2026/2025 P:2026/2025,,,Direct BvP not yet weighted; 2026/2025 Statcast baseline active,7,4,19,0,"Last 7 games: 4/19, 0 HR","same-side matchup; pitcher baseline 7.0% barrel, 13.1 HR allowed",neutral batted-ball profile; pitcher fly-ball pressure modest,9.94,40.63,89.72,100.492,0.4116,0.1764,0.3306,72.82,27.43,43.38,31.02,18.5,0.1914,6.95,37.94,88.45,0.3471,0.1239,21.56,None,72,Globe Life Field,
147,682927,Ronny Simon,PIT,STL,2026-09-23T22:40:00Z,Pre-Game,6,Matthew Liberatore,669461,L,44.6,Longshot,Watch List,Platoon Edge,20.6,52.7,35.8,76.2,75.0,47.7,Yes,Yes,6,Yes,No,MLB Stats API; RotoWire,,H:2026/2025 P:2026/2025,,,Direct BvP not yet weighted; 2026/2025 Statcast baseline active,7,6,19,1,"Last 7 games: 6/19, 1 HR","switch hitter; pitcher baseline 9.6% barrel, 24.6 HR allowed",neutral batted-ball profile; pitcher fly-ball pressure modest,4.94,32.84,87.98,98.7551,0.4004,0.1219,0.3216,72.01,24.14,38.3,15.99,0.7,0.0943,9.62,41.66,90.18,0.4552,0.1878,28.38,In From CF,65,PNC Park,
148,680700,Richie Palacios,TB,NYY,2026-09-23T23:05:00Z,Pre-Game,6,Gerrit Cole,543037,R,44.6,Longshot,Watch List,Platoon Edge,16.2,49.5,51.7,76.2,80.0,35.6,Yes,Yes,6,Yes,No,MLB Stats API; RotoWire,,H:2026/2025 P:2026,,,Direct BvP not yet weighted; 2026/2025 Statcast baseline active,7,4,17,1,"Last 7 games: 4/17, 1 HR","platoon edge; pitcher baseline 8.7% barrel, 21.0 HR allowed",neutral batted-ball profile; pitcher fly-ball pressure modest,4.64,33.74,87.52,97.1889,0.3702,0.1025,0.3243,68.84,3.94,36.39,21.54,7.3,0.1344,8.7,45.2,90.9,0.406,0.153,27.0,In From LF,63,Yankee Stadium,
149,683953,Travis Bazzana,CLE,BOS,2026-09-23T23:10:00Z,Pre-Game,5,Sonny Gray,543243,R,44.5,Longshot,Watch List,Platoon Edge,20.9,39.4,36.7,86.4,80.0,65.8,Yes,Yes,5,Yes,No,MLB Stats API; RotoWire,,H:2026 P:2026/2025,,,Direct BvP not yet weighted; 2026/2025 Statcast baseline active,7,5,26,3,Hot streak: 3 HR in last 7 games,"platoon edge; pitcher baseline 8.0% barrel, 18.7 HR allowed",neutral batted-ball profile; pitcher fly-ball pressure modest,5.1,36.7,87.7,98.356,0.349,0.122,0.302,69.6,12.3,38.9,28.1,15.0,0.16,7.98,39.16,89.11,0.3936,0.1453,23.2,In From CF,56,Fenway Park,
150,641487,J.P. Crawford,SEA,HOU,2026-09-24T02:10:00Z,Scheduled,1,Ethan Pecko,814490,R,44.3,Longshot,Watch List,"Projected Lineup, Premium Lineup Spot, Platoon Edge",21.2,48.4,25.4,88.7,80.0,45.5,No,No,1,Yes,Yes,RotoWire projected lineup; MLB probable pitchers,lineup projected / unconfirmed,H:2026/2025 P:2026,,,Direct BvP not yet weighted; 2026/2025 Statcast baseline active,7,5,28,2,Hot streak: 2 HR in last 7 games,"platoon edge; pitcher baseline 9.8% barrel, 5.0 HR allowed",neutral batted-ball profile; pitcher allows elevated contact,5.81,34.35,87.55,98.0386,0.3685,0.1228,0.3238,71.21,18.53,35.63,22.4,12.7,0.1218,9.8,38.6,89.3,0.433,0.197,31.3,,,T-Mobile Park,
151,521692,Salvador Perez,KC,CWS,2026-09-23T23:40:00Z,Pre-Game,6,Bryan Hudson,663542,L,44.2,Longshot,Watch List,"Strong Barrel, Platoon Edge",46.7,22.5,34.7,76.2,78.0,10.6,Yes,Yes,6,Yes,No,MLB Stats API; RotoWire,,H:2026/2025 P:2026/2025,,,Direct BvP not yet weighted; 2026/2025 Statcast baseline active,7,4,21,0,"Last 7 games: 4/21, 0 HR","platoon edge; pitcher baseline 5.2% barrel, 4.1 HR allowed",neutral batted-ball profile; pitcher fly-ball pressure modest,11.44,43.9,89.37,100.8564,0.4591,0.2058,0.3241,71.99,22.49,41.63,30.85,22.3,0.1652,5.2,37.44,88.7,0.3371,0.1053,25.59,In From RF,71,Kauffman Stadium,
152,663656,Kyle Tucker,LAD,SD,2026-09-24T02:10:00Z,Scheduled,7,Robbie Ray,592662,L,44.2,Longshot,Watch List,"Projected Lineup, Hot Hitter/Streak",34.8,48.6,27.6,59.8,50.0,80.0,No,No,7,Yes,Yes,RotoWire projected lineup; MLB probable pitchers,lineup projected / unconfirmed,H:2026/2025 P:2026/2025,,,Direct BvP not yet weighted; 2026/2025 Statcast baseline active,7,9,22,2,Hot streak: 2 HR in last 7 games,"same-side matchup; pitcher baseline 8.7% barrel, 22.0 HR allowed",neutral batted-ball profile; pitcher allows elevated contact,7.86,38.02,89.19,98.8372,0.4221,0.1619,0.3454,71.65,20.73,43.1,34.1,18.5,0.1693,8.69,40.08,89.88,0.4088,0.1723,33.38,,,UNIQLO Field at Dodger Stadium,
153,664034,Ty France,SD,LAD,2026-09-24T02:10:00Z,Scheduled,4,Yoshinobu Yamamoto,808967,R,44.1,Longshot,Watch List,"Projected Lineup, Premium Lineup Spot",42.1,26.8,27.6,90.4,50.0,48.5,No,No,4,Yes,Yes,RotoWire projected lineup; MLB probable pitchers,lineup projected / unconfirmed,H:2026/2025 P:2026/2025,,,Direct BvP not yet weighted; 2026/2025 Statcast baseline active,7,9,28,1,Contact streak: 9/28 over last 7 games,"same-side matchup; pitcher baseline 6.3% barrel, 17.5 HR allowed",neutral batted-ball profile; pitcher fly-ball pressure modest,8.96,47.07,91.11,100.9702,0.4299,0.1744,0.3315,71.77,19.95,36.43,25.04,16.8,0.1821,6.33,37.11,87.95,0.325,0.1179,22.87,,,UNIQLO Field at Dodger Stadium,
154,689414,Liam Hicks,TB,NYY,2026-09-23T23:05:00Z,Pre-Game,4,Gerrit Cole,543037,R,43.9,Longshot,Watch List,"Premium Lineup Spot, Platoon Edge",7.5,49.5,51.7,94.9,80.0,26.1,Yes,Yes,4,Yes,No,MLB Stats API; RotoWire,,H:2026/2025 P:2026,,,Direct BvP not yet weighted; 2026/2025 Statcast baseline active,7,5,17,0,"Last 7 games: 5/17, 0 HR","platoon edge; pitcher baseline 8.7% barrel, 21.0 HR allowed",neutral batted-ball profile; pitcher fly-ball pressure modest,3.74,27.14,84.46,96.0625,0.3549,0.099,0.3178,68.03,3.72,41.19,24.08,14.4,0.1354,8.7,45.2,90.9,0.406,0.153,27.0,In From LF,63,Yankee Stadium,
155,543760,Marcus Semien,NYM,TEX,2026-09-24T00:05:00Z,Pre-Game,6,Cody Bradford,674003,L,43.8,Longshot,Watch List,Platoon Edge,23.1,49.5,41.1,76.2,78.0,8.8,Yes,Yes,6,Yes,No,MLB Stats API; RotoWire,,H:2026/2025 P:2026,,,Direct BvP not yet weighted; 2026/2025 Statcast baseline active,7,5,28,0,"Last 7 games: 5/28, 0 HR","platoon edge; pitcher baseline 9.5% barrel, 4.0 HR allowed",neutral batted-ball profile; pitcher allows elevated contact,6.03,34.09,87.18,97.3851,0.3824,0.1397,0.3068,68.57,3.48,46.21,32.49,14.3,0.1249,9.5,37.0,89.4,0.472,0.192,35.5,None,72,Globe Life Field,
156,592518,Manny Machado,SD,LAD,2026-09-24T02:10:00Z,Scheduled,3,Yoshinobu Yamamoto,808967,R,43.8,Longshot,Watch List,"Projected Lineup, Strong Barrel, Premium Lineup Spot",47.4,26.8,27.6,92.1,50.0,4.2,No,No,3,Yes,Yes,RotoWire projected lineup; MLB probable pitchers,lineup projected / unconfirmed,H:2026/2025 P:2026/2025,,,Direct BvP not yet weighted; 2026/2025 Statcast baseline active,7,4,27,0,"Last 7 games: 4/27, 0 HR","same-side matchup; pitcher baseline 6.3% barrel, 17.5 HR allowed",neutral batted-ball profile; pitcher fly-ball pressure modest,10.52,45.9,90.94,101.7617,0.4411,0.1897,0.3365,74.64,44.72,39.1,28.15,27.7,0.1857,6.33,37.11,87.95,0.325,0.1179,22.87,,,UNIQLO Field at Dodger Stadium,
157,681082,Bryson Stott,PHI,MIL,2026-09-23T22:40:00Z,Pre-Game,6,Logan Henderson,701656,R,43.7,Longshot,Watch List,Platoon Edge,25.1,38.7,51.3,76.2,80.0,12.0,Yes,Yes,6,Yes,No,MLB Stats API; RotoWire,,H:2026/2025 P:2026/2025,,,Direct BvP not yet weighted; 2026/2025 Statcast baseline active,7,5,25,0,"Last 7 games: 5/25, 0 HR","platoon edge; pitcher baseline 8.8% barrel, 10.7 HR allowed",neutral batted-ball profile; pitcher allows elevated contact,5.8,34.82,88.72,98.286,0.3986,0.1383,0.3235,69.72,6.68,34.24,27.87,10.9,0.1375,8.81,36.58,88.8,0.3597,0.1477,31.84,In From RF,68,Citizens Bank Park,
158,682663,Agustín Ramírez,MIA,CHC,2026-09-23T23:40:00Z,Pre-Game,7,Kevin Gausman,592332,R,43.7,Longshot,Watch List,Hot Hitter/Streak,31.0,42.1,40.3,64.3,50.0,75.8,Yes,Yes,7,Yes,No,MLB Stats API; RotoWire,,H:2026/2025 P:2026/2025,,,Direct BvP not yet weighted; 2026/2025 Statcast baseline active,7,8,21,2,Hot streak: 2 HR in last 7 games,"same-side matchup; pitcher baseline 7.9% barrel, 23.8 HR allowed",neutral batted-ball profile; pitcher fly-ball pressure modest,6.52,42.38,90.17,102.652,0.3618,0.1259,0.3005,75.62,56.74,42.5,18.28,9.8,0.1456,7.87,40.07,88.88,0.407,0.1613,26.02,In From CF,63,Wrigley Field,
159,673237,Yainer Diaz,HOU,SEA,2026-09-24T02:10:00Z,Scheduled,5,George Kirby,669923,R,43.7,Longshot,Watch List,Projected Lineup,32.7,40.6,25.4,81.9,50.0,68.7,No,No,5,Yes,Yes,RotoWire projected lineup; MLB probable pitchers,lineup projected / unconfirmed,H:2026/2025 P:2026/2025,,,Direct BvP not yet weighted; 2026/2025 Statcast baseline active,7,8,24,2,Hot streak: 2 HR in last 7 games,"same-side matchup; pitcher baseline 7.2% barrel, 19.2 HR allowed",neutral batted-ball profile; pitcher fly-ball pressure modest,7.57,39.61,89.34,100.0578,0.4258,0.1571,0.3141,72.48,22.86,36.14,18.68,15.1,0.1638,7.2,41.17,89.83,0.4067,0.1465,23.96,,,T-Mobile Park,
160,693304,Nick Gonzales,PIT,STL,2026-09-23T22:40:00Z,Pre-Game,5,Matthew Liberatore,669461,L,43.6,Longshot,Watch List,Platoon Edge,16.1,54.2,35.8,86.4,78.0,16.1,Yes,Yes,5,Yes,No,MLB Stats API; RotoWire,,H:2026/2025 P:2026/2025,,,Direct BvP not yet weighted; 2026/2025 Statcast baseline active,7,5,22,0,"Last 7 games: 5/22, 0 HR","platoon edge; pitcher baseline 9.6% barrel, 24.6 HR allowed",neutral batted-ball profile; pitcher fly-ball pressure modest,3.45,35.3,87.12,98.1401,0.3778,0.1056,0.3141,70.71,12.52,36.8,21.61,5.7,0.0915,9.62,41.66,90.18,0.4552,0.1878,28.38,In From CF,65,PNC Park,
161,662139,Daulton Varsho,HOU,SEA,2026-09-24T02:10:00Z,Scheduled,6,George Kirby,669923,R,43.5,Longshot,Watch List,"Projected Lineup, Platoon Edge",35.7,40.6,25.4,71.7,80.0,18.3,No,No,6,Yes,Yes,RotoWire projected lineup; MLB probable pitchers,lineup projected / unconfirmed,H:2026/2025 P:2026/2025,,,Direct BvP not yet weighted; 2026/2025 Statcast baseline active,7,2,24,1,"Last 7 games: 2/24, 1 HR","platoon edge; pitcher baseline 7.2% barrel, 19.2 HR allowed",neutral batted-ball profile; pitcher fly-ball pressure modest,9.6,37.64,87.66,99.4311,0.396,0.1683,0.2962,73.71,36.6,41.85,31.41,14.4,0.1868,7.2,41.17,89.83,0.4067,0.1465,23.96,,,T-Mobile Park,
162,813841,Jonah Cox,SF,MIN,2026-09-23T19:45:00Z,In Progress,1,Connor Prielipp,687570,L,43.3,Longshot,Watch List,"Premium Lineup Spot, Platoon Edge",22.5,39.3,37.8,93.2,78.0,14.6,Yes,Yes,1,Yes,No,MLB Stats API; RotoWire,,H:2026 P:2026,,,Direct BvP not yet weighted; 2026/2025 Statcast baseline active,7,5,23,0,"Last 7 games: 5/23, 0 HR","platoon edge; pitcher baseline 6.8% barrel, 14.0 HR allowed",neutral batted-ball profile; pitcher fly-ball pressure modest,6.0,38.6,88.9,99.5831,0.337,0.121,0.265,68.9,6.1,20.5,21.7,4.0,0.14,6.8,42.0,90.2,0.386,0.15,26.9,Varies,68,Oracle Park,
163,691182,Adael Amador,COL,AZ,2026-09-24T00:40:00Z,Pre-Game,6,Merrill Kelly,518876,R,43.3,Longshot,Watch List,Platoon Edge,7.8,58.7,57.7,76.2,75.0,10.6,Yes,Yes,6,Yes,No,MLB Stats API; RotoWire,,H:2026/2025 P:2026/2025,,,Direct BvP not yet weighted; 2026/2025 Statcast baseline active,7,4,21,0,"Last 7 games: 4/21, 0 HR","switch hitter; pitcher baseline 10.8% barrel, 26.5 HR allowed",neutral batted-ball profile; pitcher fly-ball pressure modest,5.85,24.28,84.03,95.7969,0.2962,0.0957,0.2648,69.2,8.01,51.12,22.92,3.1,0.1825,10.77,42.59,89.99,0.4891,0.2104,26.43,L To R,69,Coors Field,
164,669236,Jeremiah Jackson,BAL,TOR,2026-09-23T22:35:00Z,Pre-Game,7,CJ Van Eyk,669310,R,43.2,Longshot,Watch List,No major boost,33.8,40.1,45.6,64.3,50.0,42.7,Yes,Yes,7,Yes,No,MLB Stats API; RotoWire,,H:2026/2025 P:2026,,,Direct BvP not yet weighted; 2026/2025 Statcast baseline active,7,4,25,2,Hot streak: 2 HR in last 7 games,"same-side matchup; pitcher baseline 6.5% barrel, 1.0 HR allowed",neutral batted-ball profile; pitcher allows elevated contact,7.71,40.75,89.69,100.5035,0.3902,0.1566,0.2854,72.74,27.59,38.88,24.35,7.8,0.1521,6.5,45.2,87.5,0.467,0.173,32.3,In From CF,63,Oriole Park at Camden Yards,
165,656811,Ryan O'Hearn,PIT,STL,2026-09-23T22:40:00Z,Pre-Game,7,Matthew Liberatore,669461,L,43.2,Longshot,Watch List,No major boost,32.5,54.2,35.8,64.3,50.0,12.0,Yes,Yes,7,Yes,No,MLB Stats API; RotoWire,,H:2026/2025 P:2026/2025,,,Direct BvP not yet weighted; 2026/2025 Statcast baseline active,7,5,25,0,"Last 7 games: 5/25, 0 HR","same-side matchup; pitcher baseline 9.6% barrel, 24.6 HR allowed",neutral batted-ball profile; pitcher fly-ball pressure modest,6.97,42.22,89.19,99.2438,0.4064,0.1523,0.3232,71.1,11.57,38.66,27.59,17.7,0.1707,9.62,41.66,90.18,0.4552,0.1878,28.38,In From CF,65,PNC Park,
166,685133,Wade Meckler,LAA,ATH,2026-09-24T01:40:00Z,Pre-Game,5,Jeffrey Springs,605488,L,42.8,Longshot,Watch List,No major boost,11.6,45.5,68.4,86.4,50.0,23.4,Yes,,,No,Yes,MLB Stats API; RotoWire,not found on RotoWire,H:2026 P:2026/2025,,,Direct BvP not yet weighted; 2026/2025 Statcast baseline active,7,8,29,0,"Last 7 games: 8/29, 0 HR","same-side matchup; pitcher baseline 8.8% barrel, 31.5 HR allowed",neutral batted-ball profile; pitcher allows elevated contact,2.7,33.2,87.1,96.6926,0.351,0.094,0.311,69.0,2.3,34.1,19.3,3.0,0.082,8.8,35.34,87.67,0.4394,0.189,32.09,Out To RF,89,Sutter Health Park,
167,676609,José Caballero,NYY,TB,2026-09-23T23:05:00Z,Pre-Game,7,Mason Englert,669438,R,42.6,Longshot,Watch List,No major boost,9.7,65.0,51.7,64.3,50.0,50.3,Yes,Yes,7,Yes,No,MLB Stats API; RotoWire,,H:2026/2025 P:2026/2025,,,Direct BvP not yet weighted; 2026/2025 Statcast baseline active,7,6,18,1,Contact streak: 6/18 over last 7 games,"same-side matchup; pitcher baseline 13.2% barrel, 7.5 HR allowed",neutral batted-ball profile; pitcher allows elevated contact,4.78,27.45,84.6,96.4677,0.3369,0.1108,0.2848,68.89,7.98,41.88,21.45,11.3,0.1292,13.25,40.74,89.98,0.5045,0.2272,30.22,In From LF,63,Yankee Stadium,
168,680574,Matt McLain,CIN,ATL,2026-09-23T23:15:00Z,Pre-Game,6,Chris Sale,519242,L,42.6,Longshot,Watch List,Platoon Edge,32.0,23.7,57.4,76.2,78.0,1.6,Yes,Yes,6,Yes,No,MLB Stats API; RotoWire,,H:2026/2025 P:2026/2025,,,Direct BvP not yet weighted; 2026/2025 Statcast baseline active,7,3,23,0,"Last 7 games: 3/23, 0 HR","platoon edge; pitcher baseline 6.2% barrel, 9.6 HR allowed",neutral batted-ball profile; pitcher fly-ball pressure modest,8.85,37.48,88.31,98.9188,0.3662,0.1504,0.2952,70.93,9.89,36.27,33.78,15.0,0.1412,6.16,35.26,87.69,0.3277,0.1122,25.83,L To R,74,Truist Park,
169,699393,Pedro Ramírez,CHC,MIA,2026-09-23T23:40:00Z,Pre-Game,7,Ryan Gusto,687473,R,42.5,Longshot,Watch List,Platoon Edge,21.6,48.2,40.3,64.3,75.0,39.2,Yes,Yes,7,Yes,No,MLB Stats API; RotoWire,,H:2026 P:2026/2025,,,Direct BvP not yet weighted; 2026/2025 Statcast baseline active,7,7,27,1,"Last 7 games: 7/27, 1 HR","switch hitter; pitcher baseline 9.1% barrel, 12.8 HR allowed",neutral batted-ball profile; pitcher fly-ball pressure modest,4.3,38.9,89.0,99.3696,0.347,0.105,0.284,72.1,22.4,41.1,23.8,6.0,0.15,9.08,43.88,90.04,0.4414,0.1711,26.75,In From CF,63,Wrigley Field,
170,686765,Nick Sogard,BOS,CLE,2026-09-23T23:10:00Z,Pre-Game,2,Foster Griffin,656492,L,42.2,Longshot,Watch List,"Premium Lineup Spot, Platoon Edge",15.5,39.1,36.7,100.0,75.0,28.1,Yes,Yes,2,Yes,No,MLB Stats API; RotoWire,,H:2026/2025 P:2026,,,Direct BvP not yet weighted; 2026/2025 Statcast baseline active,7,5,27,1,"Last 7 games: 5/27, 1 HR","switch hitter; pitcher baseline 8.5% barrel, 23.0 HR allowed",neutral batted-ball profile; pitcher fly-ball pressure modest,5.32,30.15,86.56,96.8742,0.3603,0.1128,0.3069,68.78,3.89,44.33,24.86,3.5,0.1239,8.5,37.4,88.0,0.414,0.155,25.3,In From CF,56,Fenway Park,
171,807712,Luke Keaschall,MIN,SF,2026-09-23T19:45:00Z,In Progress,1,Cesar Perdomo,702885,L,42.1,Longshot,Watch List,"Premium Lineup Spot, Platoon Edge",12.6,42.2,37.8,93.2,78.0,41.7,Yes,Yes,1,Yes,No,MLB Stats API; RotoWire,,H:2026/2025 P:2026,,,Direct BvP not yet weighted; 2026/2025 Statcast baseline active,7,8,29,1,"Last 7 games: 8/29, 1 HR","platoon edge; pitcher baseline 6.3% barrel, 3.0 HR allowed",neutral batted-ball profile; pitcher fly-ball pressure modest,3.94,29.52,85.64,96.6603,0.364,0.1132,0.3177,68.57,7.31,38.75,27.25,7.5,0.1199,6.3,46.9,90.9,0.432,0.154,29.7,Varies,68,Oracle Park,
172,596115,Trevor Story,BOS,CLE,2026-09-23T23:10:00Z,Pre-Game,8,Foster Griffin,656492,L,42.1,Longshot,Watch List,"Platoon Edge, Hot Hitter/Streak",26.8,40.8,36.7,52.4,78.0,72.7,Yes,Yes,8,Yes,No,MLB Stats API; RotoWire,,H:2026/2025 P:2026,,,Direct BvP not yet weighted; 2026/2025 Statcast baseline active,7,9,25,2,Hot streak: 2 HR in last 7 games,"platoon edge; pitcher baseline 8.5% barrel, 23.0 HR allowed",neutral batted-ball profile; pitcher fly-ball pressure modest,6.89,40.0,88.39,99.7173,0.3573,0.1289,0.2711,71.03,14.03,42.79,25.09,11.0,0.1357,8.5,37.4,88.0,0.414,0.155,25.3,In From CF,56,Fenway Park,
173,687401,Joey Ortiz,MIL,PHI,2026-09-23T22:40:00Z,Pre-Game,6,Aaron Nola,605400,R,42.0,Longshot,Watch List,No major boost,16.8,46.8,51.3,76.2,50.0,46.5,Yes,Yes,6,Yes,No,MLB Stats API; RotoWire,,H:2026/2025 P:2026/2025,,,Direct BvP not yet weighted; 2026/2025 Statcast baseline active,7,8,26,1,"Last 7 games: 8/26, 1 HR","same-side matchup; pitcher baseline 9.1% barrel, 29.2 HR allowed",neutral batted-ball profile; pitcher fly-ball pressure modest,3.77,35.6,87.77,99.1565,0.3396,0.0974,0.2897,73.0,30.5,31.98,20.03,8.4,0.1213,9.1,41.13,88.77,0.4128,0.1703,27.04,In From RF,68,Citizens Bank Park,
174,666126,Carlos Cortes,ATH,LAA,2026-09-24T01:40:00Z,Pre-Game,7,Walbert Ureña,700712,R,42.0,Longshot,Watch List,Platoon Edge,28.7,18.6,68.4,64.3,80.0,31.9,Yes,Yes,7,Yes,No,MLB Stats API; RotoWire,,H:2026/2025 P:2026,,,Direct BvP not yet weighted; 2026/2025 Statcast baseline active,7,4,19,1,"Last 7 games: 4/19, 1 HR","platoon edge; pitcher baseline 5.4% barrel, 9.0 HR allowed",neutral batted-ball profile; pitcher fly-ball pressure modest,7.17,38.54,88.82,99.3375,0.3954,0.1434,0.3077,70.69,14.06,30.69,22.94,8.2,0.1759,5.4,35.6,87.1,0.313,0.106,21.8,Out To RF,89,Sutter Health Park,
175,805999,A.J. Ewing,NYM,TEX,2026-09-24T00:05:00Z,Pre-Game,8,Cody Bradford,674003,L,41.4,Longshot,Watch List,No major boost,29.9,49.5,41.1,52.4,50.0,33.9,Yes,Yes,8,Yes,No,MLB Stats API; RotoWire,,H:2026 P:2026,,,Direct BvP not yet weighted; 2026/2025 Statcast baseline active,7,9,26,0,Contact streak: 9/26 over last 7 games,"same-side matchup; pitcher baseline 9.5% barrel, 4.0 HR allowed",neutral batted-ball profile; pitcher allows elevated contact,6.8,41.7,89.4,99.9523,0.396,0.138,0.319,70.5,12.5,31.4,23.9,10.0,0.122,9.5,37.0,89.4,0.472,0.192,35.5,None,72,Globe Life Field,
176,666211,Taylor Trammell,HOU,SEA,2026-09-24T02:10:00Z,Scheduled,8,George Kirby,669923,R,41.4,Longshot,Watch List,"Projected Lineup, Strong Barrel, Platoon Edge",39.5,40.6,25.4,47.9,80.0,18.3,No,No,8,Yes,Yes,RotoWire projected lineup; MLB probable pitchers,lineup projected / unconfirmed,H:2026/2025 P:2026/2025,,,Direct BvP not yet weighted; 2026/2025 Statcast baseline active,7,2,19,1,"Last 7 games: 2/19, 1 HR","platoon edge; pitcher baseline 7.2% barrel, 19.2 HR allowed",neutral batted-ball profile; pitcher fly-ball pressure modest,11.02,39.04,89.32,101.1598,0.3539,0.1627,0.2857,75.93,60.25,47.66,28.69,6.5,0.1493,7.2,41.17,89.83,0.4067,0.1465,23.96,,,T-Mobile Park,
177,650333,Luis Arraez,PHI,MIL,2026-09-23T22:40:00Z,Pre-Game,4,Logan Henderson,701656,R,41.3,Longshot,Watch List,"Premium Lineup Spot, Platoon Edge",6.9,38.7,51.3,94.9,80.0,32.0,Yes,Yes,4,Yes,No,MLB Stats API; RotoWire,,H:2026/2025 P:2026/2025,,,Direct BvP not yet weighted; 2026/2025 Statcast baseline active,7,8,24,0,Contact streak: 8/24 over last 7 games,"platoon edge; pitcher baseline 8.8% barrel, 10.7 HR allowed",neutral batted-ball profile; pitcher allows elevated contact,1.17,18.38,86.24,93.9045,0.3735,0.0851,0.3065,62.92,0.19,30.24,28.31,6.6,0.107,8.81,36.58,88.8,0.3597,0.1477,31.84,In From RF,68,Citizens Bank Park,
178,691788,Joe Mack,MIA,CHC,2026-09-23T23:40:00Z,Pre-Game,9,Kevin Gausman,592332,R,41.3,Longshot,Watch List,Platoon Edge,32.2,42.1,40.3,44.8,80.0,21.5,Yes,Yes,9,Yes,No,MLB Stats API; RotoWire,,H:2026 P:2026/2025,,,Direct BvP not yet weighted; 2026/2025 Statcast baseline active,7,5,19,0,"Last 7 games: 5/19, 0 HR","platoon edge; pitcher baseline 7.9% barrel, 23.8 HR allowed",neutral batted-ball profile; pitcher fly-ball pressure modest,7.7,38.0,88.6,99.4572,0.381,0.161,0.284,74.3,43.3,48.0,24.4,13.0,0.161,7.87,40.07,88.88,0.407,0.1613,26.02,In From CF,63,Wrigley Field,
179,668800,Andrew Knizner,SF,MIN,2026-09-23T19:45:00Z,In Progress,5,Connor Prielipp,687570,L,41.1,Longshot,Watch List,Platoon Edge,14.5,39.3,37.8,86.4,78.0,42.0,Yes,Yes,5,Yes,No,MLB Stats API; RotoWire,,H:2026/2025 P:2026,,,Direct BvP not yet weighted; 2026/2025 Statcast baseline active,7,8,20,0,Contact streak: 8/20 over last 7 games,"platoon edge; pitcher baseline 6.8% barrel, 14.0 HR allowed",neutral batted-ball profile; pitcher fly-ball pressure modest,4.48,31.18,85.95,97.8351,0.3433,0.1169,0.2899,69.76,6.63,31.59,25.79,1.7,0.12,6.8,42.0,90.2,0.386,0.15,26.9,Varies,68,Oracle Park,
180,656775,Cedric Mullins,TB,NYY,2026-09-23T23:05:00Z,Pre-Game,8,Gerrit Cole,543037,R,41.0,Longshot,Watch List,Platoon Edge,20.3,49.5,51.7,52.4,80.0,3.4,Yes,Yes,8,Yes,No,MLB Stats API; RotoWire,,H:2026/2025 P:2026,,,Direct BvP not yet weighted; 2026/2025 Statcast baseline active,7,2,14,0,"Last 7 games: 2/14, 0 HR","platoon edge; pitcher baseline 8.7% barrel, 21.0 HR allowed",neutral batted-ball profile; pitcher fly-ball pressure modest,4.73,33.31,88.17,97.9554,0.3178,0.1229,0.2694,71.03,9.92,45.88,31.94,14.9,0.1484,8.7,45.2,90.9,0.406,0.153,27.0,In From LF,63,Yankee Stadium,
181,678882,Ceddanne Rafaela,BOS,CLE,2026-09-23T23:10:00Z,Pre-Game,6,Foster Griffin,656492,L,40.9,Longshot,Watch List,Platoon Edge,21.7,40.8,36.7,76.2,78.0,15.3,Yes,Yes,6,Yes,No,MLB Stats API; RotoWire,,H:2026/2025 P:2026,,,Direct BvP not yet weighted; 2026/2025 Statcast baseline active,7,6,27,0,"Last 7 games: 6/27, 0 HR","platoon edge; pitcher baseline 8.5% barrel, 23.0 HR allowed",neutral batted-ball profile; pitcher fly-ball pressure modest,6.4,33.87,86.9,97.7024,0.3754,0.1299,0.2889,69.95,8.62,35.15,26.07,16.0,0.1622,8.5,37.4,88.0,0.414,0.155,25.3,In From CF,56,Fenway Park,
182,572233,Christian Walker,HOU,SEA,2026-09-24T02:10:00Z,Scheduled,7,George Kirby,669923,R,40.9,Longshot,Watch List,"Projected Lineup, Strong Barrel",41.0,40.6,25.4,59.8,50.0,19.1,No,No,7,Yes,Yes,RotoWire projected lineup; MLB probable pitchers,lineup projected / unconfirmed,H:2026/2025 P:2026/2025,,,Direct BvP not yet weighted; 2026/2025 Statcast baseline active,7,3,24,1,"Last 7 games: 3/24, 1 HR","same-side matchup; pitcher baseline 7.2% barrel, 19.2 HR allowed",neutral batted-ball profile; pitcher fly-ball pressure modest,10.31,42.04,89.5,101.4224,0.3993,0.1729,0.3042,74.31,43.41,41.57,28.21,26.3,0.1872,7.2,41.17,89.83,0.4067,0.1465,23.96,,,T-Mobile Park,
183,672275,Patrick Bailey,CLE,BOS,2026-09-23T23:10:00Z,Pre-Game,7,Sonny Gray,543243,R,40.8,Longshot,Watch List,Platoon Edge,30.5,37.4,36.7,64.3,75.0,9.3,Yes,Yes,7,Yes,No,MLB Stats API; RotoWire,,H:2026/2025 P:2026/2025,,,Direct BvP not yet weighted; 2026/2025 Statcast baseline active,7,4,22,0,"Last 7 games: 4/22, 0 HR","switch hitter; pitcher baseline 8.0% barrel, 18.7 HR allowed",neutral batted-ball profile; pitcher fly-ball pressure modest,6.58,40.11,89.67,99.6133,0.3708,0.1419,0.2906,72.41,26.2,34.6,27.04,7.4,0.1114,7.98,39.16,89.11,0.3936,0.1453,23.2,In From CF,56,Fenway Park,
184,671976,Tristan Peters,CWS,KC,2026-09-23T23:40:00Z,Pre-Game,6,Seth Lugo,607625,R,40.8,Longshot,Watch List,Platoon Edge,14.4,53.9,34.7,76.2,80.0,0.0,Yes,Yes,6,Yes,No,MLB Stats API; RotoWire,,H:2026/2025 P:2026/2025,,,Direct BvP not yet weighted; 2026/2025 Statcast baseline active,7,0,11,0,"Last 7 games: 0/11, 0 HR","platoon edge; pitcher baseline 8.9% barrel, 24.2 HR allowed",neutral batted-ball profile; pitcher fly-ball pressure modest,3.92,35.66,87.22,98.1516,0.3257,0.1064,0.2649,69.16,5.18,42.05,19.88,8.4,0.1253,8.93,43.52,90.0,0.4618,0.1918,28.97,In From RF,71,Kauffman Stadium,
185,571771,Enrique Hernandez,LAD,SD,2026-09-24T02:10:00Z,Scheduled,8,Robbie Ray,592662,L,40.7,Longshot,Watch List,"Projected Lineup, Platoon Edge",30.2,48.6,27.6,47.9,78.0,24.9,No,No,8,Yes,Yes,RotoWire projected lineup; MLB probable pitchers,lineup projected / unconfirmed,H:2026/2025 P:2026/2025,,,Direct BvP not yet weighted; 2026/2025 Statcast baseline active,7,4,14,0,"Last 7 games: 4/14, 0 HR","platoon edge; pitcher baseline 8.7% barrel, 22.0 HR allowed",neutral batted-ball profile; pitcher allows elevated contact,8.03,39.77,89.11,99.6576,0.3604,0.1415,0.2779,70.75,13.75,29.59,25.26,5.1,0.1616,8.69,40.08,89.88,0.4088,0.1723,33.38,,,UNIQLO Field at Dodger Stadium,
186,647304,Josh Naylor,SEA,HOU,2026-09-24T02:10:00Z,Scheduled,6,Ethan Pecko,814490,R,40.5,Longshot,Watch List,"Projected Lineup, Platoon Edge",22.7,48.4,25.4,71.7,80.0,7.9,No,No,6,Yes,Yes,RotoWire projected lineup; MLB probable pitchers,lineup projected / unconfirmed,H:2026/2025 P:2026,,,Direct BvP not yet weighted; 2026/2025 Statcast baseline active,7,5,29,0,"Last 7 games: 5/29, 0 HR","platoon edge; pitcher baseline 9.8% barrel, 5.0 HR allowed",neutral batted-ball profile; pitcher allows elevated contact,5.23,37.7,87.73,98.9931,0.3984,0.1289,0.3173,70.34,11.68,41.5,22.15,13.0,0.1131,9.8,38.6,89.3,0.433,0.197,31.3,,,T-Mobile Park,
187,592663,J.T. Realmuto,PHI,MIL,2026-09-23T22:40:00Z,Pre-Game,8,Logan Henderson,701656,R,40.3,Longshot,Watch List,No major boost,32.1,38.7,51.3,52.4,50.0,18.3,Yes,Yes,8,Yes,No,MLB Stats API; RotoWire,,H:2026/2025 P:2026/2025,,,Direct BvP not yet weighted; 2026/2025 Statcast baseline active,7,3,26,1,"Last 7 games: 3/26, 1 HR","same-side matchup; pitcher baseline 8.8% barrel, 10.7 HR allowed",neutral batted-ball profile; pitcher allows elevated contact,6.56,41.72,89.72,100.0725,0.3956,0.1447,0.3181,72.77,30.47,41.53,26.01,11.3,0.1277,8.81,36.58,88.8,0.3597,0.1477,31.84,In From RF,68,Citizens Bank Park,
188,682877,Juan Brito,CIN,ATL,2026-09-23T23:15:00Z,Pre-Game,1,Chris Sale,519242,L,40.2,Longshot,Watch List,"Premium Lineup Spot, Platoon Edge",15.3,22.7,57.4,93.2,75.0,24.9,Yes,Yes,1,Yes,No,MLB Stats API; RotoWire,,H:2026 P:2026/2025,,,Direct BvP not yet weighted; 2026/2025 Statcast baseline active,7,6,21,0,"Last 7 games: 6/21, 0 HR","switch hitter; pitcher baseline 6.2% barrel, 9.6 HR allowed",neutral batted-ball profile; pitcher fly-ball pressure modest,5.8,30.4,85.2,96.3423,0.357,0.125,0.284,69.7,4.7,52.2,21.7,2.0,0.132,6.16,35.26,87.69,0.3277,0.1122,25.83,L To R,74,Truist Park,
189,693306,Aaron Sabato,MIN,SF,2026-09-23T19:45:00Z,In Progress,9,Cesar Perdomo,702885,L,40.0,Longshot,Watch List,Platoon Edge,33.1,42.2,37.8,44.8,78.0,0.0,Yes,Yes,8,Yes,Yes,MLB Stats API; RotoWire,order MLB 9 vs RotoWire 8,H:2026 P:2026,,,Direct BvP not yet weighted; 2026/2025 Statcast baseline active,2,0,5,0,"Last 2 games: 0/5, 0 HR","platoon edge; pitcher baseline 6.3% barrel, 3.0 HR allowed",fly-ball profile; pitcher fly-ball pressure modest,0.0,50.0,89.9,95.6276,0.259,0.144,0.156,73.5,33.3,50.0,50.0,0.0,0.0,6.3,46.9,90.9,0.432,0.154,29.7,Varies,68,Oracle Park,
190,643446,Jeff McNeil,ATH,LAA,2026-09-24T01:40:00Z,Pre-Game,4,Walbert Ureña,700712,R,40.0,Longshot,Watch List,"Premium Lineup Spot, Platoon Edge",12.1,18.6,68.4,94.9,80.0,16.1,Yes,Yes,4,Yes,No,MLB Stats API; RotoWire,,H:2026/2025 P:2026,,,Direct BvP not yet weighted; 2026/2025 Statcast baseline active,7,5,22,0,"Last 7 games: 5/22, 0 HR","platoon edge; pitcher baseline 5.4% barrel, 9.0 HR allowed",neutral batted-ball profile; pitcher fly-ball pressure modest,2.72,30.94,86.64,96.6208,0.3705,0.1006,0.3083,69.37,5.65,43.77,23.75,9.2,0.1204,5.4,35.6,87.1,0.313,0.106,21.8,Out To RF,89,Sutter Health Park,
191,670623,Isaac Paredes,HOU,SEA,2026-09-24T02:10:00Z,Scheduled,3,George Kirby,669923,R,40.0,Longshot,Watch List,"Projected Lineup, Premium Lineup Spot",18.1,40.6,25.4,92.1,50.0,62.4,No,No,3,Yes,Yes,RotoWire projected lineup; MLB probable pitchers,lineup projected / unconfirmed,H:2026/2025 P:2026/2025,,,Direct BvP not yet weighted; 2026/2025 Statcast baseline active,7,7,24,2,Hot streak: 2 HR in last 7 games,"same-side matchup; pitcher baseline 7.2% barrel, 19.2 HR allowed",neutral batted-ball profile; pitcher fly-ball pressure modest,5.39,30.45,86.42,97.0011,0.3744,0.132,0.3221,67.74,7.64,51.93,31.08,22.1,0.1858,7.2,41.17,89.83,0.4067,0.1465,23.96,,,T-Mobile Park,
192,702176,Alan Roden,MIN,SF,2026-09-23T19:45:00Z,In Progress,6,Cesar Perdomo,702885,L,39.9,Longshot,Watch List,No major boost,17.6,42.2,37.8,76.2,50.0,61.7,Yes,Yes,5,Yes,Yes,MLB Stats API; RotoWire,order MLB 6 vs RotoWire 5,H:2026/2025 P:2026,,,Direct BvP not yet weighted; 2026/2025 Statcast baseline active,7,9,22,1,Contact streak: 9/22 over last 7 games,"same-side matchup; pitcher baseline 6.3% barrel, 3.0 HR allowed",neutral batted-ball profile; pitcher fly-ball pressure modest,3.82,39.29,87.45,98.662,0.3575,0.1031,0.3124,70.03,11.25,37.59,21.45,1.3,0.0967,6.3,46.9,90.9,0.432,0.154,29.7,Varies,68,Oracle Park,
193,645305,Ali Sánchez,NYY,TB,2026-09-23T23:05:00Z,Pre-Game,9,Mason Englert,669438,R,39.9,Longshot,Watch List,No major boost,15.0,65.0,51.7,44.8,50.0,16.6,Yes,Yes,9,Yes,No,MLB Stats API; RotoWire,,H:2026/2025 P:2026/2025,,,Direct BvP not yet weighted; 2026/2025 Statcast baseline active,7,3,13,0,"Last 7 games: 3/13, 0 HR","same-side matchup; pitcher baseline 13.2% barrel, 7.5 HR allowed",neutral batted-ball profile; pitcher allows elevated contact,7.8,31.12,84.66,96.287,0.3232,0.0987,0.2473,70.21,8.47,38.61,19.0,0.7,0.0702,13.25,40.74,89.98,0.5045,0.2272,30.22,In From LF,63,Yankee Stadium,
194,676356,Jonny DeLuca,TB,NYY,2026-09-23T23:05:00Z,Pre-Game,5,Gerrit Cole,543037,R,39.8,Longshot,Watch List,No major boost,9.7,49.5,51.7,86.4,50.0,8.1,Yes,Yes,5,Yes,No,MLB Stats API; RotoWire,,H:2026/2025 P:2026,,,Direct BvP not yet weighted; 2026/2025 Statcast baseline active,7,4,23,0,"Last 7 games: 4/23, 0 HR","same-side matchup; pitcher baseline 8.7% barrel, 21.0 HR allowed",neutral batted-ball profile; pitcher fly-ball pressure modest,2.86,29.98,85.67,97.5575,0.3248,0.0872,0.26,72.68,28.31,46.37,22.34,6.3,0.1426,8.7,45.2,90.9,0.406,0.153,27.0,In From LF,63,Yankee Stadium,
195,691594,Javier Sanoja,MIA,CHC,2026-09-23T23:40:00Z,Pre-Game,5,Kevin Gausman,592332,R,39.8,Longshot,Watch List,No major boost,11.4,42.1,40.3,86.4,50.0,65.2,Yes,Yes,5,Yes,No,MLB Stats API; RotoWire,,H:2026/2025 P:2026/2025,,,Direct BvP not yet weighted; 2026/2025 Statcast baseline active,7,9,29,2,Hot streak: 2 HR in last 7 games,"same-side matchup; pitcher baseline 7.9% barrel, 23.8 HR allowed",neutral batted-ball profile; pitcher fly-ball pressure modest,2.43,32.97,87.45,97.5491,0.3518,0.0865,0.2904,69.0,6.88,38.15,19.53,8.8,0.1586,7.87,40.07,88.88,0.407,0.1613,26.02,In From CF,63,Wrigley Field,
196,805367,Chase Meidroth,CWS,KC,2026-09-23T23:40:00Z,Pre-Game,7,Seth Lugo,607625,R,39.7,Longshot,Watch List,Hot Hitter/Streak,13.5,53.9,34.7,64.3,50.0,72.2,Yes,Yes,7,Yes,No,MLB Stats API; RotoWire,,H:2026/2025 P:2026/2025,,,Direct BvP not yet weighted; 2026/2025 Statcast baseline active,7,10,28,2,Hot streak: 2 HR in last 7 games,"same-side matchup; pitcher baseline 8.9% barrel, 24.2 HR allowed",neutral batted-ball profile; pitcher fly-ball pressure modest,3.77,35.12,87.64,97.4785,0.3421,0.101,0.2993,67.05,1.25,38.4,20.75,12.7,0.1167,8.93,43.52,90.0,0.4618,0.1918,28.97,In From RF,71,Kauffman Stadium,
197,622268,Donovan Walton,ATH,LAA,2026-09-24T01:40:00Z,Pre-Game,6,Walbert Ureña,700712,R,39.6,Longshot,Watch List,Platoon Edge,16.2,18.6,68.4,76.2,80.0,33.7,Yes,Yes,6,Yes,No,MLB Stats API; RotoWire,,H:2026/2025 P:2026,,,Direct BvP not yet weighted; 2026/2025 Statcast baseline active,7,4,18,1,"Last 7 games: 4/18, 1 HR","platoon edge; pitcher baseline 5.4% barrel, 9.0 HR allowed",neutral batted-ball profile; pitcher fly-ball pressure modest,3.57,34.21,88.75,97.3619,0.3674,0.1061,0.3111,67.92,0.49,37.35,22.72,5.6,0.1295,5.4,35.6,87.1,0.313,0.106,21.8,Out To RF,89,Sutter Health Park,
198,806367,Turner Hill,SF,MIN,2026-09-23T19:45:00Z,In Progress,2,Connor Prielipp,687570,L,39.3,Longshot,Watch List,Premium Lineup Spot,13.2,39.3,37.8,100.0,50.0,26.4,Yes,Yes,2,Yes,No,MLB Stats API; RotoWire,,H:2026 P:2026,,,Direct BvP not yet weighted; 2026/2025 Statcast baseline active,7,4,23,1,"Last 7 games: 4/23, 1 HR","same-side matchup; pitcher baseline 6.8% barrel, 14.0 HR allowed",neutral batted-ball profile; pitcher fly-ball pressure modest,3.8,31.3,87.5,96.3954,0.366,0.111,0.325,65.5,0.6,47.5,23.8,1.0,0.094,6.8,42.0,90.2,0.386,0.15,26.9,Varies,68,Oracle Park,
199,672580,Maikel Garcia,KC,CWS,2026-09-23T23:40:00Z,Pre-Game,4,Bryan Hudson,663542,L,39.3,Longshot,Watch List,"Premium Lineup Spot, Platoon Edge",25.5,22.5,34.7,94.9,78.0,0.0,Yes,Yes,4,Yes,No,MLB Stats API; RotoWire,,H:2026/2025 P:2026/2025,,,Direct BvP not yet weighted; 2026/2025 Statcast baseline active,7,2,19,0,"Last 7 games: 2/19, 0 HR","platoon edge; pitcher baseline 5.2% barrel, 4.1 HR allowed",neutral batted-ball profile; pitcher fly-ball pressure modest,4.69,41.46,90.18,100.282,0.3821,0.1117,0.3196,71.69,17.73,34.39,21.39,6.9,0.128,5.2,37.44,88.7,0.3371,0.1053,25.59,In From RF,71,Kauffman Stadium,
200,695731,Braden Montgomery,CWS,KC,2026-09-23T23:40:00Z,Pre-Game,9,Seth Lugo,607625,R,39.0,Longshot,Watch List,Platoon Edge,23.4,52.3,34.7,44.8,75.0,10.6,Yes,Yes,9,Yes,No,MLB Stats API; RotoWire,,H:2026 P:2026/2025,,,Direct BvP not yet weighted; 2026/2025 Statcast baseline active,7,4,21,0,"Last 7 games: 4/21, 0 HR","switch hitter; pitcher baseline 8.9% barrel, 24.2 HR allowed",neutral batted-ball profile; pitcher fly-ball pressure modest,4.6,39.7,88.7,99.8213,0.388,0.137,0.325,69.7,8.4,37.1,18.6,6.0,0.128,8.93,43.52,90.0,0.4618,0.1918,28.97,In From RF,71,Kauffman Stadium,
201,702284,Cole Young,SEA,HOU,2026-09-24T02:10:00Z,Scheduled,7,Ethan Pecko,814490,R,38.9,Longshot,Watch List,"Projected Lineup, Platoon Edge",23.5,48.4,25.4,59.8,80.0,2.5,No,No,7,Yes,Yes,RotoWire projected lineup; MLB probable pitchers,lineup projected / unconfirmed,H:2026/2025 P:2026,,,Direct BvP not yet weighted; 2026/2025 Statcast baseline active,7,3,22,0,"Last 7 games: 3/22, 0 HR","platoon edge; pitcher baseline 9.8% barrel, 5.0 HR allowed",neutral batted-ball profile; pitcher allows elevated contact,5.18,36.0,88.09,98.7942,0.3795,0.1303,0.3089,71.51,21.65,42.12,26.66,13.1,0.1255,9.8,38.6,89.3,0.433,0.197,31.3,,,T-Mobile Park,
202,681047,Christian Franklin,BAL,TOR,2026-09-23T22:35:00Z,Pre-Game,8,CJ Van Eyk,669310,R,38.7,Longshot,Watch List,Strong Barrel,31.7,40.1,45.6,52.4,50.0,0.0,Yes,Yes,8,Yes,No,MLB Stats API; RotoWire,,H:2026 P:2026,,,Direct BvP not yet weighted; 2026/2025 Statcast baseline active,7,1,17,0,"Last 7 games: 1/17, 0 HR","same-side matchup; pitcher baseline 6.5% barrel, 1.0 HR allowed",neutral batted-ball profile; pitcher allows elevated contact,12.0,40.0,85.2,98.3061,0.312,0.153,0.298,74.4,46.4,12.0,20.0,0.0,0.054,6.5,45.2,87.5,0.467,0.173,32.3,In From CF,63,Oriole Park at Camden Yards,
203,694376,Shay Whitcomb,SF,MIN,2026-09-23T19:45:00Z,In Progress,8,Connor Prielipp,687570,L,38.7,Longshot,Watch List,Platoon Edge,25.5,39.3,37.8,52.4,78.0,17.7,Yes,Yes,8,Yes,No,MLB Stats API; RotoWire,,H:2026/2025 P:2026,,,Direct BvP not yet weighted; 2026/2025 Statcast baseline active,7,5,21,0,"Last 7 games: 5/21, 0 HR","platoon edge; pitcher baseline 6.8% barrel, 14.0 HR allowed",neutral batted-ball profile; pitcher fly-ball pressure modest,9.61,29.4,86.11,97.847,0.3503,0.1534,0.2435,71.59,17.78,44.4,25.69,3.1,0.1276,6.8,42.0,90.2,0.386,0.15,26.9,Varies,68,Oracle Park,
204,665804,Miguel Amaya,CHC,MIA,2026-09-23T23:40:00Z,Pre-Game,9,Ryan Gusto,687473,R,38.6,Longshot,Watch List,No major boost,23.6,49.6,40.3,44.8,50.0,42.0,Yes,Yes,9,Yes,No,MLB Stats API; RotoWire,,H:2026/2025 P:2026/2025,,,Direct BvP not yet weighted; 2026/2025 Statcast baseline active,7,5,18,1,"Last 7 games: 5/18, 1 HR","same-side matchup; pitcher baseline 9.1% barrel, 12.8 HR allowed",neutral batted-ball profile; pitcher fly-ball pressure modest,6.81,33.53,87.45,97.6833,0.3426,0.128,0.2922,70.94,13.45,42.41,32.16,5.4,0.1616,9.08,43.88,90.04,0.4414,0.1711,26.75,In From CF,63,Wrigley Field,
205,807727,Charles McAdoo,TOR,BAL,2026-09-23T22:35:00Z,Pre-Game,7,Trey Gibson,694346,R,38.4,Longshot,Watch List,No major boost,10.6,55.1,45.6,64.3,50.0,27.0,Yes,Yes,7,Yes,No,MLB Stats API; RotoWire,,H:2026 P:2026,,,Direct BvP not yet weighted; 2026/2025 Statcast baseline active,7,3,10,0,"Last 7 games: 3/10, 0 HR","same-side matchup; pitcher baseline 9.6% barrel, 7.0 HR allowed",neutral batted-ball profile; pitcher fly-ball pressure modest,4.5,25.8,84.6,96.0346,0.329,0.096,0.271,73.8,37.7,24.2,24.2,2.0,0.102,9.6,47.6,91.2,0.487,0.196,20.0,In From CF,63,Oriole Park at Camden Yards,
206,622761,Jorge Mateo,TB,NYY,2026-09-23T23:05:00Z,Pre-Game,9,Gerrit Cole,543037,R,38.2,Longshot,Watch List,No major boost,23.5,49.5,51.7,44.8,50.0,0.8,Yes,Yes,9,Yes,No,MLB Stats API; RotoWire,,H:2026/2025 P:2026,,,Direct BvP not yet weighted; 2026/2025 Statcast baseline active,7,2,16,0,"Last 7 games: 2/16, 0 HR","same-side matchup; pitcher baseline 8.7% barrel, 21.0 HR allowed",neutral batted-ball profile; pitcher fly-ball pressure modest,6.55,35.93,86.84,98.562,0.332,0.123,0.2564,73.3,31.6,35.29,28.74,3.8,0.1058,8.7,45.2,90.9,0.406,0.153,27.0,In From LF,63,Yankee Stadium,
207,703492,Nick Morabito,NYM,TEX,2026-09-24T00:05:00Z,Pre-Game,9,Cody Bradford,674003,L,37.9,Longshot,Watch List,Platoon Edge,16.6,49.5,41.1,44.8,78.0,22.0,Yes,Yes,9,Yes,No,MLB Stats API; RotoWire,,H:2026 P:2026,,,Direct BvP not yet weighted; 2026/2025 Statcast baseline active,7,4,15,0,"Last 7 games: 4/15, 0 HR","platoon edge; pitcher baseline 9.5% barrel, 4.0 HR allowed",neutral batted-ball profile; pitcher allows elevated contact,0.0,40.9,89.2,99.2079,0.32,0.051,0.315,70.7,23.1,31.8,9.1,0.0,0.03,9.5,37.0,89.4,0.472,0.192,35.5,None,72,Globe Life Field,
208,514888,Jose Altuve,HOU,SEA,2026-09-24T02:10:00Z,Scheduled,4,George Kirby,669923,R,37.8,Longshot,Watch List,"Projected Lineup, Premium Lineup Spot",13.6,40.6,25.4,90.4,50.0,52.1,No,No,4,Yes,Yes,RotoWire projected lineup; MLB probable pitchers,lineup projected / unconfirmed,H:2026/2025 P:2026/2025,,,Direct BvP not yet weighted; 2026/2025 Statcast baseline active,7,10,29,1,Contact streak: 10/29 over last 7 games,"same-side matchup; pitcher baseline 7.2% barrel, 19.2 HR allowed",neutral batted-ball profile; pitcher fly-ball pressure modest,4.87,31.46,85.45,97.1079,0.3441,0.1162,0.2804,68.93,9.57,45.85,23.21,19.0,0.1595,7.2,41.17,89.83,0.4067,0.1465,23.96,,,T-Mobile Park,
209,669326,Bryce Teodosio,LAA,ATH,2026-09-24T01:40:00Z,Pre-Game,8,Jeffrey Springs,605488,L,37.7,Longshot,Watch List,Platoon Edge,6.5,45.5,68.4,52.4,78.0,0.0,Yes,No,8,Yes,Yes,MLB Stats API; RotoWire,RotoWire not confirmed,H:2026/2025 P:2026/2025,,,Direct BvP not yet weighted; 2026/2025 Statcast baseline active,7,0,13,0,"Last 7 games: 0/13, 0 HR","platoon edge; pitcher baseline 8.8% barrel, 31.5 HR allowed",neutral batted-ball profile; pitcher allows elevated contact,5.56,22.82,83.11,96.0283,0.2282,0.0708,0.2024,69.6,3.6,33.84,23.63,0.3,0.0562,8.8,35.34,87.67,0.4394,0.189,32.09,Out To RF,89,Sutter Health Park,
210,695391,Brett Harris,SF,MIN,2026-09-23T19:45:00Z,In Progress,6,Connor Prielipp,687570,L,37.6,Longshot,Watch List,Platoon Edge,12.1,39.3,37.8,76.2,78.0,16.1,Yes,Yes,6,Yes,No,MLB Stats API; RotoWire,,H:2026/2025 P:2026,,,Direct BvP not yet weighted; 2026/2025 Statcast baseline active,7,5,22,0,"Last 7 games: 5/22, 0 HR","platoon edge; pitcher baseline 6.8% barrel, 14.0 HR allowed",neutral batted-ball profile; pitcher fly-ball pressure modest,4.47,31.65,86.52,97.4053,0.2604,0.0731,0.2693,71.07,10.94,29.98,25.0,0.0,0.0638,6.8,42.0,90.2,0.386,0.15,26.9,Varies,68,Oracle Park,
211,680757,Steven Kwan,CLE,BOS,2026-09-23T23:10:00Z,Pre-Game,1,Sonny Gray,543243,R,37.6,Longshot,Watch List,"Premium Lineup Spot, Platoon Edge",2.7,39.4,36.7,93.2,80.0,30.0,Yes,Yes,1,Yes,No,MLB Stats API; RotoWire,,H:2026/2025 P:2026/2025,,,Direct BvP not yet weighted; 2026/2025 Statcast baseline active,7,8,25,0,Contact streak: 8/25 over last 7 games,"platoon edge; pitcher baseline 8.0% barrel, 18.7 HR allowed",neutral batted-ball profile; pitcher fly-ball pressure modest,0.85,12.93,84.45,92.7428,0.3492,0.0734,0.3219,62.73,0.31,28.09,23.44,5.4,0.0761,7.98,39.16,89.11,0.3936,0.1453,23.2,In From CF,56,Fenway Park,
212,669707,Jared Triolo,PIT,STL,2026-09-23T22:40:00Z,Pre-Game,8,Matthew Liberatore,669461,L,37.4,Longshot,Watch List,Platoon Edge,14.2,54.2,35.8,52.4,78.0,0.8,Yes,Yes,8,Yes,No,MLB Stats API; RotoWire,,H:2026/2025 P:2026/2025,,,Direct BvP not yet weighted; 2026/2025 Statcast baseline active,7,1,8,0,"Last 7 games: 1/8, 0 HR","platoon edge; pitcher baseline 9.6% barrel, 24.6 HR allowed",neutral batted-ball profile; pitcher fly-ball pressure modest,3.54,34.63,87.18,97.9794,0.3375,0.0957,0.2932,70.83,7.65,37.71,21.31,4.2,0.0849,9.62,41.66,90.18,0.4552,0.1878,28.38,In From CF,65,PNC Park,
213,593428,Xander Bogaerts,SD,LAD,2026-09-24T02:10:00Z,Scheduled,6,Yoshinobu Yamamoto,808967,R,37.4,Longshot,Watch List,Projected Lineup,28.7,26.8,27.6,71.7,50.0,56.6,No,No,6,Yes,Yes,RotoWire projected lineup; MLB probable pitchers,lineup projected / unconfirmed,H:2026/2025 P:2026/2025,,,Direct BvP not yet weighted; 2026/2025 Statcast baseline active,7,9,24,1,Contact streak: 9/24 over last 7 games,"same-side matchup; pitcher baseline 6.3% barrel, 17.5 HR allowed",neutral batted-ball profile; pitcher fly-ball pressure modest,5.99,41.37,89.35,100.2616,0.3864,0.1327,0.3242,72.31,27.8,43.17,23.2,11.7,0.1154,6.33,37.11,87.95,0.325,0.1179,22.87,,,UNIQLO Field at Dodger Stadium,
214,663647,Ke'Bryan Hayes,CIN,ATL,2026-09-23T23:15:00Z,Pre-Game,9,Chris Sale,519242,L,37.2,Longshot,Watch List,Platoon Edge,29.0,23.7,57.4,44.8,78.0,0.0,Yes,Yes,9,Yes,No,MLB Stats API; RotoWire,,H:2026/2025 P:2026/2025,,,Direct BvP not yet weighted; 2026/2025 Statcast baseline active,7,1,11,0,"Last 7 games: 1/11, 0 HR","platoon edge; pitcher baseline 6.2% barrel, 9.6 HR allowed",neutral batted-ball profile; pitcher fly-ball pressure modest,6.35,40.82,90.14,99.7832,0.3679,0.1278,0.2897,70.89,7.57,29.9,26.66,5.0,0.0822,6.16,35.26,87.69,0.3277,0.1122,25.83,L To R,74,Truist Park,
215,688363,Graham Pauley,MIA,CHC,2026-09-23T23:40:00Z,Pre-Game,8,Kevin Gausman,592332,R,37.2,Longshot,Watch List,Platoon Edge,16.5,42.1,40.3,52.4,80.0,21.8,Yes,Yes,8,Yes,No,MLB Stats API; RotoWire,,H:2026/2025 P:2026/2025,,,Direct BvP not yet weighted; 2026/2025 Statcast baseline active,7,1,7,1,"Last 7 games: 1/7, 1 HR","platoon edge; pitcher baseline 7.9% barrel, 23.8 HR allowed",neutral batted-ball profile; pitcher fly-ball pressure modest,6.41,28.26,85.27,96.5769,0.3234,0.1214,0.2619,71.21,15.1,49.9,28.87,4.0,0.1609,7.87,40.07,88.88,0.407,0.1613,26.02,In From CF,63,Wrigley Field,
216,701358,Cam Smith,HOU,SEA,2026-09-24T02:10:00Z,Scheduled,9,George Kirby,669923,R,37.2,Longshot,Watch List,"Projected Lineup, Strong Barrel",41.0,40.6,25.4,40.2,50.0,0.0,No,No,9,Yes,Yes,RotoWire projected lineup; MLB probable pitchers,lineup projected / unconfirmed,H:2026/2025 P:2026/2025,,,Direct BvP not yet weighted; 2026/2025 Statcast baseline active,7,1,25,0,"Last 7 games: 1/25, 0 HR","same-side matchup; pitcher baseline 7.2% barrel, 19.2 HR allowed",neutral batted-ball profile; pitcher fly-ball pressure modest,10.12,42.83,88.39,101.362,0.411,0.1746,0.3138,76.95,68.81,37.42,25.0,16.7,0.1626,7.2,41.17,89.83,0.4067,0.1465,23.96,,,T-Mobile Park,
217,663538,Nico Hoerner,CHC,MIA,2026-09-23T23:40:00Z,Pre-Game,6,Ryan Gusto,687473,R,36.9,Longshot,Watch List,No major boost,9.0,49.6,40.3,76.2,50.0,15.3,Yes,Yes,6,Yes,No,MLB Stats API; RotoWire,,H:2026/2025 P:2026/2025,,,Direct BvP not yet weighted; 2026/2025 Statcast baseline active,7,6,27,0,"Last 7 games: 6/27, 0 HR","same-side matchup; pitcher baseline 9.1% barrel, 12.8 HR allowed",neutral batted-ball profile; pitcher fly-ball pressure modest,1.7,29.53,86.21,96.3281,0.3805,0.0843,0.322,68.33,1.76,32.66,21.84,7.7,0.0921,9.08,43.88,90.04,0.4414,0.1711,26.75,In From CF,63,Wrigley Field,
218,691785,Marcelo Mayer,SF,MIN,2026-09-23T19:45:00Z,In Progress,7,Connor Prielipp,687570,L,36.8,Longshot,Watch List,No major boost,24.9,39.3,37.8,64.3,50.0,0.0,Yes,Yes,7,Yes,No,MLB Stats API; RotoWire,,H:2026/2025 P:2026,,,Direct BvP not yet weighted; 2026/2025 Statcast baseline active,7,2,18,0,"Last 7 games: 2/18, 0 HR","same-side matchup; pitcher baseline 6.8% barrel, 14.0 HR allowed",neutral batted-ball profile; pitcher fly-ball pressure modest,7.03,40.71,87.27,99.0278,0.3081,0.1072,0.2567,74.42,44.56,36.15,25.42,3.3,0.1159,6.8,42.0,90.2,0.386,0.15,26.9,Varies,68,Oracle Park,
219,677649,Ezequiel Duran,TEX,NYM,2026-09-24T00:05:00Z,Pre-Game,5,Nolan McLean,690997,R,36.8,Longshot,Watch List,No major boost,20.1,29.6,41.1,86.4,50.0,6.0,Yes,Yes,5,Yes,No,MLB Stats API; RotoWire,,H:2026/2025 P:2026/2025,,,Direct BvP not yet weighted; 2026/2025 Statcast baseline active,7,4,25,0,"Last 7 games: 4/25, 0 HR","same-side matchup; pitcher baseline 7.0% barrel, 13.1 HR allowed",neutral batted-ball profile; pitcher fly-ball pressure modest,4.91,36.08,87.75,98.9814,0.3489,0.1139,0.2862,72.27,24.59,35.52,21.58,11.9,0.1362,6.95,37.94,88.45,0.3471,0.1239,21.56,None,72,Globe Life Field,
220,669242,Tommy Edman,LAD,SD,2026-09-24T02:10:00Z,Scheduled,9,Robbie Ray,592662,L,36.8,Longshot,Watch List,"Projected Lineup, Platoon Edge",20.7,46.8,27.6,40.2,75.0,43.7,No,No,9,Yes,Yes,RotoWire projected lineup; MLB probable pitchers,lineup projected / unconfirmed,H:2026/2025 P:2026/2025,,,Direct BvP not yet weighted; 2026/2025 Statcast baseline active,7,4,24,2,Hot streak: 2 HR in last 7 games,"switch hitter; pitcher baseline 8.7% barrel, 22.0 HR allowed",neutral batted-ball profile; pitcher allows elevated contact,5.27,34.65,87.6,98.7407,0.3676,0.1167,0.3098,70.59,13.58,43.23,27.06,9.5,0.1458,8.69,40.08,89.88,0.4088,0.1723,33.38,,,UNIQLO Field at Dodger Stadium,
221,664702,Myles Straw,TOR,BAL,2026-09-23T22:35:00Z,Pre-Game,8,Trey Gibson,694346,R,36.6,Longshot,Watch List,No major boost,9.3,55.1,45.6,52.4,50.0,32.0,Yes,Yes,8,Yes,No,MLB Stats API; RotoWire,,H:2026/2025 P:2026,,,Direct BvP not yet weighted; 2026/2025 Statcast baseline active,7,6,18,0,Contact streak: 6/18 over last 7 games,"same-side matchup; pitcher baseline 9.6% barrel, 7.0 HR allowed",neutral batted-ball profile; pitcher fly-ball pressure modest,3.13,26.12,86.43,95.6934,0.3517,0.0997,0.2957,68.12,4.75,34.4,27.25,3.3,0.1057,9.6,47.6,91.2,0.487,0.196,20.0,In From CF,63,Oriole Park at Camden Yards,
222,686217,Sal Frelick,MIL,PHI,2026-09-23T22:40:00Z,Pre-Game,8,Aaron Nola,605400,R,36.1,Longshot,Watch List,Platoon Edge,6.1,46.8,51.3,52.4,80.0,13.6,Yes,Yes,8,Yes,No,MLB Stats API; RotoWire,,H:2026/2025 P:2026/2025,,,Direct BvP not yet weighted; 2026/2025 Statcast baseline active,7,4,19,0,"Last 7 games: 4/19, 0 HR","platoon edge; pitcher baseline 9.1% barrel, 29.2 HR allowed",neutral batted-ball profile; pitcher fly-ball pressure modest,2.61,27.61,85.78,96.3644,0.3285,0.084,0.285,68.31,3.83,39.88,21.39,6.4,0.0967,9.1,41.13,88.77,0.4128,0.1703,27.04,In From RF,68,Citizens Bank Park,
223,666152,David Hamilton,MIL,PHI,2026-09-23T22:40:00Z,Pre-Game,9,Aaron Nola,605400,R,36.1,Longshot,Watch List,Platoon Edge,10.1,46.8,51.3,44.8,80.0,8.5,Yes,Yes,9,Yes,No,MLB Stats API; RotoWire,,H:2026/2025 P:2026/2025,,,Direct BvP not yet weighted; 2026/2025 Statcast baseline active,7,3,17,0,"Last 7 games: 3/17, 0 HR","platoon edge; pitcher baseline 9.1% barrel, 29.2 HR allowed",neutral batted-ball profile; pitcher fly-ball pressure modest,3.97,27.45,86.74,96.6809,0.3099,0.0925,0.267,69.66,6.52,35.67,24.48,4.6,0.1021,9.1,41.13,88.77,0.4128,0.1703,27.04,In From RF,68,Citizens Bank Park,
224,655316,Andruw Monasterio,BOS,CLE,2026-09-23T23:10:00Z,Pre-Game,9,Foster Griffin,656492,L,35.9,Longshot,Watch List,Platoon Edge,22.3,40.8,36.7,44.8,78.0,0.0,Yes,Yes,9,Yes,No,MLB Stats API; RotoWire,,H:2026/2025 P:2026,,,Direct BvP not yet weighted; 2026/2025 Statcast baseline active,7,0,15,0,"Last 7 games: 0/15, 0 HR","platoon edge; pitcher baseline 8.5% barrel, 23.0 HR allowed",neutral batted-ball profile; pitcher fly-ball pressure modest,6.28,33.07,87.56,97.3348,0.3602,0.1299,0.2877,69.24,3.29,39.85,31.55,5.4,0.1502,8.5,37.4,88.0,0.414,0.155,25.3,In From CF,56,Fenway Park,
225,702222,Justin Crawford,PHI,MIL,2026-09-23T22:40:00Z,Pre-Game,9,Logan Henderson,701656,R,35.8,Longshot,Watch List,Platoon Edge,10.8,38.7,51.3,44.8,80.0,36.0,Yes,Yes,9,Yes,No,MLB Stats API; RotoWire,,H:2026 P:2026/2025,,,Direct BvP not yet weighted; 2026/2025 Statcast baseline active,7,5,21,1,"Last 7 games: 5/21, 1 HR","platoon edge; pitcher baseline 8.8% barrel, 10.7 HR allowed",neutral batted-ball profile; pitcher allows elevated contact,1.8,35.2,87.1,98.1195,0.325,0.07,0.283,69.2,6.1,29.0,16.1,3.0,0.093,8.81,36.58,88.8,0.3597,0.1477,31.84,In From RF,68,Citizens Bank Park,
226,673490,Ha-Seong Kim,ATL,CIN,2026-09-23T23:15:00Z,Pre-Game,9,Andrew Abbott,671096,L,35.7,Longshot,Watch List,Platoon Edge,10.0,43.9,57.4,44.8,78.0,0.0,Yes,Yes,9,Yes,No,MLB Stats API; RotoWire,,H:2026/2025 P:2026/2025,,,Direct BvP not yet weighted; 2026/2025 Statcast baseline active,7,1,18,0,"Last 7 games: 1/18, 0 HR","platoon edge; pitcher baseline 8.1% barrel, 22.5 HR allowed",neutral batted-ball profile; pitcher fly-ball pressure modest,3.24,29.3,86.62,96.3484,0.2482,0.0678,0.2375,71.45,15.21,42.19,26.91,1.5,0.0389,8.14,37.27,89.2,0.4214,0.1667,29.12,L To R,74,Truist Park,
227,701675,Nathan Church,STL,PIT,2026-09-23T22:40:00Z,Pre-Game,8,Lake Bachar,669199,R,35.6,Longshot,Watch List,Platoon Edge,14.4,41.7,35.8,52.4,80.0,18.0,Yes,Yes,8,Yes,No,MLB Stats API; RotoWire,,H:2026/2025 P:2026/2025,,,Direct BvP not yet weighted; 2026/2025 Statcast baseline active,7,6,25,0,"Last 7 games: 6/25, 0 HR","platoon edge; pitcher baseline 8.7% barrel, 12.1 HR allowed",neutral batted-ball profile; pitcher allows elevated contact,4.57,33.38,86.62,97.4673,0.335,0.1053,0.275,69.46,8.13,34.5,21.95,7.3,0.1067,8.67,36.67,89.25,0.3794,0.1689,31.5,In From CF,65,PNC Park,
228,686681,Michael Massey,KC,CWS,2026-09-23T23:40:00Z,Pre-Game,7,Bryan Hudson,663542,L,35.2,Longshot,Watch List,No major boost,26.9,22.5,34.7,64.3,50.0,45.5,Yes,Yes,7,Yes,No,MLB Stats API; RotoWire,,H:2026/2025 P:2026/2025,,,Direct BvP not yet weighted; 2026/2025 Statcast baseline active,7,5,28,2,Hot streak: 2 HR in last 7 games,"same-side matchup; pitcher baseline 5.2% barrel, 4.1 HR allowed",neutral batted-ball profile; pitcher fly-ball pressure modest,5.26,37.76,88.76,98.661,0.3908,0.1402,0.293,71.36,11.56,49.22,30.1,10.0,0.1348,5.2,37.44,88.7,0.3371,0.1053,25.59,In From RF,71,Kauffman Stadium,
229,663968,Jake Mangum,PIT,STL,2026-09-23T22:40:00Z,Pre-Game,9,Matthew Liberatore,669461,L,34.9,Longshot,Watch List,Platoon Edge,7.2,52.7,35.8,44.8,75.0,30.3,Yes,Yes,9,Yes,No,MLB Stats API; RotoWire,,H:2026/2025 P:2026/2025,,,Direct BvP not yet weighted; 2026/2025 Statcast baseline active,7,5,25,1,"Last 7 games: 5/25, 1 HR","switch hitter; pitcher baseline 9.6% barrel, 24.6 HR allowed",neutral batted-ball profile; pitcher fly-ball pressure modest,2.49,29.48,86.25,96.8073,0.336,0.0857,0.2851,67.72,4.5,28.28,16.33,4.4,0.0853,9.62,41.66,90.18,0.4552,0.1878,28.38,In From CF,65,PNC Park,
230,801126,Brock Rodden,SEA,HOU,2026-09-24T02:10:00Z,Scheduled,9,Ethan Pecko,814490,R,34.8,Longshot,Watch List,"Projected Lineup, Platoon Edge",21.5,47.8,25.4,40.2,75.0,0.0,No,No,9,Yes,Yes,RotoWire projected lineup; MLB probable pitchers,lineup projected / unconfirmed,H:2026 P:2026,,,Direct BvP not yet weighted; 2026/2025 Statcast baseline active,7,0,7,0,"Last 7 games: 0/7, 0 HR","switch hitter; pitcher baseline 9.8% barrel, 5.0 HR allowed",fly-ball profile; pitcher allows elevated contact,5.3,36.8,88.0,97.78,0.227,0.092,0.233,69.0,1.7,52.6,47.4,0.0,0.082,9.8,38.6,89.3,0.433,0.197,31.3,,,T-Mobile Park,
231,661531,Brian Serven,ATH,LAA,2026-09-24T01:40:00Z,Pre-Game,9,Walbert Ureña,700712,R,34.7,Longshot,Watch List,No major boost,27.9,18.6,68.4,44.8,50.0,0.0,Yes,Yes,9,Yes,No,MLB Stats API; RotoWire,,H:2026 P:2026,,,Direct BvP not yet weighted; 2026/2025 Statcast baseline active,7,0,16,0,"Last 7 games: 0/16, 0 HR","same-side matchup; pitcher baseline 5.4% barrel, 9.0 HR allowed",neutral batted-ball profile; pitcher fly-ball pressure modest,8.9,30.4,87.2,98.2689,0.382,0.158,0.281,70.8,6.8,37.5,30.4,5.0,0.211,5.4,35.6,87.1,0.313,0.106,21.8,Out To RF,89,Sutter Health Park,
232,670231,John Rave,KC,CWS,2026-09-23T23:40:00Z,Pre-Game,8,Bryan Hudson,663542,L,34.5,Longshot,Watch List,No major boost,30.5,22.5,34.7,52.4,50.0,39.8,Yes,Yes,8,Yes,No,MLB Stats API; RotoWire,,H:2026/2025 P:2026/2025,,,Direct BvP not yet weighted; 2026/2025 Statcast baseline active,7,5,19,1,"Last 7 games: 5/19, 1 HR","same-side matchup; pitcher baseline 5.2% barrel, 4.1 HR allowed",neutral batted-ball profile; pitcher fly-ball pressure modest,8.44,37.34,88.23,100.0905,0.3707,0.1402,0.3083,73.97,38.74,44.1,24.5,5.4,0.1824,5.2,37.44,88.7,0.3371,0.1053,25.59,In From RF,71,Kauffman Stadium,
233,623168,Tyler Heineman,LAA,ATH,2026-09-24T01:40:00Z,Pre-Game,9,Jeffrey Springs,605488,L,34.4,Longshot,Watch List,Platoon Edge,0.3,45.0,68.4,44.8,75.0,3.4,Yes,,,No,Yes,MLB Stats API; RotoWire,not found on RotoWire,H:2026/2025 P:2026/2025,,,Direct BvP not yet weighted; 2026/2025 Statcast baseline active,7,3,21,0,"Last 7 games: 3/21, 0 HR","switch hitter; pitcher baseline 8.8% barrel, 31.5 HR allowed",neutral batted-ball profile; pitcher allows elevated contact,1.38,15.33,82.79,92.8401,0.272,0.0552,0.2478,65.4,0.42,43.71,21.68,1.6,0.071,8.8,35.34,87.67,0.4394,0.189,32.09,Out To RF,89,Sutter Health Park,
234,687957,Dustin Harris,SD,LAD,2026-09-24T02:10:00Z,Scheduled,2,Yoshinobu Yamamoto,808967,R,34.4,Longshot,Watch List,"Projected Lineup, Premium Lineup Spot, Platoon Edge",4.4,26.8,27.6,95.5,80.0,35.6,No,No,2,Yes,Yes,RotoWire projected lineup; MLB probable pitchers,lineup projected / unconfirmed,H:2026/2025 P:2026/2025,,,Direct BvP not yet weighted; 2026/2025 Statcast baseline active,7,10,28,0,Contact streak: 10/28 over last 7 games,"platoon edge; pitcher baseline 6.3% barrel, 17.5 HR allowed",neutral batted-ball profile; pitcher fly-ball pressure modest,2.51,21.77,85.57,95.2139,0.3338,0.0876,0.2856,66.96,2.52,44.7,21.77,0.3,0.1066,6.33,37.11,87.95,0.325,0.1179,22.87,,,UNIQLO Field at Dodger Stadium,
235,690984,Petey Halpin,CLE,BOS,2026-09-23T23:10:00Z,Pre-Game,8,Sonny Gray,543243,R,34.3,Longshot,Watch List,Platoon Edge,7.5,39.4,36.7,52.4,80.0,46.5,Yes,Yes,8,Yes,No,MLB Stats API; RotoWire,,H:2026/2025 P:2026/2025,,,Direct BvP not yet weighted; 2026/2025 Statcast baseline active,7,4,13,1,"Last 7 games: 4/13, 1 HR","platoon edge; pitcher baseline 8.0% barrel, 18.7 HR allowed",neutral batted-ball profile; pitcher fly-ball pressure modest,3.92,18.13,81.59,93.5803,0.3143,0.0938,0.286,70.29,5.39,39.99,31.51,2.8,0.0735,7.98,39.16,89.11,0.3936,0.1453,23.2,In From CF,56,Fenway Park,
236,702332,Caleb Durbin,BOS,CLE,2026-09-23T23:10:00Z,Pre-Game,7,Foster Griffin,656492,L,34.2,Longshot,Watch List,Platoon Edge,3.9,40.8,36.7,64.3,78.0,32.0,Yes,Yes,7,Yes,No,MLB Stats API; RotoWire,,H:2026/2025 P:2026,,,Direct BvP not yet weighted; 2026/2025 Statcast baseline active,7,7,21,0,Contact streak: 7/21 over last 7 games,"platoon edge; pitcher baseline 8.5% barrel, 23.0 HR allowed",neutral batted-ball profile; pitcher fly-ball pressure modest,3.16,25.85,83.8,95.499,0.3326,0.0895,0.3001,68.81,4.88,41.3,20.17,12.4,0.1324,8.5,37.4,88.0,0.414,0.155,25.3,In From CF,56,Fenway Park,
237,665828,Oswaldo Cabrera,CIN,ATL,2026-09-23T23:15:00Z,Pre-Game,7,Chris Sale,519242,L,34.2,Longshot,Watch List,Platoon Edge,13.3,22.7,57.4,64.3,75.0,0.0,Yes,Yes,7,Yes,No,MLB Stats API; RotoWire,,H:2026/2025 P:2026/2025,,,Direct BvP not yet weighted; 2026/2025 Statcast baseline active,4,0,12,0,"Last 4 games: 0/12, 0 HR","switch hitter; pitcher baseline 6.2% barrel, 9.6 HR allowed",neutral batted-ball profile; pitcher fly-ball pressure modest,0.0,36.6,89.45,97.684,0.1948,0.0323,0.1692,68.57,0.48,38.76,4.29,0.3,0.0195,6.16,35.26,87.69,0.3277,0.1122,25.83,L To R,74,Truist Park,
238,665877,José Fermín,STL,PIT,2026-09-23T22:40:00Z,Pre-Game,7,Lake Bachar,669199,R,34.0,Longshot,Watch List,No major boost,9.7,41.7,35.8,64.3,50.0,39.1,Yes,Yes,7,Yes,No,MLB Stats API; RotoWire,,H:2026/2025 P:2026/2025,,,Direct BvP not yet weighted; 2026/2025 Statcast baseline active,7,8,21,0,Contact streak: 8/21 over last 7 games,"same-side matchup; pitcher baseline 8.7% barrel, 12.1 HR allowed",neutral batted-ball profile; pitcher allows elevated contact,1.54,31.01,86.4,96.469,0.3481,0.0899,0.3061,68.0,3.02,47.27,24.24,4.5,0.1179,8.67,36.67,89.25,0.3794,0.1689,31.5,In From CF,65,PNC Park,
239,643376,Danny Jansen,TEX,NYM,2026-09-24T00:05:00Z,Pre-Game,8,Nolan McLean,690997,R,33.9,Longshot,Watch List,No major boost,22.7,29.6,41.1,52.4,50.0,27.0,Yes,Yes,8,Yes,No,MLB Stats API; RotoWire,,H:2026/2025 P:2026/2025,,,Direct BvP not yet weighted; 2026/2025 Statcast baseline active,7,6,20,0,"Last 7 games: 6/20, 0 HR","same-side matchup; pitcher baseline 7.0% barrel, 13.1 HR allowed",neutral batted-ball profile; pitcher fly-ball pressure modest,6.84,34.87,87.67,97.82,0.3185,0.1297,0.2762,69.85,6.6,53.56,29.12,8.4,0.1672,6.95,37.94,88.45,0.3471,0.1239,21.56,None,72,Globe Life Field,
240,694497,Evan Carter,TEX,NYM,2026-09-24T00:05:00Z,Pre-Game,9,Nolan McLean,690997,R,33.7,Longshot,Watch List,Platoon Edge,19.8,29.6,41.1,44.8,80.0,8.5,Yes,Yes,9,Yes,No,MLB Stats API; RotoWire,,H:2026/2025 P:2026/2025,,,Direct BvP not yet weighted; 2026/2025 Statcast baseline active,7,3,17,0,"Last 7 games: 3/17, 0 HR","platoon edge; pitcher baseline 7.0% barrel, 13.1 HR allowed",neutral batted-ball profile; pitcher fly-ball pressure modest,5.27,34.95,87.33,98.5937,0.3299,0.1169,0.287,71.02,18.07,39.05,27.84,7.8,0.1282,6.95,37.94,88.45,0.3471,0.1239,21.56,None,72,Globe Life Field,
241,677587,Brayan Rocchio,CLE,BOS,2026-09-23T23:10:00Z,Pre-Game,9,Sonny Gray,543243,R,33.6,Longshot,Watch List,Platoon Edge,13.8,37.4,36.7,44.8,75.0,32.0,Yes,Yes,9,Yes,No,MLB Stats API; RotoWire,,H:2026/2025 P:2026/2025,,,Direct BvP not yet weighted; 2026/2025 Statcast baseline active,7,8,24,0,Contact streak: 8/24 over last 7 games,"switch hitter; pitcher baseline 8.0% barrel, 18.7 HR allowed",neutral batted-ball profile; pitcher fly-ball pressure modest,3.02,31.79,87.3,97.2766,0.3524,0.106,0.295,69.86,6.59,43.43,25.3,10.6,0.1224,7.98,39.16,89.11,0.3936,0.1453,23.2,In From CF,56,Fenway Park,
242,630105,Jake Cronenworth,SD,LAD,2026-09-24T02:10:00Z,Scheduled,8,Yoshinobu Yamamoto,808967,R,33.6,Longshot,Watch List,"Projected Lineup, Platoon Edge, Hot Hitter/Streak",15.8,26.8,27.6,47.9,80.0,77.6,No,No,8,Yes,Yes,RotoWire projected lineup; MLB probable pitchers,lineup projected / unconfirmed,H:2026/2025 P:2026/2025,,,Direct BvP not yet weighted; 2026/2025 Statcast baseline active,7,11,28,2,Hot streak: 2 HR in last 7 games,"platoon edge; pitcher baseline 6.3% barrel, 17.5 HR allowed",neutral batted-ball profile; pitcher fly-ball pressure modest,4.45,32.21,87.52,97.7531,0.3194,0.1028,0.2868,71.32,17.39,32.24,24.61,8.2,0.1072,6.33,37.11,87.95,0.325,0.1179,22.87,,,UNIQLO Field at Dodger Stadium,
243,676391,Ernie Clement,TOR,BAL,2026-09-23T22:35:00Z,Pre-Game,9,Trey Gibson,694346,R,32.5,Longshot,Watch List,No major boost,4.8,55.1,45.6,44.8,50.0,1.6,Yes,Yes,9,Yes,No,MLB Stats API; RotoWire,,H:2026/2025 P:2026,,,Direct BvP not yet weighted; 2026/2025 Statcast baseline active,7,3,23,0,"Last 7 games: 3/23, 0 HR","same-side matchup; pitcher baseline 9.6% barrel, 7.0 HR allowed",neutral batted-ball profile; pitcher fly-ball pressure modest,2.19,22.08,84.85,94.5395,0.3324,0.0846,0.2687,67.39,2.68,40.1,28.25,9.0,0.1105,9.6,47.6,91.2,0.487,0.196,20.0,In From CF,63,Oriole Park at Camden Yards,
244,650968,Yohel Pozo,BAL,TOR,2026-09-23T22:35:00Z,Pre-Game,9,CJ Van Eyk,669310,R,32.2,Longshot,Watch List,No major boost,8.6,40.1,45.6,44.8,50.0,42.0,Yes,Yes,9,Yes,No,MLB Stats API; RotoWire,,H:2026/2025 P:2026,,,Direct BvP not yet weighted; 2026/2025 Statcast baseline active,7,2,5,0,Contact streak: 2/5 over last 7 games,"same-side matchup; pitcher baseline 6.5% barrel, 1.0 HR allowed",neutral batted-ball profile; pitcher allows elevated contact,2.13,29.56,87.21,96.4845,0.322,0.076,0.2564,69.57,8.84,35.61,15.62,2.2,0.0964,6.5,45.2,87.5,0.467,0.173,32.3,In From CF,63,Oriole Park at Camden Yards,
245,677943,Will Banfield,CIN,ATL,2026-09-23T23:15:00Z,Pre-Game,8,Chris Sale,519242,L,31.9,Longshot,Watch List,Platoon Edge,6.4,23.7,57.4,52.4,78.0,22.9,Yes,Yes,8,Yes,No,MLB Stats API; RotoWire,,H:2026/2025 P:2026/2025,,,Direct BvP not yet weighted; 2026/2025 Statcast baseline active,7,3,11,0,"Last 7 games: 3/11, 0 HR","platoon edge; pitcher baseline 6.2% barrel, 9.6 HR allowed",neutral batted-ball profile; pitcher fly-ball pressure modest,0.0,20.24,84.68,91.6523,0.2296,0.0421,0.1839,73.05,23.75,32.98,27.74,0.0,0.0469,6.16,35.26,87.69,0.3277,0.1122,25.83,L To R,74,Truist Park,
246,683766,Christian Koss,SF,MIN,2026-09-23T19:45:00Z,In Progress,9,Connor Prielipp,687570,L,31.7,Longshot,Watch List,Platoon Edge,9.6,39.3,37.8,44.8,78.0,2.5,Yes,Yes,9,Yes,No,MLB Stats API; RotoWire,,H:2026/2025 P:2026,,,Direct BvP not yet weighted; 2026/2025 Statcast baseline active,7,3,22,0,"Last 7 games: 3/22, 0 HR","platoon edge; pitcher baseline 6.8% barrel, 14.0 HR allowed",neutral batted-ball profile; pitcher fly-ball pressure modest,4.74,29.26,85.01,97.1908,0.3264,0.0956,0.2669,69.58,6.21,38.44,18.98,3.7,0.097,6.8,42.0,90.2,0.386,0.15,26.9,Varies,68,Oracle Park,
247,691026,Masyn Winn,STL,PIT,2026-09-23T22:40:00Z,Pre-Game,9,Lake Bachar,669199,R,31.6,Longshot,Watch List,No major boost,15.9,41.7,35.8,44.8,50.0,3.4,Yes,Yes,9,Yes,No,MLB Stats API; RotoWire,,H:2026/2025 P:2026/2025,,,Direct BvP not yet weighted; 2026/2025 Statcast baseline active,7,2,14,0,"Last 7 games: 2/14, 0 HR","same-side matchup; pitcher baseline 8.7% barrel, 12.1 HR allowed",neutral batted-ball profile; pitcher allows elevated contact,3.82,34.6,88.23,98.578,0.3365,0.0916,0.2944,71.24,16.12,32.6,21.81,6.2,0.0925,8.67,36.67,89.25,0.3794,0.1689,31.5,In From CF,65,PNC Park,
248,669134,Luis Campusano,SD,LAD,2026-09-24T02:10:00Z,Scheduled,7,Yoshinobu Yamamoto,808967,R,31.3,Longshot,Watch List,Projected Lineup,19.8,26.8,27.6,59.8,50.0,26.2,No,No,7,Yes,Yes,RotoWire projected lineup; MLB probable pitchers,lineup projected / unconfirmed,H:2026/2025 P:2026/2025,,,Direct BvP not yet weighted; 2026/2025 Statcast baseline active,7,5,29,1,"Last 7 games: 5/29, 1 HR","same-side matchup; pitcher baseline 6.3% barrel, 17.5 HR allowed",neutral batted-ball profile; pitcher fly-ball pressure modest,5.81,35.74,87.73,98.3598,0.3025,0.1113,0.292,73.03,30.69,46.98,19.94,5.6,0.1204,6.33,37.11,87.95,0.325,0.1179,22.87,,,UNIQLO Field at Dodger Stadium,
249,670032,Nicky Lopez,TEX,NYM,2026-09-24T00:05:00Z,Pre-Game,7,Nolan McLean,690997,R,30.9,Longshot,Watch List,Platoon Edge,2.4,29.6,41.1,64.3,80.0,12.0,Yes,Yes,7,Yes,No,MLB Stats API; RotoWire,,H:2026/2025 P:2026/2025,,,Direct BvP not yet weighted; 2026/2025 Statcast baseline active,7,2,10,0,"Last 7 games: 2/10, 0 HR","platoon edge; pitcher baseline 7.0% barrel, 13.1 HR allowed",neutral batted-ball profile; pitcher fly-ball pressure modest,0.0,27.47,84.73,95.2015,0.2648,0.0412,0.2582,66.72,1.24,33.87,12.07,0.7,0.0273,6.95,37.94,88.45,0.3471,0.1239,21.56,None,72,Globe Life Field,
250,686555,Isaac Collins,KC,CWS,2026-09-23T23:40:00Z,Pre-Game,9,Bryan Hudson,663542,L,30.5,Longshot,Watch List,Platoon Edge,21.1,22.0,34.7,44.8,75.0,0.0,Yes,Yes,9,Yes,No,MLB Stats API; RotoWire,,H:2026/2025 P:2026/2025,,,Direct BvP not yet weighted; 2026/2025 Statcast baseline active,7,1,15,0,"Last 7 games: 1/15, 0 HR","switch hitter; pitcher baseline 5.2% barrel, 4.1 HR allowed",neutral batted-ball profile; pitcher fly-ball pressure modest,4.97,39.18,88.31,99.7461,0.3212,0.0934,0.3024,73.26,30.06,39.84,25.18,6.9,0.1228,5.2,37.44,88.7,0.3371,0.1053,25.59,In From RF,71,Kauffman Stadium,
251,675961,Alika Williams,ATH,LAA,2026-09-24T01:40:00Z,Pre-Game,8,Walbert Ureña,700712,R,30.5,Longshot,Watch List,No major boost,7.0,18.6,68.4,52.4,50.0,32.0,Yes,Yes,8,Yes,No,MLB Stats API; RotoWire,,H:2026 P:2026,,,Direct BvP not yet weighted; 2026/2025 Statcast baseline active,7,6,18,0,Contact streak: 6/18 over last 7 games,"same-side matchup; pitcher baseline 5.4% barrel, 9.0 HR allowed",neutral batted-ball profile; pitcher fly-ball pressure modest,1.2,32.9,84.7,97.1092,0.294,0.082,0.244,69.2,3.2,43.0,23.6,4.0,0.162,5.4,35.6,87.1,0.313,0.106,21.8,Out To RF,89,Sutter Health Park,
252,669392,Samad Taylor,SD,LAD,2026-09-24T02:10:00Z,Scheduled,9,Yoshinobu Yamamoto,808967,R,24.5,Longshot,Watch List,Projected Lineup,1.8,26.8,27.6,40.2,50.0,63.3,No,No,9,Yes,Yes,RotoWire projected lineup; MLB probable pitchers,lineup projected / unconfirmed,H:2026/2025 P:2026/2025,,,Direct BvP not yet weighted; 2026/2025 Statcast baseline active,7,10,19,1,Contact streak: 10/19 over last 7 games,"same-side matchup; pitcher baseline 6.3% barrel, 17.5 HR allowed",neutral batted-ball profile; pitcher fly-ball pressure modest,2.73,20.2,82.49,93.9542,0.3077,0.0682,0.2778,68.81,3.71,29.48,16.77,1.4,0.0707,6.33,37.11,87.95,0.325,0.1179,22.87,,,UNIQLO Field at Dodger Stadium,
