rank,hitter_id,player,team,opponent,game_start_time,game_status,batting_order,pitcher,pitcher_id,pitcher_hand,hr_score,tier,play_type,reason_tags,power_score,pitcher_score,environment_score,lineup_score,platoon_score,recent_form_score,confirmed_lineup,rotowire_confirmed_lineup,rotowire_batting_order,rotowire_player_found,lineup_disagreement,lineup_sources_used,source_warnings,stat_years_used,bvp_pa,bvp_hr,bvp_note,recent_games,recent_hits,recent_abs,recent_hr,recent_form_note,split_matchup_note,pitch_mix_note,barrel_pct,hard_hit_pct,avg_exit_velocity,ev50,xslg,xiso,xwoba,bat_speed,fast_swing_pct,pull_pct,fb_pct,hr_total,iso,pitcher_barrel_pct_allowed,pitcher_hard_hit_pct_allowed,pitcher_avg_exit_velocity_allowed,pitcher_xslg_allowed,pitcher_xiso_allowed,pitcher_fb_pct_allowed,wind_direction,weather_temp,ballpark,odds
1,682829,Elly De La Cruz,CIN,LAD,2026-09-17T16:40:00Z,Warmup,2,Justin Wrobleski,680736,L,69.0,Tier 3,Watch List,"Strong Barrel, Good Environment, Premium Lineup Spot, Platoon Edge, Hot Hitter/Streak",61.7,46.4,81.8,100.0,75.0,88.9,Yes,Yes,2,Yes,No,MLB Stats API; RotoWire,,H:2026/2025 P:2026/2025,,,Direct BvP not yet weighted; 2026/2025 Statcast baseline active,7,9,26,3,Hot streak: 3 HR in last 7 games,"switch hitter; pitcher baseline 8.1% barrel, 16.5 HR allowed",EV profile; pitcher fly-ball pressure modest,14.64,51.06,93.66,104.6035,0.4849,0.2101,0.3612,75.59,55.45,34.89,24.89,26.2,0.2173,8.07,44.79,90.6,0.4234,0.1612,28.35,Out To LF,89,Great American Ball Park,
2,701538,Jackson Merrill,SD,COL,2026-09-17T19:10:00Z,Pre-Game,5,Tanner Gordon,685299,R,68.2,Tier 3,Watch List,"Strong Barrel, Good Environment, Platoon Edge, Hot Hitter/Streak",54.8,61.7,73.2,86.4,80.0,100.0,Yes,Yes,5,Yes,No,MLB Stats API; RotoWire,,H:2026/2025 P:2026/2025,,,Direct BvP not yet weighted; 2026/2025 Statcast baseline active,7,17,32,3,Hot streak: 3 HR in last 7 games,"platoon edge; pitcher baseline 10.7% barrel, 17.4 HR allowed",neutral batted-ball profile; pitcher allows elevated contact,12.72,47.38,90.96,101.2076,0.4928,0.2242,0.3484,72.95,27.96,37.14,30.34,22.3,0.1881,10.73,42.32,90.59,0.4838,0.2111,33.46,Out To LF,77,Coors Field,
3,800543,Josue De Paula,LAD,CIN,2026-09-17T16:40:00Z,Warmup,6,Brady Singer,663903,R,67.6,Tier 3,Watch List,"Strong Barrel, Good Environment, Platoon Edge",70.7,54.3,81.8,76.2,80.0,21.8,Yes,Yes,6,Yes,No,MLB Stats API; RotoWire,,H:2026 P:2026/2025,,,Direct BvP not yet weighted; 2026/2025 Statcast baseline active,6,2,14,1,"Last 6 games: 2/14, 1 HR","platoon edge; pitcher baseline 9.8% barrel, 26.7 HR allowed",lift-pull EV profile; pitcher fly-ball pressure modest,16.7,58.3,93.2,100.7081,0.459,0.262,0.402,73.1,38.5,41.7,33.3,1.0,0.286,9.82,42.1,90.79,0.4454,0.18,26.86,Out To LF,89,Great American Ball Park,
4,665487,Fernando Tatis Jr.,SD,COL,2026-09-17T19:10:00Z,Pre-Game,1,Tanner Gordon,685299,R,66.9,Tier 3,Watch List,"Strong Barrel, Good Environment, Premium Lineup Spot, Hot Hitter/Streak",57.5,61.7,73.2,93.2,50.0,92.0,Yes,Yes,1,Yes,No,MLB Stats API; RotoWire,,H:2026/2025 P:2026/2025,,,Direct BvP not yet weighted; 2026/2025 Statcast baseline active,7,11,30,3,Hot streak: 3 HR in last 7 games,"same-side matchup; pitcher baseline 10.7% barrel, 17.4 HR allowed",EV profile; pitcher allows elevated contact,12.12,53.2,93.09,104.4543,0.4922,0.2044,0.3742,75.65,58.12,35.01,22.29,23.6,0.1766,10.73,42.32,90.59,0.4838,0.2111,33.46,Out To LF,77,Coors Field,
5,701398,Sal Stewart,CIN,LAD,2026-09-17T16:40:00Z,Warmup,3,Justin Wrobleski,680736,L,65.7,Tier 3,Watch List,"Strong Barrel, Good Environment, Premium Lineup Spot, Platoon Edge",59.0,48.2,81.8,96.6,78.0,37.6,Yes,Yes,3,Yes,No,MLB Stats API; RotoWire,,H:2026/2025 P:2026/2025,,,Direct BvP not yet weighted; 2026/2025 Statcast baseline active,7,10,27,0,Contact streak: 10/27 over last 7 games,"platoon edge; pitcher baseline 8.1% barrel, 16.5 HR allowed",neutral batted-ball profile; pitcher fly-ball pressure modest,14.19,43.82,91.76,101.52,0.5194,0.2512,0.3625,72.1,26.51,37.87,31.95,23.2,0.2291,8.07,44.79,90.6,0.4234,0.1612,28.35,Out To LF,89,Great American Ball Park,
6,670541,Yordan Alvarez,HOU,KC,2026-09-17T23:15:00Z,Scheduled,2,Seth Lugo,607625,R,65.6,Tier 3,Watch List,"Projected Lineup, Elite Power, Strong Barrel, Premium Lineup Spot, Platoon Edge",78.1,52.8,27.6,95.5,80.0,48.7,No,No,2,Yes,Yes,RotoWire projected lineup; MLB probable pitchers,lineup projected / unconfirmed,H:2026/2025 P:2026/2025,,,Direct BvP not yet weighted; 2026/2025 Statcast baseline active,7,5,25,2,Hot streak: 2 HR in last 7 games,"platoon edge; pitcher baseline 8.7% barrel, 21.4 HR allowed",lift-pull EV profile; pitcher fly-ball pressure modest,15.55,53.11,94.42,104.8373,0.6127,0.3042,0.428,76.17,62.08,41.02,36.1,29.1,0.2459,8.72,43.38,90.0,0.459,0.1883,28.76,,,Daikin Park,
7,571970,Max Muncy,LAD,CIN,2026-09-17T16:40:00Z,Warmup,5,Brady Singer,663903,R,65.4,Tier 3,Watch List,"Strong Barrel, Good Environment, Platoon Edge",55.8,54.3,81.8,86.4,80.0,47.5,Yes,Yes,5,Yes,No,MLB Stats API; RotoWire,,H:2026/2025 P:2026/2025,,,Direct BvP not yet weighted; 2026/2025 Statcast baseline active,7,5,26,2,Hot streak: 2 HR in last 7 games,"platoon edge; pitcher baseline 9.8% barrel, 26.7 HR allowed",fly-ball profile; pitcher fly-ball pressure modest,13.18,48.14,90.6,101.3137,0.4725,0.2352,0.3537,71.31,14.34,51.01,35.86,25.3,0.2354,9.82,42.1,90.79,0.4454,0.18,26.86,Out To LF,89,Great American Ball Park,
8,665833,Oneil Cruz,PIT,MIL,2026-09-17T16:35:00Z,Warmup,2,Kyle Harrison,690986,L,63.6,Tier 3,Watch List,"Strong Barrel, Premium Lineup Spot",70.2,41.5,57.8,100.0,50.0,66.7,Yes,Yes,2,Yes,No,MLB Stats API; RotoWire,,H:2026/2025 P:2026/2025,,,Direct BvP not yet weighted; 2026/2025 Statcast baseline active,7,8,25,2,Hot streak: 2 HR in last 7 games,"same-side matchup; pitcher baseline 8.1% barrel, 15.2 HR allowed",EV profile; pitcher fly-ball pressure modest,16.95,55.34,95.1,106.6305,0.4628,0.2224,0.3457,78.24,75.89,40.09,23.03,19.3,0.199,8.06,39.55,89.58,0.3943,0.1511,28.09,Out To LF,75,PNC Park,
9,804668,Rafael Flores Jr.,PIT,MIL,2026-09-17T16:35:00Z,Warmup,4,Kyle Harrison,690986,L,62.7,Tier 3,Watch List,"Strong Barrel, Premium Lineup Spot, Platoon Edge",62.9,41.5,57.8,94.9,78.0,60.3,Yes,Yes,4,Yes,No,MLB Stats API; RotoWire,,H:2026/2025 P:2026/2025,,,Direct BvP not yet weighted; 2026/2025 Statcast baseline active,7,10,25,1,Contact streak: 10/25 over last 7 games,"platoon edge; pitcher baseline 8.1% barrel, 15.2 HR allowed",fly-ball profile; pitcher fly-ball pressure modest,13.55,52.14,91.79,102.3772,0.4979,0.2458,0.3491,73.75,38.83,39.21,38.13,6.3,0.2149,8.06,39.55,89.58,0.3943,0.1511,28.09,Out To LF,75,PNC Park,
10,592518,Manny Machado,SD,COL,2026-09-17T19:10:00Z,Pre-Game,3,Tanner Gordon,685299,R,61.8,Tier 3,Watch List,"Strong Barrel, Good Environment, Premium Lineup Spot",48.6,61.7,73.2,96.6,50.0,39.4,Yes,Yes,3,Yes,No,MLB Stats API; RotoWire,,H:2026/2025 P:2026/2025,,,Direct BvP not yet weighted; 2026/2025 Statcast baseline active,7,4,29,2,Hot streak: 2 HR in last 7 games,"same-side matchup; pitcher baseline 10.7% barrel, 17.4 HR allowed",neutral batted-ball profile; pitcher allows elevated contact,10.8,46.25,91.08,101.8354,0.4474,0.1925,0.34,74.64,44.65,39.38,28.57,27.7,0.1906,10.73,42.32,90.59,0.4838,0.2111,33.46,Out To LF,77,Coors Field,
11,663656,Kyle Tucker,LAD,CIN,2026-09-17T16:40:00Z,Warmup,3,Brady Singer,663903,R,61.7,Tier 3,Watch List,"Good Environment, Premium Lineup Spot, Platoon Edge, Hot Hitter/Streak",34.2,54.3,81.8,96.6,80.0,87.0,Yes,Yes,3,Yes,No,MLB Stats API; RotoWire,,H:2026/2025 P:2026/2025,,,Direct BvP not yet weighted; 2026/2025 Statcast baseline active,7,8,24,3,Hot streak: 3 HR in last 7 games,"platoon edge; pitcher baseline 9.8% barrel, 26.7 HR allowed",neutral batted-ball profile; pitcher fly-ball pressure modest,7.72,37.88,89.19,98.8116,0.4172,0.1598,0.3426,71.58,20.66,43.38,33.82,17.1,0.1623,9.82,42.1,90.79,0.4454,0.18,26.86,Out To LF,89,Great American Ball Park,
12,606192,Teoscar Hernández,LAD,CIN,2026-09-17T16:40:00Z,Warmup,4,Brady Singer,663903,R,61.6,Tier 3,Watch List,"Strong Barrel, Good Environment, Premium Lineup Spot",46.4,54.3,81.8,94.9,50.0,64.3,Yes,Yes,4,Yes,No,MLB Stats API; RotoWire,,H:2026/2025 P:2026/2025,,,Direct BvP not yet weighted; 2026/2025 Statcast baseline active,7,7,23,2,Hot streak: 2 HR in last 7 games,"same-side matchup; pitcher baseline 9.8% barrel, 26.7 HR allowed",neutral batted-ball profile; pitcher fly-ball pressure modest,11.15,45.4,90.34,101.6547,0.4441,0.1892,0.3317,72.62,26.6,35.41,28.75,18.0,0.1769,9.82,42.1,90.79,0.4454,0.18,26.86,Out To LF,89,Great American Ball Park,
13,663886,Tyler Stephenson,CIN,LAD,2026-09-17T16:40:00Z,Warmup,4,Justin Wrobleski,680736,L,61.5,Tier 3,Watch List,"Strong Barrel, Good Environment, Premium Lineup Spot, Platoon Edge",49.8,48.2,81.8,94.9,78.0,17.3,Yes,Yes,4,Yes,No,MLB Stats API; RotoWire,,H:2026/2025 P:2026/2025,,,Direct BvP not yet weighted; 2026/2025 Statcast baseline active,7,4,17,0,"Last 7 games: 4/17, 0 HR","platoon edge; pitcher baseline 8.1% barrel, 16.5 HR allowed",neutral batted-ball profile; pitcher fly-ball pressure modest,13.03,45.98,90.85,100.4585,0.427,0.1963,0.3243,70.45,6.72,36.66,33.78,14.4,0.1767,8.07,44.79,90.6,0.4234,0.1612,28.35,Out To LF,89,Great American Ball Park,
14,691406,Junior Caminero,TB,ATH,2026-09-17T17:10:00Z,Pre-Game,3,Jeffrey Springs,605488,L,61.0,Tier 3,Watch List,"Strong Barrel, Premium Lineup Spot, Platoon Edge",62.5,46.5,41.1,96.6,78.0,50.8,Yes,Yes,3,Yes,No,MLB Stats API; RotoWire,,H:2026/2025 P:2026/2025,,,Direct BvP not yet weighted; 2026/2025 Statcast baseline active,7,6,28,2,Hot streak: 2 HR in last 7 games,"platoon edge; pitcher baseline 8.9% barrel, 31.5 HR allowed",EV profile; pitcher allows elevated contact,13.51,50.35,92.68,105.0913,0.4996,0.2327,0.3579,79.27,84.06,44.96,23.56,42.2,0.2605,8.94,35.69,87.74,0.4429,0.1918,32.02,None,72,Tropicana Field,
15,665742,Juan Soto,NYM,PHI,2026-09-17T23:15:00Z,Scheduled,2,Aaron Nola,605400,R,60.2,Tier 3,Watch List,"Projected Lineup, Strong Barrel, Premium Lineup Spot, Platoon Edge",69.7,47.7,24.8,95.5,80.0,29.4,No,No,2,Yes,Yes,RotoWire projected lineup; MLB probable pitchers,lineup projected / unconfirmed,H:2026/2025 P:2026/2025,,,Direct BvP not yet weighted; 2026/2025 Statcast baseline active,7,6,31,1,"Last 7 games: 6/31, 1 HR","platoon edge; pitcher baseline 9.3% barrel, 29.2 HR allowed",lift-pull EV profile; pitcher fly-ball pressure modest,14.98,50.54,92.96,103.0867,0.5835,0.2916,0.4171,72.76,32.47,40.09,31.56,30.4,0.2515,9.31,41.27,88.77,0.4142,0.1724,27.46,,,Citi Field,
16,518692,Freddie Freeman,LAD,CIN,2026-09-17T16:40:00Z,Warmup,2,Brady Singer,663903,R,59.6,Longshot,Watch List,"Good Environment, Premium Lineup Spot, Platoon Edge",39.1,54.3,81.8,100.0,80.0,2.7,Yes,Yes,2,Yes,No,MLB Stats API; RotoWire,,H:2026/2025 P:2026/2025,,,Direct BvP not yet weighted; 2026/2025 Statcast baseline active,7,4,29,0,"Last 7 games: 4/29, 0 HR","platoon edge; pitcher baseline 9.8% barrel, 26.7 HR allowed",neutral batted-ball profile; pitcher fly-ball pressure modest,8.65,42.13,89.85,100.131,0.467,0.1832,0.3605,70.08,7.91,36.54,27.07,18.4,0.1678,9.82,42.1,90.79,0.4454,0.18,26.86,Out To LF,89,Great American Ball Park,
17,664034,Ty France,SD,COL,2026-09-17T19:10:00Z,Pre-Game,4,Tanner Gordon,685299,R,59.2,Longshot,Watch List,"Good Environment, Premium Lineup Spot",42.8,61.7,73.2,94.9,50.0,30.2,Yes,Yes,4,Yes,No,MLB Stats API; RotoWire,,H:2026/2025 P:2026/2025,,,Direct BvP not yet weighted; 2026/2025 Statcast baseline active,7,9,28,0,Contact streak: 9/28 over last 7 games,"same-side matchup; pitcher baseline 10.7% barrel, 17.4 HR allowed",neutral batted-ball profile; pitcher allows elevated contact,9.1,47.28,91.25,101.0764,0.4306,0.1744,0.3315,71.77,19.95,35.59,25.74,16.1,0.1814,10.73,42.32,90.59,0.4838,0.2111,33.46,Out To LF,77,Coors Field,
18,682985,Riley Greene,DET,CWS,2026-09-17T23:40:00Z,Scheduled,4,Erick Fedde,607200,R,59.1,Longshot,Watch List,"Projected Lineup, Strong Barrel, Premium Lineup Spot, Platoon Edge",62.1,48.1,27.6,90.4,80.0,61.4,No,No,4,Yes,Yes,RotoWire projected lineup; MLB probable pitchers,lineup projected / unconfirmed,H:2026/2025 P:2026/2025,,,Direct BvP not yet weighted; 2026/2025 Statcast baseline active,7,11,27,1,Contact streak: 11/27 over last 7 games,"platoon edge; pitcher baseline 8.1% barrel, 21.8 HR allowed",neutral batted-ball profile; pitcher fly-ball pressure modest,15.7,47.11,90.25,102.5993,0.5015,0.2445,0.36,75.6,58.01,38.84,33.59,24.8,0.2077,8.11,40.78,89.08,0.4477,0.186,29.4,,,Rate Field,
19,608369,Corey Seager,TEX,BOS,2026-09-18T00:05:00Z,Scheduled,2,Sonny Gray,543243,R,57.6,Longshot,Watch List,"Projected Lineup, Strong Barrel, Premium Lineup Spot, Platoon Edge",61.8,38.6,27.6,95.5,80.0,65.2,No,No,2,Yes,Yes,RotoWire projected lineup; MLB probable pitchers,lineup projected / unconfirmed,H:2026/2025 P:2026/2025,,,Direct BvP not yet weighted; 2026/2025 Statcast baseline active,7,9,29,2,Hot streak: 2 HR in last 7 games,"platoon edge; pitcher baseline 7.7% barrel, 18.0 HR allowed",lift-pull EV profile; pitcher fly-ball pressure modest,14.81,49.68,92.06,102.5589,0.5067,0.2455,0.3664,71.8,15.16,40.57,31.34,18.9,0.2062,7.7,39.37,89.18,0.3936,0.1439,22.85,,,Globe Life Field,
20,656941,Kyle Schwarber,PHI,NYM,2026-09-17T23:15:00Z,Scheduled,1,Nolan McLean,690997,R,57.3,Longshot,Watch List,"Projected Lineup, Strong Barrel, Premium Lineup Spot, Platoon Edge",74.9,30.2,24.8,88.7,80.0,40.1,No,No,1,Yes,Yes,RotoWire projected lineup; MLB probable pitchers,lineup projected / unconfirmed,H:2026/2025 P:2026/2025,,,Direct BvP not yet weighted; 2026/2025 Statcast baseline active,7,4,28,2,Hot streak: 2 HR in last 7 games,"platoon edge; pitcher baseline 7.2% barrel, 13.1 HR allowed",lift-pull EV profile; pitcher fly-ball pressure modest,17.72,52.46,92.97,104.1156,0.5229,0.2812,0.3758,77.16,75.42,54.49,33.04,48.3,0.2936,7.16,38.22,88.38,0.3478,0.1246,21.35,,,Citi Field,
21,691181,Emmanuel Rodriguez,MIN,LAA,2026-09-18T01:38:00Z,Scheduled,8,Walbert Ureña,700712,R,56.2,Longshot,Watch List,"Projected Lineup, Elite Power, Strong Barrel, Platoon Edge",94.6,20.4,28.2,47.9,80.0,39.8,No,No,8,Yes,Yes,RotoWire projected lineup; MLB probable pitchers,lineup projected / unconfirmed,H:2026 P:2026,,,Direct BvP not yet weighted; 2026/2025 Statcast baseline active,5,5,19,1,"Last 5 games: 5/19, 1 HR","platoon edge; pitcher baseline 5.6% barrel, 9.0 HR allowed",EV profile; pitcher fly-ball pressure modest,28.6,64.3,95.7,105.5107,0.748,0.386,0.48,77.9,80.0,35.7,35.7,1.0,0.316,5.6,36.4,87.3,0.317,0.109,22.5,,,Angel Stadium,
22,664040,Brandon Lowe,PIT,MIL,2026-09-17T16:35:00Z,Warmup,5,Kyle Harrison,690986,L,55.5,Longshot,Watch List,"Strong Barrel, Hot Hitter/Streak",50.8,41.5,57.8,86.4,50.0,70.6,Yes,Yes,5,Yes,No,MLB Stats API; RotoWire,,H:2026/2025 P:2026/2025,,,Direct BvP not yet weighted; 2026/2025 Statcast baseline active,7,9,26,2,Hot streak: 2 HR in last 7 games,"same-side matchup; pitcher baseline 8.1% barrel, 15.2 HR allowed",neutral batted-ball profile; pitcher fly-ball pressure modest,12.02,45.62,91.03,101.4017,0.4423,0.2005,0.3266,73.66,40.23,46.44,32.78,31.0,0.2238,8.06,39.55,89.58,0.3943,0.1511,28.09,Out To LF,75,PNC Park,
23,668804,Bryan Reynolds,PIT,MIL,2026-09-17T16:35:00Z,Warmup,3,Kyle Harrison,690986,L,55.4,Longshot,Watch List,"Strong Barrel, Premium Lineup Spot, Platoon Edge",48.0,39.8,57.8,96.6,75.0,21.8,Yes,Yes,3,Yes,No,MLB Stats API; RotoWire,,H:2026/2025 P:2026/2025,,,Direct BvP not yet weighted; 2026/2025 Statcast baseline active,7,4,28,1,"Last 7 games: 4/28, 1 HR","switch hitter; pitcher baseline 8.1% barrel, 15.2 HR allowed",neutral batted-ball profile; pitcher fly-ball pressure modest,11.15,47.54,91.06,101.9652,0.4477,0.1925,0.3499,72.62,27.95,39.45,26.02,16.7,0.1598,8.06,39.55,89.58,0.3943,0.1511,28.09,Out To LF,75,PNC Park,
24,666160,Mickey Moniak,COL,SD,2026-09-17T19:10:00Z,Pre-Game,6,Michael King,650633,R,55.3,Longshot,Watch List,"Strong Barrel, Good Environment, Platoon Edge",46.2,41.7,73.2,76.2,80.0,23.4,Yes,Yes,6,Yes,No,MLB Stats API; RotoWire,,H:2026/2025 P:2026/2025,,,Direct BvP not yet weighted; 2026/2025 Statcast baseline active,7,4,26,1,"Last 7 games: 4/26, 1 HR","platoon edge; pitcher baseline 9.4% barrel, 17.6 HR allowed",fly-ball profile; pitcher fly-ball pressure modest,11.0,42.08,89.56,100.2369,0.4235,0.1951,0.2971,74.12,43.11,46.52,37.26,22.6,0.2459,9.37,34.46,87.24,0.4123,0.1744,27.75,Out To LF,77,Coors Field,
25,695600,Carter Jensen,KC,HOU,2026-09-17T23:15:00Z,Scheduled,1,,,,54.9,Longshot,Watch List,"Projected Lineup, Strong Barrel, Premium Lineup Spot",60.7,41.2,27.6,88.7,60.0,60.7,No,No,1,Yes,Yes,RotoWire projected lineup; MLB probable pitchers,lineup projected / unconfirmed,H:2026/2025 P:,,,Direct BvP not yet weighted; 2026/2025 Statcast baseline active,7,7,25,2,Hot streak: 2 HR in last 7 games,"handedness incomplete; pitcher baseline 0.0% barrel, 0.0 HR allowed",lift-pull EV profile; pitcher fly-ball pressure modest,14.64,48.78,92.53,103.0426,0.4769,0.2249,0.3539,74.1,38.87,41.56,31.4,17.7,0.2297,,,,,,,,,Daikin Park,
26,666018,Jonathan Aranda,TB,ATH,2026-09-17T17:10:00Z,Pre-Game,2,Jeffrey Springs,605488,L,54.8,Longshot,Watch List,"Strong Barrel, Premium Lineup Spot",48.9,46.5,41.1,100.0,50.0,56.2,Yes,Yes,2,Yes,No,MLB Stats API; RotoWire,,H:2026/2025 P:2026/2025,,,Direct BvP not yet weighted; 2026/2025 Statcast baseline active,7,6,24,2,Hot streak: 2 HR in last 7 games,"same-side matchup; pitcher baseline 8.9% barrel, 31.5 HR allowed",neutral batted-ball profile; pitcher allows elevated contact,10.73,48.34,91.74,101.21,0.4653,0.1967,0.3575,70.36,13.11,33.48,30.2,18.9,0.1625,8.94,35.69,87.74,0.4429,0.1918,32.02,None,72,Tropicana Field,
27,545361,Mike Trout,LAA,MIN,2026-09-18T01:38:00Z,Scheduled,2,Taj Bradley,671737,R,54.6,Longshot,Watch List,"Projected Lineup, Strong Barrel, Premium Lineup Spot",59.2,48.1,28.2,95.5,50.0,28.9,No,No,2,Yes,Yes,RotoWire projected lineup; MLB probable pitchers,lineup projected / unconfirmed,H:2026/2025 P:2026/2025,,,Direct BvP not yet weighted; 2026/2025 Statcast baseline active,7,4,21,1,"Last 7 games: 4/21, 1 HR","same-side matchup; pitcher baseline 8.7% barrel, 21.8 HR allowed",neutral batted-ball profile; pitcher fly-ball pressure modest,15.66,46.36,90.2,102.8268,0.481,0.2341,0.372,74.56,46.72,35.67,31.07,22.5,0.1902,8.73,43.61,90.39,0.3885,0.1592,29.12,,,Angel Stadium,
28,694249,Cole Carrigg,COL,SD,2026-09-17T19:10:00Z,Pre-Game,3,Michael King,650633,R,54.0,Longshot,Watch List,"Good Environment, Premium Lineup Spot, Platoon Edge, Hot Hitter/Streak",27.2,39.8,73.2,96.6,75.0,83.6,Yes,Yes,3,Yes,No,MLB Stats API; RotoWire,,H:2026 P:2026/2025,,,Direct BvP not yet weighted; 2026/2025 Statcast baseline active,7,9,29,3,Hot streak: 3 HR in last 7 games,"switch hitter; pitcher baseline 9.4% barrel, 17.6 HR allowed",neutral batted-ball profile; pitcher fly-ball pressure modest,5.5,36.2,87.9,98.7904,0.395,0.149,0.313,73.3,34.9,48.9,29.4,10.0,0.202,9.37,34.46,87.24,0.4123,0.1744,27.75,Out To LF,77,Coors Field,
29,667472,Dane Myers,CIN,LAD,2026-09-17T16:40:00Z,Warmup,1,Justin Wrobleski,680736,L,53.8,Longshot,Watch List,"Good Environment, Premium Lineup Spot, Platoon Edge",25.9,48.2,81.8,93.2,78.0,27.6,Yes,Yes,1,Yes,No,MLB Stats API; RotoWire,,H:2026/2025 P:2026/2025,,,Direct BvP not yet weighted; 2026/2025 Statcast baseline active,7,4,22,1,"Last 7 games: 4/22, 1 HR","platoon edge; pitcher baseline 8.1% barrel, 16.5 HR allowed",neutral batted-ball profile; pitcher fly-ball pressure modest,5.56,38.36,89.79,99.2052,0.3691,0.1274,0.3106,71.04,17.98,28.7,24.26,6.7,0.1092,8.07,44.79,90.6,0.4234,0.1612,28.35,Out To LF,89,Great American Ball Park,
30,694192,Jackson Chourio,MIL,PIT,2026-09-17T16:35:00Z,Warmup,3,Wilber Dotel,696062,R,53.6,Longshot,Watch List,"Strong Barrel, Premium Lineup Spot, Hot Hitter/Streak",49.8,27.6,57.8,96.6,50.0,77.8,Yes,Yes,3,Yes,No,MLB Stats API; RotoWire,,H:2026/2025 P:2026,,,Direct BvP not yet weighted; 2026/2025 Statcast baseline active,7,13,33,2,Hot streak: 2 HR in last 7 games,"same-side matchup; pitcher baseline 3.0% barrel, 2.0 HR allowed",neutral batted-ball profile; pitcher fly-ball pressure modest,11.52,45.59,90.91,101.885,0.4568,0.1993,0.3294,74.25,44.8,31.43,29.06,22.4,0.1958,3.0,46.0,90.7,0.355,0.106,27.0,Out To LF,75,PNC Park,
31,545341,Randal Grichuk,CWS,DET,2026-09-17T23:40:00Z,Scheduled,2,Framber Valdez,664285,L,53.2,Longshot,Watch List,"Projected Lineup, Strong Barrel, Premium Lineup Spot, Platoon Edge",52.3,34.5,27.6,95.5,78.0,62.8,No,No,2,Yes,Yes,RotoWire projected lineup; MLB probable pitchers,lineup projected / unconfirmed,H:2026/2025 P:2026/2025,,,Direct BvP not yet weighted; 2026/2025 Statcast baseline active,7,10,24,1,Contact streak: 10/24 over last 7 games,"platoon edge; pitcher baseline 5.9% barrel, 15.0 HR allowed",neutral batted-ball profile; pitcher fly-ball pressure modest,11.28,49.29,91.77,103.1427,0.471,0.1956,0.333,74.32,44.99,45.03,28.99,11.8,0.2458,5.93,43.22,90.17,0.384,0.129,18.04,,,Rate Field,
32,677951,Bobby Witt,KC,HOU,2026-09-17T23:15:00Z,Scheduled,2,,,,52.9,Longshot,Watch List,"Projected Lineup, Strong Barrel, Premium Lineup Spot",56.5,41.2,27.6,95.5,60.0,29.2,No,No,2,Yes,Yes,RotoWire projected lineup; MLB probable pitchers,lineup projected / unconfirmed,H:2026/2025 P:,,,Direct BvP not yet weighted; 2026/2025 Statcast baseline active,7,5,26,1,"Last 7 games: 5/26, 1 HR","handedness incomplete; pitcher baseline 0.0% barrel, 0.0 HR allowed",EV profile; pitcher fly-ball pressure modest,12.01,49.9,92.67,103.4712,0.5066,0.2115,0.3748,73.95,42.65,30.87,27.55,19.5,0.178,,,,,,,,,Daikin Park,
33,596019,Francisco Lindor,NYM,PHI,2026-09-17T23:15:00Z,Scheduled,1,Aaron Nola,605400,R,52.6,Longshot,Watch List,"Projected Lineup, Premium Lineup Spot, Platoon Edge, Hot Hitter/Streak",45.1,46.9,24.8,88.7,75.0,70.9,No,No,1,Yes,Yes,RotoWire projected lineup; MLB probable pitchers,lineup projected / unconfirmed,H:2026/2025 P:2026/2025,,,Direct BvP not yet weighted; 2026/2025 Statcast baseline active,7,7,31,3,Hot streak: 3 HR in last 7 games,"switch hitter; pitcher baseline 9.3% barrel, 29.2 HR allowed",neutral batted-ball profile; pitcher fly-ball pressure modest,8.97,46.64,90.92,100.3308,0.4372,0.1933,0.3338,72.16,23.93,44.97,32.61,23.3,0.2053,9.31,41.27,88.77,0.4142,0.1724,27.46,,,Citi Field,
34,680574,Matt McLain,CIN,LAD,2026-09-17T16:40:00Z,Warmup,6,Justin Wrobleski,680736,L,52.5,Longshot,Watch List,"Good Environment, Platoon Edge",33.0,48.2,81.8,76.2,78.0,2.5,Yes,Yes,6,Yes,No,MLB Stats API; RotoWire,,H:2026/2025 P:2026/2025,,,Direct BvP not yet weighted; 2026/2025 Statcast baseline active,7,3,22,0,"Last 7 games: 3/22, 0 HR","platoon edge; pitcher baseline 8.1% barrel, 16.5 HR allowed",neutral batted-ball profile; pitcher fly-ball pressure modest,9.13,37.76,88.45,98.9958,0.3697,0.1539,0.2987,70.93,9.89,36.41,33.36,15.0,0.1454,8.07,44.79,90.6,0.4234,0.1612,28.35,Out To LF,89,Great American Ball Park,
35,681393,Connor Norby,COL,SD,2026-09-17T19:10:00Z,Pre-Game,2,Michael King,650633,R,52.5,Longshot,Watch List,"Good Environment, Premium Lineup Spot",31.0,41.7,73.2,100.0,50.0,56.6,Yes,Yes,2,Yes,No,MLB Stats API; RotoWire,,H:2026/2025 P:2026/2025,,,Direct BvP not yet weighted; 2026/2025 Statcast baseline active,7,9,24,1,Contact streak: 9/24 over last 7 games,"same-side matchup; pitcher baseline 9.4% barrel, 17.6 HR allowed",fly-ball profile; pitcher fly-ball pressure modest,8.42,37.1,87.46,98.232,0.3792,0.1564,0.307,70.28,8.76,42.38,35.56,7.3,0.1408,9.37,34.46,87.24,0.4123,0.1744,27.75,Out To LF,77,Coors Field,
36,592626,Joc Pederson,TEX,BOS,2026-09-18T00:05:00Z,Scheduled,1,Sonny Gray,543243,R,52.2,Longshot,Watch List,"Projected Lineup, Strong Barrel, Premium Lineup Spot, Platoon Edge",49.6,38.6,27.6,88.7,80.0,56.2,No,No,1,Yes,Yes,RotoWire projected lineup; MLB probable pitchers,lineup projected / unconfirmed,H:2026/2025 P:2026/2025,,,Direct BvP not yet weighted; 2026/2025 Statcast baseline active,7,4,16,2,Hot streak: 2 HR in last 7 games,"platoon edge; pitcher baseline 7.7% barrel, 18.0 HR allowed",neutral batted-ball profile; pitcher fly-ball pressure modest,10.76,49.07,91.83,102.03,0.4294,0.1943,0.3346,72.53,25.62,43.32,30.73,20.9,0.2205,7.7,39.37,89.18,0.3936,0.1439,22.85,,,Globe Life Field,
37,695506,Jac Caglianone,KC,HOU,2026-09-17T23:15:00Z,Scheduled,3,,,,51.8,Longshot,Watch List,"Projected Lineup, Strong Barrel, Premium Lineup Spot",57.8,41.2,27.6,92.1,60.0,8.5,No,No,3,Yes,Yes,RotoWire projected lineup; MLB probable pitchers,lineup projected / unconfirmed,H:2026/2025 P:,,,Direct BvP not yet weighted; 2026/2025 Statcast baseline active,7,3,17,0,"Last 7 games: 3/17, 0 HR","handedness incomplete; pitcher baseline 0.0% barrel, 0.0 HR allowed",neutral batted-ball profile; pitcher fly-ball pressure modest,13.12,50.87,91.99,104.7336,0.4786,0.2129,0.3434,77.26,74.27,44.42,22.54,18.2,0.1863,,,,,,,,,Daikin Park,
38,668930,Brice Turang,MIL,PIT,2026-09-17T16:35:00Z,Warmup,1,Wilber Dotel,696062,R,51.6,Longshot,Watch List,"Premium Lineup Spot, Platoon Edge, Hot Hitter/Streak",36.5,27.6,57.8,93.2,80.0,81.7,Yes,Yes,1,Yes,No,MLB Stats API; RotoWire,,H:2026/2025 P:2026,,,Direct BvP not yet weighted; 2026/2025 Statcast baseline active,7,11,22,2,Hot streak: 2 HR in last 7 games,"platoon edge; pitcher baseline 3.0% barrel, 2.0 HR allowed",neutral batted-ball profile; pitcher fly-ball pressure modest,7.72,43.27,90.47,100.3461,0.429,0.1712,0.3434,70.25,13.48,28.0,23.64,18.7,0.1687,3.0,46.0,90.7,0.355,0.106,27.0,Out To LF,75,PNC Park,
39,682877,Juan Brito,CIN,LAD,2026-09-17T16:40:00Z,Warmup,5,Justin Wrobleski,680736,L,51.6,Longshot,Watch List,"Good Environment, Platoon Edge",18.7,46.4,81.8,86.4,75.0,63.3,Yes,Yes,5,Yes,No,MLB Stats API; RotoWire,,H:2026 P:2026/2025,,,Direct BvP not yet weighted; 2026/2025 Statcast baseline active,7,9,21,1,Contact streak: 9/21 over last 7 games,"switch hitter; pitcher baseline 8.1% barrel, 16.5 HR allowed",neutral batted-ball profile; pitcher fly-ball pressure modest,6.5,32.3,85.5,97.1033,0.37,0.134,0.292,69.6,5.3,48.4,22.6,2.0,0.145,8.07,44.79,90.6,0.4234,0.1612,28.35,Out To LF,89,Great American Ball Park,
40,593428,Xander Bogaerts,SD,COL,2026-09-17T19:10:00Z,Pre-Game,6,Tanner Gordon,685299,R,51.6,Longshot,Watch List,Good Environment,28.3,61.7,73.2,76.2,50.0,26.4,Yes,Yes,6,Yes,No,MLB Stats API; RotoWire,,H:2026/2025 P:2026/2025,,,Direct BvP not yet weighted; 2026/2025 Statcast baseline active,7,8,27,0,"Last 7 games: 8/27, 0 HR","same-side matchup; pitcher baseline 10.7% barrel, 17.4 HR allowed",neutral batted-ball profile; pitcher allows elevated contact,5.99,41.02,89.28,100.1995,0.3815,0.1306,0.3221,72.31,28.08,43.24,23.55,11.0,0.1077,10.73,42.32,90.59,0.4838,0.2111,33.46,Out To LF,77,Coors Field,
41,669242,Tommy Edman,LAD,CIN,2026-09-17T16:40:00Z,Warmup,1,Brady Singer,663903,R,51.5,Longshot,Watch List,"Good Environment, Premium Lineup Spot, Platoon Edge",20.1,53.1,81.8,93.2,75.0,0.0,Yes,Yes,1,Yes,No,MLB Stats API; RotoWire,,H:2026/2025 P:2026/2025,,,Direct BvP not yet weighted; 2026/2025 Statcast baseline active,7,1,22,0,"Last 7 games: 1/22, 0 HR","switch hitter; pitcher baseline 9.8% barrel, 26.7 HR allowed",neutral batted-ball profile; pitcher fly-ball pressure modest,4.85,35.56,87.67,98.8538,0.3662,0.1132,0.3105,70.59,13.44,43.3,26.71,8.1,0.136,9.82,42.1,90.79,0.4454,0.18,26.86,Out To LF,89,Great American Ball Park,
42,687263,Zach Neto,LAA,MIN,2026-09-18T01:38:00Z,Scheduled,1,Taj Bradley,671737,R,51.5,Longshot,Watch List,"Projected Lineup, Strong Barrel, Premium Lineup Spot",47.9,48.1,28.2,88.7,50.0,59.1,No,No,1,Yes,Yes,RotoWire projected lineup; MLB probable pitchers,lineup projected / unconfirmed,H:2026/2025 P:2026/2025,,,Direct BvP not yet weighted; 2026/2025 Statcast baseline active,7,7,26,2,Hot streak: 2 HR in last 7 games,"same-side matchup; pitcher baseline 8.7% barrel, 21.8 HR allowed",neutral batted-ball profile; pitcher fly-ball pressure modest,12.18,42.54,90.02,100.2734,0.4355,0.2097,0.3209,71.4,15.16,47.27,34.12,26.0,0.2051,8.73,43.61,90.39,0.3885,0.1592,29.12,,,Angel Stadium,
43,676439,Hunter Feduccia,LAD,CIN,2026-09-17T16:40:00Z,Warmup,7,Brady Singer,663903,R,51.3,Longshot,Watch List,"Good Environment, Platoon Edge",27.6,54.3,81.8,64.3,80.0,13.6,Yes,Yes,7,Yes,No,MLB Stats API; RotoWire,,H:2026/2025 P:2026/2025,,,Direct BvP not yet weighted; 2026/2025 Statcast baseline active,7,4,19,0,"Last 7 games: 4/19, 0 HR","platoon edge; pitcher baseline 9.8% barrel, 26.7 HR allowed",neutral batted-ball profile; pitcher fly-ball pressure modest,7.99,37.35,89.14,98.8542,0.3503,0.122,0.3058,70.71,12.7,33.01,26.75,2.1,0.0864,9.82,42.1,90.79,0.4454,0.18,26.86,Out To LF,89,Great American Ball Park,
44,650490,Yandy Díaz,TB,ATH,2026-09-17T17:10:00Z,Pre-Game,1,Jeffrey Springs,605488,L,51.3,Longshot,Watch List,"Premium Lineup Spot, Platoon Edge",41.8,46.5,41.1,93.2,78.0,2.7,Yes,Yes,1,Yes,No,MLB Stats API; RotoWire,,H:2026/2025 P:2026/2025,,,Direct BvP not yet weighted; 2026/2025 Statcast baseline active,7,4,29,0,"Last 7 games: 4/29, 0 HR","platoon edge; pitcher baseline 8.9% barrel, 31.5 HR allowed",neutral batted-ball profile; pitcher allows elevated contact,7.6,49.7,91.6,103.2926,0.4502,0.1656,0.3512,73.57,37.58,23.6,19.58,22.9,0.1666,8.94,35.69,87.74,0.4429,0.1918,32.02,None,72,Tropicana Field,
45,678246,Miguel Vargas,CWS,DET,2026-09-17T23:40:00Z,Scheduled,3,Framber Valdez,664285,L,51.0,Longshot,Watch List,"Projected Lineup, Strong Barrel, Premium Lineup Spot, Platoon Edge",50.9,34.5,27.6,92.1,78.0,37.8,No,No,3,Yes,Yes,RotoWire projected lineup; MLB probable pitchers,lineup projected / unconfirmed,H:2026/2025 P:2026/2025,,,Direct BvP not yet weighted; 2026/2025 Statcast baseline active,7,7,28,1,"Last 7 games: 7/28, 1 HR","platoon edge; pitcher baseline 5.9% barrel, 15.0 HR allowed",fly-ball profile; pitcher fly-ball pressure modest,12.13,43.23,90.05,100.2306,0.4742,0.2172,0.361,72.91,33.3,44.21,35.24,26.5,0.2069,5.93,43.22,90.17,0.384,0.129,18.04,,,Rate Field,
46,690976,Alex Freeland,LAD,CIN,2026-09-17T16:40:00Z,Warmup,8,Brady Singer,663903,R,50.7,Longshot,Watch List,"Good Environment, Platoon Edge",25.8,53.1,81.8,52.4,75.0,62.1,Yes,Yes,8,Yes,No,MLB Stats API; RotoWire,,H:2026/2025 P:2026/2025,,,Direct BvP not yet weighted; 2026/2025 Statcast baseline active,7,7,17,1,Contact streak: 7/17 over last 7 games,"switch hitter; pitcher baseline 9.8% barrel, 26.7 HR allowed",neutral batted-ball profile; pitcher fly-ball pressure modest,6.39,39.05,89.93,99.0767,0.3242,0.1196,0.2838,70.77,10.1,35.48,25.34,3.4,0.1004,9.82,42.1,90.79,0.4454,0.18,26.86,Out To LF,89,Great American Ball Park,
47,687957,Dustin Harris,SD,COL,2026-09-17T19:10:00Z,Pre-Game,2,Tanner Gordon,685299,R,50.4,Longshot,Watch List,"Good Environment, Premium Lineup Spot, Platoon Edge",5.4,61.7,73.2,100.0,80.0,32.0,Yes,Yes,2,Yes,No,MLB Stats API; RotoWire,,H:2026/2025 P:2026/2025,,,Direct BvP not yet weighted; 2026/2025 Statcast baseline active,7,8,24,0,Contact streak: 8/24 over last 7 games,"platoon edge; pitcher baseline 10.7% barrel, 17.4 HR allowed",neutral batted-ball profile; pitcher allows elevated contact,2.79,22.96,85.43,95.2817,0.3548,0.096,0.3045,67.03,2.73,48.2,21.28,0.3,0.1136,10.73,42.32,90.59,0.4838,0.2111,33.46,Out To LF,77,Coors Field,
48,664954,Brett Sullivan,COL,SD,2026-09-17T19:10:00Z,Pre-Game,8,Michael King,650633,R,50.2,Longshot,Watch List,"Strong Barrel, Good Environment, Platoon Edge",42.1,41.7,73.2,52.4,80.0,15.3,Yes,Yes,8,Yes,No,MLB Stats API; RotoWire,,H:2026/2025 P:2026/2025,,,Direct BvP not yet weighted; 2026/2025 Statcast baseline active,7,4,18,0,"Last 7 games: 4/18, 0 HR","platoon edge; pitcher baseline 9.4% barrel, 17.6 HR allowed",neutral batted-ball profile; pitcher fly-ball pressure modest,10.37,52.54,90.02,97.84,0.3596,0.1542,0.3103,69.16,5.39,50.63,34.67,4.9,0.1239,9.37,34.46,87.24,0.4123,0.1744,27.75,Out To LF,77,Coors Field,
49,607043,Brandon Nimmo,TEX,BOS,2026-09-18T00:05:00Z,Scheduled,4,Sonny Gray,543243,R,49.9,Longshot,Watch List,"Projected Lineup, Premium Lineup Spot, Platoon Edge",46.3,38.6,27.6,90.4,80.0,26.4,No,No,4,Yes,Yes,RotoWire projected lineup; MLB probable pitchers,lineup projected / unconfirmed,H:2026/2025 P:2026/2025,,,Direct BvP not yet weighted; 2026/2025 Statcast baseline active,7,8,27,0,"Last 7 games: 8/27, 0 HR","platoon edge; pitcher baseline 7.7% barrel, 18.0 HR allowed",EV profile; pitcher fly-ball pressure modest,9.22,50.83,92.04,102.1003,0.4428,0.1768,0.3378,72.34,27.74,33.52,25.77,17.3,0.1572,7.7,39.37,89.18,0.3936,0.1439,22.85,,,Globe Life Field,
50,547180,Bryce Harper,PHI,NYM,2026-09-17T23:15:00Z,Scheduled,3,Nolan McLean,690997,R,49.8,Longshot,Watch List,"Projected Lineup, Strong Barrel, Premium Lineup Spot, Platoon Edge",51.0,30.2,24.8,92.1,80.0,37.8,No,No,3,Yes,Yes,RotoWire projected lineup; MLB probable pitchers,lineup projected / unconfirmed,H:2026/2025 P:2026/2025,,,Direct BvP not yet weighted; 2026/2025 Statcast baseline active,7,7,28,1,"Last 7 games: 7/28, 1 HR","platoon edge; pitcher baseline 7.2% barrel, 13.1 HR allowed",neutral batted-ball profile; pitcher fly-ball pressure modest,11.32,45.05,90.6,101.7967,0.492,0.2205,0.3799,74.1,44.94,38.54,27.03,27.7,0.2253,7.16,38.22,88.38,0.3478,0.1246,21.35,,,Citi Field,
51,694208,Moises Ballesteros,LAA,MIN,2026-09-18T01:38:00Z,Scheduled,5,Taj Bradley,671737,R,49.8,Longshot,Watch List,"Projected Lineup, Platoon Edge, Hot Hitter/Streak",34.2,48.1,28.2,81.9,80.0,81.7,No,No,5,Yes,Yes,RotoWire projected lineup; MLB probable pitchers,lineup projected / unconfirmed,H:2026/2025 P:2026/2025,,,Direct BvP not yet weighted; 2026/2025 Statcast baseline active,7,10,20,2,Hot streak: 2 HR in last 7 games,"platoon edge; pitcher baseline 8.7% barrel, 21.8 HR allowed",neutral batted-ball profile; pitcher fly-ball pressure modest,8.17,43.24,90.15,100.8074,0.3867,0.1457,0.3102,72.36,29.3,34.5,20.79,6.9,0.1438,8.73,43.61,90.39,0.3885,0.1592,29.12,,,Angel Stadium,
52,671732,Lawrence Butler,ATH,TB,2026-09-17T17:10:00Z,Pre-Game,3,Drew Rasmussen,656876,R,49.6,Longshot,Watch List,"Premium Lineup Spot, Platoon Edge",37.0,29.6,41.1,96.6,80.0,69.1,Yes,Yes,3,Yes,No,MLB Stats API; RotoWire,,H:2026/2025 P:2026/2025,,,Direct BvP not yet weighted; 2026/2025 Statcast baseline active,7,6,28,3,Hot streak: 3 HR in last 7 games,"platoon edge; pitcher baseline 6.1% barrel, 15.2 HR allowed",neutral batted-ball profile; pitcher fly-ball pressure modest,8.5,44.96,90.01,101.8654,0.3905,0.1535,0.3162,73.63,37.81,35.24,22.14,17.5,0.1588,6.09,37.35,88.99,0.3575,0.1257,23.17,None,72,Tropicana Field,
53,676724,Jared Young,NYM,PHI,2026-09-17T23:15:00Z,Scheduled,5,Aaron Nola,605400,R,49.5,Longshot,Watch List,"Projected Lineup, Platoon Edge",40.6,47.7,24.8,81.9,80.0,44.1,No,No,5,Yes,Yes,RotoWire projected lineup; MLB probable pitchers,lineup projected / unconfirmed,H:2026/2025 P:2026/2025,,,Direct BvP not yet weighted; 2026/2025 Statcast baseline active,7,7,24,1,"Last 7 games: 7/24, 1 HR","platoon edge; pitcher baseline 9.3% barrel, 29.2 HR allowed",neutral batted-ball profile; pitcher fly-ball pressure modest,9.68,44.83,88.66,101.0331,0.4175,0.1815,0.3142,73.37,33.25,41.4,26.95,7.5,0.2047,9.31,41.27,88.77,0.4142,0.1724,27.46,,,Citi Field,
54,690993,Colt Keith,DET,CWS,2026-09-17T23:40:00Z,Scheduled,3,Erick Fedde,607200,R,49.5,Longshot,Watch List,"Projected Lineup, Premium Lineup Spot, Platoon Edge",36.1,48.1,27.6,92.1,80.0,35.6,No,No,3,Yes,Yes,RotoWire projected lineup; MLB probable pitchers,lineup projected / unconfirmed,H:2026/2025 P:2026/2025,,,Direct BvP not yet weighted; 2026/2025 Statcast baseline active,7,4,17,1,"Last 7 games: 4/17, 1 HR","platoon edge; pitcher baseline 8.1% barrel, 21.8 HR allowed",neutral batted-ball profile; pitcher fly-ball pressure modest,8.15,42.86,89.23,100.3346,0.4328,0.1625,0.3375,71.61,16.9,37.38,26.3,10.9,0.15,8.11,40.78,89.08,0.4477,0.186,29.4,,,Rate Field,
55,691720,Kyle Karros,COL,SD,2026-09-17T19:10:00Z,Pre-Game,5,Michael King,650633,R,48.7,Longshot,Watch List,Good Environment,25.1,41.7,73.2,86.4,50.0,56.2,Yes,Yes,5,Yes,No,MLB Stats API; RotoWire,,H:2026/2025 P:2026/2025,,,Direct BvP not yet weighted; 2026/2025 Statcast baseline active,7,7,28,2,Hot streak: 2 HR in last 7 games,"same-side matchup; pitcher baseline 9.4% barrel, 17.6 HR allowed",neutral batted-ball profile; pitcher fly-ball pressure modest,6.32,38.39,88.95,99.5299,0.3684,0.1257,0.3168,69.8,5.51,38.8,23.85,8.7,0.1322,9.37,34.46,87.24,0.4123,0.1744,27.75,Out To LF,77,Coors Field,
56,804606,Konnor Griffin,PIT,MIL,2026-09-17T16:35:00Z,Warmup,1,Kyle Harrison,690986,L,48.6,Longshot,Watch List,"Premium Lineup Spot, Platoon Edge",27.6,41.5,57.8,93.2,78.0,15.9,Yes,Yes,1,Yes,No,MLB Stats API; RotoWire,,H:2026 P:2026/2025,,,Direct BvP not yet weighted; 2026/2025 Statcast baseline active,7,7,31,0,"Last 7 games: 7/31, 0 HR","platoon edge; pitcher baseline 8.1% barrel, 15.2 HR allowed",neutral batted-ball profile; pitcher fly-ball pressure modest,7.2,36.0,87.5,100.3971,0.383,0.14,0.3,75.6,56.9,40.1,17.3,5.0,0.122,8.06,39.55,89.58,0.3943,0.1511,28.09,Out To LF,75,PNC Park,
57,668723,Ryan Vilade,TB,ATH,2026-09-17T17:10:00Z,Pre-Game,7,Jeffrey Springs,605488,L,48.6,Longshot,Watch List,Platoon Edge,45.5,46.5,41.1,64.3,78.0,5.1,Yes,Yes,7,Yes,No,MLB Stats API; RotoWire,,H:2026/2025 P:2026/2025,,,Direct BvP not yet weighted; 2026/2025 Statcast baseline active,7,2,13,0,"Last 7 games: 2/13, 0 HR","platoon edge; pitcher baseline 8.9% barrel, 31.5 HR allowed",neutral batted-ball profile; pitcher allows elevated contact,8.86,50.92,91.84,102.7272,0.4082,0.1646,0.3202,75.84,58.42,24.43,24.82,7.7,0.1442,8.94,35.69,87.74,0.4429,0.1918,32.02,None,72,Tropicana Field,
58,805808,Kevin McGonigle,DET,CWS,2026-09-17T23:40:00Z,Scheduled,1,Erick Fedde,607200,R,48.6,Longshot,Watch List,"Projected Lineup, Premium Lineup Spot, Platoon Edge",33.7,48.1,27.6,88.7,80.0,44.8,No,No,1,Yes,Yes,RotoWire projected lineup; MLB probable pitchers,lineup projected / unconfirmed,H:2026 P:2026/2025,,,Direct BvP not yet weighted; 2026/2025 Statcast baseline active,7,8,27,1,"Last 7 games: 8/27, 1 HR","platoon edge; pitcher baseline 8.1% barrel, 21.8 HR allowed",fly-ball profile; pitcher fly-ball pressure modest,7.1,37.2,88.0,98.3846,0.443,0.177,0.357,71.3,16.2,37.8,35.5,17.0,0.15,8.11,40.78,89.08,0.4477,0.186,29.4,,,Rate Field,
59,664983,Jake McCarthy,COL,SD,2026-09-17T19:10:00Z,Pre-Game,1,Michael King,650633,R,48.5,Longshot,Watch List,"Good Environment, Premium Lineup Spot, Platoon Edge",16.9,41.7,73.2,93.2,80.0,33.7,Yes,Yes,1,Yes,No,MLB Stats API; RotoWire,,H:2026/2025 P:2026/2025,,,Direct BvP not yet weighted; 2026/2025 Statcast baseline active,7,10,29,0,Contact streak: 10/29 over last 7 games,"platoon edge; pitcher baseline 9.4% barrel, 17.6 HR allowed",neutral batted-ball profile; pitcher fly-ball pressure modest,5.37,28.37,85.33,96.8988,0.4034,0.1371,0.314,70.89,13.12,37.59,21.73,11.7,0.1732,9.37,34.46,87.24,0.4123,0.1744,27.75,Out To LF,77,Coors Field,
60,679529,Spencer Torkelson,DET,CWS,2026-09-17T23:40:00Z,Scheduled,7,Erick Fedde,607200,R,48.5,Longshot,Watch List,"Projected Lineup, Strong Barrel, Hot Hitter/Streak",48.0,48.1,27.6,59.8,50.0,81.7,No,No,7,Yes,Yes,RotoWire projected lineup; MLB probable pitchers,lineup projected / unconfirmed,H:2026/2025 P:2026/2025,,,Direct BvP not yet weighted; 2026/2025 Statcast baseline active,7,8,19,2,Hot streak: 2 HR in last 7 games,"same-side matchup; pitcher baseline 8.1% barrel, 21.8 HR allowed",fly-ball profile; pitcher fly-ball pressure modest,12.52,42.79,89.64,100.2063,0.414,0.1978,0.3186,73.14,26.23,47.7,36.11,26.1,0.2027,8.11,40.78,89.08,0.4477,0.186,29.4,,,Rate Field,
61,665019,Kody Clemens,MIN,LAA,2026-09-18T01:38:00Z,Scheduled,3,Walbert Ureña,700712,R,48.5,Longshot,Watch List,"Projected Lineup, Strong Barrel, Premium Lineup Spot, Platoon Edge",52.6,20.4,28.2,92.1,80.0,37.8,No,No,3,Yes,Yes,RotoWire projected lineup; MLB probable pitchers,lineup projected / unconfirmed,H:2026/2025 P:2026,,,Direct BvP not yet weighted; 2026/2025 Statcast baseline active,7,7,28,1,"Last 7 games: 7/28, 1 HR","platoon edge; pitcher baseline 5.6% barrel, 9.0 HR allowed",neutral batted-ball profile; pitcher fly-ball pressure modest,11.72,47.11,91.99,101.4875,0.4594,0.2097,0.3345,72.06,14.49,46.29,33.32,23.9,0.2266,5.6,36.4,87.3,0.317,0.109,22.5,,,Angel Stadium,
62,665161,Jeremy Pena,HOU,KC,2026-09-17T23:15:00Z,Scheduled,1,Seth Lugo,607625,R,48.2,Longshot,Watch List,"Projected Lineup, Premium Lineup Spot, Hot Hitter/Streak",32.3,52.8,27.6,88.7,50.0,76.4,No,No,1,Yes,Yes,RotoWire projected lineup; MLB probable pitchers,lineup projected / unconfirmed,H:2026/2025 P:2026/2025,,,Direct BvP not yet weighted; 2026/2025 Statcast baseline active,7,10,26,2,Hot streak: 2 HR in last 7 games,"same-side matchup; pitcher baseline 8.7% barrel, 21.4 HR allowed",neutral batted-ball profile; pitcher fly-ball pressure modest,7.08,40.73,88.62,100.0253,0.4264,0.1557,0.3291,72.23,14.83,45.99,24.85,18.4,0.187,8.72,43.38,90.0,0.459,0.1883,28.76,,,Daikin Park,
63,663647,Ke'Bryan Hayes,CIN,LAD,2026-09-17T16:40:00Z,Warmup,8,Justin Wrobleski,680736,L,48.1,Longshot,Watch List,"Good Environment, Platoon Edge",29.9,48.2,81.8,52.4,78.0,0.0,Yes,Yes,8,Yes,No,MLB Stats API; RotoWire,,H:2026/2025 P:2026/2025,,,Direct BvP not yet weighted; 2026/2025 Statcast baseline active,7,1,16,0,"Last 7 games: 1/16, 0 HR","platoon edge; pitcher baseline 8.1% barrel, 16.5 HR allowed",neutral batted-ball profile; pitcher fly-ball pressure modest,6.63,40.89,90.28,99.8883,0.37,0.1306,0.2911,70.89,7.5,30.11,26.87,5.0,0.0843,8.07,44.79,90.6,0.4234,0.1612,28.35,Out To LF,89,Great American Ball Park,
64,669134,Luis Campusano,SD,COL,2026-09-17T19:10:00Z,Pre-Game,7,Tanner Gordon,685299,R,48.1,Longshot,Watch List,Good Environment,21.3,61.7,73.2,64.3,50.0,35.3,Yes,Yes,7,Yes,No,MLB Stats API; RotoWire,,H:2026/2025 P:2026/2025,,,Direct BvP not yet weighted; 2026/2025 Statcast baseline active,7,7,30,1,"Last 7 games: 7/30, 1 HR","same-side matchup; pitcher baseline 10.7% barrel, 17.4 HR allowed",neutral batted-ball profile; pitcher allows elevated contact,6.16,36.23,87.8,98.5433,0.3095,0.1162,0.2955,73.03,30.41,46.63,20.36,5.6,0.1274,10.73,42.32,90.59,0.4838,0.2111,33.46,Out To LF,77,Coors Field,
65,521692,Salvador Perez,KC,HOU,2026-09-17T23:15:00Z,Scheduled,4,,,,48.1,Longshot,Watch List,"Projected Lineup, Strong Barrel, Premium Lineup Spot",46.7,41.2,27.6,90.4,60.0,12.0,No,No,4,Yes,Yes,RotoWire projected lineup; MLB probable pitchers,lineup projected / unconfirmed,H:2026/2025 P:,,,Direct BvP not yet weighted; 2026/2025 Statcast baseline active,7,5,25,0,"Last 7 games: 5/25, 0 HR","handedness incomplete; pitcher baseline 0.0% barrel, 0.0 HR allowed",neutral batted-ball profile; pitcher fly-ball pressure modest,11.44,43.76,89.3,100.7796,0.4591,0.2065,0.3241,72.06,22.49,41.77,30.99,22.3,0.1673,,,,,,,,,Daikin Park,
66,701807,Carson Benge,NYM,PHI,2026-09-17T23:15:00Z,Scheduled,4,Aaron Nola,605400,R,48.1,Longshot,Watch List,"Projected Lineup, Premium Lineup Spot, Platoon Edge",32.2,47.7,24.8,90.4,80.0,49.7,No,No,4,Yes,Yes,RotoWire projected lineup; MLB probable pitchers,lineup projected / unconfirmed,H:2026 P:2026/2025,,,Direct BvP not yet weighted; 2026/2025 Statcast baseline active,7,6,29,2,Hot streak: 2 HR in last 7 games,"platoon edge; pitcher baseline 9.3% barrel, 29.2 HR allowed",neutral batted-ball profile; pitcher fly-ball pressure modest,7.4,38.6,88.7,99.5662,0.434,0.158,0.338,71.1,17.6,33.9,27.3,18.0,0.143,9.31,41.27,88.77,0.4142,0.1724,27.46,,,Citi Field,
67,575929,Willson Contreras,BOS,TEX,2026-09-18T00:05:00Z,Scheduled,4,Tyler Alexander,641302,L,48.0,Longshot,Watch List,"Projected Lineup, Strong Barrel, Premium Lineup Spot, Platoon Edge",56.4,17.7,27.6,90.4,78.0,26.4,No,No,4,Yes,Yes,RotoWire projected lineup; MLB probable pitchers,lineup projected / unconfirmed,H:2026/2025 P:2026/2025,,,Direct BvP not yet weighted; 2026/2025 Statcast baseline active,7,4,23,1,"Last 7 games: 4/23, 1 HR","platoon edge; pitcher baseline 4.5% barrel, 4.8 HR allowed",neutral batted-ball profile; pitcher fly-ball pressure modest,13.62,45.71,90.04,102.6842,0.4873,0.231,0.3713,76.7,68.24,46.31,28.49,24.9,0.2278,4.5,34.56,87.1,0.3526,0.1097,24.23,,,Globe Life Field,
68,681198,TJ Rumfield,COL,SD,2026-09-17T19:10:00Z,Pre-Game,4,Michael King,650633,R,47.3,Longshot,Watch List,"Good Environment, Premium Lineup Spot, Platoon Edge",12.8,41.7,73.2,94.9,80.0,32.0,Yes,Yes,4,Yes,No,MLB Stats API; RotoWire,,H:2026 P:2026/2025,,,Direct BvP not yet weighted; 2026/2025 Statcast baseline active,7,9,27,0,Contact streak: 9/27 over last 7 games,"platoon edge; pitcher baseline 9.4% barrel, 17.6 HR allowed",neutral batted-ball profile; pitcher fly-ball pressure modest,4.8,27.2,84.1,96.0531,0.389,0.126,0.336,68.4,7.7,41.2,28.6,15.0,0.155,9.37,34.46,87.24,0.4123,0.1744,27.75,Out To LF,77,Coors Field,
69,502054,Tommy Pham,CWS,DET,2026-09-17T23:40:00Z,Scheduled,4,Framber Valdez,664285,L,47.2,Longshot,Watch List,"Projected Lineup, Premium Lineup Spot, Platoon Edge",42.9,34.5,27.6,90.4,78.0,18.3,No,No,4,Yes,Yes,RotoWire projected lineup; MLB probable pitchers,lineup projected / unconfirmed,H:2026/2025 P:2026/2025,,,Direct BvP not yet weighted; 2026/2025 Statcast baseline active,7,1,10,1,"Last 7 games: 1/10, 1 HR","platoon edge; pitcher baseline 5.9% barrel, 15.0 HR allowed",lift-pull EV profile; pitcher fly-ball pressure modest,8.98,49.16,93.77,102.879,0.3218,0.1476,0.2424,71.48,18.75,46.28,33.94,3.7,0.1537,5.93,43.22,90.17,0.384,0.129,18.04,,,Rate Field,
70,693307,Dillon Dingler,DET,CWS,2026-09-17T23:40:00Z,Scheduled,5,Erick Fedde,607200,R,46.6,Longshot,Watch List,Projected Lineup,41.8,48.1,27.6,81.9,50.0,22.6,No,No,5,Yes,Yes,RotoWire projected lineup; MLB probable pitchers,lineup projected / unconfirmed,H:2026/2025 P:2026/2025,,,Direct BvP not yet weighted; 2026/2025 Statcast baseline active,7,4,27,1,"Last 7 games: 4/27, 1 HR","same-side matchup; pitcher baseline 8.1% barrel, 21.8 HR allowed",neutral batted-ball profile; pitcher fly-ball pressure modest,9.62,42.97,88.88,100.4725,0.4629,0.1955,0.3413,71.77,15.9,41.43,28.71,22.8,0.1904,8.11,40.78,89.08,0.4477,0.186,29.4,,,Rate Field,
71,703607,Henry Bolte,ATH,TB,2026-09-17T17:10:00Z,Pre-Game,1,Drew Rasmussen,656876,R,46.4,Longshot,Watch List,Premium Lineup Spot,38.2,29.6,41.1,93.2,50.0,59.1,Yes,Yes,1,Yes,No,MLB Stats API; RotoWire,,H:2026 P:2026/2025,,,Direct BvP not yet weighted; 2026/2025 Statcast baseline active,7,7,26,2,Hot streak: 2 HR in last 7 games,"same-side matchup; pitcher baseline 6.1% barrel, 15.2 HR allowed",neutral batted-ball profile; pitcher fly-ball pressure modest,8.2,47.8,90.9,104.4148,0.377,0.131,0.318,76.9,71.7,32.0,16.0,11.0,0.128,6.09,37.35,88.99,0.3575,0.1257,23.17,None,72,Tropicana Field,
72,630105,Jake Cronenworth,SD,COL,2026-09-17T19:10:00Z,Pre-Game,8,Tanner Gordon,685299,R,46.4,Longshot,Watch List,"Good Environment, Platoon Edge",14.3,61.7,73.2,52.4,80.0,26.4,Yes,Yes,8,Yes,No,MLB Stats API; RotoWire,,H:2026/2025 P:2026/2025,,,Direct BvP not yet weighted; 2026/2025 Statcast baseline active,7,8,27,0,"Last 7 games: 8/27, 0 HR","platoon edge; pitcher baseline 10.7% barrel, 17.4 HR allowed",neutral batted-ball profile; pitcher allows elevated contact,4.03,31.58,87.45,97.6737,0.3131,0.0986,0.284,71.32,17.32,31.68,24.54,6.8,0.0925,10.73,42.32,90.59,0.4838,0.2111,33.46,Out To LF,77,Coors Field,
73,596142,Gary Sánchez,MIL,PIT,2026-09-17T16:35:00Z,Warmup,5,Wilber Dotel,696062,R,46.3,Longshot,Watch List,No major boost,38.9,27.6,57.8,86.4,50.0,32.5,Yes,Yes,5,Yes,No,MLB Stats API; RotoWire,,H:2026/2025 P:2026,,,Direct BvP not yet weighted; 2026/2025 Statcast baseline active,7,3,14,1,"Last 7 games: 3/14, 1 HR","same-side matchup; pitcher baseline 3.0% barrel, 2.0 HR allowed",neutral batted-ball profile; pitcher fly-ball pressure modest,9.08,42.47,89.66,100.9025,0.4084,0.181,0.3332,71.78,24.84,47.1,27.65,9.2,0.2066,3.0,46.0,90.7,0.355,0.106,27.0,Out To LF,75,PNC Park,
74,673237,Yainer Diaz,HOU,KC,2026-09-17T23:15:00Z,Scheduled,5,Seth Lugo,607625,R,46.3,Longshot,Watch List,Projected Lineup,31.5,52.8,27.6,81.9,50.0,61.7,No,No,5,Yes,Yes,RotoWire projected lineup; MLB probable pitchers,lineup projected / unconfirmed,H:2026/2025 P:2026/2025,,,Direct BvP not yet weighted; 2026/2025 Statcast baseline active,7,9,22,1,Contact streak: 9/22 over last 7 games,"same-side matchup; pitcher baseline 8.7% barrel, 21.4 HR allowed",neutral batted-ball profile; pitcher fly-ball pressure modest,7.29,39.4,89.34,99.9889,0.4174,0.1515,0.3106,72.48,22.65,36.07,18.26,14.4,0.1617,8.72,43.38,90.0,0.459,0.1883,28.76,,,Daikin Park,
75,683734,Andrew Vaughn,MIL,PIT,2026-09-17T16:35:00Z,Warmup,4,Wilber Dotel,696062,R,46.2,Longshot,Watch List,Premium Lineup Spot,34.5,27.6,57.8,94.9,50.0,34.9,Yes,Yes,4,Yes,No,MLB Stats API; RotoWire,,H:2026/2025 P:2026,,,Direct BvP not yet weighted; 2026/2025 Statcast baseline active,7,6,17,0,Contact streak: 6/17 over last 7 games,"same-side matchup; pitcher baseline 3.0% barrel, 2.0 HR allowed",neutral batted-ball profile; pitcher fly-ball pressure modest,7.24,44.76,90.55,100.2334,0.4146,0.1444,0.3385,70.53,13.01,34.07,24.83,8.4,0.1479,3.0,46.0,90.7,0.355,0.106,27.0,Out To LF,75,PNC Park,
76,701678,Hao-Yu Lee,DET,CWS,2026-09-17T23:40:00Z,Scheduled,2,Erick Fedde,607200,R,46.2,Longshot,Watch List,"Projected Lineup, Premium Lineup Spot",33.9,48.1,27.6,95.5,50.0,29.2,No,No,2,Yes,Yes,RotoWire projected lineup; MLB probable pitchers,lineup projected / unconfirmed,H:2026 P:2026/2025,,,Direct BvP not yet weighted; 2026/2025 Statcast baseline active,7,5,26,1,"Last 7 games: 5/26, 1 HR","same-side matchup; pitcher baseline 8.1% barrel, 21.8 HR allowed",neutral batted-ball profile; pitcher fly-ball pressure modest,8.3,40.1,89.3,100.1556,0.389,0.161,0.297,71.6,23.2,28.1,26.3,9.0,0.158,8.11,40.78,89.08,0.4477,0.186,29.4,,,Rate Field,
77,687859,Troy Johnston,COL,SD,2026-09-17T19:10:00Z,Pre-Game,7,Michael King,650633,R,46.1,Longshot,Watch List,"Good Environment, Platoon Edge",24.7,41.7,73.2,64.3,80.0,15.3,Yes,Yes,7,Yes,No,MLB Stats API; RotoWire,,H:2026/2025 P:2026/2025,,,Direct BvP not yet weighted; 2026/2025 Statcast baseline active,7,6,27,0,"Last 7 games: 6/27, 0 HR","platoon edge; pitcher baseline 9.4% barrel, 17.6 HR allowed",neutral batted-ball profile; pitcher fly-ball pressure modest,4.43,38.39,89.74,98.9133,0.4027,0.1275,0.3289,70.25,5.3,39.93,23.93,4.0,0.1248,9.37,34.46,87.24,0.4123,0.1744,27.75,Out To LF,77,Coors Field,
78,666310,Bo Naylor,MIL,PIT,2026-09-17T16:35:00Z,Warmup,8,Wilber Dotel,696062,R,45.9,Longshot,Watch List,"Strong Barrel, Platoon Edge",42.9,27.6,57.8,52.4,80.0,37.8,Yes,Yes,8,Yes,No,MLB Stats API; RotoWire,,H:2026/2025 P:2026,,,Direct BvP not yet weighted; 2026/2025 Statcast baseline active,7,5,20,1,"Last 7 games: 5/20, 1 HR","platoon edge; pitcher baseline 3.0% barrel, 2.0 HR allowed",neutral batted-ball profile; pitcher fly-ball pressure modest,11.52,41.52,89.46,99.7851,0.399,0.183,0.2948,71.91,16.15,39.88,33.26,5.6,0.1189,3.0,46.0,90.7,0.355,0.106,27.0,Out To LF,75,PNC Park,
79,683146,Brett Baty,NYM,PHI,2026-09-17T23:15:00Z,Scheduled,8,Aaron Nola,605400,R,45.9,Longshot,Watch List,"Projected Lineup, Strong Barrel, Platoon Edge",44.2,47.7,24.8,47.9,80.0,45.3,No,No,8,Yes,Yes,RotoWire projected lineup; MLB probable pitchers,lineup projected / unconfirmed,H:2026/2025 P:2026/2025,,,Direct BvP not yet weighted; 2026/2025 Statcast baseline active,7,6,20,1,"Last 7 games: 6/20, 1 HR","platoon edge; pitcher baseline 9.3% barrel, 29.2 HR allowed",neutral batted-ball profile; pitcher fly-ball pressure modest,10.8,43.26,90.42,101.7196,0.415,0.1749,0.3172,75.08,54.07,35.33,26.87,12.4,0.1481,9.31,41.27,88.77,0.4142,0.1724,27.46,,,Citi Field,
80,662139,Daulton Varsho,HOU,KC,2026-09-17T23:15:00Z,Scheduled,6,Seth Lugo,607625,R,45.8,Longshot,Watch List,"Projected Lineup, Platoon Edge",35.6,52.8,27.6,71.7,80.0,0.0,No,No,6,Yes,Yes,RotoWire projected lineup; MLB probable pitchers,lineup projected / unconfirmed,H:2026/2025 P:2026/2025,,,Direct BvP not yet weighted; 2026/2025 Statcast baseline active,7,3,25,0,"Last 7 games: 3/25, 0 HR","platoon edge; pitcher baseline 8.7% barrel, 21.4 HR allowed",neutral batted-ball profile; pitcher fly-ball pressure modest,9.46,37.78,87.73,99.4425,0.3974,0.1676,0.2976,73.71,36.6,41.57,31.41,13.7,0.1847,8.72,43.38,90.0,0.459,0.1883,28.76,,,Daikin Park,
81,663330,Jahmai Jones,BOS,TEX,2026-09-18T00:05:00Z,Scheduled,2,Tyler Alexander,641302,L,45.7,Longshot,Watch List,"Projected Lineup, Strong Barrel, Premium Lineup Spot, Platoon Edge",50.8,17.7,27.6,95.5,78.0,3.4,No,No,2,Yes,Yes,RotoWire projected lineup; MLB probable pitchers,lineup projected / unconfirmed,H:2026/2025 P:2026/2025,,,Direct BvP not yet weighted; 2026/2025 Statcast baseline active,7,2,14,0,"Last 7 games: 2/14, 0 HR","platoon edge; pitcher baseline 4.5% barrel, 4.8 HR allowed",neutral batted-ball profile; pitcher fly-ball pressure modest,10.95,48.42,91.36,102.5473,0.4567,0.208,0.3486,73.46,36.12,50.18,28.2,5.6,0.1923,4.5,34.56,87.1,0.3526,0.1097,24.23,,,Globe Life Field,
82,680869,Zack Gelof,ATH,TB,2026-09-17T17:10:00Z,Pre-Game,4,Drew Rasmussen,656876,R,45.5,Longshot,Watch List,"Strong Barrel, Premium Lineup Spot",41.0,29.6,41.1,94.9,50.0,18.3,Yes,Yes,4,Yes,No,MLB Stats API; RotoWire,,H:2026/2025 P:2026/2025,,,Direct BvP not yet weighted; 2026/2025 Statcast baseline active,7,3,25,1,"Last 7 games: 3/25, 1 HR","same-side matchup; pitcher baseline 6.1% barrel, 15.2 HR allowed",neutral batted-ball profile; pitcher fly-ball pressure modest,10.54,43.98,89.08,99.8769,0.3809,0.1781,0.2834,73.22,26.94,39.46,28.78,13.2,0.1729,6.09,37.35,88.99,0.3575,0.1257,23.17,None,72,Tropicana Field,
83,677800,Wilyer Abreu,BOS,TEX,2026-09-18T00:05:00Z,Scheduled,3,Tyler Alexander,641302,L,45.3,Longshot,Watch List,"Projected Lineup, Strong Barrel, Premium Lineup Spot",53.9,17.7,27.6,92.1,50.0,34.9,No,No,3,Yes,Yes,RotoWire projected lineup; MLB probable pitchers,lineup projected / unconfirmed,H:2026/2025 P:2026/2025,,,Direct BvP not yet weighted; 2026/2025 Statcast baseline active,7,6,26,1,"Last 7 games: 6/26, 1 HR","same-side matchup; pitcher baseline 4.5% barrel, 4.8 HR allowed",fly-ball profile; pitcher fly-ball pressure modest,12.58,44.2,90.17,101.3814,0.4778,0.2257,0.3462,73.89,38.31,37.9,37.45,23.4,0.2101,4.5,34.56,87.1,0.3526,0.1097,24.23,,,Globe Life Field,
84,699302,Héctor Rodríguez,CIN,LAD,2026-09-17T16:40:00Z,Warmup,7,Justin Wrobleski,680736,L,45.0,Longshot,Watch List,Good Environment,23.2,48.2,81.8,64.3,50.0,0.0,Yes,Yes,7,Yes,No,MLB Stats API; RotoWire,,H:2026 P:2026/2025,,,Direct BvP not yet weighted; 2026/2025 Statcast baseline active,7,1,25,0,"Last 7 games: 1/25, 0 HR","same-side matchup; pitcher baseline 8.1% barrel, 16.5 HR allowed",neutral batted-ball profile; pitcher fly-ball pressure modest,6.0,33.3,87.7,98.725,0.326,0.122,0.259,74.4,46.2,41.7,29.8,5.0,0.155,8.07,44.79,90.6,0.4234,0.1612,28.35,Out To LF,89,Great American Ball Park,
85,691728,Zac Veen,COL,SD,2026-09-17T19:10:00Z,Pre-Game,9,Michael King,650633,R,45.0,Longshot,Watch List,"Good Environment, Platoon Edge",28.9,41.7,73.2,44.8,80.0,19.5,Yes,Yes,9,Yes,No,MLB Stats API; RotoWire,,H:2026/2025 P:2026/2025,,,Direct BvP not yet weighted; 2026/2025 Statcast baseline active,7,3,12,0,"Last 7 games: 3/12, 0 HR","platoon edge; pitcher baseline 9.4% barrel, 17.6 HR allowed",fly-ball profile; pitcher fly-ball pressure modest,8.29,36.09,87.68,100.9066,0.3232,0.1435,0.2643,71.91,21.75,42.83,35.35,1.7,0.1695,9.37,34.46,87.24,0.4123,0.1744,27.75,Out To LF,77,Coors Field,
86,701350,Roman Anthony,BOS,TEX,2026-09-18T00:05:00Z,Scheduled,1,Tyler Alexander,641302,L,45.0,Longshot,Watch List,"Projected Lineup, Strong Barrel, Premium Lineup Spot",55.1,17.7,27.6,88.7,50.0,30.3,No,No,1,Yes,Yes,RotoWire projected lineup; MLB probable pitchers,lineup projected / unconfirmed,H:2026/2025 P:2026/2025,,,Direct BvP not yet weighted; 2026/2025 Statcast baseline active,7,6,30,1,"Last 7 games: 6/30, 1 HR","same-side matchup; pitcher baseline 4.5% barrel, 4.8 HR allowed",EV profile; pitcher fly-ball pressure modest,12.8,51.97,92.96,102.8331,0.4462,0.184,0.3552,75.42,53.86,40.63,23.56,5.2,0.1416,4.5,34.56,87.1,0.3526,0.1097,24.23,,,Globe Life Field,
87,805999,A.J. Ewing,NYM,PHI,2026-09-17T23:15:00Z,Scheduled,7,Aaron Nola,605400,R,44.9,Longshot,Watch List,"Projected Lineup, Platoon Edge, Hot Hitter/Streak",31.1,47.7,24.8,59.8,80.0,78.7,No,No,7,Yes,Yes,RotoWire projected lineup; MLB probable pitchers,lineup projected / unconfirmed,H:2026 P:2026/2025,,,Direct BvP not yet weighted; 2026/2025 Statcast baseline active,7,10,25,2,Hot streak: 2 HR in last 7 games,"platoon edge; pitcher baseline 9.3% barrel, 29.2 HR allowed",neutral batted-ball profile; pitcher fly-ball pressure modest,7.1,41.9,89.4,100.062,0.402,0.143,0.322,70.5,12.8,31.8,24.7,10.0,0.127,9.31,41.27,88.77,0.4142,0.1724,27.46,,,Citi Field,
88,669394,Jake Burger,TEX,BOS,2026-09-18T00:05:00Z,Scheduled,7,Sonny Gray,543243,R,44.5,Longshot,Watch List,"Projected Lineup, Strong Barrel",51.3,38.6,27.6,59.8,50.0,25.3,No,No,7,Yes,Yes,RotoWire projected lineup; MLB probable pitchers,lineup projected / unconfirmed,H:2026/2025 P:2026/2025,,,Direct BvP not yet weighted; 2026/2025 Statcast baseline active,7,4,24,1,"Last 7 games: 4/24, 1 HR","same-side matchup; pitcher baseline 7.7% barrel, 18.0 HR allowed",neutral batted-ball profile; pitcher fly-ball pressure modest,12.78,46.68,90.12,102.7369,0.4374,0.2019,0.3177,75.44,58.21,41.18,28.18,23.0,0.1893,7.7,39.37,89.18,0.3936,0.1439,22.85,,,Globe Life Field,
89,680779,Henry Davis,PIT,MIL,2026-09-17T16:35:00Z,Warmup,9,Kyle Harrison,690986,L,44.4,Longshot,Watch List,Platoon Edge,35.2,41.5,57.8,44.8,78.0,18.3,Yes,Yes,9,Yes,No,MLB Stats API; RotoWire,,H:2026/2025 P:2026/2025,,,Direct BvP not yet weighted; 2026/2025 Statcast baseline active,7,2,17,1,"Last 7 games: 2/17, 1 HR","platoon edge; pitcher baseline 8.1% barrel, 15.2 HR allowed",neutral batted-ball profile; pitcher fly-ball pressure modest,9.33,39.43,89.72,100.5043,0.3484,0.1466,0.2874,74.18,42.56,49.39,27.75,8.4,0.125,8.06,39.55,89.58,0.3943,0.1511,28.09,Out To LF,75,PNC Park,
90,605137,Josh Bell,MIN,LAA,2026-09-18T01:38:00Z,Scheduled,5,Walbert Ureña,700712,R,44.4,Longshot,Watch List,"Projected Lineup, Strong Barrel, Platoon Edge",45.1,19.5,28.2,81.9,75.0,47.5,No,No,5,Yes,Yes,RotoWire projected lineup; MLB probable pitchers,lineup projected / unconfirmed,H:2026/2025 P:2026,,,Direct BvP not yet weighted; 2026/2025 Statcast baseline active,7,5,26,2,Hot streak: 2 HR in last 7 games,"switch hitter; pitcher baseline 5.6% barrel, 9.0 HR allowed",neutral batted-ball profile; pitcher fly-ball pressure modest,10.49,43.78,89.98,101.0665,0.457,0.2024,0.3408,72.26,28.36,41.15,27.2,20.6,0.1716,5.6,36.4,87.3,0.317,0.109,22.5,,,Angel Stadium,
91,673962,Josh Jung,TEX,BOS,2026-09-18T00:05:00Z,Scheduled,3,Sonny Gray,543243,R,44.3,Longshot,Watch List,"Projected Lineup, Premium Lineup Spot",36.0,38.6,27.6,92.1,50.0,32.0,No,No,3,Yes,Yes,RotoWire projected lineup; MLB probable pitchers,lineup projected / unconfirmed,H:2026/2025 P:2026/2025,,,Direct BvP not yet weighted; 2026/2025 Statcast baseline active,7,9,27,0,Contact streak: 9/27 over last 7 games,"same-side matchup; pitcher baseline 7.7% barrel, 18.0 HR allowed",neutral batted-ball profile; pitcher fly-ball pressure modest,7.11,47.61,90.21,100.3762,0.4294,0.155,0.3341,70.41,7.62,37.62,23.43,10.5,0.1439,7.7,39.37,89.18,0.3936,0.1439,22.85,,,Globe Life Field,
92,666182,Bo Bichette,NYM,PHI,2026-09-17T23:15:00Z,Scheduled,3,Aaron Nola,605400,R,44.2,Longshot,Watch List,"Projected Lineup, Premium Lineup Spot",33.0,47.7,24.8,92.1,50.0,15.9,No,No,3,Yes,Yes,RotoWire projected lineup; MLB probable pitchers,lineup projected / unconfirmed,H:2026/2025 P:2026/2025,,,Direct BvP not yet weighted; 2026/2025 Statcast baseline active,7,7,31,0,"Last 7 games: 7/31, 0 HR","same-side matchup; pitcher baseline 9.3% barrel, 29.2 HR allowed",neutral batted-ball profile; pitcher fly-ball pressure modest,6.85,43.97,90.02,101.0909,0.4331,0.1503,0.3341,69.66,13.02,26.63,22.67,16.6,0.1412,9.31,41.27,88.77,0.4142,0.1724,27.46,,,Citi Field,
93,686469,Vinnie Pasquantino,KC,HOU,2026-09-17T23:15:00Z,Scheduled,6,,,,44.1,Longshot,Watch List,Projected Lineup,40.5,41.2,27.6,71.7,60.0,25.3,No,No,6,Yes,Yes,RotoWire projected lineup; MLB probable pitchers,lineup projected / unconfirmed,H:2026/2025 P:,,,Direct BvP not yet weighted; 2026/2025 Statcast baseline active,7,4,24,1,"Last 7 games: 4/24, 1 HR","handedness incomplete; pitcher baseline 0.0% barrel, 0.0 HR allowed",neutral batted-ball profile; pitcher fly-ball pressure modest,9.33,42.53,90.2,100.2834,0.4301,0.1791,0.3298,71.17,15.45,44.4,29.77,18.0,0.1683,,,,,,,,,Daikin Park,
94,701358,Cam Smith,HOU,KC,2026-09-17T23:15:00Z,Scheduled,8,Seth Lugo,607625,R,44.0,Longshot,Watch List,Projected Lineup,40.9,52.8,27.6,47.9,50.0,49.9,No,No,8,Yes,Yes,RotoWire projected lineup; MLB probable pitchers,lineup projected / unconfirmed,H:2026/2025 P:2026/2025,,,Direct BvP not yet weighted; 2026/2025 Statcast baseline active,7,5,24,2,Hot streak: 2 HR in last 7 games,"same-side matchup; pitcher baseline 8.7% barrel, 21.4 HR allowed",neutral batted-ball profile; pitcher fly-ball pressure modest,9.91,42.97,88.6,101.3692,0.4117,0.1739,0.3145,76.88,68.74,37.42,24.79,16.7,0.1654,8.72,43.38,90.0,0.459,0.1883,28.76,,,Daikin Park,
95,666139,Josh Lowe,LAA,MIN,2026-09-18T01:38:00Z,Scheduled,7,Taj Bradley,671737,R,44.0,Longshot,Watch List,"Projected Lineup, Platoon Edge",32.5,48.1,28.2,59.8,80.0,37.8,No,No,7,Yes,Yes,RotoWire projected lineup; MLB probable pitchers,lineup projected / unconfirmed,H:2026/2025 P:2026/2025,,,Direct BvP not yet weighted; 2026/2025 Statcast baseline active,7,4,16,1,"Last 7 games: 4/16, 1 HR","platoon edge; pitcher baseline 8.7% barrel, 21.8 HR allowed",neutral batted-ball profile; pitcher fly-ball pressure modest,7.86,37.92,88.67,99.2529,0.3737,0.1559,0.2898,73.38,34.26,35.64,30.38,11.7,0.1523,8.73,43.61,90.39,0.3885,0.1592,29.12,,,Angel Stadium,
96,695657,Colson Montgomery,CWS,DET,2026-09-17T23:40:00Z,Scheduled,6,Framber Valdez,664285,L,43.9,Longshot,Watch List,"Projected Lineup, Strong Barrel",51.5,34.5,27.6,71.7,50.0,0.0,No,No,6,Yes,Yes,RotoWire projected lineup; MLB probable pitchers,lineup projected / unconfirmed,H:2026/2025 P:2026/2025,,,Direct BvP not yet weighted; 2026/2025 Statcast baseline active,7,1,18,0,"Last 7 games: 1/18, 0 HR","same-side matchup; pitcher baseline 5.9% barrel, 15.0 HR allowed",neutral batted-ball profile; pitcher fly-ball pressure modest,13.17,42.54,88.98,101.873,0.4317,0.2199,0.3137,76.72,70.58,48.81,32.67,28.0,0.2389,5.93,43.22,90.17,0.384,0.129,18.04,,,Rate Field,
97,670623,Isaac Paredes,HOU,KC,2026-09-17T23:15:00Z,Scheduled,3,Seth Lugo,607625,R,43.6,Longshot,Watch List,"Projected Lineup, Premium Lineup Spot, Hot Hitter/Streak",17.5,52.8,27.6,92.1,50.0,71.6,No,No,3,Yes,Yes,RotoWire projected lineup; MLB probable pitchers,lineup projected / unconfirmed,H:2026/2025 P:2026/2025,,,Direct BvP not yet weighted; 2026/2025 Statcast baseline active,7,6,26,3,Hot streak: 3 HR in last 7 games,"same-side matchup; pitcher baseline 8.7% barrel, 21.4 HR allowed",neutral batted-ball profile; pitcher fly-ball pressure modest,5.18,30.52,86.49,97.0449,0.3688,0.1285,0.3193,67.74,7.64,51.79,31.08,20.7,0.1823,8.72,43.38,90.0,0.459,0.1883,28.76,,,Daikin Park,
98,682626,Francisco Alvarez,NYM,PHI,2026-09-17T23:15:00Z,Scheduled,9,Aaron Nola,605400,R,43.4,Longshot,Watch List,"Projected Lineup, Strong Barrel",54.2,47.7,24.8,40.2,50.0,4.2,No,No,9,Yes,Yes,RotoWire projected lineup; MLB probable pitchers,lineup projected / unconfirmed,H:2026/2025 P:2026/2025,,,Direct BvP not yet weighted; 2026/2025 Statcast baseline active,7,4,27,0,"Last 7 games: 4/27, 0 HR","same-side matchup; pitcher baseline 9.3% barrel, 29.2 HR allowed",neutral batted-ball profile; pitcher fly-ball pressure modest,14.41,48.98,91.21,102.9047,0.4293,0.2003,0.3232,74.11,42.11,37.89,24.68,13.8,0.1721,9.31,41.27,88.77,0.4142,0.1724,27.46,,,Citi Field,
99,572233,Christian Walker,HOU,KC,2026-09-17T23:15:00Z,Scheduled,7,Seth Lugo,607625,R,43.1,Longshot,Watch List,"Projected Lineup, Strong Barrel",40.6,52.8,27.6,59.8,50.0,0.0,No,No,7,Yes,Yes,RotoWire projected lineup; MLB probable pitchers,lineup projected / unconfirmed,H:2026/2025 P:2026/2025,,,Direct BvP not yet weighted; 2026/2025 Statcast baseline active,7,1,24,0,"Last 7 games: 1/24, 0 HR","same-side matchup; pitcher baseline 8.7% barrel, 21.4 HR allowed",neutral batted-ball profile; pitcher fly-ball pressure modest,10.17,41.9,89.43,101.3147,0.3993,0.1729,0.3042,74.31,43.41,41.99,27.86,25.6,0.1879,8.72,43.38,90.0,0.459,0.1883,28.76,,,Daikin Park,
100,800325,Luis Lara,MIL,PIT,2026-09-17T16:35:00Z,Warmup,2,Wilber Dotel,696062,R,43.0,Longshot,Watch List,"Premium Lineup Spot, Platoon Edge",19.2,27.4,57.8,100.0,75.0,14.1,Yes,Yes,2,Yes,No,MLB Stats API; RotoWire,,H:2026 P:2026,,,Direct BvP not yet weighted; 2026/2025 Statcast baseline active,7,6,28,0,"Last 7 games: 6/28, 0 HR","switch hitter; pitcher baseline 3.0% barrel, 2.0 HR allowed",neutral batted-ball profile; pitcher fly-ball pressure modest,3.9,43.3,88.6,99.2401,0.34,0.078,0.3,71.5,18.5,29.1,15.7,1.0,0.091,3.0,46.0,90.7,0.355,0.106,27.0,Out To LF,75,PNC Park,
101,693304,Nick Gonzales,PIT,MIL,2026-09-17T16:35:00Z,Warmup,6,Kyle Harrison,690986,L,42.9,Longshot,Watch List,Platoon Edge,16.2,41.5,57.8,76.2,78.0,24.9,Yes,Yes,6,Yes,No,MLB Stats API; RotoWire,,H:2026/2025 P:2026/2025,,,Direct BvP not yet weighted; 2026/2025 Statcast baseline active,7,6,21,0,"Last 7 games: 6/21, 0 HR","platoon edge; pitcher baseline 8.1% barrel, 15.2 HR allowed",neutral batted-ball profile; pitcher fly-ball pressure modest,3.45,35.51,86.98,98.1575,0.3813,0.107,0.3162,70.71,12.45,36.73,21.26,5.7,0.0922,8.06,39.55,89.58,0.3943,0.1511,28.09,Out To LF,75,PNC Park,
102,694671,Wyatt Langford,TEX,BOS,2026-09-18T00:05:00Z,Scheduled,6,Sonny Gray,543243,R,42.1,Longshot,Watch List,Projected Lineup,39.3,38.6,27.6,71.7,50.0,24.3,No,No,6,Yes,Yes,RotoWire projected lineup; MLB probable pitchers,lineup projected / unconfirmed,H:2026/2025 P:2026/2025,,,Direct BvP not yet weighted; 2026/2025 Statcast baseline active,7,4,25,1,"Last 7 games: 4/25, 1 HR","same-side matchup; pitcher baseline 7.7% barrel, 18.0 HR allowed",neutral batted-ball profile; pitcher fly-ball pressure modest,9.38,40.21,89.65,100.3833,0.4102,0.1757,0.325,72.89,27.92,42.61,30.67,18.5,0.1935,7.7,39.37,89.18,0.3936,0.1439,22.85,,,Globe Life Field,
103,500743,Miguel Rojas,LAD,CIN,2026-09-17T16:40:00Z,Warmup,9,Brady Singer,663903,R,42.0,Longshot,Watch List,Good Environment,15.5,54.3,81.8,44.8,50.0,16.6,Yes,Yes,9,Yes,No,MLB Stats API; RotoWire,,H:2026/2025 P:2026/2025,,,Direct BvP not yet weighted; 2026/2025 Statcast baseline active,7,3,13,0,"Last 7 games: 3/13, 0 HR","same-side matchup; pitcher baseline 9.8% barrel, 26.7 HR allowed",neutral batted-ball profile; pitcher fly-ball pressure modest,4.52,33.3,86.97,97.6501,0.372,0.1048,0.3004,68.73,5.0,36.57,22.75,4.2,0.1217,9.82,42.1,90.79,0.4454,0.18,26.86,Out To LF,89,Great American Ball Park,
104,687093,Vaughn Grissom,LAA,MIN,2026-09-18T01:38:00Z,Scheduled,4,Taj Bradley,671737,R,42.0,Longshot,Watch List,"Projected Lineup, Premium Lineup Spot",24.7,48.1,28.2,90.4,50.0,18.3,No,No,4,Yes,Yes,RotoWire projected lineup; MLB probable pitchers,lineup projected / unconfirmed,H:2026 P:2026/2025,,,Direct BvP not yet weighted; 2026/2025 Statcast baseline active,7,3,25,1,"Last 7 games: 3/25, 1 HR","same-side matchup; pitcher baseline 8.7% barrel, 21.8 HR allowed",neutral batted-ball profile; pitcher fly-ball pressure modest,6.8,36.0,87.6,98.719,0.375,0.134,0.306,70.9,16.7,40.2,24.8,11.0,0.143,8.73,43.61,90.39,0.3885,0.1592,29.12,,,Angel Stadium,
105,703601,Max Clark,DET,CWS,2026-09-17T23:40:00Z,Scheduled,6,Erick Fedde,607200,R,41.6,Longshot,Watch List,"Projected Lineup, Platoon Edge",17.2,48.1,27.6,71.7,80.0,60.3,No,No,6,Yes,Yes,RotoWire projected lineup; MLB probable pitchers,lineup projected / unconfirmed,H:2026 P:2026/2025,,,Direct BvP not yet weighted; 2026/2025 Statcast baseline active,7,10,25,1,Contact streak: 10/25 over last 7 games,"platoon edge; pitcher baseline 8.1% barrel, 21.8 HR allowed",neutral batted-ball profile; pitcher fly-ball pressure modest,0.9,39.1,87.4,98.3243,0.353,0.084,0.311,73.5,30.2,37.4,24.3,3.0,0.169,8.11,40.78,89.08,0.4477,0.186,29.4,,,Rate Field,
106,676356,Jonny DeLuca,TB,ATH,2026-09-17T17:10:00Z,Pre-Game,5,Jeffrey Springs,605488,L,41.4,Longshot,Watch List,Platoon Edge,10.3,46.5,41.1,86.4,78.0,32.0,Yes,Yes,5,Yes,No,MLB Stats API; RotoWire,,H:2026/2025 P:2026/2025,,,Direct BvP not yet weighted; 2026/2025 Statcast baseline active,7,6,18,0,Contact streak: 6/18 over last 7 games,"platoon edge; pitcher baseline 8.9% barrel, 31.5 HR allowed",neutral batted-ball profile; pitcher allows elevated contact,2.93,30.26,85.53,97.4963,0.3325,0.0907,0.2663,72.75,28.52,45.95,22.62,6.3,0.1447,8.94,35.69,87.74,0.4429,0.1918,32.02,None,72,Tropicana Field,
107,686668,Brenton Doyle,CWS,DET,2026-09-17T23:40:00Z,Scheduled,5,Framber Valdez,664285,L,40.9,Longshot,Watch List,"Projected Lineup, Platoon Edge",25.4,34.5,27.6,81.9,78.0,32.0,No,No,5,Yes,Yes,RotoWire projected lineup; MLB probable pitchers,lineup projected / unconfirmed,H:2026/2025 P:2026/2025,,,Direct BvP not yet weighted; 2026/2025 Statcast baseline active,7,4,12,0,Contact streak: 4/12 over last 7 games,"platoon edge; pitcher baseline 5.9% barrel, 15.0 HR allowed",neutral batted-ball profile; pitcher fly-ball pressure modest,7.54,37.11,88.99,99.5938,0.3205,0.1119,0.2552,71.89,14.25,36.92,24.99,6.6,0.108,5.93,43.22,90.17,0.384,0.129,18.04,,,Rate Field,
108,694203,Denzer Guzman,LAA,MIN,2026-09-18T01:38:00Z,Scheduled,6,Taj Bradley,671737,R,40.9,Longshot,Watch List,Projected Lineup,24.5,48.1,28.2,71.7,50.0,50.3,No,No,6,Yes,Yes,RotoWire projected lineup; MLB probable pitchers,lineup projected / unconfirmed,H:2026/2025 P:2026/2025,,,Direct BvP not yet weighted; 2026/2025 Statcast baseline active,7,9,27,1,Contact streak: 9/27 over last 7 games,"same-side matchup; pitcher baseline 8.7% barrel, 21.8 HR allowed",neutral batted-ball profile; pitcher fly-ball pressure modest,8.42,37.23,86.57,98.6955,0.323,0.1127,0.249,73.5,36.04,40.46,23.42,5.5,0.1348,8.73,43.61,90.39,0.3885,0.1592,29.12,,,Angel Stadium,
109,622268,Donovan Walton,ATH,TB,2026-09-17T17:10:00Z,Pre-Game,5,Drew Rasmussen,656876,R,40.8,Longshot,Watch List,Platoon Edge,16.3,29.6,41.1,86.4,80.0,56.2,Yes,Yes,5,Yes,No,MLB Stats API; RotoWire,,H:2026/2025 P:2026/2025,,,Direct BvP not yet weighted; 2026/2025 Statcast baseline active,7,6,24,2,Hot streak: 2 HR in last 7 games,"platoon edge; pitcher baseline 6.1% barrel, 15.2 HR allowed",neutral batted-ball profile; pitcher fly-ball pressure modest,3.36,34.56,88.89,97.442,0.3709,0.1075,0.3146,67.92,0.49,37.49,22.09,4.9,0.1267,6.09,37.35,88.99,0.3575,0.1257,23.17,None,72,Tropicana Field,
110,672580,Maikel Garcia,KC,HOU,2026-09-17T23:15:00Z,Scheduled,5,,,,40.7,Longshot,Watch List,Projected Lineup,26.6,41.2,27.6,81.9,60.0,20.9,No,No,5,Yes,Yes,RotoWire projected lineup; MLB probable pitchers,lineup projected / unconfirmed,H:2026/2025 P:,,,Direct BvP not yet weighted; 2026/2025 Statcast baseline active,7,7,27,0,"Last 7 games: 7/27, 0 HR","handedness incomplete; pitcher baseline 0.0% barrel, 0.0 HR allowed",neutral batted-ball profile; pitcher fly-ball pressure modest,4.9,42.09,90.32,100.5105,0.3891,0.1138,0.3224,71.83,18.43,34.81,21.04,6.9,0.1294,,,,,,,,,Daikin Park,
111,685133,Wade Meckler,LAA,MIN,2026-09-18T01:38:00Z,Scheduled,3,Taj Bradley,671737,R,40.6,Longshot,Watch List,"Projected Lineup, Premium Lineup Spot, Platoon Edge",12.1,48.1,28.2,92.1,80.0,15.3,No,No,3,Yes,Yes,RotoWire projected lineup; MLB probable pitchers,lineup projected / unconfirmed,H:2026 P:2026/2025,,,Direct BvP not yet weighted; 2026/2025 Statcast baseline active,7,4,18,0,"Last 7 games: 4/18, 0 HR","platoon edge; pitcher baseline 8.7% barrel, 21.8 HR allowed",neutral batted-ball profile; pitcher fly-ball pressure modest,2.9,34.1,87.0,96.8089,0.354,0.096,0.313,69.0,2.4,33.7,19.0,3.0,0.089,8.73,43.61,90.39,0.3885,0.1592,29.12,,,Angel Stadium,
112,682927,Ronny Simon,PIT,MIL,2026-09-17T16:35:00Z,Warmup,7,Kyle Harrison,690986,L,40.4,Longshot,Watch List,Platoon Edge,13.9,39.8,57.8,64.3,75.0,37.3,Yes,Yes,7,Yes,No,MLB Stats API; RotoWire,,H:2026/2025 P:2026/2025,,,Direct BvP not yet weighted; 2026/2025 Statcast baseline active,7,7,19,0,Contact streak: 7/19 over last 7 games,"switch hitter; pitcher baseline 8.1% barrel, 15.2 HR allowed",neutral batted-ball profile; pitcher fly-ball pressure modest,3.96,30.18,86.58,97.6588,0.3745,0.0981,0.3104,72.29,25.68,32.07,13.54,0.0,0.0495,8.06,39.55,89.58,0.3943,0.1511,28.09,Out To LF,75,PNC Park,
113,643446,Jeff McNeil,ATH,TB,2026-09-17T17:10:00Z,Pre-Game,2,Drew Rasmussen,656876,R,39.9,Longshot,Watch List,"Premium Lineup Spot, Platoon Edge",12.6,29.6,41.1,100.0,80.0,24.9,Yes,Yes,2,Yes,No,MLB Stats API; RotoWire,,H:2026/2025 P:2026/2025,,,Direct BvP not yet weighted; 2026/2025 Statcast baseline active,7,8,28,0,"Last 7 games: 8/28, 0 HR","platoon edge; pitcher baseline 6.1% barrel, 15.2 HR allowed",neutral batted-ball profile; pitcher fly-ball pressure modest,2.79,31.08,86.78,96.6331,0.3747,0.1027,0.3111,69.37,5.72,43.56,23.89,9.2,0.1225,6.09,37.35,88.99,0.3575,0.1257,23.17,None,72,Tropicana Field,
114,663616,Trevor Larnach,MIN,LAA,2026-09-18T01:38:00Z,Scheduled,6,Walbert Ureña,700712,R,39.8,Longshot,Watch List,"Projected Lineup, Platoon Edge",30.1,20.4,28.2,71.7,80.0,68.7,No,No,6,Yes,Yes,RotoWire projected lineup; MLB probable pitchers,lineup projected / unconfirmed,H:2026/2025 P:2026,,,Direct BvP not yet weighted; 2026/2025 Statcast baseline active,7,6,18,2,Hot streak: 2 HR in last 7 games,"platoon edge; pitcher baseline 5.6% barrel, 9.0 HR allowed",neutral batted-ball profile; pitcher fly-ball pressure modest,7.41,39.4,88.66,99.719,0.3967,0.1411,0.3243,72.17,23.11,43.25,24.26,14.2,0.1631,5.6,36.4,87.3,0.317,0.109,22.5,,,Angel Stadium,
115,664761,Alec Bohm,PHI,NYM,2026-09-17T23:15:00Z,Scheduled,5,Nolan McLean,690997,R,39.7,Longshot,Watch List,Projected Lineup,32.8,30.2,24.8,81.9,50.0,39.1,No,No,5,Yes,Yes,RotoWire projected lineup; MLB probable pitchers,lineup projected / unconfirmed,H:2026/2025 P:2026/2025,,,Direct BvP not yet weighted; 2026/2025 Statcast baseline active,7,8,21,0,Contact streak: 8/21 over last 7 games,"same-side matchup; pitcher baseline 7.2% barrel, 13.1 HR allowed",neutral batted-ball profile; pitcher fly-ball pressure modest,6.06,44.51,90.66,100.4408,0.4137,0.146,0.3268,71.21,14.91,28.35,22.44,13.8,0.1353,7.16,38.22,88.38,0.3478,0.1246,21.35,,,Citi Field,
116,686681,Michael Massey,KC,HOU,2026-09-17T23:15:00Z,Scheduled,7,,,,39.6,Longshot,Watch List,Projected Lineup,27.3,41.2,27.6,59.8,60.0,55.9,No,No,7,Yes,Yes,RotoWire projected lineup; MLB probable pitchers,lineup projected / unconfirmed,H:2026/2025 P:,,,Direct BvP not yet weighted; 2026/2025 Statcast baseline active,7,10,27,1,Contact streak: 10/27 over last 7 games,"handedness incomplete; pitcher baseline 0.0% barrel, 0.0 HR allowed",neutral batted-ball profile; pitcher fly-ball pressure modest,5.12,38.18,88.9,98.7239,0.3936,0.1416,0.2958,71.43,12.12,49.01,30.38,9.3,0.1334,,,,,,,,,Daikin Park,
117,805367,Chase Meidroth,CWS,DET,2026-09-17T23:40:00Z,Scheduled,1,Framber Valdez,664285,L,39.4,Longshot,Watch List,"Projected Lineup, Premium Lineup Spot, Platoon Edge",12.8,34.5,27.6,88.7,78.0,66.7,No,No,1,Yes,Yes,RotoWire projected lineup; MLB probable pitchers,lineup projected / unconfirmed,H:2026/2025 P:2026/2025,,,Direct BvP not yet weighted; 2026/2025 Statcast baseline active,7,8,25,2,Hot streak: 2 HR in last 7 games,"platoon edge; pitcher baseline 5.9% barrel, 15.0 HR allowed",neutral batted-ball profile; pitcher fly-ball pressure modest,3.56,34.98,87.64,97.4121,0.3386,0.0982,0.2979,67.05,1.25,38.05,20.54,11.3,0.1125,5.93,43.22,90.17,0.384,0.129,18.04,,,Rate Field,
118,680777,Ryan Jeffers,MIN,LAA,2026-09-18T01:38:00Z,Scheduled,4,Walbert Ureña,700712,R,39.4,Longshot,Watch List,"Projected Lineup, Premium Lineup Spot",39.7,20.4,28.2,90.4,50.0,0.0,No,No,4,Yes,Yes,RotoWire projected lineup; MLB probable pitchers,lineup projected / unconfirmed,H:2026/2025 P:2026,,,Direct BvP not yet weighted; 2026/2025 Statcast baseline active,7,3,25,0,"Last 7 games: 3/25, 0 HR","same-side matchup; pitcher baseline 5.6% barrel, 9.0 HR allowed",neutral batted-ball profile; pitcher fly-ball pressure modest,9.59,41.12,88.95,100.8686,0.4287,0.1822,0.3419,73.14,36.89,37.46,28.03,12.5,0.1912,5.6,36.4,87.3,0.317,0.109,22.5,,,Angel Stadium,
119,687401,Joey Ortiz,MIL,PIT,2026-09-17T16:35:00Z,Warmup,6,Wilber Dotel,696062,R,39.3,Longshot,Watch List,No major boost,17.3,27.6,57.8,76.2,50.0,63.3,Yes,Yes,6,Yes,No,MLB Stats API; RotoWire,,H:2026/2025 P:2026,,,Direct BvP not yet weighted; 2026/2025 Statcast baseline active,7,11,24,1,Contact streak: 11/24 over last 7 games,"same-side matchup; pitcher baseline 3.0% barrel, 2.0 HR allowed",neutral batted-ball profile; pitcher fly-ball pressure modest,3.91,35.74,87.7,99.1128,0.3452,0.0995,0.2925,72.93,30.15,32.33,19.82,8.4,0.1213,3.0,46.0,90.7,0.355,0.106,27.0,Out To LF,75,PNC Park,
120,607208,Trea Turner,PHI,NYM,2026-09-17T23:15:00Z,Scheduled,2,Nolan McLean,690997,R,39.3,Longshot,Watch List,"Projected Lineup, Premium Lineup Spot",26.8,30.2,24.8,95.5,50.0,31.4,No,No,2,Yes,Yes,RotoWire projected lineup; MLB probable pitchers,lineup projected / unconfirmed,H:2026/2025 P:2026/2025,,,Direct BvP not yet weighted; 2026/2025 Statcast baseline active,7,6,29,1,"Last 7 games: 6/29, 1 HR","same-side matchup; pitcher baseline 7.2% barrel, 13.1 HR allowed",neutral batted-ball profile; pitcher fly-ball pressure modest,6.22,39.79,88.6,99.1867,0.3778,0.1288,0.3,71.45,18.51,35.17,25.27,17.8,0.1453,7.16,38.22,88.38,0.3478,0.1246,21.35,,,Citi Field,
121,514888,Jose Altuve,HOU,KC,2026-09-17T23:15:00Z,Scheduled,4,Seth Lugo,607625,R,39.2,Longshot,Watch List,"Projected Lineup, Premium Lineup Spot",13.6,52.8,27.6,90.4,50.0,15.3,No,No,4,Yes,Yes,RotoWire projected lineup; MLB probable pitchers,lineup projected / unconfirmed,H:2026/2025 P:2026/2025,,,Direct BvP not yet weighted; 2026/2025 Statcast baseline active,7,6,27,0,"Last 7 games: 6/27, 0 HR","same-side matchup; pitcher baseline 8.7% barrel, 21.4 HR allowed",neutral batted-ball profile; pitcher fly-ball pressure modest,5.01,31.25,85.31,96.9874,0.3427,0.1176,0.2797,69.0,9.71,45.08,23.28,18.3,0.1574,8.72,43.38,90.0,0.459,0.1883,28.76,,,Daikin Park,
122,689414,Liam Hicks,TB,ATH,2026-09-17T17:10:00Z,Pre-Game,4,Jeffrey Springs,605488,L,39.1,Longshot,Watch List,Premium Lineup Spot,8.1,46.5,41.1,94.9,50.0,26.8,Yes,Yes,4,Yes,No,MLB Stats API; RotoWire,,H:2026/2025 P:2026/2025,,,Direct BvP not yet weighted; 2026/2025 Statcast baseline active,7,3,17,1,"Last 7 games: 3/17, 1 HR","same-side matchup; pitcher baseline 8.9% barrel, 31.5 HR allowed",neutral batted-ball profile; pitcher allows elevated contact,3.81,27.56,84.67,96.1649,0.3528,0.0997,0.3157,68.03,3.65,41.54,24.15,14.4,0.1382,8.94,35.69,87.74,0.4429,0.1918,32.02,None,72,Tropicana Field,
123,669392,Samad Taylor,SD,COL,2026-09-17T19:10:00Z,Pre-Game,9,Tanner Gordon,685299,R,38.7,Longshot,Watch List,Good Environment,1.6,61.7,73.2,44.8,50.0,32.0,Yes,Yes,9,Yes,No,MLB Stats API; RotoWire,,H:2026/2025 P:2026/2025,,,Direct BvP not yet weighted; 2026/2025 Statcast baseline active,7,7,21,0,Contact streak: 7/21 over last 7 games,"same-side matchup; pitcher baseline 10.7% barrel, 17.4 HR allowed",neutral batted-ball profile; pitcher allows elevated contact,1.54,20.06,82.0,93.7504,0.3028,0.0612,0.2698,68.6,2.94,27.73,16.21,0.7,0.0504,10.73,42.32,90.59,0.4838,0.2111,33.46,Out To LF,77,Coors Field,
124,668939,Adley Rutschman,BOS,TEX,2026-09-18T00:05:00Z,Scheduled,5,Tyler Alexander,641302,L,38.5,Longshot,Watch List,"Projected Lineup, Platoon Edge",32.0,17.2,27.6,81.9,75.0,29.2,No,No,5,Yes,Yes,RotoWire projected lineup; MLB probable pitchers,lineup projected / unconfirmed,H:2026/2025 P:2026/2025,,,Direct BvP not yet weighted; 2026/2025 Statcast baseline active,7,5,26,1,"Last 7 games: 5/26, 1 HR","switch hitter; pitcher baseline 4.5% barrel, 4.8 HR allowed",neutral batted-ball profile; pitcher fly-ball pressure modest,7.08,39.02,88.98,99.2549,0.4128,0.162,0.3292,70.42,12.07,39.03,29.85,11.1,0.1691,4.5,34.56,87.1,0.3526,0.1097,24.23,,,Globe Life Field,
125,670770,TJ Friedl,CIN,LAD,2026-09-17T16:40:00Z,Warmup,9,Justin Wrobleski,680736,L,38.4,Longshot,Watch List,Good Environment,9.7,48.2,81.8,44.8,50.0,12.0,Yes,Yes,9,Yes,No,MLB Stats API; RotoWire,,H:2026/2025 P:2026/2025,,,Direct BvP not yet weighted; 2026/2025 Statcast baseline active,7,1,5,0,"Last 7 games: 1/5, 0 HR","same-side matchup; pitcher baseline 8.1% barrel, 16.5 HR allowed",neutral batted-ball profile; pitcher fly-ball pressure modest,2.84,29.44,87.31,97.1536,0.2806,0.0809,0.2643,70.67,10.1,41.14,24.4,7.0,0.0946,8.07,44.79,90.6,0.4234,0.1612,28.35,Out To LF,89,Great American Ball Park,
126,543760,Marcus Semien,NYM,PHI,2026-09-17T23:15:00Z,Scheduled,6,Aaron Nola,605400,R,38.2,Longshot,Watch List,Projected Lineup,23.4,47.7,24.8,71.7,50.0,15.3,No,No,6,Yes,Yes,RotoWire projected lineup; MLB probable pitchers,lineup projected / unconfirmed,H:2026/2025 P:2026/2025,,,Direct BvP not yet weighted; 2026/2025 Statcast baseline active,7,6,27,0,"Last 7 games: 6/27, 0 HR","same-side matchup; pitcher baseline 9.3% barrel, 29.2 HR allowed",neutral batted-ball profile; pitcher fly-ball pressure modest,6.24,33.95,87.18,97.3982,0.3845,0.1404,0.3082,68.57,3.48,46.49,32.56,14.3,0.1277,9.31,41.27,88.77,0.4142,0.1724,27.46,,,Citi Field,
127,669707,Jared Triolo,PIT,MIL,2026-09-17T16:35:00Z,Warmup,8,Kyle Harrison,690986,L,38.0,Longshot,Watch List,Platoon Edge,14.3,41.5,57.8,52.4,78.0,7.0,Yes,Yes,8,Yes,No,MLB Stats API; RotoWire,,H:2026/2025 P:2026/2025,,,Direct BvP not yet weighted; 2026/2025 Statcast baseline active,7,2,12,0,"Last 7 games: 2/12, 0 HR","platoon edge; pitcher baseline 8.1% barrel, 15.2 HR allowed",neutral batted-ball profile; pitcher fly-ball pressure modest,3.54,34.77,87.18,98.0098,0.3375,0.0964,0.2939,70.83,7.72,38.27,21.31,4.2,0.0863,8.06,39.55,89.58,0.3943,0.1511,28.09,Out To LF,75,PNC Park,
128,680700,Richie Palacios,TB,ATH,2026-09-17T17:10:00Z,Pre-Game,8,Jeffrey Springs,605488,L,37.8,Longshot,Watch List,No major boost,16.2,46.5,41.1,52.4,50.0,66.0,Yes,Yes,8,Yes,No,MLB Stats API; RotoWire,,H:2026/2025 P:2026/2025,,,Direct BvP not yet weighted; 2026/2025 Statcast baseline active,7,6,19,2,Hot streak: 2 HR in last 7 games,"same-side matchup; pitcher baseline 8.9% barrel, 31.5 HR allowed",neutral batted-ball profile; pitcher allows elevated contact,4.71,33.74,87.45,97.2021,0.3709,0.1032,0.3243,68.84,3.8,36.32,21.4,7.3,0.1358,8.94,35.69,87.74,0.4429,0.1918,32.02,None,72,Tropicana Field,
129,668670,Jake Rogers,CWS,DET,2026-09-17T23:40:00Z,Scheduled,7,Framber Valdez,664285,L,37.4,Longshot,Watch List,"Projected Lineup, Platoon Edge",29.1,34.5,27.6,59.8,78.0,0.0,No,No,7,Yes,Yes,RotoWire projected lineup; MLB probable pitchers,lineup projected / unconfirmed,H:2026/2025 P:2026/2025,,,Direct BvP not yet weighted; 2026/2025 Statcast baseline active,7,1,12,0,"Last 7 games: 1/12, 0 HR","platoon edge; pitcher baseline 5.9% barrel, 15.0 HR allowed",neutral batted-ball profile; pitcher fly-ball pressure modest,9.41,37.82,88.45,98.1269,0.3077,0.127,0.2705,70.64,4.86,46.53,31.52,3.7,0.1341,5.93,43.22,90.17,0.384,0.129,18.04,,,Rate Field,
130,695720,Tommy White,ATH,TB,2026-09-17T17:10:00Z,Pre-Game,6,Drew Rasmussen,656876,R,37.0,Longshot,Watch List,No major boost,19.2,29.6,41.1,76.2,50.0,44.5,Yes,Yes,6,Yes,No,MLB Stats API; RotoWire,,H:2026 P:2026/2025,,,Direct BvP not yet weighted; 2026/2025 Statcast baseline active,7,5,17,1,"Last 7 games: 5/17, 1 HR","same-side matchup; pitcher baseline 6.1% barrel, 15.2 HR allowed",neutral batted-ball profile; pitcher fly-ball pressure modest,7.2,31.7,85.7,97.0519,0.389,0.121,0.296,69.2,13.0,28.8,23.0,3.0,0.084,6.09,37.35,88.99,0.3575,0.1257,23.17,None,72,Tropicana Field,
131,669016,Brandon Marsh,PHI,NYM,2026-09-17T23:15:00Z,Scheduled,8,Nolan McLean,690997,R,36.8,Longshot,Watch List,"Projected Lineup, Platoon Edge",36.2,30.2,24.8,47.9,80.0,0.0,No,No,8,Yes,Yes,RotoWire projected lineup; MLB probable pitchers,lineup projected / unconfirmed,H:2026/2025 P:2026/2025,,,Direct BvP not yet weighted; 2026/2025 Statcast baseline active,7,2,18,0,"Last 7 games: 2/18, 0 HR","platoon edge; pitcher baseline 7.2% barrel, 13.1 HR allowed",neutral batted-ball profile; pitcher fly-ball pressure modest,8.19,43.95,89.77,99.9963,0.4117,0.1564,0.3104,71.54,15.65,38.33,26.24,15.2,0.1525,7.16,38.22,88.38,0.3478,0.1246,21.35,,,Citi Field,
132,677649,Ezequiel Duran,TEX,BOS,2026-09-18T00:05:00Z,Scheduled,5,Sonny Gray,543243,R,36.8,Longshot,Watch List,Projected Lineup,20.9,38.6,27.6,81.9,50.0,10.8,No,No,5,Yes,Yes,RotoWire projected lineup; MLB probable pitchers,lineup projected / unconfirmed,H:2026/2025 P:2026/2025,,,Direct BvP not yet weighted; 2026/2025 Statcast baseline active,7,5,26,0,"Last 7 games: 5/26, 0 HR","same-side matchup; pitcher baseline 7.7% barrel, 18.0 HR allowed",neutral batted-ball profile; pitcher fly-ball pressure modest,5.05,36.43,87.89,99.1046,0.3531,0.116,0.2883,72.34,24.73,35.31,21.79,11.9,0.139,7.7,39.37,89.18,0.3936,0.1439,22.85,,,Globe Life Field,
133,681082,Bryson Stott,PHI,NYM,2026-09-17T23:15:00Z,Scheduled,6,Nolan McLean,690997,R,36.5,Longshot,Watch List,"Projected Lineup, Platoon Edge",24.7,30.2,24.8,71.7,80.0,2.5,No,No,6,Yes,Yes,RotoWire projected lineup; MLB probable pitchers,lineup projected / unconfirmed,H:2026/2025 P:2026/2025,,,Direct BvP not yet weighted; 2026/2025 Statcast baseline active,7,3,22,0,"Last 7 games: 3/22, 0 HR","platoon edge; pitcher baseline 7.2% barrel, 13.1 HR allowed",neutral batted-ball profile; pitcher fly-ball pressure modest,5.66,34.75,88.72,98.2707,0.3965,0.1376,0.3228,69.72,6.61,34.45,27.66,10.9,0.1375,7.16,38.22,88.38,0.3478,0.1246,21.35,,,Citi Field,
134,686797,Brooks Lee,MIN,LAA,2026-09-18T01:38:00Z,Scheduled,2,Walbert Ureña,700712,R,36.5,Longshot,Watch List,"Projected Lineup, Premium Lineup Spot, Platoon Edge",21.6,19.5,28.2,95.5,75.0,7.0,No,No,2,Yes,Yes,RotoWire projected lineup; MLB probable pitchers,lineup projected / unconfirmed,H:2026/2025 P:2026,,,Direct BvP not yet weighted; 2026/2025 Statcast baseline active,7,4,24,0,"Last 7 games: 4/24, 0 HR","switch hitter; pitcher baseline 5.6% barrel, 9.0 HR allowed",neutral batted-ball profile; pitcher fly-ball pressure modest,4.68,35.49,88.25,97.722,0.3558,0.1274,0.2792,69.92,8.49,41.64,29.98,20.9,0.1662,5.6,36.4,87.3,0.317,0.109,22.5,,,Angel Stadium,
135,592663,J.T. Realmuto,PHI,NYM,2026-09-17T23:15:00Z,Scheduled,7,Nolan McLean,690997,R,36.4,Longshot,Watch List,Projected Lineup,32.6,30.2,24.8,59.8,50.0,34.9,No,No,7,Yes,Yes,RotoWire projected lineup; MLB probable pitchers,lineup projected / unconfirmed,H:2026/2025 P:2026/2025,,,Direct BvP not yet weighted; 2026/2025 Statcast baseline active,7,6,26,1,"Last 7 games: 6/26, 1 HR","same-side matchup; pitcher baseline 7.2% barrel, 13.1 HR allowed",neutral batted-ball profile; pitcher fly-ball pressure modest,6.63,42.0,89.79,100.1198,0.4012,0.1454,0.3209,72.77,30.61,42.3,25.87,11.3,0.1312,7.16,38.22,88.38,0.3478,0.1246,21.35,,,Citi Field,
136,668904,Royce Lewis,MIN,LAA,2026-09-18T01:38:00Z,Scheduled,7,Walbert Ureña,700712,R,35.5,Longshot,Watch List,"Projected Lineup, Strong Barrel",40.9,20.4,28.2,59.8,50.0,0.8,No,No,7,Yes,Yes,RotoWire projected lineup; MLB probable pitchers,lineup projected / unconfirmed,H:2026/2025 P:2026,,,Direct BvP not yet weighted; 2026/2025 Statcast baseline active,7,3,24,0,"Last 7 games: 3/24, 0 HR","same-side matchup; pitcher baseline 5.6% barrel, 9.0 HR allowed",neutral batted-ball profile; pitcher fly-ball pressure modest,10.38,40.51,89.8,100.5994,0.4014,0.1621,0.3068,74.72,50.03,46.37,31.13,13.7,0.1559,5.6,36.4,87.3,0.317,0.109,22.5,,,Angel Stadium,
137,664774,LaMonte Wade,HOU,KC,2026-09-17T23:15:00Z,Scheduled,9,Seth Lugo,607625,R,35.4,Longshot,Watch List,"Projected Lineup, Platoon Edge",15.6,52.8,27.6,40.2,80.0,12.0,No,No,9,Yes,Yes,RotoWire projected lineup; MLB probable pitchers,lineup projected / unconfirmed,H:2026/2025 P:2026/2025,,,Direct BvP not yet weighted; 2026/2025 Statcast baseline active,7,2,10,0,"Last 7 games: 2/10, 0 HR","platoon edge; pitcher baseline 8.7% barrel, 21.4 HR allowed",neutral batted-ball profile; pitcher fly-ball pressure modest,3.94,32.85,87.39,97.9109,0.3,0.1062,0.2747,70.84,7.66,39.59,29.36,2.7,0.1122,8.72,43.38,90.0,0.459,0.1883,28.76,,,Daikin Park,
138,807726,John Peck,DET,CWS,2026-09-17T23:40:00Z,Scheduled,9,Erick Fedde,607200,R,35.4,Longshot,Watch List,Projected Lineup,27.0,48.1,27.6,40.2,50.0,13.6,No,No,9,Yes,Yes,RotoWire projected lineup; MLB probable pitchers,lineup projected / unconfirmed,H:2026 P:2026/2025,,,Direct BvP not yet weighted; 2026/2025 Statcast baseline active,7,4,19,0,"Last 7 games: 4/19, 0 HR","same-side matchup; pitcher baseline 8.1% barrel, 21.8 HR allowed",neutral batted-ball profile; pitcher fly-ball pressure modest,9.7,34.4,87.4,97.545,0.36,0.128,0.332,72.3,18.0,25.0,12.5,0.0,0.024,8.11,40.78,89.08,0.4477,0.186,29.4,,,Rate Field,
139,553869,Elias Diaz,TEX,BOS,2026-09-18T00:05:00Z,Scheduled,9,Sonny Gray,543243,R,35.4,Longshot,Watch List,Projected Lineup,31.5,38.6,27.6,40.2,50.0,29.4,No,No,9,Yes,Yes,RotoWire projected lineup; MLB probable pitchers,lineup projected / unconfirmed,H:2026/2025 P:2026/2025,,,Direct BvP not yet weighted; 2026/2025 Statcast baseline active,7,6,19,0,"Last 7 games: 6/19, 0 HR","same-side matchup; pitcher baseline 7.7% barrel, 18.0 HR allowed",neutral batted-ball profile; pitcher fly-ball pressure modest,8.44,39.89,88.33,100.5935,0.3508,0.1362,0.2673,74.34,44.07,37.72,26.4,7.6,0.1543,7.7,39.37,89.18,0.3936,0.1439,22.85,,,Globe Life Field,
140,650333,Luis Arraez,PHI,NYM,2026-09-17T23:15:00Z,Scheduled,4,Nolan McLean,690997,R,34.5,Longshot,Watch List,"Projected Lineup, Premium Lineup Spot, Platoon Edge",6.9,30.2,24.8,90.4,80.0,28.2,No,No,4,Yes,Yes,RotoWire projected lineup; MLB probable pitchers,lineup projected / unconfirmed,H:2026/2025 P:2026/2025,,,Direct BvP not yet weighted; 2026/2025 Statcast baseline active,7,8,26,0,"Last 7 games: 8/26, 0 HR","platoon edge; pitcher baseline 7.2% barrel, 13.1 HR allowed",neutral batted-ball profile; pitcher fly-ball pressure modest,1.17,18.1,86.24,93.8724,0.3714,0.0851,0.3051,62.92,0.19,30.24,28.31,6.6,0.1098,7.16,38.22,88.38,0.3478,0.1246,21.35,,,Citi Field,
141,695681,Christian Moore,LAA,MIN,2026-09-18T01:38:00Z,Scheduled,8,Taj Bradley,671737,R,34.5,Longshot,Watch List,Projected Lineup,22.9,48.1,28.2,47.9,50.0,0.0,No,No,8,Yes,Yes,RotoWire projected lineup; MLB probable pitchers,lineup projected / unconfirmed,H:2026/2025 P:2026/2025,,,Direct BvP not yet weighted; 2026/2025 Statcast baseline active,7,2,26,0,"Last 7 games: 2/26, 0 HR","same-side matchup; pitcher baseline 8.7% barrel, 21.8 HR allowed",neutral batted-ball profile; pitcher fly-ball pressure modest,7.25,36.23,88.27,99.4375,0.2876,0.1035,0.24,71.86,23.68,26.22,26.94,2.8,0.1048,8.73,43.61,90.39,0.3885,0.1592,29.12,,,Angel Stadium,
142,641680,Jonah Heim,ATH,TB,2026-09-17T17:10:00Z,Pre-Game,8,Drew Rasmussen,656876,R,34.4,Longshot,Watch List,Platoon Edge,22.5,28.0,41.1,52.4,75.0,0.0,Yes,Yes,8,Yes,No,MLB Stats API; RotoWire,,H:2026/2025 P:2026/2025,,,Direct BvP not yet weighted; 2026/2025 Statcast baseline active,7,3,25,0,"Last 7 games: 3/25, 0 HR","switch hitter; pitcher baseline 6.1% barrel, 15.2 HR allowed",neutral batted-ball profile; pitcher fly-ball pressure modest,6.31,32.68,87.75,97.7188,0.36,0.1354,0.2837,69.84,9.45,40.14,28.04,12.4,0.1533,6.09,37.35,88.99,0.3575,0.1257,23.17,None,72,Tropicana Field,
143,802415,Chandler Simpson,TB,ATH,2026-09-17T17:10:00Z,Pre-Game,6,Jeffrey Springs,605488,L,34.4,Longshot,Watch List,No major boost,0.3,46.5,41.1,76.2,50.0,36.0,Yes,Yes,6,Yes,No,MLB Stats API; RotoWire,,H:2026/2025 P:2026/2025,,,Direct BvP not yet weighted; 2026/2025 Statcast baseline active,7,9,25,0,Contact streak: 9/25 over last 7 games,"same-side matchup; pitcher baseline 8.9% barrel, 31.5 HR allowed",neutral batted-ball profile; pitcher allows elevated contact,0.0,14.57,83.74,92.8276,0.3094,0.0382,0.2746,64.73,0.44,28.2,12.3,0.0,0.0514,8.94,35.69,87.74,0.4429,0.1918,32.02,None,72,Tropicana Field,
144,694497,Evan Carter,TEX,BOS,2026-09-18T00:05:00Z,Scheduled,8,Sonny Gray,543243,R,34.1,Longshot,Watch List,"Projected Lineup, Platoon Edge",20.5,38.6,27.6,47.9,80.0,0.0,No,No,8,Yes,Yes,RotoWire projected lineup; MLB probable pitchers,lineup projected / unconfirmed,H:2026/2025 P:2026/2025,,,Direct BvP not yet weighted; 2026/2025 Statcast baseline active,7,1,12,0,"Last 7 games: 1/12, 0 HR","platoon edge; pitcher baseline 7.7% barrel, 18.0 HR allowed",neutral batted-ball profile; pitcher fly-ball pressure modest,5.41,35.37,87.47,98.7043,0.3306,0.119,0.2877,71.02,18.0,39.54,27.63,7.8,0.1317,7.7,39.37,89.18,0.3936,0.1439,22.85,,,Globe Life Field,
145,686555,Isaac Collins,KC,HOU,2026-09-17T23:15:00Z,Scheduled,9,,,,33.7,Longshot,Watch List,"Projected Lineup, Platoon Edge",21.7,40.2,27.6,40.2,75.0,8.5,No,No,9,Yes,Yes,RotoWire projected lineup; MLB probable pitchers,lineup projected / unconfirmed,H:2026/2025 P:,,,Direct BvP not yet weighted; 2026/2025 Statcast baseline active,7,3,17,0,"Last 7 games: 3/17, 0 HR","switch hitter; pitcher baseline 0.0% barrel, 0.0 HR allowed",neutral batted-ball profile; pitcher fly-ball pressure modest,4.97,39.46,88.45,99.826,0.3247,0.0948,0.3052,73.33,30.34,39.91,25.18,6.9,0.1242,,,,,,,,,Daikin Park,
146,686217,Sal Frelick,MIL,PIT,2026-09-17T16:35:00Z,Warmup,7,Wilber Dotel,696062,R,33.6,Longshot,Watch List,Platoon Edge,6.4,27.6,57.8,64.3,80.0,0.8,Yes,Yes,7,Yes,No,MLB Stats API; RotoWire,,H:2026/2025 P:2026,,,Direct BvP not yet weighted; 2026/2025 Statcast baseline active,7,3,24,0,"Last 7 games: 3/24, 0 HR","platoon edge; pitcher baseline 3.0% barrel, 2.0 HR allowed",neutral batted-ball profile; pitcher fly-ball pressure modest,2.61,27.89,85.85,96.4695,0.3299,0.0847,0.2864,68.31,3.9,39.67,21.53,6.4,0.0981,3.0,46.0,90.7,0.355,0.106,27.0,Out To LF,75,PNC Park,
147,596115,Trevor Story,BOS,TEX,2026-09-18T00:05:00Z,Scheduled,7,Tyler Alexander,641302,L,33.5,Longshot,Watch List,"Projected Lineup, Platoon Edge",25.2,17.7,27.6,59.8,78.0,28.2,No,No,7,Yes,Yes,RotoWire projected lineup; MLB probable pitchers,lineup projected / unconfirmed,H:2026/2025 P:2026/2025,,,Direct BvP not yet weighted; 2026/2025 Statcast baseline active,7,8,26,0,"Last 7 games: 8/26, 0 HR","platoon edge; pitcher baseline 4.5% barrel, 4.8 HR allowed",neutral batted-ball profile; pitcher fly-ball pressure modest,6.19,40.49,88.39,99.696,0.3496,0.124,0.2669,70.96,13.61,42.3,24.46,9.6,0.1231,4.5,34.56,87.1,0.3526,0.1097,24.23,,,Globe Life Field,
148,670764,Taylor Walls,TB,ATH,2026-09-17T17:10:00Z,Pre-Game,9,Jeffrey Springs,605488,L,32.9,Longshot,Watch List,Platoon Edge,5.7,46.0,41.1,44.8,75.0,16.1,Yes,Yes,9,Yes,No,MLB Stats API; RotoWire,,H:2026/2025 P:2026/2025,,,Direct BvP not yet weighted; 2026/2025 Statcast baseline active,7,5,22,0,"Last 7 games: 5/22, 0 HR","switch hitter; pitcher baseline 8.9% barrel, 31.5 HR allowed",neutral batted-ball profile; pitcher allows elevated contact,2.29,23.25,86.02,95.4693,0.2733,0.078,0.2526,68.35,2.13,38.75,28.98,2.6,0.0815,8.94,35.69,87.74,0.4429,0.1918,32.02,None,72,Tropicana Field,
149,666152,David Hamilton,MIL,PIT,2026-09-17T16:35:00Z,Warmup,9,Wilber Dotel,696062,R,32.8,Longshot,Watch List,Platoon Edge,10.7,27.6,57.8,44.8,80.0,10.1,Yes,Yes,9,Yes,No,MLB Stats API; RotoWire,,H:2026/2025 P:2026,,,Direct BvP not yet weighted; 2026/2025 Statcast baseline active,7,3,16,0,"Last 7 games: 3/16, 0 HR","platoon edge; pitcher baseline 3.0% barrel, 2.0 HR allowed",neutral batted-ball profile; pitcher fly-ball pressure modest,4.04,27.94,86.88,96.8418,0.312,0.0932,0.2684,69.66,6.66,35.67,24.62,4.6,0.1042,3.0,46.0,90.7,0.355,0.106,27.0,Out To LF,75,PNC Park,
150,807712,Luke Keaschall,MIN,LAA,2026-09-18T01:38:00Z,Scheduled,1,Walbert Ureña,700712,R,31.9,Longshot,Watch List,"Projected Lineup, Premium Lineup Spot",12.7,20.4,28.2,88.7,50.0,33.9,No,No,1,Yes,Yes,RotoWire projected lineup; MLB probable pitchers,lineup projected / unconfirmed,H:2026/2025 P:2026,,,Direct BvP not yet weighted; 2026/2025 Statcast baseline active,7,9,26,0,Contact streak: 9/26 over last 7 games,"same-side matchup; pitcher baseline 5.6% barrel, 9.0 HR allowed",neutral batted-ball profile; pitcher fly-ball pressure modest,3.87,29.66,85.71,96.7324,0.3654,0.1132,0.3205,68.57,7.1,38.68,27.25,7.5,0.1199,5.6,36.4,87.3,0.317,0.109,22.5,,,Angel Stadium,
151,656716,Zach McKinstry,DET,CWS,2026-09-17T23:40:00Z,Scheduled,8,Erick Fedde,607200,R,31.7,Longshot,Watch List,"Projected Lineup, Platoon Edge",6.4,48.1,27.6,47.9,80.0,0.0,No,No,8,Yes,Yes,RotoWire projected lineup; MLB probable pitchers,lineup projected / unconfirmed,H:2026/2025 P:2026/2025,,,Direct BvP not yet weighted; 2026/2025 Statcast baseline active,7,2,18,0,"Last 7 games: 2/18, 0 HR","platoon edge; pitcher baseline 8.1% barrel, 21.8 HR allowed",neutral batted-ball profile; pitcher fly-ball pressure modest,3.23,24.48,85.77,95.6284,0.3265,0.0886,0.291,67.85,3.65,40.61,26.88,6.4,0.1216,8.11,40.78,89.08,0.4477,0.186,29.4,,,Rate Field,
152,682668,Luisangel Acuna,CWS,DET,2026-09-17T23:40:00Z,Scheduled,8,Framber Valdez,664285,L,30.7,Longshot,Watch List,"Projected Lineup, Platoon Edge",13.8,34.5,27.6,47.9,78.0,0.0,No,No,8,Yes,Yes,RotoWire projected lineup; MLB probable pitchers,lineup projected / unconfirmed,H:2026/2025 P:2026/2025,,,Direct BvP not yet weighted; 2026/2025 Statcast baseline active,7,0,6,0,"Last 7 games: 0/6, 0 HR","platoon edge; pitcher baseline 5.9% barrel, 15.0 HR allowed",neutral batted-ball profile; pitcher fly-ball pressure modest,2.59,36.41,88.32,99.3433,0.3095,0.0672,0.2668,71.68,24.56,32.15,16.02,0.7,0.0365,5.93,43.22,90.17,0.384,0.129,18.04,,,Rate Field,
153,672016,Denzel Clarke,ATH,TB,2026-09-17T17:10:00Z,Pre-Game,9,Drew Rasmussen,656876,R,30.5,Longshot,Watch List,No major boost,19.5,29.6,41.1,44.8,50.0,0.0,Yes,Yes,9,Yes,No,MLB Stats API; RotoWire,,H:2026/2025 P:2026/2025,,,Direct BvP not yet weighted; 2026/2025 Statcast baseline active,7,0,6,0,"Last 7 games: 0/6, 0 HR","same-side matchup; pitcher baseline 6.1% barrel, 15.2 HR allowed",neutral batted-ball profile; pitcher fly-ball pressure modest,3.69,41.16,88.6,102.0845,0.2289,0.0534,0.2164,76.12,63.05,45.44,10.44,0.9,0.0531,6.09,37.35,88.99,0.3575,0.1257,23.17,None,72,Tropicana Field,
154,664728,Kyle Isbel,KC,HOU,2026-09-17T23:15:00Z,Scheduled,8,,,,30.3,Longshot,Watch List,Projected Lineup,11.9,41.2,27.6,47.9,60.0,4.5,No,No,8,Yes,Yes,RotoWire projected lineup; MLB probable pitchers,lineup projected / unconfirmed,H:2026/2025 P:,,,Direct BvP not yet weighted; 2026/2025 Statcast baseline active,7,3,20,0,"Last 7 games: 3/20, 0 HR","handedness incomplete; pitcher baseline 0.0% barrel, 0.0 HR allowed",neutral batted-ball profile; pitcher fly-ball pressure modest,2.44,33.72,88.08,98.8128,0.3026,0.0777,0.2573,71.17,13.13,33.37,19.92,5.4,0.1043,,,,,,,,,Daikin Park,
155,702222,Justin Crawford,PHI,NYM,2026-09-17T23:15:00Z,Scheduled,9,Nolan McLean,690997,R,30.3,Longshot,Watch List,"Projected Lineup, Platoon Edge",11.6,30.2,24.8,40.2,80.0,52.8,No,No,9,Yes,Yes,RotoWire projected lineup; MLB probable pitchers,lineup projected / unconfirmed,H:2026 P:2026/2025,,,Direct BvP not yet weighted; 2026/2025 Statcast baseline active,7,7,20,1,Contact streak: 7/20 over last 7 games,"platoon edge; pitcher baseline 7.2% barrel, 13.1 HR allowed",neutral batted-ball profile; pitcher fly-ball pressure modest,1.8,36.3,87.2,98.3057,0.331,0.071,0.289,69.2,6.2,28.1,16.3,3.0,0.091,7.16,38.22,88.38,0.3478,0.1246,21.35,,,Citi Field,
156,668952,Ryan Kreidler,MIN,LAA,2026-09-18T01:38:00Z,Scheduled,9,Walbert Ureña,700712,R,29.8,Longshot,Watch List,Projected Lineup,27.0,20.4,28.2,40.2,50.0,32.5,No,No,9,Yes,Yes,RotoWire projected lineup; MLB probable pitchers,lineup projected / unconfirmed,H:2026/2025 P:2026,,,Direct BvP not yet weighted; 2026/2025 Statcast baseline active,7,3,14,1,"Last 7 games: 3/14, 1 HR","same-side matchup; pitcher baseline 5.6% barrel, 9.0 HR allowed",neutral batted-ball profile; pitcher fly-ball pressure modest,7.04,34.76,88.69,99.2643,0.3383,0.1315,0.2724,73.03,31.46,44.7,30.33,4.9,0.1099,5.6,36.4,87.3,0.317,0.109,22.5,,,Angel Stadium,
157,675961,Alika Williams,ATH,TB,2026-09-17T17:10:00Z,Pre-Game,7,Drew Rasmussen,656876,R,29.4,Longshot,Watch List,No major boost,6.5,29.6,41.1,64.3,50.0,10.1,Yes,Yes,7,Yes,No,MLB Stats API; RotoWire,,H:2026 P:2026/2025,,,Direct BvP not yet weighted; 2026/2025 Statcast baseline active,7,3,16,0,"Last 7 games: 3/16, 0 HR","same-side matchup; pitcher baseline 6.1% barrel, 15.2 HR allowed",neutral batted-ball profile; pitcher fly-ball pressure modest,1.3,32.9,84.5,96.8685,0.292,0.08,0.243,69.3,3.1,41.8,22.9,4.0,0.163,6.09,37.35,88.99,0.3575,0.1257,23.17,None,72,Tropicana Field,
158,686765,Nick Sogard,BOS,TEX,2026-09-18T00:05:00Z,Scheduled,8,Tyler Alexander,641302,L,29.2,Longshot,Watch List,"Projected Lineup, Platoon Edge",15.7,17.2,27.6,47.9,75.0,46.0,No,No,8,Yes,Yes,RotoWire projected lineup; MLB probable pitchers,lineup projected / unconfirmed,H:2026/2025 P:2026/2025,,,Direct BvP not yet weighted; 2026/2025 Statcast baseline active,7,7,23,1,"Last 7 games: 7/23, 1 HR","switch hitter; pitcher baseline 4.5% barrel, 4.8 HR allowed",neutral batted-ball profile; pitcher fly-ball pressure modest,5.18,31.13,86.56,97.0293,0.3645,0.1142,0.3132,68.71,3.68,43.7,23.74,3.5,0.1309,4.5,34.56,87.1,0.3526,0.1097,24.23,,,Globe Life Field,
159,681987,Nate Eaton,BOS,TEX,2026-09-18T00:05:00Z,Scheduled,9,Tyler Alexander,641302,L,28.9,Longshot,Watch List,"Projected Lineup, Platoon Edge",23.7,17.7,27.6,40.2,78.0,0.0,No,No,9,Yes,Yes,RotoWire projected lineup; MLB probable pitchers,lineup projected / unconfirmed,H:2026/2025 P:2026/2025,,,Direct BvP not yet weighted; 2026/2025 Statcast baseline active,7,1,16,0,"Last 7 games: 1/16, 0 HR","platoon edge; pitcher baseline 4.5% barrel, 4.8 HR allowed",neutral batted-ball profile; pitcher fly-ball pressure modest,7.28,35.47,87.68,98.4853,0.3153,0.1307,0.2762,73.09,27.91,52.12,20.46,1.0,0.1157,4.5,34.56,87.1,0.3526,0.1097,24.23,,,Globe Life Field,
160,702332,Caleb Durbin,BOS,TEX,2026-09-18T00:05:00Z,Scheduled,6,Tyler Alexander,641302,L,28.8,Longshot,Watch List,"Projected Lineup, Platoon Edge",4.1,17.7,27.6,71.7,78.0,39.8,No,No,6,Yes,Yes,RotoWire projected lineup; MLB probable pitchers,lineup projected / unconfirmed,H:2026/2025 P:2026/2025,,,Direct BvP not yet weighted; 2026/2025 Statcast baseline active,7,5,19,1,"Last 7 games: 5/19, 1 HR","platoon edge; pitcher baseline 4.5% barrel, 4.8 HR allowed",neutral batted-ball profile; pitcher fly-ball pressure modest,3.23,25.92,83.87,95.5804,0.3319,0.0909,0.2987,68.81,4.95,40.67,19.96,12.4,0.1338,4.5,34.56,87.1,0.3526,0.1097,24.23,,,Globe Life Field,
161,623168,Tyler Heineman,LAA,MIN,2026-09-18T01:38:00Z,Scheduled,9,Taj Bradley,671737,R,27.9,Longshot,Watch List,"Projected Lineup, Platoon Edge",0.4,46.3,28.2,40.2,75.0,2.0,No,No,9,Yes,Yes,RotoWire projected lineup; MLB probable pitchers,lineup projected / unconfirmed,H:2026/2025 P:2026/2025,,,Direct BvP not yet weighted; 2026/2025 Statcast baseline active,7,2,15,0,"Last 7 games: 2/15, 0 HR","switch hitter; pitcher baseline 8.7% barrel, 21.8 HR allowed",neutral batted-ball profile; pitcher fly-ball pressure modest,1.45,15.54,82.58,92.7224,0.2734,0.0559,0.2499,65.47,0.42,43.22,22.03,1.6,0.0717,8.73,43.61,90.39,0.3885,0.1592,29.12,,,Angel Stadium,
162,671976,Tristan Peters,CWS,DET,2026-09-17T23:40:00Z,Scheduled,9,Framber Valdez,664285,L,27.4,Longshot,Watch List,Projected Lineup,14.6,34.5,27.6,40.2,50.0,0.0,No,No,9,Yes,Yes,RotoWire projected lineup; MLB probable pitchers,lineup projected / unconfirmed,H:2026/2025 P:2026/2025,,,Direct BvP not yet weighted; 2026/2025 Statcast baseline active,7,2,22,0,"Last 7 games: 2/22, 0 HR","same-side matchup; pitcher baseline 5.9% barrel, 15.0 HR allowed",neutral batted-ball profile; pitcher fly-ball pressure modest,3.92,35.66,87.22,98.1516,0.3271,0.1071,0.2656,69.23,5.25,42.05,19.88,8.4,0.1253,5.93,43.22,90.17,0.384,0.129,18.04,,,Rate Field,
