rank,hitter_id,player,team,opponent,game_start_time,game_status,batting_order,pitcher,pitcher_id,pitcher_hand,hr_score,tier,play_type,reason_tags,power_score,pitcher_score,environment_score,lineup_score,platoon_score,recent_form_score,confirmed_lineup,rotowire_confirmed_lineup,rotowire_batting_order,rotowire_player_found,lineup_disagreement,lineup_sources_used,source_warnings,stat_years_used,bvp_pa,bvp_hr,bvp_note,recent_games,recent_hits,recent_abs,recent_hr,recent_form_note,split_matchup_note,pitch_mix_note,barrel_pct,hard_hit_pct,avg_exit_velocity,ev50,xslg,xiso,xwoba,bat_speed,fast_swing_pct,pull_pct,fb_pct,hr_total,iso,pitcher_barrel_pct_allowed,pitcher_hard_hit_pct_allowed,pitcher_avg_exit_velocity_allowed,pitcher_xslg_allowed,pitcher_xiso_allowed,pitcher_fb_pct_allowed,wind_direction,weather_temp,ballpark,odds
1,670541,Yordan Alvarez,HOU,PHI,2026-09-08T22:40:00Z,Scheduled,2,Andrew Painter,691725,R,62.4,Tier 3,Watch List,"Projected Lineup, Elite Power, Strong Barrel, Premium Lineup Spot, Platoon Edge",78.4,36.9,34.3,95.5,80.0,39.5,No,No,2,Yes,Yes,RotoWire projected lineup; MLB probable pitchers,lineup projected / unconfirmed,H:2026/2025 P:2026,,,Direct BvP not yet weighted; 2026/2025 Statcast baseline active,7,6,23,1,"Last 7 games: 6/23, 1 HR","platoon edge; pitcher baseline 7.7% barrel, 17.0 HR allowed",lift-pull EV profile; pitcher fly-ball pressure modest,15.41,53.04,94.49,104.8546,0.6176,0.307,0.4308,76.17,61.94,41.37,36.38,28.4,0.2466,7.7,35.3,87.4,0.411,0.162,26.9,,,Citizens Bank Park,
2,656941,Kyle Schwarber,PHI,HOU,2026-09-08T22:40:00Z,Scheduled,1,Hayden Wesneski,669713,R,61.3,Tier 3,Watch List,"Projected Lineup, Elite Power, Strong Barrel, Premium Lineup Spot, Platoon Edge",75.7,33.9,34.3,88.7,80.0,68.3,No,No,1,Yes,Yes,RotoWire projected lineup; MLB probable pitchers,lineup projected / unconfirmed,H:2026/2025 P:2026/2025,,,Direct BvP not yet weighted; 2026/2025 Statcast baseline active,7,5,24,3,Hot streak: 3 HR in last 7 games,"platoon edge; pitcher baseline 7.6% barrel, 3.5 HR allowed",lift-pull EV profile; pitcher fly-ball pressure modest,18.14,52.88,92.9,104.1586,0.525,0.2826,0.3772,77.16,75.63,54.7,32.97,46.2,0.295,7.63,39.58,88.23,0.3912,0.1494,23.62,,,Citizens Bank Park,
3,695578,James Wood,WSH,SD,2026-09-09T01:40:00Z,Scheduled,1,Casey Mize,663554,R,61.2,Tier 3,Watch List,"Projected Lineup, Elite Power, Strong Barrel, Premium Lineup Spot, Platoon Edge",81.0,43.0,22.6,88.7,80.0,22.4,No,No,1,Yes,Yes,RotoWire projected lineup; MLB probable pitchers,lineup projected / unconfirmed,H:2026/2025 P:2026/2025,,,Direct BvP not yet weighted; 2026/2025 Statcast baseline active,7,7,26,0,"Last 7 games: 7/26, 0 HR","platoon edge; pitcher baseline 8.4% barrel, 15.4 HR allowed",EV profile; pitcher allows elevated contact,19.41,57.42,94.93,106.2101,0.5525,0.282,0.4002,76.63,66.92,31.87,25.36,30.3,0.2512,8.43,39.56,89.44,0.3861,0.1553,31.16,,,Petco Park,
4,682985,Riley Greene,DET,MIN,2026-09-08T22:40:00Z,Scheduled,4,Dean Kremer,665152,R,60.3,Tier 3,Watch List,"Projected Lineup, Strong Barrel, Premium Lineup Spot, Platoon Edge, Hot Hitter/Streak",62.0,46.5,27.6,90.4,80.0,94.7,No,No,4,Yes,Yes,RotoWire projected lineup; MLB probable pitchers,lineup projected / unconfirmed,H:2026/2025 P:2026/2025,,,Direct BvP not yet weighted; 2026/2025 Statcast baseline active,7,10,26,3,Hot streak: 3 HR in last 7 games,"platoon edge; pitcher baseline 8.8% barrel, 17.1 HR allowed",neutral batted-ball profile; pitcher allows elevated contact,15.77,47.39,90.32,102.6218,0.4952,0.241,0.3579,75.6,57.59,38.77,33.52,23.4,0.2042,8.84,36.5,88.1,0.4405,0.1966,31.34,,,Comerica Park,
5,592450,Aaron Judge,NYY,COL,2026-09-08T23:05:00Z,Scheduled,2,Gabriel Hughes,687312,R,59.8,Longshot,Watch List,"Projected Lineup, Elite Power, Strong Barrel, Premium Lineup Spot",90.3,18.0,38.2,95.5,50.0,40.7,No,No,2,Yes,Yes,RotoWire projected lineup; MLB probable pitchers,lineup projected / unconfirmed,H:2026/2025 P:2026,,,Direct BvP not yet weighted; 2026/2025 Statcast baseline active,7,7,26,1,"Last 7 games: 7/26, 1 HR","same-side matchup; pitcher baseline 4.8% barrel, 5.0 HR allowed",lift-pull EV profile; pitcher fly-ball pressure modest,22.63,57.57,94.49,105.7636,0.6324,0.3537,0.4282,76.34,66.44,41.27,34.06,27.8,0.3066,4.8,28.9,87.6,0.357,0.12,26.5,,,Yankee Stadium,
6,660271,Shohei Ohtani,LAD,CIN,2026-09-09T02:10:00Z,Scheduled,1,Nick Lodolo,666157,L,59.5,Longshot,Watch List,"Projected Lineup, Elite Power, Strong Barrel, Premium Lineup Spot",78.6,52.2,27.6,88.7,50.0,0.0,No,No,1,Yes,Yes,RotoWire projected lineup; MLB probable pitchers,lineup projected / unconfirmed,H:2026/2025 P:2026/2025,,,Direct BvP not yet weighted; 2026/2025 Statcast baseline active,7,2,26,0,"Last 7 games: 2/26, 0 HR","same-side matchup; pitcher baseline 9.5% barrel, 17.8 HR allowed",lift-pull EV profile; pitcher fly-ball pressure modest,18.11,53.8,93.71,104.4581,0.5853,0.3001,0.4082,74.96,52.94,46.63,31.78,37.5,0.2742,9.46,40.99,89.99,0.4625,0.1851,26.47,,,UNIQLO Field at Dodger Stadium,
7,669065,Kyle Stowers,MIA,NYM,2026-09-08T22:40:00Z,Scheduled,3,Sean Manaea,640455,L,58.8,Longshot,Watch List,"Projected Lineup, Strong Barrel, Premium Lineup Spot, Hot Hitter/Streak",63.8,54.1,21.5,92.1,50.0,83.2,No,No,3,Yes,Yes,RotoWire projected lineup; MLB probable pitchers,lineup projected / unconfirmed,H:2026/2025 P:2026/2025,,,Direct BvP not yet weighted; 2026/2025 Statcast baseline active,7,8,26,3,Hot streak: 3 HR in last 7 games,"same-side matchup; pitcher baseline 10.4% barrel, 18.6 HR allowed",lift-pull EV profile; pitcher fly-ball pressure modest,14.62,54.94,92.08,103.4836,0.474,0.2307,0.3477,75.28,54.67,45.29,31.92,20.8,0.2364,10.37,41.69,89.38,0.4437,0.1897,28.54,,,loanDepot park,
8,808959,Munetaka Murakami,CWS,PIT,2026-09-08T23:40:00Z,Scheduled,3,Bubba Chandler,696149,R,58.5,Longshot,Watch List,"Projected Lineup, Elite Power, Strong Barrel, Premium Lineup Spot, Platoon Edge",76.1,34.3,27.6,92.1,80.0,18.3,No,No,3,Yes,Yes,RotoWire projected lineup; MLB probable pitchers,lineup projected / unconfirmed,H:2026 P:2026/2025,,,Direct BvP not yet weighted; 2026/2025 Statcast baseline active,7,3,27,1,"Last 7 games: 3/27, 1 HR","platoon edge; pitcher baseline 6.7% barrel, 9.0 HR allowed",lift-pull EV profile; pitcher fly-ball pressure modest,18.9,57.3,93.9,104.3644,0.46,0.257,0.347,74.8,51.2,44.9,38.8,30.0,0.267,6.74,38.95,89.15,0.3821,0.1497,25.67,,,Rate Field,
9,665833,Oneil Cruz,PIT,CWS,2026-09-08T23:40:00Z,Scheduled,5,Sean Burke,680732,R,58.1,Longshot,Watch List,"Projected Lineup, Strong Barrel, Platoon Edge",70.8,44.7,27.6,81.9,80.0,24.0,No,No,5,Yes,Yes,RotoWire projected lineup; MLB probable pitchers,lineup projected / unconfirmed,H:2026/2025 P:2026/2025,,,Direct BvP not yet weighted; 2026/2025 Statcast baseline active,7,7,25,0,"Last 7 games: 7/25, 0 HR","platoon edge; pitcher baseline 8.5% barrel, 19.5 HR allowed",EV profile; pitcher allows elevated contact,17.16,55.55,95.24,106.6521,0.4579,0.2217,0.3422,78.24,75.82,40.37,24.01,17.9,0.1976,8.54,39.06,89.32,0.3933,0.162,31.4,,,Rate Field,
10,624413,Pete Alonso,BAL,CLE,2026-09-08T22:35:00Z,Scheduled,4,Tanner Bibee,676440,R,57.7,Longshot,Watch List,"Projected Lineup, Strong Barrel, Premium Lineup Spot",72.6,42.2,32.1,90.4,50.0,32.9,No,No,4,Yes,Yes,RotoWire projected lineup; MLB probable pitchers,lineup projected / unconfirmed,H:2026/2025 P:2026/2025,,,Direct BvP not yet weighted; 2026/2025 Statcast baseline active,7,5,23,1,"Last 7 games: 5/23, 1 HR","same-side matchup; pitcher baseline 8.0% barrel, 26.3 HR allowed",EV profile; pitcher fly-ball pressure modest,15.47,56.43,94.06,104.2754,0.5503,0.2696,0.3902,74.78,48.86,36.36,30.18,34.5,0.2352,7.96,38.42,88.99,0.406,0.1625,27.62,,,Oriole Park at Camden Yards,
11,665742,Juan Soto,NYM,MIA,2026-09-08T22:40:00Z,Scheduled,2,Sandy Alcantara,645261,R,56.7,Longshot,Watch List,"Projected Lineup, Strong Barrel, Premium Lineup Spot, Platoon Edge",70.5,33.9,21.5,95.5,80.0,29.2,No,No,2,Yes,Yes,RotoWire projected lineup; MLB probable pitchers,lineup projected / unconfirmed,H:2026/2025 P:2026/2025,,,Direct BvP not yet weighted; 2026/2025 Statcast baseline active,7,5,26,1,"Last 7 games: 5/26, 1 HR","platoon edge; pitcher baseline 6.2% barrel, 19.9 HR allowed",lift-pull EV profile; pitcher fly-ball pressure modest,15.33,50.05,92.75,102.9879,0.5891,0.2979,0.4199,72.69,31.91,39.18,32.47,29.0,0.255,6.15,38.0,89.02,0.3884,0.1365,24.38,,,loanDepot park,
12,663728,Cal Raleigh,SEA,TEX,2026-09-09T01:40:00Z,Scheduled,4,,,,56.6,Longshot,Watch List,"Projected Lineup, Strong Barrel, Premium Lineup Spot, Platoon Edge, Hot Hitter/Streak",60.8,40.2,25.4,90.4,75.0,74.2,No,No,4,Yes,Yes,RotoWire projected lineup; MLB probable pitchers,lineup projected / unconfirmed,H:2026/2025 P:,,,Direct BvP not yet weighted; 2026/2025 Statcast baseline active,7,10,27,2,Hot streak: 2 HR in last 7 games,"switch hitter; pitcher baseline 0.0% barrel, 0.0 HR allowed",fly-ball profile; pitcher fly-ball pressure modest,16.28,42.25,90.32,101.217,0.4469,0.2432,0.3325,75.06,52.18,54.43,42.43,32.7,0.2384,,,,,,,,,T-Mobile Park,
13,695600,Carter Jensen,KC,AZ,2026-09-08T23:40:00Z,Scheduled,1,Corbin Burnes,669203,R,56.3,Longshot,Watch List,"Projected Lineup, Strong Barrel, Premium Lineup Spot, Platoon Edge, Hot Hitter/Streak",58.9,38.1,23.2,88.7,80.0,92.6,No,No,1,Yes,Yes,RotoWire projected lineup; MLB probable pitchers,lineup projected / unconfirmed,H:2026/2025 P:2025,,,Direct BvP not yet weighted; 2026/2025 Statcast baseline active,7,10,27,3,Hot streak: 3 HR in last 7 games,"platoon edge; pitcher baseline 8.1% barrel, 7.0 HR allowed",lift-pull EV profile; pitcher fly-ball pressure modest,14.08,48.99,92.6,103.0122,0.4636,0.2151,0.3469,74.1,38.8,40.58,31.33,16.3,0.222,8.1,41.6,89.5,0.385,0.158,19.1,,,Kauffman Stadium,
14,681715,Heriberto Hernandez,MIA,NYM,2026-09-08T22:40:00Z,Scheduled,1,Sean Manaea,640455,L,56.2,Longshot,Watch List,"Projected Lineup, Strong Barrel, Premium Lineup Spot, Platoon Edge",55.2,54.1,21.5,88.7,78.0,46.4,No,No,1,Yes,Yes,RotoWire projected lineup; MLB probable pitchers,lineup projected / unconfirmed,H:2026/2025 P:2026/2025,,,Direct BvP not yet weighted; 2026/2025 Statcast baseline active,7,5,27,2,Hot streak: 2 HR in last 7 games,"platoon edge; pitcher baseline 10.4% barrel, 18.6 HR allowed",neutral batted-ball profile; pitcher fly-ball pressure modest,12.96,46.87,90.9,101.7016,0.4735,0.2257,0.3487,74.14,44.76,46.61,30.55,19.8,0.2203,10.37,41.69,89.38,0.4437,0.1897,28.54,,,loanDepot park,
15,608369,Corey Seager,TEX,SEA,2026-09-09T01:40:00Z,Scheduled,2,,,,55.9,Longshot,Watch List,"Projected Lineup, Strong Barrel, Premium Lineup Spot",62.1,41.2,25.4,95.5,60.0,59.1,No,No,2,Yes,Yes,RotoWire projected lineup; MLB probable pitchers,lineup projected / unconfirmed,H:2026/2025 P:,,,Direct BvP not yet weighted; 2026/2025 Statcast baseline active,7,7,26,2,Hot streak: 2 HR in last 7 games,"handedness incomplete; pitcher baseline 0.0% barrel, 0.0 HR allowed",neutral batted-ball profile; pitcher fly-ball pressure modest,15.02,50.45,91.99,102.5898,0.5039,0.2448,0.365,71.73,14.67,40.64,31.34,16.8,0.1978,,,,,,,,,T-Mobile Park,
16,660670,Ronald Acuna,ATL,TB,2026-09-08T23:15:00Z,Scheduled,2,Freddy Peralta,642547,R,55.2,Longshot,Watch List,"Projected Lineup, Strong Barrel, Premium Lineup Spot, Hot Hitter/Streak",59.1,34.9,30.9,95.5,50.0,95.9,No,No,2,Yes,Yes,RotoWire projected lineup; MLB probable pitchers,lineup projected / unconfirmed,H:2026/2025 P:2026/2025,,,Direct BvP not yet weighted; 2026/2025 Statcast baseline active,7,11,28,3,Hot streak: 3 HR in last 7 games,"same-side matchup; pitcher baseline 7.1% barrel, 22.4 HR allowed",neutral batted-ball profile; pitcher fly-ball pressure modest,13.53,47.81,91.16,103.1753,0.4993,0.2398,0.3739,76.05,62.88,36.44,28.02,17.5,0.2021,7.06,37.02,87.72,0.3729,0.1459,28.69,,,Truist Park,
17,664040,Brandon Lowe,PIT,CWS,2026-09-08T23:40:00Z,Scheduled,2,Sean Burke,680732,R,55.2,Longshot,Watch List,"Projected Lineup, Strong Barrel, Premium Lineup Spot, Platoon Edge",51.1,44.7,27.6,95.5,80.0,58.0,No,No,2,Yes,Yes,RotoWire projected lineup; MLB probable pitchers,lineup projected / unconfirmed,H:2026/2025 P:2026/2025,,,Direct BvP not yet weighted; 2026/2025 Statcast baseline active,7,10,26,1,Contact streak: 10/26 over last 7 games,"platoon edge; pitcher baseline 8.5% barrel, 19.5 HR allowed",neutral batted-ball profile; pitcher allows elevated contact,12.09,45.9,91.03,101.4035,0.4423,0.2005,0.3266,73.66,39.95,46.51,32.85,29.6,0.2231,8.54,39.06,89.32,0.3933,0.162,31.4,,,Rate Field,
18,621566,Matt Olson,ATL,TB,2026-09-08T23:15:00Z,Scheduled,3,Freddy Peralta,642547,R,54.8,Longshot,Watch List,"Projected Lineup, Strong Barrel, Premium Lineup Spot, Platoon Edge",65.9,34.9,30.9,92.1,80.0,0.0,No,No,3,Yes,Yes,RotoWire projected lineup; MLB probable pitchers,lineup projected / unconfirmed,H:2026/2025 P:2026/2025,,,Direct BvP not yet weighted; 2026/2025 Statcast baseline active,7,2,27,0,"Last 7 games: 2/27, 0 HR","platoon edge; pitcher baseline 7.1% barrel, 22.4 HR allowed",lift-pull EV profile; pitcher fly-ball pressure modest,14.75,51.2,92.81,103.7511,0.5025,0.2559,0.3551,74.53,47.54,38.21,33.27,34.6,0.2449,7.06,37.02,87.72,0.3729,0.1459,28.69,,,Truist Park,
19,682987,Spencer Jones,NYY,COL,2026-09-08T23:05:00Z,Scheduled,5,Gabriel Hughes,687312,R,54.7,Longshot,Watch List,"Projected Lineup, Strong Barrel, Platoon Edge, Hot Hitter/Streak",67.5,18.0,38.2,81.9,80.0,73.2,No,No,5,Yes,Yes,RotoWire projected lineup; MLB probable pitchers,lineup projected / unconfirmed,H:2026 P:2026,,,Direct BvP not yet weighted; 2026/2025 Statcast baseline active,7,8,22,2,Hot streak: 2 HR in last 7 games,"platoon edge; pitcher baseline 4.8% barrel, 5.0 HR allowed",EV profile; pitcher fly-ball pressure modest,15.8,55.5,94.1,104.2649,0.445,0.207,0.327,77.3,73.1,32.5,35.0,9.0,0.201,4.8,28.9,87.6,0.357,0.12,26.5,,,Yankee Stadium,
20,666018,Jonathan Aranda,TB,ATL,2026-09-08T23:15:00Z,Scheduled,2,AJ Smith-Shawver,700363,R,54.6,Longshot,Watch List,"Projected Lineup, Strong Barrel, Premium Lineup Spot, Platoon Edge",49.5,41.6,30.9,95.5,80.0,61.5,No,No,2,Yes,Yes,RotoWire projected lineup; MLB probable pitchers,lineup projected / unconfirmed,H:2026/2025 P:2026/2025,,,Direct BvP not yet weighted; 2026/2025 Statcast baseline active,7,8,28,2,Hot streak: 2 HR in last 7 games,"platoon edge; pitcher baseline 8.6% barrel, 2.6 HR allowed",neutral batted-ball profile; pitcher fly-ball pressure modest,10.87,48.55,91.74,101.2788,0.4695,0.1981,0.3596,70.29,12.76,32.57,30.34,17.5,0.159,8.61,41.77,89.65,0.4099,0.1534,27.28,,,Truist Park,
21,682829,Elly De La Cruz,CIN,LAD,2026-09-09T02:10:00Z,Scheduled,2,Tarik Skubal,669373,L,54.6,Longshot,Watch List,"Projected Lineup, Strong Barrel, Premium Lineup Spot, Platoon Edge, Hot Hitter/Streak",57.6,26.6,27.6,95.5,75.0,100.0,No,No,2,Yes,Yes,RotoWire projected lineup; MLB probable pitchers,lineup projected / unconfirmed,H:2026/2025 P:2026/2025,,,Direct BvP not yet weighted; 2026/2025 Statcast baseline active,7,12,26,3,Hot streak: 3 HR in last 7 games,"switch hitter; pitcher baseline 7.5% barrel, 13.8 HR allowed",EV profile; pitcher fly-ball pressure modest,13.52,49.87,93.38,104.3392,0.4667,0.1961,0.3542,75.45,54.54,34.26,24.68,22.7,0.2012,7.47,35.38,86.94,0.3412,0.1191,25.55,,,UNIQLO Field at Dodger Stadium,
22,691406,Junior Caminero,TB,ATL,2026-09-08T23:15:00Z,Scheduled,3,AJ Smith-Shawver,700363,R,54.3,Longshot,Watch List,"Projected Lineup, Strong Barrel, Premium Lineup Spot",61.9,41.6,30.9,92.1,50.0,36.5,No,No,3,Yes,Yes,RotoWire projected lineup; MLB probable pitchers,lineup projected / unconfirmed,H:2026/2025 P:2026/2025,,,Direct BvP not yet weighted; 2026/2025 Statcast baseline active,7,7,29,1,"Last 7 games: 7/29, 1 HR","same-side matchup; pitcher baseline 8.6% barrel, 2.6 HR allowed",EV profile; pitcher fly-ball pressure modest,13.23,50.84,92.82,105.2267,0.4954,0.2271,0.3572,79.27,84.48,45.59,23.42,40.1,0.2563,8.61,41.77,89.65,0.4099,0.1534,27.28,,,Truist Park,
23,665019,Kody Clemens,MIN,DET,2026-09-08T22:40:00Z,Scheduled,3,Drew Anderson,623454,R,53.9,Longshot,Watch List,"Projected Lineup, Strong Barrel, Premium Lineup Spot, Platoon Edge",53.6,37.8,27.6,92.1,80.0,57.8,No,No,3,Yes,Yes,RotoWire projected lineup; MLB probable pitchers,lineup projected / unconfirmed,H:2026/2025 P:2026,,,Direct BvP not yet weighted; 2026/2025 Statcast baseline active,7,6,23,2,Hot streak: 2 HR in last 7 games,"platoon edge; pitcher baseline 8.1% barrel, 13.0 HR allowed",lift-pull EV profile; pitcher fly-ball pressure modest,11.93,47.32,92.13,101.5667,0.465,0.2139,0.3366,72.06,14.56,46.71,33.39,22.5,0.2245,8.1,39.0,89.8,0.367,0.14,24.1,,,Comerica Park,
24,545361,Mike Trout,LAA,BOS,2026-09-08T22:45:00Z,Scheduled,2,Patrick Sandoval,663776,L,53.7,Longshot,Watch List,"Projected Lineup, Strong Barrel, Premium Lineup Spot, Platoon Edge",59.2,33.3,28.7,95.5,78.0,28.6,No,No,2,Yes,Yes,RotoWire projected lineup; MLB probable pitchers,lineup projected / unconfirmed,H:2026/2025 P:2026,,,Direct BvP not yet weighted; 2026/2025 Statcast baseline active,7,9,29,0,"Last 7 games: 9/29, 0 HR","platoon edge; pitcher baseline 7.3% barrel, 6.0 HR allowed",neutral batted-ball profile; pitcher fly-ball pressure modest,15.52,46.43,90.2,102.8301,0.4817,0.2348,0.3699,74.56,47.35,36.44,31.77,21.8,0.1895,7.3,33.8,87.0,0.444,0.167,25.2,,,Fenway Park,
25,663330,Jahmai Jones,BOS,LAA,2026-09-08T22:45:00Z,Scheduled,2,Reid Detmers,672282,L,53.4,Longshot,Watch List,"Projected Lineup, Strong Barrel, Premium Lineup Spot, Platoon Edge",52.5,38.0,28.7,95.5,78.0,45.3,No,No,2,Yes,Yes,RotoWire projected lineup; MLB probable pitchers,lineup projected / unconfirmed,H:2026/2025 P:2026/2025,,,Direct BvP not yet weighted; 2026/2025 Statcast baseline active,7,3,10,1,"Last 7 games: 3/10, 1 HR","platoon edge; pitcher baseline 7.6% barrel, 13.7 HR allowed",neutral batted-ball profile; pitcher fly-ball pressure modest,11.44,49.05,91.57,102.752,0.4756,0.2143,0.3605,73.46,35.42,51.16,25.54,5.6,0.2028,7.64,39.51,90.03,0.3609,0.139,27.5,,,Fenway Park,
26,699013,Esmerlyn Valdez,PIT,CWS,2026-09-08T23:40:00Z,Scheduled,6,Sean Burke,680732,R,53.3,Longshot,Watch List,"Projected Lineup, Strong Barrel",69.4,44.7,27.6,71.7,50.0,18.3,No,No,6,Yes,Yes,RotoWire projected lineup; MLB probable pitchers,lineup projected / unconfirmed,H:2026 P:2026/2025,,,Direct BvP not yet weighted; 2026/2025 Statcast baseline active,7,3,27,1,"Last 7 games: 3/27, 1 HR","same-side matchup; pitcher baseline 8.5% barrel, 19.5 HR allowed",fly-ball profile; pitcher allows elevated contact,20.2,48.8,91.7,102.6213,0.434,0.238,0.328,74.8,51.2,37.2,40.3,16.0,0.271,8.54,39.06,89.32,0.3933,0.162,31.4,,,Rate Field,
27,700250,Ben Rice,NYY,COL,2026-09-08T23:05:00Z,Scheduled,1,Gabriel Hughes,687312,R,53.2,Longshot,Watch List,"Projected Lineup, Strong Barrel, Premium Lineup Spot, Platoon Edge",64.1,18.0,38.2,88.7,80.0,46.9,No,No,1,Yes,Yes,RotoWire projected lineup; MLB probable pitchers,lineup projected / unconfirmed,H:2026/2025 P:2026,,,Direct BvP not yet weighted; 2026/2025 Statcast baseline active,7,9,29,1,"Last 7 games: 9/29, 1 HR","platoon edge; pitcher baseline 4.8% barrel, 5.0 HR allowed",lift-pull EV profile; pitcher fly-ball pressure modest,14.7,50.99,92.39,102.5453,0.5236,0.2527,0.3805,72.91,28.01,45.17,30.74,33.0,0.2587,4.8,28.9,87.6,0.357,0.12,26.5,,,Yankee Stadium,
28,695506,Jac Caglianone,KC,AZ,2026-09-08T23:40:00Z,Scheduled,3,Corbin Burnes,669203,R,53.0,Longshot,Watch List,"Projected Lineup, Strong Barrel, Premium Lineup Spot, Platoon Edge",58.2,38.1,23.2,92.1,80.0,22.4,No,No,3,Yes,Yes,RotoWire projected lineup; MLB probable pitchers,lineup projected / unconfirmed,H:2026/2025 P:2025,,,Direct BvP not yet weighted; 2026/2025 Statcast baseline active,7,7,26,0,"Last 7 games: 7/26, 0 HR","platoon edge; pitcher baseline 8.1% barrel, 7.0 HR allowed",neutral batted-ball profile; pitcher fly-ball pressure modest,13.19,50.8,91.99,104.7445,0.4828,0.215,0.3462,77.26,74.69,44.49,22.54,18.2,0.1891,8.1,41.6,89.5,0.385,0.158,19.1,,,Kauffman Stadium,
29,668804,Bryan Reynolds,PIT,CWS,2026-09-08T23:40:00Z,Scheduled,3,Sean Burke,680732,R,52.5,Longshot,Watch List,"Projected Lineup, Strong Barrel, Premium Lineup Spot, Platoon Edge",47.5,42.7,27.6,92.1,75.0,55.9,No,No,3,Yes,Yes,RotoWire projected lineup; MLB probable pitchers,lineup projected / unconfirmed,H:2026/2025 P:2026/2025,,,Direct BvP not yet weighted; 2026/2025 Statcast baseline active,7,10,27,1,Contact streak: 10/27 over last 7 games,"switch hitter; pitcher baseline 8.5% barrel, 19.5 HR allowed",neutral batted-ball profile; pitcher allows elevated contact,10.8,47.26,91.06,102.0487,0.4512,0.1932,0.3534,72.62,28.16,39.52,25.74,16.0,0.1605,8.54,39.06,89.32,0.3933,0.162,31.4,,,Rate Field,
30,686527,Dominic Canzone,SEA,TEX,2026-09-09T01:40:00Z,Scheduled,2,,,,52.5,Longshot,Watch List,"Projected Lineup, Strong Barrel, Premium Lineup Spot",54.7,41.2,25.4,95.5,60.0,40.3,No,No,2,Yes,Yes,RotoWire projected lineup; MLB probable pitchers,lineup projected / unconfirmed,H:2026/2025 P:,,,Direct BvP not yet weighted; 2026/2025 Statcast baseline active,7,8,30,1,"Last 7 games: 8/30, 1 HR","handedness incomplete; pitcher baseline 0.0% barrel, 0.0 HR allowed",neutral batted-ball profile; pitcher fly-ball pressure modest,12.68,46.06,91.46,102.5699,0.4987,0.2234,0.3613,74.01,41.78,40.25,26.23,18.0,0.2104,,,,,,,,,T-Mobile Park,
31,547180,Bryce Harper,PHI,HOU,2026-09-08T22:40:00Z,Scheduled,3,Hayden Wesneski,669713,R,52.4,Longshot,Watch List,"Projected Lineup, Strong Barrel, Premium Lineup Spot, Platoon Edge",51.8,33.9,34.3,92.1,80.0,38.3,No,No,3,Yes,Yes,RotoWire projected lineup; MLB probable pitchers,lineup projected / unconfirmed,H:2026/2025 P:2026/2025,,,Direct BvP not yet weighted; 2026/2025 Statcast baseline active,7,9,24,0,Contact streak: 9/24 over last 7 games,"platoon edge; pitcher baseline 7.6% barrel, 3.5 HR allowed",neutral batted-ball profile; pitcher fly-ball pressure modest,11.39,45.4,90.67,101.9051,0.4983,0.2233,0.3848,74.1,44.8,37.63,27.45,27.0,0.2281,7.63,39.58,88.23,0.3912,0.1494,23.62,,,Citizens Bank Park,
32,665487,Fernando Tatis,SD,WSH,2026-09-09T01:40:00Z,Scheduled,1,Riley Cornelio,683000,R,52.1,Longshot,Watch List,"Projected Lineup, Strong Barrel, Premium Lineup Spot, Hot Hitter/Streak",57.3,36.2,22.6,88.7,50.0,83.6,No,No,1,Yes,Yes,RotoWire projected lineup; MLB probable pitchers,lineup projected / unconfirmed,H:2026/2025 P:2026,,,Direct BvP not yet weighted; 2026/2025 Statcast baseline active,7,9,29,3,Hot streak: 3 HR in last 7 games,"same-side matchup; pitcher baseline 9.5% barrel, 2.0 HR allowed",EV profile; pitcher allows elevated contact,12.26,53.41,93.02,104.4803,0.4887,0.2002,0.3735,75.65,57.91,34.8,22.01,21.5,0.171,9.5,47.6,87.5,0.304,0.107,31.7,,,Petco Park,
33,666160,Mickey Moniak,COL,NYY,2026-09-08T23:05:00Z,Scheduled,2,Cam Schlittler,693645,R,52.0,Longshot,Watch List,"Projected Lineup, Strong Barrel, Premium Lineup Spot, Platoon Edge",46.7,35.8,38.2,95.5,80.0,32.9,No,No,2,Yes,Yes,RotoWire projected lineup; MLB probable pitchers,lineup projected / unconfirmed,H:2026/2025 P:2026/2025,,,Direct BvP not yet weighted; 2026/2025 Statcast baseline active,7,5,23,1,"Last 7 games: 5/23, 1 HR","platoon edge; pitcher baseline 8.0% barrel, 12.9 HR allowed",fly-ball profile; pitcher fly-ball pressure modest,11.0,42.15,89.56,100.2142,0.4291,0.1986,0.3006,74.19,43.46,46.45,37.4,22.6,0.2494,7.99,39.92,88.65,0.3511,0.1351,26.6,,,Yankee Stadium,
34,686948,Drake Baldwin,ATL,TB,2026-09-08T23:15:00Z,Scheduled,1,Freddy Peralta,642547,R,52.0,Longshot,Watch List,"Projected Lineup, Strong Barrel, Premium Lineup Spot, Platoon Edge",55.5,34.9,30.9,88.7,80.0,22.0,No,No,1,Yes,Yes,RotoWire projected lineup; MLB probable pitchers,lineup projected / unconfirmed,H:2026/2025 P:2026/2025,,,Direct BvP not yet weighted; 2026/2025 Statcast baseline active,7,8,30,0,"Last 7 games: 8/30, 0 HR","platoon edge; pitcher baseline 7.1% barrel, 22.4 HR allowed",neutral batted-ball profile; pitcher fly-ball pressure modest,12.05,50.65,91.7,102.2697,0.487,0.2129,0.3614,75.3,56.72,32.15,25.39,21.1,0.1796,7.06,37.02,87.72,0.3729,0.1459,28.69,,,Truist Park,
35,695657,Colson Montgomery,CWS,PIT,2026-09-08T23:40:00Z,Scheduled,5,Bubba Chandler,696149,R,52.0,Longshot,Watch List,"Projected Lineup, Strong Barrel, Platoon Edge, Hot Hitter/Streak",52.6,34.3,27.6,81.9,80.0,71.6,No,No,5,Yes,Yes,RotoWire projected lineup; MLB probable pitchers,lineup projected / unconfirmed,H:2026/2025 P:2026/2025,,,Direct BvP not yet weighted; 2026/2025 Statcast baseline active,7,6,26,3,Hot streak: 3 HR in last 7 games,"platoon edge; pitcher baseline 6.7% barrel, 9.0 HR allowed",neutral batted-ball profile; pitcher fly-ball pressure modest,13.31,42.75,88.98,101.8632,0.4408,0.2255,0.3165,76.72,70.44,48.81,33.16,28.0,0.2445,6.74,38.95,89.15,0.3821,0.1497,25.67,,,Rate Field,
36,701398,Sal Stewart,CIN,LAD,2026-09-09T02:10:00Z,Scheduled,3,Tarik Skubal,669373,L,51.8,Longshot,Watch List,"Projected Lineup, Strong Barrel, Premium Lineup Spot, Platoon Edge",60.2,28.0,27.6,92.1,78.0,22.4,No,No,3,Yes,Yes,RotoWire projected lineup; MLB probable pitchers,lineup projected / unconfirmed,H:2026/2025 P:2026/2025,,,Direct BvP not yet weighted; 2026/2025 Statcast baseline active,7,7,26,0,"Last 7 games: 7/26, 0 HR","platoon edge; pitcher baseline 7.5% barrel, 13.8 HR allowed",neutral batted-ball profile; pitcher fly-ball pressure modest,14.61,43.12,91.69,101.3653,0.5264,0.2582,0.366,72.17,26.58,37.73,32.79,23.2,0.2375,7.47,35.38,86.94,0.3412,0.1191,25.55,,,UNIQLO Field at Dodger Stadium,
37,669257,Will Smith,LAD,CIN,2026-09-09T02:10:00Z,Scheduled,5,Nick Lodolo,666157,L,51.7,Longshot,Watch List,"Projected Lineup, Strong Barrel, Platoon Edge",50.1,52.2,27.6,81.9,78.0,0.0,No,No,5,Yes,Yes,RotoWire projected lineup; MLB probable pitchers,lineup projected / unconfirmed,H:2026/2025 P:2026/2025,,,Direct BvP not yet weighted; 2026/2025 Statcast baseline active,7,2,17,0,"Last 7 games: 2/17, 0 HR","platoon edge; pitcher baseline 9.5% barrel, 17.8 HR allowed",fly-ball profile; pitcher fly-ball pressure modest,12.2,41.92,90.25,100.2621,0.4876,0.2179,0.3794,69.91,7.08,31.37,38.38,9.3,0.1485,9.46,40.99,89.99,0.4625,0.1851,26.47,,,UNIQLO Field at Dodger Stadium,
38,606192,Teoscar Hernandez,LAD,CIN,2026-09-09T02:10:00Z,Scheduled,6,Nick Lodolo,666157,L,51.7,Longshot,Watch List,"Projected Lineup, Strong Barrel, Platoon Edge",45.0,52.2,27.6,71.7,78.0,63.3,No,No,6,Yes,Yes,RotoWire projected lineup; MLB probable pitchers,lineup projected / unconfirmed,H:2026/2025 P:2026/2025,,,Direct BvP not yet weighted; 2026/2025 Statcast baseline active,7,11,26,1,Contact streak: 11/26 over last 7 games,"platoon edge; pitcher baseline 9.5% barrel, 17.8 HR allowed",neutral batted-ball profile; pitcher fly-ball pressure modest,10.87,45.12,90.2,101.4873,0.4343,0.1829,0.3247,72.55,26.11,35.27,29.1,15.9,0.1643,9.46,40.99,89.99,0.4625,0.1851,26.47,,,UNIQLO Field at Dodger Stadium,
39,701350,Roman Anthony,BOS,LAA,2026-09-08T22:45:00Z,Scheduled,1,Reid Detmers,672282,L,51.1,Longshot,Watch List,"Projected Lineup, Strong Barrel, Premium Lineup Spot",54.9,38.0,28.7,88.7,50.0,52.5,No,No,1,Yes,Yes,RotoWire projected lineup; MLB probable pitchers,lineup projected / unconfirmed,H:2026/2025 P:2026/2025,,,Direct BvP not yet weighted; 2026/2025 Statcast baseline active,7,7,31,2,Hot streak: 2 HR in last 7 games,"same-side matchup; pitcher baseline 7.6% barrel, 13.7 HR allowed",EV profile; pitcher fly-ball pressure modest,12.45,53.09,93.1,102.9401,0.4455,0.1805,0.3608,75.42,53.86,37.97,23.0,4.5,0.1486,7.64,39.51,90.03,0.3609,0.139,27.5,,,Fenway Park,
40,677951,Bobby Witt,KC,AZ,2026-09-08T23:40:00Z,Scheduled,2,Corbin Burnes,669203,R,51.1,Longshot,Watch List,"Projected Lineup, Strong Barrel, Premium Lineup Spot",56.9,38.1,23.2,95.5,50.0,36.3,No,No,2,Yes,Yes,RotoWire projected lineup; MLB probable pitchers,lineup projected / unconfirmed,H:2026/2025 P:2025,,,Direct BvP not yet weighted; 2026/2025 Statcast baseline active,7,6,25,1,"Last 7 games: 6/25, 1 HR","same-side matchup; pitcher baseline 8.1% barrel, 7.0 HR allowed",EV profile; pitcher fly-ball pressure modest,12.15,50.18,92.6,103.5668,0.5129,0.2129,0.379,74.02,42.72,30.87,27.06,18.8,0.1808,8.1,41.6,89.5,0.385,0.158,19.1,,,Kauffman Stadium,
41,691718,Pete Crow-Armstrong,CHC,MIL,2026-09-08T23:40:00Z,Scheduled,1,Jacob Misiorowski,694819,R,51.1,Longshot,Watch List,"Projected Lineup, Strong Barrel, Premium Lineup Spot, Platoon Edge, Hot Hitter/Streak",57.2,19.0,27.6,88.7,80.0,77.4,No,No,1,Yes,Yes,RotoWire projected lineup; MLB probable pitchers,lineup projected / unconfirmed,H:2026/2025 P:2026/2025,,,Direct BvP not yet weighted; 2026/2025 Statcast baseline active,7,7,26,3,Hot streak: 3 HR in last 7 games,"platoon edge; pitcher baseline 5.0% barrel, 12.2 HR allowed",fly-ball profile; pitcher fly-ball pressure modest,13.24,46.78,90.2,101.8053,0.4932,0.2386,0.356,74.24,44.81,49.67,35.57,37.3,0.2746,5.03,34.42,87.67,0.2803,0.101,26.13,,,American Family Field,
42,592626,Joc Pederson,TEX,SEA,2026-09-09T01:40:00Z,Scheduled,1,,,,51.1,Longshot,Watch List,"Projected Lineup, Strong Barrel, Premium Lineup Spot",50.0,41.2,25.4,88.7,60.0,61.5,No,No,1,Yes,Yes,RotoWire projected lineup; MLB probable pitchers,lineup projected / unconfirmed,H:2026/2025 P:,,,Direct BvP not yet weighted; 2026/2025 Statcast baseline active,7,4,14,2,Hot streak: 2 HR in last 7 games,"handedness incomplete; pitcher baseline 0.0% barrel, 0.0 HR allowed",neutral batted-ball profile; pitcher fly-ball pressure modest,10.83,49.21,91.97,102.0208,0.4301,0.195,0.3346,72.53,25.41,42.97,30.8,20.2,0.2191,,,,,,,,,T-Mobile Park,
43,694192,Jackson Chourio,MIL,CHC,2026-09-08T23:40:00Z,Scheduled,1,David Peterson,656849,L,51.0,Longshot,Watch List,"Projected Lineup, Strong Barrel, Premium Lineup Spot, Platoon Edge",50.3,36.3,27.6,88.7,78.0,42.5,No,No,1,Yes,Yes,RotoWire projected lineup; MLB probable pitchers,lineup projected / unconfirmed,H:2026/2025 P:2026/2025,,,Direct BvP not yet weighted; 2026/2025 Statcast baseline active,7,9,32,1,"Last 7 games: 9/32, 1 HR","platoon edge; pitcher baseline 6.5% barrel, 13.1 HR allowed",neutral batted-ball profile; pitcher fly-ball pressure modest,11.66,46.01,91.12,101.9682,0.4505,0.1986,0.3252,74.25,44.66,30.87,29.34,21.0,0.1923,6.47,42.57,89.62,0.4112,0.1391,18.94,,,American Family Field,
44,696100,Hunter Goodman,COL,NYY,2026-09-08T23:05:00Z,Scheduled,3,Cam Schlittler,693645,R,50.9,Longshot,Watch List,"Projected Lineup, Strong Barrel, Premium Lineup Spot",57.3,35.8,38.2,92.1,50.0,6.0,No,No,3,Yes,Yes,RotoWire projected lineup; MLB probable pitchers,lineup projected / unconfirmed,H:2026/2025 P:2026/2025,,,Direct BvP not yet weighted; 2026/2025 Statcast baseline active,7,4,25,0,"Last 7 games: 4/25, 0 HR","same-side matchup; pitcher baseline 8.0% barrel, 12.9 HR allowed",neutral batted-ball profile; pitcher fly-ball pressure modest,14.79,45.78,90.45,102.6598,0.4609,0.228,0.3241,74.86,48.6,48.21,31.99,34.5,0.2679,7.99,39.92,88.65,0.3511,0.1351,26.6,,,Yankee Stadium,
45,671739,Michael Harris,ATL,TB,2026-09-08T23:15:00Z,Scheduled,4,Freddy Peralta,642547,R,50.5,Longshot,Watch List,"Projected Lineup, Strong Barrel, Premium Lineup Spot, Platoon Edge",45.9,34.9,30.9,90.4,80.0,49.9,No,No,4,Yes,Yes,RotoWire projected lineup; MLB probable pitchers,lineup projected / unconfirmed,H:2026/2025 P:2026/2025,,,Direct BvP not yet weighted; 2026/2025 Statcast baseline active,7,5,24,2,Hot streak: 2 HR in last 7 games,"platoon edge; pitcher baseline 7.1% barrel, 22.4 HR allowed",neutral batted-ball profile; pitcher fly-ball pressure modest,10.15,46.9,90.41,103.2177,0.4667,0.1844,0.3339,74.79,47.54,36.01,22.28,22.8,0.1908,7.06,37.02,87.72,0.3729,0.1459,28.69,,,Truist Park,
46,605141,Mookie Betts,LAD,CIN,2026-09-09T02:10:00Z,Scheduled,3,Nick Lodolo,666157,L,50.5,Longshot,Watch List,"Projected Lineup, Premium Lineup Spot, Platoon Edge",31.9,52.2,27.6,92.1,78.0,68.7,No,No,3,Yes,Yes,RotoWire projected lineup; MLB probable pitchers,lineup projected / unconfirmed,H:2026/2025 P:2026/2025,,,Direct BvP not yet weighted; 2026/2025 Statcast baseline active,7,10,30,2,Hot streak: 2 HR in last 7 games,"platoon edge; pitcher baseline 9.5% barrel, 17.8 HR allowed",neutral batted-ball profile; pitcher fly-ball pressure modest,6.83,37.48,89.8,98.4329,0.4248,0.1525,0.33,69.46,8.46,39.82,33.59,18.6,0.1683,9.46,40.99,89.99,0.4625,0.1851,26.47,,,UNIQLO Field at Dodger Stadium,
47,666176,Jo Adell,CLE,BAL,2026-09-08T22:35:00Z,Scheduled,4,Brandon Young,687064,R,49.9,Longshot,Watch List,"Projected Lineup, Strong Barrel, Premium Lineup Spot",52.4,42.8,32.1,90.4,50.0,7.0,No,No,4,Yes,Yes,RotoWire projected lineup; MLB probable pitchers,lineup projected / unconfirmed,H:2026/2025 P:2026/2025,,,Direct BvP not yet weighted; 2026/2025 Statcast baseline active,7,4,24,0,"Last 7 games: 4/24, 0 HR","same-side matchup; pitcher baseline 7.8% barrel, 16.9 HR allowed",neutral batted-ball profile; pitcher fly-ball pressure modest,11.56,45.59,90.51,102.8402,0.4713,0.2148,0.3363,77.32,71.41,39.05,27.28,25.1,0.1867,7.75,40.52,89.26,0.4159,0.1651,26.66,,,Oriole Park at Camden Yards,
48,694212,Samuel Basallo,BAL,CLE,2026-09-08T22:35:00Z,Scheduled,5,Tanner Bibee,676440,R,49.9,Longshot,Watch List,"Projected Lineup, Strong Barrel, Platoon Edge",47.2,42.2,32.1,81.9,80.0,15.3,No,No,5,Yes,Yes,RotoWire projected lineup; MLB probable pitchers,lineup projected / unconfirmed,H:2026/2025 P:2026/2025,,,Direct BvP not yet weighted; 2026/2025 Statcast baseline active,7,4,18,0,"Last 7 games: 4/18, 0 HR","platoon edge; pitcher baseline 8.0% barrel, 26.3 HR allowed",neutral batted-ball profile; pitcher fly-ball pressure modest,11.63,43.0,90.08,101.9857,0.4247,0.1973,0.3106,74.8,49.0,41.97,29.54,13.1,0.1839,7.96,38.42,88.99,0.406,0.1625,27.62,,,Oriole Park at Camden Yards,
49,687952,Christian Encarnacion-Strand,BAL,CLE,2026-09-08T22:35:00Z,Scheduled,6,Tanner Bibee,676440,R,49.8,Longshot,Watch List,"Projected Lineup, Strong Barrel",56.0,42.2,32.1,71.7,50.0,37.8,No,No,6,Yes,Yes,RotoWire projected lineup; MLB probable pitchers,lineup projected / unconfirmed,H:2026/2025 P:2026/2025,,,Direct BvP not yet weighted; 2026/2025 Statcast baseline active,7,6,24,1,"Last 7 games: 6/24, 1 HR","same-side matchup; pitcher baseline 8.0% barrel, 26.3 HR allowed",neutral batted-ball profile; pitcher fly-ball pressure modest,14.39,41.34,90.56,101.5318,0.4855,0.2437,0.3231,73.67,37.18,47.07,30.98,7.4,0.2131,7.96,38.42,88.99,0.406,0.1625,27.62,,,Oriole Park at Camden Yards,
50,678246,Miguel Vargas,CWS,PIT,2026-09-08T23:40:00Z,Scheduled,2,Bubba Chandler,696149,R,49.8,Longshot,Watch List,"Projected Lineup, Strong Barrel, Premium Lineup Spot",52.3,34.3,27.6,95.5,50.0,46.9,No,No,2,Yes,Yes,RotoWire projected lineup; MLB probable pitchers,lineup projected / unconfirmed,H:2026/2025 P:2026/2025,,,Direct BvP not yet weighted; 2026/2025 Statcast baseline active,7,9,29,1,"Last 7 games: 9/29, 1 HR","same-side matchup; pitcher baseline 6.7% barrel, 9.0 HR allowed",fly-ball profile; pitcher fly-ball pressure modest,12.34,43.79,90.33,100.3501,0.4791,0.2207,0.3652,72.98,33.51,44.21,35.45,25.8,0.2139,6.74,38.95,89.15,0.3821,0.1497,25.67,,,Rate Field,
51,592518,Manny Machado,SD,WSH,2026-09-09T01:40:00Z,Scheduled,3,Riley Cornelio,683000,R,49.6,Longshot,Watch List,"Projected Lineup, Strong Barrel, Premium Lineup Spot, Hot Hitter/Streak",48.7,36.2,22.6,92.1,50.0,81.2,No,No,3,Yes,Yes,RotoWire projected lineup; MLB probable pitchers,lineup projected / unconfirmed,H:2026/2025 P:2026,,,Direct BvP not yet weighted; 2026/2025 Statcast baseline active,7,10,24,2,Hot streak: 2 HR in last 7 games,"same-side matchup; pitcher baseline 9.5% barrel, 2.0 HR allowed",neutral batted-ball profile; pitcher allows elevated contact,10.73,46.67,91.15,101.915,0.4488,0.1925,0.3414,74.64,44.51,39.24,27.8,26.3,0.1906,9.5,47.6,87.5,0.304,0.107,31.7,,,Petco Park,
52,669394,Jake Burger,TEX,SEA,2026-09-09T01:40:00Z,Scheduled,6,,,,49.4,Longshot,Watch List,"Projected Lineup, Strong Barrel",51.8,41.2,25.4,71.7,60.0,64.3,No,No,6,Yes,Yes,RotoWire projected lineup; MLB probable pitchers,lineup projected / unconfirmed,H:2026/2025 P:,,,Direct BvP not yet weighted; 2026/2025 Statcast baseline active,7,7,23,2,Hot streak: 2 HR in last 7 games,"handedness incomplete; pitcher baseline 0.0% barrel, 0.0 HR allowed",neutral batted-ball profile; pitcher fly-ball pressure modest,12.57,47.38,90.26,102.8214,0.4423,0.2033,0.3191,75.37,57.79,41.18,28.67,22.3,0.1907,,,,,,,,,T-Mobile Park,
53,646240,Rafael Devers,SF,STL,2026-09-09T01:45:00Z,Scheduled,2,Quinn Mathews,687273,L,49.3,Longshot,Watch List,"Projected Lineup, Strong Barrel, Premium Lineup Spot, Hot Hitter/Streak",61.4,13.8,19.3,95.5,50.0,100.0,No,No,2,Yes,Yes,RotoWire projected lineup; MLB probable pitchers,lineup projected / unconfirmed,H:2026/2025 P:2026,,,Direct BvP not yet weighted; 2026/2025 Statcast baseline active,7,11,26,5,Hot streak: 5 HR in last 7 games,"same-side matchup; pitcher baseline 1.3% barrel, 1.0 HR allowed",EV profile; pitcher fly-ball pressure modest,13.48,53.02,93.22,103.2923,0.473,0.2336,0.3474,71.81,20.72,34.12,33.88,35.0,0.2494,1.3,34.7,88.7,0.303,0.074,25.3,,,Oracle Park,
54,701538,Jackson Merrill,SD,WSH,2026-09-09T01:40:00Z,Scheduled,5,Riley Cornelio,683000,R,49.2,Longshot,Watch List,"Projected Lineup, Strong Barrel, Platoon Edge",52.2,36.2,22.6,81.9,80.0,24.0,No,No,5,Yes,Yes,RotoWire projected lineup; MLB probable pitchers,lineup projected / unconfirmed,H:2026/2025 P:2026,,,Direct BvP not yet weighted; 2026/2025 Statcast baseline active,7,7,25,0,"Last 7 games: 7/25, 0 HR","platoon edge; pitcher baseline 9.5% barrel, 2.0 HR allowed",neutral batted-ball profile; pitcher allows elevated contact,12.23,46.12,90.61,100.8557,0.4795,0.2179,0.3407,72.88,27.12,37.28,30.06,20.2,0.1797,9.5,47.6,87.5,0.304,0.107,31.7,,,Petco Park,
55,518692,Freddie Freeman,LAD,CIN,2026-09-09T02:10:00Z,Scheduled,4,Nick Lodolo,666157,L,49.2,Longshot,Watch List,"Projected Lineup, Premium Lineup Spot",40.7,52.2,27.6,90.4,50.0,37.8,No,No,4,Yes,Yes,RotoWire projected lineup; MLB probable pitchers,lineup projected / unconfirmed,H:2026/2025 P:2026/2025,,,Direct BvP not yet weighted; 2026/2025 Statcast baseline active,7,5,20,1,"Last 7 games: 5/20, 1 HR","same-side matchup; pitcher baseline 9.5% barrel, 17.8 HR allowed",neutral batted-ball profile; pitcher fly-ball pressure modest,8.93,42.83,89.99,100.2812,0.4754,0.1881,0.3654,70.08,8.12,36.05,27.49,18.4,0.1727,9.46,40.99,89.99,0.4625,0.1851,26.47,,,UNIQLO Field at Dodger Stadium,
56,695491,Joshua Baez,STL,SF,2026-09-09T01:45:00Z,Scheduled,7,Landen Roupp,694738,R,49.0,Longshot,Watch List,"Projected Lineup, Strong Barrel, Hot Hitter/Streak",71.9,22.6,19.3,59.8,50.0,81.2,No,No,7,Yes,Yes,RotoWire projected lineup; MLB probable pitchers,lineup projected / unconfirmed,H:2026 P:2026/2025,,,Direct BvP not yet weighted; 2026/2025 Statcast baseline active,7,10,24,2,Hot streak: 2 HR in last 7 games,"same-side matchup; pitcher baseline 6.2% barrel, 11.0 HR allowed",lift-pull EV profile; pitcher fly-ball pressure modest,14.9,53.2,93.8,103.16,0.502,0.275,0.337,77.5,72.7,42.6,36.2,7.0,0.342,6.17,31.25,86.79,0.3611,0.126,23.36,,,Oracle Park,
57,800050,Chase DeLauter,CLE,BAL,2026-09-08T22:35:00Z,Scheduled,2,Brandon Young,687064,R,48.9,Longshot,Watch List,"Projected Lineup, Premium Lineup Spot, Platoon Edge",34.3,42.8,32.1,95.5,80.0,39.7,No,No,2,Yes,Yes,RotoWire projected lineup; MLB probable pitchers,lineup projected / unconfirmed,H:2026 P:2026/2025,,,Direct BvP not yet weighted; 2026/2025 Statcast baseline active,7,10,26,0,Contact streak: 10/26 over last 7 games,"platoon edge; pitcher baseline 7.8% barrel, 16.9 HR allowed",neutral batted-ball profile; pitcher fly-ball pressure modest,6.2,45.8,91.3,101.326,0.423,0.147,0.343,71.4,18.0,37.2,19.5,13.0,0.164,7.75,40.52,89.26,0.4159,0.1651,26.66,,,Oriole Park at Camden Yards,
58,607043,Brandon Nimmo,TEX,SEA,2026-09-09T01:40:00Z,Scheduled,4,,,,48.9,Longshot,Watch List,"Projected Lineup, Premium Lineup Spot",47.7,41.2,25.4,90.4,60.0,28.2,No,No,4,Yes,Yes,RotoWire projected lineup; MLB probable pitchers,lineup projected / unconfirmed,H:2026/2025 P:,,,Direct BvP not yet weighted; 2026/2025 Statcast baseline active,7,8,26,0,"Last 7 games: 8/26, 0 HR","handedness incomplete; pitcher baseline 0.0% barrel, 0.0 HR allowed",EV profile; pitcher fly-ball pressure modest,9.5,50.9,92.18,102.0812,0.4526,0.1831,0.3434,72.34,27.67,33.52,25.77,17.3,0.1593,,,,,,,,,T-Mobile Park,
59,521692,Salvador Perez,KC,AZ,2026-09-08T23:40:00Z,Scheduled,4,Corbin Burnes,669203,R,48.8,Longshot,Watch List,"Projected Lineup, Strong Barrel, Premium Lineup Spot, Hot Hitter/Streak",46.8,38.1,23.2,90.4,50.0,72.2,No,No,4,Yes,Yes,RotoWire projected lineup; MLB probable pitchers,lineup projected / unconfirmed,H:2026/2025 P:2025,,,Direct BvP not yet weighted; 2026/2025 Statcast baseline active,7,10,28,2,Hot streak: 2 HR in last 7 games,"same-side matchup; pitcher baseline 8.1% barrel, 7.0 HR allowed",neutral batted-ball profile; pitcher fly-ball pressure modest,11.65,43.62,89.16,100.7381,0.4591,0.2086,0.3234,71.99,21.93,41.7,30.99,22.3,0.1729,8.1,41.6,89.5,0.385,0.158,19.1,,,Kauffman Stadium,
60,677800,Wilyer Abreu,BOS,LAA,2026-09-08T22:45:00Z,Scheduled,4,Reid Detmers,672282,L,48.7,Longshot,Watch List,"Projected Lineup, Strong Barrel, Premium Lineup Spot",52.6,38.0,28.7,90.4,50.0,14.1,No,No,4,Yes,Yes,RotoWire projected lineup; MLB probable pitchers,lineup projected / unconfirmed,H:2026/2025 P:2026/2025,,,Direct BvP not yet weighted; 2026/2025 Statcast baseline active,7,6,28,0,"Last 7 games: 6/28, 0 HR","same-side matchup; pitcher baseline 7.6% barrel, 13.7 HR allowed",fly-ball profile; pitcher fly-ball pressure modest,12.23,44.13,90.1,101.3446,0.4708,0.2208,0.3434,73.89,38.66,38.18,36.89,22.7,0.2122,7.64,39.51,90.03,0.3609,0.139,27.5,,,Fenway Park,
61,663886,Tyler Stephenson,CIN,LAD,2026-09-09T02:10:00Z,Scheduled,5,Tarik Skubal,669373,L,48.7,Longshot,Watch List,"Projected Lineup, Strong Barrel, Platoon Edge",50.8,28.0,27.6,81.9,78.0,52.0,No,No,5,Yes,Yes,RotoWire projected lineup; MLB probable pitchers,lineup projected / unconfirmed,H:2026/2025 P:2026/2025,,,Direct BvP not yet weighted; 2026/2025 Statcast baseline active,7,6,27,2,Hot streak: 2 HR in last 7 games,"platoon edge; pitcher baseline 7.5% barrel, 13.8 HR allowed",neutral batted-ball profile; pitcher fly-ball pressure modest,13.17,46.4,90.92,100.464,0.4361,0.2019,0.3278,70.45,7.0,37.43,33.01,14.4,0.1802,7.47,35.38,86.94,0.3412,0.1191,25.55,,,UNIQLO Field at Dodger Stadium,
62,672960,Kazuma Okamoto,TOR,ATH,2026-09-09T01:40:00Z,Scheduled,6,Jack Perkins,678022,R,48.6,Longshot,Watch List,"Projected Lineup, Strong Barrel",50.6,39.5,30.9,71.7,50.0,64.8,No,No,6,Yes,Yes,RotoWire projected lineup; MLB probable pitchers,lineup projected / unconfirmed,H:2026 P:2026/2025,,,Direct BvP not yet weighted; 2026/2025 Statcast baseline active,7,8,26,2,Hot streak: 2 HR in last 7 games,"same-side matchup; pitcher baseline 8.9% barrel, 13.8 HR allowed",neutral batted-ball profile; pitcher allows elevated contact,12.9,43.9,90.5,101.2538,0.428,0.209,0.317,73.1,34.6,51.8,32.7,28.0,0.211,8.9,36.93,87.94,0.3699,0.1461,33.89,,,Sutter Health Park,
63,687263,Zach Neto,LAA,BOS,2026-09-08T22:45:00Z,Scheduled,1,Patrick Sandoval,663776,L,48.4,Longshot,Watch List,"Projected Lineup, Strong Barrel, Premium Lineup Spot, Platoon Edge",47.7,33.3,28.7,88.7,78.0,19.5,No,No,1,Yes,Yes,RotoWire projected lineup; MLB probable pitchers,lineup projected / unconfirmed,H:2026/2025 P:2026,,,Direct BvP not yet weighted; 2026/2025 Statcast baseline active,7,7,28,0,"Last 7 games: 7/28, 0 HR","platoon edge; pitcher baseline 7.3% barrel, 6.0 HR allowed",neutral batted-ball profile; pitcher fly-ball pressure modest,12.18,42.61,90.09,100.3405,0.4285,0.2069,0.3167,71.4,14.46,47.55,34.4,23.9,0.1988,7.3,33.8,87.0,0.444,0.167,25.2,,,Fenway Park,
64,680869,Zack Gelof,ATH,TOR,2026-09-09T01:40:00Z,Scheduled,3,José Soriano,667755,R,48.4,Longshot,Watch List,"Projected Lineup, Strong Barrel, Premium Lineup Spot, Hot Hitter/Streak",41.0,36.2,30.9,92.1,50.0,82.0,No,No,3,Yes,Yes,RotoWire projected lineup; MLB probable pitchers,lineup projected / unconfirmed,H:2026/2025 P:2026/2025,,,Direct BvP not yet weighted; 2026/2025 Statcast baseline active,7,9,30,3,Hot streak: 3 HR in last 7 games,"same-side matchup; pitcher baseline 7.4% barrel, 13.4 HR allowed",neutral batted-ball profile; pitcher fly-ball pressure modest,10.54,44.26,88.87,99.757,0.3837,0.1788,0.2848,73.29,27.57,39.18,28.57,12.5,0.1771,7.41,40.92,89.58,0.3831,0.1369,18.61,,,Sutter Health Park,
65,668227,Randy Arozarena,SEA,TEX,2026-09-09T01:40:00Z,Scheduled,1,,,,48.2,Longshot,Watch List,"Projected Lineup, Premium Lineup Spot, Hot Hitter/Streak",39.6,41.2,25.4,88.7,60.0,72.2,No,No,1,Yes,Yes,RotoWire projected lineup; MLB probable pitchers,lineup projected / unconfirmed,H:2026/2025 P:,,,Direct BvP not yet weighted; 2026/2025 Statcast baseline active,7,10,28,2,Hot streak: 2 HR in last 7 games,"handedness incomplete; pitcher baseline 0.0% barrel, 0.0 HR allowed",neutral batted-ball profile; pitcher fly-ball pressure modest,8.98,44.3,90.88,100.9676,0.4184,0.169,0.3417,71.39,25.15,34.75,24.45,23.5,0.1894,,,,,,,,,T-Mobile Park,
66,679529,Spencer Torkelson,DET,MIN,2026-09-08T22:40:00Z,Scheduled,6,Dean Kremer,665152,R,48.1,Longshot,Watch List,"Projected Lineup, Strong Barrel",47.7,46.5,27.6,71.7,50.0,49.9,No,No,6,Yes,Yes,RotoWire projected lineup; MLB probable pitchers,lineup projected / unconfirmed,H:2026/2025 P:2026/2025,,,Direct BvP not yet weighted; 2026/2025 Statcast baseline active,7,5,24,2,Hot streak: 2 HR in last 7 games,"same-side matchup; pitcher baseline 8.8% barrel, 17.1 HR allowed",fly-ball profile; pitcher allows elevated contact,12.73,42.23,89.57,100.1595,0.4133,0.1964,0.3172,73.07,26.09,47.84,35.62,24.7,0.1971,8.84,36.5,88.1,0.4405,0.1966,31.34,,,Comerica Park,
67,650490,Yandy Diaz,TB,ATL,2026-09-08T23:15:00Z,Scheduled,1,AJ Smith-Shawver,700363,R,48.0,Longshot,Watch List,"Projected Lineup, Premium Lineup Spot",42.3,41.6,30.9,88.7,50.0,50.3,No,No,1,Yes,Yes,RotoWire projected lineup; MLB probable pitchers,lineup projected / unconfirmed,H:2026/2025 P:2026/2025,,,Direct BvP not yet weighted; 2026/2025 Statcast baseline active,7,10,30,1,Contact streak: 10/30 over last 7 games,"same-side matchup; pitcher baseline 8.6% barrel, 2.6 HR allowed",neutral batted-ball profile; pitcher fly-ball pressure modest,7.6,49.7,91.67,103.3138,0.4572,0.1684,0.3568,73.5,37.51,23.25,19.23,22.2,0.168,8.61,41.77,89.65,0.4099,0.1534,27.28,,,Truist Park,
68,605137,Josh Bell,MIN,DET,2026-09-08T22:40:00Z,Scheduled,5,Drew Anderson,623454,R,47.7,Longshot,Watch List,"Projected Lineup, Strong Barrel, Platoon Edge",44.2,36.4,27.6,81.9,75.0,40.7,No,No,5,Yes,Yes,RotoWire projected lineup; MLB probable pitchers,lineup projected / unconfirmed,H:2026/2025 P:2026,,,Direct BvP not yet weighted; 2026/2025 Statcast baseline active,7,7,26,1,"Last 7 games: 7/26, 1 HR","switch hitter; pitcher baseline 8.1% barrel, 13.0 HR allowed",neutral batted-ball profile; pitcher fly-ball pressure modest,10.21,43.5,90.05,101.0218,0.4521,0.1982,0.3394,72.33,28.71,41.71,26.99,19.2,0.1709,8.1,39.0,89.8,0.367,0.14,24.1,,,Comerica Park,
69,677594,Julio Rodriguez,SEA,TEX,2026-09-09T01:40:00Z,Scheduled,3,,,,47.5,Longshot,Watch List,"Projected Lineup, Premium Lineup Spot",45.3,41.2,25.4,92.1,60.0,10.1,No,No,3,Yes,Yes,RotoWire projected lineup; MLB probable pitchers,lineup projected / unconfirmed,H:2026/2025 P:,,,Direct BvP not yet weighted; 2026/2025 Statcast baseline active,7,6,32,0,"Last 7 games: 6/32, 0 HR","handedness incomplete; pitcher baseline 0.0% barrel, 0.0 HR allowed",neutral batted-ball profile; pitcher fly-ball pressure modest,9.24,44.71,90.47,102.6791,0.4531,0.1873,0.3377,76.61,67.06,38.42,26.12,23.6,0.1692,,,,,,,,,T-Mobile Park,
70,691723,Coby Mayo,BAL,CLE,2026-09-08T22:35:00Z,Scheduled,7,Tanner Bibee,676440,R,47.4,Longshot,Watch List,"Projected Lineup, Strong Barrel",49.0,42.2,32.1,59.8,50.0,68.7,No,No,7,Yes,Yes,RotoWire projected lineup; MLB probable pitchers,lineup projected / unconfirmed,H:2026/2025 P:2026/2025,,,Direct BvP not yet weighted; 2026/2025 Statcast baseline active,7,7,21,2,Hot streak: 2 HR in last 7 games,"same-side matchup; pitcher baseline 8.0% barrel, 26.3 HR allowed",neutral batted-ball profile; pitcher fly-ball pressure modest,11.64,44.54,90.17,102.5499,0.4169,0.1978,0.308,75.4,55.3,48.64,33.76,16.6,0.2067,7.96,38.42,88.99,0.406,0.1625,27.62,,,Oriole Park at Camden Yards,
71,596019,Francisco Lindor,NYM,MIA,2026-09-08T22:40:00Z,Scheduled,1,Sandy Alcantara,645261,R,47.4,Longshot,Watch List,"Projected Lineup, Premium Lineup Spot, Platoon Edge",45.6,31.8,21.5,88.7,75.0,46.8,No,No,1,Yes,Yes,RotoWire projected lineup; MLB probable pitchers,lineup projected / unconfirmed,H:2026/2025 P:2026/2025,,,Direct BvP not yet weighted; 2026/2025 Statcast baseline active,7,6,32,2,Hot streak: 2 HR in last 7 games,"switch hitter; pitcher baseline 6.2% barrel, 19.9 HR allowed",neutral batted-ball profile; pitcher fly-ball pressure modest,9.11,46.85,90.92,100.4106,0.447,0.1975,0.3401,72.09,23.3,46.16,31.14,20.5,0.1955,6.15,38.0,89.02,0.3884,0.1365,24.38,,,loanDepot park,
72,682928,CJ Abrams,WSH,SD,2026-09-09T01:40:00Z,Scheduled,4,Casey Mize,663554,R,47.4,Longshot,Watch List,"Projected Lineup, Premium Lineup Spot, Platoon Edge",38.8,43.0,22.6,90.4,80.0,21.8,No,No,4,Yes,Yes,RotoWire projected lineup; MLB probable pitchers,lineup projected / unconfirmed,H:2026/2025 P:2026/2025,,,Direct BvP not yet weighted; 2026/2025 Statcast baseline active,7,4,28,1,"Last 7 games: 4/28, 1 HR","platoon edge; pitcher baseline 8.4% barrel, 15.4 HR allowed",neutral batted-ball profile; pitcher allows elevated contact,9.28,40.53,89.33,99.8505,0.4192,0.1756,0.323,72.82,27.4,43.87,29.08,26.7,0.218,8.43,39.56,89.44,0.3861,0.1553,31.16,,,Petco Park,
73,683002,Gunnar Henderson,BAL,CLE,2026-09-08T22:35:00Z,Scheduled,3,Tanner Bibee,676440,R,47.3,Longshot,Watch List,"Projected Lineup, Premium Lineup Spot, Platoon Edge",36.5,42.2,32.1,92.1,80.0,5.1,No,No,3,Yes,Yes,RotoWire projected lineup; MLB probable pitchers,lineup projected / unconfirmed,H:2026/2025 P:2026/2025,,,Direct BvP not yet weighted; 2026/2025 Statcast baseline active,7,4,26,0,"Last 7 games: 4/26, 0 HR","platoon edge; pitcher baseline 8.0% barrel, 26.3 HR allowed",neutral batted-ball profile; pitcher fly-ball pressure modest,7.48,45.07,90.21,101.2325,0.4012,0.1497,0.3228,74.6,46.54,40.59,23.1,20.5,0.1745,7.96,38.42,88.99,0.406,0.1625,27.62,,,Oriole Park at Camden Yards,
74,680777,Ryan Jeffers,MIN,DET,2026-09-08T22:40:00Z,Scheduled,4,Drew Anderson,623454,R,47.3,Longshot,Watch List,"Projected Lineup, Premium Lineup Spot, Hot Hitter/Streak",40.7,37.8,27.6,90.4,50.0,70.3,No,No,4,Yes,Yes,RotoWire projected lineup; MLB probable pitchers,lineup projected / unconfirmed,H:2026/2025 P:2026,,,Direct BvP not yet weighted; 2026/2025 Statcast baseline active,7,6,27,4,Hot streak: 4 HR in last 7 games,"same-side matchup; pitcher baseline 8.1% barrel, 13.0 HR allowed",neutral batted-ball profile; pitcher fly-ball pressure modest,9.8,41.47,89.09,101.0077,0.4364,0.185,0.3468,73.14,36.96,37.67,27.54,12.5,0.2024,8.1,39.0,89.8,0.367,0.14,24.1,,,Comerica Park,
75,672640,Otto Lopez,MIA,NYM,2026-09-08T22:40:00Z,Scheduled,2,Sean Manaea,640455,L,47.3,Longshot,Watch List,"Projected Lineup, Premium Lineup Spot, Platoon Edge",30.0,54.1,21.5,95.5,78.0,16.6,No,No,2,Yes,Yes,RotoWire projected lineup; MLB probable pitchers,lineup projected / unconfirmed,H:2026/2025 P:2026/2025,,,Direct BvP not yet weighted; 2026/2025 Statcast baseline active,7,6,26,0,"Last 7 games: 6/26, 0 HR","platoon edge; pitcher baseline 10.4% barrel, 18.6 HR allowed",neutral batted-ball profile; pitcher fly-ball pressure modest,6.4,40.33,88.92,100.1683,0.4242,0.1468,0.3258,71.77,22.53,33.63,22.57,11.5,0.1325,10.37,41.69,89.38,0.4437,0.1897,28.54,,,loanDepot park,
76,804668,Rafael Flores,PIT,CWS,2026-09-08T23:40:00Z,Scheduled,8,Sean Burke,680732,R,47.3,Longshot,Watch List,"Projected Lineup, Strong Barrel",60.6,44.7,27.6,47.9,50.0,24.3,No,No,8,Yes,Yes,RotoWire projected lineup; MLB probable pitchers,lineup projected / unconfirmed,H:2026/2025 P:2026/2025,,,Direct BvP not yet weighted; 2026/2025 Statcast baseline active,7,4,25,1,"Last 7 games: 4/25, 1 HR","same-side matchup; pitcher baseline 8.5% barrel, 19.5 HR allowed",fly-ball profile; pitcher allows elevated contact,13.76,49.83,91.37,101.9036,0.4818,0.2381,0.3456,73.82,38.9,38.58,37.92,4.9,0.2261,8.54,39.06,89.32,0.3933,0.162,31.4,,,Rate Field,
77,661388,William Contreras,MIL,CHC,2026-09-08T23:40:00Z,Scheduled,3,David Peterson,656849,L,47.3,Longshot,Watch List,"Projected Lineup, Premium Lineup Spot, Platoon Edge",38.6,36.3,27.6,92.1,78.0,36.5,No,No,3,Yes,Yes,RotoWire projected lineup; MLB probable pitchers,lineup projected / unconfirmed,H:2026/2025 P:2026/2025,,,Direct BvP not yet weighted; 2026/2025 Statcast baseline active,7,7,29,1,"Last 7 games: 7/29, 1 HR","platoon edge; pitcher baseline 6.5% barrel, 13.1 HR allowed",neutral batted-ball profile; pitcher fly-ball pressure modest,7.59,45.21,90.47,101.5729,0.4238,0.1674,0.3315,73.41,36.51,35.69,24.08,14.9,0.1369,6.47,42.57,89.62,0.4112,0.1391,18.94,,,American Family Field,
78,805811,Bryce Eldridge,SF,STL,2026-09-09T01:45:00Z,Scheduled,3,Quinn Mathews,687273,L,47.3,Longshot,Watch List,"Projected Lineup, Strong Barrel, Premium Lineup Spot",67.8,13.8,19.3,92.1,50.0,25.8,No,No,3,Yes,Yes,RotoWire projected lineup; MLB probable pitchers,lineup projected / unconfirmed,H:2026/2025 P:2026,,,Direct BvP not yet weighted; 2026/2025 Statcast baseline active,7,7,24,0,"Last 7 games: 7/24, 0 HR","same-side matchup; pitcher baseline 1.3% barrel, 1.0 HR allowed",EV profile; pitcher fly-ball pressure modest,15.48,56.76,93.29,103.2064,0.4757,0.2428,0.3587,72.86,28.08,37.99,36.35,10.5,0.1511,1.3,34.7,88.7,0.303,0.074,25.3,,,Oracle Park,
79,671277,Luis Garcia,NYY,COL,2026-09-08T23:05:00Z,Scheduled,4,Gabriel Hughes,687312,R,47.2,Longshot,Watch List,"Projected Lineup, Strong Barrel, Premium Lineup Spot, Platoon Edge",50.1,18.0,38.2,90.4,80.0,14.6,No,No,4,Yes,Yes,RotoWire projected lineup; MLB probable pitchers,lineup projected / unconfirmed,H:2026/2025 P:2026,,,Direct BvP not yet weighted; 2026/2025 Statcast baseline active,7,5,23,0,"Last 7 games: 5/23, 0 HR","platoon edge; pitcher baseline 4.8% barrel, 5.0 HR allowed",neutral batted-ball profile; pitcher fly-ball pressure modest,11.24,46.36,91.25,101.9568,0.4896,0.2072,0.346,73.66,39.2,41.64,22.61,24.4,0.2286,4.8,28.9,87.6,0.357,0.12,26.5,,,Yankee Stadium,
80,677942,Blaze Alexander,BAL,CLE,2026-09-08T22:35:00Z,Scheduled,2,Tanner Bibee,676440,R,47.1,Longshot,Watch List,"Projected Lineup, Premium Lineup Spot",39.6,42.2,32.1,95.5,50.0,24.0,No,No,2,Yes,Yes,RotoWire projected lineup; MLB probable pitchers,lineup projected / unconfirmed,H:2026/2025 P:2026/2025,,,Direct BvP not yet weighted; 2026/2025 Statcast baseline active,7,7,25,0,"Last 7 games: 7/25, 0 HR","same-side matchup; pitcher baseline 8.0% barrel, 26.3 HR allowed",neutral batted-ball profile; pitcher fly-ball pressure modest,8.18,46.7,91.6,100.6867,0.4307,0.1556,0.3373,72.17,24.7,35.42,21.85,4.9,0.1229,7.96,38.42,88.99,0.406,0.1625,27.62,,,Oriole Park at Camden Yards,
81,676475,Alec Burleson,STL,SF,2026-09-09T01:45:00Z,Scheduled,3,Landen Roupp,694738,R,47.1,Longshot,Watch List,"Projected Lineup, Strong Barrel, Premium Lineup Spot, Platoon Edge",52.0,22.6,19.3,92.1,80.0,29.4,No,No,3,Yes,Yes,RotoWire projected lineup; MLB probable pitchers,lineup projected / unconfirmed,H:2026/2025 P:2026/2025,,,Direct BvP not yet weighted; 2026/2025 Statcast baseline active,7,6,31,1,"Last 7 games: 6/31, 1 HR","platoon edge; pitcher baseline 6.2% barrel, 11.0 HR allowed",neutral batted-ball profile; pitcher fly-ball pressure modest,10.55,47.41,91.63,101.9184,0.5046,0.2193,0.3646,73.21,34.49,43.96,27.54,20.1,0.1774,6.17,31.25,86.79,0.3611,0.126,23.36,,,Oracle Park,
82,663993,Nathaniel Lowe,CLE,BAL,2026-09-08T22:35:00Z,Scheduled,5,Brandon Young,687064,R,47.0,Longshot,Watch List,"Projected Lineup, Platoon Edge",35.5,42.8,32.1,81.9,80.0,30.3,No,No,5,Yes,Yes,RotoWire projected lineup; MLB probable pitchers,lineup projected / unconfirmed,H:2026/2025 P:2026/2025,,,Direct BvP not yet weighted; 2026/2025 Statcast baseline active,7,4,20,1,"Last 7 games: 4/20, 1 HR","platoon edge; pitcher baseline 7.8% barrel, 16.9 HR allowed",neutral batted-ball profile; pitcher fly-ball pressure modest,7.98,41.01,89.14,100.7379,0.4157,0.1597,0.3254,73.93,38.66,34.47,25.64,15.9,0.1824,7.75,40.52,89.26,0.4159,0.1651,26.66,,,Oriole Park at Camden Yards,
83,693307,Dillon Dingler,DET,MIN,2026-09-08T22:40:00Z,Scheduled,3,Dean Kremer,665152,R,47.0,Longshot,Watch List,"Projected Lineup, Premium Lineup Spot",42.7,46.5,27.6,92.1,50.0,4.2,No,No,3,Yes,Yes,RotoWire projected lineup; MLB probable pitchers,lineup projected / unconfirmed,H:2026/2025 P:2026/2025,,,Direct BvP not yet weighted; 2026/2025 Statcast baseline active,7,4,27,0,"Last 7 games: 4/27, 0 HR","same-side matchup; pitcher baseline 8.8% barrel, 17.1 HR allowed",neutral batted-ball profile; pitcher allows elevated contact,9.76,43.74,88.95,100.5878,0.4671,0.1969,0.3448,71.77,15.62,40.94,28.99,22.1,0.1932,8.84,36.5,88.1,0.4405,0.1966,31.34,,,Comerica Park,
84,668939,Adley Rutschman,BOS,LAA,2026-09-08T22:45:00Z,Scheduled,3,Reid Detmers,672282,L,47.0,Longshot,Watch List,"Projected Lineup, Premium Lineup Spot, Platoon Edge, Hot Hitter/Streak",32.1,36.6,28.7,92.1,75.0,74.5,No,No,3,Yes,Yes,RotoWire projected lineup; MLB probable pitchers,lineup projected / unconfirmed,H:2026/2025 P:2026/2025,,,Direct BvP not yet weighted; 2026/2025 Statcast baseline active,7,7,28,3,Hot streak: 3 HR in last 7 games,"switch hitter; pitcher baseline 7.6% barrel, 13.7 HR allowed",neutral batted-ball profile; pitcher fly-ball pressure modest,7.15,39.44,88.84,99.276,0.4156,0.162,0.3313,70.42,11.93,38.82,29.22,10.4,0.1698,7.64,39.51,90.03,0.3609,0.139,27.5,,,Fenway Park,
85,683748,Victor Mesa,TB,ATL,2026-09-08T23:15:00Z,Scheduled,6,AJ Smith-Shawver,700363,R,46.9,Longshot,Watch List,"Projected Lineup, Platoon Edge",40.9,41.6,30.9,71.7,80.0,29.7,No,No,6,Yes,Yes,RotoWire projected lineup; MLB probable pitchers,lineup projected / unconfirmed,H:2026/2025 P:2026/2025,,,Direct BvP not yet weighted; 2026/2025 Statcast baseline active,7,7,22,0,"Last 7 games: 7/22, 0 HR","platoon edge; pitcher baseline 8.6% barrel, 2.6 HR allowed",neutral batted-ball profile; pitcher fly-ball pressure modest,9.55,39.47,89.63,99.6907,0.4136,0.1802,0.3165,73.65,32.25,39.54,34.96,7.3,0.1896,8.61,41.77,89.65,0.4099,0.1534,27.28,,,Truist Park,
86,683734,Andrew Vaughn,MIL,CHC,2026-09-08T23:40:00Z,Scheduled,4,David Peterson,656849,L,46.9,Longshot,Watch List,"Projected Lineup, Premium Lineup Spot, Platoon Edge",34.7,36.3,27.6,90.4,78.0,58.7,No,No,4,Yes,Yes,RotoWire projected lineup; MLB probable pitchers,lineup projected / unconfirmed,H:2026/2025 P:2026/2025,,,Direct BvP not yet weighted; 2026/2025 Statcast baseline active,7,7,18,1,Contact streak: 7/18 over last 7 games,"platoon edge; pitcher baseline 6.5% barrel, 13.1 HR allowed",neutral batted-ball profile; pitcher fly-ball pressure modest,7.38,44.69,90.48,100.1699,0.4153,0.1458,0.3406,70.46,12.94,34.07,24.9,8.4,0.15,6.47,42.57,89.62,0.4112,0.1391,18.94,,,American Family Field,
87,665489,Vladimir Guerrero,TOR,ATH,2026-09-09T01:40:00Z,Scheduled,3,Jack Perkins,678022,R,46.9,Longshot,Watch List,"Projected Lineup, Premium Lineup Spot",40.0,39.5,30.9,92.1,50.0,43.2,No,No,3,Yes,Yes,RotoWire projected lineup; MLB probable pitchers,lineup projected / unconfirmed,H:2026/2025 P:2026/2025,,,Direct BvP not yet weighted; 2026/2025 Statcast baseline active,7,8,28,1,"Last 7 games: 8/28, 1 HR","same-side matchup; pitcher baseline 8.9% barrel, 13.8 HR allowed",neutral batted-ball profile; pitcher allows elevated contact,8.28,46.15,90.95,103.3637,0.4325,0.1437,0.3476,76.42,63.82,35.11,19.17,12.5,0.119,8.9,36.93,87.94,0.3699,0.1461,33.89,,,Sutter Health Park,
88,671732,Lawrence Butler,ATH,TOR,2026-09-09T01:40:00Z,Scheduled,4,José Soriano,667755,R,46.9,Longshot,Watch List,"Projected Lineup, Premium Lineup Spot, Platoon Edge",36.7,36.2,30.9,90.4,80.0,32.5,No,No,4,Yes,Yes,RotoWire projected lineup; MLB probable pitchers,lineup projected / unconfirmed,H:2026/2025 P:2026/2025,,,Direct BvP not yet weighted; 2026/2025 Statcast baseline active,7,6,28,1,"Last 7 games: 6/28, 1 HR","platoon edge; pitcher baseline 7.4% barrel, 13.4 HR allowed",neutral batted-ball profile; pitcher fly-ball pressure modest,8.22,46.43,90.15,102.0597,0.3863,0.1472,0.3169,73.63,37.74,34.75,21.58,15.4,0.1497,7.41,40.92,89.58,0.3831,0.1369,18.61,,,Sutter Health Park,
89,805808,Kevin McGonigle,DET,MIN,2026-09-08T22:40:00Z,Scheduled,1,Dean Kremer,665152,R,46.8,Longshot,Watch List,"Projected Lineup, Premium Lineup Spot, Platoon Edge",32.0,46.5,27.6,88.7,80.0,27.1,No,No,1,Yes,Yes,RotoWire projected lineup; MLB probable pitchers,lineup projected / unconfirmed,H:2026 P:2026/2025,,,Direct BvP not yet weighted; 2026/2025 Statcast baseline active,7,5,28,1,"Last 7 games: 5/28, 1 HR","platoon edge; pitcher baseline 8.8% barrel, 17.1 HR allowed",fly-ball profile; pitcher allows elevated contact,6.9,36.6,88.0,98.2747,0.428,0.168,0.35,71.2,16.0,37.6,35.9,14.0,0.138,8.84,36.5,88.1,0.4405,0.1966,31.34,,,Comerica Park,
90,694673,Abimelec Ortiz,WSH,SD,2026-09-09T01:40:00Z,Scheduled,2,Casey Mize,663554,R,46.8,Longshot,Watch List,"Projected Lineup, Premium Lineup Spot, Platoon Edge",37.9,43.0,22.6,95.5,80.0,0.0,No,No,2,Yes,Yes,RotoWire projected lineup; MLB probable pitchers,lineup projected / unconfirmed,H:2026 P:2026/2025,,,Direct BvP not yet weighted; 2026/2025 Statcast baseline active,7,2,20,0,"Last 7 games: 2/20, 0 HR","platoon edge; pitcher baseline 8.4% barrel, 15.4 HR allowed",neutral batted-ball profile; pitcher allows elevated contact,8.1,36.5,89.2,99.5696,0.414,0.186,0.293,75.5,58.5,41.9,32.4,5.0,0.18,8.43,39.56,89.44,0.3861,0.1553,31.16,,,Petco Park,
91,686469,Vinnie Pasquantino,KC,AZ,2026-09-08T23:40:00Z,Scheduled,5,Corbin Burnes,669203,R,46.5,Longshot,Watch List,"Projected Lineup, Platoon Edge",39.2,38.1,23.2,81.9,80.0,46.4,No,No,5,Yes,Yes,RotoWire projected lineup; MLB probable pitchers,lineup projected / unconfirmed,H:2026/2025 P:2025,,,Direct BvP not yet weighted; 2026/2025 Statcast baseline active,7,5,27,2,Hot streak: 2 HR in last 7 games,"platoon edge; pitcher baseline 8.1% barrel, 7.0 HR allowed",neutral batted-ball profile; pitcher fly-ball pressure modest,8.84,42.32,90.06,100.1968,0.428,0.177,0.3298,71.03,14.89,44.12,29.42,17.3,0.1662,8.1,41.6,89.5,0.385,0.158,19.1,,,Kauffman Stadium,
92,669242,Tommy Edman,LAD,CIN,2026-09-09T02:10:00Z,Scheduled,2,Nick Lodolo,666157,L,46.5,Longshot,Watch List,"Projected Lineup, Premium Lineup Spot, Platoon Edge",22.8,50.3,27.6,95.5,75.0,53.6,No,No,2,Yes,Yes,RotoWire projected lineup; MLB probable pitchers,lineup projected / unconfirmed,H:2026/2025 P:2026/2025,,,Direct BvP not yet weighted; 2026/2025 Statcast baseline active,7,11,31,1,Contact streak: 11/31 over last 7 games,"switch hitter; pitcher baseline 9.5% barrel, 17.8 HR allowed",neutral batted-ball profile; pitcher fly-ball pressure modest,5.27,36.61,88.16,99.1847,0.3809,0.1188,0.3175,70.52,12.95,42.53,27.69,8.1,0.1472,9.46,40.99,89.99,0.4625,0.1851,26.47,,,UNIQLO Field at Dodger Stadium,
93,701678,Hao-Yu Lee,DET,MIN,2026-09-08T22:40:00Z,Scheduled,2,Dean Kremer,665152,R,46.4,Longshot,Watch List,"Projected Lineup, Premium Lineup Spot",35.3,46.5,27.6,95.5,50.0,31.6,No,No,2,Yes,Yes,RotoWire projected lineup; MLB probable pitchers,lineup projected / unconfirmed,H:2026 P:2026/2025,,,Direct BvP not yet weighted; 2026/2025 Statcast baseline active,7,5,24,1,"Last 7 games: 5/24, 1 HR","same-side matchup; pitcher baseline 8.8% barrel, 17.1 HR allowed",neutral batted-ball profile; pitcher allows elevated contact,8.6,40.9,89.7,100.2869,0.395,0.162,0.299,71.6,22.2,27.8,25.8,8.0,0.148,8.84,36.5,88.1,0.4405,0.1966,31.34,,,Comerica Park,
94,682663,Agustin Ramirez,MIA,NYM,2026-09-08T22:40:00Z,Scheduled,4,Sean Manaea,640455,L,46.4,Longshot,Watch List,"Projected Lineup, Premium Lineup Spot, Platoon Edge",27.5,54.1,21.5,90.4,78.0,28.9,No,No,4,Yes,Yes,RotoWire projected lineup; MLB probable pitchers,lineup projected / unconfirmed,H:2026/2025 P:2026/2025,,,Direct BvP not yet weighted; 2026/2025 Statcast baseline active,7,4,21,1,"Last 7 games: 4/21, 1 HR","platoon edge; pitcher baseline 10.4% barrel, 18.6 HR allowed",neutral batted-ball profile; pitcher fly-ball pressure modest,5.96,41.12,89.61,102.1624,0.3422,0.1147,0.2921,75.55,57.02,41.1,17.79,8.4,0.1295,10.37,41.69,89.38,0.4437,0.1897,28.54,,,loanDepot park,
95,703607,Henry Bolte,ATH,TOR,2026-09-09T01:40:00Z,Scheduled,1,José Soriano,667755,R,46.4,Longshot,Watch List,"Projected Lineup, Premium Lineup Spot, Hot Hitter/Streak",35.6,36.2,30.9,88.7,50.0,88.9,No,No,1,Yes,Yes,RotoWire projected lineup; MLB probable pitchers,lineup projected / unconfirmed,H:2026 P:2026/2025,,,Direct BvP not yet weighted; 2026/2025 Statcast baseline active,7,9,26,3,Hot streak: 3 HR in last 7 games,"same-side matchup; pitcher baseline 7.4% barrel, 13.4 HR allowed",neutral batted-ball profile; pitcher fly-ball pressure modest,7.1,47.9,91.0,104.3631,0.365,0.118,0.311,77.0,72.0,32.4,15.4,8.0,0.112,7.41,40.92,89.58,0.3831,0.1369,18.61,,,Sutter Health Park,
96,690993,Colt Keith,DET,MIN,2026-09-08T22:40:00Z,Scheduled,5,Dean Kremer,665152,R,46.1,Longshot,Watch List,"Projected Lineup, Platoon Edge",35.6,46.5,27.6,81.9,80.0,8.5,No,No,5,Yes,Yes,RotoWire projected lineup; MLB probable pitchers,lineup projected / unconfirmed,H:2026/2025 P:2026/2025,,,Direct BvP not yet weighted; 2026/2025 Statcast baseline active,7,3,17,0,"Last 7 games: 3/17, 0 HR","platoon edge; pitcher baseline 8.8% barrel, 17.1 HR allowed",neutral batted-ball profile; pitcher allows elevated contact,7.94,42.51,89.3,100.2732,0.4321,0.1611,0.3368,71.54,16.48,37.87,26.09,10.2,0.1458,8.84,36.5,88.1,0.4405,0.1966,31.34,,,Comerica Park,
97,642350,Jose Siri,LAA,BOS,2026-09-08T22:45:00Z,Scheduled,6,Patrick Sandoval,663776,L,46.0,Longshot,Watch List,"Projected Lineup, Strong Barrel, Platoon Edge",50.3,33.3,28.7,71.7,78.0,0.0,No,No,6,Yes,Yes,RotoWire projected lineup; MLB probable pitchers,lineup projected / unconfirmed,H:2026/2025 P:2026,,,Direct BvP not yet weighted; 2026/2025 Statcast baseline active,7,0,9,0,"Last 7 games: 0/9, 0 HR","platoon edge; pitcher baseline 7.3% barrel, 6.0 HR allowed",fly-ball profile; pitcher fly-ball pressure modest,16.29,39.53,88.12,99.9767,0.3774,0.1952,0.275,73.15,35.29,30.71,42.76,4.9,0.1327,7.3,33.8,87.0,0.444,0.167,25.2,,,Fenway Park,
98,695734,Daylen Lile,WSH,SD,2026-09-09T01:40:00Z,Scheduled,6,Casey Mize,663554,R,46.0,Longshot,Watch List,"Projected Lineup, Platoon Edge",35.8,43.0,22.6,71.7,80.0,64.3,No,No,6,Yes,Yes,RotoWire projected lineup; MLB probable pitchers,lineup projected / unconfirmed,H:2026/2025 P:2026/2025,,,Direct BvP not yet weighted; 2026/2025 Statcast baseline active,7,7,23,2,Hot streak: 2 HR in last 7 games,"platoon edge; pitcher baseline 8.4% barrel, 15.4 HR allowed",neutral batted-ball profile; pitcher allows elevated contact,8.0,38.84,88.76,99.0838,0.4476,0.174,0.3354,70.71,9.78,41.01,33.32,16.7,0.1899,8.43,39.56,89.44,0.3861,0.1553,31.16,,,Petco Park,
99,699024,Leo Bernal,STL,SF,2026-09-09T01:45:00Z,Scheduled,5,Landen Roupp,694738,R,45.8,Longshot,Watch List,"Projected Lineup, Platoon Edge",52.1,21.5,19.3,81.9,75.0,46.9,No,No,5,Yes,Yes,RotoWire projected lineup; MLB probable pitchers,lineup projected / unconfirmed,H:2026 P:2026/2025,,,Direct BvP not yet weighted; 2026/2025 Statcast baseline active,7,9,29,1,"Last 7 games: 9/29, 1 HR","switch hitter; pitcher baseline 6.2% barrel, 11.0 HR allowed",EV profile; pitcher fly-ball pressure modest,5.3,68.4,95.7,102.9267,0.461,0.165,0.365,74.5,47.1,36.8,36.8,1.0,0.167,6.17,31.25,86.79,0.3611,0.126,23.36,,,Oracle Park,
100,553993,Eugenio Suarez,CIN,LAD,2026-09-09T02:10:00Z,Scheduled,6,Tarik Skubal,669373,L,45.7,Longshot,Watch List,"Projected Lineup, Strong Barrel, Platoon Edge, Hot Hitter/Streak",42.1,28.0,27.6,71.7,78.0,77.9,No,No,6,Yes,Yes,RotoWire projected lineup; MLB probable pitchers,lineup projected / unconfirmed,H:2026/2025 P:2026/2025,,,Direct BvP not yet weighted; 2026/2025 Statcast baseline active,7,6,22,3,Hot streak: 3 HR in last 7 games,"platoon edge; pitcher baseline 7.5% barrel, 13.8 HR allowed",neutral batted-ball profile; pitcher fly-ball pressure modest,12.2,38.99,88.87,100.0252,0.3846,0.1848,0.299,72.09,22.51,47.61,34.32,29.4,0.2357,7.47,35.38,86.94,0.3412,0.1191,25.55,,,UNIQLO Field at Dodger Stadium,
101,543807,George Springer,TOR,ATH,2026-09-09T01:40:00Z,Scheduled,2,Jack Perkins,678022,R,45.6,Longshot,Watch List,"Projected Lineup, Premium Lineup Spot",39.6,39.5,30.9,95.5,50.0,9.8,No,No,2,Yes,Yes,RotoWire projected lineup; MLB probable pitchers,lineup projected / unconfirmed,H:2026/2025 P:2026/2025,,,Direct BvP not yet weighted; 2026/2025 Statcast baseline active,7,5,27,0,"Last 7 games: 5/27, 0 HR","same-side matchup; pitcher baseline 8.9% barrel, 13.8 HR allowed",neutral batted-ball profile; pitcher allows elevated contact,9.55,41.02,88.95,100.2261,0.4352,0.1834,0.3354,73.24,35.02,41.09,26.51,19.4,0.1901,8.9,36.93,87.94,0.3699,0.1461,33.89,,,Sutter Health Park,
102,691023,Jordan Walker,STL,SF,2026-09-09T01:45:00Z,Scheduled,4,Landen Roupp,694738,R,45.6,Longshot,Watch List,"Projected Lineup, Strong Barrel, Premium Lineup Spot",55.1,22.6,19.3,90.4,50.0,39.0,No,No,4,Yes,Yes,RotoWire projected lineup; MLB probable pitchers,lineup projected / unconfirmed,H:2026/2025 P:2026/2025,,,Direct BvP not yet weighted; 2026/2025 Statcast baseline active,7,8,31,1,"Last 7 games: 8/31, 1 HR","same-side matchup; pitcher baseline 6.2% barrel, 11.0 HR allowed",EV profile; pitcher fly-ball pressure modest,12.51,49.02,92.3,104.5592,0.4421,0.1907,0.3263,78.87,82.91,38.03,23.98,21.4,0.175,6.17,31.25,86.79,0.3611,0.126,23.36,,,Oracle Park,
103,664034,Ty France,SD,WSH,2026-09-09T01:40:00Z,Scheduled,4,Riley Cornelio,683000,R,45.4,Longshot,Watch List,"Projected Lineup, Premium Lineup Spot",42.3,36.2,22.6,90.4,50.0,44.1,No,No,4,Yes,Yes,RotoWire projected lineup; MLB probable pitchers,lineup projected / unconfirmed,H:2026/2025 P:2026,,,Direct BvP not yet weighted; 2026/2025 Statcast baseline active,7,7,24,1,"Last 7 games: 7/24, 1 HR","same-side matchup; pitcher baseline 9.5% barrel, 2.0 HR allowed",neutral batted-ball profile; pitcher allows elevated contact,9.1,46.93,91.18,101.0691,0.4264,0.1737,0.3308,71.77,19.88,35.87,25.46,16.1,0.1856,9.5,47.6,87.5,0.304,0.107,31.7,,,Petco Park,
104,686611,Dylan Crews,WSH,SD,2026-09-09T01:40:00Z,Scheduled,3,Casey Mize,663554,R,45.3,Longshot,Watch List,"Projected Lineup, Premium Lineup Spot",38.9,43.0,22.6,92.1,50.0,28.1,No,No,3,Yes,Yes,RotoWire projected lineup; MLB probable pitchers,lineup projected / unconfirmed,H:2026/2025 P:2026/2025,,,Direct BvP not yet weighted; 2026/2025 Statcast baseline active,7,5,27,1,"Last 7 games: 5/27, 1 HR","same-side matchup; pitcher baseline 8.4% barrel, 15.4 HR allowed",neutral batted-ball profile; pitcher allows elevated contact,9.17,41.64,90.19,100.9473,0.3972,0.165,0.307,73.83,38.0,34.01,27.0,10.0,0.144,8.43,39.56,89.44,0.3861,0.1553,31.16,,,Petco Park,
105,683737,Michael Busch,CHC,MIL,2026-09-08T23:40:00Z,Scheduled,3,Jacob Misiorowski,694819,R,44.8,Longshot,Watch List,"Projected Lineup, Strong Barrel, Premium Lineup Spot, Platoon Edge",44.8,19.0,27.6,92.1,80.0,25.3,No,No,3,Yes,Yes,RotoWire projected lineup; MLB probable pitchers,lineup projected / unconfirmed,H:2026/2025 P:2026/2025,,,Direct BvP not yet weighted; 2026/2025 Statcast baseline active,7,4,24,1,"Last 7 games: 4/24, 1 HR","platoon edge; pitcher baseline 5.0% barrel, 12.2 HR allowed",fly-ball profile; pitcher fly-ball pressure modest,11.43,42.26,89.54,99.7317,0.4437,0.2041,0.343,68.97,5.85,40.07,35.32,22.8,0.1871,5.03,34.42,87.67,0.2803,0.101,26.13,,,American Family Field,
106,702616,Jackson Holliday,BAL,CLE,2026-09-08T22:35:00Z,Scheduled,1,Tanner Bibee,676440,R,44.6,Longshot,Watch List,"Projected Lineup, Premium Lineup Spot, Platoon Edge",25.4,42.2,32.1,88.7,80.0,32.5,No,No,1,Yes,Yes,RotoWire projected lineup; MLB probable pitchers,lineup projected / unconfirmed,H:2026/2025 P:2026/2025,,,Direct BvP not yet weighted; 2026/2025 Statcast baseline active,7,6,28,1,"Last 7 games: 6/28, 1 HR","platoon edge; pitcher baseline 8.0% barrel, 26.3 HR allowed",neutral batted-ball profile; pitcher fly-ball pressure modest,7.31,36.04,87.54,98.0627,0.376,0.1357,0.306,70.67,7.48,33.94,24.68,10.0,0.1239,7.96,38.42,88.99,0.406,0.1625,27.62,,,Oriole Park at Camden Yards,
107,643217,Andrew Benintendi,CWS,PIT,2026-09-08T23:40:00Z,Scheduled,4,Bubba Chandler,696149,R,44.5,Longshot,Watch List,"Projected Lineup, Premium Lineup Spot, Platoon Edge",37.2,34.3,27.6,90.4,80.0,0.0,No,No,4,Yes,Yes,RotoWire projected lineup; MLB probable pitchers,lineup projected / unconfirmed,H:2026/2025 P:2026/2025,,,Direct BvP not yet weighted; 2026/2025 Statcast baseline active,7,1,18,0,"Last 7 games: 1/18, 0 HR","platoon edge; pitcher baseline 6.7% barrel, 9.0 HR allowed",neutral batted-ball profile; pitcher fly-ball pressure modest,9.42,42.29,88.7,98.7611,0.4118,0.1718,0.3137,69.61,4.57,49.47,32.27,15.8,0.1798,6.74,38.95,89.15,0.3821,0.1497,25.67,,,Rate Field,
108,662139,Daulton Varsho,HOU,PHI,2026-09-08T22:40:00Z,Scheduled,5,Andrew Painter,691725,R,44.4,Longshot,Watch List,"Projected Lineup, Platoon Edge",35.6,36.9,34.3,81.9,80.0,0.0,No,No,5,Yes,Yes,RotoWire projected lineup; MLB probable pitchers,lineup projected / unconfirmed,H:2026/2025 P:2026,,,Direct BvP not yet weighted; 2026/2025 Statcast baseline active,7,3,25,0,"Last 7 games: 3/25, 0 HR","platoon edge; pitcher baseline 7.7% barrel, 17.0 HR allowed",neutral batted-ball profile; pitcher fly-ball pressure modest,9.39,37.85,87.66,99.4887,0.4002,0.1683,0.3018,73.71,36.39,40.94,31.76,13.0,0.1847,7.7,35.3,87.4,0.411,0.162,26.9,,,Citizens Bank Park,
109,694671,Wyatt Langford,TEX,SEA,2026-09-09T01:40:00Z,Scheduled,3,,,,44.3,Longshot,Watch List,"Projected Lineup, Premium Lineup Spot",37.3,41.2,25.4,92.1,60.0,0.8,No,No,3,Yes,Yes,RotoWire projected lineup; MLB probable pitchers,lineup projected / unconfirmed,H:2026/2025 P:,,,Direct BvP not yet weighted; 2026/2025 Statcast baseline active,7,3,24,0,"Last 7 games: 3/24, 0 HR","handedness incomplete; pitcher baseline 0.0% barrel, 0.0 HR allowed",neutral batted-ball profile; pitcher fly-ball pressure modest,8.61,40.56,89.65,100.3998,0.4039,0.1673,0.3236,72.82,26.8,42.89,29.97,17.1,0.1907,,,,,,,,,T-Mobile Park,
110,665862,Jazz Chisholm,NYY,COL,2026-09-08T23:05:00Z,Scheduled,6,Gabriel Hughes,687312,R,44.1,Longshot,Watch List,"Projected Lineup, Strong Barrel, Platoon Edge",43.0,18.0,38.2,71.7,80.0,52.8,No,No,6,Yes,Yes,RotoWire projected lineup; MLB probable pitchers,lineup projected / unconfirmed,H:2026/2025 P:2026,,,Direct BvP not yet weighted; 2026/2025 Statcast baseline active,7,7,20,1,Contact streak: 7/20 over last 7 games,"platoon edge; pitcher baseline 4.8% barrel, 5.0 HR allowed",neutral batted-ball profile; pitcher fly-ball pressure modest,10.45,43.02,90.19,100.4415,0.4026,0.1805,0.31,73.27,32.95,50.09,30.19,22.6,0.1928,4.8,28.9,87.6,0.357,0.12,26.5,,,Yankee Stadium,
111,663586,Austin Riley,ATL,TB,2026-09-08T23:15:00Z,Scheduled,8,Freddy Peralta,642547,R,44.1,Longshot,Watch List,"Projected Lineup, Strong Barrel",53.9,34.9,30.9,47.9,50.0,42.3,No,No,8,Yes,Yes,RotoWire projected lineup; MLB probable pitchers,lineup projected / unconfirmed,H:2026/2025 P:2026/2025,,,Direct BvP not yet weighted; 2026/2025 Statcast baseline active,7,7,25,1,"Last 7 games: 7/25, 1 HR","same-side matchup; pitcher baseline 7.1% barrel, 22.4 HR allowed",neutral batted-ball profile; pitcher fly-ball pressure modest,13.17,46.56,91.74,102.8517,0.4209,0.1963,0.309,75.83,59.36,40.08,31.5,16.0,0.1512,7.06,37.02,87.72,0.3729,0.1459,28.69,,,Truist Park,
112,691781,Brady House,WSH,SD,2026-09-09T01:40:00Z,Scheduled,5,Casey Mize,663554,R,44.1,Longshot,Watch List,Projected Lineup,39.5,43.0,22.6,81.9,50.0,27.7,No,No,5,Yes,Yes,RotoWire projected lineup; MLB probable pitchers,lineup projected / unconfirmed,H:2026/2025 P:2026/2025,,,Direct BvP not yet weighted; 2026/2025 Statcast baseline active,7,7,23,0,"Last 7 games: 7/23, 0 HR","same-side matchup; pitcher baseline 8.4% barrel, 15.4 HR allowed",neutral batted-ball profile; pitcher allows elevated contact,8.43,46.79,89.73,101.5495,0.4246,0.1602,0.3204,73.17,30.04,31.63,26.98,8.2,0.1384,8.43,39.56,89.44,0.3861,0.1553,31.16,,,Petco Park,
113,672386,Alejandro Kirk,TOR,ATH,2026-09-09T01:40:00Z,Scheduled,4,Jack Perkins,678022,R,43.9,Longshot,Watch List,"Projected Lineup, Premium Lineup Spot",28.8,39.5,30.9,90.4,50.0,62.2,No,No,4,Yes,Yes,RotoWire projected lineup; MLB probable pitchers,lineup projected / unconfirmed,H:2026/2025 P:2026/2025,,,Direct BvP not yet weighted; 2026/2025 Statcast baseline active,7,9,31,2,Hot streak: 2 HR in last 7 games,"same-side matchup; pitcher baseline 8.9% barrel, 13.8 HR allowed",neutral batted-ball profile; pitcher allows elevated contact,5.48,43.59,89.35,100.3878,0.3995,0.1344,0.3191,71.94,19.93,25.93,21.27,10.1,0.1369,8.9,36.93,87.94,0.3699,0.1461,33.89,,,Sutter Health Park,
114,608070,Jose Ramirez,CLE,BAL,2026-09-08T22:35:00Z,Scheduled,3,Brandon Young,687064,R,43.6,Longshot,Watch List,"Projected Lineup, Premium Lineup Spot, Platoon Edge",27.5,40.9,32.1,92.1,75.0,4.2,No,No,3,Yes,Yes,RotoWire projected lineup; MLB probable pitchers,lineup projected / unconfirmed,H:2026/2025 P:2026/2025,,,Direct BvP not yet weighted; 2026/2025 Statcast baseline active,7,4,27,0,"Last 7 games: 4/27, 0 HR","switch hitter; pitcher baseline 7.8% barrel, 16.9 HR allowed",neutral batted-ball profile; pitcher fly-ball pressure modest,5.11,38.96,89.04,99.349,0.4166,0.1417,0.3371,70.27,13.05,50.9,28.78,16.7,0.1647,7.75,40.52,89.26,0.4159,0.1651,26.66,,,Oriole Park at Camden Yards,
115,668904,Royce Lewis,MIN,DET,2026-09-08T22:40:00Z,Scheduled,6,Drew Anderson,623454,R,43.4,Longshot,Watch List,"Projected Lineup, Strong Barrel",41.6,37.8,27.6,71.7,50.0,39.2,No,No,6,Yes,Yes,RotoWire projected lineup; MLB probable pitchers,lineup projected / unconfirmed,H:2026/2025 P:2026,,,Direct BvP not yet weighted; 2026/2025 Statcast baseline active,7,7,27,1,"Last 7 games: 7/27, 1 HR","same-side matchup; pitcher baseline 8.1% barrel, 13.0 HR allowed",neutral batted-ball profile; pitcher fly-ball pressure modest,10.52,40.79,89.8,100.6674,0.407,0.1656,0.3096,74.72,50.45,46.16,30.78,13.7,0.1615,8.1,39.0,89.8,0.367,0.14,24.1,,,Comerica Park,
116,687093,Vaughn Grissom,LAA,BOS,2026-09-08T22:45:00Z,Scheduled,3,Patrick Sandoval,663776,L,43.3,Longshot,Watch List,"Projected Lineup, Premium Lineup Spot, Platoon Edge",28.0,33.3,28.7,92.1,78.0,37.8,No,No,3,Yes,Yes,RotoWire projected lineup; MLB probable pitchers,lineup projected / unconfirmed,H:2026 P:2026,,,Direct BvP not yet weighted; 2026/2025 Statcast baseline active,7,7,28,1,"Last 7 games: 7/28, 1 HR","platoon edge; pitcher baseline 7.3% barrel, 6.0 HR allowed",neutral batted-ball profile; pitcher fly-ball pressure modest,7.3,37.8,87.9,99.1072,0.393,0.142,0.314,71.1,17.1,39.9,25.7,10.0,0.141,7.3,33.8,87.0,0.444,0.167,25.2,,,Fenway Park,
117,666182,Bo Bichette,NYM,MIA,2026-09-08T22:40:00Z,Scheduled,3,Sandy Alcantara,645261,R,43.2,Longshot,Watch List,"Projected Lineup, Premium Lineup Spot",33.7,33.9,21.5,92.1,50.0,66.9,No,No,3,Yes,Yes,RotoWire projected lineup; MLB probable pitchers,lineup projected / unconfirmed,H:2026/2025 P:2026/2025,,,Direct BvP not yet weighted; 2026/2025 Statcast baseline active,7,9,28,2,Hot streak: 2 HR in last 7 games,"same-side matchup; pitcher baseline 6.2% barrel, 19.9 HR allowed",neutral batted-ball profile; pitcher fly-ball pressure modest,7.2,43.69,89.95,101.0389,0.4359,0.1531,0.3341,69.66,13.09,26.42,23.23,16.6,0.1475,6.15,38.0,89.02,0.3884,0.1365,24.38,,,loanDepot park,
118,676724,Jared Young,NYM,MIA,2026-09-08T22:40:00Z,Scheduled,5,Sandy Alcantara,645261,R,43.1,Longshot,Watch List,"Projected Lineup, Platoon Edge",38.1,33.9,21.5,81.9,80.0,10.6,No,No,5,Yes,Yes,RotoWire projected lineup; MLB probable pitchers,lineup projected / unconfirmed,H:2026/2025 P:2026/2025,,,Direct BvP not yet weighted; 2026/2025 Statcast baseline active,7,4,21,0,"Last 7 games: 4/21, 0 HR","platoon edge; pitcher baseline 6.2% barrel, 19.9 HR allowed",neutral batted-ball profile; pitcher fly-ball pressure modest,9.05,43.64,88.24,100.7526,0.4084,0.1787,0.3051,73.37,33.25,41.05,26.6,6.8,0.2068,6.15,38.0,89.02,0.3884,0.1365,24.38,,,loanDepot park,
119,694208,Moises Ballesteros,LAA,BOS,2026-09-08T22:45:00Z,Scheduled,4,Patrick Sandoval,663776,L,43.1,Longshot,Watch List,"Projected Lineup, Premium Lineup Spot",32.6,33.3,28.7,90.4,50.0,59.1,No,No,4,Yes,Yes,RotoWire projected lineup; MLB probable pitchers,lineup projected / unconfirmed,H:2026/2025 P:2026,,,Direct BvP not yet weighted; 2026/2025 Statcast baseline active,7,7,26,2,Hot streak: 2 HR in last 7 games,"same-side matchup; pitcher baseline 7.3% barrel, 6.0 HR allowed",neutral batted-ball profile; pitcher fly-ball pressure modest,7.96,42.54,90.08,100.7828,0.3748,0.138,0.3025,72.36,30.28,34.92,20.44,5.5,0.1319,7.3,33.8,87.0,0.444,0.167,25.2,,,Fenway Park,
120,669003,Garrett Mitchell,MIL,CHC,2026-09-08T23:40:00Z,Scheduled,7,David Peterson,656849,L,43.0,Longshot,Watch List,"Projected Lineup, Strong Barrel",47.1,36.3,27.6,59.8,50.0,34.5,No,No,7,Yes,Yes,RotoWire projected lineup; MLB probable pitchers,lineup projected / unconfirmed,H:2026/2025 P:2026/2025,,,Direct BvP not yet weighted; 2026/2025 Statcast baseline active,7,7,20,0,Contact streak: 7/20 over last 7 games,"same-side matchup; pitcher baseline 6.5% barrel, 13.1 HR allowed",EV profile; pitcher fly-ball pressure modest,10.34,49.55,92.29,103.7661,0.4124,0.1589,0.3314,77.15,77.16,33.65,17.34,6.3,0.1342,6.47,42.57,89.62,0.4112,0.1391,18.94,,,American Family Field,
121,681198,TJ Rumfield,COL,NYY,2026-09-08T23:05:00Z,Scheduled,4,Cam Schlittler,693645,R,42.9,Longshot,Watch List,"Projected Lineup, Premium Lineup Spot, Platoon Edge, Hot Hitter/Streak",14.1,35.8,38.2,90.4,80.0,81.7,No,No,4,Yes,Yes,RotoWire projected lineup; MLB probable pitchers,lineup projected / unconfirmed,H:2026 P:2026/2025,,,Direct BvP not yet weighted; 2026/2025 Statcast baseline active,7,12,26,2,Hot streak: 2 HR in last 7 games,"platoon edge; pitcher baseline 8.0% barrel, 12.9 HR allowed",neutral batted-ball profile; pitcher fly-ball pressure modest,5.1,27.8,84.3,96.1661,0.39,0.13,0.334,68.5,7.8,41.6,28.6,15.0,0.161,7.99,39.92,88.65,0.3511,0.1351,26.6,,,Yankee Stadium,
122,664983,Jake McCarthy,COL,NYY,2026-09-08T23:05:00Z,Scheduled,1,Cam Schlittler,693645,R,42.8,Longshot,Watch List,"Projected Lineup, Premium Lineup Spot, Platoon Edge",16.4,35.8,38.2,88.7,80.0,68.7,No,No,1,Yes,Yes,RotoWire projected lineup; MLB probable pitchers,lineup projected / unconfirmed,H:2026/2025 P:2026/2025,,,Direct BvP not yet weighted; 2026/2025 Statcast baseline active,7,10,30,2,Hot streak: 2 HR in last 7 games,"platoon edge; pitcher baseline 8.0% barrel, 12.9 HR allowed",neutral batted-ball profile; pitcher fly-ball pressure modest,5.3,28.23,85.26,96.9651,0.3992,0.135,0.3112,70.89,12.84,37.73,21.87,11.7,0.176,7.99,39.92,88.65,0.3511,0.1351,26.6,,,Yankee Stadium,
123,681297,Colton Cowser,BAL,CLE,2026-09-08T22:35:00Z,Scheduled,9,Tanner Bibee,676440,R,42.7,Longshot,Watch List,"Projected Lineup, Strong Barrel, Platoon Edge",45.3,42.2,32.1,40.2,80.0,0.0,No,No,9,Yes,Yes,RotoWire projected lineup; MLB probable pitchers,lineup projected / unconfirmed,H:2026/2025 P:2026/2025,,,Direct BvP not yet weighted; 2026/2025 Statcast baseline active,7,1,17,0,"Last 7 games: 1/17, 0 HR","platoon edge; pitcher baseline 8.0% barrel, 26.3 HR allowed",neutral batted-ball profile; pitcher fly-ball pressure modest,11.51,42.36,88.87,100.935,0.4117,0.1981,0.3112,74.37,44.01,38.52,32.57,13.9,0.1638,7.96,38.42,88.99,0.406,0.1625,27.62,,,Oriole Park at Camden Yards,
124,701807,Carson Benge,NYM,MIA,2026-09-08T22:40:00Z,Scheduled,4,Sandy Alcantara,645261,R,42.6,Longshot,Watch List,"Projected Lineup, Premium Lineup Spot, Platoon Edge",31.5,33.9,21.5,90.4,80.0,19.5,No,No,4,Yes,Yes,RotoWire projected lineup; MLB probable pitchers,lineup projected / unconfirmed,H:2026 P:2026/2025,,,Direct BvP not yet weighted; 2026/2025 Statcast baseline active,7,7,28,0,"Last 7 games: 7/28, 0 HR","platoon edge; pitcher baseline 6.2% barrel, 19.9 HR allowed",neutral batted-ball profile; pitcher fly-ball pressure modest,7.1,39.0,88.8,99.6659,0.432,0.154,0.336,70.9,17.3,32.7,27.2,16.0,0.14,6.15,38.0,89.02,0.3884,0.1365,24.38,,,loanDepot park,
125,694249,Cole Carrigg,COL,NYY,2026-09-08T23:05:00Z,Scheduled,5,Cam Schlittler,693645,R,42.6,Longshot,Watch List,"Projected Lineup, Platoon Edge",24.3,34.5,38.2,81.9,75.0,48.3,No,No,5,Yes,Yes,RotoWire projected lineup; MLB probable pitchers,lineup projected / unconfirmed,H:2026 P:2026/2025,,,Direct BvP not yet weighted; 2026/2025 Statcast baseline active,7,8,25,1,Contact streak: 8/25 over last 7 games,"switch hitter; pitcher baseline 8.0% barrel, 12.9 HR allowed",neutral batted-ball profile; pitcher fly-ball pressure modest,5.6,33.5,87.1,98.1902,0.394,0.139,0.32,73.4,35.7,47.2,28.4,7.0,0.187,7.99,39.92,88.65,0.3511,0.1351,26.6,,,Yankee Stadium,
126,596115,Trevor Story,BOS,LAA,2026-09-08T22:45:00Z,Scheduled,5,Reid Detmers,672282,L,42.5,Longshot,Watch List,"Projected Lineup, Platoon Edge",27.2,38.0,28.7,81.9,78.0,32.0,No,No,5,Yes,Yes,RotoWire projected lineup; MLB probable pitchers,lineup projected / unconfirmed,H:2026/2025 P:2026/2025,,,Direct BvP not yet weighted; 2026/2025 Statcast baseline active,7,10,30,0,Contact streak: 10/30 over last 7 games,"platoon edge; pitcher baseline 7.6% barrel, 13.7 HR allowed",neutral batted-ball profile; pitcher fly-ball pressure modest,6.19,42.45,89.44,100.1411,0.3503,0.1233,0.2697,71.03,14.17,42.72,23.69,9.6,0.1231,7.64,39.51,90.03,0.3609,0.139,27.5,,,Fenway Park,
127,683146,Brett Baty,NYM,MIA,2026-09-08T22:40:00Z,Scheduled,8,Sandy Alcantara,645261,R,42.4,Longshot,Watch List,"Projected Lineup, Strong Barrel, Platoon Edge",43.4,33.9,21.5,47.9,80.0,56.6,No,No,8,Yes,Yes,RotoWire projected lineup; MLB probable pitchers,lineup projected / unconfirmed,H:2026/2025 P:2026/2025,,,Direct BvP not yet weighted; 2026/2025 Statcast baseline active,7,6,16,1,Contact streak: 6/16 over last 7 games,"platoon edge; pitcher baseline 6.2% barrel, 19.9 HR allowed",neutral batted-ball profile; pitcher fly-ball pressure modest,10.73,43.4,90.28,101.7213,0.4108,0.1714,0.3158,75.08,53.93,36.24,25.89,11.7,0.1439,6.15,38.0,89.02,0.3884,0.1365,24.38,,,loanDepot park,
128,686797,Brooks Lee,MIN,DET,2026-09-08T22:40:00Z,Scheduled,2,Drew Anderson,623454,R,42.3,Longshot,Watch List,"Projected Lineup, Premium Lineup Spot, Platoon Edge",21.7,36.4,27.6,95.5,75.0,41.7,No,No,2,Yes,Yes,RotoWire projected lineup; MLB probable pitchers,lineup projected / unconfirmed,H:2026/2025 P:2026,,,Direct BvP not yet weighted; 2026/2025 Statcast baseline active,7,8,29,1,"Last 7 games: 8/29, 1 HR","switch hitter; pitcher baseline 8.1% barrel, 13.0 HR allowed",neutral batted-ball profile; pitcher fly-ball pressure modest,4.68,35.35,88.39,97.7265,0.3565,0.1281,0.2799,69.92,8.77,41.57,29.49,20.9,0.1725,8.1,39.0,89.8,0.367,0.14,24.1,,,Comerica Park,
129,572233,Christian Walker,HOU,PHI,2026-09-08T22:40:00Z,Scheduled,6,Andrew Painter,691725,R,42.3,Longshot,Watch List,Projected Lineup,40.4,36.9,34.3,71.7,50.0,8.1,No,No,6,Yes,Yes,RotoWire projected lineup; MLB probable pitchers,lineup projected / unconfirmed,H:2026/2025 P:2026,,,Direct BvP not yet weighted; 2026/2025 Statcast baseline active,7,4,23,0,"Last 7 games: 4/23, 0 HR","same-side matchup; pitcher baseline 7.7% barrel, 17.0 HR allowed",neutral batted-ball profile; pitcher fly-ball pressure modest,9.96,42.25,89.64,101.4291,0.3972,0.1701,0.3042,74.38,43.69,42.06,27.65,24.9,0.1914,7.7,35.3,87.4,0.411,0.162,26.9,,,Citizens Bank Park,
130,807726,John Peck,DET,MIN,2026-09-08T22:40:00Z,Scheduled,8,Dean Kremer,665152,R,42.2,Longshot,Watch List,"Projected Lineup, Strong Barrel",45.1,46.5,27.6,47.9,50.0,16.1,No,No,8,Yes,Yes,RotoWire projected lineup; MLB probable pitchers,lineup projected / unconfirmed,H:2026 P:2026/2025,,,Direct BvP not yet weighted; 2026/2025 Statcast baseline active,7,5,22,0,"Last 7 games: 5/22, 0 HR","same-side matchup; pitcher baseline 8.8% barrel, 17.1 HR allowed",neutral batted-ball profile; pitcher allows elevated contact,15.4,42.9,88.1,99.4489,0.419,0.178,0.325,71.9,14.3,21.4,14.3,0.0,0.052,8.84,36.5,88.1,0.4405,0.1966,31.34,,,Comerica Park,
131,682626,Francisco Alvarez,NYM,MIA,2026-09-08T22:40:00Z,Scheduled,9,Sandy Alcantara,645261,R,42.2,Longshot,Watch List,"Projected Lineup, Strong Barrel",55.0,33.9,21.5,40.2,50.0,51.3,No,No,9,Yes,Yes,RotoWire projected lineup; MLB probable pitchers,lineup projected / unconfirmed,H:2026/2025 P:2026/2025,,,Direct BvP not yet weighted; 2026/2025 Statcast baseline active,7,5,23,2,Hot streak: 2 HR in last 7 games,"same-side matchup; pitcher baseline 6.2% barrel, 19.9 HR allowed",neutral batted-ball profile; pitcher fly-ball pressure modest,14.83,48.0,91.07,102.7303,0.4349,0.2059,0.326,74.11,42.04,37.96,25.59,13.8,0.1805,6.15,38.0,89.02,0.3884,0.1365,24.38,,,loanDepot park,
132,691594,Javier Sanoja,MIA,NYM,2026-09-08T22:40:00Z,Scheduled,5,Sean Manaea,640455,L,42.2,Longshot,Watch List,"Projected Lineup, Platoon Edge, Hot Hitter/Streak",10.3,54.1,21.5,81.9,78.0,81.7,No,No,5,Yes,Yes,RotoWire projected lineup; MLB probable pitchers,lineup projected / unconfirmed,H:2026/2025 P:2026/2025,,,Direct BvP not yet weighted; 2026/2025 Statcast baseline active,7,12,27,2,Hot streak: 2 HR in last 7 games,"platoon edge; pitcher baseline 10.4% barrel, 18.6 HR allowed",neutral batted-ball profile; pitcher fly-ball pressure modest,2.08,32.27,87.31,97.4696,0.3441,0.0823,0.2862,68.86,6.46,37.94,18.97,7.4,0.1488,10.37,41.69,89.38,0.4437,0.1897,28.54,,,loanDepot park,
133,664023,Ian Happ,CHC,MIL,2026-09-08T23:40:00Z,Scheduled,5,Jacob Misiorowski,694819,R,42.2,Longshot,Watch List,"Projected Lineup, Strong Barrel, Platoon Edge",43.4,17.7,27.6,81.9,75.0,24.9,No,No,5,Yes,Yes,RotoWire projected lineup; MLB probable pitchers,lineup projected / unconfirmed,H:2026/2025 P:2026/2025,,,Direct BvP not yet weighted; 2026/2025 Statcast baseline active,7,6,21,0,"Last 7 games: 6/21, 0 HR","switch hitter; pitcher baseline 5.0% barrel, 12.2 HR allowed",neutral batted-ball profile; pitcher fly-ball pressure modest,11.17,42.23,89.44,100.7332,0.4143,0.1923,0.3253,71.81,18.15,44.75,31.48,23.0,0.1896,5.03,34.42,87.67,0.2803,0.101,26.13,,,American Family Field,
134,624424,Michael Conforto,CHC,MIL,2026-09-08T23:40:00Z,Scheduled,8,Jacob Misiorowski,694819,R,42.1,Longshot,Watch List,"Projected Lineup, Strong Barrel, Platoon Edge, Hot Hitter/Streak",46.8,19.0,27.6,47.9,80.0,81.7,No,No,8,Yes,Yes,RotoWire projected lineup; MLB probable pitchers,lineup projected / unconfirmed,H:2026/2025 P:2026/2025,,,Direct BvP not yet weighted; 2026/2025 Statcast baseline active,7,6,14,2,Hot streak: 2 HR in last 7 games,"platoon edge; pitcher baseline 5.0% barrel, 12.2 HR allowed",neutral batted-ball profile; pitcher fly-ball pressure modest,11.1,43.02,90.39,100.8342,0.4324,0.1959,0.3335,72.92,33.93,43.95,34.27,13.4,0.2124,5.03,34.42,87.67,0.2803,0.101,26.13,,,American Family Field,
135,668709,JJ Bleday,CIN,LAD,2026-09-09T02:10:00Z,Scheduled,4,Tarik Skubal,669373,L,42.1,Longshot,Watch List,"Projected Lineup, Premium Lineup Spot",38.0,28.0,27.6,90.4,50.0,30.3,No,No,4,Yes,Yes,RotoWire projected lineup; MLB probable pitchers,lineup projected / unconfirmed,H:2026/2025 P:2026/2025,,,Direct BvP not yet weighted; 2026/2025 Statcast baseline active,7,5,25,1,"Last 7 games: 5/25, 1 HR","same-side matchup; pitcher baseline 7.5% barrel, 13.8 HR allowed",neutral batted-ball profile; pitcher fly-ball pressure modest,9.48,39.26,88.56,99.809,0.4038,0.1753,0.325,73.07,27.44,46.72,33.06,19.6,0.2039,7.47,35.38,86.94,0.3412,0.1191,25.55,,,UNIQLO Field at Dodger Stadium,
136,804606,Konnor Griffin,PIT,CWS,2026-09-08T23:40:00Z,Scheduled,1,Sean Burke,680732,R,42.0,Longshot,Watch List,"Projected Lineup, Premium Lineup Spot",28.8,44.7,27.6,88.7,50.0,14.1,No,No,1,Yes,Yes,RotoWire projected lineup; MLB probable pitchers,lineup projected / unconfirmed,H:2026 P:2026/2025,,,Direct BvP not yet weighted; 2026/2025 Statcast baseline active,7,6,28,0,"Last 7 games: 6/28, 0 HR","same-side matchup; pitcher baseline 8.5% barrel, 19.5 HR allowed",neutral batted-ball profile; pitcher allows elevated contact,7.8,36.5,87.3,100.4068,0.381,0.146,0.297,75.6,57.8,41.3,17.4,5.0,0.123,8.54,39.06,89.32,0.3933,0.162,31.4,,,Rate Field,
137,673548,Seiya Suzuki,CHC,MIL,2026-09-08T23:40:00Z,Scheduled,2,Jacob Misiorowski,694819,R,41.9,Longshot,Watch List,"Projected Lineup, Strong Barrel, Premium Lineup Spot",46.4,19.0,27.6,95.5,50.0,0.0,No,No,2,Yes,Yes,RotoWire projected lineup; MLB probable pitchers,lineup projected / unconfirmed,H:2026/2025 P:2026/2025,,,Direct BvP not yet weighted; 2026/2025 Statcast baseline active,7,2,22,0,"Last 7 games: 2/22, 0 HR","same-side matchup; pitcher baseline 5.0% barrel, 12.2 HR allowed",neutral batted-ball profile; pitcher fly-ball pressure modest,12.05,41.21,89.27,100.9539,0.4457,0.1987,0.3429,73.37,37.6,42.04,31.76,26.4,0.2169,5.03,34.42,87.67,0.2803,0.101,26.13,,,American Family Field,
138,668930,Brice Turang,MIL,CHC,2026-09-08T23:40:00Z,Scheduled,5,David Peterson,656849,L,41.9,Longshot,Watch List,Projected Lineup,35.5,36.3,27.6,81.9,50.0,27.7,No,No,5,Yes,Yes,RotoWire projected lineup; MLB probable pitchers,lineup projected / unconfirmed,H:2026/2025 P:2026/2025,,,Direct BvP not yet weighted; 2026/2025 Statcast baseline active,7,7,23,0,"Last 7 games: 7/23, 0 HR","same-side matchup; pitcher baseline 6.5% barrel, 13.1 HR allowed",neutral batted-ball profile; pitcher fly-ball pressure modest,7.51,43.06,90.47,100.2766,0.4206,0.167,0.3357,70.18,13.13,27.58,23.57,17.3,0.1624,6.47,42.57,89.62,0.4112,0.1391,18.94,,,American Family Field,
139,664761,Alec Bohm,PHI,HOU,2026-09-08T22:40:00Z,Scheduled,5,Hayden Wesneski,669713,R,41.6,Longshot,Watch List,Projected Lineup,32.6,33.9,34.3,81.9,50.0,31.6,No,No,5,Yes,Yes,RotoWire projected lineup; MLB probable pitchers,lineup projected / unconfirmed,H:2026/2025 P:2026/2025,,,Direct BvP not yet weighted; 2026/2025 Statcast baseline active,7,5,24,1,"Last 7 games: 5/24, 1 HR","same-side matchup; pitcher baseline 7.6% barrel, 3.5 HR allowed",neutral batted-ball profile; pitcher fly-ball pressure modest,6.13,44.02,90.59,100.339,0.4102,0.1467,0.3226,71.21,14.77,28.77,22.65,13.8,0.1367,7.63,39.58,88.23,0.3912,0.1494,23.62,,,Citizens Bank Park,
140,666126,Carlos Cortes,ATH,TOR,2026-09-09T01:40:00Z,Scheduled,6,José Soriano,667755,R,41.6,Longshot,Watch List,"Projected Lineup, Platoon Edge",28.6,36.2,30.9,71.7,80.0,32.0,No,No,6,Yes,Yes,RotoWire projected lineup; MLB probable pitchers,lineup projected / unconfirmed,H:2026/2025 P:2026/2025,,,Direct BvP not yet weighted; 2026/2025 Statcast baseline active,7,7,21,0,Contact streak: 7/21 over last 7 games,"platoon edge; pitcher baseline 7.4% barrel, 13.4 HR allowed",neutral batted-ball profile; pitcher fly-ball pressure modest,7.03,39.03,89.03,99.4428,0.3926,0.1413,0.307,70.76,14.34,30.48,22.31,6.8,0.1654,7.41,40.92,89.58,0.3831,0.1369,18.61,,,Sutter Health Park,
141,671056,Ivan Herrera,STL,SF,2026-09-09T01:45:00Z,Scheduled,2,Landen Roupp,694738,R,41.5,Longshot,Watch List,"Projected Lineup, Premium Lineup Spot, Hot Hitter/Streak",34.6,22.6,19.3,95.5,50.0,76.7,No,No,2,Yes,Yes,RotoWire projected lineup; MLB probable pitchers,lineup projected / unconfirmed,H:2026/2025 P:2026/2025,,,Direct BvP not yet weighted; 2026/2025 Statcast baseline active,7,12,31,2,Hot streak: 2 HR in last 7 games,"same-side matchup; pitcher baseline 6.2% barrel, 11.0 HR allowed",neutral batted-ball profile; pitcher fly-ball pressure modest,7.25,42.94,89.87,101.3493,0.4133,0.1565,0.3437,73.81,42.65,36.96,19.66,16.9,0.1506,6.17,31.25,86.79,0.3611,0.126,23.36,,,Oracle Park,
142,694197,Angel Genao,CLE,BAL,2026-09-08T22:35:00Z,Scheduled,6,Brandon Young,687064,R,41.4,Longshot,Watch List,"Projected Lineup, Platoon Edge",29.5,40.9,32.1,71.7,75.0,5.1,No,No,6,Yes,Yes,RotoWire projected lineup; MLB probable pitchers,lineup projected / unconfirmed,H:2026 P:2026/2025,,,Direct BvP not yet weighted; 2026/2025 Statcast baseline active,7,4,26,0,"Last 7 games: 4/26, 0 HR","switch hitter; pitcher baseline 7.8% barrel, 16.9 HR allowed",neutral batted-ball profile; pitcher fly-ball pressure modest,4.8,51.2,91.0,100.2929,0.35,0.104,0.29,72.4,27.0,36.9,14.3,2.0,0.102,7.75,40.52,89.26,0.4159,0.1651,26.66,,,Oriole Park at Camden Yards,
143,641355,Cody Bellinger,NYY,COL,2026-09-08T23:05:00Z,Scheduled,3,Gabriel Hughes,687312,R,41.4,Longshot,Watch List,"Projected Lineup, Premium Lineup Spot, Platoon Edge",28.6,18.0,38.2,92.1,80.0,36.5,No,No,3,Yes,Yes,RotoWire projected lineup; MLB probable pitchers,lineup projected / unconfirmed,H:2026/2025 P:2026,,,Direct BvP not yet weighted; 2026/2025 Statcast baseline active,7,12,33,0,Contact streak: 12/33 over last 7 games,"platoon edge; pitcher baseline 4.8% barrel, 5.0 HR allowed",neutral batted-ball profile; pitcher fly-ball pressure modest,6.38,36.78,88.72,98.3973,0.4152,0.1477,0.3356,69.82,4.26,42.96,30.8,17.1,0.166,4.8,28.9,87.6,0.357,0.12,26.5,,,Yankee Stadium,
144,643446,Jeff McNeil,ATH,TOR,2026-09-09T01:40:00Z,Scheduled,2,José Soriano,667755,R,41.4,Longshot,Watch List,"Projected Lineup, Premium Lineup Spot, Platoon Edge",12.6,36.2,30.9,95.5,80.0,67.1,No,No,2,Yes,Yes,RotoWire projected lineup; MLB probable pitchers,lineup projected / unconfirmed,H:2026/2025 P:2026/2025,,,Direct BvP not yet weighted; 2026/2025 Statcast baseline active,7,10,31,2,Hot streak: 2 HR in last 7 games,"platoon edge; pitcher baseline 7.4% barrel, 13.4 HR allowed",neutral batted-ball profile; pitcher fly-ball pressure modest,2.86,30.87,86.85,96.5909,0.3768,0.1027,0.3132,69.37,5.65,43.7,23.82,9.2,0.1239,7.41,40.92,89.58,0.3831,0.1369,18.61,,,Sutter Health Park,
145,677649,Ezequiel Duran,TEX,SEA,2026-09-09T01:40:00Z,Scheduled,5,,,,41.2,Longshot,Watch List,"Projected Lineup, Hot Hitter/Streak",21.6,41.2,25.4,81.9,60.0,70.6,No,No,5,Yes,Yes,RotoWire projected lineup; MLB probable pitchers,lineup projected / unconfirmed,H:2026/2025 P:,,,Direct BvP not yet weighted; 2026/2025 Statcast baseline active,7,9,26,2,Hot streak: 2 HR in last 7 games,"handedness incomplete; pitcher baseline 0.0% barrel, 0.0 HR allowed",neutral batted-ball profile; pitcher fly-ball pressure modest,5.33,35.94,87.89,99.0476,0.3559,0.1188,0.289,72.34,24.73,35.59,22.42,11.9,0.1467,,,,,,,,,T-Mobile Park,
146,665161,Jeremy Pena,HOU,PHI,2026-09-08T22:40:00Z,Scheduled,1,Andrew Painter,691725,R,41.1,Longshot,Watch List,"Projected Lineup, Premium Lineup Spot",30.9,36.9,34.3,88.7,50.0,0.0,No,No,1,Yes,Yes,RotoWire projected lineup; MLB probable pitchers,lineup projected / unconfirmed,H:2026/2025 P:2026,,,Direct BvP not yet weighted; 2026/2025 Statcast baseline active,7,3,28,0,"Last 7 games: 3/28, 0 HR","same-side matchup; pitcher baseline 7.7% barrel, 17.0 HR allowed",neutral batted-ball profile; pitcher fly-ball pressure modest,6.87,39.96,88.48,99.7753,0.4201,0.1508,0.3277,72.23,14.69,46.06,24.64,17.0,0.1814,7.7,35.3,87.4,0.411,0.162,26.9,,,Citizens Bank Park,
147,666211,Taylor Trammell,HOU,PHI,2026-09-08T22:40:00Z,Scheduled,8,Andrew Painter,691725,R,41.1,Longshot,Watch List,"Projected Lineup, Strong Barrel, Platoon Edge",37.4,36.9,34.3,47.9,80.0,17.3,No,No,8,Yes,Yes,RotoWire projected lineup; MLB probable pitchers,lineup projected / unconfirmed,H:2026/2025 P:2026,,,Direct BvP not yet weighted; 2026/2025 Statcast baseline active,7,4,17,0,"Last 7 games: 4/17, 0 HR","platoon edge; pitcher baseline 7.7% barrel, 17.0 HR allowed",neutral batted-ball profile; pitcher fly-ball pressure modest,10.53,37.71,88.76,100.6226,0.3518,0.1613,0.2815,75.86,59.48,45.7,29.11,5.8,0.15,7.7,35.3,87.4,0.411,0.162,26.9,,,Citizens Bank Park,
148,691777,Max Muncy,ATH,TOR,2026-09-09T01:40:00Z,Scheduled,7,José Soriano,667755,R,41.1,Longshot,Watch List,"Projected Lineup, Strong Barrel",36.1,36.2,30.9,59.8,50.0,59.1,No,No,7,Yes,Yes,RotoWire projected lineup; MLB probable pitchers,lineup projected / unconfirmed,H:2026/2025 P:2026/2025,,,Direct BvP not yet weighted; 2026/2025 Statcast baseline active,7,7,26,2,Hot streak: 2 HR in last 7 games,"same-side matchup; pitcher baseline 7.4% barrel, 13.4 HR allowed",neutral batted-ball profile; pitcher fly-ball pressure modest,11.01,39.82,88.43,100.8844,0.367,0.1535,0.2838,73.87,43.16,43.31,22.65,9.0,0.1664,7.41,40.92,89.58,0.3831,0.1369,18.61,,,Sutter Health Park,
149,596142,Gary Sanchez,MIL,CHC,2026-09-08T23:40:00Z,Scheduled,8,David Peterson,656849,L,41.0,Longshot,Watch List,"Projected Lineup, Platoon Edge",39.2,36.3,27.6,47.9,78.0,30.3,No,No,8,Yes,Yes,RotoWire projected lineup; MLB probable pitchers,lineup projected / unconfirmed,H:2026/2025 P:2026/2025,,,Direct BvP not yet weighted; 2026/2025 Statcast baseline active,7,3,15,1,"Last 7 games: 3/15, 1 HR","platoon edge; pitcher baseline 6.5% barrel, 13.1 HR allowed",neutral batted-ball profile; pitcher fly-ball pressure modest,9.22,42.47,89.59,100.927,0.4126,0.1838,0.3346,71.71,24.91,46.82,27.09,9.2,0.2101,6.47,42.57,89.62,0.4112,0.1391,18.94,,,American Family Field,
150,663616,Trevor Larnach,MIN,DET,2026-09-08T22:40:00Z,Scheduled,7,Drew Anderson,623454,R,40.9,Longshot,Watch List,"Projected Lineup, Platoon Edge",30.6,37.8,27.6,59.8,80.0,39.8,No,No,7,Yes,Yes,RotoWire projected lineup; MLB probable pitchers,lineup projected / unconfirmed,H:2026/2025 P:2026,,,Direct BvP not yet weighted; 2026/2025 Statcast baseline active,7,5,19,1,"Last 7 games: 5/19, 1 HR","platoon edge; pitcher baseline 8.1% barrel, 13.0 HR allowed",neutral batted-ball profile; pitcher fly-ball pressure modest,7.41,40.17,88.8,99.8542,0.3967,0.1411,0.3243,72.1,22.9,42.97,24.19,12.8,0.154,8.1,39.0,89.8,0.367,0.14,24.1,,,Comerica Park,
151,669016,Brandon Marsh,PHI,HOU,2026-09-08T22:40:00Z,Scheduled,7,Hayden Wesneski,669713,R,40.9,Longshot,Watch List,"Projected Lineup, Platoon Edge",36.6,33.9,34.3,59.8,80.0,0.0,No,No,7,Yes,Yes,RotoWire projected lineup; MLB probable pitchers,lineup projected / unconfirmed,H:2026/2025 P:2026/2025,,,Direct BvP not yet weighted; 2026/2025 Statcast baseline active,7,1,15,0,"Last 7 games: 1/15, 0 HR","platoon edge; pitcher baseline 7.6% barrel, 3.5 HR allowed",neutral batted-ball profile; pitcher fly-ball pressure modest,8.26,44.23,89.77,100.0439,0.4152,0.1571,0.3132,71.54,15.72,37.49,26.1,15.2,0.1553,7.63,39.58,88.23,0.3912,0.1494,23.62,,,Citizens Bank Park,
152,669221,Sean Murphy,ATL,TB,2026-09-08T23:15:00Z,Scheduled,7,Freddy Peralta,642547,R,40.6,Longshot,Watch List,"Projected Lineup, Hot Hitter/Streak",30.4,34.9,30.9,59.8,50.0,93.3,No,No,7,Yes,Yes,RotoWire projected lineup; MLB probable pitchers,lineup projected / unconfirmed,H:2026/2025 P:2026/2025,,,Direct BvP not yet weighted; 2026/2025 Statcast baseline active,7,9,24,3,Hot streak: 3 HR in last 7 games,"same-side matchup; pitcher baseline 7.1% barrel, 22.4 HR allowed",neutral batted-ball profile; pitcher fly-ball pressure modest,8.99,39.6,87.21,100.9038,0.3499,0.1496,0.2783,72.32,26.79,47.93,25.72,6.9,0.1862,7.06,37.02,87.72,0.3729,0.1459,28.69,,,Truist Park,
153,672275,Patrick Bailey,CLE,BAL,2026-09-08T22:35:00Z,Scheduled,8,Brandon Young,687064,R,40.5,Longshot,Watch List,"Projected Lineup, Platoon Edge",31.4,40.9,32.1,47.9,75.0,40.3,No,No,8,Yes,Yes,RotoWire projected lineup; MLB probable pitchers,lineup projected / unconfirmed,H:2026/2025 P:2026/2025,,,Direct BvP not yet weighted; 2026/2025 Statcast baseline active,7,4,15,1,"Last 7 games: 4/15, 1 HR","switch hitter; pitcher baseline 7.8% barrel, 16.9 HR allowed",neutral batted-ball profile; pitcher fly-ball pressure modest,6.65,40.32,89.74,99.6011,0.3785,0.1468,0.2948,72.48,26.76,33.76,26.76,7.4,0.1163,7.75,40.52,89.26,0.4159,0.1651,26.66,,,Oriole Park at Camden Yards,
154,607208,Trea Turner,PHI,HOU,2026-09-08T22:40:00Z,Scheduled,2,Hayden Wesneski,669713,R,40.5,Longshot,Watch List,"Projected Lineup, Premium Lineup Spot",27.1,33.9,34.3,95.5,50.0,8.8,No,No,2,Yes,Yes,RotoWire projected lineup; MLB probable pitchers,lineup projected / unconfirmed,H:2026/2025 P:2026/2025,,,Direct BvP not yet weighted; 2026/2025 Statcast baseline active,7,5,28,0,"Last 7 games: 5/28, 0 HR","same-side matchup; pitcher baseline 7.6% barrel, 3.5 HR allowed",neutral batted-ball profile; pitcher fly-ball pressure modest,6.22,40.14,88.67,99.2764,0.3799,0.1288,0.3014,71.45,18.72,35.59,25.2,16.4,0.1425,7.63,39.58,88.23,0.3912,0.1494,23.62,,,Citizens Bank Park,
155,800325,Luis Lara,MIL,CHC,2026-09-08T23:40:00Z,Scheduled,2,David Peterson,656849,L,40.3,Longshot,Watch List,"Projected Lineup, Premium Lineup Spot, Platoon Edge",21.8,34.9,27.6,95.5,75.0,10.6,No,No,2,Yes,Yes,RotoWire projected lineup; MLB probable pitchers,lineup projected / unconfirmed,H:2026 P:2026/2025,,,Direct BvP not yet weighted; 2026/2025 Statcast baseline active,7,4,21,0,"Last 7 games: 4/21, 0 HR","switch hitter; pitcher baseline 6.5% barrel, 13.1 HR allowed",neutral batted-ball profile; pitcher fly-ball pressure modest,4.6,43.5,89.2,99.109,0.351,0.085,0.313,71.5,18.5,29.6,14.8,1.0,0.1,6.47,42.57,89.62,0.4112,0.1391,18.94,,,American Family Field,
156,669357,Nolan Gorman,STL,SF,2026-09-09T01:45:00Z,Scheduled,6,Landen Roupp,694738,R,40.3,Longshot,Watch List,"Projected Lineup, Strong Barrel, Platoon Edge",41.8,22.6,19.3,71.7,80.0,18.3,No,No,6,Yes,Yes,RotoWire projected lineup; MLB probable pitchers,lineup projected / unconfirmed,H:2026/2025 P:2026/2025,,,Direct BvP not yet weighted; 2026/2025 Statcast baseline active,7,3,25,1,"Last 7 games: 3/25, 1 HR","platoon edge; pitcher baseline 6.2% barrel, 11.0 HR allowed",fly-ball profile; pitcher fly-ball pressure modest,10.11,42.5,89.53,100.7292,0.3692,0.1753,0.282,73.19,30.38,44.39,39.15,10.5,0.1475,6.17,31.25,86.79,0.3611,0.126,23.36,,,Oracle Park,
157,813841,Jonah Cox,SF,STL,2026-09-09T01:45:00Z,Scheduled,1,Quinn Mathews,687273,L,40.2,Longshot,Watch List,"Projected Lineup, Strong Barrel, Premium Lineup Spot, Platoon Edge",40.1,13.8,19.3,88.7,78.0,25.8,No,No,1,Yes,Yes,RotoWire projected lineup; MLB probable pitchers,lineup projected / unconfirmed,H:2026 P:2026,,,Direct BvP not yet weighted; 2026/2025 Statcast baseline active,7,7,24,0,"Last 7 games: 7/24, 0 HR","platoon edge; pitcher baseline 1.3% barrel, 1.0 HR allowed",neutral batted-ball profile; pitcher fly-ball pressure modest,10.0,46.0,90.2,100.3328,0.377,0.17,0.273,69.1,7.5,22.0,32.0,4.0,0.217,1.3,34.7,88.7,0.303,0.074,25.3,,,Oracle Park,
158,805999,A.J. Ewing,NYM,MIA,2026-09-08T22:40:00Z,Scheduled,7,Sandy Alcantara,645261,R,40.1,Longshot,Watch List,"Projected Lineup, Platoon Edge",30.7,33.9,21.5,59.8,80.0,60.3,No,No,7,Yes,Yes,RotoWire projected lineup; MLB probable pitchers,lineup projected / unconfirmed,H:2026 P:2026/2025,,,Direct BvP not yet weighted; 2026/2025 Statcast baseline active,7,10,25,1,Contact streak: 10/25 over last 7 games,"platoon edge; pitcher baseline 6.2% barrel, 19.9 HR allowed",neutral batted-ball profile; pitcher fly-ball pressure modest,7.1,42.3,89.3,100.0429,0.398,0.14,0.322,70.4,12.2,31.1,24.3,8.0,0.117,6.15,38.0,89.02,0.3884,0.1365,24.38,,,loanDepot park,
159,641857,Ryan McMahon,NYY,COL,2026-09-08T23:05:00Z,Scheduled,8,Gabriel Hughes,687312,R,40.0,Longshot,Watch List,"Projected Lineup, Strong Barrel, Platoon Edge",46.9,18.0,38.2,47.9,80.0,12.0,No,No,8,Yes,Yes,RotoWire projected lineup; MLB probable pitchers,lineup projected / unconfirmed,H:2026/2025 P:2026,,,Direct BvP not yet weighted; 2026/2025 Statcast baseline active,7,3,15,0,"Last 7 games: 3/15, 0 HR","platoon edge; pitcher baseline 4.8% barrel, 5.0 HR allowed",neutral batted-ball profile; pitcher fly-ball pressure modest,10.14,48.54,91.69,102.0931,0.4001,0.1702,0.3101,74.42,46.27,40.57,31.68,13.0,0.1516,4.8,28.9,87.6,0.357,0.12,26.5,,,Yankee Stadium,
160,687637,Dylan Beavers,BAL,CLE,2026-09-08T22:35:00Z,Scheduled,8,Tanner Bibee,676440,R,39.9,Longshot,Watch List,"Projected Lineup, Platoon Edge",31.4,42.2,32.1,47.9,80.0,13.3,No,No,8,Yes,Yes,RotoWire projected lineup; MLB probable pitchers,lineup projected / unconfirmed,H:2026/2025 P:2026/2025,,,Direct BvP not yet weighted; 2026/2025 Statcast baseline active,7,5,24,0,"Last 7 games: 5/24, 0 HR","platoon edge; pitcher baseline 8.0% barrel, 26.3 HR allowed",neutral batted-ball profile; pitcher fly-ball pressure modest,7.69,35.49,88.31,99.1044,0.3849,0.16,0.3153,72.41,21.54,40.6,33.07,5.4,0.1471,7.96,38.42,88.99,0.406,0.1625,27.62,,,Oriole Park at Camden Yards,
161,805300,Jakob Marsee,MIA,NYM,2026-09-08T22:40:00Z,Scheduled,6,Sean Manaea,640455,L,39.7,Longshot,Watch List,Projected Lineup,20.9,54.1,21.5,71.7,50.0,41.2,No,No,6,Yes,Yes,RotoWire projected lineup; MLB probable pitchers,lineup projected / unconfirmed,H:2026/2025 P:2026/2025,,,Direct BvP not yet weighted; 2026/2025 Statcast baseline active,7,6,22,1,"Last 7 games: 6/22, 1 HR","same-side matchup; pitcher baseline 10.4% barrel, 18.6 HR allowed",neutral batted-ball profile; pitcher fly-ball pressure modest,5.09,37.06,87.85,98.6593,0.358,0.119,0.319,70.43,5.79,42.28,23.75,7.8,0.1391,10.37,41.69,89.38,0.4437,0.1897,28.54,,,loanDepot park,
162,699302,Hector Rodriguez,CIN,LAD,2026-09-09T02:10:00Z,Scheduled,1,Tarik Skubal,669373,L,39.7,Longshot,Watch List,"Projected Lineup, Premium Lineup Spot",27.6,28.0,27.6,88.7,50.0,55.3,No,No,1,Yes,Yes,RotoWire projected lineup; MLB probable pitchers,lineup projected / unconfirmed,H:2026 P:2026/2025,,,Direct BvP not yet weighted; 2026/2025 Statcast baseline active,7,11,30,1,Contact streak: 11/30 over last 7 games,"same-side matchup; pitcher baseline 7.5% barrel, 13.8 HR allowed",neutral batted-ball profile; pitcher fly-ball pressure modest,8.2,32.8,87.9,98.9869,0.344,0.135,0.277,74.4,48.8,41.0,27.9,5.0,0.207,7.47,35.38,86.94,0.3412,0.1191,25.55,,,UNIQLO Field at Dodger Stadium,
163,571771,Enrique Hernandez,LAD,CIN,2026-09-09T02:10:00Z,Scheduled,9,Nick Lodolo,666157,L,39.7,Longshot,Watch List,"Projected Lineup, Platoon Edge",30.1,52.2,27.6,40.2,78.0,8.5,No,No,9,Yes,Yes,RotoWire projected lineup; MLB probable pitchers,lineup projected / unconfirmed,H:2026/2025 P:2026/2025,,,Direct BvP not yet weighted; 2026/2025 Statcast baseline active,7,3,17,0,"Last 7 games: 3/17, 0 HR","platoon edge; pitcher baseline 9.5% barrel, 17.8 HR allowed",neutral batted-ball profile; pitcher fly-ball pressure modest,8.66,38.51,88.97,99.3191,0.3478,0.1401,0.2667,70.33,12.42,30.22,27.22,4.4,0.1469,9.46,40.99,89.99,0.4625,0.1851,26.47,,,UNIQLO Field at Dodger Stadium,
164,691858,Jared Serna,MIA,NYM,2026-09-08T22:40:00Z,Scheduled,8,Sean Manaea,640455,L,39.6,Longshot,Watch List,"Projected Lineup, Platoon Edge",27.5,54.1,21.5,47.9,78.0,12.0,No,No,8,Yes,Yes,RotoWire projected lineup; MLB probable pitchers,lineup projected / unconfirmed,H:2026 P:2026/2025,,,Direct BvP not yet weighted; 2026/2025 Statcast baseline active,5,1,5,0,"Last 5 games: 1/5, 0 HR","platoon edge; pitcher baseline 10.4% barrel, 18.6 HR allowed",neutral batted-ball profile; pitcher fly-ball pressure modest,0.0,83.3,91.8,101.3951,0.211,0.019,0.294,70.8,9.1,33.3,0.0,0.0,0.0,10.37,41.69,89.38,0.4437,0.1897,28.54,,,loanDepot park,
165,683953,Travis Bazzana,CLE,BAL,2026-09-08T22:35:00Z,Scheduled,7,Brandon Young,687064,R,39.5,Longshot,Watch List,"Projected Lineup, Platoon Edge",19.5,42.8,32.1,59.8,80.0,47.7,No,No,7,Yes,Yes,RotoWire projected lineup; MLB probable pitchers,lineup projected / unconfirmed,H:2026 P:2026/2025,,,Direct BvP not yet weighted; 2026/2025 Statcast baseline active,7,6,19,1,"Last 7 games: 6/19, 1 HR","platoon edge; pitcher baseline 7.8% barrel, 16.9 HR allowed",neutral batted-ball profile; pitcher fly-ball pressure modest,4.7,35.9,87.7,98.2809,0.344,0.118,0.299,69.5,12.1,38.3,28.0,10.0,0.136,7.75,40.52,89.26,0.4159,0.1651,26.66,,,Oriole Park at Camden Yards,
166,681082,Bryson Stott,PHI,HOU,2026-09-08T22:40:00Z,Scheduled,6,Hayden Wesneski,669713,R,39.5,Longshot,Watch List,"Projected Lineup, Platoon Edge",24.5,33.9,34.3,71.7,80.0,18.3,No,No,6,Yes,Yes,RotoWire projected lineup; MLB probable pitchers,lineup projected / unconfirmed,H:2026/2025 P:2026/2025,,,Direct BvP not yet weighted; 2026/2025 Statcast baseline active,7,3,25,1,"Last 7 games: 3/25, 1 HR","platoon edge; pitcher baseline 7.6% barrel, 3.5 HR allowed",neutral batted-ball profile; pitcher fly-ball pressure modest,5.52,35.03,88.65,98.3322,0.3972,0.1369,0.3228,69.72,6.68,34.66,27.66,10.9,0.1424,7.63,39.58,88.23,0.3912,0.1494,23.62,,,Citizens Bank Park,
167,680574,Matt McLain,CIN,LAD,2026-09-09T02:10:00Z,Scheduled,7,Tarik Skubal,669373,L,39.5,Longshot,Watch List,"Projected Lineup, Platoon Edge",33.5,28.0,27.6,59.8,78.0,43.7,No,No,7,Yes,Yes,RotoWire projected lineup; MLB probable pitchers,lineup projected / unconfirmed,H:2026/2025 P:2026/2025,,,Direct BvP not yet weighted; 2026/2025 Statcast baseline active,7,4,24,2,Hot streak: 2 HR in last 7 games,"platoon edge; pitcher baseline 7.5% barrel, 13.8 HR allowed",neutral batted-ball profile; pitcher fly-ball pressure modest,9.13,38.18,88.52,99.0651,0.3732,0.1553,0.3022,71.0,10.1,36.13,33.43,15.0,0.1489,7.47,35.38,86.94,0.3412,0.1191,25.55,,,UNIQLO Field at Dodger Stadium,
168,673237,Yainer Diaz,HOU,PHI,2026-09-08T22:40:00Z,Scheduled,7,Andrew Painter,691725,R,39.4,Longshot,Watch List,Projected Lineup,30.7,36.9,34.3,59.8,50.0,47.7,No,No,7,Yes,Yes,RotoWire projected lineup; MLB probable pitchers,lineup projected / unconfirmed,H:2026/2025 P:2026,,,Direct BvP not yet weighted; 2026/2025 Statcast baseline active,7,6,19,1,"Last 7 games: 6/19, 1 HR","same-side matchup; pitcher baseline 7.7% barrel, 17.0 HR allowed",neutral batted-ball profile; pitcher fly-ball pressure modest,7.15,38.7,88.92,99.8052,0.4195,0.1543,0.3099,72.41,21.74,36.77,19.38,13.7,0.1631,7.7,35.3,87.4,0.411,0.162,26.9,,,Citizens Bank Park,
169,642201,Eli White,BOS,LAA,2026-09-08T22:45:00Z,Scheduled,7,Reid Detmers,672282,L,39.4,Longshot,Watch List,"Projected Lineup, Platoon Edge",23.0,38.0,28.7,59.8,78.0,59.0,No,No,7,Yes,Yes,RotoWire projected lineup; MLB probable pitchers,lineup projected / unconfirmed,H:2026/2025 P:2026/2025,,,Direct BvP not yet weighted; 2026/2025 Statcast baseline active,7,9,23,1,Contact streak: 9/23 over last 7 games,"platoon edge; pitcher baseline 7.6% barrel, 13.7 HR allowed",neutral batted-ball profile; pitcher fly-ball pressure modest,7.21,32.84,86.37,98.2823,0.3692,0.1311,0.2855,72.83,26.56,36.47,24.08,7.2,0.1622,7.64,39.51,90.03,0.3609,0.139,27.5,,,Fenway Park,
170,663656,Kyle Tucker,LAD,CIN,2026-09-09T02:10:00Z,Scheduled,8,Nick Lodolo,666157,L,39.4,Longshot,Watch List,Projected Lineup,32.2,52.2,27.6,47.9,50.0,18.3,No,No,8,Yes,Yes,RotoWire projected lineup; MLB probable pitchers,lineup projected / unconfirmed,H:2026/2025 P:2026/2025,,,Direct BvP not yet weighted; 2026/2025 Statcast baseline active,7,2,23,1,"Last 7 games: 2/23, 1 HR","same-side matchup; pitcher baseline 9.5% barrel, 17.8 HR allowed",neutral batted-ball profile; pitcher fly-ball pressure modest,7.09,37.88,89.19,98.7561,0.4088,0.1507,0.3398,71.58,20.73,43.17,33.19,15.0,0.1511,9.46,40.99,89.99,0.4625,0.1851,26.47,,,UNIQLO Field at Dodger Stadium,
171,670623,Isaac Paredes,HOU,PHI,2026-09-08T22:40:00Z,Scheduled,3,Andrew Painter,691725,R,39.1,Longshot,Watch List,"Projected Lineup, Premium Lineup Spot",16.8,36.9,34.3,92.1,50.0,42.3,No,No,3,Yes,Yes,RotoWire projected lineup; MLB probable pitchers,lineup projected / unconfirmed,H:2026/2025 P:2026,,,Direct BvP not yet weighted; 2026/2025 Statcast baseline active,7,7,25,1,"Last 7 games: 7/25, 1 HR","same-side matchup; pitcher baseline 7.7% barrel, 17.0 HR allowed",neutral batted-ball profile; pitcher fly-ball pressure modest,5.18,29.61,86.42,96.8781,0.3667,0.1271,0.3193,67.74,7.5,51.58,31.22,18.6,0.1753,7.7,35.3,87.4,0.411,0.162,26.9,,,Citizens Bank Park,
172,803011,Sam Antonacci,CWS,PIT,2026-09-08T23:40:00Z,Scheduled,1,Bubba Chandler,696149,R,39.0,Longshot,Watch List,"Projected Lineup, Premium Lineup Spot, Platoon Edge",18.2,34.3,27.6,88.7,80.0,19.5,No,No,1,Yes,Yes,RotoWire projected lineup; MLB probable pitchers,lineup projected / unconfirmed,H:2026 P:2026/2025,,,Direct BvP not yet weighted; 2026/2025 Statcast baseline active,7,6,24,0,"Last 7 games: 6/24, 0 HR","platoon edge; pitcher baseline 6.7% barrel, 9.0 HR allowed",neutral batted-ball profile; pitcher fly-ball pressure modest,5.2,32.2,87.3,97.4265,0.387,0.116,0.341,69.8,7.9,32.7,22.1,8.0,0.125,6.74,38.95,89.15,0.3821,0.1497,25.67,,,Rate Field,
173,689414,Liam Hicks,TB,ATL,2026-09-08T23:15:00Z,Scheduled,4,AJ Smith-Shawver,700363,R,38.9,Longshot,Watch List,"Projected Lineup, Premium Lineup Spot, Platoon Edge",7.9,41.6,30.9,90.4,80.0,36.5,No,No,4,Yes,Yes,RotoWire projected lineup; MLB probable pitchers,lineup projected / unconfirmed,H:2026/2025 P:2026/2025,,,Direct BvP not yet weighted; 2026/2025 Statcast baseline active,7,8,22,0,Contact streak: 8/22 over last 7 games,"platoon edge; pitcher baseline 8.6% barrel, 2.6 HR allowed",neutral batted-ball profile; pitcher fly-ball pressure modest,3.74,27.49,84.67,96.1511,0.3535,0.099,0.3157,68.03,3.72,41.33,24.22,13.7,0.1361,8.61,41.77,89.65,0.4099,0.1534,27.28,,,Truist Park,
174,647304,Josh Naylor,SEA,TEX,2026-09-09T01:40:00Z,Scheduled,5,,,,38.9,Longshot,Watch List,Projected Lineup,22.5,41.2,25.4,81.9,60.0,17.0,No,No,5,Yes,Yes,RotoWire projected lineup; MLB probable pitchers,lineup projected / unconfirmed,H:2026/2025 P:,,,Direct BvP not yet weighted; 2026/2025 Statcast baseline active,7,7,30,0,"Last 7 games: 7/30, 0 HR","handedness incomplete; pitcher baseline 0.0% barrel, 0.0 HR allowed",neutral batted-ball profile; pitcher fly-ball pressure modest,5.09,37.42,87.73,98.9899,0.3991,0.1289,0.3194,70.41,11.68,41.43,22.5,13.0,0.1173,,,,,,,,,T-Mobile Park,
175,695681,Christian Moore,LAA,BOS,2026-09-08T22:45:00Z,Scheduled,5,Patrick Sandoval,663776,L,38.8,Longshot,Watch List,"Projected Lineup, Platoon Edge",22.8,33.3,28.7,81.9,78.0,8.8,No,No,5,Yes,Yes,RotoWire projected lineup; MLB probable pitchers,lineup projected / unconfirmed,H:2026/2025 P:2026,,,Direct BvP not yet weighted; 2026/2025 Statcast baseline active,7,5,28,0,"Last 7 games: 5/28, 0 HR","platoon edge; pitcher baseline 7.3% barrel, 6.0 HR allowed",neutral batted-ball profile; pitcher fly-ball pressure modest,7.88,33.78,87.64,98.8507,0.3114,0.1084,0.2589,72.21,25.64,25.1,26.87,2.8,0.1195,7.3,33.8,87.0,0.444,0.167,25.2,,,Fenway Park,
176,693304,Nick Gonzales,PIT,CWS,2026-09-08T23:40:00Z,Scheduled,4,Sean Burke,680732,R,38.6,Longshot,Watch List,"Projected Lineup, Premium Lineup Spot",15.6,44.7,27.6,90.4,50.0,28.2,No,No,4,Yes,Yes,RotoWire projected lineup; MLB probable pitchers,lineup projected / unconfirmed,H:2026/2025 P:2026/2025,,,Direct BvP not yet weighted; 2026/2025 Statcast baseline active,7,8,26,0,"Last 7 games: 8/26, 0 HR","same-side matchup; pitcher baseline 8.5% barrel, 19.5 HR allowed",neutral batted-ball profile; pitcher allows elevated contact,3.38,35.23,86.84,98.1159,0.3799,0.1056,0.3162,70.71,12.45,37.36,20.98,5.7,0.0915,8.54,39.06,89.32,0.3933,0.162,31.4,,,Rate Field,
177,701358,Cam Smith,HOU,PHI,2026-09-08T22:40:00Z,Scheduled,9,Andrew Painter,691725,R,38.4,Longshot,Watch List,Projected Lineup,40.4,36.9,34.3,40.2,50.0,17.7,No,No,9,Yes,Yes,RotoWire projected lineup; MLB probable pitchers,lineup projected / unconfirmed,H:2026/2025 P:2026,,,Direct BvP not yet weighted; 2026/2025 Statcast baseline active,7,5,21,0,"Last 7 games: 5/21, 0 HR","same-side matchup; pitcher baseline 7.7% barrel, 17.0 HR allowed",neutral batted-ball profile; pitcher fly-ball pressure modest,9.77,43.18,88.74,101.4086,0.4068,0.169,0.3131,76.81,68.46,37.42,24.72,14.6,0.1591,7.7,35.3,87.4,0.411,0.162,26.9,,,Citizens Bank Park,
178,691019,Kyle Teel,CWS,PIT,2026-09-08T23:40:00Z,Scheduled,9,Bubba Chandler,696149,R,38.4,Longshot,Watch List,"Projected Lineup, Strong Barrel, Platoon Edge",35.8,34.3,27.6,40.2,80.0,27.6,No,No,9,Yes,Yes,RotoWire projected lineup; MLB probable pitchers,lineup projected / unconfirmed,H:2026/2025 P:2026/2025,,,Direct BvP not yet weighted; 2026/2025 Statcast baseline active,7,4,22,1,"Last 7 games: 4/22, 1 HR","platoon edge; pitcher baseline 6.7% barrel, 9.0 HR allowed",neutral batted-ball profile; pitcher fly-ball pressure modest,11.21,44.6,85.08,100.007,0.3894,0.1636,0.3076,71.5,24.41,38.79,30.64,4.5,0.1478,6.74,38.95,89.15,0.3821,0.1497,25.67,,,Rate Field,
179,664770,Nathan Lukes,TOR,ATH,2026-09-09T01:40:00Z,Scheduled,5,Jack Perkins,678022,R,38.4,Longshot,Watch List,"Projected Lineup, Platoon Edge",11.5,39.5,30.9,81.9,80.0,35.2,No,No,5,Yes,Yes,RotoWire projected lineup; MLB probable pitchers,lineup projected / unconfirmed,H:2026/2025 P:2026/2025,,,Direct BvP not yet weighted; 2026/2025 Statcast baseline active,7,11,31,0,Contact streak: 11/31 over last 7 games,"platoon edge; pitcher baseline 8.9% barrel, 13.8 HR allowed",neutral batted-ball profile; pitcher allows elevated contact,3.26,31.26,87.34,96.9612,0.3584,0.1029,0.2968,67.3,3.76,32.19,20.95,10.6,0.1296,8.9,36.93,87.94,0.3699,0.1461,33.89,,,Sutter Health Park,
180,630105,Jake Cronenworth,SD,WSH,2026-09-09T01:40:00Z,Scheduled,2,Riley Cornelio,683000,R,38.3,Longshot,Watch List,"Projected Lineup, Premium Lineup Spot, Platoon Edge",14.3,36.2,22.6,95.5,80.0,18.3,No,No,2,Yes,Yes,RotoWire projected lineup; MLB probable pitchers,lineup projected / unconfirmed,H:2026/2025 P:2026,,,Direct BvP not yet weighted; 2026/2025 Statcast baseline active,7,1,22,1,"Last 7 games: 1/22, 1 HR","platoon edge; pitcher baseline 9.5% barrel, 2.0 HR allowed",neutral batted-ball profile; pitcher allows elevated contact,3.96,31.93,87.52,97.6486,0.3117,0.0965,0.2854,71.32,17.11,31.47,24.4,6.8,0.0981,9.5,47.6,87.5,0.304,0.107,31.7,,,Petco Park,
181,641487,J.P. Crawford,SEA,TEX,2026-09-09T01:40:00Z,Scheduled,6,,,,38.2,Longshot,Watch List,Projected Lineup,20.7,41.2,25.4,71.7,60.0,45.0,No,No,6,Yes,Yes,RotoWire projected lineup; MLB probable pitchers,lineup projected / unconfirmed,H:2026/2025 P:,,,Direct BvP not yet weighted; 2026/2025 Statcast baseline active,7,10,19,0,Contact streak: 10/19 over last 7 games,"handedness incomplete; pitcher baseline 0.0% barrel, 0.0 HR allowed",neutral batted-ball profile; pitcher fly-ball pressure modest,5.53,35.33,87.69,98.2858,0.365,0.1186,0.3259,71.28,19.02,35.84,20.86,10.6,0.1176,,,,,,,,,T-Mobile Park,
182,686681,Michael Massey,KC,AZ,2026-09-08T23:40:00Z,Scheduled,7,Corbin Burnes,669203,R,38.1,Longshot,Watch List,"Projected Lineup, Platoon Edge",28.1,38.1,23.2,59.8,80.0,13.3,No,No,7,Yes,Yes,RotoWire projected lineup; MLB probable pitchers,lineup projected / unconfirmed,H:2026/2025 P:2025,,,Direct BvP not yet weighted; 2026/2025 Statcast baseline active,7,5,24,0,"Last 7 games: 5/24, 0 HR","platoon edge; pitcher baseline 8.1% barrel, 7.0 HR allowed",neutral batted-ball profile; pitcher fly-ball pressure modest,5.4,38.25,89.04,98.7473,0.3908,0.143,0.2937,71.5,12.54,49.36,31.01,8.6,0.1355,8.1,41.6,89.5,0.385,0.158,19.1,,,Kauffman Stadium,
183,687462,Spencer Horwitz,PIT,CWS,2026-09-08T23:40:00Z,Scheduled,7,Sean Burke,680732,R,38.1,Longshot,Watch List,"Projected Lineup, Platoon Edge",22.2,44.7,27.6,59.8,80.0,6.0,No,No,7,Yes,Yes,RotoWire projected lineup; MLB probable pitchers,lineup projected / unconfirmed,H:2026/2025 P:2026/2025,,,Direct BvP not yet weighted; 2026/2025 Statcast baseline active,7,4,25,0,"Last 7 games: 4/25, 0 HR","platoon edge; pitcher baseline 8.5% barrel, 19.5 HR allowed",neutral batted-ball profile; pitcher allows elevated contact,6.9,33.06,87.12,97.5279,0.365,0.1353,0.3155,68.68,5.53,39.73,27.91,10.3,0.1375,8.54,39.06,89.32,0.3933,0.162,31.4,,,Rate Field,
184,703601,Max Clark,DET,MIN,2026-09-08T22:40:00Z,Scheduled,7,Dean Kremer,665152,R,38.0,Longshot,Watch List,"Projected Lineup, Platoon Edge",17.2,46.5,27.6,59.8,80.0,30.0,No,No,7,Yes,Yes,RotoWire projected lineup; MLB probable pitchers,lineup projected / unconfirmed,H:2026 P:2026/2025,,,Direct BvP not yet weighted; 2026/2025 Statcast baseline active,7,8,25,0,Contact streak: 8/25 over last 7 games,"platoon edge; pitcher baseline 8.8% barrel, 17.1 HR allowed",neutral batted-ball profile; pitcher allows elevated contact,1.1,38.9,87.1,98.246,0.364,0.086,0.311,73.3,27.0,37.8,24.4,2.0,0.163,8.84,36.5,88.1,0.4405,0.1966,31.34,,,Comerica Park,
185,573262,Mike Yastrzemski,ATL,TB,2026-09-08T23:15:00Z,Scheduled,9,Freddy Peralta,642547,R,38.0,Longshot,Watch List,"Projected Lineup, Platoon Edge",34.7,34.9,30.9,40.2,80.0,13.6,No,No,9,Yes,Yes,RotoWire projected lineup; MLB probable pitchers,lineup projected / unconfirmed,H:2026/2025 P:2026/2025,,,Direct BvP not yet weighted; 2026/2025 Statcast baseline active,7,4,19,0,"Last 7 games: 4/19, 0 HR","platoon edge; pitcher baseline 7.1% barrel, 22.4 HR allowed",neutral batted-ball profile; pitcher fly-ball pressure modest,7.17,43.16,90.66,99.8134,0.3812,0.1456,0.315,71.31,8.02,45.06,31.26,11.4,0.1539,7.06,37.02,87.72,0.3729,0.1459,28.69,,,Truist Park,
186,691720,Kyle Karros,COL,NYY,2026-09-08T23:05:00Z,Scheduled,6,Cam Schlittler,693645,R,37.9,Longshot,Watch List,Projected Lineup,24.0,35.8,38.2,71.7,50.0,21.8,No,No,6,Yes,Yes,RotoWire projected lineup; MLB probable pitchers,lineup projected / unconfirmed,H:2026/2025 P:2026/2025,,,Direct BvP not yet weighted; 2026/2025 Statcast baseline active,7,3,21,1,"Last 7 games: 3/21, 1 HR","same-side matchup; pitcher baseline 8.0% barrel, 12.9 HR allowed",neutral batted-ball profile; pitcher fly-ball pressure modest,5.83,38.95,88.95,99.5564,0.36,0.1194,0.314,69.87,5.37,39.08,24.06,7.3,0.1245,7.99,39.92,88.65,0.3511,0.1351,26.6,,,Yankee Stadium,
187,669134,Luis Campusano,SD,WSH,2026-09-09T01:40:00Z,Scheduled,6,Riley Cornelio,683000,R,37.9,Longshot,Watch List,Projected Lineup,25.0,36.2,22.6,71.7,50.0,59.6,No,No,6,Yes,Yes,RotoWire projected lineup; MLB probable pitchers,lineup projected / unconfirmed,H:2026/2025 P:2026,,,Direct BvP not yet weighted; 2026/2025 Statcast baseline active,7,6,22,2,Hot streak: 2 HR in last 7 games,"same-side matchup; pitcher baseline 9.5% barrel, 2.0 HR allowed",neutral batted-ball profile; pitcher allows elevated contact,7.49,37.7,88.08,98.8802,0.3214,0.126,0.3032,72.68,28.17,46.14,20.22,4.9,0.1358,9.5,47.6,87.5,0.304,0.107,31.7,,,Petco Park,
188,665923,Esteury Ruiz,MIA,NYM,2026-09-08T22:40:00Z,Scheduled,7,Sean Manaea,640455,L,37.8,Longshot,Watch List,"Projected Lineup, Platoon Edge",17.6,54.1,21.5,59.8,78.0,8.5,No,No,7,Yes,Yes,RotoWire projected lineup; MLB probable pitchers,lineup projected / unconfirmed,H:2026/2025 P:2026/2025,,,Direct BvP not yet weighted; 2026/2025 Statcast baseline active,7,3,17,0,"Last 7 games: 3/17, 0 HR","platoon edge; pitcher baseline 10.4% barrel, 18.6 HR allowed",neutral batted-ball profile; pitcher fly-ball pressure modest,8.12,26.81,84.23,96.1544,0.3174,0.1379,0.2791,71.24,17.61,43.82,26.18,4.5,0.1668,10.37,41.69,89.38,0.4437,0.1897,28.54,,,loanDepot park,
189,669224,Austin Wells,NYY,COL,2026-09-08T23:05:00Z,Scheduled,9,Gabriel Hughes,687312,R,37.8,Longshot,Watch List,"Projected Lineup, Platoon Edge",36.2,18.0,38.2,40.2,80.0,60.3,No,No,9,Yes,Yes,RotoWire projected lineup; MLB probable pitchers,lineup projected / unconfirmed,H:2026/2025 P:2026,,,Direct BvP not yet weighted; 2026/2025 Statcast baseline active,7,5,18,2,Hot streak: 2 HR in last 7 games,"platoon edge; pitcher baseline 4.8% barrel, 5.0 HR allowed",neutral batted-ball profile; pitcher fly-ball pressure modest,7.75,43.87,89.69,100.7262,0.3668,0.1549,0.2923,72.91,27.74,45.4,33.0,13.3,0.1519,4.8,28.9,87.6,0.357,0.12,26.5,,,Yankee Stadium,
190,656775,Cedric Mullins,TB,ATL,2026-09-08T23:15:00Z,Scheduled,7,AJ Smith-Shawver,700363,R,37.8,Longshot,Watch List,"Projected Lineup, Platoon Edge",20.9,41.6,30.9,59.8,80.0,13.6,No,No,7,Yes,Yes,RotoWire projected lineup; MLB probable pitchers,lineup projected / unconfirmed,H:2026/2025 P:2026/2025,,,Direct BvP not yet weighted; 2026/2025 Statcast baseline active,7,4,19,0,"Last 7 games: 4/19, 0 HR","platoon edge; pitcher baseline 8.6% barrel, 2.6 HR allowed",neutral batted-ball profile; pitcher fly-ball pressure modest,4.87,33.31,88.17,97.9436,0.3213,0.1264,0.2715,70.96,9.71,45.53,32.57,14.9,0.1533,8.61,41.77,89.65,0.4099,0.1534,27.28,,,Truist Park,
191,500743,Miguel Rojas,LAD,CIN,2026-09-09T02:10:00Z,Scheduled,7,Nick Lodolo,666157,L,37.8,Longshot,Watch List,"Projected Lineup, Platoon Edge",16.8,52.2,27.6,59.8,78.0,3.4,No,No,7,Yes,Yes,RotoWire projected lineup; MLB probable pitchers,lineup projected / unconfirmed,H:2026/2025 P:2026/2025,,,Direct BvP not yet weighted; 2026/2025 Statcast baseline active,7,2,14,0,"Last 7 games: 2/14, 0 HR","platoon edge; pitcher baseline 9.5% barrel, 17.8 HR allowed",neutral batted-ball profile; pitcher fly-ball pressure modest,4.8,34.14,87.11,97.8088,0.3776,0.1069,0.3039,68.8,5.0,36.64,22.68,4.2,0.1245,9.46,40.99,89.99,0.4625,0.1851,26.47,,,UNIQLO Field at Dodger Stadium,
192,514888,Jose Altuve,HOU,PHI,2026-09-08T22:40:00Z,Scheduled,4,Andrew Painter,691725,R,37.7,Longshot,Watch List,"Projected Lineup, Premium Lineup Spot",14.0,36.9,34.3,90.4,50.0,39.2,No,No,4,Yes,Yes,RotoWire projected lineup; MLB probable pitchers,lineup projected / unconfirmed,H:2026/2025 P:2026,,,Direct BvP not yet weighted; 2026/2025 Statcast baseline active,7,7,27,1,"Last 7 games: 7/27, 1 HR","same-side matchup; pitcher baseline 7.7% barrel, 17.0 HR allowed",neutral batted-ball profile; pitcher fly-ball pressure modest,5.08,31.88,85.38,97.0471,0.3448,0.1169,0.2825,69.07,9.99,46.06,22.37,18.3,0.1602,7.7,35.3,87.4,0.411,0.162,26.9,,,Citizens Bank Park,
193,640459,Brian Navarreto,MIA,NYM,2026-09-08T22:40:00Z,Scheduled,9,Sean Manaea,640455,L,37.7,Longshot,Watch List,"Projected Lineup, Strong Barrel, Platoon Edge",26.9,54.1,21.5,40.2,78.0,0.0,No,No,9,Yes,Yes,RotoWire projected lineup; MLB probable pitchers,lineup projected / unconfirmed,H:2026/2025 P:2026/2025,,,Direct BvP not yet weighted; 2026/2025 Statcast baseline active,7,1,10,0,"Last 7 games: 1/10, 0 HR","platoon edge; pitcher baseline 10.4% barrel, 18.6 HR allowed",neutral batted-ball profile; pitcher fly-ball pressure modest,12.19,31.7,87.21,97.0588,0.2615,0.1092,0.215,72.93,23.66,54.8,21.68,1.0,0.1708,10.37,41.69,89.38,0.4437,0.1897,28.54,,,loanDepot park,
194,621493,Taylor Ward,SEA,TEX,2026-09-09T01:40:00Z,Scheduled,7,,,,37.7,Longshot,Watch List,Projected Lineup,31.1,41.2,25.4,59.8,60.0,0.0,No,No,7,Yes,Yes,RotoWire projected lineup; MLB probable pitchers,lineup projected / unconfirmed,H:2026/2025 P:,,,Direct BvP not yet weighted; 2026/2025 Statcast baseline active,7,2,20,0,"Last 7 games: 2/20, 0 HR","handedness incomplete; pitcher baseline 0.0% barrel, 0.0 HR allowed",neutral batted-ball profile; pitcher fly-ball pressure modest,7.82,39.48,89.19,99.4028,0.3884,0.1504,0.333,68.8,4.02,34.01,29.8,15.7,0.1364,,,,,,,,,T-Mobile Park,
195,695731,Braden Montgomery,CWS,PIT,2026-09-08T23:40:00Z,Scheduled,6,Bubba Chandler,696149,R,37.6,Longshot,Watch List,"Projected Lineup, Platoon Edge",23.3,33.3,27.6,71.7,75.0,19.1,No,No,6,Yes,Yes,RotoWire projected lineup; MLB probable pitchers,lineup projected / unconfirmed,H:2026 P:2026/2025,,,Direct BvP not yet weighted; 2026/2025 Statcast baseline active,7,3,24,1,"Last 7 games: 3/24, 1 HR","switch hitter; pitcher baseline 6.7% barrel, 9.0 HR allowed",neutral batted-ball profile; pitcher fly-ball pressure modest,4.3,40.2,88.6,99.8851,0.393,0.139,0.329,69.7,8.2,38.8,19.1,6.0,0.134,6.74,38.95,89.15,0.3821,0.1497,25.67,,,Rate Field,
196,608324,Alex Bregman,CHC,MIL,2026-09-08T23:40:00Z,Scheduled,4,Jacob Misiorowski,694819,R,37.6,Longshot,Watch List,"Projected Lineup, Premium Lineup Spot",27.7,19.0,27.6,90.4,50.0,52.5,No,No,4,Yes,Yes,RotoWire projected lineup; MLB probable pitchers,lineup projected / unconfirmed,H:2026/2025 P:2026/2025,,,Direct BvP not yet weighted; 2026/2025 Statcast baseline active,7,8,23,1,Contact streak: 8/23 over last 7 games,"same-side matchup; pitcher baseline 5.0% barrel, 12.2 HR allowed",neutral batted-ball profile; pitcher fly-ball pressure modest,6.04,39.57,88.7,98.3585,0.3927,0.1439,0.3237,70.09,5.01,47.49,27.16,22.2,0.1848,5.03,34.42,87.67,0.2803,0.101,26.13,,,American Family Field,
197,687401,Joey Ortiz,MIL,CHC,2026-09-08T23:40:00Z,Scheduled,6,David Peterson,656849,L,37.6,Longshot,Watch List,"Projected Lineup, Platoon Edge",16.6,36.3,27.6,71.7,78.0,44.5,No,No,6,Yes,Yes,RotoWire projected lineup; MLB probable pitchers,lineup projected / unconfirmed,H:2026/2025 P:2026/2025,,,Direct BvP not yet weighted; 2026/2025 Statcast baseline active,7,5,17,1,"Last 7 games: 5/17, 1 HR","platoon edge; pitcher baseline 6.5% barrel, 13.1 HR allowed",neutral batted-ball profile; pitcher fly-ball pressure modest,3.84,35.88,87.63,99.0909,0.3361,0.0967,0.289,72.86,29.87,31.98,20.1,7.7,0.1185,6.47,42.57,89.62,0.4112,0.1391,18.94,,,American Family Field,
198,695720,Tommy White,ATH,TOR,2026-09-09T01:40:00Z,Scheduled,5,José Soriano,667755,R,37.5,Longshot,Watch List,Projected Lineup,21.7,36.2,30.9,81.9,50.0,21.1,No,No,5,Yes,Yes,RotoWire projected lineup; MLB probable pitchers,lineup projected / unconfirmed,H:2026 P:2026/2025,,,Direct BvP not yet weighted; 2026/2025 Statcast baseline active,7,6,23,0,"Last 7 games: 6/23, 0 HR","same-side matchup; pitcher baseline 7.4% barrel, 13.4 HR allowed",neutral batted-ball profile; pitcher fly-ball pressure modest,8.1,32.3,85.8,97.1776,0.392,0.126,0.298,69.4,13.3,27.4,24.2,2.0,0.074,7.41,40.92,89.58,0.3831,0.1369,18.61,,,Sutter Health Park,
199,687859,Troy Johnston,COL,NYY,2026-09-08T23:05:00Z,Scheduled,8,Cam Schlittler,693645,R,37.4,Longshot,Watch List,"Projected Lineup, Platoon Edge",24.9,35.8,38.2,47.9,80.0,19.5,No,No,8,Yes,Yes,RotoWire projected lineup; MLB probable pitchers,lineup projected / unconfirmed,H:2026/2025 P:2026/2025,,,Direct BvP not yet weighted; 2026/2025 Statcast baseline active,7,5,20,0,"Last 7 games: 5/20, 0 HR","platoon edge; pitcher baseline 8.0% barrel, 12.9 HR allowed",neutral batted-ball profile; pitcher fly-ball pressure modest,4.5,38.6,89.67,98.9451,0.4048,0.1289,0.3296,70.25,5.37,40.07,23.79,4.0,0.1241,7.99,39.92,88.65,0.3511,0.1351,26.6,,,Yankee Stadium,
200,680700,Richie Palacios,TB,ATL,2026-09-08T23:15:00Z,Scheduled,8,AJ Smith-Shawver,700363,R,37.3,Longshot,Watch List,"Projected Lineup, Platoon Edge, Hot Hitter/Streak",15.3,41.6,30.9,47.9,80.0,74.5,No,No,8,Yes,Yes,RotoWire projected lineup; MLB probable pitchers,lineup projected / unconfirmed,H:2026/2025 P:2026/2025,,,Direct BvP not yet weighted; 2026/2025 Statcast baseline active,7,4,16,3,Hot streak: 3 HR in last 7 games,"platoon edge; pitcher baseline 8.6% barrel, 2.6 HR allowed",neutral batted-ball profile; pitcher fly-ball pressure modest,4.64,32.48,87.31,96.9404,0.3674,0.1025,0.3208,68.84,3.59,36.39,21.82,5.9,0.1281,8.61,41.77,89.65,0.4099,0.1534,27.28,,,Truist Park,
201,553869,Elias Diaz,TEX,SEA,2026-09-09T01:40:00Z,Scheduled,9,,,,37.3,Longshot,Watch List,Projected Lineup,32.1,41.2,25.4,40.2,60.0,39.8,No,No,9,Yes,Yes,RotoWire projected lineup; MLB probable pitchers,lineup projected / unconfirmed,H:2026/2025 P:,,,Direct BvP not yet weighted; 2026/2025 Statcast baseline active,7,5,19,1,"Last 7 games: 5/19, 1 HR","handedness incomplete; pitcher baseline 0.0% barrel, 0.0 HR allowed",neutral batted-ball profile; pitcher fly-ball pressure modest,8.86,39.82,87.98,100.4742,0.3585,0.1404,0.2729,74.34,43.44,37.44,26.4,7.6,0.1599,,,,,,,,,T-Mobile Park,
202,694378,Jacob Gonzalez,PIT,CWS,2026-09-08T23:40:00Z,Scheduled,9,Sean Burke,680732,R,37.2,Longshot,Watch List,"Projected Lineup, Platoon Edge",24.5,44.7,27.6,40.2,80.0,28.9,No,No,9,Yes,Yes,RotoWire projected lineup; MLB probable pitchers,lineup projected / unconfirmed,H:2026 P:2026/2025,,,Direct BvP not yet weighted; 2026/2025 Statcast baseline active,7,5,16,0,"Last 7 games: 5/16, 0 HR","platoon edge; pitcher baseline 8.5% barrel, 19.5 HR allowed",neutral batted-ball profile; pitcher allows elevated contact,4.6,37.1,88.0,98.9052,0.401,0.147,0.309,71.2,14.5,42.8,25.7,6.0,0.142,8.54,39.06,89.32,0.3933,0.162,31.4,,,Rate Field,
203,650333,Luis Arraez,PHI,HOU,2026-09-08T22:40:00Z,Scheduled,4,Hayden Wesneski,669713,R,36.8,Longshot,Watch List,"Projected Lineup, Premium Lineup Spot, Platoon Edge",7.0,33.9,34.3,90.4,80.0,28.2,No,No,4,Yes,Yes,RotoWire projected lineup; MLB probable pitchers,lineup projected / unconfirmed,H:2026/2025 P:2026/2025,,,Direct BvP not yet weighted; 2026/2025 Statcast baseline active,7,8,26,0,"Last 7 games: 8/26, 0 HR","platoon edge; pitcher baseline 7.6% barrel, 3.5 HR allowed",neutral batted-ball profile; pitcher fly-ball pressure modest,1.1,18.17,86.24,93.9058,0.3742,0.0851,0.3051,62.92,0.12,30.45,28.38,6.6,0.1091,7.63,39.58,88.23,0.3912,0.1494,23.62,,,Citizens Bank Park,
204,680757,Steven Kwan,CLE,BAL,2026-09-08T22:35:00Z,Scheduled,1,Brandon Young,687064,R,36.6,Longshot,Watch List,"Projected Lineup, Premium Lineup Spot, Platoon Edge",2.5,42.8,32.1,88.7,80.0,20.9,No,No,1,Yes,Yes,RotoWire projected lineup; MLB probable pitchers,lineup projected / unconfirmed,H:2026/2025 P:2026/2025,,,Direct BvP not yet weighted; 2026/2025 Statcast baseline active,7,7,27,0,"Last 7 games: 7/27, 0 HR","platoon edge; pitcher baseline 7.8% barrel, 16.9 HR allowed",neutral batted-ball profile; pitcher fly-ball pressure modest,0.92,12.72,84.52,92.7299,0.3436,0.0727,0.3184,62.8,0.31,28.16,23.16,4.7,0.0733,7.75,40.52,89.26,0.4159,0.1651,26.66,,,Oriole Park at Camden Yards,
205,518595,Travis d'Arnaud,LAA,BOS,2026-09-08T22:45:00Z,Scheduled,8,Patrick Sandoval,663776,L,36.6,Longshot,Watch List,"Projected Lineup, Strong Barrel, Platoon Edge",32.0,33.3,28.7,47.9,78.0,0.0,No,No,8,Yes,Yes,RotoWire projected lineup; MLB probable pitchers,lineup projected / unconfirmed,H:2026/2025 P:2026,,,Direct BvP not yet weighted; 2026/2025 Statcast baseline active,7,1,13,0,"Last 7 games: 1/13, 0 HR","platoon edge; pitcher baseline 7.3% barrel, 6.0 HR allowed",neutral batted-ball profile; pitcher fly-ball pressure modest,11.96,33.56,87.78,97.6854,0.3166,0.1484,0.2578,71.08,13.11,28.27,29.9,2.5,0.09,7.3,33.8,87.0,0.444,0.167,25.2,,,Fenway Park,
206,681393,Connor Norby,COL,NYY,2026-09-08T23:05:00Z,Scheduled,7,Cam Schlittler,693645,R,36.6,Longshot,Watch List,Projected Lineup,26.8,35.8,38.2,59.8,50.0,12.0,No,No,7,Yes,Yes,RotoWire projected lineup; MLB probable pitchers,lineup projected / unconfirmed,H:2026/2025 P:2026/2025,,,Direct BvP not yet weighted; 2026/2025 Statcast baseline active,7,5,25,0,"Last 7 games: 5/25, 0 HR","same-side matchup; pitcher baseline 8.0% barrel, 12.9 HR allowed",neutral batted-ball profile; pitcher fly-ball pressure modest,7.37,35.84,87.18,97.9762,0.3638,0.1438,0.3014,70.21,8.48,41.82,33.95,6.6,0.1296,7.99,39.92,88.65,0.3511,0.1351,26.6,,,Yankee Stadium,
207,695336,Thomas Saggese,STL,SF,2026-09-09T01:45:00Z,Scheduled,8,Landen Roupp,694738,R,36.6,Longshot,Watch List,"Projected Lineup, Hot Hitter/Streak",36.7,22.6,19.3,47.9,50.0,100.0,No,No,8,Yes,Yes,RotoWire projected lineup; MLB probable pitchers,lineup projected / unconfirmed,H:2026/2025 P:2026/2025,,,Direct BvP not yet weighted; 2026/2025 Statcast baseline active,7,12,24,3,Hot streak: 3 HR in last 7 games,"same-side matchup; pitcher baseline 6.2% barrel, 11.0 HR allowed",neutral batted-ball profile; pitcher fly-ball pressure modest,9.59,39.83,89.36,100.0602,0.4042,0.1698,0.3034,71.55,18.32,31.44,25.64,3.4,0.1582,6.17,31.25,86.79,0.3611,0.126,23.36,,,Oracle Park,
208,660688,Keibert Ruiz,WSH,SD,2026-09-09T01:40:00Z,Scheduled,7,Casey Mize,663554,R,36.3,Longshot,Watch List,"Projected Lineup, Platoon Edge",16.1,41.3,22.6,59.8,75.0,50.3,No,No,7,Yes,Yes,RotoWire projected lineup; MLB probable pitchers,lineup projected / unconfirmed,H:2026/2025 P:2026/2025,,,Direct BvP not yet weighted; 2026/2025 Statcast baseline active,7,7,21,1,Contact streak: 7/21 over last 7 games,"switch hitter; pitcher baseline 8.4% barrel, 15.4 HR allowed",neutral batted-ball profile; pitcher allows elevated contact,3.81,35.24,87.74,97.6371,0.3622,0.1087,0.2863,67.22,0.93,55.59,26.0,6.9,0.1396,8.43,39.56,89.44,0.3861,0.1553,31.16,,,Petco Park,
209,694376,Shay Whitcomb,SF,STL,2026-09-09T01:45:00Z,Scheduled,5,Quinn Mathews,687273,L,36.3,Longshot,Watch List,"Projected Lineup, Strong Barrel, Platoon Edge",30.8,13.8,19.3,81.9,78.0,28.9,No,No,5,Yes,Yes,RotoWire projected lineup; MLB probable pitchers,lineup projected / unconfirmed,H:2026/2025 P:2026,,,Direct BvP not yet weighted; 2026/2025 Statcast baseline active,7,5,16,0,"Last 7 games: 5/16, 0 HR","platoon edge; pitcher baseline 1.3% barrel, 1.0 HR allowed",neutral batted-ball profile; pitcher fly-ball pressure modest,11.57,31.08,86.39,97.6182,0.3461,0.1695,0.2351,71.52,15.68,40.97,27.65,2.4,0.1542,1.3,34.7,88.7,0.303,0.074,25.3,,,Oracle Park,
210,694497,Evan Carter,TEX,SEA,2026-09-09T01:40:00Z,Scheduled,7,,,,36.1,Longshot,Watch List,Projected Lineup,21.0,41.2,25.4,59.8,60.0,33.7,No,No,7,Yes,Yes,RotoWire projected lineup; MLB probable pitchers,lineup projected / unconfirmed,H:2026/2025 P:,,,Direct BvP not yet weighted; 2026/2025 Statcast baseline active,7,4,18,1,"Last 7 games: 4/18, 1 HR","handedness incomplete; pitcher baseline 0.0% barrel, 0.0 HR allowed",neutral batted-ball profile; pitcher fly-ball pressure modest,5.55,35.23,87.54,98.5924,0.3313,0.1211,0.287,71.09,18.07,39.33,28.12,7.8,0.1359,,,,,,,,,T-Mobile Park,
211,645277,Ozzie Albies,ATL,TB,2026-09-08T23:15:00Z,Scheduled,6,Freddy Peralta,642547,R,36.0,Longshot,Watch List,"Projected Lineup, Platoon Edge",16.2,33.1,30.9,71.7,75.0,26.2,No,No,6,Yes,Yes,RotoWire projected lineup; MLB probable pitchers,lineup projected / unconfirmed,H:2026/2025 P:2026/2025,,,Direct BvP not yet weighted; 2026/2025 Statcast baseline active,7,5,29,1,"Last 7 games: 5/29, 1 HR","switch hitter; pitcher baseline 7.1% barrel, 22.4 HR allowed",neutral batted-ball profile; pitcher fly-ball pressure modest,4.27,28.67,87.22,96.6967,0.3579,0.1226,0.2885,68.86,5.67,46.56,31.55,19.5,0.1509,7.06,37.02,87.72,0.3729,0.1459,28.69,,,Truist Park,
212,807712,Luke Keaschall,MIN,DET,2026-09-08T22:40:00Z,Scheduled,1,Drew Anderson,623454,R,35.9,Longshot,Watch List,"Projected Lineup, Premium Lineup Spot",13.3,37.8,27.6,88.7,50.0,26.4,No,No,1,Yes,Yes,RotoWire projected lineup; MLB probable pitchers,lineup projected / unconfirmed,H:2026/2025 P:2026,,,Direct BvP not yet weighted; 2026/2025 Statcast baseline active,7,8,27,0,"Last 7 games: 8/27, 0 HR","same-side matchup; pitcher baseline 8.1% barrel, 13.0 HR allowed",neutral batted-ball profile; pitcher fly-ball pressure modest,4.08,30.08,85.71,96.8491,0.3647,0.1153,0.317,68.64,7.38,38.05,27.25,7.5,0.1234,8.1,39.0,89.8,0.367,0.14,24.1,,,Comerica Park,
213,592663,J.T. Realmuto,PHI,HOU,2026-09-08T22:40:00Z,Scheduled,8,Hayden Wesneski,669713,R,35.9,Longshot,Watch List,Projected Lineup,31.6,33.9,34.3,47.9,50.0,19.9,No,No,8,Yes,Yes,RotoWire projected lineup; MLB probable pitchers,lineup projected / unconfirmed,H:2026/2025 P:2026/2025,,,Direct BvP not yet weighted; 2026/2025 Statcast baseline active,7,3,23,1,"Last 7 games: 3/23, 1 HR","same-side matchup; pitcher baseline 7.6% barrel, 3.5 HR allowed",neutral batted-ball profile; pitcher fly-ball pressure modest,6.21,42.0,89.79,100.1927,0.3977,0.1419,0.3202,72.77,31.17,42.23,25.45,10.6,0.1305,7.63,39.58,88.23,0.3912,0.1494,23.62,,,Citizens Bank Park,
214,694203,Denzer Guzman,LAA,BOS,2026-09-08T22:45:00Z,Scheduled,7,Patrick Sandoval,663776,L,35.9,Longshot,Watch List,"Projected Lineup, Platoon Edge",24.7,33.3,28.7,59.8,78.0,0.8,No,No,7,Yes,Yes,RotoWire projected lineup; MLB probable pitchers,lineup projected / unconfirmed,H:2026/2025 P:2026,,,Direct BvP not yet weighted; 2026/2025 Statcast baseline active,7,2,16,0,"Last 7 games: 2/16, 0 HR","platoon edge; pitcher baseline 7.3% barrel, 6.0 HR allowed",neutral batted-ball profile; pitcher fly-ball pressure modest,8.49,37.16,86.64,98.6166,0.3223,0.1127,0.2497,73.5,34.99,40.39,23.7,4.8,0.1341,7.3,33.8,87.0,0.444,0.167,25.2,,,Fenway Park,
215,703520,Brett Bateman,TOR,ATH,2026-09-09T01:40:00Z,Scheduled,1,Jack Perkins,678022,R,35.9,Longshot,Watch List,"Projected Lineup, Premium Lineup Spot, Platoon Edge",1.7,39.5,30.9,88.7,80.0,32.0,No,No,1,Yes,Yes,RotoWire projected lineup; MLB probable pitchers,lineup projected / unconfirmed,H:2026 P:2026/2025,,,Direct BvP not yet weighted; 2026/2025 Statcast baseline active,7,9,27,0,Contact streak: 9/27 over last 7 games,"platoon edge; pitcher baseline 8.9% barrel, 13.8 HR allowed",neutral batted-ball profile; pitcher allows elevated contact,0.0,16.0,84.0,94.2629,0.312,0.051,0.3,68.4,2.7,29.6,8.6,0.0,0.059,8.9,36.93,87.94,0.3699,0.1461,33.89,,,Sutter Health Park,
216,677587,Brayan Rocchio,CLE,BAL,2026-09-08T22:35:00Z,Scheduled,9,Brandon Young,687064,R,35.4,Longshot,Watch List,"Projected Lineup, Platoon Edge, Hot Hitter/Streak",14.6,40.9,32.1,40.2,75.0,71.1,No,No,9,Yes,Yes,RotoWire projected lineup; MLB probable pitchers,lineup projected / unconfirmed,H:2026/2025 P:2026/2025,,,Direct BvP not yet weighted; 2026/2025 Statcast baseline active,7,5,22,3,Hot streak: 3 HR in last 7 games,"switch hitter; pitcher baseline 7.8% barrel, 16.9 HR allowed",neutral batted-ball profile; pitcher fly-ball pressure modest,3.23,32.63,87.23,97.3543,0.351,0.1088,0.2922,69.93,6.94,44.2,25.79,10.6,0.1245,7.75,40.52,89.26,0.4159,0.1651,26.66,,,Oriole Park at Camden Yards,
217,671976,Tristan Peters,CWS,PIT,2026-09-08T23:40:00Z,Scheduled,7,Bubba Chandler,696149,R,35.1,Longshot,Watch List,"Projected Lineup, Platoon Edge",16.1,34.3,27.6,59.8,80.0,36.5,No,No,7,Yes,Yes,RotoWire projected lineup; MLB probable pitchers,lineup projected / unconfirmed,H:2026/2025 P:2026/2025,,,Direct BvP not yet weighted; 2026/2025 Statcast baseline active,7,8,22,0,Contact streak: 8/22 over last 7 games,"platoon edge; pitcher baseline 6.7% barrel, 9.0 HR allowed",neutral batted-ball profile; pitcher fly-ball pressure modest,4.2,36.01,87.36,98.2271,0.3383,0.112,0.2691,69.3,5.53,41.77,20.16,8.4,0.1323,6.74,38.95,89.15,0.3821,0.1497,25.67,,,Rate Field,
218,678662,Ezequiel Tovar,COL,NYY,2026-09-08T23:05:00Z,Scheduled,9,Cam Schlittler,693645,R,34.9,Longshot,Watch List,Projected Lineup,28.9,35.8,38.2,40.2,50.0,17.3,No,No,9,Yes,Yes,RotoWire projected lineup; MLB probable pitchers,lineup projected / unconfirmed,H:2026/2025 P:2026/2025,,,Direct BvP not yet weighted; 2026/2025 Statcast baseline active,7,4,17,0,"Last 7 games: 4/17, 0 HR","same-side matchup; pitcher baseline 8.0% barrel, 12.9 HR allowed",neutral batted-ball profile; pitcher fly-ball pressure modest,7.27,35.05,88.07,98.9838,0.3857,0.1513,0.2889,72.02,21.03,37.54,30.27,9.7,0.1288,7.99,39.92,88.65,0.3511,0.1351,26.6,,,Yankee Stadium,
219,641680,Jonah Heim,ATH,TOR,2026-09-09T01:40:00Z,Scheduled,9,José Soriano,667755,R,34.9,Longshot,Watch List,"Projected Lineup, Platoon Edge",24.0,34.8,30.9,40.2,75.0,31.4,No,No,9,Yes,Yes,RotoWire projected lineup; MLB probable pitchers,lineup projected / unconfirmed,H:2026/2025 P:2026/2025,,,Direct BvP not yet weighted; 2026/2025 Statcast baseline active,7,6,29,1,"Last 7 games: 6/29, 1 HR","switch hitter; pitcher baseline 7.4% barrel, 13.4 HR allowed",neutral batted-ball profile; pitcher fly-ball pressure modest,6.52,33.8,88.03,97.9131,0.3649,0.1389,0.2872,69.84,9.03,40.77,27.9,12.4,0.1596,7.41,40.92,89.58,0.3831,0.1369,18.61,,,Sutter Health Park,
220,802415,Chandler Simpson,TB,ATL,2026-09-08T23:15:00Z,Scheduled,5,AJ Smith-Shawver,700363,R,34.7,Longshot,Watch List,"Projected Lineup, Platoon Edge",0.2,41.6,30.9,81.9,80.0,27.0,No,No,5,Yes,Yes,RotoWire projected lineup; MLB probable pitchers,lineup projected / unconfirmed,H:2026/2025 P:2026/2025,,,Direct BvP not yet weighted; 2026/2025 Statcast baseline active,7,9,30,0,"Last 7 games: 9/30, 0 HR","platoon edge; pitcher baseline 8.6% barrel, 2.6 HR allowed",neutral batted-ball profile; pitcher fly-ball pressure modest,0.0,14.29,83.81,92.7992,0.3066,0.0382,0.2718,64.73,0.51,27.99,12.72,0.0,0.0514,8.61,41.77,89.65,0.4099,0.1534,27.28,,,Truist Park,
221,543760,Marcus Semien,NYM,MIA,2026-09-08T22:40:00Z,Scheduled,6,Sandy Alcantara,645261,R,34.6,Longshot,Watch List,Projected Lineup,23.2,33.9,21.5,71.7,50.0,21.1,No,No,6,Yes,Yes,RotoWire projected lineup; MLB probable pitchers,lineup projected / unconfirmed,H:2026/2025 P:2026/2025,,,Direct BvP not yet weighted; 2026/2025 Statcast baseline active,7,6,23,0,"Last 7 games: 6/23, 0 HR","same-side matchup; pitcher baseline 6.2% barrel, 19.9 HR allowed",neutral batted-ball profile; pitcher fly-ball pressure modest,6.17,34.02,87.04,97.4095,0.3866,0.1418,0.3096,68.5,3.27,47.05,31.93,14.3,0.1291,6.15,38.0,89.02,0.3884,0.1365,24.38,,,loanDepot park,
222,655316,Andruw Monasterio,BOS,LAA,2026-09-08T22:45:00Z,Scheduled,8,Reid Detmers,672282,L,34.6,Longshot,Watch List,"Projected Lineup, Platoon Edge",22.5,38.0,28.7,47.9,78.0,0.0,No,No,8,Yes,Yes,RotoWire projected lineup; MLB probable pitchers,lineup projected / unconfirmed,H:2026/2025 P:2026/2025,,,Direct BvP not yet weighted; 2026/2025 Statcast baseline active,7,2,18,0,"Last 7 games: 2/18, 0 HR","platoon edge; pitcher baseline 7.6% barrel, 13.7 HR allowed",neutral batted-ball profile; pitcher fly-ball pressure modest,6.35,32.86,87.56,97.3529,0.3665,0.132,0.2919,69.24,3.36,39.99,30.99,5.4,0.1537,7.64,39.51,90.03,0.3609,0.139,27.5,,,Fenway Park,
223,679845,Nick Loftin,KC,AZ,2026-09-08T23:40:00Z,Scheduled,6,Corbin Burnes,669203,R,34.6,Longshot,Watch List,Projected Lineup,17.0,38.1,23.2,71.7,50.0,36.3,No,No,6,Yes,Yes,RotoWire projected lineup; MLB probable pitchers,lineup projected / unconfirmed,H:2026/2025 P:2025,,,Direct BvP not yet weighted; 2026/2025 Statcast baseline active,7,6,25,1,"Last 7 games: 6/25, 1 HR","same-side matchup; pitcher baseline 8.1% barrel, 7.0 HR allowed",neutral batted-ball profile; pitcher fly-ball pressure modest,4.97,30.15,87.43,96.9855,0.3471,0.1179,0.2961,69.05,5.66,43.1,28.71,6.1,0.1483,8.1,41.6,89.5,0.385,0.158,19.1,,,Kauffman Stadium,
224,665926,Andres Gimenez,TOR,ATH,2026-09-09T01:40:00Z,Scheduled,7,Jack Perkins,678022,R,34.3,Longshot,Watch List,"Projected Lineup, Platoon Edge",7.2,39.5,30.9,59.8,80.0,44.1,No,No,7,Yes,Yes,RotoWire projected lineup; MLB probable pitchers,lineup projected / unconfirmed,H:2026/2025 P:2026/2025,,,Direct BvP not yet weighted; 2026/2025 Statcast baseline active,7,7,24,1,"Last 7 games: 7/24, 1 HR","platoon edge; pitcher baseline 8.9% barrel, 13.8 HR allowed",neutral batted-ball profile; pitcher allows elevated contact,3.21,25.74,85.74,95.9313,0.3351,0.0971,0.2807,68.53,5.14,38.52,23.37,7.7,0.1079,8.9,36.93,87.94,0.3699,0.1461,33.89,,,Sutter Health Park,
225,702284,Cole Young,SEA,TEX,2026-09-09T01:40:00Z,Scheduled,8,,,,33.9,Longshot,Watch List,Projected Lineup,22.4,41.2,25.4,47.9,60.0,14.6,No,No,8,Yes,Yes,RotoWire projected lineup; MLB probable pitchers,lineup projected / unconfirmed,H:2026/2025 P:,,,Direct BvP not yet weighted; 2026/2025 Statcast baseline active,7,5,23,0,"Last 7 games: 5/23, 0 HR","handedness incomplete; pitcher baseline 0.0% barrel, 0.0 HR allowed",neutral batted-ball profile; pitcher fly-ball pressure modest,4.97,35.23,87.95,98.7112,0.3781,0.1282,0.3103,71.51,21.65,42.26,26.17,12.4,0.1241,,,,,,,,,T-Mobile Park,
226,663494,Bryan Torres,STL,SF,2026-09-09T01:45:00Z,Scheduled,1,Landen Roupp,694738,R,33.8,Longshot,Watch List,"Projected Lineup, Premium Lineup Spot, Platoon Edge",11.0,22.6,19.3,88.7,80.0,45.0,No,No,1,Yes,Yes,RotoWire projected lineup; MLB probable pitchers,lineup projected / unconfirmed,H:2026 P:2026/2025,,,Direct BvP not yet weighted; 2026/2025 Statcast baseline active,7,8,19,0,Contact streak: 8/19 over last 7 games,"platoon edge; pitcher baseline 6.2% barrel, 11.0 HR allowed",neutral batted-ball profile; pitcher fly-ball pressure modest,3.8,28.0,87.2,96.0741,0.358,0.114,0.298,66.1,1.3,48.6,21.5,4.0,0.126,6.17,31.25,86.79,0.3611,0.126,23.36,,,Oracle Park,
227,643289,Mauricio Dubon,ATL,TB,2026-09-08T23:15:00Z,Scheduled,5,Freddy Peralta,642547,R,33.7,Longshot,Watch List,Projected Lineup,10.0,34.9,30.9,81.9,50.0,29.2,No,No,5,Yes,Yes,RotoWire projected lineup; MLB probable pitchers,lineup projected / unconfirmed,H:2026/2025 P:2026/2025,,,Direct BvP not yet weighted; 2026/2025 Statcast baseline active,7,5,26,1,"Last 7 games: 5/26, 1 HR","same-side matchup; pitcher baseline 7.1% barrel, 22.4 HR allowed",neutral batted-ball profile; pitcher fly-ball pressure modest,3.09,28.4,85.83,96.1815,0.3604,0.1008,0.2948,68.87,4.03,31.61,25.86,9.8,0.1203,7.06,37.02,87.72,0.3729,0.1459,28.69,,,Truist Park,
228,593428,Xander Bogaerts,SD,WSH,2026-09-09T01:40:00Z,Scheduled,8,Riley Cornelio,683000,R,33.7,Longshot,Watch List,Projected Lineup,28.5,36.2,22.6,47.9,50.0,19.5,No,No,8,Yes,Yes,RotoWire projected lineup; MLB probable pitchers,lineup projected / unconfirmed,H:2026/2025 P:2026,,,Direct BvP not yet weighted; 2026/2025 Statcast baseline active,7,6,24,0,"Last 7 games: 6/24, 0 HR","same-side matchup; pitcher baseline 9.5% barrel, 2.0 HR allowed",neutral batted-ball profile; pitcher allows elevated contact,6.2,40.53,89.14,100.0768,0.3843,0.1334,0.3221,72.31,28.01,42.61,23.9,11.0,0.1098,9.5,47.6,87.5,0.304,0.107,31.7,,,Petco Park,
229,686555,Isaac Collins,KC,AZ,2026-09-08T23:40:00Z,Scheduled,8,Corbin Burnes,669203,R,33.3,Longshot,Watch List,"Projected Lineup, Platoon Edge",22.3,37.4,23.2,47.9,75.0,0.0,No,No,8,Yes,Yes,RotoWire projected lineup; MLB probable pitchers,lineup projected / unconfirmed,H:2026/2025 P:2025,,,Direct BvP not yet weighted; 2026/2025 Statcast baseline active,7,0,17,0,"Last 7 games: 0/17, 0 HR","switch hitter; pitcher baseline 8.1% barrel, 7.0 HR allowed",neutral batted-ball profile; pitcher fly-ball pressure modest,5.18,39.32,88.52,99.8078,0.3268,0.0962,0.3038,73.26,29.78,40.19,25.95,6.9,0.1263,8.1,41.6,89.5,0.385,0.158,19.1,,,Kauffman Stadium,
230,701785,Kaelen Culpepper,MIN,DET,2026-09-08T22:40:00Z,Scheduled,8,Drew Anderson,623454,R,32.7,Longshot,Watch List,Projected Lineup,21.2,37.8,27.6,47.9,50.0,24.9,No,No,8,Yes,Yes,RotoWire projected lineup; MLB probable pitchers,lineup projected / unconfirmed,H:2026 P:2026,,,Direct BvP not yet weighted; 2026/2025 Statcast baseline active,7,8,28,0,"Last 7 games: 8/28, 0 HR","same-side matchup; pitcher baseline 8.1% barrel, 13.0 HR allowed",neutral batted-ball profile; pitcher fly-ball pressure modest,4.2,30.6,87.6,97.6639,0.396,0.139,0.313,73.7,36.2,38.9,25.0,3.0,0.154,8.1,39.0,89.8,0.367,0.14,24.1,,,Comerica Park,
231,686765,Nick Sogard,BOS,LAA,2026-09-08T22:45:00Z,Scheduled,9,Reid Detmers,672282,L,32.4,Longshot,Watch List,"Projected Lineup, Platoon Edge",15.3,36.6,28.7,40.2,75.0,36.3,No,No,9,Yes,Yes,RotoWire projected lineup; MLB probable pitchers,lineup projected / unconfirmed,H:2026/2025 P:2026/2025,,,Direct BvP not yet weighted; 2026/2025 Statcast baseline active,7,6,25,1,"Last 7 games: 6/25, 1 HR","switch hitter; pitcher baseline 7.6% barrel, 13.7 HR allowed",neutral batted-ball profile; pitcher fly-ball pressure modest,5.11,30.64,86.42,96.9762,0.3652,0.1149,0.3153,68.71,3.12,44.89,24.02,2.8,0.1246,7.64,39.51,90.03,0.3609,0.139,27.5,,,Fenway Park,
232,702332,Caleb Durbin,BOS,LAA,2026-09-08T22:45:00Z,Scheduled,6,Reid Detmers,672282,L,32.2,Longshot,Watch List,"Projected Lineup, Platoon Edge",3.6,38.0,28.7,71.7,78.0,10.6,No,No,6,Yes,Yes,RotoWire projected lineup; MLB probable pitchers,lineup projected / unconfirmed,H:2026/2025 P:2026/2025,,,Direct BvP not yet weighted; 2026/2025 Statcast baseline active,7,4,21,0,"Last 7 games: 4/21, 0 HR","platoon edge; pitcher baseline 7.6% barrel, 13.7 HR allowed",neutral batted-ball profile; pitcher fly-ball pressure modest,3.02,25.92,83.94,95.5774,0.3305,0.0888,0.2959,68.81,4.95,40.46,19.75,11.7,0.1317,7.64,39.51,90.03,0.3609,0.139,27.5,,,Fenway Park,
233,806198,Cooper Pratt,MIL,CHC,2026-09-08T23:40:00Z,Scheduled,9,David Peterson,656849,L,32.1,Longshot,Watch List,"Projected Lineup, Platoon Edge",12.4,36.3,27.6,40.2,78.0,50.3,No,No,9,Yes,Yes,RotoWire projected lineup; MLB probable pitchers,lineup projected / unconfirmed,H:2026 P:2026/2025,,,Direct BvP not yet weighted; 2026/2025 Statcast baseline active,7,8,24,1,Contact streak: 8/24 over last 7 games,"platoon edge; pitcher baseline 6.5% barrel, 13.1 HR allowed",neutral batted-ball profile; pitcher fly-ball pressure modest,3.5,28.6,87.2,96.8219,0.359,0.099,0.313,70.0,9.3,32.7,23.8,3.0,0.102,6.47,42.57,89.62,0.4112,0.1391,18.94,,,American Family Field,
234,696285,Jacob Young,WSH,SD,2026-09-09T01:40:00Z,Scheduled,8,Casey Mize,663554,R,32.1,Longshot,Watch List,Projected Lineup,17.3,43.0,22.6,47.9,50.0,28.9,No,No,8,Yes,Yes,RotoWire projected lineup; MLB probable pitchers,lineup projected / unconfirmed,H:2026/2025 P:2026/2025,,,Direct BvP not yet weighted; 2026/2025 Statcast baseline active,7,5,16,0,"Last 7 games: 5/16, 0 HR","same-side matchup; pitcher baseline 8.4% barrel, 15.4 HR allowed",neutral batted-ball profile; pitcher allows elevated contact,4.77,32.1,87.67,97.867,0.3731,0.1125,0.3131,69.21,2.09,35.56,23.93,7.6,0.1176,8.43,39.56,89.44,0.3861,0.1553,31.16,,,Petco Park,
235,806956,Ethan Salas,SD,WSH,2026-09-09T01:40:00Z,Scheduled,9,Riley Cornelio,683000,R,31.9,Longshot,Watch List,"Projected Lineup, Platoon Edge",21.1,36.2,22.6,40.2,80.0,0.0,No,No,9,Yes,Yes,RotoWire projected lineup; MLB probable pitchers,lineup projected / unconfirmed,H:2026 P:2026,,,Direct BvP not yet weighted; 2026/2025 Statcast baseline active,4,0,10,0,"Last 4 games: 0/10, 0 HR","platoon edge; pitcher baseline 9.5% barrel, 2.0 HR allowed",EV profile; pitcher allows elevated contact,0.0,25.0,94.0,96.388,0.254,0.154,0.147,69.7,18.2,0.0,25.0,0.0,0.0,9.5,47.6,87.5,0.304,0.107,31.7,,,Petco Park,
236,699393,Pedro Ramirez,CHC,MIL,2026-09-08T23:40:00Z,Scheduled,7,Jacob Misiorowski,694819,R,31.1,Longshot,Watch List,"Projected Lineup, Platoon Edge",20.2,17.7,27.6,59.8,75.0,18.3,No,No,7,Yes,Yes,RotoWire projected lineup; MLB probable pitchers,lineup projected / unconfirmed,H:2026 P:2026/2025,,,Direct BvP not yet weighted; 2026/2025 Statcast baseline active,7,3,25,1,"Last 7 games: 3/25, 1 HR","switch hitter; pitcher baseline 5.0% barrel, 12.2 HR allowed",neutral batted-ball profile; pitcher fly-ball pressure modest,4.0,39.3,88.7,99.1947,0.346,0.097,0.289,72.3,22.5,40.7,22.7,4.0,0.14,5.03,34.42,87.67,0.2803,0.101,26.13,,,American Family Field,
237,678545,Osleivis Basabe,SF,STL,2026-09-09T01:45:00Z,Scheduled,8,Quinn Mathews,687273,L,31.0,Longshot,Watch List,"Projected Lineup, Platoon Edge",28.2,13.8,19.3,47.9,78.0,35.6,No,No,8,Yes,Yes,RotoWire projected lineup; MLB probable pitchers,lineup projected / unconfirmed,H:2026 P:2026,,,Direct BvP not yet weighted; 2026/2025 Statcast baseline active,7,4,17,1,"Last 7 games: 4/17, 1 HR","platoon edge; pitcher baseline 1.3% barrel, 1.0 HR allowed",neutral batted-ball profile; pitcher fly-ball pressure modest,8.3,35.3,87.7,98.5152,0.351,0.126,0.273,73.3,30.9,41.2,31.8,5.0,0.16,1.3,34.7,88.7,0.303,0.074,25.3,,,Oracle Park,
238,608348,Carson Kelly,CHC,MIL,2026-09-08T23:40:00Z,Scheduled,9,Jacob Misiorowski,694819,R,30.6,Longshot,Watch List,Projected Lineup,27.0,19.0,27.6,40.2,50.0,56.2,No,No,9,Yes,Yes,RotoWire projected lineup; MLB probable pitchers,lineup projected / unconfirmed,H:2026/2025 P:2026/2025,,,Direct BvP not yet weighted; 2026/2025 Statcast baseline active,7,7,28,2,Hot streak: 2 HR in last 7 games,"same-side matchup; pitcher baseline 5.0% barrel, 12.2 HR allowed",neutral batted-ball profile; pitcher fly-ball pressure modest,6.73,37.78,87.75,98.7621,0.3844,0.1463,0.3133,70.68,8.19,40.9,26.76,12.1,0.1419,5.03,34.42,87.67,0.2803,0.101,26.13,,,American Family Field,
239,656716,Zach McKinstry,DET,MIN,2026-09-08T22:40:00Z,Scheduled,9,Dean Kremer,665152,R,30.3,Longshot,Watch List,"Projected Lineup, Platoon Edge",6.4,46.5,27.6,40.2,80.0,1.6,No,No,9,Yes,Yes,RotoWire projected lineup; MLB probable pitchers,lineup projected / unconfirmed,H:2026/2025 P:2026/2025,,,Direct BvP not yet weighted; 2026/2025 Statcast baseline active,7,3,23,0,"Last 7 games: 3/23, 0 HR","platoon edge; pitcher baseline 8.8% barrel, 17.1 HR allowed",neutral batted-ball profile; pitcher allows elevated contact,3.3,24.62,85.63,95.641,0.3265,0.09,0.2889,67.92,3.86,40.19,26.74,6.4,0.1209,8.84,36.5,88.1,0.4405,0.1966,31.34,,,Comerica Park,
240,675961,Alika Williams,ATH,TOR,2026-09-09T01:40:00Z,Scheduled,8,José Soriano,667755,R,30.0,Longshot,Watch List,Projected Lineup,6.9,36.2,30.9,47.9,50.0,62.4,No,No,8,Yes,Yes,RotoWire projected lineup; MLB probable pitchers,lineup projected / unconfirmed,H:2026 P:2026/2025,,,Direct BvP not yet weighted; 2026/2025 Statcast baseline active,7,7,24,2,Hot streak: 2 HR in last 7 games,"same-side matchup; pitcher baseline 7.4% barrel, 13.4 HR allowed",neutral batted-ball profile; pitcher fly-ball pressure modest,0.7,33.6,84.6,97.1847,0.288,0.075,0.243,69.3,3.1,41.5,23.0,4.0,0.165,7.41,40.92,89.58,0.3831,0.1369,18.61,,,Sutter Health Park,
241,805805,Walker Jenkins,MIN,DET,2026-09-08T22:40:00Z,Scheduled,9,Drew Anderson,623454,R,29.9,Longshot,Watch List,"Projected Lineup, Platoon Edge",8.9,37.8,27.6,40.2,80.0,18.3,No,No,9,Yes,Yes,RotoWire projected lineup; MLB probable pitchers,lineup projected / unconfirmed,H:2026 P:2026,,,Direct BvP not yet weighted; 2026/2025 Statcast baseline active,7,2,20,1,"Last 7 games: 2/20, 1 HR","platoon edge; pitcher baseline 8.1% barrel, 13.0 HR allowed",neutral batted-ball profile; pitcher fly-ball pressure modest,5.6,27.8,83.4,95.4627,0.217,0.077,0.24,72.0,18.9,44.4,22.2,1.0,0.154,8.1,39.0,89.8,0.367,0.14,24.1,,,Comerica Park,
242,702222,Justin Crawford,PHI,HOU,2026-09-08T22:40:00Z,Scheduled,9,Hayden Wesneski,669713,R,29.9,Longshot,Watch List,"Projected Lineup, Platoon Edge",11.0,33.9,34.3,40.2,80.0,3.4,No,No,9,Yes,Yes,RotoWire projected lineup; MLB probable pitchers,lineup projected / unconfirmed,H:2026 P:2026/2025,,,Direct BvP not yet weighted; 2026/2025 Statcast baseline active,7,2,14,0,"Last 7 games: 2/14, 0 HR","platoon edge; pitcher baseline 7.6% barrel, 3.5 HR allowed",neutral batted-ball profile; pitcher fly-ball pressure modest,1.3,36.0,87.2,98.2372,0.317,0.062,0.282,69.1,5.7,26.4,16.4,2.0,0.083,7.63,39.58,88.23,0.3912,0.1494,23.62,,,Citizens Bank Park,
243,687957,Dustin Harris,SD,WSH,2026-09-09T01:40:00Z,Scheduled,7,Riley Cornelio,683000,R,29.8,Longshot,Watch List,"Projected Lineup, Platoon Edge",3.2,36.2,22.6,59.8,80.0,22.0,No,No,7,Yes,Yes,RotoWire projected lineup; MLB probable pitchers,lineup projected / unconfirmed,H:2026/2025 P:2026,,,Direct BvP not yet weighted; 2026/2025 Statcast baseline active,7,4,15,0,"Last 7 games: 4/15, 0 HR","platoon edge; pitcher baseline 9.5% barrel, 2.0 HR allowed",neutral batted-ball profile; pitcher allows elevated contact,1.11,20.02,85.43,94.7729,0.3373,0.0771,0.2989,66.54,1.96,50.37,20.02,0.3,0.0884,9.5,47.6,87.5,0.304,0.107,31.7,,,Petco Park,
244,670764,Taylor Walls,TB,ATL,2026-09-08T23:15:00Z,Scheduled,9,AJ Smith-Shawver,700363,R,29.6,Longshot,Watch List,"Projected Lineup, Platoon Edge",5.7,41.3,30.9,40.2,75.0,16.1,No,No,9,Yes,Yes,RotoWire projected lineup; MLB probable pitchers,lineup projected / unconfirmed,H:2026/2025 P:2026/2025,,,Direct BvP not yet weighted; 2026/2025 Statcast baseline active,7,5,22,0,"Last 7 games: 5/22, 0 HR","switch hitter; pitcher baseline 8.6% barrel, 2.6 HR allowed",neutral batted-ball profile; pitcher fly-ball pressure modest,2.29,23.25,86.02,95.4693,0.2733,0.078,0.2526,68.35,2.13,38.75,28.98,2.6,0.0815,8.61,41.77,89.65,0.4099,0.1534,27.28,,,Truist Park,
245,664702,Myles Straw,TOR,ATH,2026-09-09T01:40:00Z,Scheduled,9,Jack Perkins,678022,R,29.6,Longshot,Watch List,Projected Lineup,10.3,39.5,30.9,40.2,50.0,38.3,No,No,9,Yes,Yes,RotoWire projected lineup; MLB probable pitchers,lineup projected / unconfirmed,H:2026/2025 P:2026/2025,,,Direct BvP not yet weighted; 2026/2025 Statcast baseline active,7,6,16,0,Contact streak: 6/16 over last 7 games,"same-side matchup; pitcher baseline 8.9% barrel, 13.8 HR allowed",neutral batted-ball profile; pitcher allows elevated contact,3.34,26.96,86.5,95.9001,0.3573,0.1025,0.2985,68.05,4.96,35.31,26.97,3.3,0.1099,8.9,36.93,87.94,0.3699,0.1461,33.89,,,Sutter Health Park,
246,664728,Kyle Isbel,KC,AZ,2026-09-08T23:40:00Z,Scheduled,9,Corbin Burnes,669203,R,29.5,Longshot,Watch List,"Projected Lineup, Platoon Edge",12.2,38.1,23.2,40.2,80.0,0.0,No,No,9,Yes,Yes,RotoWire projected lineup; MLB probable pitchers,lineup projected / unconfirmed,H:2026/2025 P:2025,,,Direct BvP not yet weighted; 2026/2025 Statcast baseline active,7,2,21,0,"Last 7 games: 2/21, 0 HR","platoon edge; pitcher baseline 8.1% barrel, 7.0 HR allowed",neutral batted-ball profile; pitcher fly-ball pressure modest,2.58,34.14,88.22,98.9121,0.3047,0.0798,0.2587,71.1,13.27,33.09,19.71,5.4,0.1106,8.1,41.6,89.5,0.385,0.158,19.1,,,Kauffman Stadium,
247,806146,George Lombard,NYY,COL,2026-09-08T23:05:00Z,Scheduled,7,Gabriel Hughes,687312,R,28.9,Longshot,Watch List,Projected Lineup,17.7,18.0,38.2,59.8,50.0,3.4,No,No,7,Yes,Yes,RotoWire projected lineup; MLB probable pitchers,lineup projected / unconfirmed,H:2026 P:2026,,,Direct BvP not yet weighted; 2026/2025 Statcast baseline active,7,3,21,0,"Last 7 games: 3/21, 0 HR","same-side matchup; pitcher baseline 4.8% barrel, 5.0 HR allowed",neutral batted-ball profile; pitcher fly-ball pressure modest,6.6,35.5,85.6,97.7666,0.333,0.099,0.283,71.8,18.2,32.3,21.0,2.0,0.112,4.8,28.9,87.6,0.357,0.12,26.5,,,Yankee Stadium,
248,805367,Chase Meidroth,CWS,PIT,2026-09-08T23:40:00Z,Scheduled,8,Bubba Chandler,696149,R,28.5,Longshot,Watch List,Projected Lineup,11.6,34.3,27.6,47.9,50.0,21.1,No,No,8,Yes,Yes,RotoWire projected lineup; MLB probable pitchers,lineup projected / unconfirmed,H:2026/2025 P:2026/2025,,,Direct BvP not yet weighted; 2026/2025 Statcast baseline active,7,6,23,0,"Last 7 games: 6/23, 0 HR","same-side matchup; pitcher baseline 6.7% barrel, 9.0 HR allowed",neutral batted-ball profile; pitcher fly-ball pressure modest,3.35,34.7,87.57,97.3123,0.3323,0.0919,0.2951,67.12,1.25,38.19,20.12,9.9,0.1069,6.74,38.95,89.15,0.3821,0.1497,25.67,,,Rate Field,
249,685133,Wade Meckler,LAA,BOS,2026-09-08T22:45:00Z,Scheduled,9,Patrick Sandoval,663776,L,28.3,Longshot,Watch List,Projected Lineup,11.9,33.3,28.7,40.2,50.0,39.7,No,No,9,Yes,Yes,RotoWire projected lineup; MLB probable pitchers,lineup projected / unconfirmed,H:2026 P:2026,,,Direct BvP not yet weighted; 2026/2025 Statcast baseline active,7,10,26,0,Contact streak: 10/26 over last 7 games,"same-side matchup; pitcher baseline 7.3% barrel, 6.0 HR allowed",neutral batted-ball profile; pitcher fly-ball pressure modest,3.2,33.0,86.7,96.6143,0.358,0.1,0.311,68.9,2.1,34.0,18.6,3.0,0.092,7.3,33.8,87.0,0.444,0.167,25.2,,,Fenway Park,
250,676391,Ernie Clement,TOR,ATH,2026-09-09T01:40:00Z,Scheduled,8,Jack Perkins,678022,R,27.7,Longshot,Watch List,Projected Lineup,4.5,39.5,30.9,47.9,50.0,18.0,No,No,8,Yes,Yes,RotoWire projected lineup; MLB probable pitchers,lineup projected / unconfirmed,H:2026/2025 P:2026/2025,,,Direct BvP not yet weighted; 2026/2025 Statcast baseline active,7,6,25,0,"Last 7 games: 6/25, 0 HR","same-side matchup; pitcher baseline 8.9% barrel, 13.8 HR allowed",neutral batted-ball profile; pitcher allows elevated contact,2.19,21.8,84.78,94.5278,0.3359,0.0846,0.2722,67.39,2.61,40.52,27.06,9.0,0.114,8.9,36.93,87.94,0.3699,0.1461,33.89,,,Sutter Health Park,
251,663538,Nico Hoerner,CHC,MIL,2026-09-08T23:40:00Z,Scheduled,6,Jacob Misiorowski,694819,R,27.5,Longshot,Watch List,Projected Lineup,8.9,19.0,27.6,71.7,50.0,26.4,No,No,6,Yes,Yes,RotoWire projected lineup; MLB probable pitchers,lineup projected / unconfirmed,H:2026/2025 P:2026/2025,,,Direct BvP not yet weighted; 2026/2025 Statcast baseline active,7,8,27,0,"Last 7 games: 8/27, 0 HR","same-side matchup; pitcher baseline 5.0% barrel, 12.2 HR allowed",neutral batted-ball profile; pitcher fly-ball pressure modest,1.7,29.53,86.21,96.3536,0.3812,0.0836,0.3234,68.33,1.69,32.66,21.35,7.7,0.0949,5.03,34.42,87.67,0.2803,0.101,26.13,,,American Family Field,
252,683083,Nasim Nunez,WSH,SD,2026-09-09T01:40:00Z,Scheduled,9,Casey Mize,663554,R,27.5,Longshot,Watch List,"Projected Lineup, Platoon Edge",5.4,41.3,22.6,40.2,75.0,0.0,No,No,9,Yes,Yes,RotoWire projected lineup; MLB probable pitchers,lineup projected / unconfirmed,H:2026/2025 P:2026/2025,,,Direct BvP not yet weighted; 2026/2025 Statcast baseline active,7,1,13,0,"Last 7 games: 1/13, 0 HR","switch hitter; pitcher baseline 8.4% barrel, 15.4 HR allowed",neutral batted-ball profile; pitcher allows elevated contact,2.04,27.85,86.08,96.1101,0.3026,0.0762,0.275,68.6,4.63,31.01,19.8,1.9,0.0748,8.43,39.56,89.44,0.3861,0.1553,31.16,,,Petco Park,
253,701675,Nathan Church,STL,SF,2026-09-09T01:45:00Z,Scheduled,9,Landen Roupp,694738,R,27.5,Longshot,Watch List,"Projected Lineup, Platoon Edge",15.3,22.6,19.3,40.2,80.0,26.4,No,No,9,Yes,Yes,RotoWire projected lineup; MLB probable pitchers,lineup projected / unconfirmed,H:2026/2025 P:2026/2025,,,Direct BvP not yet weighted; 2026/2025 Statcast baseline active,7,8,27,0,"Last 7 games: 8/27, 0 HR","platoon edge; pitcher baseline 6.2% barrel, 11.0 HR allowed",neutral batted-ball profile; pitcher fly-ball pressure modest,4.78,33.38,86.9,97.5556,0.3336,0.1067,0.2715,69.6,8.27,34.36,22.23,7.3,0.106,6.17,31.25,86.79,0.3611,0.126,23.36,,,Oracle Park,
254,808982,Jung Hoo Lee,SF,STL,2026-09-09T01:45:00Z,Scheduled,4,Quinn Mathews,687273,L,27.5,Longshot,Watch List,"Projected Lineup, Premium Lineup Spot",12.4,13.8,19.3,90.4,50.0,0.0,No,No,4,Yes,Yes,RotoWire projected lineup; MLB probable pitchers,lineup projected / unconfirmed,H:2026/2025 P:2026,,,Direct BvP not yet weighted; 2026/2025 Statcast baseline active,7,3,29,0,"Last 7 games: 3/29, 0 HR","same-side matchup; pitcher baseline 1.3% barrel, 1.0 HR allowed",neutral batted-ball profile; pitcher fly-ball pressure modest,2.86,31.09,87.31,96.8671,0.3836,0.0982,0.3175,68.37,3.47,38.04,22.87,8.7,0.1312,1.3,34.7,88.7,0.303,0.074,25.3,,,Oracle Park,
255,806367,Turner Hill,SF,STL,2026-09-09T01:45:00Z,Scheduled,6,Quinn Mathews,687273,L,27.5,Longshot,Watch List,Projected Lineup,15.9,13.8,19.3,71.7,50.0,30.0,No,No,6,Yes,Yes,RotoWire projected lineup; MLB probable pitchers,lineup projected / unconfirmed,H:2026 P:2026,,,Direct BvP not yet weighted; 2026/2025 Statcast baseline active,7,8,25,0,Contact streak: 8/25 over last 7 games,"same-side matchup; pitcher baseline 1.3% barrel, 1.0 HR allowed",neutral batted-ball profile; pitcher fly-ball pressure modest,4.3,32.6,88.0,96.9914,0.388,0.119,0.346,65.8,1.3,52.2,21.7,0.0,0.096,1.3,34.7,88.7,0.303,0.074,25.3,,,Oracle Park,
256,668800,Andrew Knizner,SF,STL,2026-09-09T01:45:00Z,Scheduled,7,Quinn Mathews,687273,L,27.4,Longshot,Watch List,"Projected Lineup, Platoon Edge",17.3,13.8,19.3,59.8,78.0,2.0,No,No,7,Yes,Yes,RotoWire projected lineup; MLB probable pitchers,lineup projected / unconfirmed,H:2026/2025 P:2026,,,Direct BvP not yet weighted; 2026/2025 Statcast baseline active,7,2,15,0,"Last 7 games: 2/15, 0 HR","platoon edge; pitcher baseline 1.3% barrel, 1.0 HR allowed",neutral batted-ball profile; pitcher fly-ball pressure modest,5.81,31.18,86.51,97.7467,0.3167,0.112,0.2731,70.04,7.47,24.87,31.18,1.0,0.127,1.3,34.7,88.7,0.303,0.074,25.3,,,Oracle Park,
257,695490,Edwin Arroyo,CIN,LAD,2026-09-09T02:10:00Z,Scheduled,8,Tarik Skubal,669373,L,27.0,Longshot,Watch List,"Projected Lineup, Platoon Edge",9.2,26.6,27.6,47.9,75.0,0.0,No,No,8,Yes,Yes,RotoWire projected lineup; MLB probable pitchers,lineup projected / unconfirmed,H:2026 P:2026/2025,,,Direct BvP not yet weighted; 2026/2025 Statcast baseline active,7,2,21,0,"Last 7 games: 2/21, 0 HR","switch hitter; pitcher baseline 7.5% barrel, 13.8 HR allowed",neutral batted-ball profile; pitcher fly-ball pressure modest,2.7,27.4,88.0,96.2898,0.348,0.08,0.291,69.2,5.7,42.5,19.5,0.0,0.041,7.47,35.38,86.94,0.3412,0.1191,25.55,,,UNIQLO Field at Dodger Stadium,
258,683227,Cody Freeman,TEX,SEA,2026-09-09T01:40:00Z,Scheduled,8,,,,26.5,Longshot,Watch List,Projected Lineup,0.6,41.2,25.4,47.9,60.0,9.3,No,No,8,Yes,Yes,RotoWire projected lineup; MLB probable pitchers,lineup projected / unconfirmed,H:2026/2025 P:,,,Direct BvP not yet weighted; 2026/2025 Statcast baseline active,7,4,22,0,"Last 7 games: 4/22, 0 HR","handedness incomplete; pitcher baseline 0.0% barrel, 0.0 HR allowed",neutral batted-ball profile; pitcher fly-ball pressure modest,2.31,22.16,83.57,94.2432,0.2644,0.0639,0.2416,67.09,0.45,41.88,20.0,1.6,0.0881,,,,,,,,,T-Mobile Park,
259,703197,Michael Arroyo,SEA,TEX,2026-09-09T01:40:00Z,Scheduled,9,,,,26.2,Longshot,Watch List,Projected Lineup,4.5,41.2,25.4,40.2,60.0,0.0,No,No,9,Yes,Yes,RotoWire projected lineup; MLB probable pitchers,lineup projected / unconfirmed,H:2026 P:,,,Direct BvP not yet weighted; 2026/2025 Statcast baseline active,1,0,3,0,"Last 1 games: 0/3, 0 HR","handedness incomplete; pitcher baseline 0.0% barrel, 0.0 HR allowed",neutral batted-ball profile; pitcher fly-ball pressure modest,0.0,0.0,78.2,79.7101,0.01,0.005,0.007,73.9,28.6,0.0,0.0,0.0,0.0,,,,,,,,,T-Mobile Park,
260,683766,Christian Koss,SF,STL,2026-09-09T01:45:00Z,Scheduled,9,Quinn Mathews,687273,L,25.9,Longshot,Watch List,"Projected Lineup, Platoon Edge",12.1,13.8,19.3,40.2,78.0,60.7,No,No,9,Yes,Yes,RotoWire projected lineup; MLB probable pitchers,lineup projected / unconfirmed,H:2026/2025 P:2026,,,Direct BvP not yet weighted; 2026/2025 Statcast baseline active,7,7,25,2,Hot streak: 2 HR in last 7 games,"platoon edge; pitcher baseline 1.3% barrel, 1.0 HR allowed",neutral batted-ball profile; pitcher fly-ball pressure modest,5.72,30.45,85.29,97.6205,0.3194,0.0991,0.2585,69.79,6.35,40.33,18.14,3.0,0.0984,1.3,34.7,88.7,0.303,0.074,25.3,,,Oracle Park,
261,699115,Carlos Jorge,CIN,LAD,2026-09-09T02:10:00Z,Scheduled,9,Tarik Skubal,669373,L,25.5,Longshot,Watch List,Projected Lineup,11.3,28.0,27.6,40.2,50.0,15.3,No,No,9,Yes,Yes,RotoWire projected lineup; MLB probable pitchers,lineup projected / unconfirmed,H:2026 P:2026/2025,,,Direct BvP not yet weighted; 2026/2025 Statcast baseline active,3,2,9,0,"Last 3 games: 2/9, 0 HR","same-side matchup; pitcher baseline 7.5% barrel, 13.8 HR allowed",fly-ball profile; pitcher fly-ball pressure modest,0.0,33.3,84.6,90.96,0.223,0.032,0.181,64.9,0.0,66.7,66.7,0.0,0.0,7.47,35.38,86.94,0.3412,0.1191,25.55,,,UNIQLO Field at Dodger Stadium,
