rank,hitter_id,player,team,opponent,game_start_time,game_status,batting_order,pitcher,pitcher_id,pitcher_hand,hr_score,tier,play_type,reason_tags,power_score,pitcher_score,environment_score,lineup_score,platoon_score,recent_form_score,confirmed_lineup,rotowire_confirmed_lineup,rotowire_batting_order,rotowire_player_found,lineup_disagreement,lineup_sources_used,source_warnings,stat_years_used,bvp_pa,bvp_hr,bvp_note,recent_games,recent_hits,recent_abs,recent_hr,recent_form_note,split_matchup_note,pitch_mix_note,barrel_pct,hard_hit_pct,avg_exit_velocity,ev50,xslg,xiso,xwoba,bat_speed,fast_swing_pct,pull_pct,fb_pct,hr_total,iso,pitcher_barrel_pct_allowed,pitcher_hard_hit_pct_allowed,pitcher_avg_exit_velocity_allowed,pitcher_xslg_allowed,pitcher_xiso_allowed,pitcher_fb_pct_allowed,wind_direction,weather_temp,ballpark,odds
1,660271,Shohei Ohtani,LAD,PIT,2026-08-23T20:10:00Z,Scheduled,1,Lake Bachar,669199,R,65.7,Tier 3,Watch List,"Projected Lineup, Elite Power, Strong Barrel, Premium Lineup Spot, Platoon Edge, Hot Hitter/Streak",81.5,46.1,27.6,88.7,80.0,79.9,No,Yes,1,Yes,Yes,RotoWire projected lineup; MLB probable pitchers,lineup projected / unconfirmed,H:2026/2025 P:2026/2025,,,Direct BvP not yet weighted; 2026/2025 Statcast baseline active,7,8,28,3,Hot streak: 3 HR in last 7 games,"platoon edge; pitcher baseline 9.7% barrel, 11.4 HR allowed",lift-pull EV profile; pitcher allows elevated contact,18.67,54.57,93.99,104.5751,0.6,0.3106,0.4138,75.03,53.15,46.63,32.2,37.5,0.2847,9.72,37.09,89.46,0.3899,0.1794,32.06,,,UNIQLO Field at Dodger Stadium,
2,656941,Kyle Schwarber,PHI,STL,2026-08-23T17:35:00Z,Scheduled,1,Kyle Leahy,681517,R,63.9,Tier 3,Watch List,"Projected Lineup, Elite Power, Strong Barrel, Premium Lineup Spot, Platoon Edge",76.4,52.7,34.3,88.7,80.0,26.2,No,Yes,1,Yes,Yes,RotoWire projected lineup; MLB probable pitchers,lineup projected / unconfirmed,H:2026/2025 P:2026/2025,,,Direct BvP not yet weighted; 2026/2025 Statcast baseline active,7,5,29,1,"Last 7 games: 5/29, 1 HR","platoon edge; pitcher baseline 10.1% barrel, 9.9 HR allowed",lift-pull EV profile; pitcher fly-ball pressure modest,18.42,53.79,93.18,104.2997,0.5173,0.2777,0.3751,77.16,75.14,55.05,33.53,42.7,0.2929,10.08,47.11,90.71,0.4415,0.1705,22.26,,,Citizens Bank Park,
3,695491,Joshua Baez,STL,PHI,2026-08-23T17:35:00Z,Scheduled,5,Cristopher Sánchez,650911,L,62.8,Tier 3,Watch List,"Projected Lineup, Elite Power, Strong Barrel, Platoon Edge",93.2,31.4,34.3,81.9,78.0,18.3,No,Yes,5,Yes,Yes,RotoWire projected lineup; MLB probable pitchers,lineup projected / unconfirmed,H:2026 P:2026/2025,,,Direct BvP not yet weighted; 2026/2025 Statcast baseline active,7,2,23,1,"Last 7 games: 2/23, 1 HR","platoon edge; pitcher baseline 6.8% barrel, 12.7 HR allowed",EV profile; pitcher fly-ball pressure modest,21.1,63.2,96.8,104.1456,0.576,0.333,0.375,78.5,85.5,31.6,42.1,4.0,0.428,6.75,41.2,89.21,0.3541,0.1207,16.62,,,Citizens Bank Park,
4,666176,Jo Adell,CLE,COL,2026-08-23T19:10:00Z,Scheduled,4,Tomoyuki Sugano,608372,R,62.5,Tier 3,Watch List,"Projected Lineup, Strong Barrel, Pitcher Vulnerable, Premium Lineup Spot, Hot Hitter/Streak",54.9,73.7,38.7,90.4,50.0,74.9,No,Yes,4,Yes,Yes,RotoWire projected lineup; MLB probable pitchers,lineup projected / unconfirmed,H:2026/2025 P:2026/2025,,,Direct BvP not yet weighted; 2026/2025 Statcast baseline active,7,9,24,2,Hot streak: 2 HR in last 7 games,"same-side matchup; pitcher baseline 13.0% barrel, 28.1 HR allowed",neutral batted-ball profile; pitcher allows elevated contact,12.19,46.64,90.65,103.0023,0.4811,0.2225,0.3405,77.32,71.41,38.35,27.98,24.4,0.1909,12.99,42.6,90.63,0.5562,0.2518,30.49,,,Coors Field,
5,808959,Munetaka Murakami,CWS,NYM,2026-08-23T18:10:00Z,Scheduled,2,Nolan McLean,690997,R,61.0,Tier 3,Watch List,"Projected Lineup, Elite Power, Strong Barrel, Premium Lineup Spot, Platoon Edge",82.5,30.3,27.6,95.5,80.0,36.7,No,Yes,2,Yes,Yes,RotoWire projected lineup; MLB probable pitchers,lineup projected / unconfirmed,H:2026 P:2026/2025,,,Direct BvP not yet weighted; 2026/2025 Statcast baseline active,7,3,28,2,Hot streak: 2 HR in last 7 games,"platoon edge; pitcher baseline 7.2% barrel, 11.7 HR allowed",lift-pull EV profile; pitcher fly-ball pressure modest,20.4,58.7,94.0,104.6102,0.512,0.292,0.37,74.8,50.9,41.8,38.8,29.0,0.301,7.23,38.01,88.24,0.3507,0.1285,21.98,,,Rate Field,
6,624413,Pete Alonso,BAL,TB,2026-08-23T17:35:00Z,Scheduled,2,Nick Martinez,607259,R,60.5,Tier 3,Watch List,"Projected Lineup, Strong Barrel, Premium Lineup Spot, Hot Hitter/Streak",73.0,36.3,32.1,95.5,50.0,100.0,No,Yes,2,Yes,Yes,RotoWire projected lineup; MLB probable pitchers,lineup projected / unconfirmed,H:2026/2025 P:2026/2025,,,Direct BvP not yet weighted; 2026/2025 Statcast baseline active,7,11,26,3,Hot streak: 3 HR in last 7 games,"same-side matchup; pitcher baseline 7.2% barrel, 18.5 HR allowed",EV profile; pitcher fly-ball pressure modest,15.54,55.66,93.92,104.2486,0.5566,0.2752,0.3916,74.78,48.93,35.73,30.95,32.4,0.2387,7.21,33.45,87.46,0.4303,0.1579,28.47,,,Oriole Park at Camden Yards,
7,682987,Spencer Jones,NYY,TOR,2026-08-23T17:35:00Z,Scheduled,5,José Soriano,667755,R,59.8,Longshot,Watch List,"Projected Lineup, Strong Barrel, Platoon Edge",70.7,37.7,38.2,81.9,80.0,60.7,No,Yes,5,Yes,Yes,RotoWire projected lineup; MLB probable pitchers,lineup projected / unconfirmed,H:2026 P:2026/2025,,,Direct BvP not yet weighted; 2026/2025 Statcast baseline active,7,7,25,2,Hot streak: 2 HR in last 7 games,"platoon edge; pitcher baseline 7.8% barrel, 12.7 HR allowed",EV profile; pitcher fly-ball pressure modest,15.4,58.9,94.7,104.0509,0.446,0.22,0.323,77.5,76.7,29.7,37.4,7.0,0.196,7.76,41.55,89.65,0.3866,0.1397,18.54,,,Yankee Stadium,
8,700250,Ben Rice,NYY,TOR,2026-08-23T17:35:00Z,Scheduled,2,José Soriano,667755,R,58.9,Longshot,Watch List,"Projected Lineup, Strong Barrel, Premium Lineup Spot, Platoon Edge",65.0,37.7,38.2,95.5,80.0,41.7,No,Yes,2,Yes,Yes,RotoWire projected lineup; MLB probable pitchers,lineup projected / unconfirmed,H:2026/2025 P:2026/2025,,,Direct BvP not yet weighted; 2026/2025 Statcast baseline active,7,4,26,2,Hot streak: 2 HR in last 7 games,"platoon edge; pitcher baseline 7.8% barrel, 12.7 HR allowed",lift-pull EV profile; pitcher fly-ball pressure modest,15.12,51.06,92.6,102.6087,0.5208,0.2534,0.377,72.91,28.15,45.87,30.6,31.6,0.2699,7.76,41.55,89.65,0.3866,0.1397,18.54,,,Yankee Stadium,
9,694673,Abimelec Ortiz,WSH,MIA,2026-08-23T17:40:00Z,Scheduled,4,Janson Junk,676083,R,58.3,Longshot,Watch List,"Projected Lineup, Strong Barrel, Premium Lineup Spot, Platoon Edge",73.4,41.5,21.5,90.4,80.0,20.8,No,Yes,4,Yes,Yes,RotoWire projected lineup; MLB probable pitchers,lineup projected / unconfirmed,H:2026 P:2026/2025,,,Direct BvP not yet weighted; 2026/2025 Statcast baseline active,7,3,22,1,"Last 7 games: 3/22, 1 HR","platoon edge; pitcher baseline 7.2% barrel, 10.8 HR allowed",lift-pull EV profile; pitcher fly-ball pressure modest,15.0,50.0,92.7,101.8334,0.57,0.311,0.36,75.4,60.5,50.0,40.0,5.0,0.315,7.17,42.47,90.62,0.4215,0.1578,22.8,,,loanDepot park,
10,547180,Bryce Harper,PHI,STL,2026-08-23T17:35:00Z,Scheduled,3,Kyle Leahy,681517,R,57.2,Longshot,Watch List,"Projected Lineup, Strong Barrel, Premium Lineup Spot, Platoon Edge",51.4,52.7,34.3,92.1,80.0,48.3,No,Yes,3,Yes,Yes,RotoWire projected lineup; MLB probable pitchers,lineup projected / unconfirmed,H:2026/2025 P:2026/2025,,,Direct BvP not yet weighted; 2026/2025 Statcast baseline active,7,8,25,1,Contact streak: 8/25 over last 7 games,"platoon edge; pitcher baseline 10.1% barrel, 9.9 HR allowed",neutral batted-ball profile; pitcher fly-ball pressure modest,11.18,45.26,90.53,101.8521,0.4955,0.2247,0.3827,74.17,45.36,37.91,27.59,25.6,0.2295,10.08,47.11,90.71,0.4415,0.1705,22.26,,,Citizens Bank Park,
11,641343,Jake Bauers,MIL,ATL,2026-08-23T23:10:00Z,Scheduled,4,Tyler Mahle,641816,R,57.2,Longshot,Watch List,"Projected Lineup, Strong Barrel, Premium Lineup Spot, Platoon Edge, Hot Hitter/Streak",60.7,40.1,27.6,90.4,80.0,70.8,No,Yes,4,Yes,Yes,RotoWire projected lineup; MLB probable pitchers,lineup projected / unconfirmed,H:2026/2025 P:2026/2025,,,Direct BvP not yet weighted; 2026/2025 Statcast baseline active,7,8,23,2,Hot streak: 2 HR in last 7 games,"platoon edge; pitcher baseline 7.7% barrel, 12.7 HR allowed",lift-pull EV profile; pitcher fly-ball pressure modest,13.84,50.85,92.26,103.1125,0.471,0.2202,0.3645,76.57,70.35,40.34,30.47,17.5,0.2081,7.65,37.59,89.55,0.4074,0.1579,28.59,,,Journey Bank Ballpark,
12,608369,Corey Seager,TEX,LAA,2026-08-23T18:35:00Z,Scheduled,2,Yusei Kikuchi,579328,L,57.0,Longshot,Watch List,"Projected Lineup, Strong Barrel, Premium Lineup Spot",62.1,48.3,27.6,95.5,50.0,58.0,No,Yes,2,Yes,Yes,RotoWire projected lineup; MLB probable pitchers,lineup projected / unconfirmed,H:2026/2025 P:2026/2025,,,Direct BvP not yet weighted; 2026/2025 Statcast baseline active,7,10,26,1,Contact streak: 10/26 over last 7 games,"same-side matchup; pitcher baseline 8.8% barrel, 9.3 HR allowed",neutral batted-ball profile; pitcher fly-ball pressure modest,15.37,49.19,91.92,102.6296,0.4976,0.2455,0.3601,71.87,15.72,40.29,31.9,15.4,0.2006,8.77,42.48,90.44,0.4406,0.1843,25.43,,,Globe Life Field,
13,800050,Chase DeLauter,CLE,COL,2026-08-23T19:10:00Z,Scheduled,2,Tomoyuki Sugano,608372,R,57.0,Longshot,Watch List,"Projected Lineup, Pitcher Vulnerable, Premium Lineup Spot, Platoon Edge",34.5,73.7,38.7,95.5,80.0,30.0,No,Yes,2,Yes,Yes,RotoWire projected lineup; MLB probable pitchers,lineup projected / unconfirmed,H:2026 P:2026/2025,,,Direct BvP not yet weighted; 2026/2025 Statcast baseline active,7,8,25,0,Contact streak: 8/25 over last 7 games,"platoon edge; pitcher baseline 13.0% barrel, 28.1 HR allowed",neutral batted-ball profile; pitcher allows elevated contact,6.4,45.1,91.1,101.3333,0.428,0.152,0.345,71.3,17.2,38.0,19.4,13.0,0.155,12.99,42.6,90.63,0.5562,0.2518,30.49,,,Coors Field,
14,663993,Nathaniel Lowe,CLE,COL,2026-08-23T19:10:00Z,Scheduled,5,Tomoyuki Sugano,608372,R,57.0,Longshot,Watch List,"Projected Lineup, Pitcher Vulnerable, Platoon Edge",37.8,73.7,38.7,81.9,80.0,46.5,No,Yes,5,Yes,Yes,RotoWire projected lineup; MLB probable pitchers,lineup projected / unconfirmed,H:2026/2025 P:2026/2025,,,Direct BvP not yet weighted; 2026/2025 Statcast baseline active,7,8,26,1,"Last 7 games: 8/26, 1 HR","platoon edge; pitcher baseline 13.0% barrel, 28.1 HR allowed",neutral batted-ball profile; pitcher allows elevated contact,8.4,41.92,89.21,100.9915,0.4262,0.1695,0.3289,74.0,39.22,35.1,26.55,15.2,0.1964,12.99,42.6,90.63,0.5562,0.2518,30.49,,,Coors Field,
15,691023,Jordan Walker,STL,PHI,2026-08-23T17:35:00Z,Scheduled,4,Cristopher Sánchez,650911,L,55.6,Longshot,Watch List,"Projected Lineup, Strong Barrel, Premium Lineup Spot, Platoon Edge, Hot Hitter/Streak",56.5,31.4,34.3,90.4,78.0,92.0,No,Yes,4,Yes,Yes,RotoWire projected lineup; MLB probable pitchers,lineup projected / unconfirmed,H:2026/2025 P:2026/2025,,,Direct BvP not yet weighted; 2026/2025 Statcast baseline active,7,11,30,3,Hot streak: 3 HR in last 7 games,"platoon edge; pitcher baseline 6.8% barrel, 12.7 HR allowed",EV profile; pitcher fly-ball pressure modest,12.86,48.67,92.51,104.6078,0.4519,0.197,0.3333,78.87,82.91,37.89,24.4,20.7,0.1827,6.75,41.2,89.21,0.3541,0.1207,16.62,,,Citizens Bank Park,
16,677951,Bobby Witt,KC,DET,2026-08-23T18:10:00Z,Scheduled,2,,,,55.4,Longshot,Watch List,"Projected Lineup, Strong Barrel, Premium Lineup Spot, Hot Hitter/Streak",56.6,41.2,23.2,95.5,60.0,90.6,No,Yes,2,Yes,Yes,RotoWire projected lineup; MLB probable pitchers,lineup projected / unconfirmed,H:2026/2025 P:,,,Direct BvP not yet weighted; 2026/2025 Statcast baseline active,7,10,28,3,Hot streak: 3 HR in last 7 games,"handedness incomplete; pitcher baseline 0.0% barrel, 0.0 HR allowed",EV profile; pitcher fly-ball pressure modest,12.01,50.53,92.74,103.585,0.508,0.2101,0.3776,73.95,41.81,30.17,26.85,18.1,0.1843,,,,,,,,,Kauffman Stadium,
17,665487,Fernando Tatis,SD,MIN,2026-08-23T20:10:00Z,Scheduled,1,Bailey Ober,641927,R,55.4,Longshot,Watch List,"Projected Lineup, Strong Barrel, Premium Lineup Spot, Hot Hitter/Streak",55.4,54.6,22.6,88.7,50.0,74.2,No,Yes,1,Yes,Yes,RotoWire projected lineup; MLB probable pitchers,lineup projected / unconfirmed,H:2026/2025 P:2026/2025,,,Direct BvP not yet weighted; 2026/2025 Statcast baseline active,7,10,27,2,Hot streak: 2 HR in last 7 games,"same-side matchup; pitcher baseline 10.3% barrel, 20.9 HR allowed",EV profile; pitcher allows elevated contact,11.77,52.71,92.88,104.4039,0.4803,0.1939,0.3714,75.58,58.26,35.01,22.22,18.0,0.1612,10.34,36.58,88.9,0.4655,0.2119,31.69,,,Petco Park,
18,670541,Yordan Alvarez,HOU,ATH,2026-08-23T18:10:00Z,Scheduled,2,Brady Basso,669620,L,55.3,Longshot,Watch List,"Projected Lineup, Elite Power, Strong Barrel, Premium Lineup Spot",81.4,23.4,27.6,95.5,50.0,16.1,No,Yes,2,Yes,Yes,RotoWire projected lineup; MLB probable pitchers,lineup projected / unconfirmed,H:2026/2025 P:2026/2025,,,Direct BvP not yet weighted; 2026/2025 Statcast baseline active,7,5,22,0,"Last 7 games: 5/22, 0 HR","same-side matchup; pitcher baseline 5.3% barrel, 1.4 HR allowed",lift-pull EV profile; pitcher fly-ball pressure modest,16.25,53.46,94.56,104.9616,0.6365,0.321,0.4392,76.1,61.8,41.51,36.24,27.0,0.255,5.26,40.25,88.82,0.3571,0.0937,24.36,,,Daikin Park,
19,691718,Pete Crow-Armstrong,CHC,SEA,2026-08-23T20:10:00Z,Scheduled,1,Bryce Miller,682243,R,55.1,Longshot,Watch List,"Projected Lineup, Strong Barrel, Premium Lineup Spot, Platoon Edge, Hot Hitter/Streak",54.2,41.2,25.4,88.7,80.0,78.4,No,Yes,1,Yes,Yes,RotoWire projected lineup; MLB probable pitchers,lineup projected / unconfirmed,H:2026/2025 P:2026/2025,,,Direct BvP not yet weighted; 2026/2025 Statcast baseline active,7,8,29,5,Hot streak: 5 HR in last 7 games,"platoon edge; pitcher baseline 7.9% barrel, 15.6 HR allowed",fly-ball profile; pitcher allows elevated contact,12.54,46.78,89.99,101.5177,0.4708,0.2232,0.3476,74.17,43.76,49.74,35.92,31.7,0.2627,7.93,37.75,89.04,0.3937,0.161,31.72,,,T-Mobile Park,
20,701398,Sal Stewart,CIN,AZ,2026-08-23T20:15:00Z,Scheduled,2,Mitch Bratt,683352,L,54.5,Longshot,Watch List,"Projected Lineup, Strong Barrel, Premium Lineup Spot, Platoon Edge",59.4,33.3,28.2,95.5,78.0,46.9,No,Yes,2,Yes,Yes,RotoWire projected lineup; MLB probable pitchers,lineup projected / unconfirmed,H:2026/2025 P:2026,,,Direct BvP not yet weighted; 2026/2025 Statcast baseline active,7,9,29,1,"Last 7 games: 9/29, 1 HR","platoon edge; pitcher baseline 8.1% barrel, 5.0 HR allowed",neutral batted-ball profile; pitcher allows elevated contact,14.61,42.56,91.62,101.3246,0.518,0.2547,0.3625,72.24,27.21,38.99,32.51,20.4,0.2368,8.1,35.1,87.4,0.365,0.147,33.3,,,Chase Field,
21,671277,Luis Garcia,NYY,TOR,2026-08-23T17:35:00Z,Scheduled,4,José Soriano,667755,R,54.1,Longshot,Watch List,"Projected Lineup, Strong Barrel, Premium Lineup Spot, Platoon Edge",49.6,37.7,38.2,90.4,80.0,62.4,No,Yes,4,Yes,Yes,RotoWire projected lineup; MLB probable pitchers,lineup projected / unconfirmed,H:2026/2025 P:2026/2025,,,Direct BvP not yet weighted; 2026/2025 Statcast baseline active,7,7,24,2,Hot streak: 2 HR in last 7 games,"platoon edge; pitcher baseline 7.8% barrel, 12.7 HR allowed",neutral batted-ball profile; pitcher fly-ball pressure modest,11.17,46.08,91.18,101.8604,0.4889,0.2051,0.3453,73.66,38.85,40.66,22.68,22.3,0.2314,7.76,41.55,89.65,0.3866,0.1397,18.54,,,Yankee Stadium,
22,686527,Dominic Canzone,SEA,CHC,2026-08-23T20:10:00Z,Scheduled,2,Shota Imanaga,684007,L,54.0,Longshot,Watch List,"Projected Lineup, Strong Barrel, Premium Lineup Spot",55.5,53.7,25.4,95.5,50.0,22.0,No,Yes,2,Yes,Yes,RotoWire projected lineup; MLB probable pitchers,lineup projected / unconfirmed,H:2026/2025 P:2026/2025,,,Direct BvP not yet weighted; 2026/2025 Statcast baseline active,7,8,30,0,"Last 7 games: 8/30, 0 HR","same-side matchup; pitcher baseline 10.5% barrel, 29.6 HR allowed",neutral batted-ball profile; pitcher allows elevated contact,13.03,46.34,91.53,102.4852,0.4973,0.2227,0.3613,74.15,43.32,39.83,26.44,16.6,0.2153,10.48,37.83,89.09,0.4284,0.194,34.74,,,T-Mobile Park,
23,621566,Matt Olson,ATL,MIL,2026-08-23T23:10:00Z,Scheduled,3,Shane Drohan,675660,L,54.0,Longshot,Watch List,"Projected Lineup, Strong Barrel, Premium Lineup Spot",67.6,35.9,27.6,92.1,50.0,30.3,No,Yes,3,Yes,Yes,RotoWire projected lineup; MLB probable pitchers,lineup projected / unconfirmed,H:2026/2025 P:2026,,,Direct BvP not yet weighted; 2026/2025 Statcast baseline active,7,5,25,1,"Last 7 games: 5/25, 1 HR","same-side matchup; pitcher baseline 8.5% barrel, 9.0 HR allowed",EV profile; pitcher fly-ball pressure modest,15.45,50.92,92.81,103.8512,0.5123,0.2636,0.3614,74.6,47.82,37.86,32.85,33.9,0.2582,8.5,38.1,88.1,0.367,0.136,29.0,,,Journey Bank Ballpark,
24,608070,Jose Ramirez,CLE,COL,2026-08-23T19:10:00Z,Scheduled,3,Tomoyuki Sugano,608372,R,53.9,Longshot,Watch List,"Projected Lineup, Pitcher Vulnerable, Premium Lineup Spot, Platoon Edge",29.6,72.8,38.7,92.1,75.0,24.9,No,Yes,3,Yes,Yes,RotoWire projected lineup; MLB probable pitchers,lineup projected / unconfirmed,H:2026/2025 P:2026/2025,,,Direct BvP not yet weighted; 2026/2025 Statcast baseline active,7,8,28,0,"Last 7 games: 8/28, 0 HR","switch hitter; pitcher baseline 13.0% barrel, 28.1 HR allowed",neutral batted-ball profile; pitcher allows elevated contact,5.53,40.08,89.11,99.6485,0.4292,0.1473,0.3462,70.34,13.47,50.62,29.41,16.0,0.1654,12.99,42.6,90.63,0.5562,0.2518,30.49,,,Coors Field,
25,691406,Junior Caminero,TB,BAL,2026-08-23T17:35:00Z,Scheduled,4,Shane Baz,669358,R,53.8,Longshot,Watch List,"Projected Lineup, Strong Barrel, Premium Lineup Spot",62.8,41.2,32.1,90.4,50.0,24.9,No,Yes,4,Yes,Yes,RotoWire projected lineup; MLB probable pitchers,lineup projected / unconfirmed,H:2026/2025 P:2026/2025,,,Direct BvP not yet weighted; 2026/2025 Statcast baseline active,7,8,28,0,"Last 7 games: 8/28, 0 HR","same-side matchup; pitcher baseline 7.6% barrel, 15.5 HR allowed",EV profile; pitcher fly-ball pressure modest,13.58,50.63,92.68,105.2281,0.4989,0.2327,0.3593,79.34,85.04,46.22,23.84,38.0,0.2633,7.61,41.78,90.05,0.393,0.1476,25.5,,,Oriole Park at Camden Yards,
26,694197,Angel Genao,CLE,COL,2026-08-23T19:10:00Z,Scheduled,6,Tomoyuki Sugano,608372,R,53.6,Longshot,Watch List,"Projected Lineup, Pitcher Vulnerable, Platoon Edge",36.0,72.8,38.7,71.7,75.0,32.0,No,Yes,6,Yes,Yes,RotoWire projected lineup; MLB probable pitchers,lineup projected / unconfirmed,H:2026 P:2026/2025,,,Direct BvP not yet weighted; 2026/2025 Statcast baseline active,7,9,27,0,Contact streak: 9/27 over last 7 games,"switch hitter; pitcher baseline 13.0% barrel, 28.1 HR allowed",EV profile; pitcher allows elevated contact,6.7,51.1,92.6,101.0112,0.395,0.118,0.327,71.5,20.0,31.1,15.6,1.0,0.12,12.99,42.6,90.63,0.5562,0.2518,30.49,,,Coors Field,
27,545361,Mike Trout,LAA,TEX,2026-08-23T18:35:00Z,Scheduled,2,Cal Quantrill,615698,R,53.5,Longshot,Watch List,"Projected Lineup, Strong Barrel, Premium Lineup Spot",60.9,46.0,27.6,95.5,50.0,6.0,No,Yes,2,Yes,Yes,RotoWire projected lineup; MLB probable pitchers,lineup projected / unconfirmed,H:2026/2025 P:2026/2025,,,Direct BvP not yet weighted; 2026/2025 Statcast baseline active,7,4,25,0,"Last 7 games: 4/25, 0 HR","same-side matchup; pitcher baseline 9.0% barrel, 12.9 HR allowed",neutral batted-ball profile; pitcher fly-ball pressure modest,15.87,46.99,90.2,102.8934,0.488,0.2411,0.3741,74.63,47.91,37.07,33.03,21.8,0.1979,9.0,37.37,89.0,0.44,0.1835,29.01,,,Globe Life Field,
28,663728,Cal Raleigh,SEA,CHC,2026-08-23T20:10:00Z,Scheduled,6,Shota Imanaga,684007,L,53.4,Longshot,Watch List,"Projected Lineup, Strong Barrel, Platoon Edge",54.5,52.9,25.4,71.7,75.0,42.4,No,Yes,6,Yes,Yes,RotoWire projected lineup; MLB probable pitchers,lineup projected / unconfirmed,H:2026/2025 P:2026/2025,,,Direct BvP not yet weighted; 2026/2025 Statcast baseline active,7,3,19,2,Hot streak: 2 HR in last 7 games,"switch hitter; pitcher baseline 10.5% barrel, 29.6 HR allowed",fly-ball profile; pitcher allows elevated contact,14.6,39.8,89.83,100.7944,0.4182,0.2257,0.3178,75.06,52.25,53.59,42.36,27.8,0.2062,10.48,37.83,89.09,0.4284,0.194,34.74,,,T-Mobile Park,
29,695506,Jac Caglianone,KC,DET,2026-08-23T18:10:00Z,Scheduled,3,,,,53.1,Longshot,Watch List,"Projected Lineup, Strong Barrel, Premium Lineup Spot",60.1,41.2,23.2,92.1,60.0,32.0,No,Yes,3,Yes,Yes,RotoWire projected lineup; MLB probable pitchers,lineup projected / unconfirmed,H:2026/2025 P:,,,Direct BvP not yet weighted; 2026/2025 Statcast baseline active,7,8,24,0,Contact streak: 8/24 over last 7 games,"handedness incomplete; pitcher baseline 0.0% barrel, 0.0 HR allowed",EV profile; pitcher fly-ball pressure modest,13.75,51.22,92.06,104.8106,0.4905,0.222,0.3504,77.33,74.97,43.02,22.54,17.5,0.1912,,,,,,,,,Kauffman Stadium,
30,805811,Bryce Eldridge,SF,BOS,2026-08-23T19:15:00Z,Scheduled,4,Jake Bennett,687562,L,52.9,Longshot,Watch List,"Projected Lineup, Strong Barrel, Premium Lineup Spot",69.5,26.8,28.7,90.4,50.0,42.3,No,Yes,4,Yes,Yes,RotoWire projected lineup; MLB probable pitchers,lineup projected / unconfirmed,H:2026/2025 P:2026,,,Direct BvP not yet weighted; 2026/2025 Statcast baseline active,7,7,25,1,"Last 7 games: 7/25, 1 HR","same-side matchup; pitcher baseline 6.2% barrel, 6.0 HR allowed",lift-pull EV profile; pitcher fly-ball pressure modest,15.76,57.32,93.36,103.2902,0.4764,0.2491,0.3538,73.07,29.2,38.34,37.75,9.8,0.1532,6.2,36.4,88.0,0.363,0.133,24.8,,,Fenway Park,
31,701538,Jackson Merrill,SD,MIN,2026-08-23T20:10:00Z,Scheduled,5,Bailey Ober,641927,R,52.9,Longshot,Watch List,"Projected Lineup, Strong Barrel, Platoon Edge",49.9,54.6,22.6,81.9,80.0,24.3,No,Yes,5,Yes,Yes,RotoWire projected lineup; MLB probable pitchers,lineup projected / unconfirmed,H:2026/2025 P:2026/2025,,,Direct BvP not yet weighted; 2026/2025 Statcast baseline active,7,4,25,1,"Last 7 games: 4/25, 1 HR","platoon edge; pitcher baseline 10.3% barrel, 20.9 HR allowed",neutral batted-ball profile; pitcher allows elevated contact,11.67,45.91,90.33,100.7227,0.4669,0.2102,0.333,72.88,26.84,37.91,29.85,18.1,0.1748,10.34,36.58,88.9,0.4655,0.2119,31.69,,,Petco Park,
32,621439,Byron Buxton,MIN,SD,2026-08-23T20:10:00Z,Scheduled,2,Walker Buehler,621111,R,52.8,Longshot,Watch List,"Projected Lineup, Strong Barrel, Premium Lineup Spot",65.3,41.6,22.6,95.5,50.0,0.0,No,Yes,2,Yes,Yes,RotoWire projected lineup; MLB probable pitchers,lineup projected / unconfirmed,H:2026/2025 P:2026/2025,,,Direct BvP not yet weighted; 2026/2025 Statcast baseline active,7,2,24,0,"Last 7 games: 2/24, 0 HR","same-side matchup; pitcher baseline 8.5% barrel, 16.4 HR allowed",neutral batted-ball profile; pitcher fly-ball pressure modest,16.86,48.97,90.96,102.2499,0.5,0.252,0.3458,74.37,43.67,48.03,33.65,28.0,0.2709,8.52,38.57,88.95,0.4129,0.1589,23.51,,,Petco Park,
33,666160,Mickey Moniak,COL,CLE,2026-08-23T19:10:00Z,Scheduled,2,Foster Griffin,656492,L,52.7,Longshot,Watch List,"Projected Lineup, Strong Barrel, Premium Lineup Spot",48.7,44.2,38.7,95.5,50.0,46.4,No,Yes,2,Yes,Yes,RotoWire projected lineup; MLB probable pitchers,lineup projected / unconfirmed,H:2026/2025 P:2026,,,Direct BvP not yet weighted; 2026/2025 Statcast baseline active,7,5,27,2,Hot streak: 2 HR in last 7 games,"same-side matchup; pitcher baseline 9.2% barrel, 23.0 HR allowed",fly-ball profile; pitcher fly-ball pressure modest,11.56,42.92,89.49,100.3022,0.4375,0.2056,0.3055,74.19,43.81,45.89,38.17,21.2,0.2634,9.2,38.1,88.0,0.418,0.166,26.5,,,Coors Field,
34,668227,Randy Arozarena,SEA,CHC,2026-08-23T20:10:00Z,Scheduled,1,Shota Imanaga,684007,L,52.5,Longshot,Watch List,"Projected Lineup, Premium Lineup Spot, Platoon Edge, Hot Hitter/Streak",38.6,53.7,25.4,88.7,78.0,72.0,No,Yes,1,Yes,Yes,RotoWire projected lineup; MLB probable pitchers,lineup projected / unconfirmed,H:2026/2025 P:2026/2025,,,Direct BvP not yet weighted; 2026/2025 Statcast baseline active,7,7,30,3,Hot streak: 3 HR in last 7 games,"platoon edge; pitcher baseline 10.5% barrel, 29.6 HR allowed",neutral batted-ball profile; pitcher allows elevated contact,8.56,45.07,90.88,101.0569,0.4142,0.1627,0.3389,71.32,24.52,33.42,23.82,20.0,0.1796,10.48,37.83,89.09,0.4284,0.194,34.74,,,T-Mobile Park,
35,665019,Kody Clemens,MIN,SD,2026-08-23T20:10:00Z,Scheduled,5,Walker Buehler,621111,R,52.4,Longshot,Watch List,"Projected Lineup, Strong Barrel, Platoon Edge",52.9,41.6,22.6,81.9,80.0,58.0,No,Yes,5,Yes,Yes,RotoWire projected lineup; MLB probable pitchers,lineup projected / unconfirmed,H:2026/2025 P:2026/2025,,,Direct BvP not yet weighted; 2026/2025 Statcast baseline active,7,10,26,1,Contact streak: 10/26 over last 7 games,"platoon edge; pitcher baseline 8.5% barrel, 16.4 HR allowed",lift-pull EV profile; pitcher fly-ball pressure modest,12.07,46.83,92.13,101.5156,0.4559,0.2083,0.3303,72.06,14.21,46.08,33.32,20.4,0.2287,8.52,38.57,88.95,0.4129,0.1589,23.51,,,Petco Park,
36,660670,Ronald Acuna,ATL,MIL,2026-08-23T23:10:00Z,Scheduled,2,Shane Drohan,675660,L,52.4,Longshot,Watch List,"Projected Lineup, Strong Barrel, Premium Lineup Spot, Platoon Edge",58.3,35.9,27.6,95.5,78.0,0.0,No,Yes,2,Yes,Yes,RotoWire projected lineup; MLB probable pitchers,lineup projected / unconfirmed,H:2026/2025 P:2026,,,Direct BvP not yet weighted; 2026/2025 Statcast baseline active,7,3,29,0,"Last 7 games: 3/29, 0 HR","platoon edge; pitcher baseline 8.5% barrel, 9.0 HR allowed",neutral batted-ball profile; pitcher fly-ball pressure modest,13.53,47.46,90.81,102.7936,0.4951,0.2384,0.3732,76.05,62.6,36.16,28.23,15.4,0.1958,8.5,38.1,88.1,0.367,0.136,29.0,,,Journey Bank Ballpark,
37,677594,Julio Rodriguez,SEA,CHC,2026-08-23T20:10:00Z,Scheduled,3,Shota Imanaga,684007,L,52.3,Longshot,Watch List,"Projected Lineup, Premium Lineup Spot, Platoon Edge",46.6,53.7,25.4,92.1,78.0,5.4,No,Yes,3,Yes,Yes,RotoWire projected lineup; MLB probable pitchers,lineup projected / unconfirmed,H:2026/2025 P:2026/2025,,,Direct BvP not yet weighted; 2026/2025 Statcast baseline active,7,5,32,0,"Last 7 games: 5/32, 0 HR","platoon edge; pitcher baseline 10.5% barrel, 29.6 HR allowed",neutral batted-ball profile; pitcher allows elevated contact,9.38,44.43,90.47,102.6394,0.4692,0.1964,0.3482,76.68,67.62,38.63,26.4,22.9,0.1755,10.48,37.83,89.09,0.4284,0.194,34.74,,,T-Mobile Park,
38,592518,Manny Machado,SD,MIN,2026-08-23T20:10:00Z,Scheduled,3,Bailey Ober,641927,R,51.9,Longshot,Watch List,"Projected Lineup, Strong Barrel, Premium Lineup Spot",49.2,54.6,22.6,92.1,50.0,36.3,No,Yes,3,Yes,Yes,RotoWire projected lineup; MLB probable pitchers,lineup projected / unconfirmed,H:2026/2025 P:2026/2025,,,Direct BvP not yet weighted; 2026/2025 Statcast baseline active,7,6,25,1,"Last 7 games: 6/25, 1 HR","same-side matchup; pitcher baseline 10.3% barrel, 20.9 HR allowed",neutral batted-ball profile; pitcher allows elevated contact,10.66,46.95,91.36,101.9896,0.4481,0.1953,0.3375,74.71,44.72,40.64,28.01,24.9,0.1934,10.34,36.58,88.9,0.4655,0.2119,31.69,,,Petco Park,
39,663757,Trent Grisham,NYY,TOR,2026-08-23T17:35:00Z,Scheduled,1,José Soriano,667755,R,51.7,Longshot,Watch List,"Projected Lineup, Strong Barrel, Premium Lineup Spot, Platoon Edge",48.6,37.7,38.2,88.7,80.0,24.3,No,Yes,1,Yes,Yes,RotoWire projected lineup; MLB probable pitchers,lineup projected / unconfirmed,H:2026/2025 P:2026/2025,,,Direct BvP not yet weighted; 2026/2025 Statcast baseline active,7,4,25,1,"Last 7 games: 4/25, 1 HR","platoon edge; pitcher baseline 7.8% barrel, 12.7 HR allowed",neutral batted-ball profile; pitcher fly-ball pressure modest,11.19,46.26,90.89,100.9592,0.4567,0.208,0.3497,70.72,8.81,46.68,31.05,22.1,0.2066,7.76,41.55,89.65,0.3866,0.1397,18.54,,,Yankee Stadium,
40,666018,Jonathan Aranda,TB,BAL,2026-08-23T17:35:00Z,Scheduled,2,Shane Baz,669358,R,51.6,Longshot,Watch List,"Projected Lineup, Strong Barrel, Premium Lineup Spot, Platoon Edge",48.7,41.2,32.1,95.5,80.0,5.1,No,Yes,2,Yes,Yes,RotoWire projected lineup; MLB probable pitchers,lineup projected / unconfirmed,H:2026/2025 P:2026/2025,,,Direct BvP not yet weighted; 2026/2025 Statcast baseline active,7,4,26,0,"Last 7 games: 4/26, 0 HR","platoon edge; pitcher baseline 7.6% barrel, 15.5 HR allowed",neutral batted-ball profile; pitcher fly-ball pressure modest,10.87,48.34,91.6,101.3519,0.4653,0.1939,0.3589,70.22,12.55,32.01,30.34,14.7,0.1478,7.61,41.78,90.05,0.393,0.1476,25.5,,,Oriole Park at Camden Yards,
41,682829,Elly De La Cruz,CIN,AZ,2026-08-23T20:15:00Z,Scheduled,1,Mitch Bratt,683352,L,51.3,Longshot,Watch List,"Projected Lineup, Strong Barrel, Premium Lineup Spot, Platoon Edge",54.5,32.7,28.2,88.7,75.0,41.7,No,Yes,1,Yes,Yes,RotoWire projected lineup; MLB probable pitchers,lineup projected / unconfirmed,H:2026/2025 P:2026,,,Direct BvP not yet weighted; 2026/2025 Statcast baseline active,7,8,29,1,"Last 7 games: 8/29, 1 HR","switch hitter; pitcher baseline 8.1% barrel, 5.0 HR allowed",EV profile; pitcher allows elevated contact,12.61,49.1,92.96,104.0052,0.4513,0.1898,0.3458,75.38,53.77,34.19,25.31,20.6,0.197,8.1,35.1,87.4,0.365,0.147,33.3,,,Chase Field,
42,665052,Griffin Conine,MIA,WSH,2026-08-23T17:40:00Z,Scheduled,2,Jackson Kent,800600,L,51.2,Longshot,Watch List,"Projected Lineup, Strong Barrel, Premium Lineup Spot",63.4,32.5,21.5,95.5,50.0,27.6,No,Yes,2,Yes,Yes,RotoWire projected lineup; MLB probable pitchers,lineup projected / unconfirmed,H:2026/2025 P:2026,,,Direct BvP not yet weighted; 2026/2025 Statcast baseline active,7,4,22,1,"Last 7 games: 4/22, 1 HR","same-side matchup; pitcher baseline 4.2% barrel, 1.0 HR allowed",EV profile; pitcher fly-ball pressure modest,16.13,52.51,92.16,103.8746,0.4859,0.2313,0.3566,74.26,44.32,42.39,24.53,10.4,0.2406,4.2,50.0,90.9,0.412,0.129,12.5,,,loanDepot park,
43,695600,Carter Jensen,KC,DET,2026-08-23T18:10:00Z,Scheduled,1,,,,51.1,Longshot,Watch List,"Projected Lineup, Strong Barrel, Premium Lineup Spot",55.4,41.2,23.2,88.7,60.0,32.9,No,Yes,1,Yes,Yes,RotoWire projected lineup; MLB probable pitchers,lineup projected / unconfirmed,H:2026/2025 P:,,,Direct BvP not yet weighted; 2026/2025 Statcast baseline active,7,5,23,1,"Last 7 games: 5/23, 1 HR","handedness incomplete; pitcher baseline 0.0% barrel, 0.0 HR allowed",lift-pull EV profile; pitcher fly-ball pressure modest,13.59,47.66,92.18,102.6823,0.4454,0.2025,0.3371,74.1,38.66,39.95,30.28,12.8,0.2052,,,,,,,,,Kauffman Stadium,
44,672960,Kazuma Okamoto,TOR,NYY,2026-08-23T17:35:00Z,Scheduled,5,Carlos Rodón,607074,L,51.0,Longshot,Watch List,"Projected Lineup, Strong Barrel, Platoon Edge",49.3,31.6,38.2,81.9,78.0,58.7,No,Yes,5,Yes,Yes,RotoWire projected lineup; MLB probable pitchers,lineup projected / unconfirmed,H:2026 P:2026/2025,,,Direct BvP not yet weighted; 2026/2025 Statcast baseline active,7,8,30,2,Hot streak: 2 HR in last 7 games,"platoon edge; pitcher baseline 6.7% barrel, 9.4 HR allowed",neutral batted-ball profile; pitcher fly-ball pressure modest,12.3,43.5,90.4,101.4012,0.426,0.208,0.314,73.1,34.6,50.6,32.8,26.0,0.208,6.69,37.22,89.65,0.344,0.1338,27.18,,,Yankee Stadium,
45,678246,Miguel Vargas,CWS,NYM,2026-08-23T18:10:00Z,Scheduled,3,Nolan McLean,690997,R,50.9,Longshot,Watch List,"Projected Lineup, Strong Barrel, Premium Lineup Spot, Hot Hitter/Streak",55.9,30.3,27.6,92.1,50.0,73.2,No,Yes,3,Yes,Yes,RotoWire projected lineup; MLB probable pitchers,lineup projected / unconfirmed,H:2026/2025 P:2026/2025,,,Direct BvP not yet weighted; 2026/2025 Statcast baseline active,7,8,22,2,Hot streak: 2 HR in last 7 games,"same-side matchup; pitcher baseline 7.2% barrel, 11.7 HR allowed",fly-ball profile; pitcher fly-ball pressure modest,13.32,44.91,90.54,100.5785,0.491,0.2333,0.3673,72.98,34.14,43.86,36.08,25.1,0.2279,7.23,38.01,88.24,0.3507,0.1285,21.98,,,Rate Field,
46,804668,Rafael Flores,PIT,LAD,2026-08-23T20:10:00Z,Scheduled,5,Blake Snell,605483,L,50.8,Longshot,Watch List,"Projected Lineup, Elite Power, Strong Barrel, Platoon Edge",76.6,0.9,27.6,81.9,78.0,52.8,No,Yes,5,Yes,Yes,RotoWire projected lineup; MLB probable pitchers,lineup projected / unconfirmed,H:2026/2025 P:2026/2025,,,Direct BvP not yet weighted; 2026/2025 Statcast baseline active,7,5,22,2,Hot streak: 2 HR in last 7 games,"platoon edge; pitcher baseline 1.7% barrel, 0.9 HR allowed",lift-pull EV profile; pitcher fly-ball pressure modest,17.75,54.73,92.28,102.8564,0.5462,0.2871,0.3841,73.75,37.85,39.49,45.27,4.2,0.3094,1.74,17.76,83.82,0.2562,0.0567,22.38,,,UNIQLO Field at Dodger Stadium,
47,663662,Daz Cameron,TOR,NYY,2026-08-23T17:35:00Z,Scheduled,7,Carlos Rodón,607074,L,50.7,Longshot,Watch List,"Projected Lineup, Strong Barrel, Platoon Edge",59.7,31.6,38.2,59.8,78.0,46.5,No,Yes,7,Yes,Yes,RotoWire projected lineup; MLB probable pitchers,lineup projected / unconfirmed,H:2026/2025 P:2026/2025,,,Direct BvP not yet weighted; 2026/2025 Statcast baseline active,4,4,13,1,"Last 4 games: 4/13, 1 HR","platoon edge; pitcher baseline 6.7% barrel, 9.4 HR allowed",fly-ball profile; pitcher fly-ball pressure modest,19.63,27.13,88.19,99.5682,0.5447,0.2722,0.3449,73.8,32.84,36.96,36.96,1.0,0.2835,6.69,37.22,89.65,0.344,0.1338,27.18,,,Yankee Stadium,
48,687263,Zach Neto,LAA,TEX,2026-08-23T18:35:00Z,Scheduled,1,Cal Quantrill,615698,R,50.7,Longshot,Watch List,"Projected Lineup, Strong Barrel, Premium Lineup Spot",47.2,46.0,27.6,88.7,50.0,60.3,No,Yes,1,Yes,Yes,RotoWire projected lineup; MLB probable pitchers,lineup projected / unconfirmed,H:2026/2025 P:2026/2025,,,Direct BvP not yet weighted; 2026/2025 Statcast baseline active,7,12,30,1,Contact streak: 12/30 over last 7 games,"same-side matchup; pitcher baseline 9.0% barrel, 12.9 HR allowed",neutral batted-ball profile; pitcher fly-ball pressure modest,12.25,42.4,89.88,100.2163,0.4222,0.2055,0.3125,71.26,13.62,46.57,34.96,22.5,0.1981,9.0,37.37,89.0,0.44,0.1835,29.01,,,Globe Life Field,
49,694671,Wyatt Langford,TEX,LAA,2026-08-23T18:35:00Z,Scheduled,3,Yusei Kikuchi,579328,L,50.7,Longshot,Watch List,"Projected Lineup, Premium Lineup Spot, Platoon Edge",40.5,48.3,27.6,92.1,78.0,33.7,No,Yes,3,Yes,Yes,RotoWire projected lineup; MLB probable pitchers,lineup projected / unconfirmed,H:2026/2025 P:2026/2025,,,Direct BvP not yet weighted; 2026/2025 Statcast baseline active,7,6,27,1,"Last 7 games: 6/27, 1 HR","platoon edge; pitcher baseline 8.8% barrel, 9.3 HR allowed",neutral batted-ball profile; pitcher fly-ball pressure modest,9.45,42.38,90.21,101.0194,0.4123,0.175,0.3201,72.68,25.82,43.31,28.71,16.4,0.1991,8.77,42.48,90.44,0.4406,0.1843,25.43,,,Globe Life Field,
50,683737,Michael Busch,CHC,SEA,2026-08-23T20:10:00Z,Scheduled,4,Bryce Miller,682243,R,50.7,Longshot,Watch List,"Projected Lineup, Strong Barrel, Premium Lineup Spot, Platoon Edge",44.0,41.2,25.4,90.4,80.0,52.0,No,Yes,4,Yes,Yes,RotoWire projected lineup; MLB probable pitchers,lineup projected / unconfirmed,H:2026/2025 P:2026/2025,,,Direct BvP not yet weighted; 2026/2025 Statcast baseline active,7,6,27,2,Hot streak: 2 HR in last 7 games,"platoon edge; pitcher baseline 7.9% barrel, 15.6 HR allowed",neutral batted-ball profile; pitcher allows elevated contact,11.36,41.7,89.33,99.6207,0.4458,0.2034,0.3444,68.9,5.5,40.21,34.76,20.7,0.1808,7.93,37.75,89.04,0.3937,0.161,31.72,,,T-Mobile Park,
51,518692,Freddie Freeman,LAD,PIT,2026-08-23T20:10:00Z,Scheduled,2,Lake Bachar,669199,R,50.6,Longshot,Watch List,"Projected Lineup, Premium Lineup Spot, Platoon Edge",41.9,46.1,27.6,95.5,80.0,19.5,No,Yes,2,Yes,Yes,RotoWire projected lineup; MLB probable pitchers,lineup projected / unconfirmed,H:2026/2025 P:2026/2025,,,Direct BvP not yet weighted; 2026/2025 Statcast baseline active,7,7,28,0,"Last 7 games: 7/28, 0 HR","platoon edge; pitcher baseline 9.7% barrel, 11.4 HR allowed",neutral batted-ball profile; pitcher allows elevated contact,9.21,43.32,90.13,100.3749,0.4803,0.1916,0.3661,70.15,8.12,36.19,27.42,17.7,0.1762,9.72,37.09,89.46,0.3899,0.1794,32.06,,,UNIQLO Field at Dodger Stadium,
52,687952,Christian Encarnacion-Strand,BAL,TB,2026-08-23T17:35:00Z,Scheduled,6,Nick Martinez,607259,R,50.3,Longshot,Watch List,"Projected Lineup, Strong Barrel",60.5,36.3,32.1,71.7,50.0,46.4,No,Yes,6,Yes,Yes,RotoWire projected lineup; MLB probable pitchers,lineup projected / unconfirmed,H:2026/2025 P:2026/2025,,,Direct BvP not yet weighted; 2026/2025 Statcast baseline active,7,5,27,2,Hot streak: 2 HR in last 7 games,"same-side matchup; pitcher baseline 7.2% barrel, 18.5 HR allowed",neutral batted-ball profile; pitcher fly-ball pressure modest,15.44,41.83,91.19,101.789,0.5051,0.2647,0.3287,73.67,36.48,42.73,30.21,6.0,0.2236,7.21,33.45,87.46,0.4303,0.1579,28.47,,,Oriole Park at Camden Yards,
53,646240,Rafael Devers,SF,BOS,2026-08-23T19:15:00Z,Scheduled,2,Jake Bennett,687562,L,50.1,Longshot,Watch List,"Projected Lineup, Strong Barrel, Premium Lineup Spot",57.5,26.8,28.7,95.5,50.0,50.8,No,Yes,2,Yes,Yes,RotoWire projected lineup; MLB probable pitchers,lineup projected / unconfirmed,H:2026/2025 P:2026,,,Direct BvP not yet weighted; 2026/2025 Statcast baseline active,7,6,28,2,Hot streak: 2 HR in last 7 games,"same-side matchup; pitcher baseline 6.2% barrel, 6.0 HR allowed",EV profile; pitcher fly-ball pressure modest,12.36,52.46,92.87,103.0842,0.4555,0.221,0.3376,71.74,20.37,33.91,33.67,28.7,0.2291,6.2,36.4,88.0,0.363,0.133,24.8,,,Fenway Park,
54,691723,Coby Mayo,BAL,TB,2026-08-23T17:35:00Z,Scheduled,3,Nick Martinez,607259,R,50.0,Longshot,Watch List,"Projected Lineup, Strong Barrel, Premium Lineup Spot",49.1,36.3,32.1,92.1,50.0,57.8,No,Yes,3,Yes,Yes,RotoWire projected lineup; MLB probable pitchers,lineup projected / unconfirmed,H:2026/2025 P:2026/2025,,,Direct BvP not yet weighted; 2026/2025 Statcast baseline active,7,6,23,2,Hot streak: 2 HR in last 7 games,"same-side matchup; pitcher baseline 7.2% barrel, 18.5 HR allowed",neutral batted-ball profile; pitcher fly-ball pressure modest,11.57,44.89,90.59,102.6292,0.4092,0.195,0.3037,75.33,54.32,49.83,34.04,15.2,0.2095,7.21,33.45,87.46,0.4303,0.1579,28.47,,,Oriole Park at Camden Yards,
55,687605,Andrew Pinckney,WSH,MIA,2026-08-23T17:40:00Z,Scheduled,9,Janson Junk,676083,R,50.0,Longshot,Watch List,"Projected Lineup, Elite Power, Strong Barrel",78.8,41.5,21.5,40.2,50.0,14.1,No,Yes,9,Yes,Yes,RotoWire projected lineup; MLB probable pitchers,lineup projected / unconfirmed,H:2026 P:2026/2025,,,Direct BvP not yet weighted; 2026/2025 Statcast baseline active,7,3,14,0,"Last 7 games: 3/14, 0 HR","same-side matchup; pitcher baseline 7.2% barrel, 10.8 HR allowed",EV profile; pitcher fly-ball pressure modest,20.0,60.0,96.2,104.4172,0.483,0.235,0.378,74.9,61.1,30.0,30.0,1.0,0.384,7.17,42.47,90.62,0.4215,0.1578,22.8,,,loanDepot park,
56,664034,Ty France,SD,MIN,2026-08-23T20:10:00Z,Scheduled,4,Bailey Ober,641927,R,50.0,Longshot,Watch List,"Projected Lineup, Premium Lineup Spot",44.5,54.6,22.6,90.4,50.0,32.9,No,Yes,4,Yes,Yes,RotoWire projected lineup; MLB probable pitchers,lineup projected / unconfirmed,H:2026/2025 P:2026/2025,,,Direct BvP not yet weighted; 2026/2025 Statcast baseline active,7,5,23,1,"Last 7 games: 5/23, 1 HR","same-side matchup; pitcher baseline 10.3% barrel, 20.9 HR allowed",neutral batted-ball profile; pitcher allows elevated contact,9.59,47.7,91.46,101.2567,0.4348,0.1807,0.3308,71.77,19.04,36.43,25.6,14.7,0.1905,10.34,36.58,88.9,0.4655,0.2119,31.69,,,Petco Park,
57,663886,Tyler Stephenson,CIN,AZ,2026-08-23T20:15:00Z,Scheduled,4,Mitch Bratt,683352,L,50.0,Longshot,Watch List,"Projected Lineup, Strong Barrel, Premium Lineup Spot, Platoon Edge",51.4,33.3,28.2,90.4,78.0,22.8,No,Yes,4,Yes,Yes,RotoWire projected lineup; MLB probable pitchers,lineup projected / unconfirmed,H:2026/2025 P:2026,,,Direct BvP not yet weighted; 2026/2025 Statcast baseline active,7,3,20,1,"Last 7 games: 3/20, 1 HR","platoon edge; pitcher baseline 8.1% barrel, 5.0 HR allowed",neutral batted-ball profile; pitcher allows elevated contact,13.1,46.75,90.92,100.4818,0.4424,0.2054,0.3326,70.52,7.14,36.24,33.36,12.3,0.1725,8.1,35.1,87.4,0.365,0.147,33.3,,,Chase Field,
58,669394,Jake Burger,TEX,LAA,2026-08-23T18:35:00Z,Scheduled,7,Yusei Kikuchi,579328,L,49.9,Longshot,Watch List,"Projected Lineup, Strong Barrel, Platoon Edge",47.8,48.3,27.6,59.8,78.0,59.6,No,Yes,7,Yes,Yes,RotoWire projected lineup; MLB probable pitchers,lineup projected / unconfirmed,H:2026/2025 P:2026/2025,,,Direct BvP not yet weighted; 2026/2025 Statcast baseline active,7,6,22,2,Hot streak: 2 HR in last 7 games,"platoon edge; pitcher baseline 8.8% barrel, 9.3 HR allowed",neutral batted-ball profile; pitcher fly-ball pressure modest,11.73,46.89,89.98,102.6591,0.4199,0.1851,0.3072,75.37,58.07,41.88,27.76,19.5,0.1816,8.77,42.48,90.44,0.4406,0.1843,25.43,,,Globe Life Field,
59,686948,Drake Baldwin,ATL,MIL,2026-08-23T23:10:00Z,Scheduled,1,Shane Drohan,675660,L,49.8,Longshot,Watch List,"Projected Lineup, Strong Barrel, Premium Lineup Spot",56.8,35.9,27.6,88.7,50.0,28.1,No,Yes,1,Yes,Yes,RotoWire projected lineup; MLB probable pitchers,lineup projected / unconfirmed,H:2026/2025 P:2026,,,Direct BvP not yet weighted; 2026/2025 Statcast baseline active,7,5,27,1,"Last 7 games: 5/27, 1 HR","same-side matchup; pitcher baseline 8.5% barrel, 9.0 HR allowed",neutral batted-ball profile; pitcher fly-ball pressure modest,12.54,51.28,91.7,102.3652,0.4933,0.2171,0.3656,75.23,55.04,32.29,24.62,20.4,0.1817,8.5,38.1,88.1,0.367,0.136,29.0,,,Journey Bank Ballpark,
60,605137,Josh Bell,MIN,SD,2026-08-23T20:10:00Z,Scheduled,3,Walker Buehler,621111,R,49.6,Longshot,Watch List,"Projected Lineup, Strong Barrel, Premium Lineup Spot, Platoon Edge",45.0,39.9,22.6,92.1,75.0,42.3,No,Yes,3,Yes,Yes,RotoWire projected lineup; MLB probable pitchers,lineup projected / unconfirmed,H:2026/2025 P:2026/2025,,,Direct BvP not yet weighted; 2026/2025 Statcast baseline active,7,7,25,1,"Last 7 games: 7/25, 1 HR","switch hitter; pitcher baseline 8.5% barrel, 16.4 HR allowed",neutral batted-ball profile; pitcher fly-ball pressure modest,10.56,43.36,90.05,100.9179,0.4556,0.2031,0.3387,72.33,28.57,41.29,26.57,18.5,0.1751,8.52,38.57,88.95,0.4129,0.1589,23.51,,,Petco Park,
61,682674,Victor Bericoto,SF,BOS,2026-08-23T19:15:00Z,Scheduled,1,Jake Bennett,687562,L,49.4,Longshot,Watch List,"Projected Lineup, Strong Barrel, Premium Lineup Spot, Platoon Edge",57.8,26.8,28.7,88.7,78.0,2.5,No,Yes,1,Yes,Yes,RotoWire projected lineup; MLB probable pitchers,lineup projected / unconfirmed,H:2026 P:2026,,,Direct BvP not yet weighted; 2026/2025 Statcast baseline active,7,3,22,0,"Last 7 games: 3/22, 0 HR","platoon edge; pitcher baseline 6.2% barrel, 6.0 HR allowed",neutral batted-ball profile; pitcher fly-ball pressure modest,14.0,50.9,90.5,100.7405,0.452,0.236,0.286,74.6,51.6,38.6,28.1,4.0,0.188,6.2,36.4,88.0,0.363,0.133,24.8,,,Fenway Park,
62,694192,Jackson Chourio,MIL,ATL,2026-08-23T23:10:00Z,Scheduled,1,Tyler Mahle,641816,R,49.4,Longshot,Watch List,"Projected Lineup, Strong Barrel, Premium Lineup Spot",52.0,40.1,27.6,88.7,50.0,32.0,No,Yes,1,Yes,Yes,RotoWire projected lineup; MLB probable pitchers,lineup projected / unconfirmed,H:2026/2025 P:2026/2025,,,Direct BvP not yet weighted; 2026/2025 Statcast baseline active,7,9,27,0,Contact streak: 9/27 over last 7 games,"same-side matchup; pitcher baseline 7.7% barrel, 12.7 HR allowed",neutral batted-ball profile; pitcher fly-ball pressure modest,12.22,45.87,91.26,101.973,0.4624,0.207,0.3315,74.25,43.54,30.38,28.5,18.2,0.1895,7.65,37.59,89.55,0.4074,0.1579,28.59,,,Journey Bank Ballpark,
63,676475,Alec Burleson,STL,PHI,2026-08-23T17:35:00Z,Scheduled,3,Cristopher Sánchez,650911,L,49.2,Longshot,Watch List,"Projected Lineup, Strong Barrel, Premium Lineup Spot",53.7,31.4,34.3,92.1,50.0,28.2,No,Yes,3,Yes,Yes,RotoWire projected lineup; MLB probable pitchers,lineup projected / unconfirmed,H:2026/2025 P:2026/2025,,,Direct BvP not yet weighted; 2026/2025 Statcast baseline active,7,8,26,0,"Last 7 games: 8/26, 0 HR","same-side matchup; pitcher baseline 6.8% barrel, 12.7 HR allowed",neutral batted-ball profile; pitcher fly-ball pressure modest,10.83,47.48,91.77,101.9938,0.5179,0.2277,0.3723,73.21,33.58,43.96,27.54,20.1,0.1907,6.75,41.2,89.21,0.3541,0.1207,16.62,,,Citizens Bank Park,
64,607043,Brandon Nimmo,TEX,LAA,2026-08-23T18:35:00Z,Scheduled,4,Yusei Kikuchi,579328,L,49.1,Longshot,Watch List,"Projected Lineup, Premium Lineup Spot",48.6,48.3,27.6,90.4,50.0,3.4,No,Yes,4,Yes,Yes,RotoWire projected lineup; MLB probable pitchers,lineup projected / unconfirmed,H:2026/2025 P:2026/2025,,,Direct BvP not yet weighted; 2026/2025 Statcast baseline active,7,4,28,0,"Last 7 games: 4/28, 0 HR","same-side matchup; pitcher baseline 8.8% barrel, 9.3 HR allowed",EV profile; pitcher fly-ball pressure modest,9.78,50.9,92.04,102.1051,0.4631,0.188,0.3483,72.27,27.39,32.47,26.26,16.6,0.1642,8.77,42.48,90.44,0.4406,0.1843,25.43,,,Globe Life Field,
65,650490,Yandy Diaz,TB,BAL,2026-08-23T17:35:00Z,Scheduled,1,Shane Baz,669358,R,48.9,Longshot,Watch List,"Projected Lineup, Premium Lineup Spot, Hot Hitter/Streak",41.3,41.2,32.1,88.7,50.0,72.2,No,Yes,1,Yes,Yes,RotoWire projected lineup; MLB probable pitchers,lineup projected / unconfirmed,H:2026/2025 P:2026/2025,,,Direct BvP not yet weighted; 2026/2025 Statcast baseline active,7,10,28,2,Hot streak: 2 HR in last 7 games,"same-side matchup; pitcher baseline 7.6% barrel, 15.5 HR allowed",neutral batted-ball profile; pitcher fly-ball pressure modest,7.46,49.14,91.53,103.1807,0.4527,0.1656,0.3565,73.57,37.65,23.18,19.65,20.8,0.1701,7.61,41.78,90.05,0.393,0.1476,25.5,,,Oriole Park at Camden Yards,
66,672275,Patrick Bailey,CLE,COL,2026-08-23T19:10:00Z,Scheduled,8,Tomoyuki Sugano,608372,R,48.9,Longshot,Watch List,"Projected Lineup, Pitcher Vulnerable, Platoon Edge",31.3,72.8,38.7,47.9,75.0,37.8,No,Yes,8,Yes,Yes,RotoWire projected lineup; MLB probable pitchers,lineup projected / unconfirmed,H:2026/2025 P:2026/2025,,,Direct BvP not yet weighted; 2026/2025 Statcast baseline active,7,6,24,1,"Last 7 games: 6/24, 1 HR","switch hitter; pitcher baseline 13.0% barrel, 28.1 HR allowed",neutral batted-ball profile; pitcher allows elevated contact,6.65,40.04,89.88,99.6133,0.3722,0.1461,0.2857,72.55,27.95,34.18,27.04,6.7,0.1149,12.99,42.6,90.63,0.5562,0.2518,30.49,,,Coors Field,
67,699013,Esmerlyn Valdez,PIT,LAD,2026-08-23T20:10:00Z,Scheduled,2,Blake Snell,605483,L,48.9,Longshot,Watch List,"Projected Lineup, Strong Barrel, Premium Lineup Spot, Platoon Edge",70.0,0.9,27.6,95.5,78.0,20.9,No,Yes,2,Yes,Yes,RotoWire projected lineup; MLB probable pitchers,lineup projected / unconfirmed,H:2026 P:2026/2025,,,Direct BvP not yet weighted; 2026/2025 Statcast baseline active,7,7,27,0,"Last 7 games: 7/27, 0 HR","platoon edge; pitcher baseline 1.7% barrel, 0.9 HR allowed",fly-ball profile; pitcher fly-ball pressure modest,20.5,48.2,91.7,102.6232,0.438,0.239,0.333,74.9,52.0,36.6,42.9,14.0,0.286,1.74,17.76,83.82,0.2562,0.0567,22.38,,,UNIQLO Field at Dodger Stadium,
68,665833,Oneil Cruz,PIT,LAD,2026-08-23T20:10:00Z,Scheduled,4,Blake Snell,605483,L,48.9,Longshot,Watch List,"Projected Lineup, Elite Power, Strong Barrel, Premium Lineup Spot",75.0,0.9,27.6,90.4,50.0,52.0,No,Yes,4,Yes,Yes,RotoWire projected lineup; MLB probable pitchers,lineup projected / unconfirmed,H:2026/2025 P:2026/2025,,,Direct BvP not yet weighted; 2026/2025 Statcast baseline active,7,4,18,2,Hot streak: 2 HR in last 7 games,"same-side matchup; pitcher baseline 1.7% barrel, 0.9 HR allowed",EV profile; pitcher fly-ball pressure modest,17.51,57.72,95.8,107.1338,0.4817,0.2371,0.3527,78.45,76.94,40.09,24.85,17.2,0.2102,1.74,17.76,83.82,0.2562,0.0567,22.38,,,UNIQLO Field at Dodger Stadium,
69,521692,Salvador Perez,KC,DET,2026-08-23T18:10:00Z,Scheduled,4,,,,48.8,Longshot,Watch List,"Projected Lineup, Strong Barrel, Premium Lineup Spot",45.4,41.2,23.2,90.4,60.0,48.3,No,Yes,4,Yes,Yes,RotoWire projected lineup; MLB probable pitchers,lineup projected / unconfirmed,H:2026/2025 P:,,,Direct BvP not yet weighted; 2026/2025 Statcast baseline active,7,8,25,1,Contact streak: 8/25 over last 7 games,"handedness incomplete; pitcher baseline 0.0% barrel, 0.0 HR allowed",neutral batted-ball profile; pitcher fly-ball pressure modest,11.23,43.27,89.16,100.567,0.4472,0.2037,0.3164,71.99,22.07,42.05,30.92,20.2,0.1666,,,,,,,,,Kauffman Stadium,
70,592626,Joc Pederson,TEX,LAA,2026-08-23T18:35:00Z,Scheduled,1,Yusei Kikuchi,579328,L,48.8,Longshot,Watch List,"Projected Lineup, Strong Barrel, Premium Lineup Spot",48.8,48.3,27.6,88.7,50.0,0.0,No,Yes,1,Yes,Yes,RotoWire projected lineup; MLB probable pitchers,lineup projected / unconfirmed,H:2026/2025 P:2026/2025,,,Direct BvP not yet weighted; 2026/2025 Statcast baseline active,7,0,17,0,"Last 7 games: 0/17, 0 HR","same-side matchup; pitcher baseline 8.8% barrel, 9.3 HR allowed",neutral batted-ball profile; pitcher fly-ball pressure modest,10.62,48.72,91.9,102.0172,0.4308,0.1915,0.3367,72.46,24.85,42.27,29.47,18.1,0.2149,8.77,42.48,90.44,0.4406,0.1843,25.43,,,Globe Life Field,
71,671218,Heliot Ramos,NYY,TOR,2026-08-23T17:35:00Z,Scheduled,3,José Soriano,667755,R,48.6,Longshot,Watch List,"Projected Lineup, Strong Barrel, Premium Lineup Spot",48.9,37.7,38.2,92.1,50.0,6.0,No,Yes,3,Yes,Yes,RotoWire projected lineup; MLB probable pitchers,lineup projected / unconfirmed,H:2026/2025 P:2026/2025,,,Direct BvP not yet weighted; 2026/2025 Statcast baseline active,7,4,25,0,"Last 7 games: 4/25, 0 HR","same-side matchup; pitcher baseline 7.8% barrel, 12.7 HR allowed",EV profile; pitcher fly-ball pressure modest,12.02,48.52,92.01,102.8875,0.4317,0.1792,0.3214,72.92,31.56,33.17,22.46,12.6,0.1475,7.76,41.55,89.65,0.3866,0.1397,18.54,,,Yankee Stadium,
72,695657,Colson Montgomery,CWS,NYM,2026-08-23T18:10:00Z,Scheduled,6,Nolan McLean,690997,R,48.4,Longshot,Watch List,"Projected Lineup, Strong Barrel, Platoon Edge",52.7,30.3,27.6,71.7,80.0,46.5,No,Yes,6,Yes,Yes,RotoWire projected lineup; MLB probable pitchers,lineup projected / unconfirmed,H:2026/2025 P:2026/2025,,,Direct BvP not yet weighted; 2026/2025 Statcast baseline active,7,8,26,1,"Last 7 games: 8/26, 1 HR","platoon edge; pitcher baseline 7.2% barrel, 11.7 HR allowed",neutral batted-ball profile; pitcher fly-ball pressure modest,13.1,42.75,89.12,101.8749,0.4443,0.2262,0.3186,76.65,69.6,49.44,34.07,25.2,0.2424,7.23,38.01,88.24,0.3507,0.1285,21.98,,,Rate Field,
73,673548,Seiya Suzuki,CHC,SEA,2026-08-23T20:10:00Z,Scheduled,2,Bryce Miller,682243,R,48.4,Longshot,Watch List,"Projected Lineup, Strong Barrel, Premium Lineup Spot",46.9,41.2,25.4,95.5,50.0,27.1,No,Yes,2,Yes,Yes,RotoWire projected lineup; MLB probable pitchers,lineup projected / unconfirmed,H:2026/2025 P:2026/2025,,,Direct BvP not yet weighted; 2026/2025 Statcast baseline active,7,5,28,1,"Last 7 games: 5/28, 1 HR","same-side matchup; pitcher baseline 7.9% barrel, 15.6 HR allowed",neutral batted-ball profile; pitcher allows elevated contact,12.47,41.56,89.27,101.0544,0.444,0.1984,0.3387,73.3,36.76,42.04,30.99,25.0,0.219,7.93,37.75,89.04,0.3937,0.161,31.72,,,T-Mobile Park,
74,681715,Heriberto Hernandez,MIA,WSH,2026-08-23T17:40:00Z,Scheduled,6,Jackson Kent,800600,L,48.2,Longshot,Watch List,"Projected Lineup, Strong Barrel, Platoon Edge",52.7,32.5,21.5,71.7,78.0,54.7,No,Yes,6,Yes,Yes,RotoWire projected lineup; MLB probable pitchers,lineup projected / unconfirmed,H:2026/2025 P:2026,,,Direct BvP not yet weighted; 2026/2025 Statcast baseline active,7,6,25,2,Hot streak: 2 HR in last 7 games,"platoon edge; pitcher baseline 4.2% barrel, 1.0 HR allowed",neutral batted-ball profile; pitcher fly-ball pressure modest,11.91,48.13,91.18,101.6751,0.4553,0.211,0.3389,74.21,45.88,46.82,29.29,15.6,0.2035,4.2,50.0,90.9,0.412,0.129,12.5,,,loanDepot park,
75,665489,Vladimir Guerrero,TOR,NYY,2026-08-23T17:35:00Z,Scheduled,2,Carlos Rodón,607074,L,48.1,Longshot,Watch List,"Projected Lineup, Premium Lineup Spot, Platoon Edge",39.5,31.6,38.2,95.5,78.0,27.0,No,Yes,2,Yes,Yes,RotoWire projected lineup; MLB probable pitchers,lineup projected / unconfirmed,H:2026/2025 P:2026/2025,,,Direct BvP not yet weighted; 2026/2025 Statcast baseline active,7,9,30,0,"Last 7 games: 9/30, 0 HR","platoon edge; pitcher baseline 6.7% barrel, 9.4 HR allowed",neutral batted-ball profile; pitcher fly-ball pressure modest,8.42,45.31,90.74,102.9852,0.4311,0.1444,0.3483,76.35,63.54,35.6,19.38,11.8,0.1176,6.69,37.22,89.65,0.344,0.1338,27.18,,,Yankee Stadium,
76,671732,Lawrence Butler,ATH,HOU,2026-08-23T18:10:00Z,Scheduled,5,Cristian Javier,664299,R,48.1,Longshot,Watch List,"Projected Lineup, Platoon Edge",35.2,43.8,27.6,81.9,80.0,62.8,No,Yes,5,Yes,Yes,RotoWire projected lineup; MLB probable pitchers,lineup projected / unconfirmed,H:2026/2025 P:2026/2025,,,Direct BvP not yet weighted; 2026/2025 Statcast baseline active,7,10,24,1,Contact streak: 10/24 over last 7 games,"platoon edge; pitcher baseline 7.9% barrel, 5.8 HR allowed",neutral batted-ball profile; pitcher allows elevated contact,8.08,44.68,89.59,101.6649,0.3832,0.1479,0.311,73.7,38.58,34.4,22.7,14.0,0.1469,7.9,38.16,89.81,0.4229,0.1663,38.59,,,Daikin Park,
77,642350,Jose Siri,LAA,TEX,2026-08-23T18:35:00Z,Scheduled,5,Cal Quantrill,615698,R,48.1,Longshot,Watch List,"Projected Lineup, Strong Barrel",51.2,46.0,27.6,81.9,50.0,0.0,No,Yes,5,Yes,Yes,RotoWire projected lineup; MLB probable pitchers,lineup projected / unconfirmed,H:2026/2025 P:2026/2025,,,Direct BvP not yet weighted; 2026/2025 Statcast baseline active,7,1,13,0,"Last 7 games: 1/13, 0 HR","same-side matchup; pitcher baseline 9.0% barrel, 12.9 HR allowed",fly-ball profile; pitcher fly-ball pressure modest,16.08,39.6,87.63,99.9834,0.397,0.2092,0.2855,73.22,35.64,30.57,43.6,4.9,0.1586,9.0,37.37,89.0,0.44,0.1835,29.01,,,Globe Life Field,
78,575929,Willson Contreras,BOS,SF,2026-08-23T19:15:00Z,Scheduled,4,Matt Wilkinson,683363,L,47.7,Longshot,Watch List,"Projected Lineup, Strong Barrel, Premium Lineup Spot, Platoon Edge, Hot Hitter/Streak",59.1,2.5,28.7,90.4,78.0,72.7,No,Yes,4,Yes,Yes,RotoWire projected lineup; MLB probable pitchers,lineup projected / unconfirmed,H:2026/2025 P:2026,,,Direct BvP not yet weighted; 2026/2025 Statcast baseline active,7,9,25,2,Hot streak: 2 HR in last 7 games,"platoon edge; pitcher baseline 0.0% barrel, 0.0 HR allowed",neutral batted-ball profile; pitcher fly-ball pressure modest,14.32,46.13,90.18,102.9905,0.4999,0.2401,0.3776,76.77,68.73,44.98,29.54,24.2,0.2362,0.0,14.3,79.6,0.237,0.017,28.6,,,Fenway Park,
79,664761,Alec Bohm,PHI,STL,2026-08-23T17:35:00Z,Scheduled,5,Kyle Leahy,681517,R,47.5,Longshot,Watch List,Projected Lineup,32.1,52.7,34.3,81.9,50.0,63.3,No,Yes,5,Yes,Yes,RotoWire projected lineup; MLB probable pitchers,lineup projected / unconfirmed,H:2026/2025 P:2026/2025,,,Direct BvP not yet weighted; 2026/2025 Statcast baseline active,7,15,30,1,Contact streak: 15/30 over last 7 games,"same-side matchup; pitcher baseline 10.1% barrel, 9.9 HR allowed",neutral batted-ball profile; pitcher fly-ball pressure modest,5.92,43.6,90.66,100.2983,0.4109,0.146,0.3212,71.21,14.28,28.49,22.51,13.1,0.1367,10.08,47.11,90.71,0.4415,0.1705,22.26,,,Citizens Bank Park,
80,683953,Travis Bazzana,CLE,COL,2026-08-23T19:10:00Z,Scheduled,7,Tomoyuki Sugano,608372,R,47.4,Longshot,Watch List,"Projected Lineup, Pitcher Vulnerable, Platoon Edge",21.0,73.7,38.7,59.8,80.0,28.2,No,Yes,7,Yes,Yes,RotoWire projected lineup; MLB probable pitchers,lineup projected / unconfirmed,H:2026 P:2026/2025,,,Direct BvP not yet weighted; 2026/2025 Statcast baseline active,7,8,26,0,"Last 7 games: 8/26, 0 HR","platoon edge; pitcher baseline 13.0% barrel, 28.1 HR allowed",neutral batted-ball profile; pitcher allows elevated contact,4.9,36.2,88.0,98.4504,0.352,0.124,0.302,69.7,12.6,38.2,27.7,9.0,0.134,12.99,42.6,90.63,0.5562,0.2518,30.49,,,Coors Field,
81,543807,George Springer,TOR,NYY,2026-08-23T17:35:00Z,Scheduled,4,Carlos Rodón,607074,L,47.3,Longshot,Watch List,"Projected Lineup, Premium Lineup Spot, Platoon Edge",38.6,31.6,38.2,90.4,78.0,32.0,No,Yes,4,Yes,Yes,RotoWire projected lineup; MLB probable pitchers,lineup projected / unconfirmed,H:2026/2025 P:2026/2025,,,Direct BvP not yet weighted; 2026/2025 Statcast baseline active,7,8,24,0,Contact streak: 8/24 over last 7 games,"platoon edge; pitcher baseline 6.7% barrel, 9.4 HR allowed",neutral batted-ball profile; pitcher fly-ball pressure modest,9.48,40.6,88.67,100.034,0.4289,0.1806,0.3326,73.24,34.74,40.74,26.58,18.0,0.1817,6.69,37.22,89.65,0.344,0.1338,27.18,,,Yankee Stadium,
82,671739,Michael Harris,ATL,MIL,2026-08-23T23:10:00Z,Scheduled,4,Shane Drohan,675660,L,47.3,Longshot,Watch List,"Projected Lineup, Strong Barrel, Premium Lineup Spot",46.5,35.9,27.6,90.4,50.0,40.9,No,Yes,4,Yes,Yes,RotoWire projected lineup; MLB probable pitchers,lineup projected / unconfirmed,H:2026/2025 P:2026,,,Direct BvP not yet weighted; 2026/2025 Statcast baseline active,7,11,28,0,Contact streak: 11/28 over last 7 games,"same-side matchup; pitcher baseline 8.5% barrel, 9.0 HR allowed",neutral batted-ball profile; pitcher fly-ball pressure modest,10.43,47.18,90.55,103.3269,0.4674,0.1837,0.3353,74.79,47.68,36.29,22.07,20.0,0.1838,8.5,38.1,88.1,0.367,0.136,29.0,,,Journey Bank Ballpark,
83,661388,William Contreras,MIL,ATL,2026-08-23T23:10:00Z,Scheduled,3,Tyler Mahle,641816,R,46.9,Longshot,Watch List,"Projected Lineup, Premium Lineup Spot",38.6,40.1,27.6,92.1,50.0,61.4,No,Yes,3,Yes,Yes,RotoWire projected lineup; MLB probable pitchers,lineup projected / unconfirmed,H:2026/2025 P:2026/2025,,,Direct BvP not yet weighted; 2026/2025 Statcast baseline active,7,11,27,1,Contact streak: 11/27 over last 7 games,"same-side matchup; pitcher baseline 7.7% barrel, 12.7 HR allowed",neutral batted-ball profile; pitcher fly-ball pressure modest,7.45,45.42,90.47,101.6545,0.4259,0.1681,0.3336,73.34,35.32,36.39,24.29,13.5,0.1278,7.65,37.59,89.55,0.4074,0.1579,28.59,,,Journey Bank Ballpark,
84,641933,Tyler O'Neill,BAL,TB,2026-08-23T17:35:00Z,Scheduled,4,Nick Martinez,607259,R,46.7,Longshot,Watch List,"Projected Lineup, Strong Barrel, Premium Lineup Spot",47.3,36.3,32.1,90.4,50.0,8.1,No,Yes,4,Yes,Yes,RotoWire projected lineup; MLB probable pitchers,lineup projected / unconfirmed,H:2026/2025 P:2026/2025,,,Direct BvP not yet weighted; 2026/2025 Statcast baseline active,7,4,23,0,"Last 7 games: 4/23, 0 HR","same-side matchup; pitcher baseline 7.2% barrel, 18.5 HR allowed",fly-ball profile; pitcher fly-ball pressure modest,11.25,41.97,89.22,100.334,0.4355,0.2114,0.325,72.81,23.68,44.95,39.28,9.7,0.1748,7.21,33.45,87.46,0.4303,0.1579,28.47,,,Oriole Park at Camden Yards,
85,668930,Brice Turang,MIL,ATL,2026-08-23T23:10:00Z,Scheduled,2,Tyler Mahle,641816,R,46.7,Longshot,Watch List,"Projected Lineup, Premium Lineup Spot, Platoon Edge",37.2,40.1,27.6,95.5,80.0,2.7,No,Yes,2,Yes,Yes,RotoWire projected lineup; MLB probable pitchers,lineup projected / unconfirmed,H:2026/2025 P:2026/2025,,,Direct BvP not yet weighted; 2026/2025 Statcast baseline active,7,4,29,0,"Last 7 games: 4/29, 0 HR","platoon edge; pitcher baseline 7.7% barrel, 12.7 HR allowed",neutral batted-ball profile; pitcher fly-ball pressure modest,7.79,43.83,90.61,100.4505,0.4304,0.1733,0.3406,70.11,12.99,27.44,24.27,16.6,0.1673,7.65,37.59,89.55,0.4074,0.1579,28.59,,,Journey Bank Ballpark,
86,694208,Moises Ballesteros,LAA,TEX,2026-08-23T18:35:00Z,Scheduled,4,Cal Quantrill,615698,R,46.6,Longshot,Watch List,"Projected Lineup, Premium Lineup Spot, Platoon Edge",34.6,46.0,27.6,90.4,80.0,3.4,No,Yes,4,Yes,Yes,RotoWire projected lineup; MLB probable pitchers,lineup projected / unconfirmed,H:2026/2025 P:2026/2025,,,Direct BvP not yet weighted; 2026/2025 Statcast baseline active,7,4,28,0,"Last 7 games: 4/28, 0 HR","platoon edge; pitcher baseline 9.0% barrel, 12.9 HR allowed",neutral batted-ball profile; pitcher fly-ball pressure modest,8.31,43.1,90.22,100.9589,0.3867,0.145,0.3116,72.71,33.43,34.22,20.79,4.8,0.1333,9.0,37.37,89.0,0.44,0.1835,29.01,,,Globe Life Field,
87,642715,Willy Adames,SF,BOS,2026-08-23T19:15:00Z,Scheduled,3,Jake Bennett,687562,L,46.4,Longshot,Watch List,"Projected Lineup, Premium Lineup Spot, Platoon Edge, Hot Hitter/Streak",37.0,26.8,28.7,92.1,78.0,70.6,No,Yes,3,Yes,Yes,RotoWire projected lineup; MLB probable pitchers,lineup projected / unconfirmed,H:2026/2025 P:2026,,,Direct BvP not yet weighted; 2026/2025 Statcast baseline active,7,9,26,2,Hot streak: 2 HR in last 7 games,"platoon edge; pitcher baseline 6.2% barrel, 6.0 HR allowed",neutral batted-ball profile; pitcher fly-ball pressure modest,9.66,39.72,87.71,99.0067,0.3972,0.1767,0.3018,72.21,23.9,47.7,34.06,23.0,0.1918,6.2,36.4,88.0,0.363,0.133,24.8,,,Fenway Park,
88,686469,Vinnie Pasquantino,KC,DET,2026-08-23T18:10:00Z,Scheduled,5,,,,46.3,Longshot,Watch List,"Projected Lineup, Hot Hitter/Streak",37.8,41.2,23.2,81.9,60.0,72.7,No,Yes,5,Yes,Yes,RotoWire projected lineup; MLB probable pitchers,lineup projected / unconfirmed,H:2026/2025 P:,,,Direct BvP not yet weighted; 2026/2025 Statcast baseline active,7,9,25,2,Hot streak: 2 HR in last 7 games,"handedness incomplete; pitcher baseline 0.0% barrel, 0.0 HR allowed",neutral batted-ball profile; pitcher fly-ball pressure modest,8.49,42.39,89.92,100.2351,0.4273,0.1721,0.3291,70.96,14.68,43.91,27.81,15.2,0.1571,,,,,,,,,Kauffman Stadium,
89,691777,Max Muncy,LAD,PIT,2026-08-23T20:10:00Z,Scheduled,4,Lake Bachar,669199,R,46.2,Longshot,Watch List,"Projected Lineup, Strong Barrel, Premium Lineup Spot",36.8,46.1,27.6,90.4,50.0,34.4,No,Yes,4,Yes,Yes,RotoWire projected lineup; MLB probable pitchers,lineup projected / unconfirmed,H:2026/2025 P:2026/2025,,,Direct BvP not yet weighted; 2026/2025 Statcast baseline active,7,5,22,1,"Last 7 games: 5/22, 1 HR","same-side matchup; pitcher baseline 9.7% barrel, 11.4 HR allowed",neutral batted-ball profile; pitcher allows elevated contact,10.73,40.59,89.48,100.9026,0.3558,0.1479,0.2796,73.94,44.7,41.91,23.77,6.9,0.1601,9.72,37.09,89.46,0.3899,0.1794,32.06,,,UNIQLO Field at Dodger Stadium,
90,666126,Carlos Cortes,ATH,HOU,2026-08-23T18:10:00Z,Scheduled,4,Cristian Javier,664299,R,46.1,Longshot,Watch List,"Projected Lineup, Premium Lineup Spot, Platoon Edge",30.7,43.8,27.6,90.4,80.0,29.4,No,Yes,4,Yes,Yes,RotoWire projected lineup; MLB probable pitchers,lineup projected / unconfirmed,H:2026/2025 P:2026/2025,,,Direct BvP not yet weighted; 2026/2025 Statcast baseline active,7,6,19,0,"Last 7 games: 6/19, 0 HR","platoon edge; pitcher baseline 7.9% barrel, 5.8 HR allowed",neutral batted-ball profile; pitcher allows elevated contact,7.24,39.59,89.38,99.6817,0.408,0.1483,0.3189,70.76,14.41,30.48,23.15,6.1,0.1717,7.9,38.16,89.81,0.4229,0.1663,38.59,,,Daikin Park,
91,672386,Alejandro Kirk,TOR,NYY,2026-08-23T17:35:00Z,Scheduled,3,Carlos Rodón,607074,L,46.0,Longshot,Watch List,"Projected Lineup, Premium Lineup Spot, Platoon Edge, Hot Hitter/Streak",27.5,31.6,38.2,92.1,78.0,74.2,No,Yes,3,Yes,Yes,RotoWire projected lineup; MLB probable pitchers,lineup projected / unconfirmed,H:2026/2025 P:2026/2025,,,Direct BvP not yet weighted; 2026/2025 Statcast baseline active,7,10,27,2,Hot streak: 2 HR in last 7 games,"platoon edge; pitcher baseline 6.7% barrel, 9.4 HR allowed",neutral batted-ball profile; pitcher fly-ball pressure modest,5.62,41.63,88.72,100.0105,0.4002,0.1351,0.324,71.8,19.86,26.56,21.9,9.4,0.1453,6.69,37.22,89.65,0.344,0.1338,27.18,,,Yankee Stadium,
92,683002,Gunnar Henderson,BAL,TB,2026-08-23T17:35:00Z,Scheduled,5,Nick Martinez,607259,R,45.7,Longshot,Watch List,"Projected Lineup, Platoon Edge",38.2,36.3,32.1,81.9,80.0,18.0,No,Yes,5,Yes,Yes,RotoWire projected lineup; MLB probable pitchers,lineup projected / unconfirmed,H:2026/2025 P:2026/2025,,,Direct BvP not yet weighted; 2026/2025 Statcast baseline active,7,6,25,0,"Last 7 games: 6/25, 0 HR","platoon edge; pitcher baseline 7.2% barrel, 18.5 HR allowed",neutral batted-ball profile; pitcher fly-ball pressure modest,7.62,46.12,90.49,101.4517,0.4068,0.1539,0.3256,74.67,47.52,41.5,23.87,19.1,0.1731,7.21,33.45,87.46,0.4303,0.1579,28.47,,,Oriole Park at Camden Yards,
93,665862,Jazz Chisholm,NYY,TOR,2026-08-23T17:35:00Z,Scheduled,7,José Soriano,667755,R,45.7,Longshot,Watch List,"Projected Lineup, Strong Barrel, Platoon Edge",43.7,37.7,38.2,59.8,80.0,17.7,No,Yes,7,Yes,Yes,RotoWire projected lineup; MLB probable pitchers,lineup projected / unconfirmed,H:2026/2025 P:2026/2025,,,Direct BvP not yet weighted; 2026/2025 Statcast baseline active,7,5,21,0,"Last 7 games: 5/21, 0 HR","platoon edge; pitcher baseline 7.8% barrel, 12.7 HR allowed",neutral batted-ball profile; pitcher fly-ball pressure modest,10.87,42.53,90.26,100.4918,0.3991,0.1826,0.3061,73.41,34.63,52.33,30.61,21.2,0.1921,7.76,41.55,89.65,0.3866,0.1397,18.54,,,Yankee Stadium,
94,621493,Taylor Ward,SEA,CHC,2026-08-23T20:10:00Z,Scheduled,5,Shota Imanaga,684007,L,45.7,Longshot,Watch List,"Projected Lineup, Platoon Edge",31.9,53.7,25.4,81.9,78.0,0.0,No,Yes,5,Yes,Yes,RotoWire projected lineup; MLB probable pitchers,lineup projected / unconfirmed,H:2026/2025 P:2026/2025,,,Direct BvP not yet weighted; 2026/2025 Statcast baseline active,7,3,26,0,"Last 7 games: 3/26, 0 HR","platoon edge; pitcher baseline 10.5% barrel, 29.6 HR allowed",neutral batted-ball profile; pitcher allows elevated contact,8.03,39.48,89.19,99.3862,0.3947,0.1539,0.3379,68.8,4.16,33.1,30.01,15.7,0.1406,10.48,37.83,89.09,0.4284,0.194,34.74,,,T-Mobile Park,
95,607208,Trea Turner,PHI,STL,2026-08-23T17:35:00Z,Scheduled,2,Kyle Leahy,681517,R,45.6,Longshot,Watch List,"Projected Lineup, Premium Lineup Spot",27.1,52.7,34.3,95.5,50.0,19.5,No,Yes,2,Yes,Yes,RotoWire projected lineup; MLB probable pitchers,lineup projected / unconfirmed,H:2026/2025 P:2026/2025,,,Direct BvP not yet weighted; 2026/2025 Statcast baseline active,7,7,28,0,"Last 7 games: 7/28, 0 HR","same-side matchup; pitcher baseline 10.1% barrel, 9.9 HR allowed",neutral batted-ball profile; pitcher fly-ball pressure modest,6.01,40.7,88.74,99.4026,0.382,0.1281,0.3042,71.45,19.0,35.17,25.13,16.4,0.1488,10.08,47.11,90.71,0.4415,0.1705,22.26,,,Citizens Bank Park,
96,650489,Willi Castro,COL,CLE,2026-08-23T19:10:00Z,Scheduled,6,Foster Griffin,656492,L,45.5,Longshot,Watch List,"Projected Lineup, Platoon Edge",31.9,42.5,38.7,71.7,75.0,44.1,No,Yes,6,Yes,Yes,RotoWire projected lineup; MLB probable pitchers,lineup projected / unconfirmed,H:2026/2025 P:2026,,,Direct BvP not yet weighted; 2026/2025 Statcast baseline active,7,7,24,1,"Last 7 games: 7/24, 1 HR","switch hitter; pitcher baseline 9.2% barrel, 23.0 HR allowed",neutral batted-ball profile; pitcher fly-ball pressure modest,7.83,40.24,87.61,100.2941,0.3869,0.1533,0.3081,72.51,26.04,42.11,30.69,13.1,0.1533,9.2,38.1,88.0,0.418,0.166,26.5,,,Coors Field,
97,671056,Ivan Herrera,STL,PHI,2026-08-23T17:35:00Z,Scheduled,2,Cristopher Sánchez,650911,L,45.4,Longshot,Watch List,"Projected Lineup, Premium Lineup Spot, Platoon Edge",34.6,31.4,34.3,95.5,78.0,18.3,No,Yes,2,Yes,Yes,RotoWire projected lineup; MLB probable pitchers,lineup projected / unconfirmed,H:2026/2025 P:2026/2025,,,Direct BvP not yet weighted; 2026/2025 Statcast baseline active,7,3,26,1,"Last 7 games: 3/26, 1 HR","platoon edge; pitcher baseline 6.8% barrel, 12.7 HR allowed",neutral batted-ball profile; pitcher fly-ball pressure modest,7.32,42.73,89.87,101.3492,0.4119,0.1551,0.3451,73.88,42.79,37.59,19.59,15.5,0.1506,6.75,41.2,89.21,0.3541,0.1207,16.62,,,Citizens Bank Park,
98,680869,Zack Gelof,ATH,HOU,2026-08-23T18:10:00Z,Scheduled,3,Cristian Javier,664299,R,45.4,Longshot,Watch List,"Projected Lineup, Premium Lineup Spot",37.0,43.8,27.6,92.1,50.0,23.4,No,Yes,3,Yes,Yes,RotoWire projected lineup; MLB probable pitchers,lineup projected / unconfirmed,H:2026/2025 P:2026/2025,,,Direct BvP not yet weighted; 2026/2025 Statcast baseline active,7,4,26,1,"Last 7 games: 4/26, 1 HR","same-side matchup; pitcher baseline 7.9% barrel, 5.8 HR allowed",neutral batted-ball profile; pitcher allows elevated contact,9.49,43.14,88.52,99.6071,0.3683,0.1669,0.2764,73.29,28.13,39.88,27.38,10.4,0.1757,7.9,38.16,89.81,0.4229,0.1663,38.59,,,Daikin Park,
99,553993,Eugenio Suarez,CIN,AZ,2026-08-23T20:15:00Z,Scheduled,5,Mitch Bratt,683352,L,45.4,Longshot,Watch List,"Projected Lineup, Strong Barrel, Platoon Edge",42.4,33.3,28.2,81.9,78.0,13.6,No,Yes,5,Yes,Yes,RotoWire projected lineup; MLB probable pitchers,lineup projected / unconfirmed,H:2026/2025 P:2026,,,Direct BvP not yet weighted; 2026/2025 Statcast baseline active,7,4,19,0,"Last 7 games: 4/19, 0 HR","platoon edge; pitcher baseline 8.1% barrel, 5.0 HR allowed",neutral batted-ball profile; pitcher allows elevated contact,12.2,39.83,89.22,100.2514,0.379,0.1813,0.292,71.95,21.25,48.52,34.18,27.3,0.2322,8.1,35.1,87.4,0.365,0.147,33.3,,,Chase Field,
100,592885,Christian Yelich,MIL,ATL,2026-08-23T23:10:00Z,Scheduled,6,Tyler Mahle,641816,R,45.4,Longshot,Watch List,"Projected Lineup, Strong Barrel, Platoon Edge",39.4,40.1,27.6,71.7,80.0,28.1,No,Yes,6,Yes,Yes,RotoWire projected lineup; MLB probable pitchers,lineup projected / unconfirmed,H:2026/2025 P:2026/2025,,,Direct BvP not yet weighted; 2026/2025 Statcast baseline active,7,5,27,1,"Last 7 games: 5/27, 1 HR","platoon edge; pitcher baseline 7.7% barrel, 12.7 HR allowed",neutral batted-ball profile; pitcher fly-ball pressure modest,10.37,44.58,89.29,101.0756,0.4033,0.1681,0.3167,73.09,31.34,33.75,19.3,15.0,0.1565,7.65,37.59,89.55,0.4074,0.1579,28.59,,,Journey Bank Ballpark,
101,683357,Owen Caissie,MIA,WSH,2026-08-23T17:40:00Z,Scheduled,3,Jackson Kent,800600,L,45.3,Longshot,Watch List,"Projected Lineup, Strong Barrel, Premium Lineup Spot",46.5,32.5,21.5,92.1,50.0,30.3,No,Yes,3,Yes,Yes,RotoWire projected lineup; MLB probable pitchers,lineup projected / unconfirmed,H:2026/2025 P:2026,,,Direct BvP not yet weighted; 2026/2025 Statcast baseline active,7,4,20,1,"Last 7 games: 4/20, 1 HR","same-side matchup; pitcher baseline 4.2% barrel, 1.0 HR allowed",neutral batted-ball profile; pitcher fly-ball pressure modest,14.35,38.55,90.03,100.2069,0.3775,0.1755,0.2796,74.81,53.95,30.13,30.62,9.4,0.1869,4.2,50.0,90.9,0.412,0.129,12.5,,,loanDepot park,
102,686611,Dylan Crews,WSH,MIA,2026-08-23T17:40:00Z,Scheduled,2,Janson Junk,676083,R,45.2,Longshot,Watch List,"Projected Lineup, Premium Lineup Spot",42.5,41.5,21.5,95.5,50.0,1.6,No,Yes,2,Yes,Yes,RotoWire projected lineup; MLB probable pitchers,lineup projected / unconfirmed,H:2026/2025 P:2026/2025,,,Direct BvP not yet weighted; 2026/2025 Statcast baseline active,7,3,23,0,"Last 7 games: 3/23, 0 HR","same-side matchup; pitcher baseline 7.2% barrel, 10.8 HR allowed",neutral batted-ball profile; pitcher fly-ball pressure modest,9.94,42.62,90.4,101.1386,0.4126,0.1769,0.3133,73.83,37.23,33.45,29.45,10.0,0.1433,7.17,42.47,90.62,0.4215,0.1578,22.8,,,loanDepot park,
103,643217,Andrew Benintendi,CWS,NYM,2026-08-23T18:10:00Z,Scheduled,4,Nolan McLean,690997,R,45.2,Longshot,Watch List,"Projected Lineup, Premium Lineup Spot, Platoon Edge",36.9,30.3,27.6,90.4,80.0,36.0,No,Yes,4,Yes,Yes,RotoWire projected lineup; MLB probable pitchers,lineup projected / unconfirmed,H:2026/2025 P:2026/2025,,,Direct BvP not yet weighted; 2026/2025 Statcast baseline active,7,5,21,1,"Last 7 games: 5/21, 1 HR","platoon edge; pitcher baseline 7.2% barrel, 11.7 HR allowed",neutral batted-ball profile; pitcher fly-ball pressure modest,9.42,41.94,88.63,98.7729,0.4146,0.1718,0.3158,69.54,4.01,49.47,31.57,15.1,0.1819,7.23,38.01,88.24,0.3507,0.1285,21.98,,,Rate Field,
104,657757,Gavin Sheets,SD,MIN,2026-08-23T20:10:00Z,Scheduled,7,Bailey Ober,641927,R,45.2,Longshot,Watch List,"Projected Lineup, Platoon Edge",34.3,54.6,22.6,59.8,80.0,35.6,No,Yes,7,Yes,Yes,RotoWire projected lineup; MLB probable pitchers,lineup projected / unconfirmed,H:2026/2025 P:2026/2025,,,Direct BvP not yet weighted; 2026/2025 Statcast baseline active,7,4,17,1,"Last 7 games: 4/17, 1 HR","platoon edge; pitcher baseline 10.3% barrel, 20.9 HR allowed",neutral batted-ball profile; pitcher allows elevated contact,7.92,41.53,88.22,99.7072,0.404,0.1634,0.3246,74.52,47.88,39.47,23.21,16.9,0.1812,10.34,36.58,88.9,0.4655,0.2119,31.69,,,Petco Park,
105,693307,Dillon Dingler,DET,KC,2026-08-23T18:10:00Z,Scheduled,4,Daniel Lynch IV,663738,L,45.0,Longshot,Watch List,"Projected Lineup, Strong Barrel, Premium Lineup Spot, Platoon Edge",44.4,30.0,23.2,90.4,78.0,0.0,No,Yes,4,Yes,Yes,RotoWire projected lineup; MLB probable pitchers,lineup projected / unconfirmed,H:2026/2025 P:2026/2025,,,Direct BvP not yet weighted; 2026/2025 Statcast baseline active,7,3,26,0,"Last 7 games: 3/26, 0 HR","platoon edge; pitcher baseline 6.4% barrel, 5.2 HR allowed",neutral batted-ball profile; pitcher fly-ball pressure modest,10.04,43.74,89.16,100.6687,0.482,0.2046,0.3545,71.77,15.69,40.87,29.13,22.1,0.2072,6.42,37.81,88.25,0.3832,0.1424,25.14,,,Kauffman Stadium,
106,596019,Francisco Lindor,NYM,CWS,2026-08-23T18:10:00Z,Scheduled,2,Sean Newcomb,656794,L,45.0,Longshot,Watch List,"Projected Lineup, Premium Lineup Spot, Platoon Edge",46.1,22.2,27.6,95.5,75.0,4.2,No,Yes,2,Yes,Yes,RotoWire projected lineup; MLB probable pitchers,lineup projected / unconfirmed,H:2026/2025 P:2026/2025,,,Direct BvP not yet weighted; 2026/2025 Statcast baseline active,7,4,27,0,"Last 7 games: 4/27, 0 HR","switch hitter; pitcher baseline 5.5% barrel, 2.9 HR allowed",neutral batted-ball profile; pitcher fly-ball pressure modest,9.18,47.2,91.13,100.2887,0.4512,0.1982,0.345,72.02,22.32,45.88,30.51,17.7,0.1885,5.49,38.51,88.34,0.3558,0.1089,20.09,,,Rate Field,
107,605141,Mookie Betts,LAD,PIT,2026-08-23T20:10:00Z,Scheduled,3,Lake Bachar,669199,R,45.0,Longshot,Watch List,"Projected Lineup, Premium Lineup Spot",32.8,46.1,27.6,92.1,50.0,31.4,No,Yes,3,Yes,Yes,RotoWire projected lineup; MLB probable pitchers,lineup projected / unconfirmed,H:2026/2025 P:2026/2025,,,Direct BvP not yet weighted; 2026/2025 Statcast baseline active,7,6,29,1,"Last 7 games: 6/29, 1 HR","same-side matchup; pitcher baseline 9.7% barrel, 11.4 HR allowed",neutral batted-ball profile; pitcher allows elevated contact,6.97,37.69,89.87,98.4833,0.4276,0.1553,0.3286,69.53,8.46,39.82,34.64,17.2,0.1662,9.72,37.09,89.46,0.3899,0.1794,32.06,,,UNIQLO Field at Dodger Stadium,
108,691781,Brady House,WSH,MIA,2026-08-23T17:40:00Z,Scheduled,3,Janson Junk,676083,R,44.9,Longshot,Watch List,"Projected Lineup, Premium Lineup Spot",39.8,41.5,21.5,92.1,50.0,24.0,No,Yes,3,Yes,Yes,RotoWire projected lineup; MLB probable pitchers,lineup projected / unconfirmed,H:2026/2025 P:2026/2025,,,Direct BvP not yet weighted; 2026/2025 Statcast baseline active,7,3,19,1,"Last 7 games: 3/19, 1 HR","same-side matchup; pitcher baseline 7.2% barrel, 10.8 HR allowed",neutral batted-ball profile; pitcher fly-ball pressure modest,9.06,46.93,89.52,101.6965,0.419,0.1602,0.3169,73.31,30.95,33.8,25.23,7.5,0.137,7.17,42.47,90.62,0.4215,0.1578,22.8,,,loanDepot park,
109,663586,Austin Riley,ATL,MIL,2026-08-23T23:10:00Z,Scheduled,8,Shane Drohan,675660,L,44.8,Longshot,Watch List,"Projected Lineup, Strong Barrel, Platoon Edge",53.9,35.9,27.6,47.9,78.0,10.8,No,Yes,8,Yes,Yes,RotoWire projected lineup; MLB probable pitchers,lineup projected / unconfirmed,H:2026/2025 P:2026,,,Direct BvP not yet weighted; 2026/2025 Statcast baseline active,7,5,26,0,"Last 7 games: 5/26, 0 HR","platoon edge; pitcher baseline 8.5% barrel, 9.0 HR allowed",neutral batted-ball profile; pitcher fly-ball pressure modest,13.17,47.4,91.67,103.0149,0.4188,0.1963,0.309,75.76,58.8,39.73,31.01,15.3,0.1526,8.5,38.1,88.1,0.367,0.136,29.0,,,Journey Bank Ballpark,
110,608324,Alex Bregman,CHC,SEA,2026-08-23T20:10:00Z,Scheduled,3,Bryce Miller,682243,R,44.6,Longshot,Watch List,"Projected Lineup, Premium Lineup Spot, Hot Hitter/Streak",27.3,41.2,25.4,92.1,50.0,88.7,No,Yes,3,Yes,Yes,RotoWire projected lineup; MLB probable pitchers,lineup projected / unconfirmed,H:2026/2025 P:2026/2025,,,Direct BvP not yet weighted; 2026/2025 Statcast baseline active,7,10,29,3,Hot streak: 3 HR in last 7 games,"same-side matchup; pitcher baseline 7.9% barrel, 15.6 HR allowed",neutral batted-ball profile; pitcher allows elevated contact,5.55,40.13,88.91,98.3904,0.3892,0.1418,0.3223,70.16,4.94,46.93,27.37,18.0,0.1687,7.93,37.75,89.04,0.3937,0.161,31.72,,,T-Mobile Park,
111,668709,JJ Bleday,CIN,AZ,2026-08-23T20:15:00Z,Scheduled,3,Mitch Bratt,683352,L,44.6,Longshot,Watch List,"Projected Lineup, Premium Lineup Spot",38.0,33.3,28.2,92.1,50.0,48.3,No,Yes,3,Yes,Yes,RotoWire projected lineup; MLB probable pitchers,lineup projected / unconfirmed,H:2026/2025 P:2026,,,Direct BvP not yet weighted; 2026/2025 Statcast baseline active,7,8,25,1,Contact streak: 8/25 over last 7 games,"same-side matchup; pitcher baseline 8.1% barrel, 5.0 HR allowed",neutral batted-ball profile; pitcher allows elevated contact,8.99,40.1,88.63,99.8673,0.4024,0.1767,0.3243,73.14,28.7,45.95,33.69,18.2,0.2053,8.1,35.1,87.4,0.365,0.147,33.3,,,Chase Field,
112,703607,Henry Bolte,ATH,HOU,2026-08-23T18:10:00Z,Scheduled,1,Cristian Javier,664299,R,44.5,Longshot,Watch List,"Projected Lineup, Premium Lineup Spot",35.1,43.8,27.6,88.7,50.0,26.4,No,Yes,1,Yes,Yes,RotoWire projected lineup; MLB probable pitchers,lineup projected / unconfirmed,H:2026 P:2026/2025,,,Direct BvP not yet weighted; 2026/2025 Statcast baseline active,7,8,27,0,"Last 7 games: 8/27, 0 HR","same-side matchup; pitcher baseline 7.9% barrel, 5.8 HR allowed",neutral batted-ball profile; pitcher allows elevated contact,7.0,47.5,91.0,104.3887,0.358,0.119,0.304,77.0,73.3,31.3,16.9,6.0,0.098,7.9,38.16,89.81,0.4229,0.1663,38.59,,,Daikin Park,
113,680757,Steven Kwan,CLE,COL,2026-08-23T19:10:00Z,Scheduled,1,Tomoyuki Sugano,608372,R,44.5,Longshot,Watch List,"Projected Lineup, Pitcher Vulnerable, Premium Lineup Spot, Platoon Edge",2.5,73.7,38.7,88.7,80.0,12.0,No,Yes,1,Yes,Yes,RotoWire projected lineup; MLB probable pitchers,lineup projected / unconfirmed,H:2026/2025 P:2026/2025,,,Direct BvP not yet weighted; 2026/2025 Statcast baseline active,7,5,25,0,"Last 7 games: 5/25, 0 HR","platoon edge; pitcher baseline 13.0% barrel, 28.1 HR allowed",neutral batted-ball profile; pitcher allows elevated contact,0.78,12.23,84.45,92.514,0.3429,0.0713,0.3219,62.8,0.38,27.88,23.37,4.7,0.0733,12.99,42.6,90.63,0.5562,0.2518,30.49,,,Coors Field,
114,680777,Ryan Jeffers,MIN,SD,2026-08-23T20:10:00Z,Scheduled,4,Walker Buehler,621111,R,44.5,Longshot,Watch List,"Projected Lineup, Premium Lineup Spot",39.5,41.6,22.6,90.4,50.0,17.7,No,Yes,4,Yes,Yes,RotoWire projected lineup; MLB probable pitchers,lineup projected / unconfirmed,H:2026/2025 P:2026/2025,,,Direct BvP not yet weighted; 2026/2025 Statcast baseline active,7,5,21,0,"Last 7 games: 5/21, 0 HR","same-side matchup; pitcher baseline 8.5% barrel, 16.4 HR allowed",neutral batted-ball profile; pitcher fly-ball pressure modest,9.59,40.84,89.16,100.8915,0.428,0.178,0.3474,73.0,36.05,36.34,28.1,9.7,0.1842,8.52,38.57,88.95,0.4129,0.1589,23.51,,,Petco Park,
115,630105,Jake Cronenworth,SD,MIN,2026-08-23T20:10:00Z,Scheduled,2,Bailey Ober,641927,R,44.4,Longshot,Watch List,"Projected Lineup, Premium Lineup Spot, Platoon Edge",15.9,54.6,22.6,95.5,80.0,42.3,No,Yes,2,Yes,Yes,RotoWire projected lineup; MLB probable pitchers,lineup projected / unconfirmed,H:2026/2025 P:2026/2025,,,Direct BvP not yet weighted; 2026/2025 Statcast baseline active,7,7,25,1,"Last 7 games: 7/25, 1 HR","platoon edge; pitcher baseline 10.3% barrel, 20.9 HR allowed",neutral batted-ball profile; pitcher allows elevated contact,4.38,33.12,87.52,97.9539,0.3257,0.1021,0.2959,71.32,17.6,32.8,22.93,6.1,0.0904,10.34,36.58,88.9,0.4655,0.2119,31.69,,,Petco Park,
116,802139,JJ Wetherholt,STL,PHI,2026-08-23T17:35:00Z,Scheduled,1,Cristopher Sánchez,650911,L,44.1,Longshot,Watch List,"Projected Lineup, Premium Lineup Spot",38.4,31.4,34.3,88.7,50.0,36.5,No,Yes,1,Yes,Yes,RotoWire projected lineup; MLB probable pitchers,lineup projected / unconfirmed,H:2026 P:2026/2025,,,Direct BvP not yet weighted; 2026/2025 Statcast baseline active,7,7,29,1,"Last 7 games: 7/29, 1 HR","same-side matchup; pitcher baseline 6.8% barrel, 12.7 HR allowed",neutral batted-ball profile; pitcher fly-ball pressure modest,7.4,44.4,89.8,99.3541,0.431,0.179,0.348,71.9,19.7,36.6,29.8,16.0,0.128,6.75,41.2,89.21,0.3541,0.1207,16.62,,,Citizens Bank Park,
117,691720,Kyle Karros,COL,CLE,2026-08-23T19:10:00Z,Scheduled,5,Foster Griffin,656492,L,44.0,Longshot,Watch List,"Projected Lineup, Platoon Edge",24.2,44.2,38.7,81.9,78.0,21.8,No,Yes,5,Yes,Yes,RotoWire projected lineup; MLB probable pitchers,lineup projected / unconfirmed,H:2026/2025 P:2026,,,Direct BvP not yet weighted; 2026/2025 Statcast baseline active,7,3,21,1,"Last 7 games: 3/21, 1 HR","platoon edge; pitcher baseline 9.2% barrel, 23.0 HR allowed",neutral batted-ball profile; pitcher fly-ball pressure modest,5.83,39.09,89.02,99.598,0.3614,0.1201,0.3147,69.8,5.3,39.15,24.13,7.3,0.1252,9.2,38.1,88.0,0.418,0.166,26.5,,,Coors Field,
118,624641,Edmundo Sosa,PHI,STL,2026-08-23T17:35:00Z,Scheduled,6,Kyle Leahy,681517,R,43.9,Longshot,Watch List,Projected Lineup,28.8,52.7,34.3,71.7,50.0,40.3,No,Yes,6,Yes,Yes,RotoWire projected lineup; MLB probable pitchers,lineup projected / unconfirmed,H:2026/2025 P:2026/2025,,,Direct BvP not yet weighted; 2026/2025 Statcast baseline active,7,7,18,0,Contact streak: 7/18 over last 7 games,"same-side matchup; pitcher baseline 10.1% barrel, 9.9 HR allowed",neutral batted-ball profile; pitcher fly-ball pressure modest,6.65,39.75,87.63,99.9331,0.4225,0.1544,0.3166,72.3,25.89,41.66,19.82,6.8,0.1517,10.08,47.11,90.71,0.4415,0.1705,22.26,,,Citizens Bank Park,
119,666182,Bo Bichette,NYM,CWS,2026-08-23T18:10:00Z,Scheduled,3,Sean Newcomb,656794,L,43.8,Longshot,Watch List,"Projected Lineup, Premium Lineup Spot, Platoon Edge, Hot Hitter/Streak",32.1,22.5,27.6,92.1,78.0,74.2,No,Yes,3,Yes,Yes,RotoWire projected lineup; MLB probable pitchers,lineup projected / unconfirmed,H:2026/2025 P:2026/2025,,,Direct BvP not yet weighted; 2026/2025 Statcast baseline active,7,10,27,2,Hot streak: 2 HR in last 7 games,"platoon edge; pitcher baseline 5.5% barrel, 2.9 HR allowed",neutral batted-ball profile; pitcher fly-ball pressure modest,6.78,43.2,89.95,100.9808,0.4303,0.1468,0.3327,69.66,13.02,26.63,22.67,14.5,0.1405,5.49,38.51,88.34,0.3558,0.1089,20.09,,,Rate Field,
120,695734,Daylen Lile,WSH,MIA,2026-08-23T17:40:00Z,Scheduled,1,Janson Junk,676083,R,43.7,Longshot,Watch List,"Projected Lineup, Premium Lineup Spot, Platoon Edge",32.6,41.5,21.5,88.7,80.0,2.7,No,Yes,1,Yes,Yes,RotoWire projected lineup; MLB probable pitchers,lineup projected / unconfirmed,H:2026/2025 P:2026/2025,,,Direct BvP not yet weighted; 2026/2025 Statcast baseline active,7,4,29,0,"Last 7 games: 4/29, 0 HR","platoon edge; pitcher baseline 7.2% barrel, 10.8 HR allowed",neutral batted-ball profile; pitcher fly-ball pressure modest,7.51,37.86,88.55,98.7905,0.428,0.16,0.3242,70.57,8.52,40.66,32.97,13.2,0.171,7.17,42.47,90.62,0.4215,0.1578,22.8,,,loanDepot park,
121,677588,Jose Tena,WSH,MIA,2026-08-23T17:40:00Z,Scheduled,6,Janson Junk,676083,R,43.6,Longshot,Watch List,"Projected Lineup, Platoon Edge",35.1,41.5,21.5,71.7,80.0,32.5,No,Yes,6,Yes,Yes,RotoWire projected lineup; MLB probable pitchers,lineup projected / unconfirmed,H:2026/2025 P:2026/2025,,,Direct BvP not yet weighted; 2026/2025 Statcast baseline active,7,3,14,1,"Last 7 games: 3/14, 1 HR","platoon edge; pitcher baseline 7.2% barrel, 10.8 HR allowed",neutral batted-ball profile; pitcher fly-ball pressure modest,7.75,46.94,90.81,101.954,0.3731,0.1357,0.3055,72.94,33.25,30.81,17.29,4.9,0.1456,7.17,42.47,90.62,0.4215,0.1578,22.8,,,loanDepot park,
122,572233,Christian Walker,HOU,ATH,2026-08-23T18:10:00Z,Scheduled,5,Brady Basso,669620,L,43.5,Longshot,Watch List,"Projected Lineup, Strong Barrel, Platoon Edge",41.8,23.4,27.6,81.9,78.0,29.2,No,Yes,5,Yes,Yes,RotoWire projected lineup; MLB probable pitchers,lineup projected / unconfirmed,H:2026/2025 P:2026/2025,,,Direct BvP not yet weighted; 2026/2025 Statcast baseline active,7,5,26,1,"Last 7 games: 5/26, 1 HR","platoon edge; pitcher baseline 5.3% barrel, 1.4 HR allowed",neutral batted-ball profile; pitcher fly-ball pressure modest,10.31,43.02,89.78,101.5641,0.4,0.1729,0.3063,74.38,43.97,42.9,28.0,24.2,0.2012,5.26,40.25,88.82,0.3571,0.0937,24.36,,,Daikin Park,
123,664954,Brett Sullivan,COL,CLE,2026-08-23T19:10:00Z,Scheduled,8,Foster Griffin,656492,L,43.5,Longshot,Watch List,"Projected Lineup, Strong Barrel",43.6,44.2,38.7,47.9,50.0,28.9,No,Yes,8,Yes,Yes,RotoWire projected lineup; MLB probable pitchers,lineup projected / unconfirmed,H:2026/2025 P:2026,,,Direct BvP not yet weighted; 2026/2025 Statcast baseline active,7,4,21,1,"Last 7 games: 4/21, 1 HR","same-side matchup; pitcher baseline 9.2% barrel, 23.0 HR allowed",fly-ball profile; pitcher fly-ball pressure modest,10.51,52.82,90.37,97.9382,0.3652,0.1626,0.3117,68.88,5.32,52.24,35.37,4.9,0.1414,9.2,38.1,88.0,0.418,0.166,26.5,,,Coors Field,
124,680574,Matt McLain,CIN,AZ,2026-08-23T20:15:00Z,Scheduled,6,Mitch Bratt,683352,L,43.5,Longshot,Watch List,"Projected Lineup, Platoon Edge",34.6,33.3,28.2,71.7,78.0,56.2,No,Yes,6,Yes,Yes,RotoWire projected lineup; MLB probable pitchers,lineup projected / unconfirmed,H:2026/2025 P:2026,,,Direct BvP not yet weighted; 2026/2025 Statcast baseline active,7,6,24,2,Hot streak: 2 HR in last 7 games,"platoon edge; pitcher baseline 8.1% barrel, 5.0 HR allowed",neutral batted-ball profile; pitcher allows elevated contact,9.55,38.53,88.31,99.0888,0.3876,0.1602,0.3117,71.0,9.96,35.57,32.31,12.9,0.1461,8.1,35.1,87.4,0.365,0.147,33.3,,,Chase Field,
125,650333,Luis Arraez,PHI,STL,2026-08-23T17:35:00Z,Scheduled,4,Kyle Leahy,681517,R,43.4,Longshot,Watch List,"Projected Lineup, Premium Lineup Spot, Platoon Edge",7.7,52.7,34.3,90.4,80.0,63.3,No,Yes,4,Yes,Yes,RotoWire projected lineup; MLB probable pitchers,lineup projected / unconfirmed,H:2026/2025 P:2026/2025,,,Direct BvP not yet weighted; 2026/2025 Statcast baseline active,7,12,28,1,Contact streak: 12/28 over last 7 games,"platoon edge; pitcher baseline 10.1% barrel, 9.9 HR allowed",neutral batted-ball profile; pitcher fly-ball pressure modest,1.17,19.08,86.59,94.0058,0.3777,0.0879,0.3072,62.99,0.12,30.24,28.52,6.6,0.1154,10.08,47.11,90.71,0.4415,0.1705,22.26,,,Citizens Bank Park,
126,663656,Kyle Tucker,LAD,PIT,2026-08-23T20:10:00Z,Scheduled,6,Lake Bachar,669199,R,43.4,Longshot,Watch List,"Projected Lineup, Platoon Edge",32.9,46.1,27.6,71.7,80.0,2.7,No,Yes,6,Yes,Yes,RotoWire projected lineup; MLB probable pitchers,lineup projected / unconfirmed,H:2026/2025 P:2026/2025,,,Direct BvP not yet weighted; 2026/2025 Statcast baseline active,7,4,29,0,"Last 7 games: 4/29, 0 HR","platoon edge; pitcher baseline 9.7% barrel, 11.4 HR allowed",neutral batted-ball profile; pitcher allows elevated contact,7.3,38.44,89.26,98.8817,0.4116,0.1521,0.3398,71.58,20.87,43.59,32.7,14.3,0.1532,9.72,37.09,89.46,0.3899,0.1794,32.06,,,UNIQLO Field at Dodger Stadium,
127,814430,Brett Callahan,DET,KC,2026-08-23T18:10:00Z,Scheduled,6,Daniel Lynch IV,663738,L,43.0,Longshot,Watch List,"Projected Lineup, Strong Barrel",47.2,30.0,23.2,71.7,50.0,44.5,No,Yes,6,Yes,Yes,RotoWire projected lineup; MLB probable pitchers,lineup projected / unconfirmed,H:2026 P:2026/2025,,,Direct BvP not yet weighted; 2026/2025 Statcast baseline active,6,5,17,1,"Last 6 games: 5/17, 1 HR","same-side matchup; pitcher baseline 6.4% barrel, 5.2 HR allowed",neutral batted-ball profile; pitcher fly-ball pressure modest,10.0,40.0,87.6,99.8528,0.575,0.266,0.374,73.6,47.4,30.0,20.0,1.0,0.384,6.42,37.81,88.25,0.3832,0.1424,25.14,,,Kauffman Stadium,
128,683734,Andrew Vaughn,MIL,ATL,2026-08-23T23:10:00Z,Scheduled,5,Tyler Mahle,641816,R,43.0,Longshot,Watch List,Projected Lineup,35.0,40.1,27.6,81.9,50.0,34.5,No,Yes,5,Yes,Yes,RotoWire projected lineup; MLB probable pitchers,lineup projected / unconfirmed,H:2026/2025 P:2026/2025,,,Direct BvP not yet weighted; 2026/2025 Statcast baseline active,7,7,20,0,Contact streak: 7/20 over last 7 games,"same-side matchup; pitcher baseline 7.7% barrel, 12.7 HR allowed",neutral batted-ball profile; pitcher fly-ball pressure modest,7.59,44.41,90.41,100.217,0.4195,0.1479,0.3434,70.53,13.64,36.31,24.41,7.7,0.1535,7.65,37.59,89.55,0.4074,0.1579,28.59,,,Journey Bank Ballpark,
129,690993,Colt Keith,DET,KC,2026-08-23T18:10:00Z,Scheduled,3,Daniel Lynch IV,663738,L,42.9,Longshot,Watch List,"Projected Lineup, Premium Lineup Spot",36.4,30.0,23.2,92.1,50.0,56.6,No,Yes,3,Yes,Yes,RotoWire projected lineup; MLB probable pitchers,lineup projected / unconfirmed,H:2026/2025 P:2026/2025,,,Direct BvP not yet weighted; 2026/2025 Statcast baseline active,7,6,16,1,Contact streak: 6/16 over last 7 games,"same-side matchup; pitcher baseline 6.4% barrel, 5.2 HR allowed",neutral batted-ball profile; pitcher fly-ball pressure modest,8.01,42.79,89.3,100.2117,0.4384,0.166,0.3382,71.47,15.5,37.17,26.44,10.2,0.1542,6.42,37.81,88.25,0.3832,0.1424,25.14,,,Kauffman Stadium,
130,691728,Zac Veen,COL,CLE,2026-08-23T19:10:00Z,Scheduled,9,Foster Griffin,656492,L,42.9,Longshot,Watch List,"Projected Lineup, Strong Barrel",48.0,44.2,38.7,40.2,50.0,10.1,No,Yes,9,Yes,Yes,RotoWire projected lineup; MLB probable pitchers,lineup projected / unconfirmed,H:2026/2025 P:2026,,,Direct BvP not yet weighted; 2026/2025 Statcast baseline active,7,3,16,0,"Last 7 games: 3/16, 0 HR","same-side matchup; pitcher baseline 9.2% barrel, 23.0 HR allowed",fly-ball profile; pitcher fly-ball pressure modest,14.24,34.48,86.91,100.4071,0.436,0.2418,0.2914,72.05,24.48,58.02,42.35,1.7,0.2934,9.2,38.1,88.0,0.418,0.166,26.5,,,Coors Field,
131,647304,Josh Naylor,SEA,CHC,2026-08-23T20:10:00Z,Scheduled,4,Shota Imanaga,684007,L,42.9,Longshot,Watch List,"Projected Lineup, Premium Lineup Spot",24.2,53.7,25.4,90.4,50.0,20.7,No,Yes,4,Yes,Yes,RotoWire projected lineup; MLB probable pitchers,lineup projected / unconfirmed,H:2026/2025 P:2026/2025,,,Direct BvP not yet weighted; 2026/2025 Statcast baseline active,7,8,31,0,"Last 7 games: 8/31, 0 HR","same-side matchup; pitcher baseline 10.5% barrel, 29.6 HR allowed",neutral batted-ball profile; pitcher allows elevated contact,5.3,38.47,88.08,99.2007,0.404,0.1324,0.3236,70.41,11.47,41.85,22.85,13.0,0.1215,10.48,37.83,89.09,0.4284,0.194,34.74,,,T-Mobile Park,
132,669242,Tommy Edman,LAD,PIT,2026-08-23T20:10:00Z,Scheduled,5,Lake Bachar,669199,R,42.8,Longshot,Watch List,"Projected Lineup, Platoon Edge",23.1,44.9,27.6,81.9,75.0,40.7,No,Yes,5,Yes,Yes,RotoWire projected lineup; MLB probable pitchers,lineup projected / unconfirmed,H:2026/2025 P:2026/2025,,,Direct BvP not yet weighted; 2026/2025 Statcast baseline active,7,7,26,1,"Last 7 games: 7/26, 1 HR","switch hitter; pitcher baseline 9.7% barrel, 11.4 HR allowed",neutral batted-ball profile; pitcher allows elevated contact,5.48,37.17,88.23,99.4743,0.383,0.1181,0.3154,70.52,12.53,42.11,25.87,6.7,0.143,9.72,37.09,89.46,0.3899,0.1794,32.06,,,UNIQLO Field at Dodger Stadium,
133,606192,Teoscar Hernandez,LAD,PIT,2026-08-23T20:10:00Z,Scheduled,7,Lake Bachar,669199,R,42.8,Longshot,Watch List,Projected Lineup,42.2,46.1,27.6,59.8,50.0,15.3,No,Yes,7,Yes,Yes,RotoWire projected lineup; MLB probable pitchers,lineup projected / unconfirmed,H:2026/2025 P:2026/2025,,,Direct BvP not yet weighted; 2026/2025 Statcast baseline active,7,6,27,0,"Last 7 games: 6/27, 0 HR","same-side matchup; pitcher baseline 9.7% barrel, 11.4 HR allowed",neutral batted-ball profile; pitcher allows elevated contact,9.82,44.49,89.85,101.0969,0.4256,0.1794,0.3181,72.41,24.85,34.5,29.31,15.2,0.1664,9.72,37.09,89.46,0.3899,0.1794,32.06,,,UNIQLO Field at Dodger Stadium,
134,677800,Wilyer Abreu,BOS,SF,2026-08-23T19:15:00Z,Scheduled,3,Matt Wilkinson,683363,L,42.7,Longshot,Watch List,"Projected Lineup, Strong Barrel, Premium Lineup Spot",54.5,2.5,28.7,92.1,50.0,48.5,No,Yes,3,Yes,Yes,RotoWire projected lineup; MLB probable pitchers,lineup projected / unconfirmed,H:2026/2025 P:2026,,,Direct BvP not yet weighted; 2026/2025 Statcast baseline active,7,9,28,1,Contact streak: 9/28 over last 7 games,"same-side matchup; pitcher baseline 0.0% barrel, 0.0 HR allowed",fly-ball profile; pitcher fly-ball pressure modest,12.65,44.69,90.17,101.4905,0.4848,0.2285,0.3511,73.89,38.73,38.67,36.82,22.0,0.2157,0.0,14.3,79.6,0.237,0.017,28.6,,,Fenway Park,
135,694249,Cole Carrigg,COL,CLE,2026-08-23T19:10:00Z,Scheduled,3,Foster Griffin,656492,L,42.6,Longshot,Watch List,"Projected Lineup, Premium Lineup Spot, Platoon Edge",19.5,42.5,38.7,92.1,75.0,9.8,No,Yes,3,Yes,Yes,RotoWire projected lineup; MLB probable pitchers,lineup projected / unconfirmed,H:2026 P:2026,,,Direct BvP not yet weighted; 2026/2025 Statcast baseline active,7,5,27,0,"Last 7 games: 5/27, 0 HR","switch hitter; pitcher baseline 9.2% barrel, 23.0 HR allowed",neutral batted-ball profile; pitcher fly-ball pressure modest,4.5,31.8,86.5,97.9672,0.385,0.125,0.326,73.5,37.9,48.4,26.1,5.0,0.188,9.2,38.1,88.0,0.418,0.166,26.5,,,Coors Field,
136,673357,Luis Robert,NYM,CWS,2026-08-23T18:10:00Z,Scheduled,6,Sean Newcomb,656794,L,42.4,Longshot,Watch List,"Projected Lineup, Platoon Edge, Hot Hitter/Streak",36.1,22.5,27.6,71.7,78.0,78.7,No,Yes,6,Yes,Yes,RotoWire projected lineup; MLB probable pitchers,lineup projected / unconfirmed,H:2026/2025 P:2026/2025,,,Direct BvP not yet weighted; 2026/2025 Statcast baseline active,7,5,18,3,Hot streak: 3 HR in last 7 games,"platoon edge; pitcher baseline 5.5% barrel, 2.9 HR allowed",neutral batted-ball profile; pitcher fly-ball pressure modest,7.71,39.43,89.26,101.4951,0.3994,0.1639,0.3105,76.44,66.5,45.39,26.89,9.1,0.1473,5.49,38.51,88.34,0.3558,0.1089,20.09,,,Rate Field,
137,668904,Royce Lewis,MIN,SD,2026-08-23T20:10:00Z,Scheduled,6,Walker Buehler,621111,R,42.3,Longshot,Watch List,"Projected Lineup, Strong Barrel",42.7,41.6,22.6,71.7,50.0,6.0,No,Yes,6,Yes,Yes,RotoWire projected lineup; MLB probable pitchers,lineup projected / unconfirmed,H:2026/2025 P:2026/2025,,,Direct BvP not yet weighted; 2026/2025 Statcast baseline active,7,4,25,0,"Last 7 games: 4/25, 0 HR","same-side matchup; pitcher baseline 8.5% barrel, 16.4 HR allowed",neutral batted-ball profile; pitcher fly-ball pressure modest,10.8,41.63,89.87,100.9118,0.4124,0.1684,0.3147,74.72,50.38,47.42,30.01,13.0,0.1699,8.52,38.57,88.95,0.4129,0.1589,23.51,,,Petco Park,
138,702616,Jackson Holliday,BAL,TB,2026-08-23T17:35:00Z,Scheduled,1,Nick Martinez,607259,R,42.0,Longshot,Watch List,"Projected Lineup, Premium Lineup Spot, Platoon Edge",25.6,36.3,32.1,88.7,80.0,8.8,No,Yes,1,Yes,Yes,RotoWire projected lineup; MLB probable pitchers,lineup projected / unconfirmed,H:2026/2025 P:2026/2025,,,Direct BvP not yet weighted; 2026/2025 Statcast baseline active,7,5,28,0,"Last 7 games: 5/28, 0 HR","platoon edge; pitcher baseline 7.2% barrel, 18.5 HR allowed",neutral batted-ball profile; pitcher fly-ball pressure modest,7.31,35.69,87.75,98.0892,0.376,0.1371,0.3119,70.6,7.41,34.43,24.82,9.3,0.1323,7.21,33.45,87.46,0.4303,0.1579,28.47,,,Oriole Park at Camden Yards,
139,656537,Derek Hill,PHI,STL,2026-08-23T17:35:00Z,Scheduled,9,Kyle Leahy,681517,R,42.0,Longshot,Watch List,"Projected Lineup, Strong Barrel",38.0,52.7,34.3,40.2,50.0,32.0,No,Yes,9,Yes,Yes,RotoWire projected lineup; MLB probable pitchers,lineup projected / unconfirmed,H:2026/2025 P:2026/2025,,,Direct BvP not yet weighted; 2026/2025 Statcast baseline active,7,3,9,0,Contact streak: 3/9 over last 7 games,"same-side matchup; pitcher baseline 10.1% barrel, 9.9 HR allowed",neutral batted-ball profile; pitcher fly-ball pressure modest,10.71,39.88,89.87,100.1788,0.3901,0.1619,0.2964,71.97,19.87,35.84,24.25,7.2,0.1603,10.08,47.11,90.71,0.4415,0.1705,22.26,,,Citizens Bank Park,
140,679529,Spencer Torkelson,DET,KC,2026-08-23T18:10:00Z,Scheduled,7,Daniel Lynch IV,663738,L,42.0,Longshot,Watch List,"Projected Lineup, Strong Barrel, Platoon Edge",48.4,30.0,23.2,59.8,78.0,0.0,No,Yes,7,Yes,Yes,RotoWire projected lineup; MLB probable pitchers,lineup projected / unconfirmed,H:2026/2025 P:2026/2025,,,Direct BvP not yet weighted; 2026/2025 Statcast baseline active,7,0,19,0,"Last 7 games: 0/19, 0 HR","platoon edge; pitcher baseline 6.4% barrel, 5.2 HR allowed",fly-ball profile; pitcher fly-ball pressure modest,12.94,42.09,89.57,100.1783,0.4196,0.1999,0.3214,73.07,25.88,47.07,35.62,23.3,0.195,6.42,37.81,88.25,0.3832,0.1424,25.14,,,Kauffman Stadium,
141,701807,Carson Benge,NYM,CWS,2026-08-23T18:10:00Z,Scheduled,4,Sean Newcomb,656794,L,42.0,Longshot,Watch List,"Projected Lineup, Premium Lineup Spot, Hot Hitter/Streak",33.7,22.5,27.6,90.4,50.0,83.2,No,Yes,4,Yes,Yes,RotoWire projected lineup; MLB probable pitchers,lineup projected / unconfirmed,H:2026 P:2026/2025,,,Direct BvP not yet weighted; 2026/2025 Statcast baseline active,7,8,26,3,Hot streak: 3 HR in last 7 games,"same-side matchup; pitcher baseline 5.5% barrel, 2.9 HR allowed",neutral batted-ball profile; pitcher fly-ball pressure modest,7.4,41.1,89.3,99.9721,0.437,0.158,0.34,70.9,16.9,32.4,26.2,15.0,0.145,5.49,38.51,88.34,0.3558,0.1089,20.09,,,Rate Field,
142,677649,Ezequiel Duran,TEX,LAA,2026-08-23T18:35:00Z,Scheduled,5,Yusei Kikuchi,579328,L,42.0,Longshot,Watch List,"Projected Lineup, Platoon Edge",19.9,48.3,27.6,81.9,78.0,24.0,No,Yes,5,Yes,Yes,RotoWire projected lineup; MLB probable pitchers,lineup projected / unconfirmed,H:2026/2025 P:2026/2025,,,Direct BvP not yet weighted; 2026/2025 Statcast baseline active,7,7,25,0,"Last 7 games: 7/25, 0 HR","platoon edge; pitcher baseline 8.8% barrel, 9.3 HR allowed",neutral batted-ball profile; pitcher fly-ball pressure modest,5.05,35.24,87.68,98.8693,0.351,0.1139,0.2855,72.34,24.59,36.29,21.44,9.1,0.1397,8.77,42.48,90.44,0.4406,0.1843,25.43,,,Globe Life Field,
143,650559,Bryan De La Cruz,PHI,STL,2026-08-23T17:35:00Z,Scheduled,7,Kyle Leahy,681517,R,41.8,Longshot,Watch List,Projected Lineup,31.5,52.7,34.3,59.8,50.0,14.1,No,Yes,7,Yes,Yes,RotoWire projected lineup; MLB probable pitchers,lineup projected / unconfirmed,H:2026/2025 P:2026/2025,,,Direct BvP not yet weighted; 2026/2025 Statcast baseline active,7,3,14,0,"Last 7 games: 3/14, 0 HR","same-side matchup; pitcher baseline 10.1% barrel, 9.9 HR allowed",neutral batted-ball profile; pitcher fly-ball pressure modest,7.67,43.51,88.77,99.6919,0.3927,0.1469,0.3094,71.48,18.26,28.17,18.75,1.4,0.1648,10.08,47.11,90.71,0.4415,0.1705,22.26,,,Citizens Bank Park,
144,643446,Jeff McNeil,ATH,HOU,2026-08-23T18:10:00Z,Scheduled,2,Cristian Javier,664299,R,41.8,Longshot,Watch List,"Projected Lineup, Premium Lineup Spot, Platoon Edge",13.2,43.8,27.6,95.5,80.0,44.8,No,Yes,2,Yes,Yes,RotoWire projected lineup; MLB probable pitchers,lineup projected / unconfirmed,H:2026/2025 P:2026/2025,,,Direct BvP not yet weighted; 2026/2025 Statcast baseline active,7,8,27,1,"Last 7 games: 8/27, 1 HR","platoon edge; pitcher baseline 7.9% barrel, 5.8 HR allowed",neutral batted-ball profile; pitcher allows elevated contact,2.86,32.13,86.92,96.7825,0.3775,0.1034,0.3146,69.23,5.37,43.63,23.26,7.8,0.1169,7.9,38.16,89.81,0.4229,0.1663,38.59,,,Daikin Park,
145,687093,Vaughn Grissom,LAA,TEX,2026-08-23T18:35:00Z,Scheduled,3,Cal Quantrill,615698,R,41.8,Longshot,Watch List,"Projected Lineup, Premium Lineup Spot",25.4,46.0,27.6,92.1,50.0,16.6,No,Yes,3,Yes,Yes,RotoWire projected lineup; MLB probable pitchers,lineup projected / unconfirmed,H:2026 P:2026/2025,,,Direct BvP not yet weighted; 2026/2025 Statcast baseline active,7,6,26,0,"Last 7 games: 6/26, 0 HR","same-side matchup; pitcher baseline 9.0% barrel, 12.9 HR allowed",neutral batted-ball profile; pitcher fly-ball pressure modest,6.2,38.2,88.0,99.2041,0.378,0.129,0.31,71.4,18.4,41.9,25.7,7.0,0.128,9.0,37.37,89.0,0.44,0.1835,29.01,,,Globe Life Field,
146,695670,Harry Ford,WSH,MIA,2026-08-23T17:40:00Z,Scheduled,5,Janson Junk,676083,R,41.4,Longshot,Watch List,"Projected Lineup, Strong Barrel",35.2,41.5,21.5,81.9,50.0,12.0,No,Yes,5,Yes,Yes,RotoWire projected lineup; MLB probable pitchers,lineup projected / unconfirmed,H:2026/2025 P:2026/2025,,,Direct BvP not yet weighted; 2026/2025 Statcast baseline active,7,4,20,0,"Last 7 games: 4/20, 0 HR","same-side matchup; pitcher baseline 7.2% barrel, 10.8 HR allowed",fly-ball profile; pitcher fly-ball pressure modest,13.66,35.58,86.34,98.0269,0.3094,0.1507,0.2593,69.2,5.07,34.24,43.84,1.4,0.1477,7.17,42.47,90.62,0.4215,0.1578,22.8,,,loanDepot park,
147,672640,Otto Lopez,MIA,WSH,2026-08-23T17:40:00Z,Scheduled,4,Jackson Kent,800600,L,41.3,Longshot,Watch List,"Projected Lineup, Premium Lineup Spot, Platoon Edge",29.8,32.5,21.5,90.4,78.0,15.3,No,Yes,4,Yes,Yes,RotoWire projected lineup; MLB probable pitchers,lineup projected / unconfirmed,H:2026/2025 P:2026,,,Direct BvP not yet weighted; 2026/2025 Statcast baseline active,7,6,27,0,"Last 7 games: 6/27, 0 HR","platoon edge; pitcher baseline 4.2% barrel, 1.0 HR allowed",neutral batted-ball profile; pitcher fly-ball pressure modest,6.4,40.19,88.85,100.1832,0.4249,0.1461,0.3258,71.7,22.95,32.51,22.5,10.8,0.1346,4.2,50.0,90.9,0.412,0.129,12.5,,,loanDepot park,
148,678545,Osleivis Basabe,SF,BOS,2026-08-23T19:15:00Z,Scheduled,5,Jake Bennett,687562,L,41.1,Longshot,Watch List,"Projected Lineup, Platoon Edge",35.1,26.8,28.7,81.9,78.0,5.1,No,Yes,5,Yes,Yes,RotoWire projected lineup; MLB probable pitchers,lineup projected / unconfirmed,H:2026 P:2026,,,Direct BvP not yet weighted; 2026/2025 Statcast baseline active,7,4,26,0,"Last 7 games: 4/26, 0 HR","platoon edge; pitcher baseline 6.2% barrel, 6.0 HR allowed",fly-ball profile; pitcher fly-ball pressure modest,9.1,39.3,88.7,99.2819,0.374,0.143,0.275,73.4,32.5,41.1,35.7,3.0,0.162,6.2,36.4,88.0,0.363,0.133,24.8,,,Fenway Park,
149,676724,Jared Young,NYM,CWS,2026-08-23T18:10:00Z,Scheduled,5,Sean Newcomb,656794,L,41.0,Longshot,Watch List,Projected Lineup,41.6,22.5,27.6,81.9,50.0,36.0,No,Yes,5,Yes,Yes,RotoWire projected lineup; MLB probable pitchers,lineup projected / unconfirmed,H:2026/2025 P:2026/2025,,,Direct BvP not yet weighted; 2026/2025 Statcast baseline active,7,9,25,0,Contact streak: 9/25 over last 7 games,"same-side matchup; pitcher baseline 5.5% barrel, 2.9 HR allowed",neutral batted-ball profile; pitcher fly-ball pressure modest,9.96,44.69,88.59,101.1371,0.4238,0.1892,0.3156,73.44,33.88,39.02,26.6,6.8,0.2117,5.49,38.51,88.34,0.3558,0.1089,20.09,,,Rate Field,
150,669224,Austin Wells,NYY,TOR,2026-08-23T17:35:00Z,Scheduled,8,José Soriano,667755,R,40.8,Longshot,Watch List,"Projected Lineup, Platoon Edge",35.8,37.7,38.2,47.9,80.0,5.7,No,Yes,8,Yes,Yes,RotoWire projected lineup; MLB probable pitchers,lineup projected / unconfirmed,H:2026/2025 P:2026/2025,,,Direct BvP not yet weighted; 2026/2025 Statcast baseline active,7,3,19,0,"Last 7 games: 3/19, 0 HR","platoon edge; pitcher baseline 7.8% barrel, 12.7 HR allowed",neutral batted-ball profile; pitcher fly-ball pressure modest,7.61,43.24,89.48,100.5968,0.3683,0.1591,0.2899,72.98,27.39,46.38,32.93,11.9,0.147,7.76,41.55,89.65,0.3866,0.1397,18.54,,,Yankee Stadium,
151,681047,Christian Franklin,BAL,TB,2026-08-23T17:35:00Z,Scheduled,7,Nick Martinez,607259,R,40.7,Longshot,Watch List,"Projected Lineup, Strong Barrel",42.0,36.3,32.1,59.8,50.0,8.5,No,Yes,7,Yes,Yes,RotoWire projected lineup; MLB probable pitchers,lineup projected / unconfirmed,H:2026 P:2026/2025,,,Direct BvP not yet weighted; 2026/2025 Statcast baseline active,7,3,17,0,"Last 7 games: 3/17, 0 HR","same-side matchup; pitcher baseline 7.2% barrel, 18.5 HR allowed",neutral batted-ball profile; pitcher fly-ball pressure modest,13.3,46.7,87.9,98.8344,0.324,0.157,0.314,74.6,54.8,13.3,26.7,0.0,0.045,7.21,33.45,87.46,0.4303,0.1579,28.47,,,Oriole Park at Camden Yards,
152,650402,Gleyber Torres,DET,KC,2026-08-23T18:10:00Z,Scheduled,2,Daniel Lynch IV,663738,L,40.6,Longshot,Watch List,"Projected Lineup, Premium Lineup Spot, Platoon Edge",25.5,30.0,23.2,95.5,78.0,23.4,No,Yes,2,Yes,Yes,RotoWire projected lineup; MLB probable pitchers,lineup projected / unconfirmed,H:2026/2025 P:2026/2025,,,Direct BvP not yet weighted; 2026/2025 Statcast baseline active,7,8,29,0,"Last 7 games: 8/29, 0 HR","platoon edge; pitcher baseline 6.4% barrel, 5.2 HR allowed",neutral batted-ball profile; pitcher fly-ball pressure modest,7.15,34.73,87.34,97.7457,0.4046,0.1475,0.342,68.7,5.82,26.97,27.52,10.4,0.1282,6.42,37.81,88.25,0.3832,0.1424,25.14,,,Kauffman Stadium,
153,690984,Petey Halpin,CLE,COL,2026-08-23T19:10:00Z,Scheduled,9,Tomoyuki Sugano,608372,R,40.6,Longshot,Watch List,"Projected Lineup, Pitcher Vulnerable, Platoon Edge",8.8,73.7,38.7,40.2,80.0,26.4,No,Yes,9,Yes,Yes,RotoWire projected lineup; MLB probable pitchers,lineup projected / unconfirmed,H:2026/2025 P:2026/2025,,,Direct BvP not yet weighted; 2026/2025 Statcast baseline active,7,4,23,1,"Last 7 games: 4/23, 1 HR","platoon edge; pitcher baseline 13.0% barrel, 28.1 HR allowed",neutral batted-ball profile; pitcher allows elevated contact,4.48,19.25,81.87,93.6761,0.3122,0.0959,0.2818,70.36,5.74,38.1,33.19,2.1,0.0784,12.99,42.6,90.63,0.5562,0.2518,30.49,,,Coors Field,
154,665161,Jeremy Pena,HOU,ATH,2026-08-23T18:10:00Z,Scheduled,1,Brady Basso,669620,L,40.5,Longshot,Watch List,"Projected Lineup, Premium Lineup Spot, Platoon Edge",29.7,23.4,27.6,88.7,78.0,29.2,No,Yes,1,Yes,Yes,RotoWire projected lineup; MLB probable pitchers,lineup projected / unconfirmed,H:2026/2025 P:2026/2025,,,Direct BvP not yet weighted; 2026/2025 Statcast baseline active,7,5,26,1,"Last 7 games: 5/26, 1 HR","platoon edge; pitcher baseline 5.3% barrel, 1.4 HR allowed",neutral batted-ball profile; pitcher fly-ball pressure modest,6.17,40.73,88.48,99.8889,0.4229,0.1459,0.3326,72.23,14.06,46.41,23.8,14.9,0.1821,5.26,40.25,88.82,0.3571,0.0937,24.36,,,Daikin Park,
155,621438,Tyrone Taylor,CHC,SEA,2026-08-23T20:10:00Z,Scheduled,6,Bryce Miller,682243,R,40.3,Longshot,Watch List,Projected Lineup,29.8,41.2,25.4,71.7,50.0,45.0,No,Yes,6,Yes,Yes,RotoWire projected lineup; MLB probable pitchers,lineup projected / unconfirmed,H:2026/2025 P:2026/2025,,,Direct BvP not yet weighted; 2026/2025 Statcast baseline active,7,4,9,0,Contact streak: 4/9 over last 7 games,"same-side matchup; pitcher baseline 7.9% barrel, 15.6 HR allowed",neutral batted-ball profile; pitcher allows elevated contact,8.28,34.54,86.78,98.4126,0.4074,0.1637,0.3064,71.21,12.56,50.26,30.91,7.6,0.1919,7.93,37.75,89.04,0.3937,0.161,31.72,,,T-Mobile Park,
156,592663,J.T. Realmuto,PHI,STL,2026-08-23T17:35:00Z,Scheduled,8,Kyle Leahy,681517,R,40.2,Longshot,Watch List,Projected Lineup,30.5,52.7,34.3,47.9,50.0,22.9,No,Yes,8,Yes,Yes,RotoWire projected lineup; MLB probable pitchers,lineup projected / unconfirmed,H:2026/2025 P:2026/2025,,,Direct BvP not yet weighted; 2026/2025 Statcast baseline active,7,6,22,0,"Last 7 games: 6/22, 0 HR","same-side matchup; pitcher baseline 10.1% barrel, 9.9 HR allowed",neutral batted-ball profile; pitcher fly-ball pressure modest,5.79,41.86,89.79,100.1831,0.3935,0.137,0.3202,72.84,32.15,41.25,25.45,9.2,0.1263,10.08,47.11,90.71,0.4415,0.1705,22.26,,,Citizens Bank Park,
157,668804,Bryan Reynolds,PIT,LAD,2026-08-23T20:10:00Z,Scheduled,3,Blake Snell,605483,L,40.2,Longshot,Watch List,"Projected Lineup, Strong Barrel, Premium Lineup Spot, Platoon Edge",46.2,0.8,27.6,92.1,75.0,19.5,No,Yes,3,Yes,Yes,RotoWire projected lineup; MLB probable pitchers,lineup projected / unconfirmed,H:2026/2025 P:2026/2025,,,Direct BvP not yet weighted; 2026/2025 Statcast baseline active,7,7,28,0,"Last 7 games: 7/28, 0 HR","switch hitter; pitcher baseline 1.7% barrel, 0.9 HR allowed",neutral batted-ball profile; pitcher fly-ball pressure modest,10.94,46.7,90.85,101.9298,0.4379,0.1869,0.3464,72.62,28.16,40.36,25.11,15.3,0.164,1.74,17.76,83.82,0.2562,0.0567,22.38,,,UNIQLO Field at Dodger Stadium,
158,650859,Luis Rengifo,SD,MIN,2026-08-23T20:10:00Z,Scheduled,6,Bailey Ober,641927,R,40.2,Longshot,Watch List,"Projected Lineup, Platoon Edge",16.3,52.6,22.6,71.7,75.0,40.7,No,Yes,6,Yes,Yes,RotoWire projected lineup; MLB probable pitchers,lineup projected / unconfirmed,H:2026/2025 P:2026/2025,,,Direct BvP not yet weighted; 2026/2025 Statcast baseline active,7,7,26,1,"Last 7 games: 7/26, 1 HR","switch hitter; pitcher baseline 10.3% barrel, 20.9 HR allowed",neutral batted-ball profile; pitcher allows elevated contact,4.58,33.61,87.52,97.8176,0.3568,0.1003,0.3062,70.76,14.23,36.9,18.01,5.5,0.0837,10.34,36.58,88.9,0.4655,0.2119,31.69,,,Petco Park,
159,677950,Alek Thomas,LAD,PIT,2026-08-23T20:10:00Z,Scheduled,8,Lake Bachar,669199,R,40.1,Longshot,Watch List,"Projected Lineup, Platoon Edge",33.4,46.1,27.6,47.9,80.0,0.0,No,Yes,8,Yes,Yes,RotoWire projected lineup; MLB probable pitchers,lineup projected / unconfirmed,H:2026/2025 P:2026/2025,,,Direct BvP not yet weighted; 2026/2025 Statcast baseline active,7,2,20,0,"Last 7 games: 2/20, 0 HR","platoon edge; pitcher baseline 9.7% barrel, 11.4 HR allowed",neutral batted-ball profile; pitcher allows elevated contact,8.36,41.96,89.81,100.5387,0.3895,0.1524,0.2911,70.05,7.47,30.91,23.95,4.1,0.1476,9.72,37.09,89.46,0.3899,0.1794,32.06,,,UNIQLO Field at Dodger Stadium,
160,642215,Weston Wilson,SEA,CHC,2026-08-23T20:10:00Z,Scheduled,8,Shota Imanaga,684007,L,40.1,Longshot,Watch List,"Projected Lineup, Platoon Edge",23.8,53.7,25.4,47.9,78.0,37.8,No,Yes,8,Yes,Yes,RotoWire projected lineup; MLB probable pitchers,lineup projected / unconfirmed,H:2026/2025 P:2026/2025,,,Direct BvP not yet weighted; 2026/2025 Statcast baseline active,7,3,12,1,"Last 7 games: 3/12, 1 HR","platoon edge; pitcher baseline 10.5% barrel, 29.6 HR allowed",neutral batted-ball profile; pitcher allows elevated contact,7.36,35.26,86.39,98.4709,0.3297,0.1305,0.2838,72.64,26.54,46.36,27.95,4.3,0.1542,10.48,37.83,89.09,0.4284,0.194,34.74,,,T-Mobile Park,
161,682626,Francisco Alvarez,NYM,CWS,2026-08-23T18:10:00Z,Scheduled,9,Sean Newcomb,656794,L,40.0,Longshot,Watch List,"Projected Lineup, Strong Barrel, Platoon Edge",53.9,22.5,27.6,40.2,78.0,0.0,No,Yes,9,Yes,Yes,RotoWire projected lineup; MLB probable pitchers,lineup projected / unconfirmed,H:2026/2025 P:2026/2025,,,Direct BvP not yet weighted; 2026/2025 Statcast baseline active,7,2,25,0,"Last 7 games: 2/25, 0 HR","platoon edge; pitcher baseline 5.5% barrel, 2.9 HR allowed",neutral batted-ball profile; pitcher fly-ball pressure modest,14.69,47.02,90.93,102.7078,0.4342,0.2031,0.3288,74.11,42.46,39.57,24.96,12.4,0.1777,5.49,38.51,88.34,0.3558,0.1089,20.09,,,Rate Field,
162,805808,Kevin McGonigle,DET,KC,2026-08-23T18:10:00Z,Scheduled,1,Daniel Lynch IV,663738,L,39.7,Longshot,Watch List,"Projected Lineup, Premium Lineup Spot",31.9,30.0,23.2,88.7,50.0,32.5,No,Yes,1,Yes,Yes,RotoWire projected lineup; MLB probable pitchers,lineup projected / unconfirmed,H:2026 P:2026/2025,,,Direct BvP not yet weighted; 2026/2025 Statcast baseline active,7,6,28,1,"Last 7 games: 6/28, 1 HR","same-side matchup; pitcher baseline 6.4% barrel, 5.2 HR allowed",fly-ball profile; pitcher fly-ball pressure modest,6.8,36.8,88.1,98.2643,0.426,0.165,0.35,71.2,16.0,36.9,36.2,13.0,0.14,6.42,37.81,88.25,0.3832,0.1424,25.14,,,Kauffman Stadium,
163,672569,Gustavo Campero,LAA,TEX,2026-08-23T18:35:00Z,Scheduled,6,Cal Quantrill,615698,R,39.7,Longshot,Watch List,"Projected Lineup, Platoon Edge",19.6,44.7,27.6,71.7,75.0,32.0,No,Yes,6,Yes,Yes,RotoWire projected lineup; MLB probable pitchers,lineup projected / unconfirmed,H:2025 P:2026/2025,,,Direct BvP not yet weighted; 2026/2025 Statcast baseline active,1,1,3,0,Contact streak: 1/3 over last 1 games,"switch hitter; pitcher baseline 9.0% barrel, 12.9 HR allowed",neutral batted-ball profile; pitcher fly-ball pressure modest,6.8,22.7,85.3,95.8205,0.399,0.159,0.325,69.1,8.9,31.8,29.5,3.0,0.173,9.0,37.37,89.0,0.44,0.1835,29.01,,,Globe Life Field,
164,667472,Dane Myers,CIN,AZ,2026-08-23T20:15:00Z,Scheduled,7,Mitch Bratt,683352,L,39.7,Longshot,Watch List,"Projected Lineup, Platoon Edge",27.8,33.3,28.2,59.8,78.0,57.8,No,Yes,7,Yes,Yes,RotoWire projected lineup; MLB probable pitchers,lineup projected / unconfirmed,H:2026/2025 P:2026,,,Direct BvP not yet weighted; 2026/2025 Statcast baseline active,7,6,23,2,Hot streak: 2 HR in last 7 games,"platoon edge; pitcher baseline 8.1% barrel, 5.0 HR allowed",neutral batted-ball profile; pitcher allows elevated contact,6.12,37.94,89.86,99.3259,0.3748,0.1358,0.3138,71.25,19.38,25.97,25.52,5.3,0.1043,8.1,35.1,87.4,0.365,0.147,33.3,,,Chase Field,
165,686681,Michael Massey,KC,DET,2026-08-23T18:10:00Z,Scheduled,7,,,,39.4,Longshot,Watch List,Projected Lineup,27.8,41.2,23.2,59.8,60.0,62.8,No,Yes,7,Yes,Yes,RotoWire projected lineup; MLB probable pitchers,lineup projected / unconfirmed,H:2026/2025 P:,,,Direct BvP not yet weighted; 2026/2025 Statcast baseline active,7,10,24,1,Contact streak: 10/24 over last 7 games,"handedness incomplete; pitcher baseline 0.0% barrel, 0.0 HR allowed",neutral batted-ball profile; pitcher fly-ball pressure modest,5.47,37.9,88.97,98.6164,0.3838,0.1409,0.2881,71.5,12.68,49.57,31.71,8.6,0.1397,,,,,,,,,Kauffman Stadium,
166,663616,Trevor Larnach,MIN,SD,2026-08-23T20:10:00Z,Scheduled,7,Walker Buehler,621111,R,39.3,Longshot,Watch List,"Projected Lineup, Platoon Edge",30.6,41.6,22.6,59.8,80.0,5.1,No,Yes,7,Yes,Yes,RotoWire projected lineup; MLB probable pitchers,lineup projected / unconfirmed,H:2026/2025 P:2026/2025,,,Direct BvP not yet weighted; 2026/2025 Statcast baseline active,7,4,26,0,"Last 7 games: 4/26, 0 HR","platoon edge; pitcher baseline 8.5% barrel, 16.4 HR allowed",neutral batted-ball profile; pitcher fly-ball pressure modest,7.41,39.96,88.66,99.8185,0.4009,0.1446,0.3271,72.03,21.57,42.69,23.98,12.1,0.1526,8.52,38.57,88.95,0.4129,0.1589,23.51,,,Petco Park,
167,664983,Jake McCarthy,COL,CLE,2026-08-23T19:10:00Z,Scheduled,1,Foster Griffin,656492,L,39.0,Longshot,Watch List,"Projected Lineup, Premium Lineup Spot",14.1,44.2,38.7,88.7,50.0,20.9,No,Yes,1,Yes,Yes,RotoWire projected lineup; MLB probable pitchers,lineup projected / unconfirmed,H:2026/2025 P:2026,,,Direct BvP not yet weighted; 2026/2025 Statcast baseline active,7,7,27,0,"Last 7 games: 7/27, 0 HR","same-side matchup; pitcher baseline 9.2% barrel, 23.0 HR allowed",neutral batted-ball profile; pitcher fly-ball pressure modest,4.88,26.97,84.77,96.6371,0.3929,0.1315,0.307,70.82,12.21,37.59,21.52,10.3,0.1774,9.2,38.1,88.0,0.418,0.166,26.5,,,Coors Field,
168,691777,Max Muncy,ATH,HOU,2026-08-23T18:10:00Z,Scheduled,9,Cristian Javier,664299,R,38.7,Longshot,Watch List,"Projected Lineup, Strong Barrel",36.8,43.8,27.6,40.2,50.0,34.4,No,Yes,9,Yes,Yes,RotoWire projected lineup; MLB probable pitchers,lineup projected / unconfirmed,H:2026/2025 P:2026/2025,,,Direct BvP not yet weighted; 2026/2025 Statcast baseline active,7,5,22,1,"Last 7 games: 5/22, 1 HR","same-side matchup; pitcher baseline 7.9% barrel, 5.8 HR allowed",neutral batted-ball profile; pitcher allows elevated contact,10.73,40.59,89.48,100.9026,0.3558,0.1479,0.2796,73.94,44.7,41.91,23.77,6.9,0.1601,7.9,38.16,89.81,0.4229,0.1663,38.59,,,Daikin Park,
169,702284,Cole Young,SEA,CHC,2026-08-23T20:10:00Z,Scheduled,7,Shota Imanaga,684007,L,38.7,Longshot,Watch List,Projected Lineup,24.2,53.7,25.4,59.8,50.0,23.4,No,Yes,7,Yes,Yes,RotoWire projected lineup; MLB probable pitchers,lineup projected / unconfirmed,H:2026/2025 P:2026/2025,,,Direct BvP not yet weighted; 2026/2025 Statcast baseline active,7,4,26,1,"Last 7 games: 4/26, 1 HR","same-side matchup; pitcher baseline 10.5% barrel, 29.6 HR allowed",neutral batted-ball profile; pitcher allows elevated contact,4.97,36.28,88.37,98.9567,0.3879,0.1324,0.3145,71.44,21.16,41.84,27.29,11.7,0.1262,10.48,37.83,89.09,0.4284,0.194,34.74,,,T-Mobile Park,
170,687859,Troy Johnston,COL,CLE,2026-08-23T19:10:00Z,Scheduled,7,Foster Griffin,656492,L,38.5,Longshot,Watch List,Projected Lineup,24.3,44.2,38.7,59.8,50.0,24.9,No,Yes,7,Yes,Yes,RotoWire projected lineup; MLB probable pitchers,lineup projected / unconfirmed,H:2026/2025 P:2026,,,Direct BvP not yet weighted; 2026/2025 Statcast baseline active,7,6,21,0,"Last 7 games: 6/21, 0 HR","same-side matchup; pitcher baseline 9.2% barrel, 23.0 HR allowed",neutral batted-ball profile; pitcher fly-ball pressure modest,4.36,38.04,89.6,98.8868,0.4048,0.1282,0.3289,70.25,5.44,39.86,23.37,3.3,0.1192,9.2,38.1,88.0,0.418,0.166,26.5,,,Coors Field,
171,683146,Brett Baty,NYM,CWS,2026-08-23T18:10:00Z,Scheduled,7,Sean Newcomb,656794,L,38.4,Longshot,Watch List,"Projected Lineup, Strong Barrel",42.2,22.5,27.6,59.8,50.0,42.0,No,Yes,7,Yes,Yes,RotoWire projected lineup; MLB probable pitchers,lineup projected / unconfirmed,H:2026/2025 P:2026/2025,,,Direct BvP not yet weighted; 2026/2025 Statcast baseline active,7,5,18,1,"Last 7 games: 5/18, 1 HR","same-side matchup; pitcher baseline 5.5% barrel, 2.9 HR allowed",neutral batted-ball profile; pitcher fly-ball pressure modest,10.38,43.26,90.28,101.64,0.4038,0.1658,0.313,75.01,53.23,36.1,25.89,11.0,0.1355,5.49,38.51,88.34,0.3558,0.1089,20.09,,,Rate Field,
172,670623,Isaac Paredes,HOU,ATH,2026-08-23T18:10:00Z,Scheduled,3,Brady Basso,669620,L,38.3,Longshot,Watch List,"Projected Lineup, Premium Lineup Spot, Platoon Edge",18.1,23.4,27.6,92.1,78.0,52.5,No,Yes,3,Yes,Yes,RotoWire projected lineup; MLB probable pitchers,lineup projected / unconfirmed,H:2026/2025 P:2026/2025,,,Direct BvP not yet weighted; 2026/2025 Statcast baseline active,7,8,23,1,Contact streak: 8/23 over last 7 games,"platoon edge; pitcher baseline 5.3% barrel, 1.4 HR allowed",neutral batted-ball profile; pitcher fly-ball pressure modest,5.6,29.89,86.42,96.9173,0.3779,0.132,0.3235,67.74,7.57,52.14,30.59,17.2,0.176,5.26,40.25,88.82,0.3571,0.0937,24.36,,,Daikin Park,
173,701358,Cam Smith,HOU,ATH,2026-08-23T18:10:00Z,Scheduled,8,Brady Basso,669620,L,38.3,Longshot,Watch List,"Projected Lineup, Strong Barrel, Platoon Edge",42.2,23.4,27.6,47.9,78.0,18.3,No,Yes,8,Yes,Yes,RotoWire projected lineup; MLB probable pitchers,lineup projected / unconfirmed,H:2026/2025 P:2026/2025,,,Direct BvP not yet weighted; 2026/2025 Statcast baseline active,7,1,20,1,"Last 7 games: 1/20, 1 HR","platoon edge; pitcher baseline 5.3% barrel, 1.4 HR allowed",neutral batted-ball profile; pitcher fly-ball pressure modest,10.19,43.46,88.88,101.626,0.4173,0.176,0.3194,76.74,67.97,37.98,25.21,14.6,0.1591,5.26,40.25,88.82,0.3571,0.0937,24.36,,,Daikin Park,
174,694203,Denzer Guzman,LAA,TEX,2026-08-23T18:35:00Z,Scheduled,7,Cal Quantrill,615698,R,38.2,Longshot,Watch List,Projected Lineup,27.0,46.0,27.6,59.8,50.0,25.3,No,Yes,7,Yes,Yes,RotoWire projected lineup; MLB probable pitchers,lineup projected / unconfirmed,H:2026/2025 P:2026/2025,,,Direct BvP not yet weighted; 2026/2025 Statcast baseline active,7,4,24,1,"Last 7 games: 4/24, 1 HR","same-side matchup; pitcher baseline 9.0% barrel, 12.9 HR allowed",neutral batted-ball profile; pitcher fly-ball pressure modest,9.12,37.16,86.85,98.4807,0.3328,0.1204,0.2546,73.5,35.69,41.37,24.96,4.8,0.1439,9.0,37.37,89.0,0.44,0.1835,29.01,,,Globe Life Field,
175,689414,Liam Hicks,TB,BAL,2026-08-23T17:35:00Z,Scheduled,5,Shane Baz,669358,R,38.1,Longshot,Watch List,"Projected Lineup, Platoon Edge",8.5,41.2,32.1,81.9,80.0,39.8,No,Yes,5,Yes,Yes,RotoWire projected lineup; MLB probable pitchers,lineup projected / unconfirmed,H:2026/2025 P:2026/2025,,,Direct BvP not yet weighted; 2026/2025 Statcast baseline active,7,5,19,1,"Last 7 games: 5/19, 1 HR","platoon edge; pitcher baseline 7.6% barrel, 15.5 HR allowed",neutral batted-ball profile; pitcher fly-ball pressure modest,3.81,27.98,84.81,96.2084,0.35,0.1004,0.315,68.03,3.79,42.1,24.43,13.0,0.1389,7.61,41.78,90.05,0.393,0.1476,25.5,,,Oriole Park at Camden Yards,
176,691788,Joe Mack,MIA,WSH,2026-08-23T17:40:00Z,Scheduled,7,Jackson Kent,800600,L,38.1,Longshot,Watch List,Projected Lineup,38.1,32.5,21.5,59.8,50.0,32.9,No,Yes,7,Yes,Yes,RotoWire projected lineup; MLB probable pitchers,lineup projected / unconfirmed,H:2026 P:2026,,,Direct BvP not yet weighted; 2026/2025 Statcast baseline active,7,5,23,1,"Last 7 games: 5/23, 1 HR","same-side matchup; pitcher baseline 4.2% barrel, 1.0 HR allowed",neutral batted-ball profile; pitcher fly-ball pressure modest,9.5,39.1,88.7,99.8246,0.41,0.183,0.302,74.3,42.8,49.7,25.4,12.0,0.188,4.2,50.0,90.9,0.412,0.129,12.5,,,loanDepot park,
177,695731,Braden Montgomery,CWS,NYM,2026-08-23T18:10:00Z,Scheduled,5,Nolan McLean,690997,R,38.1,Longshot,Watch List,"Projected Lineup, Platoon Edge",21.7,29.0,27.6,81.9,75.0,32.9,No,Yes,5,Yes,Yes,RotoWire projected lineup; MLB probable pitchers,lineup projected / unconfirmed,H:2026 P:2026/2025,,,Direct BvP not yet weighted; 2026/2025 Statcast baseline active,7,5,23,1,"Last 7 games: 5/23, 1 HR","switch hitter; pitcher baseline 7.2% barrel, 11.7 HR allowed",neutral batted-ball profile; pitcher fly-ball pressure modest,3.7,41.7,89.3,100.1782,0.361,0.122,0.31,69.6,8.0,35.0,19.0,4.0,0.134,7.23,38.01,88.24,0.3507,0.1285,21.98,,,Rate Field,
178,694497,Evan Carter,TEX,LAA,2026-08-23T18:35:00Z,Scheduled,6,Yusei Kikuchi,579328,L,38.1,Longshot,Watch List,Projected Lineup,21.5,48.3,27.6,71.7,50.0,14.6,No,Yes,6,Yes,Yes,RotoWire projected lineup; MLB probable pitchers,lineup projected / unconfirmed,H:2026/2025 P:2026/2025,,,Direct BvP not yet weighted; 2026/2025 Statcast baseline active,7,5,23,0,"Last 7 games: 5/23, 0 HR","same-side matchup; pitcher baseline 8.8% barrel, 9.3 HR allowed",neutral batted-ball profile; pitcher fly-ball pressure modest,5.69,35.65,87.54,98.6524,0.3348,0.1218,0.2912,70.95,17.51,38.56,28.05,7.1,0.1331,8.77,42.48,90.44,0.4406,0.1843,25.43,,,Globe Life Field,
179,681198,TJ Rumfield,COL,CLE,2026-08-23T19:10:00Z,Scheduled,4,Foster Griffin,656492,L,38.1,Longshot,Watch List,"Projected Lineup, Premium Lineup Spot",12.0,44.2,38.7,90.4,50.0,12.0,No,Yes,4,Yes,Yes,RotoWire projected lineup; MLB probable pitchers,lineup projected / unconfirmed,H:2026 P:2026,,,Direct BvP not yet weighted; 2026/2025 Statcast baseline active,7,5,25,0,"Last 7 games: 5/25, 0 HR","same-side matchup; pitcher baseline 9.2% barrel, 23.0 HR allowed",neutral batted-ball profile; pitcher fly-ball pressure modest,4.6,27.2,83.9,96.072,0.38,0.122,0.325,68.7,8.2,41.5,28.6,13.0,0.154,9.2,38.1,88.0,0.418,0.166,26.5,,,Coors Field,
180,699625,Jimmy Crooks,STL,PHI,2026-08-23T17:35:00Z,Scheduled,8,Cristopher Sánchez,650911,L,38.0,Longshot,Watch List,Projected Lineup,41.8,31.4,34.3,47.9,50.0,5.7,No,Yes,8,Yes,Yes,RotoWire projected lineup; MLB probable pitchers,lineup projected / unconfirmed,H:2026/2025 P:2026/2025,,,Direct BvP not yet weighted; 2026/2025 Statcast baseline active,7,3,19,0,"Last 7 games: 3/19, 0 HR","same-side matchup; pitcher baseline 6.8% barrel, 12.7 HR allowed",fly-ball profile; pitcher fly-ball pressure modest,9.2,45.04,90.86,100.459,0.3603,0.1676,0.2678,71.87,18.29,34.83,39.62,3.1,0.1306,6.75,41.2,89.21,0.3541,0.1207,16.62,,,Citizens Bank Park,
181,695681,Christian Moore,LAA,TEX,2026-08-23T18:35:00Z,Scheduled,8,Cal Quantrill,615698,R,37.9,Longshot,Watch List,Projected Lineup,33.7,46.0,27.6,47.9,50.0,7.0,No,Yes,8,Yes,Yes,RotoWire projected lineup; MLB probable pitchers,lineup projected / unconfirmed,H:2026/2025 P:2026/2025,,,Direct BvP not yet weighted; 2026/2025 Statcast baseline active,7,4,24,0,"Last 7 games: 4/24, 0 HR","same-side matchup; pitcher baseline 9.0% barrel, 12.9 HR allowed",EV profile; pitcher fly-ball pressure modest,9.07,45.89,92.4,101.7321,0.2722,0.0797,0.226,74.03,36.91,14.95,23.72,2.1,0.0516,9.0,37.37,89.0,0.44,0.1835,29.01,,,Globe Life Field,
182,803011,Sam Antonacci,CWS,NYM,2026-08-23T18:10:00Z,Scheduled,1,Nolan McLean,690997,R,37.8,Longshot,Watch List,"Projected Lineup, Premium Lineup Spot, Platoon Edge",20.6,30.3,27.6,88.7,80.0,0.0,No,Yes,1,Yes,Yes,RotoWire projected lineup; MLB probable pitchers,lineup projected / unconfirmed,H:2026 P:2026/2025,,,Direct BvP not yet weighted; 2026/2025 Statcast baseline active,7,2,22,0,"Last 7 games: 2/22, 0 HR","platoon edge; pitcher baseline 7.2% barrel, 11.7 HR allowed",neutral batted-ball profile; pitcher fly-ball pressure modest,5.6,34.1,87.5,97.8158,0.397,0.122,0.344,70.0,8.5,33.7,21.6,8.0,0.124,7.23,38.01,88.24,0.3507,0.1285,21.98,,,Rate Field,
183,573262,Mike Yastrzemski,ATL,MIL,2026-08-23T23:10:00Z,Scheduled,7,Shane Drohan,675660,L,37.8,Longshot,Watch List,Projected Lineup,35.8,35.9,27.6,59.8,50.0,7.0,No,Yes,7,Yes,Yes,RotoWire projected lineup; MLB probable pitchers,lineup projected / unconfirmed,H:2026/2025 P:2026,,,Direct BvP not yet weighted; 2026/2025 Statcast baseline active,7,3,18,0,"Last 7 games: 3/18, 0 HR","same-side matchup; pitcher baseline 8.5% barrel, 9.0 HR allowed",neutral batted-ball profile; pitcher fly-ball pressure modest,7.59,43.23,90.73,99.7769,0.3861,0.1491,0.3185,71.31,8.44,46.04,31.12,11.4,0.1623,8.5,38.1,88.1,0.367,0.136,29.0,,,Journey Bank Ballpark,
184,695720,Tommy White,ATH,HOU,2026-08-23T18:10:00Z,Scheduled,6,Cristian Javier,664299,R,37.5,Longshot,Watch List,Projected Lineup,15.3,43.8,27.6,71.7,50.0,64.8,No,Yes,6,Yes,Yes,RotoWire projected lineup; MLB probable pitchers,lineup projected / unconfirmed,H:2026 P:2026/2025,,,Direct BvP not yet weighted; 2026/2025 Statcast baseline active,7,8,26,2,Hot streak: 2 HR in last 7 games,"same-side matchup; pitcher baseline 7.9% barrel, 5.8 HR allowed",neutral batted-ball profile; pitcher allows elevated contact,6.5,31.2,85.1,96.7187,0.365,0.11,0.282,69.5,13.4,31.2,20.4,2.0,0.071,7.9,38.16,89.81,0.4229,0.1663,38.59,,,Daikin Park,
185,641680,Jonah Heim,ATH,HOU,2026-08-23T18:10:00Z,Scheduled,7,Cristian Javier,664299,R,37.5,Longshot,Watch List,"Projected Lineup, Platoon Edge",24.0,43.2,27.6,59.8,75.0,0.0,No,Yes,7,Yes,Yes,RotoWire projected lineup; MLB probable pitchers,lineup projected / unconfirmed,H:2026/2025 P:2026/2025,,,Direct BvP not yet weighted; 2026/2025 Statcast baseline active,7,1,20,0,"Last 7 games: 1/20, 0 HR","switch hitter; pitcher baseline 7.9% barrel, 5.8 HR allowed",neutral batted-ball profile; pitcher allows elevated contact,6.66,33.24,87.82,97.8947,0.3684,0.1403,0.2914,69.84,9.45,40.49,28.39,11.0,0.1603,7.9,38.16,89.81,0.4229,0.1663,38.59,,,Daikin Park,
186,805999,A.J. Ewing,NYM,CWS,2026-08-23T18:10:00Z,Scheduled,1,Sean Newcomb,656794,L,37.4,Longshot,Watch List,"Projected Lineup, Premium Lineup Spot",33.2,22.5,27.6,88.7,50.0,0.0,No,Yes,1,Yes,Yes,RotoWire projected lineup; MLB probable pitchers,lineup projected / unconfirmed,H:2026 P:2026/2025,,,Direct BvP not yet weighted; 2026/2025 Statcast baseline active,7,3,26,0,"Last 7 games: 3/26, 0 HR","same-side matchup; pitcher baseline 5.5% barrel, 2.9 HR allowed",neutral batted-ball profile; pitcher fly-ball pressure modest,7.9,43.2,89.6,100.4327,0.398,0.145,0.321,70.3,11.7,32.8,25.8,7.0,0.122,5.49,38.51,88.34,0.3558,0.1089,20.09,,,Rate Field,
187,518595,Travis d'Arnaud,LAA,TEX,2026-08-23T18:35:00Z,Scheduled,9,Cal Quantrill,615698,R,37.4,Longshot,Watch List,"Projected Lineup, Strong Barrel",36.0,46.0,27.6,40.2,50.0,5.1,No,Yes,9,Yes,Yes,RotoWire projected lineup; MLB probable pitchers,lineup projected / unconfirmed,H:2026/2025 P:2026/2025,,,Direct BvP not yet weighted; 2026/2025 Statcast baseline active,7,2,13,0,"Last 7 games: 2/13, 0 HR","same-side matchup; pitcher baseline 9.0% barrel, 12.9 HR allowed",neutral batted-ball profile; pitcher fly-ball pressure modest,13.15,32.79,87.64,97.9319,0.3516,0.1687,0.2837,71.08,13.25,28.41,31.02,2.5,0.0998,9.0,37.37,89.0,0.44,0.1835,29.01,,,Globe Life Field,
188,806146,George Lombard,NYY,TOR,2026-08-23T17:35:00Z,Scheduled,6,José Soriano,667755,R,37.2,Longshot,Watch List,Projected Lineup,19.6,37.7,38.2,71.7,50.0,27.7,No,Yes,6,Yes,Yes,RotoWire projected lineup; MLB probable pitchers,lineup projected / unconfirmed,H:2026 P:2026/2025,,,Direct BvP not yet weighted; 2026/2025 Statcast baseline active,7,7,23,0,"Last 7 games: 7/23, 0 HR","same-side matchup; pitcher baseline 7.8% barrel, 12.7 HR allowed",neutral batted-ball profile; pitcher fly-ball pressure modest,8.3,35.1,84.4,97.5738,0.358,0.105,0.303,71.5,19.2,32.4,21.6,2.0,0.135,7.76,41.55,89.65,0.3866,0.1397,18.54,,,Yankee Stadium,
189,662139,Daulton Varsho,HOU,ATH,2026-08-23T18:10:00Z,Scheduled,6,Brady Basso,669620,L,37.2,Longshot,Watch List,Projected Lineup,34.4,23.4,27.6,71.7,50.0,31.6,No,Yes,6,Yes,Yes,RotoWire projected lineup; MLB probable pitchers,lineup projected / unconfirmed,H:2026/2025 P:2026/2025,,,Direct BvP not yet weighted; 2026/2025 Statcast baseline active,7,5,24,1,"Last 7 games: 5/24, 1 HR","same-side matchup; pitcher baseline 5.3% barrel, 1.4 HR allowed",neutral batted-ball profile; pitcher fly-ball pressure modest,8.9,38.34,87.73,99.5292,0.3932,0.1641,0.2976,73.71,36.46,41.43,30.36,11.6,0.1812,5.26,40.25,88.82,0.3571,0.0937,24.36,,,Daikin Park,
190,593428,Xander Bogaerts,SD,MIN,2026-08-23T20:10:00Z,Scheduled,8,Bailey Ober,641927,R,37.2,Longshot,Watch List,Projected Lineup,28.5,54.6,22.6,47.9,50.0,2.5,No,Yes,8,Yes,Yes,RotoWire projected lineup; MLB probable pitchers,lineup projected / unconfirmed,H:2026/2025 P:2026/2025,,,Direct BvP not yet weighted; 2026/2025 Statcast baseline active,7,3,22,0,"Last 7 games: 3/22, 0 HR","same-side matchup; pitcher baseline 10.3% barrel, 20.9 HR allowed",neutral batted-ball profile; pitcher allows elevated contact,6.48,40.18,88.86,100.0019,0.3857,0.1348,0.3235,72.38,28.43,44.29,23.27,11.0,0.114,10.34,36.58,88.9,0.4655,0.2119,31.69,,,Petco Park,
191,645277,Ozzie Albies,ATL,MIL,2026-08-23T23:10:00Z,Scheduled,5,Shane Drohan,675660,L,37.2,Longshot,Watch List,"Projected Lineup, Platoon Edge",16.8,35.0,27.6,81.9,75.0,18.0,No,Yes,5,Yes,Yes,RotoWire projected lineup; MLB probable pitchers,lineup projected / unconfirmed,H:2026/2025 P:2026,,,Direct BvP not yet weighted; 2026/2025 Statcast baseline active,7,6,25,0,"Last 7 games: 6/25, 0 HR","switch hitter; pitcher baseline 8.5% barrel, 9.0 HR allowed",neutral batted-ball profile; pitcher fly-ball pressure modest,4.41,28.81,87.08,96.702,0.3597,0.1265,0.2885,68.86,5.95,46.35,32.53,18.8,0.1558,8.5,38.1,88.1,0.367,0.136,29.0,,,Journey Bank Ballpark,
192,807712,Luke Keaschall,MIN,SD,2026-08-23T20:10:00Z,Scheduled,1,Walker Buehler,621111,R,37.0,Longshot,Watch List,"Projected Lineup, Premium Lineup Spot",11.6,41.6,22.6,88.7,50.0,57.2,No,Yes,1,Yes,Yes,RotoWire projected lineup; MLB probable pitchers,lineup projected / unconfirmed,H:2026/2025 P:2026/2025,,,Direct BvP not yet weighted; 2026/2025 Statcast baseline active,7,11,29,1,Contact streak: 11/29 over last 7 games,"same-side matchup; pitcher baseline 8.5% barrel, 16.4 HR allowed",neutral batted-ball profile; pitcher fly-ball pressure modest,3.59,29.94,85.36,96.7655,0.3591,0.1111,0.3149,68.64,7.59,38.26,26.97,6.1,0.115,8.52,38.57,88.95,0.4129,0.1589,23.51,,,Petco Park,
193,691458,Blaze Jordan,STL,PHI,2026-08-23T17:35:00Z,Scheduled,9,Cristopher Sánchez,650911,L,36.9,Longshot,Watch List,"Projected Lineup, Platoon Edge",33.4,31.4,34.3,40.2,78.0,10.8,No,Yes,9,Yes,Yes,RotoWire projected lineup; MLB probable pitchers,lineup projected / unconfirmed,H:2026 P:2026/2025,,,Direct BvP not yet weighted; 2026/2025 Statcast baseline active,7,5,26,0,"Last 7 games: 5/26, 0 HR","platoon edge; pitcher baseline 6.8% barrel, 12.7 HR allowed",neutral batted-ball profile; pitcher fly-ball pressure modest,8.7,43.3,88.3,99.8323,0.407,0.146,0.308,72.7,27.4,39.3,20.0,2.0,0.121,6.75,41.2,89.21,0.3541,0.1207,16.62,,,Citizens Bank Park,
194,805300,Jakob Marsee,MIA,WSH,2026-08-23T17:40:00Z,Scheduled,5,Jackson Kent,800600,L,36.7,Longshot,Watch List,Projected Lineup,19.6,32.5,21.5,81.9,50.0,64.3,No,Yes,5,Yes,Yes,RotoWire projected lineup; MLB probable pitchers,lineup projected / unconfirmed,H:2026/2025 P:2026,,,Direct BvP not yet weighted; 2026/2025 Statcast baseline active,7,7,23,2,Hot streak: 2 HR in last 7 games,"same-side matchup; pitcher baseline 4.2% barrel, 1.0 HR allowed",neutral batted-ball profile; pitcher fly-ball pressure modest,4.88,36.29,87.64,98.5137,0.3517,0.1155,0.3141,70.5,6.0,41.58,23.96,6.4,0.1328,4.2,50.0,90.9,0.412,0.129,12.5,,,loanDepot park,
195,701678,Hao-Yu Lee,DET,KC,2026-08-23T18:10:00Z,Scheduled,9,Daniel Lynch IV,663738,L,36.7,Longshot,Watch List,"Projected Lineup, Platoon Edge",30.8,30.0,23.2,40.2,78.0,63.3,No,Yes,9,Yes,Yes,RotoWire projected lineup; MLB probable pitchers,lineup projected / unconfirmed,H:2026 P:2026/2025,,,Direct BvP not yet weighted; 2026/2025 Statcast baseline active,7,7,16,1,Contact streak: 7/16 over last 7 games,"platoon edge; pitcher baseline 6.4% barrel, 5.2 HR allowed",neutral batted-ball profile; pitcher fly-ball pressure modest,8.0,38.7,88.9,99.6482,0.384,0.146,0.295,71.2,19.5,30.1,25.8,6.0,0.146,6.42,37.81,88.25,0.3832,0.1424,25.14,,,Kauffman Stadium,
196,800325,Luis Lara,MIL,ATL,2026-08-23T23:10:00Z,Scheduled,8,Tyler Mahle,641816,R,36.6,Longshot,Watch List,"Projected Lineup, Platoon Edge",22.4,38.7,27.6,47.9,75.0,46.9,No,Yes,8,Yes,Yes,RotoWire projected lineup; MLB probable pitchers,lineup projected / unconfirmed,H:2026 P:2026/2025,,,Direct BvP not yet weighted; 2026/2025 Statcast baseline active,7,9,29,1,"Last 7 games: 9/29, 1 HR","switch hitter; pitcher baseline 7.7% barrel, 12.7 HR allowed",neutral batted-ball profile; pitcher fly-ball pressure modest,4.9,42.0,89.2,98.8151,0.366,0.092,0.319,71.3,16.8,32.1,18.5,1.0,0.108,7.65,37.59,89.55,0.4074,0.1579,28.59,,,Journey Bank Ballpark,
197,802415,Chandler Simpson,TB,BAL,2026-08-23T17:35:00Z,Scheduled,3,Shane Baz,669358,R,36.3,Longshot,Watch List,"Projected Lineup, Premium Lineup Spot, Platoon Edge",0.2,41.2,32.1,92.1,80.0,28.6,No,Yes,3,Yes,Yes,RotoWire projected lineup; MLB probable pitchers,lineup projected / unconfirmed,H:2026/2025 P:2026/2025,,,Direct BvP not yet weighted; 2026/2025 Statcast baseline active,7,9,29,0,"Last 7 games: 9/29, 0 HR","platoon edge; pitcher baseline 7.6% barrel, 15.5 HR allowed",neutral batted-ball profile; pitcher fly-ball pressure modest,0.0,14.71,84.02,92.883,0.3059,0.0382,0.2718,64.66,0.51,28.06,12.93,0.0,0.0542,7.61,41.78,90.05,0.393,0.1476,25.5,,,Oriole Park at Camden Yards,
198,682634,Kevin Alcantara,CHC,SEA,2026-08-23T20:10:00Z,Scheduled,8,Bryce Miller,682243,R,36.1,Longshot,Watch List,Projected Lineup,28.9,41.2,25.4,47.9,50.0,33.7,No,Yes,8,Yes,Yes,RotoWire projected lineup; MLB probable pitchers,lineup projected / unconfirmed,H:2026/2025 P:2026/2025,,,Direct BvP not yet weighted; 2026/2025 Statcast baseline active,7,2,9,1,"Last 7 games: 2/9, 1 HR","same-side matchup; pitcher baseline 7.9% barrel, 15.6 HR allowed",EV profile; pitcher allows elevated contact,5.39,34.43,92.24,99.0262,0.4196,0.1091,0.3464,75.65,56.33,50.53,16.17,0.7,0.0917,7.93,37.75,89.04,0.3937,0.161,31.72,,,T-Mobile Park,
199,807727,Charles McAdoo,TOR,NYY,2026-08-23T17:35:00Z,Scheduled,8,Carlos Rodón,607074,L,36.0,Longshot,Watch List,"Projected Lineup, Platoon Edge",21.7,31.6,38.2,47.9,78.0,36.0,No,Yes,8,Yes,Yes,RotoWire projected lineup; MLB probable pitchers,lineup projected / unconfirmed,H:2026 P:2026/2025,,,Direct BvP not yet weighted; 2026/2025 Statcast baseline active,7,9,25,0,Contact streak: 9/25 over last 7 games,"platoon edge; pitcher baseline 6.7% barrel, 9.4 HR allowed",neutral batted-ball profile; pitcher fly-ball pressure modest,7.3,31.7,86.6,97.3928,0.358,0.121,0.275,73.2,33.7,12.2,22.0,2.0,0.141,6.69,37.22,89.65,0.344,0.1338,27.18,,,Yankee Stadium,
200,622268,Donovan Walton,ATH,HOU,2026-08-23T18:10:00Z,Scheduled,8,Cristian Javier,664299,R,35.9,Longshot,Watch List,"Projected Lineup, Platoon Edge",14.7,43.8,27.6,47.9,80.0,50.3,No,Yes,8,Yes,Yes,RotoWire projected lineup; MLB probable pitchers,lineup projected / unconfirmed,H:2026/2025 P:2026/2025,,,Direct BvP not yet weighted; 2026/2025 Statcast baseline active,7,6,18,1,Contact streak: 6/18 over last 7 games,"platoon edge; pitcher baseline 7.9% barrel, 5.8 HR allowed",neutral batted-ball profile; pitcher allows elevated contact,2.87,34.77,89.17,97.7157,0.3562,0.0956,0.3055,67.64,0.49,37.0,21.53,2.1,0.1085,7.9,38.16,89.81,0.4229,0.1663,38.59,,,Daikin Park,
201,663647,Ke'Bryan Hayes,CIN,AZ,2026-08-23T20:15:00Z,Scheduled,9,Mitch Bratt,683352,L,35.8,Longshot,Watch List,"Projected Lineup, Platoon Edge",31.4,33.3,28.2,40.2,78.0,12.0,No,Yes,9,Yes,Yes,RotoWire projected lineup; MLB probable pitchers,lineup projected / unconfirmed,H:2026/2025 P:2026,,,Direct BvP not yet weighted; 2026/2025 Statcast baseline active,7,3,15,0,"Last 7 games: 3/15, 0 HR","platoon edge; pitcher baseline 8.1% barrel, 5.0 HR allowed",neutral batted-ball profile; pitcher allows elevated contact,7.19,40.19,90.21,99.7927,0.3847,0.1383,0.2974,70.96,8.27,31.02,26.8,5.0,0.0927,8.1,35.1,87.4,0.365,0.147,33.3,,,Chase Field,
202,680700,Richie Palacios,TB,BAL,2026-08-23T17:35:00Z,Scheduled,7,Shane Baz,669358,R,35.7,Longshot,Watch List,"Projected Lineup, Platoon Edge",15.1,41.2,32.1,59.8,80.0,9.3,No,Yes,7,Yes,Yes,RotoWire projected lineup; MLB probable pitchers,lineup projected / unconfirmed,H:2026/2025 P:2026/2025,,,Direct BvP not yet weighted; 2026/2025 Statcast baseline active,7,4,22,0,"Last 7 games: 4/22, 0 HR","platoon edge; pitcher baseline 7.6% barrel, 15.5 HR allowed",neutral batted-ball profile; pitcher fly-ball pressure modest,4.43,32.97,87.38,97.0638,0.3709,0.1011,0.3264,68.77,3.59,35.62,20.98,3.8,0.1162,7.61,41.78,90.05,0.393,0.1476,25.5,,,Oriole Park at Camden Yards,
203,668939,Adley Rutschman,BOS,SF,2026-08-23T19:15:00Z,Scheduled,5,Matt Wilkinson,683363,L,35.6,Longshot,Watch List,"Projected Lineup, Platoon Edge",33.1,2.5,28.7,81.9,75.0,31.6,No,Yes,5,Yes,Yes,RotoWire projected lineup; MLB probable pitchers,lineup projected / unconfirmed,H:2026/2025 P:2026,,,Direct BvP not yet weighted; 2026/2025 Statcast baseline active,7,5,24,1,"Last 7 games: 5/24, 1 HR","switch hitter; pitcher baseline 0.0% barrel, 0.0 HR allowed",neutral batted-ball profile; pitcher fly-ball pressure modest,7.36,40.14,88.98,99.3995,0.4219,0.1641,0.339,70.42,12.42,39.03,28.87,9.0,0.167,0.0,14.3,79.6,0.237,0.017,28.6,,,Fenway Park,
204,686797,Brooks Lee,MIN,SD,2026-08-23T20:10:00Z,Scheduled,8,Walker Buehler,621111,R,35.6,Longshot,Watch List,"Projected Lineup, Platoon Edge",18.6,39.9,22.6,47.9,75.0,60.7,No,Yes,8,Yes,Yes,RotoWire projected lineup; MLB probable pitchers,lineup projected / unconfirmed,H:2026/2025 P:2026/2025,,,Direct BvP not yet weighted; 2026/2025 Statcast baseline active,7,7,25,2,Hot streak: 2 HR in last 7 games,"switch hitter; pitcher baseline 8.5% barrel, 16.4 HR allowed",neutral batted-ball profile; pitcher fly-ball pressure modest,4.19,34.23,88.04,97.4526,0.3432,0.1162,0.2764,69.92,8.21,42.2,28.65,17.4,0.162,8.52,38.57,88.95,0.4129,0.1589,23.51,,,Petco Park,
205,656775,Cedric Mullins,TB,BAL,2026-08-23T17:35:00Z,Scheduled,8,Shane Baz,669358,R,35.5,Longshot,Watch List,"Projected Lineup, Platoon Edge",19.2,41.2,32.1,47.9,80.0,10.6,No,Yes,8,Yes,Yes,RotoWire projected lineup; MLB probable pitchers,lineup projected / unconfirmed,H:2026/2025 P:2026/2025,,,Direct BvP not yet weighted; 2026/2025 Statcast baseline active,7,4,21,0,"Last 7 games: 4/21, 0 HR","platoon edge; pitcher baseline 7.6% barrel, 15.5 HR allowed",neutral batted-ball profile; pitcher fly-ball pressure modest,4.52,32.68,87.96,97.8022,0.3148,0.1225,0.2658,70.89,8.87,44.69,32.01,14.2,0.1547,7.61,41.78,90.05,0.393,0.1476,25.5,,,Oriole Park at Camden Yards,
206,673237,Yainer Diaz,HOU,ATH,2026-08-23T18:10:00Z,Scheduled,7,Brady Basso,669620,L,35.5,Longshot,Watch List,"Projected Lineup, Platoon Edge",27.9,23.4,27.6,59.8,78.0,23.7,No,Yes,7,Yes,Yes,RotoWire projected lineup; MLB probable pitchers,lineup projected / unconfirmed,H:2026/2025 P:2026/2025,,,Direct BvP not yet weighted; 2026/2025 Statcast baseline active,7,5,18,0,"Last 7 games: 5/18, 0 HR","platoon edge; pitcher baseline 5.3% barrel, 1.4 HR allowed",neutral batted-ball profile; pitcher fly-ball pressure modest,6.31,37.02,88.5,99.4468,0.4195,0.1501,0.3113,72.41,21.39,36.42,19.03,11.6,0.1449,5.26,40.25,88.82,0.3571,0.0937,24.36,,,Daikin Park,
207,514888,Jose Altuve,HOU,ATH,2026-08-23T18:10:00Z,Scheduled,4,Brady Basso,669620,L,35.2,Longshot,Watch List,"Projected Lineup, Premium Lineup Spot, Platoon Edge",13.6,23.4,27.6,90.4,78.0,25.8,No,Yes,4,Yes,Yes,RotoWire projected lineup; MLB probable pitchers,lineup projected / unconfirmed,H:2026/2025 P:2026/2025,,,Direct BvP not yet weighted; 2026/2025 Statcast baseline active,7,7,24,0,"Last 7 games: 7/24, 0 HR","platoon edge; pitcher baseline 5.3% barrel, 1.4 HR allowed",neutral batted-ball profile; pitcher fly-ball pressure modest,5.29,31.11,85.1,96.9181,0.3455,0.1183,0.2825,69.07,10.13,45.92,21.95,16.9,0.1574,5.26,40.25,88.82,0.3571,0.0937,24.36,,,Daikin Park,
208,643289,Mauricio Dubon,ATL,MIL,2026-08-23T23:10:00Z,Scheduled,6,Shane Drohan,675660,L,35.1,Longshot,Watch List,"Projected Lineup, Platoon Edge",11.1,35.9,27.6,71.7,78.0,32.0,No,Yes,6,Yes,Yes,RotoWire projected lineup; MLB probable pitchers,lineup projected / unconfirmed,H:2026/2025 P:2026,,,Direct BvP not yet weighted; 2026/2025 Statcast baseline active,7,8,24,0,Contact streak: 8/24 over last 7 games,"platoon edge; pitcher baseline 8.5% barrel, 9.0 HR allowed",neutral batted-ball profile; pitcher fly-ball pressure modest,3.23,29.31,86.18,96.3935,0.3667,0.1036,0.299,68.73,3.61,32.17,25.09,9.1,0.1217,8.5,38.1,88.1,0.367,0.136,29.0,,,Journey Bank Ballpark,
209,669364,Xavier Edwards,MIA,WSH,2026-08-23T17:40:00Z,Scheduled,1,Jackson Kent,800600,L,35.0,Longshot,Watch List,"Projected Lineup, Premium Lineup Spot, Platoon Edge",9.4,32.4,21.5,88.7,75.0,33.9,No,Yes,1,Yes,Yes,RotoWire projected lineup; MLB probable pitchers,lineup projected / unconfirmed,H:2026/2025 P:2026,,,Direct BvP not yet weighted; 2026/2025 Statcast baseline active,7,9,26,0,Contact streak: 9/26 over last 7 games,"switch hitter; pitcher baseline 4.2% barrel, 1.0 HR allowed",neutral batted-ball profile; pitcher fly-ball pressure modest,2.62,28.98,86.94,96.5879,0.3551,0.0921,0.3104,67.95,2.61,29.01,21.98,5.1,0.0896,4.2,50.0,90.9,0.412,0.129,12.5,,,loanDepot park,
210,643376,Danny Jansen,TEX,LAA,2026-08-23T18:35:00Z,Scheduled,9,Yusei Kikuchi,579328,L,35.0,Longshot,Watch List,"Projected Lineup, Platoon Edge",20.1,48.3,27.6,40.2,78.0,0.0,No,Yes,9,Yes,Yes,RotoWire projected lineup; MLB probable pitchers,lineup projected / unconfirmed,H:2026/2025 P:2026/2025,,,Direct BvP not yet weighted; 2026/2025 Statcast baseline active,7,1,15,0,"Last 7 games: 1/15, 0 HR","platoon edge; pitcher baseline 8.8% barrel, 9.3 HR allowed",neutral batted-ball profile; pitcher fly-ball pressure modest,6.63,33.96,87.25,97.5999,0.2902,0.1171,0.2612,70.06,6.88,54.4,28.77,6.3,0.1462,8.77,42.48,90.44,0.4406,0.1843,25.43,,,Globe Life Field,
211,687401,Joey Ortiz,MIL,ATL,2026-08-23T23:10:00Z,Scheduled,7,Tyler Mahle,641816,R,35.0,Longshot,Watch List,Projected Lineup,16.5,40.1,27.6,59.8,50.0,59.1,No,Yes,7,Yes,Yes,RotoWire projected lineup; MLB probable pitchers,lineup projected / unconfirmed,H:2026/2025 P:2026/2025,,,Direct BvP not yet weighted; 2026/2025 Statcast baseline active,7,7,26,2,Hot streak: 2 HR in last 7 games,"same-side matchup; pitcher baseline 7.7% barrel, 12.7 HR allowed",neutral batted-ball profile; pitcher fly-ball pressure modest,3.98,35.6,87.56,99.0171,0.3347,0.0946,0.2897,72.79,28.89,31.91,20.38,7.0,0.1157,7.65,37.59,89.55,0.4074,0.1579,28.59,,,Journey Bank Ballpark,
212,699393,Pedro Ramirez,CHC,SEA,2026-08-23T20:10:00Z,Scheduled,7,Bryce Miller,682243,R,34.8,Longshot,Watch List,"Projected Lineup, Platoon Edge",17.5,39.5,25.4,59.8,75.0,10.8,No,Yes,7,Yes,Yes,RotoWire projected lineup; MLB probable pitchers,lineup projected / unconfirmed,H:2026 P:2026/2025,,,Direct BvP not yet weighted; 2026/2025 Statcast baseline active,7,5,26,0,"Last 7 games: 5/26, 0 HR","switch hitter; pitcher baseline 7.9% barrel, 15.6 HR allowed",neutral batted-ball profile; pitcher allows elevated contact,2.7,40.7,88.7,99.2705,0.341,0.083,0.292,72.2,21.9,35.4,18.6,2.0,0.127,7.93,37.75,89.04,0.3937,0.161,31.72,,,T-Mobile Park,
213,701785,Kaelen Culpepper,MIN,SD,2026-08-23T20:10:00Z,Scheduled,9,Walker Buehler,621111,R,34.8,Longshot,Watch List,Projected Lineup,26.0,41.6,22.6,40.2,50.0,54.3,No,Yes,9,Yes,Yes,RotoWire projected lineup; MLB probable pitchers,lineup projected / unconfirmed,H:2026 P:2026/2025,,,Direct BvP not yet weighted; 2026/2025 Statcast baseline active,7,9,25,1,Contact streak: 9/25 over last 7 games,"same-side matchup; pitcher baseline 8.5% barrel, 16.4 HR allowed",neutral batted-ball profile; pitcher fly-ball pressure modest,4.0,42.3,90.6,98.8632,0.365,0.114,0.303,73.8,34.8,46.2,19.2,1.0,0.106,8.52,38.57,88.95,0.4129,0.1589,23.51,,,Petco Park,
214,665966,Carlos Narvaez,BAL,TB,2026-08-23T17:35:00Z,Scheduled,9,Nick Martinez,607259,R,34.7,Longshot,Watch List,Projected Lineup,33.5,36.3,32.1,40.2,50.0,0.0,No,Yes,9,Yes,Yes,RotoWire projected lineup; MLB probable pitchers,lineup projected / unconfirmed,H:2026/2025 P:2026/2025,,,Direct BvP not yet weighted; 2026/2025 Statcast baseline active,7,0,18,0,"Last 7 games: 0/18, 0 HR","same-side matchup; pitcher baseline 7.2% barrel, 18.5 HR allowed",neutral batted-ball profile; pitcher fly-ball pressure modest,7.77,40.54,91.24,100.3014,0.339,0.134,0.2762,72.09,19.39,31.88,31.08,6.6,0.1038,7.21,33.45,87.46,0.4303,0.1579,28.47,,,Oriole Park at Camden Yards,
215,701675,Nathan Church,STL,PHI,2026-08-23T17:35:00Z,Scheduled,6,Cristopher Sánchez,650911,L,34.5,Longshot,Watch List,Projected Lineup,16.0,31.4,34.3,71.7,50.0,39.7,No,Yes,6,Yes,Yes,RotoWire projected lineup; MLB probable pitchers,lineup projected / unconfirmed,H:2026/2025 P:2026/2025,,,Direct BvP not yet weighted; 2026/2025 Statcast baseline active,7,5,13,0,Contact streak: 5/13 over last 7 games,"same-side matchup; pitcher baseline 6.8% barrel, 12.7 HR allowed",neutral batted-ball profile; pitcher fly-ball pressure modest,5.2,33.59,86.9,97.7451,0.3357,0.1088,0.2736,69.6,8.62,34.78,21.46,6.6,0.1053,6.75,41.2,89.21,0.3541,0.1207,16.62,,,Citizens Bank Park,
216,665804,Miguel Amaya,CHC,SEA,2026-08-23T20:10:00Z,Scheduled,9,Bryce Miller,682243,R,34.4,Longshot,Watch List,Projected Lineup,24.9,41.2,25.4,40.2,50.0,47.2,No,Yes,9,Yes,Yes,RotoWire projected lineup; MLB probable pitchers,lineup projected / unconfirmed,H:2026/2025 P:2026/2025,,,Direct BvP not yet weighted; 2026/2025 Statcast baseline active,7,4,21,2,Hot streak: 2 HR in last 7 games,"same-side matchup; pitcher baseline 7.9% barrel, 15.6 HR allowed",neutral batted-ball profile; pitcher allows elevated contact,7.09,35.28,87.38,97.8095,0.3447,0.1294,0.2936,71.01,13.87,40.8,32.09,4.7,0.1609,7.93,37.75,89.04,0.3937,0.161,31.72,,,T-Mobile Park,
217,676391,Ernie Clement,TOR,NYY,2026-08-23T17:35:00Z,Scheduled,6,Carlos Rodón,607074,L,34.3,Longshot,Watch List,"Projected Lineup, Platoon Edge",5.5,31.6,38.2,71.7,78.0,42.0,No,Yes,6,Yes,Yes,RotoWire projected lineup; MLB probable pitchers,lineup projected / unconfirmed,H:2026/2025 P:2026/2025,,,Direct BvP not yet weighted; 2026/2025 Statcast baseline active,7,10,25,0,Contact streak: 10/25 over last 7 games,"platoon edge; pitcher baseline 6.7% barrel, 9.4 HR allowed",neutral batted-ball profile; pitcher fly-ball pressure modest,2.33,22.08,85.13,94.7039,0.3415,0.0867,0.2757,67.46,2.75,41.5,27.83,9.0,0.1189,6.69,37.22,89.65,0.344,0.1338,27.18,,,Yankee Stadium,
218,679845,Nick Loftin,KC,DET,2026-08-23T18:10:00Z,Scheduled,6,,,,34.1,Longshot,Watch List,Projected Lineup,15.9,41.2,23.2,71.7,60.0,0.0,No,Yes,6,Yes,Yes,RotoWire projected lineup; MLB probable pitchers,lineup projected / unconfirmed,H:2026/2025 P:,,,Direct BvP not yet weighted; 2026/2025 Statcast baseline active,7,2,20,0,"Last 7 games: 2/20, 0 HR","handedness incomplete; pitcher baseline 0.0% barrel, 0.0 HR allowed",neutral batted-ball profile; pitcher fly-ball pressure modest,4.9,29.73,87.22,96.8205,0.3457,0.1137,0.2989,69.12,5.59,44.99,27.52,4.7,0.1441,,,,,,,,,Kauffman Stadium,
219,676356,Jonny DeLuca,TB,BAL,2026-08-23T17:35:00Z,Scheduled,6,Shane Baz,669358,R,34.0,Longshot,Watch List,Projected Lineup,11.7,41.2,32.1,71.7,50.0,17.7,No,Yes,6,Yes,Yes,RotoWire projected lineup; MLB probable pitchers,lineup projected / unconfirmed,H:2026/2025 P:2026/2025,,,Direct BvP not yet weighted; 2026/2025 Statcast baseline active,7,5,21,0,"Last 7 games: 5/21, 0 HR","same-side matchup; pitcher baseline 7.6% barrel, 15.5 HR allowed",neutral batted-ball profile; pitcher fly-ball pressure modest,3.56,30.26,85.25,97.2148,0.3472,0.1005,0.2733,72.89,30.62,46.09,21.43,5.6,0.1538,7.61,41.78,90.05,0.393,0.1476,25.5,,,Oriole Park at Camden Yards,
220,665750,Leody Taveras,BAL,TB,2026-08-23T17:35:00Z,Scheduled,8,Nick Martinez,607259,R,33.8,Longshot,Watch List,"Projected Lineup, Platoon Edge",18.9,34.3,32.1,47.9,75.0,21.1,No,Yes,8,Yes,Yes,RotoWire projected lineup; MLB probable pitchers,lineup projected / unconfirmed,H:2026/2025 P:2026/2025,,,Direct BvP not yet weighted; 2026/2025 Statcast baseline active,7,6,23,0,"Last 7 games: 6/23, 0 HR","switch hitter; pitcher baseline 7.2% barrel, 18.5 HR allowed",neutral batted-ball profile; pitcher fly-ball pressure modest,4.86,33.1,88.08,99.0534,0.3251,0.1124,0.2663,72.39,24.32,32.95,24.31,5.8,0.1221,7.21,33.45,87.46,0.4303,0.1579,28.47,,,Oriole Park at Camden Yards,
221,678882,Ceddanne Rafaela,BOS,SF,2026-08-23T19:15:00Z,Scheduled,2,Matt Wilkinson,683363,L,33.8,Longshot,Watch List,"Projected Lineup, Premium Lineup Spot, Platoon Edge",22.9,2.5,28.7,95.5,78.0,19.5,No,Yes,2,Yes,Yes,RotoWire projected lineup; MLB probable pitchers,lineup projected / unconfirmed,H:2026/2025 P:2026,,,Direct BvP not yet weighted; 2026/2025 Statcast baseline active,7,8,32,0,"Last 7 games: 8/32, 0 HR","platoon edge; pitcher baseline 0.0% barrel, 0.0 HR allowed",neutral batted-ball profile; pitcher fly-ball pressure modest,6.75,34.08,86.97,97.8319,0.3796,0.1334,0.291,70.02,8.83,35.43,26.14,16.0,0.1734,0.0,14.3,79.6,0.237,0.017,28.6,,,Fenway Park,
222,663538,Nico Hoerner,CHC,SEA,2026-08-23T20:10:00Z,Scheduled,5,Bryce Miller,682243,R,33.8,Longshot,Watch List,Projected Lineup,8.4,41.2,25.4,81.9,50.0,26.4,No,Yes,5,Yes,Yes,RotoWire projected lineup; MLB probable pitchers,lineup projected / unconfirmed,H:2026/2025 P:2026/2025,,,Direct BvP not yet weighted; 2026/2025 Statcast baseline active,7,8,27,0,"Last 7 games: 8/27, 0 HR","same-side matchup; pitcher baseline 7.9% barrel, 15.6 HR allowed",neutral batted-ball profile; pitcher allows elevated contact,1.49,28.83,86.21,96.2648,0.3798,0.0822,0.3241,68.33,1.83,32.8,21.14,7.0,0.0977,7.93,37.75,89.04,0.3937,0.161,31.72,,,T-Mobile Park,
223,696285,Jacob Young,WSH,MIA,2026-08-23T17:40:00Z,Scheduled,7,Janson Junk,676083,R,33.2,Longshot,Watch List,Projected Lineup,19.1,41.5,21.5,59.8,50.0,16.1,No,Yes,7,Yes,Yes,RotoWire projected lineup; MLB probable pitchers,lineup projected / unconfirmed,H:2026/2025 P:2026/2025,,,Direct BvP not yet weighted; 2026/2025 Statcast baseline active,7,5,22,0,"Last 7 games: 5/22, 0 HR","same-side matchup; pitcher baseline 7.2% barrel, 10.8 HR allowed",neutral batted-ball profile; pitcher fly-ball pressure modest,4.98,33.22,88.09,98.0825,0.3794,0.116,0.3145,69.07,2.02,35.14,24.49,7.6,0.1218,7.17,42.47,90.62,0.4215,0.1578,22.8,,,loanDepot park,
224,665877,Jose Fermin,STL,PHI,2026-08-23T17:35:00Z,Scheduled,7,Cristopher Sánchez,650911,L,33.0,Longshot,Watch List,"Projected Lineup, Platoon Edge",10.9,31.4,34.3,59.8,78.0,27.0,No,Yes,7,Yes,Yes,RotoWire projected lineup; MLB probable pitchers,lineup projected / unconfirmed,H:2026/2025 P:2026/2025,,,Direct BvP not yet weighted; 2026/2025 Statcast baseline active,7,6,20,0,"Last 7 games: 6/20, 0 HR","platoon edge; pitcher baseline 6.8% barrel, 12.7 HR allowed",neutral batted-ball profile; pitcher fly-ball pressure modest,1.61,31.36,86.75,96.7354,0.3572,0.0941,0.3145,68.14,3.23,49.51,24.31,3.8,0.1235,6.75,41.2,89.21,0.3541,0.1207,16.62,,,Citizens Bank Park,
225,680776,Jarren Duran,BOS,SF,2026-08-23T19:15:00Z,Scheduled,7,Matt Wilkinson,683363,L,32.8,Longshot,Watch List,Projected Lineup,38.3,2.5,28.7,59.8,50.0,48.3,No,Yes,7,Yes,Yes,RotoWire projected lineup; MLB probable pitchers,lineup projected / unconfirmed,H:2026/2025 P:2026,,,Direct BvP not yet weighted; 2026/2025 Statcast baseline active,7,8,25,1,Contact streak: 8/25 over last 7 games,"same-side matchup; pitcher baseline 0.0% barrel, 0.0 HR allowed",neutral batted-ball profile; pitcher fly-ball pressure modest,9.63,41.97,90.33,102.0696,0.3883,0.1501,0.305,74.98,50.03,38.76,22.79,16.7,0.165,0.0,14.3,79.6,0.237,0.017,28.6,,,Fenway Park,
226,703520,Brett Bateman,TOR,NYY,2026-08-23T17:35:00Z,Scheduled,1,Carlos Rodón,607074,L,32.6,Longshot,Watch List,"Projected Lineup, Premium Lineup Spot",1.2,31.6,38.2,88.7,50.0,38.9,No,Yes,1,Yes,Yes,RotoWire projected lineup; MLB probable pitchers,lineup projected / unconfirmed,H:2026 P:2026/2025,,,Direct BvP not yet weighted; 2026/2025 Statcast baseline active,7,11,29,0,Contact streak: 11/29 over last 7 games,"same-side matchup; pitcher baseline 6.7% barrel, 9.4 HR allowed",neutral batted-ball profile; pitcher fly-ball pressure modest,0.0,14.3,83.4,92.6696,0.301,0.06,0.262,68.1,1.4,26.2,7.1,0.0,0.094,6.69,37.22,89.65,0.344,0.1338,27.18,,,Yankee Stadium,
227,543760,Marcus Semien,NYM,CWS,2026-08-23T18:10:00Z,Scheduled,8,Sean Newcomb,656794,L,32.6,Longshot,Watch List,"Projected Lineup, Platoon Edge",24.5,22.5,27.6,47.9,78.0,24.0,No,Yes,8,Yes,Yes,RotoWire projected lineup; MLB probable pitchers,lineup projected / unconfirmed,H:2026/2025 P:2026/2025,,,Direct BvP not yet weighted; 2026/2025 Statcast baseline active,7,7,25,0,"Last 7 games: 7/25, 0 HR","platoon edge; pitcher baseline 5.5% barrel, 2.9 HR allowed",neutral batted-ball profile; pitcher fly-ball pressure modest,6.8,34.23,87.04,97.5125,0.3908,0.1467,0.3075,68.5,3.27,46.77,31.16,14.3,0.1382,5.49,38.51,88.34,0.3558,0.1089,20.09,,,Rate Field,
228,664728,Kyle Isbel,KC,DET,2026-08-23T18:10:00Z,Scheduled,9,,,,31.9,Longshot,Watch List,Projected Lineup,13.1,41.2,23.2,40.2,60.0,63.7,No,Yes,9,Yes,Yes,RotoWire projected lineup; MLB probable pitchers,lineup projected / unconfirmed,H:2026/2025 P:,,,Direct BvP not yet weighted; 2026/2025 Statcast baseline active,7,6,20,2,Hot streak: 2 HR in last 7 games,"handedness incomplete; pitcher baseline 0.0% barrel, 0.0 HR allowed",neutral batted-ball profile; pitcher fly-ball pressure modest,2.58,34.84,88.5,99.1019,0.3089,0.0798,0.2629,71.24,14.11,32.74,17.89,4.7,0.1134,,,,,,,,,Kauffman Stadium,
229,660844,Leo Rivas,SEA,CHC,2026-08-23T20:10:00Z,Scheduled,9,Shota Imanaga,684007,L,31.9,Longshot,Watch List,"Projected Lineup, Platoon Edge",4.9,52.9,25.4,40.2,75.0,28.2,No,Yes,9,Yes,Yes,RotoWire projected lineup; MLB probable pitchers,lineup projected / unconfirmed,H:2026/2025 P:2026/2025,,,Direct BvP not yet weighted; 2026/2025 Statcast baseline active,7,4,13,0,"Last 7 games: 4/13, 0 HR","switch hitter; pitcher baseline 10.5% barrel, 29.6 HR allowed",neutral batted-ball profile; pitcher allows elevated contact,1.88,16.34,86.37,93.7275,0.2359,0.0693,0.2558,65.9,1.23,44.4,29.88,0.6,0.0519,10.48,37.83,89.09,0.4284,0.194,34.74,,,T-Mobile Park,
230,691594,Javier Sanoja,MIA,WSH,2026-08-23T17:40:00Z,Scheduled,8,Jackson Kent,800600,L,31.8,Longshot,Watch List,"Projected Lineup, Platoon Edge, Hot Hitter/Streak",9.6,32.5,21.5,47.9,78.0,77.4,No,Yes,8,Yes,Yes,RotoWire projected lineup; MLB probable pitchers,lineup projected / unconfirmed,H:2026/2025 P:2026,,,Direct BvP not yet weighted; 2026/2025 Statcast baseline active,7,9,23,2,Hot streak: 2 HR in last 7 games,"platoon edge; pitcher baseline 4.2% barrel, 1.0 HR allowed",neutral batted-ball profile; pitcher fly-ball pressure modest,2.15,32.06,87.1,97.3605,0.3343,0.0795,0.2792,69.0,6.74,37.17,19.11,6.0,0.1474,4.2,50.0,90.9,0.412,0.129,12.5,,,loanDepot park,
231,683766,Christian Koss,SF,BOS,2026-08-23T19:15:00Z,Scheduled,7,Jake Bennett,687562,L,31.6,Longshot,Watch List,"Projected Lineup, Platoon Edge",14.5,26.8,28.7,59.8,78.0,13.3,No,Yes,7,Yes,Yes,RotoWire projected lineup; MLB probable pitchers,lineup projected / unconfirmed,H:2026/2025 P:2026,,,Direct BvP not yet weighted; 2026/2025 Statcast baseline active,7,5,24,0,"Last 7 games: 5/24, 0 HR","platoon edge; pitcher baseline 6.2% barrel, 6.0 HR allowed",neutral batted-ball profile; pitcher fly-ball pressure modest,6.07,31.71,86.2,97.9198,0.3236,0.0963,0.2634,69.79,6.14,40.05,21.5,0.9,0.069,6.2,36.4,88.0,0.363,0.133,24.8,,,Fenway Park,
232,666023,Freddy Fermin,SD,MIN,2026-08-23T20:10:00Z,Scheduled,9,Bailey Ober,641927,R,31.4,Longshot,Watch List,Projected Lineup,13.7,54.6,22.6,40.2,50.0,5.7,No,Yes,9,Yes,Yes,RotoWire projected lineup; MLB probable pitchers,lineup projected / unconfirmed,H:2026/2025 P:2026/2025,,,Direct BvP not yet weighted; 2026/2025 Statcast baseline active,7,3,19,0,"Last 7 games: 3/19, 0 HR","same-side matchup; pitcher baseline 10.3% barrel, 20.9 HR allowed",neutral batted-ball profile; pitcher allows elevated contact,3.99,29.2,87.7,97.0054,0.3154,0.1016,0.2665,69.78,6.14,37.48,28.14,4.3,0.1055,10.34,36.58,88.9,0.4655,0.2119,31.69,,,Petco Park,
233,683227,Cody Freeman,TEX,LAA,2026-08-23T18:35:00Z,Scheduled,8,Yusei Kikuchi,579328,L,31.1,Longshot,Watch List,"Projected Lineup, Platoon Edge",0.0,48.3,27.6,47.9,78.0,32.0,No,Yes,8,Yes,Yes,RotoWire projected lineup; MLB probable pitchers,lineup projected / unconfirmed,H:2026/2025 P:2026/2025,,,Direct BvP not yet weighted; 2026/2025 Statcast baseline active,7,5,15,0,Contact streak: 5/15 over last 7 games,"platoon edge; pitcher baseline 8.8% barrel, 9.3 HR allowed",neutral batted-ball profile; pitcher fly-ball pressure modest,1.26,17.26,82.45,92.8566,0.2098,0.0387,0.2192,65.9,0.45,40.69,18.32,0.9,0.0342,8.77,42.48,90.44,0.4406,0.1843,25.43,,,Globe Life Field,
234,693304,Nick Gonzales,PIT,LAD,2026-08-23T20:10:00Z,Scheduled,1,Blake Snell,605483,L,31.1,Longshot,Watch List,"Projected Lineup, Premium Lineup Spot, Platoon Edge",16.0,0.9,27.6,88.7,78.0,40.7,No,Yes,1,Yes,Yes,RotoWire projected lineup; MLB probable pitchers,lineup projected / unconfirmed,H:2026/2025 P:2026/2025,,,Direct BvP not yet weighted; 2026/2025 Statcast baseline active,7,9,23,0,Contact streak: 9/23 over last 7 games,"platoon edge; pitcher baseline 1.7% barrel, 0.9 HR allowed",neutral batted-ball profile; pitcher fly-ball pressure modest,3.24,36.14,87.05,98.2813,0.3813,0.1063,0.3141,70.71,12.66,37.64,20.7,5.7,0.0957,1.74,17.76,83.82,0.2562,0.0567,22.38,,,UNIQLO Field at Dodger Stadium,
235,671976,Tristan Peters,CWS,NYM,2026-08-23T18:10:00Z,Scheduled,8,Nolan McLean,690997,R,31.0,Longshot,Watch List,"Projected Lineup, Platoon Edge",12.1,30.3,27.6,47.9,80.0,33.7,No,Yes,8,Yes,Yes,RotoWire projected lineup; MLB probable pitchers,lineup projected / unconfirmed,H:2026/2025 P:2026/2025,,,Direct BvP not yet weighted; 2026/2025 Statcast baseline active,7,4,18,1,"Last 7 games: 4/18, 1 HR","platoon edge; pitcher baseline 7.2% barrel, 11.7 HR allowed",neutral batted-ball profile; pitcher fly-ball pressure modest,3.57,33.84,87.08,97.82,0.3187,0.0973,0.2593,69.16,5.46,42.12,17.43,4.9,0.1071,7.23,38.01,88.24,0.3507,0.1285,21.98,,,Rate Field,
236,687551,Drew Gilbert,SF,BOS,2026-08-23T19:15:00Z,Scheduled,8,Jake Bennett,687562,L,30.6,Longshot,Watch List,Projected Lineup,17.4,26.8,28.7,47.9,50.0,57.8,No,Yes,8,Yes,Yes,RotoWire projected lineup; MLB probable pitchers,lineup projected / unconfirmed,H:2026/2025 P:2026,,,Direct BvP not yet weighted; 2026/2025 Statcast baseline active,7,6,23,2,Hot streak: 2 HR in last 7 games,"same-side matchup; pitcher baseline 6.2% barrel, 6.0 HR allowed",neutral batted-ball profile; pitcher fly-ball pressure modest,4.69,35.03,86.46,97.9155,0.3654,0.1209,0.305,70.59,10.41,40.77,19.9,5.8,0.1439,6.2,36.4,88.0,0.363,0.133,24.8,,,Fenway Park,
237,665923,Esteury Ruiz,MIA,WSH,2026-08-23T17:40:00Z,Scheduled,9,Jackson Kent,800600,L,30.4,Longshot,Watch List,"Projected Lineup, Platoon Edge",18.5,32.5,21.5,40.2,78.0,12.0,No,Yes,9,Yes,Yes,RotoWire projected lineup; MLB probable pitchers,lineup projected / unconfirmed,H:2026/2025 P:2026,,,Direct BvP not yet weighted; 2026/2025 Statcast baseline active,7,4,20,0,"Last 7 games: 4/20, 0 HR","platoon edge; pitcher baseline 4.2% barrel, 1.0 HR allowed",neutral batted-ball profile; pitcher fly-ball pressure modest,8.05,27.16,84.37,96.2826,0.3335,0.1435,0.2882,71.31,17.82,45.78,24.99,4.5,0.1829,4.2,50.0,90.9,0.412,0.129,12.5,,,loanDepot park,
238,656716,Zach McKinstry,DET,KC,2026-08-23T18:10:00Z,Scheduled,5,Daniel Lynch IV,663738,L,30.2,Longshot,Watch List,Projected Lineup,7.1,30.0,23.2,81.9,50.0,23.7,No,Yes,5,Yes,Yes,RotoWire projected lineup; MLB probable pitchers,lineup projected / unconfirmed,H:2026/2025 P:2026/2025,,,Direct BvP not yet weighted; 2026/2025 Statcast baseline active,7,5,18,0,"Last 7 games: 5/18, 0 HR","same-side matchup; pitcher baseline 6.4% barrel, 5.2 HR allowed",neutral batted-ball profile; pitcher fly-ball pressure modest,3.44,25.11,85.63,95.716,0.3335,0.0928,0.2945,67.99,4.14,40.54,26.53,6.4,0.1286,6.42,37.81,88.25,0.3832,0.1424,25.14,,,Kauffman Stadium,
239,686765,Nick Sogard,BOS,SF,2026-08-23T19:15:00Z,Scheduled,1,Matt Wilkinson,683363,L,30.1,Longshot,Watch List,"Projected Lineup, Premium Lineup Spot, Platoon Edge",10.3,2.5,28.7,88.7,75.0,52.3,No,Yes,1,Yes,Yes,RotoWire projected lineup; MLB probable pitchers,lineup projected / unconfirmed,H:2026/2025 P:2026,,,Direct BvP not yet weighted; 2026/2025 Statcast baseline active,7,9,26,1,Contact streak: 9/26 over last 7 games,"switch hitter; pitcher baseline 0.0% barrel, 0.0 HR allowed",neutral batted-ball profile; pitcher fly-ball pressure modest,3.85,28.61,86.07,96.2965,0.3512,0.0953,0.3174,68.85,3.68,43.98,23.32,0.7,0.098,0.0,14.3,79.6,0.237,0.017,28.6,,,Fenway Park,
240,691011,Drew Romo,CWS,NYM,2026-08-23T18:10:00Z,Scheduled,9,Nolan McLean,690997,R,30.0,Longshot,Watch List,"Projected Lineup, Platoon Edge",10.2,29.0,27.6,40.2,75.0,62.8,No,Yes,9,Yes,Yes,RotoWire projected lineup; MLB probable pitchers,lineup projected / unconfirmed,H:2026/2025 P:2026/2025,,,Direct BvP not yet weighted; 2026/2025 Statcast baseline active,7,5,17,2,Hot streak: 2 HR in last 7 games,"switch hitter; pitcher baseline 7.2% barrel, 11.7 HR allowed",neutral batted-ball profile; pitcher fly-ball pressure modest,6.8,26.3,83.9,95.1095,0.2051,0.0784,0.1743,68.49,3.64,37.3,33.1,4.9,0.1148,7.23,38.01,88.24,0.3507,0.1285,21.98,,,Rate Field,
241,808982,Jung Hoo Lee,SF,BOS,2026-08-23T19:15:00Z,Scheduled,6,Jake Bennett,687562,L,30.0,Longshot,Watch List,Projected Lineup,11.2,26.8,28.7,71.7,50.0,20.9,No,Yes,6,Yes,Yes,RotoWire projected lineup; MLB probable pitchers,lineup projected / unconfirmed,H:2026/2025 P:2026,,,Direct BvP not yet weighted; 2026/2025 Statcast baseline active,7,7,27,0,"Last 7 games: 7/27, 0 HR","same-side matchup; pitcher baseline 6.2% barrel, 6.0 HR allowed",neutral batted-ball profile; pitcher fly-ball pressure modest,2.86,29.83,86.96,96.6,0.3801,0.0968,0.314,68.3,3.47,37.62,22.8,8.7,0.1396,6.2,36.4,88.0,0.363,0.133,24.8,,,Fenway Park,
242,699302,Hector Rodriguez,CIN,AZ,2026-08-23T20:15:00Z,Scheduled,8,Mitch Bratt,683352,L,29.5,Longshot,Watch List,Projected Lineup,13.7,33.3,28.2,47.9,50.0,30.3,No,Yes,8,Yes,Yes,RotoWire projected lineup; MLB probable pitchers,lineup projected / unconfirmed,H:2026 P:2026,,,Direct BvP not yet weighted; 2026/2025 Statcast baseline active,7,4,20,1,"Last 7 games: 4/20, 1 HR","same-side matchup; pitcher baseline 8.1% barrel, 5.0 HR allowed",neutral batted-ball profile; pitcher allows elevated contact,4.0,28.0,88.0,97.0729,0.194,0.037,0.198,75.0,51.6,40.0,24.0,0.0,0.029,8.1,35.1,87.4,0.365,0.147,33.3,,,Chase Field,
243,670764,Taylor Walls,TB,BAL,2026-08-23T17:35:00Z,Scheduled,9,Shane Baz,669358,R,29.4,Longshot,Watch List,"Projected Lineup, Platoon Edge",5.6,39.5,32.1,40.2,75.0,17.7,No,Yes,9,Yes,Yes,RotoWire projected lineup; MLB probable pitchers,lineup projected / unconfirmed,H:2026/2025 P:2026/2025,,,Direct BvP not yet weighted; 2026/2025 Statcast baseline active,7,5,21,0,"Last 7 games: 5/21, 0 HR","switch hitter; pitcher baseline 7.6% barrel, 15.5 HR allowed",neutral batted-ball profile; pitcher fly-ball pressure modest,2.43,23.18,86.02,95.4095,0.2712,0.0759,0.2512,68.35,2.13,38.05,28.63,2.6,0.0836,7.61,41.78,90.05,0.393,0.1476,25.5,,,Oriole Park at Camden Yards,
244,686475,Tyler Tolbert,KC,DET,2026-08-23T18:10:00Z,Scheduled,8,,,,29.0,Longshot,Watch List,Projected Lineup,9.1,41.2,23.2,47.9,60.0,10.1,No,Yes,8,Yes,Yes,RotoWire projected lineup; MLB probable pitchers,lineup projected / unconfirmed,H:2026/2025 P:,,,Direct BvP not yet weighted; 2026/2025 Statcast baseline active,7,3,16,0,"Last 7 games: 3/16, 0 HR","handedness incomplete; pitcher baseline 0.0% barrel, 0.0 HR allowed",neutral batted-ball profile; pitcher fly-ball pressure modest,3.17,30.4,86.27,96.8594,0.3388,0.0795,0.3116,69.32,3.37,34.85,23.54,2.4,0.1287,,,,,,,,,Kauffman Stadium,
245,694377,Nick Yorke,PIT,LAD,2026-08-23T20:10:00Z,Scheduled,7,Blake Snell,605483,L,29.0,Longshot,Watch List,"Projected Lineup, Platoon Edge",25.2,0.9,27.6,59.8,78.0,19.5,No,Yes,7,Yes,Yes,RotoWire projected lineup; MLB probable pitchers,lineup projected / unconfirmed,H:2026/2025 P:2026/2025,,,Direct BvP not yet weighted; 2026/2025 Statcast baseline active,7,5,20,0,"Last 7 games: 5/20, 0 HR","platoon edge; pitcher baseline 1.7% barrel, 0.9 HR allowed",neutral batted-ball profile; pitcher fly-ball pressure modest,4.77,46.18,88.54,100.9994,0.3521,0.1048,0.292,72.46,21.28,33.58,23.9,1.0,0.0828,1.74,17.76,83.82,0.2562,0.0567,22.38,,,UNIQLO Field at Dodger Stadium,
246,664702,Myles Straw,TOR,NYY,2026-08-23T17:35:00Z,Scheduled,9,Carlos Rodón,607074,L,28.7,Longshot,Watch List,"Projected Lineup, Platoon Edge",8.4,31.6,38.2,40.2,78.0,0.0,No,Yes,9,Yes,Yes,RotoWire projected lineup; MLB probable pitchers,lineup projected / unconfirmed,H:2026/2025 P:2026/2025,,,Direct BvP not yet weighted; 2026/2025 Statcast baseline active,7,1,16,0,"Last 7 games: 1/16, 0 HR","platoon edge; pitcher baseline 6.7% barrel, 9.4 HR allowed",neutral batted-ball profile; pitcher fly-ball pressure modest,3.27,25.21,86.08,95.6415,0.3489,0.099,0.2894,68.12,5.38,36.01,26.34,3.3,0.1064,6.69,37.22,89.65,0.344,0.1338,27.18,,,Yankee Stadium,
247,805367,Chase Meidroth,CWS,NYM,2026-08-23T18:10:00Z,Scheduled,7,Nolan McLean,690997,R,28.7,Longshot,Watch List,Projected Lineup,13.0,30.3,27.6,59.8,50.0,3.4,No,Yes,7,Yes,Yes,RotoWire projected lineup; MLB probable pitchers,lineup projected / unconfirmed,H:2026/2025 P:2026/2025,,,Direct BvP not yet weighted; 2026/2025 Statcast baseline active,7,4,28,0,"Last 7 games: 4/28, 0 HR","same-side matchup; pitcher baseline 7.2% barrel, 11.7 HR allowed",neutral batted-ball profile; pitcher fly-ball pressure modest,3.77,35.19,87.85,97.4105,0.3337,0.0947,0.2944,67.12,1.32,38.4,20.05,9.9,0.1125,7.23,38.01,88.24,0.3507,0.1285,21.98,,,Rate Field,
248,680779,Henry Davis,PIT,LAD,2026-08-23T20:10:00Z,Scheduled,9,Blake Snell,605483,L,28.5,Longshot,Watch List,"Projected Lineup, Platoon Edge",34.7,0.9,27.6,40.2,78.0,0.0,No,Yes,9,Yes,Yes,RotoWire projected lineup; MLB probable pitchers,lineup projected / unconfirmed,H:2026/2025 P:2026/2025,,,Direct BvP not yet weighted; 2026/2025 Statcast baseline active,7,1,16,0,"Last 7 games: 1/16, 0 HR","platoon edge; pitcher baseline 1.7% barrel, 0.9 HR allowed",neutral batted-ball profile; pitcher fly-ball pressure modest,9.54,38.52,89.58,100.3588,0.3505,0.1466,0.2881,74.18,42.63,50.23,26.14,7.7,0.1236,1.74,17.76,83.82,0.2562,0.0567,22.38,,,UNIQLO Field at Dodger Stadium,
249,681508,Mickey Gasper,BOS,SF,2026-08-23T19:15:00Z,Scheduled,9,Matt Wilkinson,683363,L,28.4,Longshot,Watch List,"Projected Lineup, Platoon Edge, Hot Hitter/Streak",22.4,2.5,28.7,40.2,75.0,74.5,No,Yes,9,Yes,Yes,RotoWire projected lineup; MLB probable pitchers,lineup projected / unconfirmed,H:2026/2025 P:2026,,,Direct BvP not yet weighted; 2026/2025 Statcast baseline active,7,5,20,3,Hot streak: 3 HR in last 7 games,"switch hitter; pitcher baseline 0.0% barrel, 0.0 HR allowed",neutral batted-ball profile; pitcher fly-ball pressure modest,5.29,33.86,88.15,98.2082,0.3446,0.1251,0.2899,71.58,13.4,40.24,31.06,2.7,0.1153,0.0,14.3,79.6,0.237,0.017,28.6,,,Fenway Park,
250,666163,Ben Rortvedt,LAD,PIT,2026-08-23T20:10:00Z,Scheduled,9,Lake Bachar,669199,R,28.4,Longshot,Watch List,"Projected Lineup, Platoon Edge",1.0,46.1,27.6,40.2,80.0,0.8,No,Yes,9,Yes,Yes,RotoWire projected lineup; MLB probable pitchers,lineup projected / unconfirmed,H:2026/2025 P:2026/2025,,,Direct BvP not yet weighted; 2026/2025 Statcast baseline active,7,2,16,0,"Last 7 games: 2/16, 0 HR","platoon edge; pitcher baseline 9.7% barrel, 11.4 HR allowed",neutral batted-ball profile; pitcher allows elevated contact,0.99,12.25,82.81,92.3067,0.26,0.0438,0.2218,67.72,1.47,31.5,18.95,0.3,0.0159,9.72,37.09,89.46,0.3899,0.1794,32.06,,,UNIQLO Field at Dodger Stadium,
251,683083,Nasim Nunez,WSH,MIA,2026-08-23T17:40:00Z,Scheduled,8,Janson Junk,676083,R,28.3,Longshot,Watch List,"Projected Lineup, Platoon Edge",5.9,40.3,21.5,47.9,75.0,0.8,No,Yes,8,Yes,Yes,RotoWire projected lineup; MLB probable pitchers,lineup projected / unconfirmed,H:2026/2025 P:2026/2025,,,Direct BvP not yet weighted; 2026/2025 Statcast baseline active,7,3,24,0,"Last 7 games: 3/24, 0 HR","switch hitter; pitcher baseline 7.2% barrel, 10.8 HR allowed",neutral batted-ball profile; pitcher fly-ball pressure modest,1.62,28.55,86.22,96.2381,0.3012,0.0727,0.2778,68.74,4.77,31.08,19.1,1.9,0.0755,7.17,42.47,90.62,0.4215,0.1578,22.8,,,loanDepot park,
252,676609,Jose Caballero,NYY,TOR,2026-08-23T17:35:00Z,Scheduled,9,José Soriano,667755,R,28.1,Longshot,Watch List,Projected Lineup,9.6,37.7,38.2,40.2,50.0,0.0,No,Yes,9,Yes,Yes,RotoWire projected lineup; MLB probable pitchers,lineup projected / unconfirmed,H:2026/2025 P:2026/2025,,,Direct BvP not yet weighted; 2026/2025 Statcast baseline active,7,1,12,0,"Last 7 games: 1/12, 0 HR","same-side matchup; pitcher baseline 7.8% barrel, 12.7 HR allowed",neutral batted-ball profile; pitcher fly-ball pressure modest,4.85,26.82,84.53,96.4728,0.3383,0.1129,0.2871,68.82,7.98,41.32,21.66,9.9,0.1341,7.76,41.55,89.65,0.3866,0.1397,18.54,,,Yankee Stadium,
253,806198,Cooper Pratt,MIL,ATL,2026-08-23T23:10:00Z,Scheduled,9,Tyler Mahle,641816,R,28.1,Longshot,Watch List,Projected Lineup,12.9,40.1,27.6,40.2,50.0,0.0,No,Yes,9,Yes,Yes,RotoWire projected lineup; MLB probable pitchers,lineup projected / unconfirmed,H:2026 P:2026/2025,,,Direct BvP not yet weighted; 2026/2025 Statcast baseline active,7,1,22,0,"Last 7 games: 1/22, 0 HR","same-side matchup; pitcher baseline 7.7% barrel, 12.7 HR allowed",neutral batted-ball profile; pitcher fly-ball pressure modest,3.6,29.5,87.7,96.7673,0.346,0.095,0.311,70.2,8.0,32.1,23.2,2.0,0.091,7.65,37.59,89.55,0.4074,0.1579,28.59,,,Journey Bank Ballpark,
254,805347,Jim Jarvis,ATL,MIL,2026-08-23T23:10:00Z,Scheduled,9,Shane Drohan,675660,L,27.7,Longshot,Watch List,Projected Lineup,14.4,35.9,27.6,40.2,50.0,0.0,No,Yes,9,Yes,Yes,RotoWire projected lineup; MLB probable pitchers,lineup projected / unconfirmed,H:2026 P:2026,,,Direct BvP not yet weighted; 2026/2025 Statcast baseline active,7,1,17,0,"Last 7 games: 1/17, 0 HR","same-side matchup; pitcher baseline 8.5% barrel, 9.0 HR allowed",neutral batted-ball profile; pitcher fly-ball pressure modest,3.3,36.7,88.7,98.6045,0.308,0.071,0.272,71.0,12.4,26.7,18.9,1.0,0.093,8.5,38.1,88.1,0.367,0.136,29.0,,,Journey Bank Ballpark,
255,703601,Max Clark,DET,KC,2026-08-23T18:10:00Z,Scheduled,8,Daniel Lynch IV,663738,L,27.1,Longshot,Watch List,Projected Lineup,13.5,30.0,23.2,47.9,50.0,14.6,No,Yes,8,Yes,Yes,RotoWire projected lineup; MLB probable pitchers,lineup projected / unconfirmed,H:2026 P:2026/2025,,,Direct BvP not yet weighted; 2026/2025 Statcast baseline active,7,5,23,0,"Last 7 games: 5/23, 0 HR","same-side matchup; pitcher baseline 6.4% barrel, 5.2 HR allowed",neutral batted-ball profile; pitcher fly-ball pressure modest,1.8,35.7,85.7,97.4351,0.35,0.079,0.301,73.0,26.9,35.7,26.8,1.0,0.137,6.42,37.81,88.25,0.3832,0.1424,25.14,,,Kauffman Stadium,
256,655316,Andruw Monasterio,BOS,SF,2026-08-23T19:15:00Z,Scheduled,8,Matt Wilkinson,683363,L,26.8,Longshot,Watch List,"Projected Lineup, Platoon Edge",24.7,2.5,28.7,47.9,78.0,0.0,No,Yes,8,Yes,Yes,RotoWire projected lineup; MLB probable pitchers,lineup projected / unconfirmed,H:2026/2025 P:2026,,,Direct BvP not yet weighted; 2026/2025 Statcast baseline active,7,3,27,0,"Last 7 games: 3/27, 0 HR","platoon edge; pitcher baseline 0.0% barrel, 0.0 HR allowed",neutral batted-ball profile; pitcher fly-ball pressure modest,6.98,33.0,87.77,97.4485,0.3735,0.1376,0.2961,69.31,3.57,40.13,32.32,5.4,0.1628,0.0,14.3,79.6,0.237,0.017,28.6,,,Fenway Park,
257,668800,Andrew Knizner,SF,BOS,2026-08-23T19:15:00Z,Scheduled,9,Jake Bennett,687562,L,26.6,Longshot,Watch List,"Projected Lineup, Platoon Edge",3.5,26.8,28.7,40.2,78.0,41.2,No,Yes,9,Yes,Yes,RotoWire projected lineup; MLB probable pitchers,lineup projected / unconfirmed,H:2026/2025 P:2026,,,Direct BvP not yet weighted; 2026/2025 Statcast baseline active,5,3,11,1,"Last 5 games: 3/11, 1 HR","platoon edge; pitcher baseline 6.2% barrel, 6.0 HR allowed",neutral batted-ball profile; pitcher fly-ball pressure modest,0.42,20.96,84.69,92.7954,0.176,0.0308,0.2472,70.53,13.91,22.7,6.96,0.3,0.0234,6.2,36.4,88.0,0.363,0.133,24.8,,,Fenway Park,
258,702332,Caleb Durbin,BOS,SF,2026-08-23T19:15:00Z,Scheduled,6,Matt Wilkinson,683363,L,25.2,Longshot,Watch List,"Projected Lineup, Platoon Edge",4.6,2.5,28.7,71.7,78.0,33.9,No,Yes,6,Yes,Yes,RotoWire projected lineup; MLB probable pitchers,lineup projected / unconfirmed,H:2026/2025 P:2026,,,Direct BvP not yet weighted; 2026/2025 Statcast baseline active,7,9,26,0,Contact streak: 9/26 over last 7 games,"platoon edge; pitcher baseline 0.0% barrel, 0.0 HR allowed",neutral batted-ball profile; pitcher fly-ball pressure modest,3.16,26.13,84.22,95.747,0.3354,0.0923,0.2959,68.88,5.37,40.67,19.47,11.7,0.1422,0.0,14.3,79.6,0.237,0.017,28.6,,,Fenway Park,
259,664774,LaMonte Wade,HOU,ATH,2026-08-23T18:10:00Z,Scheduled,9,Brady Basso,669620,L,25.1,Longshot,Watch List,Projected Lineup,13.9,23.4,27.6,40.2,50.0,12.0,No,Yes,9,Yes,Yes,RotoWire projected lineup; MLB probable pitchers,lineup projected / unconfirmed,H:2026/2025 P:2026/2025,,,Direct BvP not yet weighted; 2026/2025 Statcast baseline active,7,3,15,0,"Last 7 games: 3/15, 0 HR","same-side matchup; pitcher baseline 5.3% barrel, 1.4 HR allowed",neutral batted-ball profile; pitcher fly-ball pressure modest,3.59,33.97,87.53,98.2628,0.2944,0.0943,0.2852,70.84,8.01,37.77,24.74,2.0,0.1066,5.26,40.25,88.82,0.3571,0.0937,24.36,,,Daikin Park,
260,663968,Jake Mangum,PIT,LAD,2026-08-23T20:10:00Z,Scheduled,6,Blake Snell,605483,L,24.2,Longshot,Watch List,"Projected Lineup, Platoon Edge",6.6,0.8,27.6,71.7,75.0,17.7,No,Yes,6,Yes,Yes,RotoWire projected lineup; MLB probable pitchers,lineup projected / unconfirmed,H:2026/2025 P:2026/2025,,,Direct BvP not yet weighted; 2026/2025 Statcast baseline active,7,5,21,0,"Last 7 games: 5/21, 0 HR","switch hitter; pitcher baseline 1.7% barrel, 0.9 HR allowed",neutral batted-ball profile; pitcher fly-ball pressure modest,2.28,29.62,85.97,96.7413,0.3346,0.0829,0.2851,67.65,3.73,27.23,15.7,3.7,0.086,1.74,17.76,83.82,0.2562,0.0567,22.38,,,UNIQLO Field at Dodger Stadium,
261,669707,Jared Triolo,PIT,LAD,2026-08-23T20:10:00Z,Scheduled,8,Blake Snell,605483,L,23.6,Longshot,Watch List,"Projected Lineup, Platoon Edge",16.4,0.9,27.6,47.9,78.0,1.6,No,Yes,8,Yes,Yes,RotoWire projected lineup; MLB probable pitchers,lineup projected / unconfirmed,H:2026/2025 P:2026/2025,,,Direct BvP not yet weighted; 2026/2025 Statcast baseline active,7,3,23,0,"Last 7 games: 3/23, 0 HR","platoon edge; pitcher baseline 1.7% barrel, 0.9 HR allowed",neutral batted-ball profile; pitcher fly-ball pressure modest,3.61,37.57,87.95,98.6637,0.3368,0.095,0.2946,70.9,7.86,39.04,20.89,3.5,0.0863,1.74,17.76,83.82,0.2562,0.0567,22.38,,,UNIQLO Field at Dodger Stadium,
