rank,hitter_id,player,team,opponent,game_start_time,game_status,batting_order,pitcher,pitcher_id,pitcher_hand,hr_score,tier,play_type,reason_tags,power_score,pitcher_score,environment_score,lineup_score,platoon_score,recent_form_score,confirmed_lineup,rotowire_confirmed_lineup,rotowire_batting_order,rotowire_player_found,lineup_disagreement,lineup_sources_used,source_warnings,stat_years_used,bvp_pa,bvp_hr,bvp_note,recent_games,recent_hits,recent_abs,recent_hr,recent_form_note,split_matchup_note,pitch_mix_note,barrel_pct,hard_hit_pct,avg_exit_velocity,ev50,xslg,xiso,xwoba,bat_speed,fast_swing_pct,pull_pct,fb_pct,hr_total,iso,pitcher_barrel_pct_allowed,pitcher_hard_hit_pct_allowed,pitcher_avg_exit_velocity_allowed,pitcher_xslg_allowed,pitcher_xiso_allowed,pitcher_fb_pct_allowed,wind_direction,weather_temp,ballpark,odds
1,669065,Kyle Stowers,MIA,LAA,2026-08-07T23:10:00Z,Scheduled,6,George Klassen,691946,R,60.5,Tier 3,Watch List,"Projected Lineup, Strong Barrel, Pitcher Vulnerable, Platoon Edge",61.0,72.0,21.5,71.7,80.0,53.3,No,Yes,6,Yes,Yes,RotoWire projected lineup; MLB probable pitchers,lineup projected / unconfirmed,H:2026/2025 P:2026,,,Direct BvP not yet weighted; 2026/2025 Statcast baseline active,7,6,26,2,Hot streak: 2 HR in last 7 games,"platoon edge; pitcher baseline 25.0% barrel, 1.0 HR allowed",neutral batted-ball profile; pitcher fly-ball pressure modest,14.13,53.33,91.73,103.2123,0.4621,0.2237,0.3407,75.21,54.53,46.13,31.29,18.7,0.2308,25.0,50.0,89.6,0.568,0.262,18.8,,,loanDepot park,
2,656941,Kyle Schwarber,PHI,TOR,2026-08-07T22:40:00Z,Scheduled,1,José Soriano,667755,R,58.9,Longshot,Watch List,"Projected Lineup, Elite Power, Strong Barrel, Premium Lineup Spot, Platoon Edge",77.0,36.5,34.3,88.7,80.0,0.0,No,Yes,1,Yes,Yes,RotoWire projected lineup; MLB probable pitchers,lineup projected / unconfirmed,H:2026/2025 P:2026/2025,,,Direct BvP not yet weighted; 2026/2025 Statcast baseline active,7,2,22,0,"Last 7 games: 2/22, 0 HR","platoon edge; pitcher baseline 7.8% barrel, 12.0 HR allowed",lift-pull EV profile; pitcher fly-ball pressure modest,18.42,54.49,93.6,104.6005,0.5152,0.2756,0.3765,77.09,75.21,54.49,33.6,39.9,0.2936,7.83,40.71,89.44,0.3789,0.1376,19.03,,,Citizens Bank Park,
3,681715,Heriberto Hernandez,MIA,LAA,2026-08-07T23:10:00Z,Scheduled,2,George Klassen,691946,R,57.5,Longshot,Watch List,"Projected Lineup, Strong Barrel, Pitcher Vulnerable, Premium Lineup Spot",55.1,72.0,21.5,95.5,50.0,18.3,No,Yes,2,Yes,Yes,RotoWire projected lineup; MLB probable pitchers,lineup projected / unconfirmed,H:2026/2025 P:2026,,,Direct BvP not yet weighted; 2026/2025 Statcast baseline active,7,3,26,1,"Last 7 games: 3/26, 1 HR","same-side matchup; pitcher baseline 25.0% barrel, 1.0 HR allowed",neutral batted-ball profile; pitcher fly-ball pressure modest,11.98,48.83,91.32,101.7681,0.4721,0.2236,0.3452,74.35,47.28,45.49,30.97,14.2,0.2126,25.0,50.0,89.6,0.568,0.262,18.8,,,loanDepot park,
4,624413,Pete Alonso,BAL,TEX,2026-08-08T00:15:00Z,Scheduled,2,Nathan Eovaldi,543135,R,56.6,Longshot,Watch List,"Projected Lineup, Strong Barrel, Premium Lineup Spot",68.7,42.4,27.6,95.5,50.0,34.9,No,Yes,2,Yes,Yes,RotoWire projected lineup; MLB probable pitchers,lineup projected / unconfirmed,H:2026/2025 P:2026/2025,,,Direct BvP not yet weighted; 2026/2025 Statcast baseline active,7,6,26,1,"Last 7 games: 6/26, 1 HR","same-side matchup; pitcher baseline 8.2% barrel, 19.8 HR allowed",EV profile; pitcher fly-ball pressure modest,14.56,54.75,93.78,104.1044,0.5286,0.2563,0.3783,74.78,48.86,36.36,30.53,27.5,0.2233,8.24,40.53,88.81,0.4,0.1607,24.76,,,Globe Life Field,
5,677800,Wilyer Abreu,BOS,ATH,2026-08-07T23:10:00Z,Scheduled,3,Jack Perkins,678022,R,55.9,Longshot,Watch List,"Projected Lineup, Strong Barrel, Premium Lineup Spot, Platoon Edge, Hot Hitter/Streak",54.3,38.7,28.7,92.1,80.0,85.2,No,Yes,3,Yes,Yes,RotoWire projected lineup; MLB probable pitchers,lineup projected / unconfirmed,H:2026/2025 P:2026/2025,,,Direct BvP not yet weighted; 2026/2025 Statcast baseline active,7,9,28,5,Hot streak: 5 HR in last 7 games,"platoon edge; pitcher baseline 8.7% barrel, 11.0 HR allowed",fly-ball profile; pitcher allows elevated contact,12.79,43.22,90.17,101.282,0.4834,0.2292,0.3462,73.89,38.52,37.06,37.87,20.6,0.2108,8.69,37.0,87.87,0.3755,0.1496,33.82,,,Fenway Park,
6,808959,Munetaka Murakami,CWS,CLE,2026-08-07T23:40:00Z,Scheduled,2,Parker Messick,800048,L,55.2,Longshot,Watch List,"Projected Lineup, Elite Power, Strong Barrel, Premium Lineup Spot",82.3,18.7,27.6,95.5,50.0,30.3,No,Yes,2,Yes,Yes,RotoWire projected lineup; MLB probable pitchers,lineup projected / unconfirmed,H:2026 P:2026/2025,,,Direct BvP not yet weighted; 2026/2025 Statcast baseline active,7,6,30,1,"Last 7 games: 6/30, 1 HR","same-side matchup; pitcher baseline 5.2% barrel, 8.9 HR allowed",lift-pull EV profile; pitcher fly-ball pressure modest,19.9,59.0,94.1,104.6938,0.505,0.285,0.367,74.9,51.9,42.8,40.4,24.0,0.295,5.17,31.76,87.54,0.3442,0.1149,20.98,,,Rate Field,
7,694192,Jackson Chourio,MIL,MIN,2026-08-07T23:40:00Z,Scheduled,2,Zebby Matthews,805673,R,55.2,Longshot,Watch List,"Projected Lineup, Strong Barrel, Premium Lineup Spot",50.7,54.9,27.6,95.5,50.0,64.8,No,Yes,2,Yes,Yes,RotoWire projected lineup; MLB probable pitchers,lineup projected / unconfirmed,H:2026/2025 P:2026/2025,,,Direct BvP not yet weighted; 2026/2025 Statcast baseline active,7,8,26,2,Hot streak: 2 HR in last 7 games,"same-side matchup; pitcher baseline 11.7% barrel, 14.8 HR allowed",neutral batted-ball profile; pitcher fly-ball pressure modest,12.08,45.52,91.26,102.023,0.4526,0.2014,0.3252,74.25,44.24,31.36,27.03,16.1,0.1881,11.65,38.45,89.76,0.4442,0.1872,27.59,,,American Family Field,
8,547180,Bryce Harper,PHI,TOR,2026-08-07T22:40:00Z,Scheduled,3,José Soriano,667755,R,54.9,Longshot,Watch List,"Projected Lineup, Strong Barrel, Premium Lineup Spot, Platoon Edge",53.7,36.5,34.3,92.1,80.0,64.3,No,Yes,3,Yes,Yes,RotoWire projected lineup; MLB probable pitchers,lineup projected / unconfirmed,H:2026/2025 P:2026/2025,,,Direct BvP not yet weighted; 2026/2025 Statcast baseline active,7,7,23,2,Hot streak: 2 HR in last 7 games,"platoon edge; pitcher baseline 7.8% barrel, 12.0 HR allowed",neutral batted-ball profile; pitcher fly-ball pressure modest,11.88,45.75,90.6,102.0565,0.5053,0.2331,0.382,74.31,46.55,38.05,27.8,24.9,0.2386,7.83,40.71,89.44,0.3789,0.1376,19.03,,,Citizens Bank Park,
9,694197,Angel Genao,CLE,CWS,2026-08-07T23:40:00Z,Scheduled,9,Noah Schultz,702273,L,54.6,Longshot,Watch List,"Projected Lineup, Strong Barrel, Platoon Edge",74.4,47.0,27.6,40.2,75.0,45.0,No,Yes,9,Yes,Yes,RotoWire projected lineup; MLB probable pitchers,lineup projected / unconfirmed,H:2026 P:2026,,,Direct BvP not yet weighted; 2026/2025 Statcast baseline active,2,5,9,0,Contact streak: 5/9 over last 2 games,"switch hitter; pitcher baseline 9.5% barrel, 9.0 HR allowed",EV profile; pitcher fly-ball pressure modest,20.0,80.0,93.7,98.4126,0.716,0.225,0.521,68.6,0.0,0.0,20.0,0.0,0.0,9.5,40.0,89.1,0.452,0.182,27.9,,,Rate Field,
10,701538,Jackson Merrill,SD,HOU,2026-08-08T01:40:00Z,Scheduled,5,Ronel Blanco,669854,R,54.4,Longshot,Watch List,"Projected Lineup, Strong Barrel, Platoon Edge",47.4,59.4,22.6,81.9,80.0,48.5,No,Yes,5,Yes,Yes,RotoWire projected lineup; MLB probable pitchers,lineup projected / unconfirmed,H:2026/2025 P:2026/2025,,,Direct BvP not yet weighted; 2026/2025 Statcast baseline active,7,9,28,1,Contact streak: 9/28 over last 7 games,"platoon edge; pitcher baseline 13.6% barrel, 5.6 HR allowed",neutral batted-ball profile; pitcher allows elevated contact,11.25,45.21,89.91,100.4716,0.4578,0.2018,0.3295,72.88,27.05,37.35,28.66,16.0,0.1671,13.58,36.8,88.42,0.424,0.2166,40.92,,,Petco Park,
11,701398,Sal Stewart,CIN,WSH,2026-08-07T22:45:00Z,Scheduled,2,Cade Cavalli,676917,R,54.2,Longshot,Watch List,"Projected Lineup, Strong Barrel, Premium Lineup Spot, Hot Hitter/Streak",61.5,31.5,28.2,95.5,50.0,85.0,No,Yes,2,Yes,Yes,RotoWire projected lineup; MLB probable pitchers,lineup projected / unconfirmed,H:2026/2025 P:2026/2025,,,Direct BvP not yet weighted; 2026/2025 Statcast baseline active,7,8,25,3,Hot streak: 3 HR in last 7 games,"same-side matchup; pitcher baseline 6.2% barrel, 10.5 HR allowed",neutral batted-ball profile; pitcher fly-ball pressure modest,15.31,43.61,91.97,101.617,0.5187,0.2575,0.3639,72.31,27.28,38.43,32.37,18.3,0.2424,6.25,41.24,88.82,0.3825,0.1312,20.84,,,Nationals Park,
12,687952,Christian Encarnacion-Strand,BAL,TEX,2026-08-08T00:15:00Z,Scheduled,4,Nathan Eovaldi,543135,R,54.1,Longshot,Watch List,"Projected Lineup, Strong Barrel, Premium Lineup Spot",68.5,42.4,27.6,90.4,50.0,0.0,No,Yes,4,Yes,Yes,RotoWire projected lineup; MLB probable pitchers,lineup projected / unconfirmed,H:2026/2025 P:2026/2025,,,Direct BvP not yet weighted; 2026/2025 Statcast baseline active,7,2,21,0,"Last 7 games: 2/21, 0 HR","same-side matchup; pitcher baseline 8.2% barrel, 19.8 HR allowed",neutral batted-ball profile; pitcher fly-ball pressure modest,18.24,42.39,91.89,102.1457,0.5522,0.2962,0.3583,73.46,32.7,41.33,26.5,3.9,0.2369,8.24,40.53,88.81,0.4,0.1607,24.76,,,Globe Life Field,
13,695506,Jac Caglianone,KC,CHC,2026-08-08T00:10:00Z,Scheduled,3,,,,54.0,Longshot,Watch List,"Projected Lineup, Strong Barrel, Premium Lineup Spot",58.4,41.2,23.2,92.1,60.0,61.5,No,Yes,3,Yes,Yes,RotoWire projected lineup; MLB probable pitchers,lineup projected / unconfirmed,H:2026/2025 P:,,,Direct BvP not yet weighted; 2026/2025 Statcast baseline active,7,8,28,2,Hot streak: 2 HR in last 7 games,"handedness incomplete; pitcher baseline 0.0% barrel, 0.0 HR allowed",neutral batted-ball profile; pitcher fly-ball pressure modest,13.54,51.5,91.85,104.813,0.473,0.2129,0.342,77.4,75.6,43.58,22.33,14.7,0.1821,,,,,,,,,Kauffman Stadium,
14,669003,Garrett Mitchell,MIL,MIN,2026-08-07T23:40:00Z,Scheduled,3,Zebby Matthews,805673,R,53.7,Longshot,Watch List,"Projected Lineup, Strong Barrel, Premium Lineup Spot, Platoon Edge",49.0,54.9,27.6,92.1,80.0,1.6,No,Yes,3,Yes,Yes,RotoWire projected lineup; MLB probable pitchers,lineup projected / unconfirmed,H:2026/2025 P:2026/2025,,,Direct BvP not yet weighted; 2026/2025 Statcast baseline active,7,3,23,0,"Last 7 games: 3/23, 0 HR","platoon edge; pitcher baseline 11.7% barrel, 14.8 HR allowed",EV profile; pitcher fly-ball pressure modest,11.81,47.8,92.08,103.6134,0.4173,0.168,0.3335,77.08,76.74,33.3,17.83,5.6,0.1398,11.65,38.45,89.76,0.4442,0.1872,27.59,,,American Family Field,
15,665487,Fernando Tatis,SD,HOU,2026-08-08T01:40:00Z,Scheduled,1,Ronel Blanco,669854,R,52.8,Longshot,Watch List,"Projected Lineup, Strong Barrel, Premium Lineup Spot",50.9,59.4,22.6,88.7,50.0,28.1,No,Yes,1,Yes,Yes,RotoWire projected lineup; MLB probable pitchers,lineup projected / unconfirmed,H:2026/2025 P:2026/2025,,,Direct BvP not yet weighted; 2026/2025 Statcast baseline active,7,5,27,1,"Last 7 games: 5/27, 1 HR","same-side matchup; pitcher baseline 13.6% barrel, 5.6 HR allowed",EV profile; pitcher allows elevated contact,10.65,52.43,92.53,104.3003,0.4551,0.175,0.3588,75.44,57.49,33.4,21.73,13.8,0.1388,13.58,36.8,88.42,0.424,0.2166,40.92,,,Petco Park,
16,677951,Bobby Witt,KC,CHC,2026-08-08T00:10:00Z,Scheduled,2,,,,52.7,Longshot,Watch List,"Projected Lineup, Strong Barrel, Premium Lineup Spot",57.9,41.2,23.2,95.5,60.0,28.2,No,Yes,2,Yes,Yes,RotoWire projected lineup; MLB probable pitchers,lineup projected / unconfirmed,H:2026/2025 P:,,,Direct BvP not yet weighted; 2026/2025 Statcast baseline active,7,8,26,0,"Last 7 games: 8/26, 0 HR","handedness incomplete; pitcher baseline 0.0% barrel, 0.0 HR allowed",EV profile; pitcher fly-ball pressure modest,12.36,50.95,92.95,103.6513,0.5129,0.2136,0.379,73.88,41.81,29.54,26.92,16.0,0.1808,,,,,,,,,Kauffman Stadium,
17,664040,Brandon Lowe,PIT,NYM,2026-08-07T22:40:00Z,Scheduled,2,Zac Thornton,804267,L,52.6,Longshot,Watch List,"Projected Lineup, Strong Barrel, Premium Lineup Spot",52.6,48.2,24.3,95.5,50.0,43.2,No,Yes,2,Yes,Yes,RotoWire projected lineup; MLB probable pitchers,lineup projected / unconfirmed,H:2026/2025 P:2026,,,Direct BvP not yet weighted; 2026/2025 Statcast baseline active,7,8,28,1,"Last 7 games: 8/28, 1 HR","same-side matchup; pitcher baseline 10.1% barrel, 3.0 HR allowed",neutral batted-ball profile; pitcher allows elevated contact,12.51,45.69,91.03,101.5074,0.457,0.2086,0.3336,73.73,40.3,47.07,32.71,25.4,0.2245,10.1,40.4,89.5,0.443,0.17,30.3,,,PNC Park,
18,682985,Riley Greene,DET,SF,2026-08-08T02:15:00Z,Scheduled,4,,,,52.4,Longshot,Watch List,"Projected Lineup, Strong Barrel, Premium Lineup Spot",61.9,41.2,19.3,90.4,60.0,23.4,No,Yes,4,Yes,Yes,RotoWire projected lineup; MLB probable pitchers,lineup projected / unconfirmed,H:2026/2025 P:,,,Direct BvP not yet weighted; 2026/2025 Statcast baseline active,7,4,26,1,"Last 7 games: 4/26, 1 HR","handedness incomplete; pitcher baseline 0.0% barrel, 0.0 HR allowed",neutral batted-ball profile; pitcher fly-ball pressure modest,15.63,48.16,90.6,102.6432,0.4896,0.2361,0.3565,75.6,57.8,38.91,33.52,22.0,0.1979,,,,,,,,,Oracle Park,
19,660670,Ronald Acuna,ATL,NYY,2026-08-07T23:05:00Z,Scheduled,2,Max Fried,608331,L,52.2,Longshot,Watch List,"Projected Lineup, Strong Barrel, Premium Lineup Spot, Platoon Edge, Hot Hitter/Streak",61.0,9.3,38.2,95.5,78.0,74.5,No,Yes,2,Yes,Yes,RotoWire projected lineup; MLB probable pitchers,lineup projected / unconfirmed,H:2026/2025 P:2026/2025,,,Direct BvP not yet weighted; 2026/2025 Statcast baseline active,7,7,28,4,Hot streak: 4 HR in last 7 games,"platoon edge; pitcher baseline 3.1% barrel, 4.9 HR allowed",neutral batted-ball profile; pitcher fly-ball pressure modest,14.79,47.18,90.95,102.8233,0.5035,0.2454,0.3823,75.98,62.39,36.23,28.58,12.6,0.1874,3.12,32.51,86.36,0.2849,0.0802,22.74,,,Yankee Stadium,
20,545361,Mike Trout,LAA,MIA,2026-08-07T23:10:00Z,Scheduled,2,Tyler Phillips,663969,R,52.1,Longshot,Watch List,"Projected Lineup, Strong Barrel, Premium Lineup Spot",64.1,39.0,21.5,95.5,50.0,9.8,No,Yes,2,Yes,Yes,RotoWire projected lineup; MLB probable pitchers,lineup projected / unconfirmed,H:2026/2025 P:2026/2025,,,Direct BvP not yet weighted; 2026/2025 Statcast baseline active,7,5,27,0,"Last 7 games: 5/27, 0 HR","same-side matchup; pitcher baseline 6.8% barrel, 10.1 HR allowed",neutral batted-ball profile; pitcher fly-ball pressure modest,16.64,48.32,90.48,103.2477,0.5006,0.2502,0.3804,74.77,49.1,38.61,32.82,20.4,0.2049,6.85,43.82,90.04,0.4008,0.145,24.82,,,loanDepot park,
21,592518,Manny Machado,SD,HOU,2026-08-08T01:40:00Z,Scheduled,3,Ronel Blanco,669854,R,52.1,Longshot,Watch List,"Projected Lineup, Strong Barrel, Premium Lineup Spot",50.9,59.4,22.6,92.1,50.0,5.1,No,Yes,3,Yes,Yes,RotoWire projected lineup; MLB probable pitchers,lineup projected / unconfirmed,H:2026/2025 P:2026/2025,,,Direct BvP not yet weighted; 2026/2025 Statcast baseline active,7,4,26,0,"Last 7 games: 4/26, 0 HR","same-side matchup; pitcher baseline 13.6% barrel, 5.6 HR allowed",neutral batted-ball profile; pitcher allows elevated contact,11.43,46.67,91.29,101.8969,0.4502,0.2023,0.3354,74.64,44.58,41.06,28.92,24.2,0.206,13.58,36.8,88.42,0.424,0.2166,40.92,,,Petco Park,
22,682829,Elly De La Cruz,CIN,WSH,2026-08-07T22:45:00Z,Scheduled,1,Cade Cavalli,676917,R,51.9,Longshot,Watch List,"Projected Lineup, Strong Barrel, Premium Lineup Spot, Platoon Edge",57.2,30.3,28.2,88.7,75.0,46.5,No,Yes,1,Yes,Yes,RotoWire projected lineup; MLB probable pitchers,lineup projected / unconfirmed,H:2026/2025 P:2026/2025,,,Direct BvP not yet weighted; 2026/2025 Statcast baseline active,7,8,26,1,"Last 7 games: 8/26, 1 HR","switch hitter; pitcher baseline 6.2% barrel, 10.5 HR allowed",EV profile; pitcher fly-ball pressure modest,13.31,49.87,93.17,104.1702,0.4681,0.1996,0.3549,75.17,52.44,35.45,25.1,19.2,0.2068,6.25,41.24,88.82,0.3825,0.1312,20.84,,,Nationals Park,
23,621566,Matt Olson,ATL,NYY,2026-08-07T23:05:00Z,Scheduled,3,Max Fried,608331,L,51.5,Longshot,Watch List,"Projected Lineup, Strong Barrel, Premium Lineup Spot, Hot Hitter/Streak",65.5,9.3,38.2,92.1,50.0,91.0,No,Yes,3,Yes,Yes,RotoWire projected lineup; MLB probable pitchers,lineup projected / unconfirmed,H:2026/2025 P:2026/2025,,,Direct BvP not yet weighted; 2026/2025 Statcast baseline active,7,9,25,4,Hot streak: 4 HR in last 7 games,"same-side matchup; pitcher baseline 3.1% barrel, 4.9 HR allowed",lift-pull EV profile; pitcher fly-ball pressure modest,14.54,51.13,92.67,103.8105,0.506,0.258,0.3593,74.53,47.26,38.28,32.57,30.4,0.2554,3.12,32.51,86.36,0.2849,0.0802,22.74,,,Yankee Stadium,
24,664034,Ty France,SD,HOU,2026-08-08T01:40:00Z,Scheduled,4,Ronel Blanco,669854,R,51.5,Longshot,Watch List,"Projected Lineup, Premium Lineup Spot",44.7,59.4,22.6,90.4,50.0,39.7,No,Yes,4,Yes,Yes,RotoWire projected lineup; MLB probable pitchers,lineup projected / unconfirmed,H:2026/2025 P:2026/2025,,,Direct BvP not yet weighted; 2026/2025 Statcast baseline active,7,10,26,0,Contact streak: 10/26 over last 7 games,"same-side matchup; pitcher baseline 13.6% barrel, 5.6 HR allowed",neutral batted-ball profile; pitcher allows elevated contact,9.87,47.91,91.39,101.376,0.4376,0.1807,0.3301,71.7,18.76,36.29,24.27,13.3,0.1933,13.58,36.8,88.42,0.424,0.2166,40.92,,,Petco Park,
25,693307,Dillon Dingler,DET,SF,2026-08-08T02:15:00Z,Scheduled,3,,,,51.5,Longshot,Watch List,"Projected Lineup, Strong Barrel, Premium Lineup Spot, Hot Hitter/Streak",48.2,41.2,19.3,92.1,60.0,91.2,No,Yes,3,Yes,Yes,RotoWire projected lineup; MLB probable pitchers,lineup projected / unconfirmed,H:2026/2025 P:,,,Direct BvP not yet weighted; 2026/2025 Statcast baseline active,7,13,36,4,Hot streak: 4 HR in last 7 games,"handedness incomplete; pitcher baseline 0.0% barrel, 0.0 HR allowed",neutral batted-ball profile; pitcher fly-ball pressure modest,10.88,45.14,89.51,101.0048,0.5058,0.2179,0.3685,71.77,15.62,40.52,28.5,21.4,0.2219,,,,,,,,,Oracle Park,
26,686527,Dominic Canzone,SEA,TB,2026-08-08T01:45:00Z,Scheduled,3,Drew Rasmussen,656876,R,51.4,Longshot,Watch List,"Projected Lineup, Strong Barrel, Premium Lineup Spot, Platoon Edge",60.2,30.5,25.4,92.1,80.0,5.1,No,Yes,3,Yes,Yes,RotoWire projected lineup; MLB probable pitchers,lineup projected / unconfirmed,H:2026/2025 P:2026/2025,,,Direct BvP not yet weighted; 2026/2025 Statcast baseline active,7,4,26,0,"Last 7 games: 4/26, 0 HR","platoon edge; pitcher baseline 6.8% barrel, 13.8 HR allowed",neutral batted-ball profile; pitcher fly-ball pressure modest,14.22,47.32,91.88,102.7917,0.5197,0.2402,0.3718,74.22,44.02,40.88,27.42,15.9,0.23,6.79,36.44,88.64,0.3617,0.1299,23.24,,,T-Mobile Park,
27,668930,Brice Turang,MIL,MIN,2026-08-07T23:40:00Z,Scheduled,1,Zebby Matthews,805673,R,51.1,Longshot,Watch List,"Projected Lineup, Premium Lineup Spot, Platoon Edge",38.5,54.9,27.6,88.7,80.0,29.2,No,Yes,1,Yes,Yes,RotoWire projected lineup; MLB probable pitchers,lineup projected / unconfirmed,H:2026/2025 P:2026/2025,,,Direct BvP not yet weighted; 2026/2025 Statcast baseline active,7,5,26,1,"Last 7 games: 5/26, 1 HR","platoon edge; pitcher baseline 11.7% barrel, 14.8 HR allowed",neutral batted-ball profile; pitcher fly-ball pressure modest,8.14,43.83,90.68,100.5012,0.4374,0.1789,0.3434,70.25,13.06,27.16,24.13,16.6,0.1757,11.65,38.45,89.76,0.4442,0.1872,27.59,,,American Family Field,
28,668804,Bryan Reynolds,PIT,NYM,2026-08-07T22:40:00Z,Scheduled,3,Zac Thornton,804267,L,51.0,Longshot,Watch List,"Projected Lineup, Strong Barrel, Premium Lineup Spot, Platoon Edge",46.1,47.9,24.3,92.1,75.0,19.5,No,Yes,3,Yes,Yes,RotoWire projected lineup; MLB probable pitchers,lineup projected / unconfirmed,H:2026/2025 P:2026,,,Direct BvP not yet weighted; 2026/2025 Statcast baseline active,7,7,28,0,"Last 7 games: 7/28, 0 HR","switch hitter; pitcher baseline 10.1% barrel, 3.0 HR allowed",neutral batted-ball profile; pitcher allows elevated contact,10.8,46.49,90.99,101.9018,0.4386,0.1869,0.3478,72.62,28.37,40.29,25.32,15.3,0.1703,10.1,40.4,89.5,0.443,0.17,30.3,,,PNC Park,
29,682848,Endy Rodriguez,PIT,NYM,2026-08-07T22:40:00Z,Scheduled,4,Zac Thornton,804267,L,51.0,Longshot,Watch List,"Projected Lineup, Premium Lineup Spot, Platoon Edge",40.0,47.9,24.3,90.4,75.0,64.8,No,Yes,4,Yes,Yes,RotoWire projected lineup; MLB probable pitchers,lineup projected / unconfirmed,H:2026/2025 P:2026,,,Direct BvP not yet weighted; 2026/2025 Statcast baseline active,7,8,26,2,Hot streak: 2 HR in last 7 games,"switch hitter; pitcher baseline 10.1% barrel, 3.0 HR allowed",lift-pull EV profile; pitcher allows elevated contact,8.48,45.75,92.27,100.4208,0.3719,0.1414,0.3141,72.34,23.25,46.56,32.59,4.9,0.1687,10.1,40.4,89.5,0.443,0.17,30.3,,,PNC Park,
30,596019,Francisco Lindor,NYM,PIT,2026-08-07T22:40:00Z,Scheduled,1,Carmen Mlodzinski,669387,R,50.5,Longshot,Watch List,"Projected Lineup, Premium Lineup Spot, Platoon Edge",46.4,39.6,24.3,88.7,75.0,57.4,No,Yes,1,Yes,Yes,RotoWire projected lineup; MLB probable pitchers,lineup projected / unconfirmed,H:2026/2025 P:2026/2025,,,Direct BvP not yet weighted; 2026/2025 Statcast baseline active,7,8,31,2,Hot streak: 2 HR in last 7 games,"switch hitter; pitcher baseline 7.1% barrel, 7.3 HR allowed",neutral batted-ball profile; pitcher fly-ball pressure modest,9.46,47.13,91.2,100.371,0.4526,0.1968,0.3436,72.02,22.53,44.06,29.74,15.6,0.1878,7.08,44.86,90.48,0.4188,0.1441,23.04,,,PNC Park,
31,665953,Andres Chaparro,WSH,CIN,2026-08-07T22:45:00Z,Scheduled,2,,,,50.5,Longshot,Watch List,"Projected Lineup, Strong Barrel, Premium Lineup Spot",49.2,41.2,28.2,95.5,60.0,26.8,No,Yes,2,Yes,Yes,RotoWire projected lineup; MLB probable pitchers,lineup projected / unconfirmed,H:2026/2025 P:,,,Direct BvP not yet weighted; 2026/2025 Statcast baseline active,7,3,17,1,"Last 7 games: 3/17, 1 HR","handedness incomplete; pitcher baseline 0.0% barrel, 0.0 HR allowed",neutral batted-ball profile; pitcher fly-ball pressure modest,12.99,44.73,88.1,101.0474,0.4419,0.2212,0.3364,74.14,41.6,49.57,28.61,4.5,0.2097,,,,,,,,,Nationals Park,
32,668904,Royce Lewis,MIN,MIL,2026-08-07T23:40:00Z,Scheduled,5,Shane Drohan,675660,L,49.8,Longshot,Watch List,"Projected Lineup, Strong Barrel, Platoon Edge, Hot Hitter/Streak",43.8,32.8,27.6,81.9,78.0,98.1,No,Yes,5,Yes,Yes,RotoWire projected lineup; MLB probable pitchers,lineup projected / unconfirmed,H:2026/2025 P:2026,,,Direct BvP not yet weighted; 2026/2025 Statcast baseline active,7,11,27,3,Hot streak: 3 HR in last 7 games,"platoon edge; pitcher baseline 8.1% barrel, 7.0 HR allowed",neutral batted-ball profile; pitcher fly-ball pressure modest,11.22,41.98,89.94,100.9639,0.407,0.1726,0.3096,74.58,48.77,45.88,30.71,12.3,0.1741,8.1,37.5,88.3,0.351,0.124,29.0,,,American Family Field,
33,695600,Carter Jensen,KC,CHC,2026-08-08T00:10:00Z,Scheduled,1,,,,49.8,Longshot,Watch List,"Projected Lineup, Strong Barrel, Premium Lineup Spot",53.7,41.2,23.2,88.7,60.0,18.3,No,Yes,1,Yes,Yes,RotoWire projected lineup; MLB probable pitchers,lineup projected / unconfirmed,H:2026/2025 P:,,,Direct BvP not yet weighted; 2026/2025 Statcast baseline active,7,3,26,1,"Last 7 games: 3/26, 1 HR","handedness incomplete; pitcher baseline 0.0% barrel, 0.0 HR allowed",EV profile; pitcher fly-ball pressure modest,13.1,47.31,92.04,102.6882,0.4398,0.1976,0.3315,74.1,39.08,40.16,29.37,11.4,0.2066,,,,,,,,,Kauffman Stadium,
34,663886,Tyler Stephenson,CIN,WSH,2026-08-07T22:45:00Z,Scheduled,4,Cade Cavalli,676917,R,49.3,Longshot,Watch List,"Projected Lineup, Strong Barrel, Premium Lineup Spot",51.3,31.5,28.2,90.4,50.0,68.7,No,Yes,4,Yes,Yes,RotoWire projected lineup; MLB probable pitchers,lineup projected / unconfirmed,H:2026/2025 P:2026/2025,,,Direct BvP not yet weighted; 2026/2025 Statcast baseline active,7,8,24,2,Hot streak: 2 HR in last 7 games,"same-side matchup; pitcher baseline 6.2% barrel, 10.5 HR allowed",neutral batted-ball profile; pitcher fly-ball pressure modest,12.82,46.68,90.92,100.5747,0.4487,0.2068,0.3382,70.66,7.77,37.71,32.87,10.2,0.1683,6.25,41.24,88.82,0.3825,0.1312,20.84,,,Nationals Park,
35,678246,Miguel Vargas,CWS,CLE,2026-08-07T23:40:00Z,Scheduled,3,Parker Messick,800048,L,48.7,Longshot,Watch List,"Projected Lineup, Strong Barrel, Premium Lineup Spot, Platoon Edge",55.0,18.7,27.6,92.1,78.0,40.1,No,Yes,3,Yes,Yes,RotoWire projected lineup; MLB probable pitchers,lineup projected / unconfirmed,H:2026/2025 P:2026/2025,,,Direct BvP not yet weighted; 2026/2025 Statcast baseline active,7,4,28,2,Hot streak: 2 HR in last 7 games,"platoon edge; pitcher baseline 5.2% barrel, 8.9 HR allowed",fly-ball profile; pitcher fly-ball pressure modest,12.97,44.91,90.47,100.6034,0.4882,0.2298,0.3673,73.05,34.49,43.37,36.01,21.6,0.2174,5.17,31.76,87.54,0.3442,0.1149,20.98,,,Rate Field,
36,521692,Salvador Perez,KC,CHC,2026-08-08T00:10:00Z,Scheduled,4,,,,48.6,Longshot,Watch List,"Projected Lineup, Strong Barrel, Premium Lineup Spot",46.4,41.2,23.2,90.4,60.0,36.3,No,Yes,4,Yes,Yes,RotoWire projected lineup; MLB probable pitchers,lineup projected / unconfirmed,H:2026/2025 P:,,,Direct BvP not yet weighted; 2026/2025 Statcast baseline active,7,6,25,1,"Last 7 games: 6/25, 1 HR","handedness incomplete; pitcher baseline 0.0% barrel, 0.0 HR allowed",neutral batted-ball profile; pitcher fly-ball pressure modest,11.51,43.69,89.3,100.6964,0.4479,0.2072,0.3157,71.99,22.28,41.7,30.92,20.2,0.1764,,,,,,,,,Kauffman Stadium,
37,663993,Nathaniel Lowe,CLE,CWS,2026-08-07T23:40:00Z,Scheduled,4,Noah Schultz,702273,L,48.5,Longshot,Watch List,"Projected Lineup, Premium Lineup Spot",38.8,48.0,27.6,90.4,50.0,57.2,No,Yes,4,Yes,Yes,RotoWire projected lineup; MLB probable pitchers,lineup projected / unconfirmed,H:2026/2025 P:2026,,,Direct BvP not yet weighted; 2026/2025 Statcast baseline active,7,11,29,1,Contact streak: 11/29 over last 7 games,"same-side matchup; pitcher baseline 9.5% barrel, 9.0 HR allowed",neutral batted-ball profile; pitcher fly-ball pressure modest,8.68,42.34,89.35,101.2761,0.4304,0.1723,0.3338,74.0,39.22,36.71,25.85,13.8,0.1936,9.5,40.0,89.1,0.452,0.182,27.9,,,Rate Field,
38,592885,Christian Yelich,MIL,MIN,2026-08-07T23:40:00Z,Scheduled,5,Zebby Matthews,805673,R,48.5,Longshot,Watch List,"Projected Lineup, Platoon Edge",37.2,54.9,27.6,81.9,80.0,4.2,No,Yes,5,Yes,Yes,RotoWire projected lineup; MLB probable pitchers,lineup projected / unconfirmed,H:2026/2025 P:2026/2025,,,Direct BvP not yet weighted; 2026/2025 Statcast baseline active,7,4,27,0,"Last 7 games: 4/27, 0 HR","platoon edge; pitcher baseline 11.7% barrel, 14.8 HR allowed",neutral batted-ball profile; pitcher fly-ball pressure modest,9.67,43.18,89.15,100.8301,0.3956,0.166,0.3111,73.09,31.69,33.68,19.65,13.6,0.1558,11.65,38.45,89.76,0.4442,0.1872,27.59,,,American Family Field,
39,682626,Francisco Alvarez,NYM,PIT,2026-08-07T22:40:00Z,Scheduled,5,Carmen Mlodzinski,669387,R,48.3,Longshot,Watch List,"Projected Lineup, Strong Barrel",56.5,40.4,24.3,81.9,50.0,8.1,No,Yes,5,Yes,Yes,RotoWire projected lineup; MLB probable pitchers,lineup projected / unconfirmed,H:2026/2025 P:2026/2025,,,Direct BvP not yet weighted; 2026/2025 Statcast baseline active,7,4,23,0,"Last 7 games: 4/23, 0 HR","same-side matchup; pitcher baseline 7.1% barrel, 7.3 HR allowed",neutral batted-ball profile; pitcher fly-ball pressure modest,15.39,47.44,91.0,102.8247,0.4517,0.2143,0.3358,74.11,43.3,39.92,24.89,11.7,0.1826,7.08,44.86,90.48,0.4188,0.1441,23.04,,,PNC Park,
40,683734,Andrew Vaughn,MIL,MIN,2026-08-07T23:40:00Z,Scheduled,4,Zebby Matthews,805673,R,48.3,Longshot,Watch List,"Projected Lineup, Premium Lineup Spot",37.1,54.9,27.6,90.4,50.0,31.9,No,Yes,4,Yes,Yes,RotoWire projected lineup; MLB probable pitchers,lineup projected / unconfirmed,H:2026/2025 P:2026/2025,,,Direct BvP not yet weighted; 2026/2025 Statcast baseline active,7,4,19,1,"Last 7 games: 4/19, 1 HR","same-side matchup; pitcher baseline 11.7% barrel, 14.8 HR allowed",neutral batted-ball profile; pitcher fly-ball pressure modest,7.94,44.55,90.76,100.0991,0.4342,0.157,0.3532,70.39,11.61,35.47,24.97,7.7,0.1724,11.65,38.45,89.76,0.4442,0.1872,27.59,,,American Family Field,
41,691718,Pete Crow-Armstrong,CHC,KC,2026-08-08T00:10:00Z,Scheduled,1,Daniel Lynch IV,663738,L,48.3,Longshot,Watch List,"Projected Lineup, Strong Barrel, Premium Lineup Spot, Hot Hitter/Streak",54.2,27.1,23.2,88.7,50.0,70.6,No,Yes,1,Yes,Yes,RotoWire projected lineup; MLB probable pitchers,lineup projected / unconfirmed,H:2026/2025 P:2026/2025,,,Direct BvP not yet weighted; 2026/2025 Statcast baseline active,7,9,26,2,Hot streak: 2 HR in last 7 games,"same-side matchup; pitcher baseline 6.1% barrel, 3.8 HR allowed",fly-ball profile; pitcher fly-ball pressure modest,12.33,47.13,90.06,101.68,0.4764,0.2232,0.3525,74.17,43.76,49.53,35.29,27.5,0.255,6.07,37.81,88.04,0.3734,0.1333,24.23,,,Kauffman Stadium,
42,672640,Otto Lopez,MIA,LAA,2026-08-07T23:10:00Z,Scheduled,1,George Klassen,691946,R,48.1,Longshot,Watch List,"Projected Lineup, Pitcher Vulnerable, Premium Lineup Spot",31.3,72.0,21.5,88.7,50.0,7.9,No,Yes,1,Yes,Yes,RotoWire projected lineup; MLB probable pitchers,lineup projected / unconfirmed,H:2026/2025 P:2026,,,Direct BvP not yet weighted; 2026/2025 Statcast baseline active,7,5,29,0,"Last 7 games: 5/29, 0 HR","same-side matchup; pitcher baseline 25.0% barrel, 1.0 HR allowed",neutral batted-ball profile; pitcher fly-ball pressure modest,6.61,40.82,89.06,100.418,0.4333,0.1517,0.33,71.84,23.58,32.65,22.08,10.8,0.1465,25.0,50.0,89.6,0.568,0.262,18.8,,,loanDepot park,
43,682663,Agustin Ramirez,MIA,LAA,2026-08-07T23:10:00Z,Scheduled,3,George Klassen,691946,R,48.1,Longshot,Watch List,"Projected Lineup, Pitcher Vulnerable, Premium Lineup Spot",29.6,72.0,21.5,92.1,50.0,8.5,No,Yes,3,Yes,Yes,RotoWire projected lineup; MLB probable pitchers,lineup projected / unconfirmed,H:2026/2025 P:2026,,,Direct BvP not yet weighted; 2026/2025 Statcast baseline active,7,3,17,0,"Last 7 games: 3/17, 0 HR","same-side matchup; pitcher baseline 25.0% barrel, 1.0 HR allowed",neutral batted-ball profile; pitcher fly-ball pressure modest,6.52,42.24,89.75,102.3633,0.3499,0.1189,0.2928,75.69,59.05,40.05,17.93,7.7,0.133,25.0,50.0,89.6,0.568,0.262,18.8,,,loanDepot park,
44,691781,Brady House,WSH,CIN,2026-08-07T22:45:00Z,Scheduled,3,,,,48.0,Longshot,Watch List,"Projected Lineup, Strong Barrel, Premium Lineup Spot",43.0,41.2,28.2,92.1,60.0,28.9,No,Yes,3,Yes,Yes,RotoWire projected lineup; MLB probable pitchers,lineup projected / unconfirmed,H:2026/2025 P:,,,Direct BvP not yet weighted; 2026/2025 Statcast baseline active,7,4,21,1,"Last 7 games: 4/21, 1 HR","handedness incomplete; pitcher baseline 0.0% barrel, 0.0 HR allowed",neutral batted-ball profile; pitcher fly-ball pressure modest,10.18,46.58,89.59,101.8946,0.4337,0.1735,0.319,73.31,31.44,33.03,26.35,6.8,0.1489,,,,,,,,,Nationals Park,
45,682928,CJ Abrams,WSH,CIN,2026-08-07T22:45:00Z,Scheduled,4,,,,48.0,Longshot,Watch List,"Projected Lineup, Premium Lineup Spot",42.1,41.2,28.2,90.4,60.0,39.2,No,Yes,4,Yes,Yes,RotoWire projected lineup; MLB probable pitchers,lineup projected / unconfirmed,H:2026/2025 P:,,,Direct BvP not yet weighted; 2026/2025 Statcast baseline active,7,7,27,1,"Last 7 games: 7/27, 1 HR","handedness incomplete; pitcher baseline 0.0% barrel, 0.0 HR allowed",neutral batted-ball profile; pitcher fly-ball pressure modest,9.98,41.58,89.4,100.1359,0.4437,0.1896,0.3363,72.75,27.47,43.66,29.29,25.3,0.239,,,,,,,,,Nationals Park,
46,605137,Josh Bell,MIN,MIL,2026-08-07T23:40:00Z,Scheduled,4,Shane Drohan,675660,L,48.0,Longshot,Watch List,"Projected Lineup, Strong Barrel, Premium Lineup Spot, Platoon Edge",45.4,32.1,27.6,90.4,75.0,36.3,No,Yes,4,Yes,Yes,RotoWire projected lineup; MLB probable pitchers,lineup projected / unconfirmed,H:2026/2025 P:2026,,,Direct BvP not yet weighted; 2026/2025 Statcast baseline active,7,6,25,1,"Last 7 games: 6/25, 1 HR","switch hitter; pitcher baseline 8.1% barrel, 7.0 HR allowed",neutral batted-ball profile; pitcher fly-ball pressure modest,10.63,44.2,90.19,101.0644,0.4493,0.201,0.3324,72.33,28.36,41.22,26.71,16.4,0.1716,8.1,37.5,88.3,0.351,0.124,29.0,,,American Family Field,
47,668709,JJ Bleday,CIN,WSH,2026-08-07T22:45:00Z,Scheduled,3,Cade Cavalli,676917,R,47.9,Longshot,Watch List,"Projected Lineup, Premium Lineup Spot, Platoon Edge",40.9,31.5,28.2,92.1,80.0,51.3,No,Yes,3,Yes,Yes,RotoWire projected lineup; MLB probable pitchers,lineup projected / unconfirmed,H:2026/2025 P:2026/2025,,,Direct BvP not yet weighted; 2026/2025 Statcast baseline active,7,5,23,2,Hot streak: 2 HR in last 7 games,"platoon edge; pitcher baseline 6.2% barrel, 10.5 HR allowed",neutral batted-ball profile; pitcher fly-ball pressure modest,9.83,40.73,88.7,100.0263,0.4241,0.1879,0.3369,73.21,29.54,46.16,32.99,17.5,0.22,6.25,41.24,88.82,0.3825,0.1312,20.84,,,Nationals Park,
48,701807,Carson Benge,NYM,PIT,2026-08-07T22:40:00Z,Scheduled,4,Carmen Mlodzinski,669387,R,47.8,Longshot,Watch List,"Projected Lineup, Premium Lineup Spot, Platoon Edge",33.7,40.4,24.3,90.4,80.0,68.7,No,Yes,4,Yes,Yes,RotoWire projected lineup; MLB probable pitchers,lineup projected / unconfirmed,H:2026 P:2026/2025,,,Direct BvP not yet weighted; 2026/2025 Statcast baseline active,7,10,30,2,Hot streak: 2 HR in last 7 games,"platoon edge; pitcher baseline 7.1% barrel, 7.3 HR allowed",neutral batted-ball profile; pitcher fly-ball pressure modest,7.7,40.6,89.2,100.0257,0.436,0.157,0.339,71.0,17.7,33.3,26.0,13.0,0.14,7.08,44.86,90.48,0.4188,0.1441,23.04,,,PNC Park,
49,673548,Seiya Suzuki,CHC,KC,2026-08-08T00:10:00Z,Scheduled,2,Daniel Lynch IV,663738,L,47.5,Longshot,Watch List,"Projected Lineup, Strong Barrel, Premium Lineup Spot, Platoon Edge",46.4,27.1,23.2,95.5,78.0,36.3,No,Yes,2,Yes,Yes,RotoWire projected lineup; MLB probable pitchers,lineup projected / unconfirmed,H:2026/2025 P:2026/2025,,,Direct BvP not yet weighted; 2026/2025 Statcast baseline active,7,6,25,1,"Last 7 games: 6/25, 1 HR","platoon edge; pitcher baseline 6.1% barrel, 3.8 HR allowed",neutral batted-ball profile; pitcher fly-ball pressure modest,11.91,42.05,89.69,101.2199,0.4433,0.1949,0.3415,73.37,37.25,43.16,30.08,22.9,0.2155,6.07,37.81,88.04,0.3734,0.1333,24.23,,,Kauffman Stadium,
50,679529,Spencer Torkelson,DET,SF,2026-08-08T02:15:00Z,Scheduled,6,,,,47.5,Longshot,Watch List,"Projected Lineup, Strong Barrel",50.6,41.2,19.3,71.7,60.0,51.9,No,Yes,6,Yes,Yes,RotoWire projected lineup; MLB probable pitchers,lineup projected / unconfirmed,H:2026/2025 P:,,,Direct BvP not yet weighted; 2026/2025 Statcast baseline active,7,11,32,1,Contact streak: 11/32 over last 7 games,"handedness incomplete; pitcher baseline 0.0% barrel, 0.0 HR allowed",fly-ball profile; pitcher fly-ball pressure modest,13.43,42.93,89.78,100.3356,0.4266,0.2048,0.3214,73.14,26.02,47.77,36.81,23.3,0.2069,,,,,,,,,Oracle Park,
51,665019,Kody Clemens,MIN,MIL,2026-08-07T23:40:00Z,Scheduled,3,Shane Drohan,675660,L,47.4,Longshot,Watch List,"Projected Lineup, Strong Barrel, Premium Lineup Spot",51.7,32.8,27.6,92.1,50.0,18.3,No,Yes,3,Yes,Yes,RotoWire projected lineup; MLB probable pitchers,lineup projected / unconfirmed,H:2026/2025 P:2026,,,Direct BvP not yet weighted; 2026/2025 Statcast baseline active,7,3,27,1,"Last 7 games: 3/27, 1 HR","same-side matchup; pitcher baseline 8.1% barrel, 7.0 HR allowed",lift-pull EV profile; pitcher fly-ball pressure modest,11.86,46.76,92.2,101.513,0.4461,0.2006,0.3254,71.99,14.14,45.31,32.69,19.0,0.2315,8.1,37.5,88.3,0.351,0.124,29.0,,,American Family Field,
52,683002,Gunnar Henderson,BAL,TEX,2026-08-08T00:15:00Z,Scheduled,3,Nathan Eovaldi,543135,R,47.4,Longshot,Watch List,"Projected Lineup, Premium Lineup Spot, Platoon Edge",37.6,42.4,27.6,92.1,80.0,12.0,No,Yes,3,Yes,Yes,RotoWire projected lineup; MLB probable pitchers,lineup projected / unconfirmed,H:2026/2025 P:2026/2025,,,Direct BvP not yet weighted; 2026/2025 Statcast baseline active,7,4,20,0,"Last 7 games: 4/20, 0 HR","platoon edge; pitcher baseline 8.2% barrel, 19.8 HR allowed",neutral batted-ball profile; pitcher fly-ball pressure modest,7.62,46.19,90.35,101.3941,0.3984,0.1504,0.3179,74.67,47.03,41.01,24.15,17.7,0.1717,8.24,40.53,88.81,0.4,0.1607,24.76,,,Globe Life Field,
53,800050,Chase DeLauter,CLE,CWS,2026-08-07T23:40:00Z,Scheduled,2,Noah Schultz,702273,L,47.3,Longshot,Watch List,"Projected Lineup, Premium Lineup Spot",35.5,48.0,27.6,95.5,50.0,40.7,No,Yes,2,Yes,Yes,RotoWire projected lineup; MLB probable pitchers,lineup projected / unconfirmed,H:2026 P:2026,,,Direct BvP not yet weighted; 2026/2025 Statcast baseline active,7,7,26,1,"Last 7 games: 7/26, 1 HR","same-side matchup; pitcher baseline 9.5% barrel, 9.0 HR allowed",neutral batted-ball profile; pitcher fly-ball pressure modest,6.5,45.6,91.2,101.5129,0.432,0.157,0.348,71.4,18.1,37.7,19.5,12.0,0.163,9.5,40.0,89.1,0.452,0.182,27.9,,,Rate Field,
54,545341,Randal Grichuk,CWS,CLE,2026-08-07T23:40:00Z,Scheduled,4,Parker Messick,800048,L,47.3,Longshot,Watch List,"Projected Lineup, Strong Barrel, Premium Lineup Spot, Platoon Edge",51.4,18.7,27.6,90.4,78.0,39.7,No,Yes,4,Yes,Yes,RotoWire projected lineup; MLB probable pitchers,lineup projected / unconfirmed,H:2026/2025 P:2026/2025,,,Direct BvP not yet weighted; 2026/2025 Statcast baseline active,7,5,13,0,Contact streak: 5/13 over last 7 games,"platoon edge; pitcher baseline 5.2% barrel, 8.9 HR allowed",neutral batted-ball profile; pitcher fly-ball pressure modest,11.42,47.61,91.07,102.7243,0.4745,0.2033,0.3344,74.18,42.54,46.08,28.43,9.0,0.2318,5.17,31.76,87.54,0.3442,0.1149,20.98,,,Rate Field,
55,677870,Leo Jimenez,MIA,LAA,2026-08-07T23:10:00Z,Scheduled,5,George Klassen,691946,R,47.2,Longshot,Watch List,"Projected Lineup, Pitcher Vulnerable",30.3,72.0,21.5,81.9,50.0,14.1,No,Yes,5,Yes,Yes,RotoWire projected lineup; MLB probable pitchers,lineup projected / unconfirmed,H:2026/2025 P:2026,,,Direct BvP not yet weighted; 2026/2025 Statcast baseline active,7,3,14,0,"Last 7 games: 3/14, 0 HR","same-side matchup; pitcher baseline 25.0% barrel, 1.0 HR allowed",neutral batted-ball profile; pitcher fly-ball pressure modest,6.3,45.8,91.16,100.5442,0.3427,0.115,0.296,71.58,13.15,35.42,22.84,1.7,0.0869,25.0,50.0,89.6,0.568,0.262,18.8,,,loanDepot park,
56,670231,John Rave,KC,CHC,2026-08-08T00:10:00Z,Scheduled,7,,,,46.9,Longshot,Watch List,"Projected Lineup, Strong Barrel",53.1,41.2,23.2,59.8,60.0,45.3,No,Yes,7,Yes,Yes,RotoWire projected lineup; MLB probable pitchers,lineup projected / unconfirmed,H:2026/2025 P:,,,Direct BvP not yet weighted; 2026/2025 Statcast baseline active,7,6,20,1,"Last 7 games: 6/20, 1 HR","handedness incomplete; pitcher baseline 0.0% barrel, 0.0 HR allowed",neutral batted-ball profile; pitcher fly-ball pressure modest,16.14,40.98,87.67,101.5959,0.4918,0.227,0.3622,75.02,52.11,49.0,24.22,2.6,0.2664,,,,,,,,,Kauffman Stadium,
57,687263,Zach Neto,LAA,MIA,2026-08-07T23:10:00Z,Scheduled,4,Tyler Phillips,663969,R,46.8,Longshot,Watch List,"Projected Lineup, Strong Barrel, Premium Lineup Spot",48.0,39.0,21.5,90.4,50.0,25.3,No,Yes,4,Yes,Yes,RotoWire projected lineup; MLB probable pitchers,lineup projected / unconfirmed,H:2026/2025 P:2026/2025,,,Direct BvP not yet weighted; 2026/2025 Statcast baseline active,7,5,30,1,"Last 7 games: 5/30, 1 HR","same-side matchup; pitcher baseline 6.8% barrel, 10.1 HR allowed",fly-ball profile; pitcher fly-ball pressure modest,12.67,41.98,89.88,100.2312,0.425,0.209,0.3153,71.19,13.27,47.13,35.38,21.1,0.1988,6.85,43.82,90.04,0.4008,0.145,24.82,,,loanDepot park,
58,686611,Dylan Crews,WSH,CIN,2026-08-07T22:45:00Z,Scheduled,1,,,,46.7,Longshot,Watch List,"Projected Lineup, Strong Barrel, Premium Lineup Spot",43.1,41.2,28.2,88.7,60.0,10.8,No,Yes,1,Yes,Yes,RotoWire projected lineup; MLB probable pitchers,lineup projected / unconfirmed,H:2026/2025 P:,,,Direct BvP not yet weighted; 2026/2025 Statcast baseline active,7,5,26,0,"Last 7 games: 5/26, 0 HR","handedness incomplete; pitcher baseline 0.0% barrel, 0.0 HR allowed",neutral batted-ball profile; pitcher fly-ball pressure modest,10.08,42.48,90.4,101.3203,0.4196,0.1811,0.3217,73.69,35.27,34.08,29.24,9.3,0.1503,,,,,,,,,Nationals Park,
59,608070,Jose Ramirez,CLE,CWS,2026-08-07T23:40:00Z,Scheduled,3,Noah Schultz,702273,L,46.3,Longshot,Watch List,"Projected Lineup, Premium Lineup Spot, Platoon Edge",31.1,47.0,27.6,92.1,75.0,19.5,No,Yes,3,Yes,Yes,RotoWire projected lineup; MLB probable pitchers,lineup projected / unconfirmed,H:2026/2025 P:2026,,,Direct BvP not yet weighted; 2026/2025 Statcast baseline active,7,6,24,0,"Last 7 games: 6/24, 0 HR","switch hitter; pitcher baseline 9.5% barrel, 9.0 HR allowed",neutral batted-ball profile; pitcher fly-ball pressure modest,6.02,40.15,89.11,99.6849,0.4348,0.1543,0.3455,70.2,13.19,50.2,30.04,16.0,0.1745,9.5,40.0,89.1,0.452,0.182,27.9,,,Rate Field,
60,672960,Kazuma Okamoto,TOR,PHI,2026-08-07T22:40:00Z,Scheduled,2,Zack Wheeler,554430,R,46.0,Longshot,Watch List,"Projected Lineup, Strong Barrel, Premium Lineup Spot",50.8,23.5,34.3,95.5,50.0,13.0,No,Yes,2,Yes,Yes,RotoWire projected lineup; MLB probable pitchers,lineup projected / unconfirmed,H:2026 P:2026/2025,,,Direct BvP not yet weighted; 2026/2025 Statcast baseline active,7,6,29,0,"Last 7 games: 6/29, 0 HR","same-side matchup; pitcher baseline 6.4% barrel, 14.8 HR allowed",neutral batted-ball profile; pitcher fly-ball pressure modest,12.9,45.0,90.6,101.737,0.42,0.206,0.31,73.2,36.3,50.6,32.5,24.0,0.211,6.36,34.66,86.91,0.3123,0.1156,25.74,,,Citizens Bank Park,
61,703607,Henry Bolte,ATH,BOS,2026-08-07T23:10:00Z,Scheduled,1,Payton Tolle,801139,L,45.8,Longshot,Watch List,"Projected Lineup, Premium Lineup Spot, Platoon Edge",35.2,30.8,28.7,88.7,78.0,60.3,No,Yes,1,Yes,Yes,RotoWire projected lineup; MLB probable pitchers,lineup projected / unconfirmed,H:2026 P:2026/2025,,,Direct BvP not yet weighted; 2026/2025 Statcast baseline active,7,8,20,1,Contact streak: 8/20 over last 7 games,"platoon edge; pitcher baseline 6.8% barrel, 9.9 HR allowed",neutral batted-ball profile; pitcher fly-ball pressure modest,7.0,48.7,90.6,104.1879,0.35,0.122,0.301,77.1,74.5,31.2,17.8,4.0,0.089,6.82,36.34,88.08,0.363,0.1394,27.88,,,Fenway Park,
62,596142,Gary Sanchez,MIL,MIN,2026-08-07T23:40:00Z,Scheduled,7,Zebby Matthews,805673,R,45.8,Longshot,Watch List,Projected Lineup,41.4,54.9,27.6,59.8,50.0,39.8,No,Yes,7,Yes,Yes,RotoWire projected lineup; MLB probable pitchers,lineup projected / unconfirmed,H:2026/2025 P:2026/2025,,,Direct BvP not yet weighted; 2026/2025 Statcast baseline active,7,5,19,1,"Last 7 games: 5/19, 1 HR","same-side matchup; pitcher baseline 11.7% barrel, 14.8 HR allowed",neutral batted-ball profile; pitcher fly-ball pressure modest,9.08,42.4,89.94,101.0386,0.428,0.1971,0.3465,72.06,26.94,43.88,29.05,7.1,0.2017,11.65,38.45,89.76,0.4442,0.1872,27.59,,,American Family Field,
63,677594,Julio Rodriguez,SEA,TB,2026-08-08T01:45:00Z,Scheduled,4,Drew Rasmussen,656876,R,45.8,Longshot,Watch List,"Projected Lineup, Premium Lineup Spot",46.2,30.5,25.4,90.4,50.0,46.5,No,Yes,4,Yes,Yes,RotoWire projected lineup; MLB probable pitchers,lineup projected / unconfirmed,H:2026/2025 P:2026/2025,,,Direct BvP not yet weighted; 2026/2025 Statcast baseline active,7,8,26,1,"Last 7 games: 8/26, 1 HR","same-side matchup; pitcher baseline 6.8% barrel, 13.8 HR allowed",neutral batted-ball profile; pitcher fly-ball pressure modest,9.1,44.15,90.4,102.6884,0.4727,0.1978,0.3489,76.61,66.64,37.93,26.33,21.5,0.1776,6.79,36.44,88.64,0.3617,0.1299,23.24,,,T-Mobile Park,
64,661531,Brian Serven,ATH,BOS,2026-08-07T23:10:00Z,Scheduled,7,Payton Tolle,801139,L,45.6,Longshot,Watch List,"Projected Lineup, Strong Barrel, Platoon Edge",47.6,30.8,28.7,59.8,78.0,56.2,No,Yes,7,Yes,Yes,RotoWire projected lineup; MLB probable pitchers,lineup projected / unconfirmed,H:2026 P:2026/2025,,,Direct BvP not yet weighted; 2026/2025 Statcast baseline active,7,3,12,2,Hot streak: 2 HR in last 7 games,"platoon edge; pitcher baseline 6.8% barrel, 9.9 HR allowed",neutral batted-ball profile; pitcher fly-ball pressure modest,10.0,50.0,91.8,104.0692,0.463,0.175,0.352,71.5,15.0,20.0,30.0,1.0,0.25,6.82,36.34,88.08,0.363,0.1394,27.88,,,Fenway Park,
65,668227,Randy Arozarena,SEA,TB,2026-08-08T01:45:00Z,Scheduled,2,Drew Rasmussen,656876,R,45.2,Longshot,Watch List,"Projected Lineup, Premium Lineup Spot",40.2,30.5,25.4,95.5,50.0,58.0,No,Yes,2,Yes,Yes,RotoWire projected lineup; MLB probable pitchers,lineup projected / unconfirmed,H:2026/2025 P:2026/2025,,,Direct BvP not yet weighted; 2026/2025 Statcast baseline active,7,10,26,1,Contact streak: 10/26 over last 7 games,"same-side matchup; pitcher baseline 6.8% barrel, 13.8 HR allowed",neutral batted-ball profile; pitcher fly-ball pressure modest,8.98,45.28,91.23,101.1243,0.4219,0.1683,0.3438,71.32,24.8,33.28,23.12,17.9,0.1775,6.79,36.44,88.64,0.3617,0.1299,23.24,,,T-Mobile Park,
66,680776,Jarren Duran,BOS,ATH,2026-08-07T23:10:00Z,Scheduled,7,Jack Perkins,678022,R,45.1,Longshot,Watch List,"Projected Lineup, Platoon Edge",38.6,38.7,28.7,59.8,80.0,63.1,No,Yes,7,Yes,Yes,RotoWire projected lineup; MLB probable pitchers,lineup projected / unconfirmed,H:2026/2025 P:2026/2025,,,Direct BvP not yet weighted; 2026/2025 Statcast baseline active,7,8,27,2,Hot streak: 2 HR in last 7 games,"platoon edge; pitcher baseline 8.7% barrel, 11.0 HR allowed",neutral batted-ball profile; pitcher allows elevated contact,9.98,40.92,90.19,101.9549,0.3932,0.1543,0.3071,74.98,50.03,38.97,22.3,15.3,0.1629,8.69,37.0,87.87,0.3755,0.1496,33.82,,,Fenway Park,
67,669016,Brandon Marsh,PHI,TOR,2026-08-07T22:40:00Z,Scheduled,6,José Soriano,667755,R,45.0,Longshot,Watch List,"Projected Lineup, Platoon Edge",38.2,36.5,34.3,71.7,80.0,24.0,No,Yes,6,Yes,Yes,RotoWire projected lineup; MLB probable pitchers,lineup projected / unconfirmed,H:2026/2025 P:2026/2025,,,Direct BvP not yet weighted; 2026/2025 Statcast baseline active,7,7,25,0,"Last 7 games: 7/25, 0 HR","platoon edge; pitcher baseline 7.8% barrel, 12.0 HR allowed",neutral batted-ball profile; pitcher fly-ball pressure modest,8.47,45.0,90.05,100.2353,0.4243,0.162,0.316,71.47,15.51,37.91,26.59,14.5,0.1672,7.83,40.71,89.44,0.3789,0.1376,19.03,,,Citizens Bank Park,
68,805808,Kevin McGonigle,DET,SF,2026-08-08T02:15:00Z,Scheduled,1,,,,44.7,Longshot,Watch List,"Projected Lineup, Premium Lineup Spot, Hot Hitter/Streak",32.0,41.2,19.3,88.7,60.0,70.3,No,Yes,1,Yes,Yes,RotoWire projected lineup; MLB probable pitchers,lineup projected / unconfirmed,H:2026 P:,,,Direct BvP not yet weighted; 2026/2025 Statcast baseline active,7,6,27,3,Hot streak: 3 HR in last 7 games,"handedness incomplete; pitcher baseline 0.0% barrel, 0.0 HR allowed",fly-ball profile; pitcher fly-ball pressure modest,7.1,36.4,88.0,98.2665,0.428,0.165,0.354,71.2,17.2,37.4,36.0,11.0,0.14,,,,,,,,,Oracle Park,
69,657757,Gavin Sheets,SD,HOU,2026-08-08T01:40:00Z,Scheduled,7,Ronel Blanco,669854,R,44.6,Longshot,Watch List,"Projected Lineup, Platoon Edge",33.5,59.4,22.6,59.8,80.0,7.0,No,Yes,7,Yes,Yes,RotoWire projected lineup; MLB probable pitchers,lineup projected / unconfirmed,H:2026/2025 P:2026/2025,,,Direct BvP not yet weighted; 2026/2025 Statcast baseline active,7,2,12,0,"Last 7 games: 2/12, 0 HR","platoon edge; pitcher baseline 13.6% barrel, 5.6 HR allowed",neutral batted-ball profile; pitcher allows elevated contact,7.5,41.6,88.36,99.6686,0.4012,0.1599,0.3232,74.52,47.95,38.84,23.42,15.5,0.1784,13.58,36.8,88.42,0.424,0.2166,40.92,,,Petco Park,
70,687637,Dylan Beavers,BAL,TEX,2026-08-08T00:15:00Z,Scheduled,1,Nathan Eovaldi,543135,R,44.5,Longshot,Watch List,"Projected Lineup, Premium Lineup Spot, Platoon Edge",29.0,42.4,27.6,88.7,80.0,19.5,No,Yes,1,Yes,Yes,RotoWire projected lineup; MLB probable pitchers,lineup projected / unconfirmed,H:2026/2025 P:2026/2025,,,Direct BvP not yet weighted; 2026/2025 Statcast baseline active,7,4,16,0,"Last 7 games: 4/16, 0 HR","platoon edge; pitcher baseline 8.2% barrel, 19.8 HR allowed",neutral batted-ball profile; pitcher fly-ball pressure modest,6.57,35.63,88.8,99.2186,0.3835,0.1502,0.3209,72.27,20.21,40.18,30.2,2.6,0.1233,8.24,40.53,88.81,0.4,0.1607,24.76,,,Globe Life Field,
71,686948,Drake Baldwin,ATL,NYY,2026-08-07T23:05:00Z,Scheduled,1,Max Fried,608331,L,44.4,Longshot,Watch List,"Projected Lineup, Strong Barrel, Premium Lineup Spot",58.8,9.3,38.2,88.7,50.0,3.4,No,Yes,1,Yes,Yes,RotoWire projected lineup; MLB probable pitchers,lineup projected / unconfirmed,H:2026/2025 P:2026/2025,,,Direct BvP not yet weighted; 2026/2025 Statcast baseline active,7,4,28,0,"Last 7 games: 4/28, 0 HR","same-side matchup; pitcher baseline 3.1% barrel, 4.9 HR allowed",neutral batted-ball profile; pitcher fly-ball pressure modest,13.52,50.65,91.63,102.3936,0.5038,0.2262,0.3733,75.09,54.06,30.96,24.69,19.7,0.1915,3.12,32.51,86.36,0.2849,0.0802,22.74,,,Yankee Stadium,
72,691016,Tyler Soderstrom,ATH,BOS,2026-08-07T23:10:00Z,Scheduled,4,Payton Tolle,801139,L,44.4,Longshot,Watch List,"Projected Lineup, Strong Barrel, Premium Lineup Spot",44.6,30.8,28.7,90.4,50.0,16.6,No,Yes,4,Yes,Yes,RotoWire projected lineup; MLB probable pitchers,lineup projected / unconfirmed,H:2026/2025 P:2026/2025,,,Direct BvP not yet weighted; 2026/2025 Statcast baseline active,7,6,26,0,"Last 7 games: 6/26, 0 HR","same-side matchup; pitcher baseline 6.8% barrel, 9.9 HR allowed",neutral batted-ball profile; pitcher fly-ball pressure modest,10.0,46.93,90.83,102.0529,0.4283,0.1729,0.3368,74.25,42.67,36.63,25.67,19.4,0.2113,6.82,36.34,88.08,0.363,0.1394,27.88,,,Fenway Park,
73,650859,Luis Rengifo,SD,HOU,2026-08-08T01:40:00Z,Scheduled,2,Ronel Blanco,669854,R,44.4,Longshot,Watch List,"Projected Lineup, Premium Lineup Spot, Platoon Edge",17.1,58.8,22.6,95.5,75.0,24.0,No,Yes,2,Yes,Yes,RotoWire projected lineup; MLB probable pitchers,lineup projected / unconfirmed,H:2026/2025 P:2026/2025,,,Direct BvP not yet weighted; 2026/2025 Statcast baseline active,7,7,25,0,"Last 7 games: 7/25, 0 HR","switch hitter; pitcher baseline 13.6% barrel, 5.6 HR allowed",neutral batted-ball profile; pitcher allows elevated contact,4.44,35.43,87.87,98.1275,0.3533,0.0989,0.3048,70.76,15.42,37.11,17.03,4.1,0.0774,13.58,36.8,88.42,0.424,0.2166,40.92,,,Petco Park,
74,683737,Michael Busch,CHC,KC,2026-08-08T00:10:00Z,Scheduled,3,Daniel Lynch IV,663738,L,44.1,Longshot,Watch List,"Projected Lineup, Strong Barrel, Premium Lineup Spot",45.7,27.1,23.2,92.1,50.0,32.5,No,Yes,3,Yes,Yes,RotoWire projected lineup; MLB probable pitchers,lineup projected / unconfirmed,H:2026/2025 P:2026/2025,,,Direct BvP not yet weighted; 2026/2025 Statcast baseline active,7,6,28,1,"Last 7 games: 6/28, 1 HR","same-side matchup; pitcher baseline 6.1% barrel, 3.8 HR allowed",neutral batted-ball profile; pitcher fly-ball pressure modest,11.92,42.12,89.47,99.6922,0.4514,0.209,0.3486,68.76,5.5,40.28,34.9,20.0,0.1843,6.07,37.81,88.04,0.3734,0.1333,24.23,,,Kauffman Stadium,
75,607208,Trea Turner,PHI,TOR,2026-08-07T22:40:00Z,Scheduled,2,José Soriano,667755,R,44.0,Longshot,Watch List,"Projected Lineup, Premium Lineup Spot",28.5,36.5,34.3,95.5,50.0,57.2,No,Yes,2,Yes,Yes,RotoWire projected lineup; MLB probable pitchers,lineup projected / unconfirmed,H:2026/2025 P:2026/2025,,,Direct BvP not yet weighted; 2026/2025 Statcast baseline active,7,11,29,1,Contact streak: 11/29 over last 7 games,"same-side matchup; pitcher baseline 7.8% barrel, 12.0 HR allowed",neutral batted-ball profile; pitcher fly-ball pressure modest,6.29,41.19,88.88,99.5293,0.3897,0.1323,0.3063,71.52,19.28,35.24,25.06,15.7,0.1509,7.83,40.71,89.44,0.3789,0.1376,19.03,,,Citizens Bank Park,
76,678882,Ceddanne Rafaela,BOS,ATH,2026-08-07T23:10:00Z,Scheduled,2,Jack Perkins,678022,R,44.0,Longshot,Watch List,"Projected Lineup, Premium Lineup Spot, Hot Hitter/Streak",23.5,38.7,28.7,95.5,50.0,95.1,No,Yes,2,Yes,Yes,RotoWire projected lineup; MLB probable pitchers,lineup projected / unconfirmed,H:2026/2025 P:2026/2025,,,Direct BvP not yet weighted; 2026/2025 Statcast baseline active,7,12,31,4,Hot streak: 4 HR in last 7 games,"same-side matchup; pitcher baseline 8.7% barrel, 11.0 HR allowed",neutral batted-ball profile; pitcher allows elevated contact,6.82,34.78,87.11,97.9425,0.3796,0.1341,0.2938,70.09,9.04,35.92,26.14,15.3,0.1811,8.69,37.0,87.87,0.3755,0.1496,33.82,,,Fenway Park,
77,669364,Xavier Edwards,MIA,LAA,2026-08-07T23:10:00Z,Scheduled,4,George Klassen,691946,R,43.9,Longshot,Watch List,"Projected Lineup, Pitcher Vulnerable, Premium Lineup Spot, Platoon Edge",9.7,71.9,21.5,90.4,75.0,16.1,No,Yes,4,Yes,Yes,RotoWire projected lineup; MLB probable pitchers,lineup projected / unconfirmed,H:2026/2025 P:2026,,,Direct BvP not yet weighted; 2026/2025 Statcast baseline active,7,5,22,0,"Last 7 games: 5/22, 0 HR","switch hitter; pitcher baseline 25.0% barrel, 1.0 HR allowed",neutral batted-ball profile; pitcher fly-ball pressure modest,2.97,28.98,86.94,96.6132,0.3586,0.0956,0.3104,67.95,2.47,29.57,21.77,5.1,0.0945,25.0,50.0,89.6,0.568,0.262,18.8,,,loanDepot park,
78,666182,Bo Bichette,NYM,PIT,2026-08-07T22:40:00Z,Scheduled,2,Carmen Mlodzinski,669387,R,43.8,Longshot,Watch List,"Projected Lineup, Premium Lineup Spot",32.1,40.4,24.3,95.5,50.0,40.3,No,Yes,2,Yes,Yes,RotoWire projected lineup; MLB probable pitchers,lineup projected / unconfirmed,H:2026/2025 P:2026/2025,,,Direct BvP not yet weighted; 2026/2025 Statcast baseline active,7,8,30,1,"Last 7 games: 8/30, 1 HR","same-side matchup; pitcher baseline 7.1% barrel, 7.3 HR allowed",neutral batted-ball profile; pitcher fly-ball pressure modest,6.71,43.41,89.88,101.0999,0.4289,0.1468,0.3299,69.8,13.3,26.56,22.81,13.1,0.13,7.08,44.86,90.48,0.4188,0.1441,23.04,,,PNC Park,
79,690993,Colt Keith,DET,SF,2026-08-08T02:15:00Z,Scheduled,5,,,,43.7,Longshot,Watch List,Projected Lineup,35.9,41.2,19.3,81.9,60.0,45.0,No,Yes,5,Yes,Yes,RotoWire projected lineup; MLB probable pitchers,lineup projected / unconfirmed,H:2026/2025 P:,,,Direct BvP not yet weighted; 2026/2025 Statcast baseline active,7,9,20,0,Contact streak: 9/20 over last 7 games,"handedness incomplete; pitcher baseline 0.0% barrel, 0.0 HR allowed",neutral batted-ball profile; pitcher fly-ball pressure modest,8.01,41.74,89.02,100.0067,0.4349,0.1681,0.3312,71.54,15.85,37.24,27.56,9.5,0.1521,,,,,,,,,Oracle Park,
80,671739,Michael Harris,ATL,NYY,2026-08-07T23:05:00Z,Scheduled,4,Max Fried,608331,L,43.4,Longshot,Watch List,"Projected Lineup, Strong Barrel, Premium Lineup Spot",48.6,9.3,38.2,90.4,50.0,44.8,No,Yes,4,Yes,Yes,RotoWire projected lineup; MLB probable pitchers,lineup projected / unconfirmed,H:2026/2025 P:2026/2025,,,Direct BvP not yet weighted; 2026/2025 Statcast baseline active,7,8,27,1,"Last 7 games: 8/27, 1 HR","same-side matchup; pitcher baseline 3.1% barrel, 4.9 HR allowed",neutral batted-ball profile; pitcher fly-ball pressure modest,10.78,47.46,90.69,103.4882,0.4793,0.1928,0.3416,74.79,47.96,35.94,23.12,20.0,0.1887,3.12,32.51,86.36,0.2849,0.0802,22.74,,,Yankee Stadium,
81,691777,Max Muncy,ATH,BOS,2026-08-07T23:10:00Z,Scheduled,5,Payton Tolle,801139,L,43.4,Longshot,Watch List,"Projected Lineup, Strong Barrel, Platoon Edge",40.0,30.8,28.7,81.9,78.0,0.0,No,Yes,5,Yes,Yes,RotoWire projected lineup; MLB probable pitchers,lineup projected / unconfirmed,H:2026/2025 P:2026/2025,,,Direct BvP not yet weighted; 2026/2025 Statcast baseline active,7,1,15,0,"Last 7 games: 1/15, 0 HR","platoon edge; pitcher baseline 6.8% barrel, 9.9 HR allowed",neutral batted-ball profile; pitcher fly-ball pressure modest,11.36,43.67,89.83,101.6839,0.3614,0.1507,0.2831,74.01,44.91,43.24,24.05,6.2,0.1629,6.82,36.34,88.08,0.363,0.1394,27.88,,,Fenway Park,
82,650402,Gleyber Torres,DET,SF,2026-08-08T02:15:00Z,Scheduled,2,,,,43.4,Longshot,Watch List,"Projected Lineup, Premium Lineup Spot",27.5,41.2,19.3,95.5,60.0,54.9,No,Yes,2,Yes,Yes,RotoWire projected lineup; MLB probable pitchers,lineup projected / unconfirmed,H:2026/2025 P:,,,Direct BvP not yet weighted; 2026/2025 Statcast baseline active,7,7,29,2,Hot streak: 2 HR in last 7 games,"handedness incomplete; pitcher baseline 0.0% barrel, 0.0 HR allowed",neutral batted-ball profile; pitcher fly-ball pressure modest,8.13,35.15,87.34,97.7884,0.4039,0.151,0.3448,68.63,5.68,24.52,28.29,9.7,0.1366,,,,,,,,,Oracle Park,
83,695657,Colson Montgomery,CWS,CLE,2026-08-07T23:40:00Z,Scheduled,5,Parker Messick,800048,L,43.3,Longshot,Watch List,"Projected Lineup, Strong Barrel",52.6,18.7,27.6,81.9,50.0,26.2,No,Yes,5,Yes,Yes,RotoWire projected lineup; MLB probable pitchers,lineup projected / unconfirmed,H:2026/2025 P:2026/2025,,,Direct BvP not yet weighted; 2026/2025 Statcast baseline active,7,5,29,1,"Last 7 games: 5/29, 1 HR","same-side matchup; pitcher baseline 5.2% barrel, 8.9 HR allowed",neutral batted-ball profile; pitcher fly-ball pressure modest,13.1,42.33,89.12,101.74,0.4429,0.2262,0.3186,76.65,69.25,49.16,34.42,23.8,0.2487,5.17,31.76,87.54,0.3442,0.1149,20.98,,,Rate Field,
84,695670,Harry Ford,WSH,CIN,2026-08-07T22:45:00Z,Scheduled,5,,,,43.2,Longshot,Watch List,"Projected Lineup, Strong Barrel",36.7,41.2,28.2,81.9,60.0,2.0,No,Yes,5,Yes,Yes,RotoWire projected lineup; MLB probable pitchers,lineup projected / unconfirmed,H:2026/2025 P:,,,Direct BvP not yet weighted; 2026/2025 Statcast baseline active,7,2,15,0,"Last 7 games: 2/15, 0 HR","handedness incomplete; pitcher baseline 0.0% barrel, 0.0 HR allowed",fly-ball profile; pitcher fly-ball pressure modest,14.5,36.0,85.99,97.8878,0.293,0.1556,0.2653,68.99,5.07,32.0,46.5,0.7,0.1246,,,,,,,,,Nationals Park,
85,593428,Xander Bogaerts,SD,HOU,2026-08-08T01:40:00Z,Scheduled,6,Ronel Blanco,669854,R,43.0,Longshot,Watch List,Projected Lineup,26.9,59.4,22.6,71.7,50.0,39.1,No,Yes,6,Yes,Yes,RotoWire projected lineup; MLB probable pitchers,lineup projected / unconfirmed,H:2026/2025 P:2026/2025,,,Direct BvP not yet weighted; 2026/2025 Statcast baseline active,7,8,21,0,Contact streak: 8/21 over last 7 games,"same-side matchup; pitcher baseline 13.6% barrel, 5.6 HR allowed",neutral batted-ball profile; pitcher allows elevated contact,6.06,39.55,88.58,99.8398,0.3822,0.1313,0.32,72.38,27.8,43.73,23.27,9.6,0.1091,13.58,36.8,88.42,0.424,0.2166,40.92,,,Petco Park,
86,664023,Ian Happ,CHC,KC,2026-08-08T00:10:00Z,Scheduled,5,Daniel Lynch IV,663738,L,42.7,Longshot,Watch List,"Projected Lineup, Strong Barrel, Platoon Edge",44.2,26.7,23.2,81.9,75.0,0.0,No,Yes,5,Yes,Yes,RotoWire projected lineup; MLB probable pitchers,lineup projected / unconfirmed,H:2026/2025 P:2026/2025,,,Direct BvP not yet weighted; 2026/2025 Statcast baseline active,7,1,19,0,"Last 7 games: 1/19, 0 HR","switch hitter; pitcher baseline 6.1% barrel, 3.8 HR allowed",neutral batted-ball profile; pitcher fly-ball pressure modest,11.24,42.16,89.44,100.807,0.4143,0.1965,0.326,71.88,19.06,43.98,33.16,19.5,0.1896,6.07,37.81,88.04,0.3734,0.1333,24.23,,,Kauffman Stadium,
87,543807,George Springer,TOR,PHI,2026-08-07T22:40:00Z,Scheduled,4,Zack Wheeler,554430,R,42.6,Longshot,Watch List,"Projected Lineup, Strong Barrel, Premium Lineup Spot",41.9,23.5,34.3,90.4,50.0,16.6,No,Yes,4,Yes,Yes,RotoWire projected lineup; MLB probable pitchers,lineup projected / unconfirmed,H:2026/2025 P:2026/2025,,,Direct BvP not yet weighted; 2026/2025 Statcast baseline active,7,6,26,0,"Last 7 games: 6/26, 0 HR","same-side matchup; pitcher baseline 6.4% barrel, 14.8 HR allowed",neutral batted-ball profile; pitcher fly-ball pressure modest,10.04,42.07,89.16,100.3687,0.4401,0.1897,0.3382,73.24,34.88,41.37,27.56,18.0,0.1915,6.36,34.66,86.91,0.3123,0.1156,25.74,,,Citizens Bank Park,
88,682657,Angel Martinez,CLE,CWS,2026-08-07T23:40:00Z,Scheduled,5,Noah Schultz,702273,L,42.6,Longshot,Watch List,"Projected Lineup, Platoon Edge",23.6,47.0,27.6,81.9,75.0,23.7,No,Yes,5,Yes,Yes,RotoWire projected lineup; MLB probable pitchers,lineup projected / unconfirmed,H:2026/2025 P:2026,,,Direct BvP not yet weighted; 2026/2025 Statcast baseline active,7,5,18,0,"Last 7 games: 5/18, 0 HR","switch hitter; pitcher baseline 9.5% barrel, 9.0 HR allowed",neutral batted-ball profile; pitcher fly-ball pressure modest,6.3,34.13,87.59,98.7887,0.3739,0.1354,0.2851,70.8,14.76,46.21,26.73,11.0,0.1728,9.5,40.0,89.1,0.452,0.182,27.9,,,Rate Field,
89,807799,Masataka Yoshida,BOS,ATH,2026-08-07T23:10:00Z,Scheduled,5,Jack Perkins,678022,R,42.4,Longshot,Watch List,"Projected Lineup, Platoon Edge",23.0,38.7,28.7,81.9,80.0,50.3,No,Yes,5,Yes,Yes,RotoWire projected lineup; MLB probable pitchers,lineup projected / unconfirmed,H:2026/2025 P:2026/2025,,,Direct BvP not yet weighted; 2026/2025 Statcast baseline active,7,9,27,1,Contact streak: 9/27 over last 7 games,"platoon edge; pitcher baseline 8.7% barrel, 11.0 HR allowed",neutral batted-ball profile; pitcher allows elevated contact,4.36,40.15,88.8,99.3353,0.3847,0.115,0.3224,71.62,18.67,43.71,21.53,4.7,0.1234,8.69,37.0,87.87,0.3755,0.1496,33.82,,,Fenway Park,
90,702616,Jackson Holliday,BAL,TEX,2026-08-08T00:15:00Z,Scheduled,5,Nathan Eovaldi,543135,R,42.3,Longshot,Watch List,"Projected Lineup, Platoon Edge",27.5,42.4,27.6,81.9,80.0,4.5,No,Yes,5,Yes,Yes,RotoWire projected lineup; MLB probable pitchers,lineup projected / unconfirmed,H:2026/2025 P:2026/2025,,,Direct BvP not yet weighted; 2026/2025 Statcast baseline active,7,3,20,0,"Last 7 games: 3/20, 0 HR","platoon edge; pitcher baseline 8.2% barrel, 19.8 HR allowed",neutral batted-ball profile; pitcher fly-ball pressure modest,7.59,37.93,88.03,98.4065,0.3725,0.1378,0.3154,70.53,7.76,36.39,26.22,8.6,0.1316,8.24,40.53,88.81,0.4,0.1607,24.76,,,Globe Life Field,
91,681297,Colton Cowser,BAL,TEX,2026-08-08T00:15:00Z,Scheduled,8,Nathan Eovaldi,543135,R,42.1,Longshot,Watch List,"Projected Lineup, Strong Barrel, Platoon Edge",41.9,42.4,27.6,47.9,80.0,2.0,No,Yes,8,Yes,Yes,RotoWire projected lineup; MLB probable pitchers,lineup projected / unconfirmed,H:2026/2025 P:2026/2025,,,Direct BvP not yet weighted; 2026/2025 Statcast baseline active,7,2,15,0,"Last 7 games: 2/15, 0 HR","platoon edge; pitcher baseline 8.2% barrel, 19.8 HR allowed",neutral batted-ball profile; pitcher fly-ball pressure modest,11.16,39.28,88.1,100.3216,0.3977,0.1946,0.307,74.37,44.22,38.03,32.71,10.4,0.1393,8.24,40.53,88.81,0.4,0.1607,24.76,,,Globe Life Field,
92,642350,Jose Siri,LAA,MIA,2026-08-07T23:10:00Z,Scheduled,7,Tyler Phillips,663969,R,41.8,Longshot,Watch List,"Projected Lineup, Strong Barrel",43.4,39.0,21.5,59.8,50.0,40.3,No,Yes,7,Yes,Yes,RotoWire projected lineup; MLB probable pitchers,lineup projected / unconfirmed,H:2026/2025 P:2026/2025,,,Direct BvP not yet weighted; 2026/2025 Statcast baseline active,7,4,15,1,"Last 7 games: 4/15, 1 HR","same-side matchup; pitcher baseline 6.8% barrel, 10.1 HR allowed",fly-ball profile; pitcher fly-ball pressure modest,13.98,37.43,86.72,99.2925,0.3746,0.1861,0.2792,73.22,35.43,31.76,41.92,4.2,0.1607,6.85,43.82,90.04,0.4008,0.145,24.82,,,loanDepot park,
93,673357,Luis Robert,NYM,PIT,2026-08-07T22:40:00Z,Scheduled,3,Carmen Mlodzinski,669387,R,41.7,Longshot,Watch List,"Projected Lineup, Premium Lineup Spot",31.6,40.4,24.3,92.1,50.0,9.8,No,Yes,3,Yes,Yes,RotoWire projected lineup; MLB probable pitchers,lineup projected / unconfirmed,H:2026/2025 P:2026/2025,,,Direct BvP not yet weighted; 2026/2025 Statcast baseline active,7,5,27,0,"Last 7 games: 5/27, 0 HR","same-side matchup; pitcher baseline 7.1% barrel, 7.3 HR allowed",neutral batted-ball profile; pitcher fly-ball pressure modest,6.17,40.97,89.05,101.7863,0.3721,0.1457,0.3014,76.16,63.7,45.6,25.49,7.0,0.1249,7.08,44.86,90.48,0.4188,0.1441,23.04,,,PNC Park,
94,663616,Trevor Larnach,MIN,MIL,2026-08-07T23:40:00Z,Scheduled,1,Shane Drohan,675660,L,41.6,Longshot,Watch List,"Projected Lineup, Premium Lineup Spot",31.3,32.8,27.6,88.7,50.0,45.9,No,Yes,1,Yes,Yes,RotoWire projected lineup; MLB probable pitchers,lineup projected / unconfirmed,H:2026/2025 P:2026,,,Direct BvP not yet weighted; 2026/2025 Statcast baseline active,7,4,22,2,Hot streak: 2 HR in last 7 games,"same-side matchup; pitcher baseline 8.1% barrel, 7.0 HR allowed",neutral batted-ball profile; pitcher fly-ball pressure modest,7.69,39.19,88.59,99.759,0.4079,0.1495,0.332,72.03,21.5,42.48,24.75,12.1,0.1652,8.1,37.5,88.3,0.351,0.124,29.0,,,American Family Field,
95,553993,Eugenio Suarez,CIN,WSH,2026-08-07T22:45:00Z,Scheduled,5,Cade Cavalli,676917,R,41.3,Longshot,Watch List,"Projected Lineup, Strong Barrel",39.8,31.5,28.2,81.9,50.0,9.3,No,Yes,5,Yes,Yes,RotoWire projected lineup; MLB probable pitchers,lineup projected / unconfirmed,H:2026/2025 P:2026/2025,,,Direct BvP not yet weighted; 2026/2025 Statcast baseline active,7,4,22,0,"Last 7 games: 4/22, 0 HR","same-side matchup; pitcher baseline 6.2% barrel, 10.5 HR allowed",neutral batted-ball profile; pitcher fly-ball pressure modest,11.78,38.43,89.08,100.104,0.3657,0.1736,0.2787,71.88,20.9,48.45,33.2,24.5,0.2175,6.25,41.24,88.82,0.3825,0.1312,20.84,,,Nationals Park,
96,663586,Austin Riley,ATL,NYY,2026-08-07T23:05:00Z,Scheduled,8,Max Fried,608331,L,41.3,Longshot,Watch List,"Projected Lineup, Strong Barrel, Platoon Edge",51.7,9.3,38.2,47.9,78.0,50.3,No,Yes,8,Yes,Yes,RotoWire projected lineup; MLB probable pitchers,lineup projected / unconfirmed,H:2026/2025 P:2026/2025,,,Direct BvP not yet weighted; 2026/2025 Statcast baseline active,7,8,24,1,Contact streak: 8/24 over last 7 games,"platoon edge; pitcher baseline 3.1% barrel, 4.9 HR allowed",neutral batted-ball profile; pitcher fly-ball pressure modest,12.61,46.14,91.39,102.8521,0.4118,0.1907,0.3076,75.83,59.15,40.01,31.15,13.9,0.1498,3.12,32.51,86.36,0.2849,0.0802,22.74,,,Yankee Stadium,
97,686681,Michael Massey,KC,CHC,2026-08-08T00:10:00Z,Scheduled,5,,,,41.3,Longshot,Watch List,Projected Lineup,29.1,41.2,23.2,81.9,60.0,29.2,No,Yes,5,Yes,Yes,RotoWire projected lineup; MLB probable pitchers,lineup projected / unconfirmed,H:2026/2025 P:,,,Direct BvP not yet weighted; 2026/2025 Statcast baseline active,7,5,26,1,"Last 7 games: 5/26, 1 HR","handedness incomplete; pitcher baseline 0.0% barrel, 0.0 HR allowed",neutral batted-ball profile; pitcher fly-ball pressure modest,5.61,38.46,89.25,98.7375,0.3845,0.1444,0.2881,71.5,12.33,48.52,32.9,7.2,0.1362,,,,,,,,,Kauffman Stadium,
98,694208,Moises Ballesteros,LAA,MIA,2026-08-07T23:10:00Z,Scheduled,6,Tyler Phillips,663969,R,41.0,Longshot,Watch List,"Projected Lineup, Platoon Edge",33.3,39.0,21.5,71.7,80.0,3.4,No,Yes,6,Yes,Yes,RotoWire projected lineup; MLB probable pitchers,lineup projected / unconfirmed,H:2026/2025 P:2026/2025,,,Direct BvP not yet weighted; 2026/2025 Statcast baseline active,7,3,21,0,"Last 7 games: 3/21, 0 HR","platoon edge; pitcher baseline 6.8% barrel, 10.1 HR allowed",neutral batted-ball profile; pitcher fly-ball pressure modest,8.1,42.54,89.73,100.8644,0.3874,0.1429,0.3137,72.92,36.3,35.69,18.9,4.8,0.1557,6.85,43.82,90.04,0.4008,0.145,24.82,,,loanDepot park,
99,664761,Alec Bohm,PHI,TOR,2026-08-07T22:40:00Z,Scheduled,5,José Soriano,667755,R,40.7,Longshot,Watch List,Projected Lineup,29.8,36.5,34.3,81.9,50.0,19.5,No,Yes,5,Yes,Yes,RotoWire projected lineup; MLB probable pitchers,lineup projected / unconfirmed,H:2026/2025 P:2026/2025,,,Direct BvP not yet weighted; 2026/2025 Statcast baseline active,7,7,28,0,"Last 7 games: 7/28, 0 HR","same-side matchup; pitcher baseline 7.8% barrel, 12.0 HR allowed",neutral batted-ball profile; pitcher fly-ball pressure modest,5.5,43.39,90.66,100.1933,0.3913,0.1341,0.3114,71.0,12.67,29.05,22.09,12.4,0.1304,7.83,40.71,89.44,0.3789,0.1376,19.03,,,Citizens Bank Park,
100,702284,Cole Young,SEA,TB,2026-08-08T01:45:00Z,Scheduled,5,Drew Rasmussen,656876,R,40.7,Longshot,Watch List,"Projected Lineup, Platoon Edge",25.8,30.5,25.4,81.9,80.0,48.5,No,Yes,5,Yes,Yes,RotoWire projected lineup; MLB probable pitchers,lineup projected / unconfirmed,H:2026/2025 P:2026/2025,,,Direct BvP not yet weighted; 2026/2025 Statcast baseline active,7,9,28,1,Contact streak: 9/28 over last 7 games,"platoon edge; pitcher baseline 6.8% barrel, 13.8 HR allowed",neutral batted-ball profile; pitcher fly-ball pressure modest,5.32,36.56,88.44,99.1002,0.4033,0.1394,0.3236,71.51,21.86,42.4,27.01,11.0,0.1332,6.79,36.44,88.64,0.3617,0.1299,23.24,,,T-Mobile Park,
101,683953,Travis Bazzana,CLE,CWS,2026-08-07T23:40:00Z,Scheduled,1,Noah Schultz,702273,L,40.5,Longshot,Watch List,"Projected Lineup, Premium Lineup Spot",20.8,48.0,27.6,88.7,50.0,20.9,No,Yes,1,Yes,Yes,RotoWire projected lineup; MLB probable pitchers,lineup projected / unconfirmed,H:2026 P:2026,,,Direct BvP not yet weighted; 2026/2025 Statcast baseline active,7,7,27,0,"Last 7 games: 7/27, 0 HR","same-side matchup; pitcher baseline 9.5% barrel, 9.0 HR allowed",neutral batted-ball profile; pitcher fly-ball pressure modest,4.3,37.0,88.4,98.6131,0.347,0.122,0.301,69.7,12.5,39.7,28.4,9.0,0.148,9.5,40.0,89.1,0.452,0.182,27.9,,,Rate Field,
102,672275,Patrick Bailey,CLE,CWS,2026-08-07T23:40:00Z,Scheduled,8,Noah Schultz,702273,L,40.3,Longshot,Watch List,"Projected Lineup, Platoon Edge",31.3,47.0,27.6,47.9,75.0,21.8,No,Yes,8,Yes,Yes,RotoWire projected lineup; MLB probable pitchers,lineup projected / unconfirmed,H:2026/2025 P:2026,,,Direct BvP not yet weighted; 2026/2025 Statcast baseline active,7,3,21,1,"Last 7 games: 3/21, 1 HR","switch hitter; pitcher baseline 9.5% barrel, 9.0 HR allowed",neutral batted-ball profile; pitcher fly-ball pressure modest,6.93,39.41,89.81,99.5437,0.3729,0.1475,0.2836,72.55,28.51,32.85,26.2,6.0,0.1114,9.5,40.0,89.1,0.452,0.182,27.9,,,Rate Field,
103,641680,Jonah Heim,ATH,BOS,2026-08-07T23:10:00Z,Scheduled,3,Payton Tolle,801139,L,40.2,Longshot,Watch List,"Projected Lineup, Premium Lineup Spot, Platoon Edge",25.1,29.7,28.7,92.1,75.0,16.6,No,Yes,3,Yes,Yes,RotoWire projected lineup; MLB probable pitchers,lineup projected / unconfirmed,H:2026/2025 P:2026/2025,,,Direct BvP not yet weighted; 2026/2025 Statcast baseline active,7,6,26,0,"Last 7 games: 6/26, 0 HR","switch hitter; pitcher baseline 6.8% barrel, 9.9 HR allowed",neutral batted-ball profile; pitcher fly-ball pressure modest,6.73,33.45,87.61,97.9817,0.3852,0.1487,0.2977,69.98,10.01,40.98,28.18,11.0,0.1771,6.82,36.34,88.08,0.363,0.1394,27.88,,,Fenway Park,
104,665923,Esteury Ruiz,MIA,LAA,2026-08-07T23:10:00Z,Scheduled,8,George Klassen,691946,R,40.1,Longshot,Watch List,"Projected Lineup, Pitcher Vulnerable",20.6,72.0,21.5,47.9,50.0,32.0,No,Yes,8,Yes,Yes,RotoWire projected lineup; MLB probable pitchers,lineup projected / unconfirmed,H:2026/2025 P:2026,,,Direct BvP not yet weighted; 2026/2025 Statcast baseline active,7,4,12,0,Contact streak: 4/12 over last 7 games,"same-side matchup; pitcher baseline 25.0% barrel, 1.0 HR allowed",neutral batted-ball profile; pitcher fly-ball pressure modest,8.33,27.65,84.3,96.0611,0.3454,0.1519,0.2931,71.38,16.77,44.38,27.65,3.8,0.1913,25.0,50.0,89.6,0.568,0.262,18.8,,,loanDepot park,
105,687462,Spencer Horwitz,PIT,NYM,2026-08-07T22:40:00Z,Scheduled,5,Zac Thornton,804267,L,40.0,Longshot,Watch List,Projected Lineup,26.5,48.2,24.3,81.9,50.0,2.5,No,Yes,5,Yes,Yes,RotoWire projected lineup; MLB probable pitchers,lineup projected / unconfirmed,H:2026/2025 P:2026,,,Direct BvP not yet weighted; 2026/2025 Statcast baseline active,7,3,22,0,"Last 7 games: 3/22, 0 HR","same-side matchup; pitcher baseline 10.1% barrel, 3.0 HR allowed",neutral batted-ball profile; pitcher allows elevated contact,8.3,34.25,87.05,97.7418,0.3867,0.1521,0.3274,68.75,5.46,40.64,27.56,10.3,0.1676,10.1,40.4,89.5,0.443,0.17,30.3,,,PNC Park,
106,680779,Henry Davis,PIT,NYM,2026-08-07T22:40:00Z,Scheduled,9,Zac Thornton,804267,L,39.9,Longshot,Watch List,"Projected Lineup, Platoon Edge",35.8,48.2,24.3,40.2,78.0,4.5,No,Yes,9,Yes,Yes,RotoWire projected lineup; MLB probable pitchers,lineup projected / unconfirmed,H:2026/2025 P:2026,,,Direct BvP not yet weighted; 2026/2025 Statcast baseline active,7,3,20,0,"Last 7 games: 3/20, 0 HR","platoon edge; pitcher baseline 10.1% barrel, 3.0 HR allowed",neutral batted-ball profile; pitcher allows elevated contact,9.89,38.87,89.37,100.5511,0.3568,0.1501,0.2923,74.25,43.05,51.07,27.47,7.7,0.1362,10.1,40.4,89.5,0.443,0.17,30.3,,,PNC Park,
107,672386,Alejandro Kirk,TOR,PHI,2026-08-07T22:40:00Z,Scheduled,3,Zack Wheeler,554430,R,39.9,Longshot,Watch List,"Projected Lineup, Premium Lineup Spot",26.5,23.5,34.3,92.1,50.0,60.3,No,Yes,3,Yes,Yes,RotoWire projected lineup; MLB probable pitchers,lineup projected / unconfirmed,H:2026/2025 P:2026/2025,,,Direct BvP not yet weighted; 2026/2025 Statcast baseline active,7,10,25,1,Contact streak: 10/25 over last 7 games,"same-side matchup; pitcher baseline 6.4% barrel, 14.8 HR allowed",neutral batted-ball profile; pitcher fly-ball pressure modest,4.85,43.03,88.72,100.3936,0.3883,0.1309,0.3156,71.8,19.02,27.12,22.74,7.3,0.1243,6.36,34.66,86.91,0.3123,0.1156,25.74,,,Citizens Bank Park,
108,685133,Wade Meckler,LAA,MIA,2026-08-07T23:10:00Z,Scheduled,1,Tyler Phillips,663969,R,39.8,Longshot,Watch List,"Projected Lineup, Premium Lineup Spot, Platoon Edge",13.5,39.0,21.5,88.7,80.0,63.3,No,Yes,1,Yes,Yes,RotoWire projected lineup; MLB probable pitchers,lineup projected / unconfirmed,H:2026 P:2026/2025,,,Direct BvP not yet weighted; 2026/2025 Statcast baseline active,7,8,17,1,Contact streak: 8/17 over last 7 games,"platoon edge; pitcher baseline 6.8% barrel, 10.1 HR allowed",neutral batted-ball profile; pitcher fly-ball pressure modest,4.3,31.3,86.1,96.4491,0.376,0.115,0.317,68.6,2.1,33.9,20.0,3.0,0.118,6.85,43.82,90.04,0.4008,0.145,24.82,,,loanDepot park,
109,640459,Brian Navarreto,MIA,LAA,2026-08-07T23:10:00Z,Scheduled,9,George Klassen,691946,R,39.7,Longshot,Watch List,"Projected Lineup, Strong Barrel, Pitcher Vulnerable",27.2,72.0,21.5,40.2,50.0,2.0,No,Yes,9,Yes,Yes,RotoWire projected lineup; MLB probable pitchers,lineup projected / unconfirmed,H:2026/2025 P:2026,,,Direct BvP not yet weighted; 2026/2025 Statcast baseline active,7,2,15,0,"Last 7 games: 2/15, 0 HR","same-side matchup; pitcher baseline 25.0% barrel, 1.0 HR allowed",neutral batted-ball profile; pitcher fly-ball pressure modest,13.87,26.38,87.63,95.0056,0.2552,0.1092,0.229,72.86,21.28,55.64,16.36,0.3,0.1568,25.0,50.0,89.6,0.568,0.262,18.8,,,loanDepot park,
110,687093,Vaughn Grissom,LAA,MIA,2026-08-07T23:10:00Z,Scheduled,5,Tyler Phillips,663969,R,39.6,Longshot,Watch List,Projected Lineup,31.0,39.0,21.5,81.9,50.0,16.6,No,Yes,5,Yes,Yes,RotoWire projected lineup; MLB probable pitchers,lineup projected / unconfirmed,H:2026 P:2026/2025,,,Direct BvP not yet weighted; 2026/2025 Statcast baseline active,7,6,26,0,"Last 7 games: 6/26, 0 HR","same-side matchup; pitcher baseline 6.8% barrel, 10.1 HR allowed",neutral batted-ball profile; pitcher fly-ball pressure modest,6.7,40.9,88.9,99.6907,0.41,0.147,0.329,71.7,20.2,40.4,26.4,7.0,0.145,6.85,43.82,90.04,0.4008,0.145,24.82,,,loanDepot park,
111,800325,Luis Lara,MIL,MIN,2026-08-07T23:40:00Z,Scheduled,6,Zebby Matthews,805673,R,39.6,Longshot,Watch List,"Projected Lineup, Platoon Edge",17.6,53.3,27.6,71.7,75.0,0.8,No,Yes,6,Yes,Yes,RotoWire projected lineup; MLB probable pitchers,lineup projected / unconfirmed,H:2026 P:2026/2025,,,Direct BvP not yet weighted; 2026/2025 Statcast baseline active,7,3,24,0,"Last 7 games: 3/24, 0 HR","switch hitter; pitcher baseline 11.7% barrel, 14.8 HR allowed",neutral batted-ball profile; pitcher fly-ball pressure modest,4.3,37.0,88.2,97.7971,0.361,0.085,0.337,71.0,15.7,34.8,21.7,0.0,0.128,11.65,38.45,89.76,0.4442,0.1872,27.59,,,American Family Field,
112,608324,Alex Bregman,CHC,KC,2026-08-08T00:10:00Z,Scheduled,4,Daniel Lynch IV,663738,L,39.6,Longshot,Watch List,"Projected Lineup, Premium Lineup Spot, Platoon Edge",24.3,27.1,23.2,90.4,78.0,37.8,No,Yes,4,Yes,Yes,RotoWire projected lineup; MLB probable pitchers,lineup projected / unconfirmed,H:2026/2025 P:2026/2025,,,Direct BvP not yet weighted; 2026/2025 Statcast baseline active,7,7,28,1,"Last 7 games: 7/28, 1 HR","platoon edge; pitcher baseline 6.1% barrel, 3.8 HR allowed",neutral batted-ball profile; pitcher fly-ball pressure modest,4.85,39.29,88.7,98.2688,0.3759,0.1327,0.3167,70.16,4.94,46.72,25.69,13.1,0.1484,6.07,37.81,88.04,0.3734,0.1333,24.23,,,Kauffman Stadium,
113,807712,Luke Keaschall,MIN,MIL,2026-08-07T23:40:00Z,Scheduled,2,Shane Drohan,675660,L,39.5,Longshot,Watch List,"Projected Lineup, Premium Lineup Spot, Platoon Edge",11.0,32.8,27.6,95.5,78.0,68.7,No,Yes,2,Yes,Yes,RotoWire projected lineup; MLB probable pitchers,lineup projected / unconfirmed,H:2026/2025 P:2026,,,Direct BvP not yet weighted; 2026/2025 Statcast baseline active,7,8,24,2,Hot streak: 2 HR in last 7 games,"platoon edge; pitcher baseline 8.1% barrel, 7.0 HR allowed",neutral batted-ball profile; pitcher fly-ball pressure modest,3.94,29.59,85.15,96.6509,0.3507,0.1076,0.3086,68.64,7.87,39.52,26.06,5.4,0.1122,8.1,37.5,88.3,0.351,0.124,29.0,,,American Family Field,
114,671732,Lawrence Butler,ATH,BOS,2026-08-07T23:10:00Z,Scheduled,6,Payton Tolle,801139,L,39.4,Longshot,Watch List,Projected Lineup,34.3,30.8,28.7,71.7,50.0,37.8,No,Yes,6,Yes,Yes,RotoWire projected lineup; MLB probable pitchers,lineup projected / unconfirmed,H:2026/2025 P:2026/2025,,,Direct BvP not yet weighted; 2026/2025 Statcast baseline active,7,7,28,1,"Last 7 games: 7/28, 1 HR","same-side matchup; pitcher baseline 6.8% barrel, 9.9 HR allowed",neutral batted-ball profile; pitcher fly-ball pressure modest,7.94,45.73,89.66,101.8803,0.3727,0.1381,0.3082,73.7,38.44,35.59,21.44,11.2,0.1371,6.82,36.34,88.08,0.363,0.1394,27.88,,,Fenway Park,
115,655316,Andruw Monasterio,BOS,ATH,2026-08-07T23:10:00Z,Scheduled,6,Jack Perkins,678022,R,39.4,Longshot,Watch List,Projected Lineup,29.6,38.7,28.7,71.7,50.0,30.2,No,Yes,6,Yes,Yes,RotoWire projected lineup; MLB probable pitchers,lineup projected / unconfirmed,H:2026/2025 P:2026/2025,,,Direct BvP not yet weighted; 2026/2025 Statcast baseline active,7,9,28,0,Contact streak: 9/28 over last 7 games,"same-side matchup; pitcher baseline 8.7% barrel, 11.0 HR allowed",neutral batted-ball profile; pitcher allows elevated contact,7.68,37.48,88.4,98.1787,0.3882,0.1488,0.3017,69.17,3.08,42.65,32.18,5.4,0.1817,8.69,37.0,87.87,0.3755,0.1496,33.82,,,Fenway Park,
116,592663,J.T. Realmuto,PHI,TOR,2026-08-07T22:40:00Z,Scheduled,7,José Soriano,667755,R,39.1,Longshot,Watch List,Projected Lineup,32.5,36.5,34.3,59.8,50.0,31.6,No,Yes,7,Yes,Yes,RotoWire projected lineup; MLB probable pitchers,lineup projected / unconfirmed,H:2026/2025 P:2026/2025,,,Direct BvP not yet weighted; 2026/2025 Statcast baseline active,7,5,24,1,"Last 7 games: 5/24, 1 HR","same-side matchup; pitcher baseline 7.8% barrel, 12.0 HR allowed",neutral batted-ball profile; pitcher fly-ball pressure modest,6.28,42.63,89.93,100.1467,0.3998,0.1433,0.3223,72.91,32.64,40.97,26.29,9.2,0.1312,7.83,40.71,89.44,0.3789,0.1376,19.03,,,Citizens Bank Park,
117,621493,Taylor Ward,SEA,TB,2026-08-08T01:45:00Z,Scheduled,1,Drew Rasmussen,656876,R,39.1,Longshot,Watch List,"Projected Lineup, Premium Lineup Spot",32.1,30.5,25.4,88.7,50.0,9.3,No,Yes,1,Yes,Yes,RotoWire projected lineup; MLB probable pitchers,lineup projected / unconfirmed,H:2026/2025 P:2026/2025,,,Direct BvP not yet weighted; 2026/2025 Statcast baseline active,7,4,22,0,"Last 7 games: 4/22, 0 HR","same-side matchup; pitcher baseline 6.8% barrel, 13.8 HR allowed",neutral batted-ball profile; pitcher fly-ball pressure modest,7.89,40.04,89.4,99.5175,0.3975,0.1539,0.3407,68.73,4.09,33.73,29.59,15.7,0.1434,6.79,36.44,88.64,0.3617,0.1299,23.24,,,T-Mobile Park,
118,691594,Javier Sanoja,MIA,LAA,2026-08-07T23:10:00Z,Scheduled,7,George Klassen,691946,R,39.0,Longshot,Watch List,"Projected Lineup, Pitcher Vulnerable",9.7,72.0,21.5,59.8,50.0,48.1,No,Yes,7,Yes,Yes,RotoWire projected lineup; MLB probable pitchers,lineup projected / unconfirmed,H:2026/2025 P:2026,,,Direct BvP not yet weighted; 2026/2025 Statcast baseline active,7,7,22,1,"Last 7 games: 7/22, 1 HR","same-side matchup; pitcher baseline 25.0% barrel, 1.0 HR allowed",neutral batted-ball profile; pitcher fly-ball pressure modest,1.87,31.99,87.31,97.3278,0.3308,0.0774,0.2764,69.0,6.18,37.8,19.46,4.6,0.139,25.0,50.0,89.6,0.568,0.262,18.8,,,loanDepot park,
119,681082,Bryson Stott,PHI,TOR,2026-08-07T22:40:00Z,Scheduled,8,José Soriano,667755,R,38.9,Longshot,Watch List,"Projected Lineup, Platoon Edge",27.9,36.5,34.3,47.9,80.0,37.3,No,Yes,8,Yes,Yes,RotoWire projected lineup; MLB probable pitchers,lineup projected / unconfirmed,H:2026/2025 P:2026/2025,,,Direct BvP not yet weighted; 2026/2025 Statcast baseline active,7,7,19,0,Contact streak: 7/19 over last 7 games,"platoon edge; pitcher baseline 7.8% barrel, 12.0 HR allowed",neutral batted-ball profile; pitcher fly-ball pressure modest,6.36,36.92,89.0,98.708,0.4042,0.1432,0.3235,69.79,7.03,35.43,28.85,9.5,0.1473,7.83,40.71,89.44,0.3789,0.1376,19.03,,,Citizens Bank Park,
120,703601,Max Clark,DET,SF,2026-08-08T02:15:00Z,Scheduled,7,,,,38.8,Longshot,Watch List,Projected Lineup,29.6,41.2,19.3,59.8,60.0,50.3,No,Yes,7,Yes,Yes,RotoWire projected lineup; MLB probable pitchers,lineup projected / unconfirmed,H:2026 P:,,,Direct BvP not yet weighted; 2026/2025 Statcast baseline active,6,8,24,1,Contact streak: 8/24 over last 6 games,"handedness incomplete; pitcher baseline 0.0% barrel, 0.0 HR allowed",neutral batted-ball profile; pitcher fly-ball pressure modest,0.0,50.0,88.9,99.0949,0.417,0.117,0.391,73.0,32.6,16.7,33.3,1.0,0.264,,,,,,,,,Oracle Park,
121,650333,Luis Arraez,PHI,TOR,2026-08-07T22:40:00Z,Scheduled,4,José Soriano,667755,R,38.7,Longshot,Watch List,"Projected Lineup, Premium Lineup Spot, Platoon Edge",7.4,36.5,34.3,90.4,80.0,50.3,No,Yes,4,Yes,Yes,RotoWire projected lineup; MLB probable pitchers,lineup projected / unconfirmed,H:2026/2025 P:2026/2025,,,Direct BvP not yet weighted; 2026/2025 Statcast baseline active,7,10,30,1,Contact streak: 10/30 over last 7 games,"platoon edge; pitcher baseline 7.8% barrel, 12.0 HR allowed",neutral batted-ball profile; pitcher fly-ball pressure modest,0.96,19.43,86.8,94.0506,0.3714,0.0851,0.3044,62.99,0.12,30.31,27.47,5.9,0.1168,7.83,40.71,89.44,0.3789,0.1376,19.03,,,Citizens Bank Park,
122,624424,Michael Conforto,CHC,KC,2026-08-08T00:10:00Z,Scheduled,7,Daniel Lynch IV,663738,L,38.7,Longshot,Watch List,"Projected Lineup, Strong Barrel",47.2,27.1,23.2,59.8,50.0,5.7,No,Yes,7,Yes,Yes,RotoWire projected lineup; MLB probable pitchers,lineup projected / unconfirmed,H:2026/2025 P:2026/2025,,,Direct BvP not yet weighted; 2026/2025 Statcast baseline active,7,3,19,0,"Last 7 games: 3/19, 0 HR","same-side matchup; pitcher baseline 6.1% barrel, 3.8 HR allowed",fly-ball profile; pitcher fly-ball pressure modest,10.96,44.14,91.16,100.7364,0.4156,0.1889,0.3244,72.78,32.74,43.6,35.67,9.9,0.1977,6.07,37.81,88.04,0.3734,0.1333,24.23,,,Kauffman Stadium,
123,543760,Marcus Semien,NYM,PIT,2026-08-07T22:40:00Z,Scheduled,6,Carmen Mlodzinski,669387,R,38.6,Longshot,Watch List,Projected Lineup,26.1,40.4,24.3,71.7,50.0,41.2,No,Yes,6,Yes,Yes,RotoWire projected lineup; MLB probable pitchers,lineup projected / unconfirmed,H:2026/2025 P:2026/2025,,,Direct BvP not yet weighted; 2026/2025 Statcast baseline active,7,6,22,1,"Last 7 games: 6/22, 1 HR","same-side matchup; pitcher baseline 7.1% barrel, 7.3 HR allowed",neutral batted-ball profile; pitcher fly-ball pressure modest,7.15,35.35,86.97,97.684,0.3978,0.1523,0.3103,68.57,2.92,46.0,31.37,12.9,0.1347,7.08,44.86,90.48,0.4188,0.1441,23.04,,,PNC Park,
124,666139,Josh Lowe,LAA,MIA,2026-08-07T23:10:00Z,Scheduled,8,Tyler Phillips,663969,R,38.4,Longshot,Watch List,"Projected Lineup, Platoon Edge",35.7,39.0,21.5,47.9,80.0,2.0,No,Yes,8,Yes,Yes,RotoWire projected lineup; MLB probable pitchers,lineup projected / unconfirmed,H:2026/2025 P:2026/2025,,,Direct BvP not yet weighted; 2026/2025 Statcast baseline active,7,2,15,0,"Last 7 games: 2/15, 0 HR","platoon edge; pitcher baseline 6.8% barrel, 10.1 HR allowed",neutral batted-ball profile; pitcher fly-ball pressure modest,8.14,38.83,89.02,99.3849,0.3945,0.1681,0.2938,73.66,36.57,37.18,31.57,8.9,0.1467,6.85,43.82,90.04,0.4008,0.145,24.82,,,loanDepot park,
125,621020,Dansby Swanson,CHC,KC,2026-08-08T00:10:00Z,Scheduled,8,Daniel Lynch IV,663738,L,38.4,Longshot,Watch List,"Projected Lineup, Platoon Edge",39.1,27.1,23.2,47.9,78.0,36.3,No,Yes,8,Yes,Yes,RotoWire projected lineup; MLB probable pitchers,lineup projected / unconfirmed,H:2026/2025 P:2026/2025,,,Direct BvP not yet weighted; 2026/2025 Statcast baseline active,7,6,25,1,"Last 7 games: 6/25, 1 HR","platoon edge; pitcher baseline 6.1% barrel, 3.8 HR allowed",neutral batted-ball profile; pitcher fly-ball pressure modest,8.69,43.39,89.87,99.9928,0.4126,0.1785,0.3142,71.32,8.12,46.43,29.61,19.1,0.1849,6.07,37.81,88.04,0.3734,0.1333,24.23,,,Kauffman Stadium,
126,663968,Jake Mangum,PIT,NYM,2026-08-07T22:40:00Z,Scheduled,1,Zac Thornton,804267,L,38.3,Longshot,Watch List,"Projected Lineup, Premium Lineup Spot, Platoon Edge",5.9,47.9,24.3,88.7,75.0,40.7,No,Yes,1,Yes,Yes,RotoWire projected lineup; MLB probable pitchers,lineup projected / unconfirmed,H:2026/2025 P:2026,,,Direct BvP not yet weighted; 2026/2025 Statcast baseline active,7,7,26,1,"Last 7 games: 7/26, 1 HR","switch hitter; pitcher baseline 10.1% barrel, 3.0 HR allowed",neutral batted-ball profile; pitcher allows elevated contact,1.65,28.85,86.04,96.5952,0.329,0.0752,0.2823,67.44,3.73,27.65,14.86,3.0,0.0727,10.1,40.4,89.5,0.443,0.17,30.3,,,PNC Park,
127,693304,Nick Gonzales,PIT,NYM,2026-08-07T22:40:00Z,Scheduled,6,Zac Thornton,804267,L,38.3,Longshot,Watch List,"Projected Lineup, Platoon Edge",16.6,48.2,24.3,71.7,78.0,10.8,No,Yes,6,Yes,Yes,RotoWire projected lineup; MLB probable pitchers,lineup projected / unconfirmed,H:2026/2025 P:2026,,,Direct BvP not yet weighted; 2026/2025 Statcast baseline active,7,5,26,0,"Last 7 games: 5/26, 0 HR","platoon edge; pitcher baseline 10.1% barrel, 3.0 HR allowed",neutral batted-ball profile; pitcher allows elevated contact,3.45,36.56,87.05,98.3077,0.3792,0.1077,0.3106,70.64,12.59,38.41,21.05,5.7,0.0943,10.1,40.4,89.5,0.443,0.17,30.3,,,PNC Park,
128,669236,Jeremiah Jackson,BAL,TEX,2026-08-08T00:15:00Z,Scheduled,7,Nathan Eovaldi,543135,R,38.3,Longshot,Watch List,Projected Lineup,33.7,42.4,27.6,59.8,50.0,0.0,No,Yes,7,Yes,Yes,RotoWire projected lineup; MLB probable pitchers,lineup projected / unconfirmed,H:2026/2025 P:2026/2025,,,Direct BvP not yet weighted; 2026/2025 Statcast baseline active,7,0,11,0,"Last 7 games: 0/11, 0 HR","same-side matchup; pitcher baseline 8.2% barrel, 19.8 HR allowed",neutral batted-ball profile; pitcher fly-ball pressure modest,7.78,40.75,89.69,100.5847,0.3965,0.1524,0.2931,72.6,25.84,40.63,24.35,6.4,0.1507,8.24,40.53,88.81,0.4,0.1607,24.76,,,Globe Life Field,
129,686555,Isaac Collins,KC,CHC,2026-08-08T00:10:00Z,Scheduled,6,,,,38.2,Longshot,Watch List,"Projected Lineup, Platoon Edge",23.1,40.2,23.2,71.7,75.0,13.3,No,Yes,6,Yes,Yes,RotoWire projected lineup; MLB probable pitchers,lineup projected / unconfirmed,H:2026/2025 P:,,,Direct BvP not yet weighted; 2026/2025 Statcast baseline active,7,5,24,0,"Last 7 games: 5/24, 0 HR","switch hitter; pitcher baseline 0.0% barrel, 0.0 HR allowed",neutral batted-ball profile; pitcher fly-ball pressure modest,5.18,39.88,88.45,99.9735,0.3366,0.1004,0.3094,73.26,30.2,40.26,26.37,6.9,0.1347,,,,,,,,,Kauffman Stadium,
130,665750,Leody Taveras,BAL,TEX,2026-08-08T00:15:00Z,Scheduled,6,Nathan Eovaldi,543135,R,37.7,Longshot,Watch List,"Projected Lineup, Platoon Edge",18.8,40.3,27.6,71.7,75.0,18.3,No,Yes,6,Yes,Yes,RotoWire projected lineup; MLB probable pitchers,lineup projected / unconfirmed,H:2026/2025 P:2026/2025,,,Direct BvP not yet weighted; 2026/2025 Statcast baseline active,7,2,17,1,"Last 7 games: 2/17, 1 HR","switch hitter; pitcher baseline 8.2% barrel, 19.8 HR allowed",neutral batted-ball profile; pitcher fly-ball pressure modest,5.07,32.33,87.94,98.87,0.3279,0.1159,0.2705,72.25,23.55,33.02,23.54,5.1,0.1193,8.24,40.53,88.81,0.4,0.1607,24.76,,,Globe Life Field,
131,573262,Mike Yastrzemski,ATL,NYY,2026-08-07T23:05:00Z,Scheduled,6,Max Fried,608331,L,37.4,Longshot,Watch List,Projected Lineup,35.9,9.3,38.2,71.7,50.0,61.5,No,Yes,6,Yes,Yes,RotoWire projected lineup; MLB probable pitchers,lineup projected / unconfirmed,H:2026/2025 P:2026/2025,,,Direct BvP not yet weighted; 2026/2025 Statcast baseline active,7,4,14,2,Hot streak: 2 HR in last 7 games,"same-side matchup; pitcher baseline 3.1% barrel, 4.9 HR allowed",neutral batted-ball profile; pitcher fly-ball pressure modest,7.73,43.65,90.52,99.8057,0.3798,0.1477,0.3122,71.24,7.95,44.99,32.38,10.7,0.1567,3.12,32.51,86.36,0.2849,0.0802,22.74,,,Yankee Stadium,
132,694384,Nolan Schanuel,LAA,MIA,2026-08-07T23:10:00Z,Scheduled,3,Tyler Phillips,663969,R,37.4,Longshot,Watch List,"Projected Lineup, Premium Lineup Spot, Platoon Edge",12.8,39.0,21.5,92.1,80.0,10.8,No,Yes,3,Yes,Yes,RotoWire projected lineup; MLB probable pitchers,lineup projected / unconfirmed,H:2026/2025 P:2026/2025,,,Direct BvP not yet weighted; 2026/2025 Statcast baseline active,7,5,26,0,"Last 7 games: 5/26, 0 HR","platoon edge; pitcher baseline 6.8% barrel, 10.1 HR allowed",neutral batted-ball profile; pitcher fly-ball pressure modest,3.03,31.59,87.36,97.0453,0.3838,0.1078,0.3277,67.89,5.9,40.87,21.15,7.8,0.1159,6.85,43.82,90.04,0.4008,0.145,24.82,,,loanDepot park,
133,630105,Jake Cronenworth,SD,HOU,2026-08-08T01:40:00Z,Scheduled,9,Ronel Blanco,669854,R,37.2,Longshot,Watch List,"Projected Lineup, Platoon Edge",17.5,59.4,22.6,40.2,80.0,19.5,No,Yes,9,Yes,Yes,RotoWire projected lineup; MLB probable pitchers,lineup projected / unconfirmed,H:2026/2025 P:2026/2025,,,Direct BvP not yet weighted; 2026/2025 Statcast baseline active,7,7,28,0,"Last 7 games: 7/28, 0 HR","platoon edge; pitcher baseline 13.6% barrel, 5.6 HR allowed",neutral batted-ball profile; pitcher allows elevated contact,4.94,33.68,87.66,98.131,0.3383,0.107,0.3036,71.46,17.95,31.82,20.9,5.4,0.0869,13.58,36.8,88.42,0.424,0.2166,40.92,,,Petco Park,
134,663698,Joey Bart,CWS,CLE,2026-08-07T23:40:00Z,Scheduled,6,Parker Messick,800048,L,37.0,Longshot,Watch List,"Projected Lineup, Platoon Edge",31.9,18.7,27.6,71.7,78.0,15.3,No,Yes,6,Yes,Yes,RotoWire projected lineup; MLB probable pitchers,lineup projected / unconfirmed,H:2026/2025 P:2026/2025,,,Direct BvP not yet weighted; 2026/2025 Statcast baseline active,7,4,18,0,"Last 7 games: 4/18, 0 HR","platoon edge; pitcher baseline 5.2% barrel, 8.9 HR allowed",neutral batted-ball profile; pitcher fly-ball pressure modest,8.51,37.18,86.58,99.4135,0.3723,0.1611,0.2998,75.11,50.62,39.95,30.46,4.0,0.1295,5.17,31.76,87.54,0.3442,0.1149,20.98,,,Rate Field,
135,695720,Tommy White,ATH,BOS,2026-08-07T23:10:00Z,Scheduled,2,Payton Tolle,801139,L,36.6,Longshot,Watch List,"Projected Lineup, Premium Lineup Spot, Platoon Edge",11.7,30.8,28.7,95.5,78.0,14.1,No,Yes,2,Yes,Yes,RotoWire projected lineup; MLB probable pitchers,lineup projected / unconfirmed,H:2026 P:2026/2025,,,Direct BvP not yet weighted; 2026/2025 Statcast baseline active,7,6,28,0,"Last 7 games: 6/28, 0 HR","platoon edge; pitcher baseline 6.8% barrel, 9.9 HR allowed",neutral batted-ball profile; pitcher fly-ball pressure modest,5.4,32.1,84.5,96.9707,0.372,0.084,0.298,69.7,14.2,28.6,17.9,0.0,0.029,6.82,36.34,88.08,0.363,0.1394,27.88,,,Fenway Park,
136,677587,Brayan Rocchio,CLE,CWS,2026-08-07T23:40:00Z,Scheduled,6,Noah Schultz,702273,L,36.6,Longshot,Watch List,"Projected Lineup, Platoon Edge",13.4,47.0,27.6,71.7,75.0,0.0,No,Yes,6,Yes,Yes,RotoWire projected lineup; MLB probable pitchers,lineup projected / unconfirmed,H:2026/2025 P:2026,,,Direct BvP not yet weighted; 2026/2025 Statcast baseline active,7,3,25,0,"Last 7 games: 3/25, 0 HR","switch hitter; pitcher baseline 9.5% barrel, 9.0 HR allowed",neutral batted-ball profile; pitcher fly-ball pressure modest,3.09,32.21,86.95,97.2816,0.3496,0.1053,0.295,70.07,7.29,44.34,24.39,7.8,0.1182,9.5,40.0,89.1,0.452,0.182,27.9,,,Rate Field,
137,667472,Dane Myers,CIN,WSH,2026-08-07T22:45:00Z,Scheduled,6,Cade Cavalli,676917,R,36.5,Longshot,Watch List,Projected Lineup,28.1,31.5,28.2,71.7,50.0,18.0,No,Yes,6,Yes,Yes,RotoWire projected lineup; MLB probable pitchers,lineup projected / unconfirmed,H:2026/2025 P:2026/2025,,,Direct BvP not yet weighted; 2026/2025 Statcast baseline active,7,6,25,0,"Last 7 games: 6/25, 0 HR","same-side matchup; pitcher baseline 6.2% barrel, 10.5 HR allowed",neutral batted-ball profile; pitcher fly-ball pressure modest,6.05,37.52,89.86,99.3825,0.3818,0.14,0.3173,71.32,20.01,26.46,25.31,3.9,0.098,6.25,41.24,88.82,0.3825,0.1312,20.84,,,Nationals Park,
138,666023,Freddy Fermin,SD,HOU,2026-08-08T01:40:00Z,Scheduled,8,Ronel Blanco,669854,R,36.5,Longshot,Watch List,Projected Lineup,15.4,59.4,22.6,47.9,50.0,52.5,No,Yes,8,Yes,Yes,RotoWire projected lineup; MLB probable pitchers,lineup projected / unconfirmed,H:2026/2025 P:2026/2025,,,Direct BvP not yet weighted; 2026/2025 Statcast baseline active,7,8,23,1,Contact streak: 8/23 over last 7 games,"same-side matchup; pitcher baseline 13.6% barrel, 5.6 HR allowed",neutral batted-ball profile; pitcher allows elevated contact,4.34,29.62,87.84,97.1465,0.3217,0.1079,0.2735,69.78,6.07,37.97,28.84,4.3,0.1139,13.58,36.8,88.42,0.424,0.2166,40.92,,,Petco Park,
139,694378,Jacob Gonzalez,PIT,NYM,2026-08-07T22:40:00Z,Scheduled,8,Zac Thornton,804267,L,36.3,Longshot,Watch List,Projected Lineup,26.0,48.2,24.3,47.9,50.0,26.8,No,Yes,8,Yes,Yes,RotoWire projected lineup; MLB probable pitchers,lineup projected / unconfirmed,H:2026 P:2026,,,Direct BvP not yet weighted; 2026/2025 Statcast baseline active,7,3,17,1,"Last 7 games: 3/17, 1 HR","same-side matchup; pitcher baseline 10.1% barrel, 3.0 HR allowed",neutral batted-ball profile; pitcher allows elevated contact,3.8,41.3,88.8,99.4526,0.403,0.142,0.313,70.9,12.1,40.0,27.6,5.0,0.159,10.1,40.4,89.5,0.443,0.17,30.3,,,PNC Park,
140,620443,Luis Torrens,NYM,PIT,2026-08-07T22:40:00Z,Scheduled,8,Carmen Mlodzinski,669387,R,36.2,Longshot,Watch List,Projected Lineup,26.3,40.4,24.3,47.9,50.0,59.6,No,Yes,8,Yes,Yes,RotoWire projected lineup; MLB probable pitchers,lineup projected / unconfirmed,H:2026/2025 P:2026/2025,,,Direct BvP not yet weighted; 2026/2025 Statcast baseline active,7,6,22,2,Hot streak: 2 HR in last 7 games,"same-side matchup; pitcher baseline 7.1% barrel, 7.3 HR allowed",neutral batted-ball profile; pitcher fly-ball pressure modest,6.08,42.15,88.92,99.3479,0.3763,0.1289,0.3023,70.35,8.2,31.08,18.03,3.6,0.1134,7.08,44.86,90.48,0.4188,0.1441,23.04,,,PNC Park,
141,696285,Jacob Young,WSH,CIN,2026-08-07T22:45:00Z,Scheduled,7,,,,36.0,Longshot,Watch List,Projected Lineup,19.2,41.2,28.2,59.8,60.0,34.9,No,Yes,7,Yes,Yes,RotoWire projected lineup; MLB probable pitchers,lineup projected / unconfirmed,H:2026/2025 P:,,,Direct BvP not yet weighted; 2026/2025 Statcast baseline active,7,6,17,0,Contact streak: 6/17 over last 7 games,"handedness incomplete; pitcher baseline 0.0% barrel, 0.0 HR allowed",neutral batted-ball profile; pitcher fly-ball pressure modest,5.05,34.13,88.23,98.2546,0.3766,0.1139,0.3131,69.0,2.09,35.21,23.09,6.9,0.1211,,,,,,,,,Nationals Park,
142,686797,Brooks Lee,MIN,MIL,2026-08-07T23:40:00Z,Scheduled,6,Shane Drohan,675660,L,35.8,Longshot,Watch List,"Projected Lineup, Platoon Edge",17.8,32.1,27.6,71.7,75.0,25.3,No,Yes,6,Yes,Yes,RotoWire projected lineup; MLB probable pitchers,lineup projected / unconfirmed,H:2026/2025 P:2026,,,Direct BvP not yet weighted; 2026/2025 Statcast baseline active,7,4,24,1,"Last 7 games: 4/24, 1 HR","switch hitter; pitcher baseline 8.1% barrel, 7.0 HR allowed",neutral batted-ball profile; pitcher fly-ball pressure modest,4.26,33.6,87.9,97.4189,0.3376,0.1127,0.275,69.92,8.35,41.85,28.02,16.0,0.1634,8.1,37.5,88.3,0.351,0.124,29.0,,,American Family Field,
143,605170,Victor Caratini,MIN,MIL,2026-08-07T23:40:00Z,Scheduled,8,Shane Drohan,675660,L,35.6,Longshot,Watch List,"Projected Lineup, Platoon Edge",31.2,32.1,27.6,47.9,75.0,0.0,No,Yes,8,Yes,Yes,RotoWire projected lineup; MLB probable pitchers,lineup projected / unconfirmed,H:2026/2025 P:2026,,,Direct BvP not yet weighted; 2026/2025 Statcast baseline active,7,0,16,0,"Last 7 games: 0/16, 0 HR","switch hitter; pitcher baseline 8.1% barrel, 7.0 HR allowed",neutral batted-ball profile; pitcher fly-ball pressure modest,7.0,39.86,89.33,99.0277,0.3977,0.1539,0.3213,71.46,16.29,37.64,24.67,8.5,0.1233,8.1,37.5,88.3,0.351,0.124,29.0,,,American Family Field,
144,666152,David Hamilton,MIL,MIN,2026-08-07T23:40:00Z,Scheduled,8,Zebby Matthews,805673,R,35.4,Longshot,Watch List,"Projected Lineup, Platoon Edge",11.9,54.9,27.6,47.9,80.0,5.7,No,Yes,8,Yes,Yes,RotoWire projected lineup; MLB probable pitchers,lineup projected / unconfirmed,H:2026/2025 P:2026/2025,,,Direct BvP not yet weighted; 2026/2025 Statcast baseline active,7,3,19,0,"Last 7 games: 3/19, 0 HR","platoon edge; pitcher baseline 11.7% barrel, 14.8 HR allowed",neutral batted-ball profile; pitcher fly-ball pressure modest,4.53,27.31,86.88,96.843,0.3043,0.0974,0.2649,69.94,7.43,34.62,27.14,3.9,0.1014,11.65,38.45,89.76,0.4442,0.1872,27.59,,,American Family Field,
145,676914,Davis Schneider,TOR,PHI,2026-08-07T22:40:00Z,Scheduled,8,Zack Wheeler,554430,R,35.3,Longshot,Watch List,"Projected Lineup, Strong Barrel",39.9,23.5,34.3,47.9,50.0,3.4,No,Yes,8,Yes,Yes,RotoWire projected lineup; MLB probable pitchers,lineup projected / unconfirmed,H:2026/2025 P:2026/2025,,,Direct BvP not yet weighted; 2026/2025 Statcast baseline active,7,1,7,0,"Last 7 games: 1/7, 0 HR","same-side matchup; pitcher baseline 6.4% barrel, 14.8 HR allowed",fly-ball profile; pitcher fly-ball pressure modest,11.62,42.64,88.98,100.2967,0.3215,0.158,0.2845,71.08,13.17,44.14,40.9,5.4,0.1565,6.36,34.66,86.91,0.3123,0.1156,25.74,,,Citizens Bank Park,
146,805367,Chase Meidroth,CWS,CLE,2026-08-07T23:40:00Z,Scheduled,1,Parker Messick,800048,L,35.3,Longshot,Watch List,"Projected Lineup, Premium Lineup Spot, Platoon Edge",12.9,18.7,27.6,88.7,78.0,59.6,No,Yes,1,Yes,Yes,RotoWire projected lineup; MLB probable pitchers,lineup projected / unconfirmed,H:2026/2025 P:2026/2025,,,Direct BvP not yet weighted; 2026/2025 Statcast baseline active,7,6,22,2,Hot streak: 2 HR in last 7 games,"platoon edge; pitcher baseline 5.2% barrel, 8.9 HR allowed",neutral batted-ball profile; pitcher fly-ball pressure modest,3.7,34.98,88.06,97.4309,0.3309,0.0933,0.2944,67.19,1.32,37.35,19.49,7.8,0.102,5.17,31.76,87.54,0.3442,0.1149,20.98,,,Rate Field,
147,702332,Caleb Durbin,BOS,ATH,2026-08-07T23:10:00Z,Scheduled,4,Jack Perkins,678022,R,35.2,Longshot,Watch List,"Projected Lineup, Premium Lineup Spot",5.5,38.7,28.7,90.4,50.0,52.3,No,Yes,4,Yes,Yes,RotoWire projected lineup; MLB probable pitchers,lineup projected / unconfirmed,H:2026/2025 P:2026/2025,,,Direct BvP not yet weighted; 2026/2025 Statcast baseline active,7,9,26,1,Contact streak: 9/26 over last 7 games,"same-side matchup; pitcher baseline 8.7% barrel, 11.0 HR allowed",neutral batted-ball profile; pitcher allows elevated contact,3.02,27.25,84.5,96.0422,0.3389,0.0958,0.2959,68.81,4.95,41.37,18.7,11.0,0.1485,8.69,37.0,87.87,0.3755,0.1496,33.82,,,Fenway Park,
148,,Andrew Pinckney,WSH,CIN,2026-08-07T22:45:00Z,Scheduled,6,,,,33.9,Longshot,Watch List,Projected Lineup,6.4,40.2,28.2,71.7,60.0,50.0,No,Yes,6,Yes,Yes,RotoWire projected lineup; MLB probable pitchers,lineup projected / unconfirmed,H: P:,,,Direct BvP not yet weighted; 2026/2025 Statcast baseline active,,,,,Recent form unavailable,"handedness incomplete; pitcher baseline 0.0% barrel, 0.0 HR allowed",neutral batted-ball profile; pitcher fly-ball pressure modest,,,,,,,,,,,,,,,,,,,,,,Nationals Park,
149,686765,Nick Sogard,BOS,ATH,2026-08-07T23:10:00Z,Scheduled,1,Jack Perkins,678022,R,33.9,Longshot,Watch List,"Projected Lineup, Premium Lineup Spot, Platoon Edge",2.0,37.6,28.7,88.7,75.0,15.3,No,Yes,1,Yes,Yes,RotoWire projected lineup; MLB probable pitchers,lineup projected / unconfirmed,H:2026/2025 P:2026/2025,,,Direct BvP not yet weighted; 2026/2025 Statcast baseline active,7,6,27,0,"Last 7 games: 6/27, 0 HR","switch hitter; pitcher baseline 8.7% barrel, 11.0 HR allowed",neutral batted-ball profile; pitcher allows elevated contact,1.68,22.87,83.34,94.1139,0.3057,0.0701,0.2985,68.78,4.17,39.78,21.22,0.0,0.0861,8.69,37.0,87.87,0.3755,0.1496,33.82,,,Fenway Park,
150,680574,Matt McLain,CIN,WSH,2026-08-07T22:45:00Z,Scheduled,9,Cade Cavalli,676917,R,33.8,Longshot,Watch List,Projected Lineup,31.9,31.5,28.2,40.2,50.0,27.6,No,Yes,9,Yes,Yes,RotoWire projected lineup; MLB probable pitchers,lineup projected / unconfirmed,H:2026/2025 P:2026/2025,,,Direct BvP not yet weighted; 2026/2025 Statcast baseline active,7,4,22,1,"Last 7 games: 4/22, 1 HR","same-side matchup; pitcher baseline 6.2% barrel, 10.5 HR allowed",neutral batted-ball profile; pitcher fly-ball pressure modest,8.71,37.62,88.17,98.8216,0.3757,0.1525,0.3061,71.0,10.1,33.26,32.66,10.8,0.1363,6.25,41.24,88.82,0.3825,0.1312,20.84,,,Nationals Park,
151,806198,Cooper Pratt,MIL,MIN,2026-08-07T23:40:00Z,Scheduled,9,Zebby Matthews,805673,R,33.8,Longshot,Watch List,Projected Lineup,14.7,54.9,27.6,40.2,50.0,29.4,No,Yes,9,Yes,Yes,RotoWire projected lineup; MLB probable pitchers,lineup projected / unconfirmed,H:2026 P:2026/2025,,,Direct BvP not yet weighted; 2026/2025 Statcast baseline active,7,6,19,0,"Last 7 games: 6/19, 0 HR","same-side matchup; pitcher baseline 11.7% barrel, 14.8 HR allowed",neutral batted-ball profile; pitcher fly-ball pressure modest,4.1,31.0,87.6,97.1096,0.367,0.099,0.33,70.3,8.3,33.0,21.0,2.0,0.095,11.65,38.45,89.76,0.4442,0.1872,27.59,,,American Family Field,
152,676572,Eric Wagaman,NYM,PIT,2026-08-07T22:40:00Z,Scheduled,7,Carmen Mlodzinski,669387,R,33.7,Longshot,Watch List,Projected Lineup,21.1,40.4,24.3,59.8,50.0,10.1,No,Yes,7,Yes,Yes,RotoWire projected lineup; MLB probable pitchers,lineup projected / unconfirmed,H:2026/2025 P:2026/2025,,,Direct BvP not yet weighted; 2026/2025 Statcast baseline active,7,3,16,0,"Last 7 games: 3/16, 0 HR","same-side matchup; pitcher baseline 7.1% barrel, 7.3 HR allowed",neutral batted-ball profile; pitcher fly-ball pressure modest,6.73,30.26,85.4,98.0889,0.3895,0.1501,0.3108,72.7,33.31,37.12,19.01,4.1,0.1434,7.08,44.86,90.48,0.4188,0.1441,23.04,,,PNC Park,
153,686668,Brenton Doyle,CWS,CLE,2026-08-07T23:40:00Z,Scheduled,7,Parker Messick,800048,L,33.7,Longshot,Watch List,"Projected Lineup, Platoon Edge",23.9,18.7,27.6,59.8,78.0,35.6,No,Yes,7,Yes,Yes,RotoWire projected lineup; MLB probable pitchers,lineup projected / unconfirmed,H:2026/2025 P:2026/2025,,,Direct BvP not yet weighted; 2026/2025 Statcast baseline active,7,5,14,0,Contact streak: 5/14 over last 7 games,"platoon edge; pitcher baseline 5.2% barrel, 8.9 HR allowed",neutral batted-ball profile; pitcher fly-ball pressure modest,7.05,38.86,88.71,99.6496,0.3149,0.1063,0.2636,71.68,13.62,41.12,22.33,5.2,0.0891,5.17,31.76,87.54,0.3442,0.1149,20.98,,,Rate Field,
154,678011,Anthony Seigler,BOS,ATH,2026-08-07T23:10:00Z,Scheduled,8,Jack Perkins,678022,R,33.2,Longshot,Watch List,"Projected Lineup, Platoon Edge",18.9,37.6,28.7,47.9,75.0,4.5,No,Yes,8,Yes,Yes,RotoWire projected lineup; MLB probable pitchers,lineup projected / unconfirmed,H:2026/2025 P:2026/2025,,,Direct BvP not yet weighted; 2026/2025 Statcast baseline active,7,3,20,0,"Last 7 games: 3/20, 0 HR","switch hitter; pitcher baseline 8.7% barrel, 11.0 HR allowed",neutral batted-ball profile; pitcher allows elevated contact,4.9,36.24,87.69,97.2898,0.3607,0.123,0.3016,67.15,0.35,34.28,25.56,2.1,0.1091,8.69,37.0,87.87,0.3755,0.1496,33.82,,,Fenway Park,
155,663538,Nico Hoerner,CHC,KC,2026-08-08T00:10:00Z,Scheduled,6,Daniel Lynch IV,663738,L,33.2,Longshot,Watch List,"Projected Lineup, Platoon Edge",8.9,27.1,23.2,71.7,78.0,64.8,No,Yes,6,Yes,Yes,RotoWire projected lineup; MLB probable pitchers,lineup projected / unconfirmed,H:2026/2025 P:2026/2025,,,Direct BvP not yet weighted; 2026/2025 Statcast baseline active,7,8,26,2,Hot streak: 2 HR in last 7 games,"platoon edge; pitcher baseline 6.1% barrel, 3.8 HR allowed",neutral batted-ball profile; pitcher fly-ball pressure modest,1.56,29.18,86.28,96.3077,0.3805,0.0843,0.3241,68.33,1.83,33.92,21.77,7.0,0.1026,6.07,37.81,88.04,0.3734,0.1333,24.23,,,Kauffman Stadium,
156,690984,Petey Halpin,CLE,CWS,2026-08-07T23:40:00Z,Scheduled,7,Noah Schultz,702273,L,33.1,Longshot,Watch List,Projected Lineup,8.6,48.0,27.6,59.8,50.0,34.2,No,Yes,7,Yes,Yes,RotoWire projected lineup; MLB probable pitchers,lineup projected / unconfirmed,H:2026/2025 P:2026,,,Direct BvP not yet weighted; 2026/2025 Statcast baseline active,7,8,23,0,Contact streak: 8/23 over last 7 games,"same-side matchup; pitcher baseline 9.5% barrel, 9.0 HR allowed",neutral batted-ball profile; pitcher fly-ball pressure modest,4.62,17.71,81.45,93.3901,0.3038,0.091,0.2762,70.29,6.02,38.87,34.45,1.4,0.07,9.5,40.0,89.1,0.452,0.182,27.9,,,Rate Field,
157,656484,Tristan Gray,MIN,MIL,2026-08-07T23:40:00Z,Scheduled,9,Shane Drohan,675660,L,33.1,Longshot,Watch List,Projected Lineup,31.7,32.8,27.6,40.2,50.0,9.3,No,Yes,9,Yes,Yes,RotoWire projected lineup; MLB probable pitchers,lineup projected / unconfirmed,H:2026/2025 P:2026,,,Direct BvP not yet weighted; 2026/2025 Statcast baseline active,7,2,11,0,"Last 7 games: 2/11, 0 HR","same-side matchup; pitcher baseline 8.1% barrel, 7.0 HR allowed",neutral batted-ball profile; pitcher fly-ball pressure modest,8.2,39.47,89.3,100.3857,0.3694,0.1376,0.2888,73.18,36.05,41.92,24.19,3.7,0.1237,8.1,37.5,88.3,0.351,0.124,29.0,,,American Family Field,
158,660688,Keibert Ruiz,WSH,CIN,2026-08-07T22:45:00Z,Scheduled,9,,,,33.0,Longshot,Watch List,"Projected Lineup, Platoon Edge",16.2,40.2,28.2,40.2,75.0,27.7,No,Yes,9,Yes,Yes,RotoWire projected lineup; MLB probable pitchers,lineup projected / unconfirmed,H:2026/2025 P:,,,Direct BvP not yet weighted; 2026/2025 Statcast baseline active,7,7,23,0,"Last 7 games: 7/23, 0 HR","switch hitter; pitcher baseline 0.0% barrel, 0.0 HR allowed",neutral batted-ball profile; pitcher fly-ball pressure modest,3.95,35.87,87.88,97.697,0.3475,0.1066,0.2737,67.22,0.65,54.26,26.49,5.5,0.1403,,,,,,,,,Nationals Park,
159,664702,Myles Straw,TOR,PHI,2026-08-07T22:40:00Z,Scheduled,1,Zack Wheeler,554430,R,32.8,Longshot,Watch List,"Projected Lineup, Premium Lineup Spot",11.7,23.5,34.3,88.7,50.0,24.9,No,Yes,1,Yes,Yes,RotoWire projected lineup; MLB probable pitchers,lineup projected / unconfirmed,H:2026/2025 P:2026/2025,,,Direct BvP not yet weighted; 2026/2025 Statcast baseline active,7,6,21,0,"Last 7 games: 6/21, 0 HR","same-side matchup; pitcher baseline 6.4% barrel, 14.8 HR allowed",neutral batted-ball profile; pitcher fly-ball pressure modest,3.69,26.26,86.64,95.9922,0.3671,0.1067,0.2999,68.26,5.24,36.71,28.09,3.3,0.1141,6.36,34.66,86.91,0.3123,0.1156,25.74,,,Citizens Bank Park,
160,640902,Jhonny Pereda,SEA,TB,2026-08-08T01:45:00Z,Scheduled,7,Drew Rasmussen,656876,R,32.7,Longshot,Watch List,Projected Lineup,23.7,30.5,25.4,59.8,50.0,16.6,No,Yes,7,Yes,Yes,RotoWire projected lineup; MLB probable pitchers,lineup projected / unconfirmed,H:2026/2025 P:2026/2025,,,Direct BvP not yet weighted; 2026/2025 Statcast baseline active,7,6,26,0,"Last 7 games: 6/26, 0 HR","same-side matchup; pitcher baseline 6.8% barrel, 13.8 HR allowed",neutral batted-ball profile; pitcher fly-ball pressure modest,3.89,45.81,89.59,100.3901,0.3752,0.1031,0.3149,70.62,7.67,29.97,14.44,1.4,0.0926,6.79,36.44,88.64,0.3617,0.1299,23.24,,,T-Mobile Park,
161,642215,Weston Wilson,SEA,TB,2026-08-08T01:45:00Z,Scheduled,6,Drew Rasmussen,656876,R,32.5,Longshot,Watch List,Projected Lineup,20.1,30.5,25.4,71.7,50.0,3.4,No,Yes,6,Yes,Yes,RotoWire projected lineup; MLB probable pitchers,lineup projected / unconfirmed,H:2026/2025 P:2026/2025,,,Direct BvP not yet weighted; 2026/2025 Statcast baseline active,7,3,21,0,"Last 7 games: 3/21, 0 HR","same-side matchup; pitcher baseline 6.8% barrel, 13.8 HR allowed",neutral batted-ball profile; pitcher fly-ball pressure modest,6.87,31.97,86.11,97.8508,0.3157,0.1193,0.2684,72.71,27.73,45.73,27.74,3.6,0.1465,6.79,36.44,88.64,0.3617,0.1299,23.24,,,T-Mobile Park,
162,664770,Nathan Lukes,TOR,PHI,2026-08-07T22:40:00Z,Scheduled,5,Zack Wheeler,554430,R,32.4,Longshot,Watch List,"Projected Lineup, Platoon Edge",8.9,23.5,34.3,81.9,80.0,0.0,No,Yes,5,Yes,Yes,RotoWire projected lineup; MLB probable pitchers,lineup projected / unconfirmed,H:2026/2025 P:2026/2025,,,Direct BvP not yet weighted; 2026/2025 Statcast baseline active,7,1,23,0,"Last 7 games: 1/23, 0 HR","platoon edge; pitcher baseline 6.4% barrel, 14.8 HR allowed",neutral batted-ball profile; pitcher fly-ball pressure modest,2.07,30.7,86.78,96.731,0.3451,0.091,0.294,67.37,4.18,33.59,20.53,7.1,0.1163,6.36,34.66,86.91,0.3123,0.1156,25.74,,,Citizens Bank Park,
163,643289,Mauricio Dubon,ATL,NYY,2026-08-07T23:05:00Z,Scheduled,5,Max Fried,608331,L,32.4,Longshot,Watch List,"Projected Lineup, Platoon Edge",11.4,9.3,38.2,81.9,78.0,44.5,No,Yes,5,Yes,Yes,RotoWire projected lineup; MLB probable pitchers,lineup projected / unconfirmed,H:2026/2025 P:2026/2025,,,Direct BvP not yet weighted; 2026/2025 Statcast baseline active,7,10,24,0,Contact streak: 10/24 over last 7 games,"platoon edge; pitcher baseline 3.1% barrel, 4.9 HR allowed",neutral batted-ball profile; pitcher fly-ball pressure modest,3.37,29.38,86.11,96.4089,0.3674,0.105,0.2997,68.73,3.26,31.96,24.88,9.1,0.128,3.12,32.51,86.36,0.2849,0.0802,22.74,,,Yankee Stadium,
164,702176,Alan Roden,MIN,MIL,2026-08-07T23:40:00Z,Scheduled,7,Shane Drohan,675660,L,32.2,Longshot,Watch List,Projected Lineup,19.6,32.8,27.6,59.8,50.0,16.6,No,Yes,7,Yes,Yes,RotoWire projected lineup; MLB probable pitchers,lineup projected / unconfirmed,H:2026/2025 P:2026,,,Direct BvP not yet weighted; 2026/2025 Statcast baseline active,7,3,13,0,"Last 7 games: 3/13, 0 HR","same-side matchup; pitcher baseline 8.1% barrel, 7.0 HR allowed",neutral batted-ball profile; pitcher fly-ball pressure modest,4.38,39.36,88.15,98.339,0.3351,0.0982,0.2998,70.59,13.98,34.44,26.07,0.6,0.0309,8.1,37.5,88.3,0.351,0.124,29.0,,,American Family Field,
165,699302,Hector Rodriguez,CIN,WSH,2026-08-07T22:45:00Z,Scheduled,7,Cade Cavalli,676917,R,31.8,Longshot,Watch List,"Projected Lineup, Platoon Edge",13.5,31.5,28.2,59.8,80.0,0.0,No,Yes,7,Yes,Yes,RotoWire projected lineup; MLB probable pitchers,lineup projected / unconfirmed,H:2026 P:2026/2025,,,Direct BvP not yet weighted; 2026/2025 Statcast baseline active,2,0,5,0,"Last 2 games: 0/5, 0 HR","platoon edge; pitcher baseline 6.2% barrel, 10.5 HR allowed",neutral batted-ball profile; pitcher fly-ball pressure modest,0.0,0.0,71.6,74.8016,0.602,0.054,0.578,74.5,33.3,0.0,0.0,0.0,0.0,6.25,41.24,88.82,0.3825,0.1312,20.84,,,Nationals Park,
166,682927,Ronny Simon,PIT,NYM,2026-08-07T22:40:00Z,Scheduled,7,Zac Thornton,804267,L,31.7,Longshot,Watch List,"Projected Lineup, Platoon Edge",4.5,47.9,24.3,59.8,75.0,0.0,No,Yes,7,Yes,Yes,RotoWire projected lineup; MLB probable pitchers,lineup projected / unconfirmed,H:2026/2025 P:2026,,,Direct BvP not yet weighted; 2026/2025 Statcast baseline active,2,0,5,0,"Last 2 games: 0/5, 0 HR","switch hitter; pitcher baseline 10.1% barrel, 3.0 HR allowed",neutral batted-ball profile; pitcher allows elevated contact,1.86,11.07,82.03,85.0934,0.315,0.0652,0.4175,73.2,34.99,8.76,5.07,0.0,0.0117,10.1,40.4,89.5,0.443,0.17,30.3,,,PNC Park,
167,682622,Noelvi Marte,CIN,WSH,2026-08-07T22:45:00Z,Scheduled,8,Cade Cavalli,676917,R,31.7,Longshot,Watch List,Projected Lineup,23.8,31.5,28.2,47.9,50.0,18.0,No,Yes,8,Yes,Yes,RotoWire projected lineup; MLB probable pitchers,lineup projected / unconfirmed,H:2026/2025 P:2026/2025,,,Direct BvP not yet weighted; 2026/2025 Statcast baseline active,7,6,25,0,"Last 7 games: 6/25, 0 HR","same-side matchup; pitcher baseline 6.2% barrel, 10.5 HR allowed",neutral batted-ball profile; pitcher fly-ball pressure modest,6.72,32.73,88.29,99.4599,0.3508,0.1359,0.2662,72.5,28.98,44.15,21.62,8.4,0.1591,6.25,41.24,88.82,0.3825,0.1312,20.84,,,Nationals Park,
168,702222,Justin Crawford,PHI,TOR,2026-08-07T22:40:00Z,Scheduled,9,José Soriano,667755,R,31.6,Longshot,Watch List,"Projected Lineup, Platoon Edge",9.0,36.5,34.3,40.2,80.0,37.3,No,Yes,9,Yes,Yes,RotoWire projected lineup; MLB probable pitchers,lineup projected / unconfirmed,H:2026 P:2026/2025,,,Direct BvP not yet weighted; 2026/2025 Statcast baseline active,7,7,19,0,Contact streak: 7/19 over last 7 games,"platoon edge; pitcher baseline 7.8% barrel, 12.0 HR allowed",neutral batted-ball profile; pitcher fly-ball pressure modest,1.2,33.5,86.6,97.6828,0.317,0.061,0.279,68.9,5.0,27.4,16.9,2.0,0.081,7.83,40.71,89.44,0.3789,0.1376,19.03,,,Citizens Bank Park,
169,642086,Dominic Smith,ATL,NYY,2026-08-07T23:05:00Z,Scheduled,7,Max Fried,608331,L,30.8,Longshot,Watch List,Projected Lineup,23.1,9.3,38.2,59.8,50.0,47.7,No,Yes,7,Yes,Yes,RotoWire projected lineup; MLB probable pitchers,lineup projected / unconfirmed,H:2026/2025 P:2026/2025,,,Direct BvP not yet weighted; 2026/2025 Statcast baseline active,7,6,19,1,"Last 7 games: 6/19, 1 HR","same-side matchup; pitcher baseline 3.1% barrel, 4.9 HR allowed",neutral batted-ball profile; pitcher fly-ball pressure modest,5.39,34.66,87.84,98.0326,0.3952,0.1443,0.3095,68.5,5.5,36.93,28.61,7.1,0.1344,3.12,32.51,86.36,0.2849,0.0802,22.74,,,Yankee Stadium,
170,595879,Javier Baez,DET,SF,2026-08-08T02:15:00Z,Scheduled,8,,,,30.7,Longshot,Watch List,Projected Lineup,12.4,41.2,19.3,47.9,60.0,33.7,No,Yes,8,Yes,Yes,RotoWire projected lineup; MLB probable pitchers,lineup projected / unconfirmed,H:2026/2025 P:,,,Direct BvP not yet weighted; 2026/2025 Statcast baseline active,7,10,29,0,Contact streak: 10/29 over last 7 games,"handedness incomplete; pitcher baseline 0.0% barrel, 0.0 HR allowed",neutral batted-ball profile; pitcher fly-ball pressure modest,3.4,31.85,85.75,96.9855,0.3478,0.0933,0.2801,72.87,27.86,39.8,22.05,5.0,0.1266,,,,,,,,,Oracle Park,
171,672724,Oswald Peraza,LAA,MIA,2026-08-07T23:10:00Z,Scheduled,9,Tyler Phillips,663969,R,30.6,Longshot,Watch List,Projected Lineup,24.0,39.0,21.5,40.2,50.0,0.0,No,Yes,9,Yes,Yes,RotoWire projected lineup; MLB probable pitchers,lineup projected / unconfirmed,H:2026/2025 P:2026/2025,,,Direct BvP not yet weighted; 2026/2025 Statcast baseline active,7,0,8,0,"Last 7 games: 0/8, 0 HR","same-side matchup; pitcher baseline 6.8% barrel, 10.1 HR allowed",neutral batted-ball profile; pitcher fly-ball pressure modest,7.26,38.1,87.24,99.9339,0.3361,0.119,0.2669,72.83,29.23,37.11,21.08,6.4,0.1175,6.85,43.82,90.04,0.4008,0.145,24.82,,,loanDepot park,
172,806068,Colt Emerson,SEA,TB,2026-08-08T01:45:00Z,Scheduled,9,Drew Rasmussen,656876,R,30.6,Longshot,Watch List,"Projected Lineup, Platoon Edge",15.2,30.5,25.4,40.2,80.0,31.6,No,Yes,9,Yes,Yes,RotoWire projected lineup; MLB probable pitchers,lineup projected / unconfirmed,H:2026 P:2026/2025,,,Direct BvP not yet weighted; 2026/2025 Statcast baseline active,7,5,24,1,"Last 7 games: 5/24, 1 HR","platoon edge; pitcher baseline 6.8% barrel, 13.8 HR allowed",neutral batted-ball profile; pitcher fly-ball pressure modest,5.3,30.3,86.3,96.7812,0.307,0.11,0.253,72.5,25.5,40.2,22.7,8.0,0.159,6.79,36.44,88.64,0.3617,0.1299,23.24,,,T-Mobile Park,
173,665804,Miguel Amaya,CHC,KC,2026-08-08T00:10:00Z,Scheduled,9,Daniel Lynch IV,663738,L,30.4,Longshot,Watch List,"Projected Lineup, Platoon Edge",21.2,27.1,23.2,40.2,78.0,15.3,No,Yes,9,Yes,Yes,RotoWire projected lineup; MLB probable pitchers,lineup projected / unconfirmed,H:2026/2025 P:2026/2025,,,Direct BvP not yet weighted; 2026/2025 Statcast baseline active,7,4,18,0,"Last 7 games: 4/18, 0 HR","platoon edge; pitcher baseline 6.1% barrel, 3.8 HR allowed",neutral batted-ball profile; pitcher fly-ball pressure modest,6.32,33.39,86.89,97.5858,0.3363,0.1203,0.2915,70.94,14.01,40.17,31.18,3.3,0.1448,6.07,37.81,88.04,0.3734,0.1333,24.23,,,Kauffman Stadium,
174,649966,Luis Urias,TOR,PHI,2026-08-07T22:40:00Z,Scheduled,7,Zack Wheeler,554430,R,30.2,Longshot,Watch List,Projected Lineup,16.0,23.5,34.3,59.8,50.0,24.9,No,Yes,7,Yes,Yes,RotoWire projected lineup; MLB probable pitchers,lineup projected / unconfirmed,H:2026/2025 P:2026/2025,,,Direct BvP not yet weighted; 2026/2025 Statcast baseline active,7,4,14,0,"Last 7 games: 4/14, 0 HR","same-side matchup; pitcher baseline 6.4% barrel, 14.8 HR allowed",neutral batted-ball profile; pitcher fly-ball pressure modest,6.22,27.82,85.71,96.6487,0.3467,0.1116,0.2993,70.73,18.65,54.7,27.62,4.5,0.1864,6.36,34.66,86.91,0.3123,0.1156,25.74,,,Citizens Bank Park,
175,668942,Josh Rojas,KC,CHC,2026-08-08T00:10:00Z,Scheduled,8,,,,30.2,Longshot,Watch List,Projected Lineup,12.2,41.2,23.2,47.9,60.0,13.6,No,Yes,8,Yes,Yes,RotoWire projected lineup; MLB probable pitchers,lineup projected / unconfirmed,H:2026/2025 P:,,,Direct BvP not yet weighted; 2026/2025 Statcast baseline active,7,4,19,0,"Last 7 games: 4/19, 0 HR","handedness incomplete; pitcher baseline 0.0% barrel, 0.0 HR allowed",neutral batted-ball profile; pitcher fly-ball pressure modest,2.38,33.51,86.87,96.9133,0.2833,0.0904,0.2343,68.29,2.08,29.1,34.63,1.3,0.0923,,,,,,,,,Kauffman Stadium,
176,664728,Kyle Isbel,KC,CHC,2026-08-08T00:10:00Z,Scheduled,9,,,,29.8,Longshot,Watch List,Projected Lineup,13.0,41.2,23.2,40.2,60.0,22.9,No,Yes,9,Yes,Yes,RotoWire projected lineup; MLB probable pitchers,lineup projected / unconfirmed,H:2026/2025 P:,,,Direct BvP not yet weighted; 2026/2025 Statcast baseline active,7,6,22,0,"Last 7 games: 6/22, 0 HR","handedness incomplete; pitcher baseline 0.0% barrel, 0.0 HR allowed",neutral batted-ball profile; pitcher fly-ball pressure modest,2.58,34.7,88.36,98.9847,0.3117,0.0805,0.2664,71.31,14.74,31.55,17.12,3.3,0.1036,,,,,,,,,Kauffman Stadium,
177,657136,Connor Wong,BOS,ATH,2026-08-07T23:10:00Z,Scheduled,9,Jack Perkins,678022,R,29.7,Longshot,Watch List,Projected Lineup,15.2,38.7,28.7,40.2,50.0,18.3,No,Yes,9,Yes,Yes,RotoWire projected lineup; MLB probable pitchers,lineup projected / unconfirmed,H:2026/2025 P:2026/2025,,,Direct BvP not yet weighted; 2026/2025 Statcast baseline active,7,2,18,1,"Last 7 games: 2/18, 1 HR","same-side matchup; pitcher baseline 8.7% barrel, 11.0 HR allowed",neutral batted-ball profile; pitcher allows elevated contact,4.08,35.55,86.34,99.1779,0.3216,0.0978,0.2863,72.58,26.35,39.54,22.51,1.4,0.0858,8.69,37.0,87.87,0.3755,0.1496,33.82,,,Fenway Park,
178,675961,Alika Williams,ATH,BOS,2026-08-07T23:10:00Z,Scheduled,8,Payton Tolle,801139,L,28.9,Longshot,Watch List,"Projected Lineup, Platoon Edge",7.8,30.8,28.7,47.9,78.0,17.3,No,Yes,8,Yes,Yes,RotoWire projected lineup; MLB probable pitchers,lineup projected / unconfirmed,H:2026 P:2026/2025,,,Direct BvP not yet weighted; 2026/2025 Statcast baseline active,7,4,17,0,"Last 7 games: 4/17, 0 HR","platoon edge; pitcher baseline 6.8% barrel, 9.9 HR allowed",neutral batted-ball profile; pitcher fly-ball pressure modest,1.1,33.3,85.3,97.2946,0.28,0.069,0.232,69.6,4.2,38.6,22.7,2.0,0.135,6.82,36.34,88.08,0.363,0.1394,27.88,,,Fenway Park,
179,,Cristian Pache,NYM,PIT,2026-08-07T22:40:00Z,Scheduled,9,Carmen Mlodzinski,669387,R,28.8,Longshot,Watch List,Projected Lineup,6.4,39.6,24.3,40.2,60.0,50.0,No,Yes,9,Yes,Yes,RotoWire projected lineup; MLB probable pitchers,lineup projected / unconfirmed,H: P:2026/2025,,,Direct BvP not yet weighted; 2026/2025 Statcast baseline active,,,,,Recent form unavailable,"handedness incomplete; pitcher baseline 7.1% barrel, 7.3 HR allowed",neutral batted-ball profile; pitcher fly-ball pressure modest,,,,,,,,,,,,,,7.08,44.86,90.48,0.4188,0.1441,23.04,,,PNC Park,
180,683083,Nasim Nunez,WSH,CIN,2026-08-07T22:45:00Z,Scheduled,8,,,,28.8,Longshot,Watch List,"Projected Lineup, Platoon Edge",4.6,40.2,28.2,47.9,75.0,0.0,No,Yes,8,Yes,Yes,RotoWire projected lineup; MLB probable pitchers,lineup projected / unconfirmed,H:2026/2025 P:,,,Direct BvP not yet weighted; 2026/2025 Statcast baseline active,7,2,24,0,"Last 7 games: 2/24, 0 HR","switch hitter; pitcher baseline 0.0% barrel, 0.0 HR allowed",neutral batted-ball profile; pitcher fly-ball pressure modest,1.69,27.08,85.66,95.7718,0.3012,0.0727,0.2785,68.74,4.98,31.92,18.26,1.9,0.0783,,,,,,,,,Nationals Park,
181,676391,Ernie Clement,TOR,PHI,2026-08-07T22:40:00Z,Scheduled,6,Zack Wheeler,554430,R,28.6,Longshot,Watch List,Projected Lineup,6.2,23.5,34.3,71.7,50.0,24.3,No,Yes,6,Yes,Yes,RotoWire projected lineup; MLB probable pitchers,lineup projected / unconfirmed,H:2026/2025 P:2026/2025,,,Direct BvP not yet weighted; 2026/2025 Statcast baseline active,7,4,25,1,"Last 7 games: 4/25, 1 HR","same-side matchup; pitcher baseline 6.4% barrel, 14.8 HR allowed",neutral batted-ball profile; pitcher fly-ball pressure modest,2.54,22.78,85.34,94.8679,0.3429,0.0902,0.275,67.46,2.68,42.9,28.39,9.0,0.1273,6.36,34.66,86.91,0.3123,0.1156,25.74,,,Citizens Bank Park,
182,650968,Yohel Pozo,BAL,TEX,2026-08-08T00:15:00Z,Scheduled,9,Nathan Eovaldi,543135,R,28.5,Longshot,Watch List,Projected Lineup,7.3,42.4,27.6,40.2,50.0,32.5,No,Yes,9,Yes,Yes,RotoWire projected lineup; MLB probable pitchers,lineup projected / unconfirmed,H:2026/2025 P:2026/2025,,,Direct BvP not yet weighted; 2026/2025 Statcast baseline active,7,3,14,1,"Last 7 games: 3/14, 1 HR","same-side matchup; pitcher baseline 8.2% barrel, 19.8 HR allowed",neutral batted-ball profile; pitcher fly-ball pressure modest,0.66,27.04,87.35,96.4731,0.3087,0.0683,0.2424,69.43,8.35,30.85,13.66,1.5,0.0607,8.24,40.53,88.81,0.4,0.1607,24.76,,,Globe Life Field,
183,656716,Zach McKinstry,DET,SF,2026-08-08T02:15:00Z,Scheduled,9,,,,28.2,Longshot,Watch List,Projected Lineup,8.1,41.2,19.3,40.2,60.0,34.5,No,Yes,9,Yes,Yes,RotoWire projected lineup; MLB probable pitchers,lineup projected / unconfirmed,H:2026/2025 P:,,,Direct BvP not yet weighted; 2026/2025 Statcast baseline active,7,7,20,0,Contact streak: 7/20 over last 7 games,"handedness incomplete; pitcher baseline 0.0% barrel, 0.0 HR allowed",neutral batted-ball profile; pitcher fly-ball pressure modest,3.72,25.88,85.63,96.0264,0.3356,0.0935,0.2924,68.13,4.49,40.19,26.88,6.4,0.1314,,,,,,,,,Oracle Park,
184,695731,Braden Montgomery,CWS,CLE,2026-08-07T23:40:00Z,Scheduled,8,Parker Messick,800048,L,27.9,Longshot,Watch List,"Projected Lineup, Platoon Edge",18.3,17.8,27.6,47.9,75.0,0.0,No,Yes,8,Yes,Yes,RotoWire projected lineup; MLB probable pitchers,lineup projected / unconfirmed,H:2026 P:2026/2025,,,Direct BvP not yet weighted; 2026/2025 Statcast baseline active,7,2,27,0,"Last 7 games: 2/27, 0 HR","switch hitter; pitcher baseline 5.2% barrel, 8.9 HR allowed",neutral batted-ball profile; pitcher fly-ball pressure modest,3.1,40.2,88.8,99.7812,0.348,0.11,0.298,69.5,9.1,33.9,19.7,3.0,0.138,5.17,31.76,87.54,0.3442,0.1149,20.98,,,Rate Field,
185,665926,Andres Gimenez,TOR,PHI,2026-08-07T22:40:00Z,Scheduled,9,Zack Wheeler,554430,R,27.6,Longshot,Watch List,"Projected Lineup, Platoon Edge",6.9,23.5,34.3,40.2,80.0,34.5,No,Yes,9,Yes,Yes,RotoWire projected lineup; MLB probable pitchers,lineup projected / unconfirmed,H:2026/2025 P:2026/2025,,,Direct BvP not yet weighted; 2026/2025 Statcast baseline active,7,7,20,0,Contact streak: 7/20 over last 7 games,"platoon edge; pitcher baseline 6.4% barrel, 14.8 HR allowed",neutral batted-ball profile; pitcher fly-ball pressure modest,3.49,24.2,85.88,95.6852,0.3295,0.0943,0.2779,68.39,5.07,38.24,23.02,7.0,0.1121,6.36,34.66,86.91,0.3123,0.1156,25.74,,,Citizens Bank Park,
186,682668,Luisangel Acuna,CWS,CLE,2026-08-07T23:40:00Z,Scheduled,9,Parker Messick,800048,L,27.0,Longshot,Watch List,"Projected Lineup, Platoon Edge",15.1,18.7,27.6,40.2,78.0,14.1,No,Yes,9,Yes,Yes,RotoWire projected lineup; MLB probable pitchers,lineup projected / unconfirmed,H:2026/2025 P:2026/2025,,,Direct BvP not yet weighted; 2026/2025 Statcast baseline active,7,3,14,0,"Last 7 games: 3/14, 0 HR","platoon edge; pitcher baseline 5.2% barrel, 8.9 HR allowed",neutral batted-ball profile; pitcher fly-ball pressure modest,2.94,37.32,88.74,99.6362,0.3221,0.0707,0.2752,71.68,25.26,32.57,15.88,0.7,0.0372,5.17,31.76,87.54,0.3442,0.1149,20.98,,,Rate Field,
187,680716,Jonathan Ornelas,ATH,BOS,2026-08-07T23:10:00Z,Scheduled,9,Payton Tolle,801139,L,26.5,Longshot,Watch List,"Projected Lineup, Platoon Edge",3.4,30.8,28.7,40.2,78.0,19.5,No,Yes,9,Yes,Yes,RotoWire projected lineup; MLB probable pitchers,lineup projected / unconfirmed,H:2026/2025 P:2026/2025,,,Direct BvP not yet weighted; 2026/2025 Statcast baseline active,4,2,8,0,"Last 4 games: 2/8, 0 HR","platoon edge; pitcher baseline 6.8% barrel, 9.9 HR allowed",neutral batted-ball profile; pitcher fly-ball pressure modest,0.0,9.99,78.47,89.8987,0.0937,0.005,0.0996,72.02,29.82,75.01,0.0,0.0,0.0,6.82,36.34,88.08,0.363,0.1394,27.88,,,Fenway Park,
188,660844,Leo Rivas,SEA,TB,2026-08-08T01:45:00Z,Scheduled,8,Drew Rasmussen,656876,R,26.0,Longshot,Watch List,"Projected Lineup, Platoon Edge",5.2,29.0,25.4,47.9,75.0,0.0,No,Yes,8,Yes,Yes,RotoWire projected lineup; MLB probable pitchers,lineup projected / unconfirmed,H:2026/2025 P:2026/2025,,,Direct BvP not yet weighted; 2026/2025 Statcast baseline active,7,1,13,0,"Last 7 games: 1/13, 0 HR","switch hitter; pitcher baseline 6.8% barrel, 13.8 HR allowed",neutral batted-ball profile; pitcher fly-ball pressure modest,1.88,16.06,86.37,93.6572,0.2296,0.0693,0.2544,65.76,0.81,44.75,31.42,0.6,0.0547,6.79,36.44,88.64,0.3617,0.1299,23.24,,,T-Mobile Park,
189,805347,Jim Jarvis,ATL,NYY,2026-08-07T23:05:00Z,Scheduled,9,Max Fried,608331,L,23.9,Longshot,Watch List,Projected Lineup,15.2,9.3,38.2,40.2,50.0,14.6,No,Yes,9,Yes,Yes,RotoWire projected lineup; MLB probable pitchers,lineup projected / unconfirmed,H:2026 P:2026/2025,,,Direct BvP not yet weighted; 2026/2025 Statcast baseline active,7,5,23,0,"Last 7 games: 5/23, 0 HR","same-side matchup; pitcher baseline 3.1% barrel, 4.9 HR allowed",neutral batted-ball profile; pitcher fly-ball pressure modest,4.2,36.1,87.9,98.0942,0.331,0.08,0.282,70.9,11.5,26.4,20.8,1.0,0.12,3.12,32.51,86.36,0.2849,0.0802,22.74,,,Yankee Stadium,
