rank,hitter_id,player,team,opponent,game_start_time,game_status,batting_order,pitcher,pitcher_id,pitcher_hand,hr_score,tier,play_type,reason_tags,power_score,pitcher_score,environment_score,lineup_score,platoon_score,recent_form_score,confirmed_lineup,rotowire_confirmed_lineup,rotowire_batting_order,rotowire_player_found,lineup_disagreement,lineup_sources_used,source_warnings,stat_years_used,bvp_pa,bvp_hr,bvp_note,recent_games,recent_hits,recent_abs,recent_hr,recent_form_note,split_matchup_note,pitch_mix_note,barrel_pct,hard_hit_pct,avg_exit_velocity,ev50,xslg,xiso,xwoba,bat_speed,fast_swing_pct,pull_pct,fb_pct,hr_total,iso,pitcher_barrel_pct_allowed,pitcher_hard_hit_pct_allowed,pitcher_avg_exit_velocity_allowed,pitcher_xslg_allowed,pitcher_xiso_allowed,pitcher_fb_pct_allowed,wind_direction,weather_temp,ballpark,odds
1,670541,Yordan Alvarez,HOU,KC,2026-09-17T23:15:00Z,Scheduled,2,Seth Lugo,607625,R,65.6,Tier 3,Watch List,"Projected Lineup, Elite Power, Strong Barrel, Premium Lineup Spot, Platoon Edge",78.1,52.8,27.6,95.5,80.0,48.7,No,Yes,2,Yes,Yes,RotoWire projected lineup; MLB probable pitchers,lineup projected / unconfirmed,H:2026/2025 P:2026/2025,,,Direct BvP not yet weighted; 2026/2025 Statcast baseline active,7,5,25,2,Hot streak: 2 HR in last 7 games,"platoon edge; pitcher baseline 8.7% barrel, 21.4 HR allowed",lift-pull EV profile; pitcher fly-ball pressure modest,15.48,53.04,94.42,104.8084,0.6141,0.3056,0.4287,76.17,62.15,40.88,36.17,29.1,0.2459,8.72,43.38,90.0,0.459,0.1883,28.76,,,Daikin Park,
2,701538,Jackson Merrill,SD,COL,2026-09-17T19:10:00Z,Scheduled,5,Tanner Gordon,685299,R,62.4,Tier 3,Watch List,"Projected Lineup, Strong Barrel, Platoon Edge, Hot Hitter/Streak",54.9,61.7,38.7,81.9,80.0,100.0,No,Yes,5,Yes,Yes,RotoWire projected lineup; MLB probable pitchers,lineup projected / unconfirmed,H:2026/2025 P:2026/2025,,,Direct BvP not yet weighted; 2026/2025 Statcast baseline active,7,17,32,3,Hot streak: 3 HR in last 7 games,"platoon edge; pitcher baseline 10.7% barrel, 17.4 HR allowed",neutral batted-ball profile; pitcher allows elevated contact,12.79,47.17,90.96,101.1771,0.4928,0.2249,0.3484,72.95,28.03,37.14,30.48,22.3,0.1895,10.73,42.32,90.59,0.4838,0.2111,33.46,,,Coors Field,
3,682829,Elly De La Cruz,CIN,LAD,2026-09-17T16:40:00Z,Scheduled,2,Justin Wrobleski,680736,L,61.7,Tier 3,Watch List,"Projected Lineup, Strong Barrel, Premium Lineup Spot, Platoon Edge, Hot Hitter/Streak",60.9,46.4,39.3,95.5,75.0,88.9,No,Yes,2,Yes,Yes,RotoWire projected lineup; MLB probable pitchers,lineup projected / unconfirmed,H:2026/2025 P:2026/2025,,,Direct BvP not yet weighted; 2026/2025 Statcast baseline active,7,9,26,3,Hot streak: 3 HR in last 7 games,"switch hitter; pitcher baseline 8.1% barrel, 16.5 HR allowed",EV profile; pitcher fly-ball pressure modest,14.5,50.78,93.59,104.5661,0.48,0.2073,0.3591,75.59,55.31,34.75,24.61,25.5,0.2138,8.07,44.79,90.6,0.4234,0.1612,28.35,,,Great American Ball Park,
4,665487,Fernando Tatis,SD,COL,2026-09-17T19:10:00Z,Scheduled,1,Tanner Gordon,685299,R,61.2,Tier 3,Watch List,"Projected Lineup, Strong Barrel, Premium Lineup Spot, Hot Hitter/Streak",57.9,61.7,38.7,88.7,50.0,92.0,No,Yes,1,Yes,Yes,RotoWire projected lineup; MLB probable pitchers,lineup projected / unconfirmed,H:2026/2025 P:2026/2025,,,Direct BvP not yet weighted; 2026/2025 Statcast baseline active,7,11,30,3,Hot streak: 3 HR in last 7 games,"same-side matchup; pitcher baseline 10.7% barrel, 17.4 HR allowed",EV profile; pitcher allows elevated contact,12.19,53.41,93.16,104.5035,0.4943,0.2051,0.3756,75.65,58.12,35.01,22.22,23.6,0.1773,10.73,42.32,90.59,0.4838,0.2111,33.46,,,Coors Field,
5,665742,Juan Soto,NYM,PHI,2026-09-17T23:15:00Z,Scheduled,2,Aaron Nola,605400,R,60.2,Tier 3,Watch List,"Projected Lineup, Strong Barrel, Premium Lineup Spot, Platoon Edge",69.7,47.7,24.8,95.5,80.0,29.4,No,Yes,2,Yes,Yes,RotoWire projected lineup; MLB probable pitchers,lineup projected / unconfirmed,H:2026/2025 P:2026/2025,,,Direct BvP not yet weighted; 2026/2025 Statcast baseline active,7,6,31,1,"Last 7 games: 6/31, 1 HR","platoon edge; pitcher baseline 9.3% barrel, 29.2 HR allowed",lift-pull EV profile; pitcher fly-ball pressure modest,15.12,50.05,92.89,102.9944,0.5835,0.2923,0.4171,72.76,32.4,39.74,31.63,30.4,0.2529,9.31,41.27,88.77,0.4142,0.1724,27.46,,,Citi Field,
6,682985,Riley Greene,DET,CWS,2026-09-17T23:40:00Z,Scheduled,4,Erick Fedde,607200,R,59.3,Longshot,Watch List,"Projected Lineup, Strong Barrel, Premium Lineup Spot, Platoon Edge",62.6,48.1,27.6,90.4,80.0,61.4,No,Yes,4,Yes,Yes,RotoWire projected lineup; MLB probable pitchers,lineup projected / unconfirmed,H:2026/2025 P:2026/2025,,,Direct BvP not yet weighted; 2026/2025 Statcast baseline active,7,11,27,1,Contact streak: 11/27 over last 7 games,"platoon edge; pitcher baseline 8.1% barrel, 21.8 HR allowed",neutral batted-ball profile; pitcher fly-ball pressure modest,15.84,47.25,90.32,102.623,0.5029,0.2459,0.3614,75.6,57.87,38.91,33.66,24.8,0.2091,8.11,40.78,89.08,0.4477,0.186,29.4,,,Rate Field,
7,701398,Sal Stewart,CIN,LAD,2026-09-17T16:40:00Z,Scheduled,3,Justin Wrobleski,680736,L,58.7,Longshot,Watch List,"Projected Lineup, Strong Barrel, Premium Lineup Spot, Platoon Edge",59.1,48.2,39.3,92.1,78.0,37.6,No,Yes,3,Yes,Yes,RotoWire projected lineup; MLB probable pitchers,lineup projected / unconfirmed,H:2026/2025 P:2026/2025,,,Direct BvP not yet weighted; 2026/2025 Statcast baseline active,7,10,27,0,Contact streak: 10/27 over last 7 games,"platoon edge; pitcher baseline 8.1% barrel, 16.5 HR allowed",neutral batted-ball profile; pitcher fly-ball pressure modest,14.26,43.75,91.69,101.5114,0.5187,0.2519,0.3625,72.1,26.58,37.8,31.95,23.2,0.2298,8.07,44.79,90.6,0.4234,0.1612,28.35,,,Great American Ball Park,
8,691181,Emmanuel Rodriguez,MIN,LAA,2026-09-18T01:38:00Z,Scheduled,7,Walbert Ureña,700712,R,58.5,Longshot,Watch List,"Projected Lineup, Elite Power, Strong Barrel, Platoon Edge",96.3,20.4,28.2,59.8,80.0,39.8,No,Yes,7,Yes,Yes,RotoWire projected lineup; MLB probable pitchers,lineup projected / unconfirmed,H:2026 P:2026,,,Direct BvP not yet weighted; 2026/2025 Statcast baseline active,5,5,19,1,"Last 5 games: 5/19, 1 HR","platoon edge; pitcher baseline 5.6% barrel, 9.0 HR allowed",EV profile; pitcher fly-ball pressure modest,36.4,81.8,100.7,106.2458,0.821,0.474,0.488,76.9,75.0,27.3,45.5,1.0,0.4,5.6,36.4,87.3,0.317,0.109,22.5,,,Angel Stadium,
9,691406,Junior Caminero,TB,ATH,2026-09-17T17:10:00Z,Scheduled,3,Jeffrey Springs,605488,L,58.3,Longshot,Watch List,"Projected Lineup, Strong Barrel, Premium Lineup Spot, Platoon Edge",62.3,46.5,27.6,92.1,78.0,50.8,No,Yes,3,Yes,Yes,RotoWire projected lineup; MLB probable pitchers,lineup projected / unconfirmed,H:2026/2025 P:2026/2025,,,Direct BvP not yet weighted; 2026/2025 Statcast baseline active,7,6,28,2,Hot streak: 2 HR in last 7 games,"platoon edge; pitcher baseline 8.9% barrel, 31.5 HR allowed",EV profile; pitcher allows elevated contact,13.37,50.42,92.68,105.0955,0.4996,0.2327,0.3586,79.27,83.99,45.17,23.7,42.2,0.2605,8.94,35.69,87.74,0.4429,0.1918,32.02,,,Tropicana Field,
10,608369,Corey Seager,TEX,BOS,2026-09-18T00:05:00Z,Scheduled,2,Sonny Gray,543243,R,57.7,Longshot,Watch List,"Projected Lineup, Strong Barrel, Premium Lineup Spot, Platoon Edge",62.1,38.6,27.6,95.5,80.0,65.2,No,Yes,2,Yes,Yes,RotoWire projected lineup; MLB probable pitchers,lineup projected / unconfirmed,H:2026/2025 P:2026/2025,,,Direct BvP not yet weighted; 2026/2025 Statcast baseline active,7,9,29,2,Hot streak: 2 HR in last 7 games,"platoon edge; pitcher baseline 7.7% barrel, 18.0 HR allowed",lift-pull EV profile; pitcher fly-ball pressure modest,14.88,49.96,92.06,102.6011,0.5074,0.2469,0.3657,71.8,15.16,40.57,31.27,18.9,0.2076,7.7,39.37,89.18,0.3936,0.1439,22.85,,,Globe Life Field,
11,656941,Kyle Schwarber,PHI,NYM,2026-09-17T23:15:00Z,Scheduled,1,Nolan McLean,690997,R,57.4,Longshot,Watch List,"Projected Lineup, Elite Power, Strong Barrel, Premium Lineup Spot, Platoon Edge",75.2,30.2,24.8,88.7,80.0,40.1,No,Yes,1,Yes,Yes,RotoWire projected lineup; MLB probable pitchers,lineup projected / unconfirmed,H:2026/2025 P:2026/2025,,,Direct BvP not yet weighted; 2026/2025 Statcast baseline active,7,4,28,2,Hot streak: 2 HR in last 7 games,"platoon edge; pitcher baseline 7.2% barrel, 13.1 HR allowed",lift-pull EV profile; pitcher fly-ball pressure modest,17.79,52.67,92.97,104.1521,0.5243,0.2826,0.3765,77.16,75.42,54.49,33.11,48.3,0.295,7.16,38.22,88.38,0.3478,0.1246,21.35,,,Citi Field,
12,665833,Oneil Cruz,PIT,MIL,2026-09-17T16:35:00Z,Scheduled,4,Kyle Harrison,690986,L,57.1,Longshot,Watch List,"Projected Lineup, Strong Barrel, Premium Lineup Spot",69.7,41.5,24.3,90.4,50.0,66.7,No,Yes,4,Yes,Yes,RotoWire projected lineup; MLB probable pitchers,lineup projected / unconfirmed,H:2026/2025 P:2026/2025,,,Direct BvP not yet weighted; 2026/2025 Statcast baseline active,7,8,25,2,Hot streak: 2 HR in last 7 games,"same-side matchup; pitcher baseline 8.1% barrel, 15.2 HR allowed",EV profile; pitcher fly-ball pressure modest,16.74,55.41,95.1,106.5841,0.4607,0.2203,0.345,78.24,75.96,40.02,23.17,18.6,0.1948,8.06,39.55,89.58,0.394,0.1511,28.09,,,PNC Park,
13,592518,Manny Machado,SD,COL,2026-09-17T19:10:00Z,Scheduled,3,Tanner Gordon,685299,R,56.2,Longshot,Watch List,"Projected Lineup, Strong Barrel, Premium Lineup Spot",49.0,61.7,38.7,92.1,50.0,39.4,No,Yes,3,Yes,Yes,RotoWire projected lineup; MLB probable pitchers,lineup projected / unconfirmed,H:2026/2025 P:2026/2025,,,Direct BvP not yet weighted; 2026/2025 Statcast baseline active,7,4,29,2,Hot streak: 2 HR in last 7 games,"same-side matchup; pitcher baseline 10.7% barrel, 17.4 HR allowed",neutral batted-ball profile; pitcher allows elevated contact,10.87,46.39,91.15,101.8795,0.4481,0.1939,0.3407,74.64,44.79,39.45,28.64,27.7,0.1913,10.73,42.32,90.59,0.4838,0.2111,33.46,,,Coors Field,
14,804668,Rafael Flores,PIT,MIL,2026-09-17T16:35:00Z,Scheduled,5,Kyle Harrison,690986,L,55.1,Longshot,Watch List,"Projected Lineup, Strong Barrel, Platoon Edge",60.6,41.5,24.3,81.9,78.0,60.3,No,Yes,5,Yes,Yes,RotoWire projected lineup; MLB probable pitchers,lineup projected / unconfirmed,H:2026/2025 P:2026/2025,,,Direct BvP not yet weighted; 2026/2025 Statcast baseline active,7,10,25,1,Contact streak: 10/25 over last 7 games,"platoon edge; pitcher baseline 8.1% barrel, 15.2 HR allowed",fly-ball profile; pitcher fly-ball pressure modest,12.92,52.07,91.65,102.2791,0.4867,0.2346,0.3456,73.82,39.39,39.14,37.92,5.6,0.203,8.06,39.55,89.58,0.394,0.1511,28.09,,,PNC Park,
15,695600,Carter Jensen,KC,HOU,2026-09-17T23:15:00Z,Scheduled,1,,,,55.0,Longshot,Watch List,"Projected Lineup, Strong Barrel, Premium Lineup Spot",61.0,41.2,27.6,88.7,60.0,60.7,No,Yes,1,Yes,Yes,RotoWire projected lineup; MLB probable pitchers,lineup projected / unconfirmed,H:2026/2025 P:,,,Direct BvP not yet weighted; 2026/2025 Statcast baseline active,7,7,25,2,Hot streak: 2 HR in last 7 games,"handedness incomplete; pitcher baseline 0.0% barrel, 0.0 HR allowed",lift-pull EV profile; pitcher fly-ball pressure modest,14.78,48.99,92.53,103.0853,0.4769,0.2256,0.3532,74.1,38.8,41.07,31.33,17.7,0.229,,,,,,,,,Daikin Park,
16,545361,Mike Trout,LAA,MIN,2026-09-18T01:38:00Z,Scheduled,2,Taj Bradley,671737,R,54.8,Longshot,Watch List,"Projected Lineup, Strong Barrel, Premium Lineup Spot",59.6,48.1,28.2,95.5,50.0,30.3,No,Yes,2,Yes,Yes,RotoWire projected lineup; MLB probable pitchers,lineup projected / unconfirmed,H:2026/2025 P:2026/2025,,,Direct BvP not yet weighted; 2026/2025 Statcast baseline active,7,4,20,1,"Last 7 games: 4/20, 1 HR","same-side matchup; pitcher baseline 8.7% barrel, 21.8 HR allowed",neutral batted-ball profile; pitcher fly-ball pressure modest,15.73,46.57,90.27,102.8668,0.4817,0.2348,0.3713,74.56,46.93,35.6,31.21,22.5,0.1909,8.73,43.61,90.39,0.3885,0.1592,29.12,,,Angel Stadium,
17,669257,Will Smith,LAD,CIN,2026-09-17T16:40:00Z,Scheduled,3,Brady Singer,663903,R,54.7,Longshot,Watch List,"Projected Lineup, Strong Barrel, Premium Lineup Spot",49.3,54.3,39.3,92.1,50.0,41.2,No,Yes,3,Yes,Yes,RotoWire projected lineup; MLB probable pitchers,lineup projected / unconfirmed,H:2026/2025 P:2026/2025,,,Direct BvP not yet weighted; 2026/2025 Statcast baseline active,7,6,22,1,"Last 7 games: 6/22, 1 HR","same-side matchup; pitcher baseline 9.8% barrel, 26.7 HR allowed",fly-ball profile; pitcher fly-ball pressure modest,12.2,41.78,89.76,100.1429,0.4848,0.2165,0.3773,69.84,6.59,30.95,39.08,10.0,0.1576,9.82,42.1,90.79,0.4454,0.18,26.86,,,Great American Ball Park,
18,663886,Tyler Stephenson,CIN,LAD,2026-09-17T16:40:00Z,Scheduled,4,Justin Wrobleski,680736,L,54.5,Longshot,Watch List,"Projected Lineup, Strong Barrel, Premium Lineup Spot, Platoon Edge",49.9,48.2,39.3,90.4,78.0,17.3,No,Yes,4,Yes,Yes,RotoWire projected lineup; MLB probable pitchers,lineup projected / unconfirmed,H:2026/2025 P:2026/2025,,,Direct BvP not yet weighted; 2026/2025 Statcast baseline active,7,4,17,0,"Last 7 games: 4/17, 0 HR","platoon edge; pitcher baseline 8.1% barrel, 16.5 HR allowed",neutral batted-ball profile; pitcher fly-ball pressure modest,13.1,45.84,90.85,100.4241,0.4284,0.1977,0.3243,70.38,6.65,36.94,33.5,14.4,0.1781,8.07,44.79,90.6,0.4234,0.1612,28.35,,,Great American Ball Park,
19,606192,Teoscar Hernandez,LAD,CIN,2026-09-17T16:40:00Z,Scheduled,5,Brady Singer,663903,R,53.5,Longshot,Watch List,"Projected Lineup, Strong Barrel",46.8,54.3,39.3,81.9,50.0,64.3,No,Yes,5,Yes,Yes,RotoWire projected lineup; MLB probable pitchers,lineup projected / unconfirmed,H:2026/2025 P:2026/2025,,,Direct BvP not yet weighted; 2026/2025 Statcast baseline active,7,7,23,2,Hot streak: 2 HR in last 7 games,"same-side matchup; pitcher baseline 9.8% barrel, 26.7 HR allowed",neutral batted-ball profile; pitcher fly-ball pressure modest,11.15,45.61,90.41,101.6946,0.4462,0.1906,0.3324,72.62,26.46,35.34,28.89,18.0,0.1776,9.82,42.1,90.79,0.4454,0.18,26.86,,,Great American Ball Park,
20,664034,Ty France,SD,COL,2026-09-17T19:10:00Z,Scheduled,4,Tanner Gordon,685299,R,53.5,Longshot,Watch List,"Projected Lineup, Premium Lineup Spot",43.0,61.7,38.7,90.4,50.0,30.2,No,Yes,4,Yes,Yes,RotoWire projected lineup; MLB probable pitchers,lineup projected / unconfirmed,H:2026/2025 P:2026/2025,,,Direct BvP not yet weighted; 2026/2025 Statcast baseline active,7,9,28,0,Contact streak: 9/28 over last 7 games,"same-side matchup; pitcher baseline 10.7% barrel, 17.4 HR allowed",neutral batted-ball profile; pitcher allows elevated contact,9.17,47.56,91.25,101.105,0.4313,0.1751,0.3329,71.77,19.88,35.59,25.53,16.1,0.1807,10.73,42.32,90.59,0.4838,0.2111,33.46,,,Coors Field,
21,641343,Jake Bauers,MIL,PIT,2026-09-17T16:35:00Z,Scheduled,3,Wilber Dotel,696062,R,53.2,Longshot,Watch List,"Projected Lineup, Strong Barrel, Premium Lineup Spot, Platoon Edge",60.5,27.6,24.3,92.1,80.0,57.8,No,Yes,3,Yes,Yes,RotoWire projected lineup; MLB probable pitchers,lineup projected / unconfirmed,H:2026/2025 P:2026,,,Direct BvP not yet weighted; 2026/2025 Statcast baseline active,7,6,23,2,Hot streak: 2 HR in last 7 games,"platoon edge; pitcher baseline 3.0% barrel, 2.0 HR allowed",lift-pull EV profile; pitcher fly-ball pressure modest,13.77,50.5,92.12,103.0259,0.4738,0.2216,0.3715,76.5,69.58,40.55,30.47,20.3,0.2081,3.0,46.0,90.7,0.355,0.106,27.0,,,PNC Park,
22,553993,Eugenio Suarez,CIN,LAD,2026-09-17T16:40:00Z,Scheduled,5,Justin Wrobleski,680736,L,53.2,Longshot,Watch List,"Projected Lineup, Strong Barrel, Platoon Edge",44.2,48.2,39.3,81.9,78.0,52.8,No,Yes,5,Yes,Yes,RotoWire projected lineup; MLB probable pitchers,lineup projected / unconfirmed,H:2026/2025 P:2026/2025,,,Direct BvP not yet weighted; 2026/2025 Statcast baseline active,7,5,22,2,Hot streak: 2 HR in last 7 games,"platoon edge; pitcher baseline 8.1% barrel, 16.5 HR allowed",neutral batted-ball profile; pitcher fly-ball pressure modest,12.76,39.27,88.94,100.0005,0.3958,0.1932,0.3032,72.16,23.42,46.98,34.74,31.5,0.2427,8.07,44.79,90.6,0.4234,0.1612,28.35,,,Great American Ball Park,
23,677951,Bobby Witt,KC,HOU,2026-09-17T23:15:00Z,Scheduled,2,,,,53.0,Longshot,Watch List,"Projected Lineup, Strong Barrel, Premium Lineup Spot",56.7,41.2,27.6,95.5,60.0,29.2,No,Yes,2,Yes,Yes,RotoWire projected lineup; MLB probable pitchers,lineup projected / unconfirmed,H:2026/2025 P:,,,Direct BvP not yet weighted; 2026/2025 Statcast baseline active,7,5,26,1,"Last 7 games: 5/26, 1 HR","handedness incomplete; pitcher baseline 0.0% barrel, 0.0 HR allowed",EV profile; pitcher fly-ball pressure modest,12.08,50.04,92.67,103.4987,0.5087,0.2122,0.3762,73.95,42.51,30.8,27.48,19.5,0.1787,,,,,,,,,Daikin Park,
24,545341,Randal Grichuk,CWS,DET,2026-09-17T23:40:00Z,Scheduled,2,Framber Valdez,664285,L,53.0,Longshot,Watch List,"Projected Lineup, Strong Barrel, Premium Lineup Spot, Platoon Edge",51.6,34.5,27.6,95.5,78.0,62.8,No,Yes,2,Yes,Yes,RotoWire projected lineup; MLB probable pitchers,lineup projected / unconfirmed,H:2026/2025 P:2026/2025,,,Direct BvP not yet weighted; 2026/2025 Statcast baseline active,7,10,24,1,Contact streak: 10/24 over last 7 games,"platoon edge; pitcher baseline 5.9% barrel, 15.0 HR allowed",neutral batted-ball profile; pitcher fly-ball pressure modest,11.07,49.29,91.84,103.1485,0.4661,0.1907,0.3316,74.32,44.92,44.96,29.06,11.8,0.2437,5.93,43.22,90.17,0.384,0.129,18.04,,,Rate Field,
25,596019,Francisco Lindor,NYM,PHI,2026-09-17T23:15:00Z,Scheduled,1,Aaron Nola,605400,R,52.5,Longshot,Watch List,"Projected Lineup, Premium Lineup Spot, Platoon Edge, Hot Hitter/Streak",45.0,46.9,24.8,88.7,75.0,70.9,No,Yes,1,Yes,Yes,RotoWire projected lineup; MLB probable pitchers,lineup projected / unconfirmed,H:2026/2025 P:2026/2025,,,Direct BvP not yet weighted; 2026/2025 Statcast baseline active,7,7,31,3,Hot streak: 3 HR in last 7 games,"switch hitter; pitcher baseline 9.3% barrel, 29.2 HR allowed",neutral batted-ball profile; pitcher fly-ball pressure modest,9.04,46.36,90.85,100.3244,0.4372,0.194,0.3338,72.16,23.86,44.97,32.54,23.3,0.2067,9.31,41.27,88.77,0.4142,0.1724,27.46,,,Citi Field,
26,518692,Freddie Freeman,LAD,CIN,2026-09-17T16:40:00Z,Scheduled,4,Brady Singer,663903,R,51.9,Longshot,Watch List,"Projected Lineup, Premium Lineup Spot, Platoon Edge",39.4,54.3,39.3,90.4,80.0,2.7,No,Yes,4,Yes,Yes,RotoWire projected lineup; MLB probable pitchers,lineup projected / unconfirmed,H:2026/2025 P:2026/2025,,,Direct BvP not yet weighted; 2026/2025 Statcast baseline active,7,4,29,0,"Last 7 games: 4/29, 0 HR","platoon edge; pitcher baseline 9.8% barrel, 26.7 HR allowed",neutral batted-ball profile; pitcher fly-ball pressure modest,8.72,42.27,89.85,100.1484,0.4698,0.1839,0.3626,70.08,7.98,36.54,26.86,18.4,0.1685,9.82,42.1,90.79,0.4454,0.18,26.86,,,Great American Ball Park,
27,701350,Roman Anthony,BOS,TEX,2026-09-18T00:05:00Z,Scheduled,1,,,,51.8,Longshot,Watch List,"Projected Lineup, Strong Barrel, Premium Lineup Spot",55.9,41.2,27.6,88.7,60.0,30.3,No,Yes,1,Yes,Yes,RotoWire projected lineup; MLB probable pitchers,lineup projected / unconfirmed,H:2026/2025 P:,,,Direct BvP not yet weighted; 2026/2025 Statcast baseline active,7,6,30,1,"Last 7 games: 6/30, 1 HR","handedness incomplete; pitcher baseline 0.0% barrel, 0.0 HR allowed",EV profile; pitcher fly-ball pressure modest,12.94,52.53,92.96,102.931,0.449,0.1861,0.3559,75.42,53.86,39.93,23.84,5.2,0.143,,,,,,,,,Globe Life Field,
28,575929,Willson Contreras,BOS,TEX,2026-09-18T00:05:00Z,Scheduled,4,,,,51.8,Longshot,Watch List,"Projected Lineup, Strong Barrel, Premium Lineup Spot",55.8,41.2,27.6,90.4,60.0,26.4,No,Yes,4,Yes,Yes,RotoWire projected lineup; MLB probable pitchers,lineup projected / unconfirmed,H:2026/2025 P:,,,Direct BvP not yet weighted; 2026/2025 Statcast baseline active,7,4,23,1,"Last 7 games: 4/23, 1 HR","handedness incomplete; pitcher baseline 0.0% barrel, 0.0 HR allowed",neutral batted-ball profile; pitcher fly-ball pressure modest,13.48,45.57,90.04,102.6844,0.4831,0.2282,0.3685,76.7,68.24,45.96,28.42,24.2,0.2243,,,,,,,,,Globe Life Field,
29,677800,Wilyer Abreu,BOS,TEX,2026-09-18T00:05:00Z,Scheduled,3,,,,51.7,Longshot,Watch List,"Projected Lineup, Strong Barrel, Premium Lineup Spot",53.5,41.2,27.6,92.1,60.0,34.9,No,Yes,3,Yes,Yes,RotoWire projected lineup; MLB probable pitchers,lineup projected / unconfirmed,H:2026/2025 P:,,,Direct BvP not yet weighted; 2026/2025 Statcast baseline active,7,6,26,1,"Last 7 games: 6/26, 1 HR","handedness incomplete; pitcher baseline 0.0% barrel, 0.0 HR allowed",fly-ball profile; pitcher fly-ball pressure modest,12.51,44.13,90.17,101.3726,0.4757,0.2236,0.3455,73.89,38.31,37.97,37.38,23.4,0.2122,,,,,,,,,Globe Life Field,
30,664040,Brandon Lowe,PIT,MIL,2026-09-17T16:35:00Z,Scheduled,2,Kyle Harrison,690986,L,51.5,Longshot,Watch List,"Projected Lineup, Strong Barrel, Premium Lineup Spot, Hot Hitter/Streak",50.1,41.5,24.3,95.5,50.0,70.6,No,Yes,2,Yes,Yes,RotoWire projected lineup; MLB probable pitchers,lineup projected / unconfirmed,H:2026/2025 P:2026/2025,,,Direct BvP not yet weighted; 2026/2025 Statcast baseline active,7,9,26,2,Hot streak: 2 HR in last 7 games,"same-side matchup; pitcher baseline 8.1% barrel, 15.2 HR allowed",neutral batted-ball profile; pitcher fly-ball pressure modest,11.88,45.41,90.96,101.3609,0.4388,0.1977,0.3252,73.66,40.16,46.44,32.71,30.3,0.2203,8.06,39.55,89.58,0.394,0.1511,28.09,,,PNC Park,
31,687263,Zach Neto,LAA,MIN,2026-09-18T01:38:00Z,Scheduled,1,Taj Bradley,671737,R,51.3,Longshot,Watch List,"Projected Lineup, Strong Barrel, Premium Lineup Spot",48.0,48.1,28.2,88.7,50.0,54.7,No,Yes,1,Yes,Yes,RotoWire projected lineup; MLB probable pitchers,lineup projected / unconfirmed,H:2026/2025 P:2026/2025,,,Direct BvP not yet weighted; 2026/2025 Statcast baseline active,7,6,25,2,Hot streak: 2 HR in last 7 games,"same-side matchup; pitcher baseline 8.7% barrel, 21.8 HR allowed",neutral batted-ball profile; pitcher fly-ball pressure modest,12.25,42.47,90.02,100.2897,0.4348,0.2097,0.3202,71.4,15.16,47.48,34.26,26.0,0.2058,8.73,43.61,90.39,0.3885,0.1592,29.12,,,Angel Stadium,
32,668723,Ryan Vilade,TB,ATH,2026-09-17T17:10:00Z,Scheduled,2,Jeffrey Springs,605488,L,51.0,Longshot,Watch List,"Projected Lineup, Premium Lineup Spot, Platoon Edge",45.5,46.5,27.6,95.5,78.0,5.1,No,Yes,2,Yes,Yes,RotoWire projected lineup; MLB probable pitchers,lineup projected / unconfirmed,H:2026/2025 P:2026/2025,,,Direct BvP not yet weighted; 2026/2025 Statcast baseline active,7,2,13,0,"Last 7 games: 2/13, 0 HR","platoon edge; pitcher baseline 8.9% barrel, 31.5 HR allowed",neutral batted-ball profile; pitcher allows elevated contact,8.93,50.43,91.77,102.6723,0.4103,0.1667,0.3216,75.84,57.93,24.36,24.68,7.7,0.147,8.94,35.69,87.74,0.4429,0.1918,32.02,,,Tropicana Field,
33,678246,Miguel Vargas,CWS,DET,2026-09-17T23:40:00Z,Scheduled,3,Framber Valdez,664285,L,51.0,Longshot,Watch List,"Projected Lineup, Strong Barrel, Premium Lineup Spot, Platoon Edge",51.0,34.5,27.6,92.1,78.0,37.8,No,Yes,3,Yes,Yes,RotoWire projected lineup; MLB probable pitchers,lineup projected / unconfirmed,H:2026/2025 P:2026/2025,,,Direct BvP not yet weighted; 2026/2025 Statcast baseline active,7,7,28,1,"Last 7 games: 7/28, 1 HR","platoon edge; pitcher baseline 5.9% barrel, 15.0 HR allowed",fly-ball profile; pitcher fly-ball pressure modest,12.2,43.09,89.98,100.1996,0.4749,0.2179,0.3617,72.91,33.23,44.14,35.24,26.5,0.2083,5.93,43.22,90.17,0.384,0.129,18.04,,,Rate Field,
34,605141,Mookie Betts,LAD,CIN,2026-09-17T16:40:00Z,Scheduled,2,Brady Singer,663903,R,50.9,Longshot,Watch List,"Projected Lineup, Premium Lineup Spot",32.5,54.3,39.3,95.5,50.0,66.9,No,Yes,2,Yes,Yes,RotoWire projected lineup; MLB probable pitchers,lineup projected / unconfirmed,H:2026/2025 P:2026/2025,,,Direct BvP not yet weighted; 2026/2025 Statcast baseline active,7,9,28,2,Hot streak: 2 HR in last 7 games,"same-side matchup; pitcher baseline 9.8% barrel, 26.7 HR allowed",neutral batted-ball profile; pitcher fly-ball pressure modest,7.11,37.34,89.87,98.4326,0.4255,0.1546,0.3314,69.46,8.53,40.38,33.52,20.0,0.1718,9.82,42.1,90.79,0.4454,0.18,26.86,,,Great American Ball Park,
35,669127,Shea Langeliers,ATH,TB,2026-09-17T17:10:00Z,Scheduled,3,Drew Rasmussen,656876,R,50.3,Longshot,Watch List,"Projected Lineup, Strong Barrel, Premium Lineup Spot",57.8,29.6,27.6,92.1,50.0,52.5,No,Yes,3,Yes,Yes,RotoWire projected lineup; MLB probable pitchers,lineup projected / unconfirmed,H:2026/2025 P:2026/2025,,,Direct BvP not yet weighted; 2026/2025 Statcast baseline active,7,8,23,1,Contact streak: 8/23 over last 7 games,"same-side matchup; pitcher baseline 6.1% barrel, 15.2 HR allowed",neutral batted-ball profile; pitcher fly-ball pressure modest,13.61,45.32,91.46,102.5913,0.4997,0.234,0.3542,74.78,49.1,40.23,30.12,25.4,0.2383,6.09,37.35,88.99,0.3575,0.1257,23.17,,,Tropicana Field,
36,663656,Kyle Tucker,LAD,CIN,2026-09-17T16:40:00Z,Scheduled,7,Brady Singer,663903,R,50.2,Longshot,Watch List,"Projected Lineup, Platoon Edge, Hot Hitter/Streak",34.3,54.3,39.3,59.8,80.0,87.0,No,Yes,7,Yes,Yes,RotoWire projected lineup; MLB probable pitchers,lineup projected / unconfirmed,H:2026/2025 P:2026/2025,,,Direct BvP not yet weighted; 2026/2025 Statcast baseline active,7,8,24,3,Hot streak: 3 HR in last 7 games,"platoon edge; pitcher baseline 9.8% barrel, 26.7 HR allowed",neutral batted-ball profile; pitcher fly-ball pressure modest,7.79,37.95,89.19,98.822,0.4179,0.1598,0.3433,71.58,20.66,43.17,33.75,17.1,0.163,9.82,42.1,90.79,0.4454,0.18,26.86,,,Great American Ball Park,
37,663330,Jahmai Jones,BOS,TEX,2026-09-18T00:05:00Z,Scheduled,2,,,,50.0,Longshot,Watch List,"Projected Lineup, Strong Barrel, Premium Lineup Spot",51.6,41.2,27.6,95.5,60.0,3.4,No,Yes,2,Yes,Yes,RotoWire projected lineup; MLB probable pitchers,lineup projected / unconfirmed,H:2026/2025 P:,,,Direct BvP not yet weighted; 2026/2025 Statcast baseline active,7,2,14,0,"Last 7 games: 2/14, 0 HR","handedness incomplete; pitcher baseline 0.0% barrel, 0.0 HR allowed",neutral batted-ball profile; pitcher fly-ball pressure modest,11.09,49.12,91.57,102.6826,0.4602,0.2094,0.3507,73.53,36.12,51.02,27.08,5.6,0.1944,,,,,,,,,Globe Life Field,
38,668804,Bryan Reynolds,PIT,MIL,2026-09-17T16:35:00Z,Scheduled,3,Kyle Harrison,690986,L,49.9,Longshot,Watch List,"Projected Lineup, Strong Barrel, Premium Lineup Spot, Platoon Edge",48.4,39.8,24.3,92.1,75.0,21.8,No,Yes,3,Yes,Yes,RotoWire projected lineup; MLB probable pitchers,lineup projected / unconfirmed,H:2026/2025 P:2026/2025,,,Direct BvP not yet weighted; 2026/2025 Statcast baseline active,7,4,28,1,"Last 7 games: 4/28, 1 HR","switch hitter; pitcher baseline 8.1% barrel, 15.2 HR allowed",neutral batted-ball profile; pitcher fly-ball pressure modest,11.22,47.68,91.13,101.9905,0.4498,0.1932,0.352,72.62,27.95,39.59,26.16,16.7,0.1605,8.06,39.55,89.58,0.394,0.1511,28.09,,,PNC Park,
39,547180,Bryce Harper,PHI,NYM,2026-09-17T23:15:00Z,Scheduled,3,Nolan McLean,690997,R,49.9,Longshot,Watch List,"Projected Lineup, Strong Barrel, Premium Lineup Spot, Platoon Edge",51.3,30.2,24.8,92.1,80.0,37.8,No,Yes,3,Yes,Yes,RotoWire projected lineup; MLB probable pitchers,lineup projected / unconfirmed,H:2026/2025 P:2026/2025,,,Direct BvP not yet weighted; 2026/2025 Statcast baseline active,7,7,28,1,"Last 7 games: 7/28, 1 HR","platoon edge; pitcher baseline 7.2% barrel, 13.1 HR allowed",neutral batted-ball profile; pitcher fly-ball pressure modest,11.32,45.26,90.67,101.8517,0.4941,0.2212,0.3813,74.1,45.01,38.75,27.03,27.7,0.2267,7.16,38.22,88.38,0.3478,0.1246,21.35,,,Citi Field,
40,694208,Moises Ballesteros,LAA,MIN,2026-09-18T01:38:00Z,Scheduled,5,Taj Bradley,671737,R,49.7,Longshot,Watch List,"Projected Lineup, Platoon Edge, Hot Hitter/Streak",34.0,48.1,28.2,81.9,80.0,81.7,No,Yes,5,Yes,Yes,RotoWire projected lineup; MLB probable pitchers,lineup projected / unconfirmed,H:2026/2025 P:2026/2025,,,Direct BvP not yet weighted; 2026/2025 Statcast baseline active,7,9,19,2,Hot streak: 2 HR in last 7 games,"platoon edge; pitcher baseline 8.7% barrel, 21.8 HR allowed",neutral batted-ball profile; pitcher fly-ball pressure modest,8.24,42.68,90.08,100.7987,0.3839,0.1457,0.306,72.36,29.3,34.85,21.0,6.9,0.1452,8.73,43.61,90.39,0.3885,0.1592,29.12,,,Angel Stadium,
41,690993,Colt Keith,DET,CWS,2026-09-17T23:40:00Z,Scheduled,3,Erick Fedde,607200,R,49.5,Longshot,Watch List,"Projected Lineup, Premium Lineup Spot, Platoon Edge",36.1,48.1,27.6,92.1,80.0,35.6,No,Yes,3,Yes,Yes,RotoWire projected lineup; MLB probable pitchers,lineup projected / unconfirmed,H:2026/2025 P:2026/2025,,,Direct BvP not yet weighted; 2026/2025 Statcast baseline active,7,4,17,1,"Last 7 games: 4/17, 1 HR","platoon edge; pitcher baseline 8.1% barrel, 21.8 HR allowed",neutral batted-ball profile; pitcher fly-ball pressure modest,8.15,42.93,89.23,100.3346,0.4328,0.1625,0.3368,71.61,16.9,37.45,26.09,10.9,0.1486,8.11,40.78,89.08,0.4477,0.186,29.4,,,Rate Field,
42,676724,Jared Young,NYM,PHI,2026-09-17T23:15:00Z,Scheduled,5,Aaron Nola,605400,R,49.3,Longshot,Watch List,"Projected Lineup, Platoon Edge",40.3,47.7,24.8,81.9,80.0,44.1,No,Yes,5,Yes,Yes,RotoWire projected lineup; MLB probable pitchers,lineup projected / unconfirmed,H:2026/2025 P:2026/2025,,,Direct BvP not yet weighted; 2026/2025 Statcast baseline active,7,7,24,1,"Last 7 games: 7/24, 1 HR","platoon edge; pitcher baseline 9.3% barrel, 29.2 HR allowed",neutral batted-ball profile; pitcher fly-ball pressure modest,9.75,44.34,88.52,100.8652,0.4161,0.1815,0.3121,73.37,33.04,41.47,26.81,7.5,0.2061,9.31,41.27,88.77,0.4142,0.1724,27.46,,,Citi Field,
43,805808,Kevin McGonigle,DET,CWS,2026-09-17T23:40:00Z,Scheduled,1,Erick Fedde,607200,R,48.7,Longshot,Watch List,"Projected Lineup, Premium Lineup Spot, Platoon Edge",33.7,48.1,27.6,88.7,80.0,44.8,No,Yes,1,Yes,Yes,RotoWire projected lineup; MLB probable pitchers,lineup projected / unconfirmed,H:2026 P:2026/2025,,,Direct BvP not yet weighted; 2026/2025 Statcast baseline active,7,8,27,1,"Last 7 games: 8/27, 1 HR","platoon edge; pitcher baseline 8.1% barrel, 21.8 HR allowed",fly-ball profile; pitcher fly-ball pressure modest,7.2,37.1,87.9,98.3865,0.442,0.178,0.356,71.3,16.1,37.5,35.8,17.0,0.151,8.11,40.78,89.08,0.4477,0.186,29.4,,,Rate Field,
44,669394,Jake Burger,TEX,BOS,2026-09-18T00:05:00Z,Scheduled,4,Sonny Gray,543243,R,48.7,Longshot,Watch List,"Projected Lineup, Strong Barrel, Premium Lineup Spot",51.2,38.6,27.6,90.4,50.0,25.3,No,Yes,4,Yes,Yes,RotoWire projected lineup; MLB probable pitchers,lineup projected / unconfirmed,H:2026/2025 P:2026/2025,,,Direct BvP not yet weighted; 2026/2025 Statcast baseline active,7,4,24,1,"Last 7 games: 4/24, 1 HR","same-side matchup; pitcher baseline 7.7% barrel, 18.0 HR allowed",neutral batted-ball profile; pitcher fly-ball pressure modest,12.64,46.75,90.12,102.7076,0.4374,0.2019,0.3177,75.44,58.35,41.04,28.32,23.0,0.1893,7.7,39.37,89.18,0.3936,0.1439,22.85,,,Globe Life Field,
45,607043,Brandon Nimmo,TEX,BOS,2026-09-18T00:05:00Z,Scheduled,5,Sonny Gray,543243,R,48.7,Longshot,Watch List,"Projected Lineup, Platoon Edge",46.5,38.6,27.6,81.9,80.0,26.4,No,Yes,5,Yes,Yes,RotoWire projected lineup; MLB probable pitchers,lineup projected / unconfirmed,H:2026/2025 P:2026/2025,,,Direct BvP not yet weighted; 2026/2025 Statcast baseline active,7,8,27,0,"Last 7 games: 8/27, 0 HR","platoon edge; pitcher baseline 7.7% barrel, 18.0 HR allowed",EV profile; pitcher fly-ball pressure modest,9.22,50.9,92.11,102.0891,0.4435,0.1775,0.3385,72.34,27.67,33.31,25.91,17.3,0.1572,7.7,39.37,89.18,0.3936,0.1439,22.85,,,Globe Life Field,
46,650490,Yandy Diaz,TB,ATH,2026-09-17T17:10:00Z,Scheduled,1,Jeffrey Springs,605488,L,48.6,Longshot,Watch List,"Projected Lineup, Premium Lineup Spot, Platoon Edge",41.5,46.5,27.6,88.7,78.0,2.7,No,Yes,1,Yes,Yes,RotoWire projected lineup; MLB probable pitchers,lineup projected / unconfirmed,H:2026/2025 P:2026/2025,,,Direct BvP not yet weighted; 2026/2025 Statcast baseline active,7,4,29,0,"Last 7 games: 4/29, 0 HR","platoon edge; pitcher baseline 8.9% barrel, 31.5 HR allowed",neutral batted-ball profile; pitcher allows elevated contact,7.46,49.7,91.67,103.2977,0.4488,0.1642,0.3505,73.57,37.58,23.6,19.51,22.9,0.1673,8.94,35.69,87.74,0.4429,0.1918,32.02,,,Tropicana Field,
47,694192,Jackson Chourio,MIL,PIT,2026-09-17T16:35:00Z,Scheduled,2,Wilber Dotel,696062,R,48.5,Longshot,Watch List,"Projected Lineup, Strong Barrel, Premium Lineup Spot, Hot Hitter/Streak",49.8,27.6,24.3,95.5,50.0,77.8,No,Yes,2,Yes,Yes,RotoWire projected lineup; MLB probable pitchers,lineup projected / unconfirmed,H:2026/2025 P:2026,,,Direct BvP not yet weighted; 2026/2025 Statcast baseline active,7,13,33,2,Hot streak: 2 HR in last 7 games,"same-side matchup; pitcher baseline 3.0% barrel, 2.0 HR allowed",neutral batted-ball profile; pitcher fly-ball pressure modest,11.45,45.59,90.91,101.865,0.4575,0.2,0.3301,74.25,44.73,31.29,29.13,22.4,0.1972,3.0,46.0,90.7,0.355,0.106,27.0,,,PNC Park,
48,679529,Spencer Torkelson,DET,CWS,2026-09-17T23:40:00Z,Scheduled,7,Erick Fedde,607200,R,48.4,Longshot,Watch List,"Projected Lineup, Strong Barrel, Hot Hitter/Streak",47.9,48.1,27.6,59.8,50.0,81.7,No,Yes,7,Yes,Yes,RotoWire projected lineup; MLB probable pitchers,lineup projected / unconfirmed,H:2026/2025 P:2026/2025,,,Direct BvP not yet weighted; 2026/2025 Statcast baseline active,7,8,19,2,Hot streak: 2 HR in last 7 games,"same-side matchup; pitcher baseline 8.1% barrel, 21.8 HR allowed",fly-ball profile; pitcher fly-ball pressure modest,12.52,42.65,89.64,100.1884,0.414,0.1978,0.3172,73.14,26.23,47.77,36.18,26.1,0.2034,8.11,40.78,89.08,0.4477,0.186,29.4,,,Rate Field,
49,665161,Jeremy Pena,HOU,KC,2026-09-17T23:15:00Z,Scheduled,1,Seth Lugo,607625,R,48.2,Longshot,Watch List,"Projected Lineup, Premium Lineup Spot, Hot Hitter/Streak",32.2,52.8,27.6,88.7,50.0,76.4,No,Yes,1,Yes,Yes,RotoWire projected lineup; MLB probable pitchers,lineup projected / unconfirmed,H:2026/2025 P:2026/2025,,,Direct BvP not yet weighted; 2026/2025 Statcast baseline active,7,10,26,2,Hot streak: 2 HR in last 7 games,"same-side matchup; pitcher baseline 8.7% barrel, 21.4 HR allowed",neutral batted-ball profile; pitcher fly-ball pressure modest,7.15,40.66,88.62,99.9807,0.4243,0.155,0.3284,72.23,14.83,46.2,24.64,18.4,0.1863,8.72,43.38,90.0,0.459,0.1883,28.76,,,Daikin Park,
50,521692,Salvador Perez,KC,HOU,2026-09-17T23:15:00Z,Scheduled,4,,,,48.1,Longshot,Watch List,"Projected Lineup, Strong Barrel, Premium Lineup Spot",46.8,41.2,27.6,90.4,60.0,12.0,No,Yes,4,Yes,Yes,RotoWire projected lineup; MLB probable pitchers,lineup projected / unconfirmed,H:2026/2025 P:,,,Direct BvP not yet weighted; 2026/2025 Statcast baseline active,7,5,25,0,"Last 7 games: 5/25, 0 HR","handedness incomplete; pitcher baseline 0.0% barrel, 0.0 HR allowed",neutral batted-ball profile; pitcher fly-ball pressure modest,11.44,43.76,89.3,100.774,0.4598,0.2072,0.3248,72.06,22.49,41.91,31.2,22.3,0.1687,,,,,,,,,Daikin Park,
51,683748,Victor Mesa,TB,ATH,2026-09-17T17:10:00Z,Scheduled,7,Jeffrey Springs,605488,L,47.9,Longshot,Watch List,"Projected Lineup, Strong Barrel, Hot Hitter/Streak",45.0,46.5,27.6,59.8,50.0,97.0,No,Yes,7,Yes,Yes,RotoWire projected lineup; MLB probable pitchers,lineup projected / unconfirmed,H:2026/2025 P:2026/2025,,,Direct BvP not yet weighted; 2026/2025 Statcast baseline active,7,8,20,3,Hot streak: 3 HR in last 7 games,"same-side matchup; pitcher baseline 8.9% barrel, 31.5 HR allowed",neutral batted-ball profile; pitcher allows elevated contact,10.39,41.15,89.77,100.0765,0.443,0.197,0.3354,73.72,32.39,40.87,34.4,9.4,0.2239,8.94,35.69,87.74,0.4429,0.1918,32.02,,,Tropicana Field,
52,694249,Cole Carrigg,COL,SD,2026-09-17T19:10:00Z,Scheduled,3,Michael King,650633,R,47.9,Longshot,Watch List,"Projected Lineup, Premium Lineup Spot, Platoon Edge, Hot Hitter/Streak",26.5,39.8,38.7,92.1,75.0,83.6,No,Yes,3,Yes,Yes,RotoWire projected lineup; MLB probable pitchers,lineup projected / unconfirmed,H:2026 P:2026/2025,,,Direct BvP not yet weighted; 2026/2025 Statcast baseline active,7,9,29,3,Hot streak: 3 HR in last 7 games,"switch hitter; pitcher baseline 9.4% barrel, 17.6 HR allowed",neutral batted-ball profile; pitcher fly-ball pressure modest,5.5,35.8,87.7,98.7968,0.394,0.147,0.314,73.2,34.4,49.1,28.9,10.0,0.204,9.37,34.46,87.24,0.4123,0.1744,27.75,,,Coors Field,
53,701807,Carson Benge,NYM,PHI,2026-09-17T23:15:00Z,Scheduled,4,Aaron Nola,605400,R,47.9,Longshot,Watch List,"Projected Lineup, Premium Lineup Spot, Platoon Edge",31.5,47.7,24.8,90.4,80.0,49.7,No,Yes,4,Yes,Yes,RotoWire projected lineup; MLB probable pitchers,lineup projected / unconfirmed,H:2026 P:2026/2025,,,Direct BvP not yet weighted; 2026/2025 Statcast baseline active,7,6,29,2,Hot streak: 2 HR in last 7 games,"platoon edge; pitcher baseline 9.3% barrel, 29.2 HR allowed",neutral batted-ball profile; pitcher fly-ball pressure modest,7.2,38.5,88.7,99.5636,0.432,0.156,0.337,71.1,17.5,34.0,26.8,18.0,0.144,9.31,41.27,88.77,0.4142,0.1724,27.46,,,Citi Field,
54,665019,Kody Clemens,MIN,LAA,2026-09-18T01:38:00Z,Scheduled,5,Walbert Ureña,700712,R,47.1,Longshot,Watch List,"Projected Lineup, Strong Barrel, Platoon Edge",52.7,20.4,28.2,81.9,80.0,37.8,No,Yes,5,Yes,Yes,RotoWire projected lineup; MLB probable pitchers,lineup projected / unconfirmed,H:2026/2025 P:2026,,,Direct BvP not yet weighted; 2026/2025 Statcast baseline active,7,7,28,1,"Last 7 games: 7/28, 1 HR","platoon edge; pitcher baseline 5.6% barrel, 9.0 HR allowed",neutral batted-ball profile; pitcher fly-ball pressure modest,11.79,47.11,91.92,101.4739,0.4608,0.2111,0.3345,72.06,14.56,46.5,33.39,23.9,0.228,5.6,36.4,87.3,0.317,0.109,22.5,,,Angel Stadium,
55,686469,Vinnie Pasquantino,KC,HOU,2026-09-17T23:15:00Z,Scheduled,3,,,,47.0,Longshot,Watch List,"Projected Lineup, Premium Lineup Spot",40.6,41.2,27.6,92.1,60.0,25.3,No,Yes,3,Yes,Yes,RotoWire projected lineup; MLB probable pitchers,lineup projected / unconfirmed,H:2026/2025 P:,,,Direct BvP not yet weighted; 2026/2025 Statcast baseline active,7,4,24,1,"Last 7 games: 4/24, 1 HR","handedness incomplete; pitcher baseline 0.0% barrel, 0.0 HR allowed",neutral batted-ball profile; pitcher fly-ball pressure modest,9.4,42.67,90.13,100.303,0.4315,0.1798,0.3305,71.1,15.24,44.82,29.35,18.0,0.169,,,,,,,,,Daikin Park,
56,671732,Lawrence Butler,ATH,TB,2026-09-17T17:10:00Z,Scheduled,4,Drew Rasmussen,656876,R,46.9,Longshot,Watch List,"Projected Lineup, Premium Lineup Spot, Platoon Edge",37.3,29.6,27.6,90.4,80.0,69.1,No,Yes,4,Yes,Yes,RotoWire projected lineup; MLB probable pitchers,lineup projected / unconfirmed,H:2026/2025 P:2026/2025,,,Direct BvP not yet weighted; 2026/2025 Statcast baseline active,7,6,28,3,Hot streak: 3 HR in last 7 games,"platoon edge; pitcher baseline 6.1% barrel, 15.2 HR allowed",neutral batted-ball profile; pitcher fly-ball pressure modest,8.57,45.17,90.01,101.8982,0.3926,0.1542,0.3176,73.63,37.81,35.24,22.21,17.5,0.1602,6.09,37.35,88.99,0.3575,0.1257,23.17,,,Tropicana Field,
57,681393,Connor Norby,COL,SD,2026-09-17T19:10:00Z,Scheduled,2,Michael King,650633,R,46.7,Longshot,Watch List,"Projected Lineup, Premium Lineup Spot",31.0,41.7,38.7,95.5,50.0,56.6,No,Yes,2,Yes,Yes,RotoWire projected lineup; MLB probable pitchers,lineup projected / unconfirmed,H:2026/2025 P:2026/2025,,,Direct BvP not yet weighted; 2026/2025 Statcast baseline active,7,9,24,1,Contact streak: 9/24 over last 7 games,"same-side matchup; pitcher baseline 9.4% barrel, 17.6 HR allowed",fly-ball profile; pitcher fly-ball pressure modest,8.49,37.17,87.39,98.2752,0.3799,0.1564,0.3077,70.28,8.62,42.45,35.28,7.3,0.1401,9.37,34.46,87.24,0.4123,0.1744,27.75,,,Coors Field,
58,693307,Dillon Dingler,DET,CWS,2026-09-17T23:40:00Z,Scheduled,5,Erick Fedde,607200,R,46.7,Longshot,Watch List,Projected Lineup,42.1,48.1,27.6,81.9,50.0,22.6,No,Yes,5,Yes,Yes,RotoWire projected lineup; MLB probable pitchers,lineup projected / unconfirmed,H:2026/2025 P:2026/2025,,,Direct BvP not yet weighted; 2026/2025 Statcast baseline active,7,4,27,1,"Last 7 games: 4/27, 1 HR","same-side matchup; pitcher baseline 8.1% barrel, 21.8 HR allowed",neutral batted-ball profile; pitcher fly-ball pressure modest,9.69,43.11,88.88,100.5016,0.4643,0.1962,0.342,71.77,15.76,41.5,28.78,22.8,0.1918,8.11,40.78,89.08,0.4477,0.186,29.4,,,Rate Field,
59,701678,Hao-Yu Lee,DET,CWS,2026-09-17T23:40:00Z,Scheduled,2,Erick Fedde,607200,R,46.6,Longshot,Watch List,"Projected Lineup, Premium Lineup Spot",35.2,48.1,27.6,95.5,50.0,29.2,No,Yes,2,Yes,Yes,RotoWire projected lineup; MLB probable pitchers,lineup projected / unconfirmed,H:2026 P:2026/2025,,,Direct BvP not yet weighted; 2026/2025 Statcast baseline active,7,5,26,1,"Last 7 games: 5/26, 1 HR","same-side matchup; pitcher baseline 8.1% barrel, 21.8 HR allowed",neutral batted-ball profile; pitcher fly-ball pressure modest,8.4,40.7,89.7,100.2336,0.393,0.164,0.3,71.6,23.1,28.5,26.6,9.0,0.16,8.11,40.78,89.08,0.4477,0.186,29.4,,,Rate Field,
60,667472,Dane Myers,CIN,LAD,2026-09-17T16:40:00Z,Scheduled,1,Justin Wrobleski,680736,L,46.5,Longshot,Watch List,"Projected Lineup, Premium Lineup Spot, Platoon Edge",25.0,48.2,39.3,88.7,78.0,27.6,No,Yes,1,Yes,Yes,RotoWire projected lineup; MLB probable pitchers,lineup projected / unconfirmed,H:2026/2025 P:2026/2025,,,Direct BvP not yet weighted; 2026/2025 Statcast baseline active,7,4,22,1,"Last 7 games: 4/22, 1 HR","platoon edge; pitcher baseline 8.1% barrel, 16.5 HR allowed",neutral batted-ball profile; pitcher fly-ball pressure modest,5.21,38.08,89.72,99.1425,0.367,0.1246,0.3106,71.11,18.26,28.98,24.12,6.0,0.1022,8.07,44.79,90.6,0.4234,0.1612,28.35,,,Great American Ball Park,
61,673237,Yainer Diaz,HOU,KC,2026-09-17T23:15:00Z,Scheduled,5,Seth Lugo,607625,R,46.1,Longshot,Watch List,Projected Lineup,31.0,52.8,27.6,81.9,50.0,61.7,No,Yes,5,Yes,Yes,RotoWire projected lineup; MLB probable pitchers,lineup projected / unconfirmed,H:2026/2025 P:2026/2025,,,Direct BvP not yet weighted; 2026/2025 Statcast baseline active,7,9,22,1,Contact streak: 9/22 over last 7 games,"same-side matchup; pitcher baseline 8.7% barrel, 21.4 HR allowed",neutral batted-ball profile; pitcher fly-ball pressure modest,7.08,39.54,89.27,99.9865,0.4139,0.1508,0.3085,72.48,22.65,35.93,18.47,13.7,0.1561,8.72,43.38,90.0,0.459,0.1883,28.76,,,Daikin Park,
62,668930,Brice Turang,MIL,PIT,2026-09-17T16:35:00Z,Scheduled,1,Wilber Dotel,696062,R,46.0,Longshot,Watch List,"Projected Lineup, Premium Lineup Spot, Platoon Edge, Hot Hitter/Streak",36.3,27.6,24.3,88.7,80.0,81.7,No,Yes,1,Yes,Yes,RotoWire projected lineup; MLB probable pitchers,lineup projected / unconfirmed,H:2026/2025 P:2026,,,Direct BvP not yet weighted; 2026/2025 Statcast baseline active,7,11,22,2,Hot streak: 2 HR in last 7 games,"platoon edge; pitcher baseline 3.0% barrel, 2.0 HR allowed",neutral batted-ball profile; pitcher fly-ball pressure modest,7.79,42.99,90.4,100.3018,0.429,0.1712,0.3434,70.25,13.34,27.93,23.57,18.7,0.1687,3.0,46.0,90.7,0.355,0.106,27.0,,,PNC Park,
63,683146,Brett Baty,NYM,PHI,2026-09-17T23:15:00Z,Scheduled,8,Aaron Nola,605400,R,46.0,Longshot,Watch List,"Projected Lineup, Strong Barrel, Platoon Edge",44.4,47.7,24.8,47.9,80.0,45.3,No,Yes,8,Yes,Yes,RotoWire projected lineup; MLB probable pitchers,lineup projected / unconfirmed,H:2026/2025 P:2026/2025,,,Direct BvP not yet weighted; 2026/2025 Statcast baseline active,7,6,20,1,"Last 7 games: 6/20, 1 HR","platoon edge; pitcher baseline 9.3% barrel, 29.2 HR allowed",neutral batted-ball profile; pitcher fly-ball pressure modest,10.87,43.05,90.42,101.6956,0.4164,0.1763,0.3186,75.08,54.07,35.61,26.87,12.4,0.1488,9.31,41.27,88.77,0.4142,0.1724,27.46,,,Citi Field,
64,593428,Xander Bogaerts,SD,COL,2026-09-17T19:10:00Z,Scheduled,6,Tanner Gordon,685299,R,45.8,Longshot,Watch List,Projected Lineup,28.2,61.7,38.7,71.7,50.0,26.4,No,Yes,6,Yes,Yes,RotoWire projected lineup; MLB probable pitchers,lineup projected / unconfirmed,H:2026/2025 P:2026/2025,,,Direct BvP not yet weighted; 2026/2025 Statcast baseline active,7,8,27,0,"Last 7 games: 8/27, 0 HR","same-side matchup; pitcher baseline 10.7% barrel, 17.4 HR allowed",neutral batted-ball profile; pitcher allows elevated contact,5.99,40.81,89.28,100.1981,0.3808,0.1306,0.3207,72.31,28.22,43.17,23.62,11.0,0.1084,10.73,42.32,90.59,0.4838,0.2111,33.46,,,Coors Field,
65,701358,Cam Smith,HOU,KC,2026-09-17T23:15:00Z,Scheduled,7,Seth Lugo,607625,R,45.7,Longshot,Watch List,Projected Lineup,41.0,52.8,27.6,59.8,50.0,49.9,No,Yes,7,Yes,Yes,RotoWire projected lineup; MLB probable pitchers,lineup projected / unconfirmed,H:2026/2025 P:2026/2025,,,Direct BvP not yet weighted; 2026/2025 Statcast baseline active,7,5,24,2,Hot streak: 2 HR in last 7 games,"same-side matchup; pitcher baseline 8.7% barrel, 21.4 HR allowed",neutral batted-ball profile; pitcher fly-ball pressure modest,9.98,42.9,88.53,101.3899,0.4124,0.1739,0.3145,76.88,68.6,37.35,24.93,16.7,0.1661,8.72,43.38,90.0,0.459,0.1883,28.76,,,Daikin Park,
66,605137,Josh Bell,MIN,LAA,2026-09-18T01:38:00Z,Scheduled,4,Walbert Ureña,700712,R,45.6,Longshot,Watch List,"Projected Lineup, Strong Barrel, Premium Lineup Spot, Platoon Edge",45.3,19.5,28.2,90.4,75.0,47.5,No,Yes,4,Yes,Yes,RotoWire projected lineup; MLB probable pitchers,lineup projected / unconfirmed,H:2026/2025 P:2026,,,Direct BvP not yet weighted; 2026/2025 Statcast baseline active,7,5,26,2,Hot streak: 2 HR in last 7 games,"switch hitter; pitcher baseline 5.6% barrel, 9.0 HR allowed",neutral batted-ball profile; pitcher fly-ball pressure modest,10.56,43.71,89.98,101.0451,0.457,0.2031,0.3415,72.33,28.5,41.08,27.41,20.6,0.173,5.6,36.4,87.3,0.317,0.109,22.5,,,Angel Stadium,
67,814430,Brett Callahan,DET,CWS,2026-09-17T23:40:00Z,Scheduled,8,Erick Fedde,607200,R,45.3,Longshot,Watch List,"Projected Lineup, Strong Barrel, Platoon Edge",46.3,48.1,27.6,47.9,80.0,8.5,No,Yes,8,Yes,Yes,RotoWire projected lineup; MLB probable pitchers,lineup projected / unconfirmed,H:2026 P:2026/2025,,,Direct BvP not yet weighted; 2026/2025 Statcast baseline active,7,3,17,0,"Last 7 games: 3/17, 0 HR","platoon edge; pitcher baseline 8.1% barrel, 21.8 HR allowed",neutral batted-ball profile; pitcher fly-ball pressure modest,12.1,45.5,89.9,101.3054,0.391,0.171,0.292,74.3,44.8,36.4,33.3,1.0,0.151,8.11,40.78,89.08,0.4477,0.186,29.4,,,Rate Field,
68,679822,Justin Foscue,TEX,BOS,2026-09-18T00:05:00Z,Scheduled,1,Sonny Gray,543243,R,45.3,Longshot,Watch List,"Projected Lineup, Premium Lineup Spot",42.0,38.6,27.6,88.7,50.0,22.0,No,Yes,1,Yes,Yes,RotoWire projected lineup; MLB probable pitchers,lineup projected / unconfirmed,H:2026/2025 P:2026/2025,,,Direct BvP not yet weighted; 2026/2025 Statcast baseline active,7,4,15,0,"Last 7 games: 4/15, 0 HR","same-side matchup; pitcher baseline 7.7% barrel, 18.0 HR allowed",fly-ball profile; pitcher fly-ball pressure modest,7.84,49.48,90.55,99.5053,0.3965,0.1754,0.2883,70.96,9.66,46.78,37.54,7.7,0.1908,7.7,39.37,89.18,0.3936,0.1439,22.85,,,Globe Life Field,
69,805999,A.J. Ewing,NYM,PHI,2026-09-17T23:15:00Z,Scheduled,7,Aaron Nola,605400,R,45.0,Longshot,Watch List,"Projected Lineup, Platoon Edge, Hot Hitter/Streak",31.4,47.7,24.8,59.8,80.0,78.7,No,Yes,7,Yes,Yes,RotoWire projected lineup; MLB probable pitchers,lineup projected / unconfirmed,H:2026 P:2026/2025,,,Direct BvP not yet weighted; 2026/2025 Statcast baseline active,7,10,25,2,Hot streak: 2 HR in last 7 games,"platoon edge; pitcher baseline 9.3% barrel, 29.2 HR allowed",neutral batted-ball profile; pitcher fly-ball pressure modest,7.2,42.0,89.4,100.0533,0.402,0.144,0.323,70.5,12.9,32.1,24.9,10.0,0.128,9.31,41.27,88.77,0.4142,0.1724,27.46,,,Citi Field,
70,572233,Christian Walker,HOU,KC,2026-09-17T23:15:00Z,Scheduled,6,Seth Lugo,607625,R,44.8,Longshot,Watch List,"Projected Lineup, Strong Barrel",40.8,52.8,27.6,71.7,50.0,0.0,No,Yes,6,Yes,Yes,RotoWire projected lineup; MLB probable pitchers,lineup projected / unconfirmed,H:2026/2025 P:2026/2025,,,Direct BvP not yet weighted; 2026/2025 Statcast baseline active,7,1,24,0,"Last 7 games: 1/24, 0 HR","same-side matchup; pitcher baseline 8.7% barrel, 21.4 HR allowed",neutral batted-ball profile; pitcher fly-ball pressure modest,10.17,42.11,89.43,101.347,0.4014,0.1736,0.3056,74.31,43.62,42.13,27.58,25.6,0.1893,8.72,43.38,90.0,0.459,0.1883,28.76,,,Daikin Park,
71,661388,William Contreras,MIL,PIT,2026-09-17T16:35:00Z,Scheduled,4,Wilber Dotel,696062,R,44.6,Longshot,Watch List,"Projected Lineup, Premium Lineup Spot, Hot Hitter/Streak",40.2,27.6,24.3,90.4,50.0,78.4,No,Yes,4,Yes,Yes,RotoWire projected lineup; MLB probable pitchers,lineup projected / unconfirmed,H:2026/2025 P:2026,,,Direct BvP not yet weighted; 2026/2025 Statcast baseline active,7,8,29,3,Hot streak: 3 HR in last 7 games,"same-side matchup; pitcher baseline 3.0% barrel, 2.0 HR allowed",neutral batted-ball profile; pitcher fly-ball pressure modest,7.94,45.84,90.68,101.7268,0.4294,0.1723,0.3336,73.41,36.44,35.83,24.57,17.0,0.1453,3.0,46.0,90.7,0.355,0.106,27.0,,,PNC Park,
72,669242,Tommy Edman,LAD,CIN,2026-09-17T16:40:00Z,Scheduled,1,Brady Singer,663903,R,44.6,Longshot,Watch List,"Projected Lineup, Premium Lineup Spot, Platoon Edge",20.5,53.1,39.3,88.7,75.0,0.0,No,Yes,1,Yes,Yes,RotoWire projected lineup; MLB probable pitchers,lineup projected / unconfirmed,H:2026/2025 P:2026/2025,,,Direct BvP not yet weighted; 2026/2025 Statcast baseline active,7,1,22,0,"Last 7 games: 1/22, 0 HR","switch hitter; pitcher baseline 9.8% barrel, 26.7 HR allowed",neutral batted-ball profile; pitcher fly-ball pressure modest,4.92,35.91,87.67,98.9527,0.369,0.1139,0.3119,70.59,13.58,43.37,26.29,8.1,0.1374,9.82,42.1,90.79,0.4454,0.18,26.86,,,Great American Ball Park,
73,666182,Bo Bichette,NYM,PHI,2026-09-17T23:15:00Z,Scheduled,3,Aaron Nola,605400,R,44.2,Longshot,Watch List,"Projected Lineup, Premium Lineup Spot",33.0,47.7,24.8,92.1,50.0,15.9,No,Yes,3,Yes,Yes,RotoWire projected lineup; MLB probable pitchers,lineup projected / unconfirmed,H:2026/2025 P:2026/2025,,,Direct BvP not yet weighted; 2026/2025 Statcast baseline active,7,7,31,0,"Last 7 games: 7/31, 0 HR","same-side matchup; pitcher baseline 9.3% barrel, 29.2 HR allowed",neutral batted-ball profile; pitcher fly-ball pressure modest,6.85,43.9,90.02,101.069,0.4345,0.1503,0.3355,69.66,13.02,26.56,22.74,16.6,0.1412,9.31,41.27,88.77,0.4142,0.1724,27.46,,,Citi Field,
74,668939,Adley Rutschman,BOS,TEX,2026-09-18T00:05:00Z,Scheduled,5,,,,44.1,Longshot,Watch List,"Projected Lineup, Platoon Edge",32.3,40.2,27.6,81.9,75.0,29.2,No,Yes,5,Yes,Yes,RotoWire projected lineup; MLB probable pitchers,lineup projected / unconfirmed,H:2026/2025 P:,,,Direct BvP not yet weighted; 2026/2025 Statcast baseline active,7,5,26,1,"Last 7 games: 5/26, 1 HR","switch hitter; pitcher baseline 0.0% barrel, 0.0 HR allowed",neutral batted-ball profile; pitcher fly-ball pressure modest,7.15,39.44,88.98,99.3354,0.4156,0.1627,0.3313,70.42,12.0,39.17,29.36,11.1,0.1712,,,,,,,,,Globe Life Field,
75,666139,Josh Lowe,LAA,MIN,2026-09-18T01:38:00Z,Scheduled,7,Taj Bradley,671737,R,44.1,Longshot,Watch List,"Projected Lineup, Platoon Edge",32.9,48.1,28.2,59.8,80.0,37.8,No,Yes,7,Yes,Yes,RotoWire projected lineup; MLB probable pitchers,lineup projected / unconfirmed,H:2026/2025 P:2026/2025,,,Direct BvP not yet weighted; 2026/2025 Statcast baseline active,7,4,16,1,"Last 7 games: 4/16, 1 HR","platoon edge; pitcher baseline 8.7% barrel, 21.8 HR allowed",neutral batted-ball profile; pitcher fly-ball pressure modest,7.93,38.2,88.67,99.3012,0.3751,0.1566,0.2905,73.38,34.33,35.85,30.66,11.7,0.1537,8.73,43.61,90.39,0.3885,0.1592,29.12,,,Angel Stadium,
76,687957,Dustin Harris,SD,COL,2026-09-17T19:10:00Z,Scheduled,2,Tanner Gordon,685299,R,44.0,Longshot,Watch List,"Projected Lineup, Premium Lineup Spot, Platoon Edge",3.6,61.7,38.7,95.5,80.0,32.0,No,Yes,2,Yes,Yes,RotoWire projected lineup; MLB probable pitchers,lineup projected / unconfirmed,H:2026/2025 P:2026/2025,,,Direct BvP not yet weighted; 2026/2025 Statcast baseline active,7,8,24,0,Contact streak: 8/24 over last 7 games,"platoon edge; pitcher baseline 10.7% barrel, 17.4 HR allowed",neutral batted-ball profile; pitcher allows elevated contact,2.02,21.98,85.01,94.9629,0.3394,0.0869,0.2954,66.89,2.87,48.34,21.07,0.3,0.101,10.73,42.32,90.59,0.4838,0.2111,33.46,,,Coors Field,
77,673962,Josh Jung,TEX,BOS,2026-09-18T00:05:00Z,Scheduled,3,Sonny Gray,543243,R,43.9,Longshot,Watch List,"Projected Lineup, Premium Lineup Spot",34.8,38.6,27.6,92.1,50.0,32.0,No,Yes,3,Yes,Yes,RotoWire projected lineup; MLB probable pitchers,lineup projected / unconfirmed,H:2026/2025 P:2026/2025,,,Direct BvP not yet weighted; 2026/2025 Statcast baseline active,7,9,27,0,Contact streak: 9/27 over last 7 games,"same-side matchup; pitcher baseline 7.7% barrel, 18.0 HR allowed",neutral batted-ball profile; pitcher fly-ball pressure modest,6.76,47.47,90.14,100.3469,0.4231,0.1508,0.3313,70.41,7.69,37.62,23.29,10.5,0.1411,7.7,39.37,89.18,0.3936,0.1439,22.85,,,Globe Life Field,
78,691720,Kyle Karros,COL,SD,2026-09-17T19:10:00Z,Scheduled,4,Michael King,650633,R,43.8,Longshot,Watch List,"Projected Lineup, Premium Lineup Spot",24.5,41.7,38.7,90.4,50.0,56.2,No,Yes,4,Yes,Yes,RotoWire projected lineup; MLB probable pitchers,lineup projected / unconfirmed,H:2026/2025 P:2026/2025,,,Direct BvP not yet weighted; 2026/2025 Statcast baseline active,7,7,28,2,Hot streak: 2 HR in last 7 games,"same-side matchup; pitcher baseline 9.4% barrel, 17.6 HR allowed",neutral batted-ball profile; pitcher fly-ball pressure modest,6.11,38.46,88.88,99.5242,0.3649,0.1236,0.3147,69.8,5.51,39.08,23.78,8.0,0.128,9.37,34.46,87.24,0.4123,0.1744,27.75,,,Coors Field,
79,670623,Isaac Paredes,HOU,KC,2026-09-17T23:15:00Z,Scheduled,3,Seth Lugo,607625,R,43.7,Longshot,Watch List,"Projected Lineup, Premium Lineup Spot, Hot Hitter/Streak",17.8,52.8,27.6,92.1,50.0,71.6,No,Yes,3,Yes,Yes,RotoWire projected lineup; MLB probable pitchers,lineup projected / unconfirmed,H:2026/2025 P:2026/2025,,,Direct BvP not yet weighted; 2026/2025 Statcast baseline active,7,6,26,3,Hot streak: 3 HR in last 7 games,"same-side matchup; pitcher baseline 8.7% barrel, 21.4 HR allowed",neutral batted-ball profile; pitcher fly-ball pressure modest,5.18,30.66,86.63,97.0908,0.3702,0.1292,0.32,67.81,7.78,51.86,31.08,20.7,0.183,8.72,43.38,90.0,0.459,0.1883,28.76,,,Daikin Park,
80,592885,Christian Yelich,MIL,PIT,2026-09-17T16:35:00Z,Scheduled,5,Wilber Dotel,696062,R,43.5,Longshot,Watch List,"Projected Lineup, Platoon Edge",38.8,27.6,24.3,81.9,80.0,36.3,No,Yes,5,Yes,Yes,RotoWire projected lineup; MLB probable pitchers,lineup projected / unconfirmed,H:2026/2025 P:2026,,,Direct BvP not yet weighted; 2026/2025 Statcast baseline active,7,6,25,1,"Last 7 games: 6/25, 1 HR","platoon edge; pitcher baseline 3.0% barrel, 2.0 HR allowed",neutral batted-ball profile; pitcher fly-ball pressure modest,9.81,44.37,89.43,101.0739,0.4054,0.1681,0.3174,73.23,32.39,34.1,18.95,16.4,0.1579,3.0,46.0,90.7,0.355,0.106,27.0,,,PNC Park,
81,703607,Henry Bolte,ATH,TB,2026-09-17T17:10:00Z,Scheduled,1,Drew Rasmussen,656876,R,43.4,Longshot,Watch List,"Projected Lineup, Premium Lineup Spot",37.3,29.6,27.6,88.7,50.0,59.1,No,Yes,1,Yes,Yes,RotoWire projected lineup; MLB probable pitchers,lineup projected / unconfirmed,H:2026 P:2026/2025,,,Direct BvP not yet weighted; 2026/2025 Statcast baseline active,7,7,26,2,Hot streak: 2 HR in last 7 games,"same-side matchup; pitcher baseline 6.1% barrel, 15.2 HR allowed",neutral batted-ball profile; pitcher fly-ball pressure modest,7.9,47.8,90.9,104.422,0.372,0.126,0.316,76.9,71.5,32.3,15.7,10.0,0.121,6.09,37.35,88.99,0.3575,0.1257,23.17,,,Tropicana Field,
82,804606,Konnor Griffin,PIT,MIL,2026-09-17T16:35:00Z,Scheduled,1,Kyle Harrison,690986,L,43.1,Longshot,Watch List,"Projected Lineup, Premium Lineup Spot, Platoon Edge",28.0,41.5,24.3,88.7,78.0,15.9,No,Yes,1,Yes,Yes,RotoWire projected lineup; MLB probable pitchers,lineup projected / unconfirmed,H:2026 P:2026/2025,,,Direct BvP not yet weighted; 2026/2025 Statcast baseline active,7,7,31,0,"Last 7 games: 7/31, 0 HR","platoon edge; pitcher baseline 8.1% barrel, 15.2 HR allowed",neutral batted-ball profile; pitcher fly-ball pressure modest,7.4,35.8,87.5,100.3394,0.385,0.142,0.301,75.6,56.9,39.9,17.6,5.0,0.121,8.06,39.55,89.58,0.394,0.1511,28.09,,,PNC Park,
83,571771,Enrique Hernandez,LAD,CIN,2026-09-17T16:40:00Z,Scheduled,8,Brady Singer,663903,R,43.0,Longshot,Watch List,Projected Lineup,32.9,54.3,39.3,47.9,50.0,39.8,No,Yes,8,Yes,Yes,RotoWire projected lineup; MLB probable pitchers,lineup projected / unconfirmed,H:2026/2025 P:2026/2025,,,Direct BvP not yet weighted; 2026/2025 Statcast baseline active,7,5,19,1,"Last 7 games: 5/19, 1 HR","same-side matchup; pitcher baseline 9.8% barrel, 26.7 HR allowed",neutral batted-ball profile; pitcher fly-ball pressure modest,8.8,41.1,89.53,99.7666,0.3653,0.1457,0.2828,70.54,12.84,32.11,26.1,5.1,0.1672,9.82,42.1,90.79,0.4454,0.18,26.86,,,Great American Ball Park,
84,668709,JJ Bleday,CIN,LAD,2026-09-17T16:40:00Z,Scheduled,7,Justin Wrobleski,680736,L,43.0,Longshot,Watch List,Projected Lineup,36.9,48.2,39.3,59.8,50.0,9.3,No,Yes,7,Yes,Yes,RotoWire projected lineup; MLB probable pitchers,lineup projected / unconfirmed,H:2026/2025 P:2026/2025,,,Direct BvP not yet weighted; 2026/2025 Statcast baseline active,7,4,22,0,"Last 7 games: 4/22, 0 HR","same-side matchup; pitcher baseline 8.1% barrel, 16.5 HR allowed",neutral batted-ball profile; pitcher fly-ball pressure modest,9.13,39.4,88.56,99.7367,0.3961,0.1704,0.3208,73.0,27.09,46.79,33.06,19.6,0.1969,8.07,44.79,90.6,0.4234,0.1612,28.35,,,Great American Ball Park,
85,682877,Juan Brito,CIN,LAD,2026-09-17T16:40:00Z,Scheduled,6,Justin Wrobleski,680736,L,42.9,Longshot,Watch List,"Projected Lineup, Platoon Edge",18.0,46.4,39.3,71.7,75.0,63.3,No,Yes,6,Yes,Yes,RotoWire projected lineup; MLB probable pitchers,lineup projected / unconfirmed,H:2026 P:2026/2025,,,Direct BvP not yet weighted; 2026/2025 Statcast baseline active,7,9,21,1,Contact streak: 9/21 over last 7 games,"switch hitter; pitcher baseline 8.1% barrel, 16.5 HR allowed",neutral batted-ball profile; pitcher fly-ball pressure modest,6.8,30.5,85.3,96.4638,0.363,0.133,0.289,69.5,3.7,47.5,23.7,2.0,0.151,8.07,44.79,90.6,0.4234,0.1612,28.35,,,Great American Ball Park,
86,664983,Jake McCarthy,COL,SD,2026-09-17T19:10:00Z,Scheduled,1,Michael King,650633,R,42.7,Longshot,Watch List,"Projected Lineup, Premium Lineup Spot, Platoon Edge",17.0,41.7,38.7,88.7,80.0,33.7,No,Yes,1,Yes,Yes,RotoWire projected lineup; MLB probable pitchers,lineup projected / unconfirmed,H:2026/2025 P:2026/2025,,,Direct BvP not yet weighted; 2026/2025 Statcast baseline active,7,10,29,0,Contact streak: 10/29 over last 7 games,"platoon edge; pitcher baseline 9.4% barrel, 17.6 HR allowed",neutral batted-ball profile; pitcher fly-ball pressure modest,5.37,28.44,85.33,96.9198,0.4041,0.1378,0.314,70.89,13.12,37.52,21.8,11.7,0.1739,9.37,34.46,87.24,0.4123,0.1744,27.75,,,Coors Field,
87,686681,Michael Massey,KC,HOU,2026-09-17T23:15:00Z,Scheduled,5,,,,42.7,Longshot,Watch List,Projected Lineup,27.4,41.2,27.6,81.9,60.0,55.9,No,Yes,5,Yes,Yes,RotoWire projected lineup; MLB probable pitchers,lineup projected / unconfirmed,H:2026/2025 P:,,,Direct BvP not yet weighted; 2026/2025 Statcast baseline active,7,10,27,1,Contact streak: 10/27 over last 7 games,"handedness incomplete; pitcher baseline 0.0% barrel, 0.0 HR allowed",neutral batted-ball profile; pitcher fly-ball pressure modest,5.12,38.32,88.97,98.7618,0.3922,0.1416,0.2951,71.43,12.19,48.8,30.24,8.6,0.1292,,,,,,,,,Daikin Park,
88,662139,Daulton Varsho,HOU,KC,2026-09-17T23:15:00Z,Scheduled,8,Seth Lugo,607625,R,42.5,Longshot,Watch List,"Projected Lineup, Platoon Edge",35.7,52.8,27.6,47.9,80.0,0.0,No,Yes,8,Yes,Yes,RotoWire projected lineup; MLB probable pitchers,lineup projected / unconfirmed,H:2026/2025 P:2026/2025,,,Direct BvP not yet weighted; 2026/2025 Statcast baseline active,7,3,25,0,"Last 7 games: 3/25, 0 HR","platoon edge; pitcher baseline 8.7% barrel, 21.4 HR allowed",neutral batted-ball profile; pitcher fly-ball pressure modest,9.53,37.64,87.73,99.4107,0.3974,0.1683,0.2983,73.71,36.46,41.29,31.48,13.7,0.1854,8.72,43.38,90.0,0.459,0.1883,28.76,,,Daikin Park,
89,695657,Colson Montgomery,CWS,DET,2026-09-17T23:40:00Z,Scheduled,7,Framber Valdez,664285,L,42.3,Longshot,Watch List,"Projected Lineup, Strong Barrel",51.6,34.5,27.6,59.8,50.0,0.0,No,Yes,7,Yes,Yes,RotoWire projected lineup; MLB probable pitchers,lineup projected / unconfirmed,H:2026/2025 P:2026/2025,,,Direct BvP not yet weighted; 2026/2025 Statcast baseline active,7,1,18,0,"Last 7 games: 1/18, 0 HR","same-side matchup; pitcher baseline 5.9% barrel, 15.0 HR allowed",neutral batted-ball profile; pitcher fly-ball pressure modest,13.17,42.54,88.98,101.873,0.4324,0.2206,0.3137,76.72,70.65,48.81,32.67,28.0,0.2389,5.93,43.22,90.17,0.384,0.129,18.04,,,Rate Field,
90,694671,Wyatt Langford,TEX,BOS,2026-09-18T00:05:00Z,Scheduled,6,Sonny Gray,543243,R,42.2,Longshot,Watch List,Projected Lineup,39.5,38.6,27.6,71.7,50.0,24.3,No,Yes,6,Yes,Yes,RotoWire projected lineup; MLB probable pitchers,lineup projected / unconfirmed,H:2026/2025 P:2026/2025,,,Direct BvP not yet weighted; 2026/2025 Statcast baseline active,7,4,25,1,"Last 7 games: 4/25, 1 HR","same-side matchup; pitcher baseline 7.7% barrel, 18.0 HR allowed",neutral batted-ball profile; pitcher fly-ball pressure modest,9.38,40.35,89.72,100.4257,0.4116,0.1771,0.325,72.89,28.13,42.75,30.53,18.5,0.1942,7.7,39.37,89.18,0.3936,0.1439,22.85,,,Globe Life Field,
91,687093,Vaughn Grissom,LAA,MIN,2026-09-18T01:38:00Z,Scheduled,4,Taj Bradley,671737,R,42.1,Longshot,Watch List,"Projected Lineup, Premium Lineup Spot",24.9,48.1,28.2,90.4,50.0,19.9,No,Yes,4,Yes,Yes,RotoWire projected lineup; MLB probable pitchers,lineup projected / unconfirmed,H:2026 P:2026/2025,,,Direct BvP not yet weighted; 2026/2025 Statcast baseline active,7,3,23,1,"Last 7 games: 3/23, 1 HR","same-side matchup; pitcher baseline 8.7% barrel, 21.8 HR allowed",neutral batted-ball profile; pitcher fly-ball pressure modest,6.8,36.4,87.6,98.801,0.378,0.134,0.308,70.9,16.4,40.3,24.4,11.0,0.145,8.73,43.61,90.39,0.3885,0.1592,29.12,,,Angel Stadium,
92,630105,Jake Cronenworth,SD,COL,2026-09-17T19:10:00Z,Scheduled,7,Tanner Gordon,685299,R,42.0,Longshot,Watch List,"Projected Lineup, Platoon Edge",13.7,61.7,38.7,59.8,80.0,26.4,No,Yes,7,Yes,Yes,RotoWire projected lineup; MLB probable pitchers,lineup projected / unconfirmed,H:2026/2025 P:2026/2025,,,Direct BvP not yet weighted; 2026/2025 Statcast baseline active,7,8,27,0,"Last 7 games: 8/27, 0 HR","platoon edge; pitcher baseline 10.7% barrel, 17.4 HR allowed",neutral batted-ball profile; pitcher allows elevated contact,3.82,31.51,87.52,97.624,0.3089,0.0951,0.2826,71.32,17.53,31.61,24.4,6.8,0.0932,10.73,42.32,90.59,0.4838,0.2111,33.46,,,Coors Field,
93,687859,Troy Johnston,COL,SD,2026-09-17T19:10:00Z,Scheduled,6,Michael King,650633,R,42.0,Longshot,Watch List,"Projected Lineup, Platoon Edge",24.9,41.7,38.7,71.7,80.0,15.3,No,Yes,6,Yes,Yes,RotoWire projected lineup; MLB probable pitchers,lineup projected / unconfirmed,H:2026/2025 P:2026/2025,,,Direct BvP not yet weighted; 2026/2025 Statcast baseline active,7,6,27,0,"Last 7 games: 6/27, 0 HR","platoon edge; pitcher baseline 9.4% barrel, 17.6 HR allowed",neutral batted-ball profile; pitcher fly-ball pressure modest,4.43,38.6,89.74,98.9471,0.4055,0.1282,0.3303,70.25,5.37,39.86,24.07,4.0,0.1262,9.37,34.46,87.24,0.4123,0.1744,27.75,,,Coors Field,
94,703601,Max Clark,DET,CWS,2026-09-17T23:40:00Z,Scheduled,6,Erick Fedde,607200,R,41.9,Longshot,Watch List,"Projected Lineup, Platoon Edge",18.2,48.1,27.6,71.7,80.0,60.3,No,Yes,6,Yes,Yes,RotoWire projected lineup; MLB probable pitchers,lineup projected / unconfirmed,H:2026 P:2026/2025,,,Direct BvP not yet weighted; 2026/2025 Statcast baseline active,7,10,25,1,Contact streak: 10/25 over last 7 games,"platoon edge; pitcher baseline 8.1% barrel, 21.8 HR allowed",neutral batted-ball profile; pitcher fly-ball pressure modest,0.9,40.2,87.6,98.5512,0.358,0.086,0.316,73.4,29.6,37.5,24.1,3.0,0.173,8.11,40.78,89.08,0.4477,0.186,29.4,,,Rate Field,
95,691019,Kyle Teel,CWS,DET,2026-09-17T23:40:00Z,Scheduled,5,Framber Valdez,664285,L,41.8,Longshot,Watch List,"Projected Lineup, Strong Barrel",38.8,34.5,27.6,81.9,50.0,12.0,No,Yes,5,Yes,Yes,RotoWire projected lineup; MLB probable pitchers,lineup projected / unconfirmed,H:2026/2025 P:2026/2025,,,Direct BvP not yet weighted; 2026/2025 Statcast baseline active,7,3,15,0,"Last 7 games: 3/15, 0 HR","same-side matchup; pitcher baseline 5.9% barrel, 15.0 HR allowed",neutral batted-ball profile; pitcher fly-ball pressure modest,12.68,44.88,85.36,100.7309,0.395,0.1706,0.3258,71.57,24.2,40.12,28.54,5.2,0.1597,5.93,43.22,90.17,0.384,0.129,18.04,,,Rate Field,
96,680869,Zack Gelof,ATH,TB,2026-09-17T17:10:00Z,Scheduled,5,Drew Rasmussen,656876,R,41.4,Longshot,Watch List,"Projected Lineup, Strong Barrel",40.3,29.6,27.6,81.9,50.0,18.3,No,Yes,5,Yes,Yes,RotoWire projected lineup; MLB probable pitchers,lineup projected / unconfirmed,H:2026/2025 P:2026/2025,,,Direct BvP not yet weighted; 2026/2025 Statcast baseline active,7,3,25,1,"Last 7 games: 3/25, 1 HR","same-side matchup; pitcher baseline 6.1% barrel, 15.2 HR allowed",neutral batted-ball profile; pitcher fly-ball pressure modest,10.33,43.77,89.01,99.8687,0.3795,0.176,0.2834,73.22,26.73,39.74,28.5,13.2,0.1743,6.09,37.35,88.99,0.3575,0.1257,23.17,,,Tropicana Field,
97,680574,Matt McLain,CIN,LAD,2026-09-17T16:40:00Z,Scheduled,9,Justin Wrobleski,680736,L,41.0,Longshot,Watch List,"Projected Lineup, Platoon Edge",32.5,48.2,39.3,40.2,78.0,2.5,No,Yes,9,Yes,Yes,RotoWire projected lineup; MLB probable pitchers,lineup projected / unconfirmed,H:2026/2025 P:2026/2025,,,Direct BvP not yet weighted; 2026/2025 Statcast baseline active,7,3,22,0,"Last 7 games: 3/22, 0 HR","platoon edge; pitcher baseline 8.1% barrel, 16.5 HR allowed",neutral batted-ball profile; pitcher fly-ball pressure modest,8.92,37.69,88.45,98.9798,0.369,0.1525,0.2987,70.93,9.89,36.13,33.22,15.0,0.1447,8.07,44.79,90.6,0.4234,0.1612,28.35,,,Great American Ball Park,
98,806956,Ethan Salas,SD,COL,2026-09-17T19:10:00Z,Scheduled,9,Tanner Gordon,685299,R,40.9,Longshot,Watch List,"Projected Lineup, Platoon Edge",15.6,61.7,38.7,40.2,80.0,46.8,No,Yes,9,Yes,Yes,RotoWire projected lineup; MLB probable pitchers,lineup projected / unconfirmed,H:2026 P:2026/2025,,,Direct BvP not yet weighted; 2026/2025 Statcast baseline active,7,3,16,2,Hot streak: 2 HR in last 7 games,"platoon edge; pitcher baseline 10.7% barrel, 17.4 HR allowed",fly-ball profile; pitcher allows elevated contact,0.0,30.0,89.1,96.8397,0.187,0.096,0.118,69.3,20.6,20.0,40.0,0.0,0.117,10.73,42.32,90.59,0.4838,0.2111,33.46,,,Coors Field,
99,656811,Ryan O'Hearn,PIT,MIL,2026-09-17T16:35:00Z,Scheduled,6,Kyle Harrison,690986,L,40.8,Longshot,Watch List,Projected Lineup,33.8,41.5,24.3,71.7,50.0,30.3,No,Yes,6,Yes,Yes,RotoWire projected lineup; MLB probable pitchers,lineup projected / unconfirmed,H:2026/2025 P:2026/2025,,,Direct BvP not yet weighted; 2026/2025 Statcast baseline active,7,5,25,1,"Last 7 games: 5/25, 1 HR","same-side matchup; pitcher baseline 8.1% barrel, 15.2 HR allowed",neutral batted-ball profile; pitcher fly-ball pressure modest,7.18,42.85,89.33,99.3176,0.4092,0.1558,0.3232,71.1,11.64,38.94,28.5,17.7,0.177,8.06,39.55,89.58,0.394,0.1511,28.09,,,PNC Park,
100,685133,Wade Meckler,LAA,MIN,2026-09-18T01:38:00Z,Scheduled,3,Taj Bradley,671737,R,40.8,Longshot,Watch List,"Projected Lineup, Premium Lineup Spot, Platoon Edge",12.3,48.1,28.2,92.1,80.0,17.3,No,Yes,3,Yes,Yes,RotoWire projected lineup; MLB probable pitchers,lineup projected / unconfirmed,H:2026 P:2026/2025,,,Direct BvP not yet weighted; 2026/2025 Statcast baseline active,7,4,17,0,"Last 7 games: 4/17, 0 HR","platoon edge; pitcher baseline 8.7% barrel, 21.8 HR allowed",neutral batted-ball profile; pitcher fly-ball pressure modest,3.0,34.0,87.0,96.7657,0.359,0.097,0.315,69.0,2.2,33.5,19.2,3.0,0.09,8.73,43.61,90.39,0.3885,0.1592,29.12,,,Angel Stadium,
101,694203,Denzer Guzman,LAA,MIN,2026-09-18T01:38:00Z,Scheduled,6,Taj Bradley,671737,R,40.6,Longshot,Watch List,Projected Lineup,24.7,48.1,28.2,71.7,50.0,42.3,No,Yes,6,Yes,Yes,RotoWire projected lineup; MLB probable pitchers,lineup projected / unconfirmed,H:2026/2025 P:2026/2025,,,Direct BvP not yet weighted; 2026/2025 Statcast baseline active,7,7,25,1,"Last 7 games: 7/25, 1 HR","same-side matchup; pitcher baseline 8.7% barrel, 21.8 HR allowed",neutral batted-ball profile; pitcher fly-ball pressure modest,8.49,37.51,86.5,98.7018,0.323,0.1141,0.249,73.43,35.34,40.11,23.77,5.5,0.1369,8.73,43.61,90.39,0.3885,0.1592,29.12,,,Angel Stadium,
102,670231,John Rave,KC,HOU,2026-09-17T23:15:00Z,Scheduled,7,,,,40.4,Longshot,Watch List,Projected Lineup,31.3,41.2,27.6,59.8,60.0,45.1,No,Yes,7,Yes,Yes,RotoWire projected lineup; MLB probable pitchers,lineup projected / unconfirmed,H:2026/2025 P:,,,Direct BvP not yet weighted; 2026/2025 Statcast baseline active,7,3,17,2,Hot streak: 2 HR in last 7 games,"handedness incomplete; pitcher baseline 0.0% barrel, 0.0 HR allowed",neutral batted-ball profile; pitcher fly-ball pressure modest,8.37,36.99,88.37,99.9196,0.3805,0.1479,0.3153,73.9,38.67,42.84,24.85,4.7,0.1796,,,,,,,,,Daikin Park,
103,676356,Jonny DeLuca,TB,ATH,2026-09-17T17:10:00Z,Scheduled,4,Jeffrey Springs,605488,L,39.9,Longshot,Watch List,"Projected Lineup, Premium Lineup Spot, Platoon Edge",10.1,46.5,27.6,90.4,78.0,32.0,No,Yes,4,Yes,Yes,RotoWire projected lineup; MLB probable pitchers,lineup projected / unconfirmed,H:2026/2025 P:2026/2025,,,Direct BvP not yet weighted; 2026/2025 Statcast baseline active,7,6,18,0,Contact streak: 6/18 over last 7 games,"platoon edge; pitcher baseline 8.9% barrel, 31.5 HR allowed",neutral batted-ball profile; pitcher allows elevated contact,2.93,29.91,85.46,97.3848,0.3318,0.0914,0.2656,72.75,28.38,45.46,22.83,6.3,0.144,8.94,35.69,87.74,0.4429,0.1918,32.02,,,Tropicana Field,
104,680777,Ryan Jeffers,MIN,LAA,2026-09-18T01:38:00Z,Scheduled,3,Walbert Ureña,700712,R,39.8,Longshot,Watch List,"Projected Lineup, Premium Lineup Spot",40.3,20.4,28.2,92.1,50.0,0.0,No,Yes,3,Yes,Yes,RotoWire projected lineup; MLB probable pitchers,lineup projected / unconfirmed,H:2026/2025 P:2026,,,Direct BvP not yet weighted; 2026/2025 Statcast baseline active,7,3,25,0,"Last 7 games: 3/25, 0 HR","same-side matchup; pitcher baseline 5.6% barrel, 9.0 HR allowed",neutral batted-ball profile; pitcher fly-ball pressure modest,9.66,41.26,89.02,100.8686,0.4322,0.1843,0.344,73.14,36.89,37.53,28.17,12.5,0.194,5.6,36.4,87.3,0.317,0.109,22.5,,,Angel Stadium,
105,664761,Alec Bohm,PHI,NYM,2026-09-17T23:15:00Z,Scheduled,5,Nolan McLean,690997,R,39.7,Longshot,Watch List,Projected Lineup,32.8,30.2,24.8,81.9,50.0,39.1,No,Yes,5,Yes,Yes,RotoWire projected lineup; MLB probable pitchers,lineup projected / unconfirmed,H:2026/2025 P:2026/2025,,,Direct BvP not yet weighted; 2026/2025 Statcast baseline active,7,8,21,0,Contact streak: 8/21 over last 7 games,"same-side matchup; pitcher baseline 7.2% barrel, 13.1 HR allowed",neutral batted-ball profile; pitcher fly-ball pressure modest,6.06,44.65,90.66,100.4589,0.4116,0.146,0.324,71.21,14.84,28.49,22.51,13.8,0.136,7.16,38.22,88.38,0.3478,0.1246,21.35,,,Citi Field,
106,500743,Miguel Rojas,LAD,CIN,2026-09-17T16:40:00Z,Scheduled,6,Brady Singer,663903,R,39.5,Longshot,Watch List,Projected Lineup,15.7,54.3,39.3,71.7,50.0,16.6,No,Yes,6,Yes,Yes,RotoWire projected lineup; MLB probable pitchers,lineup projected / unconfirmed,H:2026/2025 P:2026/2025,,,Direct BvP not yet weighted; 2026/2025 Statcast baseline active,7,3,13,0,"Last 7 games: 3/13, 0 HR","same-side matchup; pitcher baseline 9.8% barrel, 26.7 HR allowed",neutral batted-ball profile; pitcher fly-ball pressure modest,4.59,33.44,86.97,97.6768,0.372,0.1048,0.2997,68.73,5.0,36.71,22.89,4.2,0.1224,9.82,42.1,90.79,0.4454,0.18,26.86,,,Great American Ball Park,
107,686668,Brenton Doyle,CWS,DET,2026-09-17T23:40:00Z,Scheduled,6,Framber Valdez,664285,L,39.4,Longshot,Watch List,"Projected Lineup, Platoon Edge",25.2,34.5,27.6,71.7,78.0,32.0,No,Yes,6,Yes,Yes,RotoWire projected lineup; MLB probable pitchers,lineup projected / unconfirmed,H:2026/2025 P:2026/2025,,,Direct BvP not yet weighted; 2026/2025 Statcast baseline active,7,4,12,0,Contact streak: 4/12 over last 7 games,"platoon edge; pitcher baseline 5.9% barrel, 15.0 HR allowed",neutral batted-ball profile; pitcher fly-ball pressure modest,7.61,36.9,88.85,99.559,0.3183,0.1123,0.2533,71.82,14.32,37.34,25.27,6.6,0.1101,5.93,43.22,90.17,0.384,0.129,18.04,,,Rate Field,
108,514888,Jose Altuve,HOU,KC,2026-09-17T23:15:00Z,Scheduled,4,Seth Lugo,607625,R,39.3,Longshot,Watch List,"Projected Lineup, Premium Lineup Spot",13.8,52.8,27.6,90.4,50.0,15.3,No,Yes,4,Yes,Yes,RotoWire projected lineup; MLB probable pitchers,lineup projected / unconfirmed,H:2026/2025 P:2026/2025,,,Direct BvP not yet weighted; 2026/2025 Statcast baseline active,7,6,27,0,"Last 7 games: 6/27, 0 HR","same-side matchup; pitcher baseline 8.7% barrel, 21.4 HR allowed",neutral batted-ball profile; pitcher fly-ball pressure modest,5.01,31.46,85.38,97.0473,0.3427,0.1176,0.2804,69.0,9.78,45.01,23.28,18.3,0.1581,8.72,43.38,90.0,0.459,0.1883,28.76,,,Daikin Park,
109,607208,Trea Turner,PHI,NYM,2026-09-17T23:15:00Z,Scheduled,2,Nolan McLean,690997,R,39.3,Longshot,Watch List,"Projected Lineup, Premium Lineup Spot",27.0,30.2,24.8,95.5,50.0,31.4,No,Yes,2,Yes,Yes,RotoWire projected lineup; MLB probable pitchers,lineup projected / unconfirmed,H:2026/2025 P:2026/2025,,,Direct BvP not yet weighted; 2026/2025 Statcast baseline active,7,6,29,1,"Last 7 games: 6/29, 1 HR","same-side matchup; pitcher baseline 7.2% barrel, 13.1 HR allowed",neutral batted-ball profile; pitcher fly-ball pressure modest,6.22,40.0,88.6,99.2119,0.3792,0.1295,0.3,71.45,18.51,35.17,25.27,17.8,0.146,7.16,38.22,88.38,0.3478,0.1246,21.35,,,Citi Field,
110,805367,Chase Meidroth,CWS,DET,2026-09-17T23:40:00Z,Scheduled,1,Framber Valdez,664285,L,39.3,Longshot,Watch List,"Projected Lineup, Premium Lineup Spot, Platoon Edge",12.5,34.5,27.6,88.7,78.0,66.7,No,Yes,1,Yes,Yes,RotoWire projected lineup; MLB probable pitchers,lineup projected / unconfirmed,H:2026/2025 P:2026/2025,,,Direct BvP not yet weighted; 2026/2025 Statcast baseline active,7,8,25,2,Hot streak: 2 HR in last 7 games,"platoon edge; pitcher baseline 5.9% barrel, 15.0 HR allowed",neutral batted-ball profile; pitcher fly-ball pressure modest,3.56,34.77,87.5,97.3514,0.3372,0.0975,0.2972,67.05,1.25,38.05,20.61,11.3,0.1118,5.93,43.22,90.17,0.384,0.129,18.04,,,Rate Field,
111,691182,Adael Amador,COL,SD,2026-09-17T19:10:00Z,Scheduled,5,Michael King,650633,R,38.7,Longshot,Watch List,"Projected Lineup, Platoon Edge",10.6,39.8,38.7,81.9,75.0,33.7,No,Yes,5,Yes,Yes,RotoWire projected lineup; MLB probable pitchers,lineup projected / unconfirmed,H:2026/2025 P:2026/2025,,,Direct BvP not yet weighted; 2026/2025 Statcast baseline active,7,6,27,1,"Last 7 games: 6/27, 1 HR","switch hitter; pitcher baseline 9.4% barrel, 17.6 HR allowed",neutral batted-ball profile; pitcher fly-ball pressure modest,6.83,23.44,83.54,96.0253,0.3088,0.1069,0.2669,69.13,7.59,50.42,24.46,3.1,0.2175,9.37,34.46,87.24,0.4123,0.1744,27.75,,,Coors Field,
112,502054,Tommy Pham,CWS,DET,2026-09-17T23:40:00Z,Scheduled,4,Framber Valdez,664285,L,38.7,Longshot,Watch List,"Projected Lineup, Premium Lineup Spot, Platoon Edge",17.2,34.5,27.6,90.4,78.0,18.3,No,Yes,4,Yes,Yes,RotoWire projected lineup; MLB probable pitchers,lineup projected / unconfirmed,H:2026/2025 P:2026/2025,,,Direct BvP not yet weighted; 2026/2025 Statcast baseline active,7,1,10,1,"Last 7 games: 1/10, 1 HR","platoon edge; pitcher baseline 5.9% barrel, 15.0 HR allowed",neutral batted-ball profile; pitcher fly-ball pressure modest,1.98,34.18,91.53,99.2508,0.1979,0.0566,0.1878,70.64,9.72,41.31,25.96,3.0,0.0375,5.93,43.22,90.17,0.384,0.129,18.04,,,Rate Field,
113,543760,Marcus Semien,NYM,PHI,2026-09-17T23:15:00Z,Scheduled,6,Aaron Nola,605400,R,38.3,Longshot,Watch List,Projected Lineup,23.6,47.7,24.8,71.7,50.0,15.3,No,Yes,6,Yes,Yes,RotoWire projected lineup; MLB probable pitchers,lineup projected / unconfirmed,H:2026/2025 P:2026/2025,,,Direct BvP not yet weighted; 2026/2025 Statcast baseline active,7,6,27,0,"Last 7 games: 6/27, 0 HR","same-side matchup; pitcher baseline 9.3% barrel, 29.2 HR allowed",neutral batted-ball profile; pitcher fly-ball pressure modest,6.24,34.23,87.18,97.4404,0.3852,0.1411,0.3082,68.57,3.48,46.63,32.42,14.3,0.1284,9.31,41.27,88.77,0.4142,0.1724,27.46,,,Citi Field,
114,620443,Luis Torrens,NYM,PHI,2026-09-17T23:15:00Z,Scheduled,9,Aaron Nola,605400,R,37.9,Longshot,Watch List,Projected Lineup,31.8,47.7,24.8,40.2,50.0,42.0,No,Yes,9,Yes,Yes,RotoWire projected lineup; MLB probable pitchers,lineup projected / unconfirmed,H:2026/2025 P:2026/2025,,,Direct BvP not yet weighted; 2026/2025 Statcast baseline active,7,5,18,1,"Last 7 games: 5/18, 1 HR","same-side matchup; pitcher baseline 9.3% barrel, 29.2 HR allowed",neutral batted-ball profile; pitcher fly-ball pressure modest,7.34,43.48,89.2,99.5593,0.4001,0.1527,0.3107,70.42,7.78,31.36,21.18,7.8,0.1568,9.31,41.27,88.77,0.4142,0.1724,27.46,,,Citi Field,
115,622761,Jorge Mateo,TB,ATH,2026-09-17T17:10:00Z,Scheduled,8,Jeffrey Springs,605488,L,37.6,Longshot,Watch List,"Projected Lineup, Platoon Edge",24.4,46.5,27.6,47.9,78.0,9.3,No,Yes,8,Yes,Yes,RotoWire projected lineup; MLB probable pitchers,lineup projected / unconfirmed,H:2026/2025 P:2026/2025,,,Direct BvP not yet weighted; 2026/2025 Statcast baseline active,7,4,22,0,"Last 7 games: 4/22, 0 HR","platoon edge; pitcher baseline 8.9% barrel, 31.5 HR allowed",neutral batted-ball profile; pitcher allows elevated contact,6.69,36.49,86.84,98.7682,0.3397,0.1272,0.262,73.3,31.46,35.85,28.67,3.8,0.1086,8.94,35.69,87.74,0.4429,0.1918,32.02,,,Tropicana Field,
116,678662,Ezequiel Tovar,COL,SD,2026-09-17T19:10:00Z,Scheduled,9,Michael King,650633,R,37.6,Longshot,Watch List,Projected Lineup,29.0,41.7,38.7,40.2,50.0,42.0,No,Yes,9,Yes,Yes,RotoWire projected lineup; MLB probable pitchers,lineup projected / unconfirmed,H:2026/2025 P:2026/2025,,,Direct BvP not yet weighted; 2026/2025 Statcast baseline active,7,5,18,1,"Last 7 games: 5/18, 1 HR","same-side matchup; pitcher baseline 9.4% barrel, 17.6 HR allowed",neutral batted-ball profile; pitcher fly-ball pressure modest,7.34,34.63,88.07,98.9743,0.3885,0.1527,0.2917,72.02,21.1,37.47,30.34,10.4,0.1316,9.37,34.46,87.24,0.4123,0.1744,27.75,,,Coors Field,
117,596115,Trevor Story,BOS,TEX,2026-09-18T00:05:00Z,Scheduled,7,,,,37.6,Longshot,Watch List,Projected Lineup,25.4,41.2,27.6,59.8,60.0,28.2,No,Yes,7,Yes,Yes,RotoWire projected lineup; MLB probable pitchers,lineup projected / unconfirmed,H:2026/2025 P:,,,Direct BvP not yet weighted; 2026/2025 Statcast baseline active,7,8,26,0,"Last 7 games: 8/26, 0 HR","handedness incomplete; pitcher baseline 0.0% barrel, 0.0 HR allowed",neutral batted-ball profile; pitcher fly-ball pressure modest,6.26,40.42,88.39,99.6695,0.3503,0.1247,0.2676,70.96,13.4,42.23,24.67,9.6,0.1238,,,,,,,,,Globe Life Field,
118,643446,Jeff McNeil,ATH,TB,2026-09-17T17:10:00Z,Scheduled,2,Drew Rasmussen,656876,R,37.2,Longshot,Watch List,"Projected Lineup, Premium Lineup Spot, Platoon Edge",12.6,29.6,27.6,95.5,80.0,24.9,No,Yes,2,Yes,Yes,RotoWire projected lineup; MLB probable pitchers,lineup projected / unconfirmed,H:2026/2025 P:2026/2025,,,Direct BvP not yet weighted; 2026/2025 Statcast baseline active,7,8,28,0,"Last 7 games: 8/28, 0 HR","platoon edge; pitcher baseline 6.1% barrel, 15.2 HR allowed",neutral batted-ball profile; pitcher fly-ball pressure modest,2.79,31.01,86.78,96.6276,0.3754,0.102,0.3118,69.37,5.72,43.7,23.96,9.2,0.1218,6.09,37.35,88.99,0.3575,0.1257,23.17,,,Tropicana Field,
119,807726,John Peck,DET,CWS,2026-09-17T23:40:00Z,Scheduled,9,Erick Fedde,607200,R,37.2,Longshot,Watch List,"Projected Lineup, Strong Barrel",32.5,48.1,27.6,40.2,50.0,13.6,No,Yes,9,Yes,Yes,RotoWire projected lineup; MLB probable pitchers,lineup projected / unconfirmed,H:2026 P:2026/2025,,,Direct BvP not yet weighted; 2026/2025 Statcast baseline active,7,4,19,0,"Last 7 games: 4/19, 0 HR","same-side matchup; pitcher baseline 8.1% barrel, 21.8 HR allowed",neutral batted-ball profile; pitcher fly-ball pressure modest,10.7,37.9,88.3,98.5114,0.38,0.14,0.349,72.2,18.1,27.6,13.8,0.0,0.027,8.11,40.78,89.08,0.4477,0.186,29.4,,,Rate Field,
120,668904,Royce Lewis,MIN,LAA,2026-09-18T01:38:00Z,Scheduled,6,Walbert Ureña,700712,R,37.2,Longshot,Watch List,"Projected Lineup, Strong Barrel",40.7,20.4,28.2,71.7,50.0,0.8,No,Yes,6,Yes,Yes,RotoWire projected lineup; MLB probable pitchers,lineup projected / unconfirmed,H:2026/2025 P:2026,,,Direct BvP not yet weighted; 2026/2025 Statcast baseline active,7,3,24,0,"Last 7 games: 3/24, 0 HR","same-side matchup; pitcher baseline 5.6% barrel, 9.0 HR allowed",neutral batted-ball profile; pitcher fly-ball pressure modest,10.31,40.44,89.8,100.5691,0.4021,0.1621,0.3068,74.72,49.96,46.3,30.71,13.7,0.1573,5.6,36.4,87.3,0.317,0.109,22.5,,,Angel Stadium,
121,669016,Brandon Marsh,PHI,NYM,2026-09-17T23:15:00Z,Scheduled,8,Nolan McLean,690997,R,36.9,Longshot,Watch List,"Projected Lineup, Platoon Edge",36.3,30.2,24.8,47.9,80.0,0.0,No,Yes,8,Yes,Yes,RotoWire projected lineup; MLB probable pitchers,lineup projected / unconfirmed,H:2026/2025 P:2026/2025,,,Direct BvP not yet weighted; 2026/2025 Statcast baseline active,7,2,18,0,"Last 7 games: 2/18, 0 HR","platoon edge; pitcher baseline 7.2% barrel, 13.1 HR allowed",neutral batted-ball profile; pitcher fly-ball pressure modest,8.19,44.02,89.77,100.0418,0.4138,0.1571,0.3118,71.54,15.79,38.19,25.96,15.2,0.1525,7.16,38.22,88.38,0.3478,0.1246,21.35,,,Citi Field,
122,622268,Donovan Walton,ATH,TB,2026-09-17T17:10:00Z,Scheduled,6,Drew Rasmussen,656876,R,36.8,Longshot,Watch List,"Projected Lineup, Platoon Edge",16.6,29.6,27.6,71.7,80.0,56.2,No,Yes,6,Yes,Yes,RotoWire projected lineup; MLB probable pitchers,lineup projected / unconfirmed,H:2026/2025 P:2026/2025,,,Direct BvP not yet weighted; 2026/2025 Statcast baseline active,7,6,24,2,Hot streak: 2 HR in last 7 games,"platoon edge; pitcher baseline 6.1% barrel, 15.2 HR allowed",neutral batted-ball profile; pitcher fly-ball pressure modest,3.36,34.56,88.96,97.44,0.3737,0.1089,0.3167,67.99,0.56,36.86,22.02,4.9,0.1288,6.09,37.35,88.99,0.3575,0.1257,23.17,,,Tropicana Field,
123,553869,Elias Diaz,TEX,BOS,2026-09-18T00:05:00Z,Scheduled,8,Sonny Gray,543243,R,36.6,Longshot,Watch List,Projected Lineup,32.0,38.6,27.6,47.9,50.0,29.4,No,Yes,8,Yes,Yes,RotoWire projected lineup; MLB probable pitchers,lineup projected / unconfirmed,H:2026/2025 P:2026/2025,,,Direct BvP not yet weighted; 2026/2025 Statcast baseline active,7,6,19,0,"Last 7 games: 6/19, 0 HR","same-side matchup; pitcher baseline 7.7% barrel, 18.0 HR allowed",neutral batted-ball profile; pitcher fly-ball pressure modest,8.51,40.59,88.33,100.7665,0.3536,0.1376,0.2701,74.34,43.79,37.93,26.4,7.6,0.1564,7.7,39.37,89.18,0.3936,0.1439,22.85,,,Globe Life Field,
124,681082,Bryson Stott,PHI,NYM,2026-09-17T23:15:00Z,Scheduled,6,Nolan McLean,690997,R,36.5,Longshot,Watch List,"Projected Lineup, Platoon Edge",24.9,30.2,24.8,71.7,80.0,2.5,No,Yes,6,Yes,Yes,RotoWire projected lineup; MLB probable pitchers,lineup projected / unconfirmed,H:2026/2025 P:2026/2025,,,Direct BvP not yet weighted; 2026/2025 Statcast baseline active,7,3,22,0,"Last 7 games: 3/22, 0 HR","platoon edge; pitcher baseline 7.2% barrel, 13.1 HR allowed",neutral batted-ball profile; pitcher fly-ball pressure modest,5.66,34.96,88.72,98.3185,0.3979,0.1383,0.3221,69.72,6.61,34.52,27.66,10.9,0.1389,7.16,38.22,88.38,0.3478,0.1246,21.35,,,Citi Field,
125,592663,J.T. Realmuto,PHI,NYM,2026-09-17T23:15:00Z,Scheduled,7,Nolan McLean,690997,R,36.5,Longshot,Watch List,Projected Lineup,33.0,30.2,24.8,59.8,50.0,34.9,No,Yes,7,Yes,Yes,RotoWire projected lineup; MLB probable pitchers,lineup projected / unconfirmed,H:2026/2025 P:2026/2025,,,Direct BvP not yet weighted; 2026/2025 Statcast baseline active,7,6,26,1,"Last 7 games: 6/26, 1 HR","same-side matchup; pitcher baseline 7.2% barrel, 13.1 HR allowed",neutral batted-ball profile; pitcher fly-ball pressure modest,6.7,42.14,89.86,100.1534,0.404,0.1468,0.3223,72.77,30.75,42.51,25.73,11.3,0.1319,7.16,38.22,88.38,0.3478,0.1246,21.35,,,Citi Field,
126,687597,Jordan Beck,COL,SD,2026-09-17T19:10:00Z,Scheduled,7,Michael King,650633,R,35.6,Longshot,Watch List,Projected Lineup,19.1,41.7,38.7,59.8,50.0,12.0,No,Yes,7,Yes,Yes,RotoWire projected lineup; MLB probable pitchers,lineup projected / unconfirmed,H:2026/2025 P:2026/2025,,,Direct BvP not yet weighted; 2026/2025 Statcast baseline active,7,3,15,0,"Last 7 games: 3/15, 0 HR","same-side matchup; pitcher baseline 9.4% barrel, 17.6 HR allowed",neutral batted-ball profile; pitcher fly-ball pressure modest,5.68,32.55,86.63,98.3755,0.3187,0.1066,0.2621,73.76,37.11,39.03,28.25,5.5,0.1146,9.37,34.46,87.24,0.4123,0.1744,27.75,,,Coors Field,
127,666126,Carlos Cortes,ATH,TB,2026-09-17T17:10:00Z,Scheduled,8,Drew Rasmussen,656876,R,35.4,Longshot,Watch List,"Projected Lineup, Platoon Edge",28.0,29.6,27.6,47.9,80.0,19.9,No,Yes,8,Yes,Yes,RotoWire projected lineup; MLB probable pitchers,lineup projected / unconfirmed,H:2026/2025 P:2026/2025,,,Direct BvP not yet weighted; 2026/2025 Statcast baseline active,7,3,23,1,"Last 7 games: 3/23, 1 HR","platoon edge; pitcher baseline 6.1% barrel, 15.2 HR allowed",neutral batted-ball profile; pitcher fly-ball pressure modest,7.03,38.26,88.75,99.2691,0.3919,0.1406,0.307,70.76,14.27,30.55,22.87,7.5,0.1654,6.09,37.35,88.99,0.3575,0.1257,23.17,,,Tropicana Field,
128,679845,Nick Loftin,KC,HOU,2026-09-17T23:15:00Z,Scheduled,6,,,,34.8,Longshot,Watch List,Projected Lineup,15.7,41.2,27.6,71.7,60.0,3.4,No,Yes,6,Yes,Yes,RotoWire projected lineup; MLB probable pitchers,lineup projected / unconfirmed,H:2026/2025 P:,,,Direct BvP not yet weighted; 2026/2025 Statcast baseline active,7,3,21,0,"Last 7 games: 3/21, 0 HR","handedness incomplete; pitcher baseline 0.0% barrel, 0.0 HR allowed",neutral batted-ball profile; pitcher fly-ball pressure modest,4.83,29.8,87.22,96.8839,0.3401,0.1137,0.2912,68.98,5.87,43.38,28.01,6.1,0.1455,,,,,,,,,Daikin Park,
129,695681,Christian Moore,LAA,MIN,2026-09-18T01:38:00Z,Scheduled,8,Taj Bradley,671737,R,34.8,Longshot,Watch List,Projected Lineup,23.6,48.1,28.2,47.9,50.0,0.0,No,Yes,8,Yes,Yes,RotoWire projected lineup; MLB probable pitchers,lineup projected / unconfirmed,H:2026/2025 P:2026/2025,,,Direct BvP not yet weighted; 2026/2025 Statcast baseline active,7,2,25,0,"Last 7 games: 2/25, 0 HR","same-side matchup; pitcher baseline 8.7% barrel, 21.8 HR allowed",neutral batted-ball profile; pitcher fly-ball pressure modest,7.32,36.65,88.41,99.4375,0.2946,0.1056,0.2456,71.93,24.17,26.5,27.22,2.8,0.1062,8.73,43.61,90.39,0.3885,0.1592,29.12,,,Angel Stadium,
130,683734,Andrew Vaughn,MIL,PIT,2026-09-17T16:35:00Z,Scheduled,8,Wilber Dotel,696062,R,34.6,Longshot,Watch List,Projected Lineup,34.6,27.6,24.3,47.9,50.0,34.9,No,Yes,8,Yes,Yes,RotoWire projected lineup; MLB probable pitchers,lineup projected / unconfirmed,H:2026/2025 P:2026,,,Direct BvP not yet weighted; 2026/2025 Statcast baseline active,7,6,17,0,Contact streak: 6/17 over last 7 games,"same-side matchup; pitcher baseline 3.0% barrel, 2.0 HR allowed",neutral batted-ball profile; pitcher fly-ball pressure modest,7.24,44.9,90.62,100.2334,0.4139,0.1451,0.3385,70.53,13.15,33.86,24.62,8.4,0.1479,3.0,46.0,90.7,0.355,0.106,27.0,,,PNC Park,
131,624431,Jose Trevino,CIN,LAD,2026-09-17T16:40:00Z,Scheduled,8,Justin Wrobleski,680736,L,34.6,Longshot,Watch List,"Projected Lineup, Platoon Edge",10.0,48.2,39.3,47.9,78.0,2.5,No,Yes,8,Yes,Yes,RotoWire projected lineup; MLB probable pitchers,lineup projected / unconfirmed,H:2026/2025 P:2026/2025,,,Direct BvP not yet weighted; 2026/2025 Statcast baseline active,7,3,22,0,"Last 7 games: 3/22, 0 HR","platoon edge; pitcher baseline 8.1% barrel, 16.5 HR allowed",neutral batted-ball profile; pitcher fly-ball pressure modest,3.24,33.49,86.43,97.5688,0.3081,0.0934,0.2339,68.52,2.71,35.23,21.29,4.7,0.1242,8.07,44.79,90.6,0.4234,0.1612,28.35,,,Great American Ball Park,
132,682927,Ronny Simon,PIT,MIL,2026-09-17T16:35:00Z,Scheduled,7,Kyle Harrison,690986,L,34.5,Longshot,Watch List,"Projected Lineup, Platoon Edge",13.2,39.8,24.3,59.8,75.0,37.3,No,Yes,7,Yes,Yes,RotoWire projected lineup; MLB probable pitchers,lineup projected / unconfirmed,H:2026/2025 P:2026/2025,,,Direct BvP not yet weighted; 2026/2025 Statcast baseline active,7,7,19,0,Contact streak: 7/19 over last 7 games,"switch hitter; pitcher baseline 8.1% barrel, 15.2 HR allowed",neutral batted-ball profile; pitcher fly-ball pressure modest,4.17,29.76,86.02,97.9494,0.3668,0.1002,0.3041,72.15,23.93,34.45,14.38,0.0,0.0327,8.06,39.55,89.58,0.394,0.1511,28.09,,,PNC Park,
133,650333,Luis Arraez,PHI,NYM,2026-09-17T23:15:00Z,Scheduled,4,Nolan McLean,690997,R,34.5,Longshot,Watch List,"Projected Lineup, Premium Lineup Spot, Platoon Edge",6.9,30.2,24.8,90.4,80.0,28.2,No,Yes,4,Yes,Yes,RotoWire projected lineup; MLB probable pitchers,lineup projected / unconfirmed,H:2026/2025 P:2026/2025,,,Direct BvP not yet weighted; 2026/2025 Statcast baseline active,7,8,26,0,"Last 7 games: 8/26, 0 HR","platoon edge; pitcher baseline 7.2% barrel, 13.1 HR allowed",neutral batted-ball profile; pitcher fly-ball pressure modest,1.24,18.17,86.24,93.8715,0.3714,0.0851,0.3037,62.92,0.19,30.31,28.38,6.6,0.1091,7.16,38.22,88.38,0.3478,0.1246,21.35,,,Citi Field,
134,643376,Danny Jansen,TEX,BOS,2026-09-18T00:05:00Z,Scheduled,9,Sonny Gray,543243,R,34.4,Longshot,Watch List,Projected Lineup,24.2,38.6,27.6,40.2,50.0,58.7,No,Yes,9,Yes,Yes,RotoWire projected lineup; MLB probable pitchers,lineup projected / unconfirmed,H:2026/2025 P:2026/2025,,,Direct BvP not yet weighted; 2026/2025 Statcast baseline active,7,7,18,1,Contact streak: 7/18 over last 7 games,"same-side matchup; pitcher baseline 7.7% barrel, 18.0 HR allowed",neutral batted-ball profile; pitcher fly-ball pressure modest,7.33,35.85,87.81,98.1212,0.3213,0.1332,0.2755,69.92,6.67,54.05,27.93,8.4,0.1721,7.7,39.37,89.18,0.3936,0.1439,22.85,,,Globe Life Field,
135,663611,Nick Madrigal,TB,ATH,2026-09-17T17:10:00Z,Scheduled,6,Jeffrey Springs,605488,L,34.3,Longshot,Watch List,"Projected Lineup, Platoon Edge",5.5,46.5,27.6,71.7,78.0,3.4,No,Yes,6,Yes,Yes,RotoWire projected lineup; MLB probable pitchers,lineup projected / unconfirmed,H:2026 P:2026/2025,,,Direct BvP not yet weighted; 2026/2025 Statcast baseline active,7,3,21,0,"Last 7 games: 3/21, 0 HR","platoon edge; pitcher baseline 8.9% barrel, 31.5 HR allowed",neutral batted-ball profile; pitcher allows elevated contact,0.0,26.5,87.8,96.124,0.281,0.049,0.29,65.9,1.1,30.6,20.4,0.0,0.019,8.94,35.69,87.74,0.4429,0.1918,32.02,,,Tropicana Field,
136,690924,Braxton Fulford,COL,SD,2026-09-17T19:10:00Z,Scheduled,8,Michael King,650633,R,34.3,Longshot,Watch List,Projected Lineup,22.2,41.7,38.7,47.9,50.0,0.0,No,Yes,8,Yes,Yes,RotoWire projected lineup; MLB probable pitchers,lineup projected / unconfirmed,H:2026/2025 P:2026/2025,,,Direct BvP not yet weighted; 2026/2025 Statcast baseline active,7,1,15,0,"Last 7 games: 1/15, 0 HR","same-side matchup; pitcher baseline 9.4% barrel, 17.6 HR allowed",fly-ball profile; pitcher fly-ball pressure modest,6.84,34.36,87.02,98.2974,0.2619,0.1042,0.2256,71.57,20.63,29.66,38.8,1.0,0.104,9.37,34.46,87.24,0.4123,0.1744,27.75,,,Coors Field,
137,663743,Nick Fortes,TB,ATH,2026-09-17T17:10:00Z,Scheduled,9,Jeffrey Springs,605488,L,34.2,Longshot,Watch List,"Projected Lineup, Platoon Edge",12.3,46.5,27.6,40.2,78.0,43.2,No,Yes,9,Yes,Yes,RotoWire projected lineup; MLB probable pitchers,lineup projected / unconfirmed,H:2026/2025 P:2026/2025,,,Direct BvP not yet weighted; 2026/2025 Statcast baseline active,7,4,14,1,"Last 7 games: 4/14, 1 HR","platoon edge; pitcher baseline 8.9% barrel, 31.5 HR allowed",neutral batted-ball profile; pitcher allows elevated contact,2.85,35.73,85.96,98.9632,0.3255,0.0916,0.2735,72.42,23.74,50.98,18.08,5.0,0.1116,8.94,35.69,87.74,0.4429,0.1918,32.02,,,Tropicana Field,
138,694378,Jacob Gonzalez,PIT,MIL,2026-09-17T16:35:00Z,Scheduled,8,Kyle Harrison,690986,L,33.9,Longshot,Watch List,Projected Lineup,24.6,41.5,24.3,47.9,50.0,19.5,No,Yes,8,Yes,Yes,RotoWire projected lineup; MLB probable pitchers,lineup projected / unconfirmed,H:2026 P:2026/2025,,,Direct BvP not yet weighted; 2026/2025 Statcast baseline active,7,3,12,0,"Last 7 games: 3/12, 0 HR","same-side matchup; pitcher baseline 8.1% barrel, 15.2 HR allowed",neutral batted-ball profile; pitcher fly-ball pressure modest,4.4,38.1,88.1,98.9869,0.398,0.145,0.308,71.2,14.3,42.2,26.1,6.0,0.135,8.06,39.55,89.58,0.394,0.1511,28.09,,,PNC Park,
139,669392,Samad Taylor,SD,COL,2026-09-17T19:10:00Z,Scheduled,8,Tanner Gordon,685299,R,33.9,Longshot,Watch List,Projected Lineup,1.5,61.7,38.7,47.9,50.0,32.0,No,Yes,8,Yes,Yes,RotoWire projected lineup; MLB probable pitchers,lineup projected / unconfirmed,H:2026/2025 P:2026/2025,,,Direct BvP not yet weighted; 2026/2025 Statcast baseline active,7,7,21,0,Contact streak: 7/21 over last 7 games,"same-side matchup; pitcher baseline 10.7% barrel, 17.4 HR allowed",neutral batted-ball profile; pitcher allows elevated contact,1.61,20.06,81.86,93.6732,0.2965,0.0612,0.2656,68.67,3.08,28.64,15.93,0.7,0.0518,10.73,42.32,90.59,0.4838,0.2111,33.46,,,Coors Field,
140,686555,Isaac Collins,KC,HOU,2026-09-17T23:15:00Z,Scheduled,9,,,,33.8,Longshot,Watch List,"Projected Lineup, Platoon Edge",21.7,40.2,27.6,40.2,75.0,8.5,No,Yes,9,Yes,Yes,RotoWire projected lineup; MLB probable pitchers,lineup projected / unconfirmed,H:2026/2025 P:,,,Direct BvP not yet weighted; 2026/2025 Statcast baseline active,7,3,17,0,"Last 7 games: 3/17, 0 HR","switch hitter; pitcher baseline 0.0% barrel, 0.0 HR allowed",neutral batted-ball profile; pitcher fly-ball pressure modest,5.04,39.25,88.45,99.8245,0.3247,0.0948,0.3045,73.33,30.2,39.91,25.25,6.9,0.1249,,,,,,,,,Daikin Park,
141,687401,Joey Ortiz,MIL,PIT,2026-09-17T16:35:00Z,Scheduled,6,Wilber Dotel,696062,R,33.7,Longshot,Watch List,Projected Lineup,17.5,27.6,24.3,71.7,50.0,63.3,No,Yes,6,Yes,Yes,RotoWire projected lineup; MLB probable pitchers,lineup projected / unconfirmed,H:2026/2025 P:2026,,,Direct BvP not yet weighted; 2026/2025 Statcast baseline active,7,11,24,1,Contact streak: 11/24 over last 7 games,"same-side matchup; pitcher baseline 3.0% barrel, 2.0 HR allowed",neutral batted-ball profile; pitcher fly-ball pressure modest,3.91,35.81,87.77,99.1128,0.3473,0.1002,0.2939,72.93,30.29,32.12,19.89,8.4,0.1227,3.0,46.0,90.7,0.355,0.106,27.0,,,PNC Park,
142,677649,Ezequiel Duran,TEX,BOS,2026-09-18T00:05:00Z,Scheduled,7,Sonny Gray,543243,R,33.7,Longshot,Watch List,Projected Lineup,20.9,38.6,27.6,59.8,50.0,10.8,No,Yes,7,Yes,Yes,RotoWire projected lineup; MLB probable pitchers,lineup projected / unconfirmed,H:2026/2025 P:2026/2025,,,Direct BvP not yet weighted; 2026/2025 Statcast baseline active,7,5,26,0,"Last 7 games: 5/26, 0 HR","same-side matchup; pitcher baseline 7.7% barrel, 18.0 HR allowed",neutral batted-ball profile; pitcher fly-ball pressure modest,5.05,36.36,87.82,99.1075,0.3538,0.116,0.2883,72.34,24.73,35.1,21.86,11.9,0.1397,7.7,39.37,89.18,0.3936,0.1439,22.85,,,Globe Life Field,
143,681987,Nate Eaton,BOS,TEX,2026-09-18T00:05:00Z,Scheduled,9,,,,33.3,Longshot,Watch List,Projected Lineup,25.0,41.2,27.6,40.2,60.0,0.0,No,Yes,9,Yes,Yes,RotoWire projected lineup; MLB probable pitchers,lineup projected / unconfirmed,H:2026/2025 P:,,,Direct BvP not yet weighted; 2026/2025 Statcast baseline active,7,1,16,0,"Last 7 games: 1/16, 0 HR","handedness incomplete; pitcher baseline 0.0% barrel, 0.0 HR allowed",neutral batted-ball profile; pitcher fly-ball pressure modest,7.49,36.45,88.1,98.4853,0.3153,0.1321,0.2776,73.16,28.61,50.93,18.22,1.0,0.1178,,,,,,,,,Globe Life Field,
144,802415,Chandler Simpson,TB,ATH,2026-09-17T17:10:00Z,Scheduled,5,Jeffrey Springs,605488,L,33.2,Longshot,Watch List,Projected Lineup,0.3,46.5,27.6,81.9,50.0,36.0,No,Yes,5,Yes,Yes,RotoWire projected lineup; MLB probable pitchers,lineup projected / unconfirmed,H:2026/2025 P:2026/2025,,,Direct BvP not yet weighted; 2026/2025 Statcast baseline active,7,9,25,0,Contact streak: 9/25 over last 7 games,"same-side matchup; pitcher baseline 8.9% barrel, 31.5 HR allowed",neutral batted-ball profile; pitcher allows elevated contact,0.0,14.5,83.81,92.8015,0.3094,0.0382,0.2746,64.73,0.44,28.13,12.37,0.0,0.0507,8.94,35.69,87.74,0.4429,0.1918,32.02,,,Tropicana Field,
145,695720,Tommy White,ATH,TB,2026-09-17T17:10:00Z,Scheduled,7,Drew Rasmussen,656876,R,32.9,Longshot,Watch List,Projected Lineup,19.9,29.6,27.6,59.8,50.0,44.5,No,Yes,7,Yes,Yes,RotoWire projected lineup; MLB probable pitchers,lineup projected / unconfirmed,H:2026 P:2026/2025,,,Direct BvP not yet weighted; 2026/2025 Statcast baseline active,7,5,17,1,"Last 7 games: 5/17, 1 HR","same-side matchup; pitcher baseline 6.1% barrel, 15.2 HR allowed",neutral batted-ball profile; pitcher fly-ball pressure modest,7.4,31.9,85.8,97.0704,0.39,0.123,0.296,69.3,13.2,28.1,23.0,2.0,0.068,6.09,37.35,88.99,0.3575,0.1257,23.17,,,Tropicana Field,
146,702332,Caleb Durbin,BOS,TEX,2026-09-18T00:05:00Z,Scheduled,6,,,,32.8,Longshot,Watch List,Projected Lineup,4.2,41.2,27.6,71.7,60.0,39.8,No,Yes,6,Yes,Yes,RotoWire projected lineup; MLB probable pitchers,lineup projected / unconfirmed,H:2026/2025 P:,,,Direct BvP not yet weighted; 2026/2025 Statcast baseline active,7,5,19,1,"Last 7 games: 5/19, 1 HR","handedness incomplete; pitcher baseline 0.0% barrel, 0.0 HR allowed",neutral batted-ball profile; pitcher fly-ball pressure modest,3.23,26.06,83.94,95.6112,0.3319,0.0909,0.298,68.88,5.02,40.81,20.03,12.4,0.1331,,,,,,,,,Globe Life Field,
147,678489,Jorge Barrosa,HOU,KC,2026-09-17T23:15:00Z,Scheduled,9,Seth Lugo,607625,R,32.7,Longshot,Watch List,"Projected Lineup, Platoon Edge",9.8,50.9,27.6,40.2,75.0,15.3,No,Yes,9,Yes,Yes,RotoWire projected lineup; MLB probable pitchers,lineup projected / unconfirmed,H:2026/2025 P:2026/2025,,,Direct BvP not yet weighted; 2026/2025 Statcast baseline active,7,2,9,0,"Last 7 games: 2/9, 0 HR","switch hitter; pitcher baseline 8.7% barrel, 21.4 HR allowed",neutral batted-ball profile; pitcher fly-ball pressure modest,3.36,26.6,87.38,96.093,0.2521,0.0854,0.2224,68.83,2.83,44.46,31.73,1.7,0.126,8.72,43.38,90.0,0.459,0.1883,28.76,,,Daikin Park,
148,800325,Luis Lara,MIL,PIT,2026-09-17T16:35:00Z,Scheduled,7,Wilber Dotel,696062,R,32.6,Longshot,Watch List,"Projected Lineup, Platoon Edge",19.7,27.4,24.3,59.8,75.0,14.1,No,Yes,7,Yes,Yes,RotoWire projected lineup; MLB probable pitchers,lineup projected / unconfirmed,H:2026 P:2026,,,Direct BvP not yet weighted; 2026/2025 Statcast baseline active,7,6,28,0,"Last 7 games: 6/28, 0 HR","switch hitter; pitcher baseline 3.0% barrel, 2.0 HR allowed",neutral batted-ball profile; pitcher fly-ball pressure modest,4.0,43.5,88.8,99.3064,0.342,0.079,0.302,71.5,18.2,29.0,15.3,1.0,0.093,3.0,46.0,90.7,0.355,0.106,27.0,,,PNC Park,
149,661531,Brian Serven,ATH,TB,2026-09-17T17:10:00Z,Scheduled,9,Drew Rasmussen,656876,R,32.1,Longshot,Watch List,"Projected Lineup, Strong Barrel",32.6,29.6,27.6,40.2,50.0,0.0,No,Yes,9,Yes,Yes,RotoWire projected lineup; MLB probable pitchers,lineup projected / unconfirmed,H:2026 P:2026/2025,,,Direct BvP not yet weighted; 2026/2025 Statcast baseline active,7,2,20,0,"Last 7 games: 2/20, 0 HR","same-side matchup; pitcher baseline 6.1% barrel, 15.2 HR allowed",neutral batted-ball profile; pitcher fly-ball pressure modest,10.0,32.0,88.0,98.968,0.402,0.172,0.293,70.5,5.9,36.0,30.0,5.0,0.232,6.09,37.35,88.99,0.3575,0.1257,23.17,,,Tropicana Field,
150,807712,Luke Keaschall,MIN,LAA,2026-09-18T01:38:00Z,Scheduled,1,Walbert Ureña,700712,R,31.8,Longshot,Watch List,"Projected Lineup, Premium Lineup Spot",12.4,20.4,28.2,88.7,50.0,33.9,No,Yes,1,Yes,Yes,RotoWire projected lineup; MLB probable pitchers,lineup projected / unconfirmed,H:2026/2025 P:2026,,,Direct BvP not yet weighted; 2026/2025 Statcast baseline active,7,9,26,0,Contact streak: 9/26 over last 7 games,"same-side matchup; pitcher baseline 5.6% barrel, 9.0 HR allowed",neutral batted-ball profile; pitcher fly-ball pressure modest,3.94,29.31,85.64,96.6488,0.3626,0.1125,0.3184,68.57,7.1,38.61,27.39,7.5,0.1206,5.6,36.4,87.3,0.317,0.109,22.5,,,Angel Stadium,
151,668885,Austin Martin,MIN,LAA,2026-09-18T01:38:00Z,Scheduled,2,Walbert Ureña,700712,R,31.0,Longshot,Watch List,"Projected Lineup, Premium Lineup Spot",12.1,20.4,28.2,95.5,50.0,0.0,No,Yes,2,Yes,Yes,RotoWire projected lineup; MLB probable pitchers,lineup projected / unconfirmed,H:2026/2025 P:2026,,,Direct BvP not yet weighted; 2026/2025 Statcast baseline active,7,2,18,0,"Last 7 games: 2/18, 0 HR","same-side matchup; pitcher baseline 5.6% barrel, 9.0 HR allowed",neutral batted-ball profile; pitcher fly-ball pressure modest,3.75,31.95,86.83,97.323,0.347,0.0981,0.3205,68.83,4.34,40.23,20.77,2.4,0.0879,5.6,36.4,87.3,0.317,0.109,22.5,,,Angel Stadium,
152,682668,Luisangel Acuna,CWS,DET,2026-09-17T23:40:00Z,Scheduled,8,Framber Valdez,664285,L,30.6,Longshot,Watch List,"Projected Lineup, Platoon Edge",13.5,34.5,27.6,47.9,78.0,0.0,No,Yes,8,Yes,Yes,RotoWire projected lineup; MLB probable pitchers,lineup projected / unconfirmed,H:2026/2025 P:2026/2025,,,Direct BvP not yet weighted; 2026/2025 Statcast baseline active,7,0,6,0,"Last 7 games: 0/6, 0 HR","platoon edge; pitcher baseline 5.9% barrel, 15.0 HR allowed",neutral batted-ball profile; pitcher fly-ball pressure modest,2.59,35.85,88.25,99.3222,0.3109,0.0679,0.2682,71.68,24.63,32.5,16.16,0.7,0.0365,5.93,43.22,90.17,0.384,0.129,18.04,,,Rate Field,
153,668952,Ryan Kreidler,MIN,LAA,2026-09-18T01:38:00Z,Scheduled,8,Walbert Ureña,700712,R,30.5,Longshot,Watch List,Projected Lineup,25.9,20.4,28.2,47.9,50.0,32.5,No,Yes,8,Yes,Yes,RotoWire projected lineup; MLB probable pitchers,lineup projected / unconfirmed,H:2026/2025 P:2026,,,Direct BvP not yet weighted; 2026/2025 Statcast baseline active,7,3,14,1,"Last 7 games: 3/14, 1 HR","same-side matchup; pitcher baseline 5.6% barrel, 9.0 HR allowed",neutral batted-ball profile; pitcher fly-ball pressure modest,6.76,34.62,88.62,99.237,0.3348,0.1273,0.2703,73.03,31.53,44.63,29.77,4.2,0.1022,5.6,36.4,87.3,0.317,0.109,22.5,,,Angel Stadium,
154,668942,Josh Rojas,KC,HOU,2026-09-17T23:15:00Z,Scheduled,8,,,,30.2,Longshot,Watch List,Projected Lineup,10.6,41.2,27.6,47.9,60.0,12.0,No,Yes,8,Yes,Yes,RotoWire projected lineup; MLB probable pitchers,lineup projected / unconfirmed,H:2026/2025 P:,,,Direct BvP not yet weighted; 2026/2025 Statcast baseline active,7,3,15,0,"Last 7 games: 3/15, 0 HR","handedness incomplete; pitcher baseline 0.0% barrel, 0.0 HR allowed",neutral batted-ball profile; pitcher fly-ball pressure modest,1.89,30.43,87.15,96.7127,0.2735,0.0813,0.2308,68.5,2.85,34.21,34.0,2.0,0.0958,,,,,,,,,Daikin Park,
155,702222,Justin Crawford,PHI,NYM,2026-09-17T23:15:00Z,Scheduled,9,Nolan McLean,690997,R,30.2,Longshot,Watch List,"Projected Lineup, Platoon Edge",11.4,30.2,24.8,40.2,80.0,52.8,No,Yes,9,Yes,Yes,RotoWire projected lineup; MLB probable pitchers,lineup projected / unconfirmed,H:2026 P:2026/2025,,,Direct BvP not yet weighted; 2026/2025 Statcast baseline active,7,7,20,1,Contact streak: 7/20 over last 7 games,"platoon edge; pitcher baseline 7.2% barrel, 13.1 HR allowed",neutral batted-ball profile; pitcher fly-ball pressure modest,1.5,36.3,87.2,98.2766,0.326,0.067,0.286,69.2,6.0,28.0,15.9,3.0,0.088,7.16,38.22,88.38,0.3478,0.1246,21.35,,,Citi Field,
156,624428,Adam Frazier,LAA,MIN,2026-09-18T01:38:00Z,Scheduled,9,Taj Bradley,671737,R,29.9,Longshot,Watch List,"Projected Lineup, Platoon Edge",2.5,48.1,28.2,40.2,80.0,8.5,No,Yes,9,Yes,Yes,RotoWire projected lineup; MLB probable pitchers,lineup projected / unconfirmed,H:2026/2025 P:2026/2025,,,Direct BvP not yet weighted; 2026/2025 Statcast baseline active,7,3,17,0,"Last 7 games: 3/17, 0 HR","platoon edge; pitcher baseline 8.7% barrel, 21.8 HR allowed",neutral batted-ball profile; pitcher fly-ball pressure modest,2.14,19.41,85.44,94.3877,0.2973,0.076,0.2636,65.38,1.6,41.88,23.49,2.8,0.1029,8.73,43.61,90.39,0.3885,0.1592,29.12,,,Angel Stadium,
157,669743,Alex Call,LAD,CIN,2026-09-17T16:40:00Z,Scheduled,9,Brady Singer,663903,R,29.7,Longshot,Watch List,Projected Lineup,2.0,54.3,39.3,40.2,50.0,0.0,No,Yes,9,Yes,Yes,RotoWire projected lineup; MLB probable pitchers,lineup projected / unconfirmed,H:2026/2025 P:2026/2025,,,Direct BvP not yet weighted; 2026/2025 Statcast baseline active,7,1,13,0,"Last 7 games: 1/13, 0 HR","same-side matchup; pitcher baseline 9.8% barrel, 26.7 HR allowed",neutral batted-ball profile; pitcher fly-ball pressure modest,2.47,19.38,84.77,94.0333,0.292,0.0756,0.2909,66.38,2.79,33.5,24.12,2.2,0.0851,9.82,42.1,90.79,0.4454,0.18,26.86,,,Great American Ball Park,
158,663968,Jake Mangum,PIT,MIL,2026-09-17T16:35:00Z,Scheduled,9,Kyle Harrison,690986,L,28.5,Longshot,Watch List,"Projected Lineup, Platoon Edge",6.6,39.8,24.3,40.2,75.0,15.3,No,Yes,9,Yes,Yes,RotoWire projected lineup; MLB probable pitchers,lineup projected / unconfirmed,H:2026/2025 P:2026/2025,,,Direct BvP not yet weighted; 2026/2025 Statcast baseline active,7,6,27,0,"Last 7 games: 6/27, 0 HR","switch hitter; pitcher baseline 8.1% barrel, 15.2 HR allowed",neutral batted-ball profile; pitcher fly-ball pressure modest,2.28,29.13,86.11,96.7188,0.3339,0.0836,0.2844,67.65,4.22,28.14,16.19,3.7,0.0818,8.06,39.55,89.58,0.394,0.1511,28.09,,,PNC Park,
159,643396,Isiah Kiner-Falefa,BOS,TEX,2026-09-18T00:05:00Z,Scheduled,8,,,,27.7,Longshot,Watch List,Projected Lineup,3.1,41.2,27.6,47.9,60.0,10.1,No,Yes,8,Yes,Yes,RotoWire projected lineup; MLB probable pitchers,lineup projected / unconfirmed,H:2026/2025 P:,,,Direct BvP not yet weighted; 2026/2025 Statcast baseline active,7,3,16,0,"Last 7 games: 3/16, 0 HR","handedness incomplete; pitcher baseline 0.0% barrel, 0.0 HR allowed",neutral batted-ball profile; pitcher fly-ball pressure modest,2.17,27.5,83.27,95.4713,0.3327,0.0674,0.2984,67.97,2.81,38.15,15.02,2.0,0.0776,,,,,,,,,Globe Life Field,
160,671976,Tristan Peters,CWS,DET,2026-09-17T23:40:00Z,Scheduled,9,Framber Valdez,664285,L,27.5,Longshot,Watch List,Projected Lineup,15.0,34.5,27.6,40.2,50.0,0.0,No,Yes,9,Yes,Yes,RotoWire projected lineup; MLB probable pitchers,lineup projected / unconfirmed,H:2026/2025 P:2026/2025,,,Direct BvP not yet weighted; 2026/2025 Statcast baseline active,7,2,22,0,"Last 7 games: 2/22, 0 HR","same-side matchup; pitcher baseline 5.9% barrel, 15.0 HR allowed",neutral batted-ball profile; pitcher fly-ball pressure modest,3.99,35.87,87.29,98.1864,0.3292,0.1078,0.267,69.23,5.32,41.91,20.09,8.4,0.1274,5.93,43.22,90.17,0.384,0.129,18.04,,,Rate Field,
161,806198,Cooper Pratt,MIL,PIT,2026-09-17T16:35:00Z,Scheduled,9,Wilber Dotel,696062,R,25.6,Longshot,Watch List,Projected Lineup,11.3,27.6,24.3,40.2,50.0,30.0,No,Yes,9,Yes,Yes,RotoWire projected lineup; MLB probable pitchers,lineup projected / unconfirmed,H:2026 P:2026,,,Direct BvP not yet weighted; 2026/2025 Statcast baseline active,7,8,25,0,Contact streak: 8/25 over last 7 games,"same-side matchup; pitcher baseline 3.0% barrel, 2.0 HR allowed",neutral batted-ball profile; pitcher fly-ball pressure modest,3.7,26.5,87.1,96.5722,0.362,0.098,0.313,69.9,9.3,30.7,22.3,3.0,0.096,3.0,46.0,90.7,0.355,0.106,27.0,,,PNC Park,
162,805346,Ben Ross,MIN,LAA,2026-09-18T01:38:00Z,Scheduled,9,Walbert Ureña,700712,R,20.6,Longshot,Watch List,Projected Lineup,3.0,20.4,28.2,40.2,50.0,7.0,No,Yes,9,Yes,Yes,RotoWire projected lineup; MLB probable pitchers,lineup projected / unconfirmed,H:2026 P:2026,,,Direct BvP not yet weighted; 2026/2025 Statcast baseline active,4,1,6,0,"Last 4 games: 1/6, 0 HR","same-side matchup; pitcher baseline 5.6% barrel, 9.0 HR allowed",neutral batted-ball profile; pitcher fly-ball pressure modest,0.0,0.0,,,0.036,0.0,0.033,71.2,0.0,100.0,0.0,0.0,0.0,5.6,36.4,87.3,0.317,0.109,22.5,,,Angel Stadium,
