rank,hitter_id,player,team,opponent,game_start_time,game_status,batting_order,pitcher,pitcher_id,pitcher_hand,hr_score,tier,play_type,reason_tags,power_score,pitcher_score,environment_score,lineup_score,platoon_score,recent_form_score,confirmed_lineup,rotowire_confirmed_lineup,rotowire_batting_order,rotowire_player_found,lineup_disagreement,lineup_sources_used,source_warnings,stat_years_used,bvp_pa,bvp_hr,bvp_note,recent_games,recent_hits,recent_abs,recent_hr,recent_form_note,split_matchup_note,pitch_mix_note,barrel_pct,hard_hit_pct,avg_exit_velocity,ev50,xslg,xiso,xwoba,bat_speed,fast_swing_pct,pull_pct,fb_pct,hr_total,iso,pitcher_barrel_pct_allowed,pitcher_hard_hit_pct_allowed,pitcher_avg_exit_velocity_allowed,pitcher_xslg_allowed,pitcher_xiso_allowed,pitcher_fb_pct_allowed,wind_direction,weather_temp,ballpark,odds
1,670541,Yordan Alvarez,HOU,LAA,2026-07-30T01:38:00Z,Scheduled,2,Grayson Rodriguez,680570,R,73.5,Tier 2,Watch List,"Projected Lineup, Elite Power, Strong Barrel, Pitcher Vulnerable, Premium Lineup Spot, Platoon Edge",84.8,71.8,28.2,95.5,80.0,68.7,No,Yes,2,Yes,Yes,RotoWire projected lineup; MLB probable pitchers,lineup projected / unconfirmed,H:2026/2025 P:2026,,,Direct BvP not yet weighted; 2026/2025 Statcast baseline active,7,8,24,2,Hot streak: 2 HR in last 7 games,"platoon edge; pitcher baseline 10.5% barrel, 7.0 HR allowed",lift-pull EV profile; pitcher allows elevated contact,17.23,53.25,94.63,105.1078,0.661,0.3413,0.449,76.1,62.23,41.86,36.94,25.6,0.2697,10.5,54.1,92.1,0.563,0.242,30.1,,,Angel Stadium,
2,808959,Munetaka Murakami,CWS,NYY,2026-07-29T23:40:00Z,Scheduled,2,Cam Schlittler,693645,R,64.2,Tier 3,Watch List,"Projected Lineup, Elite Power, Strong Barrel, Premium Lineup Spot, Platoon Edge",84.0,35.6,27.6,95.5,80.0,64.8,No,Yes,2,Yes,Yes,RotoWire projected lineup; MLB probable pitchers,lineup projected / unconfirmed,H:2026 P:2026/2025,,,Direct BvP not yet weighted; 2026/2025 Statcast baseline active,7,8,26,2,Hot streak: 2 HR in last 7 games,"platoon edge; pitcher baseline 8.1% barrel, 10.8 HR allowed",lift-pull EV profile; pitcher fly-ball pressure modest,20.1,59.7,94.2,104.6149,0.518,0.295,0.377,75.2,54.1,44.3,39.6,22.0,0.301,8.06,39.64,88.37,0.3581,0.1386,27.02,,,Rate Field,
3,660271,Shohei Ohtani,LAD,SEA,2026-07-30T02:10:00Z,Scheduled,1,Emerson Hancock,676106,R,64.1,Tier 3,Watch List,"Projected Lineup, Elite Power, Strong Barrel, Premium Lineup Spot, Platoon Edge",80.7,49.7,27.6,88.7,80.0,36.5,No,Yes,1,Yes,Yes,RotoWire projected lineup; MLB probable pitchers,lineup projected / unconfirmed,H:2026/2025 P:2026/2025,,,Direct BvP not yet weighted; 2026/2025 Statcast baseline active,7,7,29,1,"Last 7 games: 7/29, 1 HR","platoon edge; pitcher baseline 9.0% barrel, 13.6 HR allowed",lift-pull EV profile; pitcher fly-ball pressure modest,18.53,55.06,93.92,104.3247,0.5888,0.3043,0.411,74.96,52.87,47.33,33.11,31.9,0.2686,8.96,43.27,89.63,0.4428,0.1794,28.31,,,UNIQLO Field at Dodger Stadium,
4,699013,Esmerlyn Valdez,PIT,AZ,2026-07-29T16:35:00Z,Scheduled,4,Eduardo Rodriguez,593958,L,63.5,Tier 3,Watch List,"Projected Lineup, Elite Power, Strong Barrel, Premium Lineup Spot, Platoon Edge",84.7,45.1,24.3,90.4,78.0,27.6,No,Yes,4,Yes,Yes,RotoWire projected lineup; MLB probable pitchers,lineup projected / unconfirmed,H:2026 P:2026/2025,,,Direct BvP not yet weighted; 2026/2025 Statcast baseline active,7,4,22,1,"Last 7 games: 4/22, 1 HR","platoon edge; pitcher baseline 9.0% barrel, 16.6 HR allowed",EV profile; pitcher fly-ball pressure modest,28.2,54.9,93.1,104.6449,0.557,0.327,0.378,74.9,50.9,32.4,43.7,14.0,0.412,8.97,35.97,88.2,0.4492,0.186,27.12,,,PNC Park,
5,695578,James Wood,WSH,TOR,2026-07-29T17:05:00Z,Scheduled,1,Trey Yesavage,702056,R,62.3,Tier 3,Watch List,"Projected Lineup, Elite Power, Strong Barrel, Premium Lineup Spot, Platoon Edge",83.9,33.5,28.2,88.7,80.0,54.9,No,Yes,1,Yes,Yes,RotoWire projected lineup; MLB probable pitchers,lineup projected / unconfirmed,H:2026/2025 P:2026/2025,,,Direct BvP not yet weighted; 2026/2025 Statcast baseline active,7,7,29,2,Hot streak: 2 HR in last 7 games,"platoon edge; pitcher baseline 6.7% barrel, 7.0 HR allowed",EV profile; pitcher fly-ball pressure modest,20.32,57.91,94.86,106.3512,0.57,0.2974,0.4058,76.63,66.83,30.82,26.48,30.3,0.2645,6.72,43.37,90.29,0.3389,0.1254,24.62,,,Nationals Park,
6,680664,Eduardo Valencia,DET,BAL,2026-07-29T17:10:00Z,Scheduled,8,Trevor Rogers,669432,L,59.3,Longshot,Watch List,"Projected Lineup, Elite Power, Strong Barrel, Platoon Edge, Hot Hitter/Streak",84.1,36.2,27.6,47.9,78.0,100.0,No,Yes,8,Yes,Yes,RotoWire projected lineup; MLB probable pitchers,lineup projected / unconfirmed,H:2026 P:2026/2025,,,Direct BvP not yet weighted; 2026/2025 Statcast baseline active,7,9,17,4,Hot streak: 4 HR in last 7 games,"platoon edge; pitcher baseline 6.9% barrel, 8.8 HR allowed",fly-ball profile; pitcher fly-ball pressure modest,25.0,62.5,89.5,102.418,0.658,0.37,0.423,72.5,14.8,0.0,37.5,2.0,0.5,6.9,41.96,89.28,0.3921,0.1461,24.25,,,Comerica Park,
7,545361,Mike Trout,LAA,HOU,2026-07-30T01:38:00Z,Scheduled,2,Hayden Wesneski,669713,R,59.0,Longshot,Watch List,"Projected Lineup, Strong Barrel, Premium Lineup Spot",66.5,54.0,28.2,95.5,50.0,40.7,No,Yes,2,Yes,Yes,RotoWire projected lineup; MLB probable pitchers,lineup projected / unconfirmed,H:2026/2025 P:2025,,,Direct BvP not yet weighted; 2026/2025 Statcast baseline active,7,9,23,0,Contact streak: 9/23 over last 7 games,"same-side matchup; pitcher baseline 10.5% barrel, 7.0 HR allowed",neutral batted-ball profile; pitcher fly-ball pressure modest,17.55,48.18,90.55,103.3126,0.5139,0.26,0.3888,74.77,49.62,39.31,32.61,20.4,0.2147,10.5,42.1,89.7,0.457,0.211,27.4,,,Angel Stadium,
8,700250,Ben Rice,NYY,CWS,2026-07-29T23:40:00Z,Scheduled,2,Davis Martin,663436,R,58.4,Longshot,Watch List,"Projected Lineup, Strong Barrel, Premium Lineup Spot, Platoon Edge",65.4,41.4,27.6,95.5,80.0,43.7,No,Yes,2,Yes,Yes,RotoWire projected lineup; MLB probable pitchers,lineup projected / unconfirmed,H:2026/2025 P:2026/2025,,,Direct BvP not yet weighted; 2026/2025 Statcast baseline active,7,5,30,2,Hot streak: 2 HR in last 7 games,"platoon edge; pitcher baseline 7.3% barrel, 10.2 HR allowed",EV profile; pitcher fly-ball pressure modest,15.54,50.43,92.46,102.5415,0.5313,0.2562,0.3826,72.84,27.92,46.43,29.41,29.5,0.2902,7.35,44.46,90.42,0.4167,0.1489,22.08,,,Rate Field,
9,686527,Dominic Canzone,SEA,LAD,2026-07-30T02:10:00Z,Scheduled,4,Eric Lauer,641778,L,58.3,Longshot,Watch List,"Projected Lineup, Strong Barrel, Premium Lineup Spot, Hot Hitter/Streak",59.5,55.6,27.6,90.4,50.0,79.9,No,Yes,4,Yes,Yes,RotoWire projected lineup; MLB probable pitchers,lineup projected / unconfirmed,H:2026/2025 P:2026/2025,,,Direct BvP not yet weighted; 2026/2025 Statcast baseline active,7,8,28,3,Hot streak: 3 HR in last 7 games,"same-side matchup; pitcher baseline 10.4% barrel, 18.5 HR allowed",EV profile; pitcher allows elevated contact,14.01,47.67,92.09,102.8795,0.5113,0.2353,0.3655,74.22,44.12,41.23,26.37,14.5,0.2279,10.41,37.56,88.85,0.4568,0.207,37.04,,,UNIQLO Field at Dodger Stadium,
10,701398,Sal Stewart,CIN,CLE,2026-07-29T23:10:00Z,Scheduled,2,Joey Cantillo,676282,L,57.8,Longshot,Watch List,"Projected Lineup, Strong Barrel, Premium Lineup Spot, Platoon Edge",61.4,33.5,39.3,95.5,78.0,64.3,No,Yes,2,Yes,Yes,RotoWire projected lineup; MLB probable pitchers,lineup projected / unconfirmed,H:2026/2025 P:2026/2025,,,Direct BvP not yet weighted; 2026/2025 Statcast baseline active,7,7,23,2,Hot streak: 2 HR in last 7 games,"platoon edge; pitcher baseline 7.3% barrel, 12.1 HR allowed",neutral batted-ball profile; pitcher fly-ball pressure modest,15.31,43.54,91.9,101.6056,0.5201,0.2568,0.3639,72.38,27.91,38.78,32.09,16.2,0.2389,7.27,38.58,88.24,0.3658,0.1368,27.09,,,Great American Ball Park,
11,695506,Jac Caglianone,KC,MIN,2026-07-29T23:40:00Z,Scheduled,3,Joe Ryan,657746,R,57.5,Longshot,Watch List,"Projected Lineup, Strong Barrel, Premium Lineup Spot, Platoon Edge",58.7,54.4,27.1,92.1,80.0,18.3,No,Yes,3,Yes,Yes,RotoWire projected lineup; MLB probable pitchers,lineup projected / unconfirmed,H:2026/2025 P:2026/2025,,,Direct BvP not yet weighted; 2026/2025 Statcast baseline active,7,2,22,1,"Last 7 games: 2/22, 1 HR","platoon edge; pitcher baseline 11.4% barrel, 19.0 HR allowed",neutral batted-ball profile; pitcher allows elevated contact,13.75,51.36,91.85,104.7768,0.4695,0.2129,0.3399,77.4,75.39,43.51,22.68,13.3,0.1807,11.36,42.04,89.85,0.3921,0.174,30.38,,,Target Field,
12,691406,Junior Caminero,TB,TEX,2026-07-29T22:40:00Z,Scheduled,3,MacKenzie Gore,669022,L,57.3,Longshot,Watch List,"Projected Lineup, Strong Barrel, Premium Lineup Spot, Platoon Edge",62.8,46.8,27.6,92.1,78.0,24.9,No,Yes,3,Yes,Yes,RotoWire projected lineup; MLB probable pitchers,lineup projected / unconfirmed,H:2026/2025 P:2026/2025,,,Direct BvP not yet weighted; 2026/2025 Statcast baseline active,7,8,28,0,"Last 7 games: 8/28, 0 HR","platoon edge; pitcher baseline 9.3% barrel, 15.8 HR allowed",EV profile; pitcher fly-ball pressure modest,13.44,50.98,92.82,105.3411,0.5017,0.2313,0.3635,79.48,86.21,46.78,23.14,33.8,0.2633,9.27,43.68,89.84,0.3919,0.1523,27.3,,,Tropicana Field,
13,695600,Carter Jensen,KC,MIN,2026-07-29T23:40:00Z,Scheduled,1,Joe Ryan,657746,R,55.9,Longshot,Watch List,"Projected Lineup, Strong Barrel, Premium Lineup Spot, Platoon Edge",54.3,54.4,27.1,88.7,80.0,25.3,No,Yes,1,Yes,Yes,RotoWire projected lineup; MLB probable pitchers,lineup projected / unconfirmed,H:2026/2025 P:2026/2025,,,Direct BvP not yet weighted; 2026/2025 Statcast baseline active,7,4,24,1,"Last 7 games: 4/24, 1 HR","platoon edge; pitcher baseline 11.4% barrel, 19.0 HR allowed",EV profile; pitcher allows elevated contact,13.03,47.66,92.11,102.8185,0.4454,0.1997,0.3336,74.2,39.59,39.18,29.93,10.7,0.2066,11.36,42.04,89.85,0.3921,0.174,30.38,,,Target Field,
14,624413,Pete Alonso,BAL,DET,2026-07-29T17:10:00Z,Scheduled,2,Tarik Skubal,669373,L,55.6,Longshot,Watch List,"Projected Lineup, Strong Barrel, Premium Lineup Spot, Platoon Edge",68.8,25.5,27.6,95.5,78.0,45.3,No,Yes,2,Yes,Yes,RotoWire projected lineup; MLB probable pitchers,lineup projected / unconfirmed,H:2026/2025 P:2026/2025,,,Direct BvP not yet weighted; 2026/2025 Statcast baseline active,7,9,30,1,"Last 7 games: 9/30, 1 HR","platoon edge; pitcher baseline 7.2% barrel, 12.4 HR allowed",EV profile; pitcher fly-ball pressure modest,14.28,54.89,93.92,104.0952,0.5307,0.2577,0.3804,74.88,49.41,37.2,30.81,26.8,0.2275,7.19,33.84,86.73,0.3405,0.1212,23.94,,,Comerica Park,
15,677594,Julio Rodriguez,SEA,LAD,2026-07-30T02:10:00Z,Scheduled,3,Eric Lauer,641778,L,55.6,Longshot,Watch List,"Projected Lineup, Premium Lineup Spot, Platoon Edge",46.1,55.6,27.6,92.1,78.0,59.1,No,Yes,3,Yes,Yes,RotoWire projected lineup; MLB probable pitchers,lineup projected / unconfirmed,H:2026/2025 P:2026/2025,,,Direct BvP not yet weighted; 2026/2025 Statcast baseline active,7,7,26,2,Hot streak: 2 HR in last 7 games,"platoon edge; pitcher baseline 10.4% barrel, 18.5 HR allowed",neutral batted-ball profile; pitcher allows elevated contact,9.1,44.57,90.47,102.8292,0.4699,0.1978,0.3454,76.54,66.35,37.58,25.49,20.1,0.1748,10.41,37.56,88.85,0.4568,0.207,37.04,,,UNIQLO Field at Dodger Stadium,
16,682829,Elly De La Cruz,CIN,CLE,2026-07-29T23:10:00Z,Scheduled,1,Joey Cantillo,676282,L,55.0,Longshot,Watch List,"Projected Lineup, Strong Barrel, Premium Lineup Spot, Platoon Edge",58.6,32.2,39.3,88.7,75.0,56.2,No,Yes,1,Yes,Yes,RotoWire projected lineup; MLB probable pitchers,lineup projected / unconfirmed,H:2026/2025 P:2026/2025,,,Direct BvP not yet weighted; 2026/2025 Statcast baseline active,7,7,28,2,Hot streak: 2 HR in last 7 games,"switch hitter; pitcher baseline 7.3% barrel, 12.1 HR allowed",EV profile; pitcher fly-ball pressure modest,13.73,50.15,93.24,104.2836,0.4744,0.2038,0.357,75.13,51.65,36.08,25.73,19.2,0.2124,7.27,38.58,88.24,0.3658,0.1368,27.09,,,Great American Ball Park,
17,572233,Christian Walker,HOU,LAA,2026-07-30T01:38:00Z,Scheduled,4,Grayson Rodriguez,680570,R,54.4,Longshot,Watch List,"Projected Lineup, Strong Barrel, Pitcher Vulnerable, Premium Lineup Spot",41.8,71.8,28.2,90.4,50.0,39.5,No,Yes,4,Yes,Yes,RotoWire projected lineup; MLB probable pitchers,lineup projected / unconfirmed,H:2026/2025 P:2026,,,Direct BvP not yet weighted; 2026/2025 Statcast baseline active,7,6,23,1,"Last 7 games: 6/23, 1 HR","same-side matchup; pitcher baseline 10.5% barrel, 7.0 HR allowed",neutral batted-ball profile; pitcher allows elevated contact,10.59,43.09,89.78,101.4676,0.3923,0.1687,0.3014,74.38,44.14,43.67,28.21,22.1,0.2047,10.5,54.1,92.1,0.563,0.242,30.1,,,Angel Stadium,
18,592626,Joc Pederson,TEX,TB,2026-07-29T22:40:00Z,Scheduled,1,Casey Legumina,668984,R,54.2,Longshot,Watch List,"Projected Lineup, Strong Barrel, Premium Lineup Spot, Platoon Edge, Hot Hitter/Streak",49.0,39.8,27.6,88.7,80.0,93.9,No,Yes,1,Yes,Yes,RotoWire projected lineup; MLB probable pitchers,lineup projected / unconfirmed,H:2026/2025 P:2026/2025,,,Direct BvP not yet weighted; 2026/2025 Statcast baseline active,7,11,29,3,Hot streak: 3 HR in last 7 games,"platoon edge; pitcher baseline 8.3% barrel, 4.9 HR allowed",neutral batted-ball profile; pitcher fly-ball pressure modest,10.83,47.95,91.69,101.9072,0.4448,0.195,0.3458,72.42,23.61,41.15,28.7,16.0,0.2254,8.31,40.37,88.36,0.413,0.1575,29.2,,,Tropicana Field,
19,668227,Randy Arozarena,SEA,LAD,2026-07-30T02:10:00Z,Scheduled,2,Eric Lauer,641778,L,54.1,Longshot,Watch List,"Projected Lineup, Premium Lineup Spot, Platoon Edge",40.7,55.6,27.6,95.5,78.0,54.9,No,Yes,2,Yes,Yes,RotoWire projected lineup; MLB probable pitchers,lineup projected / unconfirmed,H:2026/2025 P:2026/2025,,,Direct BvP not yet weighted; 2026/2025 Statcast baseline active,7,7,29,2,Hot streak: 2 HR in last 7 games,"platoon edge; pitcher baseline 10.4% barrel, 18.5 HR allowed",neutral batted-ball profile; pitcher allows elevated contact,9.26,45.35,91.23,101.082,0.4247,0.1704,0.3459,71.32,24.62,33.49,22.28,17.2,0.1761,10.41,37.56,88.85,0.4568,0.207,37.04,,,UNIQLO Field at Dodger Stadium,
20,543807,George Springer,TOR,WSH,2026-07-29T17:05:00Z,Scheduled,4,Zack Littell,641793,R,54.0,Longshot,Watch List,"Projected Lineup, Strong Barrel, Premium Lineup Spot",41.3,66.0,28.2,90.4,50.0,63.1,No,Yes,4,Yes,Yes,RotoWire projected lineup; MLB probable pitchers,lineup projected / unconfirmed,H:2026/2025 P:2026/2025,,,Direct BvP not yet weighted; 2026/2025 Statcast baseline active,7,8,27,2,Hot streak: 2 HR in last 7 games,"same-side matchup; pitcher baseline 10.7% barrel, 28.3 HR allowed",neutral batted-ball profile; pitcher allows elevated contact,10.25,42.0,88.95,100.2702,0.4345,0.1855,0.3354,73.21,34.88,42.63,26.72,17.3,0.1887,10.74,43.7,91.25,0.507,0.2285,32.21,,,Nationals Park,
21,663728,Cal Raleigh,SEA,LAD,2026-07-30T02:10:00Z,Scheduled,5,Eric Lauer,641778,L,54.0,Longshot,Watch List,"Projected Lineup, Strong Barrel, Platoon Edge",49.7,53.6,27.6,81.9,75.0,48.7,No,Yes,5,Yes,Yes,RotoWire projected lineup; MLB probable pitchers,lineup projected / unconfirmed,H:2026/2025 P:2026/2025,,,Direct BvP not yet weighted; 2026/2025 Statcast baseline active,7,5,25,2,Hot streak: 2 HR in last 7 games,"switch hitter; pitcher baseline 10.4% barrel, 18.5 HR allowed",fly-ball profile; pitcher allows elevated contact,13.48,37.7,89.06,100.1078,0.407,0.2145,0.3101,74.99,53.3,53.52,41.73,25.0,0.1971,10.41,37.56,88.85,0.4568,0.207,37.04,,,UNIQLO Field at Dodger Stadium,
22,691023,Jordan Walker,STL,CHC,2026-07-29T23:45:00Z,Scheduled,2,Matthew Boyd,571510,L,53.8,Longshot,Watch List,"Projected Lineup, Strong Barrel, Premium Lineup Spot, Platoon Edge",58.2,44.3,22.1,95.5,78.0,5.1,No,Yes,2,Yes,Yes,RotoWire projected lineup; MLB probable pitchers,lineup projected / unconfirmed,H:2026/2025 P:2026/2025,,,Direct BvP not yet weighted; 2026/2025 Statcast baseline active,7,4,26,0,"Last 7 games: 4/26, 0 HR","platoon edge; pitcher baseline 9.3% barrel, 9.9 HR allowed",EV profile; pitcher fly-ball pressure modest,13.0,50.0,93.14,105.1722,0.4589,0.1991,0.3389,78.87,83.19,38.45,23.14,17.2,0.1827,9.28,40.66,89.2,0.4134,0.1622,25.99,,,Busch Stadium,
23,621439,Byron Buxton,MIN,KC,2026-07-29T23:40:00Z,Scheduled,2,Randy Dobnak,677976,R,53.7,Longshot,Watch List,"Projected Lineup, Strong Barrel, Premium Lineup Spot",68.4,36.9,27.1,95.5,50.0,6.0,No,Yes,2,Yes,Yes,RotoWire projected lineup; MLB probable pitchers,lineup projected / unconfirmed,H:2026/2025 P:2026/2025,,,Direct BvP not yet weighted; 2026/2025 Statcast baseline active,7,4,25,0,"Last 7 games: 4/25, 0 HR","same-side matchup; pitcher baseline 5.4% barrel, 1.7 HR allowed",neutral batted-ball profile; pitcher fly-ball pressure modest,17.7,49.53,91.17,102.3669,0.5119,0.2618,0.3493,74.44,44.2,47.75,34.91,28.0,0.2842,5.39,45.59,92.02,0.429,0.1422,17.86,,,Target Field,
24,665161,Jeremy Pena,HOU,LAA,2026-07-30T01:38:00Z,Scheduled,1,Grayson Rodriguez,680570,R,53.6,Longshot,Watch List,"Projected Lineup, Pitcher Vulnerable, Premium Lineup Spot, Hot Hitter/Streak",31.0,71.8,28.2,88.7,50.0,100.0,No,Yes,1,Yes,Yes,RotoWire projected lineup; MLB probable pitchers,lineup projected / unconfirmed,H:2026/2025 P:2026,,,Direct BvP not yet weighted; 2026/2025 Statcast baseline active,7,14,32,4,Hot streak: 4 HR in last 7 games,"same-side matchup; pitcher baseline 10.5% barrel, 7.0 HR allowed",neutral batted-ball profile; pitcher allows elevated contact,6.1,40.73,88.41,99.9074,0.4481,0.1543,0.3501,72.23,14.37,46.9,24.71,12.8,0.1821,10.5,54.1,92.1,0.563,0.242,30.1,,,Angel Stadium,
25,607043,Brandon Nimmo,TEX,TB,2026-07-29T22:40:00Z,Scheduled,4,Casey Legumina,668984,R,53.5,Longshot,Watch List,"Projected Lineup, Strong Barrel, Premium Lineup Spot, Platoon Edge",52.1,39.8,27.6,90.4,80.0,55.9,No,Yes,4,Yes,Yes,RotoWire projected lineup; MLB probable pitchers,lineup projected / unconfirmed,H:2026/2025 P:2026/2025,,,Direct BvP not yet weighted; 2026/2025 Statcast baseline active,7,10,27,1,Contact streak: 10/27 over last 7 games,"platoon edge; pitcher baseline 8.3% barrel, 4.9 HR allowed",EV profile; pitcher fly-ball pressure modest,10.97,51.25,92.18,102.3002,0.4785,0.1999,0.356,72.44,27.83,31.98,26.12,14.5,0.167,8.31,40.37,88.36,0.413,0.1575,29.2,,,Tropicana Field,
26,696100,Hunter Goodman,COL,SD,2026-07-29T20:10:00Z,Scheduled,3,,,,53.4,Longshot,Watch List,"Projected Lineup, Strong Barrel, Premium Lineup Spot",60.5,41.2,22.6,92.1,60.0,36.3,No,Yes,3,Yes,Yes,RotoWire projected lineup; MLB probable pitchers,lineup projected / unconfirmed,H:2026/2025 P:,,,Direct BvP not yet weighted; 2026/2025 Statcast baseline active,7,6,25,1,"Last 7 games: 6/25, 1 HR","handedness incomplete; pitcher baseline 0.0% barrel, 0.0 HR allowed",neutral batted-ball profile; pitcher fly-ball pressure modest,15.91,45.92,90.73,102.8406,0.4749,0.2364,0.3325,75.1,50.96,48.28,31.85,31.0,0.2805,,,,,,,,,Petco Park,
27,666211,Taylor Trammell,HOU,LAA,2026-07-30T01:38:00Z,Scheduled,7,Grayson Rodriguez,680570,R,53.4,Longshot,Watch List,"Projected Lineup, Strong Barrel, Pitcher Vulnerable, Platoon Edge",39.9,71.8,28.2,59.8,80.0,64.8,No,Yes,7,Yes,Yes,RotoWire projected lineup; MLB probable pitchers,lineup projected / unconfirmed,H:2026/2025 P:2026,,,Direct BvP not yet weighted; 2026/2025 Statcast baseline active,7,4,13,2,Hot streak: 2 HR in last 7 games,"platoon edge; pitcher baseline 10.5% barrel, 7.0 HR allowed",neutral batted-ball profile; pitcher allows elevated contact,10.04,37.71,90.16,100.7005,0.3721,0.169,0.2927,75.3,52.69,45.28,32.19,4.4,0.1612,10.5,54.1,92.1,0.563,0.242,30.1,,,Angel Stadium,
28,805811,Bryce Eldridge,SF,MIL,2026-07-29T19:45:00Z,Scheduled,2,Shane Drohan,675660,L,53.3,Longshot,Watch List,"Projected Lineup, Strong Barrel, Premium Lineup Spot",72.3,32.3,19.3,95.5,50.0,19.1,No,Yes,2,Yes,Yes,RotoWire projected lineup; MLB probable pitchers,lineup projected / unconfirmed,H:2026/2025 P:2026,,,Direct BvP not yet weighted; 2026/2025 Statcast baseline active,7,3,24,1,"Last 7 games: 3/24, 1 HR","same-side matchup; pitcher baseline 8.2% barrel, 6.0 HR allowed",lift-pull EV profile; pitcher fly-ball pressure modest,16.53,58.3,93.36,103.4962,0.4925,0.2596,0.365,73.11,29.49,41.77,37.89,7.0,0.1595,8.2,37.6,88.2,0.348,0.121,28.6,,,Oracle Park,
29,518692,Freddie Freeman,LAD,SEA,2026-07-30T02:10:00Z,Scheduled,3,Emerson Hancock,676106,R,53.3,Longshot,Watch List,"Projected Lineup, Strong Barrel, Premium Lineup Spot, Platoon Edge",45.2,49.7,27.6,92.1,80.0,45.0,No,Yes,3,Yes,Yes,RotoWire projected lineup; MLB probable pitchers,lineup projected / unconfirmed,H:2026/2025 P:2026/2025,,,Direct BvP not yet weighted; 2026/2025 Statcast baseline active,7,14,29,0,Contact streak: 14/29 over last 7 games,"platoon edge; pitcher baseline 9.0% barrel, 13.6 HR allowed",neutral batted-ball profile; pitcher fly-ball pressure modest,10.12,44.23,90.34,100.6782,0.4894,0.2014,0.3731,70.25,8.61,36.47,28.47,17.7,0.1951,8.96,43.27,89.63,0.4428,0.1794,28.31,,,UNIQLO Field at Dodger Stadium,
30,691718,Pete Crow-Armstrong,CHC,STL,2026-07-29T23:45:00Z,Scheduled,1,Dustin May,669160,R,53.2,Longshot,Watch List,"Projected Lineup, Strong Barrel, Premium Lineup Spot, Platoon Edge, Hot Hitter/Streak",51.7,40.4,22.1,88.7,80.0,70.6,No,Yes,1,Yes,Yes,RotoWire projected lineup; MLB probable pitchers,lineup projected / unconfirmed,H:2026/2025 P:2026/2025,,,Direct BvP not yet weighted; 2026/2025 Statcast baseline active,7,9,26,2,Hot streak: 2 HR in last 7 games,"platoon edge; pitcher baseline 7.0% barrel, 11.2 HR allowed",neutral batted-ball profile; pitcher fly-ball pressure modest,11.77,46.22,89.85,101.653,0.4694,0.2169,0.349,74.17,43.9,49.39,33.96,25.4,0.2466,7.03,45.62,90.32,0.3957,0.1441,23.89,,,Busch Stadium,
31,547180,Bryce Harper,PHI,MIA,2026-07-29T16:10:00Z,Scheduled,3,Ryan Gusto,687473,R,52.9,Longshot,Watch List,"Projected Lineup, Strong Barrel, Premium Lineup Spot, Platoon Edge",52.8,45.8,21.5,92.1,80.0,24.3,No,Yes,3,Yes,Yes,RotoWire projected lineup; MLB probable pitchers,lineup projected / unconfirmed,H:2026/2025 P:2026/2025,,,Direct BvP not yet weighted; 2026/2025 Statcast baseline active,7,4,25,1,"Last 7 games: 4/25, 1 HR","platoon edge; pitcher baseline 8.7% barrel, 7.2 HR allowed",neutral batted-ball profile; pitcher fly-ball pressure modest,11.74,45.61,90.46,101.9853,0.4983,0.2289,0.3785,74.27,46.61,38.61,28.01,23.5,0.2351,8.73,44.44,90.04,0.4173,0.1606,27.1,,,loanDepot park,
32,682818,Yohendrick Pinango,TOR,WSH,2026-07-29T17:05:00Z,Scheduled,1,Zack Littell,641793,R,52.6,Longshot,Watch List,"Projected Lineup, Premium Lineup Spot, Platoon Edge",38.8,66.0,28.2,88.7,80.0,2.0,No,Yes,1,Yes,Yes,RotoWire projected lineup; MLB probable pitchers,lineup projected / unconfirmed,H:2026 P:2026/2025,,,Direct BvP not yet weighted; 2026/2025 Statcast baseline active,7,2,15,0,"Last 7 games: 2/15, 0 HR","platoon edge; pitcher baseline 10.7% barrel, 28.3 HR allowed",neutral batted-ball profile; pitcher allows elevated contact,8.4,46.2,90.8,101.9472,0.406,0.14,0.312,75.6,57.8,28.6,21.8,5.0,0.142,10.74,43.7,91.25,0.507,0.2285,32.21,,,Nationals Park,
33,665489,Vladimir Guerrero,TOR,WSH,2026-07-29T17:05:00Z,Scheduled,3,Zack Littell,641793,R,52.6,Longshot,Watch List,"Projected Lineup, Premium Lineup Spot",40.0,66.0,28.2,92.1,50.0,39.7,No,Yes,3,Yes,Yes,RotoWire projected lineup; MLB probable pitchers,lineup projected / unconfirmed,H:2026/2025 P:2026/2025,,,Direct BvP not yet weighted; 2026/2025 Statcast baseline active,7,10,26,0,Contact streak: 10/26 over last 7 games,"same-side matchup; pitcher baseline 10.7% barrel, 28.3 HR allowed",neutral batted-ball profile; pitcher allows elevated contact,8.35,45.8,90.81,103.1633,0.4367,0.1451,0.3539,76.42,64.06,35.95,19.24,11.1,0.1169,10.74,43.7,91.25,0.507,0.2285,32.21,,,Nationals Park,
34,695657,Colson Montgomery,CWS,NYY,2026-07-29T23:40:00Z,Scheduled,4,Cam Schlittler,693645,R,52.2,Longshot,Watch List,"Projected Lineup, Strong Barrel, Premium Lineup Spot, Platoon Edge",54.3,35.6,27.6,90.4,80.0,33.7,No,Yes,4,Yes,Yes,RotoWire projected lineup; MLB probable pitchers,lineup projected / unconfirmed,H:2026/2025 P:2026/2025,,,Direct BvP not yet weighted; 2026/2025 Statcast baseline active,7,6,27,1,"Last 7 games: 6/27, 1 HR","platoon edge; pitcher baseline 8.1% barrel, 10.8 HR allowed",neutral batted-ball profile; pitcher fly-ball pressure modest,13.45,43.1,89.19,101.8492,0.4562,0.2325,0.3263,76.58,68.62,49.16,34.63,23.1,0.255,8.06,39.64,88.37,0.3581,0.1386,27.02,,,Rate Field,
35,671277,Luis Garcia,WSH,TOR,2026-07-29T17:05:00Z,Scheduled,2,Trey Yesavage,702056,R,52.1,Longshot,Watch List,"Projected Lineup, Strong Barrel, Premium Lineup Spot, Platoon Edge",48.6,33.5,28.2,95.5,80.0,65.2,No,Yes,2,Yes,Yes,RotoWire projected lineup; MLB probable pitchers,lineup projected / unconfirmed,H:2026/2025 P:2026/2025,,,Direct BvP not yet weighted; 2026/2025 Statcast baseline active,7,9,29,2,Hot streak: 2 HR in last 7 games,"platoon edge; pitcher baseline 6.7% barrel, 7.0 HR allowed",neutral batted-ball profile; pitcher fly-ball pressure modest,10.82,45.52,91.04,101.6701,0.4938,0.2072,0.3495,73.38,35.42,40.38,21.63,19.5,0.2335,6.72,43.37,90.29,0.3389,0.1254,24.62,,,Nationals Park,
36,666160,Mickey Moniak,COL,SD,2026-07-29T20:10:00Z,Scheduled,2,,,,52.0,Longshot,Watch List,"Projected Lineup, Strong Barrel, Premium Lineup Spot",50.3,41.2,22.6,95.5,60.0,66.9,No,Yes,2,Yes,Yes,RotoWire projected lineup; MLB probable pitchers,lineup projected / unconfirmed,H:2026/2025 P:,,,Direct BvP not yet weighted; 2026/2025 Statcast baseline active,7,9,28,2,Hot streak: 2 HR in last 7 games,"handedness incomplete; pitcher baseline 0.0% barrel, 0.0 HR allowed",fly-ball profile; pitcher fly-ball pressure modest,11.77,43.97,89.63,100.4826,0.448,0.2119,0.3118,74.22,44.05,47.99,37.82,18.4,0.2676,,,,,,,,,Petco Park,
37,521692,Salvador Perez,KC,MIN,2026-07-29T23:40:00Z,Scheduled,4,Joe Ryan,657746,R,52.0,Longshot,Watch List,"Projected Lineup, Strong Barrel, Premium Lineup Spot",46.6,54.4,27.1,90.4,50.0,47.5,No,Yes,4,Yes,Yes,RotoWire projected lineup; MLB probable pitchers,lineup projected / unconfirmed,H:2026/2025 P:2026/2025,,,Direct BvP not yet weighted; 2026/2025 Statcast baseline active,7,5,26,2,Hot streak: 2 HR in last 7 games,"same-side matchup; pitcher baseline 11.4% barrel, 19.0 HR allowed",neutral batted-ball profile; pitcher allows elevated contact,11.58,44.04,89.37,100.836,0.4479,0.2072,0.3171,72.06,22.38,42.19,29.87,19.5,0.1729,11.36,42.04,89.85,0.3921,0.174,30.38,,,Target Field,
38,664040,Brandon Lowe,PIT,AZ,2026-07-29T16:35:00Z,Scheduled,2,Eduardo Rodriguez,593958,L,51.9,Longshot,Watch List,"Projected Lineup, Strong Barrel, Premium Lineup Spot",52.2,45.1,24.3,95.5,50.0,46.9,No,Yes,2,Yes,Yes,RotoWire projected lineup; MLB probable pitchers,lineup projected / unconfirmed,H:2026/2025 P:2026/2025,,,Direct BvP not yet weighted; 2026/2025 Statcast baseline active,7,9,29,1,"Last 7 games: 9/29, 1 HR","same-side matchup; pitcher baseline 9.0% barrel, 16.6 HR allowed",neutral batted-ball profile; pitcher fly-ball pressure modest,12.3,45.41,90.96,101.5024,0.4591,0.2093,0.3357,73.69,40.12,46.65,32.99,24.0,0.2252,8.97,35.97,88.2,0.4492,0.186,27.12,,,PNC Park,
39,682985,Riley Greene,DET,BAL,2026-07-29T17:10:00Z,Scheduled,3,Trevor Rogers,669432,L,51.9,Longshot,Watch List,"Projected Lineup, Strong Barrel, Premium Lineup Spot",64.0,36.2,27.6,92.1,50.0,12.0,No,Yes,3,Yes,Yes,RotoWire projected lineup; MLB probable pitchers,lineup projected / unconfirmed,H:2026/2025 P:2026/2025,,,Direct BvP not yet weighted; 2026/2025 Statcast baseline active,7,5,25,0,"Last 7 games: 5/25, 0 HR","same-side matchup; pitcher baseline 6.9% barrel, 8.8 HR allowed",neutral batted-ball profile; pitcher fly-ball pressure modest,16.05,49.42,90.95,102.851,0.4973,0.2403,0.36,75.67,58.32,39.75,33.1,21.3,0.1986,6.9,41.96,89.28,0.3921,0.1461,24.25,,,Comerica Park,
40,700932,Kyle Manzardo,CLE,CIN,2026-07-29T23:10:00Z,Scheduled,6,Brady Singer,663903,R,51.8,Longshot,Watch List,"Projected Lineup, Strong Barrel, Platoon Edge",40.7,53.4,39.3,71.7,80.0,48.7,No,Yes,6,Yes,Yes,RotoWire projected lineup; MLB probable pitchers,lineup projected / unconfirmed,H:2026/2025 P:2026/2025,,,Direct BvP not yet weighted; 2026/2025 Statcast baseline active,7,4,20,2,Hot streak: 2 HR in last 7 games,"platoon edge; pitcher baseline 9.7% barrel, 20.4 HR allowed",neutral batted-ball profile; pitcher fly-ball pressure modest,11.31,41.49,89.67,99.1247,0.3884,0.171,0.3045,70.04,6.95,42.15,33.83,15.8,0.1706,9.68,40.98,90.58,0.4405,0.1821,28.26,,,Great American Ball Park,
41,682928,CJ Abrams,WSH,TOR,2026-07-29T17:05:00Z,Scheduled,4,Trey Yesavage,702056,R,51.5,Longshot,Watch List,"Projected Lineup, Strong Barrel, Premium Lineup Spot, Platoon Edge, Hot Hitter/Streak",43.4,33.5,28.2,90.4,80.0,100.0,No,Yes,4,Yes,Yes,RotoWire projected lineup; MLB probable pitchers,lineup projected / unconfirmed,H:2026/2025 P:2026/2025,,,Direct BvP not yet weighted; 2026/2025 Statcast baseline active,7,15,28,5,Hot streak: 5 HR in last 7 games,"platoon edge; pitcher baseline 6.7% barrel, 7.0 HR allowed",neutral batted-ball profile; pitcher fly-ball pressure modest,10.33,41.72,89.54,100.1868,0.4521,0.1945,0.3405,72.75,27.18,43.8,29.43,24.6,0.2453,6.72,43.37,90.29,0.3389,0.1254,24.62,,,Nationals Park,
42,665019,Kody Clemens,MIN,KC,2026-07-29T23:40:00Z,Scheduled,4,Randy Dobnak,677976,R,51.4,Longshot,Watch List,"Projected Lineup, Strong Barrel, Premium Lineup Spot, Platoon Edge",53.0,36.9,27.1,90.4,80.0,22.0,No,Yes,4,Yes,Yes,RotoWire projected lineup; MLB probable pitchers,lineup projected / unconfirmed,H:2026/2025 P:2026/2025,,,Direct BvP not yet weighted; 2026/2025 Statcast baseline active,7,8,30,0,"Last 7 games: 8/30, 0 HR","platoon edge; pitcher baseline 5.4% barrel, 1.7 HR allowed",lift-pull EV profile; pitcher fly-ball pressure modest,12.14,47.46,92.34,101.6199,0.4517,0.2034,0.3289,72.06,14.24,44.61,32.97,18.3,0.2378,5.39,45.59,92.02,0.429,0.1422,17.86,,,Target Field,
43,663886,Tyler Stephenson,CIN,CLE,2026-07-29T23:10:00Z,Scheduled,6,Joey Cantillo,676282,L,51.3,Longshot,Watch List,"Projected Lineup, Strong Barrel, Platoon Edge, Hot Hitter/Streak",50.8,33.5,39.3,71.7,78.0,70.8,No,Yes,6,Yes,Yes,RotoWire projected lineup; MLB probable pitchers,lineup projected / unconfirmed,H:2026/2025 P:2026/2025,,,Direct BvP not yet weighted; 2026/2025 Statcast baseline active,7,8,23,2,Hot streak: 2 HR in last 7 games,"platoon edge; pitcher baseline 7.3% barrel, 12.1 HR allowed",neutral batted-ball profile; pitcher fly-ball pressure modest,12.68,46.89,90.78,100.6097,0.448,0.2061,0.3354,70.8,8.47,38.2,31.89,9.5,0.1606,7.27,38.58,88.24,0.3658,0.1368,27.09,,,Great American Ball Park,
44,800050,Chase DeLauter,CLE,CIN,2026-07-29T23:10:00Z,Scheduled,3,Brady Singer,663903,R,51.2,Longshot,Watch List,"Projected Lineup, Premium Lineup Spot, Platoon Edge",35.8,53.4,39.3,92.1,80.0,12.0,No,Yes,3,Yes,Yes,RotoWire projected lineup; MLB probable pitchers,lineup projected / unconfirmed,H:2026 P:2026/2025,,,Direct BvP not yet weighted; 2026/2025 Statcast baseline active,7,5,25,0,"Last 7 games: 5/25, 0 HR","platoon edge; pitcher baseline 9.7% barrel, 20.4 HR allowed",neutral batted-ball profile; pitcher fly-ball pressure modest,6.7,45.4,91.1,101.5859,0.435,0.157,0.346,71.4,18.3,38.2,20.5,11.0,0.165,9.68,40.98,90.58,0.4405,0.1821,28.26,,,Great American Ball Park,
45,687263,Zach Neto,LAA,HOU,2026-07-30T01:38:00Z,Scheduled,1,Hayden Wesneski,669713,R,51.2,Longshot,Watch List,"Projected Lineup, Strong Barrel, Premium Lineup Spot",49.4,54.0,28.2,88.7,50.0,15.3,No,Yes,1,Yes,Yes,RotoWire projected lineup; MLB probable pitchers,lineup projected / unconfirmed,H:2026/2025 P:2025,,,Direct BvP not yet weighted; 2026/2025 Statcast baseline active,7,6,27,0,"Last 7 games: 6/27, 0 HR","same-side matchup; pitcher baseline 10.5% barrel, 7.0 HR allowed",fly-ball profile; pitcher fly-ball pressure modest,13.23,41.91,89.81,100.2383,0.4334,0.2153,0.3209,71.26,13.51,47.41,35.17,21.1,0.2086,10.5,42.1,89.7,0.457,0.211,27.4,,,Angel Stadium,
46,701358,Cam Smith,HOU,LAA,2026-07-30T01:38:00Z,Scheduled,6,Grayson Rodriguez,680570,R,51.1,Longshot,Watch List,"Projected Lineup, Strong Barrel, Pitcher Vulnerable",42.9,71.8,28.2,71.7,50.0,18.3,No,Yes,6,Yes,Yes,RotoWire projected lineup; MLB probable pitchers,lineup projected / unconfirmed,H:2026/2025 P:2026,,,Direct BvP not yet weighted; 2026/2025 Statcast baseline active,7,1,14,1,"Last 7 games: 1/14, 1 HR","same-side matchup; pitcher baseline 10.5% barrel, 7.0 HR allowed",neutral batted-ball profile; pitcher allows elevated contact,10.4,43.39,89.02,101.5321,0.4222,0.1795,0.3243,76.6,67.48,36.93,24.93,11.8,0.1465,10.5,54.1,92.1,0.563,0.242,30.1,,,Angel Stadium,
47,701762,Nick Kurtz,ATH,BOS,2026-07-30T01:40:00Z,Scheduled,2,Patrick Sandoval,663776,L,51.1,Longshot,Watch List,"Projected Lineup, Elite Power, Strong Barrel, Premium Lineup Spot",75.6,11.3,30.9,95.5,50.0,18.3,No,Yes,2,Yes,Yes,RotoWire projected lineup; MLB probable pitchers,lineup projected / unconfirmed,H:2026/2025 P:2026,,,Direct BvP not yet weighted; 2026/2025 Statcast baseline active,7,1,22,1,"Last 7 games: 1/22, 1 HR","same-side matchup; pitcher baseline 2.1% barrel, 1.0 HR allowed",EV profile; pitcher fly-ball pressure modest,18.43,55.93,93.26,105.6244,0.5062,0.2591,0.3755,77.9,78.3,34.25,30.77,25.5,0.2625,2.1,31.9,85.8,0.363,0.1,21.3,,,Sutter Health Park,
48,575929,Willson Contreras,BOS,ATH,2026-07-30T01:40:00Z,Scheduled,3,Jacob Lopez,682052,L,50.4,Longshot,Watch List,"Projected Lineup, Strong Barrel, Premium Lineup Spot, Platoon Edge",60.1,22.0,30.9,92.1,78.0,13.6,No,Yes,3,Yes,Yes,RotoWire projected lineup; MLB probable pitchers,lineup projected / unconfirmed,H:2026/2025 P:2026/2025,,,Direct BvP not yet weighted; 2026/2025 Statcast baseline active,7,4,19,0,"Last 7 games: 4/19, 0 HR","platoon edge; pitcher baseline 5.4% barrel, 12.2 HR allowed",neutral batted-ball profile; pitcher allows elevated contact,14.32,47.11,90.6,103.1223,0.5055,0.2415,0.3783,76.77,68.96,44.56,28.77,21.4,0.2369,5.41,31.73,85.78,0.3473,0.131,32.48,,,Sutter Health Park,
49,666018,Jonathan Aranda,TB,TEX,2026-07-29T22:40:00Z,Scheduled,2,MacKenzie Gore,669022,L,50.3,Longshot,Watch List,"Projected Lineup, Strong Barrel, Premium Lineup Spot",49.3,46.8,27.6,95.5,50.0,15.9,No,Yes,2,Yes,Yes,RotoWire projected lineup; MLB probable pitchers,lineup projected / unconfirmed,H:2026/2025 P:2026/2025,,,Direct BvP not yet weighted; 2026/2025 Statcast baseline active,7,7,31,0,"Last 7 games: 7/31, 0 HR","same-side matchup; pitcher baseline 9.3% barrel, 15.8 HR allowed",neutral batted-ball profile; pitcher fly-ball pressure modest,11.08,47.71,91.67,101.3215,0.4702,0.1995,0.3652,70.08,12.09,30.4,30.34,14.0,0.1611,9.27,43.68,89.84,0.3919,0.1523,27.3,,,Tropicana Field,
50,676475,Alec Burleson,STL,CHC,2026-07-29T23:45:00Z,Scheduled,3,Matthew Boyd,571510,L,50.2,Longshot,Watch List,"Projected Lineup, Strong Barrel, Premium Lineup Spot",52.4,44.3,22.1,92.1,50.0,32.0,No,Yes,3,Yes,Yes,RotoWire projected lineup; MLB probable pitchers,lineup projected / unconfirmed,H:2026/2025 P:2026/2025,,,Direct BvP not yet weighted; 2026/2025 Statcast baseline active,7,9,27,0,Contact streak: 9/27 over last 7 games,"same-side matchup; pitcher baseline 9.3% barrel, 9.9 HR allowed",neutral batted-ball profile; pitcher fly-ball pressure modest,10.69,46.78,91.49,101.7417,0.5151,0.2249,0.3702,73.03,31.58,43.96,27.4,15.9,0.1774,9.28,40.66,89.2,0.4134,0.1622,25.99,,,Busch Stadium,
51,668804,Bryan Reynolds,PIT,AZ,2026-07-29T16:35:00Z,Scheduled,3,Eduardo Rodriguez,593958,L,50.1,Longshot,Watch List,"Projected Lineup, Strong Barrel, Premium Lineup Spot, Platoon Edge",47.0,43.3,24.3,92.1,75.0,18.3,No,Yes,3,Yes,Yes,RotoWire projected lineup; MLB probable pitchers,lineup projected / unconfirmed,H:2026/2025 P:2026/2025,,,Direct BvP not yet weighted; 2026/2025 Statcast baseline active,7,3,29,1,"Last 7 games: 3/29, 1 HR","switch hitter; pitcher baseline 9.0% barrel, 16.6 HR allowed",neutral batted-ball profile; pitcher fly-ball pressure modest,11.01,46.7,90.99,101.9733,0.4456,0.1918,0.3527,72.62,28.58,40.78,24.97,14.6,0.1766,8.97,35.97,88.2,0.4492,0.186,27.12,,,PNC Park,
52,678218,Brandon Valenzuela,TOR,WSH,2026-07-29T17:05:00Z,Scheduled,5,Zack Littell,641793,R,50.1,Longshot,Watch List,"Projected Lineup, Platoon Edge",33.4,65.1,28.2,81.9,75.0,20.8,No,Yes,5,Yes,Yes,RotoWire projected lineup; MLB probable pitchers,lineup projected / unconfirmed,H:2026 P:2026/2025,,,Direct BvP not yet weighted; 2026/2025 Statcast baseline active,7,3,22,1,"Last 7 games: 3/22, 1 HR","switch hitter; pitcher baseline 10.7% barrel, 28.3 HR allowed",neutral batted-ball profile; pitcher allows elevated contact,8.7,37.8,88.5,99.2316,0.398,0.158,0.318,72.7,23.2,41.7,27.6,8.0,0.171,10.74,43.7,91.25,0.507,0.2285,32.21,,,Nationals Park,
53,662139,Daulton Varsho,TOR,WSH,2026-07-29T17:05:00Z,Scheduled,6,Zack Littell,641793,R,50.1,Longshot,Watch List,"Projected Lineup, Platoon Edge",34.4,66.0,28.2,71.7,80.0,29.7,No,Yes,6,Yes,Yes,RotoWire projected lineup; MLB probable pitchers,lineup projected / unconfirmed,H:2026/2025 P:2026/2025,,,Direct BvP not yet weighted; 2026/2025 Statcast baseline active,7,7,22,0,"Last 7 games: 7/22, 0 HR","platoon edge; pitcher baseline 10.7% barrel, 28.3 HR allowed",neutral batted-ball profile; pitcher allows elevated contact,9.25,37.85,87.31,99.3912,0.4037,0.1662,0.3046,73.71,36.18,41.5,28.89,10.9,0.1868,10.74,43.7,91.25,0.507,0.2285,32.21,,,Nationals Park,
54,666176,Jo Adell,LAA,HOU,2026-07-30T01:38:00Z,Scheduled,7,Hayden Wesneski,669713,R,50.1,Longshot,Watch List,"Projected Lineup, Strong Barrel",52.1,54.0,28.2,59.8,50.0,56.2,No,Yes,7,Yes,Yes,RotoWire projected lineup; MLB probable pitchers,lineup projected / unconfirmed,H:2026/2025 P:2025,,,Direct BvP not yet weighted; 2026/2025 Statcast baseline active,7,6,24,2,Hot streak: 2 HR in last 7 games,"same-side matchup; pitcher baseline 10.5% barrel, 7.0 HR allowed",neutral batted-ball profile; pitcher fly-ball pressure modest,11.35,45.38,90.23,102.5944,0.479,0.2176,0.3405,77.39,71.86,37.58,27.49,22.3,0.1881,10.5,42.1,89.7,0.457,0.211,27.4,,,Angel Stadium,
55,646240,Rafael Devers,SF,MIL,2026-07-29T19:45:00Z,Scheduled,4,Shane Drohan,675660,L,50.0,Longshot,Watch List,"Projected Lineup, Strong Barrel, Premium Lineup Spot",58.2,32.3,19.3,90.4,50.0,60.7,No,Yes,4,Yes,Yes,RotoWire projected lineup; MLB probable pitchers,lineup projected / unconfirmed,H:2026/2025 P:2026,,,Direct BvP not yet weighted; 2026/2025 Statcast baseline active,7,7,25,2,Hot streak: 2 HR in last 7 games,"same-side matchup; pitcher baseline 8.2% barrel, 6.0 HR allowed",EV profile; pitcher fly-ball pressure modest,12.71,52.18,92.59,103.0622,0.4625,0.2273,0.3369,71.81,21.62,33.49,33.25,25.9,0.2326,8.2,37.6,88.2,0.348,0.121,28.6,,,Oracle Park,
56,681715,Heriberto Hernandez,MIA,PHI,2026-07-29T16:10:00Z,Scheduled,3,Jesús Luzardo,666200,L,49.9,Longshot,Watch List,"Projected Lineup, Strong Barrel, Premium Lineup Spot, Platoon Edge",57.5,20.0,21.5,92.1,78.0,60.0,No,Yes,3,Yes,Yes,RotoWire projected lineup; MLB probable pitchers,lineup projected / unconfirmed,H:2026/2025 P:2026/2025,,,Direct BvP not yet weighted; 2026/2025 Statcast baseline active,7,8,29,2,Hot streak: 2 HR in last 7 games,"platoon edge; pitcher baseline 5.9% barrel, 12.5 HR allowed",neutral batted-ball profile; pitcher fly-ball pressure modest,12.47,49.81,91.6,101.9576,0.4833,0.2299,0.3501,74.38,47.13,44.16,31.53,13.5,0.2203,5.86,32.97,87.31,0.3165,0.1053,22.43,,,loanDepot park,
57,608070,Jose Ramirez,CLE,CIN,2026-07-29T23:10:00Z,Scheduled,2,Brady Singer,663903,R,49.8,Longshot,Watch List,"Projected Lineup, Premium Lineup Spot, Platoon Edge",32.6,51.3,39.3,95.5,75.0,14.1,No,Yes,2,Yes,Yes,RotoWire projected lineup; MLB probable pitchers,lineup projected / unconfirmed,H:2026/2025 P:2026/2025,,,Direct BvP not yet weighted; 2026/2025 Statcast baseline active,7,6,28,0,"Last 7 games: 6/28, 0 HR","switch hitter; pitcher baseline 9.7% barrel, 20.4 HR allowed",neutral batted-ball profile; pitcher fly-ball pressure modest,6.44,40.43,89.32,99.8584,0.4376,0.1585,0.3462,70.27,13.33,49.29,30.39,16.0,0.1843,9.68,40.98,90.58,0.4405,0.1821,28.26,,,Great American Ball Park,
58,678246,Miguel Vargas,CWS,NYY,2026-07-29T23:40:00Z,Scheduled,3,Cam Schlittler,693645,R,49.7,Longshot,Watch List,"Projected Lineup, Strong Barrel, Premium Lineup Spot",55.4,35.6,27.6,92.1,50.0,27.1,No,Yes,3,Yes,Yes,RotoWire projected lineup; MLB probable pitchers,lineup projected / unconfirmed,H:2026/2025 P:2026/2025,,,Direct BvP not yet weighted; 2026/2025 Statcast baseline active,7,5,28,1,"Last 7 games: 5/28, 1 HR","same-side matchup; pitcher baseline 8.1% barrel, 10.8 HR allowed",fly-ball profile; pitcher fly-ball pressure modest,13.18,44.91,90.4,100.5415,0.4903,0.2312,0.3687,73.05,34.73,43.02,36.22,20.2,0.2188,8.06,39.64,88.37,0.3581,0.1386,27.02,,,Rate Field,
59,624585,Jorge Soler,LAA,HOU,2026-07-30T01:38:00Z,Scheduled,4,Hayden Wesneski,669713,R,49.5,Longshot,Watch List,"Projected Lineup, Strong Barrel, Premium Lineup Spot",41.7,54.0,28.2,90.4,50.0,28.1,No,Yes,4,Yes,Yes,RotoWire projected lineup; MLB probable pitchers,lineup projected / unconfirmed,H:2026/2025 P:2025,,,Direct BvP not yet weighted; 2026/2025 Statcast baseline active,7,5,27,1,"Last 7 games: 5/27, 1 HR","same-side matchup; pitcher baseline 10.5% barrel, 7.0 HR allowed",neutral batted-ball profile; pitcher fly-ball pressure modest,11.75,43.47,89.07,101.8374,0.3744,0.1676,0.2968,74.7,48.48,50.63,25.03,12.0,0.1706,10.5,42.1,89.7,0.457,0.211,27.4,,,Angel Stadium,
60,693307,Dillon Dingler,DET,BAL,2026-07-29T17:10:00Z,Scheduled,4,Trevor Rogers,669432,L,49.4,Longshot,Watch List,"Projected Lineup, Strong Barrel, Premium Lineup Spot, Platoon Edge",48.3,36.2,27.6,90.4,78.0,19.5,No,Yes,4,Yes,Yes,RotoWire projected lineup; MLB probable pitchers,lineup projected / unconfirmed,H:2026/2025 P:2026/2025,,,Direct BvP not yet weighted; 2026/2025 Statcast baseline active,7,6,24,0,"Last 7 games: 6/24, 0 HR","platoon edge; pitcher baseline 6.9% barrel, 8.8 HR allowed",neutral batted-ball profile; pitcher fly-ball pressure modest,10.6,45.84,89.58,101.029,0.5079,0.2186,0.3706,71.84,16.14,40.73,28.5,19.3,0.2226,6.9,41.96,89.28,0.3921,0.1461,24.25,,,Comerica Park,
61,650490,Yandy Diaz,TB,TEX,2026-07-29T22:40:00Z,Scheduled,1,MacKenzie Gore,669022,L,49.4,Longshot,Watch List,"Projected Lineup, Premium Lineup Spot, Platoon Edge",40.5,46.8,27.6,88.7,78.0,25.3,No,Yes,1,Yes,Yes,RotoWire projected lineup; MLB probable pitchers,lineup projected / unconfirmed,H:2026/2025 P:2026/2025,,,Direct BvP not yet weighted; 2026/2025 Statcast baseline active,7,5,30,1,"Last 7 games: 5/30, 1 HR","platoon edge; pitcher baseline 9.3% barrel, 15.8 HR allowed",neutral batted-ball profile; pitcher fly-ball pressure modest,7.32,48.65,91.39,103.2433,0.4485,0.1621,0.3558,73.74,38.38,22.69,19.72,17.3,0.1652,9.27,43.68,89.84,0.3919,0.1523,27.3,,,Tropicana Field,
62,673548,Seiya Suzuki,CHC,STL,2026-07-29T23:45:00Z,Scheduled,2,Dustin May,669160,R,49.2,Longshot,Watch List,"Projected Lineup, Strong Barrel, Premium Lineup Spot",46.9,40.4,22.1,95.5,50.0,57.4,No,Yes,2,Yes,Yes,RotoWire projected lineup; MLB probable pitchers,lineup projected / unconfirmed,H:2026/2025 P:2026/2025,,,Direct BvP not yet weighted; 2026/2025 Statcast baseline active,7,8,31,2,Hot streak: 2 HR in last 7 games,"same-side matchup; pitcher baseline 7.0% barrel, 11.2 HR allowed",neutral batted-ball profile; pitcher fly-ball pressure modest,11.98,42.47,89.62,101.2511,0.4447,0.1984,0.338,73.4,36.85,43.37,30.43,22.2,0.2155,7.03,45.62,90.32,0.3957,0.1441,23.89,,,Busch Stadium,
63,683737,Michael Busch,CHC,STL,2026-07-29T23:45:00Z,Scheduled,3,Dustin May,669160,R,49.1,Longshot,Watch List,"Projected Lineup, Strong Barrel, Premium Lineup Spot, Platoon Edge",46.0,40.4,22.1,92.1,80.0,17.3,No,Yes,3,Yes,Yes,RotoWire projected lineup; MLB probable pitchers,lineup projected / unconfirmed,H:2026/2025 P:2026/2025,,,Direct BvP not yet weighted; 2026/2025 Statcast baseline active,7,8,34,0,"Last 7 games: 8/34, 0 HR","platoon edge; pitcher baseline 7.0% barrel, 11.2 HR allowed",fly-ball profile; pitcher fly-ball pressure modest,11.99,42.47,89.61,99.7037,0.4479,0.2076,0.35,68.69,5.11,39.86,35.25,19.3,0.1871,7.03,45.62,90.32,0.3957,0.1441,23.89,,,Busch Stadium,
64,694671,Wyatt Langford,TEX,TB,2026-07-29T22:40:00Z,Scheduled,2,Casey Legumina,668984,R,49.0,Longshot,Watch List,"Projected Lineup, Strong Barrel, Premium Lineup Spot",43.6,39.8,27.6,95.5,50.0,61.5,No,Yes,2,Yes,Yes,RotoWire projected lineup; MLB probable pitchers,lineup projected / unconfirmed,H:2026/2025 P:2026/2025,,,Direct BvP not yet weighted; 2026/2025 Statcast baseline active,7,8,28,2,Hot streak: 2 HR in last 7 games,"same-side matchup; pitcher baseline 8.3% barrel, 4.9 HR allowed",neutral batted-ball profile; pitcher fly-ball pressure modest,10.43,41.05,89.93,100.8238,0.441,0.1939,0.3264,72.82,26.27,41.49,29.9,15.0,0.2208,8.31,40.37,88.36,0.413,0.1575,29.2,,,Tropicana Field,
65,679529,Spencer Torkelson,DET,BAL,2026-07-29T17:10:00Z,Scheduled,6,Trevor Rogers,669432,L,48.9,Longshot,Watch List,"Projected Lineup, Strong Barrel, Platoon Edge",51.9,36.2,27.6,71.7,78.0,37.8,No,Yes,6,Yes,Yes,RotoWire projected lineup; MLB probable pitchers,lineup projected / unconfirmed,H:2026/2025 P:2026/2025,,,Direct BvP not yet weighted; 2026/2025 Statcast baseline active,7,5,20,1,"Last 7 games: 5/20, 1 HR","platoon edge; pitcher baseline 6.9% barrel, 8.8 HR allowed",fly-ball profile; pitcher fly-ball pressure modest,13.92,43.0,90.06,100.3644,0.4266,0.2083,0.3228,73.14,26.19,47.98,36.74,22.6,0.2118,6.9,41.96,89.28,0.3921,0.1461,24.25,,,Comerica Park,
66,686469,Vinnie Pasquantino,KC,MIN,2026-07-29T23:40:00Z,Scheduled,5,Joe Ryan,657746,R,48.8,Longshot,Watch List,"Projected Lineup, Platoon Edge",34.7,54.4,27.1,81.9,80.0,32.0,No,Yes,5,Yes,Yes,RotoWire projected lineup; MLB probable pitchers,lineup projected / unconfirmed,H:2026/2025 P:2026/2025,,,Direct BvP not yet weighted; 2026/2025 Statcast baseline active,7,8,24,0,Contact streak: 8/24 over last 7 games,"platoon edge; pitcher baseline 11.4% barrel, 19.0 HR allowed",neutral batted-ball profile; pitcher allows elevated contact,8.0,41.13,89.57,99.9119,0.4112,0.1602,0.3214,70.96,14.57,43.0,27.39,13.8,0.1431,11.36,42.04,89.85,0.3921,0.174,30.38,,,Target Field,
67,663757,Trent Grisham,NYY,CWS,2026-07-29T23:40:00Z,Scheduled,5,Davis Martin,663436,R,48.8,Longshot,Watch List,"Projected Lineup, Strong Barrel, Platoon Edge",48.7,41.4,27.6,81.9,80.0,0.0,No,Yes,5,Yes,Yes,RotoWire projected lineup; MLB probable pitchers,lineup projected / unconfirmed,H:2026/2025 P:2026/2025,,,Direct BvP not yet weighted; 2026/2025 Statcast baseline active,7,2,22,0,"Last 7 games: 2/22, 0 HR","platoon edge; pitcher baseline 7.3% barrel, 10.2 HR allowed",neutral batted-ball profile; pitcher fly-ball pressure modest,11.54,45.56,90.96,100.7849,0.4574,0.208,0.3525,70.58,8.7,47.17,30.35,17.9,0.1905,7.35,44.46,90.42,0.4167,0.1489,22.08,,,Rate Field,
68,553993,Eugenio Suarez,CIN,CLE,2026-07-29T23:10:00Z,Scheduled,4,Joey Cantillo,676282,L,48.7,Longshot,Watch List,"Projected Lineup, Strong Barrel, Premium Lineup Spot, Platoon Edge",39.7,33.5,39.3,90.4,78.0,40.9,No,Yes,4,Yes,Yes,RotoWire projected lineup; MLB probable pitchers,lineup projected / unconfirmed,H:2026/2025 P:2026/2025,,,Direct BvP not yet weighted; 2026/2025 Statcast baseline active,7,4,27,2,Hot streak: 2 HR in last 7 games,"platoon edge; pitcher baseline 7.3% barrel, 12.1 HR allowed",neutral batted-ball profile; pitcher fly-ball pressure modest,11.78,36.89,88.94,99.9195,0.3748,0.1785,0.2829,71.81,21.04,47.54,33.62,24.5,0.2259,7.27,38.58,88.24,0.3658,0.1368,27.09,,,Great American Ball Park,
69,669065,Kyle Stowers,MIA,PHI,2026-07-29T16:10:00Z,Scheduled,2,Jesús Luzardo,666200,L,48.6,Longshot,Watch List,"Projected Lineup, Strong Barrel, Premium Lineup Spot",59.5,20.0,21.5,95.5,50.0,61.5,No,Yes,2,Yes,Yes,RotoWire projected lineup; MLB probable pitchers,lineup projected / unconfirmed,H:2026/2025 P:2026/2025,,,Direct BvP not yet weighted; 2026/2025 Statcast baseline active,7,8,28,2,Hot streak: 2 HR in last 7 games,"same-side matchup; pitcher baseline 5.9% barrel, 12.5 HR allowed",neutral batted-ball profile; pitcher fly-ball pressure modest,13.92,53.26,91.52,103.1999,0.4572,0.2181,0.3379,75.14,53.59,46.97,29.96,16.6,0.2224,5.86,32.97,87.31,0.3165,0.1053,22.43,,,loanDepot park,
70,663330,Jahmai Jones,BOS,ATH,2026-07-30T01:40:00Z,Scheduled,1,Jacob Lopez,682052,L,48.4,Longshot,Watch List,"Projected Lineup, Strong Barrel, Premium Lineup Spot, Platoon Edge",49.5,22.0,30.9,88.7,78.0,54.9,No,Yes,1,Yes,Yes,RotoWire projected lineup; MLB probable pitchers,lineup projected / unconfirmed,H:2026/2025 P:2026/2025,,,Direct BvP not yet weighted; 2026/2025 Statcast baseline active,7,4,11,1,Contact streak: 4/11 over last 7 games,"platoon edge; pitcher baseline 5.4% barrel, 12.2 HR allowed",neutral batted-ball profile; pitcher allows elevated contact,11.58,47.3,91.08,102.3199,0.4406,0.1982,0.3332,73.25,34.73,46.68,27.85,4.2,0.1608,5.41,31.73,85.78,0.3473,0.131,32.48,,,Sutter Health Park,
71,671218,Heliot Ramos,SF,MIL,2026-07-29T19:45:00Z,Scheduled,3,Shane Drohan,675660,L,48.0,Longshot,Watch List,"Projected Lineup, Strong Barrel, Premium Lineup Spot, Platoon Edge",52.9,32.3,19.3,92.1,78.0,0.0,No,Yes,3,Yes,Yes,RotoWire projected lineup; MLB probable pitchers,lineup projected / unconfirmed,H:2026/2025 P:2026,,,Direct BvP not yet weighted; 2026/2025 Statcast baseline active,7,3,29,0,"Last 7 games: 3/29, 0 HR","platoon edge; pitcher baseline 8.2% barrel, 6.0 HR allowed",EV profile; pitcher fly-ball pressure modest,13.21,49.01,92.15,103.1323,0.4541,0.1953,0.327,72.74,30.42,35.13,23.16,12.6,0.165,8.2,37.6,88.2,0.348,0.121,28.6,,,Oracle Park,
72,670623,Isaac Paredes,HOU,LAA,2026-07-30T01:38:00Z,Scheduled,3,Grayson Rodriguez,680570,R,47.9,Longshot,Watch List,"Projected Lineup, Pitcher Vulnerable, Premium Lineup Spot",19.6,71.8,28.2,92.1,50.0,52.0,No,Yes,3,Yes,Yes,RotoWire projected lineup; MLB probable pitchers,lineup projected / unconfirmed,H:2026/2025 P:2026,,,Direct BvP not yet weighted; 2026/2025 Statcast baseline active,7,6,27,2,Hot streak: 2 HR in last 7 games,"same-side matchup; pitcher baseline 10.5% barrel, 7.0 HR allowed",neutral batted-ball profile; pitcher allows elevated contact,5.95,30.94,86.77,97.0537,0.3723,0.132,0.3193,67.88,7.4,52.42,31.43,15.8,0.1788,10.5,54.1,92.1,0.563,0.242,30.1,,,Angel Stadium,
73,669394,Jake Burger,TEX,TB,2026-07-29T22:40:00Z,Scheduled,6,Casey Legumina,668984,R,47.8,Longshot,Watch List,"Projected Lineup, Strong Barrel, Hot Hitter/Streak",48.4,39.8,27.6,71.7,50.0,71.6,No,Yes,6,Yes,Yes,RotoWire projected lineup; MLB probable pitchers,lineup projected / unconfirmed,H:2026/2025 P:2026/2025,,,Direct BvP not yet weighted; 2026/2025 Statcast baseline active,7,6,26,3,Hot streak: 3 HR in last 7 games,"same-side matchup; pitcher baseline 8.3% barrel, 4.9 HR allowed",neutral batted-ball profile; pitcher fly-ball pressure modest,11.87,46.89,90.12,102.7176,0.4255,0.1886,0.3107,75.23,56.44,43.0,27.27,18.1,0.1893,8.31,40.37,88.36,0.413,0.1575,29.2,,,Tropicana Field,
74,686611,Dylan Crews,WSH,TOR,2026-07-29T17:05:00Z,Scheduled,3,Trey Yesavage,702056,R,47.5,Longshot,Watch List,"Projected Lineup, Premium Lineup Spot, Hot Hitter/Streak",42.6,33.5,28.2,92.1,50.0,74.9,No,Yes,3,Yes,Yes,RotoWire projected lineup; MLB probable pitchers,lineup projected / unconfirmed,H:2026/2025 P:2026/2025,,,Direct BvP not yet weighted; 2026/2025 Statcast baseline active,7,9,24,2,Hot streak: 2 HR in last 7 games,"same-side matchup; pitcher baseline 6.7% barrel, 7.0 HR allowed",neutral batted-ball profile; pitcher fly-ball pressure modest,9.73,42.34,90.4,101.4451,0.4196,0.1818,0.3224,73.72,35.32,33.8,29.59,8.6,0.1517,6.72,43.37,90.29,0.3389,0.1254,24.62,,,Nationals Park,
75,680777,Ryan Jeffers,MIN,KC,2026-07-29T23:40:00Z,Scheduled,3,Randy Dobnak,677976,R,47.5,Longshot,Watch List,"Projected Lineup, Strong Barrel, Premium Lineup Spot",45.1,36.9,27.1,92.1,50.0,46.5,No,Yes,3,Yes,Yes,RotoWire projected lineup; MLB probable pitchers,lineup projected / unconfirmed,H:2026/2025 P:2026/2025,,,Direct BvP not yet weighted; 2026/2025 Statcast baseline active,7,8,26,1,"Last 7 games: 8/26, 1 HR","same-side matchup; pitcher baseline 5.4% barrel, 1.7 HR allowed",neutral batted-ball profile; pitcher fly-ball pressure modest,11.2,41.61,89.79,101.2736,0.4532,0.1983,0.3586,72.79,34.89,37.25,28.38,9.0,0.2087,5.39,45.59,92.02,0.429,0.1422,17.86,,,Target Field,
76,687093,Vaughn Grissom,LAA,HOU,2026-07-30T01:38:00Z,Scheduled,5,Hayden Wesneski,669713,R,47.4,Longshot,Watch List,Projected Lineup,33.1,54.0,28.2,81.9,50.0,66.9,No,Yes,5,Yes,Yes,RotoWire projected lineup; MLB probable pitchers,lineup projected / unconfirmed,H:2026 P:2025,,,Direct BvP not yet weighted; 2026/2025 Statcast baseline active,7,9,28,2,Hot streak: 2 HR in last 7 games,"same-side matchup; pitcher baseline 10.5% barrel, 7.0 HR allowed",neutral batted-ball profile; pitcher fly-ball pressure modest,7.4,40.5,88.8,99.631,0.424,0.158,0.337,71.7,21.1,40.0,26.8,7.0,0.152,10.5,42.1,89.7,0.457,0.211,27.4,,,Angel Stadium,
77,665862,Jazz Chisholm,NYY,CWS,2026-07-29T23:40:00Z,Scheduled,7,Davis Martin,663436,R,47.2,Longshot,Watch List,"Projected Lineup, Strong Barrel, Platoon Edge",45.1,41.4,27.6,59.8,80.0,53.3,No,Yes,7,Yes,Yes,RotoWire projected lineup; MLB probable pitchers,lineup projected / unconfirmed,H:2026/2025 P:2026/2025,,,Direct BvP not yet weighted; 2026/2025 Statcast baseline active,7,6,26,2,Hot streak: 2 HR in last 7 games,"platoon edge; pitcher baseline 7.3% barrel, 10.2 HR allowed",neutral batted-ball profile; pitcher fly-ball pressure modest,11.43,42.32,90.33,100.5458,0.4061,0.1896,0.3068,73.34,34.06,52.96,29.98,20.5,0.2033,7.35,44.46,90.42,0.4167,0.1489,22.08,,,Rate Field,
78,624424,Michael Conforto,CHC,STL,2026-07-29T23:45:00Z,Scheduled,7,Dustin May,669160,R,47.1,Longshot,Watch List,"Projected Lineup, Strong Barrel, Platoon Edge",50.0,40.4,22.1,59.8,80.0,40.3,No,Yes,7,Yes,Yes,RotoWire projected lineup; MLB probable pitchers,lineup projected / unconfirmed,H:2026/2025 P:2026/2025,,,Direct BvP not yet weighted; 2026/2025 Statcast baseline active,7,4,15,1,"Last 7 games: 4/15, 1 HR","platoon edge; pitcher baseline 7.0% barrel, 11.2 HR allowed",fly-ball profile; pitcher fly-ball pressure modest,11.59,45.19,91.3,100.9773,0.4296,0.1973,0.3293,72.95,33.43,42.06,36.3,9.9,0.211,7.03,45.62,90.32,0.3957,0.1441,23.89,,,Busch Stadium,
79,664023,Ian Happ,CHC,STL,2026-07-29T23:45:00Z,Scheduled,5,Dustin May,669160,R,46.9,Longshot,Watch List,"Projected Lineup, Strong Barrel, Platoon Edge",45.0,39.2,22.1,81.9,75.0,22.4,No,Yes,5,Yes,Yes,RotoWire projected lineup; MLB probable pitchers,lineup projected / unconfirmed,H:2026/2025 P:2026/2025,,,Direct BvP not yet weighted; 2026/2025 Statcast baseline active,7,7,26,0,"Last 7 games: 7/26, 0 HR","switch hitter; pitcher baseline 7.0% barrel, 11.2 HR allowed",neutral batted-ball profile; pitcher fly-ball pressure modest,11.31,42.44,89.51,100.9423,0.4178,0.2,0.3274,71.98,19.16,43.35,33.65,19.5,0.1945,7.03,45.62,90.32,0.3957,0.1441,23.89,,,Busch Stadium,
80,681624,Andy Pages,LAD,SEA,2026-07-30T02:10:00Z,Scheduled,2,Emerson Hancock,676106,R,46.9,Longshot,Watch List,"Projected Lineup, Premium Lineup Spot",37.2,49.7,27.6,95.5,50.0,13.0,No,Yes,2,Yes,Yes,RotoWire projected lineup; MLB probable pitchers,lineup projected / unconfirmed,H:2026/2025 P:2026/2025,,,Direct BvP not yet weighted; 2026/2025 Statcast baseline active,7,6,29,0,"Last 7 games: 6/29, 0 HR","same-side matchup; pitcher baseline 9.0% barrel, 13.6 HR allowed",neutral batted-ball profile; pitcher fly-ball pressure modest,8.26,41.61,88.81,100.0491,0.4343,0.1714,0.3314,72.95,27.31,36.5,28.93,20.0,0.1904,8.96,43.27,89.63,0.4428,0.1794,28.31,,,UNIQLO Field at Dodger Stadium,
81,605137,Josh Bell,MIN,KC,2026-07-29T23:40:00Z,Scheduled,5,Randy Dobnak,677976,R,46.6,Longshot,Watch List,"Projected Lineup, Strong Barrel, Platoon Edge",44.7,36.7,27.1,81.9,75.0,14.1,No,Yes,5,Yes,Yes,RotoWire projected lineup; MLB probable pitchers,lineup projected / unconfirmed,H:2026/2025 P:2026/2025,,,Direct BvP not yet weighted; 2026/2025 Statcast baseline active,7,6,28,0,"Last 7 games: 6/28, 0 HR","switch hitter; pitcher baseline 5.4% barrel, 1.7 HR allowed",neutral batted-ball profile; pitcher fly-ball pressure modest,10.42,44.27,90.05,100.9738,0.4486,0.2003,0.3317,72.26,28.11,41.15,26.36,15.7,0.173,5.39,45.59,92.02,0.429,0.1422,17.86,,,Target Field,
82,683748,Victor Mesa,TB,TEX,2026-07-29T22:40:00Z,Scheduled,6,MacKenzie Gore,669022,L,46.5,Longshot,Watch List,"Projected Lineup, Hot Hitter/Streak",38.7,46.8,27.6,71.7,50.0,76.1,No,Yes,6,Yes,Yes,RotoWire projected lineup; MLB probable pitchers,lineup projected / unconfirmed,H:2026/2025 P:2026/2025,,,Direct BvP not yet weighted; 2026/2025 Statcast baseline active,7,6,23,3,Hot streak: 3 HR in last 7 games,"same-side matchup; pitcher baseline 9.3% barrel, 15.8 HR allowed",neutral batted-ball profile; pitcher fly-ball pressure modest,9.9,39.68,89.07,100.0965,0.4087,0.1739,0.3256,73.68,33.46,44.16,27.33,5.9,0.2127,9.27,43.68,89.84,0.3919,0.1523,27.3,,,Tropicana Field,
83,668709,JJ Bleday,CIN,CLE,2026-07-29T23:10:00Z,Scheduled,3,Joey Cantillo,676282,L,46.5,Longshot,Watch List,"Projected Lineup, Premium Lineup Spot",39.8,33.5,39.3,92.1,50.0,41.7,No,Yes,3,Yes,Yes,RotoWire projected lineup; MLB probable pitchers,lineup projected / unconfirmed,H:2026/2025 P:2026/2025,,,Direct BvP not yet weighted; 2026/2025 Statcast baseline active,7,4,26,2,Hot streak: 2 HR in last 7 games,"same-side matchup; pitcher baseline 7.3% barrel, 12.1 HR allowed",neutral batted-ball profile; pitcher fly-ball pressure modest,9.41,40.52,88.77,100.0422,0.4227,0.183,0.3362,73.24,28.73,45.6,32.29,16.1,0.2221,7.27,38.58,88.24,0.3658,0.1368,27.09,,,Great American Ball Park,
84,663993,Nathaniel Lowe,CIN,CLE,2026-07-29T23:10:00Z,Scheduled,5,Joey Cantillo,676282,L,46.5,Longshot,Watch List,Projected Lineup,40.5,33.5,39.3,81.9,50.0,63.7,No,Yes,4,Yes,Yes,RotoWire projected lineup; MLB probable pitchers,lineup projected / unconfirmed; order MLB 5 vs RotoWire 4,H:2026/2025 P:2026/2025,,,Direct BvP not yet weighted; 2026/2025 Statcast baseline active,7,9,30,2,Hot streak: 2 HR in last 7 games,"same-side matchup; pitcher baseline 7.3% barrel, 12.1 HR allowed",neutral batted-ball profile; pitcher fly-ball pressure modest,9.8,40.66,89.0,100.9481,0.4381,0.1828,0.3366,74.03,38.3,37.2,26.97,13.8,0.1992,7.27,38.58,88.24,0.3658,0.1368,27.09,,,Great American Ball Park,
85,682848,Endy Rodriguez,PIT,AZ,2026-07-29T16:35:00Z,Scheduled,7,Eduardo Rodriguez,593958,L,46.4,Longshot,Watch List,"Projected Lineup, Platoon Edge",43.4,43.3,24.3,59.8,75.0,59.1,No,Yes,7,Yes,Yes,RotoWire projected lineup; MLB probable pitchers,lineup projected / unconfirmed,H:2026/2025 P:2026/2025,,,Direct BvP not yet weighted; 2026/2025 Statcast baseline active,7,7,26,2,Hot streak: 2 HR in last 7 games,"switch hitter; pitcher baseline 9.0% barrel, 16.6 HR allowed",lift-pull EV profile; pitcher fly-ball pressure modest,9.39,46.03,92.34,100.5817,0.3922,0.1554,0.3288,72.2,21.5,43.97,34.2,3.5,0.1673,8.97,35.97,88.2,0.4492,0.186,27.12,,,PNC Park,
86,671056,Ivan Herrera,STL,CHC,2026-07-29T23:45:00Z,Scheduled,4,Matthew Boyd,571510,L,46.4,Longshot,Watch List,"Projected Lineup, Premium Lineup Spot, Platoon Edge",33.8,44.3,22.1,90.4,78.0,32.5,No,Yes,4,Yes,Yes,RotoWire projected lineup; MLB probable pitchers,lineup projected / unconfirmed,H:2026/2025 P:2026/2025,,,Direct BvP not yet weighted; 2026/2025 Statcast baseline active,7,6,28,1,"Last 7 games: 6/28, 1 HR","platoon edge; pitcher baseline 9.3% barrel, 9.9 HR allowed",neutral batted-ball profile; pitcher fly-ball pressure modest,7.18,41.89,89.73,101.0941,0.4079,0.1555,0.3442,74.05,44.34,36.82,19.45,14.1,0.1492,9.28,40.66,89.2,0.4134,0.1622,25.99,,,Busch Stadium,
87,663457,Lars Nootbaar,STL,CHC,2026-07-29T23:45:00Z,Scheduled,5,Matthew Boyd,571510,L,46.4,Longshot,Watch List,Projected Lineup,48.7,44.3,22.1,81.9,50.0,8.1,No,Yes,5,Yes,Yes,RotoWire projected lineup; MLB probable pitchers,lineup projected / unconfirmed,H:2026/2025 P:2026/2025,,,Direct BvP not yet weighted; 2026/2025 Statcast baseline active,7,4,23,0,"Last 7 games: 4/23, 0 HR","same-side matchup; pitcher baseline 9.3% barrel, 9.9 HR allowed",EV profile; pitcher fly-ball pressure modest,9.85,51.05,92.0,101.8311,0.4287,0.1865,0.3359,73.12,34.93,38.0,28.9,6.0,0.1298,9.28,40.66,89.2,0.4134,0.1622,25.99,,,Busch Stadium,
88,691777,Max Muncy,LAD,SEA,2026-07-30T02:10:00Z,Scheduled,4,Emerson Hancock,676106,R,46.3,Longshot,Watch List,"Projected Lineup, Strong Barrel, Premium Lineup Spot",38.9,49.7,27.6,90.4,50.0,5.7,No,Yes,4,Yes,Yes,RotoWire projected lineup; MLB probable pitchers,lineup projected / unconfirmed,H:2026/2025 P:2026/2025,,,Direct BvP not yet weighted; 2026/2025 Statcast baseline active,7,3,19,0,"Last 7 games: 3/19, 0 HR","same-side matchup; pitcher baseline 9.0% barrel, 13.6 HR allowed",neutral batted-ball profile; pitcher fly-ball pressure modest,10.8,43.67,89.69,101.5962,0.3614,0.1507,0.2831,74.08,45.26,43.1,23.63,6.2,0.1657,8.96,43.27,89.63,0.4428,0.1794,28.31,,,UNIQLO Field at Dodger Stadium,
89,694192,Jackson Chourio,MIL,SF,2026-07-29T19:45:00Z,Scheduled,2,Logan Webb,657277,R,46.2,Longshot,Watch List,"Projected Lineup, Strong Barrel, Premium Lineup Spot",50.6,31.0,19.3,95.5,50.0,25.5,No,Yes,2,Yes,Yes,RotoWire projected lineup; MLB probable pitchers,lineup projected / unconfirmed,H:2026/2025 P:2026/2025,,,Direct BvP not yet weighted; 2026/2025 Statcast baseline active,7,9,31,0,"Last 7 games: 9/31, 0 HR","same-side matchup; pitcher baseline 6.4% barrel, 10.5 HR allowed",neutral batted-ball profile; pitcher fly-ball pressure modest,12.15,44.54,91.26,101.9947,0.4491,0.2007,0.3224,74.39,45.39,31.85,28.29,15.4,0.193,6.41,39.99,88.79,0.385,0.1303,19.14,,,Oracle Park,
90,605141,Mookie Betts,LAD,SEA,2026-07-30T02:10:00Z,Scheduled,5,Emerson Hancock,676106,R,46.2,Longshot,Watch List,Projected Lineup,34.5,49.7,27.6,81.9,50.0,56.2,No,Yes,5,Yes,Yes,RotoWire projected lineup; MLB probable pitchers,lineup projected / unconfirmed,H:2026/2025 P:2026/2025,,,Direct BvP not yet weighted; 2026/2025 Statcast baseline active,7,7,28,2,Hot streak: 2 HR in last 7 games,"same-side matchup; pitcher baseline 9.0% barrel, 13.6 HR allowed",fly-ball profile; pitcher fly-ball pressure modest,7.6,37.76,90.01,98.5654,0.429,0.1602,0.3293,69.35,7.79,39.54,35.83,15.1,0.1711,8.96,43.27,89.63,0.4428,0.1794,28.31,,,UNIQLO Field at Dodger Stadium,
91,681082,Bryson Stott,PHI,MIA,2026-07-29T16:10:00Z,Scheduled,2,Ryan Gusto,687473,R,46.0,Longshot,Watch List,"Projected Lineup, Premium Lineup Spot, Platoon Edge",27.7,45.8,21.5,95.5,80.0,42.3,No,Yes,2,Yes,Yes,RotoWire projected lineup; MLB probable pitchers,lineup projected / unconfirmed,H:2026/2025 P:2026/2025,,,Direct BvP not yet weighted; 2026/2025 Statcast baseline active,7,7,25,1,"Last 7 games: 7/25, 1 HR","platoon edge; pitcher baseline 8.7% barrel, 7.2 HR allowed",neutral batted-ball profile; pitcher fly-ball pressure modest,6.64,35.66,88.65,98.57,0.4049,0.146,0.3179,69.82,6.33,34.87,29.27,9.5,0.1501,8.73,44.44,90.04,0.4173,0.1606,27.1,,,loanDepot park,
92,669016,Brandon Marsh,PHI,MIA,2026-07-29T16:10:00Z,Scheduled,5,Ryan Gusto,687473,R,46.0,Longshot,Watch List,"Projected Lineup, Platoon Edge",39.9,45.8,21.5,81.9,80.0,0.0,No,Yes,5,Yes,Yes,RotoWire projected lineup; MLB probable pitchers,lineup projected / unconfirmed,H:2026/2025 P:2026/2025,,,Direct BvP not yet weighted; 2026/2025 Statcast baseline active,7,2,23,0,"Last 7 games: 2/23, 0 HR","platoon edge; pitcher baseline 8.7% barrel, 7.2 HR allowed",neutral batted-ball profile; pitcher fly-ball pressure modest,9.03,45.91,90.05,100.3765,0.4285,0.1662,0.3188,71.47,15.4,38.12,26.59,14.5,0.1749,8.73,44.44,90.04,0.4173,0.1606,27.1,,,loanDepot park,
93,687221,Dalton Rushing,LAD,SEA,2026-07-30T02:10:00Z,Scheduled,9,Emerson Hancock,676106,R,46.0,Longshot,Watch List,"Projected Lineup, Strong Barrel, Platoon Edge",44.3,49.7,27.6,40.2,80.0,50.3,No,Yes,9,Yes,Yes,RotoWire projected lineup; MLB probable pitchers,lineup projected / unconfirmed,H:2026/2025 P:2026/2025,,,Direct BvP not yet weighted; 2026/2025 Statcast baseline active,7,7,21,1,Contact streak: 7/21 over last 7 games,"platoon edge; pitcher baseline 9.0% barrel, 13.6 HR allowed",neutral batted-ball profile; pitcher fly-ball pressure modest,12.18,44.11,89.61,101.7371,0.4112,0.1753,0.3215,72.61,18.03,47.19,27.9,8.9,0.1879,8.96,43.27,89.63,0.4428,0.1794,28.31,,,UNIQLO Field at Dodger Stadium,
94,668930,Brice Turang,MIL,SF,2026-07-29T19:45:00Z,Scheduled,1,Logan Webb,657277,R,45.9,Longshot,Watch List,"Projected Lineup, Premium Lineup Spot, Platoon Edge",39.5,31.0,19.3,88.7,80.0,58.0,No,Yes,1,Yes,Yes,RotoWire projected lineup; MLB probable pitchers,lineup projected / unconfirmed,H:2026/2025 P:2026/2025,,,Direct BvP not yet weighted; 2026/2025 Statcast baseline active,7,10,26,1,Contact streak: 10/26 over last 7 games,"platoon edge; pitcher baseline 6.4% barrel, 10.5 HR allowed",neutral batted-ball profile; pitcher fly-ball pressure modest,8.35,44.39,90.82,100.606,0.4395,0.1817,0.3441,70.25,12.43,27.79,24.27,15.9,0.1806,6.41,39.99,88.79,0.385,0.1303,19.14,,,Oracle Park,
95,663656,Kyle Tucker,LAD,SEA,2026-07-30T02:10:00Z,Scheduled,7,Emerson Hancock,676106,R,45.9,Longshot,Watch List,"Projected Lineup, Platoon Edge",35.3,49.7,27.6,59.8,80.0,51.3,No,Yes,7,Yes,Yes,RotoWire projected lineup; MLB probable pitchers,lineup projected / unconfirmed,H:2026/2025 P:2026/2025,,,Direct BvP not yet weighted; 2026/2025 Statcast baseline active,7,5,23,2,Hot streak: 2 HR in last 7 games,"platoon edge; pitcher baseline 9.0% barrel, 13.6 HR allowed",neutral batted-ball profile; pitcher fly-ball pressure modest,8.0,39.35,89.33,98.9305,0.4256,0.1605,0.3482,71.51,20.87,43.8,32.28,12.9,0.1553,8.96,43.27,89.63,0.4428,0.1794,28.31,,,UNIQLO Field at Dodger Stadium,
96,683953,Travis Bazzana,CLE,CIN,2026-07-29T23:10:00Z,Scheduled,4,Brady Singer,663903,R,45.8,Longshot,Watch List,"Projected Lineup, Premium Lineup Spot, Platoon Edge",21.0,53.4,39.3,90.4,80.0,7.0,No,Yes,6,Yes,Yes,RotoWire projected lineup; MLB probable pitchers,lineup projected / unconfirmed; order MLB 4 vs RotoWire 6,H:2026 P:2026/2025,,,Direct BvP not yet weighted; 2026/2025 Statcast baseline active,7,4,24,0,"Last 7 games: 4/24, 0 HR","platoon edge; pitcher baseline 9.7% barrel, 20.4 HR allowed",neutral batted-ball profile; pitcher fly-ball pressure modest,4.7,35.5,88.0,98.4191,0.35,0.126,0.302,69.8,13.0,39.0,30.0,9.0,0.161,9.68,40.98,90.58,0.4405,0.1821,28.26,,,Great American Ball Park,
97,701538,Jackson Merrill,SD,COL,2026-07-29T20:10:00Z,Scheduled,5,Gabriel Hughes,687312,R,45.7,Longshot,Watch List,"Projected Lineup, Strong Barrel, Platoon Edge, Hot Hitter/Streak",47.4,12.3,22.6,81.9,80.0,100.0,No,Yes,5,Yes,Yes,RotoWire projected lineup; MLB probable pitchers,lineup projected / unconfirmed,H:2026/2025 P:2026,,,Direct BvP not yet weighted; 2026/2025 Statcast baseline active,7,12,25,3,Hot streak: 3 HR in last 7 games,"platoon edge; pitcher baseline 1.9% barrel, 0.0 HR allowed",neutral batted-ball profile; pitcher allows elevated contact,11.25,45.42,89.77,100.4428,0.4564,0.2025,0.3281,72.98,27.25,37.7,28.87,15.3,0.1699,1.9,28.8,88.9,0.252,0.063,30.8,,,Petco Park,
98,502671,Paul Goldschmidt,NYY,CWS,2026-07-29T23:40:00Z,Scheduled,1,Davis Martin,663436,R,45.2,Longshot,Watch List,"Projected Lineup, Strong Barrel, Premium Lineup Spot",38.1,41.4,27.6,88.7,50.0,32.9,No,Yes,1,Yes,Yes,RotoWire projected lineup; MLB probable pitchers,lineup projected / unconfirmed,H:2026/2025 P:2026/2025,,,Direct BvP not yet weighted; 2026/2025 Statcast baseline active,7,5,23,1,"Last 7 games: 5/23, 1 HR","same-side matchup; pitcher baseline 7.3% barrel, 10.2 HR allowed",neutral batted-ball profile; pitcher fly-ball pressure modest,10.38,39.22,87.6,99.4616,0.429,0.1868,0.3157,71.69,16.23,33.74,28.79,14.2,0.1941,7.35,44.46,90.42,0.4167,0.1489,22.08,,,Rate Field,
99,592518,Manny Machado,SD,COL,2026-07-29T20:10:00Z,Scheduled,3,Gabriel Hughes,687312,R,45.1,Longshot,Watch List,"Projected Lineup, Strong Barrel, Premium Lineup Spot, Hot Hitter/Streak",50.7,12.3,22.6,92.1,50.0,93.3,No,Yes,3,Yes,Yes,RotoWire projected lineup; MLB probable pitchers,lineup projected / unconfirmed,H:2026/2025 P:2026,,,Direct BvP not yet weighted; 2026/2025 Statcast baseline active,7,12,32,3,Hot streak: 3 HR in last 7 games,"same-side matchup; pitcher baseline 1.9% barrel, 0.0 HR allowed",neutral batted-ball profile; pitcher allows elevated contact,11.5,46.04,91.15,101.9089,0.4523,0.2044,0.3361,74.64,44.4,40.78,28.57,24.2,0.2151,1.9,28.8,88.9,0.252,0.063,30.8,,,Petco Park,
100,642708,Amed Rosario,NYY,CWS,2026-07-29T23:40:00Z,Scheduled,3,Davis Martin,663436,R,45.1,Longshot,Watch List,"Projected Lineup, Premium Lineup Spot",39.6,41.4,27.6,92.1,50.0,12.0,No,Yes,3,Yes,Yes,RotoWire projected lineup; MLB probable pitchers,lineup projected / unconfirmed,H:2026/2025 P:2026/2025,,,Direct BvP not yet weighted; 2026/2025 Statcast baseline active,7,3,15,0,"Last 7 games: 3/15, 0 HR","same-side matchup; pitcher baseline 7.3% barrel, 10.2 HR allowed",neutral batted-ball profile; pitcher fly-ball pressure modest,9.36,40.94,90.5,101.4128,0.4257,0.1685,0.3156,73.76,38.23,39.71,23.3,8.1,0.1943,7.35,44.46,90.42,0.4167,0.1489,22.08,,,Rate Field,
101,802139,JJ Wetherholt,STL,CHC,2026-07-29T23:45:00Z,Scheduled,1,Matthew Boyd,571510,L,45.0,Longshot,Watch List,"Projected Lineup, Premium Lineup Spot",38.3,44.3,22.1,88.7,50.0,30.3,No,Yes,1,Yes,Yes,RotoWire projected lineup; MLB probable pitchers,lineup projected / unconfirmed,H:2026 P:2026/2025,,,Direct BvP not yet weighted; 2026/2025 Statcast baseline active,7,5,25,1,"Last 7 games: 5/25, 1 HR","same-side matchup; pitcher baseline 9.3% barrel, 9.9 HR allowed",neutral batted-ball profile; pitcher fly-ball pressure modest,7.2,44.9,89.9,99.4025,0.431,0.174,0.346,72.3,22.2,37.3,29.6,15.0,0.138,9.28,40.66,89.2,0.4134,0.1622,25.99,,,Busch Stadium,
102,672275,Patrick Bailey,CLE,CIN,2026-07-29T23:10:00Z,Scheduled,8,Brady Singer,663903,R,44.8,Longshot,Watch List,"Projected Lineup, Platoon Edge",30.8,51.3,39.3,47.9,75.0,59.6,No,Yes,8,Yes,Yes,RotoWire projected lineup; MLB probable pitchers,lineup projected / unconfirmed,H:2026/2025 P:2026/2025,,,Direct BvP not yet weighted; 2026/2025 Statcast baseline active,7,6,22,2,Hot streak: 2 HR in last 7 games,"switch hitter; pitcher baseline 9.7% barrel, 20.4 HR allowed",neutral batted-ball profile; pitcher fly-ball pressure modest,6.93,39.27,89.6,99.3629,0.3722,0.1468,0.285,72.58,29.1,31.73,25.43,5.3,0.1079,9.68,40.98,90.58,0.4405,0.1821,28.26,,,Great American Ball Park,
103,686681,Michael Massey,KC,MIN,2026-07-29T23:40:00Z,Scheduled,7,Joe Ryan,657746,R,44.8,Longshot,Watch List,"Projected Lineup, Platoon Edge",29.8,54.4,27.1,59.8,80.0,46.0,No,Yes,7,Yes,Yes,RotoWire projected lineup; MLB probable pitchers,lineup projected / unconfirmed,H:2026/2025 P:2026/2025,,,Direct BvP not yet weighted; 2026/2025 Statcast baseline active,7,7,23,1,"Last 7 games: 7/23, 1 HR","platoon edge; pitcher baseline 11.4% barrel, 19.0 HR allowed",neutral batted-ball profile; pitcher allows elevated contact,5.75,38.95,89.32,98.7168,0.3859,0.1458,0.2909,71.43,11.94,48.31,33.46,6.5,0.1369,11.36,42.04,89.85,0.3921,0.174,30.38,,,Target Field,
104,663616,Trevor Larnach,MIN,KC,2026-07-29T23:40:00Z,Scheduled,1,Randy Dobnak,677976,R,44.7,Longshot,Watch List,"Projected Lineup, Premium Lineup Spot, Platoon Edge",29.7,36.9,27.1,88.7,80.0,48.1,No,Yes,1,Yes,Yes,RotoWire projected lineup; MLB probable pitchers,lineup projected / unconfirmed,H:2026/2025 P:2026/2025,,,Direct BvP not yet weighted; 2026/2025 Statcast baseline active,7,7,22,1,"Last 7 games: 7/22, 1 HR","platoon edge; pitcher baseline 5.4% barrel, 1.7 HR allowed",neutral batted-ball profile; pitcher fly-ball pressure modest,7.55,37.65,88.24,99.272,0.4079,0.1467,0.3334,71.92,20.47,41.99,24.47,10.7,0.161,5.39,45.59,92.02,0.429,0.1422,17.86,,,Target Field,
105,691176,Jasson Dominguez,NYY,CWS,2026-07-29T23:40:00Z,Scheduled,4,Davis Martin,663436,R,44.6,Longshot,Watch List,"Projected Lineup, Premium Lineup Spot, Platoon Edge",27.8,40.3,27.6,90.4,75.0,43.2,No,Yes,4,Yes,Yes,RotoWire projected lineup; MLB probable pitchers,lineup projected / unconfirmed,H:2026/2025 P:2026/2025,,,Direct BvP not yet weighted; 2026/2025 Statcast baseline active,7,8,28,1,"Last 7 games: 8/28, 1 HR","switch hitter; pitcher baseline 7.3% barrel, 10.2 HR allowed",neutral batted-ball profile; pitcher fly-ball pressure modest,5.67,41.62,88.78,100.881,0.3728,0.1218,0.2955,74.38,40.25,43.74,24.06,7.2,0.1527,7.35,44.46,90.42,0.4167,0.1489,22.08,,,Rate Field,
106,664770,Nathan Lukes,TOR,WSH,2026-07-29T17:05:00Z,Scheduled,2,Zack Littell,641793,R,44.5,Longshot,Watch List,"Projected Lineup, Premium Lineup Spot, Platoon Edge",9.1,66.0,28.2,95.5,80.0,17.7,No,Yes,2,Yes,Yes,RotoWire projected lineup; MLB probable pitchers,lineup projected / unconfirmed,H:2026/2025 P:2026/2025,,,Direct BvP not yet weighted; 2026/2025 Statcast baseline active,7,5,21,0,"Last 7 games: 5/21, 0 HR","platoon edge; pitcher baseline 10.7% barrel, 28.3 HR allowed",neutral batted-ball profile; pitcher allows elevated contact,2.14,30.28,86.71,96.7431,0.3493,0.0938,0.2954,67.51,4.14,33.31,20.88,7.1,0.1247,10.74,43.7,91.25,0.507,0.2285,32.21,,,Nationals Park,
107,657041,Lane Thomas,KC,MIN,2026-07-29T23:40:00Z,Scheduled,2,Joe Ryan,657746,R,44.5,Longshot,Watch List,"Projected Lineup, Premium Lineup Spot",25.9,54.4,27.1,95.5,50.0,18.3,No,Yes,2,Yes,Yes,RotoWire projected lineup; MLB probable pitchers,lineup projected / unconfirmed,H:2026/2025 P:2026/2025,,,Direct BvP not yet weighted; 2026/2025 Statcast baseline active,7,3,28,1,"Last 7 games: 3/28, 1 HR","same-side matchup; pitcher baseline 11.4% barrel, 19.0 HR allowed",neutral batted-ball profile; pitcher allows elevated contact,5.99,38.93,88.92,99.542,0.3455,0.125,0.2969,72.56,23.43,42.47,25.16,8.2,0.1526,11.36,42.04,89.85,0.3921,0.174,30.38,,,Target Field,
108,643217,Andrew Benintendi,CWS,NYY,2026-07-29T23:40:00Z,Scheduled,5,Cam Schlittler,693645,R,44.4,Longshot,Watch List,"Projected Lineup, Platoon Edge",37.9,35.6,27.6,81.9,80.0,10.6,No,Yes,5,Yes,Yes,RotoWire projected lineup; MLB probable pitchers,lineup projected / unconfirmed,H:2026/2025 P:2026/2025,,,Direct BvP not yet weighted; 2026/2025 Statcast baseline active,7,4,21,0,"Last 7 games: 4/21, 0 HR","platoon edge; pitcher baseline 8.1% barrel, 10.8 HR allowed",neutral batted-ball profile; pitcher fly-ball pressure modest,9.63,42.92,88.56,98.7643,0.4216,0.176,0.3186,69.54,4.36,51.36,30.87,13.0,0.1798,8.06,39.64,88.37,0.3581,0.1386,27.02,,,Rate Field,
109,592885,Christian Yelich,MIL,SF,2026-07-29T19:45:00Z,Scheduled,4,Logan Webb,657277,R,44.3,Longshot,Watch List,"Projected Lineup, Premium Lineup Spot, Platoon Edge",38.1,31.0,19.3,90.4,80.0,30.3,No,Yes,4,Yes,Yes,RotoWire projected lineup; MLB probable pitchers,lineup projected / unconfirmed,H:2026/2025 P:2026/2025,,,Direct BvP not yet weighted; 2026/2025 Statcast baseline active,7,6,30,1,"Last 7 games: 6/30, 1 HR","platoon edge; pitcher baseline 6.4% barrel, 10.5 HR allowed",neutral batted-ball profile; pitcher fly-ball pressure modest,9.67,43.67,89.43,100.9985,0.3963,0.1674,0.3118,73.26,32.1,33.96,20.42,13.6,0.1628,6.41,39.99,88.79,0.385,0.1303,19.14,,,Oracle Park,
110,677800,Wilyer Abreu,BOS,ATH,2026-07-30T01:40:00Z,Scheduled,4,Jacob Lopez,682052,L,44.3,Longshot,Watch List,"Projected Lineup, Strong Barrel, Premium Lineup Spot",52.1,22.0,30.9,90.4,50.0,0.0,No,Yes,4,Yes,Yes,RotoWire projected lineup; MLB probable pitchers,lineup projected / unconfirmed,H:2026/2025 P:2026/2025,,,Direct BvP not yet weighted; 2026/2025 Statcast baseline active,7,2,27,0,"Last 7 games: 2/27, 0 HR","same-side matchup; pitcher baseline 5.4% barrel, 12.2 HR allowed",fly-ball profile; pitcher allows elevated contact,12.37,43.08,90.1,101.2155,0.4673,0.2166,0.3392,73.89,38.45,37.2,37.52,17.1,0.1968,5.41,31.73,85.78,0.3473,0.131,32.48,,,Sutter Health Park,
111,608701,Rob Refsnyder,SEA,LAD,2026-07-30T02:10:00Z,Scheduled,7,Eric Lauer,641778,L,44.1,Longshot,Watch List,"Projected Lineup, Platoon Edge",30.3,55.6,27.6,59.8,78.0,24.0,No,Yes,7,Yes,Yes,RotoWire projected lineup; MLB probable pitchers,lineup projected / unconfirmed,H:2026/2025 P:2026/2025,,,Direct BvP not yet weighted; 2026/2025 Statcast baseline active,7,3,19,1,"Last 7 games: 3/19, 1 HR","platoon edge; pitcher baseline 10.4% barrel, 18.5 HR allowed",neutral batted-ball profile; pitcher allows elevated contact,8.24,39.35,87.87,98.9146,0.3394,0.1489,0.2757,72.29,23.3,46.34,29.0,4.8,0.1247,10.41,37.56,88.85,0.4568,0.207,37.04,,,UNIQLO Field at Dodger Stadium,
112,656811,Ryan O'Hearn,PIT,AZ,2026-07-29T16:35:00Z,Scheduled,5,Eduardo Rodriguez,593958,L,44.0,Longshot,Watch List,Projected Lineup,36.1,45.1,24.3,81.9,50.0,33.7,No,Yes,5,Yes,Yes,RotoWire projected lineup; MLB probable pitchers,lineup projected / unconfirmed,H:2026/2025 P:2026/2025,,,Direct BvP not yet weighted; 2026/2025 Statcast baseline active,7,6,27,1,"Last 7 games: 6/27, 1 HR","same-side matchup; pitcher baseline 9.0% barrel, 16.6 HR allowed",neutral batted-ball profile; pitcher fly-ball pressure modest,7.67,44.11,89.54,99.5514,0.4204,0.1607,0.3302,71.1,11.92,38.94,28.78,17.0,0.1777,8.97,35.97,88.2,0.4492,0.186,27.12,,,PNC Park,
113,691723,Coby Mayo,BAL,DET,2026-07-29T17:10:00Z,Scheduled,7,Tarik Skubal,669373,L,43.9,Longshot,Watch List,"Projected Lineup, Strong Barrel, Platoon Edge",46.4,25.5,27.6,59.8,78.0,58.1,No,Yes,7,Yes,Yes,RotoWire projected lineup; MLB probable pitchers,lineup projected / unconfirmed,H:2026/2025 P:2026/2025,,,Direct BvP not yet weighted; 2026/2025 Statcast baseline active,7,5,19,2,Hot streak: 2 HR in last 7 games,"platoon edge; pitcher baseline 7.2% barrel, 12.4 HR allowed",neutral batted-ball profile; pitcher fly-ball pressure modest,10.66,45.38,90.94,102.8988,0.3868,0.1775,0.2932,75.4,54.31,50.25,33.34,13.1,0.2004,7.19,33.84,86.73,0.3405,0.1212,23.94,,,Comerica Park,
114,702284,Cole Young,SEA,LAD,2026-07-30T02:10:00Z,Scheduled,1,Eric Lauer,641778,L,43.9,Longshot,Watch List,"Projected Lineup, Premium Lineup Spot",26.0,55.6,27.6,88.7,50.0,18.2,No,Yes,1,Yes,Yes,RotoWire projected lineup; MLB probable pitchers,lineup projected / unconfirmed,H:2026/2025 P:2026/2025,,,Direct BvP not yet weighted; 2026/2025 Statcast baseline active,7,7,29,0,"Last 7 games: 7/29, 0 HR","same-side matchup; pitcher baseline 10.4% barrel, 18.5 HR allowed",neutral batted-ball profile; pitcher allows elevated contact,5.39,36.21,88.23,98.9786,0.4047,0.1429,0.3222,71.61,22.3,43.31,27.57,10.3,0.1311,10.41,37.56,88.85,0.4568,0.207,37.04,,,UNIQLO Field at Dodger Stadium,
115,664761,Alec Bohm,PHI,MIA,2026-07-29T16:10:00Z,Scheduled,4,Ryan Gusto,687473,R,43.7,Longshot,Watch List,"Projected Lineup, Premium Lineup Spot",29.5,45.8,21.5,90.4,50.0,52.3,No,Yes,4,Yes,Yes,RotoWire projected lineup; MLB probable pitchers,lineup projected / unconfirmed,H:2026/2025 P:2026/2025,,,Direct BvP not yet weighted; 2026/2025 Statcast baseline active,7,9,26,1,Contact streak: 9/26 over last 7 games,"same-side matchup; pitcher baseline 8.7% barrel, 7.2 HR allowed",neutral batted-ball profile; pitcher fly-ball pressure modest,5.57,43.46,90.59,100.2183,0.3899,0.1327,0.3107,70.93,12.53,28.77,21.18,12.4,0.1381,8.73,44.44,90.04,0.4173,0.1606,27.1,,,loanDepot park,
116,665052,Griffin Conine,MIA,PHI,2026-07-29T16:10:00Z,Scheduled,6,Jesús Luzardo,666200,L,43.5,Longshot,Watch List,"Projected Lineup, Strong Barrel",57.8,20.0,21.5,71.7,50.0,37.8,No,Yes,6,Yes,Yes,RotoWire projected lineup; MLB probable pitchers,lineup projected / unconfirmed,H:2026/2025 P:2026/2025,,,Direct BvP not yet weighted; 2026/2025 Statcast baseline active,7,5,20,1,"Last 7 games: 5/20, 1 HR","same-side matchup; pitcher baseline 5.9% barrel, 12.5 HR allowed",neutral batted-ball profile; pitcher fly-ball pressure modest,15.15,53.35,90.69,103.5476,0.4691,0.2103,0.351,74.05,43.34,48.06,21.66,6.2,0.2357,5.86,32.97,87.31,0.3165,0.1053,22.43,,,loanDepot park,
117,669242,Tommy Edman,LAD,SEA,2026-07-30T02:10:00Z,Scheduled,6,Emerson Hancock,676106,R,43.4,Longshot,Watch List,"Projected Lineup, Platoon Edge",28.7,48.2,27.6,71.7,75.0,28.2,No,Yes,6,Yes,Yes,RotoWire projected lineup; MLB probable pitchers,lineup projected / unconfirmed,H:2026/2025 P:2026/2025,,,Direct BvP not yet weighted; 2026/2025 Statcast baseline active,7,8,26,0,"Last 7 games: 8/26, 0 HR","switch hitter; pitcher baseline 9.0% barrel, 13.6 HR allowed",neutral batted-ball profile; pitcher fly-ball pressure modest,6.67,40.32,89.07,100.3103,0.4313,0.1272,0.3567,70.41,11.16,44.7,23.28,5.3,0.1542,8.96,43.27,89.63,0.4428,0.1794,28.31,,,UNIQLO Field at Dodger Stadium,
118,514888,Jose Altuve,HOU,LAA,2026-07-30T01:38:00Z,Scheduled,5,Grayson Rodriguez,680570,R,43.3,Longshot,Watch List,"Projected Lineup, Pitcher Vulnerable",16.0,71.8,28.2,81.9,50.0,12.0,No,Yes,5,Yes,Yes,RotoWire projected lineup; MLB probable pitchers,lineup projected / unconfirmed,H:2026/2025 P:2026,,,Direct BvP not yet weighted; 2026/2025 Statcast baseline active,7,6,30,0,"Last 7 games: 6/30, 0 HR","same-side matchup; pitcher baseline 10.5% barrel, 7.0 HR allowed",neutral batted-ball profile; pitcher allows elevated contact,5.85,32.3,85.52,97.2892,0.3483,0.1218,0.2832,69.0,9.53,44.45,22.72,16.2,0.1658,10.5,54.1,92.1,0.563,0.242,30.1,,,Angel Stadium,
119,701305,Zach Dezenzo,HOU,LAA,2026-07-30T01:38:00Z,Scheduled,8,Grayson Rodriguez,680570,R,43.3,Longshot,Watch List,"Projected Lineup, Strong Barrel, Pitcher Vulnerable",29.6,71.8,28.2,47.9,50.0,17.3,No,Yes,8,Yes,Yes,RotoWire projected lineup; MLB probable pitchers,lineup projected / unconfirmed,H:2026/2025 P:2026,,,Direct BvP not yet weighted; 2026/2025 Statcast baseline active,7,4,17,0,"Last 7 games: 4/17, 0 HR","same-side matchup; pitcher baseline 10.5% barrel, 7.0 HR allowed",neutral batted-ball profile; pitcher allows elevated contact,11.57,34.0,85.94,98.2148,0.3462,0.1345,0.2803,74.62,44.85,41.96,22.15,1.3,0.1073,10.5,54.1,92.1,0.563,0.242,30.1,,,Angel Stadium,
120,805808,Kevin McGonigle,DET,BAL,2026-07-29T17:10:00Z,Scheduled,1,Trevor Rogers,669432,L,42.7,Longshot,Watch List,"Projected Lineup, Premium Lineup Spot",33.5,36.2,27.6,88.7,50.0,38.9,No,Yes,1,Yes,Yes,RotoWire projected lineup; MLB probable pitchers,lineup projected / unconfirmed,H:2026 P:2026/2025,,,Direct BvP not yet weighted; 2026/2025 Statcast baseline active,7,11,29,0,Contact streak: 11/29 over last 7 games,"same-side matchup; pitcher baseline 6.9% barrel, 8.8 HR allowed",fly-ball profile; pitcher fly-ball pressure modest,7.4,37.5,88.1,98.4398,0.438,0.169,0.359,71.2,17.2,38.0,35.0,9.0,0.136,6.9,41.96,89.28,0.3921,0.1461,24.25,,,Comerica Park,
121,665487,Fernando Tatis,SD,COL,2026-07-29T20:10:00Z,Scheduled,1,Gabriel Hughes,687312,R,42.7,Longshot,Watch List,"Projected Lineup, Strong Barrel, Premium Lineup Spot",51.1,12.3,22.6,88.7,50.0,50.3,No,Yes,1,Yes,Yes,RotoWire projected lineup; MLB probable pitchers,lineup projected / unconfirmed,H:2026/2025 P:2026,,,Direct BvP not yet weighted; 2026/2025 Statcast baseline active,7,10,30,1,Contact streak: 10/30 over last 7 games,"same-side matchup; pitcher baseline 1.9% barrel, 0.0 HR allowed",EV profile; pitcher allows elevated contact,10.86,53.13,92.46,104.2771,0.4537,0.1729,0.3588,75.4,57.26,33.12,21.45,13.1,0.1346,1.9,28.8,88.9,0.252,0.063,30.8,,,Petco Park,
122,650402,Gleyber Torres,DET,BAL,2026-07-29T17:10:00Z,Scheduled,2,Trevor Rogers,669432,L,42.6,Longshot,Watch List,"Projected Lineup, Premium Lineup Spot, Platoon Edge",24.5,36.2,27.6,95.5,78.0,25.3,No,Yes,2,Yes,Yes,RotoWire projected lineup; MLB probable pitchers,lineup projected / unconfirmed,H:2026/2025 P:2026/2025,,,Direct BvP not yet weighted; 2026/2025 Statcast baseline active,7,4,24,1,"Last 7 games: 4/24, 1 HR","platoon edge; pitcher baseline 6.9% barrel, 8.8 HR allowed",neutral batted-ball profile; pitcher fly-ball pressure modest,7.5,33.33,86.85,97.5179,0.4018,0.1454,0.3455,68.52,5.43,22.42,27.8,7.6,0.11,6.9,41.96,89.28,0.3921,0.1461,24.25,,,Comerica Park,
123,694249,Cole Carrigg,COL,SD,2026-07-29T20:10:00Z,Scheduled,5,,,,42.6,Longshot,Watch List,"Projected Lineup, Platoon Edge",26.6,40.2,22.6,81.9,75.0,52.1,No,Yes,5,Yes,Yes,RotoWire projected lineup; MLB probable pitchers,lineup projected / unconfirmed,H:2026 P:,,,Direct BvP not yet weighted; 2026/2025 Statcast baseline active,7,10,29,1,Contact streak: 10/29 over last 7 games,"switch hitter; pitcher baseline 0.0% barrel, 0.0 HR allowed",neutral batted-ball profile; pitcher fly-ball pressure modest,5.8,34.0,86.8,98.4899,0.402,0.155,0.322,73.7,39.6,45.6,31.1,5.0,0.232,,,,,,,,,Petco Park,
124,663853,Romy Gonzalez,BOS,ATH,2026-07-30T01:40:00Z,Scheduled,2,Jacob Lopez,682052,L,42.5,Longshot,Watch List,"Projected Lineup, Premium Lineup Spot, Platoon Edge",36.4,22.0,30.9,95.5,78.0,3.4,No,Yes,2,Yes,Yes,RotoWire projected lineup; MLB probable pitchers,lineup projected / unconfirmed,H:2026/2025 P:2026/2025,,,Direct BvP not yet weighted; 2026/2025 Statcast baseline active,7,3,21,0,"Last 7 games: 3/21, 0 HR","platoon edge; pitcher baseline 5.4% barrel, 12.2 HR allowed",neutral batted-ball profile; pitcher allows elevated contact,7.35,47.71,90.92,102.552,0.4051,0.1431,0.3216,72.69,27.76,25.71,20.74,3.4,0.1514,5.41,31.73,85.78,0.3473,0.131,32.48,,,Sutter Health Park,
125,606192,Teoscar Hernandez,LAD,SEA,2026-07-30T02:10:00Z,Scheduled,8,Emerson Hancock,676106,R,42.4,Longshot,Watch List,Projected Lineup,41.7,49.7,27.6,47.9,50.0,26.4,No,Yes,8,Yes,Yes,RotoWire projected lineup; MLB probable pitchers,lineup projected / unconfirmed,H:2026/2025 P:2026/2025,,,Direct BvP not yet weighted; 2026/2025 Statcast baseline active,7,8,27,0,"Last 7 games: 8/27, 0 HR","same-side matchup; pitcher baseline 9.0% barrel, 13.6 HR allowed",neutral batted-ball profile; pitcher fly-ball pressure modest,9.82,44.49,89.57,100.851,0.4228,0.1759,0.3216,72.48,25.47,32.26,30.22,13.1,0.1594,8.96,43.27,89.63,0.4428,0.1794,28.31,,,UNIQLO Field at Dodger Stadium,
126,690993,Colt Keith,DET,BAL,2026-07-29T17:10:00Z,Scheduled,5,Trevor Rogers,669432,L,42.3,Longshot,Watch List,Projected Lineup,35.9,36.2,27.6,81.9,50.0,34.2,No,Yes,5,Yes,Yes,RotoWire projected lineup; MLB probable pitchers,lineup projected / unconfirmed,H:2026/2025 P:2026/2025,,,Direct BvP not yet weighted; 2026/2025 Statcast baseline active,7,8,23,0,Contact streak: 8/23 over last 7 games,"same-side matchup; pitcher baseline 6.9% barrel, 8.8 HR allowed",neutral batted-ball profile; pitcher fly-ball pressure modest,8.08,41.95,89.02,100.0364,0.4314,0.1674,0.3277,71.47,16.23,37.24,27.63,9.5,0.1458,6.9,41.96,89.28,0.3921,0.1461,24.25,,,Comerica Park,
127,694384,Nolan Schanuel,LAA,HOU,2026-07-30T01:38:00Z,Scheduled,3,Hayden Wesneski,669713,R,42.3,Longshot,Watch List,"Projected Lineup, Premium Lineup Spot, Platoon Edge",12.6,54.0,28.2,92.1,80.0,18.0,No,Yes,3,Yes,Yes,RotoWire projected lineup; MLB probable pitchers,lineup projected / unconfirmed,H:2026/2025 P:2025,,,Direct BvP not yet weighted; 2026/2025 Statcast baseline active,7,6,25,0,"Last 7 games: 6/25, 0 HR","platoon edge; pitcher baseline 10.5% barrel, 7.0 HR allowed",neutral batted-ball profile; pitcher fly-ball pressure modest,3.17,31.17,87.29,96.9406,0.3845,0.1064,0.3305,67.85,6.03,40.24,20.8,7.8,0.1152,10.5,42.1,89.7,0.457,0.211,27.4,,,Angel Stadium,
128,669003,Garrett Mitchell,MIL,SF,2026-07-29T19:45:00Z,Scheduled,7,Logan Webb,657277,R,42.2,Longshot,Watch List,"Projected Lineup, Strong Barrel, Platoon Edge",49.1,31.0,19.3,59.8,80.0,2.5,No,Yes,7,Yes,Yes,RotoWire projected lineup; MLB probable pitchers,lineup projected / unconfirmed,H:2026/2025 P:2026/2025,,,Direct BvP not yet weighted; 2026/2025 Statcast baseline active,7,3,22,0,"Last 7 games: 3/22, 0 HR","platoon edge; pitcher baseline 6.4% barrel, 10.5 HR allowed",EV profile; pitcher fly-ball pressure modest,11.88,47.31,92.01,103.4104,0.4215,0.1708,0.3328,77.01,75.97,33.72,18.74,5.6,0.1475,6.41,39.99,88.79,0.385,0.1303,19.14,,,Oracle Park,
129,682657,Angel Martinez,CLE,CIN,2026-07-29T23:10:00Z,Scheduled,7,Brady Singer,663903,R,42.1,Longshot,Watch List,"Projected Lineup, Platoon Edge",23.6,51.3,39.3,59.8,75.0,18.3,No,Yes,7,Yes,Yes,RotoWire projected lineup; MLB probable pitchers,lineup projected / unconfirmed,H:2026/2025 P:2026/2025,,,Direct BvP not yet weighted; 2026/2025 Statcast baseline active,7,3,25,1,"Last 7 games: 3/25, 1 HR","switch hitter; pitcher baseline 9.7% barrel, 20.4 HR allowed",neutral batted-ball profile; pitcher fly-ball pressure modest,6.3,34.41,87.45,98.9017,0.3732,0.1361,0.2844,70.83,14.65,45.86,27.22,11.0,0.1763,9.68,40.98,90.58,0.4405,0.1821,28.26,,,Great American Ball Park,
130,542303,Marcell Ozuna,PIT,AZ,2026-07-29T16:35:00Z,Scheduled,8,Eduardo Rodriguez,593958,L,41.9,Longshot,Watch List,"Projected Lineup, Platoon Edge",39.6,45.1,24.3,47.9,78.0,12.0,No,Yes,8,Yes,Yes,RotoWire projected lineup; MLB probable pitchers,lineup projected / unconfirmed,H:2026/2025 P:2026/2025,,,Direct BvP not yet weighted; 2026/2025 Statcast baseline active,7,4,20,0,"Last 7 games: 4/20, 0 HR","platoon edge; pitcher baseline 9.0% barrel, 16.6 HR allowed",neutral batted-ball profile; pitcher fly-ball pressure modest,9.26,40.05,89.48,100.0276,0.4102,0.1838,0.3211,73.39,35.94,39.54,30.36,11.9,0.1379,8.97,35.97,88.2,0.4492,0.186,27.12,,,PNC Park,
131,647304,Josh Naylor,SEA,LAD,2026-07-30T02:10:00Z,Scheduled,6,Eric Lauer,641778,L,41.9,Longshot,Watch List,Projected Lineup,24.2,55.6,27.6,71.7,50.0,37.6,No,Yes,6,Yes,Yes,RotoWire projected lineup; MLB probable pitchers,lineup projected / unconfirmed,H:2026/2025 P:2026/2025,,,Direct BvP not yet weighted; 2026/2025 Statcast baseline active,7,10,27,0,Contact streak: 10/27 over last 7 games,"same-side matchup; pitcher baseline 10.4% barrel, 18.5 HR allowed",neutral batted-ball profile; pitcher allows elevated contact,5.3,37.98,88.08,99.1513,0.4059,0.1331,0.3252,70.44,11.53,41.57,23.06,11.6,0.118,10.41,37.56,88.85,0.4568,0.207,37.04,,,UNIQLO Field at Dodger Stadium,
132,677649,Ezequiel Duran,TEX,TB,2026-07-29T22:40:00Z,Scheduled,3,Casey Legumina,668984,R,41.8,Longshot,Watch List,"Projected Lineup, Premium Lineup Spot, Hot Hitter/Streak",20.9,39.8,27.6,92.1,50.0,76.4,No,Yes,3,Yes,Yes,RotoWire projected lineup; MLB probable pitchers,lineup projected / unconfirmed,H:2026/2025 P:2026/2025,,,Direct BvP not yet weighted; 2026/2025 Statcast baseline active,7,10,26,2,Hot streak: 2 HR in last 7 games,"same-side matchup; pitcher baseline 8.3% barrel, 4.9 HR allowed",neutral batted-ball profile; pitcher fly-ball pressure modest,5.54,35.03,87.68,98.799,0.3629,0.1174,0.2918,72.34,23.85,33.84,20.53,8.4,0.1488,8.31,40.37,88.36,0.413,0.1575,29.2,,,Tropicana Field,
133,694497,Evan Carter,TEX,TB,2026-07-29T22:40:00Z,Scheduled,5,Casey Legumina,668984,R,41.8,Longshot,Watch List,"Projected Lineup, Platoon Edge",23.4,39.8,27.6,81.9,80.0,34.5,No,Yes,5,Yes,Yes,RotoWire projected lineup; MLB probable pitchers,lineup projected / unconfirmed,H:2026/2025 P:2026/2025,,,Direct BvP not yet weighted; 2026/2025 Statcast baseline active,7,7,20,0,Contact streak: 7/20 over last 7 games,"platoon edge; pitcher baseline 8.3% barrel, 4.9 HR allowed",neutral batted-ball profile; pitcher fly-ball pressure modest,5.97,36.98,87.61,98.9698,0.3439,0.1274,0.3017,70.98,17.75,38.98,28.75,7.1,0.1485,8.31,40.37,88.36,0.413,0.1575,29.2,,,Tropicana Field,
134,642715,Willy Adames,SF,MIL,2026-07-29T19:45:00Z,Scheduled,6,Shane Drohan,675660,L,41.5,Longshot,Watch List,"Projected Lineup, Strong Barrel, Platoon Edge",39.9,32.3,19.3,71.7,78.0,13.3,No,Yes,6,Yes,Yes,RotoWire projected lineup; MLB probable pitchers,lineup projected / unconfirmed,H:2026/2025 P:2026,,,Direct BvP not yet weighted; 2026/2025 Statcast baseline active,7,5,24,0,"Last 7 games: 5/24, 0 HR","platoon edge; pitcher baseline 8.2% barrel, 6.0 HR allowed",neutral batted-ball profile; pitcher fly-ball pressure modest,10.22,40.63,88.34,99.1942,0.4028,0.183,0.3011,72.31,24.21,48.26,34.83,21.6,0.2016,8.2,37.6,88.2,0.348,0.121,28.6,,,Oracle Park,
135,664034,Ty France,SD,COL,2026-07-29T20:10:00Z,Scheduled,4,Gabriel Hughes,687312,R,41.5,Longshot,Watch List,"Projected Lineup, Strong Barrel, Premium Lineup Spot",47.1,12.3,22.6,90.4,50.0,48.7,No,Yes,4,Yes,Yes,RotoWire projected lineup; MLB probable pitchers,lineup projected / unconfirmed,H:2026/2025 P:2026,,,Direct BvP not yet weighted; 2026/2025 Statcast baseline active,7,10,31,1,Contact streak: 10/31 over last 7 games,"same-side matchup; pitcher baseline 1.9% barrel, 0.0 HR allowed",neutral batted-ball profile; pitcher allows elevated contact,10.57,48.47,91.6,101.6172,0.4453,0.1905,0.3322,71.77,18.55,36.78,23.71,13.3,0.2143,1.9,28.8,88.9,0.252,0.063,30.8,,,Petco Park,
136,621493,Taylor Ward,BAL,DET,2026-07-29T17:10:00Z,Scheduled,4,Tarik Skubal,669373,L,41.4,Longshot,Watch List,"Projected Lineup, Premium Lineup Spot, Platoon Edge",32.5,25.5,27.6,90.4,78.0,15.3,No,Yes,4,Yes,Yes,RotoWire projected lineup; MLB probable pitchers,lineup projected / unconfirmed,H:2026/2025 P:2026/2025,,,Direct BvP not yet weighted; 2026/2025 Statcast baseline active,7,6,27,0,"Last 7 games: 6/27, 0 HR","platoon edge; pitcher baseline 7.2% barrel, 12.4 HR allowed",neutral batted-ball profile; pitcher fly-ball pressure modest,8.1,39.62,89.47,99.4994,0.4003,0.1553,0.3435,68.73,4.26,34.29,29.52,15.7,0.1462,7.19,33.84,86.73,0.3405,0.1212,23.94,,,Comerica Park,
137,677587,Brayan Rocchio,CLE,CIN,2026-07-29T23:10:00Z,Scheduled,5,Brady Singer,663903,R,41.4,Longshot,Watch List,"Projected Lineup, Platoon Edge",13.7,51.3,39.3,81.9,75.0,8.8,No,Yes,5,Yes,Yes,RotoWire projected lineup; MLB probable pitchers,lineup projected / unconfirmed,H:2026/2025 P:2026/2025,,,Direct BvP not yet weighted; 2026/2025 Statcast baseline active,7,5,28,0,"Last 7 games: 5/28, 0 HR","switch hitter; pitcher baseline 9.7% barrel, 20.4 HR allowed",neutral batted-ball profile; pitcher fly-ball pressure modest,3.02,32.98,86.95,97.4836,0.3552,0.106,0.2971,70.07,7.22,44.76,23.9,7.8,0.1231,9.68,40.98,90.58,0.4405,0.1821,28.26,,,Great American Ball Park,
138,691016,Tyler Soderstrom,ATH,BOS,2026-07-30T01:40:00Z,Scheduled,4,Patrick Sandoval,663776,L,41.4,Longshot,Watch List,"Projected Lineup, Strong Barrel, Premium Lineup Spot",44.9,11.3,30.9,90.4,50.0,42.3,No,Yes,4,Yes,Yes,RotoWire projected lineup; MLB probable pitchers,lineup projected / unconfirmed,H:2026/2025 P:2026,,,Direct BvP not yet weighted; 2026/2025 Statcast baseline active,7,7,25,1,"Last 7 games: 7/25, 1 HR","same-side matchup; pitcher baseline 2.1% barrel, 1.0 HR allowed",neutral batted-ball profile; pitcher fly-ball pressure modest,10.21,46.16,90.62,101.9659,0.4346,0.1771,0.3403,74.28,42.31,36.0,26.02,19.4,0.2197,2.1,31.9,85.8,0.363,0.1,21.3,,,Sutter Health Park,
139,683734,Andrew Vaughn,MIL,SF,2026-07-29T19:45:00Z,Scheduled,5,Logan Webb,657277,R,41.3,Longshot,Watch List,Projected Lineup,35.4,31.0,19.3,81.9,50.0,66.4,No,Yes,5,Yes,Yes,RotoWire projected lineup; MLB probable pitchers,lineup projected / unconfirmed,H:2026/2025 P:2026/2025,,,Direct BvP not yet weighted; 2026/2025 Statcast baseline active,7,7,22,2,Hot streak: 2 HR in last 7 games,"same-side matchup; pitcher baseline 6.4% barrel, 10.5 HR allowed",neutral batted-ball profile; pitcher fly-ball pressure modest,7.38,43.92,90.69,99.8777,0.4272,0.1507,0.3455,70.42,11.08,34.77,25.46,7.0,0.1738,6.41,39.99,88.79,0.385,0.1303,19.14,,,Oracle Park,
140,605170,Victor Caratini,MIN,KC,2026-07-29T23:40:00Z,Scheduled,6,Randy Dobnak,677976,R,41.2,Longshot,Watch List,"Projected Lineup, Platoon Edge",32.2,36.7,27.1,71.7,75.0,18.0,No,Yes,6,Yes,Yes,RotoWire projected lineup; MLB probable pitchers,lineup projected / unconfirmed,H:2026/2025 P:2026/2025,,,Direct BvP not yet weighted; 2026/2025 Statcast baseline active,7,6,25,0,"Last 7 games: 6/25, 0 HR","switch hitter; pitcher baseline 5.4% barrel, 1.7 HR allowed",neutral batted-ball profile; pitcher fly-ball pressure modest,7.28,39.44,89.4,99.0195,0.4068,0.1588,0.3283,71.39,16.18,38.2,24.95,8.5,0.1289,5.39,45.59,92.02,0.429,0.1422,17.86,,,Target Field,
141,699625,Jimmy Crooks,STL,CHC,2026-07-29T23:45:00Z,Scheduled,9,Matthew Boyd,571510,L,41.2,Longshot,Watch List,Projected Lineup,48.0,44.3,22.1,40.2,50.0,26.8,No,Yes,9,Yes,Yes,RotoWire projected lineup; MLB probable pitchers,lineup projected / unconfirmed,H:2026/2025 P:2026/2025,,,Direct BvP not yet weighted; 2026/2025 Statcast baseline active,7,3,17,1,"Last 7 games: 3/17, 1 HR","same-side matchup; pitcher baseline 9.3% barrel, 9.9 HR allowed",EV profile; pitcher fly-ball pressure modest,9.41,50.36,92.05,101.4341,0.4079,0.1893,0.3014,71.55,17.13,31.47,36.4,2.4,0.1425,9.28,40.66,89.2,0.4134,0.1622,25.99,,,Busch Stadium,
142,667472,Dane Myers,CIN,CLE,2026-07-29T23:10:00Z,Scheduled,7,Joey Cantillo,676282,L,41.1,Longshot,Watch List,"Projected Lineup, Platoon Edge",31.4,33.5,39.3,59.8,78.0,27.7,No,Yes,5,Yes,Yes,RotoWire projected lineup; MLB probable pitchers,lineup projected / unconfirmed; order MLB 7 vs RotoWire 5,H:2026/2025 P:2026/2025,,,Direct BvP not yet weighted; 2026/2025 Statcast baseline active,7,7,23,0,"Last 7 games: 7/23, 0 HR","platoon edge; pitcher baseline 7.3% barrel, 12.1 HR allowed",neutral batted-ball profile; pitcher fly-ball pressure modest,6.89,36.89,90.21,99.6729,0.4035,0.1533,0.3285,71.42,20.04,26.32,26.85,3.9,0.1071,7.27,38.58,88.24,0.3658,0.1368,27.09,,,Great American Ball Park,
143,669224,Austin Wells,NYY,CWS,2026-07-29T23:40:00Z,Scheduled,9,Davis Martin,663436,R,41.1,Longshot,Watch List,"Projected Lineup, Platoon Edge",37.2,41.4,27.6,40.2,80.0,37.8,No,Yes,9,Yes,Yes,RotoWire projected lineup; MLB probable pitchers,lineup projected / unconfirmed,H:2026/2025 P:2026/2025,,,Direct BvP not yet weighted; 2026/2025 Statcast baseline active,7,4,16,1,"Last 7 games: 4/16, 1 HR","platoon edge; pitcher baseline 7.3% barrel, 10.2 HR allowed",neutral batted-ball profile; pitcher fly-ball pressure modest,7.89,44.43,89.41,100.6407,0.378,0.1633,0.2982,72.98,27.98,46.94,32.79,11.2,0.1435,7.35,44.46,90.42,0.4167,0.1489,22.08,,,Rate Field,
144,803011,Sam Antonacci,CWS,NYY,2026-07-29T23:40:00Z,Scheduled,1,Cam Schlittler,693645,R,41.1,Longshot,Watch List,"Projected Lineup, Premium Lineup Spot, Platoon Edge",25.0,35.6,27.6,88.7,80.0,10.6,No,Yes,1,Yes,Yes,RotoWire projected lineup; MLB probable pitchers,lineup projected / unconfirmed,H:2026 P:2026/2025,,,Direct BvP not yet weighted; 2026/2025 Statcast baseline active,7,4,21,0,"Last 7 games: 4/21, 0 HR","platoon edge; pitcher baseline 8.1% barrel, 10.8 HR allowed",neutral batted-ball profile; pitcher fly-ball pressure modest,6.5,36.2,87.6,98.268,0.427,0.139,0.358,70.0,8.6,33.6,21.5,7.0,0.133,8.06,39.64,88.37,0.3581,0.1386,27.02,,,Rate Field,
145,642215,Weston Wilson,SEA,LAD,2026-07-30T02:10:00Z,Scheduled,8,Eric Lauer,641778,L,41.1,Longshot,Watch List,"Projected Lineup, Platoon Edge",25.7,55.6,27.6,47.9,78.0,28.5,No,Yes,8,Yes,Yes,RotoWire projected lineup; MLB probable pitchers,lineup projected / unconfirmed,H:2026/2025 P:2026/2025,,,Direct BvP not yet weighted; 2026/2025 Statcast baseline active,7,3,16,1,"Last 7 games: 3/16, 1 HR","platoon edge; pitcher baseline 10.4% barrel, 18.5 HR allowed",neutral batted-ball profile; pitcher allows elevated contact,7.57,34.21,87.23,98.236,0.3325,0.1312,0.2761,72.98,29.66,47.06,31.38,3.6,0.1598,10.41,37.56,88.85,0.4568,0.207,37.04,,,UNIQLO Field at Dodger Stadium,
146,607208,Trea Turner,PHI,MIA,2026-07-29T16:10:00Z,Scheduled,1,Ryan Gusto,687473,R,41.0,Longshot,Watch List,"Projected Lineup, Premium Lineup Spot",28.7,45.8,21.5,88.7,50.0,7.9,No,Yes,1,Yes,Yes,RotoWire projected lineup; MLB probable pitchers,lineup projected / unconfirmed,H:2026/2025 P:2026/2025,,,Direct BvP not yet weighted; 2026/2025 Statcast baseline active,7,5,29,0,"Last 7 games: 5/29, 0 HR","same-side matchup; pitcher baseline 8.7% barrel, 7.2 HR allowed",neutral batted-ball profile; pitcher fly-ball pressure modest,6.29,41.82,89.09,99.5654,0.382,0.1302,0.3021,71.55,19.27,33.63,25.48,14.3,0.1474,8.73,44.44,90.04,0.4173,0.1606,27.1,,,loanDepot park,
147,683002,Gunnar Henderson,BAL,DET,2026-07-29T17:10:00Z,Scheduled,3,Tarik Skubal,669373,L,40.8,Longshot,Watch List,"Projected Lineup, Premium Lineup Spot",36.6,25.5,27.6,92.1,50.0,21.8,No,Yes,3,Yes,Yes,RotoWire projected lineup; MLB probable pitchers,lineup projected / unconfirmed,H:2026/2025 P:2026/2025,,,Direct BvP not yet weighted; 2026/2025 Statcast baseline active,7,4,28,1,"Last 7 games: 4/28, 1 HR","same-side matchup; pitcher baseline 7.2% barrel, 12.4 HR allowed",neutral batted-ball profile; pitcher fly-ball pressure modest,7.48,45.56,90.21,101.2949,0.3942,0.1476,0.3137,74.67,47.1,41.57,24.08,17.7,0.1752,7.19,33.84,86.73,0.3405,0.1212,23.94,,,Comerica Park,
148,656775,Cedric Mullins,TB,TEX,2026-07-29T22:40:00Z,Scheduled,4,MacKenzie Gore,669022,L,40.8,Longshot,Watch List,"Projected Lineup, Premium Lineup Spot",20.1,46.8,27.6,90.4,50.0,33.7,No,Yes,4,Yes,Yes,RotoWire projected lineup; MLB probable pitchers,lineup projected / unconfirmed,H:2026/2025 P:2026/2025,,,Direct BvP not yet weighted; 2026/2025 Statcast baseline active,7,6,27,1,"Last 7 games: 6/27, 1 HR","same-side matchup; pitcher baseline 9.3% barrel, 15.8 HR allowed",neutral batted-ball profile; pitcher fly-ball pressure modest,4.73,32.26,88.24,97.8207,0.319,0.1267,0.2672,70.82,8.76,45.32,31.73,13.5,0.1568,9.27,43.68,89.84,0.3919,0.1523,27.3,,,Tropicana Field,
149,661388,William Contreras,MIL,SF,2026-07-29T19:45:00Z,Scheduled,3,Logan Webb,657277,R,40.7,Longshot,Watch List,"Projected Lineup, Premium Lineup Spot",37.2,31.0,19.3,92.1,50.0,14.1,No,Yes,3,Yes,Yes,RotoWire projected lineup; MLB probable pitchers,lineup projected / unconfirmed,H:2026/2025 P:2026/2025,,,Direct BvP not yet weighted; 2026/2025 Statcast baseline active,7,6,28,0,"Last 7 games: 6/28, 0 HR","same-side matchup; pitcher baseline 6.4% barrel, 10.5 HR allowed",neutral batted-ball profile; pitcher fly-ball pressure modest,7.1,44.72,90.4,101.5425,0.4266,0.1646,0.3322,73.2,35.14,36.18,23.73,12.1,0.1243,6.41,39.99,88.79,0.385,0.1303,19.14,,,Oracle Park,
150,680757,Steven Kwan,CLE,CIN,2026-07-29T23:10:00Z,Scheduled,1,Brady Singer,663903,R,40.6,Longshot,Watch List,"Projected Lineup, Premium Lineup Spot, Platoon Edge",2.3,53.4,39.3,88.7,80.0,30.2,No,Yes,1,Yes,Yes,RotoWire projected lineup; MLB probable pitchers,lineup projected / unconfirmed,H:2026/2025 P:2026/2025,,,Direct BvP not yet weighted; 2026/2025 Statcast baseline active,7,9,28,0,Contact streak: 9/28 over last 7 games,"platoon edge; pitcher baseline 9.7% barrel, 20.4 HR allowed",neutral batted-ball profile; pitcher fly-ball pressure modest,0.78,12.58,84.31,92.5092,0.3415,0.072,0.3177,63.07,0.38,28.58,23.51,4.0,0.0726,9.68,40.98,90.58,0.4405,0.1821,28.26,,,Great American Ball Park,
151,679845,Nick Loftin,KC,MIN,2026-07-29T23:40:00Z,Scheduled,6,Joe Ryan,657746,R,40.6,Longshot,Watch List,Projected Lineup,18.7,54.4,27.1,71.7,50.0,54.9,No,Yes,6,Yes,Yes,RotoWire projected lineup; MLB probable pitchers,lineup projected / unconfirmed,H:2026/2025 P:2026/2025,,,Direct BvP not yet weighted; 2026/2025 Statcast baseline active,7,8,22,1,Contact streak: 8/22 over last 7 games,"same-side matchup; pitcher baseline 11.4% barrel, 19.0 HR allowed",neutral batted-ball profile; pitcher allows elevated contact,5.39,31.06,87.57,97.0497,0.3604,0.1221,0.3031,69.05,4.92,45.41,27.45,4.7,0.1553,11.36,42.04,89.85,0.3921,0.174,30.38,,,Target Field,
152,650559,Bryan De La Cruz,PHI,MIA,2026-07-29T16:10:00Z,Scheduled,8,Ryan Gusto,687473,R,40.5,Longshot,Watch List,"Projected Lineup, Strong Barrel",36.1,45.8,21.5,47.9,50.0,63.3,No,Yes,8,Yes,Yes,RotoWire projected lineup; MLB probable pitchers,lineup projected / unconfirmed,H:2026/2025 P:2026/2025,,,Direct BvP not yet weighted; 2026/2025 Statcast baseline active,5,8,11,1,Contact streak: 8/11 over last 5 games,"same-side matchup; pitcher baseline 8.7% barrel, 7.2 HR allowed",neutral batted-ball profile; pitcher fly-ball pressure modest,13.76,27.2,81.98,94.2724,0.4802,0.219,0.3493,72.08,25.48,34.68,22.04,0.7,0.2691,8.73,44.44,90.04,0.4173,0.1606,27.1,,,loanDepot park,
153,608324,Alex Bregman,CHC,STL,2026-07-29T23:45:00Z,Scheduled,4,Dustin May,669160,R,40.5,Longshot,Watch List,"Projected Lineup, Premium Lineup Spot",23.9,40.4,22.1,90.4,50.0,48.7,No,Yes,4,Yes,Yes,RotoWire projected lineup; MLB probable pitchers,lineup projected / unconfirmed,H:2026/2025 P:2026/2025,,,Direct BvP not yet weighted; 2026/2025 Statcast baseline active,7,10,31,1,Contact streak: 10/31 over last 7 games,"same-side matchup; pitcher baseline 7.0% barrel, 11.2 HR allowed",neutral batted-ball profile; pitcher fly-ball pressure modest,4.92,38.73,88.56,98.1637,0.3717,0.1327,0.3146,70.16,4.94,46.79,25.69,13.1,0.1463,7.03,45.62,90.32,0.3957,0.1441,23.89,,,Busch Stadium,
154,650489,Willi Castro,COL,SD,2026-07-29T20:10:00Z,Scheduled,7,,,,40.4,Longshot,Watch List,"Projected Lineup, Platoon Edge",29.6,40.2,22.6,59.8,75.0,49.9,No,Yes,7,Yes,Yes,RotoWire projected lineup; MLB probable pitchers,lineup projected / unconfirmed,H:2026/2025 P:,,,Direct BvP not yet weighted; 2026/2025 Statcast baseline active,7,5,24,2,Hot streak: 2 HR in last 7 games,"switch hitter; pitcher baseline 0.0% barrel, 0.0 HR allowed",neutral batted-ball profile; pitcher fly-ball pressure modest,7.27,39.19,87.54,99.9173,0.3708,0.1421,0.2997,72.58,26.35,42.39,32.3,10.3,0.14,,,,,,,,,Petco Park,
155,695734,Daylen Lile,WSH,TOR,2026-07-29T17:05:00Z,Scheduled,6,Trey Yesavage,702056,R,40.3,Longshot,Watch List,"Projected Lineup, Platoon Edge",30.4,33.5,28.2,71.7,80.0,14.6,No,Yes,6,Yes,Yes,RotoWire projected lineup; MLB probable pitchers,lineup projected / unconfirmed,H:2026/2025 P:2026/2025,,,Direct BvP not yet weighted; 2026/2025 Statcast baseline active,7,5,23,0,"Last 7 games: 5/23, 0 HR","platoon edge; pitcher baseline 6.7% barrel, 7.0 HR allowed",neutral batted-ball profile; pitcher fly-ball pressure modest,7.16,36.67,88.34,98.5832,0.4224,0.1544,0.3235,70.32,6.7,40.66,31.92,10.4,0.1724,6.72,43.37,90.29,0.3389,0.1254,24.62,,,Nationals Park,
156,693304,Nick Gonzales,PIT,AZ,2026-07-29T16:35:00Z,Scheduled,6,Eduardo Rodriguez,593958,L,40.2,Longshot,Watch List,"Projected Lineup, Platoon Edge",17.4,45.1,24.3,71.7,78.0,58.4,No,Yes,6,Yes,Yes,RotoWire projected lineup; MLB probable pitchers,lineup projected / unconfirmed,H:2026/2025 P:2026/2025,,,Direct BvP not yet weighted; 2026/2025 Statcast baseline active,7,12,31,1,Contact streak: 12/31 over last 7 games,"platoon edge; pitcher baseline 9.0% barrel, 16.6 HR allowed",neutral batted-ball profile; pitcher fly-ball pressure modest,3.66,37.54,86.91,98.5206,0.3834,0.1098,0.3141,70.64,12.94,39.67,20.91,5.7,0.0985,8.97,35.97,88.2,0.4492,0.186,27.12,,,PNC Park,
157,687529,Grant McCray,SF,MIL,2026-07-29T19:45:00Z,Scheduled,7,Shane Drohan,675660,L,40.1,Longshot,Watch List,"Projected Lineup, Strong Barrel",45.6,32.3,19.3,59.8,50.0,30.3,No,Yes,7,Yes,Yes,RotoWire projected lineup; MLB probable pitchers,lineup projected / unconfirmed,H:2026/2025 P:2026,,,Direct BvP not yet weighted; 2026/2025 Statcast baseline active,7,2,10,1,"Last 7 games: 2/10, 1 HR","same-side matchup; pitcher baseline 8.2% barrel, 6.0 HR allowed",EV profile; pitcher fly-ball pressure modest,14.63,26.95,92.35,100.8138,0.4265,0.2264,0.3028,70.81,24.32,46.17,19.25,0.7,0.2898,8.2,37.6,88.2,0.348,0.121,28.6,,,Oracle Park,
158,685133,Wade Meckler,LAA,HOU,2026-07-30T01:38:00Z,Scheduled,6,Hayden Wesneski,669713,R,39.7,Longshot,Watch List,"Projected Lineup, Platoon Edge",15.5,54.0,28.2,71.7,80.0,3.4,No,Yes,6,Yes,Yes,RotoWire projected lineup; MLB probable pitchers,lineup projected / unconfirmed,H:2026 P:2025,,,Direct BvP not yet weighted; 2026/2025 Statcast baseline active,7,2,14,0,"Last 7 games: 2/14, 0 HR","platoon edge; pitcher baseline 10.5% barrel, 7.0 HR allowed",neutral batted-ball profile; pitcher fly-ball pressure modest,4.8,31.7,86.3,96.4557,0.383,0.12,0.319,68.6,1.9,34.6,21.2,2.0,0.102,10.5,42.1,89.7,0.457,0.211,27.4,,,Angel Stadium,
159,681351,Logan O'Hoppe,LAA,HOU,2026-07-30T01:38:00Z,Scheduled,9,Hayden Wesneski,669713,R,39.5,Longshot,Watch List,"Projected Lineup, Strong Barrel",35.6,54.0,28.2,40.2,50.0,9.3,No,Yes,9,Yes,Yes,RotoWire projected lineup; MLB probable pitchers,lineup projected / unconfirmed,H:2026/2025 P:2025,,,Direct BvP not yet weighted; 2026/2025 Statcast baseline active,7,4,22,0,"Last 7 games: 4/22, 0 HR","same-side matchup; pitcher baseline 10.5% barrel, 7.0 HR allowed",neutral batted-ball profile; pitcher fly-ball pressure modest,11.06,39.34,88.1,99.7439,0.3613,0.1522,0.2779,72.07,23.83,44.52,29.63,8.5,0.1083,10.5,42.1,89.7,0.457,0.211,27.4,,,Angel Stadium,
160,686555,Isaac Collins,KC,MIN,2026-07-29T23:40:00Z,Scheduled,8,Joe Ryan,657746,R,39.4,Longshot,Watch List,"Projected Lineup, Platoon Edge",24.1,52.4,27.1,47.9,75.0,27.6,No,Yes,8,Yes,Yes,RotoWire projected lineup; MLB probable pitchers,lineup projected / unconfirmed,H:2026/2025 P:2026/2025,,,Direct BvP not yet weighted; 2026/2025 Statcast baseline active,7,4,22,1,"Last 7 games: 4/22, 1 HR","switch hitter; pitcher baseline 11.4% barrel, 19.0 HR allowed",neutral batted-ball profile; pitcher allows elevated contact,5.53,40.09,88.45,99.9607,0.3408,0.1025,0.3115,73.33,30.27,40.47,26.72,6.9,0.1333,11.36,42.04,89.85,0.3921,0.174,30.38,,,Target Field,
161,678882,Ceddanne Rafaela,BOS,ATH,2026-07-30T01:40:00Z,Scheduled,5,Jacob Lopez,682052,L,39.2,Longshot,Watch List,"Projected Lineup, Platoon Edge, Hot Hitter/Streak",21.7,22.0,30.9,81.9,78.0,73.2,No,Yes,5,Yes,Yes,RotoWire projected lineup; MLB probable pitchers,lineup projected / unconfirmed,H:2026/2025 P:2026/2025,,,Direct BvP not yet weighted; 2026/2025 Statcast baseline active,7,7,29,3,Hot streak: 3 HR in last 7 games,"platoon edge; pitcher baseline 5.4% barrel, 12.2 HR allowed",neutral batted-ball profile; pitcher allows elevated contact,6.19,34.92,87.04,97.9607,0.3691,0.1271,0.2882,70.16,9.11,35.29,25.44,12.5,0.165,5.41,31.73,85.78,0.3473,0.131,32.48,,,Sutter Health Park,
162,687515,Colby Thomas,ATH,BOS,2026-07-30T01:40:00Z,Scheduled,6,Patrick Sandoval,663776,L,39.2,Longshot,Watch List,"Projected Lineup, Strong Barrel, Platoon Edge",42.9,11.3,30.9,71.7,78.0,12.0,No,Yes,6,Yes,Yes,RotoWire projected lineup; MLB probable pitchers,lineup projected / unconfirmed,H:2026/2025 P:2026,,,Direct BvP not yet weighted; 2026/2025 Statcast baseline active,7,3,15,0,"Last 7 games: 3/15, 0 HR","platoon edge; pitcher baseline 2.1% barrel, 1.0 HR allowed",neutral batted-ball profile; pitcher fly-ball pressure modest,10.5,39.99,90.1,100.9592,0.3741,0.1802,0.264,75.29,54.94,37.32,34.7,4.6,0.1542,2.1,31.9,85.8,0.363,0.1,21.3,,,Sutter Health Park,
163,672640,Otto Lopez,MIA,PHI,2026-07-29T16:10:00Z,Scheduled,1,Jesús Luzardo,666200,L,38.8,Longshot,Watch List,"Projected Lineup, Premium Lineup Spot, Platoon Edge",32.0,20.0,21.5,88.7,78.0,15.3,No,Yes,1,Yes,Yes,RotoWire projected lineup; MLB probable pitchers,lineup projected / unconfirmed,H:2026/2025 P:2026/2025,,,Direct BvP not yet weighted; 2026/2025 Statcast baseline active,7,6,27,0,"Last 7 games: 6/27, 0 HR","platoon edge; pitcher baseline 5.9% barrel, 12.5 HR allowed",neutral batted-ball profile; pitcher fly-ball pressure modest,6.82,40.89,89.13,100.459,0.4354,0.1538,0.3321,71.84,23.61,32.51,22.43,10.8,0.1521,5.86,32.97,87.31,0.3165,0.1053,22.43,,,loanDepot park,
164,624641,Edmundo Sosa,PHI,MIA,2026-07-29T16:10:00Z,Scheduled,6,Ryan Gusto,687473,R,38.7,Longshot,Watch List,Projected Lineup,29.8,45.8,21.5,71.7,50.0,2.5,No,Yes,6,Yes,Yes,RotoWire projected lineup; MLB probable pitchers,lineup projected / unconfirmed,H:2026/2025 P:2026/2025,,,Direct BvP not yet weighted; 2026/2025 Statcast baseline active,7,3,22,0,"Last 7 games: 3/22, 0 HR","same-side matchup; pitcher baseline 8.7% barrel, 7.2 HR allowed",neutral batted-ball profile; pitcher fly-ball pressure modest,6.65,40.59,87.7,99.9314,0.4309,0.1586,0.3187,72.3,25.85,41.52,19.68,6.8,0.151,8.73,44.44,90.04,0.4173,0.1606,27.1,,,loanDepot park,
165,665926,Andres Gimenez,TOR,WSH,2026-07-29T17:05:00Z,Scheduled,8,Zack Littell,641793,R,38.2,Longshot,Watch List,"Projected Lineup, Platoon Edge",8.0,66.0,28.2,47.9,80.0,32.0,No,Yes,8,Yes,Yes,RotoWire projected lineup; MLB probable pitchers,lineup projected / unconfirmed,H:2026/2025 P:2026/2025,,,Direct BvP not yet weighted; 2026/2025 Statcast baseline active,7,5,15,0,Contact streak: 5/15 over last 7 games,"platoon edge; pitcher baseline 10.7% barrel, 28.3 HR allowed",neutral batted-ball profile; pitcher allows elevated contact,3.7,24.62,86.16,95.8614,0.3365,0.0971,0.2807,68.39,4.65,38.17,22.88,7.0,0.1184,10.74,43.7,91.25,0.507,0.2285,32.21,,,Nationals Park,
166,666397,Edouard Julien,COL,SD,2026-07-29T20:10:00Z,Scheduled,8,,,,38.2,Longshot,Watch List,Projected Lineup,38.7,41.2,22.6,47.9,60.0,0.0,No,Yes,8,Yes,Yes,RotoWire projected lineup; MLB probable pitchers,lineup projected / unconfirmed,H:2026/2025 P:,,,Direct BvP not yet weighted; 2026/2025 Statcast baseline active,7,2,22,0,"Last 7 games: 2/22, 0 HR","handedness incomplete; pitcher baseline 0.0% barrel, 0.0 HR allowed",neutral batted-ball profile; pitcher fly-ball pressure modest,8.56,48.11,90.6,100.2822,0.4128,0.1638,0.336,71.11,12.14,35.44,19.09,3.0,0.09,,,,,,,,,Petco Park,
167,695731,Braden Montgomery,CWS,NYY,2026-07-29T23:40:00Z,Scheduled,6,Cam Schlittler,693645,R,37.7,Longshot,Watch List,"Projected Lineup, Platoon Edge",20.9,34.5,27.6,71.7,75.0,32.0,No,Yes,6,Yes,Yes,RotoWire projected lineup; MLB probable pitchers,lineup projected / unconfirmed,H:2026 P:2026/2025,,,Direct BvP not yet weighted; 2026/2025 Statcast baseline active,7,8,24,0,Contact streak: 8/24 over last 7 games,"switch hitter; pitcher baseline 8.1% barrel, 10.8 HR allowed",neutral batted-ball profile; pitcher fly-ball pressure modest,3.6,40.5,89.2,100.0271,0.363,0.119,0.305,69.9,9.4,32.4,19.8,3.0,0.163,8.06,39.64,88.37,0.3581,0.1386,27.02,,,Rate Field,
168,691026,Masyn Winn,STL,CHC,2026-07-29T23:45:00Z,Scheduled,6,Matthew Boyd,571510,L,37.6,Longshot,Watch List,"Projected Lineup, Platoon Edge",15.3,44.3,22.1,71.7,78.0,30.0,No,Yes,6,Yes,Yes,RotoWire projected lineup; MLB probable pitchers,lineup projected / unconfirmed,H:2026/2025 P:2026/2025,,,Direct BvP not yet weighted; 2026/2025 Statcast baseline active,7,8,25,0,Contact streak: 8/25 over last 7 games,"platoon edge; pitcher baseline 9.3% barrel, 9.9 HR allowed",neutral batted-ball profile; pitcher fly-ball pressure modest,3.68,35.44,88.16,98.7494,0.3372,0.0867,0.2986,71.1,15.48,32.04,20.97,5.5,0.0883,9.28,40.66,89.2,0.4134,0.1622,25.99,,,Busch Stadium,
169,687637,Dylan Beavers,BAL,DET,2026-07-29T17:10:00Z,Scheduled,1,Tarik Skubal,669373,L,37.3,Longshot,Watch List,"Projected Lineup, Premium Lineup Spot",27.7,25.5,27.6,88.7,50.0,19.5,No,Yes,1,Yes,Yes,RotoWire projected lineup; MLB probable pitchers,lineup projected / unconfirmed,H:2026/2025 P:2026/2025,,,Direct BvP not yet weighted; 2026/2025 Statcast baseline active,7,6,24,0,"Last 7 games: 6/24, 0 HR","same-side matchup; pitcher baseline 7.2% barrel, 12.4 HR allowed",neutral batted-ball profile; pitcher fly-ball pressure modest,6.36,34.86,88.45,99.1108,0.3779,0.1481,0.3188,72.2,19.36,40.6,30.83,2.6,0.1261,7.19,33.84,86.73,0.3405,0.1212,23.94,,,Comerica Park,
170,683011,Anthony Volpe,NYY,CWS,2026-07-29T23:40:00Z,Scheduled,6,Davis Martin,663436,R,37.2,Longshot,Watch List,Projected Lineup,22.5,41.4,27.6,71.7,50.0,22.9,No,Yes,6,Yes,Yes,RotoWire projected lineup; MLB probable pitchers,lineup projected / unconfirmed,H:2026/2025 P:2026/2025,,,Direct BvP not yet weighted; 2026/2025 Statcast baseline active,7,6,22,0,"Last 7 games: 6/22, 0 HR","same-side matchup; pitcher baseline 7.3% barrel, 10.2 HR allowed",neutral batted-ball profile; pitcher fly-ball pressure modest,5.6,37.56,88.46,98.9574,0.3497,0.1134,0.3017,71.97,20.34,32.38,22.31,6.4,0.1118,7.35,44.46,90.42,0.4167,0.1489,22.08,,,Rate Field,
171,664983,Jake McCarthy,COL,SD,2026-07-29T20:10:00Z,Scheduled,1,,,,36.9,Longshot,Watch List,"Projected Lineup, Premium Lineup Spot",14.8,41.2,22.6,88.7,60.0,18.4,No,Yes,1,Yes,Yes,RotoWire projected lineup; MLB probable pitchers,lineup projected / unconfirmed,H:2026/2025 P:,,,Direct BvP not yet weighted; 2026/2025 Statcast baseline active,7,8,33,0,"Last 7 games: 8/33, 0 HR","handedness incomplete; pitcher baseline 0.0% barrel, 0.0 HR allowed",neutral batted-ball profile; pitcher fly-ball pressure modest,5.37,26.48,85.12,96.5072,0.3866,0.1329,0.3014,70.64,11.09,37.31,21.24,8.2,0.1851,,,,,,,,,Petco Park,
172,687859,Troy Johnston,COL,SD,2026-07-29T20:10:00Z,Scheduled,6,,,,36.9,Longshot,Watch List,Projected Lineup,24.6,41.2,22.6,71.7,60.0,1.6,No,Yes,6,Yes,Yes,RotoWire projected lineup; MLB probable pitchers,lineup projected / unconfirmed,H:2026/2025 P:,,,Direct BvP not yet weighted; 2026/2025 Statcast baseline active,7,3,23,0,"Last 7 games: 3/23, 0 HR","handedness incomplete; pitcher baseline 0.0% barrel, 0.0 HR allowed",neutral batted-ball profile; pitcher fly-ball pressure modest,4.22,39.16,89.74,99.0882,0.402,0.1268,0.3282,70.32,5.79,39.65,23.72,3.3,0.1199,,,,,,,,,Petco Park,
173,649966,Luis Urias,TOR,WSH,2026-07-29T17:05:00Z,Scheduled,9,Zack Littell,641793,R,36.8,Longshot,Watch List,Projected Lineup,17.0,66.0,28.2,40.2,50.0,18.3,No,Yes,9,Yes,Yes,RotoWire projected lineup; MLB probable pitchers,lineup projected / unconfirmed,H:2026/2025 P:2026/2025,,,Direct BvP not yet weighted; 2026/2025 Statcast baseline active,7,1,14,1,"Last 7 games: 1/14, 1 HR","same-side matchup; pitcher baseline 10.7% barrel, 28.3 HR allowed",neutral batted-ball profile; pitcher allows elevated contact,7.9,27.12,85.22,95.9506,0.3313,0.113,0.2902,70.52,14.2,57.15,27.41,4.5,0.2165,10.74,43.7,91.25,0.507,0.2285,32.21,,,Nationals Park,
174,680776,Jarren Duran,BOS,ATH,2026-07-30T01:40:00Z,Scheduled,7,Jacob Lopez,682052,L,36.8,Longshot,Watch List,"Projected Lineup, Strong Barrel",38.2,22.0,30.9,59.8,50.0,28.2,No,Yes,7,Yes,Yes,RotoWire projected lineup; MLB probable pitchers,lineup projected / unconfirmed,H:2026/2025 P:2026/2025,,,Direct BvP not yet weighted; 2026/2025 Statcast baseline active,7,8,26,0,"Last 7 games: 8/26, 0 HR","same-side matchup; pitcher baseline 5.4% barrel, 12.2 HR allowed",neutral batted-ball profile; pitcher allows elevated contact,10.12,41.06,90.19,101.8827,0.3834,0.1501,0.3029,74.94,49.53,39.25,22.37,13.9,0.1573,5.41,31.73,85.78,0.3473,0.131,32.48,,,Sutter Health Park,
175,702616,Jackson Holliday,BAL,DET,2026-07-29T17:10:00Z,Scheduled,6,Tarik Skubal,669373,L,36.7,Longshot,Watch List,Projected Lineup,29.3,25.5,27.6,71.7,50.0,45.0,No,Yes,6,Yes,Yes,RotoWire projected lineup; MLB probable pitchers,lineup projected / unconfirmed,H:2026/2025 P:2026/2025,,,Direct BvP not yet weighted; 2026/2025 Statcast baseline active,7,12,24,0,Contact streak: 12/24 over last 7 games,"same-side matchup; pitcher baseline 7.2% barrel, 12.4 HR allowed",neutral batted-ball profile; pitcher fly-ball pressure modest,8.15,38.14,87.96,98.572,0.3823,0.1455,0.3217,70.67,8.25,37.37,26.36,8.6,0.1442,7.19,33.84,86.73,0.3405,0.1212,23.94,,,Comerica Park,
176,681198,TJ Rumfield,COL,SD,2026-07-29T20:10:00Z,Scheduled,4,,,,36.6,Longshot,Watch List,"Projected Lineup, Premium Lineup Spot",13.8,41.2,22.6,90.4,60.0,14.6,No,Yes,4,Yes,Yes,RotoWire projected lineup; MLB probable pitchers,lineup projected / unconfirmed,H:2026 P:,,,Direct BvP not yet weighted; 2026/2025 Statcast baseline active,7,5,23,0,"Last 7 games: 5/23, 0 HR","handedness incomplete; pitcher baseline 0.0% barrel, 0.0 HR allowed",neutral batted-ball profile; pitcher fly-ball pressure modest,5.2,27.9,83.7,96.2871,0.383,0.13,0.325,68.9,8.4,43.8,27.9,13.0,0.177,,,,,,,,,Petco Park,
177,672724,Oswald Peraza,LAA,HOU,2026-07-30T01:38:00Z,Scheduled,8,Hayden Wesneski,669713,R,36.4,Longshot,Watch List,Projected Lineup,24.2,54.0,28.2,47.9,50.0,0.0,No,Yes,8,Yes,Yes,RotoWire projected lineup; MLB probable pitchers,lineup projected / unconfirmed,H:2026/2025 P:2025,,,Direct BvP not yet weighted; 2026/2025 Statcast baseline active,7,1,11,0,"Last 7 games: 1/11, 0 HR","same-side matchup; pitcher baseline 10.5% barrel, 7.0 HR allowed",neutral batted-ball profile; pitcher fly-ball pressure modest,7.26,38.24,87.31,99.9339,0.3382,0.1197,0.2669,72.83,29.09,37.25,21.15,6.4,0.1182,10.5,42.1,89.7,0.457,0.211,27.4,,,Angel Stadium,
178,660688,Keibert Ruiz,WSH,TOR,2026-07-29T17:05:00Z,Scheduled,5,Trey Yesavage,702056,R,36.3,Longshot,Watch List,"Projected Lineup, Platoon Edge",17.5,32.8,28.2,81.9,75.0,3.4,No,Yes,5,Yes,Yes,RotoWire projected lineup; MLB probable pitchers,lineup projected / unconfirmed,H:2026/2025 P:2026/2025,,,Direct BvP not yet weighted; 2026/2025 Statcast baseline active,7,3,21,0,"Last 7 games: 3/21, 0 HR","switch hitter; pitcher baseline 6.7% barrel, 7.0 HR allowed",neutral batted-ball profile; pitcher fly-ball pressure modest,4.23,35.94,87.95,97.6771,0.3559,0.1122,0.2765,67.22,0.51,54.75,27.05,5.5,0.1508,6.72,43.37,90.29,0.3389,0.1254,24.62,,,Nationals Park,
179,676391,Ernie Clement,TOR,WSH,2026-07-29T17:05:00Z,Scheduled,7,Zack Littell,641793,R,36.0,Longshot,Watch List,Projected Lineup,6.5,66.0,28.2,59.8,50.0,18.2,No,Yes,7,Yes,Yes,RotoWire projected lineup; MLB probable pitchers,lineup projected / unconfirmed,H:2026/2025 P:2026/2025,,,Direct BvP not yet weighted; 2026/2025 Statcast baseline active,7,7,29,0,"Last 7 games: 7/29, 0 HR","same-side matchup; pitcher baseline 10.7% barrel, 28.3 HR allowed",neutral batted-ball profile; pitcher allows elevated contact,2.47,23.55,85.55,95.0097,0.3464,0.0895,0.2778,67.53,2.75,43.32,28.53,8.3,0.1266,10.74,43.7,91.25,0.507,0.2285,32.21,,,Nationals Park,
180,641680,Jonah Heim,ATH,BOS,2026-07-30T01:40:00Z,Scheduled,3,Patrick Sandoval,663776,L,36.0,Longshot,Watch List,"Projected Lineup, Premium Lineup Spot, Platoon Edge",23.8,11.2,30.9,92.1,75.0,22.6,No,Yes,3,Yes,Yes,RotoWire projected lineup; MLB probable pitchers,lineup projected / unconfirmed,H:2026/2025 P:2026,,,Direct BvP not yet weighted; 2026/2025 Statcast baseline active,7,4,27,1,"Last 7 games: 4/27, 1 HR","switch hitter; pitcher baseline 2.1% barrel, 1.0 HR allowed",neutral batted-ball profile; pitcher fly-ball pressure modest,6.73,32.61,87.54,97.9471,0.3733,0.1438,0.29,69.98,10.43,40.28,27.76,10.3,0.1778,2.1,31.9,85.8,0.363,0.1,21.3,,,Sutter Health Park,
181,663968,Jake Mangum,PIT,AZ,2026-07-29T16:35:00Z,Scheduled,1,Eduardo Rodriguez,593958,L,35.9,Longshot,Watch List,"Projected Lineup, Premium Lineup Spot, Platoon Edge",4.4,43.3,24.3,88.7,75.0,25.5,No,Yes,1,Yes,Yes,RotoWire projected lineup; MLB probable pitchers,lineup projected / unconfirmed,H:2026/2025 P:2026/2025,,,Direct BvP not yet weighted; 2026/2025 Statcast baseline active,7,9,31,0,"Last 7 games: 9/31, 0 HR","switch hitter; pitcher baseline 9.0% barrel, 16.6 HR allowed",neutral batted-ball profile; pitcher fly-ball pressure modest,1.79,27.66,85.41,96.2383,0.3276,0.0731,0.2802,67.3,3.76,28.14,14.09,2.3,0.0685,8.97,35.97,88.2,0.4492,0.186,27.12,,,PNC Park,
182,668942,Josh Rojas,KC,MIN,2026-07-29T23:40:00Z,Scheduled,9,Joe Ryan,657746,R,35.9,Longshot,Watch List,"Projected Lineup, Platoon Edge",12.8,54.4,27.1,40.2,80.0,34.5,No,Yes,9,Yes,Yes,RotoWire projected lineup; MLB probable pitchers,lineup projected / unconfirmed,H:2026/2025 P:2026/2025,,,Direct BvP not yet weighted; 2026/2025 Statcast baseline active,7,7,20,0,Contact streak: 7/20 over last 7 games,"platoon edge; pitcher baseline 11.4% barrel, 19.0 HR allowed",neutral batted-ball profile; pitcher allows elevated contact,2.8,37.29,85.96,97.1685,0.3071,0.0988,0.242,67.87,1.59,28.12,32.32,1.3,0.1098,11.36,42.04,89.85,0.3921,0.174,30.38,,,Target Field,
183,681297,Colton Cowser,BAL,DET,2026-07-29T17:10:00Z,Scheduled,8,Tarik Skubal,669373,L,35.8,Longshot,Watch List,"Projected Lineup, Strong Barrel",43.5,25.5,27.6,47.9,50.0,0.0,No,Yes,8,Yes,Yes,RotoWire projected lineup; MLB probable pitchers,lineup projected / unconfirmed,H:2026/2025 P:2026/2025,,,Direct BvP not yet weighted; 2026/2025 Statcast baseline active,7,1,9,0,"Last 7 games: 1/9, 0 HR","same-side matchup; pitcher baseline 7.2% barrel, 12.4 HR allowed",neutral batted-ball profile; pitcher fly-ball pressure modest,11.44,39.84,88.17,100.4885,0.4089,0.2009,0.3126,74.44,44.85,38.59,33.13,10.4,0.1442,7.19,33.84,86.73,0.3405,0.1212,23.94,,,Comerica Park,
184,691788,Joe Mack,MIA,PHI,2026-07-29T16:10:00Z,Scheduled,9,Jesús Luzardo,666200,L,35.5,Longshot,Watch List,"Projected Lineup, Strong Barrel",42.1,20.0,21.5,40.2,50.0,69.6,No,Yes,9,Yes,Yes,RotoWire projected lineup; MLB probable pitchers,lineup projected / unconfirmed,H:2026 P:2026/2025,,,Direct BvP not yet weighted; 2026/2025 Statcast baseline active,7,5,23,3,Hot streak: 3 HR in last 7 games,"same-side matchup; pitcher baseline 5.9% barrel, 12.5 HR allowed",neutral batted-ball profile; pitcher fly-ball pressure modest,10.3,39.7,88.9,100.1589,0.434,0.198,0.314,74.3,43.3,47.8,27.9,10.0,0.195,5.86,32.97,87.31,0.3165,0.1053,22.43,,,loanDepot park,
185,676439,Hunter Feduccia,TB,TEX,2026-07-29T22:40:00Z,Scheduled,9,MacKenzie Gore,669022,L,35.5,Longshot,Watch List,Projected Lineup,28.2,46.8,27.6,40.2,50.0,13.6,No,Yes,9,Yes,Yes,RotoWire projected lineup; MLB probable pitchers,lineup projected / unconfirmed,H:2026/2025 P:2026/2025,,,Direct BvP not yet weighted; 2026/2025 Statcast baseline active,7,4,19,0,"Last 7 games: 4/19, 0 HR","same-side matchup; pitcher baseline 9.3% barrel, 15.8 HR allowed",neutral batted-ball profile; pitcher fly-ball pressure modest,8.34,36.65,89.49,98.9029,0.3426,0.1248,0.2946,70.57,10.67,30.49,26.75,1.4,0.0906,9.27,43.68,89.84,0.3919,0.1523,27.3,,,Tropicana Field,
186,680474,Max Schuemann,NYY,CWS,2026-07-29T23:40:00Z,Scheduled,8,Davis Martin,663436,R,35.5,Longshot,Watch List,Projected Lineup,30.9,41.4,27.6,47.9,50.0,0.8,No,Yes,8,Yes,Yes,RotoWire projected lineup; MLB probable pitchers,lineup projected / unconfirmed,H:2026/2025 P:2026/2025,,,Direct BvP not yet weighted; 2026/2025 Statcast baseline active,7,2,16,0,"Last 7 games: 2/16, 0 HR","same-side matchup; pitcher baseline 7.3% barrel, 10.2 HR allowed",fly-ball profile; pitcher fly-ball pressure modest,8.55,39.41,88.77,98.4465,0.355,0.1327,0.3236,69.72,6.44,31.59,35.11,2.0,0.1432,7.35,44.46,90.42,0.4167,0.1489,22.08,,,Rate Field,
187,665966,Carlos Narvaez,BOS,ATH,2026-07-30T01:40:00Z,Scheduled,9,Jacob Lopez,682052,L,35.5,Longshot,Watch List,"Projected Lineup, Platoon Edge",33.9,22.0,30.9,40.2,78.0,34.9,No,Yes,9,Yes,Yes,RotoWire projected lineup; MLB probable pitchers,lineup projected / unconfirmed,H:2026/2025 P:2026/2025,,,Direct BvP not yet weighted; 2026/2025 Statcast baseline active,7,3,13,1,"Last 7 games: 3/13, 1 HR","platoon edge; pitcher baseline 5.4% barrel, 12.2 HR allowed",neutral batted-ball profile; pitcher allows elevated contact,7.77,39.84,91.31,100.3817,0.3537,0.141,0.2811,71.95,19.66,32.16,29.82,6.6,0.1178,5.41,31.73,85.78,0.3473,0.131,32.48,,,Sutter Health Park,
188,665750,Leody Taveras,BAL,DET,2026-07-29T17:10:00Z,Scheduled,5,Tarik Skubal,669373,L,35.4,Longshot,Watch List,"Projected Lineup, Platoon Edge",19.0,24.2,27.6,81.9,75.0,18.3,No,Yes,5,Yes,Yes,RotoWire projected lineup; MLB probable pitchers,lineup projected / unconfirmed,H:2026/2025 P:2026/2025,,,Direct BvP not yet weighted; 2026/2025 Statcast baseline active,7,2,24,1,"Last 7 games: 2/24, 1 HR","switch hitter; pitcher baseline 7.2% barrel, 12.4 HR allowed",neutral batted-ball profile; pitcher fly-ball pressure modest,5.28,31.91,87.66,98.6458,0.3328,0.1187,0.2733,72.32,24.28,32.67,23.47,4.4,0.1165,7.19,33.84,86.73,0.3405,0.1212,23.94,,,Comerica Park,
189,630105,Jake Cronenworth,SD,COL,2026-07-29T20:10:00Z,Scheduled,2,Gabriel Hughes,687312,R,35.4,Longshot,Watch List,"Projected Lineup, Premium Lineup Spot, Platoon Edge",21.1,12.3,22.6,95.5,80.0,30.0,No,Yes,2,Yes,Yes,RotoWire projected lineup; MLB probable pitchers,lineup projected / unconfirmed,H:2026/2025 P:2026,,,Direct BvP not yet weighted; 2026/2025 Statcast baseline active,7,8,25,0,Contact streak: 8/25 over last 7 games,"platoon edge; pitcher baseline 1.9% barrel, 0.0 HR allowed",neutral batted-ball profile; pitcher allows elevated contact,5.57,36.06,88.22,98.8147,0.3516,0.1154,0.3141,71.46,17.81,32.94,20.69,5.4,0.0953,1.9,28.8,88.9,0.252,0.063,30.8,,,Petco Park,
190,800325,Luis Lara,MIL,SF,2026-07-29T19:45:00Z,Scheduled,6,Logan Webb,657277,R,35.0,Longshot,Watch List,"Projected Lineup, Platoon Edge",20.4,29.9,19.3,71.7,75.0,28.9,No,Yes,6,Yes,Yes,RotoWire projected lineup; MLB probable pitchers,lineup projected / unconfirmed,H:2026 P:2026/2025,,,Direct BvP not yet weighted; 2026/2025 Statcast baseline active,7,5,16,0,"Last 7 games: 5/16, 0 HR","switch hitter; pitcher baseline 6.4% barrel, 10.5 HR allowed",neutral batted-ball profile; pitcher fly-ball pressure modest,3.3,40.0,88.7,98.3643,0.418,0.089,0.373,71.1,21.7,33.3,23.3,0.0,0.118,6.41,39.99,88.79,0.385,0.1303,19.14,,,Oracle Park,
191,641487,J.P. Crawford,SEA,LAD,2026-07-30T02:10:00Z,Scheduled,9,Eric Lauer,641778,L,35.0,Longshot,Watch List,Projected Lineup,22.1,55.6,27.6,40.2,50.0,1.6,No,Yes,9,Yes,Yes,RotoWire projected lineup; MLB probable pitchers,lineup projected / unconfirmed,H:2026/2025 P:2026/2025,,,Direct BvP not yet weighted; 2026/2025 Statcast baseline active,7,3,23,0,"Last 7 games: 3/23, 0 HR","same-side matchup; pitcher baseline 10.4% barrel, 18.5 HR allowed",neutral batted-ball profile; pitcher allows elevated contact,6.02,35.33,87.69,98.3133,0.3741,0.1249,0.3283,71.31,19.09,35.91,20.72,10.6,0.126,10.41,37.56,88.85,0.4568,0.207,37.04,,,UNIQLO Field at Dodger Stadium,
192,655316,Andruw Monasterio,BOS,ATH,2026-07-30T01:40:00Z,Scheduled,8,Jacob Lopez,682052,L,34.8,Longshot,Watch List,"Projected Lineup, Platoon Edge",29.0,22.0,30.9,47.9,78.0,32.0,No,Yes,8,Yes,Yes,RotoWire projected lineup; MLB probable pitchers,lineup projected / unconfirmed,H:2026/2025 P:2026/2025,,,Direct BvP not yet weighted; 2026/2025 Statcast baseline active,7,7,21,0,Contact streak: 7/21 over last 7 games,"platoon edge; pitcher baseline 5.4% barrel, 12.2 HR allowed",neutral batted-ball profile; pitcher allows elevated contact,7.68,36.92,88.12,97.9946,0.3861,0.1474,0.2982,69.24,3.25,41.25,32.88,4.7,0.1838,5.41,31.73,85.78,0.3473,0.131,32.48,,,Sutter Health Park,
193,690984,Petey Halpin,CLE,CIN,2026-07-29T23:10:00Z,Scheduled,9,Brady Singer,663903,R,34.6,Longshot,Watch List,"Projected Lineup, Platoon Edge",8.8,53.4,39.3,40.2,80.0,3.4,No,Yes,9,Yes,Yes,RotoWire projected lineup; MLB probable pitchers,lineup projected / unconfirmed,H:2026/2025 P:2026/2025,,,Direct BvP not yet weighted; 2026/2025 Statcast baseline active,7,3,21,0,"Last 7 games: 3/21, 0 HR","platoon edge; pitcher baseline 9.7% barrel, 20.4 HR allowed",neutral batted-ball profile; pitcher fly-ball pressure modest,4.9,19.74,82.01,93.9455,0.2891,0.0889,0.2608,70.36,6.51,41.6,34.1,1.4,0.0868,9.68,40.98,90.58,0.4405,0.1821,28.26,,,Great American Ball Park,
194,678662,Ezequiel Tovar,COL,SD,2026-07-29T20:10:00Z,Scheduled,9,,,,34.2,Longshot,Watch List,Projected Lineup,28.5,41.2,22.6,40.2,60.0,9.3,No,Yes,9,Yes,Yes,RotoWire projected lineup; MLB probable pitchers,lineup projected / unconfirmed,H:2026/2025 P:,,,Direct BvP not yet weighted; 2026/2025 Statcast baseline active,7,4,22,0,"Last 7 games: 4/22, 0 HR","handedness incomplete; pitcher baseline 0.0% barrel, 0.0 HR allowed",neutral batted-ball profile; pitcher fly-ball pressure modest,7.27,34.7,87.93,98.9257,0.3829,0.1527,0.2854,72.02,20.92,37.26,29.85,8.3,0.1295,,,,,,,,,Petco Park,
195,694378,Jacob Gonzalez,PIT,AZ,2026-07-29T16:35:00Z,Scheduled,9,Eduardo Rodriguez,593958,L,34.1,Longshot,Watch List,Projected Lineup,24.5,45.1,24.3,40.2,50.0,28.9,No,Yes,9,Yes,Yes,RotoWire projected lineup; MLB probable pitchers,lineup projected / unconfirmed,H:2026 P:2026/2025,,,Direct BvP not yet weighted; 2026/2025 Statcast baseline active,7,4,21,1,"Last 7 games: 4/21, 1 HR","same-side matchup; pitcher baseline 9.0% barrel, 16.6 HR allowed",neutral batted-ball profile; pitcher fly-ball pressure modest,3.4,39.8,88.6,99.279,0.399,0.139,0.317,71.3,13.0,41.6,28.1,4.0,0.149,8.97,35.97,88.2,0.4492,0.186,27.12,,,PNC Park,
196,608348,Carson Kelly,CHC,STL,2026-07-29T23:45:00Z,Scheduled,8,Dustin May,669160,R,34.0,Longshot,Watch List,Projected Lineup,28.5,40.4,22.1,47.9,50.0,8.1,No,Yes,8,Yes,Yes,RotoWire projected lineup; MLB probable pitchers,lineup projected / unconfirmed,H:2026/2025 P:2026/2025,,,Direct BvP not yet weighted; 2026/2025 Statcast baseline active,7,4,23,0,"Last 7 games: 4/23, 0 HR","same-side matchup; pitcher baseline 7.0% barrel, 11.2 HR allowed",neutral batted-ball profile; pitcher fly-ball pressure modest,7.15,38.27,88.17,99.0449,0.3879,0.1512,0.3182,70.82,8.75,38.73,24.8,9.3,0.1335,7.03,45.62,90.32,0.3957,0.1441,23.89,,,Busch Stadium,
197,699393,Pedro Ramirez,CHC,STL,2026-07-29T23:45:00Z,Scheduled,9,Dustin May,669160,R,34.0,Longshot,Watch List,"Projected Lineup, Platoon Edge",20.1,39.2,22.1,40.2,75.0,45.0,No,Yes,9,Yes,Yes,RotoWire projected lineup; MLB probable pitchers,lineup projected / unconfirmed,H:2026 P:2026/2025,,,Direct BvP not yet weighted; 2026/2025 Statcast baseline active,7,12,27,0,Contact streak: 12/27 over last 7 games,"switch hitter; pitcher baseline 7.0% barrel, 11.2 HR allowed",neutral batted-ball profile; pitcher fly-ball pressure modest,2.9,41.4,89.4,99.6533,0.364,0.094,0.299,72.1,20.3,31.4,20.0,1.0,0.146,7.03,45.62,90.32,0.3957,0.1441,23.89,,,Busch Stadium,
198,686797,Brooks Lee,MIN,KC,2026-07-29T23:40:00Z,Scheduled,8,Randy Dobnak,677976,R,33.9,Longshot,Watch List,"Projected Lineup, Platoon Edge",17.9,36.7,27.1,47.9,75.0,33.7,No,Yes,8,Yes,Yes,RotoWire projected lineup; MLB probable pitchers,lineup projected / unconfirmed,H:2026/2025 P:2026/2025,,,Direct BvP not yet weighted; 2026/2025 Statcast baseline active,7,6,27,1,"Last 7 games: 6/27, 1 HR","switch hitter; pitcher baseline 5.4% barrel, 1.7 HR allowed",neutral batted-ball profile; pitcher fly-ball pressure modest,4.4,33.32,87.83,97.354,0.3425,0.1148,0.2778,69.92,8.42,41.15,27.32,15.3,0.1627,5.39,45.59,92.02,0.429,0.1422,17.86,,,Target Field,
199,657757,Gavin Sheets,SD,COL,2026-07-29T20:10:00Z,Scheduled,7,Gabriel Hughes,687312,R,33.8,Longshot,Watch List,"Projected Lineup, Platoon Edge",33.8,12.3,22.6,59.8,80.0,13.6,No,Yes,7,Yes,Yes,RotoWire projected lineup; MLB probable pitchers,lineup projected / unconfirmed,H:2026/2025 P:2026,,,Direct BvP not yet weighted; 2026/2025 Statcast baseline active,7,4,19,0,"Last 7 games: 4/19, 0 HR","platoon edge; pitcher baseline 1.9% barrel, 0.0 HR allowed",neutral batted-ball profile; pitcher allows elevated contact,7.64,41.32,88.36,99.5951,0.4033,0.162,0.3232,74.52,47.77,38.84,23.14,15.5,0.1819,1.9,28.8,88.9,0.252,0.063,30.8,,,Petco Park,
200,680700,Richie Palacios,TB,TEX,2026-07-29T22:40:00Z,Scheduled,7,MacKenzie Gore,669022,L,33.8,Longshot,Watch List,Projected Lineup,13.9,46.8,27.6,59.8,50.0,18.3,No,Yes,7,Yes,Yes,RotoWire projected lineup; MLB probable pitchers,lineup projected / unconfirmed,H:2026/2025 P:2026/2025,,,Direct BvP not yet weighted; 2026/2025 Statcast baseline active,7,2,18,1,"Last 7 games: 2/18, 1 HR","same-side matchup; pitcher baseline 9.3% barrel, 15.8 HR allowed",neutral batted-ball profile; pitcher fly-ball pressure modest,4.57,31.5,87.03,96.6558,0.3653,0.0997,0.3222,68.87,3.24,34.78,20.21,3.1,0.112,9.27,43.68,89.84,0.3919,0.1523,27.3,,,Tropicana Field,
201,695720,Tommy White,ATH,BOS,2026-07-30T01:40:00Z,Scheduled,5,Patrick Sandoval,663776,L,33.8,Longshot,Watch List,"Projected Lineup, Platoon Edge",19.4,11.3,30.9,81.9,78.0,30.2,No,Yes,5,Yes,Yes,RotoWire projected lineup; MLB probable pitchers,lineup projected / unconfirmed,H:2026 P:2026,,,Direct BvP not yet weighted; 2026/2025 Statcast baseline active,7,9,28,0,Contact streak: 9/28 over last 7 games,"platoon edge; pitcher baseline 2.1% barrel, 1.0 HR allowed",neutral batted-ball profile; pitcher fly-ball pressure modest,6.3,34.4,86.0,98.0327,0.413,0.108,0.33,70.8,19.6,31.3,15.6,0.0,0.057,2.1,31.9,85.8,0.363,0.1,21.3,,,Sutter Health Park,
202,802415,Chandler Simpson,TB,TEX,2026-07-29T22:40:00Z,Scheduled,5,MacKenzie Gore,669022,L,33.7,Longshot,Watch List,Projected Lineup,0.2,46.8,27.6,81.9,50.0,45.0,No,Yes,5,Yes,Yes,RotoWire projected lineup; MLB probable pitchers,lineup projected / unconfirmed,H:2026/2025 P:2026/2025,,,Direct BvP not yet weighted; 2026/2025 Statcast baseline active,7,11,25,0,Contact streak: 11/25 over last 7 games,"same-side matchup; pitcher baseline 9.3% barrel, 15.8 HR allowed",neutral batted-ball profile; pitcher fly-ball pressure modest,0.0,14.99,83.88,93.0468,0.3087,0.0382,0.2767,64.76,0.37,26.87,12.58,0.0,0.0591,9.27,43.68,89.84,0.3919,0.1523,27.3,,,Tropicana Field,
203,543877,Christian Vazquez,HOU,LAA,2026-07-30T01:38:00Z,Scheduled,9,Grayson Rodriguez,680570,R,33.4,Longshot,Watch List,"Projected Lineup, Pitcher Vulnerable",3.8,71.8,28.2,40.2,50.0,10.6,No,Yes,9,Yes,Yes,RotoWire projected lineup; MLB probable pitchers,lineup projected / unconfirmed,H:2026/2025 P:2026,,,Direct BvP not yet weighted; 2026/2025 Statcast baseline active,7,4,21,0,"Last 7 games: 4/21, 0 HR","same-side matchup; pitcher baseline 10.5% barrel, 7.0 HR allowed",neutral batted-ball profile; pitcher allows elevated contact,2.05,24.6,86.04,95.6359,0.2804,0.0767,0.2465,66.09,1.08,34.07,25.75,4.4,0.106,10.5,54.1,92.1,0.563,0.242,30.1,,,Angel Stadium,
204,703607,Henry Bolte,ATH,BOS,2026-07-30T01:40:00Z,Scheduled,7,Patrick Sandoval,663776,L,33.4,Longshot,Watch List,"Projected Lineup, Platoon Edge",31.3,11.3,30.9,59.8,78.0,5.7,No,Yes,7,Yes,Yes,RotoWire projected lineup; MLB probable pitchers,lineup projected / unconfirmed,H:2026 P:2026,,,Direct BvP not yet weighted; 2026/2025 Statcast baseline active,7,3,19,0,"Last 7 games: 3/19, 0 HR","platoon edge; pitcher baseline 2.1% barrel, 1.0 HR allowed",neutral batted-ball profile; pitcher fly-ball pressure modest,6.4,46.0,89.8,103.6689,0.338,0.117,0.29,76.9,73.5,31.4,17.9,3.0,0.079,2.1,31.9,85.8,0.363,0.1,21.3,,,Sutter Health Park,
205,669701,Josh Smith,TEX,TB,2026-07-29T22:40:00Z,Scheduled,8,Casey Legumina,668984,R,33.3,Longshot,Watch List,"Projected Lineup, Platoon Edge",16.4,39.8,27.6,47.9,80.0,5.1,No,Yes,8,Yes,Yes,RotoWire projected lineup; MLB probable pitchers,lineup projected / unconfirmed,H:2026/2025 P:2026/2025,,,Direct BvP not yet weighted; 2026/2025 Statcast baseline active,7,4,26,0,"Last 7 games: 4/26, 0 HR","platoon edge; pitcher baseline 8.3% barrel, 4.9 HR allowed",neutral batted-ball profile; pitcher fly-ball pressure modest,5.49,30.68,86.85,97.3362,0.3296,0.1106,0.282,69.1,3.42,34.9,29.21,3.7,0.0765,8.31,40.37,88.36,0.413,0.1575,29.2,,,Tropicana Field,
206,702222,Justin Crawford,PHI,MIA,2026-07-29T16:10:00Z,Scheduled,7,Ryan Gusto,687473,R,33.1,Longshot,Watch List,"Projected Lineup, Platoon Edge",8.5,45.8,21.5,59.8,80.0,10.1,No,Yes,7,Yes,Yes,RotoWire projected lineup; MLB probable pitchers,lineup projected / unconfirmed,H:2026 P:2026/2025,,,Direct BvP not yet weighted; 2026/2025 Statcast baseline active,7,3,16,0,"Last 7 games: 3/16, 0 HR","platoon edge; pitcher baseline 8.7% barrel, 7.2 HR allowed",neutral batted-ball profile; pitcher fly-ball pressure modest,0.9,32.6,86.6,97.5783,0.312,0.06,0.275,68.9,5.2,27.3,16.7,2.0,0.084,8.73,44.44,90.04,0.4173,0.1606,27.1,,,loanDepot park,
207,663538,Nico Hoerner,CHC,STL,2026-07-29T23:45:00Z,Scheduled,6,Dustin May,669160,R,32.9,Longshot,Watch List,Projected Lineup,8.6,40.4,22.1,71.7,50.0,50.3,No,Yes,6,Yes,Yes,RotoWire projected lineup; MLB probable pitchers,lineup projected / unconfirmed,H:2026/2025 P:2026/2025,,,Direct BvP not yet weighted; 2026/2025 Statcast baseline active,7,10,30,1,Contact streak: 10/30 over last 7 games,"same-side matchup; pitcher baseline 7.0% barrel, 11.2 HR allowed",neutral batted-ball profile; pitcher fly-ball pressure modest,1.28,28.9,86.28,96.2852,0.377,0.0829,0.3227,68.36,1.76,33.64,21.35,5.6,0.0956,7.03,45.62,90.32,0.3957,0.1441,23.89,,,Busch Stadium,
208,701675,Nathan Church,STL,CHC,2026-07-29T23:45:00Z,Scheduled,7,Matthew Boyd,571510,L,32.9,Longshot,Watch List,Projected Lineup,18.0,44.3,22.1,59.8,50.0,3.4,No,Yes,7,Yes,Yes,RotoWire projected lineup; MLB probable pitchers,lineup projected / unconfirmed,H:2026/2025 P:2026/2025,,,Direct BvP not yet weighted; 2026/2025 Statcast baseline active,7,2,14,0,"Last 7 games: 2/14, 0 HR","same-side matchup; pitcher baseline 9.3% barrel, 9.9 HR allowed",neutral batted-ball profile; pitcher fly-ball pressure modest,5.76,35.13,86.9,98.1232,0.3385,0.1172,0.2701,69.77,8.55,34.64,19.01,5.9,0.1151,9.28,40.66,89.2,0.4134,0.1622,25.99,,,Busch Stadium,
209,668952,Ryan Kreidler,MIN,KC,2026-07-29T23:40:00Z,Scheduled,9,Randy Dobnak,677976,R,32.8,Longshot,Watch List,Projected Lineup,27.2,36.9,27.1,40.2,50.0,16.1,No,Yes,9,Yes,Yes,RotoWire projected lineup; MLB probable pitchers,lineup projected / unconfirmed,H:2026/2025 P:2026/2025,,,Direct BvP not yet weighted; 2026/2025 Statcast baseline active,7,5,22,0,"Last 7 games: 5/22, 0 HR","same-side matchup; pitcher baseline 5.4% barrel, 1.7 HR allowed",neutral batted-ball profile; pitcher fly-ball pressure modest,7.04,34.34,88.48,99.4108,0.3572,0.1385,0.2829,73.31,33.98,44.84,27.67,3.5,0.1225,5.39,45.59,92.02,0.429,0.1422,17.86,,,Target Field,
210,650859,Luis Rengifo,SD,COL,2026-07-29T20:10:00Z,Scheduled,6,Gabriel Hughes,687312,R,32.7,Longshot,Watch List,"Projected Lineup, Platoon Edge",18.6,12.3,22.6,71.7,75.0,68.7,No,Yes,6,Yes,Yes,RotoWire projected lineup; MLB probable pitchers,lineup projected / unconfirmed,H:2026/2025 P:2026,,,Direct BvP not yet weighted; 2026/2025 Statcast baseline active,7,8,24,2,Hot streak: 2 HR in last 7 games,"switch hitter; pitcher baseline 1.9% barrel, 0.0 HR allowed",neutral batted-ball profile; pitcher allows elevated contact,4.86,36.48,87.94,98.2854,0.3603,0.1024,0.3034,70.69,14.51,35.71,17.03,4.1,0.0816,1.9,28.8,88.9,0.252,0.063,30.8,,,Petco Park,
211,642851,Austin Wynns,TEX,TB,2026-07-29T22:40:00Z,Scheduled,9,Casey Legumina,668984,R,32.7,Longshot,Watch List,Projected Lineup,22.9,39.8,27.6,40.2,50.0,25.3,No,Yes,9,Yes,Yes,RotoWire projected lineup; MLB probable pitchers,lineup projected / unconfirmed,H:2026/2025 P:2026/2025,,,Direct BvP not yet weighted; 2026/2025 Statcast baseline active,7,3,18,1,"Last 7 games: 3/18, 1 HR","same-side matchup; pitcher baseline 8.3% barrel, 4.9 HR allowed",neutral batted-ball profile; pitcher fly-ball pressure modest,6.17,35.12,86.85,98.4659,0.3535,0.1345,0.2656,71.25,16.27,39.18,28.98,1.8,0.0759,8.31,40.37,88.36,0.413,0.1575,29.2,,,Tropicana Field,
212,671976,Tristan Peters,CWS,NYY,2026-07-29T23:40:00Z,Scheduled,7,Cam Schlittler,693645,R,32.6,Longshot,Watch List,"Projected Lineup, Platoon Edge",13.0,35.6,27.6,59.8,80.0,0.0,No,Yes,7,Yes,Yes,RotoWire projected lineup; MLB probable pitchers,lineup projected / unconfirmed,H:2026/2025 P:2026/2025,,,Direct BvP not yet weighted; 2026/2025 Statcast baseline active,7,2,21,0,"Last 7 games: 2/21, 0 HR","platoon edge; pitcher baseline 8.1% barrel, 10.8 HR allowed",neutral batted-ball profile; pitcher fly-ball pressure modest,3.64,34.12,87.29,97.9261,0.3222,0.1001,0.2593,69.35,5.11,42.54,18.69,4.2,0.112,8.06,39.64,88.37,0.3581,0.1386,27.02,,,Rate Field,
213,808982,Jung Hoo Lee,SF,MIL,2026-07-29T19:45:00Z,Scheduled,5,Shane Drohan,675660,L,32.3,Longshot,Watch List,Projected Lineup,11.0,32.3,19.3,81.9,50.0,40.7,No,Yes,5,Yes,Yes,RotoWire projected lineup; MLB probable pitchers,lineup projected / unconfirmed,H:2026/2025 P:2026,,,Direct BvP not yet weighted; 2026/2025 Statcast baseline active,7,7,26,1,"Last 7 games: 7/26, 1 HR","same-side matchup; pitcher baseline 8.2% barrel, 6.0 HR allowed",neutral batted-ball profile; pitcher fly-ball pressure modest,2.86,29.76,87.03,96.5974,0.3829,0.094,0.3168,68.37,2.77,39.72,22.1,6.6,0.1354,8.2,37.6,88.2,0.348,0.121,28.6,,,Oracle Park,
214,595879,Javier Baez,DET,BAL,2026-07-29T17:10:00Z,Scheduled,9,Trevor Rogers,669432,L,32.2,Longshot,Watch List,"Projected Lineup, Platoon Edge",13.9,36.2,27.6,40.2,78.0,43.2,No,Yes,9,Yes,Yes,RotoWire projected lineup; MLB probable pitchers,lineup projected / unconfirmed,H:2026/2025 P:2026/2025,,,Direct BvP not yet weighted; 2026/2025 Statcast baseline active,7,6,21,1,"Last 7 games: 6/21, 1 HR","platoon edge; pitcher baseline 6.9% barrel, 8.8 HR allowed",neutral batted-ball profile; pitcher fly-ball pressure modest,3.89,31.99,85.75,97.0535,0.3601,0.101,0.2868,72.8,26.21,41.06,21.49,5.0,0.141,6.9,41.96,89.28,0.3921,0.1461,24.25,,,Comerica Park,
215,696285,Jacob Young,WSH,TOR,2026-07-29T17:05:00Z,Scheduled,9,Trey Yesavage,702056,R,32.1,Longshot,Watch List,Projected Lineup,20.4,33.5,28.2,40.2,50.0,58.7,No,Yes,9,Yes,Yes,RotoWire projected lineup; MLB probable pitchers,lineup projected / unconfirmed,H:2026/2025 P:2026/2025,,,Direct BvP not yet weighted; 2026/2025 Statcast baseline active,7,7,18,1,Contact streak: 7/18 over last 7 games,"same-side matchup; pitcher baseline 6.7% barrel, 7.0 HR allowed",neutral batted-ball profile; pitcher fly-ball pressure modest,5.33,34.69,88.3,98.3965,0.3801,0.1174,0.3082,69.07,2.23,34.72,23.02,6.9,0.1225,6.72,43.37,90.29,0.3389,0.1254,24.62,,,Nationals Park,
216,806198,Cooper Pratt,MIL,SF,2026-07-29T19:45:00Z,Scheduled,8,Logan Webb,657277,R,32.0,Longshot,Watch List,"Projected Lineup, Hot Hitter/Streak",19.4,31.0,19.3,47.9,50.0,81.2,No,Yes,8,Yes,Yes,RotoWire projected lineup; MLB probable pitchers,lineup projected / unconfirmed,H:2026 P:2026/2025,,,Direct BvP not yet weighted; 2026/2025 Statcast baseline active,7,10,24,2,Hot streak: 2 HR in last 7 games,"same-side matchup; pitcher baseline 6.4% barrel, 10.5 HR allowed",neutral batted-ball profile; pitcher fly-ball pressure modest,4.8,32.9,88.2,97.6425,0.398,0.112,0.344,70.4,8.8,34.1,22.4,2.0,0.118,6.41,39.99,88.79,0.385,0.1303,19.14,,,Oracle Park,
217,665877,Jose Fermin,STL,CHC,2026-07-29T23:45:00Z,Scheduled,8,Matthew Boyd,571510,L,31.8,Longshot,Watch List,"Projected Lineup, Platoon Edge",9.8,44.3,22.1,47.9,78.0,18.3,No,Yes,8,Yes,Yes,RotoWire projected lineup; MLB probable pitchers,lineup projected / unconfirmed,H:2026/2025 P:2026/2025,,,Direct BvP not yet weighted; 2026/2025 Statcast baseline active,7,2,17,1,"Last 7 games: 2/17, 1 HR","platoon edge; pitcher baseline 9.3% barrel, 9.9 HR allowed",neutral batted-ball profile; pitcher fly-ball pressure modest,1.75,30.1,86.26,96.3434,0.3481,0.0962,0.3033,68.07,3.3,47.62,24.94,3.8,0.1326,9.28,40.66,89.2,0.4134,0.1622,25.99,,,Busch Stadium,
218,670032,Nicky Lopez,TEX,TB,2026-07-29T22:40:00Z,Scheduled,7,Casey Legumina,668984,R,31.6,Longshot,Watch List,"Projected Lineup, Platoon Edge",3.0,39.8,27.6,59.8,80.0,27.0,No,Yes,7,Yes,Yes,RotoWire projected lineup; MLB probable pitchers,lineup projected / unconfirmed,H:2026/2025 P:2026/2025,,,Direct BvP not yet weighted; 2026/2025 Statcast baseline active,7,6,20,0,"Last 7 games: 6/20, 0 HR","platoon edge; pitcher baseline 8.3% barrel, 4.9 HR allowed",neutral batted-ball profile; pitcher fly-ball pressure modest,0.0,28.17,85.01,95.5342,0.2718,0.0405,0.2596,66.72,0.75,33.94,11.16,0.7,0.0287,8.31,40.37,88.36,0.413,0.1575,29.2,,,Tropicana Field,
219,670764,Taylor Walls,TB,TEX,2026-07-29T22:40:00Z,Scheduled,8,MacKenzie Gore,669022,L,31.4,Longshot,Watch List,"Projected Lineup, Platoon Edge",5.4,45.1,27.6,47.9,75.0,23.7,No,Yes,8,Yes,Yes,RotoWire projected lineup; MLB probable pitchers,lineup projected / unconfirmed,H:2026/2025 P:2026/2025,,,Direct BvP not yet weighted; 2026/2025 Statcast baseline active,7,5,18,0,"Last 7 games: 5/18, 0 HR","switch hitter; pitcher baseline 9.3% barrel, 15.8 HR allowed",neutral batted-ball profile; pitcher fly-ball pressure modest,2.85,23.67,85.81,95.3705,0.2719,0.0773,0.2533,68.38,2.34,36.44,29.12,1.2,0.0808,9.27,43.68,89.84,0.3919,0.1523,27.3,,,Tropicana Field,
220,805367,Chase Meidroth,CWS,NYY,2026-07-29T23:40:00Z,Scheduled,8,Cam Schlittler,693645,R,31.3,Longshot,Watch List,Projected Lineup,12.5,35.6,27.6,47.9,50.0,66.7,No,Yes,8,Yes,Yes,RotoWire projected lineup; MLB probable pitchers,lineup projected / unconfirmed,H:2026/2025 P:2026/2025,,,Direct BvP not yet weighted; 2026/2025 Statcast baseline active,7,8,25,2,Hot streak: 2 HR in last 7 games,"same-side matchup; pitcher baseline 8.1% barrel, 10.8 HR allowed",neutral batted-ball profile; pitcher fly-ball pressure modest,3.49,35.4,88.06,97.4547,0.3295,0.0905,0.2923,67.05,1.11,37.49,19.56,7.1,0.0999,8.06,39.64,88.37,0.3581,0.1386,27.02,,,Rate Field,
221,669364,Xavier Edwards,MIA,PHI,2026-07-29T16:10:00Z,Scheduled,4,Jesús Luzardo,666200,L,31.2,Longshot,Watch List,"Projected Lineup, Premium Lineup Spot, Platoon Edge",10.2,18.6,21.5,90.4,75.0,15.3,No,Yes,4,Yes,Yes,RotoWire projected lineup; MLB probable pitchers,lineup projected / unconfirmed,H:2026/2025 P:2026/2025,,,Direct BvP not yet weighted; 2026/2025 Statcast baseline active,7,6,27,0,"Last 7 games: 6/27, 0 HR","switch hitter; pitcher baseline 5.9% barrel, 12.5 HR allowed",neutral batted-ball profile; pitcher fly-ball pressure modest,3.18,28.98,86.94,96.6182,0.36,0.097,0.3111,68.02,2.54,29.85,21.91,5.1,0.0994,5.86,32.97,87.31,0.3165,0.1053,22.43,,,loanDepot park,
222,650333,Luis Arraez,SF,MIL,2026-07-29T19:45:00Z,Scheduled,1,Shane Drohan,675660,L,31.2,Longshot,Watch List,"Projected Lineup, Premium Lineup Spot",6.8,32.3,19.3,88.7,50.0,28.6,No,Yes,1,Yes,Yes,RotoWire projected lineup; MLB probable pitchers,lineup projected / unconfirmed,H:2026/2025 P:2026,,,Direct BvP not yet weighted; 2026/2025 Statcast baseline active,7,9,29,0,"Last 7 games: 9/29, 0 HR","same-side matchup; pitcher baseline 8.2% barrel, 6.0 HR allowed",neutral batted-ball profile; pitcher fly-ball pressure modest,0.68,19.43,86.66,94.0353,0.3665,0.0823,0.3023,63.09,0.12,29.96,27.19,5.2,0.1161,8.2,37.6,88.2,0.348,0.121,28.6,,,Oracle Park,
223,695490,Edwin Arroyo,CIN,CLE,2026-07-29T23:10:00Z,Scheduled,8,Joey Cantillo,676282,L,31.1,Longshot,Watch List,"Projected Lineup, Platoon Edge",8.5,32.2,39.3,47.9,75.0,24.9,No,Yes,8,Yes,Yes,RotoWire projected lineup; MLB probable pitchers,lineup projected / unconfirmed,H:2026 P:2026/2025,,,Direct BvP not yet weighted; 2026/2025 Statcast baseline active,7,6,21,0,"Last 7 games: 6/21, 0 HR","switch hitter; pitcher baseline 7.3% barrel, 12.1 HR allowed",neutral batted-ball profile; pitcher fly-ball pressure modest,1.0,25.3,87.5,95.8739,0.374,0.076,0.316,69.3,5.6,43.4,17.2,0.0,0.041,7.27,38.58,88.24,0.3658,0.1368,27.09,,,Great American Ball Park,
224,656716,Zach McKinstry,DET,BAL,2026-07-29T17:10:00Z,Scheduled,7,Trevor Rogers,669432,L,30.1,Longshot,Watch List,Projected Lineup,7.8,36.2,27.6,59.8,50.0,36.5,No,Yes,7,Yes,Yes,RotoWire projected lineup; MLB probable pitchers,lineup projected / unconfirmed,H:2026/2025 P:2026/2025,,,Direct BvP not yet weighted; 2026/2025 Statcast baseline active,7,8,22,0,Contact streak: 8/22 over last 7 games,"same-side matchup; pitcher baseline 6.9% barrel, 8.8 HR allowed",neutral batted-ball profile; pitcher fly-ball pressure modest,3.86,24.69,85.35,95.7717,0.3335,0.0949,0.291,68.34,4.49,39.98,27.3,6.4,0.1265,6.9,41.96,89.28,0.3921,0.1461,24.25,,,Comerica Park,
225,683083,Nasim Nunez,WSH,TOR,2026-07-29T17:05:00Z,Scheduled,7,Trey Yesavage,702056,R,29.9,Longshot,Watch List,"Projected Lineup, Platoon Edge",4.8,32.8,28.2,59.8,75.0,21.1,No,Yes,7,Yes,Yes,RotoWire projected lineup; MLB probable pitchers,lineup projected / unconfirmed,H:2026/2025 P:2026/2025,,,Direct BvP not yet weighted; 2026/2025 Statcast baseline active,7,6,23,0,"Last 7 games: 6/23, 0 HR","switch hitter; pitcher baseline 6.7% barrel, 7.0 HR allowed",neutral batted-ball profile; pitcher fly-ball pressure modest,1.69,27.01,85.8,95.8817,0.304,0.0741,0.2813,68.77,5.15,31.64,18.26,1.9,0.0811,6.72,43.37,90.29,0.3389,0.1254,24.62,,,Nationals Park,
226,702332,Caleb Durbin,BOS,ATH,2026-07-30T01:40:00Z,Scheduled,6,Jacob Lopez,682052,L,29.7,Longshot,Watch List,"Projected Lineup, Platoon Edge",5.1,22.0,30.9,71.7,78.0,21.1,No,Yes,6,Yes,Yes,RotoWire projected lineup; MLB probable pitchers,lineup projected / unconfirmed,H:2026/2025 P:2026/2025,,,Direct BvP not yet weighted; 2026/2025 Statcast baseline active,7,6,23,0,"Last 7 games: 6/23, 0 HR","platoon edge; pitcher baseline 5.4% barrel, 12.2 HR allowed",neutral batted-ball profile; pitcher allows elevated contact,2.95,27.39,84.36,96.0101,0.3347,0.0944,0.291,68.81,4.98,41.23,18.91,10.3,0.1492,5.41,31.73,85.78,0.3473,0.131,32.48,,,Sutter Health Park,
227,807712,Luke Keaschall,MIN,KC,2026-07-29T23:40:00Z,Scheduled,7,Randy Dobnak,677976,R,29.5,Longshot,Watch List,Projected Lineup,9.9,36.9,27.1,59.8,50.0,9.3,No,Yes,7,Yes,Yes,RotoWire projected lineup; MLB probable pitchers,lineup projected / unconfirmed,H:2026/2025 P:2026/2025,,,Direct BvP not yet weighted; 2026/2025 Statcast baseline active,7,4,22,0,"Last 7 games: 4/22, 0 HR","same-side matchup; pitcher baseline 5.4% barrel, 1.7 HR allowed",neutral batted-ball profile; pitcher fly-ball pressure modest,3.59,29.17,85.08,96.5914,0.3451,0.1055,0.3072,68.58,7.59,37.49,26.34,4.0,0.1017,5.39,45.59,92.02,0.429,0.1422,17.86,,,Target Field,
228,678391,Jorbit Vivas,WSH,TOR,2026-07-29T17:05:00Z,Scheduled,8,Trey Yesavage,702056,R,29.1,Longshot,Watch List,"Projected Lineup, Platoon Edge",6.6,33.5,28.2,47.9,80.0,14.1,No,Yes,8,Yes,Yes,RotoWire projected lineup; MLB probable pitchers,lineup projected / unconfirmed,H:2026/2025 P:2026/2025,,,Direct BvP not yet weighted; 2026/2025 Statcast baseline active,7,3,14,0,"Last 7 games: 3/14, 0 HR","platoon edge; pitcher baseline 6.7% barrel, 7.0 HR allowed",neutral batted-ball profile; pitcher fly-ball pressure modest,3.93,29.29,84.08,95.8927,0.3275,0.0827,0.2982,69.53,3.61,43.07,21.46,2.4,0.096,6.72,43.37,90.29,0.3389,0.1254,24.62,,,Nationals Park,
229,805779,Jacob Wilson,ATH,BOS,2026-07-30T01:40:00Z,Scheduled,1,Patrick Sandoval,663776,L,28.6,Longshot,Watch List,"Projected Lineup, Premium Lineup Spot, Platoon Edge",2.8,11.3,30.9,88.7,78.0,18.3,No,Yes,1,Yes,Yes,RotoWire projected lineup; MLB probable pitchers,lineup projected / unconfirmed,H:2026/2025 P:2026,,,Direct BvP not yet weighted; 2026/2025 Statcast baseline active,7,3,28,1,"Last 7 games: 3/28, 1 HR","platoon edge; pitcher baseline 2.1% barrel, 1.0 HR allowed",neutral batted-ball profile; pitcher fly-ball pressure modest,2.41,26.52,84.04,95.5037,0.3535,0.0856,0.2907,64.25,0.58,33.44,20.74,8.8,0.1267,2.1,31.9,85.8,0.363,0.1,21.3,,,Sutter Health Park,
230,666152,David Hamilton,MIL,SF,2026-07-29T19:45:00Z,Scheduled,9,Logan Webb,657277,R,28.5,Longshot,Watch List,"Projected Lineup, Platoon Edge",11.8,31.0,19.3,40.2,80.0,29.4,No,Yes,9,Yes,Yes,RotoWire projected lineup; MLB probable pitchers,lineup projected / unconfirmed,H:2026/2025 P:2026/2025,,,Direct BvP not yet weighted; 2026/2025 Statcast baseline active,7,6,19,0,"Last 7 games: 6/19, 0 HR","platoon edge; pitcher baseline 6.4% barrel, 10.5 HR allowed",neutral batted-ball profile; pitcher fly-ball pressure modest,4.39,28.08,86.74,97.0706,0.3022,0.0974,0.2621,70.01,7.81,34.55,26.65,3.9,0.1035,6.41,39.99,88.79,0.385,0.1303,19.14,,,Oracle Park,
231,691011,Drew Romo,CWS,NYY,2026-07-29T23:40:00Z,Scheduled,9,Cam Schlittler,693645,R,28.2,Longshot,Watch List,"Projected Lineup, Platoon Edge",10.0,34.5,27.6,40.2,75.0,2.5,No,Yes,9,Yes,Yes,RotoWire projected lineup; MLB probable pitchers,lineup projected / unconfirmed,H:2026/2025 P:2026/2025,,,Direct BvP not yet weighted; 2026/2025 Statcast baseline active,7,3,22,0,"Last 7 games: 3/22, 0 HR","switch hitter; pitcher baseline 8.1% barrel, 10.8 HR allowed",neutral batted-ball profile; pitcher fly-ball pressure modest,6.7,25.8,83.4,95.1555,0.2016,0.077,0.1771,68.56,3.57,37.1,33.7,3.5,0.1162,8.06,39.64,88.37,0.3581,0.1386,27.02,,,Rate Field,
232,805300,Jakob Marsee,MIA,PHI,2026-07-29T16:10:00Z,Scheduled,7,Jesús Luzardo,666200,L,28.0,Longshot,Watch List,Projected Lineup,18.9,20.0,21.5,59.8,50.0,17.3,No,Yes,7,Yes,Yes,RotoWire projected lineup; MLB probable pitchers,lineup projected / unconfirmed,H:2026/2025 P:2026/2025,,,Direct BvP not yet weighted; 2026/2025 Statcast baseline active,7,4,17,0,"Last 7 games: 4/17, 0 HR","same-side matchup; pitcher baseline 5.9% barrel, 12.5 HR allowed",neutral batted-ball profile; pitcher fly-ball pressure modest,4.88,35.87,87.43,98.4289,0.3489,0.1148,0.3134,70.5,6.21,41.16,23.4,5.0,0.1223,5.86,32.97,87.31,0.3165,0.1053,22.43,,,loanDepot park,
233,596117,Garrett Stubbs,PHI,MIA,2026-07-29T16:10:00Z,Scheduled,9,Ryan Gusto,687473,R,27.8,Longshot,Watch List,"Projected Lineup, Platoon Edge",1.7,45.8,21.5,40.2,80.0,3.4,No,Yes,9,Yes,Yes,RotoWire projected lineup; MLB probable pitchers,lineup projected / unconfirmed,H:2026/2025 P:2026/2025,,,Direct BvP not yet weighted; 2026/2025 Statcast baseline active,7,1,7,0,"Last 7 games: 1/7, 0 HR","platoon edge; pitcher baseline 8.7% barrel, 7.2 HR allowed",neutral batted-ball profile; pitcher fly-ball pressure modest,0.0,24.36,80.8,88.2326,0.1909,0.0318,0.1833,69.06,0.0,51.28,15.19,0.0,0.0,8.73,44.44,90.04,0.4173,0.1606,27.1,,,loanDepot park,
234,689414,Liam Hicks,MIA,PHI,2026-07-29T16:10:00Z,Scheduled,5,Jesús Luzardo,666200,L,27.8,Longshot,Watch List,Projected Lineup,9.7,20.0,21.5,81.9,50.0,13.3,No,Yes,5,Yes,Yes,RotoWire projected lineup; MLB probable pitchers,lineup projected / unconfirmed,H:2026/2025 P:2026/2025,,,Direct BvP not yet weighted; 2026/2025 Statcast baseline active,7,5,24,0,"Last 7 games: 5/24, 0 HR","same-side matchup; pitcher baseline 5.9% barrel, 12.5 HR allowed",neutral batted-ball profile; pitcher fly-ball pressure modest,3.88,29.66,85.02,96.6192,0.3507,0.1032,0.3115,68.03,3.86,42.94,23.8,11.6,0.141,5.86,32.97,87.31,0.3165,0.1053,22.43,,,loanDepot park,
235,650968,Yohel Pozo,BAL,DET,2026-07-29T17:10:00Z,Scheduled,9,Tarik Skubal,669373,L,27.3,Longshot,Watch List,"Projected Lineup, Platoon Edge",9.3,25.5,27.6,40.2,78.0,27.0,No,Yes,9,Yes,Yes,RotoWire projected lineup; MLB probable pitchers,lineup projected / unconfirmed,H:2026/2025 P:2026/2025,,,Direct BvP not yet weighted; 2026/2025 Statcast baseline active,7,3,10,0,"Last 7 games: 3/10, 0 HR","platoon edge; pitcher baseline 7.2% barrel, 12.4 HR allowed",neutral batted-ball profile; pitcher fly-ball pressure modest,0.66,29.28,87.63,97.2061,0.322,0.0711,0.2536,69.99,9.82,33.3,14.71,1.5,0.0649,7.19,33.84,86.73,0.3405,0.1212,23.94,,,Comerica Park,
236,670770,TJ Friedl,CIN,CLE,2026-07-29T23:10:00Z,Scheduled,9,Joey Cantillo,676282,L,27.1,Longshot,Watch List,Projected Lineup,9.2,33.5,39.3,40.2,50.0,0.0,No,Yes,9,Yes,Yes,RotoWire projected lineup; MLB probable pitchers,lineup projected / unconfirmed,H:2026/2025 P:2026/2025,,,Direct BvP not yet weighted; 2026/2025 Statcast baseline active,7,2,19,0,"Last 7 games: 2/19, 0 HR","same-side matchup; pitcher baseline 7.3% barrel, 12.1 HR allowed",neutral batted-ball profile; pitcher fly-ball pressure modest,2.77,29.09,87.31,97.1083,0.268,0.0739,0.2587,70.6,9.54,39.04,23.63,6.3,0.0946,7.27,38.58,88.24,0.3658,0.1368,27.09,,,Great American Ball Park,
237,593428,Xander Bogaerts,SD,COL,2026-07-29T20:10:00Z,Scheduled,8,Gabriel Hughes,687312,R,26.9,Longshot,Watch List,Projected Lineup,27.1,12.3,22.6,47.9,50.0,8.1,No,Yes,8,Yes,Yes,RotoWire projected lineup; MLB probable pitchers,lineup projected / unconfirmed,H:2026/2025 P:2026,,,Direct BvP not yet weighted; 2026/2025 Statcast baseline active,7,4,23,0,"Last 7 games: 4/23, 0 HR","same-side matchup; pitcher baseline 1.9% barrel, 0.0 HR allowed",neutral batted-ball profile; pitcher allows elevated contact,6.34,38.92,88.37,99.7852,0.3836,0.1341,0.32,72.41,27.89,44.71,23.55,9.6,0.1112,1.9,28.8,88.9,0.252,0.063,30.8,,,Petco Park,
238,701852,Drew Cavanaugh,SF,MIL,2026-07-29T19:45:00Z,Scheduled,8,Shane Drohan,675660,L,26.3,Longshot,Watch List,Projected Lineup,12.0,32.3,19.3,47.9,50.0,9.3,No,Yes,8,Yes,Yes,RotoWire projected lineup; MLB probable pitchers,lineup projected / unconfirmed,H:2026 P:2026,,,Direct BvP not yet weighted; 2026/2025 Statcast baseline active,7,2,11,0,"Last 7 games: 2/11, 0 HR","same-side matchup; pitcher baseline 8.2% barrel, 6.0 HR allowed",neutral batted-ball profile; pitcher fly-ball pressure modest,6.5,22.6,85.3,97.3046,0.349,0.105,0.334,69.5,4.9,22.6,16.1,0.0,0.0,8.2,37.6,88.2,0.348,0.121,28.6,,,Oracle Park,
239,683766,Christian Koss,SF,MIL,2026-07-29T19:45:00Z,Scheduled,9,Shane Drohan,675660,L,25.3,Longshot,Watch List,"Projected Lineup, Platoon Edge",5.2,32.3,19.3,40.2,78.0,7.0,No,Yes,9,Yes,Yes,RotoWire projected lineup; MLB probable pitchers,lineup projected / unconfirmed,H:2026/2025 P:2026,,,Direct BvP not yet weighted; 2026/2025 Statcast baseline active,7,2,12,0,"Last 7 games: 2/12, 0 HR","platoon edge; pitcher baseline 8.2% barrel, 6.0 HR allowed",neutral batted-ball profile; pitcher fly-ball pressure modest,1.8,20.58,84.94,94.7731,0.2599,0.0578,0.2522,70.53,7.19,30.18,27.03,0.9,0.062,8.2,37.6,88.2,0.348,0.121,28.6,,,Oracle Park,
240,661531,Brian Serven,ATH,BOS,2026-07-30T01:40:00Z,Scheduled,9,Patrick Sandoval,663776,L,25.2,Longshot,Watch List,"Projected Lineup, Platoon Edge",9.2,11.3,30.9,40.2,78.0,43.2,No,Yes,9,Yes,Yes,RotoWire projected lineup; MLB probable pitchers,lineup projected / unconfirmed,H:2026 P:2026,,,Direct BvP not yet weighted; 2026/2025 Statcast baseline active,3,2,7,1,"Last 3 games: 2/7, 1 HR","platoon edge; pitcher baseline 2.1% barrel, 1.0 HR allowed",neutral batted-ball profile; pitcher fly-ball pressure modest,0.0,33.3,82.9,89.1148,0.234,0.025,0.195,71.3,16.7,0.0,33.3,0.0,0.0,2.1,31.9,85.8,0.363,0.1,21.3,,,Sutter Health Park,
241,669134,Luis Campusano,SD,COL,2026-07-29T20:10:00Z,Scheduled,9,Gabriel Hughes,687312,R,25.1,Longshot,Watch List,Projected Lineup,22.8,12.3,22.6,40.2,50.0,21.5,No,Yes,9,Yes,Yes,RotoWire projected lineup; MLB probable pitchers,lineup projected / unconfirmed,H:2026/2025 P:2026,,,Direct BvP not yet weighted; 2026/2025 Statcast baseline active,7,5,19,0,"Last 7 games: 5/19, 0 HR","same-side matchup; pitcher baseline 1.9% barrel, 0.0 HR allowed",neutral batted-ball profile; pitcher allows elevated contact,6.79,40.64,87.45,99.2597,0.3046,0.1134,0.2997,72.26,23.9,46.21,19.94,2.8,0.1526,1.9,28.8,88.9,0.252,0.063,30.8,,,Petco Park,
242,675961,Alika Williams,ATH,BOS,2026-07-30T01:40:00Z,Scheduled,8,Patrick Sandoval,663776,L,24.8,Longshot,Watch List,"Projected Lineup, Platoon Edge",9.4,11.3,30.9,47.9,78.0,12.0,No,Yes,8,Yes,Yes,RotoWire projected lineup; MLB probable pitchers,lineup projected / unconfirmed,H:2026 P:2026,,,Direct BvP not yet weighted; 2026/2025 Statcast baseline active,7,3,15,0,"Last 7 games: 3/15, 0 HR","platoon edge; pitcher baseline 2.1% barrel, 1.0 HR allowed",neutral batted-ball profile; pitcher fly-ball pressure modest,0.0,35.7,85.8,97.7204,0.275,0.058,0.231,69.6,4.5,36.6,22.5,2.0,0.15,2.1,31.9,85.8,0.363,0.1,21.3,,,Sutter Health Park,
243,688363,Graham Pauley,MIA,PHI,2026-07-29T16:10:00Z,Scheduled,8,Jesús Luzardo,666200,L,23.5,Longshot,Watch List,Projected Lineup,10.1,20.0,21.5,47.9,50.0,19.5,No,Yes,8,Yes,Yes,RotoWire projected lineup; MLB probable pitchers,lineup projected / unconfirmed,H:2026/2025 P:2026/2025,,,Direct BvP not yet weighted; 2026/2025 Statcast baseline active,7,3,12,0,"Last 7 games: 3/12, 0 HR","same-side matchup; pitcher baseline 5.9% barrel, 12.5 HR allowed",neutral batted-ball profile; pitcher fly-ball pressure modest,4.59,26.16,84.71,95.7379,0.2814,0.0969,0.2346,71.14,14.4,45.84,31.11,1.9,0.1238,5.86,32.97,87.31,0.3165,0.1053,22.43,,,loanDepot park,
