rank,hitter_id,player,team,opponent,game_start_time,game_status,batting_order,pitcher,pitcher_id,pitcher_hand,hr_score,tier,play_type,reason_tags,power_score,pitcher_score,environment_score,lineup_score,platoon_score,recent_form_score,confirmed_lineup,rotowire_confirmed_lineup,rotowire_batting_order,rotowire_player_found,lineup_disagreement,lineup_sources_used,source_warnings,stat_years_used,bvp_pa,bvp_hr,bvp_note,recent_games,recent_hits,recent_abs,recent_hr,recent_form_note,split_matchup_note,pitch_mix_note,barrel_pct,hard_hit_pct,avg_exit_velocity,ev50,xslg,xiso,xwoba,bat_speed,fast_swing_pct,pull_pct,fb_pct,hr_total,iso,pitcher_barrel_pct_allowed,pitcher_hard_hit_pct_allowed,pitcher_avg_exit_velocity_allowed,pitcher_xslg_allowed,pitcher_xiso_allowed,pitcher_fb_pct_allowed,wind_direction,weather_temp,ballpark,odds
1,808959,Munetaka Murakami,CWS,TEX,2026-08-24T23:40:00Z,Scheduled,2,Kumar Rocker,677958,R,64.4,Tier 3,Watch List,"Projected Lineup, Elite Power, Strong Barrel, Premium Lineup Spot, Platoon Edge",81.6,49.4,27.6,95.5,80.0,18.3,No,No,2,Yes,Yes,RotoWire projected lineup; MLB probable pitchers,lineup projected / unconfirmed,H:2026 P:2026/2025,,,Direct BvP not yet weighted; 2026/2025 Statcast baseline active,7,2,26,1,"Last 7 games: 2/26, 1 HR","platoon edge; pitcher baseline 9.1% barrel, 15.2 HR allowed",lift-pull EV profile; pitcher fly-ball pressure modest,20.2,58.6,94.0,104.59,0.503,0.285,0.366,74.8,51.1,42.4,38.4,29.0,0.293,9.07,42.67,89.73,0.4483,0.1836,23.7,,,Rate Field,
2,656941,Kyle Schwarber,PHI,SEA,2026-08-25T01:40:00Z,Scheduled,1,Logan Gilbert,669302,R,63.4,Tier 3,Watch List,"Projected Lineup, Elite Power, Strong Barrel, Premium Lineup Spot, Platoon Edge",77.7,49.2,25.4,88.7,80.0,49.7,No,No,1,Yes,Yes,RotoWire projected lineup; MLB probable pitchers,lineup projected / unconfirmed,H:2026/2025 P:2026/2025,,,Direct BvP not yet weighted; 2026/2025 Statcast baseline active,7,6,29,2,Hot streak: 2 HR in last 7 games,"platoon edge; pitcher baseline 9.7% barrel, 20.0 HR allowed",lift-pull EV profile; pitcher fly-ball pressure modest,18.56,54.0,93.32,104.3964,0.5264,0.284,0.3786,77.16,75.28,54.98,33.88,44.1,0.2978,9.65,41.77,90.17,0.3866,0.1617,28.75,,,T-Mobile Park,
3,691718,Pete Crow-Armstrong,CHC,AZ,2026-08-25T01:40:00Z,Scheduled,1,Merrill Kelly,518876,R,62.0,Tier 3,Watch List,"Projected Lineup, Strong Barrel, Premium Lineup Spot, Platoon Edge, Hot Hitter/Streak",54.5,65.7,28.2,88.7,80.0,88.7,No,No,1,Yes,Yes,RotoWire projected lineup; MLB probable pitchers,lineup projected / unconfirmed,H:2026/2025 P:2026/2025,,,Direct BvP not yet weighted; 2026/2025 Statcast baseline active,7,10,29,6,Hot streak: 6 HR in last 7 games,"platoon edge; pitcher baseline 11.6% barrel, 25.1 HR allowed",fly-ball profile; pitcher fly-ball pressure modest,12.61,46.71,89.99,101.4874,0.4736,0.226,0.3483,74.17,43.62,49.88,35.78,32.4,0.2648,11.61,43.85,90.27,0.5171,0.2286,26.43,,,Chase Field,
4,699013,Esmerlyn Valdez,PIT,SD,2026-08-25T01:40:00Z,Scheduled,2,Robbie Ray,592662,L,59.8,Longshot,Watch List,"Projected Lineup, Strong Barrel, Premium Lineup Spot, Platoon Edge",70.9,49.1,22.6,95.5,78.0,16.6,No,No,2,Yes,Yes,RotoWire projected lineup; MLB probable pitchers,lineup projected / unconfirmed,H:2026 P:2026/2025,,,Direct BvP not yet weighted; 2026/2025 Statcast baseline active,7,6,26,0,"Last 7 games: 6/26, 0 HR","platoon edge; pitcher baseline 9.0% barrel, 19.2 HR allowed",EV profile; pitcher allows elevated contact,21.1,49.1,92.0,102.8534,0.443,0.242,0.336,74.9,51.4,36.8,42.1,14.0,0.282,8.97,40.22,89.74,0.406,0.1723,34.22,,,Petco Park,
5,804668,Rafael Flores,PIT,SD,2026-08-25T01:40:00Z,Scheduled,5,Robbie Ray,592662,L,58.7,Longshot,Watch List,"Projected Lineup, Strong Barrel, Platoon Edge",69.0,49.1,22.6,81.9,78.0,44.8,No,No,5,Yes,Yes,RotoWire projected lineup; MLB probable pitchers,lineup projected / unconfirmed,H:2026/2025 P:2026/2025,,,Direct BvP not yet weighted; 2026/2025 Statcast baseline active,7,4,23,2,Hot streak: 2 HR in last 7 games,"platoon edge; pitcher baseline 9.0% barrel, 19.2 HR allowed",fly-ball profile; pitcher allows elevated contact,16.63,51.93,91.51,102.5678,0.4951,0.2584,0.3533,73.68,36.66,38.79,44.43,4.2,0.273,8.97,40.22,89.74,0.406,0.1723,34.22,,,Petco Park,
6,621439,Byron Buxton,MIN,ATH,2026-08-25T01:40:00Z,Scheduled,2,Jeffrey Springs,605488,L,58.1,Longshot,Watch List,"Projected Lineup, Strong Barrel, Premium Lineup Spot, Platoon Edge",64.9,48.2,30.9,95.5,78.0,0.8,No,No,2,Yes,Yes,RotoWire projected lineup; MLB probable pitchers,lineup projected / unconfirmed,H:2026/2025 P:2026/2025,,,Direct BvP not yet weighted; 2026/2025 Statcast baseline active,7,3,24,0,"Last 7 games: 3/24, 0 HR","platoon edge; pitcher baseline 9.2% barrel, 28.7 HR allowed",neutral batted-ball profile; pitcher allows elevated contact,16.65,48.9,90.96,102.2327,0.4993,0.2506,0.3465,74.37,43.46,48.17,33.72,28.0,0.2681,9.22,35.9,87.88,0.4499,0.1953,32.44,,,Sutter Health Park,
7,665833,Oneil Cruz,PIT,SD,2026-08-25T01:40:00Z,Scheduled,6,Robbie Ray,592662,L,57.6,Longshot,Watch List,"Projected Lineup, Elite Power, Strong Barrel",75.5,49.1,22.6,71.7,50.0,58.7,No,No,6,Yes,Yes,RotoWire projected lineup; MLB probable pitchers,lineup projected / unconfirmed,H:2026/2025 P:2026/2025,,,Direct BvP not yet weighted; 2026/2025 Statcast baseline active,7,4,15,2,Hot streak: 2 HR in last 7 games,"same-side matchup; pitcher baseline 9.0% barrel, 19.2 HR allowed",EV profile; pitcher allows elevated contact,17.86,57.93,95.94,107.1954,0.4782,0.235,0.3506,78.45,76.66,40.3,24.71,17.2,0.2123,8.97,40.22,89.74,0.406,0.1723,34.22,,,Petco Park,
8,683737,Michael Busch,CHC,AZ,2026-08-25T01:40:00Z,Scheduled,3,Merrill Kelly,518876,R,57.4,Longshot,Watch List,"Projected Lineup, Strong Barrel, Premium Lineup Spot, Platoon Edge",44.5,65.7,28.2,92.1,80.0,52.0,No,No,3,Yes,Yes,RotoWire projected lineup; MLB probable pitchers,lineup projected / unconfirmed,H:2026/2025 P:2026/2025,,,Direct BvP not yet weighted; 2026/2025 Statcast baseline active,7,6,27,2,Hot streak: 2 HR in last 7 games,"platoon edge; pitcher baseline 11.6% barrel, 25.1 HR allowed",neutral batted-ball profile; pitcher fly-ball pressure modest,11.5,41.91,89.4,99.659,0.4458,0.2041,0.3451,68.9,5.5,40.21,34.97,21.4,0.1843,11.61,43.85,90.27,0.5171,0.2286,26.43,,,Chase Field,
9,694673,Abimelec Ortiz,WSH,COL,2026-08-24T22:45:00Z,Scheduled,2,Ryan Feltner,663372,R,57.2,Longshot,Watch List,"Projected Lineup, Strong Barrel, Premium Lineup Spot, Platoon Edge",60.8,47.6,28.2,95.5,80.0,18.3,No,No,2,Yes,Yes,RotoWire projected lineup; MLB probable pitchers,lineup projected / unconfirmed,H:2026 P:2026/2025,,,Direct BvP not yet weighted; 2026/2025 Statcast baseline active,7,2,26,1,"Last 7 games: 2/26, 1 HR","platoon edge; pitcher baseline 9.1% barrel, 14.5 HR allowed",fly-ball profile; pitcher fly-ball pressure modest,12.8,42.6,91.2,100.4523,0.515,0.273,0.335,75.4,59.8,46.8,40.4,5.0,0.274,9.07,37.87,88.25,0.4533,0.1989,29.51,,,Nationals Park,
10,805811,Bryce Eldridge,SF,CIN,2026-08-25T01:45:00Z,Scheduled,4,Chase Burns,695505,R,56.9,Longshot,Watch List,"Projected Lineup, Strong Barrel, Premium Lineup Spot, Platoon Edge",69.1,37.3,19.3,90.4,80.0,48.3,No,No,4,Yes,Yes,RotoWire projected lineup; MLB probable pitchers,lineup projected / unconfirmed,H:2026/2025 P:2026/2025,,,Direct BvP not yet weighted; 2026/2025 Statcast baseline active,7,8,25,1,Contact streak: 8/25 over last 7 games,"platoon edge; pitcher baseline 8.2% barrel, 10.6 HR allowed",lift-pull EV profile; pitcher fly-ball pressure modest,15.62,57.11,93.43,103.2734,0.4771,0.247,0.3559,73.0,28.99,38.97,37.61,9.8,0.1497,8.17,39.54,89.5,0.3448,0.1383,28.87,,,Oracle Park,
11,664023,Ian Happ,CHC,AZ,2026-08-25T01:40:00Z,Scheduled,5,Merrill Kelly,518876,R,55.6,Longshot,Watch List,"Projected Lineup, Strong Barrel, Platoon Edge",44.1,64.3,28.2,81.9,75.0,64.3,No,No,5,Yes,Yes,RotoWire projected lineup; MLB probable pitchers,lineup projected / unconfirmed,H:2026/2025 P:2026/2025,,,Direct BvP not yet weighted; 2026/2025 Statcast baseline active,7,7,23,2,Hot streak: 2 HR in last 7 games,"switch hitter; pitcher baseline 11.6% barrel, 25.1 HR allowed",neutral batted-ball profile; pitcher fly-ball pressure modest,11.17,42.72,89.51,100.809,0.4129,0.1951,0.3246,71.81,18.5,44.19,32.6,22.3,0.1945,11.61,43.85,90.27,0.5171,0.2286,26.43,,,Chase Field,
12,547180,Bryce Harper,PHI,SEA,2026-08-25T01:40:00Z,Scheduled,3,Logan Gilbert,669302,R,55.5,Longshot,Watch List,"Projected Lineup, Strong Barrel, Premium Lineup Spot, Platoon Edge",52.2,49.2,25.4,92.1,80.0,50.3,No,No,3,Yes,Yes,RotoWire projected lineup; MLB probable pitchers,lineup projected / unconfirmed,H:2026/2025 P:2026/2025,,,Direct BvP not yet weighted; 2026/2025 Statcast baseline active,7,8,24,1,Contact streak: 8/24 over last 7 games,"platoon edge; pitcher baseline 9.7% barrel, 20.0 HR allowed",neutral batted-ball profile; pitcher fly-ball pressure modest,11.53,45.4,90.6,101.9076,0.4976,0.2268,0.3834,74.1,45.15,37.84,27.66,26.3,0.2344,9.65,41.77,90.17,0.3866,0.1617,28.75,,,T-Mobile Park,
13,691406,Junior Caminero,TB,DET,2026-08-24T22:40:00Z,Scheduled,3,Framber Valdez,664285,L,55.0,Longshot,Watch List,"Projected Lineup, Strong Barrel, Premium Lineup Spot, Platoon Edge",62.6,36.4,27.6,92.1,78.0,30.2,No,No,3,Yes,Yes,RotoWire projected lineup; MLB probable pitchers,lineup projected / unconfirmed,H:2026/2025 P:2026/2025,,,Direct BvP not yet weighted; 2026/2025 Statcast baseline active,7,9,28,0,Contact streak: 9/28 over last 7 games,"platoon edge; pitcher baseline 6.3% barrel, 13.6 HR allowed",EV profile; pitcher fly-ball pressure modest,13.44,50.7,92.82,105.2851,0.4982,0.2313,0.3593,79.34,84.76,46.01,23.7,38.0,0.2605,6.35,44.48,90.38,0.3847,0.1318,18.81,,,Comerica Park,
14,673548,Seiya Suzuki,CHC,AZ,2026-08-25T01:40:00Z,Scheduled,2,Merrill Kelly,518876,R,54.9,Longshot,Watch List,"Projected Lineup, Strong Barrel, Premium Lineup Spot",46.6,65.7,28.2,95.5,50.0,32.5,No,No,2,Yes,Yes,RotoWire projected lineup; MLB probable pitchers,lineup projected / unconfirmed,H:2026/2025 P:2026/2025,,,Direct BvP not yet weighted; 2026/2025 Statcast baseline active,7,6,28,1,"Last 7 games: 6/28, 1 HR","same-side matchup; pitcher baseline 11.6% barrel, 25.1 HR allowed",neutral batted-ball profile; pitcher fly-ball pressure modest,12.33,41.7,89.27,101.0502,0.444,0.197,0.3401,73.3,36.9,42.18,30.85,25.0,0.2162,11.61,43.85,90.27,0.5171,0.2286,26.43,,,Chase Field,
15,678246,Miguel Vargas,CWS,TEX,2026-08-24T23:40:00Z,Scheduled,3,Kumar Rocker,677958,R,54.6,Longshot,Watch List,"Projected Lineup, Strong Barrel, Premium Lineup Spot",55.4,49.4,27.6,92.1,50.0,57.5,No,No,3,Yes,Yes,RotoWire projected lineup; MLB probable pitchers,lineup projected / unconfirmed,H:2026/2025 P:2026/2025,,,Direct BvP not yet weighted; 2026/2025 Statcast baseline active,7,8,21,1,Contact streak: 8/21 over last 7 games,"same-side matchup; pitcher baseline 9.1% barrel, 15.2 HR allowed",fly-ball profile; pitcher fly-ball pressure modest,13.18,44.77,90.47,100.5706,0.4889,0.2326,0.368,72.98,34.0,43.93,35.8,25.1,0.2265,9.07,42.67,89.73,0.4483,0.1836,23.7,,,Rate Field,
16,571970,Max Muncy,ATH,MIN,2026-08-25T01:40:00Z,Scheduled,9,Zebby Matthews,805673,R,54.5,Longshot,Watch List,"Projected Lineup, Strong Barrel, Platoon Edge, Hot Hitter/Streak",57.3,55.8,30.9,40.2,80.0,94.1,No,No,9,Yes,Yes,RotoWire projected lineup; MLB probable pitchers,lineup projected / unconfirmed,H:2026/2025 P:2026/2025,,,Direct BvP not yet weighted; 2026/2025 Statcast baseline active,7,8,21,3,Hot streak: 3 HR in last 7 games,"platoon edge; pitcher baseline 11.1% barrel, 16.9 HR allowed",fly-ball profile; pitcher fly-ball pressure modest,13.53,47.86,90.81,101.4699,0.4858,0.2436,0.3593,71.38,14.97,53.04,35.16,23.9,0.2452,11.09,41.53,90.25,0.4421,0.1837,27.24,,,Sutter Health Park,
17,608369,Corey Seager,TEX,CWS,2026-08-24T23:40:00Z,Scheduled,2,José Urquidy,664353,R,54.2,Longshot,Watch List,"Projected Lineup, Strong Barrel, Premium Lineup Spot, Platoon Edge",61.8,24.6,27.6,95.5,80.0,63.3,No,No,2,Yes,Yes,RotoWire projected lineup; MLB probable pitchers,lineup projected / unconfirmed,H:2026/2025 P:2026/2025,,,Direct BvP not yet weighted; 2026/2025 Statcast baseline active,7,12,27,1,Contact streak: 12/27 over last 7 games,"platoon edge; pitcher baseline 5.5% barrel, 1.4 HR allowed",neutral batted-ball profile; pitcher fly-ball pressure modest,15.02,49.61,91.99,102.6124,0.499,0.2448,0.3622,71.87,15.65,40.43,31.55,15.4,0.1971,5.46,35.47,87.32,0.3889,0.1308,28.75,,,Rate Field,
18,701398,Sal Stewart,CIN,SF,2026-08-25T01:45:00Z,Scheduled,2,,,,53.6,Longshot,Watch List,"Projected Lineup, Strong Barrel, Premium Lineup Spot",59.2,41.2,19.3,95.5,60.0,50.3,No,No,2,Yes,Yes,RotoWire projected lineup; MLB probable pitchers,lineup projected / unconfirmed,H:2026/2025 P:,,,Direct BvP not yet weighted; 2026/2025 Statcast baseline active,7,10,30,1,Contact streak: 10/30 over last 7 games,"handedness incomplete; pitcher baseline 0.0% barrel, 0.0 HR allowed",neutral batted-ball profile; pitcher fly-ball pressure modest,14.4,43.12,91.69,101.3731,0.5187,0.2526,0.3639,72.24,26.86,39.06,32.23,20.4,0.2333,,,,,,,,,Oracle Park,
19,646240,Rafael Devers,SF,CIN,2026-08-25T01:45:00Z,Scheduled,2,Chase Burns,695505,R,53.5,Longshot,Watch List,"Projected Lineup, Strong Barrel, Premium Lineup Spot, Platoon Edge",56.8,37.3,19.3,95.5,80.0,47.5,No,No,2,Yes,Yes,RotoWire projected lineup; MLB probable pitchers,lineup projected / unconfirmed,H:2026/2025 P:2026/2025,,,Direct BvP not yet weighted; 2026/2025 Statcast baseline active,7,5,26,2,Hot streak: 2 HR in last 7 games,"platoon edge; pitcher baseline 8.2% barrel, 10.6 HR allowed",EV profile; pitcher fly-ball pressure modest,12.22,52.11,92.8,103.0285,0.4513,0.2189,0.3362,71.74,20.3,33.63,33.53,28.7,0.227,8.17,39.54,89.5,0.3448,0.1383,28.87,,,Oracle Park,
20,666176,Jo Adell,CLE,LAA,2026-08-25T01:38:00Z,Scheduled,4,George Klassen,691946,R,53.0,Longshot,Watch List,"Projected Lineup, Strong Barrel, Premium Lineup Spot, Hot Hitter/Streak",55.6,39.1,28.2,90.4,50.0,77.6,No,No,4,Yes,Yes,RotoWire projected lineup; MLB probable pitchers,lineup projected / unconfirmed,H:2026/2025 P:2026,,,Direct BvP not yet weighted; 2026/2025 Statcast baseline active,7,11,28,2,Hot streak: 2 HR in last 7 games,"same-side matchup; pitcher baseline 9.8% barrel, 2.0 HR allowed",neutral batted-ball profile; pitcher fly-ball pressure modest,12.26,46.78,90.79,103.0924,0.486,0.2253,0.3426,77.32,71.48,38.42,27.98,25.1,0.1944,9.8,41.0,89.3,0.381,0.135,21.3,,,Angel Stadium,
21,695657,Colson Montgomery,CWS,TEX,2026-08-24T23:40:00Z,Scheduled,6,Kumar Rocker,677958,R,52.5,Longshot,Watch List,"Projected Lineup, Strong Barrel, Platoon Edge",52.3,49.4,27.6,71.7,80.0,40.7,No,No,6,Yes,Yes,RotoWire projected lineup; MLB probable pitchers,lineup projected / unconfirmed,H:2026/2025 P:2026/2025,,,Direct BvP not yet weighted; 2026/2025 Statcast baseline active,7,7,26,1,"Last 7 games: 7/26, 1 HR","platoon edge; pitcher baseline 9.1% barrel, 15.2 HR allowed",neutral batted-ball profile; pitcher fly-ball pressure modest,13.03,42.68,89.12,101.8502,0.4387,0.2241,0.3151,76.65,69.74,49.37,34.07,25.2,0.2389,9.07,42.67,89.73,0.4483,0.1836,23.7,,,Rate Field,
22,664040,Brandon Lowe,PIT,SD,2026-08-25T01:40:00Z,Scheduled,4,Robbie Ray,592662,L,52.0,Longshot,Watch List,"Projected Lineup, Strong Barrel, Premium Lineup Spot",52.1,49.1,22.6,90.4,50.0,50.3,No,No,4,Yes,Yes,RotoWire projected lineup; MLB probable pitchers,lineup projected / unconfirmed,H:2026/2025 P:2026/2025,,,Direct BvP not yet weighted; 2026/2025 Statcast baseline active,7,9,27,1,Contact streak: 9/27 over last 7 games,"same-side matchup; pitcher baseline 9.0% barrel, 19.2 HR allowed",neutral batted-ball profile; pitcher allows elevated contact,12.3,46.46,91.17,101.4939,0.4465,0.2023,0.328,73.66,39.95,46.79,32.99,28.2,0.2245,8.97,40.22,89.74,0.406,0.1723,34.22,,,Petco Park,
23,665487,Fernando Tatis,SD,PIT,2026-08-25T01:40:00Z,Scheduled,1,Braxton Ashcraft,677952,R,52.0,Longshot,Watch List,"Projected Lineup, Strong Barrel, Premium Lineup Spot, Hot Hitter/Streak",57.0,32.7,22.6,88.7,50.0,100.0,No,No,1,Yes,Yes,RotoWire projected lineup; MLB probable pitchers,lineup projected / unconfirmed,H:2026/2025 P:2026/2025,,,Direct BvP not yet weighted; 2026/2025 Statcast baseline active,7,14,30,4,Hot streak: 4 HR in last 7 games,"same-side matchup; pitcher baseline 6.1% barrel, 15.6 HR allowed",EV profile; pitcher fly-ball pressure modest,12.12,53.27,93.02,104.5012,0.4894,0.1995,0.3763,75.58,58.12,35.15,22.22,19.4,0.1675,6.1,40.53,89.19,0.3619,0.1332,24.55,,,Petco Park,
24,605137,Josh Bell,MIN,ATH,2026-08-25T01:40:00Z,Scheduled,4,Jeffrey Springs,605488,L,51.9,Longshot,Watch List,"Projected Lineup, Strong Barrel, Premium Lineup Spot, Platoon Edge",44.6,47.3,30.9,90.4,75.0,36.3,No,No,4,Yes,Yes,RotoWire projected lineup; MLB probable pitchers,lineup projected / unconfirmed,H:2026/2025 P:2026/2025,,,Direct BvP not yet weighted; 2026/2025 Statcast baseline active,7,6,25,1,"Last 7 games: 6/25, 1 HR","switch hitter; pitcher baseline 9.2% barrel, 28.7 HR allowed",neutral batted-ball profile; pitcher allows elevated contact,10.42,43.29,90.05,100.9208,0.4521,0.201,0.3366,72.33,28.71,41.22,26.64,18.5,0.173,9.22,35.9,87.88,0.4499,0.1953,32.44,,,Sutter Health Park,
25,682829,Elly De La Cruz,CIN,SF,2026-08-25T01:45:00Z,Scheduled,1,,,,51.7,Longshot,Watch List,"Projected Lineup, Strong Barrel, Premium Lineup Spot, Platoon Edge",55.2,40.2,19.3,88.7,75.0,35.3,No,No,1,Yes,Yes,RotoWire projected lineup; MLB probable pitchers,lineup projected / unconfirmed,H:2026/2025 P:,,,Direct BvP not yet weighted; 2026/2025 Statcast baseline active,7,7,30,1,"Last 7 games: 7/30, 1 HR","switch hitter; pitcher baseline 0.0% barrel, 0.0 HR allowed",EV profile; pitcher fly-ball pressure modest,12.82,49.03,92.96,104.0322,0.4583,0.1926,0.3493,75.38,53.77,34.75,25.1,21.3,0.2012,,,,,,,,,Oracle Park,
26,665019,Kody Clemens,MIN,ATH,2026-08-25T01:40:00Z,Scheduled,6,Jeffrey Springs,605488,L,51.2,Longshot,Watch List,"Projected Lineup, Strong Barrel",52.7,48.2,30.9,71.7,50.0,60.3,No,No,6,Yes,Yes,RotoWire projected lineup; MLB probable pitchers,lineup projected / unconfirmed,H:2026/2025 P:2026/2025,,,Direct BvP not yet weighted; 2026/2025 Statcast baseline active,7,10,25,1,Contact streak: 10/25 over last 7 games,"same-side matchup; pitcher baseline 9.2% barrel, 28.7 HR allowed",lift-pull EV profile; pitcher allows elevated contact,11.93,46.9,92.13,101.51,0.4559,0.2076,0.3303,72.06,14.49,46.15,33.11,20.4,0.2259,9.22,35.9,87.88,0.4499,0.1953,32.44,,,Sutter Health Park,
27,575929,Willson Contreras,BOS,MIA,2026-08-24T22:40:00Z,Scheduled,4,Sandy Alcantara,645261,R,51.1,Longshot,Watch List,"Projected Lineup, Strong Barrel, Premium Lineup Spot",58.4,34.2,21.5,90.4,50.0,64.8,No,No,4,Yes,Yes,RotoWire projected lineup; MLB probable pitchers,lineup projected / unconfirmed,H:2026/2025 P:2026/2025,,,Direct BvP not yet weighted; 2026/2025 Statcast baseline active,7,8,26,2,Hot streak: 2 HR in last 7 games,"same-side matchup; pitcher baseline 6.4% barrel, 19.2 HR allowed",neutral batted-ball profile; pitcher fly-ball pressure modest,14.11,46.2,90.18,102.9234,0.4957,0.2373,0.3748,76.77,68.59,45.47,29.33,24.2,0.2327,6.36,38.14,89.09,0.3877,0.1351,24.1,,,loanDepot park,
28,668723,Ryan Vilade,TB,DET,2026-08-24T22:40:00Z,Scheduled,4,Framber Valdez,664285,L,51.0,Longshot,Watch List,"Projected Lineup, Premium Lineup Spot, Platoon Edge, Hot Hitter/Streak",43.6,36.4,27.6,90.4,78.0,81.7,No,No,4,Yes,Yes,RotoWire projected lineup; MLB probable pitchers,lineup projected / unconfirmed,H:2026/2025 P:2026/2025,,,Direct BvP not yet weighted; 2026/2025 Statcast baseline active,7,8,19,2,Hot streak: 2 HR in last 7 games,"platoon edge; pitcher baseline 6.3% barrel, 13.6 HR allowed",neutral batted-ball profile; pitcher fly-ball pressure modest,8.51,49.45,91.42,102.4749,0.4033,0.1646,0.3139,75.77,57.86,24.43,24.89,7.7,0.1554,6.35,44.48,90.38,0.3847,0.1318,18.81,,,Comerica Park,
29,666160,Mickey Moniak,COL,WSH,2026-08-24T22:45:00Z,Scheduled,3,Cade Cavalli,676917,R,50.5,Longshot,Watch List,"Projected Lineup, Strong Barrel, Premium Lineup Spot, Platoon Edge",48.8,32.3,28.2,92.1,80.0,46.4,No,No,3,Yes,Yes,RotoWire projected lineup; MLB probable pitchers,lineup projected / unconfirmed,H:2026/2025 P:2026/2025,,,Direct BvP not yet weighted; 2026/2025 Statcast baseline active,7,5,27,2,Hot streak: 2 HR in last 7 games,"platoon edge; pitcher baseline 6.3% barrel, 12.6 HR allowed",fly-ball profile; pitcher fly-ball pressure modest,11.35,43.34,89.63,100.3911,0.4354,0.2049,0.3034,74.19,43.95,45.96,38.94,21.9,0.2655,6.32,41.52,88.75,0.3783,0.1333,21.54,,,Nationals Park,
30,608324,Alex Bregman,CHC,AZ,2026-08-25T01:40:00Z,Scheduled,4,Merrill Kelly,518876,R,50.4,Longshot,Watch List,"Projected Lineup, Premium Lineup Spot, Hot Hitter/Streak",27.3,65.7,28.2,90.4,50.0,85.2,No,No,4,Yes,Yes,RotoWire projected lineup; MLB probable pitchers,lineup projected / unconfirmed,H:2026/2025 P:2026/2025,,,Direct BvP not yet weighted; 2026/2025 Statcast baseline active,7,9,28,3,Hot streak: 3 HR in last 7 games,"same-side matchup; pitcher baseline 11.6% barrel, 25.1 HR allowed",neutral batted-ball profile; pitcher fly-ball pressure modest,5.62,39.99,88.84,98.3662,0.3885,0.1425,0.3223,70.09,4.87,46.72,27.3,18.7,0.1715,11.61,43.85,90.27,0.5171,0.2286,26.43,,,Chase Field,
31,624424,Michael Conforto,CHC,AZ,2026-08-25T01:40:00Z,Scheduled,8,Merrill Kelly,518876,R,50.4,Longshot,Watch List,"Projected Lineup, Strong Barrel, Platoon Edge",44.4,65.7,28.2,47.9,80.0,36.7,No,No,8,Yes,Yes,RotoWire projected lineup; MLB probable pitchers,lineup projected / unconfirmed,H:2026/2025 P:2026/2025,,,Direct BvP not yet weighted; 2026/2025 Statcast baseline active,7,2,17,2,Hot streak: 2 HR in last 7 games,"platoon edge; pitcher baseline 11.6% barrel, 25.1 HR allowed",fly-ball profile; pitcher fly-ball pressure modest,10.68,42.74,90.39,100.5491,0.4044,0.1805,0.3181,72.92,34.42,43.53,35.46,11.3,0.1977,11.61,43.85,90.27,0.5171,0.2286,26.43,,,Chase Field,
32,668804,Bryan Reynolds,PIT,SD,2026-08-25T01:40:00Z,Scheduled,3,Robbie Ray,592662,L,50.4,Longshot,Watch List,"Projected Lineup, Strong Barrel, Premium Lineup Spot, Platoon Edge",45.5,47.0,22.6,92.1,75.0,20.9,No,No,3,Yes,Yes,RotoWire projected lineup; MLB probable pitchers,lineup projected / unconfirmed,H:2026/2025 P:2026/2025,,,Direct BvP not yet weighted; 2026/2025 Statcast baseline active,7,7,27,0,"Last 7 games: 7/27, 0 HR","switch hitter; pitcher baseline 9.0% barrel, 19.2 HR allowed",neutral batted-ball profile; pitcher allows elevated contact,10.8,46.21,90.71,101.8677,0.4358,0.1855,0.3457,72.62,28.23,39.94,25.25,15.3,0.1626,8.97,40.22,89.74,0.406,0.1723,34.22,,,Petco Park,
33,680777,Ryan Jeffers,MIN,ATH,2026-08-25T01:40:00Z,Scheduled,3,Jeffrey Springs,605488,L,50.1,Longshot,Watch List,"Projected Lineup, Premium Lineup Spot, Platoon Edge",39.7,48.2,30.9,92.1,78.0,17.7,No,No,3,Yes,Yes,RotoWire projected lineup; MLB probable pitchers,lineup projected / unconfirmed,H:2026/2025 P:2026/2025,,,Direct BvP not yet weighted; 2026/2025 Statcast baseline active,7,5,21,0,"Last 7 games: 5/21, 0 HR","platoon edge; pitcher baseline 9.2% barrel, 28.7 HR allowed",neutral batted-ball profile; pitcher allows elevated contact,9.8,40.84,89.23,100.9128,0.4266,0.1773,0.346,73.0,36.33,36.41,27.89,9.7,0.1842,9.22,35.9,87.88,0.4499,0.1953,32.44,,,Sutter Health Park,
34,671732,Lawrence Butler,ATH,MIN,2026-08-25T01:40:00Z,Scheduled,5,Zebby Matthews,805673,R,50.1,Longshot,Watch List,"Projected Lineup, Platoon Edge",34.8,55.8,30.9,81.9,80.0,38.3,No,No,5,Yes,Yes,RotoWire projected lineup; MLB probable pitchers,lineup projected / unconfirmed,H:2026/2025 P:2026/2025,,,Direct BvP not yet weighted; 2026/2025 Statcast baseline active,7,9,24,0,Contact streak: 9/24 over last 7 games,"platoon edge; pitcher baseline 11.1% barrel, 16.9 HR allowed",neutral batted-ball profile; pitcher fly-ball pressure modest,8.01,44.61,89.59,101.6724,0.3797,0.1458,0.3096,73.7,38.44,34.61,22.49,14.0,0.1476,11.09,41.53,90.25,0.4421,0.1837,27.24,,,Sutter Health Park,
35,677800,Wilyer Abreu,BOS,MIA,2026-08-24T22:40:00Z,Scheduled,3,Sandy Alcantara,645261,R,50.0,Longshot,Watch List,"Projected Lineup, Strong Barrel, Premium Lineup Spot, Platoon Edge",53.9,34.2,21.5,92.1,80.0,14.1,No,No,3,Yes,Yes,RotoWire projected lineup; MLB probable pitchers,lineup projected / unconfirmed,H:2026/2025 P:2026/2025,,,Direct BvP not yet weighted; 2026/2025 Statcast baseline active,7,6,28,0,"Last 7 games: 6/28, 0 HR","platoon edge; pitcher baseline 6.4% barrel, 19.2 HR allowed",fly-ball profile; pitcher fly-ball pressure modest,12.51,44.55,90.17,101.467,0.4799,0.2257,0.3476,73.89,38.59,38.6,36.96,22.0,0.2129,6.36,38.14,89.09,0.3877,0.1351,24.1,,,loanDepot park,
36,643217,Andrew Benintendi,CWS,TEX,2026-08-24T23:40:00Z,Scheduled,4,Kumar Rocker,677958,R,49.8,Longshot,Watch List,"Projected Lineup, Premium Lineup Spot, Platoon Edge",36.6,49.4,27.6,90.4,80.0,37.8,No,No,4,Yes,Yes,RotoWire projected lineup; MLB probable pitchers,lineup projected / unconfirmed,H:2026/2025 P:2026/2025,,,Direct BvP not yet weighted; 2026/2025 Statcast baseline active,7,5,20,1,"Last 7 games: 5/20, 1 HR","platoon edge; pitcher baseline 9.1% barrel, 15.2 HR allowed",neutral batted-ball profile; pitcher fly-ball pressure modest,9.28,41.8,88.63,98.7463,0.4132,0.1718,0.3144,69.54,4.15,49.47,31.85,15.1,0.1812,9.07,42.67,89.73,0.4483,0.1836,23.7,,,Rate Field,
37,545361,Mike Trout,LAA,CLE,2026-08-25T01:38:00Z,Scheduled,2,Parker Messick,800048,L,49.6,Longshot,Watch List,"Projected Lineup, Strong Barrel, Premium Lineup Spot, Platoon Edge",60.7,19.1,28.2,95.5,78.0,6.0,No,No,2,Yes,Yes,RotoWire projected lineup; MLB probable pitchers,lineup projected / unconfirmed,H:2026/2025 P:2026/2025,,,Direct BvP not yet weighted; 2026/2025 Statcast baseline active,7,4,25,0,"Last 7 games: 4/25, 0 HR","platoon edge; pitcher baseline 5.2% barrel, 11.0 HR allowed",neutral batted-ball profile; pitcher fly-ball pressure modest,15.87,46.99,90.2,102.8811,0.4866,0.239,0.3734,74.63,47.63,37.0,33.03,21.8,0.1979,5.24,31.69,87.47,0.3393,0.1156,21.19,,,Angel Stadium,
38,650490,Yandy Diaz,TB,DET,2026-08-24T22:40:00Z,Scheduled,1,Framber Valdez,664285,L,49.5,Longshot,Watch List,"Projected Lineup, Premium Lineup Spot, Platoon Edge, Hot Hitter/Streak",40.8,36.4,27.6,88.7,78.0,74.2,No,No,1,Yes,Yes,RotoWire projected lineup; MLB probable pitchers,lineup projected / unconfirmed,H:2026/2025 P:2026/2025,,,Direct BvP not yet weighted; 2026/2025 Statcast baseline active,7,10,27,2,Hot streak: 2 HR in last 7 games,"platoon edge; pitcher baseline 6.3% barrel, 13.6 HR allowed",neutral batted-ball profile; pitcher fly-ball pressure modest,7.32,48.93,91.46,103.1418,0.4506,0.1642,0.3551,73.57,37.3,23.18,19.65,20.8,0.168,6.35,44.48,90.38,0.3847,0.1318,18.81,,,Comerica Park,
39,666126,Carlos Cortes,ATH,MIN,2026-08-25T01:40:00Z,Scheduled,4,Zebby Matthews,805673,R,49.1,Longshot,Watch List,"Projected Lineup, Premium Lineup Spot, Platoon Edge",30.4,55.8,30.9,90.4,80.0,22.9,No,No,4,Yes,Yes,RotoWire projected lineup; MLB probable pitchers,lineup projected / unconfirmed,H:2026/2025 P:2026/2025,,,Direct BvP not yet weighted; 2026/2025 Statcast baseline active,7,6,22,0,"Last 7 games: 6/22, 0 HR","platoon edge; pitcher baseline 11.1% barrel, 16.9 HR allowed",neutral batted-ball profile; pitcher fly-ball pressure modest,7.17,39.66,89.45,99.6541,0.4031,0.1462,0.3168,70.76,14.69,30.34,22.8,6.1,0.1696,11.09,41.53,90.25,0.4421,0.1837,27.24,,,Sutter Health Park,
40,701538,Jackson Merrill,SD,PIT,2026-08-25T01:40:00Z,Scheduled,5,Braxton Ashcraft,677952,R,49.0,Longshot,Watch List,"Projected Lineup, Strong Barrel, Platoon Edge",50.9,32.7,22.6,81.9,80.0,46.4,No,No,5,Yes,Yes,RotoWire projected lineup; MLB probable pitchers,lineup projected / unconfirmed,H:2026/2025 P:2026/2025,,,Direct BvP not yet weighted; 2026/2025 Statcast baseline active,7,5,27,2,Hot streak: 2 HR in last 7 games,"platoon edge; pitcher baseline 6.1% barrel, 15.6 HR allowed",neutral batted-ball profile; pitcher fly-ball pressure modest,11.88,45.77,90.4,100.7226,0.4746,0.2158,0.3372,72.88,27.05,37.91,29.99,19.5,0.1811,6.1,40.53,89.19,0.3619,0.1332,24.55,,,Petco Park,
41,686527,Dominic Canzone,SEA,PHI,2026-08-25T01:40:00Z,Scheduled,2,Zack Wheeler,554430,R,49.0,Longshot,Watch List,"Projected Lineup, Strong Barrel, Premium Lineup Spot, Platoon Edge",54.5,23.7,25.4,95.5,80.0,19.5,No,No,2,Yes,Yes,RotoWire projected lineup; MLB probable pitchers,lineup projected / unconfirmed,H:2026/2025 P:2026/2025,,,Direct BvP not yet weighted; 2026/2025 Statcast baseline active,7,7,28,0,"Last 7 games: 7/28, 0 HR","platoon edge; pitcher baseline 6.2% barrel, 16.2 HR allowed",neutral batted-ball profile; pitcher fly-ball pressure modest,12.82,45.92,91.39,102.3936,0.4938,0.2199,0.3592,74.15,42.97,39.48,26.3,16.6,0.2125,6.22,34.73,86.91,0.3151,0.1156,25.88,,,T-Mobile Park,
42,668904,Royce Lewis,MIN,ATH,2026-08-25T01:40:00Z,Scheduled,5,Jeffrey Springs,605488,L,48.7,Longshot,Watch List,"Projected Lineup, Strong Barrel, Platoon Edge",42.3,48.2,30.9,81.9,78.0,0.8,No,No,5,Yes,Yes,RotoWire projected lineup; MLB probable pitchers,lineup projected / unconfirmed,H:2026/2025 P:2026/2025,,,Direct BvP not yet weighted; 2026/2025 Statcast baseline active,7,3,24,0,"Last 7 games: 3/24, 0 HR","platoon edge; pitcher baseline 9.2% barrel, 28.7 HR allowed",neutral batted-ball profile; pitcher allows elevated contact,10.87,41.07,89.8,100.8169,0.411,0.1677,0.3133,74.72,50.59,46.79,29.73,13.0,0.1664,9.22,35.9,87.88,0.4499,0.1953,32.44,,,Sutter Health Park,
43,682928,CJ Abrams,WSH,COL,2026-08-24T22:45:00Z,Scheduled,1,Ryan Feltner,663372,R,48.6,Longshot,Watch List,"Projected Lineup, Premium Lineup Spot, Platoon Edge",39.6,47.6,28.2,88.7,80.0,5.1,No,No,1,Yes,Yes,RotoWire projected lineup; MLB probable pitchers,lineup projected / unconfirmed,H:2026/2025 P:2026/2025,,,Direct BvP not yet weighted; 2026/2025 Statcast baseline active,7,4,26,0,"Last 7 games: 4/26, 0 HR","platoon edge; pitcher baseline 9.1% barrel, 14.5 HR allowed",neutral batted-ball profile; pitcher fly-ball pressure modest,9.49,40.81,89.26,99.8939,0.4325,0.1798,0.3321,72.75,27.54,44.15,28.1,26.0,0.2285,9.07,37.87,88.25,0.4533,0.1989,29.51,,,Nationals Park,
44,681715,Heriberto Hernandez,MIA,BOS,2026-08-24T22:40:00Z,Scheduled,2,Ranger Suarez,624133,L,48.4,Longshot,Watch List,"Projected Lineup, Strong Barrel, Premium Lineup Spot, Platoon Edge",55.0,17.3,21.5,95.5,78.0,49.9,No,No,2,Yes,Yes,RotoWire projected lineup; MLB probable pitchers,lineup projected / unconfirmed,H:2026/2025 P:2026/2025,,,Direct BvP not yet weighted; 2026/2025 Statcast baseline active,7,5,24,2,Hot streak: 2 HR in last 7 games,"platoon edge; pitcher baseline 4.9% barrel, 9.1 HR allowed",neutral batted-ball profile; pitcher fly-ball pressure modest,12.68,48.34,91.25,101.8482,0.4665,0.2194,0.3445,74.21,45.74,47.38,29.78,16.3,0.2098,4.94,32.29,86.43,0.351,0.1089,23.12,,,loanDepot park,
45,687263,Zach Neto,LAA,CLE,2026-08-25T01:38:00Z,Scheduled,1,Parker Messick,800048,L,48.2,Longshot,Watch List,"Projected Lineup, Strong Barrel, Premium Lineup Spot, Platoon Edge, Hot Hitter/Streak",48.0,19.1,28.2,88.7,78.0,81.7,No,No,1,Yes,Yes,RotoWire projected lineup; MLB probable pitchers,lineup projected / unconfirmed,H:2026/2025 P:2026/2025,,,Direct BvP not yet weighted; 2026/2025 Statcast baseline active,7,14,32,2,Hot streak: 2 HR in last 7 games,"platoon edge; pitcher baseline 5.2% barrel, 11.0 HR allowed",neutral batted-ball profile; pitcher fly-ball pressure modest,12.39,42.47,89.95,100.2698,0.4299,0.2097,0.316,71.33,13.83,47.13,34.68,23.2,0.2044,5.24,31.69,87.47,0.3393,0.1156,21.19,,,Angel Stadium,
46,680869,Zack Gelof,ATH,MIN,2026-08-25T01:40:00Z,Scheduled,3,Zebby Matthews,805673,R,47.8,Longshot,Watch List,"Projected Lineup, Premium Lineup Spot",37.4,55.8,30.9,92.1,50.0,0.0,No,No,3,Yes,Yes,RotoWire projected lineup; MLB probable pitchers,lineup projected / unconfirmed,H:2026/2025 P:2026/2025,,,Direct BvP not yet weighted; 2026/2025 Statcast baseline active,7,2,25,0,"Last 7 games: 2/25, 0 HR","same-side matchup; pitcher baseline 11.1% barrel, 16.9 HR allowed",neutral batted-ball profile; pitcher fly-ball pressure modest,9.7,43.07,88.45,99.6463,0.3683,0.169,0.2771,73.29,28.34,39.46,27.45,10.4,0.1722,11.09,41.53,90.25,0.4421,0.1837,27.24,,,Sutter Health Park,
47,663886,Tyler Stephenson,CIN,SF,2026-08-25T01:45:00Z,Scheduled,4,,,,47.8,Longshot,Watch List,"Projected Lineup, Strong Barrel, Premium Lineup Spot",51.1,41.2,19.3,90.4,60.0,1.6,No,No,4,Yes,Yes,RotoWire projected lineup; MLB probable pitchers,lineup projected / unconfirmed,H:2026/2025 P:,,,Direct BvP not yet weighted; 2026/2025 Statcast baseline active,7,3,23,0,"Last 7 games: 3/23, 0 HR","handedness incomplete; pitcher baseline 0.0% barrel, 0.0 HR allowed",neutral batted-ball profile; pitcher fly-ball pressure modest,13.17,46.54,90.85,100.4828,0.4396,0.204,0.3305,70.45,7.21,36.52,33.08,12.3,0.1725,,,,,,,,,Oracle Park,
48,665953,Andres Chaparro,WSH,COL,2026-08-24T22:45:00Z,Scheduled,7,Ryan Feltner,663372,R,47.7,Longshot,Watch List,"Projected Lineup, Strong Barrel",48.2,47.6,28.2,59.8,50.0,66.0,No,No,7,Yes,Yes,RotoWire projected lineup; MLB probable pitchers,lineup projected / unconfirmed,H:2026/2025 P:2026/2025,,,Direct BvP not yet weighted; 2026/2025 Statcast baseline active,7,6,19,2,Hot streak: 2 HR in last 7 games,"same-side matchup; pitcher baseline 9.1% barrel, 14.5 HR allowed",neutral batted-ball profile; pitcher fly-ball pressure modest,13.2,44.03,88.17,101.0504,0.4356,0.21,0.3357,74.21,43.14,48.24,28.05,5.9,0.2132,9.07,37.87,88.25,0.4533,0.1989,29.51,,,Nationals Park,
49,663728,Cal Raleigh,SEA,PHI,2026-08-25T01:40:00Z,Scheduled,5,Zack Wheeler,554430,R,47.7,Longshot,Watch List,"Projected Lineup, Strong Barrel, Platoon Edge",54.0,22.0,25.4,81.9,75.0,52.0,No,No,5,Yes,Yes,RotoWire projected lineup; MLB probable pitchers,lineup projected / unconfirmed,H:2026/2025 P:2026/2025,,,Direct BvP not yet weighted; 2026/2025 Statcast baseline active,7,4,18,2,Hot streak: 2 HR in last 7 games,"switch hitter; pitcher baseline 6.2% barrel, 16.2 HR allowed",fly-ball profile; pitcher fly-ball pressure modest,14.39,40.08,89.9,100.83,0.4168,0.2236,0.3178,74.99,52.11,53.87,41.52,27.8,0.2041,6.22,34.73,86.91,0.3151,0.1156,25.88,,,T-Mobile Park,
50,703607,Henry Bolte,ATH,MIN,2026-08-25T01:40:00Z,Scheduled,1,Zebby Matthews,805673,R,47.6,Longshot,Watch List,"Projected Lineup, Premium Lineup Spot",34.4,55.8,30.9,88.7,50.0,26.4,No,No,1,Yes,Yes,RotoWire projected lineup; MLB probable pitchers,lineup projected / unconfirmed,H:2026 P:2026/2025,,,Direct BvP not yet weighted; 2026/2025 Statcast baseline active,7,8,27,0,"Last 7 games: 8/27, 0 HR","same-side matchup; pitcher baseline 11.1% barrel, 16.9 HR allowed",neutral batted-ball profile; pitcher fly-ball pressure modest,6.8,47.5,90.9,104.3542,0.355,0.116,0.304,77.0,73.1,31.7,17.1,6.0,0.099,11.09,41.53,90.25,0.4421,0.1837,27.24,,,Sutter Health Park,
51,800050,Chase DeLauter,CLE,LAA,2026-08-25T01:38:00Z,Scheduled,2,George Klassen,691946,R,47.5,Longshot,Watch List,"Projected Lineup, Premium Lineup Spot, Platoon Edge",34.4,39.1,28.2,95.5,80.0,38.3,No,No,2,Yes,Yes,RotoWire projected lineup; MLB probable pitchers,lineup projected / unconfirmed,H:2026 P:2026,,,Direct BvP not yet weighted; 2026/2025 Statcast baseline active,7,9,24,0,Contact streak: 9/24 over last 7 games,"platoon edge; pitcher baseline 9.8% barrel, 2.0 HR allowed",neutral batted-ball profile; pitcher fly-ball pressure modest,6.3,45.6,91.2,101.3727,0.423,0.15,0.343,71.3,17.3,37.4,19.4,13.0,0.162,9.8,41.0,89.3,0.381,0.135,21.3,,,Angel Stadium,
52,691781,Brady House,WSH,COL,2026-08-24T22:45:00Z,Scheduled,3,Ryan Feltner,663372,R,47.3,Longshot,Watch List,"Projected Lineup, Premium Lineup Spot",39.5,47.6,28.2,92.1,50.0,24.0,No,No,3,Yes,Yes,RotoWire projected lineup; MLB probable pitchers,lineup projected / unconfirmed,H:2026/2025 P:2026/2025,,,Direct BvP not yet weighted; 2026/2025 Statcast baseline active,7,3,19,1,"Last 7 games: 3/19, 1 HR","same-side matchup; pitcher baseline 9.1% barrel, 14.5 HR allowed",neutral batted-ball profile; pitcher fly-ball pressure modest,8.99,46.58,89.52,101.6347,0.4169,0.1595,0.3155,73.31,31.02,33.45,25.86,7.5,0.1356,9.07,37.87,88.25,0.4533,0.1989,29.51,,,Nationals Park,
53,666018,Jonathan Aranda,TB,DET,2026-08-24T22:40:00Z,Scheduled,2,Framber Valdez,664285,L,47.2,Longshot,Watch List,"Projected Lineup, Strong Barrel, Premium Lineup Spot",48.3,36.4,27.6,95.5,50.0,10.8,No,No,2,Yes,Yes,RotoWire projected lineup; MLB probable pitchers,lineup projected / unconfirmed,H:2026/2025 P:2026/2025,,,Direct BvP not yet weighted; 2026/2025 Statcast baseline active,7,5,26,0,"Last 7 games: 5/26, 0 HR","same-side matchup; pitcher baseline 6.3% barrel, 13.6 HR allowed",neutral batted-ball profile; pitcher fly-ball pressure modest,10.8,48.13,91.6,101.2726,0.4625,0.1925,0.3575,70.22,12.41,32.15,30.27,14.7,0.1464,6.35,44.48,90.38,0.3847,0.1318,18.81,,,Comerica Park,
54,592518,Manny Machado,SD,PIT,2026-08-25T01:40:00Z,Scheduled,3,Braxton Ashcraft,677952,R,47.1,Longshot,Watch List,"Projected Lineup, Strong Barrel, Premium Lineup Spot",49.4,32.7,22.6,92.1,50.0,42.3,No,No,3,Yes,Yes,RotoWire projected lineup; MLB probable pitchers,lineup projected / unconfirmed,H:2026/2025 P:2026/2025,,,Direct BvP not yet weighted; 2026/2025 Statcast baseline active,7,7,25,1,"Last 7 games: 7/25, 1 HR","same-side matchup; pitcher baseline 6.1% barrel, 15.6 HR allowed",neutral batted-ball profile; pitcher fly-ball pressure modest,10.8,46.88,91.36,101.9531,0.4488,0.1953,0.3389,74.71,44.37,40.22,28.15,24.9,0.1913,6.1,40.53,89.19,0.3619,0.1332,24.55,,,Petco Park,
55,695734,Daylen Lile,WSH,COL,2026-08-24T22:45:00Z,Scheduled,4,Ryan Feltner,663372,R,46.5,Longshot,Watch List,"Projected Lineup, Premium Lineup Spot, Platoon Edge",32.2,47.6,28.2,90.4,80.0,7.9,No,No,4,Yes,Yes,RotoWire projected lineup; MLB probable pitchers,lineup projected / unconfirmed,H:2026/2025 P:2026/2025,,,Direct BvP not yet weighted; 2026/2025 Statcast baseline active,7,5,29,0,"Last 7 games: 5/29, 0 HR","platoon edge; pitcher baseline 9.1% barrel, 14.5 HR allowed",neutral batted-ball profile; pitcher fly-ball pressure modest,7.37,37.79,88.48,98.798,0.4273,0.16,0.3235,70.57,8.66,40.52,32.83,13.2,0.171,9.07,37.87,88.25,0.4533,0.1989,29.51,,,Nationals Park,
56,686611,Dylan Crews,WSH,COL,2026-08-24T22:45:00Z,Scheduled,5,Ryan Feltner,663372,R,46.4,Longshot,Watch List,"Projected Lineup, Strong Barrel",42.5,47.6,28.2,81.9,50.0,14.6,No,No,5,Yes,Yes,RotoWire projected lineup; MLB probable pitchers,lineup projected / unconfirmed,H:2026/2025 P:2026/2025,,,Direct BvP not yet weighted; 2026/2025 Statcast baseline active,7,5,23,0,"Last 7 games: 5/23, 0 HR","same-side matchup; pitcher baseline 9.1% barrel, 14.5 HR allowed",neutral batted-ball profile; pitcher fly-ball pressure modest,10.01,42.41,90.33,101.1555,0.4168,0.1783,0.3154,73.83,37.72,33.87,28.68,10.0,0.1461,9.07,37.87,88.25,0.4533,0.1989,29.51,,,Nationals Park,
57,607043,Brandon Nimmo,TEX,CWS,2026-08-24T23:40:00Z,Scheduled,4,José Urquidy,664353,R,45.9,Longshot,Watch List,"Projected Lineup, Premium Lineup Spot, Platoon Edge",48.5,24.6,27.6,90.4,80.0,0.0,No,No,4,Yes,Yes,RotoWire projected lineup; MLB probable pitchers,lineup projected / unconfirmed,H:2026/2025 P:2026/2025,,,Direct BvP not yet weighted; 2026/2025 Statcast baseline active,7,3,27,0,"Last 7 games: 3/27, 0 HR","platoon edge; pitcher baseline 5.5% barrel, 1.4 HR allowed",EV profile; pitcher fly-ball pressure modest,9.92,50.76,92.04,102.0976,0.4596,0.1866,0.3469,72.27,27.32,32.47,26.12,16.6,0.1621,5.46,35.47,87.32,0.3889,0.1308,28.75,,,Rate Field,
58,592626,Joc Pederson,TEX,CWS,2026-08-24T23:40:00Z,Scheduled,1,José Urquidy,664353,R,45.8,Longshot,Watch List,"Projected Lineup, Strong Barrel, Premium Lineup Spot, Platoon Edge",48.8,24.6,27.6,88.7,80.0,0.0,No,No,1,Yes,Yes,RotoWire projected lineup; MLB probable pitchers,lineup projected / unconfirmed,H:2026/2025 P:2026/2025,,,Direct BvP not yet weighted; 2026/2025 Statcast baseline active,7,0,14,0,"Last 7 games: 0/14, 0 HR","platoon edge; pitcher baseline 5.5% barrel, 1.4 HR allowed",neutral batted-ball profile; pitcher fly-ball pressure modest,10.48,49.0,91.97,102.0071,0.4294,0.1915,0.336,72.46,24.99,42.34,29.68,18.1,0.2128,5.46,35.47,87.32,0.3889,0.1308,28.75,,,Rate Field,
59,642715,Willy Adames,SF,CIN,2026-08-25T01:45:00Z,Scheduled,3,Chase Burns,695505,R,45.8,Longshot,Watch List,"Projected Lineup, Strong Barrel, Premium Lineup Spot, Hot Hitter/Streak",38.5,37.3,19.3,92.1,50.0,76.4,No,No,3,Yes,Yes,RotoWire projected lineup; MLB probable pitchers,lineup projected / unconfirmed,H:2026/2025 P:2026/2025,,,Direct BvP not yet weighted; 2026/2025 Statcast baseline active,7,10,26,2,Hot streak: 2 HR in last 7 games,"same-side matchup; pitcher baseline 8.2% barrel, 10.6 HR allowed",neutral batted-ball profile; pitcher fly-ball pressure modest,10.01,40.0,87.85,99.1274,0.4042,0.1823,0.3053,72.21,23.69,47.91,34.2,23.7,0.1946,8.17,39.54,89.5,0.3448,0.1383,28.87,,,Oracle Park,
60,690993,Colt Keith,DET,TB,2026-08-24T22:40:00Z,Scheduled,3,Drew Rasmussen,656876,R,45.7,Longshot,Watch List,"Projected Lineup, Premium Lineup Spot, Platoon Edge",36.4,28.5,27.6,92.1,80.0,53.3,No,No,3,Yes,Yes,RotoWire projected lineup; MLB probable pitchers,lineup projected / unconfirmed,H:2026/2025 P:2026/2025,,,Direct BvP not yet weighted; 2026/2025 Statcast baseline active,7,6,17,1,Contact streak: 6/17 over last 7 games,"platoon edge; pitcher baseline 6.2% barrel, 14.5 HR allowed",neutral batted-ball profile; pitcher fly-ball pressure modest,7.94,42.86,89.37,100.2658,0.4405,0.1653,0.3403,71.54,15.85,37.31,26.16,10.2,0.1528,6.16,36.02,88.78,0.3575,0.1264,22.75,,,Comerica Park,
61,664761,Alec Bohm,PHI,SEA,2026-08-25T01:40:00Z,Scheduled,5,Logan Gilbert,669302,R,45.4,Longshot,Watch List,Projected Lineup,32.2,49.2,25.4,81.9,50.0,63.3,No,No,5,Yes,Yes,RotoWire projected lineup; MLB probable pitchers,lineup projected / unconfirmed,H:2026/2025 P:2026/2025,,,Direct BvP not yet weighted; 2026/2025 Statcast baseline active,7,15,30,1,Contact streak: 15/30 over last 7 games,"same-side matchup; pitcher baseline 9.7% barrel, 20.0 HR allowed",neutral batted-ball profile; pitcher fly-ball pressure modest,5.92,43.67,90.66,100.3072,0.4116,0.146,0.3219,71.21,14.42,28.49,22.58,13.1,0.136,9.65,41.77,90.17,0.3866,0.1617,28.75,,,T-Mobile Park,
62,663993,Nathaniel Lowe,CLE,LAA,2026-08-25T01:38:00Z,Scheduled,5,George Klassen,691946,R,45.1,Longshot,Watch List,"Projected Lineup, Platoon Edge",36.6,39.1,28.2,81.9,80.0,15.3,No,No,5,Yes,Yes,RotoWire projected lineup; MLB probable pitchers,lineup projected / unconfirmed,H:2026/2025 P:2026,,,Direct BvP not yet weighted; 2026/2025 Statcast baseline active,7,6,27,0,"Last 7 games: 6/27, 0 HR","platoon edge; pitcher baseline 9.8% barrel, 2.0 HR allowed",neutral batted-ball profile; pitcher fly-ball pressure modest,8.12,41.36,89.07,100.902,0.4234,0.1667,0.3282,74.0,39.36,34.96,26.13,15.2,0.1922,9.8,41.0,89.3,0.381,0.135,21.3,,,Angel Stadium,
63,643446,Jeff McNeil,ATH,MIN,2026-08-25T01:40:00Z,Scheduled,2,Zebby Matthews,805673,R,45.1,Longshot,Watch List,"Projected Lineup, Premium Lineup Spot, Platoon Edge",13.0,55.8,30.9,95.5,80.0,44.8,No,No,2,Yes,Yes,RotoWire projected lineup; MLB probable pitchers,lineup projected / unconfirmed,H:2026/2025 P:2026/2025,,,Direct BvP not yet weighted; 2026/2025 Statcast baseline active,7,8,27,1,"Last 7 games: 8/27, 1 HR","platoon edge; pitcher baseline 11.1% barrel, 16.9 HR allowed",neutral batted-ball profile; pitcher fly-ball pressure modest,2.86,31.78,86.92,96.7151,0.3782,0.1034,0.3153,69.23,5.3,43.63,23.26,7.8,0.1162,11.09,41.53,90.25,0.4421,0.1837,27.24,,,Sutter Health Park,
64,669016,Brandon Marsh,PHI,SEA,2026-08-25T01:40:00Z,Scheduled,7,Logan Gilbert,669302,R,45.1,Longshot,Watch List,"Projected Lineup, Platoon Edge",38.4,49.2,25.4,59.8,80.0,24.9,No,No,7,Yes,Yes,RotoWire projected lineup; MLB probable pitchers,lineup projected / unconfirmed,H:2026/2025 P:2026/2025,,,Direct BvP not yet weighted; 2026/2025 Statcast baseline active,7,6,21,0,"Last 7 games: 6/21, 0 HR","platoon edge; pitcher baseline 9.7% barrel, 20.0 HR allowed",neutral batted-ball profile; pitcher fly-ball pressure modest,8.61,45.14,89.98,100.234,0.4236,0.1613,0.3181,71.54,15.86,37.56,26.38,15.2,0.1616,9.65,41.77,90.17,0.3866,0.1617,28.75,,,T-Mobile Park,
65,691728,Zac Veen,COL,WSH,2026-08-24T22:45:00Z,Scheduled,6,Cade Cavalli,676917,R,44.8,Longshot,Watch List,"Projected Lineup, Strong Barrel, Platoon Edge",45.6,32.3,28.2,71.7,80.0,10.1,No,No,6,Yes,Yes,RotoWire projected lineup; MLB probable pitchers,lineup projected / unconfirmed,H:2026/2025 P:2026/2025,,,Direct BvP not yet weighted; 2026/2025 Statcast baseline active,7,3,16,0,"Last 7 games: 3/16, 0 HR","platoon edge; pitcher baseline 6.3% barrel, 12.6 HR allowed",fly-ball profile; pitcher fly-ball pressure modest,13.19,38.19,87.89,100.375,0.3996,0.2138,0.2725,71.98,24.9,60.19,39.69,1.7,0.2577,6.32,41.52,88.75,0.3783,0.1333,21.54,,,Nationals Park,
66,642350,Jose Siri,LAA,CLE,2026-08-25T01:38:00Z,Scheduled,5,Parker Messick,800048,L,44.7,Longshot,Watch List,"Projected Lineup, Strong Barrel, Platoon Edge",51.4,19.1,28.2,81.9,78.0,8.5,No,No,5,Yes,Yes,RotoWire projected lineup; MLB probable pitchers,lineup projected / unconfirmed,H:2026/2025 P:2026/2025,,,Direct BvP not yet weighted; 2026/2025 Statcast baseline active,7,3,17,0,"Last 7 games: 3/17, 0 HR","platoon edge; pitcher baseline 5.2% barrel, 11.0 HR allowed",fly-ball profile; pitcher fly-ball pressure modest,16.29,38.83,87.63,99.8831,0.3984,0.2106,0.2855,73.08,35.29,31.2,44.51,4.9,0.1516,5.24,31.69,87.47,0.3393,0.1156,21.19,,,Angel Stadium,
67,805808,Kevin McGonigle,DET,TB,2026-08-24T22:40:00Z,Scheduled,1,Drew Rasmussen,656876,R,44.6,Longshot,Watch List,"Projected Lineup, Premium Lineup Spot, Platoon Edge",33.4,28.5,27.6,88.7,80.0,60.0,No,No,1,Yes,Yes,RotoWire projected lineup; MLB probable pitchers,lineup projected / unconfirmed,H:2026 P:2026/2025,,,Direct BvP not yet weighted; 2026/2025 Statcast baseline active,7,8,29,2,Hot streak: 2 HR in last 7 games,"platoon edge; pitcher baseline 6.2% barrel, 14.5 HR allowed",fly-ball profile; pitcher fly-ball pressure modest,7.1,37.1,88.2,98.317,0.433,0.172,0.352,71.1,15.9,36.8,36.8,14.0,0.147,6.16,36.02,88.78,0.3575,0.1264,22.75,,,Comerica Park,
68,664034,Ty France,SD,PIT,2026-08-25T01:40:00Z,Scheduled,4,Braxton Ashcraft,677952,R,44.4,Longshot,Watch List,"Projected Lineup, Premium Lineup Spot",43.8,32.7,22.6,90.4,50.0,30.3,No,No,4,Yes,Yes,RotoWire projected lineup; MLB probable pitchers,lineup projected / unconfirmed,H:2026/2025 P:2026/2025,,,Direct BvP not yet weighted; 2026/2025 Statcast baseline active,7,5,25,1,"Last 7 games: 5/25, 1 HR","same-side matchup; pitcher baseline 6.1% barrel, 15.6 HR allowed",neutral batted-ball profile; pitcher fly-ball pressure modest,9.38,47.7,91.39,101.1749,0.4306,0.1786,0.3287,71.77,19.32,36.08,25.46,14.7,0.187,6.1,40.53,89.19,0.3619,0.1332,24.55,,,Petco Park,
69,608070,Jose Ramirez,CLE,LAA,2026-08-25T01:38:00Z,Scheduled,3,George Klassen,691946,R,44.2,Longshot,Watch List,"Projected Lineup, Premium Lineup Spot, Platoon Edge",29.7,38.9,28.2,92.1,75.0,24.9,No,No,3,Yes,Yes,RotoWire projected lineup; MLB probable pitchers,lineup projected / unconfirmed,H:2026/2025 P:2026,,,Direct BvP not yet weighted; 2026/2025 Statcast baseline active,7,8,28,0,"Last 7 games: 8/28, 0 HR","switch hitter; pitcher baseline 9.8% barrel, 2.0 HR allowed",neutral batted-ball profile; pitcher fly-ball pressure modest,5.53,40.22,89.18,99.6208,0.4278,0.1466,0.3448,70.34,13.4,50.62,29.55,16.0,0.164,9.8,41.0,89.3,0.381,0.135,21.3,,,Angel Stadium,
70,814430,Brett Callahan,DET,TB,2026-08-24T22:40:00Z,Scheduled,6,Drew Rasmussen,656876,R,43.5,Longshot,Watch List,"Projected Lineup, Platoon Edge",39.8,28.5,27.6,71.7,80.0,42.0,No,No,6,Yes,Yes,RotoWire projected lineup; MLB probable pitchers,lineup projected / unconfirmed,H:2026 P:2026/2025,,,Direct BvP not yet weighted; 2026/2025 Statcast baseline active,7,5,18,1,"Last 7 games: 5/18, 1 HR","platoon edge; pitcher baseline 6.2% barrel, 14.5 HR allowed",neutral batted-ball profile; pitcher fly-ball pressure modest,8.3,41.7,88.0,100.2823,0.491,0.207,0.367,74.7,51.4,41.7,16.7,1.0,0.333,6.16,36.02,88.78,0.3575,0.1264,22.75,,,Comerica Park,
71,668227,Randy Arozarena,SEA,PHI,2026-08-25T01:40:00Z,Scheduled,1,Zack Wheeler,554430,R,43.5,Longshot,Watch List,"Projected Lineup, Premium Lineup Spot, Hot Hitter/Streak",39.8,23.7,25.4,88.7,50.0,78.4,No,No,1,Yes,Yes,RotoWire projected lineup; MLB probable pitchers,lineup projected / unconfirmed,H:2026/2025 P:2026/2025,,,Direct BvP not yet weighted; 2026/2025 Statcast baseline active,7,8,29,4,Hot streak: 4 HR in last 7 games,"same-side matchup; pitcher baseline 6.2% barrel, 16.2 HR allowed",neutral batted-ball profile; pitcher fly-ball pressure modest,8.91,44.93,90.95,101.0657,0.4212,0.169,0.3424,71.32,24.66,33.84,24.17,22.1,0.1908,6.22,34.73,86.91,0.3151,0.1156,25.88,,,T-Mobile Park,
72,553993,Eugenio Suarez,CIN,SF,2026-08-25T01:45:00Z,Scheduled,5,,,,43.4,Longshot,Watch List,"Projected Lineup, Strong Barrel",41.7,41.2,19.3,81.9,60.0,0.0,No,No,5,Yes,Yes,RotoWire projected lineup; MLB probable pitchers,lineup projected / unconfirmed,H:2026/2025 P:,,,Direct BvP not yet weighted; 2026/2025 Statcast baseline active,7,2,18,0,"Last 7 games: 2/18, 0 HR","handedness incomplete; pitcher baseline 0.0% barrel, 0.0 HR allowed",neutral batted-ball profile; pitcher fly-ball pressure modest,12.06,39.27,89.08,100.1324,0.379,0.1799,0.2948,71.95,21.39,48.73,34.32,27.3,0.2301,,,,,,,,,Oracle Park,
73,699393,Pedro Ramirez,CHC,AZ,2026-08-25T01:40:00Z,Scheduled,7,Merrill Kelly,518876,R,43.2,Longshot,Watch List,"Projected Lineup, Platoon Edge",20.6,64.3,28.2,59.8,75.0,32.5,No,No,7,Yes,Yes,RotoWire projected lineup; MLB probable pitchers,lineup projected / unconfirmed,H:2026 P:2026/2025,,,Direct BvP not yet weighted; 2026/2025 Statcast baseline active,7,6,28,1,"Last 7 games: 6/28, 1 HR","switch hitter; pitcher baseline 11.6% barrel, 25.1 HR allowed",neutral batted-ball profile; pitcher fly-ball pressure modest,3.3,43.0,89.3,99.9239,0.355,0.09,0.298,72.2,22.2,36.4,18.2,3.0,0.139,11.61,43.85,90.27,0.5171,0.2286,26.43,,,Chase Field,
74,607208,Trea Turner,PHI,SEA,2026-08-25T01:40:00Z,Scheduled,2,Logan Gilbert,669302,R,43.1,Longshot,Watch List,"Projected Lineup, Premium Lineup Spot",27.1,49.2,25.4,95.5,50.0,14.1,No,No,2,Yes,Yes,RotoWire projected lineup; MLB probable pitchers,lineup projected / unconfirmed,H:2026/2025 P:2026/2025,,,Direct BvP not yet weighted; 2026/2025 Statcast baseline active,7,6,28,0,"Last 7 games: 6/28, 0 HR","same-side matchup; pitcher baseline 9.7% barrel, 20.0 HR allowed",neutral batted-ball profile; pitcher fly-ball pressure modest,5.94,40.63,88.81,99.4155,0.3806,0.1274,0.3028,71.52,19.14,35.24,25.34,16.4,0.1474,9.65,41.77,90.17,0.3866,0.1617,28.75,,,T-Mobile Park,
75,695731,Braden Montgomery,CWS,TEX,2026-08-24T23:40:00Z,Scheduled,5,Kumar Rocker,677958,R,43.0,Longshot,Watch List,"Projected Lineup, Platoon Edge",23.5,47.8,27.6,81.9,75.0,27.6,No,No,5,Yes,Yes,RotoWire projected lineup; MLB probable pitchers,lineup projected / unconfirmed,H:2026 P:2026/2025,,,Direct BvP not yet weighted; 2026/2025 Statcast baseline active,7,4,22,1,"Last 7 games: 4/22, 1 HR","switch hitter; pitcher baseline 9.1% barrel, 15.2 HR allowed",neutral batted-ball profile; pitcher fly-ball pressure modest,4.2,41.7,89.3,100.2823,0.371,0.132,0.314,69.7,8.4,36.3,19.6,5.0,0.143,9.07,42.67,89.73,0.4483,0.1836,23.7,,,Rate Field,
76,701785,Kaelen Culpepper,MIN,ATH,2026-08-25T01:40:00Z,Scheduled,9,Jeffrey Springs,605488,L,43.0,Longshot,Watch List,"Projected Lineup, Platoon Edge",35.2,48.2,30.9,40.2,78.0,50.3,No,No,9,Yes,Yes,RotoWire projected lineup; MLB probable pitchers,lineup projected / unconfirmed,H:2026 P:2026/2025,,,Direct BvP not yet weighted; 2026/2025 Statcast baseline active,7,8,24,1,Contact streak: 8/24 over last 7 games,"platoon edge; pitcher baseline 9.2% barrel, 28.7 HR allowed",neutral batted-ball profile; pitcher allows elevated contact,6.3,39.4,91.0,98.9536,0.435,0.165,0.331,73.7,34.7,45.5,24.2,2.0,0.155,9.22,35.9,87.88,0.4499,0.1953,32.44,,,Sutter Health Park,
77,693307,Dillon Dingler,DET,TB,2026-08-24T22:40:00Z,Scheduled,4,Drew Rasmussen,656876,R,42.7,Longshot,Watch List,"Projected Lineup, Premium Lineup Spot",44.2,28.5,27.6,90.4,50.0,0.0,No,No,4,Yes,Yes,RotoWire projected lineup; MLB probable pitchers,lineup projected / unconfirmed,H:2026/2025 P:2026/2025,,,Direct BvP not yet weighted; 2026/2025 Statcast baseline active,7,3,26,0,"Last 7 games: 3/26, 0 HR","same-side matchup; pitcher baseline 6.2% barrel, 14.5 HR allowed",neutral batted-ball profile; pitcher fly-ball pressure modest,9.97,43.6,89.16,100.6373,0.4813,0.2039,0.3545,71.77,15.62,40.87,29.2,22.1,0.2058,6.16,36.02,88.78,0.3575,0.1264,22.75,,,Comerica Park,
78,695720,Tommy White,ATH,MIN,2026-08-25T01:40:00Z,Scheduled,6,Zebby Matthews,805673,R,42.6,Longshot,Watch List,Projected Lineup,21.1,55.8,30.9,71.7,50.0,61.5,No,No,6,Yes,Yes,RotoWire projected lineup; MLB probable pitchers,lineup projected / unconfirmed,H:2026 P:2026/2025,,,Direct BvP not yet weighted; 2026/2025 Statcast baseline active,7,8,28,2,Hot streak: 2 HR in last 7 games,"same-side matchup; pitcher baseline 11.1% barrel, 16.9 HR allowed",neutral batted-ball profile; pitcher fly-ball pressure modest,7.8,32.4,85.7,97.4364,0.405,0.13,0.305,69.3,13.1,30.4,20.6,2.0,0.074,11.09,41.53,90.25,0.4421,0.1837,27.24,,,Sutter Health Park,
79,807712,Luke Keaschall,MIN,ATH,2026-08-25T01:40:00Z,Scheduled,1,Jeffrey Springs,605488,L,42.5,Longshot,Watch List,"Projected Lineup, Premium Lineup Spot, Platoon Edge",12.8,48.2,30.9,88.7,78.0,52.1,No,No,1,Yes,Yes,RotoWire projected lineup; MLB probable pitchers,lineup projected / unconfirmed,H:2026/2025 P:2026/2025,,,Direct BvP not yet weighted; 2026/2025 Statcast baseline active,7,10,29,1,Contact streak: 10/29 over last 7 games,"platoon edge; pitcher baseline 9.2% barrel, 28.7 HR allowed",neutral batted-ball profile; pitcher allows elevated contact,4.01,30.01,85.43,96.7846,0.364,0.1153,0.317,68.57,7.52,37.91,27.39,6.8,0.1192,9.22,35.9,87.88,0.4499,0.1953,32.44,,,Sutter Health Park,
80,650489,Willi Castro,COL,WSH,2026-08-24T22:45:00Z,Scheduled,5,Cade Cavalli,676917,R,42.4,Longshot,Watch List,"Projected Lineup, Platoon Edge",31.3,31.0,28.2,81.9,75.0,44.1,No,No,5,Yes,Yes,RotoWire projected lineup; MLB probable pitchers,lineup projected / unconfirmed,H:2026/2025 P:2026/2025,,,Direct BvP not yet weighted; 2026/2025 Statcast baseline active,7,7,24,1,"Last 7 games: 7/24, 1 HR","switch hitter; pitcher baseline 6.3% barrel, 12.6 HR allowed",neutral batted-ball profile; pitcher fly-ball pressure modest,7.76,39.68,87.54,100.1981,0.3869,0.1519,0.3081,72.51,26.18,42.32,30.48,13.1,0.1526,6.32,41.52,88.75,0.3783,0.1333,21.54,,,Nationals Park,
81,803011,Sam Antonacci,CWS,TEX,2026-08-24T23:40:00Z,Scheduled,1,Kumar Rocker,677958,R,42.4,Longshot,Watch List,"Projected Lineup, Premium Lineup Spot, Platoon Edge",20.2,49.4,27.6,88.7,80.0,3.4,No,No,1,Yes,Yes,RotoWire projected lineup; MLB probable pitchers,lineup projected / unconfirmed,H:2026 P:2026/2025,,,Direct BvP not yet weighted; 2026/2025 Statcast baseline active,7,3,21,0,"Last 7 games: 3/21, 0 HR","platoon edge; pitcher baseline 9.1% barrel, 15.2 HR allowed",neutral batted-ball profile; pitcher fly-ball pressure modest,5.5,33.9,87.5,97.8149,0.395,0.12,0.343,69.9,8.3,33.8,21.9,8.0,0.122,9.07,42.67,89.73,0.4483,0.1836,23.7,,,Rate Field,
82,680574,Matt McLain,CIN,SF,2026-08-25T01:45:00Z,Scheduled,6,,,,42.2,Longshot,Watch List,Projected Lineup,34.7,41.2,19.3,71.7,60.0,51.3,No,No,6,Yes,Yes,RotoWire projected lineup; MLB probable pitchers,lineup projected / unconfirmed,H:2026/2025 P:,,,Direct BvP not yet weighted; 2026/2025 Statcast baseline active,7,5,23,2,Hot streak: 2 HR in last 7 games,"handedness incomplete; pitcher baseline 0.0% barrel, 0.0 HR allowed",neutral batted-ball profile; pitcher fly-ball pressure modest,9.69,38.46,88.24,99.1002,0.3855,0.1602,0.311,71.0,10.03,35.85,32.66,13.6,0.1496,,,,,,,,,Oracle Park,
83,677594,Julio Rodriguez,SEA,PHI,2026-08-25T01:40:00Z,Scheduled,3,Zack Wheeler,554430,R,42.1,Longshot,Watch List,"Projected Lineup, Premium Lineup Spot",46.2,23.7,25.4,92.1,50.0,0.0,No,No,3,Yes,Yes,RotoWire projected lineup; MLB probable pitchers,lineup projected / unconfirmed,H:2026/2025 P:2026/2025,,,Direct BvP not yet weighted; 2026/2025 Statcast baseline active,7,3,31,0,"Last 7 games: 3/31, 0 HR","same-side matchup; pitcher baseline 6.2% barrel, 16.2 HR allowed",neutral batted-ball profile; pitcher fly-ball pressure modest,9.31,44.57,90.47,102.6331,0.4636,0.1936,0.3447,76.68,67.48,38.42,26.47,22.9,0.1734,6.22,34.73,86.91,0.3151,0.1156,25.88,,,T-Mobile Park,
84,667472,Dane Myers,CIN,SF,2026-08-25T01:45:00Z,Scheduled,3,,,,42.0,Longshot,Watch List,"Projected Lineup, Premium Lineup Spot",26.8,41.2,19.3,92.1,60.0,40.7,No,No,3,Yes,Yes,RotoWire projected lineup; MLB probable pitchers,lineup projected / unconfirmed,H:2026/2025 P:,,,Direct BvP not yet weighted; 2026/2025 Statcast baseline active,7,7,26,1,"Last 7 games: 7/26, 1 HR","handedness incomplete; pitcher baseline 0.0% barrel, 0.0 HR allowed",neutral batted-ball profile; pitcher fly-ball pressure modest,5.98,37.24,89.79,99.1124,0.372,0.133,0.3124,71.18,18.89,25.69,25.17,5.3,0.1036,,,,,,,,,Oracle Park,
85,680776,Jarren Duran,BOS,MIA,2026-08-24T22:40:00Z,Scheduled,7,Sandy Alcantara,645261,R,41.8,Longshot,Watch List,"Projected Lineup, Platoon Edge",37.9,34.2,21.5,59.8,80.0,46.0,No,No,7,Yes,Yes,RotoWire projected lineup; MLB probable pitchers,lineup projected / unconfirmed,H:2026/2025 P:2026/2025,,,Direct BvP not yet weighted; 2026/2025 Statcast baseline active,7,7,23,1,"Last 7 games: 7/23, 1 HR","platoon edge; pitcher baseline 6.4% barrel, 19.2 HR allowed",neutral batted-ball profile; pitcher fly-ball pressure modest,9.56,41.69,90.26,102.0235,0.3862,0.1494,0.3036,74.98,50.03,38.48,22.86,16.7,0.1643,6.36,38.14,89.09,0.3877,0.1351,24.1,,,loanDepot park,
86,668939,Adley Rutschman,BOS,MIA,2026-08-24T22:40:00Z,Scheduled,5,Sandy Alcantara,645261,R,41.7,Longshot,Watch List,"Projected Lineup, Platoon Edge",32.8,32.2,21.5,81.9,75.0,34.4,No,No,5,Yes,Yes,RotoWire projected lineup; MLB probable pitchers,lineup projected / unconfirmed,H:2026/2025 P:2026/2025,,,Direct BvP not yet weighted; 2026/2025 Statcast baseline active,7,5,22,1,"Last 7 games: 5/22, 1 HR","switch hitter; pitcher baseline 6.4% barrel, 19.2 HR allowed",neutral batted-ball profile; pitcher fly-ball pressure modest,7.29,39.93,88.98,99.3407,0.4184,0.1627,0.3362,70.42,12.21,38.54,29.08,9.0,0.1649,6.36,38.14,89.09,0.3877,0.1351,24.1,,,loanDepot park,
87,694197,Angel Genao,CLE,LAA,2026-08-25T01:38:00Z,Scheduled,6,George Klassen,691946,R,41.7,Longshot,Watch List,"Projected Lineup, Platoon Edge",31.4,38.9,28.2,71.7,75.0,19.5,No,No,6,Yes,Yes,RotoWire projected lineup; MLB probable pitchers,lineup projected / unconfirmed,H:2026 P:2026,,,Direct BvP not yet weighted; 2026/2025 Statcast baseline active,7,7,28,0,"Last 7 games: 7/28, 0 HR","switch hitter; pitcher baseline 9.8% barrel, 2.0 HR allowed",neutral batted-ball profile; pitcher fly-ball pressure modest,5.8,51.9,91.5,100.8904,0.355,0.101,0.297,71.7,19.8,34.6,15.4,1.0,0.102,9.8,41.0,89.3,0.381,0.135,21.3,,,Angel Stadium,
88,605170,Victor Caratini,MIN,ATH,2026-08-25T01:40:00Z,Scheduled,7,Jeffrey Springs,605488,L,41.6,Longshot,Watch List,"Projected Lineup, Platoon Edge",30.4,47.3,30.9,59.8,75.0,9.3,No,No,7,Yes,Yes,RotoWire projected lineup; MLB probable pitchers,lineup projected / unconfirmed,H:2026/2025 P:2026/2025,,,Direct BvP not yet weighted; 2026/2025 Statcast baseline active,7,4,22,0,"Last 7 games: 4/22, 0 HR","switch hitter; pitcher baseline 9.2% barrel, 28.7 HR allowed",neutral batted-ball profile; pitcher allows elevated contact,6.93,39.72,89.19,98.9502,0.3935,0.1518,0.322,71.39,16.36,37.36,23.9,8.5,0.1163,9.22,35.9,87.88,0.4499,0.1953,32.44,,,Sutter Health Park,
89,664954,Brett Sullivan,COL,WSH,2026-08-24T22:45:00Z,Scheduled,8,Cade Cavalli,676917,R,41.5,Longshot,Watch List,"Projected Lineup, Strong Barrel, Platoon Edge",44.2,32.3,28.2,47.9,80.0,21.8,No,No,8,Yes,Yes,RotoWire projected lineup; MLB probable pitchers,lineup projected / unconfirmed,H:2026/2025 P:2026/2025,,,Direct BvP not yet weighted; 2026/2025 Statcast baseline active,7,3,21,1,"Last 7 games: 3/21, 1 HR","platoon edge; pitcher baseline 6.3% barrel, 12.6 HR allowed",fly-ball profile; pitcher fly-ball pressure modest,10.86,53.17,90.3,98.0425,0.3638,0.1619,0.3103,68.95,5.25,51.89,35.37,4.9,0.1393,6.32,41.52,88.75,0.3783,0.1333,21.54,,,Nationals Park,
90,694671,Wyatt Langford,TEX,CWS,2026-08-24T23:40:00Z,Scheduled,3,José Urquidy,664353,R,41.2,Longshot,Watch List,"Projected Lineup, Premium Lineup Spot",40.1,24.6,27.6,92.1,50.0,10.8,No,No,3,Yes,Yes,RotoWire projected lineup; MLB probable pitchers,lineup projected / unconfirmed,H:2026/2025 P:2026/2025,,,Direct BvP not yet weighted; 2026/2025 Statcast baseline active,7,5,26,0,"Last 7 games: 5/26, 0 HR","same-side matchup; pitcher baseline 5.5% barrel, 1.4 HR allowed",neutral batted-ball profile; pitcher fly-ball pressure modest,9.31,42.45,90.07,100.9746,0.4158,0.1736,0.3236,72.68,25.61,43.59,28.43,16.4,0.1984,5.46,35.47,87.32,0.3889,0.1308,28.75,,,Rate Field,
91,693304,Nick Gonzales,PIT,SD,2026-08-25T01:40:00Z,Scheduled,1,Robbie Ray,592662,L,41.1,Longshot,Watch List,"Projected Lineup, Premium Lineup Spot, Platoon Edge",15.4,49.1,22.6,88.7,78.0,27.7,No,No,1,Yes,Yes,RotoWire projected lineup; MLB probable pitchers,lineup projected / unconfirmed,H:2026/2025 P:2026/2025,,,Direct BvP not yet weighted; 2026/2025 Statcast baseline active,7,7,23,0,"Last 7 games: 7/23, 0 HR","platoon edge; pitcher baseline 9.0% barrel, 19.2 HR allowed",neutral batted-ball profile; pitcher allows elevated contact,3.24,35.86,86.84,98.2193,0.3785,0.1056,0.3134,70.64,12.59,37.29,20.49,5.7,0.0936,8.97,40.22,89.74,0.406,0.1723,34.22,,,Petco Park,
92,650333,Luis Arraez,PHI,SEA,2026-08-25T01:40:00Z,Scheduled,4,Logan Gilbert,669302,R,41.1,Longshot,Watch List,"Projected Lineup, Premium Lineup Spot, Platoon Edge",7.6,49.2,25.4,90.4,80.0,63.3,No,No,4,Yes,Yes,RotoWire projected lineup; MLB probable pitchers,lineup projected / unconfirmed,H:2026/2025 P:2026/2025,,,Direct BvP not yet weighted; 2026/2025 Statcast baseline active,7,11,25,1,Contact streak: 11/25 over last 7 games,"platoon edge; pitcher baseline 9.7% barrel, 20.0 HR allowed",neutral batted-ball profile; pitcher fly-ball pressure modest,1.17,19.01,86.52,93.9916,0.3763,0.0872,0.3072,62.99,0.12,30.17,28.66,6.6,0.1147,9.65,41.77,90.17,0.3866,0.1617,28.75,,,T-Mobile Park,
93,681082,Bryson Stott,PHI,SEA,2026-08-25T01:40:00Z,Scheduled,6,Logan Gilbert,669302,R,41.1,Longshot,Watch List,"Projected Lineup, Platoon Edge",24.9,49.2,25.4,71.7,80.0,1.6,No,No,6,Yes,Yes,RotoWire projected lineup; MLB probable pitchers,lineup projected / unconfirmed,H:2026/2025 P:2026/2025,,,Direct BvP not yet weighted; 2026/2025 Statcast baseline active,7,3,23,0,"Last 7 games: 3/23, 0 HR","platoon edge; pitcher baseline 9.7% barrel, 20.0 HR allowed",neutral batted-ball profile; pitcher fly-ball pressure modest,5.66,35.66,88.65,98.4506,0.3979,0.1362,0.3249,69.72,6.75,34.59,27.73,10.2,0.1431,9.65,41.77,90.17,0.3866,0.1617,28.75,,,T-Mobile Park,
94,668709,JJ Bleday,CIN,SF,2026-08-25T01:45:00Z,Scheduled,7,,,,41.0,Longshot,Watch List,Projected Lineup,39.1,41.2,19.3,59.8,60.0,31.6,No,No,7,Yes,Yes,RotoWire projected lineup; MLB probable pitchers,lineup projected / unconfirmed,H:2026/2025 P:,,,Direct BvP not yet weighted; 2026/2025 Statcast baseline active,7,5,24,1,"Last 7 games: 5/24, 1 HR","handedness incomplete; pitcher baseline 0.0% barrel, 0.0 HR allowed",neutral batted-ball profile; pitcher fly-ball pressure modest,9.34,40.38,88.7,99.9471,0.4073,0.1802,0.3257,73.14,28.28,46.16,33.55,18.9,0.213,,,,,,,,,Oracle Park,
95,665052,Griffin Conine,MIA,BOS,2026-08-24T22:40:00Z,Scheduled,8,Ranger Suarez,624133,L,40.9,Longshot,Watch List,"Projected Lineup, Strong Barrel",63.1,17.3,21.5,47.9,50.0,28.9,No,No,8,Yes,Yes,RotoWire projected lineup; MLB probable pitchers,lineup projected / unconfirmed,H:2026/2025 P:2026/2025,,,Direct BvP not yet weighted; 2026/2025 Statcast baseline active,7,4,21,1,"Last 7 games: 4/21, 1 HR","same-side matchup; pitcher baseline 4.9% barrel, 9.1 HR allowed",EV profile; pitcher fly-ball pressure modest,15.78,53.35,92.3,103.8498,0.481,0.2278,0.3552,74.26,44.53,42.81,24.67,10.4,0.2336,4.94,32.29,86.43,0.351,0.1089,23.12,,,loanDepot park,
96,641680,Jonah Heim,ATH,MIN,2026-08-25T01:40:00Z,Scheduled,7,Zebby Matthews,805673,R,40.5,Longshot,Watch List,"Projected Lineup, Platoon Edge",23.5,54.0,30.9,59.8,75.0,0.0,No,No,7,Yes,Yes,RotoWire projected lineup; MLB probable pitchers,lineup projected / unconfirmed,H:2026/2025 P:2026/2025,,,Direct BvP not yet weighted; 2026/2025 Statcast baseline active,7,1,20,0,"Last 7 games: 1/20, 0 HR","switch hitter; pitcher baseline 11.1% barrel, 16.9 HR allowed",neutral batted-ball profile; pitcher fly-ball pressure modest,6.59,33.24,87.75,97.9042,0.3649,0.1389,0.2886,69.84,9.52,40.7,28.11,11.0,0.1589,11.09,41.53,90.25,0.4421,0.1837,27.24,,,Sutter Health Park,
97,622761,Jorge Mateo,TB,DET,2026-08-24T22:40:00Z,Scheduled,7,Framber Valdez,664285,L,40.4,Longshot,Watch List,"Projected Lineup, Platoon Edge",33.2,36.4,27.6,59.8,78.0,23.4,No,No,7,Yes,Yes,RotoWire projected lineup; MLB probable pitchers,lineup projected / unconfirmed,H:2026/2025 P:2026/2025,,,Direct BvP not yet weighted; 2026/2025 Statcast baseline active,7,2,13,1,"Last 7 games: 2/13, 1 HR","platoon edge; pitcher baseline 6.3% barrel, 13.6 HR allowed",neutral batted-ball profile; pitcher fly-ball pressure modest,8.37,41.04,87.82,100.1106,0.3796,0.1503,0.2823,73.23,30.69,37.67,30.0,3.8,0.1303,6.35,44.48,90.38,0.3847,0.1318,18.81,,,Comerica Park,
98,669394,Jake Burger,TEX,CWS,2026-08-24T23:40:00Z,Scheduled,7,José Urquidy,664353,R,40.4,Longshot,Watch List,"Projected Lineup, Strong Barrel",47.8,24.6,27.6,59.8,50.0,34.4,No,No,7,Yes,Yes,RotoWire projected lineup; MLB probable pitchers,lineup projected / unconfirmed,H:2026/2025 P:2026/2025,,,Direct BvP not yet weighted; 2026/2025 Statcast baseline active,7,5,22,1,"Last 7 games: 5/22, 1 HR","same-side matchup; pitcher baseline 5.5% barrel, 1.4 HR allowed",neutral batted-ball profile; pitcher fly-ball pressure modest,11.66,47.03,90.05,102.6504,0.4185,0.1844,0.3072,75.37,58.14,41.95,27.69,19.5,0.1809,5.46,35.47,87.32,0.3889,0.1308,28.75,,,Rate Field,
99,657757,Gavin Sheets,SD,PIT,2026-08-25T01:40:00Z,Scheduled,7,Braxton Ashcraft,677952,R,40.1,Longshot,Watch List,"Projected Lineup, Platoon Edge",34.1,32.7,22.6,59.8,80.0,40.3,No,No,7,Yes,Yes,RotoWire projected lineup; MLB probable pitchers,lineup projected / unconfirmed,H:2026/2025 P:2026/2025,,,Direct BvP not yet weighted; 2026/2025 Statcast baseline active,7,4,15,1,"Last 7 games: 4/15, 1 HR","platoon edge; pitcher baseline 6.1% barrel, 15.6 HR allowed",neutral batted-ball profile; pitcher fly-ball pressure modest,7.92,41.39,88.22,99.6607,0.4026,0.1627,0.3253,74.52,47.88,39.61,23.14,16.9,0.1805,6.1,40.53,89.19,0.3619,0.1332,24.55,,,Petco Park,
100,686797,Brooks Lee,MIN,ATH,2026-08-25T01:40:00Z,Scheduled,8,Jeffrey Springs,605488,L,40.1,Longshot,Watch List,"Projected Lineup, Platoon Edge, Hot Hitter/Streak",19.9,47.3,30.9,47.9,75.0,80.8,No,No,8,Yes,Yes,RotoWire projected lineup; MLB probable pitchers,lineup projected / unconfirmed,H:2026/2025 P:2026/2025,,,Direct BvP not yet weighted; 2026/2025 Statcast baseline active,7,7,24,3,Hot streak: 3 HR in last 7 games,"switch hitter; pitcher baseline 9.2% barrel, 28.7 HR allowed",neutral batted-ball profile; pitcher allows elevated contact,4.47,34.86,88.18,97.5998,0.3474,0.1197,0.2778,69.92,8.7,42.34,28.72,18.8,0.1711,9.22,35.9,87.88,0.4499,0.1953,32.44,,,Sutter Health Park,
101,679529,Spencer Torkelson,DET,TB,2026-08-24T22:40:00Z,Scheduled,7,Drew Rasmussen,656876,R,39.8,Longshot,Watch List,"Projected Lineup, Strong Barrel",48.3,28.5,27.6,59.8,50.0,0.0,No,No,7,Yes,Yes,RotoWire projected lineup; MLB probable pitchers,lineup projected / unconfirmed,H:2026/2025 P:2026/2025,,,Direct BvP not yet weighted; 2026/2025 Statcast baseline active,7,0,17,0,"Last 7 games: 0/17, 0 HR","same-side matchup; pitcher baseline 6.2% barrel, 14.5 HR allowed",fly-ball profile; pitcher fly-ball pressure modest,12.87,42.44,89.57,100.1874,0.4168,0.1985,0.32,73.07,25.81,46.86,35.97,23.3,0.1936,6.16,36.02,88.78,0.3575,0.1264,22.75,,,Comerica Park,
102,622268,Donovan Walton,ATH,MIN,2026-08-25T01:40:00Z,Scheduled,8,Zebby Matthews,805673,R,39.8,Longshot,Watch List,"Projected Lineup, Platoon Edge",16.3,55.8,30.9,47.9,80.0,50.3,No,No,8,Yes,Yes,RotoWire projected lineup; MLB probable pitchers,lineup projected / unconfirmed,H:2026/2025 P:2026/2025,,,Direct BvP not yet weighted; 2026/2025 Statcast baseline active,7,7,21,1,Contact streak: 7/21 over last 7 games,"platoon edge; pitcher baseline 11.1% barrel, 16.9 HR allowed",neutral batted-ball profile; pitcher fly-ball pressure modest,3.29,35.47,89.31,97.7464,0.3639,0.1026,0.3083,67.71,0.49,36.79,21.39,2.8,0.1176,11.09,41.53,90.25,0.4421,0.1837,27.24,,,Sutter Health Park,
103,608348,Carson Kelly,CHC,AZ,2026-08-25T01:40:00Z,Scheduled,9,Merrill Kelly,518876,R,39.6,Longshot,Watch List,Projected Lineup,26.2,65.7,28.2,40.2,50.0,16.6,No,No,9,Yes,Yes,RotoWire projected lineup; MLB probable pitchers,lineup projected / unconfirmed,H:2026/2025 P:2026/2025,,,Direct BvP not yet weighted; 2026/2025 Statcast baseline active,7,6,26,0,"Last 7 games: 6/26, 0 HR","same-side matchup; pitcher baseline 11.6% barrel, 25.1 HR allowed",neutral batted-ball profile; pitcher fly-ball pressure modest,6.52,37.78,87.68,98.8173,0.3844,0.1449,0.314,70.68,8.47,39.99,25.29,10.0,0.1293,11.61,43.85,90.27,0.5171,0.2286,26.43,,,Chase Field,
104,660688,Keibert Ruiz,WSH,COL,2026-08-24T22:45:00Z,Scheduled,6,Ryan Feltner,663372,R,39.5,Longshot,Watch List,"Projected Lineup, Platoon Edge",15.9,46.0,28.2,71.7,75.0,44.1,No,No,6,Yes,Yes,RotoWire projected lineup; MLB probable pitchers,lineup projected / unconfirmed,H:2026/2025 P:2026/2025,,,Direct BvP not yet weighted; 2026/2025 Statcast baseline active,7,7,24,1,"Last 7 games: 7/24, 1 HR","switch hitter; pitcher baseline 9.1% barrel, 14.5 HR allowed",neutral batted-ball profile; pitcher fly-ball pressure modest,4.09,35.24,87.53,97.5578,0.358,0.1073,0.2842,67.29,0.93,54.05,25.58,6.2,0.1361,9.07,37.87,88.25,0.4533,0.1989,29.51,,,Nationals Park,
105,672275,Patrick Bailey,CLE,LAA,2026-08-25T01:38:00Z,Scheduled,8,George Klassen,691946,R,39.2,Longshot,Watch List,"Projected Lineup, Platoon Edge",31.2,38.9,28.2,47.9,75.0,37.8,No,No,8,Yes,Yes,RotoWire projected lineup; MLB probable pitchers,lineup projected / unconfirmed,H:2026/2025 P:2026,,,Direct BvP not yet weighted; 2026/2025 Statcast baseline active,7,6,24,1,"Last 7 games: 6/24, 1 HR","switch hitter; pitcher baseline 9.8% barrel, 2.0 HR allowed",neutral batted-ball profile; pitcher fly-ball pressure modest,6.58,40.11,89.88,99.6123,0.3729,0.1461,0.2871,72.55,27.67,33.9,26.9,6.7,0.1142,9.8,41.0,89.3,0.381,0.135,21.3,,,Angel Stadium,
106,686765,Nick Sogard,BOS,MIA,2026-08-24T22:40:00Z,Scheduled,1,Sandy Alcantara,645261,R,39.1,Longshot,Watch List,"Projected Lineup, Premium Lineup Spot, Platoon Edge, Hot Hitter/Streak",14.8,32.2,21.5,88.7,75.0,81.7,No,No,1,Yes,Yes,RotoWire projected lineup; MLB probable pitchers,lineup projected / unconfirmed,H:2026/2025 P:2026/2025,,,Direct BvP not yet weighted; 2026/2025 Statcast baseline active,7,11,26,2,Hot streak: 2 HR in last 7 games,"switch hitter; pitcher baseline 6.4% barrel, 19.2 HR allowed",neutral batted-ball profile; pitcher fly-ball pressure modest,5.18,29.8,86.28,96.7002,0.3715,0.1121,0.3286,68.85,3.82,45.17,23.32,1.4,0.1225,6.36,38.14,89.09,0.3877,0.1351,24.1,,,loanDepot park,
107,630105,Jake Cronenworth,SD,PIT,2026-08-25T01:40:00Z,Scheduled,2,Braxton Ashcraft,677952,R,38.9,Longshot,Watch List,"Projected Lineup, Premium Lineup Spot, Platoon Edge",15.3,32.7,22.6,95.5,80.0,40.7,No,No,2,Yes,Yes,RotoWire projected lineup; MLB probable pitchers,lineup projected / unconfirmed,H:2026/2025 P:2026/2025,,,Direct BvP not yet weighted; 2026/2025 Statcast baseline active,7,7,26,1,"Last 7 games: 7/26, 1 HR","platoon edge; pitcher baseline 6.1% barrel, 15.6 HR allowed",neutral batted-ball profile; pitcher fly-ball pressure modest,4.31,32.63,87.45,97.844,0.3229,0.1007,0.2931,71.32,17.74,32.24,22.93,6.1,0.0939,6.1,40.53,89.19,0.3619,0.1332,24.55,,,Petco Park,
108,663538,Nico Hoerner,CHC,AZ,2026-08-25T01:40:00Z,Scheduled,6,Merrill Kelly,518876,R,38.8,Longshot,Watch List,Projected Lineup,8.0,65.7,28.2,71.7,50.0,32.0,No,No,6,Yes,Yes,RotoWire projected lineup; MLB probable pitchers,lineup projected / unconfirmed,H:2026/2025 P:2026/2025,,,Direct BvP not yet weighted; 2026/2025 Statcast baseline active,7,9,27,0,Contact streak: 9/27 over last 7 games,"same-side matchup; pitcher baseline 11.6% barrel, 25.1 HR allowed",neutral batted-ball profile; pitcher fly-ball pressure modest,1.49,28.55,86.07,96.2007,0.3798,0.0815,0.3241,68.33,1.83,32.8,21.07,7.0,0.0977,11.61,43.85,90.27,0.5171,0.2286,26.43,,,Chase Field,
109,678882,Ceddanne Rafaela,BOS,MIA,2026-08-24T22:40:00Z,Scheduled,2,Sandy Alcantara,645261,R,38.4,Longshot,Watch List,"Projected Lineup, Premium Lineup Spot",23.0,34.2,21.5,95.5,50.0,30.4,No,No,2,Yes,Yes,RotoWire projected lineup; MLB probable pitchers,lineup projected / unconfirmed,H:2026/2025 P:2026/2025,,,Direct BvP not yet weighted; 2026/2025 Statcast baseline active,7,10,31,0,Contact streak: 10/31 over last 7 games,"same-side matchup; pitcher baseline 6.4% barrel, 19.2 HR allowed",neutral batted-ball profile; pitcher fly-ball pressure modest,6.75,34.5,86.97,97.8581,0.381,0.1327,0.2931,70.02,8.76,35.22,25.86,16.0,0.172,6.36,38.14,89.09,0.3877,0.1351,24.1,,,loanDepot park,
110,694249,Cole Carrigg,COL,WSH,2026-08-24T22:45:00Z,Scheduled,2,Cade Cavalli,676917,R,38.4,Longshot,Watch List,"Projected Lineup, Premium Lineup Spot, Platoon Edge",19.4,31.0,28.2,95.5,75.0,4.2,No,No,2,Yes,Yes,RotoWire projected lineup; MLB probable pitchers,lineup projected / unconfirmed,H:2026 P:2026/2025,,,Direct BvP not yet weighted; 2026/2025 Statcast baseline active,7,4,27,0,"Last 7 games: 4/27, 0 HR","switch hitter; pitcher baseline 6.3% barrel, 12.6 HR allowed",neutral batted-ball profile; pitcher fly-ball pressure modest,4.3,32.1,86.6,97.9286,0.38,0.125,0.323,73.5,37.3,47.5,26.5,5.0,0.182,6.32,41.52,88.75,0.3783,0.1333,21.54,,,Nationals Park,
111,592663,J.T. Realmuto,PHI,SEA,2026-08-25T01:40:00Z,Scheduled,8,Logan Gilbert,669302,R,38.4,Longshot,Watch List,Projected Lineup,30.5,49.2,25.4,47.9,50.0,29.7,No,No,8,Yes,Yes,RotoWire projected lineup; MLB probable pitchers,lineup projected / unconfirmed,H:2026/2025 P:2026/2025,,,Direct BvP not yet weighted; 2026/2025 Statcast baseline active,7,7,22,0,"Last 7 games: 7/22, 0 HR","same-side matchup; pitcher baseline 9.7% barrel, 20.0 HR allowed",neutral batted-ball profile; pitcher fly-ball pressure modest,5.65,41.93,89.86,100.169,0.3956,0.1377,0.3202,72.84,31.73,41.53,25.52,9.2,0.1263,9.65,41.77,90.17,0.3866,0.1617,28.75,,,T-Mobile Park,
112,694208,Moises Ballesteros,LAA,CLE,2026-08-25T01:38:00Z,Scheduled,4,Parker Messick,800048,L,38.3,Longshot,Watch List,"Projected Lineup, Premium Lineup Spot",35.3,19.1,28.2,90.4,50.0,13.0,No,No,4,Yes,Yes,RotoWire projected lineup; MLB probable pitchers,lineup projected / unconfirmed,H:2026/2025 P:2026/2025,,,Direct BvP not yet weighted; 2026/2025 Statcast baseline active,7,6,29,0,"Last 7 games: 6/29, 0 HR","same-side matchup; pitcher baseline 5.2% barrel, 11.0 HR allowed",neutral batted-ball profile; pitcher fly-ball pressure modest,8.45,43.59,90.36,100.973,0.3895,0.1457,0.3123,72.71,33.08,34.29,20.79,4.8,0.1368,5.24,31.69,87.47,0.3393,0.1156,21.19,,,Angel Stadium,
113,647304,Josh Naylor,SEA,PHI,2026-08-25T01:40:00Z,Scheduled,4,Zack Wheeler,554430,R,38.3,Longshot,Watch List,"Projected Lineup, Premium Lineup Spot, Platoon Edge",23.7,23.7,25.4,90.4,80.0,22.0,No,No,4,Yes,Yes,RotoWire projected lineup; MLB probable pitchers,lineup projected / unconfirmed,H:2026/2025 P:2026/2025,,,Direct BvP not yet weighted; 2026/2025 Statcast baseline active,7,8,30,0,"Last 7 games: 8/30, 0 HR","platoon edge; pitcher baseline 6.2% barrel, 16.2 HR allowed",neutral batted-ball profile; pitcher fly-ball pressure modest,5.23,38.12,88.01,99.1237,0.4026,0.131,0.3229,70.41,11.54,41.92,22.64,13.0,0.1208,6.22,34.73,86.91,0.3151,0.1156,25.88,,,T-Mobile Park,
114,687093,Vaughn Grissom,LAA,CLE,2026-08-25T01:38:00Z,Scheduled,3,Parker Messick,800048,L,38.2,Longshot,Watch List,"Projected Lineup, Premium Lineup Spot, Platoon Edge",25.4,19.1,28.2,92.1,78.0,22.4,No,No,3,Yes,Yes,RotoWire projected lineup; MLB probable pitchers,lineup projected / unconfirmed,H:2026 P:2026/2025,,,Direct BvP not yet weighted; 2026/2025 Statcast baseline active,7,7,26,0,"Last 7 games: 7/26, 0 HR","platoon edge; pitcher baseline 5.2% barrel, 11.0 HR allowed",neutral batted-ball profile; pitcher fly-ball pressure modest,6.5,37.9,87.9,99.1138,0.379,0.128,0.31,71.4,18.6,41.9,25.0,7.0,0.127,5.24,31.69,87.47,0.3393,0.1156,21.19,,,Angel Stadium,
115,687551,Drew Gilbert,SF,CIN,2026-08-25T01:45:00Z,Scheduled,1,Chase Burns,695505,R,38.2,Longshot,Watch List,"Projected Lineup, Premium Lineup Spot, Platoon Edge",17.1,37.3,19.3,88.7,80.0,21.8,No,No,1,Yes,Yes,RotoWire projected lineup; MLB probable pitchers,lineup projected / unconfirmed,H:2026/2025 P:2026/2025,,,Direct BvP not yet weighted; 2026/2025 Statcast baseline active,7,3,21,1,"Last 7 games: 3/21, 1 HR","platoon edge; pitcher baseline 8.2% barrel, 10.6 HR allowed",neutral batted-ball profile; pitcher fly-ball pressure modest,4.69,35.1,86.46,97.902,0.3612,0.1195,0.3015,70.52,10.41,40.84,19.83,5.8,0.1418,8.17,39.54,89.5,0.3448,0.1383,28.87,,,Oracle Park,
116,650402,Gleyber Torres,DET,TB,2026-08-24T22:40:00Z,Scheduled,2,Drew Rasmussen,656876,R,37.6,Longshot,Watch List,"Projected Lineup, Premium Lineup Spot",24.8,28.5,27.6,95.5,50.0,12.0,No,No,2,Yes,Yes,RotoWire projected lineup; MLB probable pitchers,lineup projected / unconfirmed,H:2026/2025 P:2026/2025,,,Direct BvP not yet weighted; 2026/2025 Statcast baseline active,7,6,30,0,"Last 7 games: 6/30, 0 HR","same-side matchup; pitcher baseline 6.2% barrel, 14.5 HR allowed",neutral batted-ball profile; pitcher fly-ball pressure modest,6.94,34.38,87.27,97.6376,0.4018,0.1461,0.3399,68.63,5.75,26.62,27.73,10.4,0.1254,6.16,36.02,88.78,0.3575,0.1264,22.75,,,Comerica Park,
117,664983,Jake McCarthy,COL,WSH,2026-08-24T22:45:00Z,Scheduled,1,Cade Cavalli,676917,R,37.5,Longshot,Watch List,"Projected Lineup, Premium Lineup Spot, Platoon Edge",14.5,32.3,28.2,88.7,80.0,22.4,No,No,1,Yes,Yes,RotoWire projected lineup; MLB probable pitchers,lineup projected / unconfirmed,H:2026/2025 P:2026/2025,,,Direct BvP not yet weighted; 2026/2025 Statcast baseline active,7,7,26,0,"Last 7 games: 7/26, 0 HR","platoon edge; pitcher baseline 6.3% barrel, 12.6 HR allowed",neutral batted-ball profile; pitcher fly-ball pressure modest,5.02,27.18,84.84,96.7056,0.395,0.1315,0.3084,70.82,12.0,37.45,21.24,10.3,0.1753,6.32,41.52,88.75,0.3783,0.1333,21.54,,,Nationals Park,
118,682663,Agustin Ramirez,MIA,BOS,2026-08-24T22:40:00Z,Scheduled,4,Ranger Suarez,624133,L,37.4,Longshot,Watch List,"Projected Lineup, Premium Lineup Spot, Platoon Edge",28.1,17.3,21.5,90.4,78.0,21.5,No,No,4,Yes,Yes,RotoWire projected lineup; MLB probable pitchers,lineup projected / unconfirmed,H:2026/2025 P:2026/2025,,,Direct BvP not yet weighted; 2026/2025 Statcast baseline active,7,5,19,0,"Last 7 games: 5/19, 0 HR","platoon edge; pitcher baseline 4.9% barrel, 9.1 HR allowed",neutral batted-ball profile; pitcher fly-ball pressure modest,5.82,42.24,89.82,102.2172,0.3478,0.1133,0.2984,75.55,57.3,41.31,16.67,7.7,0.1295,4.94,32.29,86.43,0.351,0.1089,23.12,,,loanDepot park,
119,678545,Osleivis Basabe,SF,CIN,2026-08-25T01:45:00Z,Scheduled,6,Chase Burns,695505,R,37.4,Longshot,Watch List,Projected Lineup,33.2,37.3,19.3,71.7,50.0,0.0,No,No,6,Yes,Yes,RotoWire projected lineup; MLB probable pitchers,lineup projected / unconfirmed,H:2026 P:2026/2025,,,Direct BvP not yet weighted; 2026/2025 Statcast baseline active,7,3,26,0,"Last 7 games: 3/26, 0 HR","same-side matchup; pitcher baseline 8.2% barrel, 10.6 HR allowed",neutral batted-ball profile; pitcher fly-ball pressure modest,8.2,38.7,88.8,99.3946,0.375,0.141,0.274,73.5,32.6,38.7,33.9,3.0,0.144,8.17,39.54,89.5,0.3448,0.1383,28.87,,,Oracle Park,
120,683953,Travis Bazzana,CLE,LAA,2026-08-25T01:38:00Z,Scheduled,7,George Klassen,691946,R,37.2,Longshot,Watch List,"Projected Lineup, Platoon Edge",20.9,39.1,28.2,59.8,80.0,22.4,No,No,7,Yes,Yes,RotoWire projected lineup; MLB probable pitchers,lineup projected / unconfirmed,H:2026 P:2026,,,Direct BvP not yet weighted; 2026/2025 Statcast baseline active,7,7,26,0,"Last 7 games: 7/26, 0 HR","platoon edge; pitcher baseline 9.8% barrel, 2.0 HR allowed",neutral batted-ball profile; pitcher fly-ball pressure modest,4.7,36.8,88.1,98.5252,0.351,0.123,0.302,69.7,12.5,38.3,27.4,9.0,0.13,9.8,41.0,89.3,0.381,0.135,21.3,,,Angel Stadium,
121,681393,Connor Norby,COL,WSH,2026-08-24T22:45:00Z,Scheduled,7,Cade Cavalli,676917,R,37.1,Longshot,Watch List,Projected Lineup,28.4,32.3,28.2,59.8,50.0,57.5,No,No,7,Yes,Yes,RotoWire projected lineup; MLB probable pitchers,lineup projected / unconfirmed,H:2026/2025 P:2026/2025,,,Direct BvP not yet weighted; 2026/2025 Statcast baseline active,7,8,21,1,Contact streak: 8/21 over last 7 games,"same-side matchup; pitcher baseline 6.3% barrel, 12.6 HR allowed",fly-ball profile; pitcher fly-ball pressure modest,7.51,37.24,87.6,97.9626,0.3568,0.1473,0.2951,70.07,7.08,42.17,35.35,5.9,0.1359,6.32,41.52,88.75,0.3783,0.1333,21.54,,,Nationals Park,
122,671976,Tristan Peters,CWS,TEX,2026-08-24T23:40:00Z,Scheduled,8,Kumar Rocker,677958,R,37.0,Longshot,Watch List,"Projected Lineup, Platoon Edge",13.4,49.4,27.6,47.9,80.0,54.4,No,No,8,Yes,Yes,RotoWire projected lineup; MLB probable pitchers,lineup projected / unconfirmed,H:2026/2025 P:2026/2025,,,Direct BvP not yet weighted; 2026/2025 Statcast baseline active,7,5,21,2,Hot streak: 2 HR in last 7 games,"platoon edge; pitcher baseline 9.1% barrel, 15.2 HR allowed",neutral batted-ball profile; pitcher fly-ball pressure modest,3.99,34.19,87.15,97.9252,0.3236,0.1008,0.2614,69.16,5.6,42.26,17.85,6.3,0.1169,9.07,42.67,89.73,0.4483,0.1836,23.7,,,Rate Field,
123,672640,Otto Lopez,MIA,BOS,2026-08-24T22:40:00Z,Scheduled,5,Ranger Suarez,624133,L,36.7,Longshot,Watch List,"Projected Lineup, Platoon Edge",29.8,17.3,21.5,81.9,78.0,19.5,No,No,5,Yes,Yes,RotoWire projected lineup; MLB probable pitchers,lineup projected / unconfirmed,H:2026/2025 P:2026/2025,,,Direct BvP not yet weighted; 2026/2025 Statcast baseline active,7,6,24,0,"Last 7 games: 6/24, 0 HR","platoon edge; pitcher baseline 4.9% barrel, 9.1 HR allowed",neutral batted-ball profile; pitcher fly-ball pressure modest,6.33,40.26,88.92,100.1563,0.4242,0.1454,0.3265,71.77,23.09,32.51,22.57,10.8,0.1332,4.94,32.29,86.43,0.351,0.1089,23.12,,,loanDepot park,
124,694377,Nick Yorke,PIT,SD,2026-08-25T01:40:00Z,Scheduled,8,Robbie Ray,592662,L,36.7,Longshot,Watch List,"Projected Lineup, Platoon Edge",21.5,49.1,22.6,47.9,78.0,13.3,No,No,8,Yes,Yes,RotoWire projected lineup; MLB probable pitchers,lineup projected / unconfirmed,H:2026/2025 P:2026/2025,,,Direct BvP not yet weighted; 2026/2025 Statcast baseline active,7,5,24,0,"Last 7 games: 5/24, 0 HR","platoon edge; pitcher baseline 9.0% barrel, 19.2 HR allowed",neutral batted-ball profile; pitcher allows elevated contact,4.42,43.31,87.56,100.5118,0.3395,0.0992,0.2829,72.46,22.33,34.7,24.32,1.0,0.0779,8.97,40.22,89.74,0.406,0.1723,34.22,,,Petco Park,
125,701678,Hao-Yu Lee,DET,TB,2026-08-24T22:40:00Z,Scheduled,9,Drew Rasmussen,656876,R,36.2,Longshot,Watch List,Projected Lineup,36.0,28.5,27.6,40.2,50.0,63.3,No,No,9,Yes,Yes,RotoWire projected lineup; MLB probable pitchers,lineup projected / unconfirmed,H:2026 P:2026/2025,,,Direct BvP not yet weighted; 2026/2025 Statcast baseline active,7,8,18,1,Contact streak: 8/18 over last 7 games,"same-side matchup; pitcher baseline 6.2% barrel, 14.5 HR allowed",neutral batted-ball profile; pitcher fly-ball pressure modest,8.8,40.4,89.3,99.8961,0.412,0.168,0.306,71.3,20.7,29.8,27.5,7.0,0.158,6.16,36.02,88.78,0.3575,0.1264,22.75,,,Comerica Park,
126,681198,TJ Rumfield,COL,WSH,2026-08-24T22:45:00Z,Scheduled,4,Cade Cavalli,676917,R,36.0,Longshot,Watch List,"Projected Lineup, Premium Lineup Spot, Platoon Edge",11.6,32.3,28.2,90.4,80.0,7.0,No,No,4,Yes,Yes,RotoWire projected lineup; MLB probable pitchers,lineup projected / unconfirmed,H:2026 P:2026/2025,,,Direct BvP not yet weighted; 2026/2025 Statcast baseline active,7,4,24,0,"Last 7 games: 4/24, 0 HR","platoon edge; pitcher baseline 6.3% barrel, 12.6 HR allowed",neutral batted-ball profile; pitcher fly-ball pressure modest,4.6,26.9,83.8,95.9778,0.375,0.121,0.321,68.7,8.3,41.3,28.8,13.0,0.152,6.32,41.52,88.75,0.3783,0.1333,21.54,,,Nationals Park,
127,677649,Ezequiel Duran,TEX,CWS,2026-08-24T23:40:00Z,Scheduled,5,José Urquidy,664353,R,35.3,Longshot,Watch List,Projected Lineup,20.5,24.6,27.6,81.9,50.0,50.3,No,No,5,Yes,Yes,RotoWire projected lineup; MLB probable pitchers,lineup projected / unconfirmed,H:2026/2025 P:2026/2025,,,Direct BvP not yet weighted; 2026/2025 Statcast baseline active,7,8,24,1,Contact streak: 8/24 over last 7 games,"same-side matchup; pitcher baseline 5.5% barrel, 1.4 HR allowed",neutral batted-ball profile; pitcher fly-ball pressure modest,5.26,35.31,87.75,98.8613,0.351,0.1153,0.2848,72.34,24.66,36.43,21.93,9.8,0.1425,5.46,35.47,87.32,0.3889,0.1308,28.75,,,Rate Field,
128,808982,Jung Hoo Lee,SF,CIN,2026-08-25T01:45:00Z,Scheduled,5,Chase Burns,695505,R,35.3,Longshot,Watch List,"Projected Lineup, Platoon Edge",11.4,37.3,19.3,81.9,80.0,20.9,No,No,5,Yes,Yes,RotoWire projected lineup; MLB probable pitchers,lineup projected / unconfirmed,H:2026/2025 P:2026/2025,,,Direct BvP not yet weighted; 2026/2025 Statcast baseline active,7,7,27,0,"Last 7 games: 7/27, 0 HR","platoon edge; pitcher baseline 8.2% barrel, 10.6 HR allowed",neutral batted-ball profile; pitcher fly-ball pressure modest,2.86,30.11,87.03,96.6482,0.3801,0.0968,0.3133,68.37,3.47,37.69,22.73,8.7,0.1375,8.17,39.54,89.5,0.3448,0.1383,28.87,,,Oracle Park,
129,676356,Jonny DeLuca,TB,DET,2026-08-24T22:40:00Z,Scheduled,6,Framber Valdez,664285,L,35.2,Longshot,Watch List,"Projected Lineup, Platoon Edge",12.1,36.4,27.6,71.7,78.0,24.9,No,No,6,Yes,Yes,RotoWire projected lineup; MLB probable pitchers,lineup projected / unconfirmed,H:2026/2025 P:2026/2025,,,Direct BvP not yet weighted; 2026/2025 Statcast baseline active,7,6,21,0,"Last 7 games: 6/21, 0 HR","platoon edge; pitcher baseline 6.3% barrel, 13.6 HR allowed",neutral batted-ball profile; pitcher fly-ball pressure modest,3.42,30.54,85.53,97.4204,0.3486,0.1005,0.2747,72.89,30.13,46.02,21.99,5.6,0.1524,6.35,44.48,90.38,0.3847,0.1318,18.81,,,Comerica Park,
130,694497,Evan Carter,TEX,CWS,2026-08-24T23:40:00Z,Scheduled,6,José Urquidy,664353,R,35.0,Longshot,Watch List,"Projected Lineup, Platoon Edge",21.3,24.6,27.6,71.7,80.0,13.6,No,No,6,Yes,Yes,RotoWire projected lineup; MLB probable pitchers,lineup projected / unconfirmed,H:2026/2025 P:2026/2025,,,Direct BvP not yet weighted; 2026/2025 Statcast baseline active,7,4,19,0,"Last 7 games: 4/19, 0 HR","platoon edge; pitcher baseline 5.5% barrel, 1.4 HR allowed",neutral batted-ball profile; pitcher fly-ball pressure modest,5.62,35.72,87.54,98.6861,0.3334,0.1211,0.2905,70.95,17.58,38.56,27.91,7.1,0.1317,5.46,35.47,87.32,0.3889,0.1308,28.75,,,Rate Field,
131,681508,Mickey Gasper,BOS,MIA,2026-08-24T22:40:00Z,Scheduled,9,Sandy Alcantara,645261,R,34.8,Longshot,Watch List,"Projected Lineup, Platoon Edge, Hot Hitter/Streak",22.7,32.2,21.5,40.2,75.0,79.9,No,No,9,Yes,Yes,RotoWire projected lineup; MLB probable pitchers,lineup projected / unconfirmed,H:2026/2025 P:2026/2025,,,Direct BvP not yet weighted; 2026/2025 Statcast baseline active,7,6,21,3,Hot streak: 3 HR in last 7 games,"switch hitter; pitcher baseline 6.4% barrel, 19.2 HR allowed",neutral batted-ball profile; pitcher fly-ball pressure modest,5.08,34.91,88.43,98.4451,0.3446,0.123,0.292,71.58,14.03,40.45,30.92,2.7,0.1237,6.36,38.14,89.09,0.3877,0.1351,24.1,,,loanDepot park,
132,680757,Steven Kwan,CLE,LAA,2026-08-25T01:38:00Z,Scheduled,1,George Klassen,691946,R,34.6,Longshot,Watch List,"Projected Lineup, Premium Lineup Spot, Platoon Edge",2.5,39.1,28.2,88.7,80.0,10.8,No,No,1,Yes,Yes,RotoWire projected lineup; MLB probable pitchers,lineup projected / unconfirmed,H:2026/2025 P:2026,,,Direct BvP not yet weighted; 2026/2025 Statcast baseline active,7,5,26,0,"Last 7 games: 5/26, 0 HR","platoon edge; pitcher baseline 9.8% barrel, 2.0 HR allowed",neutral batted-ball profile; pitcher fly-ball pressure modest,0.78,12.3,84.52,92.5542,0.3408,0.0706,0.3191,62.8,0.38,27.81,23.58,4.7,0.0719,9.8,41.0,89.3,0.381,0.135,21.3,,,Angel Stadium,
133,702284,Cole Young,SEA,PHI,2026-08-25T01:40:00Z,Scheduled,6,Zack Wheeler,554430,R,34.5,Longshot,Watch List,"Projected Lineup, Platoon Edge",23.7,23.7,25.4,71.7,80.0,0.0,No,No,6,Yes,Yes,RotoWire projected lineup; MLB probable pitchers,lineup projected / unconfirmed,H:2026/2025 P:2026/2025,,,Direct BvP not yet weighted; 2026/2025 Statcast baseline active,7,1,25,0,"Last 7 games: 1/25, 0 HR","platoon edge; pitcher baseline 6.2% barrel, 16.2 HR allowed",neutral batted-ball profile; pitcher fly-ball pressure modest,4.9,36.21,88.3,98.9082,0.3844,0.131,0.3117,71.44,21.44,42.05,27.01,11.7,0.1241,6.22,34.73,86.91,0.3151,0.1156,25.88,,,T-Mobile Park,
134,691011,Drew Romo,CWS,TEX,2026-08-24T23:40:00Z,Scheduled,9,Kumar Rocker,677958,R,34.3,Longshot,Watch List,"Projected Lineup, Platoon Edge",9.7,47.8,27.6,40.2,75.0,62.8,No,No,9,Yes,Yes,RotoWire projected lineup; MLB probable pitchers,lineup projected / unconfirmed,H:2026/2025 P:2026/2025,,,Direct BvP not yet weighted; 2026/2025 Statcast baseline active,7,5,17,2,Hot streak: 2 HR in last 7 games,"switch hitter; pitcher baseline 9.1% barrel, 15.2 HR allowed",neutral batted-ball profile; pitcher fly-ball pressure modest,6.7,25.8,83.9,95.1095,0.2072,0.0784,0.1785,68.49,3.85,37.5,32.5,4.9,0.1134,9.07,42.67,89.73,0.4483,0.1836,23.7,,,Rate Field,
135,694203,Denzer Guzman,LAA,CLE,2026-08-25T01:38:00Z,Scheduled,7,Parker Messick,800048,L,34.3,Longshot,Watch List,"Projected Lineup, Platoon Edge",26.3,19.1,28.2,59.8,78.0,27.6,No,No,7,Yes,Yes,RotoWire projected lineup; MLB probable pitchers,lineup projected / unconfirmed,H:2026/2025 P:2026/2025,,,Direct BvP not yet weighted; 2026/2025 Statcast baseline active,7,4,22,1,"Last 7 games: 4/22, 1 HR","platoon edge; pitcher baseline 5.2% barrel, 11.0 HR allowed",neutral batted-ball profile; pitcher fly-ball pressure modest,8.98,37.02,86.71,98.388,0.3286,0.1183,0.2518,73.5,35.83,41.02,25.03,4.8,0.1418,5.24,31.69,87.47,0.3393,0.1156,21.19,,,Angel Stadium,
136,695681,Christian Moore,LAA,CLE,2026-08-25T01:38:00Z,Scheduled,8,Parker Messick,800048,L,34.3,Longshot,Watch List,"Projected Lineup, Strong Barrel, Platoon Edge",34.6,19.1,28.2,47.9,78.0,7.0,No,No,8,Yes,Yes,RotoWire projected lineup; MLB probable pitchers,lineup projected / unconfirmed,H:2026/2025 P:2026/2025,,,Direct BvP not yet weighted; 2026/2025 Statcast baseline active,7,4,24,0,"Last 7 games: 4/24, 0 HR","platoon edge; pitcher baseline 5.2% barrel, 11.0 HR allowed",neutral batted-ball profile; pitcher fly-ball pressure modest,12.08,40.92,90.86,101.092,0.2596,0.0874,0.2092,73.61,32.22,22.93,24.7,2.1,0.0761,5.24,31.69,87.47,0.3393,0.1156,21.19,,,Angel Stadium,
137,669134,Luis Campusano,SD,PIT,2026-08-25T01:40:00Z,Scheduled,6,Braxton Ashcraft,677952,R,34.0,Longshot,Watch List,Projected Lineup,22.9,32.7,22.6,71.7,50.0,13.6,No,No,6,Yes,Yes,RotoWire projected lineup; MLB probable pitchers,lineup projected / unconfirmed,H:2026/2025 P:2026/2025,,,Direct BvP not yet weighted; 2026/2025 Statcast baseline active,7,4,19,0,"Last 7 games: 4/19, 0 HR","same-side matchup; pitcher baseline 6.1% barrel, 15.6 HR allowed",neutral batted-ball profile; pitcher fly-ball pressure modest,6.79,38.61,88.01,98.8512,0.3102,0.1127,0.3039,72.61,26.84,46.28,18.47,3.5,0.1323,6.1,40.53,89.19,0.3619,0.1332,24.55,,,Petco Park,
138,702222,Justin Crawford,PHI,SEA,2026-08-25T01:40:00Z,Scheduled,9,Logan Gilbert,669302,R,33.9,Longshot,Watch List,"Projected Lineup, Platoon Edge",10.7,49.2,25.4,40.2,80.0,38.3,No,No,9,Yes,Yes,RotoWire projected lineup; MLB probable pitchers,lineup projected / unconfirmed,H:2026 P:2026/2025,,,Direct BvP not yet weighted; 2026/2025 Statcast baseline active,7,6,16,0,Contact streak: 6/16 over last 7 games,"platoon edge; pitcher baseline 9.7% barrel, 20.0 HR allowed",neutral batted-ball profile; pitcher fly-ball pressure modest,1.4,35.2,87.2,98.1635,0.321,0.063,0.284,69.0,5.6,26.6,17.2,2.0,0.088,9.65,41.77,90.17,0.3866,0.1617,28.75,,,T-Mobile Park,
139,672569,Gustavo Campero,LAA,CLE,2026-08-25T01:38:00Z,Scheduled,6,Parker Messick,800048,L,33.5,Longshot,Watch List,"Projected Lineup, Platoon Edge",18.0,18.0,28.2,71.7,75.0,45.0,No,No,6,Yes,Yes,RotoWire projected lineup; MLB probable pitchers,lineup projected / unconfirmed,H:2026/2025 P:2026/2025,,,Direct BvP not yet weighted; 2026/2025 Statcast baseline active,2,3,7,0,Contact streak: 3/7 over last 2 games,"switch hitter; pitcher baseline 5.2% barrel, 11.0 HR allowed",fly-ball profile; pitcher fly-ball pressure modest,2.04,34.81,88.8,98.3334,0.3367,0.0939,0.2662,70.15,9.04,37.54,36.85,0.9,0.1513,5.24,31.69,87.47,0.3393,0.1156,21.19,,,Angel Stadium,
140,656716,Zach McKinstry,DET,TB,2026-08-24T22:40:00Z,Scheduled,5,Drew Rasmussen,656876,R,33.4,Longshot,Watch List,"Projected Lineup, Platoon Edge",6.9,28.5,27.6,81.9,80.0,29.4,No,No,5,Yes,Yes,RotoWire projected lineup; MLB probable pitchers,lineup projected / unconfirmed,H:2026/2025 P:2026/2025,,,Direct BvP not yet weighted; 2026/2025 Statcast baseline active,7,6,19,0,"Last 7 games: 6/19, 0 HR","platoon edge; pitcher baseline 6.2% barrel, 14.5 HR allowed",neutral batted-ball profile; pitcher fly-ball pressure modest,3.44,24.9,85.63,95.7011,0.3307,0.0921,0.2938,67.99,4.21,40.47,26.6,6.4,0.1272,6.16,36.02,88.78,0.3575,0.1264,22.75,,,Comerica Park,
141,665923,Esteury Ruiz,MIA,BOS,2026-08-24T22:40:00Z,Scheduled,1,Ranger Suarez,624133,L,33.3,Longshot,Watch List,"Projected Lineup, Premium Lineup Spot, Platoon Edge",18.1,17.3,21.5,88.7,78.0,10.6,No,No,1,Yes,Yes,RotoWire projected lineup; MLB probable pitchers,lineup projected / unconfirmed,H:2026/2025 P:2026/2025,,,Direct BvP not yet weighted; 2026/2025 Statcast baseline active,7,4,21,0,"Last 7 games: 4/21, 0 HR","platoon edge; pitcher baseline 4.9% barrel, 9.1 HR allowed",neutral batted-ball profile; pitcher fly-ball pressure modest,8.05,26.95,84.44,96.2915,0.3251,0.14,0.2826,71.38,18.17,45.36,25.48,4.5,0.1773,4.94,32.29,86.43,0.351,0.1089,23.12,,,loanDepot park,
142,518595,Travis d'Arnaud,LAA,CLE,2026-08-25T01:38:00Z,Scheduled,9,Parker Messick,800048,L,33.3,Longshot,Watch List,"Projected Lineup, Strong Barrel, Platoon Edge",35.2,19.1,28.2,40.2,78.0,5.1,No,No,9,Yes,Yes,RotoWire projected lineup; MLB probable pitchers,lineup projected / unconfirmed,H:2026/2025 P:2026/2025,,,Direct BvP not yet weighted; 2026/2025 Statcast baseline active,7,2,13,0,"Last 7 games: 2/13, 0 HR","platoon edge; pitcher baseline 5.2% barrel, 11.0 HR allowed",neutral batted-ball profile; pitcher fly-ball pressure modest,12.66,33.49,87.92,97.9612,0.339,0.1624,0.2746,71.08,12.69,29.46,31.65,2.5,0.0963,5.24,31.69,87.47,0.3393,0.1156,21.19,,,Angel Stadium,
143,801126,Brock Rodden,SEA,PHI,2026-08-25T01:40:00Z,Scheduled,9,Zack Wheeler,554430,R,33.3,Longshot,Watch List,"Projected Lineup, Platoon Edge",33.0,22.0,25.4,40.2,75.0,19.5,No,No,9,Yes,Yes,RotoWire projected lineup; MLB probable pitchers,lineup projected / unconfirmed,H:2026 P:2026/2025,,,Direct BvP not yet weighted; 2026/2025 Statcast baseline active,7,5,20,0,"Last 7 games: 5/20, 0 HR","switch hitter; pitcher baseline 6.2% barrel, 16.2 HR allowed",fly-ball profile; pitcher fly-ball pressure modest,6.7,46.7,91.2,98.1138,0.252,0.105,0.234,69.6,2.4,66.7,46.7,0.0,0.167,6.22,34.73,86.91,0.3151,0.1156,25.88,,,T-Mobile Park,
144,805367,Chase Meidroth,CWS,TEX,2026-08-24T23:40:00Z,Scheduled,7,Kumar Rocker,677958,R,33.2,Longshot,Watch List,Projected Lineup,12.7,49.4,27.6,59.8,50.0,2.7,No,No,7,Yes,Yes,RotoWire projected lineup; MLB probable pitchers,lineup projected / unconfirmed,H:2026/2025 P:2026/2025,,,Direct BvP not yet weighted; 2026/2025 Statcast baseline active,7,4,29,0,"Last 7 games: 4/29, 0 HR","same-side matchup; pitcher baseline 9.1% barrel, 15.2 HR allowed",neutral batted-ball profile; pitcher fly-ball pressure modest,3.63,35.05,87.85,97.3946,0.3323,0.094,0.2937,67.19,1.25,38.75,19.91,9.9,0.1111,9.07,42.67,89.73,0.4483,0.1836,23.7,,,Rate Field,
145,669707,Jared Triolo,PIT,SD,2026-08-25T01:40:00Z,Scheduled,9,Robbie Ray,592662,L,33.2,Longshot,Watch List,"Projected Lineup, Platoon Edge",15.9,49.1,22.6,40.2,78.0,2.5,No,No,9,Yes,Yes,RotoWire projected lineup; MLB probable pitchers,lineup projected / unconfirmed,H:2026/2025 P:2026/2025,,,Direct BvP not yet weighted; 2026/2025 Statcast baseline active,7,3,22,0,"Last 7 games: 3/22, 0 HR","platoon edge; pitcher baseline 9.0% barrel, 19.2 HR allowed",neutral batted-ball profile; pitcher allows elevated contact,3.54,37.22,87.81,98.6081,0.3389,0.095,0.296,70.9,7.79,38.69,20.61,3.5,0.0856,8.97,40.22,89.74,0.406,0.1723,34.22,,,Petco Park,
146,621493,Taylor Ward,SEA,PHI,2026-08-25T01:40:00Z,Scheduled,7,Zack Wheeler,554430,R,32.9,Longshot,Watch List,Projected Lineup,31.8,23.7,25.4,59.8,50.0,0.0,No,No,7,Yes,Yes,RotoWire projected lineup; MLB probable pitchers,lineup projected / unconfirmed,H:2026/2025 P:2026/2025,,,Direct BvP not yet weighted; 2026/2025 Statcast baseline active,7,3,26,0,"Last 7 games: 3/26, 0 HR","same-side matchup; pitcher baseline 6.2% barrel, 16.2 HR allowed",neutral batted-ball profile; pitcher fly-ball pressure modest,8.03,39.27,89.26,99.3836,0.3933,0.1532,0.3365,68.8,4.16,33.17,30.15,15.7,0.1399,6.22,34.73,86.91,0.3151,0.1156,25.88,,,T-Mobile Park,
147,663968,Jake Mangum,PIT,SD,2026-08-25T01:40:00Z,Scheduled,7,Robbie Ray,592662,L,32.8,Longshot,Watch List,"Projected Lineup, Platoon Edge",6.4,47.0,22.6,59.8,75.0,17.7,No,No,7,Yes,Yes,RotoWire projected lineup; MLB probable pitchers,lineup projected / unconfirmed,H:2026/2025 P:2026/2025,,,Direct BvP not yet weighted; 2026/2025 Statcast baseline active,7,5,21,0,"Last 7 games: 5/21, 0 HR","switch hitter; pitcher baseline 9.0% barrel, 19.2 HR allowed",neutral batted-ball profile; pitcher allows elevated contact,2.28,29.55,85.9,96.7064,0.3325,0.0822,0.283,67.65,3.94,27.37,15.7,3.7,0.0846,8.97,40.22,89.74,0.406,0.1723,34.22,,,Petco Park,
148,696285,Jacob Young,WSH,COL,2026-08-24T22:45:00Z,Scheduled,9,Ryan Feltner,663372,R,32.4,Longshot,Watch List,Projected Lineup,18.6,47.6,28.2,40.2,50.0,10.6,No,No,9,Yes,Yes,RotoWire projected lineup; MLB probable pitchers,lineup projected / unconfirmed,H:2026/2025 P:2026/2025,,,Direct BvP not yet weighted; 2026/2025 Statcast baseline active,7,4,21,0,"Last 7 games: 4/21, 0 HR","same-side matchup; pitcher baseline 9.1% barrel, 14.5 HR allowed",neutral batted-ball profile; pitcher fly-ball pressure modest,4.91,32.87,88.02,98.0188,0.3752,0.1146,0.3124,69.14,2.16,35.28,24.42,7.6,0.1204,9.07,37.87,88.25,0.4533,0.1989,29.51,,,Nationals Park,
149,593428,Xander Bogaerts,SD,PIT,2026-08-25T01:40:00Z,Scheduled,8,Braxton Ashcraft,677952,R,32.4,Longshot,Watch List,Projected Lineup,28.6,32.7,22.6,47.9,50.0,9.3,No,No,8,Yes,Yes,RotoWire projected lineup; MLB probable pitchers,lineup projected / unconfirmed,H:2026/2025 P:2026/2025,,,Direct BvP not yet weighted; 2026/2025 Statcast baseline active,7,4,22,0,"Last 7 games: 4/22, 0 HR","same-side matchup; pitcher baseline 6.1% barrel, 15.6 HR allowed",neutral batted-ball profile; pitcher fly-ball pressure modest,6.41,40.53,88.93,100.053,0.3857,0.1341,0.3235,72.38,28.08,43.94,23.41,11.0,0.1147,6.1,40.53,89.19,0.3619,0.1332,24.55,,,Petco Park,
150,677870,Leo Jimenez,MIA,BOS,2026-08-24T22:40:00Z,Scheduled,7,Ranger Suarez,624133,L,32.3,Longshot,Watch List,"Projected Lineup, Platoon Edge",28.7,17.3,21.5,59.8,78.0,0.8,No,No,7,Yes,Yes,RotoWire projected lineup; MLB probable pitchers,lineup projected / unconfirmed,H:2026/2025 P:2026/2025,,,Direct BvP not yet weighted; 2026/2025 Statcast baseline active,7,2,16,0,"Last 7 games: 2/16, 0 HR","platoon edge; pitcher baseline 4.9% barrel, 9.1 HR allowed",neutral batted-ball profile; pitcher fly-ball pressure modest,5.74,45.52,91.16,100.5261,0.3315,0.108,0.2904,71.58,13.57,35.42,23.89,1.7,0.0778,4.94,32.29,86.43,0.351,0.1089,23.12,,,loanDepot park,
151,677587,Brayan Rocchio,CLE,LAA,2026-08-25T01:38:00Z,Scheduled,9,George Klassen,691946,R,32.3,Longshot,Watch List,"Projected Lineup, Platoon Edge",14.3,38.9,28.2,40.2,75.0,32.9,No,No,9,Yes,Yes,RotoWire projected lineup; MLB probable pitchers,lineup projected / unconfirmed,H:2026/2025 P:2026,,,Direct BvP not yet weighted; 2026/2025 Statcast baseline active,7,5,23,1,"Last 7 games: 5/23, 1 HR","switch hitter; pitcher baseline 9.8% barrel, 2.0 HR allowed",neutral batted-ball profile; pitcher fly-ball pressure modest,3.23,32.42,87.09,97.3349,0.3517,0.1074,0.2936,70.0,7.08,43.5,25.51,8.5,0.1154,9.8,41.0,89.3,0.381,0.135,21.3,,,Angel Stadium,
152,691788,Joe Mack,MIA,BOS,2026-08-24T22:40:00Z,Scheduled,9,Ranger Suarez,624133,L,31.7,Longshot,Watch List,Projected Lineup,36.8,17.3,21.5,40.2,50.0,41.2,No,No,9,Yes,Yes,RotoWire projected lineup; MLB probable pitchers,lineup projected / unconfirmed,H:2026 P:2026/2025,,,Direct BvP not yet weighted; 2026/2025 Statcast baseline active,7,6,22,1,"Last 7 games: 6/22, 1 HR","same-side matchup; pitcher baseline 4.9% barrel, 9.1 HR allowed",neutral batted-ball profile; pitcher fly-ball pressure modest,9.2,38.5,88.5,99.6793,0.408,0.179,0.302,74.3,42.8,49.4,25.3,12.0,0.188,4.94,32.29,86.43,0.351,0.1089,23.12,,,loanDepot park,
153,678662,Ezequiel Tovar,COL,WSH,2026-08-24T22:45:00Z,Scheduled,9,Cade Cavalli,676917,R,31.6,Longshot,Watch List,Projected Lineup,28.5,32.3,28.2,40.2,50.0,2.0,No,No,9,Yes,Yes,RotoWire projected lineup; MLB probable pitchers,lineup projected / unconfirmed,H:2026/2025 P:2026/2025,,,Direct BvP not yet weighted; 2026/2025 Statcast baseline active,7,2,15,0,"Last 7 games: 2/15, 0 HR","same-side matchup; pitcher baseline 6.3% barrel, 12.6 HR allowed",neutral batted-ball profile; pitcher fly-ball pressure modest,7.34,34.91,87.86,98.9481,0.385,0.1506,0.2889,71.95,20.68,38.03,29.78,9.0,0.1288,6.32,41.52,88.75,0.3783,0.1333,21.54,,,Nationals Park,
154,691594,Javier Sanoja,MIA,BOS,2026-08-24T22:40:00Z,Scheduled,6,Ranger Suarez,624133,L,31.4,Longshot,Watch List,"Projected Lineup, Platoon Edge, Hot Hitter/Streak",9.6,17.3,21.5,71.7,78.0,76.4,No,No,6,Yes,Yes,RotoWire projected lineup; MLB probable pitchers,lineup projected / unconfirmed,H:2026/2025 P:2026/2025,,,Direct BvP not yet weighted; 2026/2025 Statcast baseline active,7,10,26,2,Hot streak: 2 HR in last 7 games,"platoon edge; pitcher baseline 4.9% barrel, 9.1 HR allowed",neutral batted-ball profile; pitcher fly-ball pressure modest,2.15,31.99,87.17,97.3313,0.3329,0.0795,0.2778,69.0,6.81,37.66,19.46,6.0,0.1474,4.94,32.29,86.43,0.351,0.1089,23.12,,,loanDepot park,
155,669364,Xavier Edwards,MIA,BOS,2026-08-24T22:40:00Z,Scheduled,3,Ranger Suarez,624133,L,31.3,Longshot,Watch List,"Projected Lineup, Premium Lineup Spot, Platoon Edge",9.4,16.4,21.5,92.1,75.0,28.2,No,No,3,Yes,Yes,RotoWire projected lineup; MLB probable pitchers,lineup projected / unconfirmed,H:2026/2025 P:2026/2025,,,Direct BvP not yet weighted; 2026/2025 Statcast baseline active,7,8,26,0,"Last 7 games: 8/26, 0 HR","switch hitter; pitcher baseline 4.9% barrel, 9.1 HR allowed",neutral batted-ball profile; pitcher fly-ball pressure modest,2.62,29.19,86.87,96.6368,0.3565,0.0921,0.3104,67.95,2.61,28.8,21.84,5.1,0.0889,4.94,32.29,86.43,0.351,0.1089,23.12,,,loanDepot park,
156,806367,Turner Hill,SF,CIN,2026-08-25T01:45:00Z,Scheduled,7,Chase Burns,695505,R,31.0,Longshot,Watch List,"Projected Lineup, Platoon Edge",8.0,37.3,19.3,59.8,80.0,19.5,No,No,7,Yes,Yes,RotoWire projected lineup; MLB probable pitchers,lineup projected / unconfirmed,H:2026 P:2026/2025,,,Direct BvP not yet weighted; 2026/2025 Statcast baseline active,6,3,12,0,"Last 6 games: 3/12, 0 HR","platoon edge; pitcher baseline 8.2% barrel, 10.6 HR allowed",neutral batted-ball profile; pitcher fly-ball pressure modest,0.0,33.3,85.5,95.0953,0.347,0.09,0.303,64.5,0.0,44.4,22.2,0.0,0.167,8.17,39.54,89.5,0.3448,0.1383,28.87,,,Oracle Park,
157,650859,Luis Rengifo,SD,PIT,2026-08-25T01:40:00Z,Scheduled,9,Braxton Ashcraft,677952,R,30.9,Longshot,Watch List,"Projected Lineup, Platoon Edge",16.0,31.1,22.6,40.2,75.0,48.3,No,No,9,Yes,Yes,RotoWire projected lineup; MLB probable pitchers,lineup projected / unconfirmed,H:2026/2025 P:2026/2025,,,Direct BvP not yet weighted; 2026/2025 Statcast baseline active,7,8,25,1,Contact streak: 8/25 over last 7 games,"switch hitter; pitcher baseline 6.1% barrel, 15.6 HR allowed",neutral batted-ball profile; pitcher fly-ball pressure modest,4.51,33.61,87.45,97.7703,0.3554,0.0996,0.3048,70.76,14.16,37.11,18.01,5.5,0.0858,6.1,40.53,89.19,0.3619,0.1332,24.55,,,Petco Park,
158,663743,Nick Fortes,TB,DET,2026-08-24T22:40:00Z,Scheduled,8,Framber Valdez,664285,L,30.8,Longshot,Watch List,"Projected Lineup, Platoon Edge",12.6,36.4,27.6,47.9,78.0,0.0,No,No,8,Yes,Yes,RotoWire projected lineup; MLB probable pitchers,lineup projected / unconfirmed,H:2026/2025 P:2026/2025,,,Direct BvP not yet weighted; 2026/2025 Statcast baseline active,7,1,13,0,"Last 7 games: 1/13, 0 HR","platoon edge; pitcher baseline 6.3% barrel, 13.6 HR allowed",neutral batted-ball profile; pitcher fly-ball pressure modest,2.92,35.66,85.96,98.9755,0.336,0.0937,0.2812,72.21,21.01,50.63,17.87,4.3,0.1067,6.35,44.48,90.38,0.3847,0.1318,18.81,,,Comerica Park,
159,699302,Hector Rodriguez,CIN,SF,2026-08-25T01:45:00Z,Scheduled,9,,,,30.8,Longshot,Watch List,Projected Lineup,16.2,41.2,19.3,40.2,60.0,32.9,No,No,9,Yes,Yes,RotoWire projected lineup; MLB probable pitchers,lineup projected / unconfirmed,H:2026 P:,,,Direct BvP not yet weighted; 2026/2025 Statcast baseline active,7,5,23,1,"Last 7 games: 5/23, 1 HR","handedness incomplete; pitcher baseline 0.0% barrel, 0.0 HR allowed",neutral batted-ball profile; pitcher fly-ball pressure modest,6.5,25.8,86.8,96.9028,0.263,0.092,0.244,75.0,53.9,41.9,25.8,1.0,0.122,,,,,,,,,Oracle Park,
160,655316,Andruw Monasterio,BOS,MIA,2026-08-24T22:40:00Z,Scheduled,8,Sandy Alcantara,645261,R,30.7,Longshot,Watch List,Projected Lineup,24.5,34.2,21.5,47.9,50.0,0.0,No,No,8,Yes,Yes,RotoWire projected lineup; MLB probable pitchers,lineup projected / unconfirmed,H:2026/2025 P:2026/2025,,,Direct BvP not yet weighted; 2026/2025 Statcast baseline active,7,3,27,0,"Last 7 games: 3/27, 0 HR","same-side matchup; pitcher baseline 6.4% barrel, 19.2 HR allowed",neutral batted-ball profile; pitcher fly-ball pressure modest,6.77,33.21,87.84,97.4351,0.3735,0.1376,0.2947,69.24,3.43,39.99,31.9,5.4,0.1621,6.36,38.14,89.09,0.3877,0.1351,24.1,,,loanDepot park,
161,683083,Nasim Nunez,WSH,COL,2026-08-24T22:45:00Z,Scheduled,8,Ryan Feltner,663372,R,30.6,Longshot,Watch List,"Projected Lineup, Platoon Edge",5.7,46.0,28.2,47.9,75.0,0.0,No,No,8,Yes,Yes,RotoWire projected lineup; MLB probable pitchers,lineup projected / unconfirmed,H:2026/2025 P:2026/2025,,,Direct BvP not yet weighted; 2026/2025 Statcast baseline active,7,3,25,0,"Last 7 games: 3/25, 0 HR","switch hitter; pitcher baseline 9.1% barrel, 14.5 HR allowed",neutral batted-ball profile; pitcher fly-ball pressure modest,1.62,28.27,86.15,96.1525,0.3005,0.0727,0.2764,68.74,4.84,30.94,19.1,1.9,0.0748,9.07,37.87,88.25,0.4533,0.1989,29.51,,,Nationals Park,
162,642215,Weston Wilson,SEA,PHI,2026-08-25T01:40:00Z,Scheduled,8,Zack Wheeler,554430,R,30.6,Longshot,Watch List,Projected Lineup,23.5,23.7,25.4,47.9,50.0,43.2,No,No,8,Yes,Yes,RotoWire projected lineup; MLB probable pitchers,lineup projected / unconfirmed,H:2026/2025 P:2026/2025,,,Direct BvP not yet weighted; 2026/2025 Statcast baseline active,7,4,14,1,"Last 7 games: 4/14, 1 HR","same-side matchup; pitcher baseline 6.2% barrel, 16.2 HR allowed",neutral batted-ball profile; pitcher fly-ball pressure modest,7.01,36.24,86.25,98.5687,0.336,0.1298,0.2859,72.64,26.05,45.66,27.25,4.3,0.1535,6.22,34.73,86.91,0.3151,0.1156,25.88,,,T-Mobile Park,
163,802415,Chandler Simpson,TB,DET,2026-08-24T22:40:00Z,Scheduled,5,Framber Valdez,664285,L,30.4,Longshot,Watch List,Projected Lineup,0.2,36.4,27.6,81.9,50.0,30.2,No,No,5,Yes,Yes,RotoWire projected lineup; MLB probable pitchers,lineup projected / unconfirmed,H:2026/2025 P:2026/2025,,,Direct BvP not yet weighted; 2026/2025 Statcast baseline active,7,9,28,0,Contact streak: 9/28 over last 7 games,"same-side matchup; pitcher baseline 6.3% barrel, 13.6 HR allowed",neutral batted-ball profile; pitcher fly-ball pressure modest,0.0,14.71,84.02,92.9074,0.3073,0.0382,0.2732,64.66,0.51,28.06,12.93,0.0,0.0535,6.35,44.48,90.38,0.3847,0.1318,18.81,,,Comerica Park,
164,703601,Max Clark,DET,TB,2026-08-24T22:40:00Z,Scheduled,8,Drew Rasmussen,656876,R,30.1,Longshot,Watch List,"Projected Lineup, Platoon Edge",13.1,28.5,27.6,47.9,80.0,18.0,No,No,8,Yes,Yes,RotoWire projected lineup; MLB probable pitchers,lineup projected / unconfirmed,H:2026 P:2026/2025,,,Direct BvP not yet weighted; 2026/2025 Statcast baseline active,7,6,25,0,"Last 7 games: 6/25, 0 HR","platoon edge; pitcher baseline 6.2% barrel, 14.5 HR allowed",neutral batted-ball profile; pitcher fly-ball pressure modest,1.6,36.1,85.5,97.2223,0.355,0.078,0.308,73.0,25.7,37.7,24.6,1.0,0.127,6.16,36.02,88.78,0.3575,0.1264,22.75,,,Comerica Park,
165,702332,Caleb Durbin,BOS,MIA,2026-08-24T22:40:00Z,Scheduled,6,Sandy Alcantara,645261,R,28.6,Longshot,Watch List,Projected Lineup,4.0,34.2,21.5,71.7,50.0,26.4,No,No,6,Yes,Yes,RotoWire projected lineup; MLB probable pitchers,lineup projected / unconfirmed,H:2026/2025 P:2026/2025,,,Direct BvP not yet weighted; 2026/2025 Statcast baseline active,7,8,27,0,"Last 7 games: 8/27, 0 HR","same-side matchup; pitcher baseline 6.4% barrel, 19.2 HR allowed",neutral batted-ball profile; pitcher fly-ball pressure modest,3.16,25.85,84.01,95.6394,0.3326,0.0916,0.2938,68.88,5.3,40.46,19.61,11.7,0.1401,6.36,38.14,89.09,0.3877,0.1351,24.1,,,loanDepot park,
166,701852,Drew Cavanaugh,SF,CIN,2026-08-25T01:45:00Z,Scheduled,8,Chase Burns,695505,R,28.6,Longshot,Watch List,"Projected Lineup, Platoon Edge",6.2,37.3,19.3,47.9,80.0,16.1,No,No,8,Yes,Yes,RotoWire projected lineup; MLB probable pitchers,lineup projected / unconfirmed,H:2026 P:2026/2025,,,Direct BvP not yet weighted; 2026/2025 Statcast baseline active,7,5,22,0,"Last 7 games: 5/22, 0 HR","platoon edge; pitcher baseline 8.2% barrel, 10.6 HR allowed",neutral batted-ball profile; pitcher fly-ball pressure modest,3.3,25.8,84.8,97.6133,0.336,0.098,0.31,69.3,5.8,24.2,21.0,0.0,0.012,8.17,39.54,89.5,0.3448,0.1383,28.87,,,Oracle Park,
167,624431,Jose Trevino,CIN,SF,2026-08-25T01:45:00Z,Scheduled,8,,,,28.4,Longshot,Watch List,Projected Lineup,9.8,41.2,19.3,47.9,60.0,5.7,No,No,8,Yes,Yes,RotoWire projected lineup; MLB probable pitchers,lineup projected / unconfirmed,H:2026/2025 P:,,,Direct BvP not yet weighted; 2026/2025 Statcast baseline active,7,3,19,0,"Last 7 games: 3/19, 0 HR","handedness incomplete; pitcher baseline 0.0% barrel, 0.0 HR allowed",neutral batted-ball profile; pitcher fly-ball pressure modest,2.96,33.7,86.57,97.569,0.306,0.0906,0.2346,68.66,2.85,35.79,21.78,4.0,0.1326,,,,,,,,,Oracle Park,
168,670764,Taylor Walls,TB,DET,2026-08-24T22:40:00Z,Scheduled,9,Framber Valdez,664285,L,27.3,Longshot,Watch List,"Projected Lineup, Platoon Edge",5.7,34.9,27.6,40.2,75.0,10.6,No,No,9,Yes,Yes,RotoWire projected lineup; MLB probable pitchers,lineup projected / unconfirmed,H:2026/2025 P:2026/2025,,,Direct BvP not yet weighted; 2026/2025 Statcast baseline active,7,4,21,0,"Last 7 games: 4/21, 0 HR","switch hitter; pitcher baseline 6.3% barrel, 13.6 HR allowed",neutral batted-ball profile; pitcher fly-ball pressure modest,2.43,23.18,86.09,95.4695,0.2698,0.0752,0.2512,68.35,2.13,38.05,28.77,2.6,0.0822,6.35,44.48,90.38,0.3847,0.1318,18.81,,,Comerica Park,
169,643376,Danny Jansen,TEX,CWS,2026-08-24T23:40:00Z,Scheduled,9,José Urquidy,664353,R,26.7,Longshot,Watch List,Projected Lineup,19.6,24.6,27.6,40.2,50.0,0.0,No,No,9,Yes,Yes,RotoWire projected lineup; MLB probable pitchers,lineup projected / unconfirmed,H:2026/2025 P:2026/2025,,,Direct BvP not yet weighted; 2026/2025 Statcast baseline active,7,1,15,0,"Last 7 games: 1/15, 0 HR","same-side matchup; pitcher baseline 5.5% barrel, 1.4 HR allowed",neutral batted-ball profile; pitcher fly-ball pressure modest,6.56,33.75,87.11,97.4711,0.2888,0.1164,0.2598,70.06,7.02,54.75,28.56,6.3,0.1455,5.46,35.47,87.32,0.3889,0.1308,28.75,,,Rate Field,
170,683766,Christian Koss,SF,CIN,2026-08-25T01:45:00Z,Scheduled,9,Chase Burns,695505,R,26.6,Longshot,Watch List,Projected Lineup,11.8,37.3,19.3,40.2,50.0,14.6,No,No,9,Yes,Yes,RotoWire projected lineup; MLB probable pitchers,lineup projected / unconfirmed,H:2026/2025 P:2026/2025,,,Direct BvP not yet weighted; 2026/2025 Statcast baseline active,7,5,23,0,"Last 7 games: 5/23, 0 HR","same-side matchup; pitcher baseline 8.2% barrel, 10.6 HR allowed",neutral batted-ball profile; pitcher fly-ball pressure modest,5.72,29.96,85.64,97.4326,0.3152,0.0928,0.2564,69.86,6.28,39.42,20.24,0.9,0.0662,8.17,39.54,89.5,0.3448,0.1383,28.87,,,Oracle Park,
171,670032,Nicky Lopez,TEX,CWS,2026-08-24T23:40:00Z,Scheduled,8,José Urquidy,664353,R,24.5,Longshot,Watch List,"Projected Lineup, Platoon Edge",1.6,24.6,27.6,47.9,80.0,0.0,No,No,8,Yes,Yes,RotoWire projected lineup; MLB probable pitchers,lineup projected / unconfirmed,H:2026/2025 P:2026/2025,,,Direct BvP not yet weighted; 2026/2025 Statcast baseline active,7,1,11,0,"Last 7 games: 1/11, 0 HR","platoon edge; pitcher baseline 5.5% barrel, 1.4 HR allowed",neutral batted-ball profile; pitcher fly-ball pressure modest,0.0,26.56,84.52,94.9971,0.255,0.0398,0.2463,66.58,0.96,33.31,12.0,0.7,0.028,5.46,35.47,87.32,0.3889,0.1308,28.75,,,Rate Field,
