rank,hitter_id,player,team,opponent,game_start_time,game_status,batting_order,pitcher,pitcher_id,pitcher_hand,hr_score,tier,play_type,reason_tags,power_score,pitcher_score,environment_score,lineup_score,platoon_score,recent_form_score,confirmed_lineup,rotowire_confirmed_lineup,rotowire_batting_order,rotowire_player_found,lineup_disagreement,lineup_sources_used,source_warnings,stat_years_used,bvp_pa,bvp_hr,bvp_note,recent_games,recent_hits,recent_abs,recent_hr,recent_form_note,split_matchup_note,pitch_mix_note,barrel_pct,hard_hit_pct,avg_exit_velocity,ev50,xslg,xiso,xwoba,bat_speed,fast_swing_pct,pull_pct,fb_pct,hr_total,iso,pitcher_barrel_pct_allowed,pitcher_hard_hit_pct_allowed,pitcher_avg_exit_velocity_allowed,pitcher_xslg_allowed,pitcher_xiso_allowed,pitcher_fb_pct_allowed,wind_direction,weather_temp,ballpark,odds
1,660271,Shohei Ohtani,LAD,PIT,2026-08-22T23:15:00Z,Pre-Game,1,Jared Jones,683003,R,72.2,Tier 2,Watch List,"Elite Power, Strong Barrel, Good Environment, Premium Lineup Spot, Platoon Edge, Hot Hitter/Streak",81.5,42.6,72.6,93.2,80.0,79.9,Yes,Yes,1,Yes,No,MLB Stats API; RotoWire,,H:2026/2025 P:2026,,,Direct BvP not yet weighted; 2026/2025 Statcast baseline active,7,8,28,3,Hot streak: 3 HR in last 7 games,"platoon edge; pitcher baseline 8.6% barrel, 11.0 HR allowed",lift-pull EV profile; pitcher fly-ball pressure modest,18.67,54.57,93.99,104.5751,0.6,0.3106,0.4138,75.03,53.15,46.63,32.2,37.5,0.2847,8.6,39.1,89.6,0.392,0.173,27.0,Out To RF,90,UNIQLO Field at Dodger Stadium,
2,624413,Pete Alonso,BAL,TB,2026-08-22T23:05:00Z,Warmup,2,Shane McClanahan,663556,L,68.9,Tier 3,Watch List,"Strong Barrel, Premium Lineup Spot, Platoon Edge, Hot Hitter/Streak",73.0,43.4,55.6,100.0,78.0,100.0,Yes,Yes,2,Yes,No,MLB Stats API; RotoWire,,H:2026/2025 P:2026,,,Direct BvP not yet weighted; 2026/2025 Statcast baseline active,7,12,27,4,Hot streak: 4 HR in last 7 games,"platoon edge; pitcher baseline 8.7% barrel, 8.0 HR allowed",EV profile; pitcher fly-ball pressure modest,15.54,55.66,93.92,104.2486,0.5566,0.2752,0.3916,74.78,48.93,35.73,30.95,32.4,0.2387,8.7,41.5,89.5,0.405,0.164,27.7,R To L,74,Oriole Park at Camden Yards,
3,808959,Munetaka Murakami,CWS,NYM,2026-08-22T23:10:00Z,Warmup,2,Christian Scott,681035,R,66.9,Tier 3,Watch List,"Elite Power, Strong Barrel, Premium Lineup Spot, Platoon Edge",82.5,26.5,68.6,100.0,80.0,36.7,Yes,Yes,2,Yes,No,MLB Stats API; RotoWire,,H:2026 P:2026,,,Direct BvP not yet weighted; 2026/2025 Statcast baseline active,7,3,27,2,Hot streak: 2 HR in last 7 games,"platoon edge; pitcher baseline 6.8% barrel, 8.0 HR allowed",lift-pull EV profile; pitcher fly-ball pressure modest,20.4,58.7,94.0,104.6102,0.512,0.292,0.37,74.8,50.9,41.8,38.8,29.0,0.301,6.8,34.7,87.2,0.356,0.127,26.5,Out To CF,78,Rate Field,
4,804668,Rafael Flores Jr.,PIT,LAD,2026-08-22T23:15:00Z,Pre-Game,5,Tarik Skubal,669373,L,66.8,Tier 3,Watch List,"Elite Power, Strong Barrel, Good Environment, Platoon Edge, Hot Hitter/Streak",76.6,28.8,72.6,86.4,78.0,91.5,Yes,Yes,5,Yes,No,MLB Stats API; RotoWire,,H:2026/2025 P:2026/2025,,,Direct BvP not yet weighted; 2026/2025 Statcast baseline active,7,8,22,3,Hot streak: 3 HR in last 7 games,"platoon edge; pitcher baseline 7.5% barrel, 13.8 HR allowed",lift-pull EV profile; pitcher fly-ball pressure modest,17.75,54.73,92.28,102.8564,0.5462,0.2871,0.3841,73.75,37.85,39.49,45.27,4.2,0.3094,7.54,35.38,86.94,0.3433,0.1233,26.32,Out To RF,90,UNIQLO Field at Dodger Stadium,
5,571970,Max Muncy,LAD,PIT,2026-08-22T23:15:00Z,Pre-Game,4,Jared Jones,683003,R,64.6,Tier 3,Watch List,"Strong Barrel, Good Environment, Premium Lineup Spot, Platoon Edge, Hot Hitter/Streak",57.6,42.6,72.6,94.9,80.0,79.9,Yes,Yes,4,Yes,No,MLB Stats API; RotoWire,,H:2026/2025 P:2026,,,Direct BvP not yet weighted; 2026/2025 Statcast baseline active,7,6,21,3,Hot streak: 3 HR in last 7 games,"platoon edge; pitcher baseline 8.6% barrel, 11.0 HR allowed",fly-ball profile; pitcher fly-ball pressure modest,13.74,47.44,90.81,101.459,0.4837,0.245,0.3565,71.38,14.83,52.76,35.58,23.9,0.2445,8.6,39.1,89.6,0.392,0.173,27.0,Out To RF,90,UNIQLO Field at Dodger Stadium,
6,665833,Oneil Cruz,PIT,LAD,2026-08-22T23:15:00Z,Pre-Game,4,Tarik Skubal,669373,L,63.6,Tier 3,Watch List,"Elite Power, Strong Barrel, Good Environment, Premium Lineup Spot",75.0,28.8,72.6,94.9,50.0,65.5,Yes,Yes,4,Yes,No,MLB Stats API; RotoWire,,H:2026/2025 P:2026/2025,,,Direct BvP not yet weighted; 2026/2025 Statcast baseline active,7,5,16,2,Hot streak: 2 HR in last 7 games,"same-side matchup; pitcher baseline 7.5% barrel, 13.8 HR allowed",EV profile; pitcher fly-ball pressure modest,17.51,57.72,95.8,107.1338,0.4817,0.2371,0.3527,78.45,76.94,40.09,24.85,17.2,0.2102,7.54,35.38,86.94,0.3433,0.1233,26.32,Out To RF,90,UNIQLO Field at Dodger Stadium,
7,608369,Corey Seager,TEX,LAA,2026-08-22T23:05:00Z,Warmup,2,Ryan Johnson,696270,R,63.1,Tier 3,Watch List,"Strong Barrel, Premium Lineup Spot, Platoon Edge",62.1,50.2,42.1,100.0,80.0,60.3,Yes,Yes,2,Yes,No,MLB Stats API; RotoWire,,H:2026/2025 P:2026/2025,,,Direct BvP not yet weighted; 2026/2025 Statcast baseline active,7,10,25,1,Contact streak: 10/25 over last 7 games,"platoon edge; pitcher baseline 10.4% barrel, 12.4 HR allowed",neutral batted-ball profile; pitcher allows elevated contact,15.37,49.19,91.92,102.6296,0.4976,0.2455,0.3601,71.87,15.72,40.29,31.9,15.4,0.2006,10.39,36.84,87.82,0.4535,0.1945,33.95,None,74,Globe Life Field,
8,699013,Esmerlyn Valdez,PIT,LAD,2026-08-22T23:15:00Z,Pre-Game,2,Tarik Skubal,669373,L,62.8,Tier 3,Watch List,"Strong Barrel, Good Environment, Premium Lineup Spot, Platoon Edge",70.0,28.8,72.6,100.0,78.0,18.2,Yes,Yes,2,Yes,No,MLB Stats API; RotoWire,,H:2026 P:2026/2025,,,Direct BvP not yet weighted; 2026/2025 Statcast baseline active,7,7,29,0,"Last 7 games: 7/29, 0 HR","platoon edge; pitcher baseline 7.5% barrel, 13.8 HR allowed",fly-ball profile; pitcher fly-ball pressure modest,20.5,48.2,91.7,102.6232,0.438,0.239,0.333,74.9,52.0,36.6,42.9,14.0,0.286,7.54,35.38,86.94,0.3433,0.1233,26.32,Out To RF,90,UNIQLO Field at Dodger Stadium,
9,545361,Mike Trout,LAA,TEX,2026-08-22T23:05:00Z,Warmup,2,Cody Bradford,674003,L,62.1,Tier 3,Watch List,"Strong Barrel, Premium Lineup Spot, Platoon Edge",60.9,60.9,42.1,100.0,78.0,0.0,Yes,Yes,2,Yes,No,MLB Stats API; RotoWire,,H:2026/2025 P:2026,,,Direct BvP not yet weighted; 2026/2025 Statcast baseline active,7,3,26,0,"Last 7 games: 3/26, 0 HR","platoon edge; pitcher baseline 10.2% barrel, 1.0 HR allowed",neutral batted-ball profile; pitcher allows elevated contact,15.87,46.99,90.2,102.8934,0.488,0.2411,0.3741,74.63,47.91,37.07,33.03,21.8,0.1979,10.2,42.0,92.7,0.511,0.213,34.0,None,74,Globe Life Field,
10,666160,Mickey Moniak,COL,CLE,2026-08-23T00:10:00Z,Pre-Game,2,Tanner Bibee,676440,R,61.2,Tier 3,Watch List,"Strong Barrel, Good Environment, Premium Lineup Spot, Platoon Edge",48.7,43.8,80.2,100.0,80.0,28.1,Yes,Yes,2,Yes,No,MLB Stats API; RotoWire,,H:2026/2025 P:2026/2025,,,Direct BvP not yet weighted; 2026/2025 Statcast baseline active,7,5,27,1,"Last 7 games: 5/27, 1 HR","platoon edge; pitcher baseline 8.2% barrel, 25.6 HR allowed",fly-ball profile; pitcher fly-ball pressure modest,11.56,42.92,89.49,100.3022,0.4375,0.2056,0.3055,74.19,43.81,45.89,38.17,21.2,0.2634,8.24,38.49,89.13,0.4116,0.1674,27.62,Out To RF,81,Coors Field,
11,596019,Francisco Lindor,NYM,CWS,2026-08-22T23:10:00Z,Warmup,2,Luis Castillo,622491,R,60.4,Tier 3,Watch List,"Premium Lineup Spot, Platoon Edge",46.1,52.6,68.6,100.0,75.0,30.3,Yes,Yes,2,Yes,No,MLB Stats API; RotoWire,,H:2026/2025 P:2026/2025,,,Direct BvP not yet weighted; 2026/2025 Statcast baseline active,7,5,25,1,"Last 7 games: 5/25, 1 HR","switch hitter; pitcher baseline 10.1% barrel, 20.2 HR allowed",neutral batted-ball profile; pitcher fly-ball pressure modest,9.18,47.2,91.13,100.2887,0.4512,0.1982,0.345,72.02,22.32,45.88,30.51,17.7,0.1885,10.05,43.18,90.09,0.4425,0.1814,28.0,Out To CF,78,Rate Field,
12,695506,Jac Caglianone,KC,DET,2026-08-22T23:15:00Z,Warmup,3,Drew Anderson,623454,R,60.0,Tier 3,Watch List,"Strong Barrel, Premium Lineup Spot, Platoon Edge",60.1,36.8,50.2,96.6,80.0,62.8,Yes,Yes,3,Yes,No,MLB Stats API; RotoWire,,H:2026/2025 P:2026,,,Direct BvP not yet weighted; 2026/2025 Statcast baseline active,7,10,24,1,Contact streak: 10/24 over last 7 games,"platoon edge; pitcher baseline 8.3% barrel, 11.0 HR allowed",EV profile; pitcher fly-ball pressure modest,13.75,51.22,92.06,104.8106,0.4905,0.222,0.3504,77.33,74.97,43.02,22.54,17.5,0.1912,8.3,37.7,90.0,0.354,0.137,24.6,L To R,85,Kauffman Stadium,
13,682998,Corbin Carroll,AZ,CIN,2026-08-23T00:10:00Z,Pre-Game,2,Rhett Lowder,695076,R,59.8,Longshot,Watch List,"Strong Barrel, Premium Lineup Spot, Platoon Edge",56.2,50.6,41.7,100.0,80.0,34.2,Yes,,,No,Yes,MLB Stats API; RotoWire,not found on RotoWire,H:2026/2025 P:2026,,,Direct BvP not yet weighted; 2026/2025 Statcast baseline active,7,8,23,0,Contact streak: 8/23 over last 7 games,"platoon edge; pitcher baseline 9.6% barrel, 13.0 HR allowed",neutral batted-ball profile; pitcher fly-ball pressure modest,12.54,48.85,91.82,102.4171,0.4674,0.2145,0.3538,75.16,54.12,43.45,30.81,21.9,0.2512,9.6,37.8,90.3,0.454,0.189,28.2,None,72,Chase Field,
14,687263,Zach Neto,LAA,TEX,2026-08-22T23:05:00Z,Warmup,1,Cody Bradford,674003,L,59.3,Longshot,Watch List,"Strong Barrel, Premium Lineup Spot, Platoon Edge",47.2,60.9,42.1,93.2,78.0,53.9,Yes,Yes,1,Yes,No,MLB Stats API; RotoWire,,H:2026/2025 P:2026,,,Direct BvP not yet weighted; 2026/2025 Statcast baseline active,7,10,28,1,Contact streak: 10/28 over last 7 games,"platoon edge; pitcher baseline 10.2% barrel, 1.0 HR allowed",neutral batted-ball profile; pitcher allows elevated contact,12.25,42.4,89.88,100.2163,0.4222,0.2055,0.3125,71.26,13.62,46.57,34.96,22.5,0.1981,10.2,42.0,92.7,0.511,0.213,34.0,None,74,Globe Life Field,
15,687952,Christian Encarnacion-Strand,BAL,TB,2026-08-22T23:05:00Z,Warmup,6,Shane McClanahan,663556,L,59.1,Longshot,Watch List,"Strong Barrel, Platoon Edge",60.5,43.4,55.6,76.2,78.0,53.3,Yes,Yes,6,Yes,No,MLB Stats API; RotoWire,,H:2026/2025 P:2026,,,Direct BvP not yet weighted; 2026/2025 Statcast baseline active,7,6,26,2,Hot streak: 2 HR in last 7 games,"platoon edge; pitcher baseline 8.7% barrel, 8.0 HR allowed",neutral batted-ball profile; pitcher fly-ball pressure modest,15.44,41.83,91.19,101.789,0.5051,0.2647,0.3287,73.67,36.48,42.73,30.21,6.0,0.2236,8.7,41.5,89.5,0.405,0.164,27.7,R To L,74,Oriole Park at Camden Yards,
16,670541,Yordan Alvarez,HOU,ATH,2026-08-22T23:10:00Z,Warmup,2,Jacob Lopez,682052,L,59.1,Longshot,Watch List,"Elite Power, Strong Barrel, Premium Lineup Spot",81.4,21.9,41.6,100.0,50.0,46.0,Yes,Yes,2,Yes,No,MLB Stats API; RotoWire,,H:2026/2025 P:2026/2025,,,Direct BvP not yet weighted; 2026/2025 Statcast baseline active,7,7,23,1,"Last 7 games: 7/23, 1 HR","same-side matchup; pitcher baseline 5.7% barrel, 15.0 HR allowed",lift-pull EV profile; pitcher allows elevated contact,16.25,53.46,94.56,104.9616,0.6365,0.321,0.4392,76.1,61.8,41.51,36.24,27.0,0.255,5.69,30.19,85.29,0.3424,0.1338,32.48,None,73,Daikin Park,
17,676724,Jared Young,NYM,CWS,2026-08-22T23:10:00Z,Warmup,5,Luis Castillo,622491,R,59.0,Longshot,Watch List,Platoon Edge,41.6,54.7,68.6,86.4,80.0,50.3,Yes,Yes,5,Yes,No,MLB Stats API; RotoWire,,H:2026/2025 P:2026/2025,,,Direct BvP not yet weighted; 2026/2025 Statcast baseline active,7,8,24,1,Contact streak: 8/24 over last 7 games,"platoon edge; pitcher baseline 10.1% barrel, 20.2 HR allowed",neutral batted-ball profile; pitcher fly-ball pressure modest,9.96,44.69,88.59,101.1371,0.4238,0.1892,0.3156,73.44,33.88,39.02,26.6,6.8,0.2117,10.05,43.18,90.09,0.4425,0.1814,28.0,Out To CF,78,Rate Field,
18,691406,Junior Caminero,TB,BAL,2026-08-22T23:05:00Z,Warmup,4,Brandon Young,687064,R,58.5,Longshot,Watch List,"Strong Barrel, Premium Lineup Spot",62.8,43.6,55.6,94.9,50.0,23.4,Yes,Yes,4,Yes,No,MLB Stats API; RotoWire,,H:2026/2025 P:2026/2025,,,Direct BvP not yet weighted; 2026/2025 Statcast baseline active,7,8,29,0,"Last 7 games: 8/29, 0 HR","same-side matchup; pitcher baseline 7.9% barrel, 14.1 HR allowed",EV profile; pitcher fly-ball pressure modest,13.58,50.63,92.68,105.2281,0.4989,0.2327,0.3593,79.34,85.04,46.22,23.84,38.0,0.2633,7.89,41.43,89.4,0.4201,0.1672,27.43,R To L,74,Oriole Park at Camden Yards,
19,691718,Pete Crow-Armstrong,CHC,SEA,2026-08-22T23:15:00Z,Pre-Game,1,Kade Anderson,807739,L,58.3,Longshot,Watch List,"Strong Barrel, Premium Lineup Spot, Hot Hitter/Streak",54.2,41.2,62.4,93.2,50.0,73.2,Yes,Yes,1,Yes,No,MLB Stats API; RotoWire,,H:2026/2025 P:,,,Direct BvP not yet weighted; 2026/2025 Statcast baseline active,7,7,29,5,Hot streak: 5 HR in last 7 games,"same-side matchup; pitcher baseline 0.0% barrel, 0.0 HR allowed",fly-ball profile; pitcher fly-ball pressure modest,12.54,46.78,89.99,101.5177,0.4708,0.2232,0.3476,74.17,43.76,49.74,35.92,31.7,0.2627,,,,,,,Out To CF,76,T-Mobile Park,
20,673548,Seiya Suzuki,CHC,SEA,2026-08-22T23:15:00Z,Pre-Game,2,Kade Anderson,807739,L,58.3,Longshot,Watch List,"Strong Barrel, Premium Lineup Spot, Platoon Edge",46.9,41.2,62.4,100.0,78.0,50.8,Yes,Yes,2,Yes,No,MLB Stats API; RotoWire,,H:2026/2025 P:,,,Direct BvP not yet weighted; 2026/2025 Statcast baseline active,7,6,28,2,Hot streak: 2 HR in last 7 games,"platoon edge; pitcher baseline 0.0% barrel, 0.0 HR allowed",neutral batted-ball profile; pitcher fly-ball pressure modest,12.47,41.56,89.27,101.0544,0.444,0.1984,0.3387,73.3,36.76,42.04,30.99,25.0,0.219,,,,,,,Out To CF,76,T-Mobile Park,
21,677951,Bobby Witt Jr.,KC,DET,2026-08-22T23:15:00Z,Warmup,2,Drew Anderson,623454,R,57.9,Longshot,Watch List,"Strong Barrel, Premium Lineup Spot, Hot Hitter/Streak",56.6,36.8,50.2,100.0,50.0,87.0,Yes,Yes,2,Yes,No,MLB Stats API; RotoWire,,H:2026/2025 P:2026,,,Direct BvP not yet weighted; 2026/2025 Statcast baseline active,7,9,27,3,Hot streak: 3 HR in last 7 games,"same-side matchup; pitcher baseline 8.3% barrel, 11.0 HR allowed",EV profile; pitcher fly-ball pressure modest,12.01,50.53,92.74,103.585,0.508,0.2101,0.3776,73.95,41.81,30.17,26.85,18.1,0.1843,8.3,37.7,90.0,0.354,0.137,24.6,L To R,85,Kauffman Stadium,
22,701807,Carson Benge,NYM,CWS,2026-08-22T23:10:00Z,Warmup,4,Luis Castillo,622491,R,57.8,Longshot,Watch List,"Premium Lineup Spot, Platoon Edge",33.7,54.7,68.6,94.9,80.0,54.7,Yes,Yes,4,Yes,No,MLB Stats API; RotoWire,,H:2026 P:2026/2025,,,Direct BvP not yet weighted; 2026/2025 Statcast baseline active,7,6,25,2,Hot streak: 2 HR in last 7 games,"platoon edge; pitcher baseline 10.1% barrel, 20.2 HR allowed",neutral batted-ball profile; pitcher fly-ball pressure modest,7.4,41.1,89.3,99.9721,0.437,0.158,0.34,70.9,16.9,32.4,26.2,15.0,0.145,10.05,43.18,90.09,0.4425,0.1814,28.0,Out To CF,78,Rate Field,
23,691723,Coby Mayo,BAL,TB,2026-08-22T23:05:00Z,Warmup,3,Shane McClanahan,663556,L,57.7,Longshot,Watch List,"Strong Barrel, Premium Lineup Spot, Platoon Edge",49.1,43.4,55.6,96.6,78.0,43.7,Yes,Yes,3,Yes,No,MLB Stats API; RotoWire,,H:2026/2025 P:2026,,,Direct BvP not yet weighted; 2026/2025 Statcast baseline active,7,4,24,2,Hot streak: 2 HR in last 7 games,"platoon edge; pitcher baseline 8.7% barrel, 8.0 HR allowed",neutral batted-ball profile; pitcher fly-ball pressure modest,11.57,44.89,90.59,102.6292,0.4092,0.195,0.3037,75.33,54.32,49.83,34.04,15.2,0.2095,8.7,41.5,89.5,0.405,0.164,27.7,R To L,74,Oriole Park at Camden Yards,
24,665487,Fernando Tatis Jr.,SD,MIN,2026-08-23T00:40:00Z,Pre-Game,1,Dean Kremer,665152,R,57.5,Longshot,Watch List,"Strong Barrel, Premium Lineup Spot, Hot Hitter/Streak",55.4,41.7,48.1,93.2,50.0,88.9,Yes,Yes,1,Yes,No,MLB Stats API; RotoWire,,H:2026/2025 P:2026/2025,,,Direct BvP not yet weighted; 2026/2025 Statcast baseline active,7,9,26,3,Hot streak: 3 HR in last 7 games,"same-side matchup; pitcher baseline 7.8% barrel, 15.7 HR allowed",EV profile; pitcher allows elevated contact,11.77,52.71,92.88,104.4039,0.4803,0.1939,0.3714,75.58,58.26,35.01,22.22,18.0,0.1612,7.79,34.4,87.33,0.4319,0.1953,34.56,L To R,80,Petco Park,
25,642350,Jose Siri,LAA,TEX,2026-08-22T23:05:00Z,Warmup,5,Cody Bradford,674003,L,57.4,Longshot,Watch List,"Strong Barrel, Platoon Edge",51.2,60.9,42.1,86.4,78.0,9.3,Yes,Yes,5,Yes,No,MLB Stats API; RotoWire,,H:2026/2025 P:2026,,,Direct BvP not yet weighted; 2026/2025 Statcast baseline active,7,2,11,0,"Last 7 games: 2/11, 0 HR","platoon edge; pitcher baseline 10.2% barrel, 1.0 HR allowed",fly-ball profile; pitcher allows elevated contact,16.08,39.6,87.63,99.9834,0.397,0.2092,0.2855,73.22,35.64,30.57,43.6,4.9,0.1586,10.2,42.0,92.7,0.511,0.213,34.0,None,74,Globe Life Field,
26,666018,Jonathan Aranda,TB,BAL,2026-08-22T23:05:00Z,Warmup,2,Brandon Young,687064,R,57.1,Longshot,Watch List,"Strong Barrel, Premium Lineup Spot, Platoon Edge",48.7,43.6,55.6,100.0,80.0,19.5,Yes,Yes,2,Yes,No,MLB Stats API; RotoWire,,H:2026/2025 P:2026/2025,,,Direct BvP not yet weighted; 2026/2025 Statcast baseline active,7,7,28,0,"Last 7 games: 7/28, 0 HR","platoon edge; pitcher baseline 7.9% barrel, 14.1 HR allowed",neutral batted-ball profile; pitcher fly-ball pressure modest,10.87,48.34,91.6,101.3519,0.4653,0.1939,0.3589,70.22,12.55,32.01,30.34,14.7,0.1478,7.89,41.43,89.4,0.4201,0.1672,27.43,R To L,74,Oriole Park at Camden Yards,
27,518692,Freddie Freeman,LAD,PIT,2026-08-22T23:15:00Z,Pre-Game,2,Jared Jones,683003,R,56.9,Longshot,Watch List,"Good Environment, Premium Lineup Spot, Platoon Edge",41.9,42.6,72.6,100.0,80.0,14.1,Yes,Yes,2,Yes,No,MLB Stats API; RotoWire,,H:2026/2025 P:2026,,,Direct BvP not yet weighted; 2026/2025 Statcast baseline active,7,6,28,0,"Last 7 games: 6/28, 0 HR","platoon edge; pitcher baseline 8.6% barrel, 11.0 HR allowed",neutral batted-ball profile; pitcher fly-ball pressure modest,9.21,43.32,90.13,100.3749,0.4803,0.1916,0.3661,70.15,8.12,36.19,27.42,17.7,0.1762,8.6,39.1,89.6,0.392,0.173,27.0,Out To RF,90,UNIQLO Field at Dodger Stadium,
28,621439,Byron Buxton,MIN,SD,2026-08-23T00:40:00Z,Pre-Game,2,Casey Mize,663554,R,56.7,Longshot,Watch List,"Strong Barrel, Premium Lineup Spot",65.3,39.0,48.1,100.0,50.0,0.8,Yes,Yes,2,Yes,No,MLB Stats API; RotoWire,,H:2026/2025 P:2026/2025,,,Direct BvP not yet weighted; 2026/2025 Statcast baseline active,7,3,24,0,"Last 7 games: 3/24, 0 HR","same-side matchup; pitcher baseline 8.2% barrel, 11.2 HR allowed",neutral batted-ball profile; pitcher allows elevated contact,16.86,48.97,90.96,102.2499,0.5,0.252,0.3458,74.37,43.67,48.03,33.65,28.0,0.2709,8.15,38.58,89.16,0.3763,0.1455,30.46,L To R,80,Petco Park,
29,678246,Miguel Vargas,CWS,NYM,2026-08-22T23:10:00Z,Warmup,3,Christian Scott,681035,R,56.5,Longshot,Watch List,"Strong Barrel, Premium Lineup Spot",55.9,26.5,68.6,96.6,50.0,66.7,Yes,Yes,3,Yes,No,MLB Stats API; RotoWire,,H:2026/2025 P:2026,,,Direct BvP not yet weighted; 2026/2025 Statcast baseline active,7,8,25,2,Hot streak: 2 HR in last 7 games,"same-side matchup; pitcher baseline 6.8% barrel, 8.0 HR allowed",fly-ball profile; pitcher fly-ball pressure modest,13.32,44.91,90.54,100.5785,0.491,0.2333,0.3673,72.98,34.14,43.86,36.08,25.1,0.2279,6.8,34.7,87.2,0.356,0.127,26.5,Out To CF,78,Rate Field,
30,695600,Carter Jensen,KC,DET,2026-08-22T23:15:00Z,Warmup,1,Drew Anderson,623454,R,56.5,Longshot,Watch List,"Strong Barrel, Premium Lineup Spot, Platoon Edge",55.4,36.8,50.2,93.2,80.0,32.9,Yes,Yes,1,Yes,No,MLB Stats API; RotoWire,,H:2026/2025 P:2026,,,Direct BvP not yet weighted; 2026/2025 Statcast baseline active,7,5,23,1,"Last 7 games: 5/23, 1 HR","platoon edge; pitcher baseline 8.3% barrel, 11.0 HR allowed",lift-pull EV profile; pitcher fly-ball pressure modest,13.59,47.66,92.18,102.6823,0.4454,0.2025,0.3371,74.1,38.66,39.95,30.28,12.8,0.2052,8.3,37.7,90.0,0.354,0.137,24.6,L To R,85,Kauffman Stadium,
31,686527,Dominic Canzone,SEA,CHC,2026-08-22T23:15:00Z,Pre-Game,3,David Peterson,656849,L,55.9,Longshot,Watch List,"Strong Barrel, Premium Lineup Spot",55.5,35.9,62.4,96.6,50.0,32.0,Yes,Yes,3,Yes,No,MLB Stats API; RotoWire,,H:2026/2025 P:2026/2025,,,Direct BvP not yet weighted; 2026/2025 Statcast baseline active,7,10,30,0,Contact streak: 10/30 over last 7 games,"same-side matchup; pitcher baseline 6.4% barrel, 11.0 HR allowed",neutral batted-ball profile; pitcher fly-ball pressure modest,13.03,46.34,91.53,102.4852,0.4973,0.2227,0.3613,74.15,43.32,39.83,26.44,16.6,0.2153,6.4,42.64,89.69,0.414,0.1405,19.71,Out To CF,76,T-Mobile Park,
32,665019,Kody Clemens,MIN,SD,2026-08-23T00:40:00Z,Pre-Game,5,Casey Mize,663554,R,55.9,Longshot,Watch List,"Strong Barrel, Platoon Edge",52.9,39.0,48.1,86.4,80.0,52.3,Yes,Yes,5,Yes,No,MLB Stats API; RotoWire,,H:2026/2025 P:2026/2025,,,Direct BvP not yet weighted; 2026/2025 Statcast baseline active,7,9,26,1,Contact streak: 9/26 over last 7 games,"platoon edge; pitcher baseline 8.2% barrel, 11.2 HR allowed",lift-pull EV profile; pitcher allows elevated contact,12.07,46.83,92.13,101.5156,0.4559,0.2083,0.3303,72.06,14.21,46.08,33.32,20.4,0.2287,8.15,38.58,89.16,0.3763,0.1455,30.46,L To R,80,Petco Park,
33,805811,Bryce Eldridge,SF,BOS,2026-08-22T23:15:00Z,Pre-Game,4,Patrick Sandoval,663776,L,55.5,Longshot,Watch List,"Strong Barrel, Premium Lineup Spot",69.5,23.7,40.7,94.9,50.0,59.1,Yes,Yes,4,Yes,No,MLB Stats API; RotoWire,,H:2026/2025 P:2026,,,Direct BvP not yet weighted; 2026/2025 Statcast baseline active,7,7,26,2,Hot streak: 2 HR in last 7 games,"same-side matchup; pitcher baseline 5.6% barrel, 3.0 HR allowed",lift-pull EV profile; pitcher fly-ball pressure modest,15.76,57.32,93.36,103.2902,0.4764,0.2491,0.3538,73.07,29.2,38.34,37.75,9.8,0.1532,5.6,32.4,87.0,0.412,0.135,25.0,In From CF,72,Fenway Park,
34,641933,Tyler O'Neill,BAL,TB,2026-08-22T23:05:00Z,Warmup,4,Shane McClanahan,663556,L,55.4,Longshot,Watch List,"Strong Barrel, Premium Lineup Spot, Platoon Edge",47.3,43.4,55.6,94.9,78.0,14.6,Yes,Yes,4,Yes,No,MLB Stats API; RotoWire,,H:2026/2025 P:2026,,,Direct BvP not yet weighted; 2026/2025 Statcast baseline active,7,5,23,0,"Last 7 games: 5/23, 0 HR","platoon edge; pitcher baseline 8.7% barrel, 8.0 HR allowed",fly-ball profile; pitcher fly-ball pressure modest,11.25,41.97,89.22,100.334,0.4355,0.2114,0.325,72.81,23.68,44.95,39.28,9.7,0.1748,8.7,41.5,89.5,0.405,0.164,27.7,R To L,74,Oriole Park at Camden Yards,
35,607043,Brandon Nimmo,TEX,LAA,2026-08-22T23:05:00Z,Warmup,4,Ryan Johnson,696270,R,55.0,Longshot,Watch List,"Premium Lineup Spot, Platoon Edge",48.6,50.2,42.1,94.9,80.0,2.7,Yes,Yes,4,Yes,No,MLB Stats API; RotoWire,,H:2026/2025 P:2026/2025,,,Direct BvP not yet weighted; 2026/2025 Statcast baseline active,7,4,29,0,"Last 7 games: 4/29, 0 HR","platoon edge; pitcher baseline 10.4% barrel, 12.4 HR allowed",EV profile; pitcher allows elevated contact,9.78,50.9,92.04,102.1051,0.4631,0.188,0.3483,72.27,27.39,32.47,26.26,16.6,0.1642,10.39,36.84,87.82,0.4535,0.1945,33.95,None,74,Globe Life Field,
36,683146,Brett Baty,NYM,CWS,2026-08-22T23:10:00Z,Warmup,7,Luis Castillo,622491,R,54.9,Longshot,Watch List,"Strong Barrel, Platoon Edge",42.2,54.7,68.6,64.3,80.0,27.6,Yes,Yes,7,Yes,No,MLB Stats API; RotoWire,,H:2026/2025 P:2026/2025,,,Direct BvP not yet weighted; 2026/2025 Statcast baseline active,7,4,22,1,"Last 7 games: 4/22, 1 HR","platoon edge; pitcher baseline 10.1% barrel, 20.2 HR allowed",neutral batted-ball profile; pitcher fly-ball pressure modest,10.38,43.26,90.28,101.64,0.4038,0.1658,0.313,75.01,53.23,36.1,25.89,11.0,0.1355,10.05,43.18,90.09,0.4425,0.1814,28.0,Out To CF,78,Rate Field,
37,663457,Lars Nootbaar,AZ,CIN,2026-08-23T00:10:00Z,Pre-Game,1,Rhett Lowder,695076,R,54.8,Longshot,Watch List,"Premium Lineup Spot, Platoon Edge",45.5,50.6,41.7,93.2,80.0,22.8,Yes,,,No,Yes,MLB Stats API; RotoWire,not found on RotoWire,H:2026/2025 P:2026,,,Direct BvP not yet weighted; 2026/2025 Statcast baseline active,7,3,20,1,"Last 7 games: 3/20, 1 HR","platoon edge; pitcher baseline 9.6% barrel, 13.0 HR allowed",neutral batted-ball profile; pitcher fly-ball pressure modest,9.64,49.79,91.58,101.4969,0.4098,0.1732,0.3275,73.26,36.94,39.75,27.08,6.7,0.12,9.6,37.8,90.3,0.454,0.189,28.2,None,72,Chase Field,
38,592626,Joc Pederson,TEX,LAA,2026-08-22T23:05:00Z,Warmup,1,Ryan Johnson,696270,R,54.7,Longshot,Watch List,"Strong Barrel, Premium Lineup Spot, Platoon Edge",48.8,50.2,42.1,93.2,80.0,0.0,Yes,Yes,1,Yes,No,MLB Stats API; RotoWire,,H:2026/2025 P:2026/2025,,,Direct BvP not yet weighted; 2026/2025 Statcast baseline active,7,0,15,0,"Last 7 games: 0/15, 0 HR","platoon edge; pitcher baseline 10.4% barrel, 12.4 HR allowed",neutral batted-ball profile; pitcher allows elevated contact,10.62,48.72,91.9,102.0172,0.4308,0.1915,0.3367,72.46,24.85,42.27,29.47,18.1,0.2149,10.39,36.84,87.82,0.4535,0.1945,33.95,None,74,Globe Life Field,
39,805999,A.J. Ewing,NYM,CWS,2026-08-22T23:10:00Z,Warmup,1,Luis Castillo,622491,R,54.6,Longshot,Watch List,"Premium Lineup Spot, Platoon Edge",33.2,54.7,68.6,93.2,80.0,0.0,Yes,Yes,1,Yes,No,MLB Stats API; RotoWire,,H:2026 P:2026/2025,,,Direct BvP not yet weighted; 2026/2025 Statcast baseline active,7,2,25,0,"Last 7 games: 2/25, 0 HR","platoon edge; pitcher baseline 10.1% barrel, 20.2 HR allowed",neutral batted-ball profile; pitcher fly-ball pressure modest,7.9,43.2,89.6,100.4327,0.398,0.145,0.321,70.3,11.7,32.8,25.8,7.0,0.122,10.05,43.18,90.09,0.4425,0.1814,28.0,Out To CF,78,Rate Field,
40,666182,Bo Bichette,NYM,CWS,2026-08-22T23:10:00Z,Warmup,3,Luis Castillo,622491,R,54.6,Longshot,Watch List,Premium Lineup Spot,32.1,54.7,68.6,96.6,50.0,52.3,Yes,Yes,3,Yes,No,MLB Stats API; RotoWire,,H:2026/2025 P:2026/2025,,,Direct BvP not yet weighted; 2026/2025 Statcast baseline active,7,9,26,1,Contact streak: 9/26 over last 7 games,"same-side matchup; pitcher baseline 10.1% barrel, 20.2 HR allowed",neutral batted-ball profile; pitcher fly-ball pressure modest,6.78,43.2,89.95,100.9808,0.4303,0.1468,0.3327,69.66,13.02,26.63,22.67,14.5,0.1405,10.05,43.18,90.09,0.4425,0.1814,28.0,Out To CF,78,Rate Field,
41,695657,Colson Montgomery,CWS,NYM,2026-08-22T23:10:00Z,Warmup,6,Christian Scott,681035,R,54.2,Longshot,Watch List,"Strong Barrel, Platoon Edge",52.7,26.5,68.6,76.2,80.0,46.5,Yes,Yes,6,Yes,No,MLB Stats API; RotoWire,,H:2026/2025 P:2026,,,Direct BvP not yet weighted; 2026/2025 Statcast baseline active,7,8,26,1,"Last 7 games: 8/26, 1 HR","platoon edge; pitcher baseline 6.8% barrel, 8.0 HR allowed",neutral batted-ball profile; pitcher fly-ball pressure modest,13.1,42.75,89.12,101.8749,0.4443,0.2262,0.3186,76.65,69.6,49.44,34.07,25.2,0.2424,6.8,34.7,87.2,0.356,0.127,26.5,Out To CF,78,Rate Field,
42,668804,Bryan Reynolds,PIT,LAD,2026-08-22T23:15:00Z,Pre-Game,3,Tarik Skubal,669373,L,54.2,Longshot,Watch List,"Strong Barrel, Good Environment, Premium Lineup Spot, Platoon Edge",46.2,27.3,72.6,96.6,75.0,24.9,Yes,Yes,3,Yes,No,MLB Stats API; RotoWire,,H:2026/2025 P:2026/2025,,,Direct BvP not yet weighted; 2026/2025 Statcast baseline active,7,8,28,0,"Last 7 games: 8/28, 0 HR","switch hitter; pitcher baseline 7.5% barrel, 13.8 HR allowed",neutral batted-ball profile; pitcher fly-ball pressure modest,10.94,46.7,90.85,101.9298,0.4379,0.1869,0.3464,72.62,28.16,40.36,25.11,15.3,0.164,7.54,35.38,86.94,0.3433,0.1233,26.32,Out To RF,90,UNIQLO Field at Dodger Stadium,
43,677594,Julio Rodríguez,SEA,CHC,2026-08-22T23:15:00Z,Pre-Game,4,David Peterson,656849,L,54.2,Longshot,Watch List,"Premium Lineup Spot, Platoon Edge",46.6,35.9,62.4,94.9,78.0,10.1,Yes,Yes,4,Yes,No,MLB Stats API; RotoWire,,H:2026/2025 P:2026/2025,,,Direct BvP not yet weighted; 2026/2025 Statcast baseline active,7,6,32,0,"Last 7 games: 6/32, 0 HR","platoon edge; pitcher baseline 6.4% barrel, 11.0 HR allowed",neutral batted-ball profile; pitcher fly-ball pressure modest,9.38,44.43,90.47,102.6394,0.4692,0.1964,0.3482,76.68,67.62,38.63,26.4,22.9,0.1755,6.4,42.64,89.69,0.414,0.1405,19.71,Out To CF,76,T-Mobile Park,
44,664954,Brett Sullivan,COL,CLE,2026-08-23T00:10:00Z,Pre-Game,8,Tanner Bibee,676440,R,54.2,Longshot,Watch List,"Strong Barrel, Good Environment, Platoon Edge",43.6,43.8,80.2,52.4,80.0,54.4,Yes,Yes,8,Yes,No,MLB Stats API; RotoWire,,H:2026/2025 P:2026/2025,,,Direct BvP not yet weighted; 2026/2025 Statcast baseline active,7,5,21,2,Hot streak: 2 HR in last 7 games,"platoon edge; pitcher baseline 8.2% barrel, 25.6 HR allowed",fly-ball profile; pitcher fly-ball pressure modest,10.51,52.82,90.37,97.9382,0.3652,0.1626,0.3117,68.88,5.32,52.24,35.37,4.9,0.1414,8.24,38.49,89.13,0.4116,0.1674,27.62,Out To RF,81,Coors Field,
45,701398,Sal Stewart,CIN,AZ,2026-08-23T00:10:00Z,Pre-Game,2,Michael Soroka,647336,R,54.1,Longshot,Watch List,"Strong Barrel, Premium Lineup Spot",59.4,33.7,41.7,100.0,50.0,33.7,Yes,Yes,2,Yes,No,MLB Stats API; RotoWire,,H:2026/2025 P:2026/2025,,,Direct BvP not yet weighted; 2026/2025 Statcast baseline active,7,6,27,1,"Last 7 games: 6/27, 1 HR","same-side matchup; pitcher baseline 7.6% barrel, 7.8 HR allowed",neutral batted-ball profile; pitcher fly-ball pressure modest,14.61,42.56,91.62,101.3246,0.518,0.2547,0.3625,72.24,27.21,38.99,32.51,20.4,0.2368,7.61,34.94,88.08,0.3902,0.1497,28.36,None,72,Chase Field,
46,677800,Wilyer Abreu,BOS,SF,2026-08-22T23:15:00Z,Pre-Game,3,Blade Tidwell,694918,R,53.9,Longshot,Watch List,"Strong Barrel, Premium Lineup Spot, Platoon Edge",54.5,26.2,40.7,96.6,80.0,55.9,Yes,Yes,3,Yes,No,MLB Stats API; RotoWire,,H:2026/2025 P:2026/2025,,,Direct BvP not yet weighted; 2026/2025 Statcast baseline active,7,10,27,1,Contact streak: 10/27 over last 7 games,"platoon edge; pitcher baseline 6.5% barrel, 2.6 HR allowed",fly-ball profile; pitcher fly-ball pressure modest,12.65,44.69,90.17,101.4905,0.4848,0.2285,0.3511,73.89,38.73,38.67,36.82,22.0,0.2157,6.51,36.64,87.78,0.3849,0.125,21.73,In From CF,72,Fenway Park,
47,650490,Yandy Díaz,TB,BAL,2026-08-22T23:05:00Z,Warmup,1,Brandon Young,687064,R,53.7,Longshot,Watch List,"Premium Lineup Spot, Hot Hitter/Streak",41.3,43.6,55.6,93.2,50.0,74.2,Yes,Yes,1,Yes,No,MLB Stats API; RotoWire,,H:2026/2025 P:2026/2025,,,Direct BvP not yet weighted; 2026/2025 Statcast baseline active,7,10,27,2,Hot streak: 2 HR in last 7 games,"same-side matchup; pitcher baseline 7.9% barrel, 14.1 HR allowed",neutral batted-ball profile; pitcher fly-ball pressure modest,7.46,49.14,91.53,103.1807,0.4527,0.1656,0.3565,73.57,37.65,23.18,19.65,20.8,0.1701,7.89,41.43,89.4,0.4201,0.1672,27.43,R To L,74,Oriole Park at Camden Yards,
48,691728,Zac Veen,COL,CLE,2026-08-23T00:10:00Z,Pre-Game,9,Tanner Bibee,676440,R,53.7,Longshot,Watch List,"Strong Barrel, Good Environment, Platoon Edge",48.0,43.8,80.2,44.8,80.0,37.8,Yes,Yes,9,Yes,No,MLB Stats API; RotoWire,,H:2026/2025 P:2026/2025,,,Direct BvP not yet weighted; 2026/2025 Statcast baseline active,7,4,16,1,"Last 7 games: 4/16, 1 HR","platoon edge; pitcher baseline 8.2% barrel, 25.6 HR allowed",fly-ball profile; pitcher fly-ball pressure modest,14.24,34.48,86.91,100.4071,0.436,0.2418,0.2914,72.05,24.48,58.02,42.35,1.7,0.2934,8.24,38.49,89.13,0.4116,0.1674,27.62,Out To RF,81,Coors Field,
49,592518,Manny Machado,SD,MIN,2026-08-23T00:40:00Z,Pre-Game,3,Dean Kremer,665152,R,53.7,Longshot,Watch List,"Strong Barrel, Premium Lineup Spot",49.2,41.7,48.1,96.6,50.0,44.8,Yes,Yes,3,Yes,No,MLB Stats API; RotoWire,,H:2026/2025 P:2026/2025,,,Direct BvP not yet weighted; 2026/2025 Statcast baseline active,7,8,27,1,"Last 7 games: 8/27, 1 HR","same-side matchup; pitcher baseline 7.8% barrel, 15.7 HR allowed",neutral batted-ball profile; pitcher allows elevated contact,10.66,46.95,91.36,101.9896,0.4481,0.1953,0.3375,74.71,44.72,40.64,28.01,24.9,0.1934,7.79,34.4,87.33,0.4319,0.1953,34.56,L To R,80,Petco Park,
50,666176,Jo Adell,CLE,COL,2026-08-23T00:10:00Z,Pre-Game,4,Gabriel Hughes,687312,R,53.6,Longshot,Watch List,"Strong Barrel, Good Environment, Premium Lineup Spot",54.9,14.3,80.2,94.9,50.0,44.1,Yes,Yes,4,Yes,No,MLB Stats API; RotoWire,,H:2026/2025 P:2026,,,Direct BvP not yet weighted; 2026/2025 Statcast baseline active,7,7,24,1,"Last 7 games: 7/24, 1 HR","same-side matchup; pitcher baseline 4.3% barrel, 3.0 HR allowed",neutral batted-ball profile; pitcher fly-ball pressure modest,12.19,46.64,90.65,103.0023,0.4811,0.2225,0.3405,77.32,71.41,38.35,27.98,24.4,0.1909,4.3,28.4,88.0,0.338,0.106,25.0,Out To RF,81,Coors Field,
51,605137,Josh Bell,MIN,SD,2026-08-23T00:40:00Z,Pre-Game,3,Casey Mize,663554,R,53.6,Longshot,Watch List,"Strong Barrel, Premium Lineup Spot, Platoon Edge",45.0,37.8,48.1,96.6,75.0,44.1,Yes,Yes,3,Yes,No,MLB Stats API; RotoWire,,H:2026/2025 P:2026/2025,,,Direct BvP not yet weighted; 2026/2025 Statcast baseline active,7,7,24,1,"Last 7 games: 7/24, 1 HR","switch hitter; pitcher baseline 8.2% barrel, 11.2 HR allowed",neutral batted-ball profile; pitcher allows elevated contact,10.56,43.36,90.05,100.9179,0.4556,0.2031,0.3387,72.33,28.57,41.29,26.57,18.5,0.1751,8.15,38.58,89.16,0.3763,0.1455,30.46,L To R,80,Petco Park,
52,683737,Michael Busch,CHC,SEA,2026-08-22T23:15:00Z,Pre-Game,4,Kade Anderson,807739,L,53.3,Longshot,Watch List,"Strong Barrel, Premium Lineup Spot",44.0,41.2,62.4,94.9,50.0,34.9,Yes,Yes,4,Yes,No,MLB Stats API; RotoWire,,H:2026/2025 P:,,,Direct BvP not yet weighted; 2026/2025 Statcast baseline active,7,6,26,1,"Last 7 games: 6/26, 1 HR","same-side matchup; pitcher baseline 0.0% barrel, 0.0 HR allowed",neutral batted-ball profile; pitcher fly-ball pressure modest,11.36,41.7,89.33,99.6207,0.4458,0.2034,0.3444,68.9,5.5,40.21,34.76,20.7,0.1808,,,,,,,Out To CF,76,T-Mobile Park,
53,663728,Cal Raleigh,SEA,CHC,2026-08-22T23:15:00Z,Pre-Game,7,David Peterson,656849,L,53.3,Longshot,Watch List,"Strong Barrel, Platoon Edge",54.5,34.8,62.4,64.3,75.0,36.7,Yes,Yes,7,Yes,No,MLB Stats API; RotoWire,,H:2026/2025 P:2026/2025,,,Direct BvP not yet weighted; 2026/2025 Statcast baseline active,7,2,18,2,Hot streak: 2 HR in last 7 games,"switch hitter; pitcher baseline 6.4% barrel, 11.0 HR allowed",fly-ball profile; pitcher fly-ball pressure modest,14.6,39.8,89.83,100.7944,0.4182,0.2257,0.3178,75.06,52.25,53.59,42.36,27.8,0.2062,6.4,42.64,89.69,0.414,0.1405,19.71,Out To CF,76,T-Mobile Park,
54,575929,Willson Contreras,BOS,SF,2026-08-22T23:15:00Z,Pre-Game,4,Blade Tidwell,694918,R,53.3,Longshot,Watch List,"Strong Barrel, Premium Lineup Spot, Hot Hitter/Streak",59.1,26.2,40.7,94.9,50.0,72.7,Yes,Yes,4,Yes,No,MLB Stats API; RotoWire,,H:2026/2025 P:2026/2025,,,Direct BvP not yet weighted; 2026/2025 Statcast baseline active,7,9,25,2,Hot streak: 2 HR in last 7 games,"same-side matchup; pitcher baseline 6.5% barrel, 2.6 HR allowed",neutral batted-ball profile; pitcher fly-ball pressure modest,14.32,46.13,90.18,102.9905,0.4999,0.2401,0.3776,76.77,68.73,44.98,29.54,24.2,0.2362,6.51,36.64,87.78,0.3849,0.125,21.73,In From CF,72,Fenway Park,
55,668227,Randy Arozarena,SEA,CHC,2026-08-22T23:15:00Z,Pre-Game,2,David Peterson,656849,L,53.2,Longshot,Watch List,"Premium Lineup Spot, Platoon Edge",38.6,35.9,62.4,100.0,78.0,30.3,Yes,Yes,2,Yes,No,MLB Stats API; RotoWire,,H:2026/2025 P:2026/2025,,,Direct BvP not yet weighted; 2026/2025 Statcast baseline active,7,6,30,1,"Last 7 games: 6/30, 1 HR","platoon edge; pitcher baseline 6.4% barrel, 11.0 HR allowed",neutral batted-ball profile; pitcher fly-ball pressure modest,8.56,45.07,90.88,101.0569,0.4142,0.1627,0.3389,71.32,24.52,33.42,23.82,20.0,0.1796,6.4,42.64,89.69,0.414,0.1405,19.71,Out To CF,76,T-Mobile Park,
56,701538,Jackson Merrill,SD,MIN,2026-08-23T00:40:00Z,Pre-Game,5,Dean Kremer,665152,R,53.0,Longshot,Watch List,"Strong Barrel, Platoon Edge",49.9,41.7,48.1,86.4,80.0,0.0,Yes,Yes,5,Yes,No,MLB Stats API; RotoWire,,H:2026/2025 P:2026/2025,,,Direct BvP not yet weighted; 2026/2025 Statcast baseline active,7,2,25,0,"Last 7 games: 2/25, 0 HR","platoon edge; pitcher baseline 7.8% barrel, 15.7 HR allowed",neutral batted-ball profile; pitcher allows elevated contact,11.67,45.91,90.33,100.7227,0.4669,0.2102,0.333,72.88,26.84,37.91,29.85,18.1,0.1748,7.79,34.4,87.33,0.4319,0.1953,34.56,L To R,80,Petco Park,
57,690993,Colt Keith,DET,KC,2026-08-22T23:15:00Z,Warmup,3,Michael Wacha,608379,R,52.8,Longshot,Watch List,"Premium Lineup Spot, Platoon Edge",36.4,39.3,50.2,96.6,80.0,62.1,Yes,Yes,3,Yes,No,MLB Stats API; RotoWire,,H:2026/2025 P:2026/2025,,,Direct BvP not yet weighted; 2026/2025 Statcast baseline active,7,7,17,1,Contact streak: 7/17 over last 7 games,"platoon edge; pitcher baseline 7.2% barrel, 19.2 HR allowed",neutral batted-ball profile; pitcher fly-ball pressure modest,8.01,42.79,89.3,100.2117,0.4384,0.166,0.3382,71.47,15.5,37.17,26.44,10.2,0.1542,7.19,36.35,88.34,0.4182,0.1661,28.88,L To R,85,Kauffman Stadium,
58,814430,Brett Callahan,DET,KC,2026-08-22T23:15:00Z,Warmup,6,Michael Wacha,608379,R,52.7,Longshot,Watch List,"Strong Barrel, Platoon Edge",47.2,39.3,50.2,76.2,80.0,46.5,Yes,Yes,6,Yes,No,MLB Stats API; RotoWire,,H:2026 P:2026/2025,,,Direct BvP not yet weighted; 2026/2025 Statcast baseline active,5,4,13,1,"Last 5 games: 4/13, 1 HR","platoon edge; pitcher baseline 7.2% barrel, 19.2 HR allowed",neutral batted-ball profile; pitcher fly-ball pressure modest,10.0,40.0,87.6,99.8528,0.575,0.266,0.374,73.6,47.4,30.0,20.0,1.0,0.384,7.19,36.35,88.34,0.4182,0.1661,28.88,L To R,85,Kauffman Stadium,
59,673357,Luis Robert Jr.,NYM,CWS,2026-08-22T23:10:00Z,Warmup,6,Luis Castillo,622491,R,52.3,Longshot,Watch List,No major boost,36.1,54.7,68.6,76.2,50.0,35.6,Yes,Yes,6,Yes,No,MLB Stats API; RotoWire,,H:2026/2025 P:2026/2025,,,Direct BvP not yet weighted; 2026/2025 Statcast baseline active,7,4,17,1,"Last 7 games: 4/17, 1 HR","same-side matchup; pitcher baseline 10.1% barrel, 20.2 HR allowed",neutral batted-ball profile; pitcher fly-ball pressure modest,7.71,39.43,89.26,101.4951,0.3994,0.1639,0.3105,76.44,66.5,45.39,26.89,9.1,0.1473,10.05,43.18,90.09,0.4425,0.1814,28.0,Out To CF,78,Rate Field,
60,686469,Vinnie Pasquantino,KC,DET,2026-08-22T23:15:00Z,Warmup,5,Drew Anderson,623454,R,52.2,Longshot,Watch List,"Platoon Edge, Hot Hitter/Streak",37.8,36.8,50.2,86.4,80.0,81.7,Yes,Yes,5,Yes,No,MLB Stats API; RotoWire,,H:2026/2025 P:2026,,,Direct BvP not yet weighted; 2026/2025 Statcast baseline active,7,12,26,2,Hot streak: 2 HR in last 7 games,"platoon edge; pitcher baseline 8.3% barrel, 11.0 HR allowed",neutral batted-ball profile; pitcher fly-ball pressure modest,8.49,42.39,89.92,100.2351,0.4273,0.1721,0.3291,70.96,14.68,43.91,27.81,15.2,0.1571,8.3,37.7,90.0,0.354,0.137,24.6,L To R,85,Kauffman Stadium,
61,608324,Alex Bregman,CHC,SEA,2026-08-22T23:15:00Z,Pre-Game,3,Kade Anderson,807739,L,52.2,Longshot,Watch List,"Premium Lineup Spot, Platoon Edge",27.3,41.2,62.4,96.6,78.0,66.9,Yes,Yes,3,Yes,No,MLB Stats API; RotoWire,,H:2026/2025 P:,,,Direct BvP not yet weighted; 2026/2025 Statcast baseline active,7,9,28,2,Hot streak: 2 HR in last 7 games,"platoon edge; pitcher baseline 0.0% barrel, 0.0 HR allowed",neutral batted-ball profile; pitcher fly-ball pressure modest,5.55,40.13,88.91,98.3904,0.3892,0.1418,0.3223,70.16,4.94,46.93,27.37,18.0,0.1687,,,,,,,Out To CF,76,T-Mobile Park,
62,682829,Elly De La Cruz,CIN,AZ,2026-08-23T00:10:00Z,Pre-Game,1,Michael Soroka,647336,R,52.2,Longshot,Watch List,"Strong Barrel, Premium Lineup Spot, Platoon Edge",54.5,32.9,41.7,93.2,75.0,5.1,Yes,Yes,1,Yes,No,MLB Stats API; RotoWire,,H:2026/2025 P:2026/2025,,,Direct BvP not yet weighted; 2026/2025 Statcast baseline active,7,4,26,0,"Last 7 games: 4/26, 0 HR","switch hitter; pitcher baseline 7.6% barrel, 7.8 HR allowed",EV profile; pitcher fly-ball pressure modest,12.61,49.1,92.96,104.0052,0.4513,0.1898,0.3458,75.38,53.77,34.19,25.31,20.6,0.197,7.61,34.94,88.08,0.3902,0.1497,28.36,None,72,Chase Field,
63,646240,Rafael Devers,SF,BOS,2026-08-22T23:15:00Z,Pre-Game,2,Patrick Sandoval,663776,L,52.1,Longshot,Watch List,"Strong Barrel, Premium Lineup Spot",57.5,23.7,40.7,100.0,50.0,56.2,Yes,Yes,2,Yes,No,MLB Stats API; RotoWire,,H:2026/2025 P:2026,,,Direct BvP not yet weighted; 2026/2025 Statcast baseline active,7,7,28,2,Hot streak: 2 HR in last 7 games,"same-side matchup; pitcher baseline 5.6% barrel, 3.0 HR allowed",EV profile; pitcher fly-ball pressure modest,12.36,52.46,92.87,103.0842,0.4555,0.221,0.3376,71.74,20.37,33.91,33.67,28.7,0.2291,5.6,32.4,87.0,0.412,0.135,25.0,In From CF,72,Fenway Park,
64,650489,Willi Castro,COL,CLE,2026-08-23T00:10:00Z,Pre-Game,6,Tanner Bibee,676440,R,52.1,Longshot,Watch List,"Good Environment, Platoon Edge",31.9,42.4,80.2,76.2,75.0,37.8,Yes,Yes,6,Yes,No,MLB Stats API; RotoWire,,H:2026/2025 P:2026/2025,,,Direct BvP not yet weighted; 2026/2025 Statcast baseline active,7,6,24,1,"Last 7 games: 6/24, 1 HR","switch hitter; pitcher baseline 8.2% barrel, 25.6 HR allowed",neutral batted-ball profile; pitcher fly-ball pressure modest,7.83,40.24,87.61,100.2941,0.3869,0.1533,0.3081,72.51,26.04,42.11,30.69,13.1,0.1533,8.24,38.49,89.13,0.4116,0.1674,27.62,Out To RF,81,Coors Field,
65,682626,Francisco Alvarez,NYM,CWS,2026-08-22T23:10:00Z,Warmup,9,Luis Castillo,622491,R,52.0,Longshot,Watch List,Strong Barrel,53.9,54.7,68.6,44.8,50.0,0.0,Yes,Yes,9,Yes,No,MLB Stats API; RotoWire,,H:2026/2025 P:2026/2025,,,Direct BvP not yet weighted; 2026/2025 Statcast baseline active,7,1,25,0,"Last 7 games: 1/25, 0 HR","same-side matchup; pitcher baseline 10.1% barrel, 20.2 HR allowed",neutral batted-ball profile; pitcher fly-ball pressure modest,14.69,47.02,90.93,102.7078,0.4342,0.2031,0.3288,74.11,42.46,39.57,24.96,12.4,0.1777,10.05,43.18,90.09,0.4425,0.1814,28.0,Out To CF,78,Rate Field,
66,672515,Gabriel Moreno,AZ,CIN,2026-08-23T00:10:00Z,Pre-Game,3,Rhett Lowder,695076,R,52.0,Longshot,Watch List,"Premium Lineup Spot, Hot Hitter/Streak",36.7,50.6,41.7,96.6,50.0,70.4,Yes,,,No,Yes,MLB Stats API; RotoWire,not found on RotoWire,H:2026/2025 P:2026,,,Direct BvP not yet weighted; 2026/2025 Statcast baseline active,7,10,29,2,Hot streak: 2 HR in last 7 games,"same-side matchup; pitcher baseline 9.6% barrel, 13.0 HR allowed",neutral batted-ball profile; pitcher fly-ball pressure modest,7.45,43.19,89.77,99.7608,0.4586,0.167,0.3642,71.39,19.58,34.94,25.33,9.7,0.1571,9.6,37.8,90.3,0.454,0.189,28.2,None,72,Chase Field,
67,605141,Mookie Betts,LAD,PIT,2026-08-22T23:15:00Z,Pre-Game,3,Jared Jones,683003,R,51.7,Longshot,Watch List,"Good Environment, Premium Lineup Spot",32.8,42.6,72.6,96.6,50.0,35.3,Yes,Yes,3,Yes,No,MLB Stats API; RotoWire,,H:2026/2025 P:2026,,,Direct BvP not yet weighted; 2026/2025 Statcast baseline active,7,7,30,1,"Last 7 games: 7/30, 1 HR","same-side matchup; pitcher baseline 8.6% barrel, 11.0 HR allowed",neutral batted-ball profile; pitcher fly-ball pressure modest,6.97,37.69,89.87,98.4833,0.4276,0.1553,0.3286,69.53,8.46,39.82,34.64,17.2,0.1662,8.6,39.1,89.6,0.392,0.173,27.0,Out To RF,90,UNIQLO Field at Dodger Stadium,
68,664034,Ty France,SD,MIN,2026-08-23T00:40:00Z,Pre-Game,4,Dean Kremer,665152,R,51.7,Longshot,Watch List,Premium Lineup Spot,44.5,41.7,48.1,94.9,50.0,39.5,Yes,Yes,4,Yes,No,MLB Stats API; RotoWire,,H:2026/2025 P:2026/2025,,,Direct BvP not yet weighted; 2026/2025 Statcast baseline active,7,6,23,1,"Last 7 games: 6/23, 1 HR","same-side matchup; pitcher baseline 7.8% barrel, 15.7 HR allowed",neutral batted-ball profile; pitcher allows elevated contact,9.59,47.7,91.46,101.2567,0.4348,0.1807,0.3308,71.77,19.04,36.43,25.6,14.7,0.1905,7.79,34.4,87.33,0.4319,0.1953,34.56,L To R,80,Petco Park,
69,694671,Wyatt Langford,TEX,LAA,2026-08-22T23:05:00Z,Warmup,3,Ryan Johnson,696270,R,51.4,Longshot,Watch List,Premium Lineup Spot,40.5,50.2,42.1,96.6,50.0,33.7,Yes,Yes,3,Yes,No,MLB Stats API; RotoWire,,H:2026/2025 P:2026/2025,,,Direct BvP not yet weighted; 2026/2025 Statcast baseline active,7,6,27,1,"Last 7 games: 6/27, 1 HR","same-side matchup; pitcher baseline 10.4% barrel, 12.4 HR allowed",neutral batted-ball profile; pitcher allows elevated contact,9.45,42.38,90.21,101.0194,0.4123,0.175,0.3201,72.68,25.82,43.31,28.71,16.4,0.1991,10.39,36.84,87.82,0.4535,0.1945,33.95,None,74,Globe Life Field,
70,643217,Andrew Benintendi,CWS,NYM,2026-08-22T23:10:00Z,Warmup,4,Christian Scott,681035,R,51.1,Longshot,Watch List,"Premium Lineup Spot, Platoon Edge",36.9,26.5,68.6,94.9,80.0,36.0,Yes,Yes,4,Yes,No,MLB Stats API; RotoWire,,H:2026/2025 P:2026,,,Direct BvP not yet weighted; 2026/2025 Statcast baseline active,7,5,21,1,"Last 7 games: 5/21, 1 HR","platoon edge; pitcher baseline 6.8% barrel, 8.0 HR allowed",neutral batted-ball profile; pitcher fly-ball pressure modest,9.42,41.94,88.63,98.7729,0.4146,0.1718,0.3158,69.54,4.01,49.47,31.57,15.1,0.1819,6.8,34.7,87.2,0.356,0.127,26.5,Out To CF,78,Rate Field,
71,682674,Victor Bericoto,SF,BOS,2026-08-22T23:15:00Z,Pre-Game,1,Patrick Sandoval,663776,L,51.1,Longshot,Watch List,"Strong Barrel, Premium Lineup Spot, Platoon Edge",57.8,23.7,40.7,93.2,78.0,2.5,Yes,Yes,1,Yes,No,MLB Stats API; RotoWire,,H:2026 P:2026,,,Direct BvP not yet weighted; 2026/2025 Statcast baseline active,7,3,22,0,"Last 7 games: 3/22, 0 HR","platoon edge; pitcher baseline 5.6% barrel, 3.0 HR allowed",neutral batted-ball profile; pitcher fly-ball pressure modest,14.0,50.9,90.5,100.7405,0.452,0.236,0.286,74.6,51.6,38.6,28.1,4.0,0.188,5.6,32.4,87.0,0.412,0.135,25.0,In From CF,72,Fenway Park,
72,800050,Chase DeLauter,CLE,COL,2026-08-23T00:10:00Z,Pre-Game,2,Gabriel Hughes,687312,R,51.1,Longshot,Watch List,"Good Environment, Premium Lineup Spot, Platoon Edge",34.5,14.3,80.2,100.0,80.0,61.4,Yes,Yes,2,Yes,No,MLB Stats API; RotoWire,,H:2026 P:2026,,,Direct BvP not yet weighted; 2026/2025 Statcast baseline active,7,11,27,1,Contact streak: 11/27 over last 7 games,"platoon edge; pitcher baseline 4.3% barrel, 3.0 HR allowed",neutral batted-ball profile; pitcher fly-ball pressure modest,6.4,45.1,91.1,101.3333,0.428,0.152,0.345,71.3,17.2,38.0,19.4,13.0,0.155,4.3,28.4,88.0,0.338,0.106,25.0,Out To RF,81,Coors Field,
73,687093,Vaughn Grissom,LAA,TEX,2026-08-22T23:05:00Z,Warmup,3,Cody Bradford,674003,L,50.6,Longshot,Watch List,"Premium Lineup Spot, Platoon Edge",25.4,60.9,42.1,96.6,78.0,15.3,Yes,Yes,3,Yes,No,MLB Stats API; RotoWire,,H:2026 P:2026,,,Direct BvP not yet weighted; 2026/2025 Statcast baseline active,7,6,27,0,"Last 7 games: 6/27, 0 HR","platoon edge; pitcher baseline 10.2% barrel, 1.0 HR allowed",neutral batted-ball profile; pitcher allows elevated contact,6.2,38.2,88.0,99.2041,0.378,0.129,0.31,71.4,18.4,41.9,25.7,7.0,0.128,10.2,42.0,92.7,0.511,0.213,34.0,None,74,Globe Life Field,
74,669394,Jake Burger,TEX,LAA,2026-08-22T23:05:00Z,Warmup,7,Ryan Johnson,696270,R,50.3,Longshot,Watch List,Strong Barrel,47.8,50.2,42.1,64.3,50.0,53.3,Yes,Yes,7,Yes,No,MLB Stats API; RotoWire,,H:2026/2025 P:2026/2025,,,Direct BvP not yet weighted; 2026/2025 Statcast baseline active,7,6,26,2,Hot streak: 2 HR in last 7 games,"same-side matchup; pitcher baseline 10.4% barrel, 12.4 HR allowed",neutral batted-ball profile; pitcher allows elevated contact,11.73,46.89,89.98,102.6591,0.4199,0.1851,0.3072,75.37,58.07,41.88,27.76,19.5,0.1816,10.39,36.84,87.82,0.4535,0.1945,33.95,None,74,Globe Life Field,
75,521692,Salvador Perez,KC,DET,2026-08-22T23:15:00Z,Warmup,4,Drew Anderson,623454,R,50.3,Longshot,Watch List,"Strong Barrel, Premium Lineup Spot",45.4,36.8,50.2,94.9,50.0,24.0,Yes,Yes,4,Yes,No,MLB Stats API; RotoWire,,H:2026/2025 P:2026,,,Direct BvP not yet weighted; 2026/2025 Statcast baseline active,7,7,25,0,"Last 7 games: 7/25, 0 HR","same-side matchup; pitcher baseline 8.3% barrel, 11.0 HR allowed",neutral batted-ball profile; pitcher fly-ball pressure modest,11.23,43.27,89.16,100.567,0.4472,0.2037,0.3164,71.99,22.07,42.05,30.92,20.2,0.1666,8.3,37.7,90.0,0.354,0.137,24.6,L To R,85,Kauffman Stadium,
76,694208,Moisés Ballesteros,LAA,TEX,2026-08-22T23:05:00Z,Warmup,4,Cody Bradford,674003,L,50.1,Longshot,Watch List,Premium Lineup Spot,34.6,60.9,42.1,94.9,50.0,0.0,Yes,Yes,4,Yes,No,MLB Stats API; RotoWire,,H:2026/2025 P:2026,,,Direct BvP not yet weighted; 2026/2025 Statcast baseline active,7,3,29,0,"Last 7 games: 3/29, 0 HR","same-side matchup; pitcher baseline 10.2% barrel, 1.0 HR allowed",neutral batted-ball profile; pitcher allows elevated contact,8.31,43.1,90.22,100.9589,0.3867,0.145,0.3116,72.71,33.43,34.22,20.79,4.8,0.1333,10.2,42.0,92.7,0.511,0.213,34.0,None,74,Globe Life Field,
77,663886,Tyler Stephenson,CIN,AZ,2026-08-23T00:10:00Z,Pre-Game,4,Michael Soroka,647336,R,50.0,Longshot,Watch List,"Strong Barrel, Premium Lineup Spot",51.4,33.7,41.7,94.9,50.0,18.3,Yes,Yes,4,Yes,No,MLB Stats API; RotoWire,,H:2026/2025 P:2026/2025,,,Direct BvP not yet weighted; 2026/2025 Statcast baseline active,7,1,20,1,"Last 7 games: 1/20, 1 HR","same-side matchup; pitcher baseline 7.6% barrel, 7.8 HR allowed",neutral batted-ball profile; pitcher fly-ball pressure modest,13.1,46.75,90.92,100.4818,0.4424,0.2054,0.3326,70.52,7.14,36.24,33.36,12.3,0.1725,7.61,34.94,88.08,0.3902,0.1497,28.36,None,72,Chase Field,
78,663656,Kyle Tucker,LAD,PIT,2026-08-22T23:15:00Z,Pre-Game,6,Jared Jones,683003,R,49.9,Longshot,Watch List,"Good Environment, Platoon Edge",32.9,42.6,72.6,76.2,80.0,0.0,Yes,Yes,6,Yes,No,MLB Stats API; RotoWire,,H:2026/2025 P:2026,,,Direct BvP not yet weighted; 2026/2025 Statcast baseline active,7,3,29,0,"Last 7 games: 3/29, 0 HR","platoon edge; pitcher baseline 8.6% barrel, 11.0 HR allowed",neutral batted-ball profile; pitcher fly-ball pressure modest,7.3,38.44,89.26,98.8817,0.4116,0.1521,0.3398,71.58,20.87,43.59,32.7,14.3,0.1532,8.6,39.1,89.6,0.392,0.173,27.0,Out To RF,90,UNIQLO Field at Dodger Stadium,
79,805808,Kevin McGonigle,DET,KC,2026-08-22T23:15:00Z,Warmup,1,Michael Wacha,608379,R,49.6,Longshot,Watch List,"Premium Lineup Spot, Platoon Edge",31.9,39.3,50.2,93.2,80.0,37.8,Yes,Yes,1,Yes,No,MLB Stats API; RotoWire,,H:2026 P:2026/2025,,,Direct BvP not yet weighted; 2026/2025 Statcast baseline active,7,7,28,1,"Last 7 games: 7/28, 1 HR","platoon edge; pitcher baseline 7.2% barrel, 19.2 HR allowed",fly-ball profile; pitcher fly-ball pressure modest,6.8,36.8,88.1,98.2643,0.426,0.165,0.35,71.2,16.0,36.9,36.2,13.0,0.14,7.19,36.35,88.34,0.4182,0.1661,28.88,L To R,85,Kauffman Stadium,
80,694249,Cole Carrigg,COL,CLE,2026-08-23T00:10:00Z,Pre-Game,3,Tanner Bibee,676440,R,49.6,Longshot,Watch List,"Good Environment, Premium Lineup Spot, Platoon Edge",19.5,42.4,80.2,96.6,75.0,13.3,Yes,Yes,3,Yes,No,MLB Stats API; RotoWire,,H:2026 P:2026/2025,,,Direct BvP not yet weighted; 2026/2025 Statcast baseline active,7,5,24,0,"Last 7 games: 5/24, 0 HR","switch hitter; pitcher baseline 8.2% barrel, 25.6 HR allowed",neutral batted-ball profile; pitcher fly-ball pressure modest,4.5,31.8,86.5,97.9672,0.385,0.125,0.326,73.5,37.9,48.4,26.1,5.0,0.188,8.24,38.49,89.13,0.4116,0.1674,27.62,Out To RF,81,Coors Field,
81,693307,Dillon Dingler,DET,KC,2026-08-22T23:15:00Z,Warmup,4,Michael Wacha,608379,R,49.4,Longshot,Watch List,"Strong Barrel, Premium Lineup Spot",44.4,39.3,50.2,94.9,50.0,0.0,Yes,Yes,4,Yes,No,MLB Stats API; RotoWire,,H:2026/2025 P:2026/2025,,,Direct BvP not yet weighted; 2026/2025 Statcast baseline active,7,2,28,0,"Last 7 games: 2/28, 0 HR","same-side matchup; pitcher baseline 7.2% barrel, 19.2 HR allowed",neutral batted-ball profile; pitcher fly-ball pressure modest,10.04,43.74,89.16,100.6687,0.482,0.2046,0.3545,71.77,15.69,40.87,29.13,22.1,0.2072,7.19,36.35,88.34,0.4182,0.1661,28.88,L To R,85,Kauffman Stadium,
82,606192,Teoscar Hernández,LAD,PIT,2026-08-22T23:15:00Z,Pre-Game,7,Jared Jones,683003,R,49.4,Longshot,Watch List,Good Environment,42.2,42.6,72.6,64.3,50.0,16.6,Yes,Yes,7,Yes,No,MLB Stats API; RotoWire,,H:2026/2025 P:2026,,,Direct BvP not yet weighted; 2026/2025 Statcast baseline active,7,6,26,0,"Last 7 games: 6/26, 0 HR","same-side matchup; pitcher baseline 8.6% barrel, 11.0 HR allowed",neutral batted-ball profile; pitcher fly-ball pressure modest,9.82,44.49,89.85,101.0969,0.4256,0.1794,0.3181,72.41,24.85,34.5,29.31,15.2,0.1664,8.6,39.1,89.6,0.392,0.173,27.0,Out To RF,90,UNIQLO Field at Dodger Stadium,
83,681047,Christian Franklin,BAL,TB,2026-08-22T23:05:00Z,Warmup,7,Shane McClanahan,663556,L,49.3,Longshot,Watch List,"Strong Barrel, Platoon Edge",42.0,43.4,55.6,64.3,78.0,14.1,Yes,Yes,7,Yes,No,MLB Stats API; RotoWire,,H:2026 P:2026,,,Direct BvP not yet weighted; 2026/2025 Statcast baseline active,7,3,14,0,"Last 7 games: 3/14, 0 HR","platoon edge; pitcher baseline 8.7% barrel, 8.0 HR allowed",neutral batted-ball profile; pitcher fly-ball pressure modest,13.3,46.7,87.9,98.8344,0.324,0.157,0.314,74.6,54.8,13.3,26.7,0.0,0.045,8.7,41.5,89.5,0.405,0.164,27.7,R To L,74,Oriole Park at Camden Yards,
84,669242,Tommy Edman,LAD,PIT,2026-08-22T23:15:00Z,Pre-Game,5,Jared Jones,683003,R,49.3,Longshot,Watch List,"Good Environment, Platoon Edge",23.1,41.5,72.6,86.4,75.0,40.7,Yes,Yes,5,Yes,No,MLB Stats API; RotoWire,,H:2026/2025 P:2026,,,Direct BvP not yet weighted; 2026/2025 Statcast baseline active,7,7,26,1,"Last 7 games: 7/26, 1 HR","switch hitter; pitcher baseline 8.6% barrel, 11.0 HR allowed",neutral batted-ball profile; pitcher fly-ball pressure modest,5.48,37.17,88.23,99.4743,0.383,0.1181,0.3154,70.52,12.53,42.11,25.87,6.7,0.143,8.6,39.1,89.6,0.392,0.173,27.0,Out To RF,90,UNIQLO Field at Dodger Stadium,
85,663993,Nathaniel Lowe,CLE,COL,2026-08-23T00:10:00Z,Pre-Game,5,Gabriel Hughes,687312,R,49.3,Longshot,Watch List,"Good Environment, Platoon Edge",37.8,14.3,80.2,86.4,80.0,40.7,Yes,Yes,5,Yes,No,MLB Stats API; RotoWire,,H:2026/2025 P:2026,,,Direct BvP not yet weighted; 2026/2025 Statcast baseline active,7,7,26,1,"Last 7 games: 7/26, 1 HR","platoon edge; pitcher baseline 4.3% barrel, 3.0 HR allowed",neutral batted-ball profile; pitcher fly-ball pressure modest,8.4,41.92,89.21,100.9915,0.4262,0.1695,0.3289,74.0,39.22,35.1,26.55,15.2,0.1964,4.3,28.4,88.0,0.338,0.106,25.0,Out To RF,81,Coors Field,
86,683002,Gunnar Henderson,BAL,TB,2026-08-22T23:05:00Z,Warmup,5,Shane McClanahan,663556,L,48.9,Longshot,Watch List,No major boost,38.2,43.4,55.6,86.4,50.0,18.0,Yes,Yes,5,Yes,No,MLB Stats API; RotoWire,,H:2026/2025 P:2026,,,Direct BvP not yet weighted; 2026/2025 Statcast baseline active,7,6,25,0,"Last 7 games: 6/25, 0 HR","same-side matchup; pitcher baseline 8.7% barrel, 8.0 HR allowed",neutral batted-ball profile; pitcher fly-ball pressure modest,7.62,46.12,90.49,101.4517,0.4068,0.1539,0.3256,74.67,47.52,41.5,23.87,19.1,0.1731,8.7,41.5,89.5,0.405,0.164,27.7,R To L,74,Oriole Park at Camden Yards,
87,691720,Kyle Karros,COL,CLE,2026-08-23T00:10:00Z,Pre-Game,5,Tanner Bibee,676440,R,48.8,Longshot,Watch List,Good Environment,24.2,43.8,80.2,86.4,50.0,32.9,Yes,Yes,5,Yes,No,MLB Stats API; RotoWire,,H:2026/2025 P:2026/2025,,,Direct BvP not yet weighted; 2026/2025 Statcast baseline active,7,5,23,1,"Last 7 games: 5/23, 1 HR","same-side matchup; pitcher baseline 8.2% barrel, 25.6 HR allowed",neutral batted-ball profile; pitcher fly-ball pressure modest,5.83,39.09,89.02,99.598,0.3614,0.1201,0.3147,69.8,5.3,39.15,24.13,7.3,0.1252,8.24,38.49,89.13,0.4116,0.1674,27.62,Out To RF,81,Coors Field,
88,694374,Tim Tawa,AZ,CIN,2026-08-23T00:10:00Z,Pre-Game,6,Rhett Lowder,695076,R,48.7,Longshot,Watch List,No major boost,39.2,50.6,41.7,76.2,50.0,44.8,Yes,,,No,Yes,MLB Stats API; RotoWire,not found on RotoWire,H:2026/2025 P:2026,,,Direct BvP not yet weighted; 2026/2025 Statcast baseline active,7,8,27,1,"Last 7 games: 8/27, 1 HR","same-side matchup; pitcher baseline 9.6% barrel, 13.0 HR allowed",neutral batted-ball profile; pitcher fly-ball pressure modest,9.02,44.13,90.25,100.8579,0.3946,0.1606,0.3033,73.87,37.26,40.87,25.63,7.0,0.1502,9.6,37.8,90.3,0.454,0.189,28.2,None,72,Chase Field,
89,680777,Ryan Jeffers,MIN,SD,2026-08-23T00:40:00Z,Pre-Game,4,Casey Mize,663554,R,48.5,Longshot,Watch List,Premium Lineup Spot,39.5,39.0,48.1,94.9,50.0,21.5,Yes,Yes,4,Yes,No,MLB Stats API; RotoWire,,H:2026/2025 P:2026/2025,,,Direct BvP not yet weighted; 2026/2025 Statcast baseline active,7,5,19,0,"Last 7 games: 5/19, 0 HR","same-side matchup; pitcher baseline 8.2% barrel, 11.2 HR allowed",neutral batted-ball profile; pitcher allows elevated contact,9.59,40.84,89.16,100.8915,0.428,0.178,0.3474,73.0,36.05,36.34,28.1,9.7,0.1842,8.15,38.58,89.16,0.3763,0.1455,30.46,L To R,80,Petco Park,
90,621438,Tyrone Taylor,CHC,SEA,2026-08-22T23:15:00Z,Pre-Game,6,Kade Anderson,807739,L,48.4,Longshot,Watch List,Platoon Edge,29.8,41.2,62.4,76.2,78.0,32.0,Yes,Yes,6,Yes,No,MLB Stats API; RotoWire,,H:2026/2025 P:,,,Direct BvP not yet weighted; 2026/2025 Statcast baseline active,7,3,9,0,Contact streak: 3/9 over last 7 games,"platoon edge; pitcher baseline 0.0% barrel, 0.0 HR allowed",neutral batted-ball profile; pitcher fly-ball pressure modest,8.28,34.54,86.78,98.4126,0.4074,0.1637,0.3064,71.21,12.56,50.26,30.91,7.6,0.1919,,,,,,,Out To CF,76,T-Mobile Park,
91,668709,JJ Bleday,CIN,AZ,2026-08-23T00:10:00Z,Pre-Game,3,Michael Soroka,647336,R,48.1,Longshot,Watch List,"Premium Lineup Spot, Platoon Edge",38.0,33.7,41.7,96.6,80.0,9.3,Yes,Yes,3,Yes,No,MLB Stats API; RotoWire,,H:2026/2025 P:2026/2025,,,Direct BvP not yet weighted; 2026/2025 Statcast baseline active,7,4,22,0,"Last 7 games: 4/22, 0 HR","platoon edge; pitcher baseline 7.6% barrel, 7.8 HR allowed",neutral batted-ball profile; pitcher fly-ball pressure modest,8.99,40.1,88.63,99.8673,0.4024,0.1767,0.3243,73.14,28.7,45.95,33.69,18.2,0.2053,7.61,34.94,88.08,0.3902,0.1497,28.36,None,72,Chase Field,
92,664983,Jake McCarthy,COL,CLE,2026-08-23T00:10:00Z,Pre-Game,1,Tanner Bibee,676440,R,47.9,Longshot,Watch List,"Good Environment, Premium Lineup Spot, Platoon Edge",14.1,43.8,80.2,93.2,80.0,8.8,Yes,Yes,1,Yes,No,MLB Stats API; RotoWire,,H:2026/2025 P:2026/2025,,,Direct BvP not yet weighted; 2026/2025 Statcast baseline active,7,5,28,0,"Last 7 games: 5/28, 0 HR","platoon edge; pitcher baseline 8.2% barrel, 25.6 HR allowed",neutral batted-ball profile; pitcher fly-ball pressure modest,4.88,26.97,84.77,96.6371,0.3929,0.1315,0.307,70.82,12.21,37.59,21.52,10.3,0.1774,8.24,38.49,89.13,0.4116,0.1674,27.62,Out To RF,81,Coors Field,
93,681198,TJ Rumfield,COL,CLE,2026-08-23T00:10:00Z,Pre-Game,4,Tanner Bibee,676440,R,47.9,Longshot,Watch List,"Good Environment, Premium Lineup Spot, Platoon Edge",12.0,43.8,80.2,94.9,80.0,18.0,Yes,Yes,4,Yes,No,MLB Stats API; RotoWire,,H:2026 P:2026/2025,,,Direct BvP not yet weighted; 2026/2025 Statcast baseline active,7,6,25,0,"Last 7 games: 6/25, 0 HR","platoon edge; pitcher baseline 8.2% barrel, 25.6 HR allowed",neutral batted-ball profile; pitcher fly-ball pressure modest,4.6,27.2,83.9,96.072,0.38,0.122,0.325,68.7,8.2,41.5,28.6,13.0,0.154,8.24,38.49,89.13,0.4116,0.1674,27.62,Out To RF,81,Coors Field,
94,687859,Troy Johnston,COL,CLE,2026-08-23T00:10:00Z,Pre-Game,7,Tanner Bibee,676440,R,47.6,Longshot,Watch List,"Good Environment, Platoon Edge",24.3,43.8,80.2,64.3,80.0,17.7,Yes,Yes,7,Yes,No,MLB Stats API; RotoWire,,H:2026/2025 P:2026/2025,,,Direct BvP not yet weighted; 2026/2025 Statcast baseline active,7,5,21,0,"Last 7 games: 5/21, 0 HR","platoon edge; pitcher baseline 8.2% barrel, 25.6 HR allowed",neutral batted-ball profile; pitcher fly-ball pressure modest,4.36,38.04,89.6,98.8868,0.4048,0.1282,0.3289,70.25,5.44,39.86,23.37,3.3,0.1192,8.24,38.49,89.13,0.4116,0.1674,27.62,Out To RF,81,Coors Field,
95,694203,Denzer Guzman,LAA,TEX,2026-08-22T23:05:00Z,Warmup,7,Cody Bradford,674003,L,47.4,Longshot,Watch List,Platoon Edge,27.0,60.9,42.1,64.3,78.0,31.6,Yes,Yes,7,Yes,No,MLB Stats API; RotoWire,,H:2026/2025 P:2026,,,Direct BvP not yet weighted; 2026/2025 Statcast baseline active,7,5,24,1,"Last 7 games: 5/24, 1 HR","platoon edge; pitcher baseline 10.2% barrel, 1.0 HR allowed",neutral batted-ball profile; pitcher allows elevated contact,9.12,37.16,86.85,98.4807,0.3328,0.1204,0.2546,73.5,35.69,41.37,24.96,4.8,0.1439,10.2,42.0,92.7,0.511,0.213,34.0,None,74,Globe Life Field,
96,672569,Gustavo Campero,LAA,TEX,2026-08-22T23:05:00Z,Warmup,6,Cody Bradford,674003,L,47.3,Longshot,Watch List,Platoon Edge,19.6,60.8,42.1,76.2,75.0,50.0,Yes,Yes,6,Yes,No,MLB Stats API; RotoWire,,H:2025 P:2026,,,Direct BvP not yet weighted; 2026/2025 Statcast baseline active,0,0,0,0,Recent form unavailable,"switch hitter; pitcher baseline 10.2% barrel, 1.0 HR allowed",neutral batted-ball profile; pitcher allows elevated contact,6.8,22.7,85.3,95.8205,0.399,0.159,0.325,69.1,8.9,31.8,29.5,3.0,0.173,10.2,42.0,92.7,0.511,0.213,34.0,None,74,Globe Life Field,
97,695681,Christian Moore,LAA,TEX,2026-08-22T23:05:00Z,Warmup,8,Cody Bradford,674003,L,47.0,Longshot,Watch List,Platoon Edge,33.7,60.9,42.1,52.4,78.0,12.0,Yes,Yes,8,Yes,No,MLB Stats API; RotoWire,,H:2026/2025 P:2026,,,Direct BvP not yet weighted; 2026/2025 Statcast baseline active,6,4,20,0,"Last 6 games: 4/20, 0 HR","platoon edge; pitcher baseline 10.2% barrel, 1.0 HR allowed",EV profile; pitcher allows elevated contact,9.07,45.89,92.4,101.7321,0.2722,0.0797,0.226,74.03,36.91,14.95,23.72,2.1,0.0516,10.2,42.0,92.7,0.511,0.213,34.0,None,74,Globe Life Field,
98,642715,Willy Adames,SF,BOS,2026-08-22T23:15:00Z,Pre-Game,3,Patrick Sandoval,663776,L,47.0,Longshot,Watch List,"Premium Lineup Spot, Platoon Edge",37.0,23.7,40.7,96.6,78.0,48.3,Yes,Yes,3,Yes,No,MLB Stats API; RotoWire,,H:2026/2025 P:2026,,,Direct BvP not yet weighted; 2026/2025 Statcast baseline active,7,8,25,1,Contact streak: 8/25 over last 7 games,"platoon edge; pitcher baseline 5.6% barrel, 3.0 HR allowed",neutral batted-ball profile; pitcher fly-ball pressure modest,9.66,39.72,87.71,99.0067,0.3972,0.1767,0.3018,72.21,23.9,47.7,34.06,23.0,0.1918,5.6,32.4,87.0,0.412,0.135,25.0,In From CF,72,Fenway Park,
99,677950,Alek Thomas,LAD,PIT,2026-08-22T23:15:00Z,Pre-Game,8,Jared Jones,683003,R,46.7,Longshot,Watch List,"Good Environment, Platoon Edge",33.4,42.6,72.6,52.4,80.0,0.0,Yes,Yes,8,Yes,No,MLB Stats API; RotoWire,,H:2026/2025 P:2026,,,Direct BvP not yet weighted; 2026/2025 Statcast baseline active,7,1,19,0,"Last 7 games: 1/19, 0 HR","platoon edge; pitcher baseline 8.6% barrel, 11.0 HR allowed",neutral batted-ball profile; pitcher fly-ball pressure modest,8.36,41.96,89.81,100.5387,0.3895,0.1524,0.2911,70.05,7.47,30.91,23.95,4.1,0.1476,8.6,39.1,89.6,0.392,0.173,27.0,Out To RF,90,UNIQLO Field at Dodger Stadium,
100,657757,Gavin Sheets,SD,MIN,2026-08-23T00:40:00Z,Pre-Game,7,Dean Kremer,665152,R,46.6,Longshot,Watch List,Platoon Edge,34.3,41.7,48.1,64.3,80.0,37.8,Yes,Yes,7,Yes,No,MLB Stats API; RotoWire,,H:2026/2025 P:2026/2025,,,Direct BvP not yet weighted; 2026/2025 Statcast baseline active,7,4,16,1,"Last 7 games: 4/16, 1 HR","platoon edge; pitcher baseline 7.8% barrel, 15.7 HR allowed",neutral batted-ball profile; pitcher allows elevated contact,7.92,41.53,88.22,99.7072,0.404,0.1634,0.3246,74.52,47.88,39.47,23.21,16.9,0.1812,7.79,34.4,87.33,0.4319,0.1953,34.56,L To R,80,Petco Park,
101,608070,José Ramírez,CLE,COL,2026-08-23T00:10:00Z,Pre-Game,3,Gabriel Hughes,687312,R,46.5,Longshot,Watch List,"Good Environment, Premium Lineup Spot, Platoon Edge",29.6,14.0,80.2,96.6,75.0,20.9,Yes,Yes,3,Yes,No,MLB Stats API; RotoWire,,H:2026/2025 P:2026,,,Direct BvP not yet weighted; 2026/2025 Statcast baseline active,7,7,27,0,"Last 7 games: 7/27, 0 HR","switch hitter; pitcher baseline 4.3% barrel, 3.0 HR allowed",neutral batted-ball profile; pitcher fly-ball pressure modest,5.53,40.08,89.11,99.6485,0.4292,0.1473,0.3462,70.34,13.47,50.62,29.41,16.0,0.1654,4.3,28.4,88.0,0.338,0.106,25.0,Out To RF,81,Coors Field,
102,679529,Spencer Torkelson,DET,KC,2026-08-22T23:15:00Z,Warmup,7,Michael Wacha,608379,R,46.4,Longshot,Watch List,Strong Barrel,48.4,39.3,50.2,64.3,50.0,0.0,Yes,Yes,7,Yes,No,MLB Stats API; RotoWire,,H:2026/2025 P:2026/2025,,,Direct BvP not yet weighted; 2026/2025 Statcast baseline active,7,1,20,0,"Last 7 games: 1/20, 0 HR","same-side matchup; pitcher baseline 7.2% barrel, 19.2 HR allowed",fly-ball profile; pitcher fly-ball pressure modest,12.94,42.09,89.57,100.1783,0.4196,0.1999,0.3214,73.07,25.88,47.07,35.62,23.3,0.195,7.19,36.35,88.34,0.4182,0.1661,28.88,L To R,85,Kauffman Stadium,
103,621493,Taylor Ward,SEA,CHC,2026-08-22T23:15:00Z,Pre-Game,6,David Peterson,656849,L,46.4,Longshot,Watch List,Platoon Edge,31.9,35.9,62.4,76.2,78.0,5.1,Yes,Yes,6,Yes,No,MLB Stats API; RotoWire,,H:2026/2025 P:2026/2025,,,Direct BvP not yet weighted; 2026/2025 Statcast baseline active,7,4,26,0,"Last 7 games: 4/26, 0 HR","platoon edge; pitcher baseline 6.4% barrel, 11.0 HR allowed",neutral batted-ball profile; pitcher fly-ball pressure modest,8.03,39.48,89.19,99.3862,0.3947,0.1539,0.3379,68.8,4.16,33.1,30.01,15.7,0.1406,6.4,42.64,89.69,0.414,0.1405,19.71,Out To CF,76,T-Mobile Park,
104,518595,Travis d'Arnaud,LAA,TEX,2026-08-22T23:05:00Z,Warmup,9,Cody Bradford,674003,L,46.3,Longshot,Watch List,"Strong Barrel, Platoon Edge",36.0,60.9,42.1,44.8,78.0,5.1,Yes,Yes,9,Yes,No,MLB Stats API; RotoWire,,H:2026/2025 P:2026,,,Direct BvP not yet weighted; 2026/2025 Statcast baseline active,7,2,13,0,"Last 7 games: 2/13, 0 HR","platoon edge; pitcher baseline 10.2% barrel, 1.0 HR allowed",neutral batted-ball profile; pitcher allows elevated contact,13.15,32.79,87.64,97.9319,0.3516,0.1687,0.2837,71.08,13.25,28.41,31.02,2.5,0.0998,10.2,42.0,92.7,0.511,0.213,34.0,None,74,Globe Life Field,
105,553993,Eugenio Suárez,CIN,AZ,2026-08-23T00:10:00Z,Pre-Game,5,Michael Soroka,647336,R,46.1,Longshot,Watch List,Strong Barrel,42.4,33.7,41.7,86.4,50.0,23.7,Yes,Yes,5,Yes,No,MLB Stats API; RotoWire,,H:2026/2025 P:2026/2025,,,Direct BvP not yet weighted; 2026/2025 Statcast baseline active,7,5,18,0,"Last 7 games: 5/18, 0 HR","same-side matchup; pitcher baseline 7.6% barrel, 7.8 HR allowed",neutral batted-ball profile; pitcher fly-ball pressure modest,12.2,39.83,89.22,100.2514,0.379,0.1813,0.292,71.95,21.25,48.52,34.18,27.3,0.2322,7.61,34.94,88.08,0.3902,0.1497,28.36,None,72,Chase Field,
106,694197,Angel Genao,CLE,COL,2026-08-23T00:10:00Z,Pre-Game,6,Gabriel Hughes,687312,R,46.1,Longshot,Watch List,"Good Environment, Platoon Edge",36.0,14.0,80.2,76.2,75.0,28.2,Yes,Yes,6,Yes,No,MLB Stats API; RotoWire,,H:2026 P:2026,,,Direct BvP not yet weighted; 2026/2025 Statcast baseline active,7,8,26,0,"Last 7 games: 8/26, 0 HR","switch hitter; pitcher baseline 4.3% barrel, 3.0 HR allowed",EV profile; pitcher fly-ball pressure modest,6.7,51.1,92.6,101.0112,0.395,0.118,0.327,71.5,20.0,31.1,15.6,1.0,0.12,4.3,28.4,88.0,0.338,0.106,25.0,Out To RF,81,Coors Field,
107,668904,Royce Lewis,MIN,SD,2026-08-23T00:40:00Z,Pre-Game,6,Casey Mize,663554,R,46.1,Longshot,Watch List,Strong Barrel,42.7,39.0,48.1,76.2,50.0,6.0,Yes,Yes,6,Yes,No,MLB Stats API; RotoWire,,H:2026/2025 P:2026/2025,,,Direct BvP not yet weighted; 2026/2025 Statcast baseline active,7,4,25,0,"Last 7 games: 4/25, 0 HR","same-side matchup; pitcher baseline 8.2% barrel, 11.2 HR allowed",neutral batted-ball profile; pitcher allows elevated contact,10.8,41.63,89.87,100.9118,0.4124,0.1684,0.3147,74.72,50.38,47.42,30.01,13.0,0.1699,8.15,38.58,89.16,0.3763,0.1455,30.46,L To R,80,Petco Park,
108,686681,Michael Massey,KC,DET,2026-08-22T23:15:00Z,Warmup,7,Drew Anderson,623454,R,45.8,Longshot,Watch List,"Platoon Edge, Hot Hitter/Streak",27.8,36.8,50.2,64.3,80.0,81.7,Yes,Yes,7,Yes,No,MLB Stats API; RotoWire,,H:2026/2025 P:2026,,,Direct BvP not yet weighted; 2026/2025 Statcast baseline active,7,13,25,2,Hot streak: 2 HR in last 7 games,"platoon edge; pitcher baseline 8.3% barrel, 11.0 HR allowed",neutral batted-ball profile; pitcher fly-ball pressure modest,5.47,37.9,88.97,98.6164,0.3838,0.1409,0.2881,71.5,12.68,49.57,31.71,8.6,0.1397,8.3,37.7,90.0,0.354,0.137,24.6,L To R,85,Kauffman Stadium,
109,630105,Jake Cronenworth,SD,MIN,2026-08-23T00:40:00Z,Pre-Game,2,Dean Kremer,665152,R,45.8,Longshot,Watch List,"Premium Lineup Spot, Platoon Edge",15.9,41.7,48.1,100.0,80.0,42.3,Yes,Yes,2,Yes,No,MLB Stats API; RotoWire,,H:2026/2025 P:2026/2025,,,Direct BvP not yet weighted; 2026/2025 Statcast baseline active,7,7,25,1,"Last 7 games: 7/25, 1 HR","platoon edge; pitcher baseline 7.8% barrel, 15.7 HR allowed",neutral batted-ball profile; pitcher allows elevated contact,4.38,33.12,87.52,97.9539,0.3257,0.1021,0.2959,71.32,17.6,32.8,22.93,6.1,0.0904,7.79,34.4,87.33,0.4319,0.1953,34.56,L To R,80,Petco Park,
110,572233,Christian Walker,HOU,ATH,2026-08-22T23:10:00Z,Warmup,5,Jacob Lopez,682052,L,45.7,Longshot,Watch List,"Strong Barrel, Platoon Edge",41.8,21.9,41.6,86.4,78.0,26.4,Yes,Yes,5,Yes,No,MLB Stats API; RotoWire,,H:2026/2025 P:2026/2025,,,Direct BvP not yet weighted; 2026/2025 Statcast baseline active,7,4,23,1,"Last 7 games: 4/23, 1 HR","platoon edge; pitcher baseline 5.7% barrel, 15.0 HR allowed",neutral batted-ball profile; pitcher allows elevated contact,10.31,43.02,89.78,101.5641,0.4,0.1729,0.3063,74.38,43.97,42.9,28.0,24.2,0.2012,5.69,30.19,85.29,0.3424,0.1338,32.48,None,73,Daikin Park,
111,650402,Gleyber Torres,DET,KC,2026-08-22T23:15:00Z,Warmup,2,Michael Wacha,608379,R,45.5,Longshot,Watch List,Premium Lineup Spot,25.5,39.3,50.2,100.0,50.0,33.7,Yes,Yes,2,Yes,No,MLB Stats API; RotoWire,,H:2026/2025 P:2026/2025,,,Direct BvP not yet weighted; 2026/2025 Statcast baseline active,7,10,29,0,Contact streak: 10/29 over last 7 games,"same-side matchup; pitcher baseline 7.2% barrel, 19.2 HR allowed",neutral batted-ball profile; pitcher fly-ball pressure modest,7.15,34.73,87.34,97.7457,0.4046,0.1475,0.342,68.7,5.82,26.97,27.52,10.4,0.1282,7.19,36.35,88.34,0.4182,0.1661,28.88,L To R,85,Kauffman Stadium,
112,693304,Nick Gonzales,PIT,LAD,2026-08-22T23:15:00Z,Pre-Game,1,Tarik Skubal,669373,L,45.3,Longshot,Watch List,"Good Environment, Premium Lineup Spot, Platoon Edge",16.0,28.8,72.6,93.2,78.0,43.4,Yes,Yes,1,Yes,No,MLB Stats API; RotoWire,,H:2026/2025 P:2026/2025,,,Direct BvP not yet weighted; 2026/2025 Statcast baseline active,7,9,22,0,Contact streak: 9/22 over last 7 games,"platoon edge; pitcher baseline 7.5% barrel, 13.8 HR allowed",neutral batted-ball profile; pitcher fly-ball pressure modest,3.24,36.14,87.05,98.2813,0.3813,0.1063,0.3141,70.71,12.66,37.64,20.7,5.7,0.0957,7.54,35.38,86.94,0.3433,0.1233,26.32,Out To RF,90,UNIQLO Field at Dodger Stadium,
113,702616,Jackson Holliday,BAL,TB,2026-08-22T23:05:00Z,Warmup,1,Shane McClanahan,663556,L,45.2,Longshot,Watch List,Premium Lineup Spot,25.6,43.4,55.6,93.2,50.0,8.8,Yes,Yes,1,Yes,No,MLB Stats API; RotoWire,,H:2026/2025 P:2026,,,Direct BvP not yet weighted; 2026/2025 Statcast baseline active,7,5,28,0,"Last 7 games: 5/28, 0 HR","same-side matchup; pitcher baseline 8.7% barrel, 8.0 HR allowed",neutral batted-ball profile; pitcher fly-ball pressure modest,7.31,35.69,87.75,98.0892,0.376,0.1371,0.3119,70.6,7.41,34.43,24.82,9.3,0.1323,8.7,41.5,89.5,0.405,0.164,27.7,R To L,74,Oriole Park at Camden Yards,
114,671732,Lawrence Butler,ATH,HOU,2026-08-22T23:10:00Z,Warmup,5,Hunter Brown,686613,R,45.1,Longshot,Watch List,Platoon Edge,35.2,22.7,41.6,86.4,80.0,50.3,Yes,Yes,5,Yes,No,MLB Stats API; RotoWire,,H:2026/2025 P:2026/2025,,,Direct BvP not yet weighted; 2026/2025 Statcast baseline active,7,8,24,1,Contact streak: 8/24 over last 7 games,"platoon edge; pitcher baseline 6.2% barrel, 11.4 HR allowed",neutral batted-ball profile; pitcher fly-ball pressure modest,8.08,44.68,89.59,101.6649,0.3832,0.1479,0.311,73.7,38.58,34.4,22.7,14.0,0.1469,6.18,35.63,85.96,0.3397,0.1304,22.6,None,73,Daikin Park,
115,682634,Kevin Alcántara,CHC,SEA,2026-08-22T23:15:00Z,Pre-Game,8,Kade Anderson,807739,L,44.7,Longshot,Watch List,Platoon Edge,28.9,41.2,62.4,52.4,78.0,30.3,Yes,Yes,8,Yes,No,MLB Stats API; RotoWire,,H:2026/2025 P:,,,Direct BvP not yet weighted; 2026/2025 Statcast baseline active,7,2,10,1,"Last 7 games: 2/10, 1 HR","platoon edge; pitcher baseline 0.0% barrel, 0.0 HR allowed",EV profile; pitcher fly-ball pressure modest,5.39,34.43,92.24,99.0262,0.4196,0.1091,0.3464,75.65,56.33,50.53,16.17,0.7,0.0917,,,,,,,Out To CF,76,T-Mobile Park,
116,694497,Evan Carter,TEX,LAA,2026-08-22T23:05:00Z,Warmup,6,Ryan Johnson,696270,R,44.3,Longshot,Watch List,Platoon Edge,21.5,50.2,42.1,76.2,80.0,19.5,Yes,Yes,6,Yes,No,MLB Stats API; RotoWire,,H:2026/2025 P:2026/2025,,,Direct BvP not yet weighted; 2026/2025 Statcast baseline active,7,6,24,0,"Last 7 games: 6/24, 0 HR","platoon edge; pitcher baseline 10.4% barrel, 12.4 HR allowed",neutral batted-ball profile; pitcher allows elevated contact,5.69,35.65,87.54,98.6524,0.3348,0.1218,0.2912,70.95,17.51,38.56,28.05,7.1,0.1331,10.39,36.84,87.82,0.4535,0.1945,33.95,None,74,Globe Life Field,
117,672695,Geraldo Perdomo,AZ,CIN,2026-08-23T00:10:00Z,Pre-Game,4,Rhett Lowder,695076,R,44.3,Longshot,Watch List,"Premium Lineup Spot, Platoon Edge",14.7,49.2,41.7,94.9,75.0,26.4,Yes,,,No,Yes,MLB Stats API; RotoWire,not found on RotoWire,H:2026/2025 P:2026,,,Direct BvP not yet weighted; 2026/2025 Statcast baseline active,7,8,27,0,"Last 7 games: 8/27, 0 HR","switch hitter; pitcher baseline 9.6% barrel, 13.0 HR allowed",neutral batted-ball profile; pitcher fly-ball pressure modest,4.03,30.85,87.53,96.7174,0.368,0.1089,0.3343,67.43,2.15,43.73,26.71,12.3,0.1412,9.6,37.8,90.3,0.454,0.189,28.2,None,72,Chase Field,
118,543760,Marcus Semien,NYM,CWS,2026-08-22T23:10:00Z,Warmup,8,Luis Castillo,622491,R,44.2,Longshot,Watch List,No major boost,24.5,54.7,68.6,52.4,50.0,16.1,Yes,Yes,8,Yes,No,MLB Stats API; RotoWire,,H:2026/2025 P:2026/2025,,,Direct BvP not yet weighted; 2026/2025 Statcast baseline active,7,5,22,0,"Last 7 games: 5/22, 0 HR","same-side matchup; pitcher baseline 10.1% barrel, 20.2 HR allowed",neutral batted-ball profile; pitcher fly-ball pressure modest,6.8,34.23,87.04,97.5125,0.3908,0.1467,0.3075,68.5,3.27,46.77,31.16,14.3,0.1382,10.05,43.18,90.09,0.4425,0.1814,28.0,Out To CF,78,Rate Field,
119,571448,Nolan Arenado,AZ,CIN,2026-08-23T00:10:00Z,Pre-Game,5,Rhett Lowder,695076,R,44.2,Longshot,Watch List,No major boost,19.3,50.6,41.7,86.4,50.0,56.2,Yes,,,No,Yes,MLB Stats API; RotoWire,not found on RotoWire,H:2026/2025 P:2026,,,Direct BvP not yet weighted; 2026/2025 Statcast baseline active,7,7,28,2,Hot streak: 2 HR in last 7 games,"same-side matchup; pitcher baseline 9.6% barrel, 13.0 HR allowed",neutral batted-ball profile; pitcher fly-ball pressure modest,5.96,32.25,85.61,97.0326,0.3604,0.1255,0.2946,71.33,15.89,45.46,28.35,17.6,0.1799,9.6,37.8,90.3,0.454,0.189,28.2,None,72,Chase Field,
120,647304,Josh Naylor,SEA,CHC,2026-08-22T23:15:00Z,Pre-Game,5,David Peterson,656849,L,44.1,Longshot,Watch List,No major boost,24.2,35.9,62.4,86.4,50.0,30.4,Yes,Yes,5,Yes,No,MLB Stats API; RotoWire,,H:2026/2025 P:2026/2025,,,Direct BvP not yet weighted; 2026/2025 Statcast baseline active,7,10,31,0,Contact streak: 10/31 over last 7 games,"same-side matchup; pitcher baseline 6.4% barrel, 11.0 HR allowed",neutral batted-ball profile; pitcher fly-ball pressure modest,5.3,38.47,88.08,99.2007,0.404,0.1324,0.3236,70.41,11.47,41.85,22.85,13.0,0.1215,6.4,42.64,89.69,0.414,0.1405,19.71,Out To CF,76,T-Mobile Park,
121,665804,Miguel Amaya,CHC,SEA,2026-08-22T23:15:00Z,Pre-Game,9,Kade Anderson,807739,L,43.8,Longshot,Watch List,Platoon Edge,24.9,41.2,62.4,44.8,78.0,60.3,Yes,Yes,9,Yes,No,MLB Stats API; RotoWire,,H:2026/2025 P:,,,Direct BvP not yet weighted; 2026/2025 Statcast baseline active,7,5,18,2,Hot streak: 2 HR in last 7 games,"platoon edge; pitcher baseline 0.0% barrel, 0.0 HR allowed",neutral batted-ball profile; pitcher fly-ball pressure modest,7.09,35.28,87.38,97.8095,0.3447,0.1294,0.2936,71.01,13.87,40.8,32.09,4.7,0.1609,,,,,,,Out To CF,76,T-Mobile Park,
122,703607,Henry Bolte,ATH,HOU,2026-08-22T23:10:00Z,Warmup,1,Hunter Brown,686613,R,43.7,Longshot,Watch List,Premium Lineup Spot,35.1,22.7,41.6,93.2,50.0,57.2,Yes,Yes,1,Yes,No,MLB Stats API; RotoWire,,H:2026 P:2026/2025,,,Direct BvP not yet weighted; 2026/2025 Statcast baseline active,7,11,29,1,Contact streak: 11/29 over last 7 games,"same-side matchup; pitcher baseline 6.2% barrel, 11.4 HR allowed",neutral batted-ball profile; pitcher fly-ball pressure modest,7.0,47.5,91.0,104.3887,0.358,0.119,0.304,77.0,73.3,31.3,16.9,6.0,0.098,6.18,35.63,85.96,0.3397,0.1304,22.6,None,73,Daikin Park,
123,803011,Sam Antonacci,CWS,NYM,2026-08-22T23:10:00Z,Warmup,1,Christian Scott,681035,R,43.7,Longshot,Watch List,"Premium Lineup Spot, Platoon Edge",20.6,26.5,68.6,93.2,80.0,0.0,Yes,Yes,1,Yes,No,MLB Stats API; RotoWire,,H:2026 P:2026,,,Direct BvP not yet weighted; 2026/2025 Statcast baseline active,7,2,21,0,"Last 7 games: 2/21, 0 HR","platoon edge; pitcher baseline 6.8% barrel, 8.0 HR allowed",neutral batted-ball profile; pitcher fly-ball pressure modest,5.6,34.1,87.5,97.8158,0.397,0.122,0.344,70.0,8.5,33.7,21.6,8.0,0.124,6.8,34.7,87.2,0.356,0.127,26.5,Out To CF,78,Rate Field,
124,666126,Carlos Cortes,ATH,HOU,2026-08-22T23:10:00Z,Warmup,4,Hunter Brown,686613,R,43.6,Longshot,Watch List,"Premium Lineup Spot, Platoon Edge",30.7,22.7,41.6,94.9,80.0,24.9,Yes,Yes,4,Yes,No,MLB Stats API; RotoWire,,H:2026/2025 P:2026/2025,,,Direct BvP not yet weighted; 2026/2025 Statcast baseline active,7,6,21,0,"Last 7 games: 6/21, 0 HR","platoon edge; pitcher baseline 6.2% barrel, 11.4 HR allowed",neutral batted-ball profile; pitcher fly-ball pressure modest,7.24,39.59,89.38,99.6817,0.408,0.1483,0.3189,70.76,14.41,30.48,23.15,6.1,0.1717,6.18,35.63,85.96,0.3397,0.1304,22.6,None,73,Daikin Park,
125,668939,Adley Rutschman,BOS,SF,2026-08-22T23:15:00Z,Pre-Game,5,Blade Tidwell,694918,R,43.6,Longshot,Watch List,Platoon Edge,33.1,25.9,40.7,86.4,75.0,30.3,Yes,Yes,5,Yes,No,MLB Stats API; RotoWire,,H:2026/2025 P:2026/2025,,,Direct BvP not yet weighted; 2026/2025 Statcast baseline active,7,5,25,1,"Last 7 games: 5/25, 1 HR","switch hitter; pitcher baseline 6.5% barrel, 2.6 HR allowed",neutral batted-ball profile; pitcher fly-ball pressure modest,7.36,40.14,88.98,99.3995,0.4219,0.1641,0.339,70.42,12.42,39.03,28.87,9.0,0.167,6.51,36.64,87.78,0.3849,0.125,21.73,In From CF,72,Fenway Park,
126,680776,Jarren Duran,BOS,SF,2026-08-22T23:15:00Z,Pre-Game,7,Blade Tidwell,694918,R,43.6,Longshot,Watch List,Platoon Edge,38.3,26.2,40.7,64.3,80.0,46.5,Yes,Yes,7,Yes,No,MLB Stats API; RotoWire,,H:2026/2025 P:2026/2025,,,Direct BvP not yet weighted; 2026/2025 Statcast baseline active,7,8,26,1,"Last 7 games: 8/26, 1 HR","platoon edge; pitcher baseline 6.5% barrel, 2.6 HR allowed",neutral batted-ball profile; pitcher fly-ball pressure modest,9.63,41.97,90.33,102.0696,0.3883,0.1501,0.305,74.98,50.03,38.76,22.79,16.7,0.165,6.51,36.64,87.78,0.3849,0.125,21.73,In From CF,72,Fenway Park,
127,689414,Liam Hicks,TB,BAL,2026-08-22T23:05:00Z,Warmup,5,Brandon Young,687064,R,43.3,Longshot,Watch List,Platoon Edge,8.5,43.6,55.6,86.4,80.0,48.1,Yes,Yes,5,Yes,No,MLB Stats API; RotoWire,,H:2026/2025 P:2026/2025,,,Direct BvP not yet weighted; 2026/2025 Statcast baseline active,7,7,22,1,"Last 7 games: 7/22, 1 HR","platoon edge; pitcher baseline 7.9% barrel, 14.1 HR allowed",neutral batted-ball profile; pitcher fly-ball pressure modest,3.81,27.98,84.81,96.2084,0.35,0.1004,0.315,68.03,3.79,42.1,24.43,13.0,0.1389,7.89,41.43,89.4,0.4201,0.1672,27.43,R To L,74,Oriole Park at Camden Yards,
128,677649,Ezequiel Duran,TEX,LAA,2026-08-22T23:05:00Z,Warmup,5,Ryan Johnson,696270,R,43.2,Longshot,Watch List,No major boost,19.9,50.2,42.1,86.4,50.0,33.9,Yes,Yes,5,Yes,No,MLB Stats API; RotoWire,,H:2026/2025 P:2026/2025,,,Direct BvP not yet weighted; 2026/2025 Statcast baseline active,7,9,26,0,Contact streak: 9/26 over last 7 games,"same-side matchup; pitcher baseline 10.4% barrel, 12.4 HR allowed",neutral batted-ball profile; pitcher allows elevated contact,5.05,35.24,87.68,98.8693,0.351,0.1139,0.2855,72.34,24.59,36.29,21.44,9.1,0.1397,10.39,36.84,87.82,0.4535,0.1945,33.95,None,74,Globe Life Field,
129,695731,Braden Montgomery,CWS,NYM,2026-08-22T23:10:00Z,Warmup,5,Christian Scott,681035,R,43.2,Longshot,Watch List,Platoon Edge,21.7,25.7,68.6,86.4,75.0,14.6,Yes,Yes,5,Yes,No,MLB Stats API; RotoWire,,H:2026 P:2026,,,Direct BvP not yet weighted; 2026/2025 Statcast baseline active,7,5,23,0,"Last 7 games: 5/23, 0 HR","switch hitter; pitcher baseline 6.8% barrel, 8.0 HR allowed",neutral batted-ball profile; pitcher fly-ball pressure modest,3.7,41.7,89.3,100.1782,0.361,0.122,0.31,69.6,8.0,35.0,19.0,4.0,0.134,6.8,34.7,87.2,0.356,0.127,26.5,Out To CF,78,Rate Field,
130,665966,Carlos Narváez,BAL,TB,2026-08-22T23:05:00Z,Warmup,9,Shane McClanahan,663556,L,43.1,Longshot,Watch List,Platoon Edge,33.5,43.4,55.6,44.8,78.0,0.0,Yes,Yes,9,Yes,No,MLB Stats API; RotoWire,,H:2026/2025 P:2026,,,Direct BvP not yet weighted; 2026/2025 Statcast baseline active,7,1,18,0,"Last 7 games: 1/18, 0 HR","platoon edge; pitcher baseline 8.7% barrel, 8.0 HR allowed",neutral batted-ball profile; pitcher fly-ball pressure modest,7.77,40.54,91.24,100.3014,0.339,0.134,0.2762,72.09,19.39,31.88,31.08,6.6,0.1038,8.7,41.5,89.5,0.405,0.164,27.7,R To L,74,Oriole Park at Camden Yards,
131,680869,Zack Gelof,ATH,HOU,2026-08-22T23:10:00Z,Warmup,3,Hunter Brown,686613,R,43.1,Longshot,Watch List,Premium Lineup Spot,37.0,22.7,41.6,96.6,50.0,22.6,Yes,Yes,3,Yes,No,MLB Stats API; RotoWire,,H:2026/2025 P:2026/2025,,,Direct BvP not yet weighted; 2026/2025 Statcast baseline active,7,4,27,1,"Last 7 games: 4/27, 1 HR","same-side matchup; pitcher baseline 6.2% barrel, 11.4 HR allowed",neutral batted-ball profile; pitcher fly-ball pressure modest,9.49,43.14,88.52,99.6071,0.3683,0.1669,0.2764,73.29,28.13,39.88,27.38,10.4,0.1757,6.18,35.63,85.96,0.3397,0.1304,22.6,None,73,Daikin Park,
132,678545,Osleivis Basabe,SF,BOS,2026-08-22T23:15:00Z,Pre-Game,5,Patrick Sandoval,663776,L,43.1,Longshot,Watch List,Platoon Edge,35.1,23.7,40.7,86.4,78.0,12.0,Yes,Yes,5,Yes,No,MLB Stats API; RotoWire,,H:2026 P:2026,,,Direct BvP not yet weighted; 2026/2025 Statcast baseline active,7,5,25,0,"Last 7 games: 5/25, 0 HR","platoon edge; pitcher baseline 5.6% barrel, 3.0 HR allowed",fly-ball profile; pitcher fly-ball pressure modest,9.1,39.3,88.7,99.2819,0.374,0.143,0.275,73.4,32.5,41.1,35.7,3.0,0.162,5.6,32.4,87.0,0.412,0.135,25.0,In From CF,72,Fenway Park,
133,663616,Trevor Larnach,MIN,SD,2026-08-23T00:40:00Z,Pre-Game,7,Casey Mize,663554,R,43.1,Longshot,Watch List,Platoon Edge,30.6,39.0,48.1,64.3,80.0,4.2,Yes,Yes,7,Yes,No,MLB Stats API; RotoWire,,H:2026/2025 P:2026/2025,,,Direct BvP not yet weighted; 2026/2025 Statcast baseline active,7,4,27,0,"Last 7 games: 4/27, 0 HR","platoon edge; pitcher baseline 8.2% barrel, 11.2 HR allowed",neutral batted-ball profile; pitcher allows elevated contact,7.41,39.96,88.66,99.8185,0.4009,0.1446,0.3271,72.03,21.57,42.69,23.98,12.1,0.1526,8.15,38.58,89.16,0.3763,0.1455,30.46,L To R,80,Petco Park,
134,694377,Nick Yorke,PIT,LAD,2026-08-22T23:15:00Z,Pre-Game,7,Tarik Skubal,669373,L,42.9,Longshot,Watch List,"Good Environment, Platoon Edge",25.2,28.8,72.6,64.3,78.0,15.3,Yes,Yes,7,Yes,No,MLB Stats API; RotoWire,,H:2026/2025 P:2026/2025,,,Direct BvP not yet weighted; 2026/2025 Statcast baseline active,7,4,18,0,"Last 7 games: 4/18, 0 HR","platoon edge; pitcher baseline 7.5% barrel, 13.8 HR allowed",neutral batted-ball profile; pitcher fly-ball pressure modest,4.77,46.18,88.54,100.9994,0.3521,0.1048,0.292,72.46,21.28,33.58,23.9,1.0,0.0828,7.54,35.38,86.94,0.3433,0.1233,26.32,Out To RF,90,UNIQLO Field at Dodger Stadium,
135,665161,Jeremy Peña,HOU,ATH,2026-08-22T23:10:00Z,Warmup,1,Jacob Lopez,682052,L,42.5,Longshot,Watch List,"Premium Lineup Spot, Platoon Edge",29.7,21.9,41.6,93.2,78.0,22.6,Yes,Yes,1,Yes,No,MLB Stats API; RotoWire,,H:2026/2025 P:2026/2025,,,Direct BvP not yet weighted; 2026/2025 Statcast baseline active,7,4,27,1,"Last 7 games: 4/27, 1 HR","platoon edge; pitcher baseline 5.7% barrel, 15.0 HR allowed",neutral batted-ball profile; pitcher allows elevated contact,6.17,40.73,88.48,99.8889,0.4229,0.1459,0.3326,72.23,14.06,46.41,23.8,14.9,0.1821,5.69,30.19,85.29,0.3424,0.1338,32.48,None,73,Daikin Park,
136,680779,Henry Davis,PIT,LAD,2026-08-22T23:15:00Z,Pre-Game,9,Tarik Skubal,669373,L,42.5,Longshot,Watch List,"Good Environment, Platoon Edge",34.7,28.8,72.6,44.8,78.0,0.0,Yes,Yes,9,Yes,No,MLB Stats API; RotoWire,,H:2026/2025 P:2026/2025,,,Direct BvP not yet weighted; 2026/2025 Statcast baseline active,7,2,17,0,"Last 7 games: 2/17, 0 HR","platoon edge; pitcher baseline 7.5% barrel, 13.8 HR allowed",neutral batted-ball profile; pitcher fly-ball pressure modest,9.54,38.52,89.58,100.3588,0.3505,0.1466,0.2881,74.18,42.63,50.23,26.14,7.7,0.1236,7.54,35.38,86.94,0.3433,0.1233,26.32,Out To RF,90,UNIQLO Field at Dodger Stadium,
137,680977,Brendan Donovan,SEA,CHC,2026-08-22T23:15:00Z,Pre-Game,1,David Peterson,656849,L,42.5,Longshot,Watch List,Premium Lineup Spot,15.2,35.9,62.4,93.2,50.0,38.9,Yes,Yes,1,Yes,No,MLB Stats API; RotoWire,,H:2026/2025 P:2026/2025,,,Direct BvP not yet weighted; 2026/2025 Statcast baseline active,7,11,29,0,Contact streak: 11/29 over last 7 games,"same-side matchup; pitcher baseline 6.4% barrel, 11.0 HR allowed",neutral batted-ball profile; pitcher fly-ball pressure modest,4.53,31.73,86.9,97.0208,0.3755,0.1165,0.3236,68.6,2.0,34.8,20.69,5.1,0.1329,6.4,42.64,89.69,0.414,0.1405,19.71,Out To CF,76,T-Mobile Park,
138,680574,Matt McLain,CIN,AZ,2026-08-23T00:10:00Z,Pre-Game,6,Michael Soroka,647336,R,42.5,Longshot,Watch List,No major boost,34.6,33.7,41.7,76.2,50.0,31.6,Yes,Yes,6,Yes,No,MLB Stats API; RotoWire,,H:2026/2025 P:2026/2025,,,Direct BvP not yet weighted; 2026/2025 Statcast baseline active,7,5,24,1,"Last 7 games: 5/24, 1 HR","same-side matchup; pitcher baseline 7.6% barrel, 7.8 HR allowed",neutral batted-ball profile; pitcher fly-ball pressure modest,9.55,38.53,88.31,99.0888,0.3876,0.1602,0.3117,71.0,9.96,35.57,32.31,12.9,0.1461,7.61,34.94,88.08,0.3902,0.1497,28.36,None,72,Chase Field,
139,663538,Nico Hoerner,CHC,SEA,2026-08-22T23:15:00Z,Pre-Game,5,Kade Anderson,807739,L,42.4,Longshot,Watch List,Platoon Edge,8.4,41.2,62.4,86.4,78.0,24.9,Yes,Yes,5,Yes,No,MLB Stats API; RotoWire,,H:2026/2025 P:,,,Direct BvP not yet weighted; 2026/2025 Statcast baseline active,7,8,28,0,"Last 7 games: 8/28, 0 HR","platoon edge; pitcher baseline 0.0% barrel, 0.0 HR allowed",neutral batted-ball profile; pitcher fly-ball pressure modest,1.49,28.83,86.21,96.2648,0.3798,0.0822,0.3241,68.33,1.83,32.8,21.14,7.0,0.0977,,,,,,,Out To CF,76,T-Mobile Park,
140,545121,Ildemaro Vargas,AZ,CIN,2026-08-23T00:10:00Z,Pre-Game,7,Rhett Lowder,695076,R,41.9,Longshot,Watch List,Platoon Edge,17.8,49.2,41.7,64.3,75.0,45.5,Yes,,,No,Yes,MLB Stats API; RotoWire,not found on RotoWire,H:2026/2025 P:2026,,,Direct BvP not yet weighted; 2026/2025 Statcast baseline active,7,5,28,2,Hot streak: 2 HR in last 7 games,"switch hitter; pitcher baseline 9.6% barrel, 13.0 HR allowed",neutral batted-ball profile; pitcher fly-ball pressure modest,3.69,36.04,88.01,98.628,0.3788,0.1056,0.3017,70.71,14.33,40.92,20.91,7.2,0.1326,9.6,37.8,90.3,0.454,0.189,28.2,None,72,Chase Field,
141,650859,Luis Rengifo,SD,MIN,2026-08-23T00:40:00Z,Pre-Game,6,Dean Kremer,665152,R,41.9,Longshot,Watch List,Platoon Edge,16.3,40.0,48.1,76.2,75.0,46.5,Yes,Yes,6,Yes,No,MLB Stats API; RotoWire,,H:2026/2025 P:2026/2025,,,Direct BvP not yet weighted; 2026/2025 Statcast baseline active,7,8,26,1,"Last 7 games: 8/26, 1 HR","switch hitter; pitcher baseline 7.8% barrel, 15.7 HR allowed",neutral batted-ball profile; pitcher allows elevated contact,4.58,33.61,87.52,97.8176,0.3568,0.1003,0.3062,70.76,14.23,36.9,18.01,5.5,0.0837,7.79,34.4,87.33,0.4319,0.1953,34.56,L To R,80,Petco Park,
142,672275,Patrick Bailey,CLE,COL,2026-08-23T00:10:00Z,Pre-Game,8,Gabriel Hughes,687312,R,41.6,Longshot,Watch List,"Good Environment, Platoon Edge",31.3,14.0,80.2,52.4,75.0,36.0,Yes,Yes,8,Yes,No,MLB Stats API; RotoWire,,H:2026/2025 P:2026,,,Direct BvP not yet weighted; 2026/2025 Statcast baseline active,7,5,21,1,"Last 7 games: 5/21, 1 HR","switch hitter; pitcher baseline 4.3% barrel, 3.0 HR allowed",neutral batted-ball profile; pitcher fly-ball pressure modest,6.65,40.04,89.88,99.6133,0.3722,0.1461,0.2857,72.55,27.95,34.18,27.04,6.7,0.1149,4.3,28.4,88.0,0.338,0.106,25.0,Out To RF,81,Coors Field,
143,802415,Chandler Simpson,TB,BAL,2026-08-22T23:05:00Z,Warmup,3,Brandon Young,687064,R,41.2,Longshot,Watch List,"Premium Lineup Spot, Platoon Edge",0.2,43.6,55.6,96.6,80.0,32.0,Yes,Yes,3,Yes,No,MLB Stats API; RotoWire,,H:2026/2025 P:2026/2025,,,Direct BvP not yet weighted; 2026/2025 Statcast baseline active,7,10,30,0,Contact streak: 10/30 over last 7 games,"platoon edge; pitcher baseline 7.9% barrel, 14.1 HR allowed",neutral batted-ball profile; pitcher fly-ball pressure modest,0.0,14.71,84.02,92.883,0.3059,0.0382,0.2718,64.66,0.51,28.06,12.93,0.0,0.0542,7.89,41.43,89.4,0.4201,0.1672,27.43,R To L,74,Oriole Park at Camden Yards,
144,670623,Isaac Paredes,HOU,ATH,2026-08-22T23:10:00Z,Warmup,3,Jacob Lopez,682052,L,41.2,Longshot,Watch List,"Premium Lineup Spot, Platoon Edge",18.1,21.9,41.6,96.6,78.0,62.8,Yes,Yes,3,Yes,No,MLB Stats API; RotoWire,,H:2026/2025 P:2026/2025,,,Direct BvP not yet weighted; 2026/2025 Statcast baseline active,7,10,24,1,Contact streak: 10/24 over last 7 games,"platoon edge; pitcher baseline 5.7% barrel, 15.0 HR allowed",neutral batted-ball profile; pitcher allows elevated contact,5.6,29.89,86.42,96.9173,0.3779,0.132,0.3235,67.74,7.57,52.14,30.59,17.2,0.176,5.69,30.19,85.29,0.3424,0.1338,32.48,None,73,Daikin Park,
145,680700,Richie Palacios,TB,BAL,2026-08-22T23:05:00Z,Warmup,7,Brandon Young,687064,R,41.1,Longshot,Watch List,Platoon Edge,15.1,43.6,55.6,64.3,80.0,22.9,Yes,Yes,7,Yes,No,MLB Stats API; RotoWire,,H:2026/2025 P:2026/2025,,,Direct BvP not yet weighted; 2026/2025 Statcast baseline active,7,6,22,0,"Last 7 games: 6/22, 0 HR","platoon edge; pitcher baseline 7.9% barrel, 14.1 HR allowed",neutral batted-ball profile; pitcher fly-ball pressure modest,4.43,32.97,87.38,97.0638,0.3709,0.1011,0.3264,68.77,3.59,35.62,20.98,3.8,0.1162,7.89,41.43,89.4,0.4201,0.1672,27.43,R To L,74,Oriole Park at Camden Yards,
146,807712,Luke Keaschall,MIN,SD,2026-08-23T00:40:00Z,Pre-Game,1,Casey Mize,663554,R,40.9,Longshot,Watch List,Premium Lineup Spot,11.6,39.0,48.1,93.2,50.0,59.3,Yes,Yes,1,Yes,No,MLB Stats API; RotoWire,,H:2026/2025 P:2026/2025,,,Direct BvP not yet weighted; 2026/2025 Statcast baseline active,7,11,28,1,Contact streak: 11/28 over last 7 games,"same-side matchup; pitcher baseline 8.2% barrel, 11.2 HR allowed",neutral batted-ball profile; pitcher allows elevated contact,3.59,29.94,85.36,96.7655,0.3591,0.1111,0.3149,68.64,7.59,38.26,26.97,6.1,0.115,8.15,38.58,89.16,0.3763,0.1455,30.46,L To R,80,Petco Park,
147,699393,Pedro Ramírez,CHC,SEA,2026-08-22T23:15:00Z,Pre-Game,7,Kade Anderson,807739,L,40.8,Longshot,Watch List,Platoon Edge,17.5,40.2,62.4,64.3,75.0,6.0,Yes,Yes,7,Yes,No,MLB Stats API; RotoWire,,H:2026 P:,,,Direct BvP not yet weighted; 2026/2025 Statcast baseline active,7,4,25,0,"Last 7 games: 4/25, 0 HR","switch hitter; pitcher baseline 0.0% barrel, 0.0 HR allowed",neutral batted-ball profile; pitcher fly-ball pressure modest,2.7,40.7,88.7,99.2705,0.341,0.083,0.292,72.2,21.9,35.4,18.6,2.0,0.127,,,,,,,Out To CF,76,T-Mobile Park,
148,701358,Cam Smith,HOU,ATH,2026-08-22T23:10:00Z,Warmup,8,Jacob Lopez,682052,L,40.7,Longshot,Watch List,"Strong Barrel, Platoon Edge",42.2,21.9,41.6,52.4,78.0,18.3,Yes,Yes,8,Yes,No,MLB Stats API; RotoWire,,H:2026/2025 P:2026/2025,,,Direct BvP not yet weighted; 2026/2025 Statcast baseline active,7,2,20,1,"Last 7 games: 2/20, 1 HR","platoon edge; pitcher baseline 5.7% barrel, 15.0 HR allowed",neutral batted-ball profile; pitcher allows elevated contact,10.19,43.46,88.88,101.626,0.4173,0.176,0.3194,76.74,67.97,37.98,25.21,14.6,0.1591,5.69,30.19,85.29,0.3424,0.1338,32.48,None,73,Daikin Park,
149,665750,Leody Taveras,BAL,TB,2026-08-22T23:05:00Z,Warmup,8,Shane McClanahan,663556,L,40.6,Longshot,Watch List,Platoon Edge,18.9,42.6,55.6,52.4,75.0,34.2,Yes,Yes,8,Yes,No,MLB Stats API; RotoWire,,H:2026/2025 P:2026,,,Direct BvP not yet weighted; 2026/2025 Statcast baseline active,7,8,23,0,Contact streak: 8/23 over last 7 games,"switch hitter; pitcher baseline 8.7% barrel, 8.0 HR allowed",neutral batted-ball profile; pitcher fly-ball pressure modest,4.86,33.1,88.08,99.0534,0.3251,0.1124,0.2663,72.39,24.32,32.95,24.31,5.8,0.1221,8.7,41.5,89.5,0.405,0.164,27.7,R To L,74,Oriole Park at Camden Yards,
150,656775,Cedric Mullins,TB,BAL,2026-08-22T23:05:00Z,Warmup,8,Brandon Young,687064,R,40.3,Longshot,Watch List,Platoon Edge,19.2,43.6,55.6,52.4,80.0,12.0,Yes,Yes,8,Yes,No,MLB Stats API; RotoWire,,H:2026/2025 P:2026/2025,,,Direct BvP not yet weighted; 2026/2025 Statcast baseline active,7,4,20,0,"Last 7 games: 4/20, 0 HR","platoon edge; pitcher baseline 7.9% barrel, 14.1 HR allowed",neutral batted-ball profile; pitcher fly-ball pressure modest,4.52,32.68,87.96,97.8022,0.3148,0.1225,0.2658,70.89,8.87,44.69,32.01,14.2,0.1547,7.89,41.43,89.4,0.4201,0.1672,27.43,R To L,74,Oriole Park at Camden Yards,
151,667472,Dane Myers,CIN,AZ,2026-08-23T00:10:00Z,Pre-Game,7,Michael Soroka,647336,R,40.3,Longshot,Watch List,No major boost,27.8,33.7,41.7,64.3,50.0,66.4,Yes,Yes,7,Yes,No,MLB Stats API; RotoWire,,H:2026/2025 P:2026/2025,,,Direct BvP not yet weighted; 2026/2025 Statcast baseline active,7,7,22,2,Hot streak: 2 HR in last 7 games,"same-side matchup; pitcher baseline 7.6% barrel, 7.8 HR allowed",neutral batted-ball profile; pitcher fly-ball pressure modest,6.12,37.94,89.86,99.3259,0.3748,0.1358,0.3138,71.25,19.38,25.97,25.52,5.3,0.1043,7.61,34.94,88.08,0.3902,0.1497,28.36,None,72,Chase Field,
152,701678,Hao-Yu Lee,DET,KC,2026-08-22T23:15:00Z,Warmup,9,Michael Wacha,608379,R,40.0,Longshot,Watch List,No major boost,30.8,39.3,50.2,44.8,50.0,42.0,Yes,Yes,9,Yes,No,MLB Stats API; RotoWire,,H:2026 P:2026/2025,,,Direct BvP not yet weighted; 2026/2025 Statcast baseline active,7,6,15,0,Contact streak: 6/15 over last 7 games,"same-side matchup; pitcher baseline 7.2% barrel, 19.2 HR allowed",neutral batted-ball profile; pitcher fly-ball pressure modest,8.0,38.7,88.9,99.6482,0.384,0.146,0.295,71.2,19.5,30.1,25.8,6.0,0.146,7.19,36.35,88.34,0.4182,0.1661,28.88,L To R,85,Kauffman Stadium,
153,656716,Zach McKinstry,DET,KC,2026-08-22T23:15:00Z,Warmup,5,Michael Wacha,608379,R,39.7,Longshot,Watch List,Platoon Edge,7.1,39.3,50.2,86.4,80.0,21.5,Yes,Yes,5,Yes,No,MLB Stats API; RotoWire,,H:2026/2025 P:2026/2025,,,Direct BvP not yet weighted; 2026/2025 Statcast baseline active,7,5,19,0,"Last 7 games: 5/19, 0 HR","platoon edge; pitcher baseline 7.2% barrel, 19.2 HR allowed",neutral batted-ball profile; pitcher fly-ball pressure modest,3.44,25.11,85.63,95.716,0.3335,0.0928,0.2945,67.99,4.14,40.54,26.53,6.4,0.1286,7.19,36.35,88.34,0.4182,0.1661,28.88,L To R,85,Kauffman Stadium,
154,683953,Travis Bazzana,CLE,COL,2026-08-23T00:10:00Z,Pre-Game,7,Gabriel Hughes,687312,R,39.7,Longshot,Watch List,"Good Environment, Platoon Edge",21.0,14.3,80.2,64.3,80.0,22.4,Yes,Yes,7,Yes,No,MLB Stats API; RotoWire,,H:2026 P:2026,,,Direct BvP not yet weighted; 2026/2025 Statcast baseline active,7,7,26,0,"Last 7 games: 7/26, 0 HR","platoon edge; pitcher baseline 4.3% barrel, 3.0 HR allowed",neutral batted-ball profile; pitcher fly-ball pressure modest,4.9,36.2,88.0,98.4504,0.352,0.124,0.302,69.7,12.6,38.2,27.7,9.0,0.134,4.3,28.4,88.0,0.338,0.106,25.0,Out To RF,81,Coors Field,
155,593428,Xander Bogaerts,SD,MIN,2026-08-23T00:40:00Z,Pre-Game,8,Dean Kremer,665152,R,39.7,Longshot,Watch List,No major boost,28.5,41.7,48.1,52.4,50.0,24.0,Yes,Yes,8,Yes,No,MLB Stats API; RotoWire,,H:2026/2025 P:2026/2025,,,Direct BvP not yet weighted; 2026/2025 Statcast baseline active,7,3,19,1,"Last 7 games: 3/19, 1 HR","same-side matchup; pitcher baseline 7.8% barrel, 15.7 HR allowed",neutral batted-ball profile; pitcher allows elevated contact,6.48,40.18,88.86,100.0019,0.3857,0.1348,0.3235,72.38,28.43,44.29,23.27,11.0,0.114,7.79,34.4,87.33,0.4319,0.1953,34.56,L To R,80,Petco Park,
156,678882,Ceddanne Rafaela,BOS,SF,2026-08-22T23:15:00Z,Pre-Game,2,Blade Tidwell,694918,R,39.6,Longshot,Watch List,Premium Lineup Spot,22.9,26.2,40.7,100.0,50.0,22.9,Yes,Yes,2,Yes,No,MLB Stats API; RotoWire,,H:2026/2025 P:2026/2025,,,Direct BvP not yet weighted; 2026/2025 Statcast baseline active,7,9,33,0,"Last 7 games: 9/33, 0 HR","same-side matchup; pitcher baseline 6.5% barrel, 2.6 HR allowed",neutral batted-ball profile; pitcher fly-ball pressure modest,6.75,34.08,86.97,97.8319,0.3796,0.1334,0.291,70.02,8.83,35.43,26.14,16.0,0.1734,6.51,36.64,87.78,0.3849,0.125,21.73,In From CF,72,Fenway Park,
157,643446,Jeff McNeil,ATH,HOU,2026-08-22T23:10:00Z,Warmup,2,Hunter Brown,686613,R,39.0,Longshot,Watch List,"Premium Lineup Spot, Platoon Edge",13.2,22.7,41.6,100.0,80.0,34.9,Yes,Yes,2,Yes,No,MLB Stats API; RotoWire,,H:2026/2025 P:2026/2025,,,Direct BvP not yet weighted; 2026/2025 Statcast baseline active,7,6,26,1,"Last 7 games: 6/26, 1 HR","platoon edge; pitcher baseline 6.2% barrel, 11.4 HR allowed",neutral batted-ball profile; pitcher fly-ball pressure modest,2.86,32.13,86.92,96.7825,0.3775,0.1034,0.3146,69.23,5.37,43.63,23.26,7.8,0.1169,6.18,35.63,85.96,0.3397,0.1304,22.6,None,73,Daikin Park,
158,702284,Cole Young,SEA,CHC,2026-08-22T23:15:00Z,Pre-Game,8,David Peterson,656849,L,38.9,Longshot,Watch List,No major boost,24.2,35.9,62.4,52.4,50.0,21.8,Yes,Yes,8,Yes,No,MLB Stats API; RotoWire,,H:2026/2025 P:2026/2025,,,Direct BvP not yet weighted; 2026/2025 Statcast baseline active,7,4,28,1,"Last 7 games: 4/28, 1 HR","same-side matchup; pitcher baseline 6.4% barrel, 11.0 HR allowed",neutral batted-ball profile; pitcher fly-ball pressure modest,4.97,36.28,88.37,98.9567,0.3879,0.1324,0.3145,71.44,21.16,41.84,27.29,11.7,0.1262,6.4,42.64,89.69,0.414,0.1405,19.71,Out To CF,76,T-Mobile Park,
159,699912,Jose Fernandez,AZ,CIN,2026-08-23T00:10:00Z,Pre-Game,8,Rhett Lowder,695076,R,38.7,Longshot,Watch List,No major boost,21.1,50.6,41.7,52.4,50.0,29.7,Yes,,,No,Yes,MLB Stats API; RotoWire,not found on RotoWire,H:2026 P:2026,,,Direct BvP not yet weighted; 2026/2025 Statcast baseline active,7,7,22,0,"Last 7 games: 7/22, 0 HR","same-side matchup; pitcher baseline 9.6% barrel, 13.0 HR allowed",neutral batted-ball profile; pitcher fly-ball pressure modest,4.3,38.8,88.0,100.4381,0.355,0.107,0.285,74.2,45.1,43.9,12.2,3.0,0.101,9.6,37.8,90.3,0.454,0.189,28.2,None,72,Chase Field,
160,662139,Daulton Varsho,HOU,ATH,2026-08-22T23:10:00Z,Warmup,6,Jacob Lopez,682052,L,38.4,Longshot,Watch List,No major boost,34.4,21.9,41.6,76.2,50.0,7.0,Yes,Yes,6,Yes,No,MLB Stats API; RotoWire,,H:2026/2025 P:2026/2025,,,Direct BvP not yet weighted; 2026/2025 Statcast baseline active,7,4,24,0,"Last 7 games: 4/24, 0 HR","same-side matchup; pitcher baseline 5.7% barrel, 15.0 HR allowed",neutral batted-ball profile; pitcher allows elevated contact,8.9,38.34,87.73,99.5292,0.3932,0.1641,0.2976,73.71,36.46,41.43,30.36,11.6,0.1812,5.69,30.19,85.29,0.3424,0.1338,32.48,None,73,Daikin Park,
161,676356,Jonny DeLuca,TB,BAL,2026-08-22T23:05:00Z,Warmup,6,Brandon Young,687064,R,38.1,Longshot,Watch List,No major boost,11.7,43.6,55.6,76.2,50.0,5.7,Yes,Yes,6,Yes,No,MLB Stats API; RotoWire,,H:2026/2025 P:2026/2025,,,Direct BvP not yet weighted; 2026/2025 Statcast baseline active,7,3,19,0,"Last 7 games: 3/19, 0 HR","same-side matchup; pitcher baseline 7.9% barrel, 14.1 HR allowed",neutral batted-ball profile; pitcher fly-ball pressure modest,3.56,30.26,85.25,97.2148,0.3472,0.1005,0.2733,72.89,30.62,46.09,21.43,5.6,0.1538,7.89,41.43,89.4,0.4201,0.1672,27.43,R To L,74,Oriole Park at Camden Yards,
162,514888,Jose Altuve,HOU,ATH,2026-08-22T23:10:00Z,Warmup,4,Jacob Lopez,682052,L,38.1,Longshot,Watch List,"Premium Lineup Spot, Platoon Edge",13.6,21.9,41.6,94.9,78.0,36.0,Yes,Yes,4,Yes,No,MLB Stats API; RotoWire,,H:2026/2025 P:2026/2025,,,Direct BvP not yet weighted; 2026/2025 Statcast baseline active,7,9,25,0,Contact streak: 9/25 over last 7 games,"platoon edge; pitcher baseline 5.7% barrel, 15.0 HR allowed",neutral batted-ball profile; pitcher allows elevated contact,5.29,31.11,85.1,96.9181,0.3455,0.1183,0.2825,69.07,10.13,45.92,21.95,16.9,0.1574,5.69,30.19,85.29,0.3424,0.1338,32.48,None,73,Daikin Park,
163,686765,Nick Sogard,BOS,SF,2026-08-22T23:15:00Z,Pre-Game,1,Blade Tidwell,694918,R,38.0,Longshot,Watch List,"Premium Lineup Spot, Platoon Edge",10.3,25.9,40.7,93.2,75.0,50.3,Yes,Yes,1,Yes,No,MLB Stats API; RotoWire,,H:2026/2025 P:2026/2025,,,Direct BvP not yet weighted; 2026/2025 Statcast baseline active,7,9,27,1,Contact streak: 9/27 over last 7 games,"switch hitter; pitcher baseline 6.5% barrel, 2.6 HR allowed",neutral batted-ball profile; pitcher fly-ball pressure modest,3.85,28.61,86.07,96.2965,0.3512,0.0953,0.3174,68.85,3.68,43.98,23.32,0.7,0.098,6.51,36.64,87.78,0.3849,0.125,21.73,In From CF,72,Fenway Park,
164,663968,Jake Mangum,PIT,LAD,2026-08-22T23:15:00Z,Pre-Game,6,Tarik Skubal,669373,L,37.9,Longshot,Watch List,"Good Environment, Platoon Edge",6.6,27.3,72.6,76.2,75.0,17.7,Yes,Yes,6,Yes,No,MLB Stats API; RotoWire,,H:2026/2025 P:2026/2025,,,Direct BvP not yet weighted; 2026/2025 Statcast baseline active,7,5,21,0,"Last 7 games: 5/21, 0 HR","switch hitter; pitcher baseline 7.5% barrel, 13.8 HR allowed",neutral batted-ball profile; pitcher fly-ball pressure modest,2.28,29.62,85.97,96.7413,0.3346,0.0829,0.2851,67.65,3.73,27.23,15.7,3.7,0.086,7.54,35.38,86.94,0.3433,0.1233,26.32,Out To RF,90,UNIQLO Field at Dodger Stadium,
165,814439,Ryan Waldschmidt,AZ,CIN,2026-08-23T00:10:00Z,Pre-Game,9,Rhett Lowder,695076,R,37.7,Longshot,Watch List,No major boost,23.1,50.6,41.7,44.8,50.0,17.7,Yes,,,No,Yes,MLB Stats API; RotoWire,not found on RotoWire,H:2026 P:2026,,,Direct BvP not yet weighted; 2026/2025 Statcast baseline active,7,5,21,0,"Last 7 games: 5/21, 0 HR","same-side matchup; pitcher baseline 9.6% barrel, 13.0 HR allowed",neutral batted-ball profile; pitcher fly-ball pressure modest,6.4,31.4,87.6,97.9811,0.379,0.124,0.31,72.3,20.6,35.0,28.6,2.0,0.115,9.6,37.8,90.3,0.454,0.189,28.2,None,72,Chase Field,
166,686797,Brooks Lee,MIN,SD,2026-08-23T00:40:00Z,Pre-Game,8,Casey Mize,663554,R,37.7,Longshot,Watch List,Platoon Edge,18.6,37.8,48.1,52.4,75.0,24.3,Yes,Yes,8,Yes,No,MLB Stats API; RotoWire,,H:2026/2025 P:2026/2025,,,Direct BvP not yet weighted; 2026/2025 Statcast baseline active,7,4,25,1,"Last 7 games: 4/25, 1 HR","switch hitter; pitcher baseline 8.2% barrel, 11.2 HR allowed",neutral batted-ball profile; pitcher allows elevated contact,4.19,34.23,88.04,97.4526,0.3432,0.1162,0.2764,69.92,8.21,42.2,28.65,17.4,0.162,8.15,38.58,89.16,0.3763,0.1455,30.46,L To R,80,Petco Park,
167,701785,Kaelen Culpepper,MIN,SD,2026-08-23T00:40:00Z,Pre-Game,9,Casey Mize,663554,R,37.7,Longshot,Watch List,No major boost,26.0,39.0,48.1,44.8,50.0,36.0,Yes,Yes,9,Yes,No,MLB Stats API; RotoWire,,H:2026 P:2026/2025,,,Direct BvP not yet weighted; 2026/2025 Statcast baseline active,7,9,25,0,Contact streak: 9/25 over last 7 games,"same-side matchup; pitcher baseline 8.2% barrel, 11.2 HR allowed",neutral batted-ball profile; pitcher allows elevated contact,4.0,42.3,90.6,98.8632,0.365,0.114,0.303,73.8,34.8,46.2,19.2,1.0,0.106,8.15,38.58,89.16,0.3763,0.1455,30.46,L To R,80,Petco Park,
168,673237,Yainer Diaz,HOU,ATH,2026-08-22T23:10:00Z,Warmup,7,Jacob Lopez,682052,L,37.6,Longshot,Watch List,Platoon Edge,27.9,21.9,41.6,64.3,78.0,17.3,Yes,Yes,7,Yes,No,MLB Stats API; RotoWire,,H:2026/2025 P:2026/2025,,,Direct BvP not yet weighted; 2026/2025 Statcast baseline active,7,4,17,0,"Last 7 games: 4/17, 0 HR","platoon edge; pitcher baseline 5.7% barrel, 15.0 HR allowed",neutral batted-ball profile; pitcher allows elevated contact,6.31,37.02,88.5,99.4468,0.4195,0.1501,0.3113,72.41,21.39,36.42,19.03,11.6,0.1449,5.69,30.19,85.29,0.3424,0.1338,32.48,None,73,Daikin Park,
169,669707,Jared Triolo,PIT,LAD,2026-08-22T23:15:00Z,Pre-Game,8,Tarik Skubal,669373,L,37.6,Longshot,Watch List,"Good Environment, Platoon Edge",16.4,28.8,72.6,52.4,78.0,0.0,Yes,Yes,8,Yes,No,MLB Stats API; RotoWire,,H:2026/2025 P:2026/2025,,,Direct BvP not yet weighted; 2026/2025 Statcast baseline active,7,2,23,0,"Last 7 games: 2/23, 0 HR","platoon edge; pitcher baseline 7.5% barrel, 13.8 HR allowed",neutral batted-ball profile; pitcher fly-ball pressure modest,3.61,37.57,87.95,98.6637,0.3368,0.095,0.2946,70.9,7.86,39.04,20.89,3.5,0.0863,7.54,35.38,86.94,0.3433,0.1233,26.32,Out To RF,90,UNIQLO Field at Dodger Stadium,
170,680757,Steven Kwan,CLE,COL,2026-08-23T00:10:00Z,Pre-Game,1,Gabriel Hughes,687312,R,37.6,Longshot,Watch List,"Good Environment, Premium Lineup Spot, Platoon Edge",2.5,14.3,80.2,93.2,80.0,21.1,Yes,Yes,1,Yes,No,MLB Stats API; RotoWire,,H:2026/2025 P:2026,,,Direct BvP not yet weighted; 2026/2025 Statcast baseline active,7,6,23,0,"Last 7 games: 6/23, 0 HR","platoon edge; pitcher baseline 4.3% barrel, 3.0 HR allowed",neutral batted-ball profile; pitcher fly-ball pressure modest,0.78,12.23,84.45,92.514,0.3429,0.0713,0.3219,62.8,0.38,27.88,23.37,4.7,0.0733,4.3,28.4,88.0,0.338,0.106,25.0,Out To RF,81,Coors Field,
171,703601,Max Clark,DET,KC,2026-08-22T23:15:00Z,Warmup,8,Michael Wacha,608379,R,36.9,Longshot,Watch List,Platoon Edge,13.5,39.3,50.2,52.4,80.0,19.5,Yes,Yes,8,Yes,No,MLB Stats API; RotoWire,,H:2026 P:2026/2025,,,Direct BvP not yet weighted; 2026/2025 Statcast baseline active,7,6,24,0,"Last 7 games: 6/24, 0 HR","platoon edge; pitcher baseline 7.2% barrel, 19.2 HR allowed",neutral batted-ball profile; pitcher fly-ball pressure modest,1.8,35.7,85.7,97.4351,0.35,0.079,0.301,73.0,26.9,35.7,26.8,1.0,0.137,7.19,36.35,88.34,0.4182,0.1661,28.88,L To R,85,Kauffman Stadium,
172,679845,Nick Loftin,KC,DET,2026-08-22T23:15:00Z,Warmup,6,Drew Anderson,623454,R,36.8,Longshot,Watch List,No major boost,15.9,36.8,50.2,76.2,50.0,0.0,Yes,Yes,6,Yes,No,MLB Stats API; RotoWire,,H:2026/2025 P:2026,,,Direct BvP not yet weighted; 2026/2025 Statcast baseline active,7,2,22,0,"Last 7 games: 2/22, 0 HR","same-side matchup; pitcher baseline 8.3% barrel, 11.0 HR allowed",neutral batted-ball profile; pitcher fly-ball pressure modest,4.9,29.73,87.22,96.8205,0.3457,0.1137,0.2989,69.12,5.59,44.99,27.52,4.7,0.1441,8.3,37.7,90.0,0.354,0.137,24.6,L To R,85,Kauffman Stadium,
173,663647,Ke'Bryan Hayes,CIN,AZ,2026-08-23T00:10:00Z,Pre-Game,9,Michael Soroka,647336,R,36.4,Longshot,Watch List,No major boost,31.4,33.7,41.7,44.8,50.0,19.5,Yes,Yes,9,Yes,No,MLB Stats API; RotoWire,,H:2026/2025 P:2026/2025,,,Direct BvP not yet weighted; 2026/2025 Statcast baseline active,7,3,12,0,"Last 7 games: 3/12, 0 HR","same-side matchup; pitcher baseline 7.6% barrel, 7.8 HR allowed",neutral batted-ball profile; pitcher fly-ball pressure modest,7.19,40.19,90.21,99.7927,0.3847,0.1383,0.2974,70.96,8.27,31.02,26.8,5.0,0.0927,7.61,34.94,88.08,0.3902,0.1497,28.36,None,72,Chase Field,
174,671976,Tristan Peters,CWS,NYM,2026-08-22T23:10:00Z,Warmup,8,Christian Scott,681035,R,36.3,Longshot,Watch List,Platoon Edge,12.1,26.5,68.6,52.4,80.0,21.5,Yes,Yes,8,Yes,No,MLB Stats API; RotoWire,,H:2026/2025 P:2026,,,Direct BvP not yet weighted; 2026/2025 Statcast baseline active,7,5,19,0,"Last 7 games: 5/19, 0 HR","platoon edge; pitcher baseline 6.8% barrel, 8.0 HR allowed",neutral batted-ball profile; pitcher fly-ball pressure modest,3.57,33.84,87.08,97.82,0.3187,0.0973,0.2593,69.16,5.46,42.12,17.43,4.9,0.1071,6.8,34.7,87.2,0.356,0.127,26.5,Out To CF,78,Rate Field,
175,664728,Kyle Isbel,KC,DET,2026-08-22T23:15:00Z,Warmup,9,Drew Anderson,623454,R,36.3,Longshot,Watch List,Platoon Edge,13.1,36.8,50.2,44.8,80.0,43.2,Yes,Yes,9,Yes,No,MLB Stats API; RotoWire,,H:2026/2025 P:2026,,,Direct BvP not yet weighted; 2026/2025 Statcast baseline active,7,6,21,1,"Last 7 games: 6/21, 1 HR","platoon edge; pitcher baseline 8.3% barrel, 11.0 HR allowed",neutral batted-ball profile; pitcher fly-ball pressure modest,2.58,34.84,88.5,99.1019,0.3089,0.0798,0.2629,71.24,14.11,32.74,17.89,4.7,0.1134,8.3,37.7,90.0,0.354,0.137,24.6,L To R,85,Kauffman Stadium,
176,691777,Max Muncy,ATH,HOU,2026-08-22T23:10:00Z,Warmup,9,Hunter Brown,686613,R,36.2,Longshot,Watch List,Strong Barrel,36.8,22.7,41.6,44.8,50.0,31.9,Yes,Yes,9,Yes,No,MLB Stats API; RotoWire,,H:2026/2025 P:2026/2025,,,Direct BvP not yet weighted; 2026/2025 Statcast baseline active,7,4,19,1,"Last 7 games: 4/19, 1 HR","same-side matchup; pitcher baseline 6.2% barrel, 11.4 HR allowed",neutral batted-ball profile; pitcher fly-ball pressure modest,10.73,40.59,89.48,100.9026,0.3558,0.1479,0.2796,73.94,44.7,41.91,23.77,6.9,0.1601,6.18,35.63,85.96,0.3397,0.1304,22.6,None,73,Daikin Park,
177,681508,Mickey Gasper,BOS,SF,2026-08-22T23:15:00Z,Pre-Game,9,Blade Tidwell,694918,R,36.1,Longshot,Watch List,Platoon Edge,22.4,25.9,40.7,44.8,75.0,67.0,Yes,Yes,9,Yes,No,MLB Stats API; RotoWire,,H:2026/2025 P:2026/2025,,,Direct BvP not yet weighted; 2026/2025 Statcast baseline active,7,4,20,3,Hot streak: 3 HR in last 7 games,"switch hitter; pitcher baseline 6.5% barrel, 2.6 HR allowed",neutral batted-ball profile; pitcher fly-ball pressure modest,5.29,33.86,88.15,98.2082,0.3446,0.1251,0.2899,71.58,13.4,40.24,31.06,2.7,0.1153,6.51,36.64,87.78,0.3849,0.125,21.73,In From CF,72,Fenway Park,
178,643376,Danny Jansen,TEX,LAA,2026-08-22T23:05:00Z,Warmup,9,Ryan Johnson,696270,R,35.7,Longshot,Watch List,No major boost,20.1,50.2,42.1,44.8,50.0,0.0,Yes,Yes,9,Yes,No,MLB Stats API; RotoWire,,H:2026/2025 P:2026/2025,,,Direct BvP not yet weighted; 2026/2025 Statcast baseline active,7,1,16,0,"Last 7 games: 1/16, 0 HR","same-side matchup; pitcher baseline 10.4% barrel, 12.4 HR allowed",neutral batted-ball profile; pitcher allows elevated contact,6.63,33.96,87.25,97.5999,0.2902,0.1171,0.2612,70.06,6.88,54.4,28.77,6.3,0.1462,10.39,36.84,87.82,0.4535,0.1945,33.95,None,74,Globe Life Field,
179,666163,Ben Rortvedt,LAD,PIT,2026-08-22T23:15:00Z,Pre-Game,9,Jared Jones,683003,R,35.6,Longshot,Watch List,"Good Environment, Platoon Edge",1.0,42.6,72.6,44.8,80.0,14.1,Yes,Yes,9,Yes,No,MLB Stats API; RotoWire,,H:2026/2025 P:2026,,,Direct BvP not yet weighted; 2026/2025 Statcast baseline active,7,3,14,0,"Last 7 games: 3/14, 0 HR","platoon edge; pitcher baseline 8.6% barrel, 11.0 HR allowed",neutral batted-ball profile; pitcher fly-ball pressure modest,0.99,12.25,82.81,92.3067,0.26,0.0438,0.2218,67.72,1.47,31.5,18.95,0.3,0.0159,8.6,39.1,89.6,0.392,0.173,27.0,Out To RF,90,UNIQLO Field at Dodger Stadium,
180,691011,Drew Romo,CWS,NYM,2026-08-22T23:10:00Z,Warmup,9,Christian Scott,681035,R,35.3,Longshot,Watch List,Platoon Edge,10.2,25.7,68.6,44.8,75.0,48.7,Yes,Yes,9,Yes,No,MLB Stats API; RotoWire,,H:2026/2025 P:2026,,,Direct BvP not yet weighted; 2026/2025 Statcast baseline active,7,4,20,2,Hot streak: 2 HR in last 7 games,"switch hitter; pitcher baseline 6.8% barrel, 8.0 HR allowed",neutral batted-ball profile; pitcher fly-ball pressure modest,6.8,26.3,83.9,95.1095,0.2051,0.0784,0.1743,68.49,3.64,37.3,33.1,4.9,0.1148,6.8,34.7,87.2,0.356,0.127,26.5,Out To CF,78,Rate Field,
181,641680,Jonah Heim,ATH,HOU,2026-08-22T23:10:00Z,Warmup,7,Hunter Brown,686613,R,35.1,Longshot,Watch List,Platoon Edge,24.0,21.5,41.6,64.3,75.0,0.0,Yes,Yes,7,Yes,No,MLB Stats API; RotoWire,,H:2026/2025 P:2026/2025,,,Direct BvP not yet weighted; 2026/2025 Statcast baseline active,7,1,19,0,"Last 7 games: 1/19, 0 HR","switch hitter; pitcher baseline 6.2% barrel, 11.4 HR allowed",neutral batted-ball profile; pitcher fly-ball pressure modest,6.66,33.24,87.82,97.8947,0.3684,0.1403,0.2914,69.84,9.45,40.49,28.39,11.0,0.1603,6.18,35.63,85.96,0.3397,0.1304,22.6,None,73,Daikin Park,
182,695720,Tommy White,ATH,HOU,2026-08-22T23:10:00Z,Warmup,6,Hunter Brown,686613,R,34.8,Longshot,Watch List,No major boost,15.3,22.7,41.6,76.2,50.0,57.8,Yes,Yes,6,Yes,No,MLB Stats API; RotoWire,,H:2026 P:2026/2025,,,Direct BvP not yet weighted; 2026/2025 Statcast baseline active,7,6,23,2,Hot streak: 2 HR in last 7 games,"same-side matchup; pitcher baseline 6.2% barrel, 11.4 HR allowed",neutral batted-ball profile; pitcher fly-ball pressure modest,6.5,31.2,85.1,96.7187,0.365,0.11,0.282,69.5,13.4,31.2,20.4,2.0,0.071,6.18,35.63,85.96,0.3397,0.1304,22.6,None,73,Daikin Park,
183,670764,Taylor Walls,TB,BAL,2026-08-22T23:05:00Z,Warmup,9,Brandon Young,687064,R,34.5,Longshot,Watch List,Platoon Edge,5.6,42.1,55.6,44.8,75.0,24.9,Yes,Yes,9,Yes,No,MLB Stats API; RotoWire,,H:2026/2025 P:2026/2025,,,Direct BvP not yet weighted; 2026/2025 Statcast baseline active,7,6,21,0,"Last 7 games: 6/21, 0 HR","switch hitter; pitcher baseline 7.9% barrel, 14.1 HR allowed",neutral batted-ball profile; pitcher fly-ball pressure modest,2.43,23.18,86.02,95.4095,0.2712,0.0759,0.2512,68.35,2.13,38.05,28.63,2.6,0.0836,7.89,41.43,89.4,0.4201,0.1672,27.43,R To L,74,Oriole Park at Camden Yards,
184,805367,Chase Meidroth,CWS,NYM,2026-08-22T23:10:00Z,Warmup,7,Christian Scott,681035,R,34.5,Longshot,Watch List,No major boost,13.0,26.5,68.6,64.3,50.0,0.0,Yes,Yes,7,Yes,No,MLB Stats API; RotoWire,,H:2026/2025 P:2026,,,Direct BvP not yet weighted; 2026/2025 Statcast baseline active,7,3,27,0,"Last 7 games: 3/27, 0 HR","same-side matchup; pitcher baseline 6.8% barrel, 8.0 HR allowed",neutral batted-ball profile; pitcher fly-ball pressure modest,3.77,35.19,87.85,97.4105,0.3337,0.0947,0.2944,67.12,1.32,38.4,20.05,9.9,0.1125,6.8,34.7,87.2,0.356,0.127,26.5,Out To CF,78,Rate Field,
185,683766,Christian Koss,SF,BOS,2026-08-22T23:15:00Z,Pre-Game,7,Patrick Sandoval,663776,L,33.7,Longshot,Watch List,Platoon Edge,14.5,23.7,40.7,64.3,78.0,21.1,Yes,Yes,7,Yes,No,MLB Stats API; RotoWire,,H:2026/2025 P:2026,,,Direct BvP not yet weighted; 2026/2025 Statcast baseline active,7,6,23,0,"Last 7 games: 6/23, 0 HR","platoon edge; pitcher baseline 5.6% barrel, 3.0 HR allowed",neutral batted-ball profile; pitcher fly-ball pressure modest,6.07,31.71,86.2,97.9198,0.3236,0.0963,0.2634,69.79,6.14,40.05,21.5,0.9,0.069,5.6,32.4,87.0,0.412,0.135,25.0,In From CF,72,Fenway Park,
186,699302,Héctor Rodríguez,CIN,AZ,2026-08-23T00:10:00Z,Pre-Game,8,Michael Soroka,647336,R,33.4,Longshot,Watch List,Platoon Edge,13.7,33.7,41.7,52.4,80.0,0.0,Yes,Yes,8,Yes,No,MLB Stats API; RotoWire,,H:2026 P:2026/2025,,,Direct BvP not yet weighted; 2026/2025 Statcast baseline active,7,2,21,0,"Last 7 games: 2/21, 0 HR","platoon edge; pitcher baseline 7.6% barrel, 7.8 HR allowed",neutral batted-ball profile; pitcher fly-ball pressure modest,4.0,28.0,88.0,97.0729,0.194,0.037,0.198,75.0,51.6,40.0,24.0,0.0,0.029,7.61,34.94,88.08,0.3902,0.1497,28.36,None,72,Chase Field,
187,690984,Petey Halpin,CLE,COL,2026-08-23T00:10:00Z,Pre-Game,9,Gabriel Hughes,687312,R,33.4,Longshot,Watch List,"Good Environment, Platoon Edge",8.8,14.3,80.2,44.8,80.0,30.3,Yes,Yes,9,Yes,No,MLB Stats API; RotoWire,,H:2026/2025 P:2026,,,Direct BvP not yet weighted; 2026/2025 Statcast baseline active,7,4,20,1,"Last 7 games: 4/20, 1 HR","platoon edge; pitcher baseline 4.3% barrel, 3.0 HR allowed",neutral batted-ball profile; pitcher fly-ball pressure modest,4.48,19.25,81.87,93.6761,0.3122,0.0959,0.2818,70.36,5.74,38.1,33.19,2.1,0.0784,4.3,28.4,88.0,0.338,0.106,25.0,Out To RF,81,Coors Field,
188,660844,Leo Rivas,SEA,CHC,2026-08-22T23:15:00Z,Pre-Game,9,David Peterson,656849,L,32.9,Longshot,Watch List,Platoon Edge,4.9,34.8,62.4,44.8,75.0,12.0,Yes,Yes,9,Yes,No,MLB Stats API; RotoWire,,H:2026/2025 P:2026/2025,,,Direct BvP not yet weighted; 2026/2025 Statcast baseline active,7,2,10,0,"Last 7 games: 2/10, 0 HR","switch hitter; pitcher baseline 6.4% barrel, 11.0 HR allowed",neutral batted-ball profile; pitcher fly-ball pressure modest,1.88,16.34,86.37,93.7275,0.2359,0.0693,0.2558,65.9,1.23,44.4,29.88,0.6,0.0519,6.4,42.64,89.69,0.414,0.1405,19.71,Out To CF,76,T-Mobile Park,
189,666023,Freddy Fermin,SD,MIN,2026-08-23T00:40:00Z,Pre-Game,9,Dean Kremer,665152,R,32.8,Longshot,Watch List,No major boost,13.7,41.7,48.1,44.8,50.0,5.7,Yes,Yes,9,Yes,No,MLB Stats API; RotoWire,,H:2026/2025 P:2026/2025,,,Direct BvP not yet weighted; 2026/2025 Statcast baseline active,7,3,19,0,"Last 7 games: 3/19, 0 HR","same-side matchup; pitcher baseline 7.8% barrel, 15.7 HR allowed",neutral batted-ball profile; pitcher allows elevated contact,3.99,29.2,87.7,97.0054,0.3154,0.1016,0.2665,69.78,6.14,37.48,28.14,4.3,0.1055,7.79,34.4,87.33,0.4319,0.1953,34.56,L To R,80,Petco Park,
190,655316,Andruw Monasterio,BOS,SF,2026-08-22T23:15:00Z,Pre-Game,8,Blade Tidwell,694918,R,32.6,Longshot,Watch List,No major boost,24.7,26.2,40.7,52.4,50.0,5.1,Yes,Yes,8,Yes,No,MLB Stats API; RotoWire,,H:2026/2025 P:2026/2025,,,Direct BvP not yet weighted; 2026/2025 Statcast baseline active,7,4,26,0,"Last 7 games: 4/26, 0 HR","same-side matchup; pitcher baseline 6.5% barrel, 2.6 HR allowed",neutral batted-ball profile; pitcher fly-ball pressure modest,6.98,33.0,87.77,97.4485,0.3735,0.1376,0.2961,69.31,3.57,40.13,32.32,5.4,0.1628,6.51,36.64,87.78,0.3849,0.125,21.73,In From CF,72,Fenway Park,
191,622268,Donovan Walton,ATH,HOU,2026-08-22T23:10:00Z,Warmup,8,Hunter Brown,686613,R,32.4,Longshot,Watch List,Platoon Edge,14.7,22.7,41.6,52.4,80.0,26.1,Yes,Yes,8,Yes,No,MLB Stats API; RotoWire,,H:2026/2025 P:2026/2025,,,Direct BvP not yet weighted; 2026/2025 Statcast baseline active,7,5,17,0,"Last 7 games: 5/17, 0 HR","platoon edge; pitcher baseline 6.2% barrel, 11.4 HR allowed",neutral batted-ball profile; pitcher fly-ball pressure modest,2.87,34.77,89.17,97.7157,0.3562,0.0956,0.3055,67.64,0.49,37.0,21.53,2.1,0.1085,6.18,35.63,85.96,0.3397,0.1304,22.6,None,73,Daikin Park,
192,687551,Drew Gilbert,SF,BOS,2026-08-22T23:15:00Z,Pre-Game,8,Patrick Sandoval,663776,L,32.4,Longshot,Watch List,No major boost,17.4,23.7,40.7,52.4,50.0,59.6,Yes,Yes,8,Yes,No,MLB Stats API; RotoWire,,H:2026/2025 P:2026,,,Direct BvP not yet weighted; 2026/2025 Statcast baseline active,7,6,22,2,Hot streak: 2 HR in last 7 games,"same-side matchup; pitcher baseline 5.6% barrel, 3.0 HR allowed",neutral batted-ball profile; pitcher fly-ball pressure modest,4.69,35.03,86.46,97.9155,0.3654,0.1209,0.305,70.59,10.41,40.77,19.9,5.8,0.1439,5.6,32.4,87.0,0.412,0.135,25.0,In From CF,72,Fenway Park,
193,686475,Tyler Tolbert,KC,DET,2026-08-22T23:15:00Z,Warmup,8,Drew Anderson,623454,R,32.0,Longshot,Watch List,No major boost,9.1,36.8,50.2,52.4,50.0,16.6,Yes,Yes,8,Yes,No,MLB Stats API; RotoWire,,H:2026/2025 P:2026,,,Direct BvP not yet weighted; 2026/2025 Statcast baseline active,7,3,13,0,"Last 7 games: 3/13, 0 HR","same-side matchup; pitcher baseline 8.3% barrel, 11.0 HR allowed",neutral batted-ball profile; pitcher fly-ball pressure modest,3.17,30.4,86.27,96.8594,0.3388,0.0795,0.3116,69.32,3.37,34.85,23.54,2.4,0.1287,8.3,37.7,90.0,0.354,0.137,24.6,L To R,85,Kauffman Stadium,
194,683227,Cody Freeman,TEX,LAA,2026-08-22T23:05:00Z,Warmup,8,Ryan Johnson,696270,R,31.6,Longshot,Watch List,No major boost,0.0,50.2,42.1,52.4,50.0,28.2,Yes,Yes,8,Yes,No,MLB Stats API; RotoWire,,H:2026/2025 P:2026/2025,,,Direct BvP not yet weighted; 2026/2025 Statcast baseline active,7,4,13,0,"Last 7 games: 4/13, 0 HR","same-side matchup; pitcher baseline 10.4% barrel, 12.4 HR allowed",neutral batted-ball profile; pitcher allows elevated contact,1.26,17.26,82.45,92.8566,0.2098,0.0387,0.2192,65.9,0.45,40.69,18.32,0.9,0.0342,10.39,36.84,87.82,0.4535,0.1945,33.95,None,74,Globe Life Field,
195,808982,Jung Hoo Lee,SF,BOS,2026-08-22T23:15:00Z,Pre-Game,6,Patrick Sandoval,663776,L,31.4,Longshot,Watch List,No major boost,11.2,23.7,40.7,76.2,50.0,14.1,Yes,Yes,6,Yes,No,MLB Stats API; RotoWire,,H:2026/2025 P:2026,,,Direct BvP not yet weighted; 2026/2025 Statcast baseline active,7,6,28,0,"Last 7 games: 6/28, 0 HR","same-side matchup; pitcher baseline 5.6% barrel, 3.0 HR allowed",neutral batted-ball profile; pitcher fly-ball pressure modest,2.86,29.83,86.96,96.6,0.3801,0.0968,0.314,68.3,3.47,37.62,22.8,8.7,0.1396,5.6,32.4,87.0,0.412,0.135,25.0,In From CF,72,Fenway Park,
196,702332,Caleb Durbin,BOS,SF,2026-08-22T23:15:00Z,Pre-Game,6,Blade Tidwell,694918,R,30.2,Longshot,Watch List,No major boost,4.6,26.2,40.7,76.2,50.0,22.4,Yes,Yes,6,Yes,No,MLB Stats API; RotoWire,,H:2026/2025 P:2026/2025,,,Direct BvP not yet weighted; 2026/2025 Statcast baseline active,7,7,26,0,"Last 7 games: 7/26, 0 HR","same-side matchup; pitcher baseline 6.5% barrel, 2.6 HR allowed",neutral batted-ball profile; pitcher fly-ball pressure modest,3.16,26.13,84.22,95.747,0.3354,0.0923,0.2959,68.88,5.37,40.67,19.47,11.7,0.1422,6.51,36.64,87.78,0.3849,0.125,21.73,In From CF,72,Fenway Park,
197,664774,LaMonte Wade Jr.,HOU,ATH,2026-08-22T23:10:00Z,Warmup,9,Jacob Lopez,682052,L,27.7,Longshot,Watch List,No major boost,13.9,21.9,41.6,44.8,50.0,16.6,Yes,Yes,9,Yes,No,MLB Stats API; RotoWire,,H:2026/2025 P:2026/2025,,,Direct BvP not yet weighted; 2026/2025 Statcast baseline active,7,3,13,0,"Last 7 games: 3/13, 0 HR","same-side matchup; pitcher baseline 5.7% barrel, 15.0 HR allowed",neutral batted-ball profile; pitcher allows elevated contact,3.59,33.97,87.53,98.2628,0.2944,0.0943,0.2852,70.84,8.01,37.77,24.74,2.0,0.1066,5.69,30.19,85.29,0.3424,0.1338,32.48,None,73,Daikin Park,
198,668800,Andrew Knizner,SF,BOS,2026-08-22T23:15:00Z,Pre-Game,9,Patrick Sandoval,663776,L,26.2,Longshot,Watch List,Platoon Edge,3.5,23.7,40.7,44.8,78.0,0.0,Yes,Yes,9,Yes,No,MLB Stats API; RotoWire,,H:2026/2025 P:2026,,,Direct BvP not yet weighted; 2026/2025 Statcast baseline active,4,0,7,0,"Last 4 games: 0/7, 0 HR","platoon edge; pitcher baseline 5.6% barrel, 3.0 HR allowed",neutral batted-ball profile; pitcher fly-ball pressure modest,0.42,20.96,84.69,92.7954,0.176,0.0308,0.2472,70.53,13.91,22.7,6.96,0.3,0.0234,5.6,32.4,87.0,0.412,0.135,25.0,In From CF,72,Fenway Park,
