rank,hitter_id,player,team,opponent,game_start_time,game_status,batting_order,pitcher,pitcher_id,pitcher_hand,hr_score,tier,play_type,reason_tags,power_score,pitcher_score,environment_score,lineup_score,platoon_score,recent_form_score,confirmed_lineup,rotowire_confirmed_lineup,rotowire_batting_order,rotowire_player_found,lineup_disagreement,lineup_sources_used,source_warnings,stat_years_used,bvp_pa,bvp_hr,bvp_note,recent_games,recent_hits,recent_abs,recent_hr,recent_form_note,split_matchup_note,pitch_mix_note,barrel_pct,hard_hit_pct,avg_exit_velocity,ev50,xslg,xiso,xwoba,bat_speed,fast_swing_pct,pull_pct,fb_pct,hr_total,iso,pitcher_barrel_pct_allowed,pitcher_hard_hit_pct_allowed,pitcher_avg_exit_velocity_allowed,pitcher_xslg_allowed,pitcher_xiso_allowed,pitcher_fb_pct_allowed,wind_direction,weather_temp,ballpark,odds
1,663728,Cal Raleigh,SEA,BOS,2026-09-01T22:45:00Z,Scheduled,4,Jedixson Paez,699151,R,69.6,Tier 3,Watch List,"Projected Lineup, Strong Barrel, Pitcher Vulnerable, Premium Lineup Spot, Platoon Edge, Hot Hitter/Streak",59.8,90.5,28.7,90.4,75.0,89.2,No,No,4,Yes,Yes,RotoWire projected lineup; MLB probable pitchers,lineup projected / unconfirmed,H:2026/2025 P:2026,,,Direct BvP not yet weighted; 2026/2025 Statcast baseline active,7,8,23,6,Hot streak: 6 HR in last 7 games,"switch hitter; pitcher baseline 23.1% barrel, 2.0 HR allowed",fly-ball profile; pitcher allows elevated contact,16.0,41.69,90.25,101.1539,0.4392,0.2411,0.3276,75.06,52.53,55.06,42.92,32.0,0.2342,23.1,46.2,95.3,0.786,0.434,53.8,,,Fenway Park,
2,686527,Dominic Canzone,SEA,BOS,2026-09-01T22:45:00Z,Scheduled,2,Jedixson Paez,699151,R,66.6,Tier 3,Watch List,"Projected Lineup, Strong Barrel, Pitcher Vulnerable, Premium Lineup Spot, Platoon Edge",54.7,90.8,28.7,95.5,80.0,37.8,No,No,2,Yes,Yes,RotoWire projected lineup; MLB probable pitchers,lineup projected / unconfirmed,H:2026/2025 P:2026,,,Direct BvP not yet weighted; 2026/2025 Statcast baseline active,7,7,28,1,"Last 7 games: 7/28, 1 HR","platoon edge; pitcher baseline 23.1% barrel, 2.0 HR allowed",neutral batted-ball profile; pitcher allows elevated contact,12.82,46.13,91.46,102.5354,0.4952,0.2213,0.3599,74.08,41.85,40.11,25.95,17.3,0.2132,23.1,46.2,95.3,0.786,0.434,53.8,,,Fenway Park,
3,670541,Yordan Alvarez,HOU,CWS,2026-09-02T00:10:00Z,Scheduled,2,Sean Burke,680732,R,63.9,Tier 3,Watch List,"Projected Lineup, Elite Power, Strong Barrel, Premium Lineup Spot, Platoon Edge",80.0,44.8,27.6,95.5,80.0,40.7,No,No,2,Yes,Yes,RotoWire projected lineup; MLB probable pitchers,lineup projected / unconfirmed,H:2026/2025 P:2026/2025,,,Direct BvP not yet weighted; 2026/2025 Statcast baseline active,7,7,26,1,"Last 7 games: 7/26, 1 HR","platoon edge; pitcher baseline 8.5% barrel, 19.5 HR allowed",lift-pull EV profile; pitcher allows elevated contact,15.83,53.32,94.56,104.9793,0.6274,0.314,0.4343,76.17,61.87,40.95,36.45,27.7,0.2494,8.47,39.2,89.32,0.3968,0.1641,30.98,,,Daikin Park,
4,621566,Matt Olson,ATL,WSH,2026-09-01T22:45:00Z,Scheduled,3,Jake Irvin,663623,R,63.1,Tier 3,Watch List,"Projected Lineup, Strong Barrel, Premium Lineup Spot, Platoon Edge",67.0,62.2,28.2,92.1,80.0,33.7,No,No,3,Yes,Yes,RotoWire projected lineup; MLB probable pitchers,lineup projected / unconfirmed,H:2026/2025 P:2026/2025,,,Direct BvP not yet weighted; 2026/2025 Statcast baseline active,7,6,27,1,"Last 7 games: 6/27, 1 HR","platoon edge; pitcher baseline 11.4% barrel, 21.2 HR allowed",lift-pull EV profile; pitcher fly-ball pressure modest,15.03,51.27,92.88,103.8547,0.5109,0.2615,0.36,74.53,47.82,38.49,33.27,34.6,0.2505,11.44,45.49,89.49,0.4679,0.2141,29.16,,,Nationals Park,
5,660271,Shohei Ohtani,LAD,STL,2026-09-02T02:10:00Z,Scheduled,1,Michael McGreevy,700241,R,63.1,Tier 3,Watch List,"Projected Lineup, Elite Power, Strong Barrel, Premium Lineup Spot, Platoon Edge",79.3,54.5,27.6,88.7,80.0,2.0,No,No,1,Yes,Yes,RotoWire projected lineup; MLB probable pitchers,lineup projected / unconfirmed,H:2026/2025 P:2026/2025,,,Direct BvP not yet weighted; 2026/2025 Statcast baseline active,7,4,30,0,"Last 7 games: 4/30, 0 HR","platoon edge; pitcher baseline 9.6% barrel, 17.6 HR allowed",lift-pull EV profile; pitcher fly-ball pressure modest,18.18,53.94,93.85,104.4905,0.5888,0.3022,0.4089,75.03,53.29,46.63,31.92,37.5,0.2763,9.64,41.64,90.08,0.4759,0.1963,26.27,,,UNIQLO Field at Dodger Stadium,
6,808959,Munetaka Murakami,CWS,HOU,2026-09-02T00:10:00Z,Scheduled,2,Ronel Blanco,669854,R,62.8,Tier 3,Watch List,"Projected Lineup, Elite Power, Strong Barrel, Premium Lineup Spot, Platoon Edge",78.6,50.2,27.6,95.5,80.0,1.6,No,No,2,Yes,Yes,RotoWire projected lineup; MLB probable pitchers,lineup projected / unconfirmed,H:2026 P:2026/2025,,,Direct BvP not yet weighted; 2026/2025 Statcast baseline active,7,3,23,0,"Last 7 games: 3/23, 0 HR","platoon edge; pitcher baseline 10.8% barrel, 7.0 HR allowed",lift-pull EV profile; pitcher allows elevated contact,19.5,57.2,94.0,104.4076,0.484,0.271,0.361,74.8,51.3,43.7,38.1,29.0,0.278,10.78,34.91,88.14,0.4345,0.2026,38.47,,,Daikin Park,
7,701398,Sal Stewart,CIN,SD,2026-09-01T22:40:00Z,Scheduled,3,Randy Vásquez,681190,R,61.9,Tier 3,Watch List,"Projected Lineup, Strong Barrel, Premium Lineup Spot, Hot Hitter/Streak",60.7,59.4,39.3,92.1,50.0,85.2,No,No,3,Yes,Yes,RotoWire projected lineup; MLB probable pitchers,lineup projected / unconfirmed,H:2026/2025 P:2026/2025,,,Direct BvP not yet weighted; 2026/2025 Statcast baseline active,7,9,28,4,Hot streak: 4 HR in last 7 games,"same-side matchup; pitcher baseline 10.4% barrel, 15.3 HR allowed",neutral batted-ball profile; pitcher fly-ball pressure modest,14.89,42.84,91.69,101.2868,0.5278,0.2603,0.366,72.17,26.86,38.43,33.07,23.2,0.2431,10.41,42.52,90.64,0.4929,0.2112,27.9,,,Great American Ball Park,
8,691406,Junior Caminero,TB,NYM,2026-09-01T22:40:00Z,Scheduled,3,Sean Manaea,640455,L,61.6,Tier 3,Watch List,"Projected Lineup, Strong Barrel, Premium Lineup Spot, Platoon Edge, Hot Hitter/Streak",62.5,54.4,27.6,92.1,78.0,76.4,No,No,3,Yes,Yes,RotoWire projected lineup; MLB probable pitchers,lineup projected / unconfirmed,H:2026/2025 P:2026/2025,,,Direct BvP not yet weighted; 2026/2025 Statcast baseline active,7,10,26,2,Hot streak: 2 HR in last 7 games,"platoon edge; pitcher baseline 10.5% barrel, 17.9 HR allowed",EV profile; pitcher fly-ball pressure modest,13.3,50.77,92.89,105.2742,0.4982,0.2306,0.3593,79.34,84.76,45.87,23.77,39.4,0.2591,10.51,42.25,89.45,0.4381,0.189,28.89,,,Tropicana Field,
9,695491,Joshua Baez,STL,LAD,2026-09-02T02:10:00Z,Scheduled,5,Eric Lauer,641778,L,60.7,Tier 3,Watch List,"Projected Lineup, Strong Barrel, Platoon Edge",71.3,54.7,27.6,81.9,78.0,27.6,No,No,5,Yes,Yes,RotoWire projected lineup; MLB probable pitchers,lineup projected / unconfirmed,H:2026 P:2026/2025,,,Direct BvP not yet weighted; 2026/2025 Statcast baseline active,7,4,22,1,"Last 7 games: 4/22, 1 HR","platoon edge; pitcher baseline 10.1% barrel, 21.3 HR allowed",lift-pull EV profile; pitcher allows elevated contact,15.2,54.5,93.4,102.5947,0.458,0.26,0.299,77.7,75.2,39.4,42.4,5.0,0.314,10.06,37.35,89.13,0.4498,0.2028,36.9,,,UNIQLO Field at Dodger Stadium,
10,686948,Drake Baldwin,ATL,WSH,2026-09-01T22:45:00Z,Scheduled,1,Jake Irvin,663623,R,60.5,Tier 3,Watch List,"Projected Lineup, Strong Barrel, Premium Lineup Spot, Platoon Edge",56.3,62.2,28.2,88.7,80.0,63.3,No,No,1,Yes,Yes,RotoWire projected lineup; MLB probable pitchers,lineup projected / unconfirmed,H:2026/2025 P:2026/2025,,,Direct BvP not yet weighted; 2026/2025 Statcast baseline active,7,13,30,1,Contact streak: 13/30 over last 7 games,"platoon edge; pitcher baseline 11.4% barrel, 21.2 HR allowed",neutral batted-ball profile; pitcher fly-ball pressure modest,12.26,50.93,91.77,102.3355,0.4905,0.215,0.3635,75.3,56.65,32.36,25.39,21.1,0.1824,11.44,45.49,89.49,0.4679,0.2141,29.16,,,Nationals Park,
11,682987,Spencer Jones,NYY,LAA,2026-09-02T01:38:00Z,Scheduled,5,Grayson Rodriguez,680570,R,60.3,Tier 3,Watch List,"Projected Lineup, Strong Barrel, Platoon Edge",68.5,52.7,28.2,81.9,80.0,42.0,No,No,5,Yes,Yes,RotoWire projected lineup; MLB probable pitchers,lineup projected / unconfirmed,H:2026 P:2026,,,Direct BvP not yet weighted; 2026/2025 Statcast baseline active,7,5,18,1,"Last 7 games: 5/18, 1 HR","platoon edge; pitcher baseline 9.1% barrel, 10.0 HR allowed",EV profile; pitcher fly-ball pressure modest,15.3,57.3,94.4,104.3901,0.45,0.212,0.327,77.4,74.8,33.3,35.1,8.0,0.193,9.1,45.0,90.6,0.461,0.189,27.3,,,Angel Stadium,
12,682829,Elly De La Cruz,CIN,SD,2026-09-01T22:40:00Z,Scheduled,2,Randy Vásquez,681190,R,60.2,Tier 3,Watch List,"Projected Lineup, Strong Barrel, Premium Lineup Spot, Platoon Edge",55.2,57.8,39.3,95.5,75.0,43.1,No,No,2,Yes,Yes,RotoWire projected lineup; MLB probable pitchers,lineup projected / unconfirmed,H:2026/2025 P:2026/2025,,,Direct BvP not yet weighted; 2026/2025 Statcast baseline active,7,11,27,0,Contact streak: 11/27 over last 7 games,"switch hitter; pitcher baseline 10.4% barrel, 15.3 HR allowed",EV profile; pitcher fly-ball pressure modest,12.89,48.89,93.03,103.9792,0.4583,0.1912,0.3493,75.38,54.05,34.61,24.82,21.3,0.1977,10.41,42.52,90.64,0.4929,0.2112,27.9,,,Great American Ball Park,
13,677594,Julio Rodriguez,SEA,BOS,2026-09-01T22:45:00Z,Scheduled,3,Jedixson Paez,699151,R,60.2,Tier 3,Watch List,"Projected Lineup, Pitcher Vulnerable, Premium Lineup Spot",46.7,90.8,28.7,92.1,50.0,26.2,No,No,3,Yes,Yes,RotoWire projected lineup; MLB probable pitchers,lineup projected / unconfirmed,H:2026/2025 P:2026,,,Direct BvP not yet weighted; 2026/2025 Statcast baseline active,7,5,29,1,"Last 7 games: 5/29, 1 HR","same-side matchup; pitcher baseline 23.1% barrel, 2.0 HR allowed",neutral batted-ball profile; pitcher allows elevated contact,9.59,44.78,90.54,102.6285,0.4594,0.1929,0.3412,76.61,67.06,37.86,26.68,23.6,0.172,23.1,46.2,95.3,0.786,0.434,53.8,,,Fenway Park,
14,700250,Ben Rice,NYY,LAA,2026-09-02T01:38:00Z,Scheduled,1,Grayson Rodriguez,680570,R,60.0,Tier 3,Watch List,"Projected Lineup, Strong Barrel, Premium Lineup Spot, Platoon Edge",64.5,52.7,28.2,88.7,80.0,44.8,No,No,1,Yes,Yes,RotoWire projected lineup; MLB probable pitchers,lineup projected / unconfirmed,H:2026/2025 P:2026,,,Direct BvP not yet weighted; 2026/2025 Statcast baseline active,7,8,27,1,"Last 7 games: 8/27, 1 HR","platoon edge; pitcher baseline 9.1% barrel, 10.0 HR allowed",lift-pull EV profile; pitcher fly-ball pressure modest,14.91,50.92,92.46,102.5175,0.5222,0.2534,0.3791,72.98,28.43,45.66,30.74,32.3,0.2622,9.1,45.0,90.6,0.461,0.189,27.3,,,Angel Stadium,
15,665742,Juan Soto,NYM,TB,2026-09-01T22:40:00Z,Scheduled,2,Freddy Peralta,642547,R,58.3,Longshot,Watch List,"Projected Lineup, Strong Barrel, Premium Lineup Spot, Platoon Edge",71.8,34.9,27.6,95.5,80.0,30.3,No,No,2,Yes,Yes,RotoWire projected lineup; MLB probable pitchers,lineup projected / unconfirmed,H:2026/2025 P:2026/2025,,,Direct BvP not yet weighted; 2026/2025 Statcast baseline active,7,4,20,1,"Last 7 games: 4/20, 1 HR","platoon edge; pitcher baseline 7.1% barrel, 21.7 HR allowed",lift-pull EV profile; pitcher fly-ball pressure modest,15.47,50.61,93.03,103.0597,0.5954,0.3014,0.4241,72.62,31.49,39.32,32.89,28.3,0.2606,7.06,37.09,87.65,0.3757,0.1466,28.34,,,Tropicana Field,
16,660670,Ronald Acuna,ATL,WSH,2026-09-01T22:45:00Z,Scheduled,2,Jake Irvin,663623,R,57.9,Longshot,Watch List,"Projected Lineup, Strong Barrel, Premium Lineup Spot",57.8,62.2,28.2,95.5,50.0,36.0,No,No,2,Yes,Yes,RotoWire projected lineup; MLB probable pitchers,lineup projected / unconfirmed,H:2026/2025 P:2026/2025,,,Direct BvP not yet weighted; 2026/2025 Statcast baseline active,7,9,25,0,Contact streak: 9/25 over last 7 games,"same-side matchup; pitcher baseline 11.4% barrel, 21.2 HR allowed",neutral batted-ball profile; pitcher fly-ball pressure modest,13.67,47.32,90.88,102.9385,0.4888,0.2321,0.3718,76.12,63.23,36.3,27.39,15.4,0.186,11.44,45.49,89.49,0.4679,0.2141,29.16,,,Nationals Park,
17,668227,Randy Arozarena,SEA,BOS,2026-09-01T22:45:00Z,Scheduled,1,Jedixson Paez,699151,R,57.8,Longshot,Watch List,"Projected Lineup, Pitcher Vulnerable, Premium Lineup Spot",39.2,90.8,28.7,88.7,50.0,37.8,No,No,1,Yes,Yes,RotoWire projected lineup; MLB probable pitchers,lineup projected / unconfirmed,H:2026/2025 P:2026,,,Direct BvP not yet weighted; 2026/2025 Statcast baseline active,7,6,24,1,"Last 7 games: 6/24, 1 HR","same-side matchup; pitcher baseline 23.1% barrel, 2.0 HR allowed",neutral batted-ball profile; pitcher allows elevated contact,8.84,44.3,90.88,100.9776,0.4163,0.1669,0.3403,71.39,25.01,34.26,24.38,22.8,0.1901,23.1,46.2,95.3,0.786,0.434,53.8,,,Fenway Park,
18,671277,Luis Garcia,NYY,LAA,2026-09-02T01:38:00Z,Scheduled,3,Grayson Rodriguez,680570,R,57.6,Longshot,Watch List,"Projected Lineup, Strong Barrel, Premium Lineup Spot, Platoon Edge, Hot Hitter/Streak",50.5,52.7,28.2,92.1,80.0,79.8,No,No,3,Yes,Yes,RotoWire projected lineup; MLB probable pitchers,lineup projected / unconfirmed,H:2026/2025 P:2026,,,Direct BvP not yet weighted; 2026/2025 Statcast baseline active,7,11,27,2,Hot streak: 2 HR in last 7 games,"platoon edge; pitcher baseline 9.1% barrel, 10.0 HR allowed",neutral batted-ball profile; pitcher fly-ball pressure modest,11.31,46.36,91.32,101.966,0.4931,0.2086,0.3488,73.66,39.34,41.57,22.54,24.4,0.2328,9.1,45.0,90.6,0.461,0.189,27.3,,,Angel Stadium,
19,805811,Bryce Eldridge,SF,PIT,2026-09-01T22:40:00Z,Scheduled,3,Paul Skenes,694973,R,57.1,Longshot,Watch List,"Projected Lineup, Strong Barrel, Premium Lineup Spot, Platoon Edge",69.9,29.6,24.3,92.1,80.0,63.3,No,No,3,Yes,Yes,RotoWire projected lineup; MLB probable pitchers,lineup projected / unconfirmed,H:2026/2025 P:2026/2025,,,Direct BvP not yet weighted; 2026/2025 Statcast baseline active,7,12,28,1,Contact streak: 12/28 over last 7 games,"platoon edge; pitcher baseline 6.8% barrel, 13.1 HR allowed",lift-pull EV profile; pitcher fly-ball pressure modest,15.97,57.46,93.5,103.3373,0.4813,0.2484,0.358,72.93,28.36,38.13,37.05,10.5,0.1525,6.85,39.4,88.16,0.3343,0.1253,23.43,,,PNC Park,
20,656941,Kyle Schwarber,PHI,AZ,2026-09-02T01:40:00Z,Scheduled,1,Eduardo Rodriguez,593958,L,57.0,Longshot,Watch List,"Projected Lineup, Elite Power, Strong Barrel, Premium Lineup Spot",75.7,38.6,28.2,88.7,50.0,32.5,No,No,1,Yes,Yes,RotoWire projected lineup; MLB probable pitchers,lineup projected / unconfirmed,H:2026/2025 P:2026/2025,,,Direct BvP not yet weighted; 2026/2025 Statcast baseline active,7,6,28,1,"Last 7 games: 6/28, 1 HR","same-side matchup; pitcher baseline 7.9% barrel, 17.3 HR allowed",lift-pull EV profile; pitcher fly-ball pressure modest,18.21,52.74,93.04,104.2041,0.5208,0.2798,0.3751,77.16,75.49,54.07,33.25,44.8,0.2936,7.92,34.29,87.64,0.4265,0.1678,27.19,,,Chase Field,
21,663886,Tyler Stephenson,CIN,SD,2026-09-01T22:40:00Z,Scheduled,5,Randy Vásquez,681190,R,56.7,Longshot,Watch List,"Projected Lineup, Strong Barrel, Hot Hitter/Streak",51.5,59.4,39.3,81.9,50.0,72.7,No,No,5,Yes,Yes,RotoWire projected lineup; MLB probable pitchers,lineup projected / unconfirmed,H:2026/2025 P:2026/2025,,,Direct BvP not yet weighted; 2026/2025 Statcast baseline active,7,9,25,2,Hot streak: 2 HR in last 7 games,"same-side matchup; pitcher baseline 10.4% barrel, 15.3 HR allowed",neutral batted-ball profile; pitcher fly-ball pressure modest,13.17,46.75,90.99,100.5444,0.4403,0.2047,0.3292,70.52,7.0,36.94,33.29,13.7,0.1802,10.41,42.52,90.64,0.4929,0.2112,27.9,,,Great American Ball Park,
22,691023,Jordan Walker,STL,LAD,2026-09-02T02:10:00Z,Scheduled,3,Eric Lauer,641778,L,56.7,Longshot,Watch List,"Projected Lineup, Strong Barrel, Premium Lineup Spot, Platoon Edge",55.8,54.7,27.6,92.1,78.0,20.9,No,No,3,Yes,Yes,RotoWire projected lineup; MLB probable pitchers,lineup projected / unconfirmed,H:2026/2025 P:2026/2025,,,Direct BvP not yet weighted; 2026/2025 Statcast baseline active,7,7,27,0,"Last 7 games: 7/27, 0 HR","platoon edge; pitcher baseline 10.1% barrel, 21.3 HR allowed",EV profile; pitcher allows elevated contact,12.72,48.74,92.37,104.4845,0.447,0.1942,0.3298,78.87,82.91,37.4,24.47,20.7,0.175,10.06,37.35,89.13,0.4498,0.2028,36.9,,,UNIQLO Field at Dodger Stadium,
23,671739,Michael Harris,ATL,WSH,2026-09-01T22:45:00Z,Scheduled,5,Jake Irvin,663623,R,56.6,Longshot,Watch List,"Projected Lineup, Strong Barrel, Platoon Edge, Hot Hitter/Streak",45.9,62.2,28.2,81.9,80.0,72.7,No,No,5,Yes,Yes,RotoWire projected lineup; MLB probable pitchers,lineup projected / unconfirmed,H:2026/2025 P:2026/2025,,,Direct BvP not yet weighted; 2026/2025 Statcast baseline active,7,9,25,2,Hot streak: 2 HR in last 7 games,"platoon edge; pitcher baseline 11.4% barrel, 21.2 HR allowed",neutral batted-ball profile; pitcher fly-ball pressure modest,10.22,46.97,90.34,103.2426,0.4667,0.1844,0.3346,74.79,47.33,36.5,22.21,22.1,0.1915,11.44,45.49,89.49,0.4679,0.2141,29.16,,,Nationals Park,
24,694192,Jackson Chourio,MIL,CHC,2026-09-01T23:40:00Z,Scheduled,1,Matthew Boyd,571510,L,56.1,Longshot,Watch List,"Projected Lineup, Strong Barrel, Premium Lineup Spot, Platoon Edge, Hot Hitter/Streak",51.3,46.2,29.8,88.7,78.0,83.9,No,No,1,Yes,Yes,RotoWire projected lineup; MLB probable pitchers,lineup projected / unconfirmed,H:2026/2025 P:2026/2025,,,Direct BvP not yet weighted; 2026/2025 Statcast baseline active,7,10,32,3,Hot streak: 3 HR in last 7 games,"platoon edge; pitcher baseline 9.8% barrel, 16.2 HR allowed",neutral batted-ball profile; pitcher fly-ball pressure modest,12.08,46.22,91.19,101.975,0.4547,0.2021,0.3273,74.25,44.17,30.8,28.64,20.3,0.1944,9.77,38.14,88.22,0.4323,0.1741,26.41,,,Wrigley Field,
25,665487,Fernando Tatis,SD,CIN,2026-09-01T22:40:00Z,Scheduled,1,Nick Lodolo,666157,L,56.0,Longshot,Watch List,"Projected Lineup, Strong Barrel, Premium Lineup Spot, Platoon Edge",56.1,50.6,39.3,88.7,78.0,1.4,No,No,1,Yes,Yes,RotoWire projected lineup; MLB probable pitchers,lineup projected / unconfirmed,H:2026/2025 P:2026/2025,,,Direct BvP not yet weighted; 2026/2025 Statcast baseline active,7,4,31,0,"Last 7 games: 4/31, 0 HR","platoon edge; pitcher baseline 9.3% barrel, 17.1 HR allowed",EV profile; pitcher fly-ball pressure modest,11.91,53.13,92.95,104.5019,0.4838,0.196,0.3721,75.58,57.91,35.29,21.94,19.4,0.1633,9.32,39.73,89.78,0.4639,0.1837,25.98,,,Great American Ball Park,
26,665833,Oneil Cruz,PIT,SF,2026-09-01T22:40:00Z,Scheduled,5,Logan Webb,657277,R,55.9,Longshot,Watch List,"Projected Lineup, Strong Barrel, Platoon Edge",74.4,30.3,24.3,81.9,80.0,34.9,No,No,5,Yes,Yes,RotoWire projected lineup; MLB probable pitchers,lineup projected / unconfirmed,H:2026/2025 P:2026/2025,,,Direct BvP not yet weighted; 2026/2025 Statcast baseline active,7,6,26,1,"Last 7 games: 6/26, 1 HR","platoon edge; pitcher baseline 6.5% barrel, 11.9 HR allowed",EV profile; pitcher fly-ball pressure modest,17.93,56.95,95.59,106.9683,0.4733,0.2322,0.3478,78.38,76.52,40.44,24.78,17.9,0.2081,6.48,38.87,88.51,0.3812,0.1289,19.56,,,PNC Park,
27,646240,Rafael Devers,SF,PIT,2026-09-01T22:40:00Z,Scheduled,2,Paul Skenes,694973,R,55.7,Longshot,Watch List,"Projected Lineup, Strong Barrel, Premium Lineup Spot, Platoon Edge, Hot Hitter/Streak",59.0,29.6,24.3,95.5,80.0,98.1,No,No,2,Yes,Yes,RotoWire projected lineup; MLB probable pitchers,lineup projected / unconfirmed,H:2026/2025 P:2026/2025,,,Direct BvP not yet weighted; 2026/2025 Statcast baseline active,7,11,27,3,Hot streak: 3 HR in last 7 games,"platoon edge; pitcher baseline 6.8% barrel, 13.1 HR allowed",EV profile; pitcher fly-ball pressure modest,12.71,52.18,93.01,103.1677,0.4653,0.2287,0.3432,71.81,20.51,34.12,33.74,31.5,0.2347,6.85,39.4,88.16,0.3343,0.1253,23.43,,,PNC Park,
28,695506,Jac Caglianone,KC,MIA,2026-09-01T23:40:00Z,Scheduled,3,Tyler Phillips,663969,R,55.6,Longshot,Watch List,"Projected Lineup, Strong Barrel, Premium Lineup Spot, Platoon Edge",59.4,40.8,23.2,92.1,80.0,53.6,No,No,3,Yes,Yes,RotoWire projected lineup; MLB probable pitchers,lineup projected / unconfirmed,H:2026/2025 P:2026/2025,,,Direct BvP not yet weighted; 2026/2025 Statcast baseline active,7,11,31,1,Contact streak: 11/31 over last 7 games,"platoon edge; pitcher baseline 7.3% barrel, 12.2 HR allowed",EV profile; pitcher fly-ball pressure modest,13.54,51.08,92.06,104.8237,0.4884,0.2192,0.349,77.26,74.34,43.79,22.61,18.2,0.1919,7.27,43.54,89.76,0.405,0.1506,25.59,,,Kauffman Stadium,
29,592518,Manny Machado,SD,CIN,2026-09-01T22:40:00Z,Scheduled,2,Nick Lodolo,666157,L,55.5,Longshot,Watch List,"Projected Lineup, Strong Barrel, Premium Lineup Spot, Platoon Edge",48.0,50.6,39.3,95.5,78.0,24.9,No,No,2,Yes,Yes,RotoWire projected lineup; MLB probable pitchers,lineup projected / unconfirmed,H:2026/2025 P:2026/2025,,,Direct BvP not yet weighted; 2026/2025 Statcast baseline active,7,8,28,0,"Last 7 games: 8/28, 0 HR","platoon edge; pitcher baseline 9.3% barrel, 17.1 HR allowed",neutral batted-ball profile; pitcher fly-ball pressure modest,10.38,46.74,91.22,101.9355,0.446,0.1904,0.3386,74.64,44.16,39.45,27.38,24.9,0.185,9.32,39.73,89.78,0.4639,0.1837,25.98,,,Great American Ball Park,
30,641343,Jake Bauers,MIL,CHC,2026-09-01T23:40:00Z,Scheduled,4,Matthew Boyd,571510,L,55.0,Longshot,Watch List,"Projected Lineup, Strong Barrel, Premium Lineup Spot",60.5,46.2,29.8,90.4,50.0,45.3,No,No,4,Yes,Yes,RotoWire projected lineup; MLB probable pitchers,lineup projected / unconfirmed,H:2026/2025 P:2026/2025,,,Direct BvP not yet weighted; 2026/2025 Statcast baseline active,7,6,20,1,"Last 7 games: 6/20, 1 HR","same-side matchup; pitcher baseline 9.8% barrel, 16.2 HR allowed",lift-pull EV profile; pitcher fly-ball pressure modest,13.7,50.99,92.26,103.0903,0.4703,0.2188,0.3673,76.57,69.93,41.04,30.61,18.2,0.206,9.77,38.14,88.22,0.4323,0.1741,26.41,,,Wrigley Field,
31,624413,Pete Alonso,BAL,COL,2026-09-02T00:40:00Z,Scheduled,2,Gabriel Hughes,687312,R,54.5,Longshot,Watch List,"Projected Lineup, Strong Barrel, Premium Lineup Spot",72.4,17.7,38.7,95.5,50.0,53.3,No,No,2,Yes,Yes,RotoWire projected lineup; MLB probable pitchers,lineup projected / unconfirmed,H:2026/2025 P:2026,,,Direct BvP not yet weighted; 2026/2025 Statcast baseline active,7,6,26,2,Hot streak: 2 HR in last 7 games,"same-side matchup; pitcher baseline 4.6% barrel, 5.0 HR allowed",EV profile; pitcher fly-ball pressure modest,15.33,56.08,93.92,104.239,0.5531,0.2717,0.3902,74.78,48.79,36.08,30.53,33.8,0.238,4.6,28.9,87.5,0.355,0.121,27.6,,,Coors Field,
32,696100,Hunter Goodman,COL,BAL,2026-09-02T00:40:00Z,Scheduled,4,Kyle Bradish,680694,R,54.5,Longshot,Watch List,"Projected Lineup, Strong Barrel, Premium Lineup Spot",58.8,36.8,38.7,90.4,50.0,64.8,No,No,4,Yes,Yes,RotoWire projected lineup; MLB probable pitchers,lineup projected / unconfirmed,H:2026/2025 P:2026/2025,,,Direct BvP not yet weighted; 2026/2025 Statcast baseline active,7,8,26,2,Hot streak: 2 HR in last 7 games,"same-side matchup; pitcher baseline 8.3% barrel, 12.1 HR allowed",neutral batted-ball profile; pitcher fly-ball pressure modest,15.28,45.99,90.45,102.7029,0.4672,0.2329,0.3269,75.0,49.58,48.0,32.41,34.5,0.2742,8.31,38.27,88.75,0.3788,0.1443,23.36,,,Coors Field,
33,664034,Ty France,SD,CIN,2026-09-01T22:40:00Z,Scheduled,3,Nick Lodolo,666157,L,54.4,Longshot,Watch List,"Projected Lineup, Premium Lineup Spot, Platoon Edge",42.3,50.6,39.3,92.1,78.0,50.3,No,No,3,Yes,Yes,RotoWire projected lineup; MLB probable pitchers,lineup projected / unconfirmed,H:2026/2025 P:2026/2025,,,Direct BvP not yet weighted; 2026/2025 Statcast baseline active,7,8,24,1,Contact streak: 8/24 over last 7 games,"platoon edge; pitcher baseline 9.3% barrel, 17.1 HR allowed",neutral batted-ball profile; pitcher fly-ball pressure modest,9.1,47.0,91.18,101.1041,0.4278,0.1737,0.3308,71.77,19.74,34.89,25.39,15.4,0.1821,9.32,39.73,89.78,0.4639,0.1837,25.98,,,Great American Ball Park,
34,699302,Hector Rodriguez,CIN,SD,2026-09-01T22:40:00Z,Scheduled,1,Randy Vásquez,681190,R,54.4,Longshot,Watch List,"Projected Lineup, Strong Barrel, Premium Lineup Spot, Platoon Edge, Hot Hitter/Streak",31.6,59.4,39.3,88.7,80.0,83.6,No,No,1,Yes,Yes,RotoWire projected lineup; MLB probable pitchers,lineup projected / unconfirmed,H:2026 P:2026/2025,,,Direct BvP not yet weighted; 2026/2025 Statcast baseline active,7,9,29,3,Hot streak: 3 HR in last 7 games,"platoon edge; pitcher baseline 10.4% barrel, 15.3 HR allowed",neutral batted-ball profile; pitcher fly-ball pressure modest,10.2,30.6,87.6,98.7035,0.361,0.161,0.284,74.8,52.6,40.8,26.5,4.0,0.212,10.41,42.52,90.64,0.4929,0.2112,27.9,,,Great American Ball Park,
35,695600,Carter Jensen,KC,MIA,2026-09-01T23:40:00Z,Scheduled,1,Tyler Phillips,663969,R,54.3,Longshot,Watch List,"Projected Lineup, Strong Barrel, Premium Lineup Spot, Platoon Edge",56.1,40.8,23.2,88.7,80.0,57.8,No,No,1,Yes,Yes,RotoWire projected lineup; MLB probable pitchers,lineup projected / unconfirmed,H:2026/2025 P:2026/2025,,,Direct BvP not yet weighted; 2026/2025 Statcast baseline active,7,6,23,2,Hot streak: 2 HR in last 7 games,"platoon edge; pitcher baseline 7.3% barrel, 12.2 HR allowed",lift-pull EV profile; pitcher fly-ball pressure modest,13.59,48.36,92.39,102.7972,0.444,0.2025,0.3378,74.1,38.59,40.16,30.84,14.2,0.2066,7.27,43.54,89.76,0.405,0.1506,25.59,,,Kauffman Stadium,
36,677800,Wilyer Abreu,BOS,SEA,2026-09-01T22:45:00Z,Scheduled,4,Bryan Woo,693433,R,54.0,Longshot,Watch List,"Projected Lineup, Strong Barrel, Premium Lineup Spot, Platoon Edge",53.0,44.4,28.7,90.4,80.0,33.7,No,No,4,Yes,Yes,RotoWire projected lineup; MLB probable pitchers,lineup projected / unconfirmed,H:2026/2025 P:2026/2025,,,Direct BvP not yet weighted; 2026/2025 Statcast baseline active,7,6,27,1,"Last 7 games: 6/27, 1 HR","platoon edge; pitcher baseline 8.0% barrel, 19.7 HR allowed",fly-ball profile; pitcher fly-ball pressure modest,12.37,44.2,90.1,101.3804,0.475,0.2229,0.3455,73.89,38.66,38.74,36.61,22.7,0.2136,7.98,43.34,89.66,0.387,0.1548,28.62,,,Fenway Park,
37,699013,Esmerlyn Valdez,PIT,SF,2026-09-01T22:40:00Z,Scheduled,4,Logan Webb,657277,R,53.8,Longshot,Watch List,"Projected Lineup, Strong Barrel, Premium Lineup Spot",70.8,30.3,24.3,90.4,50.0,48.7,No,No,4,Yes,Yes,RotoWire projected lineup; MLB probable pitchers,lineup projected / unconfirmed,H:2026 P:2026/2025,,,Direct BvP not yet weighted; 2026/2025 Statcast baseline active,7,5,25,2,Hot streak: 2 HR in last 7 games,"same-side matchup; pitcher baseline 6.5% barrel, 11.9 HR allowed",fly-ball profile; pitcher fly-ball pressure modest,20.3,48.8,91.8,102.6424,0.447,0.245,0.336,74.9,51.4,37.4,41.5,16.0,0.291,6.48,38.87,88.51,0.3812,0.1289,19.56,,,PNC Park,
38,701538,Jackson Merrill,SD,CIN,2026-09-01T22:40:00Z,Scheduled,4,Nick Lodolo,666157,L,53.7,Longshot,Watch List,"Projected Lineup, Strong Barrel, Premium Lineup Spot",50.5,50.6,39.3,90.4,50.0,37.8,No,No,4,Yes,Yes,RotoWire projected lineup; MLB probable pitchers,lineup projected / unconfirmed,H:2026/2025 P:2026/2025,,,Direct BvP not yet weighted; 2026/2025 Statcast baseline active,7,7,28,1,"Last 7 games: 7/28, 1 HR","same-side matchup; pitcher baseline 9.3% barrel, 17.1 HR allowed",neutral batted-ball profile; pitcher fly-ball pressure modest,11.67,45.49,90.47,100.7392,0.4732,0.2144,0.3372,72.88,27.33,37.63,30.2,20.2,0.1825,9.32,39.73,89.78,0.4639,0.1837,25.98,,,Great American Ball Park,
39,668723,Ryan Vilade,TB,NYM,2026-09-01T22:40:00Z,Scheduled,2,Sean Manaea,640455,L,53.6,Longshot,Watch List,"Projected Lineup, Premium Lineup Spot, Platoon Edge",46.6,54.4,27.6,95.5,78.0,12.0,No,No,2,Yes,Yes,RotoWire projected lineup; MLB probable pitchers,lineup projected / unconfirmed,H:2026/2025 P:2026/2025,,,Direct BvP not yet weighted; 2026/2025 Statcast baseline active,7,3,15,0,"Last 7 games: 3/15, 0 HR","platoon edge; pitcher baseline 10.5% barrel, 17.9 HR allowed",neutral batted-ball profile; pitcher fly-ball pressure modest,9.21,50.71,91.77,102.86,0.4152,0.173,0.3202,75.77,58.0,24.85,24.96,7.7,0.1498,10.51,42.25,89.45,0.4381,0.189,28.89,,,Tropicana Field,
40,647304,Josh Naylor,SEA,BOS,2026-09-01T22:45:00Z,Scheduled,5,Jedixson Paez,699151,R,53.5,Longshot,Watch List,"Projected Lineup, Pitcher Vulnerable, Platoon Edge",22.6,90.8,28.7,81.9,80.0,26.4,No,No,5,Yes,Yes,RotoWire projected lineup; MLB probable pitchers,lineup projected / unconfirmed,H:2026/2025 P:2026,,,Direct BvP not yet weighted; 2026/2025 Statcast baseline active,7,8,27,0,"Last 7 games: 8/27, 0 HR","platoon edge; pitcher baseline 23.1% barrel, 2.0 HR allowed",neutral batted-ball profile; pitcher allows elevated contact,5.09,37.7,87.8,99.0492,0.397,0.1289,0.3187,70.41,11.68,42.2,22.29,13.0,0.1173,23.1,46.2,95.3,0.786,0.434,53.8,,,Fenway Park,
41,701350,Roman Anthony,BOS,SEA,2026-09-01T22:45:00Z,Scheduled,1,Bryan Woo,693433,R,53.3,Longshot,Watch List,"Projected Lineup, Strong Barrel, Premium Lineup Spot, Platoon Edge",50.7,44.4,28.7,88.7,80.0,39.7,No,No,1,Yes,Yes,RotoWire projected lineup; MLB probable pitchers,lineup projected / unconfirmed,H:2026/2025 P:2026/2025,,,Direct BvP not yet weighted; 2026/2025 Statcast baseline active,7,10,26,0,Contact streak: 10/26 over last 7 games,"platoon edge; pitcher baseline 8.0% barrel, 19.7 HR allowed",EV profile; pitcher fly-ball pressure modest,10.56,52.25,93.17,102.9741,0.4392,0.1707,0.3622,75.42,53.93,38.88,21.88,3.1,0.1353,7.98,43.34,89.66,0.387,0.1548,28.62,,,Fenway Park,
42,660821,Jesus Sanchez,TOR,CLE,2026-09-01T22:40:00Z,Scheduled,5,Gavin Williams,668909,R,53.2,Longshot,Watch List,"Projected Lineup, Strong Barrel, Platoon Edge",46.6,57.4,27.6,81.9,80.0,24.9,No,No,5,Yes,Yes,RotoWire projected lineup; MLB probable pitchers,lineup projected / unconfirmed,H:2026/2025 P:2026/2025,,,Direct BvP not yet weighted; 2026/2025 Statcast baseline active,7,4,14,0,"Last 7 games: 4/14, 0 HR","platoon edge; pitcher baseline 11.1% barrel, 25.8 HR allowed",neutral batted-ball profile; pitcher fly-ball pressure modest,11.17,45.36,90.95,102.0711,0.4375,0.1818,0.3286,74.26,47.82,34.31,24.79,9.8,0.1608,11.1,46.61,90.33,0.412,0.1831,25.86,,,Progressive Field,
43,518692,Freddie Freeman,LAD,STL,2026-09-02T02:10:00Z,Scheduled,2,Michael McGreevy,700241,R,53.2,Longshot,Watch List,"Projected Lineup, Premium Lineup Spot, Platoon Edge",40.9,54.5,27.6,95.5,80.0,37.6,No,No,2,Yes,Yes,RotoWire projected lineup; MLB probable pitchers,lineup projected / unconfirmed,H:2026/2025 P:2026/2025,,,Direct BvP not yet weighted; 2026/2025 Statcast baseline active,7,10,27,0,Contact streak: 10/27 over last 7 games,"platoon edge; pitcher baseline 9.6% barrel, 17.6 HR allowed",neutral batted-ball profile; pitcher fly-ball pressure modest,8.86,43.18,90.06,100.329,0.4782,0.1881,0.3661,70.08,8.12,36.05,27.42,17.7,0.172,9.64,41.64,90.08,0.4759,0.1963,26.27,,,UNIQLO Field at Dodger Stadium,
44,673548,Seiya Suzuki,CHC,MIL,2026-09-01T23:40:00Z,Scheduled,2,Robert Gasser,688107,L,53.0,Longshot,Watch List,"Projected Lineup, Strong Barrel, Premium Lineup Spot, Platoon Edge, Hot Hitter/Streak",47.4,36.0,29.8,95.5,78.0,76.7,No,No,2,Yes,Yes,RotoWire projected lineup; MLB probable pitchers,lineup projected / unconfirmed,H:2026/2025 P:2026/2025,,,Direct BvP not yet weighted; 2026/2025 Statcast baseline active,7,12,31,2,Hot streak: 2 HR in last 7 games,"platoon edge; pitcher baseline 7.6% barrel, 9.4 HR allowed",neutral batted-ball profile; pitcher fly-ball pressure modest,12.33,41.84,89.34,101.1268,0.452,0.2022,0.3443,73.3,37.46,42.53,31.27,26.4,0.2218,7.6,36.84,88.41,0.3953,0.1579,27.03,,,Wrigley Field,
45,695657,Colson Montgomery,CWS,HOU,2026-09-02T00:10:00Z,Scheduled,6,Ronel Blanco,669854,R,53.0,Longshot,Watch List,"Projected Lineup, Strong Barrel, Platoon Edge",52.2,50.2,27.6,71.7,80.0,47.5,No,No,6,Yes,Yes,RotoWire projected lineup; MLB probable pitchers,lineup projected / unconfirmed,H:2026/2025 P:2026/2025,,,Direct BvP not yet weighted; 2026/2025 Statcast baseline active,7,5,26,2,Hot streak: 2 HR in last 7 games,"platoon edge; pitcher baseline 10.8% barrel, 7.0 HR allowed",neutral batted-ball profile; pitcher allows elevated contact,13.17,42.89,89.05,101.8861,0.4373,0.222,0.3144,76.65,69.88,48.88,33.51,26.6,0.2417,10.78,34.91,88.14,0.4345,0.2026,38.47,,,Daikin Park,
46,665019,Kody Clemens,MIN,DET,2026-09-01T23:40:00Z,Scheduled,3,Troy Melton,675512,R,52.9,Longshot,Watch List,"Projected Lineup, Strong Barrel, Premium Lineup Spot, Platoon Edge",54.0,34.1,27.1,92.1,80.0,54.7,No,No,3,Yes,Yes,RotoWire projected lineup; MLB probable pitchers,lineup projected / unconfirmed,H:2026/2025 P:2026/2025,,,Direct BvP not yet weighted; 2026/2025 Statcast baseline active,7,6,25,2,Hot streak: 2 HR in last 7 games,"platoon edge; pitcher baseline 6.7% barrel, 9.1 HR allowed",lift-pull EV profile; pitcher fly-ball pressure modest,12.07,47.46,92.2,101.5734,0.4636,0.2139,0.3338,72.06,14.49,46.29,33.74,21.8,0.2259,6.71,40.59,89.33,0.3689,0.1449,24.91,,,Target Field,
47,676475,Alec Burleson,STL,LAD,2026-09-02T02:10:00Z,Scheduled,4,Eric Lauer,641778,L,52.9,Longshot,Watch List,"Projected Lineup, Strong Barrel, Premium Lineup Spot",52.8,54.7,27.6,90.4,50.0,20.9,No,No,4,Yes,Yes,RotoWire projected lineup; MLB probable pitchers,lineup projected / unconfirmed,H:2026/2025 P:2026/2025,,,Direct BvP not yet weighted; 2026/2025 Statcast baseline active,7,7,27,0,"Last 7 games: 7/27, 0 HR","same-side matchup; pitcher baseline 10.1% barrel, 21.3 HR allowed",neutral batted-ball profile; pitcher allows elevated contact,10.55,47.9,91.77,101.9985,0.5116,0.2228,0.3695,73.21,34.42,43.61,27.26,20.1,0.1823,10.06,37.35,89.13,0.4498,0.2028,36.9,,,UNIQLO Field at Dodger Stadium,
48,691718,Pete Crow-Armstrong,CHC,MIL,2026-09-01T23:40:00Z,Scheduled,1,Robert Gasser,688107,L,52.8,Longshot,Watch List,"Projected Lineup, Strong Barrel, Premium Lineup Spot, Hot Hitter/Streak",56.6,36.0,29.8,88.7,50.0,82.5,No,No,1,Yes,Yes,RotoWire projected lineup; MLB probable pitchers,lineup projected / unconfirmed,H:2026/2025 P:2026/2025,,,Direct BvP not yet weighted; 2026/2025 Statcast baseline active,7,10,33,5,Hot streak: 5 HR in last 7 games,"same-side matchup; pitcher baseline 7.6% barrel, 9.4 HR allowed",fly-ball profile; pitcher fly-ball pressure modest,13.1,46.64,89.99,101.6139,0.4904,0.2372,0.3546,74.24,44.46,50.16,35.85,35.9,0.2739,7.6,36.84,88.41,0.3953,0.1579,27.03,,,Wrigley Field,
49,545361,Mike Trout,LAA,NYY,2026-09-02T01:38:00Z,Scheduled,2,Gerrit Cole,543037,R,52.8,Longshot,Watch List,"Projected Lineup, Strong Barrel, Premium Lineup Spot",60.7,39.8,28.2,95.5,50.0,22.4,No,No,2,Yes,Yes,RotoWire projected lineup; MLB probable pitchers,lineup projected / unconfirmed,H:2026/2025 P:2026,,,Direct BvP not yet weighted; 2026/2025 Statcast baseline active,7,7,26,0,"Last 7 games: 7/26, 0 HR","same-side matchup; pitcher baseline 7.9% barrel, 13.0 HR allowed",neutral batted-ball profile; pitcher fly-ball pressure modest,16.01,46.64,90.13,102.8972,0.4866,0.239,0.3727,74.63,47.84,36.58,32.75,21.8,0.193,7.9,42.3,90.2,0.362,0.128,28.7,,,Angel Stadium,
50,678246,Miguel Vargas,CWS,HOU,2026-09-02T00:10:00Z,Scheduled,3,Ronel Blanco,669854,R,52.7,Longshot,Watch List,"Projected Lineup, Strong Barrel, Premium Lineup Spot",53.5,50.2,27.6,92.1,50.0,30.0,No,No,3,Yes,Yes,RotoWire projected lineup; MLB probable pitchers,lineup projected / unconfirmed,H:2026/2025 P:2026/2025,,,Direct BvP not yet weighted; 2026/2025 Statcast baseline active,7,8,25,0,Contact streak: 8/25 over last 7 games,"same-side matchup; pitcher baseline 10.8% barrel, 7.0 HR allowed",fly-ball profile; pitcher allows elevated contact,12.69,44.21,90.33,100.4531,0.4854,0.2263,0.368,72.91,33.02,44.14,35.17,25.1,0.2174,10.78,34.91,88.14,0.4345,0.2026,38.47,,,Daikin Park,
51,663757,Trent Grisham,NYY,LAA,2026-09-02T01:38:00Z,Scheduled,4,Grayson Rodriguez,680570,R,52.5,Longshot,Watch List,"Projected Lineup, Strong Barrel, Premium Lineup Spot, Platoon Edge",47.8,52.7,28.2,90.4,80.0,0.0,No,No,4,Yes,Yes,RotoWire projected lineup; MLB probable pitchers,lineup projected / unconfirmed,H:2026/2025 P:2026,,,Direct BvP not yet weighted; 2026/2025 Statcast baseline active,7,1,24,0,"Last 7 games: 1/24, 0 HR","platoon edge; pitcher baseline 9.1% barrel, 10.0 HR allowed",neutral batted-ball profile; pitcher fly-ball pressure modest,11.12,45.7,90.75,100.7431,0.449,0.2052,0.3462,70.79,9.58,45.7,31.19,22.8,0.2003,9.1,45.0,90.6,0.461,0.189,27.3,,,Angel Stadium,
52,668709,JJ Bleday,CIN,SD,2026-09-01T22:40:00Z,Scheduled,4,Randy Vásquez,681190,R,52.4,Longshot,Watch List,"Projected Lineup, Premium Lineup Spot, Platoon Edge",37.4,59.4,39.3,90.4,80.0,0.8,No,No,4,Yes,Yes,RotoWire projected lineup; MLB probable pitchers,lineup projected / unconfirmed,H:2026/2025 P:2026/2025,,,Direct BvP not yet weighted; 2026/2025 Statcast baseline active,7,3,24,0,"Last 7 games: 3/24, 0 HR","platoon edge; pitcher baseline 10.4% barrel, 15.3 HR allowed",neutral batted-ball profile; pitcher fly-ball pressure modest,9.06,39.4,88.56,99.8361,0.4038,0.1739,0.3264,73.07,27.65,45.67,33.2,18.9,0.2039,10.41,42.52,90.64,0.4929,0.2112,27.9,,,Great American Ball Park,
53,669065,Kyle Stowers,MIA,KC,2026-09-01T23:40:00Z,Scheduled,1,Randy Dobnak,677976,R,52.3,Longshot,Watch List,"Projected Lineup, Strong Barrel, Premium Lineup Spot, Platoon Edge",61.9,31.4,23.2,88.7,80.0,24.9,No,No,1,Yes,Yes,RotoWire projected lineup; MLB probable pitchers,lineup projected / unconfirmed,H:2026/2025 P:2026/2025,,,Direct BvP not yet weighted; 2026/2025 Statcast baseline active,7,6,21,0,"Last 7 games: 6/21, 0 HR","platoon edge; pitcher baseline 4.4% barrel, 2.4 HR allowed",neutral batted-ball profile; pitcher fly-ball pressure modest,14.2,54.66,91.87,103.3142,0.4649,0.2223,0.3435,75.28,55.16,45.92,31.78,18.7,0.2252,4.41,44.75,91.11,0.4129,0.1268,21.43,,,Kauffman Stadium,
54,669257,Will Smith,LAD,STL,2026-09-02T02:10:00Z,Scheduled,5,Michael McGreevy,700241,R,52.1,Longshot,Watch List,"Projected Lineup, Strong Barrel",51.7,54.5,27.6,81.9,50.0,37.8,No,No,5,Yes,Yes,RotoWire projected lineup; MLB probable pitchers,lineup projected / unconfirmed,H:2026/2025 P:2026/2025,,,Direct BvP not yet weighted; 2026/2025 Statcast baseline active,7,5,20,1,"Last 7 games: 5/20, 1 HR","same-side matchup; pitcher baseline 9.6% barrel, 17.6 HR allowed",fly-ball profile; pitcher fly-ball pressure modest,13.04,41.71,90.39,100.3569,0.4946,0.2214,0.3829,69.91,7.08,31.02,37.61,9.3,0.1534,9.64,41.64,90.08,0.4759,0.1963,26.27,,,UNIQLO Field at Dodger Stadium,
55,543807,George Springer,TOR,CLE,2026-09-01T22:40:00Z,Scheduled,4,Gavin Williams,668909,R,52.0,Longshot,Watch List,"Projected Lineup, Premium Lineup Spot, Hot Hitter/Streak",39.0,57.4,27.6,90.4,50.0,81.7,No,No,4,Yes,Yes,RotoWire projected lineup; MLB probable pitchers,lineup projected / unconfirmed,H:2026/2025 P:2026/2025,,,Direct BvP not yet weighted; 2026/2025 Statcast baseline active,7,11,23,2,Hot streak: 2 HR in last 7 games,"same-side matchup; pitcher baseline 11.1% barrel, 25.8 HR allowed",neutral batted-ball profile; pitcher fly-ball pressure modest,9.55,40.32,88.81,100.0257,0.4345,0.1827,0.3354,73.17,34.32,41.16,26.23,19.4,0.1922,11.1,46.61,90.33,0.412,0.1831,25.86,,,Progressive Field,
56,672960,Kazuma Okamoto,TOR,CLE,2026-09-01T22:40:00Z,Scheduled,6,Gavin Williams,668909,R,52.0,Longshot,Watch List,"Projected Lineup, Strong Barrel",51.9,57.4,27.6,71.7,50.0,48.7,No,No,6,Yes,Yes,RotoWire projected lineup; MLB probable pitchers,lineup projected / unconfirmed,H:2026 P:2026/2025,,,Direct BvP not yet weighted; 2026/2025 Statcast baseline active,7,4,20,2,Hot streak: 2 HR in last 7 games,"same-side matchup; pitcher baseline 11.1% barrel, 25.8 HR allowed",neutral batted-ball profile; pitcher fly-ball pressure modest,13.4,43.5,90.4,101.302,0.433,0.216,0.32,73.1,34.7,50.8,33.7,28.0,0.216,11.1,46.61,90.33,0.412,0.1831,25.86,,,Progressive Field,
57,666018,Jonathan Aranda,TB,NYM,2026-09-01T22:40:00Z,Scheduled,5,Sean Manaea,640455,L,51.9,Longshot,Watch List,"Projected Lineup, Strong Barrel",48.8,54.4,27.6,81.9,50.0,52.0,No,No,5,Yes,Yes,RotoWire projected lineup; MLB probable pitchers,lineup projected / unconfirmed,H:2026/2025 P:2026/2025,,,Direct BvP not yet weighted; 2026/2025 Statcast baseline active,7,6,27,2,Hot streak: 2 HR in last 7 games,"same-side matchup; pitcher baseline 10.5% barrel, 17.9 HR allowed",neutral batted-ball profile; pitcher fly-ball pressure modest,10.73,48.41,91.67,101.2814,0.4667,0.196,0.3589,70.22,12.55,32.57,30.2,16.1,0.1513,10.51,42.25,89.45,0.4381,0.189,28.89,,,Tropicana Field,
58,650490,Yandy Diaz,TB,NYM,2026-09-01T22:40:00Z,Scheduled,1,Sean Manaea,640455,L,51.7,Longshot,Watch List,"Projected Lineup, Premium Lineup Spot, Platoon Edge",40.8,54.4,27.6,88.7,78.0,31.4,No,No,1,Yes,Yes,RotoWire projected lineup; MLB probable pitchers,lineup projected / unconfirmed,H:2026/2025 P:2026/2025,,,Direct BvP not yet weighted; 2026/2025 Statcast baseline active,7,6,29,1,"Last 7 games: 6/29, 1 HR","platoon edge; pitcher baseline 10.5% barrel, 17.9 HR allowed",neutral batted-ball profile; pitcher fly-ball pressure modest,7.39,49.07,91.46,103.2101,0.4481,0.1635,0.3519,73.5,37.3,23.32,19.44,21.5,0.1673,10.51,42.25,89.45,0.4381,0.189,28.89,,,Tropicana Field,
59,702284,Cole Young,SEA,BOS,2026-09-01T22:45:00Z,Scheduled,6,Jedixson Paez,699151,R,51.7,Longshot,Watch List,"Projected Lineup, Pitcher Vulnerable, Platoon Edge",22.7,90.8,28.7,71.7,80.0,18.3,No,No,6,Yes,Yes,RotoWire projected lineup; MLB probable pitchers,lineup projected / unconfirmed,H:2026/2025 P:2026,,,Direct BvP not yet weighted; 2026/2025 Statcast baseline active,7,2,25,1,"Last 7 games: 2/25, 1 HR","platoon edge; pitcher baseline 23.1% barrel, 2.0 HR allowed",neutral batted-ball profile; pitcher allows elevated contact,4.9,35.58,88.09,98.7833,0.3788,0.1289,0.3089,71.44,21.58,42.33,26.52,12.4,0.1262,23.1,46.2,95.3,0.786,0.434,53.8,,,Fenway Park,
60,547180,Bryce Harper,PHI,AZ,2026-09-02T01:40:00Z,Scheduled,3,Eduardo Rodriguez,593958,L,51.3,Longshot,Watch List,"Projected Lineup, Strong Barrel, Premium Lineup Spot",52.6,38.6,28.2,92.1,50.0,61.4,No,No,3,Yes,Yes,RotoWire projected lineup; MLB probable pitchers,lineup projected / unconfirmed,H:2026/2025 P:2026/2025,,,Direct BvP not yet weighted; 2026/2025 Statcast baseline active,7,11,27,1,Contact streak: 11/27 over last 7 games,"same-side matchup; pitcher baseline 7.9% barrel, 17.3 HR allowed",neutral batted-ball profile; pitcher fly-ball pressure modest,11.67,45.47,90.67,101.9014,0.5004,0.2268,0.3855,74.1,44.8,37.56,27.45,27.0,0.2337,7.92,34.29,87.64,0.4265,0.1678,27.19,,,Chase Field,
61,694673,Abimelec Ortiz,WSH,ATL,2026-09-01T22:45:00Z,Scheduled,2,AJ Smith-Shawver,700363,R,51.2,Longshot,Watch List,"Projected Lineup, Premium Lineup Spot, Platoon Edge",45.4,43.7,28.2,95.5,80.0,18.0,No,No,2,Yes,Yes,RotoWire projected lineup; MLB probable pitchers,lineup projected / unconfirmed,H:2026 P:2026/2025,,,Direct BvP not yet weighted; 2026/2025 Statcast baseline active,7,6,25,0,"Last 7 games: 6/25, 0 HR","platoon edge; pitcher baseline 8.5% barrel, 1.9 HR allowed",neutral batted-ball profile; pitcher fly-ball pressure modest,9.2,40.0,90.2,99.8629,0.446,0.211,0.31,75.6,60.0,43.1,33.8,5.0,0.207,8.47,41.7,89.65,0.4365,0.1646,29.38,,,Nationals Park,
62,695734,Daylen Lile,WSH,ATL,2026-09-01T22:45:00Z,Scheduled,4,AJ Smith-Shawver,700363,R,51.2,Longshot,Watch List,"Projected Lineup, Premium Lineup Spot, Platoon Edge, Hot Hitter/Streak",35.3,43.7,28.2,90.4,80.0,100.0,No,No,4,Yes,Yes,RotoWire projected lineup; MLB probable pitchers,lineup projected / unconfirmed,H:2026/2025 P:2026/2025,,,Direct BvP not yet weighted; 2026/2025 Statcast baseline active,7,11,22,4,Hot streak: 4 HR in last 7 games,"platoon edge; pitcher baseline 8.5% barrel, 1.9 HR allowed",neutral batted-ball profile; pitcher fly-ball pressure modest,7.86,38.77,88.76,99.0489,0.4462,0.1719,0.3354,70.71,9.36,41.08,33.18,16.7,0.1899,8.47,41.7,89.65,0.4365,0.1646,29.38,,,Nationals Park,
63,661388,William Contreras,MIL,CHC,2026-09-01T23:40:00Z,Scheduled,3,Matthew Boyd,571510,L,50.9,Longshot,Watch List,"Projected Lineup, Premium Lineup Spot, Platoon Edge",38.2,46.2,29.8,92.1,78.0,55.9,No,No,3,Yes,Yes,RotoWire projected lineup; MLB probable pitchers,lineup projected / unconfirmed,H:2026/2025 P:2026/2025,,,Direct BvP not yet weighted; 2026/2025 Statcast baseline active,7,10,27,1,Contact streak: 10/27 over last 7 games,"platoon edge; pitcher baseline 9.8% barrel, 16.2 HR allowed",neutral batted-ball profile; pitcher fly-ball pressure modest,7.45,45.0,90.4,101.5498,0.4266,0.1674,0.3343,73.34,36.09,36.32,24.08,14.2,0.132,9.77,38.14,88.22,0.4323,0.1741,26.41,,,Wrigley Field,
64,681715,Heriberto Hernandez,MIA,KC,2026-09-01T23:40:00Z,Scheduled,2,Randy Dobnak,677976,R,50.6,Longshot,Watch List,"Projected Lineup, Strong Barrel, Premium Lineup Spot, Hot Hitter/Streak",54.3,31.4,23.2,95.5,50.0,75.9,No,No,2,Yes,Yes,RotoWire projected lineup; MLB probable pitchers,lineup projected / unconfirmed,H:2026/2025 P:2026/2025,,,Direct BvP not yet weighted; 2026/2025 Statcast baseline active,7,7,27,3,Hot streak: 3 HR in last 7 games,"same-side matchup; pitcher baseline 4.4% barrel, 2.4 HR allowed",neutral batted-ball profile; pitcher fly-ball pressure modest,12.75,46.73,90.9,101.6501,0.4693,0.2229,0.3466,74.07,44.76,47.03,29.99,18.4,0.2147,4.41,44.75,91.11,0.4129,0.1268,21.43,,,Kauffman Stadium,
65,665862,Jazz Chisholm,NYY,LAA,2026-09-02T01:38:00Z,Scheduled,6,Grayson Rodriguez,680570,R,50.6,Longshot,Watch List,"Projected Lineup, Strong Barrel, Platoon Edge",43.4,52.7,28.2,71.7,80.0,43.8,No,No,6,Yes,Yes,RotoWire projected lineup; MLB probable pitchers,lineup projected / unconfirmed,H:2026/2025 P:2026,,,Direct BvP not yet weighted; 2026/2025 Statcast baseline active,7,7,17,0,Contact streak: 7/17 over last 7 games,"platoon edge; pitcher baseline 9.1% barrel, 10.0 HR allowed",neutral batted-ball profile; pitcher fly-ball pressure modest,10.66,42.6,90.19,100.4773,0.4033,0.1826,0.31,73.34,33.51,50.86,30.4,21.9,0.1921,9.1,45.0,90.6,0.461,0.189,27.3,,,Angel Stadium,
66,553993,Eugenio Suarez,CIN,SD,2026-09-01T22:40:00Z,Scheduled,6,Randy Vásquez,681190,R,50.5,Longshot,Watch List,"Projected Lineup, Strong Barrel",40.6,59.4,39.3,71.7,50.0,48.7,No,No,6,Yes,Yes,RotoWire projected lineup; MLB probable pitchers,lineup projected / unconfirmed,H:2026/2025 P:2026/2025,,,Direct BvP not yet weighted; 2026/2025 Statcast baseline active,7,5,25,2,Hot streak: 2 HR in last 7 games,"same-side matchup; pitcher baseline 10.4% barrel, 15.3 HR allowed",neutral batted-ball profile; pitcher fly-ball pressure modest,11.85,38.64,88.87,99.9412,0.3755,0.1778,0.2934,72.02,21.88,48.45,34.18,28.7,0.2322,10.41,42.52,90.64,0.4929,0.2112,27.9,,,Great American Ball Park,
67,677951,Bobby Witt,KC,MIA,2026-09-01T23:40:00Z,Scheduled,2,Tyler Phillips,663969,R,50.4,Longshot,Watch List,"Projected Lineup, Strong Barrel, Premium Lineup Spot",56.5,40.8,23.2,95.5,50.0,13.0,No,No,2,Yes,Yes,RotoWire projected lineup; MLB probable pitchers,lineup projected / unconfirmed,H:2026/2025 P:2026/2025,,,Direct BvP not yet weighted; 2026/2025 Statcast baseline active,7,6,29,0,"Last 7 games: 6/29, 0 HR","same-side matchup; pitcher baseline 7.3% barrel, 12.2 HR allowed",EV profile; pitcher fly-ball pressure modest,12.01,50.39,92.6,103.5978,0.5101,0.2115,0.3769,73.95,42.3,30.03,26.85,18.1,0.1787,7.27,43.54,89.76,0.405,0.1506,25.59,,,Kauffman Stadium,
68,643217,Andrew Benintendi,CWS,HOU,2026-09-02T00:10:00Z,Scheduled,4,Ronel Blanco,669854,R,50.4,Longshot,Watch List,"Projected Lineup, Premium Lineup Spot, Platoon Edge",37.0,50.2,27.6,90.4,80.0,42.3,No,No,4,Yes,Yes,RotoWire projected lineup; MLB probable pitchers,lineup projected / unconfirmed,H:2026/2025 P:2026/2025,,,Direct BvP not yet weighted; 2026/2025 Statcast baseline active,7,7,25,1,"Last 7 games: 7/25, 1 HR","platoon edge; pitcher baseline 10.8% barrel, 7.0 HR allowed",neutral batted-ball profile; pitcher allows elevated contact,9.42,41.87,88.7,98.7774,0.4132,0.1725,0.3137,69.54,4.5,49.54,31.92,15.8,0.1847,10.78,34.91,88.14,0.4345,0.2026,38.47,,,Daikin Park,
69,665052,Griffin Conine,MIA,KC,2026-09-01T23:40:00Z,Scheduled,3,Randy Dobnak,677976,R,50.3,Longshot,Watch List,"Projected Lineup, Strong Barrel, Premium Lineup Spot, Platoon Edge",57.5,31.4,23.2,92.1,80.0,4.5,No,No,3,Yes,Yes,RotoWire projected lineup; MLB probable pitchers,lineup projected / unconfirmed,H:2026/2025 P:2026/2025,,,Direct BvP not yet weighted; 2026/2025 Statcast baseline active,7,3,20,0,"Last 7 games: 3/20, 0 HR","platoon edge; pitcher baseline 4.4% barrel, 2.4 HR allowed",neutral batted-ball profile; pitcher fly-ball pressure modest,14.8,49.99,91.53,103.3752,0.46,0.2145,0.3468,74.26,43.76,42.81,23.62,10.4,0.2182,4.41,44.75,91.11,0.4129,0.1268,21.43,,,Kauffman Stadium,
70,671056,Ivan Herrera,STL,LAD,2026-09-02T02:10:00Z,Scheduled,2,Eric Lauer,641778,L,49.9,Longshot,Watch List,"Projected Lineup, Premium Lineup Spot, Platoon Edge",33.7,54.7,27.6,95.5,78.0,22.4,No,No,2,Yes,Yes,RotoWire projected lineup; MLB probable pitchers,lineup projected / unconfirmed,H:2026/2025 P:2026/2025,,,Direct BvP not yet weighted; 2026/2025 Statcast baseline active,7,7,26,0,"Last 7 games: 7/26, 0 HR","platoon edge; pitcher baseline 10.1% barrel, 21.3 HR allowed",neutral batted-ball profile; pitcher allows elevated contact,7.11,42.59,89.8,101.2767,0.4077,0.1523,0.3423,73.81,42.44,37.38,19.52,15.5,0.1464,10.06,37.35,89.13,0.4498,0.2028,36.9,,,UNIQLO Field at Dodger Stadium,
71,664040,Brandon Lowe,PIT,SF,2026-09-01T22:40:00Z,Scheduled,2,Logan Webb,657277,R,49.8,Longshot,Watch List,"Projected Lineup, Strong Barrel, Premium Lineup Spot, Platoon Edge",51.5,30.3,24.3,95.5,80.0,27.6,No,No,2,Yes,Yes,RotoWire projected lineup; MLB probable pitchers,lineup projected / unconfirmed,H:2026/2025 P:2026/2025,,,Direct BvP not yet weighted; 2026/2025 Statcast baseline active,7,4,22,1,"Last 7 games: 4/22, 1 HR","platoon edge; pitcher baseline 6.5% barrel, 11.9 HR allowed",neutral batted-ball profile; pitcher fly-ball pressure modest,12.3,46.18,91.1,101.4342,0.4402,0.1998,0.3252,73.66,39.95,46.72,32.92,28.9,0.2245,6.48,38.87,88.51,0.3812,0.1289,19.56,,,PNC Park,
72,687263,Zach Neto,LAA,NYY,2026-09-02T01:38:00Z,Scheduled,1,Gerrit Cole,543037,R,49.5,Longshot,Watch List,"Projected Lineup, Strong Barrel, Premium Lineup Spot",48.4,39.8,28.2,88.7,50.0,56.2,No,No,1,Yes,Yes,RotoWire projected lineup; MLB probable pitchers,lineup projected / unconfirmed,H:2026/2025 P:2026,,,Direct BvP not yet weighted; 2026/2025 Statcast baseline active,7,7,28,2,Hot streak: 2 HR in last 7 games,"same-side matchup; pitcher baseline 7.9% barrel, 13.0 HR allowed",neutral batted-ball profile; pitcher fly-ball pressure modest,12.46,42.75,90.02,100.3466,0.4306,0.2097,0.3174,71.33,14.18,47.27,34.96,23.9,0.2023,7.9,42.3,90.2,0.362,0.128,28.7,,,Angel Stadium,
73,681508,Mickey Gasper,BOS,SEA,2026-09-01T22:45:00Z,Scheduled,2,Bryan Woo,693433,R,49.4,Longshot,Watch List,"Projected Lineup, Premium Lineup Spot, Platoon Edge, Hot Hitter/Streak",29.7,42.3,28.7,95.5,75.0,100.0,No,No,2,Yes,Yes,RotoWire projected lineup; MLB probable pitchers,lineup projected / unconfirmed,H:2026/2025 P:2026/2025,,,Direct BvP not yet weighted; 2026/2025 Statcast baseline active,7,7,15,3,Hot streak: 3 HR in last 7 games,"switch hitter; pitcher baseline 8.0% barrel, 19.7 HR allowed",neutral batted-ball profile; pitcher fly-ball pressure modest,7.04,35.89,88.5,98.671,0.3887,0.1531,0.3235,71.65,13.12,40.31,31.69,4.8,0.1657,7.98,43.34,89.66,0.387,0.1548,28.62,,,Fenway Park,
74,596019,Francisco Lindor,NYM,TB,2026-09-01T22:40:00Z,Scheduled,3,Freddy Peralta,642547,R,49.1,Longshot,Watch List,"Projected Lineup, Premium Lineup Spot, Platoon Edge",45.6,33.0,27.6,92.1,75.0,46.4,No,No,3,Yes,Yes,RotoWire projected lineup; MLB probable pitchers,lineup projected / unconfirmed,H:2026/2025 P:2026/2025,,,Direct BvP not yet weighted; 2026/2025 Statcast baseline active,7,5,27,2,Hot streak: 2 HR in last 7 games,"switch hitter; pitcher baseline 7.1% barrel, 21.7 HR allowed",neutral batted-ball profile; pitcher fly-ball pressure modest,9.25,46.15,90.78,100.239,0.447,0.1996,0.3394,72.02,22.39,44.62,31.7,19.1,0.192,7.06,37.09,87.65,0.3757,0.1466,28.34,,,Tropicana Field,
75,663586,Austin Riley,ATL,WSH,2026-09-01T22:45:00Z,Scheduled,8,Jake Irvin,663623,R,49.0,Longshot,Watch List,"Projected Lineup, Strong Barrel",52.9,62.2,28.2,47.9,50.0,22.9,No,No,8,Yes,Yes,RotoWire projected lineup; MLB probable pitchers,lineup projected / unconfirmed,H:2026/2025 P:2026/2025,,,Direct BvP not yet weighted; 2026/2025 Statcast baseline active,7,6,22,0,"Last 7 games: 6/22, 0 HR","same-side matchup; pitcher baseline 11.4% barrel, 21.2 HR allowed",neutral batted-ball profile; pitcher fly-ball pressure modest,12.89,46.42,91.6,102.827,0.4167,0.1935,0.3083,75.76,58.94,40.22,31.57,15.3,0.1484,11.44,45.49,89.49,0.4679,0.2141,29.16,,,Nationals Park,
76,641857,Ryan McMahon,NYY,LAA,2026-09-02T01:38:00Z,Scheduled,7,Grayson Rodriguez,680570,R,49.0,Longshot,Watch List,"Projected Lineup, Strong Barrel, Platoon Edge",47.9,52.7,28.2,59.8,80.0,15.3,No,No,7,Yes,Yes,RotoWire projected lineup; MLB probable pitchers,lineup projected / unconfirmed,H:2026/2025 P:2026,,,Direct BvP not yet weighted; 2026/2025 Statcast baseline active,7,4,18,0,"Last 7 games: 4/18, 0 HR","platoon edge; pitcher baseline 9.1% barrel, 10.0 HR allowed",neutral batted-ball profile; pitcher fly-ball pressure modest,10.42,49.03,91.76,102.1731,0.4022,0.1723,0.3094,74.42,46.2,40.43,32.03,13.0,0.1558,9.1,45.0,90.6,0.461,0.189,27.3,,,Angel Stadium,
77,665489,Vladimir Guerrero,TOR,CLE,2026-09-01T22:40:00Z,Scheduled,2,Gavin Williams,668909,R,48.8,Longshot,Watch List,"Projected Lineup, Premium Lineup Spot",38.9,57.4,27.6,95.5,50.0,4.2,No,No,2,Yes,Yes,RotoWire projected lineup; MLB probable pitchers,lineup projected / unconfirmed,H:2026/2025 P:2026/2025,,,Direct BvP not yet weighted; 2026/2025 Statcast baseline active,7,4,27,0,"Last 7 games: 4/27, 0 HR","same-side matchup; pitcher baseline 11.1% barrel, 25.8 HR allowed",neutral batted-ball profile; pitcher fly-ball pressure modest,8.21,45.24,90.67,103.0272,0.4297,0.1423,0.3469,76.42,63.61,35.46,19.24,11.8,0.1155,11.1,46.61,90.33,0.412,0.1831,25.86,,,Progressive Field,
78,680869,Zack Gelof,ATH,TEX,2026-09-02T00:05:00Z,Scheduled,2,MacKenzie Gore,669022,L,48.2,Longshot,Watch List,"Projected Lineup, Premium Lineup Spot, Platoon Edge",36.2,46.4,27.6,95.5,78.0,10.8,No,No,2,Yes,Yes,RotoWire projected lineup; MLB probable pitchers,lineup projected / unconfirmed,H:2026/2025 P:2026/2025,,,Direct BvP not yet weighted; 2026/2025 Statcast baseline active,7,5,26,0,"Last 7 games: 5/26, 0 HR","platoon edge; pitcher baseline 9.3% barrel, 18.6 HR allowed",neutral batted-ball profile; pitcher fly-ball pressure modest,9.21,43.35,88.52,99.5473,0.362,0.162,0.2757,73.22,27.78,38.62,27.87,10.4,0.1624,9.34,42.21,89.49,0.3884,0.1502,28.21,,,Globe Life Field,
79,641355,Cody Bellinger,NYY,LAA,2026-09-02T01:38:00Z,Scheduled,2,Grayson Rodriguez,680570,R,48.2,Longshot,Watch List,"Projected Lineup, Premium Lineup Spot, Platoon Edge",29.3,52.7,28.2,95.5,80.0,22.4,No,No,2,Yes,Yes,RotoWire projected lineup; MLB probable pitchers,lineup projected / unconfirmed,H:2026/2025 P:2026,,,Direct BvP not yet weighted; 2026/2025 Statcast baseline active,7,7,26,0,"Last 7 games: 7/26, 0 HR","platoon edge; pitcher baseline 9.1% barrel, 10.0 HR allowed",neutral batted-ball profile; pitcher fly-ball pressure modest,6.59,36.5,88.72,98.4189,0.4194,0.1512,0.3384,69.75,4.12,42.05,31.64,17.1,0.1723,9.1,45.0,90.6,0.461,0.189,27.3,,,Angel Stadium,
80,691777,Max Muncy,LAD,STL,2026-09-02T02:10:00Z,Scheduled,4,Michael McGreevy,700241,R,48.1,Longshot,Watch List,"Projected Lineup, Strong Barrel, Premium Lineup Spot",35.7,54.5,27.6,90.4,50.0,39.5,No,No,4,Yes,Yes,RotoWire projected lineup; MLB probable pitchers,lineup projected / unconfirmed,H:2026/2025 P:2026/2025,,,Direct BvP not yet weighted; 2026/2025 Statcast baseline active,7,6,23,1,"Last 7 games: 6/23, 1 HR","same-side matchup; pitcher baseline 9.6% barrel, 17.6 HR allowed",neutral batted-ball profile; pitcher fly-ball pressure modest,10.94,39.82,88.85,100.9081,0.3572,0.1465,0.2803,73.8,43.09,41.77,22.93,7.6,0.158,9.64,41.64,90.08,0.4759,0.1963,26.27,,,UNIQLO Field at Dodger Stadium,
81,608369,Corey Seager,TEX,ATH,2026-09-02T00:05:00Z,Scheduled,2,Brady Basso,669620,L,47.7,Longshot,Watch List,"Projected Lineup, Strong Barrel, Premium Lineup Spot",61.2,20.5,27.6,95.5,50.0,10.8,No,No,2,Yes,Yes,RotoWire projected lineup; MLB probable pitchers,lineup projected / unconfirmed,H:2026/2025 P:2026/2025,,,Direct BvP not yet weighted; 2026/2025 Statcast baseline active,7,5,26,0,"Last 7 games: 5/26, 0 HR","same-side matchup; pitcher baseline 4.4% barrel, 2.1 HR allowed",lift-pull EV profile; pitcher fly-ball pressure modest,14.74,50.24,92.13,102.6125,0.4976,0.2406,0.3643,71.73,14.81,41.34,30.85,15.4,0.1901,4.42,37.52,89.1,0.3585,0.0902,24.85,,,Globe Life Field,
82,669394,Jake Burger,TEX,ATH,2026-09-02T00:05:00Z,Scheduled,5,Brady Basso,669620,L,47.6,Longshot,Watch List,"Projected Lineup, Strong Barrel, Platoon Edge",50.7,20.5,27.6,81.9,78.0,66.7,No,No,5,Yes,Yes,RotoWire projected lineup; MLB probable pitchers,lineup projected / unconfirmed,H:2026/2025 P:2026/2025,,,Direct BvP not yet weighted; 2026/2025 Statcast baseline active,7,8,25,2,Hot streak: 2 HR in last 7 games,"platoon edge; pitcher baseline 4.4% barrel, 2.1 HR allowed",neutral batted-ball profile; pitcher fly-ball pressure modest,12.29,47.38,90.26,102.7997,0.4353,0.1984,0.3149,75.37,58.28,41.32,27.97,20.9,0.1872,4.42,37.52,89.1,0.3585,0.0902,24.85,,,Globe Life Field,
83,682985,Riley Greene,DET,MIN,2026-09-01T23:40:00Z,Scheduled,5,Andrew Morris,702193,R,47.5,Longshot,Watch List,"Projected Lineup, Strong Barrel, Platoon Edge",60.2,12.5,27.1,81.9,80.0,37.8,No,No,5,Yes,Yes,RotoWire projected lineup; MLB probable pitchers,lineup projected / unconfirmed,H:2026/2025 P:2026,,,Direct BvP not yet weighted; 2026/2025 Statcast baseline active,7,6,24,1,"Last 7 games: 6/24, 1 HR","platoon edge; pitcher baseline 3.1% barrel, 4.0 HR allowed",neutral batted-ball profile; pitcher fly-ball pressure modest,15.35,47.46,90.32,102.5276,0.4819,0.2312,0.3537,75.6,57.87,38.91,33.1,22.0,0.1944,3.1,33.0,86.3,0.319,0.093,27.7,,,Target Field,
84,695336,Thomas Saggese,STL,LAD,2026-09-02T02:10:00Z,Scheduled,6,Eric Lauer,641778,L,47.4,Longshot,Watch List,"Projected Lineup, Platoon Edge",30.1,54.7,27.6,71.7,78.0,63.3,No,No,6,Yes,Yes,RotoWire projected lineup; MLB probable pitchers,lineup projected / unconfirmed,H:2026/2025 P:2026/2025,,,Direct BvP not yet weighted; 2026/2025 Statcast baseline active,7,6,12,1,Contact streak: 6/12 over last 7 games,"platoon edge; pitcher baseline 10.1% barrel, 21.3 HR allowed",neutral batted-ball profile; pitcher allows elevated contact,8.19,39.13,88.87,100.0019,0.3727,0.1439,0.2859,71.41,17.48,37.25,22.14,1.3,0.0854,10.06,37.35,89.13,0.4498,0.2028,36.9,,,UNIQLO Field at Dodger Stadium,
85,641487,J.P. Crawford,SEA,BOS,2026-09-01T22:45:00Z,Scheduled,8,Jedixson Paez,699151,R,47.3,Longshot,Watch List,"Projected Lineup, Pitcher Vulnerable, Platoon Edge",21.0,90.8,28.7,47.9,80.0,7.0,No,No,8,Yes,Yes,RotoWire projected lineup; MLB probable pitchers,lineup projected / unconfirmed,H:2026/2025 P:2026,,,Direct BvP not yet weighted; 2026/2025 Statcast baseline active,7,3,18,0,"Last 7 games: 3/18, 0 HR","platoon edge; pitcher baseline 23.1% barrel, 2.0 HR allowed",neutral batted-ball profile; pitcher allows elevated contact,5.74,35.26,87.62,98.2965,0.3643,0.1207,0.3224,71.28,19.02,34.93,20.93,10.6,0.1197,23.1,46.2,95.3,0.786,0.434,53.8,,,Fenway Park,
86,683734,Andrew Vaughn,MIL,CHC,2026-09-01T23:40:00Z,Scheduled,5,Matthew Boyd,571510,L,47.2,Longshot,Watch List,"Projected Lineup, Platoon Edge",34.2,46.2,29.8,81.9,78.0,37.3,No,No,5,Yes,Yes,RotoWire projected lineup; MLB probable pitchers,lineup projected / unconfirmed,H:2026/2025 P:2026/2025,,,Direct BvP not yet weighted; 2026/2025 Statcast baseline active,7,7,19,0,Contact streak: 7/19 over last 7 games,"platoon edge; pitcher baseline 9.8% barrel, 16.2 HR allowed",neutral batted-ball profile; pitcher fly-ball pressure modest,7.31,44.48,90.41,100.0791,0.4153,0.1437,0.3413,70.46,13.36,35.05,24.48,7.7,0.1437,9.77,38.14,88.22,0.4323,0.1741,26.41,,,Wrigley Field,
87,703607,Henry Bolte,ATH,TEX,2026-09-02T00:05:00Z,Scheduled,1,MacKenzie Gore,669022,L,47.0,Longshot,Watch List,"Projected Lineup, Premium Lineup Spot, Platoon Edge",33.9,46.4,27.6,88.7,78.0,22.0,No,No,1,Yes,Yes,RotoWire projected lineup; MLB probable pitchers,lineup projected / unconfirmed,H:2026 P:2026/2025,,,Direct BvP not yet weighted; 2026/2025 Statcast baseline active,7,8,30,0,"Last 7 games: 8/30, 0 HR","platoon edge; pitcher baseline 9.3% barrel, 18.6 HR allowed",neutral batted-ball profile; pitcher fly-ball pressure modest,6.6,48.0,90.9,104.4807,0.354,0.111,0.303,77.0,72.7,32.3,15.5,6.0,0.099,9.34,42.21,89.49,0.3884,0.1502,28.21,,,Globe Life Field,
88,682928,CJ Abrams,WSH,ATL,2026-09-01T22:45:00Z,Scheduled,1,AJ Smith-Shawver,700363,R,46.9,Longshot,Watch List,"Projected Lineup, Premium Lineup Spot, Platoon Edge",38.2,43.7,28.2,88.7,80.0,0.0,No,No,1,Yes,Yes,RotoWire projected lineup; MLB probable pitchers,lineup projected / unconfirmed,H:2026/2025 P:2026/2025,,,Direct BvP not yet weighted; 2026/2025 Statcast baseline active,7,2,28,0,"Last 7 games: 2/28, 0 HR","platoon edge; pitcher baseline 8.5% barrel, 1.9 HR allowed",neutral batted-ball profile; pitcher fly-ball pressure modest,9.14,40.32,89.19,99.7816,0.4199,0.1742,0.3237,72.82,27.68,43.59,28.94,26.0,0.2201,8.47,41.7,89.65,0.4365,0.1646,29.38,,,Nationals Park,
89,672386,Alejandro Kirk,TOR,CLE,2026-09-01T22:40:00Z,Scheduled,3,Gavin Williams,668909,R,46.8,Longshot,Watch List,"Projected Lineup, Premium Lineup Spot",29.5,57.4,27.6,92.1,50.0,34.9,No,No,3,Yes,Yes,RotoWire projected lineup; MLB probable pitchers,lineup projected / unconfirmed,H:2026/2025 P:2026/2025,,,Direct BvP not yet weighted; 2026/2025 Statcast baseline active,7,6,26,1,"Last 7 games: 6/26, 1 HR","same-side matchup; pitcher baseline 11.1% barrel, 25.8 HR allowed",neutral batted-ball profile; pitcher fly-ball pressure modest,5.69,43.24,89.21,100.3023,0.4072,0.1386,0.3247,71.94,20.0,25.44,21.97,10.1,0.1418,11.1,46.61,90.33,0.412,0.1831,25.86,,,Progressive Field,
90,521692,Salvador Perez,KC,MIA,2026-09-01T23:40:00Z,Scheduled,4,Tyler Phillips,663969,R,46.7,Longshot,Watch List,"Projected Lineup, Strong Barrel, Premium Lineup Spot",45.9,40.8,23.2,90.4,50.0,22.0,No,No,4,Yes,Yes,RotoWire projected lineup; MLB probable pitchers,lineup projected / unconfirmed,H:2026/2025 P:2026/2025,,,Direct BvP not yet weighted; 2026/2025 Statcast baseline active,7,8,30,0,"Last 7 games: 8/30, 0 HR","same-side matchup; pitcher baseline 7.3% barrel, 12.2 HR allowed",neutral batted-ball profile; pitcher fly-ball pressure modest,11.37,43.62,89.16,100.6533,0.4528,0.2051,0.3192,71.92,21.79,41.56,30.85,20.9,0.1673,7.27,43.54,89.76,0.405,0.1506,25.59,,,Kauffman Stadium,
91,691781,Brady House,WSH,ATL,2026-09-01T22:45:00Z,Scheduled,5,AJ Smith-Shawver,700363,R,46.5,Longshot,Watch List,Projected Lineup,41.1,43.7,28.2,81.9,50.0,46.0,No,No,5,Yes,Yes,RotoWire projected lineup; MLB probable pitchers,lineup projected / unconfirmed,H:2026/2025 P:2026/2025,,,Direct BvP not yet weighted; 2026/2025 Statcast baseline active,7,7,23,1,"Last 7 games: 7/23, 1 HR","same-side matchup; pitcher baseline 8.5% barrel, 1.9 HR allowed",neutral batted-ball profile; pitcher fly-ball pressure modest,8.92,47.35,89.94,101.7467,0.4267,0.1651,0.3211,73.31,30.95,32.54,26.21,8.2,0.1391,8.47,41.7,89.65,0.4365,0.1646,29.38,,,Nationals Park,
92,596142,Gary Sanchez,MIL,CHC,2026-09-01T23:40:00Z,Scheduled,6,Matthew Boyd,571510,L,46.5,Longshot,Watch List,"Projected Lineup, Platoon Edge",39.3,46.2,29.8,71.7,78.0,18.3,No,No,6,Yes,Yes,RotoWire projected lineup; MLB probable pitchers,lineup projected / unconfirmed,H:2026/2025 P:2026/2025,,,Direct BvP not yet weighted; 2026/2025 Statcast baseline active,7,1,18,1,"Last 7 games: 1/18, 1 HR","platoon edge; pitcher baseline 9.8% barrel, 16.2 HR allowed",neutral batted-ball profile; pitcher fly-ball pressure modest,9.36,42.26,89.52,100.861,0.4112,0.1852,0.3318,71.71,24.77,46.68,27.09,9.2,0.2108,9.77,38.14,88.22,0.4323,0.1741,26.41,,,Wrigley Field,
93,662139,Daulton Varsho,HOU,CWS,2026-09-02T00:10:00Z,Scheduled,5,Sean Burke,680732,R,46.5,Longshot,Watch List,"Projected Lineup, Platoon Edge",35.0,44.8,27.6,81.9,80.0,27.1,No,No,5,Yes,Yes,RotoWire projected lineup; MLB probable pitchers,lineup projected / unconfirmed,H:2026/2025 P:2026/2025,,,Direct BvP not yet weighted; 2026/2025 Statcast baseline active,7,5,28,1,"Last 7 games: 5/28, 1 HR","platoon edge; pitcher baseline 8.5% barrel, 19.5 HR allowed",neutral batted-ball profile; pitcher allows elevated contact,9.18,38.34,87.73,99.5229,0.3953,0.1648,0.299,73.64,35.97,41.01,30.78,13.0,0.1847,8.47,39.2,89.32,0.3968,0.1641,30.98,,,Daikin Park,
94,593428,Xander Bogaerts,SD,CIN,2026-09-01T22:40:00Z,Scheduled,5,Nick Lodolo,666157,L,46.4,Longshot,Watch List,"Projected Lineup, Platoon Edge",28.8,50.6,39.3,81.9,78.0,8.1,No,No,5,Yes,Yes,RotoWire projected lineup; MLB probable pitchers,lineup projected / unconfirmed,H:2026/2025 P:2026/2025,,,Direct BvP not yet weighted; 2026/2025 Statcast baseline active,7,4,23,0,"Last 7 games: 4/23, 0 HR","platoon edge; pitcher baseline 9.3% barrel, 17.1 HR allowed",neutral batted-ball profile; pitcher fly-ball pressure modest,6.34,40.6,89.14,100.0853,0.3857,0.1341,0.3228,72.38,27.94,43.31,23.55,11.0,0.1119,9.32,39.73,89.78,0.4639,0.1837,25.98,,,Great American Ball Park,
95,686611,Dylan Crews,WSH,ATL,2026-09-01T22:45:00Z,Scheduled,3,AJ Smith-Shawver,700363,R,46.4,Longshot,Watch List,"Projected Lineup, Premium Lineup Spot",39.6,43.7,28.2,92.1,50.0,24.9,No,No,3,Yes,Yes,RotoWire projected lineup; MLB probable pitchers,lineup projected / unconfirmed,H:2026/2025 P:2026/2025,,,Direct BvP not yet weighted; 2026/2025 Statcast baseline active,7,8,28,0,"Last 7 games: 8/28, 0 HR","same-side matchup; pitcher baseline 8.5% barrel, 1.9 HR allowed",neutral batted-ball profile; pitcher fly-ball pressure modest,9.52,41.29,89.98,100.9012,0.4042,0.1685,0.3098,73.9,38.28,34.22,27.63,10.0,0.1433,8.47,41.7,89.65,0.4365,0.1646,29.38,,,Nationals Park,
96,686469,Vinnie Pasquantino,KC,MIA,2026-09-01T23:40:00Z,Scheduled,5,Tyler Phillips,663969,R,46.4,Longshot,Watch List,"Projected Lineup, Platoon Edge",38.3,40.8,23.2,81.9,80.0,36.3,No,No,5,Yes,Yes,RotoWire projected lineup; MLB probable pitchers,lineup projected / unconfirmed,H:2026/2025 P:2026/2025,,,Direct BvP not yet weighted; 2026/2025 Statcast baseline active,7,6,25,1,"Last 7 games: 6/25, 1 HR","platoon edge; pitcher baseline 7.3% barrel, 12.2 HR allowed",neutral batted-ball profile; pitcher fly-ball pressure modest,8.56,42.53,89.99,100.1602,0.4273,0.1742,0.3298,70.96,14.75,44.4,28.51,15.9,0.1592,7.27,43.54,89.76,0.405,0.1506,25.59,,,Kauffman Stadium,
97,668930,Brice Turang,MIL,CHC,2026-09-01T23:40:00Z,Scheduled,2,Matthew Boyd,571510,L,46.4,Longshot,Watch List,"Projected Lineup, Premium Lineup Spot",36.0,46.2,29.8,95.5,50.0,21.0,No,No,2,Yes,Yes,RotoWire projected lineup; MLB probable pitchers,lineup projected / unconfirmed,H:2026/2025 P:2026/2025,,,Direct BvP not yet weighted; 2026/2025 Statcast baseline active,7,4,29,1,"Last 7 games: 4/29, 1 HR","same-side matchup; pitcher baseline 9.8% barrel, 16.2 HR allowed",neutral batted-ball profile; pitcher fly-ball pressure modest,7.65,42.99,90.47,100.3455,0.4234,0.1698,0.3357,70.18,13.27,27.79,23.99,17.3,0.1645,9.77,38.14,88.22,0.4323,0.1741,26.41,,,Wrigley Field,
98,668804,Bryan Reynolds,PIT,SF,2026-09-01T22:40:00Z,Scheduled,3,Logan Webb,657277,R,46.3,Longshot,Watch List,"Projected Lineup, Strong Barrel, Premium Lineup Spot, Platoon Edge",45.6,29.0,24.3,92.1,75.0,19.5,No,No,3,Yes,Yes,RotoWire projected lineup; MLB probable pitchers,lineup projected / unconfirmed,H:2026/2025 P:2026/2025,,,Direct BvP not yet weighted; 2026/2025 Statcast baseline active,7,7,28,0,"Last 7 games: 7/28, 0 HR","switch hitter; pitcher baseline 6.5% barrel, 11.9 HR allowed",neutral batted-ball profile; pitcher fly-ball pressure modest,10.59,46.84,90.85,101.8862,0.4365,0.1855,0.3457,72.62,28.16,39.31,25.25,15.3,0.1584,6.48,38.87,88.51,0.3812,0.1289,19.56,,,PNC Park,
99,608324,Alex Bregman,CHC,MIL,2026-09-01T23:40:00Z,Scheduled,3,Robert Gasser,688107,L,46.1,Longshot,Watch List,"Projected Lineup, Premium Lineup Spot, Platoon Edge, Hot Hitter/Streak",27.7,36.0,29.8,92.1,78.0,79.2,No,No,3,Yes,Yes,RotoWire projected lineup; MLB probable pitchers,lineup projected / unconfirmed,H:2026/2025 P:2026/2025,,,Direct BvP not yet weighted; 2026/2025 Statcast baseline active,7,9,32,4,Hot streak: 4 HR in last 7 games,"platoon edge; pitcher baseline 7.6% barrel, 9.4 HR allowed",neutral batted-ball profile; pitcher fly-ball pressure modest,5.9,39.64,88.7,98.3157,0.392,0.1446,0.323,70.16,4.94,46.93,27.44,21.5,0.1841,7.6,36.84,88.41,0.3953,0.1579,27.03,,,Wrigley Field,
100,665161,Jeremy Pena,HOU,CWS,2026-09-02T00:10:00Z,Scheduled,1,Sean Burke,680732,R,46.1,Longshot,Watch List,"Projected Lineup, Premium Lineup Spot, Hot Hitter/Streak",31.3,44.8,27.6,88.7,50.0,78.4,No,No,1,Yes,Yes,RotoWire projected lineup; MLB probable pitchers,lineup projected / unconfirmed,H:2026/2025 P:2026/2025,,,Direct BvP not yet weighted; 2026/2025 Statcast baseline active,7,8,29,3,Hot streak: 3 HR in last 7 games,"same-side matchup; pitcher baseline 8.5% barrel, 19.5 HR allowed",neutral batted-ball profile; pitcher allows elevated contact,6.94,40.38,88.48,99.8605,0.4264,0.1522,0.3319,72.23,14.55,45.85,24.15,17.0,0.1898,8.47,39.2,89.32,0.3968,0.1641,30.98,,,Daikin Park,
101,669221,Sean Murphy,ATL,WSH,2026-09-01T22:45:00Z,Scheduled,7,Jake Irvin,663623,R,46.0,Longshot,Watch List,"Projected Lineup, Hot Hitter/Streak",30.9,62.2,28.2,59.8,50.0,74.9,No,No,7,Yes,Yes,RotoWire projected lineup; MLB probable pitchers,lineup projected / unconfirmed,H:2026/2025 P:2026/2025,,,Direct BvP not yet weighted; 2026/2025 Statcast baseline active,7,9,24,2,Hot streak: 2 HR in last 7 games,"same-side matchup; pitcher baseline 11.4% barrel, 21.2 HR allowed",neutral batted-ball profile; pitcher fly-ball pressure modest,9.83,38.2,86.37,100.6281,0.3576,0.158,0.2706,72.18,26.09,47.65,26.56,6.2,0.1715,11.44,45.49,89.49,0.4679,0.2141,29.16,,,Nationals Park,
102,687952,Christian Encarnacion-Strand,BAL,COL,2026-09-02T00:40:00Z,Scheduled,6,Gabriel Hughes,687312,R,46.0,Longshot,Watch List,"Projected Lineup, Strong Barrel",56.0,17.7,38.7,71.7,50.0,58.0,No,No,6,Yes,Yes,RotoWire projected lineup; MLB probable pitchers,lineup projected / unconfirmed,H:2026/2025 P:2026,,,Direct BvP not yet weighted; 2026/2025 Statcast baseline active,7,10,26,1,Contact streak: 10/26 over last 7 games,"same-side matchup; pitcher baseline 4.6% barrel, 5.0 HR allowed",neutral batted-ball profile; pitcher fly-ball pressure modest,13.83,41.83,90.91,101.6637,0.4862,0.2479,0.3217,73.67,37.11,45.11,30.49,6.7,0.2117,4.6,28.9,87.5,0.355,0.121,27.6,,,Coors Field,
103,605141,Mookie Betts,LAD,STL,2026-09-02T02:10:00Z,Scheduled,3,Michael McGreevy,700241,R,45.9,Longshot,Watch List,"Projected Lineup, Premium Lineup Spot",30.8,54.5,27.6,92.1,50.0,23.4,No,No,3,Yes,Yes,RotoWire projected lineup; MLB probable pitchers,lineup projected / unconfirmed,H:2026/2025 P:2026/2025,,,Direct BvP not yet weighted; 2026/2025 Statcast baseline active,7,8,29,0,"Last 7 games: 8/29, 0 HR","same-side matchup; pitcher baseline 9.6% barrel, 17.6 HR allowed",neutral batted-ball profile; pitcher fly-ball pressure modest,6.55,36.64,89.66,98.3175,0.4206,0.1504,0.3265,69.53,8.67,39.4,34.22,17.2,0.1599,9.64,41.64,90.08,0.4759,0.1963,26.27,,,UNIQLO Field at Dodger Stadium,
104,683002,Gunnar Henderson,BAL,COL,2026-09-02T00:40:00Z,Scheduled,3,Gabriel Hughes,687312,R,45.7,Longshot,Watch List,"Projected Lineup, Premium Lineup Spot, Platoon Edge",37.8,17.7,38.7,92.1,80.0,62.4,No,No,3,Yes,Yes,RotoWire projected lineup; MLB probable pitchers,lineup projected / unconfirmed,H:2026/2025 P:2026,,,Direct BvP not yet weighted; 2026/2025 Statcast baseline active,7,7,24,2,Hot streak: 2 HR in last 7 games,"platoon edge; pitcher baseline 4.6% barrel, 5.0 HR allowed",neutral batted-ball profile; pitcher fly-ball pressure modest,7.62,45.7,90.42,101.3628,0.4068,0.1532,0.3256,74.67,47.1,40.94,23.31,20.5,0.178,4.6,28.9,87.5,0.355,0.121,27.6,,,Coors Field,
105,694212,Samuel Basallo,BAL,COL,2026-09-02T00:40:00Z,Scheduled,5,Gabriel Hughes,687312,R,45.6,Longshot,Watch List,"Projected Lineup, Strong Barrel, Platoon Edge",47.4,17.7,38.7,81.9,80.0,25.3,No,No,5,Yes,Yes,RotoWire projected lineup; MLB probable pitchers,lineup projected / unconfirmed,H:2026/2025 P:2026,,,Direct BvP not yet weighted; 2026/2025 Statcast baseline active,7,4,24,1,"Last 7 games: 4/24, 1 HR","platoon edge; pitcher baseline 4.6% barrel, 5.0 HR allowed",neutral batted-ball profile; pitcher fly-ball pressure modest,11.77,43.56,90.01,102.0894,0.4254,0.1973,0.3099,74.8,49.07,42.18,28.91,13.1,0.1888,4.6,28.9,87.5,0.355,0.121,27.6,,,Coors Field,
106,669224,Austin Wells,NYY,LAA,2026-09-02T01:38:00Z,Scheduled,8,Grayson Rodriguez,680570,R,45.6,Longshot,Watch List,"Projected Lineup, Platoon Edge",36.0,52.7,28.2,47.9,80.0,58.1,No,No,8,Yes,Yes,RotoWire projected lineup; MLB probable pitchers,lineup projected / unconfirmed,H:2026/2025 P:2026,,,Direct BvP not yet weighted; 2026/2025 Statcast baseline active,7,5,19,2,Hot streak: 2 HR in last 7 games,"platoon edge; pitcher baseline 9.1% barrel, 10.0 HR allowed",neutral batted-ball profile; pitcher fly-ball pressure modest,7.61,43.45,89.62,100.6746,0.3668,0.157,0.2909,72.98,27.81,45.82,33.35,13.3,0.1561,9.1,45.0,90.6,0.461,0.189,27.3,,,Angel Stadium,
107,621438,Tyrone Taylor,CHC,MIL,2026-09-01T23:40:00Z,Scheduled,4,Robert Gasser,688107,L,45.4,Longshot,Watch List,"Projected Lineup, Premium Lineup Spot, Platoon Edge",28.8,36.0,29.8,90.4,78.0,63.3,No,No,4,Yes,Yes,RotoWire projected lineup; MLB probable pitchers,lineup projected / unconfirmed,H:2026/2025 P:2026/2025,,,Direct BvP not yet weighted; 2026/2025 Statcast baseline active,7,14,24,1,Contact streak: 14/24 over last 7 games,"platoon edge; pitcher baseline 7.6% barrel, 9.4 HR allowed",neutral batted-ball profile; pitcher fly-ball pressure modest,7.86,34.61,86.57,98.2785,0.4137,0.1602,0.3141,71.21,13.05,50.47,30.56,8.3,0.1919,7.6,36.84,88.41,0.3953,0.1579,27.03,,,Wrigley Field,
108,605137,Josh Bell,MIN,DET,2026-09-01T23:40:00Z,Scheduled,5,Troy Melton,675512,R,45.3,Longshot,Watch List,"Projected Lineup, Strong Barrel, Platoon Edge",43.4,33.1,27.1,81.9,75.0,15.3,No,No,5,Yes,Yes,RotoWire projected lineup; MLB probable pitchers,lineup projected / unconfirmed,H:2026/2025 P:2026/2025,,,Direct BvP not yet weighted; 2026/2025 Statcast baseline active,7,6,27,0,"Last 7 games: 6/27, 0 HR","switch hitter; pitcher baseline 6.7% barrel, 9.1 HR allowed",neutral batted-ball profile; pitcher fly-ball pressure modest,10.21,42.8,89.84,100.7996,0.4472,0.1961,0.3359,72.33,28.85,41.36,26.99,18.5,0.1688,6.71,40.59,89.33,0.3689,0.1449,24.91,,,Target Field,
109,622761,Jorge Mateo,TB,NYM,2026-09-01T22:40:00Z,Scheduled,6,Sean Manaea,640455,L,45.0,Longshot,Watch List,"Projected Lineup, Platoon Edge",31.1,54.4,27.6,71.7,78.0,8.5,No,No,6,Yes,Yes,RotoWire projected lineup; MLB probable pitchers,lineup projected / unconfirmed,H:2026/2025 P:2026/2025,,,Direct BvP not yet weighted; 2026/2025 Statcast baseline active,7,3,17,0,"Last 7 games: 3/17, 0 HR","platoon edge; pitcher baseline 10.5% barrel, 17.9 HR allowed",neutral batted-ball profile; pitcher fly-ball pressure modest,7.67,40.55,87.82,99.7035,0.3754,0.1447,0.2844,73.3,31.39,37.39,28.46,3.8,0.1261,10.51,42.25,89.45,0.4381,0.189,28.89,,,Tropicana Field,
110,665953,Andres Chaparro,WSH,ATL,2026-09-01T22:45:00Z,Scheduled,7,AJ Smith-Shawver,700363,R,45.0,Longshot,Watch List,"Projected Lineup, Strong Barrel",46.7,43.7,28.2,59.8,50.0,39.5,No,No,7,Yes,Yes,RotoWire projected lineup; MLB probable pitchers,lineup projected / unconfirmed,H:2026/2025 P:2026/2025,,,Direct BvP not yet weighted; 2026/2025 Statcast baseline active,7,6,23,1,"Last 7 games: 6/23, 1 HR","same-side matchup; pitcher baseline 8.5% barrel, 1.9 HR allowed",neutral batted-ball profile; pitcher fly-ball pressure modest,13.06,43.75,88.52,101.1119,0.4223,0.1988,0.328,74.21,43.56,50.34,26.09,6.6,0.2048,8.47,41.7,89.65,0.4365,0.1646,29.38,,,Nationals Park,
111,680777,Ryan Jeffers,MIN,DET,2026-09-01T23:40:00Z,Scheduled,4,Troy Melton,675512,R,44.9,Longshot,Watch List,"Projected Lineup, Premium Lineup Spot",39.5,34.1,27.1,90.4,50.0,49.9,No,No,4,Yes,Yes,RotoWire projected lineup; MLB probable pitchers,lineup projected / unconfirmed,H:2026/2025 P:2026/2025,,,Direct BvP not yet weighted; 2026/2025 Statcast baseline active,7,5,24,2,Hot streak: 2 HR in last 7 games,"same-side matchup; pitcher baseline 6.7% barrel, 9.1 HR allowed",neutral batted-ball profile; pitcher fly-ball pressure modest,9.8,40.77,88.81,100.8665,0.4308,0.1815,0.3468,73.0,36.54,36.83,27.47,11.1,0.1898,6.71,40.59,89.33,0.3689,0.1449,24.91,,,Target Field,
112,650489,Willi Castro,COL,BAL,2026-09-02T00:40:00Z,Scheduled,2,Kyle Bradish,680694,R,44.9,Longshot,Watch List,"Projected Lineup, Premium Lineup Spot, Platoon Edge",30.0,35.5,38.7,95.5,75.0,12.0,No,No,2,Yes,Yes,RotoWire projected lineup; MLB probable pitchers,lineup projected / unconfirmed,H:2026/2025 P:2026/2025,,,Direct BvP not yet weighted; 2026/2025 Statcast baseline active,7,5,25,0,"Last 7 games: 5/25, 0 HR","switch hitter; pitcher baseline 8.3% barrel, 12.1 HR allowed",neutral batted-ball profile; pitcher fly-ball pressure modest,7.55,39.12,87.33,100.0636,0.3834,0.1477,0.3081,72.44,25.76,42.46,29.85,13.8,0.1519,8.31,38.27,88.75,0.3788,0.1443,23.36,,,Coors Field,
113,804668,Rafael Flores,PIT,SF,2026-09-01T22:40:00Z,Scheduled,8,Logan Webb,657277,R,44.8,Longshot,Watch List,"Projected Lineup, Strong Barrel",66.0,30.3,24.3,47.9,50.0,18.3,No,No,8,Yes,Yes,RotoWire projected lineup; MLB probable pitchers,lineup projected / unconfirmed,H:2026/2025 P:2026/2025,,,Direct BvP not yet weighted; 2026/2025 Statcast baseline active,7,3,25,1,"Last 7 games: 3/25, 1 HR","same-side matchup; pitcher baseline 6.5% barrel, 11.9 HR allowed",fly-ball profile; pitcher fly-ball pressure modest,15.86,49.69,91.65,102.0033,0.4902,0.2542,0.3456,73.82,39.25,38.44,40.86,4.9,0.2478,6.48,38.87,88.51,0.3812,0.1289,19.56,,,PNC Park,
114,624641,Edmundo Sosa,PHI,AZ,2026-09-02T01:40:00Z,Scheduled,6,Eduardo Rodriguez,593958,L,44.8,Longshot,Watch List,"Projected Lineup, Platoon Edge, Hot Hitter/Streak",31.3,38.6,28.2,71.7,78.0,78.7,No,No,6,Yes,Yes,RotoWire projected lineup; MLB probable pitchers,lineup projected / unconfirmed,H:2026/2025 P:2026/2025,,,Direct BvP not yet weighted; 2026/2025 Statcast baseline active,7,8,20,2,Hot streak: 2 HR in last 7 games,"platoon edge; pitcher baseline 7.9% barrel, 17.3 HR allowed",neutral batted-ball profile; pitcher fly-ball pressure modest,7.21,39.75,87.77,100.0171,0.44,0.1656,0.325,72.3,25.82,40.68,20.8,8.2,0.1741,7.92,34.29,87.64,0.4265,0.1678,27.19,,,Chase Field,
115,694208,Moises Ballesteros,LAA,NYY,2026-09-02T01:38:00Z,Scheduled,4,Gerrit Cole,543037,R,44.7,Longshot,Watch List,"Projected Lineup, Premium Lineup Spot, Platoon Edge",32.1,39.8,28.2,90.4,80.0,8.8,No,No,4,Yes,Yes,RotoWire projected lineup; MLB probable pitchers,lineup projected / unconfirmed,H:2026/2025 P:2026,,,Direct BvP not yet weighted; 2026/2025 Statcast baseline active,7,5,28,0,"Last 7 games: 5/28, 0 HR","platoon edge; pitcher baseline 7.9% barrel, 13.0 HR allowed",neutral batted-ball profile; pitcher fly-ball pressure modest,8.03,41.84,89.94,100.7077,0.3734,0.1366,0.3025,72.5,31.47,34.15,20.09,4.8,0.1291,7.9,42.3,90.2,0.362,0.128,28.7,,,Angel Stadium,
116,602104,Ramon Urias,STL,LAD,2026-09-02T02:10:00Z,Scheduled,8,Eric Lauer,641778,L,44.6,Longshot,Watch List,"Projected Lineup, Platoon Edge",38.2,54.7,27.6,47.9,78.0,19.1,No,No,8,Yes,Yes,RotoWire projected lineup; MLB probable pitchers,lineup projected / unconfirmed,H:2026/2025 P:2026/2025,,,Direct BvP not yet weighted; 2026/2025 Statcast baseline active,7,2,16,1,"Last 7 games: 2/16, 1 HR","platoon edge; pitcher baseline 10.1% barrel, 21.3 HR allowed",neutral batted-ball profile; pitcher allows elevated contact,9.57,39.84,89.41,99.3505,0.3847,0.1847,0.3026,70.31,6.31,34.82,33.76,5.4,0.1577,10.06,37.35,89.13,0.4498,0.2028,36.9,,,UNIQLO Field at Dodger Stadium,
117,607043,Brandon Nimmo,TEX,ATH,2026-09-02T00:05:00Z,Scheduled,4,Brady Basso,669620,L,44.5,Longshot,Watch List,"Projected Lineup, Premium Lineup Spot",48.6,20.5,27.6,90.4,50.0,44.8,No,No,4,Yes,Yes,RotoWire projected lineup; MLB probable pitchers,lineup projected / unconfirmed,H:2026/2025 P:2026/2025,,,Direct BvP not yet weighted; 2026/2025 Statcast baseline active,7,8,27,1,"Last 7 games: 8/27, 1 HR","same-side matchup; pitcher baseline 4.4% barrel, 2.1 HR allowed",EV profile; pitcher fly-ball pressure modest,9.85,50.62,92.18,102.1397,0.4575,0.1866,0.3455,72.34,27.53,32.75,26.4,17.3,0.1635,4.42,37.52,89.1,0.3585,0.0902,24.85,,,Globe Life Field,
118,666160,Mickey Moniak,COL,BAL,2026-09-02T00:40:00Z,Scheduled,8,Kyle Bradish,680694,R,44.5,Longshot,Watch List,"Projected Lineup, Strong Barrel, Platoon Edge",47.0,36.8,38.7,47.9,80.0,7.9,No,No,8,Yes,Yes,RotoWire projected lineup; MLB probable pitchers,lineup projected / unconfirmed,H:2026/2025 P:2026/2025,,,Direct BvP not yet weighted; 2026/2025 Statcast baseline active,7,5,29,0,"Last 7 games: 5/29, 0 HR","platoon edge; pitcher baseline 8.3% barrel, 12.1 HR allowed",fly-ball profile; pitcher fly-ball pressure modest,11.07,42.64,89.63,100.2733,0.4277,0.1972,0.3006,74.19,43.18,45.82,37.54,21.9,0.2515,8.31,38.27,88.75,0.3788,0.1443,23.36,,,Coors Field,
119,,Lazaro Montes,SEA,BOS,2026-09-01T22:45:00Z,Scheduled,7,Jedixson Paez,699151,R,44.4,Longshot,Watch List,"Projected Lineup, Pitcher Vulnerable",6.4,90.5,28.7,59.8,60.0,50.0,No,No,7,Yes,Yes,RotoWire projected lineup; MLB probable pitchers,lineup projected / unconfirmed,H: P:2026,,,Direct BvP not yet weighted; 2026/2025 Statcast baseline active,,,,,Recent form unavailable,"handedness incomplete; pitcher baseline 23.1% barrel, 2.0 HR allowed",neutral batted-ball profile; pitcher allows elevated contact,,,,,,,,,,,,,,23.1,46.2,95.3,0.786,0.434,53.8,,,Fenway Park,
120,680776,Jarren Duran,BOS,SEA,2026-09-01T22:45:00Z,Scheduled,8,Bryan Woo,693433,R,44.4,Longshot,Watch List,"Projected Lineup, Platoon Edge",39.6,44.4,28.7,47.9,80.0,49.9,No,No,8,Yes,Yes,RotoWire projected lineup; MLB probable pitchers,lineup projected / unconfirmed,H:2026/2025 P:2026/2025,,,Direct BvP not yet weighted; 2026/2025 Statcast baseline active,7,5,24,2,Hot streak: 2 HR in last 7 games,"platoon edge; pitcher baseline 8.0% barrel, 19.7 HR allowed",neutral batted-ball profile; pitcher fly-ball pressure modest,9.77,42.32,90.4,102.0865,0.3974,0.1564,0.3085,74.98,50.17,38.69,23.14,18.1,0.1692,7.98,43.34,89.66,0.387,0.1548,28.62,,,Fenway Park,
121,671732,Lawrence Butler,ATH,TEX,2026-09-02T00:05:00Z,Scheduled,6,MacKenzie Gore,669022,L,44.4,Longshot,Watch List,Projected Lineup,35.3,46.4,27.6,71.7,50.0,59.0,No,No,6,Yes,Yes,RotoWire projected lineup; MLB probable pitchers,lineup projected / unconfirmed,H:2026/2025 P:2026/2025,,,Direct BvP not yet weighted; 2026/2025 Statcast baseline active,7,9,23,1,Contact streak: 9/23 over last 7 games,"same-side matchup; pitcher baseline 9.3% barrel, 18.6 HR allowed",neutral batted-ball profile; pitcher fly-ball pressure modest,8.01,45.31,89.73,101.8063,0.3835,0.1465,0.3148,73.63,37.88,34.68,21.93,14.7,0.1504,9.34,42.21,89.49,0.3884,0.1502,28.21,,,Globe Life Field,
122,691777,Max Muncy,ATH,TEX,2026-09-02T00:05:00Z,Scheduled,7,MacKenzie Gore,669022,L,44.4,Longshot,Watch List,"Projected Lineup, Strong Barrel, Platoon Edge",35.7,46.4,27.6,59.8,78.0,39.5,No,No,7,Yes,Yes,RotoWire projected lineup; MLB probable pitchers,lineup projected / unconfirmed,H:2026/2025 P:2026/2025,,,Direct BvP not yet weighted; 2026/2025 Statcast baseline active,7,6,23,1,"Last 7 games: 6/23, 1 HR","platoon edge; pitcher baseline 9.3% barrel, 18.6 HR allowed",neutral batted-ball profile; pitcher fly-ball pressure modest,10.94,39.82,88.85,100.9081,0.3572,0.1465,0.2803,73.8,43.09,41.77,22.93,7.6,0.158,9.34,42.21,89.49,0.3884,0.1502,28.21,,,Globe Life Field,
123,606192,Teoscar Hernandez,LAD,STL,2026-09-02T02:10:00Z,Scheduled,8,Michael McGreevy,700241,R,44.4,Longshot,Watch List,Projected Lineup,42.2,54.5,27.6,47.9,50.0,40.7,No,No,8,Yes,Yes,RotoWire projected lineup; MLB probable pitchers,lineup projected / unconfirmed,H:2026/2025 P:2026/2025,,,Direct BvP not yet weighted; 2026/2025 Statcast baseline active,7,7,26,1,"Last 7 games: 7/26, 1 HR","same-side matchup; pitcher baseline 9.6% barrel, 17.6 HR allowed",neutral batted-ball profile; pitcher fly-ball pressure modest,9.96,44.14,89.78,101.0769,0.4245,0.1794,0.3177,72.48,24.99,34.57,29.59,15.9,0.1643,9.64,41.64,90.08,0.4759,0.1963,26.27,,,UNIQLO Field at Dodger Stadium,
124,801126,Brock Rodden,SEA,BOS,2026-09-01T22:45:00Z,Scheduled,9,Jedixson Paez,699151,R,44.3,Longshot,Watch List,"Projected Lineup, Pitcher Vulnerable, Platoon Edge",17.7,90.5,28.7,40.2,75.0,0.0,No,No,9,Yes,Yes,RotoWire projected lineup; MLB probable pitchers,lineup projected / unconfirmed,H:2026 P:2026,,,Direct BvP not yet weighted; 2026/2025 Statcast baseline active,7,0,16,0,"Last 7 games: 0/16, 0 HR","switch hitter; pitcher baseline 23.1% barrel, 2.0 HR allowed",fly-ball profile; pitcher allows elevated contact,3.7,37.0,87.2,97.1581,0.188,0.073,0.197,69.4,2.9,55.6,48.1,0.0,0.1,23.1,46.2,95.3,0.786,0.434,53.8,,,Fenway Park,
125,572233,Christian Walker,HOU,CWS,2026-09-02T00:10:00Z,Scheduled,6,Sean Burke,680732,R,44.2,Longshot,Watch List,"Projected Lineup, Strong Barrel",41.3,44.8,27.6,71.7,50.0,22.6,No,No,6,Yes,Yes,RotoWire projected lineup; MLB probable pitchers,lineup projected / unconfirmed,H:2026/2025 P:2026/2025,,,Direct BvP not yet weighted; 2026/2025 Statcast baseline active,7,4,27,1,"Last 7 games: 4/27, 1 HR","same-side matchup; pitcher baseline 8.5% barrel, 19.5 HR allowed",neutral batted-ball profile; pitcher allows elevated contact,10.17,42.81,89.71,101.5673,0.4014,0.1729,0.3063,74.31,43.55,42.2,27.44,24.9,0.1963,8.47,39.2,89.32,0.3968,0.1641,30.98,,,Daikin Park,
126,641680,Jonah Heim,ATH,TEX,2026-09-02T00:05:00Z,Scheduled,4,MacKenzie Gore,669022,L,44.1,Longshot,Watch List,"Projected Lineup, Premium Lineup Spot, Platoon Edge",24.1,44.4,27.6,90.4,75.0,39.5,No,No,4,Yes,Yes,RotoWire projected lineup; MLB probable pitchers,lineup projected / unconfirmed,H:2026/2025 P:2026/2025,,,Direct BvP not yet weighted; 2026/2025 Statcast baseline active,7,6,23,1,"Last 7 games: 6/23, 1 HR","switch hitter; pitcher baseline 9.3% barrel, 18.6 HR allowed",neutral batted-ball profile; pitcher fly-ball pressure modest,6.59,33.8,87.96,97.9763,0.3677,0.1396,0.29,69.84,9.52,40.28,27.97,11.7,0.1596,9.34,42.21,89.49,0.3884,0.1502,28.21,,,Globe Life Field,
127,680574,Matt McLain,CIN,SD,2026-09-01T22:40:00Z,Scheduled,7,Randy Vásquez,681190,R,44.0,Longshot,Watch List,Projected Lineup,33.3,59.4,39.3,59.8,50.0,0.0,No,No,7,Yes,Yes,RotoWire projected lineup; MLB probable pitchers,lineup projected / unconfirmed,H:2026/2025 P:2026/2025,,,Direct BvP not yet weighted; 2026/2025 Statcast baseline active,7,3,26,0,"Last 7 games: 3/26, 0 HR","same-side matchup; pitcher baseline 10.4% barrel, 15.3 HR allowed",neutral batted-ball profile; pitcher fly-ball pressure modest,9.13,38.04,88.45,99.0735,0.3753,0.1553,0.3043,71.0,10.03,35.99,32.66,13.6,0.1419,10.41,42.52,90.64,0.4929,0.2112,27.9,,,Great American Ball Park,
128,663656,Kyle Tucker,LAD,STL,2026-09-02T02:10:00Z,Scheduled,7,Michael McGreevy,700241,R,43.8,Longshot,Watch List,"Projected Lineup, Platoon Edge",31.9,54.5,27.6,59.8,80.0,10.6,No,No,7,Yes,Yes,RotoWire projected lineup; MLB probable pitchers,lineup projected / unconfirmed,H:2026/2025 P:2026/2025,,,Direct BvP not yet weighted; 2026/2025 Statcast baseline active,7,4,21,0,"Last 7 games: 4/21, 0 HR","platoon edge; pitcher baseline 9.6% barrel, 17.6 HR allowed",neutral batted-ball profile; pitcher fly-ball pressure modest,7.09,38.02,89.12,98.7946,0.4081,0.1493,0.3391,71.51,20.59,43.1,32.63,14.3,0.1497,9.64,41.64,90.08,0.4759,0.1963,26.27,,,UNIQLO Field at Dodger Stadium,
129,573262,Mike Yastrzemski,ATL,WSH,2026-09-01T22:45:00Z,Scheduled,9,Jake Irvin,663623,R,43.6,Longshot,Watch List,"Projected Lineup, Platoon Edge",35.1,62.2,28.2,40.2,80.0,0.0,No,No,9,Yes,Yes,RotoWire projected lineup; MLB probable pitchers,lineup projected / unconfirmed,H:2026/2025 P:2026/2025,,,Direct BvP not yet weighted; 2026/2025 Statcast baseline active,7,2,18,0,"Last 7 games: 2/18, 0 HR","platoon edge; pitcher baseline 11.4% barrel, 21.2 HR allowed",neutral batted-ball profile; pitcher fly-ball pressure modest,7.24,43.51,90.73,99.8692,0.3819,0.1463,0.3143,71.31,8.09,45.13,31.05,11.4,0.1539,11.44,45.49,89.49,0.4679,0.2141,29.16,,,Nationals Park,
130,694671,Wyatt Langford,TEX,ATH,2026-09-02T00:05:00Z,Scheduled,3,Brady Basso,669620,L,43.6,Longshot,Watch List,"Projected Lineup, Premium Lineup Spot, Platoon Edge",38.5,20.5,27.6,92.1,78.0,39.5,No,No,3,Yes,Yes,RotoWire projected lineup; MLB probable pitchers,lineup projected / unconfirmed,H:2026/2025 P:2026/2025,,,Direct BvP not yet weighted; 2026/2025 Statcast baseline active,7,6,23,1,"Last 7 games: 6/23, 1 HR","platoon edge; pitcher baseline 4.4% barrel, 2.1 HR allowed",neutral batted-ball profile; pitcher fly-ball pressure modest,8.89,41.47,89.79,100.7138,0.4095,0.1701,0.3257,72.75,26.1,42.96,29.2,17.1,0.1942,4.42,37.52,89.1,0.3585,0.0902,24.85,,,Globe Life Field,
131,683146,Brett Baty,NYM,TB,2026-09-01T22:40:00Z,Scheduled,7,Freddy Peralta,642547,R,43.5,Longshot,Watch List,"Projected Lineup, Strong Barrel, Platoon Edge",41.9,34.9,27.6,59.8,80.0,32.0,No,No,7,Yes,Yes,RotoWire projected lineup; MLB probable pitchers,lineup projected / unconfirmed,H:2026/2025 P:2026/2025,,,Direct BvP not yet weighted; 2026/2025 Statcast baseline active,7,5,15,0,Contact streak: 5/15 over last 7 games,"platoon edge; pitcher baseline 7.1% barrel, 21.7 HR allowed",neutral batted-ball profile; pitcher fly-ball pressure modest,10.38,43.12,90.14,101.6542,0.4038,0.1658,0.3137,75.08,53.65,36.38,25.33,11.0,0.1362,7.06,37.09,87.65,0.3757,0.1466,28.34,,,Tropicana Field,
132,668939,Adley Rutschman,BOS,SEA,2026-09-01T22:45:00Z,Scheduled,5,Bryan Woo,693433,R,43.5,Longshot,Watch List,"Projected Lineup, Platoon Edge",32.0,42.3,28.7,81.9,75.0,5.1,No,No,5,Yes,Yes,RotoWire projected lineup; MLB probable pitchers,lineup projected / unconfirmed,H:2026/2025 P:2026/2025,,,Direct BvP not yet weighted; 2026/2025 Statcast baseline active,7,4,26,0,"Last 7 games: 4/26, 0 HR","switch hitter; pitcher baseline 8.0% barrel, 19.7 HR allowed",neutral batted-ball profile; pitcher fly-ball pressure modest,7.01,40.14,88.91,99.3512,0.4163,0.1599,0.3341,70.35,11.86,38.33,28.87,9.0,0.1579,7.98,43.34,89.66,0.387,0.1548,28.62,,,Fenway Park,
133,683737,Michael Busch,CHC,MIL,2026-09-01T23:40:00Z,Scheduled,6,Robert Gasser,688107,L,43.5,Longshot,Watch List,"Projected Lineup, Strong Barrel",44.9,36.0,29.8,71.7,50.0,21.8,No,No,6,Yes,Yes,RotoWire projected lineup; MLB probable pitchers,lineup projected / unconfirmed,H:2026/2025 P:2026/2025,,,Direct BvP not yet weighted; 2026/2025 Statcast baseline active,7,4,28,1,"Last 7 games: 4/28, 1 HR","same-side matchup; pitcher baseline 7.6% barrel, 9.4 HR allowed",fly-ball profile; pitcher fly-ball pressure modest,11.57,42.05,89.54,99.7096,0.4437,0.2041,0.3444,68.97,5.78,39.65,35.11,22.1,0.185,7.6,36.84,88.41,0.3953,0.1579,27.03,,,Wrigley Field,
134,676724,Jared Young,NYM,TB,2026-09-01T22:40:00Z,Scheduled,6,Freddy Peralta,642547,R,43.4,Longshot,Watch List,"Projected Lineup, Platoon Edge",38.8,34.9,27.6,71.7,80.0,16.6,No,No,6,Yes,Yes,RotoWire projected lineup; MLB probable pitchers,lineup projected / unconfirmed,H:2026/2025 P:2026/2025,,,Direct BvP not yet weighted; 2026/2025 Statcast baseline active,7,6,26,0,"Last 7 games: 6/26, 0 HR","platoon edge; pitcher baseline 7.1% barrel, 21.7 HR allowed",neutral batted-ball profile; pitcher fly-ball pressure modest,9.26,43.29,88.24,100.7395,0.4119,0.1822,0.3058,73.37,32.97,40.63,27.3,6.8,0.2124,7.06,37.09,87.65,0.3757,0.1466,28.34,,,Tropicana Field,
135,701807,Carson Benge,NYM,TB,2026-09-01T22:40:00Z,Scheduled,5,Freddy Peralta,642547,R,43.1,Longshot,Watch List,"Projected Lineup, Platoon Edge",32.9,34.9,27.6,81.9,80.0,20.9,No,No,5,Yes,Yes,RotoWire projected lineup; MLB probable pitchers,lineup projected / unconfirmed,H:2026 P:2026/2025,,,Direct BvP not yet weighted; 2026/2025 Statcast baseline active,7,7,27,0,"Last 7 games: 7/27, 0 HR","platoon edge; pitcher baseline 7.1% barrel, 21.7 HR allowed",neutral batted-ball profile; pitcher fly-ball pressure modest,7.4,39.9,88.9,99.7818,0.436,0.157,0.338,71.0,17.4,33.1,27.3,16.0,0.144,7.06,37.09,87.65,0.3757,0.1466,28.34,,,Tropicana Field,
136,666176,Jo Adell,CLE,TOR,2026-09-01T22:40:00Z,Scheduled,4,Spencer Miles,693686,R,43.1,Longshot,Watch List,"Projected Lineup, Strong Barrel, Premium Lineup Spot",54.0,12.7,27.6,90.4,50.0,19.5,No,No,4,Yes,Yes,RotoWire projected lineup; MLB probable pitchers,lineup projected / unconfirmed,H:2026/2025 P:2026,,,Direct BvP not yet weighted; 2026/2025 Statcast baseline active,7,7,28,0,"Last 7 games: 7/28, 0 HR","same-side matchup; pitcher baseline 3.8% barrel, 5.0 HR allowed",neutral batted-ball profile; pitcher fly-ball pressure modest,11.91,46.22,90.65,102.9867,0.479,0.2197,0.3405,77.32,71.55,38.84,27.63,25.1,0.1909,3.8,35.0,86.8,0.324,0.094,20.3,,,Progressive Field,
137,679822,Justin Foscue,TEX,ATH,2026-09-02T00:05:00Z,Scheduled,6,Brady Basso,669620,L,43.0,Longshot,Watch List,"Projected Lineup, Platoon Edge",42.2,20.5,27.6,71.7,78.0,59.6,No,No,6,Yes,Yes,RotoWire projected lineup; MLB probable pitchers,lineup projected / unconfirmed,H:2026/2025 P:2026/2025,,,Direct BvP not yet weighted; 2026/2025 Statcast baseline active,7,6,22,2,Hot streak: 2 HR in last 7 games,"platoon edge; pitcher baseline 4.4% barrel, 2.1 HR allowed",fly-ball profile; pitcher fly-ball pressure modest,7.98,48.64,90.41,99.56,0.3986,0.1817,0.2883,71.1,10.29,47.9,37.26,7.0,0.1964,4.42,37.52,89.1,0.3585,0.0902,24.85,,,Globe Life Field,
138,803011,Sam Antonacci,CWS,HOU,2026-09-02T00:10:00Z,Scheduled,1,Ronel Blanco,669854,R,43.0,Longshot,Watch List,"Projected Lineup, Premium Lineup Spot, Platoon Edge",18.2,50.2,27.6,88.7,80.0,24.0,No,No,1,Yes,Yes,RotoWire projected lineup; MLB probable pitchers,lineup projected / unconfirmed,H:2026 P:2026/2025,,,Direct BvP not yet weighted; 2026/2025 Statcast baseline active,7,7,25,0,"Last 7 games: 7/25, 0 HR","platoon edge; pitcher baseline 10.8% barrel, 7.0 HR allowed",neutral batted-ball profile; pitcher allows elevated contact,5.2,32.3,87.2,97.4753,0.389,0.117,0.341,69.9,8.1,32.8,21.7,8.0,0.124,10.78,34.91,88.14,0.4345,0.2026,38.47,,,Daikin Park,
139,607208,Trea Turner,PHI,AZ,2026-09-02T01:40:00Z,Scheduled,2,Eduardo Rodriguez,593958,L,43.0,Longshot,Watch List,"Projected Lineup, Premium Lineup Spot, Platoon Edge",26.4,38.6,28.2,95.5,78.0,7.9,No,No,2,Yes,Yes,RotoWire projected lineup; MLB probable pitchers,lineup projected / unconfirmed,H:2026/2025 P:2026/2025,,,Direct BvP not yet weighted; 2026/2025 Statcast baseline active,7,5,29,0,"Last 7 games: 5/29, 0 HR","platoon edge; pitcher baseline 7.9% barrel, 17.3 HR allowed",neutral batted-ball profile; pitcher fly-ball pressure modest,6.08,39.86,88.53,99.2336,0.3771,0.1267,0.3007,71.45,18.86,35.1,25.34,16.4,0.1418,7.92,34.29,87.64,0.4265,0.1678,27.19,,,Chase Field,
140,694249,Cole Carrigg,COL,BAL,2026-09-02T00:40:00Z,Scheduled,3,Kyle Bradish,680694,R,42.9,Longshot,Watch List,"Projected Lineup, Premium Lineup Spot, Platoon Edge",23.4,35.5,38.7,92.1,75.0,23.4,No,No,3,Yes,Yes,RotoWire projected lineup; MLB probable pitchers,lineup projected / unconfirmed,H:2026 P:2026/2025,,,Direct BvP not yet weighted; 2026/2025 Statcast baseline active,7,4,26,1,"Last 7 games: 4/26, 1 HR","switch hitter; pitcher baseline 8.3% barrel, 12.1 HR allowed",neutral batted-ball profile; pitcher fly-ball pressure modest,5.0,34.4,87.3,98.4622,0.386,0.133,0.32,73.5,36.6,47.2,28.3,6.0,0.178,8.31,38.27,88.75,0.3788,0.1443,23.36,,,Coors Field,
141,676356,Jonny DeLuca,TB,NYM,2026-09-01T22:40:00Z,Scheduled,4,Sean Manaea,640455,L,42.6,Longshot,Watch List,"Projected Lineup, Premium Lineup Spot, Platoon Edge",11.3,54.4,27.6,90.4,78.0,39.2,No,No,4,Yes,Yes,RotoWire projected lineup; MLB probable pitchers,lineup projected / unconfirmed,H:2026/2025 P:2026/2025,,,Direct BvP not yet weighted; 2026/2025 Statcast baseline active,7,7,27,1,"Last 7 games: 7/27, 1 HR","platoon edge; pitcher baseline 10.5% barrel, 17.9 HR allowed",neutral batted-ball profile; pitcher fly-ball pressure modest,3.21,30.33,85.74,97.4878,0.3367,0.0949,0.2677,72.82,29.01,46.16,22.34,6.3,0.1538,10.51,42.25,89.45,0.4381,0.189,28.89,,,Tropicana Field,
142,664761,Alec Bohm,PHI,AZ,2026-09-02T01:40:00Z,Scheduled,5,Eduardo Rodriguez,593958,L,42.6,Longshot,Watch List,"Projected Lineup, Platoon Edge",31.2,38.6,28.2,81.9,78.0,7.0,No,No,5,Yes,Yes,RotoWire projected lineup; MLB probable pitchers,lineup projected / unconfirmed,H:2026/2025 P:2026/2025,,,Direct BvP not yet weighted; 2026/2025 Statcast baseline active,7,4,24,0,"Last 7 games: 4/24, 0 HR","platoon edge; pitcher baseline 7.9% barrel, 17.3 HR allowed",neutral batted-ball profile; pitcher fly-ball pressure modest,5.71,43.53,90.52,100.2565,0.4053,0.1425,0.3205,71.21,14.49,28.77,22.65,13.1,0.1311,7.92,34.29,87.64,0.4265,0.1678,27.19,,,Chase Field,
143,805999,A.J. Ewing,NYM,TB,2026-09-01T22:40:00Z,Scheduled,1,Freddy Peralta,642547,R,42.5,Longshot,Watch List,"Projected Lineup, Premium Lineup Spot, Platoon Edge",29.9,34.9,27.6,88.7,80.0,9.8,No,No,1,Yes,Yes,RotoWire projected lineup; MLB probable pitchers,lineup projected / unconfirmed,H:2026 P:2026/2025,,,Direct BvP not yet weighted; 2026/2025 Statcast baseline active,7,5,27,0,"Last 7 games: 5/27, 0 HR","platoon edge; pitcher baseline 7.1% barrel, 21.7 HR allowed",neutral batted-ball profile; pitcher fly-ball pressure modest,7.0,41.6,89.2,100.0742,0.39,0.138,0.315,70.4,12.3,30.7,24.9,7.0,0.113,7.06,37.09,87.65,0.3757,0.1466,28.34,,,Tropicana Field,
144,669242,Tommy Edman,LAD,STL,2026-09-02T02:10:00Z,Scheduled,6,Michael McGreevy,700241,R,42.4,Longshot,Watch List,"Projected Lineup, Platoon Edge",22.3,52.6,27.6,71.7,75.0,29.2,No,No,6,Yes,Yes,RotoWire projected lineup; MLB probable pitchers,lineup projected / unconfirmed,H:2026/2025 P:2026/2025,,,Direct BvP not yet weighted; 2026/2025 Statcast baseline active,7,5,26,1,"Last 7 games: 5/26, 1 HR","switch hitter; pitcher baseline 9.6% barrel, 17.6 HR allowed",neutral batted-ball profile; pitcher fly-ball pressure modest,5.34,36.33,88.02,99.1845,0.3767,0.1167,0.3161,70.52,12.46,42.46,27.27,7.4,0.143,9.64,41.64,90.08,0.4759,0.1963,26.27,,,UNIQLO Field at Dodger Stadium,
145,666139,Josh Lowe,LAA,NYY,2026-09-02T01:38:00Z,Scheduled,6,Gerrit Cole,543037,R,42.3,Longshot,Watch List,"Projected Lineup, Platoon Edge",30.8,39.8,28.2,71.7,80.0,23.7,No,No,6,Yes,Yes,RotoWire projected lineup; MLB probable pitchers,lineup projected / unconfirmed,H:2026/2025 P:2026,,,Direct BvP not yet weighted; 2026/2025 Statcast baseline active,7,5,18,0,"Last 7 games: 5/18, 0 HR","platoon edge; pitcher baseline 7.9% barrel, 13.0 HR allowed",neutral batted-ball profile; pitcher fly-ball pressure modest,7.09,37.36,88.53,99.1762,0.3742,0.1513,0.2903,73.38,34.82,36.83,30.8,10.3,0.1425,7.9,42.3,90.2,0.362,0.128,28.7,,,Angel Stadium,
146,673357,Luis Robert,BAL,COL,2026-09-02T00:40:00Z,Scheduled,4,Gabriel Hughes,687312,R,42.2,Longshot,Watch List,"Projected Lineup, Premium Lineup Spot",40.3,17.7,38.7,90.4,50.0,34.4,No,No,4,Yes,Yes,RotoWire projected lineup; MLB probable pitchers,lineup projected / unconfirmed,H:2026/2025 P:2026,,,Direct BvP not yet weighted; 2026/2025 Statcast baseline active,7,5,22,1,"Last 7 games: 5/22, 1 HR","same-side matchup; pitcher baseline 4.6% barrel, 5.0 HR allowed",neutral batted-ball profile; pitcher fly-ball pressure modest,9.04,40.55,89.47,101.7524,0.4155,0.1758,0.3189,76.65,67.83,44.83,27.31,11.2,0.1655,4.6,28.9,87.5,0.355,0.121,27.6,,,Coors Field,
147,645277,Ozzie Albies,ATL,WSH,2026-09-01T22:45:00Z,Scheduled,6,Jake Irvin,663623,R,42.0,Longshot,Watch List,"Projected Lineup, Platoon Edge",16.2,60.3,28.2,71.7,75.0,24.0,No,No,6,Yes,Yes,RotoWire projected lineup; MLB probable pitchers,lineup projected / unconfirmed,H:2026/2025 P:2026/2025,,,Direct BvP not yet weighted; 2026/2025 Statcast baseline active,7,7,25,0,"Last 7 games: 7/25, 0 HR","switch hitter; pitcher baseline 11.4% barrel, 21.2 HR allowed",neutral batted-ball profile; pitcher fly-ball pressure modest,4.27,28.53,87.08,96.6474,0.3593,0.124,0.2899,68.86,5.74,46.42,32.04,18.8,0.1481,11.44,45.49,89.49,0.4679,0.2141,29.16,,,Nationals Park,
148,695731,Braden Montgomery,CWS,HOU,2026-09-02T00:10:00Z,Scheduled,5,Ronel Blanco,669854,R,42.0,Longshot,Watch List,"Projected Lineup, Platoon Edge",22.5,49.5,27.6,81.9,75.0,7.0,No,No,5,Yes,Yes,RotoWire projected lineup; MLB probable pitchers,lineup projected / unconfirmed,H:2026 P:2026/2025,,,Direct BvP not yet weighted; 2026/2025 Statcast baseline active,7,5,30,0,"Last 7 games: 5/30, 0 HR","switch hitter; pitcher baseline 10.8% barrel, 7.0 HR allowed",neutral batted-ball profile; pitcher allows elevated contact,4.1,40.6,88.8,99.821,0.382,0.13,0.322,69.8,8.5,37.1,19.3,5.0,0.13,10.78,34.91,88.14,0.4345,0.2026,38.47,,,Daikin Park,
149,687093,Vaughn Grissom,LAA,NYY,2026-09-02T01:38:00Z,Scheduled,5,Gerrit Cole,543037,R,41.9,Longshot,Watch List,Projected Lineup,28.2,39.8,28.2,81.9,50.0,57.6,No,No,5,Yes,Yes,RotoWire projected lineup; MLB probable pitchers,lineup projected / unconfirmed,H:2026 P:2026,,,Direct BvP not yet weighted; 2026/2025 Statcast baseline active,7,7,27,2,Hot streak: 2 HR in last 7 games,"same-side matchup; pitcher baseline 7.9% barrel, 13.0 HR allowed",neutral batted-ball profile; pitcher fly-ball pressure modest,7.3,38.1,87.9,99.1071,0.393,0.142,0.315,71.3,18.2,40.7,25.3,9.0,0.14,7.9,42.3,90.2,0.362,0.128,28.7,,,Angel Stadium,
150,664770,Nathan Lukes,TOR,CLE,2026-09-01T22:40:00Z,Scheduled,7,Gavin Williams,668909,R,41.8,Longshot,Watch List,"Projected Lineup, Platoon Edge, Hot Hitter/Streak",11.1,57.4,27.6,59.8,80.0,94.1,No,No,7,Yes,Yes,RotoWire projected lineup; MLB probable pitchers,lineup projected / unconfirmed,H:2026/2025 P:2026/2025,,,Direct BvP not yet weighted; 2026/2025 Statcast baseline active,7,8,21,3,Hot streak: 3 HR in last 7 games,"platoon edge; pitcher baseline 11.1% barrel, 25.8 HR allowed",neutral batted-ball profile; pitcher fly-ball pressure modest,3.19,30.63,87.2,96.8482,0.3591,0.1029,0.2989,67.3,3.69,33.52,21.37,10.6,0.1331,11.1,46.61,90.33,0.412,0.1831,25.86,,,Progressive Field,
151,686797,Brooks Lee,MIN,DET,2026-09-01T23:40:00Z,Scheduled,2,Troy Melton,675512,R,41.8,Longshot,Watch List,"Projected Lineup, Premium Lineup Spot, Platoon Edge",20.5,33.1,27.1,95.5,75.0,57.4,No,No,2,Yes,Yes,RotoWire projected lineup; MLB probable pitchers,lineup projected / unconfirmed,H:2026/2025 P:2026/2025,,,Direct BvP not yet weighted; 2026/2025 Statcast baseline active,7,8,31,2,Hot streak: 2 HR in last 7 games,"switch hitter; pitcher baseline 6.7% barrel, 9.1 HR allowed",neutral batted-ball profile; pitcher fly-ball pressure modest,4.47,35.07,88.18,97.6224,0.3516,0.1239,0.2785,69.92,8.56,42.06,29.28,20.2,0.1725,6.71,40.59,89.33,0.3689,0.1449,24.91,,,Target Field,
152,683357,Owen Caissie,MIA,KC,2026-09-01T23:40:00Z,Scheduled,7,Randy Dobnak,677976,R,41.8,Longshot,Watch List,"Projected Lineup, Strong Barrel, Platoon Edge",44.8,31.4,23.2,59.8,80.0,8.5,No,No,7,Yes,Yes,RotoWire projected lineup; MLB probable pitchers,lineup projected / unconfirmed,H:2026/2025 P:2026/2025,,,Direct BvP not yet weighted; 2026/2025 Statcast baseline active,7,3,17,0,"Last 7 games: 3/17, 0 HR","platoon edge; pitcher baseline 4.4% barrel, 2.4 HR allowed",neutral batted-ball profile; pitcher fly-ball pressure modest,13.86,37.78,89.89,100.1851,0.3754,0.172,0.2796,74.81,53.74,30.76,29.92,9.4,0.1841,4.41,44.75,91.11,0.4129,0.1268,21.43,,,Kauffman Stadium,
153,695720,Tommy White,ATH,TEX,2026-09-02T00:05:00Z,Scheduled,5,MacKenzie Gore,669022,L,41.7,Longshot,Watch List,"Projected Lineup, Platoon Edge",21.7,46.4,27.6,81.9,78.0,15.3,No,No,5,Yes,Yes,RotoWire projected lineup; MLB probable pitchers,lineup projected / unconfirmed,H:2026 P:2026/2025,,,Direct BvP not yet weighted; 2026/2025 Statcast baseline active,7,6,27,0,"Last 7 games: 6/27, 0 HR","platoon edge; pitcher baseline 9.3% barrel, 18.6 HR allowed",neutral batted-ball profile; pitcher fly-ball pressure modest,8.1,32.3,85.8,97.1776,0.392,0.126,0.298,69.4,13.4,27.4,24.2,2.0,0.074,9.34,42.21,89.49,0.3884,0.1502,28.21,,,Globe Life Field,
154,666211,Taylor Trammell,HOU,CWS,2026-09-02T00:10:00Z,Scheduled,8,Sean Burke,680732,R,41.7,Longshot,Watch List,"Projected Lineup, Strong Barrel, Platoon Edge",39.0,44.8,27.6,47.9,80.0,0.0,No,No,8,Yes,Yes,RotoWire projected lineup; MLB probable pitchers,lineup projected / unconfirmed,H:2026/2025 P:2026/2025,,,Direct BvP not yet weighted; 2026/2025 Statcast baseline active,7,1,16,0,"Last 7 games: 1/16, 0 HR","platoon edge; pitcher baseline 8.5% barrel, 19.5 HR allowed",neutral batted-ball profile; pitcher allows elevated contact,10.67,38.2,89.04,100.6434,0.3602,0.1683,0.285,75.86,59.2,45.28,29.32,5.8,0.1479,8.47,39.2,89.32,0.3968,0.1641,30.98,,,Daikin Park,
155,680664,Eduardo Valencia,DET,MIN,2026-09-01T23:40:00Z,Scheduled,6,Andrew Morris,702193,R,41.5,Longshot,Watch List,"Projected Lineup, Strong Barrel",59.4,12.5,27.1,71.7,50.0,5.7,No,No,6,Yes,Yes,RotoWire projected lineup; MLB probable pitchers,lineup projected / unconfirmed,H:2026 P:2026,,,Direct BvP not yet weighted; 2026/2025 Statcast baseline active,7,3,19,0,"Last 7 games: 3/19, 0 HR","same-side matchup; pitcher baseline 3.1% barrel, 4.0 HR allowed",neutral batted-ball profile; pitcher fly-ball pressure modest,18.9,45.3,88.7,101.4922,0.465,0.239,0.302,73.1,28.5,35.8,24.5,6.0,0.324,3.1,33.0,86.3,0.319,0.093,27.7,,,Target Field,
156,800050,Chase DeLauter,CLE,TOR,2026-09-01T22:40:00Z,Scheduled,2,Spencer Miles,693686,R,41.4,Longshot,Watch List,"Projected Lineup, Premium Lineup Spot, Platoon Edge",34.5,12.7,27.6,95.5,80.0,45.0,No,No,2,Yes,Yes,RotoWire projected lineup; MLB probable pitchers,lineup projected / unconfirmed,H:2026 P:2026,,,Direct BvP not yet weighted; 2026/2025 Statcast baseline active,7,9,21,0,Contact streak: 9/21 over last 7 games,"platoon edge; pitcher baseline 3.8% barrel, 5.0 HR allowed",neutral batted-ball profile; pitcher fly-ball pressure modest,6.1,45.8,91.4,101.4154,0.425,0.149,0.344,71.4,17.6,36.8,19.5,13.0,0.161,3.8,35.0,86.8,0.324,0.094,20.3,,,Progressive Field,
157,663616,Trevor Larnach,MIN,DET,2026-09-01T23:40:00Z,Scheduled,6,Troy Melton,675512,R,41.4,Longshot,Watch List,"Projected Lineup, Platoon Edge",30.2,34.1,27.1,71.7,80.0,39.5,No,No,6,Yes,Yes,RotoWire projected lineup; MLB probable pitchers,lineup projected / unconfirmed,H:2026/2025 P:2026/2025,,,Direct BvP not yet weighted; 2026/2025 Statcast baseline active,7,6,23,1,"Last 7 games: 6/23, 1 HR","platoon edge; pitcher baseline 6.7% barrel, 9.1 HR allowed",neutral batted-ball profile; pitcher fly-ball pressure modest,7.27,39.54,88.66,99.7401,0.3995,0.1425,0.325,72.1,22.34,42.55,24.33,12.8,0.1561,6.71,40.59,89.33,0.3689,0.1449,24.91,,,Target Field,
158,665877,Jose Fermin,STL,LAD,2026-09-02T02:10:00Z,Scheduled,1,Eric Lauer,641778,L,41.4,Longshot,Watch List,"Projected Lineup, Premium Lineup Spot, Platoon Edge",10.2,54.7,27.6,88.7,78.0,27.1,No,No,1,Yes,Yes,RotoWire projected lineup; MLB probable pitchers,lineup projected / unconfirmed,H:2026/2025 P:2026/2025,,,Direct BvP not yet weighted; 2026/2025 Statcast baseline active,7,5,28,1,"Last 7 games: 5/28, 1 HR","platoon edge; pitcher baseline 10.1% barrel, 21.3 HR allowed",neutral batted-ball profile; pitcher allows elevated contact,1.75,30.87,86.54,96.5608,0.3481,0.092,0.3054,68.14,3.16,48.25,25.01,4.5,0.1214,10.06,37.35,89.13,0.4498,0.2028,36.9,,,UNIQLO Field at Dodger Stadium,
159,681297,Colton Cowser,BAL,COL,2026-09-02T00:40:00Z,Scheduled,9,Gabriel Hughes,687312,R,41.3,Longshot,Watch List,"Projected Lineup, Strong Barrel, Platoon Edge",45.9,17.7,38.7,40.2,80.0,64.3,No,No,9,Yes,Yes,RotoWire projected lineup; MLB probable pitchers,lineup projected / unconfirmed,H:2026/2025 P:2026,,,Direct BvP not yet weighted; 2026/2025 Statcast baseline active,7,7,23,2,Hot streak: 2 HR in last 7 games,"platoon edge; pitcher baseline 4.6% barrel, 5.0 HR allowed",neutral batted-ball profile; pitcher fly-ball pressure modest,11.79,41.94,88.73,100.9015,0.4187,0.2023,0.3147,74.37,44.29,38.73,33.06,13.9,0.1659,4.6,28.9,87.5,0.355,0.121,27.6,,,Coors Field,
160,664983,Jake McCarthy,COL,BAL,2026-09-02T00:40:00Z,Scheduled,1,Kyle Bradish,680694,R,41.1,Longshot,Watch List,"Projected Lineup, Premium Lineup Spot, Platoon Edge",15.5,36.8,38.7,88.7,80.0,34.2,No,No,1,Yes,Yes,RotoWire projected lineup; MLB probable pitchers,lineup projected / unconfirmed,H:2026/2025 P:2026/2025,,,Direct BvP not yet weighted; 2026/2025 Statcast baseline active,7,7,31,1,"Last 7 games: 7/31, 1 HR","platoon edge; pitcher baseline 8.3% barrel, 12.1 HR allowed",neutral batted-ball profile; pitcher fly-ball pressure modest,5.3,27.53,84.98,96.7807,0.3978,0.1336,0.3098,70.82,12.7,38.01,21.38,11.0,0.1711,8.31,38.27,88.75,0.3788,0.1443,23.36,,,Coors Field,
161,681393,Connor Norby,COL,BAL,2026-09-02T00:40:00Z,Scheduled,6,Kyle Bradish,680694,R,41.0,Longshot,Watch List,Projected Lineup,28.6,36.8,38.7,71.7,50.0,46.5,No,No,6,Yes,Yes,RotoWire projected lineup; MLB probable pitchers,lineup projected / unconfirmed,H:2026/2025 P:2026/2025,,,Direct BvP not yet weighted; 2026/2025 Statcast baseline active,7,8,26,1,"Last 7 games: 8/26, 1 HR","same-side matchup; pitcher baseline 8.3% barrel, 12.1 HR allowed",neutral batted-ball profile; pitcher fly-ball pressure modest,7.72,37.17,87.46,98.1866,0.3659,0.1473,0.3007,70.21,8.27,41.33,34.44,6.6,0.1352,8.31,38.27,88.75,0.3788,0.1443,23.36,,,Coors Field,
162,691723,Coby Mayo,BAL,COL,2026-09-02T00:40:00Z,Scheduled,8,Gabriel Hughes,687312,R,40.9,Longshot,Watch List,"Projected Lineup, Strong Barrel",50.5,17.7,38.7,47.9,50.0,59.1,No,No,8,Yes,Yes,RotoWire projected lineup; MLB probable pitchers,lineup projected / unconfirmed,H:2026/2025 P:2026,,,Direct BvP not yet weighted; 2026/2025 Statcast baseline active,7,7,26,2,Hot streak: 2 HR in last 7 games,"same-side matchup; pitcher baseline 4.6% barrel, 5.0 HR allowed",neutral batted-ball profile; pitcher fly-ball pressure modest,12.06,44.96,90.38,102.6706,0.4211,0.2013,0.3094,75.4,54.67,49.41,34.04,16.6,0.2102,4.6,28.9,87.5,0.355,0.121,27.6,,,Coors Field,
163,682626,Francisco Alvarez,NYM,TB,2026-09-01T22:40:00Z,Scheduled,9,Freddy Peralta,642547,R,40.8,Longshot,Watch List,"Projected Lineup, Strong Barrel",53.2,34.9,27.6,40.2,50.0,12.0,No,No,9,Yes,Yes,RotoWire projected lineup; MLB probable pitchers,lineup projected / unconfirmed,H:2026/2025 P:2026/2025,,,Direct BvP not yet weighted; 2026/2025 Statcast baseline active,7,4,20,0,"Last 7 games: 4/20, 0 HR","same-side matchup; pitcher baseline 7.1% barrel, 21.7 HR allowed",neutral batted-ball profile; pitcher fly-ball pressure modest,14.55,47.37,90.93,102.5838,0.4265,0.1982,0.3232,74.04,41.9,38.24,24.89,12.4,0.1714,7.06,37.09,87.65,0.3757,0.1466,28.34,,,Tropicana Field,
164,673237,Yainer Diaz,HOU,CWS,2026-09-02T00:10:00Z,Scheduled,7,Sean Burke,680732,R,40.8,Longshot,Watch List,"Projected Lineup, Hot Hitter/Streak",28.8,44.8,27.6,59.8,50.0,71.2,No,No,7,Yes,Yes,RotoWire projected lineup; MLB probable pitchers,lineup projected / unconfirmed,H:2026/2025 P:2026/2025,,,Direct BvP not yet weighted; 2026/2025 Statcast baseline active,7,7,20,2,Hot streak: 2 HR in last 7 games,"same-side matchup; pitcher baseline 8.5% barrel, 19.5 HR allowed",neutral batted-ball profile; pitcher allows elevated contact,6.73,37.58,88.57,99.5528,0.416,0.1508,0.3092,72.41,21.67,37.19,19.45,13.0,0.1582,8.47,39.2,89.32,0.3968,0.1641,30.98,,,Daikin Park,
165,592663,J.T. Realmuto,PHI,AZ,2026-09-02T01:40:00Z,Scheduled,8,Eduardo Rodriguez,593958,L,40.8,Longshot,Watch List,"Projected Lineup, Platoon Edge",31.9,38.6,28.2,47.9,78.0,62.4,No,No,8,Yes,Yes,RotoWire projected lineup; MLB probable pitchers,lineup projected / unconfirmed,H:2026/2025 P:2026/2025,,,Direct BvP not yet weighted; 2026/2025 Statcast baseline active,7,7,24,2,Hot streak: 2 HR in last 7 games,"platoon edge; pitcher baseline 7.9% barrel, 17.3 HR allowed",neutral batted-ball profile; pitcher fly-ball pressure modest,6.07,42.42,90.0,100.2477,0.4005,0.1412,0.323,72.77,31.1,42.51,25.52,10.6,0.1347,7.92,34.29,87.64,0.4265,0.1678,27.19,,,Chase Field,
166,666182,Bo Bichette,NYM,TB,2026-09-01T22:40:00Z,Scheduled,4,Freddy Peralta,642547,R,40.7,Longshot,Watch List,"Projected Lineup, Premium Lineup Spot",32.5,34.9,27.6,90.4,50.0,6.0,No,No,4,Yes,Yes,RotoWire projected lineup; MLB probable pitchers,lineup projected / unconfirmed,H:2026/2025 P:2026/2025,,,Direct BvP not yet weighted; 2026/2025 Statcast baseline active,7,4,25,0,"Last 7 games: 4/25, 0 HR","same-side matchup; pitcher baseline 7.1% barrel, 21.7 HR allowed",neutral batted-ball profile; pitcher fly-ball pressure modest,6.71,43.76,90.02,101.0117,0.4296,0.1482,0.3313,69.66,13.23,26.07,23.02,15.2,0.1412,7.06,37.09,87.65,0.3757,0.1466,28.34,,,Tropicana Field,
167,643289,Mauricio Dubon,ATL,WSH,2026-09-01T22:45:00Z,Scheduled,4,Jake Irvin,663623,R,40.6,Longshot,Watch List,"Projected Lineup, Premium Lineup Spot",9.9,62.2,28.2,90.4,50.0,20.9,No,No,4,Yes,Yes,RotoWire projected lineup; MLB probable pitchers,lineup projected / unconfirmed,H:2026/2025 P:2026/2025,,,Direct BvP not yet weighted; 2026/2025 Statcast baseline active,7,7,27,0,"Last 7 games: 7/27, 0 HR","same-side matchup; pitcher baseline 11.4% barrel, 21.2 HR allowed",neutral batted-ball profile; pitcher fly-ball pressure modest,2.95,28.68,85.9,96.2266,0.3625,0.1001,0.2969,68.8,3.75,31.4,25.44,9.1,0.1175,11.44,45.49,89.49,0.4679,0.2141,29.16,,,Nationals Park,
168,660688,Keibert Ruiz,WSH,ATL,2026-09-01T22:45:00Z,Scheduled,6,AJ Smith-Shawver,700363,R,40.5,Longshot,Watch List,"Projected Lineup, Platoon Edge, Hot Hitter/Streak",15.6,43.5,28.2,71.7,75.0,78.7,No,No,6,Yes,Yes,RotoWire projected lineup; MLB probable pitchers,lineup projected / unconfirmed,H:2026/2025 P:2026/2025,,,Direct BvP not yet weighted; 2026/2025 Statcast baseline active,7,10,25,2,Hot streak: 2 HR in last 7 games,"switch hitter; pitcher baseline 8.5% barrel, 1.9 HR allowed",neutral batted-ball profile; pitcher fly-ball pressure modest,3.88,34.75,87.6,97.4949,0.3587,0.1073,0.2842,67.22,0.93,55.31,26.0,6.9,0.1389,8.47,41.7,89.65,0.4365,0.1646,29.38,,,Nationals Park,
169,677950,Alek Thomas,LAD,STL,2026-09-02T02:10:00Z,Scheduled,9,Michael McGreevy,700241,R,40.5,Longshot,Watch List,"Projected Lineup, Platoon Edge",29.5,54.5,27.6,40.2,80.0,13.6,No,No,9,Yes,Yes,RotoWire projected lineup; MLB probable pitchers,lineup projected / unconfirmed,H:2026/2025 P:2026/2025,,,Direct BvP not yet weighted; 2026/2025 Statcast baseline active,7,4,19,0,"Last 7 games: 4/19, 0 HR","platoon edge; pitcher baseline 9.6% barrel, 17.6 HR allowed",neutral batted-ball profile; pitcher fly-ball pressure modest,7.31,39.93,89.53,100.0745,0.3734,0.1384,0.2841,70.26,8.8,30.56,24.93,4.1,0.135,9.64,41.64,90.08,0.4759,0.1963,26.27,,,UNIQLO Field at Dodger Stadium,
170,672640,Otto Lopez,MIA,KC,2026-09-01T23:40:00Z,Scheduled,4,Randy Dobnak,677976,R,40.4,Longshot,Watch List,"Projected Lineup, Premium Lineup Spot",30.3,31.4,23.2,90.4,50.0,43.9,No,No,4,Yes,Yes,RotoWire projected lineup; MLB probable pitchers,lineup projected / unconfirmed,H:2026/2025 P:2026/2025,,,Direct BvP not yet weighted; 2026/2025 Statcast baseline active,7,9,31,1,"Last 7 games: 9/31, 1 HR","same-side matchup; pitcher baseline 4.4% barrel, 2.4 HR allowed",neutral batted-ball profile; pitcher fly-ball pressure modest,6.61,40.19,88.92,100.1818,0.4256,0.1482,0.3258,71.7,22.53,32.79,22.36,11.5,0.1325,4.41,44.75,91.11,0.4129,0.1268,21.43,,,Kauffman Stadium,
171,806367,Turner Hill,SF,PIT,2026-09-01T22:40:00Z,Scheduled,5,Paul Skenes,694973,R,40.2,Longshot,Watch List,"Projected Lineup, Platoon Edge",29.0,29.6,24.3,81.9,80.0,24.9,No,No,5,Yes,Yes,RotoWire projected lineup; MLB probable pitchers,lineup projected / unconfirmed,H:2026 P:2026/2025,,,Direct BvP not yet weighted; 2026/2025 Statcast baseline active,7,6,21,0,"Last 7 games: 6/21, 0 HR","platoon edge; pitcher baseline 6.8% barrel, 13.1 HR allowed",neutral batted-ball profile; pitcher fly-ball pressure modest,6.7,40.0,89.0,98.53,0.428,0.158,0.351,66.1,0.0,56.7,26.7,0.0,0.151,6.85,39.4,88.16,0.3343,0.1253,23.43,,,PNC Park,
172,678882,Ceddanne Rafaela,BOS,SEA,2026-09-01T22:45:00Z,Scheduled,3,Bryan Woo,693433,R,40.2,Longshot,Watch List,"Projected Lineup, Premium Lineup Spot",21.8,44.4,28.7,92.1,50.0,12.0,No,No,3,Yes,Yes,RotoWire projected lineup; MLB probable pitchers,lineup projected / unconfirmed,H:2026/2025 P:2026/2025,,,Direct BvP not yet weighted; 2026/2025 Statcast baseline active,7,6,30,0,"Last 7 games: 6/30, 0 HR","same-side matchup; pitcher baseline 8.0% barrel, 19.7 HR allowed",neutral batted-ball profile; pitcher fly-ball pressure modest,6.47,33.73,86.9,97.6826,0.3747,0.1292,0.2882,70.02,8.69,35.08,26.07,16.0,0.1629,7.98,43.34,89.66,0.387,0.1548,28.62,,,Fenway Park,
173,703520,Brett Bateman,TOR,CLE,2026-09-01T22:40:00Z,Scheduled,1,Gavin Williams,668909,R,40.0,Longshot,Watch List,"Projected Lineup, Premium Lineup Spot, Platoon Edge",1.3,57.4,27.6,88.7,80.0,42.0,No,No,1,Yes,Yes,RotoWire projected lineup; MLB probable pitchers,lineup projected / unconfirmed,H:2026 P:2026/2025,,,Direct BvP not yet weighted; 2026/2025 Statcast baseline active,7,10,25,0,Contact streak: 10/25 over last 7 games,"platoon edge; pitcher baseline 11.1% barrel, 25.8 HR allowed",neutral batted-ball profile; pitcher fly-ball pressure modest,0.0,17.7,83.0,93.743,0.29,0.051,0.273,68.2,2.6,29.0,8.1,0.0,0.077,11.1,46.61,90.33,0.412,0.1831,25.86,,,Progressive Field,
174,670770,TJ Friedl,CIN,SD,2026-09-01T22:40:00Z,Scheduled,8,Randy Vásquez,681190,R,39.7,Longshot,Watch List,"Projected Lineup, Platoon Edge",10.0,59.4,39.3,47.9,80.0,46.5,No,No,8,Yes,Yes,RotoWire projected lineup; MLB probable pitchers,lineup projected / unconfirmed,H:2026/2025 P:2026/2025,,,Direct BvP not yet weighted; 2026/2025 Statcast baseline active,7,4,13,1,"Last 7 games: 4/13, 1 HR","platoon edge; pitcher baseline 10.4% barrel, 15.3 HR allowed",neutral batted-ball profile; pitcher fly-ball pressure modest,2.91,29.51,87.52,97.1753,0.2799,0.0816,0.2615,70.74,9.96,41.0,24.4,7.0,0.096,10.41,42.52,90.64,0.4929,0.2112,27.9,,,Great American Ball Park,
175,671976,Tristan Peters,CWS,HOU,2026-09-02T00:10:00Z,Scheduled,8,Ronel Blanco,669854,R,39.6,Longshot,Watch List,"Projected Lineup, Platoon Edge, Hot Hitter/Streak",14.3,50.2,27.6,47.9,80.0,95.7,No,No,8,Yes,Yes,RotoWire projected lineup; MLB probable pitchers,lineup projected / unconfirmed,H:2026/2025 P:2026/2025,,,Direct BvP not yet weighted; 2026/2025 Statcast baseline active,7,9,23,3,Hot streak: 3 HR in last 7 games,"platoon edge; pitcher baseline 10.8% barrel, 7.0 HR allowed",neutral batted-ball profile; pitcher allows elevated contact,3.99,34.89,87.22,98.0258,0.3285,0.1057,0.2649,69.23,5.6,41.56,19.53,8.4,0.1309,10.78,34.91,88.14,0.4345,0.2026,38.47,,,Daikin Park,
176,656537,Derek Hill,PHI,AZ,2026-09-02T01:40:00Z,Scheduled,9,Eduardo Rodriguez,593958,L,39.5,Longshot,Watch List,"Projected Lineup, Strong Barrel, Platoon Edge",35.6,38.6,28.2,40.2,78.0,32.0,No,No,9,Yes,Yes,RotoWire projected lineup; MLB probable pitchers,lineup projected / unconfirmed,H:2026/2025 P:2026/2025,,,Direct BvP not yet weighted; 2026/2025 Statcast baseline active,7,3,9,0,Contact streak: 3/9 over last 7 games,"platoon edge; pitcher baseline 7.9% barrel, 17.3 HR allowed",neutral batted-ball profile; pitcher fly-ball pressure modest,10.22,38.34,89.59,99.8561,0.3831,0.1577,0.2915,71.97,20.01,35.49,23.62,7.2,0.1589,7.92,34.29,87.64,0.4265,0.1678,27.19,,,Chase Field,
177,669720,Austin Hays,SD,CIN,2026-09-01T22:40:00Z,Scheduled,8,Nick Lodolo,666157,L,39.4,Longshot,Watch List,"Projected Lineup, Platoon Edge",22.0,50.6,39.3,47.9,78.0,8.5,No,No,8,Yes,Yes,RotoWire projected lineup; MLB probable pitchers,lineup projected / unconfirmed,H:2026/2025 P:2026/2025,,,Direct BvP not yet weighted; 2026/2025 Statcast baseline active,7,3,17,0,"Last 7 games: 3/17, 0 HR","platoon edge; pitcher baseline 9.3% barrel, 17.1 HR allowed",neutral batted-ball profile; pitcher fly-ball pressure modest,5.88,38.96,86.84,98.6188,0.3659,0.113,0.2839,72.53,24.0,51.13,20.81,5.9,0.1254,9.32,39.73,89.78,0.4639,0.1837,25.98,,,Great American Ball Park,
178,663993,Nathaniel Lowe,CLE,TOR,2026-09-01T22:40:00Z,Scheduled,5,Spencer Miles,693686,R,39.4,Longshot,Watch List,"Projected Lineup, Platoon Edge",36.7,12.7,27.6,81.9,80.0,28.1,No,No,5,Yes,Yes,RotoWire projected lineup; MLB probable pitchers,lineup projected / unconfirmed,H:2026/2025 P:2026,,,Direct BvP not yet weighted; 2026/2025 Statcast baseline active,7,5,27,1,"Last 7 games: 5/27, 1 HR","platoon edge; pitcher baseline 3.8% barrel, 5.0 HR allowed",neutral batted-ball profile; pitcher fly-ball pressure modest,8.33,41.36,89.14,100.8513,0.4171,0.1632,0.3233,74.0,38.94,34.96,26.55,15.9,0.1887,3.8,35.0,86.8,0.324,0.094,20.3,,,Progressive Field,
179,650559,Bryan De La Cruz,PHI,AZ,2026-09-02T01:40:00Z,Scheduled,7,Eduardo Rodriguez,593958,L,39.3,Longshot,Watch List,"Projected Lineup, Platoon Edge",26.6,38.6,28.2,59.8,78.0,32.0,No,No,7,Yes,Yes,RotoWire projected lineup; MLB probable pitchers,lineup projected / unconfirmed,H:2026/2025 P:2026/2025,,,Direct BvP not yet weighted; 2026/2025 Statcast baseline active,7,5,15,0,Contact streak: 5/15 over last 7 games,"platoon edge; pitcher baseline 7.9% barrel, 17.3 HR allowed",neutral batted-ball profile; pitcher fly-ball pressure modest,5.99,44.7,89.61,100.1938,0.3388,0.1154,0.2744,71.34,18.47,36.64,18.12,1.4,0.1312,7.92,34.29,87.64,0.4265,0.1678,27.19,,,Chase Field,
180,608070,Jose Ramirez,CLE,TOR,2026-09-01T22:40:00Z,Scheduled,3,Spencer Miles,693686,R,39.0,Longshot,Watch List,"Projected Lineup, Premium Lineup Spot, Platoon Edge",29.5,12.2,27.6,92.1,75.0,52.1,No,No,3,Yes,Yes,RotoWire projected lineup; MLB probable pitchers,lineup projected / unconfirmed,H:2026/2025 P:2026,,,Direct BvP not yet weighted; 2026/2025 Statcast baseline active,7,10,29,1,Contact streak: 10/29 over last 7 games,"switch hitter; pitcher baseline 3.8% barrel, 5.0 HR allowed",neutral batted-ball profile; pitcher fly-ball pressure modest,5.32,40.57,89.32,99.6286,0.4257,0.1459,0.3427,70.34,13.19,51.04,28.99,16.7,0.171,3.8,35.0,86.8,0.324,0.094,20.3,,,Progressive Field,
181,668904,Royce Lewis,MIN,DET,2026-09-01T23:40:00Z,Scheduled,7,Troy Melton,675512,R,39.0,Longshot,Watch List,"Projected Lineup, Strong Barrel",40.3,34.1,27.1,59.8,50.0,10.8,No,No,7,Yes,Yes,RotoWire projected lineup; MLB probable pitchers,lineup projected / unconfirmed,H:2026/2025 P:2026/2025,,,Direct BvP not yet weighted; 2026/2025 Statcast baseline active,7,5,26,0,"Last 7 games: 5/26, 0 HR","same-side matchup; pitcher baseline 6.7% barrel, 9.1 HR allowed",neutral batted-ball profile; pitcher fly-ball pressure modest,10.17,40.3,89.73,100.6161,0.4035,0.1621,0.3082,74.72,50.31,47.14,30.15,13.0,0.1587,6.71,40.59,89.33,0.3689,0.1449,24.91,,,Target Field,
182,699393,Pedro Ramirez,CHC,MIL,2026-09-01T23:40:00Z,Scheduled,7,Robert Gasser,688107,L,39.0,Longshot,Watch List,"Projected Lineup, Platoon Edge",23.1,35.0,29.8,59.8,75.0,68.7,No,No,7,Yes,Yes,RotoWire projected lineup; MLB probable pitchers,lineup projected / unconfirmed,H:2026 P:2026/2025,,,Direct BvP not yet weighted; 2026/2025 Statcast baseline active,7,9,27,2,Hot streak: 2 HR in last 7 games,"switch hitter; pitcher baseline 7.6% barrel, 9.4 HR allowed",neutral batted-ball profile; pitcher fly-ball pressure modest,4.3,41.8,89.2,99.6931,0.368,0.103,0.305,72.2,22.2,41.8,21.3,4.0,0.151,7.6,36.84,88.41,0.3953,0.1579,27.03,,,Wrigley Field,
183,685133,Wade Meckler,LAA,NYY,2026-09-02T01:38:00Z,Scheduled,3,Gerrit Cole,543037,R,39.0,Longshot,Watch List,"Projected Lineup, Premium Lineup Spot, Platoon Edge",10.9,39.8,28.2,92.1,80.0,29.7,No,No,3,Yes,Yes,RotoWire projected lineup; MLB probable pitchers,lineup projected / unconfirmed,H:2026 P:2026,,,Direct BvP not yet weighted; 2026/2025 Statcast baseline active,7,7,22,0,"Last 7 games: 7/22, 0 HR","platoon edge; pitcher baseline 7.9% barrel, 13.0 HR allowed",neutral batted-ball profile; pitcher fly-ball pressure modest,3.0,32.1,86.7,96.643,0.353,0.098,0.311,68.9,2.3,34.5,18.5,3.0,0.091,7.9,42.3,90.2,0.362,0.128,28.7,,,Angel Stadium,
184,514888,Jose Altuve,HOU,CWS,2026-09-02T00:10:00Z,Scheduled,4,Sean Burke,680732,R,38.9,Longshot,Watch List,"Projected Lineup, Premium Lineup Spot",14.2,44.8,27.6,90.4,50.0,43.2,No,No,4,Yes,Yes,RotoWire projected lineup; MLB probable pitchers,lineup projected / unconfirmed,H:2026/2025 P:2026/2025,,,Direct BvP not yet weighted; 2026/2025 Statcast baseline active,7,8,28,1,"Last 7 games: 8/28, 1 HR","same-side matchup; pitcher baseline 8.5% barrel, 19.5 HR allowed",neutral batted-ball profile; pitcher allows elevated contact,5.22,32.23,85.31,97.141,0.3441,0.1176,0.2825,69.14,10.13,45.64,21.95,17.6,0.1574,8.47,39.2,89.32,0.3968,0.1641,30.98,,,Daikin Park,
185,701358,Cam Smith,HOU,CWS,2026-09-02T00:10:00Z,Scheduled,9,Sean Burke,680732,R,38.9,Longshot,Watch List,Projected Lineup,41.0,44.8,27.6,40.2,50.0,7.0,No,No,9,Yes,Yes,RotoWire projected lineup; MLB probable pitchers,lineup projected / unconfirmed,H:2026/2025 P:2026/2025,,,Direct BvP not yet weighted; 2026/2025 Statcast baseline active,7,3,18,0,"Last 7 games: 3/18, 0 HR","same-side matchup; pitcher baseline 8.5% barrel, 19.5 HR allowed",neutral batted-ball profile; pitcher allows elevated contact,9.77,43.32,88.81,101.4649,0.4124,0.1718,0.3159,76.81,68.39,37.56,25.0,14.6,0.1612,8.47,39.2,89.32,0.3968,0.1641,30.98,,,Daikin Park,
186,681198,TJ Rumfield,COL,BAL,2026-09-02T00:40:00Z,Scheduled,5,Kyle Bradish,680694,R,38.8,Longshot,Watch List,"Projected Lineup, Platoon Edge",11.4,36.8,38.7,81.9,80.0,34.5,No,No,5,Yes,Yes,RotoWire projected lineup; MLB probable pitchers,lineup projected / unconfirmed,H:2026 P:2026/2025,,,Direct BvP not yet weighted; 2026/2025 Statcast baseline active,7,7,20,0,Contact streak: 7/20 over last 7 games,"platoon edge; pitcher baseline 8.3% barrel, 12.1 HR allowed",neutral batted-ball profile; pitcher fly-ball pressure modest,4.3,27.8,84.1,96.1003,0.375,0.119,0.328,68.6,8.1,41.7,28.0,13.0,0.147,8.31,38.27,88.75,0.3788,0.1443,23.36,,,Coors Field,
187,693307,Dillon Dingler,DET,MIN,2026-09-01T23:40:00Z,Scheduled,4,Andrew Morris,702193,R,38.7,Longshot,Watch List,"Projected Lineup, Premium Lineup Spot",42.7,12.5,27.1,90.4,50.0,7.0,No,No,4,Yes,Yes,RotoWire projected lineup; MLB probable pitchers,lineup projected / unconfirmed,H:2026/2025 P:2026,,,Direct BvP not yet weighted; 2026/2025 Statcast baseline active,7,4,24,0,"Last 7 games: 4/24, 0 HR","same-side matchup; pitcher baseline 3.1% barrel, 4.0 HR allowed",neutral batted-ball profile; pitcher fly-ball pressure modest,9.9,43.25,88.88,100.5614,0.4699,0.199,0.3476,71.7,15.55,40.59,28.64,22.1,0.1981,3.1,33.0,86.3,0.319,0.093,27.7,,,Target Field,
188,702616,Jackson Holliday,BAL,COL,2026-09-02T00:40:00Z,Scheduled,1,Gabriel Hughes,687312,R,38.7,Longshot,Watch List,"Projected Lineup, Premium Lineup Spot, Platoon Edge",24.6,17.7,38.7,88.7,80.0,18.2,No,No,1,Yes,Yes,RotoWire projected lineup; MLB probable pitchers,lineup projected / unconfirmed,H:2026/2025 P:2026,,,Direct BvP not yet weighted; 2026/2025 Statcast baseline active,7,7,29,0,"Last 7 games: 7/29, 0 HR","platoon edge; pitcher baseline 4.6% barrel, 5.0 HR allowed",neutral batted-ball profile; pitcher fly-ball pressure modest,6.89,36.04,87.54,98.1146,0.3739,0.1343,0.3067,70.6,7.48,33.59,24.68,9.3,0.1218,4.6,28.9,87.5,0.355,0.121,27.6,,,Coors Field,
189,687462,Spencer Horwitz,PIT,SF,2026-09-01T22:40:00Z,Scheduled,1,Logan Webb,657277,R,38.6,Longshot,Watch List,"Projected Lineup, Premium Lineup Spot, Platoon Edge",22.7,30.3,24.3,88.7,80.0,10.8,No,No,1,Yes,Yes,RotoWire projected lineup; MLB probable pitchers,lineup projected / unconfirmed,H:2026/2025 P:2026/2025,,,Direct BvP not yet weighted; 2026/2025 Statcast baseline active,7,5,26,0,"Last 7 games: 5/26, 0 HR","platoon edge; pitcher baseline 6.5% barrel, 11.9 HR allowed",neutral batted-ball profile; pitcher fly-ball pressure modest,7.18,32.57,87.05,97.5122,0.3713,0.1388,0.319,68.68,5.53,39.38,27.98,10.3,0.1438,6.48,38.87,88.51,0.3812,0.1289,19.56,,,PNC Park,
190,800325,Luis Lara,MIL,CHC,2026-09-01T23:40:00Z,Scheduled,8,Matthew Boyd,571510,L,38.6,Longshot,Watch List,"Projected Lineup, Platoon Edge",24.7,44.5,29.8,47.9,75.0,37.3,No,No,8,Yes,Yes,RotoWire projected lineup; MLB probable pitchers,lineup projected / unconfirmed,H:2026 P:2026/2025,,,Direct BvP not yet weighted; 2026/2025 Statcast baseline active,7,7,19,0,Contact streak: 7/19 over last 7 games,"switch hitter; pitcher baseline 9.8% barrel, 16.2 HR allowed",neutral batted-ball profile; pitcher fly-ball pressure modest,5.0,45.0,89.7,99.2754,0.372,0.092,0.322,71.5,17.5,29.0,16.0,1.0,0.11,9.77,38.14,88.22,0.4323,0.1741,26.41,,,Wrigley Field,
191,687551,Drew Gilbert,SF,PIT,2026-09-01T22:40:00Z,Scheduled,1,Paul Skenes,694973,R,38.4,Longshot,Watch List,"Projected Lineup, Premium Lineup Spot, Platoon Edge",19.9,29.6,24.3,88.7,80.0,28.5,No,No,1,Yes,Yes,RotoWire projected lineup; MLB probable pitchers,lineup projected / unconfirmed,H:2026/2025 P:2026/2025,,,Direct BvP not yet weighted; 2026/2025 Statcast baseline active,7,3,16,1,"Last 7 games: 3/16, 1 HR","platoon edge; pitcher baseline 6.8% barrel, 13.1 HR allowed",neutral batted-ball profile; pitcher fly-ball pressure modest,5.32,35.52,86.67,98.1579,0.3766,0.1314,0.312,70.52,10.13,41.68,20.46,6.5,0.1502,6.85,39.4,88.16,0.3343,0.1253,23.43,,,PNC Park,
192,805808,Kevin McGonigle,DET,MIN,2026-09-01T23:40:00Z,Scheduled,3,Andrew Morris,702193,R,38.3,Longshot,Watch List,"Projected Lineup, Premium Lineup Spot, Platoon Edge",33.8,12.5,27.1,92.1,80.0,0.0,No,No,3,Yes,Yes,RotoWire projected lineup; MLB probable pitchers,lineup projected / unconfirmed,H:2026 P:2026,,,Direct BvP not yet weighted; 2026/2025 Statcast baseline active,7,3,27,0,"Last 7 games: 3/27, 0 HR","platoon edge; pitcher baseline 3.1% barrel, 4.0 HR allowed",fly-ball profile; pitcher fly-ball pressure modest,7.2,37.1,88.3,98.3375,0.436,0.174,0.353,71.2,16.1,37.3,36.3,14.0,0.141,3.1,33.0,86.3,0.319,0.093,27.7,,,Target Field,
193,670623,Isaac Paredes,HOU,CWS,2026-09-02T00:10:00Z,Scheduled,3,Sean Burke,680732,R,38.3,Longshot,Watch List,"Projected Lineup, Premium Lineup Spot",17.0,44.8,27.6,92.1,50.0,8.1,No,No,3,Yes,Yes,RotoWire projected lineup; MLB probable pitchers,lineup projected / unconfirmed,H:2026/2025 P:2026/2025,,,Direct BvP not yet weighted; 2026/2025 Statcast baseline active,7,4,23,0,"Last 7 games: 4/23, 0 HR","same-side matchup; pitcher baseline 8.5% barrel, 19.5 HR allowed",neutral batted-ball profile; pitcher allows elevated contact,5.32,29.61,86.35,96.8407,0.3688,0.1278,0.32,67.74,7.5,51.93,30.94,17.9,0.1732,8.47,39.2,89.32,0.3968,0.1641,30.98,,,Daikin Park,
194,643446,Jeff McNeil,ATH,TEX,2026-09-02T00:05:00Z,Scheduled,3,MacKenzie Gore,669022,L,37.9,Longshot,Watch List,"Projected Lineup, Premium Lineup Spot",12.4,46.4,27.6,92.1,50.0,23.4,No,No,3,Yes,Yes,RotoWire projected lineup; MLB probable pitchers,lineup projected / unconfirmed,H:2026/2025 P:2026/2025,,,Direct BvP not yet weighted; 2026/2025 Statcast baseline active,7,8,29,0,"Last 7 games: 8/29, 0 HR","same-side matchup; pitcher baseline 9.3% barrel, 18.6 HR allowed",neutral batted-ball profile; pitcher fly-ball pressure modest,2.72,31.01,86.78,96.6168,0.3775,0.102,0.3139,69.3,5.72,43.56,23.19,7.8,0.1169,9.34,42.21,89.49,0.3884,0.1502,28.21,,,Globe Life Field,
195,687637,Dylan Beavers,BAL,COL,2026-09-02T00:40:00Z,Scheduled,7,Gabriel Hughes,687312,R,37.9,Longshot,Watch List,"Projected Lineup, Platoon Edge",32.5,17.7,38.7,59.8,80.0,32.0,No,No,7,Yes,Yes,RotoWire projected lineup; MLB probable pitchers,lineup projected / unconfirmed,H:2026/2025 P:2026,,,Direct BvP not yet weighted; 2026/2025 Statcast baseline active,7,7,21,0,Contact streak: 7/21 over last 7 games,"platoon edge; pitcher baseline 4.6% barrel, 5.0 HR allowed",neutral batted-ball profile; pitcher fly-ball pressure modest,8.11,35.91,88.52,99.2608,0.3884,0.1621,0.3181,72.41,21.33,40.74,31.81,5.4,0.1506,4.6,28.9,87.5,0.355,0.121,27.6,,,Coors Field,
196,677649,Ezequiel Duran,TEX,ATH,2026-09-02T00:05:00Z,Scheduled,1,Brady Basso,669620,L,37.8,Longshot,Watch List,"Projected Lineup, Premium Lineup Spot, Platoon Edge",20.9,20.5,27.6,88.7,78.0,48.5,No,No,1,Yes,Yes,RotoWire projected lineup; MLB probable pitchers,lineup projected / unconfirmed,H:2026/2025 P:2026/2025,,,Direct BvP not yet weighted; 2026/2025 Statcast baseline active,7,9,28,1,Contact streak: 9/28 over last 7 games,"platoon edge; pitcher baseline 4.4% barrel, 2.1 HR allowed",neutral batted-ball profile; pitcher fly-ball pressure modest,5.19,35.8,87.89,98.9817,0.3517,0.116,0.2862,72.27,24.31,35.8,22.14,10.5,0.1432,4.42,37.52,89.1,0.3585,0.0902,24.85,,,Globe Life Field,
197,,Ethan Salas,SD,CIN,2026-09-01T22:40:00Z,Scheduled,6,Nick Lodolo,666157,L,37.7,Longshot,Watch List,Projected Lineup,6.4,48.8,39.3,71.7,60.0,50.0,No,No,6,Yes,Yes,RotoWire projected lineup; MLB probable pitchers,lineup projected / unconfirmed,H: P:2026/2025,,,Direct BvP not yet weighted; 2026/2025 Statcast baseline active,,,,,Recent form unavailable,"handedness incomplete; pitcher baseline 9.3% barrel, 17.1 HR allowed",neutral batted-ball profile; pitcher fly-ball pressure modest,,,,,,,,,,,,,,9.32,39.73,89.78,0.4639,0.1837,25.98,,,Great American Ball Park,
198,686765,Nick Sogard,BOS,SEA,2026-09-01T22:45:00Z,Scheduled,6,Bryan Woo,693433,R,37.7,Longshot,Watch List,"Projected Lineup, Platoon Edge",14.7,42.3,28.7,71.7,75.0,32.5,No,No,6,Yes,Yes,RotoWire projected lineup; MLB probable pitchers,lineup projected / unconfirmed,H:2026/2025 P:2026/2025,,,Direct BvP not yet weighted; 2026/2025 Statcast baseline active,7,6,28,1,"Last 7 games: 6/28, 1 HR","switch hitter; pitcher baseline 8.0% barrel, 19.7 HR allowed",neutral batted-ball profile; pitcher fly-ball pressure modest,5.04,30.43,86.28,96.8767,0.3652,0.1114,0.3167,68.78,3.4,46.08,23.74,2.1,0.1246,7.98,43.34,89.66,0.387,0.1548,28.62,,,Fenway Park,
199,687401,Joey Ortiz,MIL,CHC,2026-09-01T23:40:00Z,Scheduled,7,Matthew Boyd,571510,L,37.7,Longshot,Watch List,"Projected Lineup, Platoon Edge",16.4,46.2,29.8,59.8,78.0,27.0,No,No,7,Yes,Yes,RotoWire projected lineup; MLB probable pitchers,lineup projected / unconfirmed,H:2026/2025 P:2026/2025,,,Direct BvP not yet weighted; 2026/2025 Statcast baseline active,7,6,20,0,"Last 7 games: 6/20, 0 HR","platoon edge; pitcher baseline 9.8% barrel, 16.2 HR allowed",neutral batted-ball profile; pitcher fly-ball pressure modest,3.98,35.32,87.42,98.9381,0.3368,0.0967,0.2897,72.86,29.38,31.56,20.17,7.0,0.1157,9.77,38.14,88.22,0.4323,0.1741,26.41,,,Wrigley Field,
200,691788,Joe Mack,MIA,KC,2026-09-01T23:40:00Z,Scheduled,8,Randy Dobnak,677976,R,37.5,Longshot,Watch List,"Projected Lineup, Platoon Edge",35.0,31.4,23.2,47.9,80.0,19.5,No,No,8,Yes,Yes,RotoWire projected lineup; MLB probable pitchers,lineup projected / unconfirmed,H:2026 P:2026/2025,,,Direct BvP not yet weighted; 2026/2025 Statcast baseline active,7,4,16,0,"Last 7 games: 4/16, 0 HR","platoon edge; pitcher baseline 4.4% barrel, 2.4 HR allowed",neutral batted-ball profile; pitcher fly-ball pressure modest,8.8,39.0,88.2,99.5168,0.395,0.171,0.294,74.3,42.8,48.4,25.3,12.0,0.179,4.41,44.75,91.11,0.4129,0.1268,21.43,,,Kauffman Stadium,
201,695681,Christian Moore,LAA,NYY,2026-09-02T01:38:00Z,Scheduled,7,Gerrit Cole,543037,R,37.5,Longshot,Watch List,"Projected Lineup, Strong Barrel",28.2,39.8,28.2,59.8,50.0,30.3,No,No,7,Yes,Yes,RotoWire projected lineup; MLB probable pitchers,lineup projected / unconfirmed,H:2026/2025 P:2026,,,Direct BvP not yet weighted; 2026/2025 Statcast baseline active,7,5,25,1,"Last 7 games: 5/25, 1 HR","same-side matchup; pitcher baseline 7.9% barrel, 13.0 HR allowed",neutral batted-ball profile; pitcher fly-ball pressure modest,10.54,33.57,88.06,98.7934,0.3135,0.1147,0.2659,72.63,27.39,26.5,28.27,2.8,0.1174,7.9,42.3,90.2,0.362,0.128,28.7,,,Angel Stadium,
202,805300,Jakob Marsee,MIA,KC,2026-09-01T23:40:00Z,Scheduled,5,Randy Dobnak,677976,R,37.1,Longshot,Watch List,"Projected Lineup, Platoon Edge",19.9,31.4,23.2,81.9,80.0,17.7,No,No,5,Yes,Yes,RotoWire projected lineup; MLB probable pitchers,lineup projected / unconfirmed,H:2026/2025 P:2026/2025,,,Direct BvP not yet weighted; 2026/2025 Statcast baseline active,7,5,21,0,"Last 7 games: 5/21, 0 HR","platoon edge; pitcher baseline 4.4% barrel, 2.4 HR allowed",neutral batted-ball profile; pitcher fly-ball pressure modest,4.81,36.71,87.71,98.5808,0.3531,0.1169,0.3155,70.43,5.93,41.79,23.96,7.1,0.1356,4.41,44.75,91.11,0.4129,0.1268,21.43,,,Kauffman Stadium,
203,805805,Walker Jenkins,MIN,DET,2026-09-01T23:40:00Z,Scheduled,9,Troy Melton,675512,R,36.8,Longshot,Watch List,"Projected Lineup, Platoon Edge",29.8,34.1,27.1,40.2,80.0,37.8,No,No,9,Yes,Yes,RotoWire projected lineup; MLB probable pitchers,lineup projected / unconfirmed,H:2026 P:2026/2025,,,Direct BvP not yet weighted; 2026/2025 Statcast baseline active,4,3,12,1,"Last 4 games: 3/12, 1 HR","platoon edge; pitcher baseline 6.7% barrel, 9.1 HR allowed",fly-ball profile; pitcher fly-ball pressure modest,9.1,36.4,86.2,97.0029,0.332,0.156,0.284,71.9,27.3,54.5,36.4,1.0,0.333,6.71,40.59,89.33,0.3689,0.1449,24.91,,,Target Field,
204,663743,Nick Fortes,TB,NYM,2026-09-01T22:40:00Z,Scheduled,7,Sean Manaea,640455,L,36.6,Longshot,Watch List,"Projected Lineup, Platoon Edge",12.2,54.4,27.6,59.8,78.0,0.0,No,No,7,Yes,Yes,RotoWire projected lineup; MLB probable pitchers,lineup projected / unconfirmed,H:2026/2025 P:2026/2025,,,Direct BvP not yet weighted; 2026/2025 Statcast baseline active,7,1,14,0,"Last 7 games: 1/14, 0 HR","platoon edge; pitcher baseline 10.5% barrel, 17.9 HR allowed",neutral batted-ball profile; pitcher fly-ball pressure modest,2.92,35.31,85.89,98.9398,0.3304,0.093,0.2763,72.28,21.78,50.63,18.15,4.3,0.1053,10.51,42.25,89.45,0.4381,0.189,28.89,,,Tropicana Field,
205,678662,Ezequiel Tovar,COL,BAL,2026-09-02T00:40:00Z,Scheduled,9,Kyle Bradish,680694,R,36.5,Longshot,Watch List,Projected Lineup,29.5,36.8,38.7,40.2,50.0,39.8,No,No,9,Yes,Yes,RotoWire projected lineup; MLB probable pitchers,lineup projected / unconfirmed,H:2026/2025 P:2026/2025,,,Direct BvP not yet weighted; 2026/2025 Statcast baseline active,7,5,19,1,"Last 7 games: 5/19, 1 HR","same-side matchup; pitcher baseline 8.3% barrel, 12.1 HR allowed",neutral batted-ball profile; pitcher fly-ball pressure modest,7.41,35.54,88.07,99.0685,0.3871,0.1534,0.2896,71.95,20.96,37.61,30.27,9.7,0.1316,8.31,38.27,88.75,0.3788,0.1443,23.36,,,Coors Field,
206,596115,Trevor Story,BOS,SEA,2026-09-01T22:45:00Z,Scheduled,9,Bryan Woo,693433,R,36.4,Longshot,Watch List,Projected Lineup,27.1,44.4,28.7,40.2,50.0,46.5,No,No,9,Yes,Yes,RotoWire projected lineup; MLB probable pitchers,lineup projected / unconfirmed,H:2026/2025 P:2026/2025,,,Direct BvP not yet weighted; 2026/2025 Statcast baseline active,7,8,26,1,"Last 7 games: 8/26, 1 HR","same-side matchup; pitcher baseline 8.0% barrel, 19.7 HR allowed",neutral batted-ball profile; pitcher fly-ball pressure modest,5.98,43.08,89.58,100.1825,0.3426,0.1212,0.2655,71.1,14.45,43.21,23.9,9.6,0.1238,7.98,43.34,89.66,0.387,0.1548,28.62,,,Fenway Park,
207,663538,Nico Hoerner,CHC,MIL,2026-09-01T23:40:00Z,Scheduled,5,Robert Gasser,688107,L,36.4,Longshot,Watch List,"Projected Lineup, Platoon Edge",8.6,36.0,29.8,81.9,78.0,39.2,No,No,5,Yes,Yes,RotoWire projected lineup; MLB probable pitchers,lineup projected / unconfirmed,H:2026/2025 P:2026/2025,,,Direct BvP not yet weighted; 2026/2025 Statcast baseline active,7,7,27,1,"Last 7 games: 7/27, 1 HR","platoon edge; pitcher baseline 7.6% barrel, 9.4 HR allowed",neutral batted-ball profile; pitcher fly-ball pressure modest,1.7,28.9,86.14,96.2569,0.3812,0.0836,0.3241,68.33,1.76,32.59,21.63,7.7,0.0984,7.6,36.84,88.41,0.3953,0.1579,27.03,,,Wrigley Field,
208,553869,Elias Diaz,TEX,ATH,2026-09-02T00:05:00Z,Scheduled,7,Brady Basso,669620,L,36.3,Longshot,Watch List,"Projected Lineup, Platoon Edge",31.2,20.5,27.6,59.8,78.0,30.3,No,No,7,Yes,Yes,RotoWire projected lineup; MLB probable pitchers,lineup projected / unconfirmed,H:2026/2025 P:2026/2025,,,Direct BvP not yet weighted; 2026/2025 Statcast baseline active,7,3,15,1,"Last 7 games: 3/15, 1 HR","platoon edge; pitcher baseline 4.4% barrel, 2.1 HR allowed",neutral batted-ball profile; pitcher fly-ball pressure modest,8.44,38.7,87.7,100.2072,0.3613,0.1432,0.2736,74.2,43.3,37.16,27.94,6.9,0.1557,4.42,37.52,89.1,0.3585,0.0902,24.85,,,Globe Life Field,
209,669392,Samad Taylor,SD,CIN,2026-09-01T22:40:00Z,Scheduled,7,Nick Lodolo,666157,L,36.2,Longshot,Watch List,"Projected Lineup, Platoon Edge",1.8,50.6,39.3,59.8,78.0,43.8,No,No,7,Yes,Yes,RotoWire projected lineup; MLB probable pitchers,lineup projected / unconfirmed,H:2026/2025 P:2026/2025,,,Direct BvP not yet weighted; 2026/2025 Statcast baseline active,7,7,17,0,Contact streak: 7/17 over last 7 games,"platoon edge; pitcher baseline 9.3% barrel, 17.1 HR allowed",neutral batted-ball profile; pitcher fly-ball pressure modest,2.24,20.69,82.35,93.9166,0.3168,0.0619,0.2831,68.32,2.8,31.23,11.66,0.7,0.0469,9.32,39.73,89.78,0.4639,0.1837,25.98,,,Great American Ball Park,
210,687597,Jordan Beck,COL,BAL,2026-09-02T00:40:00Z,Scheduled,7,Kyle Bradish,680694,R,36.2,Longshot,Watch List,Projected Lineup,20.6,36.8,38.7,59.8,50.0,37.3,No,No,7,Yes,Yes,RotoWire projected lineup; MLB probable pitchers,lineup projected / unconfirmed,H:2026/2025 P:2026/2025,,,Direct BvP not yet weighted; 2026/2025 Statcast baseline active,7,7,19,0,Contact streak: 7/19 over last 7 games,"same-side matchup; pitcher baseline 8.3% barrel, 12.1 HR allowed",neutral batted-ball profile; pitcher fly-ball pressure modest,5.96,33.11,87.05,98.5434,0.3271,0.1073,0.2663,73.69,36.69,37.91,28.74,5.5,0.1223,8.31,38.27,88.75,0.3788,0.1443,23.36,,,Coors Field,
211,807712,Luke Keaschall,MIN,DET,2026-09-01T23:40:00Z,Scheduled,1,Troy Melton,675512,R,36.1,Longshot,Watch List,"Projected Lineup, Premium Lineup Spot",13.7,34.1,27.1,88.7,50.0,48.5,No,No,1,Yes,Yes,RotoWire projected lineup; MLB probable pitchers,lineup projected / unconfirmed,H:2026/2025 P:2026/2025,,,Direct BvP not yet weighted; 2026/2025 Statcast baseline active,7,9,28,1,Contact streak: 9/28 over last 7 games,"same-side matchup; pitcher baseline 6.7% barrel, 9.1 HR allowed",neutral batted-ball profile; pitcher fly-ball pressure modest,4.22,30.01,85.71,96.8726,0.3661,0.1167,0.3177,68.64,7.45,38.05,27.53,7.5,0.1255,6.71,40.59,89.33,0.3689,0.1449,24.91,,,Target Field,
212,808982,Jung Hoo Lee,SF,PIT,2026-09-01T22:40:00Z,Scheduled,4,Paul Skenes,694973,R,36.0,Longshot,Watch List,"Projected Lineup, Premium Lineup Spot, Platoon Edge",12.5,29.6,24.3,90.4,80.0,24.9,No,No,4,Yes,Yes,RotoWire projected lineup; MLB probable pitchers,lineup projected / unconfirmed,H:2026/2025 P:2026/2025,,,Direct BvP not yet weighted; 2026/2025 Statcast baseline active,7,6,21,0,"Last 7 games: 6/21, 0 HR","platoon edge; pitcher baseline 6.8% barrel, 13.1 HR allowed",neutral batted-ball profile; pitcher fly-ball pressure modest,2.93,31.16,87.31,96.8621,0.3864,0.0982,0.3203,68.37,3.54,37.76,22.66,8.7,0.134,6.85,39.4,88.16,0.3343,0.1253,23.43,,,PNC Park,
213,694376,Shay Whitcomb,SF,PIT,2026-09-01T22:40:00Z,Scheduled,7,Paul Skenes,694973,R,35.9,Longshot,Watch List,"Projected Lineup, Strong Barrel",34.3,29.6,24.3,59.8,50.0,18.3,No,No,7,Yes,Yes,RotoWire projected lineup; MLB probable pitchers,lineup projected / unconfirmed,H:2026/2025 P:2026/2025,,,Direct BvP not yet weighted; 2026/2025 Statcast baseline active,7,2,24,1,"Last 7 games: 2/24, 1 HR","same-side matchup; pitcher baseline 6.8% barrel, 13.1 HR allowed",fly-ball profile; pitcher fly-ball pressure modest,13.04,31.15,85.48,97.1199,0.3419,0.1814,0.2169,71.59,15.19,41.46,35.77,2.4,0.1682,6.85,39.4,88.16,0.3343,0.1253,23.43,,,PNC Park,
214,679529,Spencer Torkelson,DET,MIN,2026-09-01T23:40:00Z,Scheduled,7,Andrew Morris,702193,R,35.8,Longshot,Watch List,"Projected Lineup, Strong Barrel",47.2,12.5,27.1,59.8,50.0,7.0,No,No,7,Yes,Yes,RotoWire projected lineup; MLB probable pitchers,lineup projected / unconfirmed,H:2026/2025 P:2026,,,Direct BvP not yet weighted; 2026/2025 Statcast baseline active,7,3,18,0,"Last 7 games: 3/18, 0 HR","same-side matchup; pitcher baseline 3.1% barrel, 4.0 HR allowed",fly-ball profile; pitcher fly-ball pressure modest,12.66,42.09,89.5,100.1021,0.4112,0.1943,0.3165,73.07,25.74,46.65,35.48,23.3,0.1922,3.1,33.0,86.3,0.319,0.093,27.7,,,Target Field,
215,806198,Cooper Pratt,MIL,CHC,2026-09-01T23:40:00Z,Scheduled,9,Matthew Boyd,571510,L,35.7,Longshot,Watch List,"Projected Lineup, Platoon Edge",14.2,46.2,29.8,40.2,78.0,56.6,No,No,9,Yes,Yes,RotoWire projected lineup; MLB probable pitchers,lineup projected / unconfirmed,H:2026 P:2026/2025,,,Direct BvP not yet weighted; 2026/2025 Statcast baseline active,7,6,16,1,Contact streak: 6/16 over last 7 games,"platoon edge; pitcher baseline 9.8% barrel, 16.2 HR allowed",neutral batted-ball profile; pitcher fly-ball pressure modest,3.9,29.8,87.2,97.0866,0.361,0.105,0.311,70.1,8.1,34.4,24.4,3.0,0.101,9.77,38.14,88.22,0.4323,0.1741,26.41,,,Wrigley Field,
216,679845,Nick Loftin,KC,MIA,2026-09-01T23:40:00Z,Scheduled,6,Tyler Phillips,663969,R,35.5,Longshot,Watch List,Projected Lineup,15.9,40.8,23.2,71.7,50.0,48.5,No,No,6,Yes,Yes,RotoWire projected lineup; MLB probable pitchers,lineup projected / unconfirmed,H:2026/2025 P:2026/2025,,,Direct BvP not yet weighted; 2026/2025 Statcast baseline active,7,9,28,1,Contact streak: 9/28 over last 7 games,"same-side matchup; pitcher baseline 7.3% barrel, 12.2 HR allowed",neutral batted-ball profile; pitcher fly-ball pressure modest,4.62,29.87,87.5,96.977,0.3422,0.113,0.2947,69.05,5.87,44.22,28.5,5.4,0.1483,7.27,43.54,89.76,0.405,0.1506,25.59,,,Kauffman Stadium,
217,686555,Isaac Collins,KC,MIA,2026-09-01T23:40:00Z,Scheduled,8,Tyler Phillips,663969,R,35.5,Longshot,Watch List,"Projected Lineup, Platoon Edge",23.3,39.5,23.2,47.9,75.0,27.7,No,No,8,Yes,Yes,RotoWire projected lineup; MLB probable pitchers,lineup projected / unconfirmed,H:2026/2025 P:2026/2025,,,Direct BvP not yet weighted; 2026/2025 Statcast baseline active,7,7,23,0,"Last 7 games: 7/23, 0 HR","switch hitter; pitcher baseline 7.3% barrel, 12.2 HR allowed",neutral batted-ball profile; pitcher fly-ball pressure modest,5.32,39.95,88.8,99.9762,0.331,0.0976,0.3059,73.33,30.41,40.12,25.74,6.9,0.1291,7.27,43.54,89.76,0.405,0.1506,25.59,,,Kauffman Stadium,
218,695490,Edwin Arroyo,CIN,SD,2026-09-01T22:40:00Z,Scheduled,9,Randy Vásquez,681190,R,34.9,Longshot,Watch List,"Projected Lineup, Platoon Edge",8.4,57.8,39.3,40.2,75.0,0.0,No,No,9,Yes,Yes,RotoWire projected lineup; MLB probable pitchers,lineup projected / unconfirmed,H:2026 P:2026/2025,,,Direct BvP not yet weighted; 2026/2025 Statcast baseline active,7,2,22,0,"Last 7 games: 2/22, 0 HR","switch hitter; pitcher baseline 10.4% barrel, 15.3 HR allowed",neutral batted-ball profile; pitcher fly-ball pressure modest,2.9,26.4,87.6,95.9205,0.355,0.08,0.295,69.1,4.8,41.5,19.8,0.0,0.035,10.41,42.52,90.64,0.4929,0.2112,27.9,,,Great American Ball Park,
219,701852,Drew Cavanaugh,SF,PIT,2026-09-01T22:40:00Z,Scheduled,6,Paul Skenes,694973,R,34.9,Longshot,Watch List,"Projected Lineup, Platoon Edge",18.5,29.6,24.3,71.7,80.0,15.3,No,No,6,Yes,Yes,RotoWire projected lineup; MLB probable pitchers,lineup projected / unconfirmed,H:2026 P:2026/2025,,,Direct BvP not yet weighted; 2026/2025 Statcast baseline active,7,4,18,0,"Last 7 games: 4/18, 0 HR","platoon edge; pitcher baseline 6.8% barrel, 13.1 HR allowed",neutral batted-ball profile; pitcher fly-ball pressure modest,5.7,33.3,86.7,99.082,0.371,0.124,0.323,69.3,4.8,27.8,22.2,0.0,0.01,6.85,39.4,88.16,0.3343,0.1253,23.43,,,PNC Park,
220,701785,Kaelen Culpepper,MIN,DET,2026-09-01T23:40:00Z,Scheduled,8,Troy Melton,675512,R,34.7,Longshot,Watch List,Projected Lineup,26.0,34.1,27.1,47.9,50.0,54.3,No,No,8,Yes,Yes,RotoWire projected lineup; MLB probable pitchers,lineup projected / unconfirmed,H:2026 P:2026/2025,,,Direct BvP not yet weighted; 2026/2025 Statcast baseline active,7,9,25,1,Contact streak: 9/25 over last 7 games,"same-side matchup; pitcher baseline 6.7% barrel, 9.1 HR allowed",neutral batted-ball profile; pitcher fly-ball pressure modest,5.7,31.5,87.4,97.7648,0.422,0.161,0.328,73.5,35.9,40.7,25.9,3.0,0.172,6.71,40.59,89.33,0.3689,0.1449,24.91,,,Target Field,
221,665804,Miguel Amaya,CHC,MIL,2026-09-01T23:40:00Z,Scheduled,8,Robert Gasser,688107,L,34.5,Longshot,Watch List,"Projected Lineup, Platoon Edge",23.3,36.0,29.8,47.9,78.0,0.8,No,No,8,Yes,Yes,RotoWire projected lineup; MLB probable pitchers,lineup projected / unconfirmed,H:2026/2025 P:2026/2025,,,Direct BvP not yet weighted; 2026/2025 Statcast baseline active,7,2,16,0,"Last 7 games: 2/16, 0 HR","platoon edge; pitcher baseline 7.6% barrel, 9.4 HR allowed",neutral batted-ball profile; pitcher fly-ball pressure modest,6.74,34.09,87.24,97.6657,0.3412,0.1259,0.2929,70.94,13.87,40.66,32.09,4.7,0.1539,7.6,36.84,88.41,0.3953,0.1579,27.03,,,Wrigley Field,
222,807713,Matt Shaw,CHC,MIL,2026-09-01T23:40:00Z,Scheduled,9,Robert Gasser,688107,L,34.3,Longshot,Watch List,"Projected Lineup, Platoon Edge",19.5,36.0,29.8,40.2,78.0,41.2,No,No,9,Yes,Yes,RotoWire projected lineup; MLB probable pitchers,lineup projected / unconfirmed,H:2026/2025 P:2026/2025,,,Direct BvP not yet weighted; 2026/2025 Statcast baseline active,7,3,11,1,"Last 7 games: 3/11, 1 HR","platoon edge; pitcher baseline 7.6% barrel, 9.4 HR allowed",neutral batted-ball profile; pitcher fly-ball pressure modest,5.88,33.81,86.16,97.1796,0.3687,0.131,0.3041,69.32,8.35,34.18,25.84,7.4,0.1834,7.6,36.84,88.41,0.3953,0.1579,27.03,,,Wrigley Field,
223,665926,Andres Gimenez,TOR,CLE,2026-09-01T22:40:00Z,Scheduled,9,Gavin Williams,668909,R,34.2,Longshot,Watch List,"Projected Lineup, Platoon Edge",7.4,57.4,27.6,40.2,80.0,19.5,No,No,9,Yes,Yes,RotoWire projected lineup; MLB probable pitchers,lineup projected / unconfirmed,H:2026/2025 P:2026/2025,,,Direct BvP not yet weighted; 2026/2025 Statcast baseline active,7,5,20,0,"Last 7 games: 5/20, 0 HR","platoon edge; pitcher baseline 11.1% barrel, 25.8 HR allowed",neutral batted-ball profile; pitcher fly-ball pressure modest,3.28,25.46,85.81,95.932,0.3344,0.0985,0.2793,68.53,5.07,38.52,23.72,7.7,0.1114,11.1,46.61,90.33,0.412,0.1831,25.86,,,Progressive Field,
224,805367,Chase Meidroth,CWS,HOU,2026-09-02T00:10:00Z,Scheduled,7,Ronel Blanco,669854,R,34.1,Longshot,Watch List,Projected Lineup,12.1,50.2,27.6,59.8,50.0,20.9,No,No,7,Yes,Yes,RotoWire projected lineup; MLB probable pitchers,lineup projected / unconfirmed,H:2026/2025 P:2026/2025,,,Direct BvP not yet weighted; 2026/2025 Statcast baseline active,7,7,27,0,"Last 7 games: 7/27, 0 HR","same-side matchup; pitcher baseline 10.8% barrel, 7.0 HR allowed",neutral batted-ball profile; pitcher allows elevated contact,3.49,34.91,87.71,97.3626,0.3337,0.0926,0.2958,67.12,1.25,38.61,19.91,9.9,0.109,10.78,34.91,88.14,0.4345,0.2026,38.47,,,Daikin Park,
225,672275,Patrick Bailey,CLE,TOR,2026-09-01T22:40:00Z,Scheduled,8,Spencer Miles,693686,R,33.9,Longshot,Watch List,"Projected Lineup, Platoon Edge",30.9,12.2,27.6,47.9,75.0,63.3,No,No,8,Yes,Yes,RotoWire projected lineup; MLB probable pitchers,lineup projected / unconfirmed,H:2026/2025 P:2026,,,Direct BvP not yet weighted; 2026/2025 Statcast baseline active,7,7,16,1,Contact streak: 7/16 over last 7 games,"switch hitter; pitcher baseline 3.8% barrel, 5.0 HR allowed",neutral batted-ball profile; pitcher fly-ball pressure modest,6.51,40.04,89.81,99.5935,0.3757,0.1454,0.2934,72.55,27.6,33.9,26.62,6.7,0.1128,3.8,35.0,86.8,0.324,0.094,20.3,,,Progressive Field,
226,650333,Luis Arraez,PHI,AZ,2026-09-02T01:40:00Z,Scheduled,4,Eduardo Rodriguez,593958,L,33.6,Longshot,Watch List,"Projected Lineup, Premium Lineup Spot",7.2,38.6,28.2,90.4,50.0,12.0,No,No,4,Yes,Yes,RotoWire projected lineup; MLB probable pitchers,lineup projected / unconfirmed,H:2026/2025 P:2026/2025,,,Direct BvP not yet weighted; 2026/2025 Statcast baseline active,7,5,25,0,"Last 7 games: 5/25, 0 HR","same-side matchup; pitcher baseline 7.9% barrel, 17.3 HR allowed",neutral batted-ball profile; pitcher fly-ball pressure modest,1.17,18.38,86.31,93.9167,0.3763,0.0858,0.3058,62.92,0.12,30.31,28.66,6.6,0.1112,7.92,34.29,87.64,0.4265,0.1678,27.19,,,Chase Field,
227,650402,Gleyber Torres,DET,MIN,2026-09-01T23:40:00Z,Scheduled,1,Andrew Morris,702193,R,33.4,Longshot,Watch List,"Projected Lineup, Premium Lineup Spot",25.5,12.5,27.1,88.7,50.0,19.5,No,No,1,Yes,Yes,RotoWire projected lineup; MLB probable pitchers,lineup projected / unconfirmed,H:2026/2025 P:2026,,,Direct BvP not yet weighted; 2026/2025 Statcast baseline active,7,7,28,0,"Last 7 games: 7/28, 0 HR","same-side matchup; pitcher baseline 3.1% barrel, 4.0 HR allowed",neutral batted-ball profile; pitcher fly-ball pressure modest,7.22,34.87,87.48,97.8368,0.3997,0.1447,0.3364,68.7,5.96,27.11,27.59,10.4,0.1233,3.1,33.0,86.3,0.319,0.093,27.7,,,Target Field,
228,630105,Jake Cronenworth,SD,CIN,2026-09-01T22:40:00Z,Scheduled,9,Nick Lodolo,666157,L,33.2,Longshot,Watch List,Projected Lineup,14.8,50.6,39.3,40.2,50.0,2.7,No,No,9,Yes,Yes,RotoWire projected lineup; MLB probable pitchers,lineup projected / unconfirmed,H:2026/2025 P:2026/2025,,,Direct BvP not yet weighted; 2026/2025 Statcast baseline active,7,4,29,0,"Last 7 games: 4/29, 0 HR","same-side matchup; pitcher baseline 9.3% barrel, 17.1 HR allowed",neutral batted-ball profile; pitcher fly-ball pressure modest,4.1,32.28,87.59,97.8303,0.3173,0.0979,0.2882,71.32,17.39,31.61,23.56,6.1,0.0932,9.32,39.73,89.78,0.4639,0.1837,25.98,,,Great American Ball Park,
229,694197,Angel Genao,CLE,TOR,2026-09-01T22:40:00Z,Scheduled,6,Spencer Miles,693686,R,33.2,Longshot,Watch List,"Projected Lineup, Platoon Edge",28.1,12.2,27.6,71.7,75.0,0.8,No,No,6,Yes,Yes,RotoWire projected lineup; MLB probable pitchers,lineup projected / unconfirmed,H:2026 P:2026,,,Direct BvP not yet weighted; 2026/2025 Statcast baseline active,7,3,24,0,"Last 7 games: 3/24, 0 HR","switch hitter; pitcher baseline 3.8% barrel, 5.0 HR allowed",neutral batted-ball profile; pitcher fly-ball pressure modest,4.6,52.3,91.0,100.5208,0.332,0.091,0.288,72.3,25.6,38.5,16.9,1.0,0.081,3.8,35.0,86.8,0.324,0.094,20.3,,,Progressive Field,
230,694203,Denzer Guzman,LAA,NYY,2026-09-02T01:38:00Z,Scheduled,8,Gerrit Cole,543037,R,33.0,Longshot,Watch List,Projected Lineup,24.2,39.8,28.2,47.9,50.0,0.0,No,No,8,Yes,Yes,RotoWire projected lineup; MLB probable pitchers,lineup projected / unconfirmed,H:2026/2025 P:2026,,,Direct BvP not yet weighted; 2026/2025 Statcast baseline active,7,2,20,0,"Last 7 games: 2/20, 0 HR","same-side matchup; pitcher baseline 7.9% barrel, 13.0 HR allowed",neutral batted-ball profile; pitcher fly-ball pressure modest,8.56,36.67,86.43,98.4794,0.3202,0.1127,0.249,73.43,34.85,40.04,23.56,4.8,0.1362,7.9,42.3,90.2,0.362,0.128,28.7,,,Angel Stadium,
231,693409,Cesar Prieto,STL,LAD,2026-09-02T02:10:00Z,Scheduled,7,Eric Lauer,641778,L,32.9,Longshot,Watch List,Projected Lineup,8.2,54.7,27.6,59.8,50.0,0.0,No,No,7,Yes,Yes,RotoWire projected lineup; MLB probable pitchers,lineup projected / unconfirmed,H:2026/2025 P:2026/2025,,,Direct BvP not yet weighted; 2026/2025 Statcast baseline active,7,2,19,0,"Last 7 games: 2/19, 0 HR","same-side matchup; pitcher baseline 10.1% barrel, 21.3 HR allowed",neutral batted-ball profile; pitcher allows elevated contact,3.8,20.72,87.7,98.0856,0.2457,0.084,0.1743,69.72,4.29,61.08,12.95,0.0,0.0,10.06,37.35,89.13,0.4498,0.2028,36.9,,,UNIQLO Field at Dodger Stadium,
232,676609,Jose Caballero,NYY,LAA,2026-09-02T01:38:00Z,Scheduled,9,Grayson Rodriguez,680570,R,32.8,Longshot,Watch List,Projected Lineup,9.8,52.7,28.2,40.2,50.0,50.3,No,No,9,Yes,Yes,RotoWire projected lineup; MLB probable pitchers,lineup projected / unconfirmed,H:2026/2025 P:2026,,,Direct BvP not yet weighted; 2026/2025 Statcast baseline active,7,8,24,1,Contact streak: 8/24 over last 7 games,"same-side matchup; pitcher baseline 9.1% barrel, 10.0 HR allowed",neutral batted-ball profile; pitcher fly-ball pressure modest,4.78,27.31,84.46,96.4927,0.3418,0.1129,0.2869,68.89,8.05,41.6,21.73,10.6,0.1306,9.1,45.0,90.6,0.461,0.189,27.3,,,Angel Stadium,
233,543760,Marcus Semien,NYM,TB,2026-09-01T22:40:00Z,Scheduled,8,Freddy Peralta,642547,R,32.7,Longshot,Watch List,Projected Lineup,23.2,34.9,27.6,47.9,50.0,25.8,No,No,8,Yes,Yes,RotoWire projected lineup; MLB probable pitchers,lineup projected / unconfirmed,H:2026/2025 P:2026/2025,,,Direct BvP not yet weighted; 2026/2025 Statcast baseline active,7,7,24,0,"Last 7 games: 7/24, 0 HR","same-side matchup; pitcher baseline 7.1% barrel, 21.7 HR allowed",neutral batted-ball profile; pitcher fly-ball pressure modest,6.38,33.46,87.04,97.3691,0.3887,0.1425,0.3089,68.5,3.13,47.33,31.3,14.3,0.1305,7.06,37.09,87.65,0.3757,0.1466,28.34,,,Tropicana Field,
234,675961,Alika Williams,ATH,TEX,2026-09-02T00:05:00Z,Scheduled,8,MacKenzie Gore,669022,L,32.5,Longshot,Watch List,"Projected Lineup, Platoon Edge",7.9,46.4,27.6,47.9,78.0,17.3,No,No,8,Yes,Yes,RotoWire projected lineup; MLB probable pitchers,lineup projected / unconfirmed,H:2026 P:2026/2025,,,Direct BvP not yet weighted; 2026/2025 Statcast baseline active,7,4,17,0,"Last 7 games: 4/17, 0 HR","platoon edge; pitcher baseline 9.3% barrel, 18.6 HR allowed",neutral batted-ball profile; pitcher fly-ball pressure modest,0.8,34.5,84.9,97.1238,0.293,0.078,0.243,69.5,3.6,37.5,23.3,2.0,0.141,9.34,42.21,89.49,0.3884,0.1502,28.21,,,Globe Life Field,
235,,Leo Bernal,STL,LAD,2026-09-02T02:10:00Z,Scheduled,9,Eric Lauer,641778,L,32.5,Longshot,Watch List,Projected Lineup,6.4,52.8,27.6,40.2,60.0,50.0,No,No,9,Yes,Yes,RotoWire projected lineup; MLB probable pitchers,lineup projected / unconfirmed,H: P:2026/2025,,,Direct BvP not yet weighted; 2026/2025 Statcast baseline active,,,,,Recent form unavailable,"handedness incomplete; pitcher baseline 10.1% barrel, 21.3 HR allowed",neutral batted-ball profile; pitcher allows elevated contact,,,,,,,,,,,,,,10.06,37.35,89.13,0.4498,0.2028,36.9,,,UNIQLO Field at Dodger Stadium,
236,664728,Kyle Isbel,KC,MIA,2026-09-01T23:40:00Z,Scheduled,9,Tyler Phillips,663969,R,32.3,Longshot,Watch List,"Projected Lineup, Platoon Edge",12.9,40.8,23.2,40.2,80.0,37.8,No,No,9,Yes,Yes,RotoWire projected lineup; MLB probable pitchers,lineup projected / unconfirmed,H:2026/2025 P:2026/2025,,,Direct BvP not yet weighted; 2026/2025 Statcast baseline active,7,6,24,1,"Last 7 games: 6/24, 1 HR","platoon edge; pitcher baseline 7.3% barrel, 12.2 HR allowed",neutral batted-ball profile; pitcher fly-ball pressure modest,2.79,34.42,88.43,99.0281,0.3096,0.0826,0.2622,71.03,13.55,32.88,19.29,5.4,0.1169,7.27,43.54,89.76,0.405,0.1506,25.59,,,Kauffman Stadium,
237,691011,Drew Romo,CWS,HOU,2026-09-02T00:10:00Z,Scheduled,9,Ronel Blanco,669854,R,32.2,Longshot,Watch List,"Projected Lineup, Platoon Edge",9.3,49.5,27.6,40.2,75.0,15.3,No,No,9,Yes,Yes,RotoWire projected lineup; MLB probable pitchers,lineup projected / unconfirmed,H:2026/2025 P:2026/2025,,,Direct BvP not yet weighted; 2026/2025 Statcast baseline active,7,4,18,0,"Last 7 games: 4/18, 0 HR","switch hitter; pitcher baseline 10.8% barrel, 7.0 HR allowed",neutral batted-ball profile; pitcher allows elevated contact,6.2,26.2,84.4,95.4233,0.2058,0.0749,0.1799,68.49,3.71,37.7,30.8,4.9,0.105,10.78,34.91,88.14,0.4345,0.2026,38.47,,,Daikin Park,
238,696285,Jacob Young,WSH,ATL,2026-09-01T22:45:00Z,Scheduled,9,AJ Smith-Shawver,700363,R,31.8,Longshot,Watch List,Projected Lineup,17.6,43.7,28.2,40.2,50.0,22.9,No,No,9,Yes,Yes,RotoWire projected lineup; MLB probable pitchers,lineup projected / unconfirmed,H:2026/2025 P:2026/2025,,,Direct BvP not yet weighted; 2026/2025 Statcast baseline active,7,6,22,0,"Last 7 games: 6/22, 0 HR","same-side matchup; pitcher baseline 8.5% barrel, 1.9 HR allowed",neutral batted-ball profile; pitcher fly-ball pressure modest,4.84,32.17,87.67,97.8771,0.3724,0.1132,0.311,69.21,2.09,35.7,24.35,7.6,0.1197,8.47,41.7,89.65,0.4365,0.1646,29.38,,,Nationals Park,
239,670764,Taylor Walls,TB,NYM,2026-09-01T22:40:00Z,Scheduled,9,Sean Manaea,640455,L,31.6,Longshot,Watch List,"Projected Lineup, Platoon Edge",5.5,52.5,27.6,40.2,75.0,13.3,No,No,9,Yes,Yes,RotoWire projected lineup; MLB probable pitchers,lineup projected / unconfirmed,H:2026/2025 P:2026/2025,,,Direct BvP not yet weighted; 2026/2025 Statcast baseline active,7,5,24,0,"Last 7 games: 5/24, 0 HR","switch hitter; pitcher baseline 10.5% barrel, 17.9 HR allowed",neutral batted-ball profile; pitcher fly-ball pressure modest,2.36,23.32,85.95,95.4522,0.274,0.0773,0.2533,68.35,2.2,38.33,28.7,2.6,0.0794,10.51,42.25,89.45,0.4381,0.189,28.89,,,Tropicana Field,
240,693304,Nick Gonzales,PIT,SF,2026-09-01T22:40:00Z,Scheduled,6,Logan Webb,657277,R,31.4,Longshot,Watch List,Projected Lineup,15.6,30.3,24.3,71.7,50.0,16.6,No,No,6,Yes,Yes,RotoWire projected lineup; MLB probable pitchers,lineup projected / unconfirmed,H:2026/2025 P:2026/2025,,,Direct BvP not yet weighted; 2026/2025 Statcast baseline active,7,6,26,0,"Last 7 games: 6/26, 0 HR","same-side matchup; pitcher baseline 6.5% barrel, 11.9 HR allowed",neutral batted-ball profile; pitcher fly-ball pressure modest,3.31,35.65,86.91,98.1803,0.3778,0.1056,0.3134,70.64,12.59,37.01,21.05,5.7,0.0929,6.48,38.87,88.51,0.3812,0.1289,19.56,,,PNC Park,
241,643376,Danny Jansen,TEX,ATH,2026-09-02T00:05:00Z,Scheduled,9,Brady Basso,669620,L,31.4,Longshot,Watch List,"Projected Lineup, Platoon Edge",22.9,20.5,27.6,40.2,78.0,42.4,No,No,9,Yes,Yes,RotoWire projected lineup; MLB probable pitchers,lineup projected / unconfirmed,H:2026/2025 P:2026/2025,,,Direct BvP not yet weighted; 2026/2025 Statcast baseline active,7,3,19,2,Hot streak: 2 HR in last 7 games,"platoon edge; pitcher baseline 4.4% barrel, 2.1 HR allowed",neutral batted-ball profile; pitcher fly-ball pressure modest,7.54,34.1,87.25,97.6189,0.308,0.1325,0.2657,69.99,6.53,53.84,29.26,7.7,0.1707,4.42,37.52,89.1,0.3585,0.0902,24.85,,,Globe Life Field,
242,686475,Tyler Tolbert,KC,MIA,2026-09-01T23:40:00Z,Scheduled,7,Tyler Phillips,663969,R,31.0,Longshot,Watch List,Projected Lineup,7.9,40.8,23.2,59.8,50.0,44.5,No,No,7,Yes,Yes,RotoWire projected lineup; MLB probable pitchers,lineup projected / unconfirmed,H:2026/2025 P:2026/2025,,,Direct BvP not yet weighted; 2026/2025 Statcast baseline active,7,5,12,0,Contact streak: 5/12 over last 7 games,"same-side matchup; pitcher baseline 7.3% barrel, 12.2 HR allowed",neutral batted-ball profile; pitcher fly-ball pressure modest,2.96,29.84,86.06,96.6159,0.3248,0.076,0.3025,69.25,3.58,32.89,23.33,2.4,0.1161,7.27,43.54,89.76,0.405,0.1506,25.59,,,Kauffman Stadium,
243,694378,Jacob Gonzalez,PIT,SF,2026-09-01T22:40:00Z,Scheduled,9,Logan Webb,657277,R,30.8,Longshot,Watch List,"Projected Lineup, Platoon Edge",21.3,30.3,24.3,40.2,80.0,0.0,No,No,9,Yes,Yes,RotoWire projected lineup; MLB probable pitchers,lineup projected / unconfirmed,H:2026 P:2026/2025,,,Direct BvP not yet weighted; 2026/2025 Statcast baseline active,7,1,18,0,"Last 7 games: 1/18, 0 HR","platoon edge; pitcher baseline 6.5% barrel, 11.9 HR allowed",neutral batted-ball profile; pitcher fly-ball pressure modest,3.5,35.7,88.1,98.6188,0.39,0.136,0.302,71.2,14.8,43.1,25.7,6.0,0.14,6.48,38.87,88.51,0.3812,0.1289,19.56,,,PNC Park,
244,676391,Ernie Clement,TOR,CLE,2026-09-01T22:40:00Z,Scheduled,8,Gavin Williams,668909,R,30.7,Longshot,Watch List,Projected Lineup,4.9,57.4,27.6,47.9,50.0,0.0,No,No,8,Yes,Yes,RotoWire projected lineup; MLB probable pitchers,lineup projected / unconfirmed,H:2026/2025 P:2026/2025,,,Direct BvP not yet weighted; 2026/2025 Statcast baseline active,7,2,24,0,"Last 7 games: 2/24, 0 HR","same-side matchup; pitcher baseline 11.1% barrel, 25.8 HR allowed",neutral batted-ball profile; pitcher fly-ball pressure modest,2.26,21.87,84.92,94.5765,0.3373,0.0853,0.2722,67.39,2.68,40.66,27.55,9.0,0.1161,11.1,46.61,90.33,0.412,0.1831,25.86,,,Progressive Field,
245,683953,Travis Bazzana,CLE,TOR,2026-09-01T22:40:00Z,Scheduled,7,Spencer Miles,693686,R,30.4,Longshot,Watch List,"Projected Lineup, Platoon Edge",19.2,12.7,27.6,59.8,80.0,26.4,No,No,7,Yes,Yes,RotoWire projected lineup; MLB probable pitchers,lineup projected / unconfirmed,H:2026 P:2026,,,Direct BvP not yet weighted; 2026/2025 Statcast baseline active,7,8,27,0,"Last 7 games: 8/27, 0 HR","platoon edge; pitcher baseline 3.8% barrel, 5.0 HR allowed",neutral batted-ball profile; pitcher fly-ball pressure modest,4.5,36.6,87.9,98.4408,0.338,0.114,0.296,69.6,12.3,38.8,27.6,9.0,0.128,3.8,35.0,86.8,0.324,0.094,20.3,,,Progressive Field,
246,802415,Chandler Simpson,TB,NYM,2026-09-01T22:40:00Z,Scheduled,8,Sean Manaea,640455,L,30.3,Longshot,Watch List,Projected Lineup,0.2,54.4,27.6,47.9,50.0,36.0,No,No,8,Yes,Yes,RotoWire projected lineup; MLB probable pitchers,lineup projected / unconfirmed,H:2026/2025 P:2026/2025,,,Direct BvP not yet weighted; 2026/2025 Statcast baseline active,7,9,25,0,Contact streak: 9/25 over last 7 games,"same-side matchup; pitcher baseline 10.5% barrel, 17.9 HR allowed",neutral batted-ball profile; pitcher fly-ball pressure modest,0.0,14.29,83.81,92.7914,0.3059,0.0382,0.2725,64.66,0.51,28.41,12.65,0.0,0.0521,10.51,42.25,89.45,0.4381,0.189,28.89,,,Tropicana Field,
247,,John Peck,DET,MIN,2026-09-01T23:40:00Z,Scheduled,2,Andrew Morris,702193,R,30.3,Longshot,Watch List,"Projected Lineup, Premium Lineup Spot",6.4,12.1,27.1,95.5,60.0,50.0,No,No,2,Yes,Yes,RotoWire projected lineup; MLB probable pitchers,lineup projected / unconfirmed,H: P:2026,,,Direct BvP not yet weighted; 2026/2025 Statcast baseline active,,,,,Recent form unavailable,"handedness incomplete; pitcher baseline 3.1% barrel, 4.0 HR allowed",neutral batted-ball profile; pitcher fly-ball pressure modest,,,,,,,,,,,,,,3.1,33.0,86.3,0.319,0.093,27.7,,,Target Field,
248,691594,Javier Sanoja,MIA,KC,2026-09-01T23:40:00Z,Scheduled,6,Randy Dobnak,677976,R,30.1,Longshot,Watch List,Projected Lineup,9.8,31.4,23.2,71.7,50.0,26.4,No,No,6,Yes,Yes,RotoWire projected lineup; MLB probable pitchers,lineup projected / unconfirmed,H:2026/2025 P:2026/2025,,,Direct BvP not yet weighted; 2026/2025 Statcast baseline active,7,8,27,0,"Last 7 games: 8/27, 0 HR","same-side matchup; pitcher baseline 4.4% barrel, 2.4 HR allowed",neutral batted-ball profile; pitcher fly-ball pressure modest,2.01,31.85,87.31,97.356,0.3371,0.0788,0.2827,68.86,6.46,37.1,19.11,6.0,0.1425,4.41,44.75,91.11,0.4129,0.1268,21.43,,,Kauffman Stadium,
249,683083,Nasim Nunez,WSH,ATL,2026-09-01T22:45:00Z,Scheduled,8,AJ Smith-Shawver,700363,R,30.0,Longshot,Watch List,"Projected Lineup, Platoon Edge",5.4,43.5,28.2,47.9,75.0,1.6,No,No,8,Yes,Yes,RotoWire projected lineup; MLB probable pitchers,lineup projected / unconfirmed,H:2026/2025 P:2026/2025,,,Direct BvP not yet weighted; 2026/2025 Statcast baseline active,7,3,23,0,"Last 7 games: 3/23, 0 HR","switch hitter; pitcher baseline 8.5% barrel, 1.9 HR allowed",neutral batted-ball profile; pitcher fly-ball pressure modest,1.83,27.71,86.15,96.0938,0.3012,0.0741,0.275,68.67,4.7,31.01,19.66,1.9,0.0755,8.47,41.7,89.65,0.4365,0.1646,29.38,,,Nationals Park,
250,687231,Darell Hernaiz,ATH,TEX,2026-09-02T00:05:00Z,Scheduled,9,MacKenzie Gore,669022,L,30.0,Longshot,Watch List,"Projected Lineup, Platoon Edge",4.8,46.4,27.6,40.2,78.0,10.6,No,No,9,Yes,Yes,RotoWire projected lineup; MLB probable pitchers,lineup projected / unconfirmed,H:2026/2025 P:2026/2025,,,Direct BvP not yet weighted; 2026/2025 Statcast baseline active,7,4,21,0,"Last 7 games: 4/21, 0 HR","platoon edge; pitcher baseline 9.3% barrel, 18.6 HR allowed",neutral batted-ball profile; pitcher fly-ball pressure modest,1.59,28.28,85.14,96.304,0.295,0.0656,0.2777,68.9,5.94,28.82,21.37,1.3,0.0533,9.34,42.21,89.49,0.3884,0.1502,28.21,,,Globe Life Field,
251,680757,Steven Kwan,CLE,TOR,2026-09-01T22:40:00Z,Scheduled,1,Spencer Miles,693686,R,29.9,Longshot,Watch List,"Projected Lineup, Premium Lineup Spot, Platoon Edge",2.6,12.7,27.6,88.7,80.0,45.0,No,No,1,Yes,Yes,RotoWire projected lineup; MLB probable pitchers,lineup projected / unconfirmed,H:2026/2025 P:2026,,,Direct BvP not yet weighted; 2026/2025 Statcast baseline active,7,14,31,0,Contact streak: 14/31 over last 7 games,"platoon edge; pitcher baseline 3.8% barrel, 5.0 HR allowed",neutral batted-ball profile; pitcher fly-ball pressure modest,0.92,12.44,84.59,92.6497,0.3408,0.0713,0.3177,62.8,0.38,28.44,23.51,4.7,0.0733,3.8,35.0,86.8,0.324,0.094,20.3,,,Progressive Field,
252,702332,Caleb Durbin,BOS,SEA,2026-09-01T22:45:00Z,Scheduled,7,Bryan Woo,693433,R,29.8,Longshot,Watch List,Projected Lineup,3.9,44.4,28.7,59.8,50.0,13.6,No,No,7,Yes,Yes,RotoWire projected lineup; MLB probable pitchers,lineup projected / unconfirmed,H:2026/2025 P:2026/2025,,,Direct BvP not yet weighted; 2026/2025 Statcast baseline active,7,4,19,0,"Last 7 games: 4/19, 0 HR","same-side matchup; pitcher baseline 8.0% barrel, 19.7 HR allowed",neutral batted-ball profile; pitcher fly-ball pressure modest,3.02,26.06,84.08,95.6616,0.3326,0.0902,0.2952,68.88,5.09,40.11,20.1,11.7,0.1352,7.98,43.34,89.66,0.387,0.1548,28.62,,,Fenway Park,
253,677870,Leo Jimenez,MIA,KC,2026-09-01T23:40:00Z,Scheduled,9,Randy Dobnak,677976,R,29.8,Longshot,Watch List,Projected Lineup,26.1,31.4,23.2,40.2,50.0,0.8,No,No,9,Yes,Yes,RotoWire projected lineup; MLB probable pitchers,lineup projected / unconfirmed,H:2026/2025 P:2026/2025,,,Direct BvP not yet weighted; 2026/2025 Statcast baseline active,7,2,16,0,"Last 7 games: 2/16, 0 HR","same-side matchup; pitcher baseline 4.4% barrel, 2.4 HR allowed",neutral batted-ball profile; pitcher fly-ball pressure modest,5.46,43.0,90.6,100.117,0.3306,0.1043,0.2942,71.51,13.15,35.14,23.54,1.7,0.0729,4.41,44.75,91.11,0.4129,0.1268,21.43,,,Kauffman Stadium,
254,663968,Jake Mangum,PIT,SF,2026-09-01T22:40:00Z,Scheduled,7,Logan Webb,657277,R,27.8,Longshot,Watch List,"Projected Lineup, Platoon Edge",6.1,29.0,24.3,59.8,75.0,1.6,No,No,7,Yes,Yes,RotoWire projected lineup; MLB probable pitchers,lineup projected / unconfirmed,H:2026/2025 P:2026/2025,,,Direct BvP not yet weighted; 2026/2025 Statcast baseline active,7,3,23,0,"Last 7 games: 3/23, 0 HR","switch hitter; pitcher baseline 6.5% barrel, 11.9 HR allowed",neutral batted-ball profile; pitcher fly-ball pressure modest,2.21,29.41,86.04,96.7417,0.3276,0.0801,0.2809,67.58,3.87,27.93,15.42,3.7,0.0818,6.48,38.87,88.51,0.3812,0.1289,19.56,,,PNC Park,
255,703601,Max Clark,DET,MIN,2026-09-01T23:40:00Z,Scheduled,9,Andrew Morris,702193,R,26.7,Longshot,Watch List,"Projected Lineup, Platoon Edge",17.1,12.5,27.1,40.2,80.0,24.0,No,No,9,Yes,Yes,RotoWire projected lineup; MLB probable pitchers,lineup projected / unconfirmed,H:2026 P:2026,,,Direct BvP not yet weighted; 2026/2025 Statcast baseline active,7,3,19,1,"Last 7 games: 3/19, 1 HR","platoon edge; pitcher baseline 3.1% barrel, 4.0 HR allowed",neutral batted-ball profile; pitcher fly-ball pressure modest,1.3,39.0,86.4,97.9733,0.363,0.092,0.306,73.4,28.9,36.4,26.0,2.0,0.163,3.1,33.0,86.3,0.319,0.093,27.7,,,Target Field,
256,701162,Ben Malgeri,DET,MIN,2026-09-01T23:40:00Z,Scheduled,8,Andrew Morris,702193,R,26.2,Longshot,Watch List,Projected Lineup,24.1,12.5,27.1,47.9,50.0,0.0,No,No,8,Yes,Yes,RotoWire projected lineup; MLB probable pitchers,lineup projected / unconfirmed,H:2026 P:2026,,,Direct BvP not yet weighted; 2026/2025 Statcast baseline active,7,1,13,0,"Last 7 games: 1/13, 0 HR","same-side matchup; pitcher baseline 3.1% barrel, 4.0 HR allowed",neutral batted-ball profile; pitcher fly-ball pressure modest,5.9,41.2,89.8,99.9523,0.33,0.106,0.308,69.1,4.5,41.2,25.5,3.0,0.153,3.1,33.0,86.3,0.319,0.093,27.7,,,Target Field,
257,683766,Christian Koss,SF,PIT,2026-09-01T22:40:00Z,Scheduled,9,Paul Skenes,694973,R,26.0,Longshot,Watch List,Projected Lineup,12.8,29.6,24.3,40.2,50.0,18.3,No,No,9,Yes,Yes,RotoWire projected lineup; MLB probable pitchers,lineup projected / unconfirmed,H:2026/2025 P:2026/2025,,,Direct BvP not yet weighted; 2026/2025 Statcast baseline active,7,2,20,1,"Last 7 games: 2/20, 1 HR","same-side matchup; pitcher baseline 6.8% barrel, 13.1 HR allowed",neutral batted-ball profile; pitcher fly-ball pressure modest,5.79,31.08,86.06,97.9524,0.3096,0.0942,0.2536,69.79,6.63,39.49,18.49,1.6,0.0767,6.85,39.4,88.16,0.3343,0.1253,23.43,,,PNC Park,
258,623168,Tyler Heineman,LAA,NYY,2026-09-02T01:38:00Z,Scheduled,9,Gerrit Cole,543037,R,26.0,Longshot,Watch List,"Projected Lineup, Platoon Edge",0.5,38.4,28.2,40.2,75.0,0.0,No,No,9,Yes,Yes,RotoWire projected lineup; MLB probable pitchers,lineup projected / unconfirmed,H:2026/2025 P:2026,,,Direct BvP not yet weighted; 2026/2025 Statcast baseline active,7,1,13,0,"Last 7 games: 1/13, 0 HR","switch hitter; pitcher baseline 7.9% barrel, 13.0 HR allowed",neutral batted-ball profile; pitcher fly-ball pressure modest,1.52,15.05,82.3,92.5443,0.2706,0.0552,0.2499,65.54,0.49,44.27,22.31,1.6,0.0759,7.9,42.3,90.2,0.362,0.128,28.7,,,Angel Stadium,
259,801501,Nate Furman,SF,PIT,2026-09-01T22:40:00Z,Scheduled,8,Paul Skenes,694973,R,25.5,Longshot,Watch List,"Projected Lineup, Platoon Edge",0.2,29.6,24.3,47.9,80.0,16.6,No,No,8,Yes,Yes,RotoWire projected lineup; MLB probable pitchers,lineup projected / unconfirmed,H:2026 P:2026/2025,,,Direct BvP not yet weighted; 2026/2025 Statcast baseline active,7,3,13,0,"Last 7 games: 3/13, 0 HR","platoon edge; pitcher baseline 6.8% barrel, 13.1 HR allowed",neutral batted-ball profile; pitcher fly-ball pressure modest,0.0,21.4,83.8,93.5158,0.22,0.033,0.249,66.3,0.0,42.9,14.3,0.0,0.0,6.85,39.4,88.16,0.3343,0.1253,23.43,,,PNC Park,
260,683227,Cody Freeman,TEX,ATH,2026-09-02T00:05:00Z,Scheduled,8,Brady Basso,669620,L,25.4,Longshot,Watch List,"Projected Lineup, Platoon Edge",0.7,20.5,27.6,47.9,78.0,48.3,No,No,8,Yes,Yes,RotoWire projected lineup; MLB probable pitchers,lineup projected / unconfirmed,H:2026/2025 P:2026/2025,,,Direct BvP not yet weighted; 2026/2025 Statcast baseline active,7,8,25,1,Contact streak: 8/25 over last 7 games,"platoon edge; pitcher baseline 4.4% barrel, 2.1 HR allowed",neutral batted-ball profile; pitcher fly-ball pressure modest,2.66,23.91,83.85,94.6765,0.2819,0.0709,0.257,67.02,0.45,40.34,20.42,1.6,0.1042,4.42,37.52,89.1,0.3585,0.0902,24.85,,,Globe Life Field,
261,677587,Brayan Rocchio,CLE,TOR,2026-09-01T22:40:00Z,Scheduled,9,Spencer Miles,693686,R,24.6,Longshot,Watch List,"Projected Lineup, Platoon Edge",14.1,12.2,27.6,40.2,75.0,10.8,No,No,9,Yes,Yes,RotoWire projected lineup; MLB probable pitchers,lineup projected / unconfirmed,H:2026/2025 P:2026,,,Direct BvP not yet weighted; 2026/2025 Statcast baseline active,7,5,26,0,"Last 7 games: 5/26, 0 HR","switch hitter; pitcher baseline 3.8% barrel, 5.0 HR allowed",neutral batted-ball profile; pitcher fly-ball pressure modest,3.16,32.42,87.16,97.3418,0.351,0.1067,0.2929,69.93,7.15,43.85,25.3,8.5,0.1126,3.8,35.0,86.8,0.324,0.094,20.3,,,Progressive Field,
