rank,hitter_id,player,team,opponent,game_start_time,game_status,batting_order,pitcher,pitcher_id,pitcher_hand,hr_score,tier,play_type,reason_tags,power_score,pitcher_score,environment_score,lineup_score,platoon_score,recent_form_score,confirmed_lineup,rotowire_confirmed_lineup,rotowire_batting_order,rotowire_player_found,lineup_disagreement,lineup_sources_used,source_warnings,stat_years_used,bvp_pa,bvp_hr,bvp_note,recent_games,recent_hits,recent_abs,recent_hr,recent_form_note,split_matchup_note,pitch_mix_note,barrel_pct,hard_hit_pct,avg_exit_velocity,ev50,xslg,xiso,xwoba,bat_speed,fast_swing_pct,pull_pct,fb_pct,hr_total,iso,pitcher_barrel_pct_allowed,pitcher_hard_hit_pct_allowed,pitcher_avg_exit_velocity_allowed,pitcher_xslg_allowed,pitcher_xiso_allowed,pitcher_fb_pct_allowed,wind_direction,weather_temp,ballpark,odds
1,695578,James Wood,WSH,TOR,2026-07-27T22:45:00Z,Scheduled,1,Max Scherzer,453286,R,69.5,Tier 3,Watch List,"Projected Lineup, Elite Power, Strong Barrel, Premium Lineup Spot, Platoon Edge",83.2,65.0,28.2,88.7,80.0,52.5,No,Yes,1,Yes,Yes,RotoWire projected lineup; MLB probable pitchers,lineup projected / unconfirmed,H:2026/2025 P:2026/2025,,,Direct BvP not yet weighted; 2026/2025 Statcast baseline active,7,7,31,2,Hot streak: 2 HR in last 7 games,"platoon edge; pitcher baseline 13.0% barrel, 12.0 HR allowed",EV profile; pitcher allows elevated contact,20.11,57.91,94.86,106.3425,0.5623,0.2918,0.4023,76.56,66.55,30.75,26.34,28.9,0.2575,12.96,39.11,88.93,0.5079,0.244,32.34,,,Nationals Park,
2,699013,Esmerlyn Valdez,PIT,AZ,2026-07-27T22:40:00Z,Scheduled,4,Merrill Kelly,518876,R,68.2,Tier 3,Watch List,"Projected Lineup, Elite Power, Strong Barrel, Premium Lineup Spot, Hot Hitter/Streak",82.5,68.9,24.3,90.4,50.0,72.7,No,Yes,4,Yes,Yes,RotoWire projected lineup; MLB probable pitchers,lineup projected / unconfirmed,H:2026 P:2026/2025,,,Direct BvP not yet weighted; 2026/2025 Statcast baseline active,7,5,21,3,Hot streak: 3 HR in last 7 games,"same-side matchup; pitcher baseline 12.2% barrel, 22.3 HR allowed",EV profile; pitcher fly-ball pressure modest,27.9,54.4,93.0,104.5504,0.536,0.314,0.364,74.9,50.7,30.9,42.6,13.0,0.4,12.24,44.55,90.34,0.5262,0.2384,26.78,,,PNC Park,
3,670541,Yordan Alvarez,HOU,LAA,2026-07-28T01:38:00Z,Scheduled,2,Walbert Ureña,700712,R,60.7,Tier 3,Watch List,"Projected Lineup, Elite Power, Strong Barrel, Premium Lineup Spot, Platoon Edge, Hot Hitter/Streak",85.2,13.5,28.2,95.5,80.0,91.0,No,Yes,2,Yes,Yes,RotoWire projected lineup; MLB probable pitchers,lineup projected / unconfirmed,H:2026/2025 P:2026,,,Direct BvP not yet weighted; 2026/2025 Statcast baseline active,7,9,25,3,Hot streak: 3 HR in last 7 games,"platoon edge; pitcher baseline 5.0% barrel, 5.0 HR allowed",lift-pull EV profile; pitcher fly-ball pressure modest,17.37,53.18,94.63,105.1568,0.6638,0.3441,0.449,76.1,62.09,41.93,36.94,25.6,0.2718,5.0,33.2,86.9,0.292,0.091,22.0,,,Angel Stadium,
4,656941,Kyle Schwarber,PHI,MIA,2026-07-27T22:40:00Z,Scheduled,2,Tyler Phillips,663969,R,59.7,Longshot,Watch List,"Projected Lineup, Elite Power, Strong Barrel, Premium Lineup Spot, Platoon Edge",79.0,38.1,21.5,95.5,80.0,13.3,No,Yes,2,Yes,Yes,RotoWire projected lineup; MLB probable pitchers,lineup projected / unconfirmed,H:2026/2025 P:2026/2025,,,Direct BvP not yet weighted; 2026/2025 Statcast baseline active,7,5,24,0,"Last 7 games: 5/24, 0 HR","platoon edge; pitcher baseline 7.0% barrel, 8.7 HR allowed",lift-pull EV profile; pitcher fly-ball pressure modest,19.05,54.28,93.6,104.5198,0.5264,0.2847,0.3772,77.16,75.63,54.7,34.23,39.9,0.3055,6.99,43.05,89.76,0.4001,0.145,24.82,,,loanDepot park,
5,664040,Brandon Lowe,PIT,AZ,2026-07-27T22:40:00Z,Scheduled,2,Merrill Kelly,518876,R,59.2,Longshot,Watch List,"Projected Lineup, Strong Barrel, Premium Lineup Spot, Platoon Edge",53.1,68.9,24.3,95.5,80.0,18.0,No,Yes,2,Yes,Yes,RotoWire projected lineup; MLB probable pitchers,lineup projected / unconfirmed,H:2026/2025 P:2026/2025,,,Direct BvP not yet weighted; 2026/2025 Statcast baseline active,7,6,25,0,"Last 7 games: 6/25, 0 HR","platoon edge; pitcher baseline 12.2% barrel, 22.3 HR allowed",neutral batted-ball profile; pitcher fly-ball pressure modest,12.51,45.97,91.03,101.5593,0.4591,0.2114,0.3357,73.76,40.19,46.44,33.13,24.0,0.2252,12.24,44.55,90.34,0.5262,0.2384,26.78,,,PNC Park,
6,545361,Mike Trout,LAA,HOU,2026-07-28T01:38:00Z,Scheduled,2,Tatsuya Imai,837227,R,59.0,Longshot,Watch List,"Projected Lineup, Strong Barrel, Premium Lineup Spot",67.9,53.0,28.2,95.5,50.0,36.5,No,Yes,2,Yes,Yes,RotoWire projected lineup; MLB probable pitchers,lineup projected / unconfirmed,H:2026/2025 P:2026,,,Direct BvP not yet weighted; 2026/2025 Statcast baseline active,7,8,22,0,Contact streak: 8/22 over last 7 games,"same-side matchup; pitcher baseline 10.9% barrel, 9.0 HR allowed",neutral batted-ball profile; pitcher fly-ball pressure modest,17.97,48.67,90.76,103.482,0.5174,0.2642,0.3895,74.77,49.41,39.87,32.12,20.4,0.2168,10.9,45.6,89.9,0.412,0.183,25.9,,,Angel Stadium,
7,682928,CJ Abrams,WSH,TOR,2026-07-27T22:45:00Z,Scheduled,4,Max Scherzer,453286,R,58.6,Longshot,Watch List,"Projected Lineup, Premium Lineup Spot, Platoon Edge, Hot Hitter/Streak",42.2,65.0,28.2,90.4,80.0,100.0,No,Yes,4,Yes,Yes,RotoWire projected lineup; MLB probable pitchers,lineup projected / unconfirmed,H:2026/2025 P:2026/2025,,,Direct BvP not yet weighted; 2026/2025 Statcast baseline active,7,17,30,7,Hot streak: 7 HR in last 7 games,"platoon edge; pitcher baseline 13.0% barrel, 12.0 HR allowed",neutral batted-ball profile; pitcher allows elevated contact,9.98,41.37,89.47,100.1242,0.4472,0.1903,0.3377,72.75,26.9,43.94,29.22,23.2,0.2376,12.96,39.11,88.93,0.5079,0.244,32.34,,,Nationals Park,
8,682829,Elly De La Cruz,CIN,CLE,2026-07-27T23:10:00Z,Scheduled,1,Slade Cecconi,677944,R,58.6,Longshot,Watch List,"Projected Lineup, Strong Barrel, Premium Lineup Spot, Platoon Edge",57.1,50.1,39.3,88.7,75.0,53.3,No,Yes,1,Yes,Yes,RotoWire projected lineup; MLB probable pitchers,lineup projected / unconfirmed,H:2026/2025 P:2026/2025,,,Direct BvP not yet weighted; 2026/2025 Statcast baseline active,7,6,26,2,Hot streak: 2 HR in last 7 games,"switch hitter; pitcher baseline 9.5% barrel, 17.7 HR allowed",EV profile; pitcher fly-ball pressure modest,13.24,49.73,93.17,104.2155,0.4681,0.1989,0.3542,75.13,51.72,36.08,25.73,18.5,0.2082,9.54,42.03,89.53,0.4561,0.1884,25.96,,,Great American Ball Park,
9,700250,Ben Rice,NYY,CWS,2026-07-27T23:40:00Z,Scheduled,2,Noah Schultz,702273,L,58.6,Longshot,Watch List,"Projected Lineup, Strong Barrel, Premium Lineup Spot",65.6,52.9,27.6,95.5,50.0,44.5,No,Yes,2,Yes,Yes,RotoWire projected lineup; MLB probable pitchers,lineup projected / unconfirmed,H:2026/2025 P:2026,,,Direct BvP not yet weighted; 2026/2025 Statcast baseline active,7,5,29,2,Hot streak: 2 HR in last 7 games,"same-side matchup; pitcher baseline 10.7% barrel, 9.0 HR allowed",EV profile; pitcher fly-ball pressure modest,15.61,50.5,92.6,102.5712,0.5299,0.2555,0.3819,72.91,28.2,46.99,29.48,28.8,0.2874,10.7,39.6,89.1,0.471,0.198,28.4,,,Rate Field,
10,665953,Andres Chaparro,WSH,TOR,2026-07-27T22:45:00Z,Scheduled,2,Max Scherzer,453286,R,58.4,Longshot,Watch List,"Projected Lineup, Strong Barrel, Premium Lineup Spot, Hot Hitter/Streak",49.2,65.0,28.2,95.5,50.0,89.5,No,Yes,2,Yes,Yes,RotoWire projected lineup; MLB probable pitchers,lineup projected / unconfirmed,H:2026/2025 P:2026/2025,,,Direct BvP not yet weighted; 2026/2025 Statcast baseline active,7,7,20,3,Hot streak: 3 HR in last 7 games,"same-side matchup; pitcher baseline 13.0% barrel, 12.0 HR allowed",neutral batted-ball profile; pitcher allows elevated contact,12.78,46.34,89.01,101.2605,0.4384,0.2051,0.3392,74.21,42.09,49.01,27.56,3.1,0.188,12.96,39.11,88.93,0.5079,0.244,32.34,,,Nationals Park,
11,687952,Christian Encarnacion-Strand,BAL,DET,2026-07-27T22:40:00Z,Scheduled,5,Keider Montero,672456,R,58.0,Longshot,Watch List,"Projected Lineup, Strong Barrel, Hot Hitter/Streak",73.1,37.9,27.6,81.9,50.0,92.6,No,Yes,5,Yes,Yes,RotoWire projected lineup; MLB probable pitchers,lineup projected / unconfirmed,H:2026/2025 P:2026/2025,,,Direct BvP not yet weighted; 2026/2025 Statcast baseline active,7,10,27,3,Hot streak: 3 HR in last 7 games,"same-side matchup; pitcher baseline 7.6% barrel, 11.8 HR allowed",neutral batted-ball profile; pitcher fly-ball pressure modest,17.47,46.38,91.33,102.8231,0.5963,0.3284,0.3667,73.67,34.8,39.86,31.12,3.9,0.3426,7.57,38.42,88.75,0.3998,0.1615,25.84,,,Comerica Park,
12,621566,Matt Olson,ATL,NYM,2026-07-27T23:10:00Z,Scheduled,3,Zac Thornton,804267,L,57.2,Longshot,Watch List,"Projected Lineup, Strong Barrel, Premium Lineup Spot",64.3,54.7,24.8,92.1,50.0,33.7,No,Yes,3,Yes,Yes,RotoWire projected lineup; MLB probable pitchers,lineup projected / unconfirmed,H:2026/2025 P:2026,,,Direct BvP not yet weighted; 2026/2025 Statcast baseline active,7,6,27,1,"Last 7 games: 6/27, 1 HR","same-side matchup; pitcher baseline 12.5% barrel, 1.0 HR allowed",EV profile; pitcher allows elevated contact,13.98,51.2,92.81,103.8622,0.5018,0.2531,0.3586,74.6,48.37,37.3,32.22,27.6,0.2463,12.5,37.5,89.8,0.426,0.175,39.1,,,Citi Field,
13,805811,Bryce Eldridge,SF,MIL,2026-07-28T01:45:00Z,Scheduled,3,Brandon Sproat,687075,R,57.2,Longshot,Watch List,"Projected Lineup, Strong Barrel, Premium Lineup Spot, Platoon Edge",73.7,36.9,19.3,92.1,80.0,19.9,No,Yes,3,Yes,Yes,RotoWire projected lineup; MLB probable pitchers,lineup projected / unconfirmed,H:2026/2025 P:2026/2025,,,Direct BvP not yet weighted; 2026/2025 Statcast baseline active,7,3,23,1,"Last 7 games: 3/23, 1 HR","platoon edge; pitcher baseline 7.2% barrel, 11.2 HR allowed",lift-pull EV profile; pitcher fly-ball pressure modest,16.74,59.07,93.5,103.6185,0.4988,0.2638,0.3671,73.11,29.35,41.42,38.31,7.0,0.163,7.18,41.4,89.3,0.3948,0.1465,22.55,,,Oracle Park,
14,686527,Dominic Canzone,SEA,TEX,2026-07-27T18:35:00Z,Scheduled,3,Kumar Rocker,677958,R,56.8,Longshot,Watch List,"Projected Lineup, Strong Barrel, Premium Lineup Spot, Platoon Edge",58.7,47.1,27.6,92.1,80.0,37.8,No,Yes,3,Yes,Yes,RotoWire projected lineup; MLB probable pitchers,lineup projected / unconfirmed,H:2026/2025 P:2026/2025,,,Direct BvP not yet weighted; 2026/2025 Statcast baseline active,7,7,28,1,"Last 7 games: 7/28, 1 HR","platoon edge; pitcher baseline 8.7% barrel, 11.7 HR allowed",EV profile; pitcher fly-ball pressure modest,14.01,47.6,92.09,102.8633,0.5001,0.2297,0.3606,74.22,44.26,40.6,26.09,13.8,0.223,8.72,43.86,89.73,0.443,0.1766,22.3,,,Globe Life Field,
15,686948,Drake Baldwin,ATL,NYM,2026-07-27T23:10:00Z,Scheduled,1,Zac Thornton,804267,L,56.5,Longshot,Watch List,"Projected Lineup, Strong Barrel, Premium Lineup Spot",59.7,54.7,24.8,88.7,50.0,60.7,No,Yes,1,Yes,Yes,RotoWire projected lineup; MLB probable pitchers,lineup projected / unconfirmed,H:2026/2025 P:2026,,,Direct BvP not yet weighted; 2026/2025 Statcast baseline active,7,7,25,2,Hot streak: 2 HR in last 7 games,"same-side matchup; pitcher baseline 12.5% barrel, 1.0 HR allowed",neutral batted-ball profile; pitcher allows elevated contact,13.87,50.3,91.63,102.4448,0.5094,0.2318,0.3754,75.02,53.25,31.94,24.76,19.7,0.2055,12.5,37.5,89.8,0.426,0.175,39.1,,,Citi Field,
16,624413,Pete Alonso,BAL,DET,2026-07-27T22:40:00Z,Scheduled,2,Keider Montero,672456,R,55.6,Longshot,Watch List,"Projected Lineup, Strong Barrel, Premium Lineup Spot",68.1,37.9,27.6,95.5,50.0,40.3,No,Yes,2,Yes,Yes,RotoWire projected lineup; MLB probable pitchers,lineup projected / unconfirmed,H:2026/2025 P:2026/2025,,,Direct BvP not yet weighted; 2026/2025 Statcast baseline active,7,8,30,1,"Last 7 games: 8/30, 1 HR","same-side matchup; pitcher baseline 7.6% barrel, 11.8 HR allowed",EV profile; pitcher fly-ball pressure modest,14.28,54.54,93.78,104.0211,0.5279,0.2549,0.3804,74.88,49.48,36.71,30.67,26.1,0.2233,7.57,38.42,88.75,0.3998,0.1615,25.84,,,Comerica Park,
17,701762,Nick Kurtz,ATH,BOS,2026-07-28T01:40:00Z,Scheduled,2,Payton Tolle,801139,L,55.4,Longshot,Watch List,"Projected Lineup, Elite Power, Strong Barrel, Premium Lineup Spot",75.2,29.8,30.9,95.5,50.0,18.3,No,Yes,2,Yes,Yes,RotoWire projected lineup; MLB probable pitchers,lineup projected / unconfirmed,H:2026/2025 P:2026/2025,,,Direct BvP not yet weighted; 2026/2025 Statcast baseline active,7,1,25,1,"Last 7 games: 1/25, 1 HR","same-side matchup; pitcher baseline 6.9% barrel, 7.8 HR allowed",EV profile; pitcher fly-ball pressure modest,18.22,56.14,93.33,105.6398,0.502,0.2563,0.3741,77.97,78.58,33.9,30.7,24.8,0.2583,6.89,35.5,88.01,0.3588,0.1387,28.51,,,Sutter Health Park,
18,682985,Riley Greene,DET,BAL,2026-07-27T22:40:00Z,Scheduled,4,Kyle Bradish,680694,R,55.0,Longshot,Watch List,"Projected Lineup, Strong Barrel, Premium Lineup Spot, Platoon Edge",64.3,33.8,27.6,90.4,80.0,33.7,No,Yes,4,Yes,Yes,RotoWire projected lineup; MLB probable pitchers,lineup projected / unconfirmed,H:2026/2025 P:2026/2025,,,Direct BvP not yet weighted; 2026/2025 Statcast baseline active,7,6,27,1,"Last 7 games: 6/27, 1 HR","platoon edge; pitcher baseline 8.3% barrel, 9.3 HR allowed",neutral batted-ball profile; pitcher fly-ball pressure modest,16.05,49.84,91.16,102.8701,0.4945,0.2389,0.36,75.67,58.6,39.89,33.17,21.3,0.1993,8.31,37.57,88.68,0.3592,0.1359,22.24,,,Comerica Park,
19,663993,Nathaniel Lowe,CIN,CLE,2026-07-27T23:10:00Z,Scheduled,5,Slade Cecconi,677944,R,55.0,Longshot,Watch List,"Projected Lineup, Strong Barrel, Platoon Edge, Hot Hitter/Streak",41.0,52.0,39.3,81.9,80.0,88.7,No,Yes,5,Yes,Yes,RotoWire projected lineup; MLB probable pitchers,lineup projected / unconfirmed,H:2026/2025 P:2026/2025,,,Direct BvP not yet weighted; 2026/2025 Statcast baseline active,7,10,29,3,Hot streak: 3 HR in last 7 games,"platoon edge; pitcher baseline 9.5% barrel, 17.7 HR allowed",neutral batted-ball profile; pitcher fly-ball pressure modest,10.08,41.08,89.0,100.9463,0.4367,0.1842,0.3352,74.03,38.51,37.69,26.27,13.8,0.2027,9.54,42.03,89.53,0.4561,0.1884,25.96,,,Great American Ball Park,
20,686611,Dylan Crews,WSH,TOR,2026-07-27T22:45:00Z,Scheduled,3,Max Scherzer,453286,R,54.6,Longshot,Watch List,"Projected Lineup, Premium Lineup Spot, Hot Hitter/Streak",41.7,65.0,28.2,92.1,50.0,73.2,No,Yes,3,Yes,Yes,RotoWire projected lineup; MLB probable pitchers,lineup projected / unconfirmed,H:2026/2025 P:2026/2025,,,Direct BvP not yet weighted; 2026/2025 Statcast baseline active,7,8,22,2,Hot streak: 2 HR in last 7 games,"same-side matchup; pitcher baseline 13.0% barrel, 12.0 HR allowed",neutral batted-ball profile; pitcher allows elevated contact,9.59,41.43,90.33,101.4893,0.4182,0.1804,0.3231,73.65,34.69,33.45,29.24,8.6,0.1503,12.96,39.11,88.93,0.5079,0.244,32.34,,,Nationals Park,
21,668804,Bryan Reynolds,PIT,AZ,2026-07-27T22:40:00Z,Scheduled,3,Merrill Kelly,518876,R,54.5,Longshot,Watch List,"Projected Lineup, Strong Barrel, Premium Lineup Spot, Platoon Edge",45.9,67.1,24.3,92.1,75.0,0.0,No,Yes,3,Yes,Yes,RotoWire projected lineup; MLB probable pitchers,lineup projected / unconfirmed,H:2026/2025 P:2026/2025,,,Direct BvP not yet weighted; 2026/2025 Statcast baseline active,7,2,29,0,"Last 7 games: 2/29, 0 HR","switch hitter; pitcher baseline 12.2% barrel, 22.3 HR allowed",neutral batted-ball profile; pitcher fly-ball pressure modest,10.66,46.14,90.92,101.9224,0.4421,0.1897,0.352,72.62,28.51,40.64,24.9,14.6,0.1752,12.24,44.55,90.34,0.5262,0.2384,26.78,,,PNC Park,
22,808959,Munetaka Murakami,CWS,NYY,2026-07-27T23:40:00Z,Scheduled,2,Max Fried,608331,L,54.3,Longshot,Watch List,"Projected Lineup, Elite Power, Strong Barrel, Premium Lineup Spot",81.8,9.3,27.6,95.5,50.0,60.7,No,Yes,2,Yes,Yes,RotoWire projected lineup; MLB probable pitchers,lineup projected / unconfirmed,H:2026 P:2026/2025,,,Direct BvP not yet weighted; 2026/2025 Statcast baseline active,7,7,25,2,Hot streak: 2 HR in last 7 games,"same-side matchup; pitcher baseline 3.3% barrel, 4.9 HR allowed",lift-pull EV profile; pitcher fly-ball pressure modest,19.7,58.5,94.0,104.6824,0.502,0.286,0.369,75.3,55.5,43.7,40.1,20.0,0.286,3.26,32.51,86.36,0.2891,0.0802,22.6,,,Rate Field,
23,646240,Rafael Devers,SF,MIL,2026-07-28T01:45:00Z,Scheduled,4,Brandon Sproat,687075,R,54.0,Longshot,Watch List,"Projected Lineup, Strong Barrel, Premium Lineup Spot, Platoon Edge",58.8,36.9,19.3,90.4,80.0,60.7,No,Yes,4,Yes,Yes,RotoWire projected lineup; MLB probable pitchers,lineup projected / unconfirmed,H:2026/2025 P:2026/2025,,,Direct BvP not yet weighted; 2026/2025 Statcast baseline active,7,7,25,2,Hot streak: 2 HR in last 7 games,"platoon edge; pitcher baseline 7.2% barrel, 11.2 HR allowed",EV profile; pitcher fly-ball pressure modest,12.92,52.32,92.66,103.0863,0.4646,0.2287,0.3369,71.81,21.69,33.63,33.18,25.9,0.2361,7.18,41.4,89.3,0.3948,0.1465,22.55,,,Oracle Park,
24,575929,Willson Contreras,BOS,ATH,2026-07-28T01:40:00Z,Scheduled,4,Jack Perkins,678022,R,53.7,Longshot,Watch List,"Projected Lineup, Strong Barrel, Premium Lineup Spot",60.4,38.5,30.9,90.4,50.0,54.9,No,Yes,4,Yes,Yes,RotoWire projected lineup; MLB probable pitchers,lineup projected / unconfirmed,H:2026/2025 P:2026/2025,,,Direct BvP not yet weighted; 2026/2025 Statcast baseline active,7,8,22,1,Contact streak: 8/22 over last 7 games,"same-side matchup; pitcher baseline 8.4% barrel, 8.9 HR allowed",neutral batted-ball profile; pitcher allows elevated contact,14.39,47.25,90.53,103.1642,0.5104,0.2436,0.3797,76.77,68.82,44.98,28.42,21.4,0.2397,8.41,37.35,88.08,0.3832,0.1517,33.82,,,Sutter Health Park,
25,671739,Michael Harris,ATL,NYM,2026-07-27T23:10:00Z,Scheduled,4,Zac Thornton,804267,L,53.5,Longshot,Watch List,"Projected Lineup, Strong Barrel, Premium Lineup Spot",50.3,54.7,24.8,90.4,50.0,58.7,No,Yes,4,Yes,Yes,RotoWire projected lineup; MLB probable pitchers,lineup projected / unconfirmed,H:2026/2025 P:2026,,,Direct BvP not yet weighted; 2026/2025 Statcast baseline active,7,8,30,2,Hot streak: 2 HR in last 7 games,"same-side matchup; pitcher baseline 12.5% barrel, 1.0 HR allowed",neutral batted-ball profile; pitcher allows elevated contact,11.41,47.67,90.83,103.5768,0.4849,0.1977,0.3444,74.65,46.72,36.29,23.68,19.3,0.1943,12.5,37.5,89.8,0.426,0.175,39.1,,,Citi Field,
26,607043,Brandon Nimmo,TEX,SEA,2026-07-27T18:35:00Z,Scheduled,4,George Kirby,669923,R,53.2,Longshot,Watch List,"Projected Lineup, Strong Barrel, Premium Lineup Spot, Platoon Edge",52.9,39.0,27.6,90.4,80.0,46.5,No,Yes,4,Yes,Yes,RotoWire projected lineup; MLB probable pitchers,lineup projected / unconfirmed,H:2026/2025 P:2026/2025,,,Direct BvP not yet weighted; 2026/2025 Statcast baseline active,7,8,26,1,"Last 7 games: 8/26, 1 HR","platoon edge; pitcher baseline 7.4% barrel, 12.2 HR allowed",EV profile; pitcher fly-ball pressure modest,11.11,51.6,92.25,102.3109,0.4834,0.2027,0.3588,72.44,27.76,32.33,26.47,14.5,0.1656,7.41,42.71,89.83,0.3913,0.1374,24.8,,,Globe Life Field,
27,592626,Joc Pederson,TEX,SEA,2026-07-27T18:35:00Z,Scheduled,1,George Kirby,669923,R,53.1,Longshot,Watch List,"Projected Lineup, Strong Barrel, Premium Lineup Spot, Platoon Edge, Hot Hitter/Streak",48.5,39.0,27.6,88.7,80.0,79.8,No,Yes,1,Yes,Yes,RotoWire projected lineup; MLB probable pitchers,lineup projected / unconfirmed,H:2026/2025 P:2026/2025,,,Direct BvP not yet weighted; 2026/2025 Statcast baseline active,7,11,27,2,Hot streak: 2 HR in last 7 games,"platoon edge; pitcher baseline 7.4% barrel, 12.2 HR allowed",neutral batted-ball profile; pitcher fly-ball pressure modest,10.76,47.74,91.76,101.8017,0.4399,0.1915,0.3444,72.42,23.4,41.43,28.35,14.6,0.2121,7.41,42.71,89.83,0.3913,0.1374,24.8,,,Globe Life Field,
28,668709,JJ Bleday,CIN,CLE,2026-07-27T23:10:00Z,Scheduled,3,Slade Cecconi,677944,R,53.0,Longshot,Watch List,"Projected Lineup, Premium Lineup Spot, Platoon Edge",40.4,52.0,39.3,92.1,80.0,23.4,No,Yes,3,Yes,Yes,RotoWire projected lineup; MLB probable pitchers,lineup projected / unconfirmed,H:2026/2025 P:2026/2025,,,Direct BvP not yet weighted; 2026/2025 Statcast baseline active,7,4,26,1,"Last 7 games: 4/26, 1 HR","platoon edge; pitcher baseline 9.5% barrel, 17.7 HR allowed",neutral batted-ball profile; pitcher fly-ball pressure modest,9.55,40.66,88.91,100.0678,0.4262,0.1844,0.3383,73.24,28.8,45.67,32.29,16.1,0.2242,9.54,42.03,89.53,0.4561,0.1884,25.96,,,Great American Ball Park,
29,691023,Jordan Walker,STL,CHC,2026-07-27T23:45:00Z,Scheduled,2,David Peterson,656849,L,52.9,Longshot,Watch List,"Projected Lineup, Strong Barrel, Premium Lineup Spot, Platoon Edge",58.0,38.8,22.1,95.5,78.0,14.1,No,Yes,2,Yes,Yes,RotoWire projected lineup; MLB probable pitchers,lineup projected / unconfirmed,H:2026/2025 P:2026/2025,,,Direct BvP not yet weighted; 2026/2025 Statcast baseline active,7,6,28,0,"Last 7 games: 6/28, 0 HR","platoon edge; pitcher baseline 6.5% barrel, 9.6 HR allowed",EV profile; pitcher fly-ball pressure modest,12.93,49.86,93.21,105.1718,0.4582,0.1984,0.3382,78.87,83.26,38.17,22.93,17.2,0.1862,6.54,44.11,90.46,0.4238,0.1475,20.2,,,Busch Stadium,
30,656811,Ryan O'Hearn,PIT,AZ,2026-07-27T22:40:00Z,Scheduled,5,Merrill Kelly,518876,R,52.6,Longshot,Watch List,"Projected Lineup, Platoon Edge",36.1,68.9,24.3,81.9,80.0,36.3,No,Yes,5,Yes,Yes,RotoWire projected lineup; MLB probable pitchers,lineup projected / unconfirmed,H:2026/2025 P:2026/2025,,,Direct BvP not yet weighted; 2026/2025 Statcast baseline active,7,6,25,1,"Last 7 games: 6/25, 1 HR","platoon edge; pitcher baseline 12.2% barrel, 22.3 HR allowed",neutral batted-ball profile; pitcher fly-ball pressure modest,7.53,44.32,89.68,99.5711,0.422,0.1593,0.3318,71.17,11.99,38.73,28.71,16.3,0.1742,12.24,44.55,90.34,0.5262,0.2384,26.78,,,PNC Park,
31,666176,Jo Adell,LAA,HOU,2026-07-28T01:38:00Z,Scheduled,6,Tatsuya Imai,837227,R,52.4,Longshot,Watch List,"Projected Lineup, Strong Barrel, Hot Hitter/Streak",51.1,53.0,28.2,71.7,50.0,80.8,No,Yes,6,Yes,Yes,RotoWire projected lineup; MLB probable pitchers,lineup projected / unconfirmed,H:2026/2025 P:2026,,,Direct BvP not yet weighted; 2026/2025 Statcast baseline active,7,7,24,3,Hot streak: 3 HR in last 7 games,"same-side matchup; pitcher baseline 10.9% barrel, 9.0 HR allowed",neutral batted-ball profile; pitcher fly-ball pressure modest,11.21,45.17,90.16,102.565,0.4734,0.212,0.3384,77.39,71.86,37.86,27.21,21.6,0.1839,10.9,45.6,89.9,0.412,0.183,25.9,,,Angel Stadium,
32,691718,Pete Crow-Armstrong,CHC,STL,2026-07-27T23:45:00Z,Scheduled,1,,,,52.0,Longshot,Watch List,"Projected Lineup, Strong Barrel, Premium Lineup Spot, Hot Hitter/Streak",52.4,41.2,22.1,88.7,60.0,74.2,No,Yes,1,Yes,Yes,RotoWire projected lineup; MLB probable pitchers,lineup projected / unconfirmed,H:2026/2025 P:,,,Direct BvP not yet weighted; 2026/2025 Statcast baseline active,7,10,27,2,Hot streak: 2 HR in last 7 games,"handedness incomplete; pitcher baseline 0.0% barrel, 0.0 HR allowed",neutral batted-ball profile; pitcher fly-ball pressure modest,11.91,46.22,89.92,101.6895,0.4743,0.2197,0.3511,74.17,43.9,49.39,34.1,25.4,0.2473,,,,,,,,,Busch Stadium,
33,671277,Luis Garcia,WSH,TOR,2026-07-27T22:45:00Z,Scheduled,8,Max Scherzer,453286,R,51.6,Longshot,Watch List,"Projected Lineup, Strong Barrel, Platoon Edge",48.4,65.0,28.2,47.9,80.0,37.8,No,Yes,8,Yes,Yes,RotoWire projected lineup; MLB probable pitchers,lineup projected / unconfirmed,H:2026/2025 P:2026/2025,,,Direct BvP not yet weighted; 2026/2025 Statcast baseline active,7,6,24,1,"Last 7 games: 6/24, 1 HR","platoon edge; pitcher baseline 13.0% barrel, 12.0 HR allowed",neutral batted-ball profile; pitcher allows elevated contact,10.54,45.66,91.18,101.7221,0.4931,0.2065,0.3495,73.38,35.35,39.96,21.77,19.5,0.2342,12.96,39.11,88.93,0.5079,0.244,32.34,,,Nationals Park,
34,641343,Jake Bauers,MIL,SF,2026-07-28T01:45:00Z,Scheduled,5,Tyler Mahle,641816,R,51.5,Longshot,Watch List,"Projected Lineup, Strong Barrel, Platoon Edge",59.4,37.4,19.3,81.9,80.0,27.0,No,Yes,5,Yes,Yes,RotoWire projected lineup; MLB probable pitchers,lineup projected / unconfirmed,H:2026/2025 P:2026/2025,,,Direct BvP not yet weighted; 2026/2025 Statcast baseline active,7,6,20,0,"Last 7 games: 6/20, 0 HR","platoon edge; pitcher baseline 7.5% barrel, 10.6 HR allowed",lift-pull EV profile; pitcher fly-ball pressure modest,13.42,50.92,92.33,103.2074,0.4584,0.2139,0.3547,76.71,71.33,39.43,30.12,14.7,0.2046,7.51,36.26,89.27,0.4053,0.153,27.75,,,Oracle Park,
35,677800,Wilyer Abreu,BOS,ATH,2026-07-28T01:40:00Z,Scheduled,3,Jack Perkins,678022,R,51.3,Longshot,Watch List,"Projected Lineup, Strong Barrel, Premium Lineup Spot, Platoon Edge",52.4,38.5,30.9,92.1,80.0,0.0,No,Yes,3,Yes,Yes,RotoWire projected lineup; MLB probable pitchers,lineup projected / unconfirmed,H:2026/2025 P:2026/2025,,,Direct BvP not yet weighted; 2026/2025 Statcast baseline active,7,2,27,0,"Last 7 games: 2/27, 0 HR","platoon edge; pitcher baseline 8.4% barrel, 8.9 HR allowed",fly-ball profile; pitcher allows elevated contact,12.51,42.94,90.1,101.2159,0.4701,0.218,0.3406,73.89,38.38,37.13,37.73,17.1,0.1968,8.41,37.35,88.08,0.3832,0.1517,33.82,,,Sutter Health Park,
36,668715,Spencer Steer,CIN,CLE,2026-07-27T23:10:00Z,Scheduled,2,Slade Cecconi,677944,R,51.2,Longshot,Watch List,"Projected Lineup, Strong Barrel, Premium Lineup Spot",39.7,52.0,39.3,95.5,50.0,37.4,No,Yes,2,Yes,Yes,RotoWire projected lineup; MLB probable pitchers,lineup projected / unconfirmed,H:2026/2025 P:2026/2025,,,Direct BvP not yet weighted; 2026/2025 Statcast baseline active,7,3,24,2,Hot streak: 2 HR in last 7 games,"same-side matchup; pitcher baseline 9.5% barrel, 17.7 HR allowed",neutral batted-ball profile; pitcher fly-ball pressure modest,10.96,37.33,88.98,99.037,0.4268,0.1882,0.328,71.11,7.66,46.73,29.88,17.5,0.18,9.54,42.03,89.53,0.4561,0.1884,25.96,,,Great American Ball Park,
37,502671,Paul Goldschmidt,NYY,CWS,2026-07-27T23:40:00Z,Scheduled,1,Noah Schultz,702273,L,51.2,Longshot,Watch List,"Projected Lineup, Strong Barrel, Premium Lineup Spot, Platoon Edge",38.4,52.9,27.6,88.7,78.0,44.1,No,Yes,1,Yes,Yes,RotoWire projected lineup; MLB probable pitchers,lineup projected / unconfirmed,H:2026/2025 P:2026,,,Direct BvP not yet weighted; 2026/2025 Statcast baseline active,7,7,24,1,"Last 7 games: 7/24, 1 HR","platoon edge; pitcher baseline 10.7% barrel, 9.0 HR allowed",neutral batted-ball profile; pitcher fly-ball pressure modest,10.31,39.64,87.74,99.5675,0.4297,0.1868,0.3143,71.69,16.37,33.74,29.0,14.2,0.1983,10.7,39.6,89.1,0.471,0.198,28.4,,,Rate Field,
38,670042,Luke Raley,SEA,TEX,2026-07-27T18:35:00Z,Scheduled,7,Kumar Rocker,677958,R,51.0,Longshot,Watch List,"Projected Lineup, Strong Barrel, Platoon Edge",54.5,47.1,27.6,59.8,80.0,40.3,No,Yes,7,Yes,Yes,RotoWire projected lineup; MLB probable pitchers,lineup projected / unconfirmed,H:2026/2025 P:2026/2025,,,Direct BvP not yet weighted; 2026/2025 Statcast baseline active,7,4,15,1,"Last 7 games: 4/15, 1 HR","platoon edge; pitcher baseline 8.7% barrel, 11.7 HR allowed",neutral batted-ball profile; pitcher fly-ball pressure modest,14.45,46.01,90.41,102.0186,0.4525,0.2113,0.3344,74.85,51.6,46.64,27.28,11.7,0.1867,8.72,43.86,89.73,0.443,0.1766,22.3,,,Globe Life Field,
39,694671,Wyatt Langford,TEX,SEA,2026-07-27T18:35:00Z,Scheduled,2,George Kirby,669923,R,51.0,Longshot,Watch List,"Projected Lineup, Strong Barrel, Premium Lineup Spot, Hot Hitter/Streak",44.9,39.0,27.6,95.5,50.0,95.9,No,Yes,2,Yes,Yes,RotoWire projected lineup; MLB probable pitchers,lineup projected / unconfirmed,H:2026/2025 P:2026/2025,,,Direct BvP not yet weighted; 2026/2025 Statcast baseline active,7,11,28,3,Hot streak: 3 HR in last 7 games,"same-side matchup; pitcher baseline 7.4% barrel, 12.2 HR allowed",neutral batted-ball profile; pitcher fly-ball pressure modest,10.71,41.75,89.93,101.0034,0.4494,0.1981,0.332,72.89,26.69,41.0,30.32,15.0,0.2271,7.41,42.71,89.83,0.3913,0.1374,24.8,,,Globe Life Field,
40,596019,Francisco Lindor,NYM,ATL,2026-07-27T23:10:00Z,Scheduled,2,Martín Pérez,527048,L,50.9,Longshot,Watch List,"Projected Lineup, Premium Lineup Spot, Platoon Edge",44.9,40.6,24.8,95.5,75.0,50.3,No,Yes,2,Yes,Yes,RotoWire projected lineup; MLB probable pitchers,lineup projected / unconfirmed,H:2026/2025 P:2026/2025,,,Direct BvP not yet weighted; 2026/2025 Statcast baseline active,7,9,27,1,Contact streak: 9/27 over last 7 games,"switch hitter; pitcher baseline 9.1% barrel, 8.8 HR allowed",neutral batted-ball profile; pitcher fly-ball pressure modest,8.83,47.62,91.48,100.321,0.4428,0.1863,0.3415,72.19,22.42,43.57,28.76,13.5,0.171,9.05,37.72,88.2,0.4269,0.1723,24.97,,,Citi Field,
41,687263,Zach Neto,LAA,HOU,2026-07-28T01:38:00Z,Scheduled,1,Tatsuya Imai,837227,R,50.9,Longshot,Watch List,"Projected Lineup, Strong Barrel, Premium Lineup Spot",49.3,53.0,28.2,88.7,50.0,15.3,No,Yes,1,Yes,Yes,RotoWire projected lineup; MLB probable pitchers,lineup projected / unconfirmed,H:2026/2025 P:2026,,,Direct BvP not yet weighted; 2026/2025 Statcast baseline active,7,6,27,0,"Last 7 games: 6/27, 0 HR","same-side matchup; pitcher baseline 10.9% barrel, 9.0 HR allowed",fly-ball profile; pitcher fly-ball pressure modest,13.16,41.91,89.95,100.2689,0.4313,0.2139,0.3188,71.19,13.23,47.55,35.17,21.1,0.2114,10.9,45.6,89.9,0.412,0.183,25.9,,,Angel Stadium,
42,553993,Eugenio Suarez,CIN,CLE,2026-07-27T23:10:00Z,Scheduled,4,Slade Cecconi,677944,R,50.8,Longshot,Watch List,"Projected Lineup, Strong Barrel, Premium Lineup Spot",40.1,52.0,39.3,90.4,50.0,40.9,No,Yes,4,Yes,Yes,RotoWire projected lineup; MLB probable pitchers,lineup projected / unconfirmed,H:2026/2025 P:2026/2025,,,Direct BvP not yet weighted; 2026/2025 Statcast baseline active,7,4,27,2,Hot streak: 2 HR in last 7 games,"same-side matchup; pitcher baseline 9.5% barrel, 17.7 HR allowed",neutral batted-ball profile; pitcher fly-ball pressure modest,11.85,37.17,89.01,99.995,0.3776,0.1799,0.285,71.81,20.83,47.47,33.41,24.5,0.228,9.54,42.03,89.53,0.4561,0.1884,25.96,,,Great American Ball Park,
43,673548,Seiya Suzuki,CHC,STL,2026-07-27T23:45:00Z,Scheduled,2,,,,50.7,Longshot,Watch List,"Projected Lineup, Strong Barrel, Premium Lineup Spot",46.9,41.2,22.1,95.5,60.0,64.8,No,Yes,2,Yes,Yes,RotoWire projected lineup; MLB probable pitchers,lineup projected / unconfirmed,H:2026/2025 P:,,,Direct BvP not yet weighted; 2026/2025 Statcast baseline active,7,5,27,3,Hot streak: 3 HR in last 7 games,"handedness incomplete; pitcher baseline 0.0% barrel, 0.0 HR allowed",neutral batted-ball profile; pitcher fly-ball pressure modest,11.84,43.03,89.69,101.4024,0.4461,0.197,0.3408,73.33,36.36,43.09,30.15,21.5,0.2113,,,,,,,,,Busch Stadium,
44,677594,Julio Rodriguez,SEA,TEX,2026-07-27T18:35:00Z,Scheduled,2,Kumar Rocker,677958,R,50.6,Longshot,Watch List,"Projected Lineup, Premium Lineup Spot",47.0,47.1,27.6,95.5,50.0,34.9,No,Yes,2,Yes,Yes,RotoWire projected lineup; MLB probable pitchers,lineup projected / unconfirmed,H:2026/2025 P:2026/2025,,,Direct BvP not yet weighted; 2026/2025 Statcast baseline active,7,6,26,1,"Last 7 games: 6/26, 1 HR","same-side matchup; pitcher baseline 8.7% barrel, 11.7 HR allowed",neutral batted-ball profile; pitcher fly-ball pressure modest,9.31,45.13,90.61,102.9715,0.4713,0.1999,0.3454,76.54,66.35,37.09,25.28,20.1,0.1776,8.72,43.86,89.73,0.443,0.1766,22.3,,,Globe Life Field,
45,547180,Bryce Harper,PHI,MIA,2026-07-27T22:40:00Z,Scheduled,3,Tyler Phillips,663969,R,50.6,Longshot,Watch List,"Projected Lineup, Strong Barrel, Premium Lineup Spot, Platoon Edge",52.1,38.1,21.5,92.1,80.0,18.3,No,Yes,3,Yes,Yes,RotoWire projected lineup; MLB probable pitchers,lineup projected / unconfirmed,H:2026/2025 P:2026/2025,,,Direct BvP not yet weighted; 2026/2025 Statcast baseline active,7,3,25,1,"Last 7 games: 3/25, 1 HR","platoon edge; pitcher baseline 7.0% barrel, 8.7 HR allowed",neutral batted-ball profile; pitcher fly-ball pressure modest,11.39,45.68,90.46,101.8983,0.4962,0.2268,0.3764,74.27,46.96,38.82,28.08,22.8,0.2309,6.99,43.05,89.76,0.4001,0.145,24.82,,,loanDepot park,
46,642708,Amed Rosario,NYY,CWS,2026-07-27T23:40:00Z,Scheduled,3,Noah Schultz,702273,L,50.1,Longshot,Watch List,"Projected Lineup, Premium Lineup Spot, Platoon Edge",40.3,52.9,27.6,92.1,78.0,0.0,No,Yes,3,Yes,Yes,RotoWire projected lineup; MLB probable pitchers,lineup projected / unconfirmed,H:2026/2025 P:2026,,,Direct BvP not yet weighted; 2026/2025 Statcast baseline active,7,1,11,0,"Last 7 games: 1/11, 0 HR","platoon edge; pitcher baseline 10.7% barrel, 9.0 HR allowed",neutral batted-ball profile; pitcher fly-ball pressure modest,9.57,41.01,90.57,101.3908,0.4271,0.1713,0.3156,73.76,38.44,39.85,23.72,8.1,0.195,10.7,39.6,89.1,0.471,0.198,28.4,,,Rate Field,
47,669065,Kyle Stowers,MIA,PHI,2026-07-27T22:40:00Z,Scheduled,2,Zack Wheeler,554430,R,50.0,Longshot,Watch List,"Projected Lineup, Strong Barrel, Premium Lineup Spot, Platoon Edge",58.0,21.7,21.5,95.5,80.0,37.8,No,Yes,2,Yes,Yes,RotoWire projected lineup; MLB probable pitchers,lineup projected / unconfirmed,H:2026/2025 P:2026/2025,,,Direct BvP not yet weighted; 2026/2025 Statcast baseline active,7,7,28,1,"Last 7 games: 7/28, 1 HR","platoon edge; pitcher baseline 6.3% barrel, 13.4 HR allowed",neutral batted-ball profile; pitcher fly-ball pressure modest,13.36,53.54,91.52,103.1486,0.4495,0.2104,0.3344,75.14,53.1,46.41,29.82,15.9,0.2147,6.29,33.96,86.63,0.3116,0.1135,24.62,,,loanDepot park,
48,676369,Nelson Velazquez,STL,CHC,2026-07-27T23:45:00Z,Scheduled,7,David Peterson,656849,L,50.0,Longshot,Watch List,"Projected Lineup, Strong Barrel, Platoon Edge",66.6,38.8,22.1,59.8,78.0,0.0,No,Yes,7,Yes,Yes,RotoWire projected lineup; MLB probable pitchers,lineup projected / unconfirmed,H:2026 P:2026/2025,,,Direct BvP not yet weighted; 2026/2025 Statcast baseline active,7,0,12,0,"Last 7 games: 0/12, 0 HR","platoon edge; pitcher baseline 6.5% barrel, 9.6 HR allowed",lift-pull EV profile; pitcher fly-ball pressure modest,11.6,65.1,94.6,102.8714,0.501,0.248,0.357,74.8,53.1,46.5,32.6,4.0,0.231,6.54,44.11,90.46,0.4238,0.1475,20.2,,,Busch Stadium,
49,691781,Brady House,WSH,TOR,2026-07-27T22:45:00Z,Scheduled,5,Max Scherzer,453286,R,49.8,Longshot,Watch List,Projected Lineup,37.3,65.0,28.2,81.9,50.0,34.9,No,Yes,5,Yes,Yes,RotoWire projected lineup; MLB probable pitchers,lineup projected / unconfirmed,H:2026/2025 P:2026/2025,,,Direct BvP not yet weighted; 2026/2025 Statcast baseline active,7,6,26,1,"Last 7 games: 6/26, 1 HR","same-side matchup; pitcher baseline 13.0% barrel, 12.0 HR allowed",neutral batted-ball profile; pitcher allows elevated contact,8.71,43.99,89.24,101.4545,0.4099,0.1574,0.3085,73.17,28.64,34.92,26.21,6.1,0.1468,12.96,39.11,88.93,0.5079,0.244,32.34,,,Nationals Park,
50,663586,Austin Riley,ATL,NYM,2026-07-27T23:10:00Z,Scheduled,7,Zac Thornton,804267,L,49.8,Longshot,Watch List,"Projected Lineup, Strong Barrel, Platoon Edge",50.9,54.7,24.8,59.8,78.0,15.3,No,Yes,7,Yes,Yes,RotoWire projected lineup; MLB probable pitchers,lineup projected / unconfirmed,H:2026/2025 P:2026,,,Direct BvP not yet weighted; 2026/2025 Statcast baseline active,7,6,27,0,"Last 7 games: 6/27, 0 HR","platoon edge; pitcher baseline 12.5% barrel, 1.0 HR allowed",neutral batted-ball profile; pitcher allows elevated contact,12.26,45.93,91.18,102.7058,0.4104,0.19,0.3069,75.83,59.24,40.64,31.92,13.2,0.1449,12.5,37.5,89.8,0.426,0.175,39.1,,,Citi Field,
51,663728,Cal Raleigh,SEA,TEX,2026-07-27T18:35:00Z,Scheduled,6,Kumar Rocker,677958,R,49.6,Longshot,Watch List,"Projected Lineup, Strong Barrel, Platoon Edge",49.7,45.9,27.6,71.7,75.0,24.3,No,Yes,6,Yes,Yes,RotoWire projected lineup; MLB probable pitchers,lineup projected / unconfirmed,H:2026/2025 P:2026/2025,,,Direct BvP not yet weighted; 2026/2025 Statcast baseline active,7,4,25,1,"Last 7 games: 4/25, 1 HR","switch hitter; pitcher baseline 8.7% barrel, 11.7 HR allowed",fly-ball profile; pitcher fly-ball pressure modest,13.48,37.42,89.06,100.1384,0.4084,0.2152,0.3101,74.99,53.02,53.38,41.94,25.0,0.1985,8.72,43.86,89.73,0.443,0.1766,22.3,,,Globe Life Field,
52,693307,Dillon Dingler,DET,BAL,2026-07-27T22:40:00Z,Scheduled,5,Kyle Bradish,680694,R,49.4,Longshot,Watch List,"Projected Lineup, Strong Barrel, Hot Hitter/Streak",49.0,33.8,27.6,81.9,50.0,100.0,No,Yes,5,Yes,Yes,RotoWire projected lineup; MLB probable pitchers,lineup projected / unconfirmed,H:2026/2025 P:2026/2025,,,Direct BvP not yet weighted; 2026/2025 Statcast baseline active,7,11,22,3,Hot streak: 3 HR in last 7 games,"same-side matchup; pitcher baseline 8.3% barrel, 9.3 HR allowed",neutral batted-ball profile; pitcher fly-ball pressure modest,10.74,46.4,89.72,101.1107,0.5065,0.2193,0.3692,71.84,16.42,40.94,28.78,19.3,0.2261,8.31,37.57,88.68,0.3592,0.1359,22.24,,,Comerica Park,
53,683737,Michael Busch,CHC,STL,2026-07-27T23:45:00Z,Scheduled,3,,,,49.3,Longshot,Watch List,"Projected Lineup, Strong Barrel, Premium Lineup Spot",46.5,41.2,22.1,92.1,60.0,50.3,No,Yes,3,Yes,Yes,RotoWire projected lineup; MLB probable pitchers,lineup projected / unconfirmed,H:2026/2025 P:,,,Direct BvP not yet weighted; 2026/2025 Statcast baseline active,7,11,33,1,Contact streak: 11/33 over last 7 games,"handedness incomplete; pitcher baseline 0.0% barrel, 0.0 HR allowed",fly-ball profile; pitcher fly-ball pressure modest,12.13,42.54,89.61,99.7784,0.45,0.2097,0.3507,68.76,5.11,39.37,35.18,19.3,0.1878,,,,,,,,,Busch Stadium,
54,664023,Ian Happ,CHC,STL,2026-07-27T23:45:00Z,Scheduled,4,,,,49.3,Longshot,Watch List,"Projected Lineup, Strong Barrel, Premium Lineup Spot, Platoon Edge",45.9,40.2,22.1,90.4,75.0,36.3,No,Yes,4,Yes,Yes,RotoWire projected lineup; MLB probable pitchers,lineup projected / unconfirmed,H:2026/2025 P:,,,Direct BvP not yet weighted; 2026/2025 Statcast baseline active,7,6,25,1,"Last 7 games: 6/25, 1 HR","switch hitter; pitcher baseline 0.0% barrel, 0.0 HR allowed",neutral batted-ball profile; pitcher fly-ball pressure modest,11.52,42.79,89.58,101.0364,0.4227,0.2028,0.3302,71.98,19.09,43.35,33.58,19.5,0.198,,,,,,,,,Busch Stadium,
55,676475,Alec Burleson,STL,CHC,2026-07-27T23:45:00Z,Scheduled,4,David Peterson,656849,L,49.2,Longshot,Watch List,"Projected Lineup, Strong Barrel, Premium Lineup Spot",52.2,38.8,22.1,90.4,50.0,44.1,No,Yes,4,Yes,Yes,RotoWire projected lineup; MLB probable pitchers,lineup projected / unconfirmed,H:2026/2025 P:2026/2025,,,Direct BvP not yet weighted; 2026/2025 Statcast baseline active,7,12,29,0,Contact streak: 12/29 over last 7 games,"same-side matchup; pitcher baseline 6.5% barrel, 9.6 HR allowed",neutral batted-ball profile; pitcher fly-ball pressure modest,10.69,46.43,91.42,101.7491,0.5144,0.2249,0.3702,73.1,31.44,43.61,27.61,15.9,0.1781,6.54,44.11,90.46,0.4238,0.1475,20.2,,,Busch Stadium,
56,800050,Chase DeLauter,CLE,CIN,2026-07-27T23:10:00Z,Scheduled,3,Chase Burns,695505,R,49.1,Longshot,Watch List,"Projected Lineup, Premium Lineup Spot, Platoon Edge",36.0,39.7,39.3,92.1,80.0,33.9,No,Yes,3,Yes,Yes,RotoWire projected lineup; MLB probable pitchers,lineup projected / unconfirmed,H:2026 P:2026/2025,,,Direct BvP not yet weighted; 2026/2025 Statcast baseline active,7,9,26,0,Contact streak: 9/26 over last 7 games,"platoon edge; pitcher baseline 9.0% barrel, 9.9 HR allowed",neutral batted-ball profile; pitcher fly-ball pressure modest,6.7,45.4,91.1,101.5859,0.438,0.158,0.346,71.5,18.6,38.2,20.5,11.0,0.166,9.01,39.19,89.29,0.3525,0.1439,29.43,,,Great American Ball Park,
57,663757,Trent Grisham,NYY,CWS,2026-07-27T23:40:00Z,Scheduled,6,Noah Schultz,702273,L,48.6,Longshot,Watch List,"Projected Lineup, Strong Barrel",49.4,52.9,27.6,71.7,50.0,18.3,No,Yes,6,Yes,Yes,RotoWire projected lineup; MLB probable pitchers,lineup projected / unconfirmed,H:2026/2025 P:2026,,,Direct BvP not yet weighted; 2026/2025 Statcast baseline active,7,2,26,1,"Last 7 games: 2/26, 1 HR","same-side matchup; pitcher baseline 10.7% barrel, 9.0 HR allowed",neutral batted-ball profile; pitcher fly-ball pressure modest,11.61,45.84,91.03,100.8159,0.4609,0.2101,0.3546,70.58,8.63,46.54,30.7,17.9,0.1926,10.7,39.6,89.1,0.471,0.198,28.4,,,Rate Field,
58,624585,Jorge Soler,LAA,HOU,2026-07-28T01:38:00Z,Scheduled,4,Tatsuya Imai,837227,R,48.5,Longshot,Watch List,"Projected Lineup, Strong Barrel, Premium Lineup Spot",40.5,53.0,28.2,90.4,50.0,21.0,No,Yes,4,Yes,Yes,RotoWire projected lineup; MLB probable pitchers,lineup projected / unconfirmed,H:2026/2025 P:2026,,,Direct BvP not yet weighted; 2026/2025 Statcast baseline active,7,4,29,1,"Last 7 games: 4/29, 1 HR","same-side matchup; pitcher baseline 10.9% barrel, 9.0 HR allowed",neutral batted-ball profile; pitcher fly-ball pressure modest,11.61,42.84,88.86,101.7446,0.3695,0.1634,0.294,74.7,48.62,50.84,24.75,11.3,0.1671,10.9,45.6,89.9,0.412,0.183,25.9,,,Angel Stadium,
59,671218,Heliot Ramos,SF,MIL,2026-07-28T01:45:00Z,Scheduled,2,Brandon Sproat,687075,R,48.5,Longshot,Watch List,"Projected Lineup, Strong Barrel, Premium Lineup Spot",53.9,36.9,19.3,95.5,50.0,21.0,No,Yes,2,Yes,Yes,RotoWire projected lineup; MLB probable pitchers,lineup projected / unconfirmed,H:2026/2025 P:2026/2025,,,Direct BvP not yet weighted; 2026/2025 Statcast baseline active,7,4,29,1,"Last 7 games: 4/29, 1 HR","same-side matchup; pitcher baseline 7.2% barrel, 11.2 HR allowed",EV profile; pitcher fly-ball pressure modest,13.49,49.22,92.22,103.153,0.4597,0.1981,0.3298,72.74,30.21,35.06,23.23,12.6,0.1685,7.18,41.4,89.3,0.3948,0.1465,22.55,,,Oracle Park,
60,669394,Jake Burger,TEX,SEA,2026-07-27T18:35:00Z,Scheduled,5,George Kirby,669923,R,48.1,Longshot,Watch List,"Projected Lineup, Strong Barrel",48.1,39.0,27.6,81.9,50.0,56.2,No,Yes,5,Yes,Yes,RotoWire projected lineup; MLB probable pitchers,lineup projected / unconfirmed,H:2026/2025 P:2026/2025,,,Direct BvP not yet weighted; 2026/2025 Statcast baseline active,7,7,28,2,Hot streak: 2 HR in last 7 games,"same-side matchup; pitcher baseline 7.4% barrel, 12.2 HR allowed",neutral batted-ball profile; pitcher fly-ball pressure modest,11.66,46.89,90.05,102.7038,0.4269,0.1886,0.3121,75.16,56.3,42.72,27.41,17.4,0.1865,7.41,42.71,89.83,0.3913,0.1374,24.8,,,Globe Life Field,
61,668930,Brice Turang,MIL,SF,2026-07-28T01:45:00Z,Scheduled,2,Tyler Mahle,641816,R,48.1,Longshot,Watch List,"Projected Lineup, Premium Lineup Spot, Platoon Edge",40.1,37.4,19.3,95.5,80.0,48.3,No,Yes,2,Yes,Yes,RotoWire projected lineup; MLB probable pitchers,lineup projected / unconfirmed,H:2026/2025 P:2026/2025,,,Direct BvP not yet weighted; 2026/2025 Statcast baseline active,7,8,25,1,Contact streak: 8/25 over last 7 games,"platoon edge; pitcher baseline 7.5% barrel, 10.6 HR allowed",neutral batted-ball profile; pitcher fly-ball pressure modest,8.49,44.67,90.82,100.6346,0.443,0.1838,0.3455,70.25,12.57,27.16,24.55,15.9,0.1834,7.51,36.26,89.27,0.4053,0.153,27.75,,,Oracle Park,
62,668227,Randy Arozarena,SEA,TEX,2026-07-27T18:35:00Z,Scheduled,4,Kumar Rocker,677958,R,48.0,Longshot,Watch List,"Projected Lineup, Premium Lineup Spot",39.2,47.1,27.6,90.4,50.0,48.5,No,Yes,4,Yes,Yes,RotoWire projected lineup; MLB probable pitchers,lineup projected / unconfirmed,H:2026/2025 P:2026/2025,,,Direct BvP not yet weighted; 2026/2025 Statcast baseline active,7,9,28,1,Contact streak: 9/28 over last 7 games,"same-side matchup; pitcher baseline 8.7% barrel, 11.7 HR allowed",neutral batted-ball profile; pitcher fly-ball pressure modest,8.91,44.86,91.09,101.0466,0.4198,0.1655,0.3445,71.32,24.76,33.84,21.86,15.8,0.167,8.72,43.86,89.73,0.443,0.1766,22.3,,,Globe Life Field,
63,694378,Jacob Gonzalez,PIT,AZ,2026-07-27T22:40:00Z,Scheduled,7,Merrill Kelly,518876,R,47.7,Longshot,Watch List,"Projected Lineup, Platoon Edge",28.2,68.9,24.3,59.8,80.0,52.8,No,Yes,7,Yes,Yes,RotoWire projected lineup; MLB probable pitchers,lineup projected / unconfirmed,H:2026 P:2026/2025,,,Direct BvP not yet weighted; 2026/2025 Statcast baseline active,7,5,22,2,Hot streak: 2 HR in last 7 games,"platoon edge; pitcher baseline 12.2% barrel, 22.3 HR allowed",neutral batted-ball profile; pitcher fly-ball pressure modest,3.7,42.7,89.1,99.947,0.411,0.148,0.324,71.6,14.2,41.0,28.9,4.0,0.161,12.24,44.55,90.34,0.5262,0.2384,26.78,,,PNC Park,
64,681715,Heriberto Hernandez,MIA,PHI,2026-07-27T22:40:00Z,Scheduled,3,Zack Wheeler,554430,R,47.5,Longshot,Watch List,"Projected Lineup, Strong Barrel, Premium Lineup Spot",58.4,21.7,21.5,92.1,50.0,46.9,No,Yes,3,Yes,Yes,RotoWire projected lineup; MLB probable pitchers,lineup projected / unconfirmed,H:2026/2025 P:2026/2025,,,Direct BvP not yet weighted; 2026/2025 Statcast baseline active,7,9,29,1,"Last 7 games: 9/29, 1 HR","same-side matchup; pitcher baseline 6.3% barrel, 13.4 HR allowed",neutral batted-ball profile; pitcher fly-ball pressure modest,12.75,49.67,91.67,101.9835,0.4903,0.2334,0.355,74.38,47.62,44.65,31.74,12.8,0.2175,6.29,33.96,86.63,0.3116,0.1135,24.62,,,loanDepot park,
65,683002,Gunnar Henderson,BAL,DET,2026-07-27T22:40:00Z,Scheduled,3,Keider Montero,672456,R,47.4,Longshot,Watch List,"Projected Lineup, Premium Lineup Spot, Platoon Edge",37.0,37.9,27.6,92.1,80.0,36.5,No,Yes,3,Yes,Yes,RotoWire projected lineup; MLB probable pitchers,lineup projected / unconfirmed,H:2026/2025 P:2026/2025,,,Direct BvP not yet weighted; 2026/2025 Statcast baseline active,7,7,29,1,"Last 7 games: 7/29, 1 HR","platoon edge; pitcher baseline 7.6% barrel, 11.8 HR allowed",neutral batted-ball profile; pitcher fly-ball pressure modest,7.62,45.7,90.21,101.3464,0.3956,0.149,0.3144,74.67,47.1,41.5,24.01,17.7,0.178,7.57,38.42,88.75,0.3998,0.1615,25.84,,,Comerica Park,
66,669016,Brandon Marsh,PHI,MIA,2026-07-27T22:40:00Z,Scheduled,4,Tyler Phillips,663969,R,47.0,Longshot,Watch List,"Projected Lineup, Premium Lineup Spot, Platoon Edge",40.5,38.1,21.5,90.4,80.0,27.6,No,Yes,4,Yes,Yes,RotoWire projected lineup; MLB probable pitchers,lineup projected / unconfirmed,H:2026/2025 P:2026/2025,,,Direct BvP not yet weighted; 2026/2025 Statcast baseline active,7,4,22,1,"Last 7 games: 4/22, 1 HR","platoon edge; pitcher baseline 7.0% barrel, 8.7 HR allowed",neutral batted-ball profile; pitcher fly-ball pressure modest,9.17,45.98,90.12,100.4147,0.4334,0.1683,0.3209,71.47,15.33,38.12,26.38,14.5,0.177,6.99,43.05,89.76,0.4001,0.145,24.82,,,loanDepot park,
67,691176,Jasson Dominguez,NYY,CWS,2026-07-27T23:40:00Z,Scheduled,4,Noah Schultz,702273,L,47.0,Longshot,Watch List,"Projected Lineup, Premium Lineup Spot, Platoon Edge",29.0,52.0,27.6,90.4,75.0,27.1,No,Yes,4,Yes,Yes,RotoWire projected lineup; MLB probable pitchers,lineup projected / unconfirmed,H:2026/2025 P:2026,,,Direct BvP not yet weighted; 2026/2025 Statcast baseline active,7,5,28,1,"Last 7 games: 5/28, 1 HR","switch hitter; pitcher baseline 10.7% barrel, 9.0 HR allowed",neutral batted-ball profile; pitcher fly-ball pressure modest,5.95,41.69,88.99,100.8789,0.3826,0.1253,0.3032,74.38,40.46,43.6,23.99,7.2,0.1597,10.7,39.6,89.1,0.471,0.198,28.4,,,Rate Field,
68,687093,Vaughn Grissom,LAA,HOU,2026-07-28T01:38:00Z,Scheduled,3,Tatsuya Imai,837227,R,47.0,Longshot,Watch List,"Projected Lineup, Premium Lineup Spot",32.6,53.0,28.2,92.1,50.0,37.8,No,Yes,3,Yes,Yes,RotoWire projected lineup; MLB probable pitchers,lineup projected / unconfirmed,H:2026 P:2026,,,Direct BvP not yet weighted; 2026/2025 Statcast baseline active,7,7,28,1,"Last 7 games: 7/28, 1 HR","same-side matchup; pitcher baseline 10.9% barrel, 9.0 HR allowed",neutral batted-ball profile; pitcher fly-ball pressure modest,7.1,41.0,89.0,99.7119,0.417,0.154,0.333,71.7,21.5,39.9,26.8,6.0,0.143,10.9,45.6,89.9,0.412,0.183,25.9,,,Angel Stadium,
69,624424,Michael Conforto,CHC,STL,2026-07-27T23:45:00Z,Scheduled,6,,,,46.8,Longshot,Watch List,"Projected Lineup, Strong Barrel",51.1,41.2,22.1,71.7,60.0,25.3,No,Yes,6,Yes,Yes,RotoWire projected lineup; MLB probable pitchers,lineup projected / unconfirmed,H:2026/2025 P:,,,Direct BvP not yet weighted; 2026/2025 Statcast baseline active,7,2,12,1,"Last 7 games: 2/12, 1 HR","handedness incomplete; pitcher baseline 0.0% barrel, 0.0 HR allowed",fly-ball profile; pitcher fly-ball pressure modest,11.8,46.17,91.37,101.1539,0.4317,0.1994,0.3293,72.95,33.22,41.57,36.44,9.9,0.2096,,,,,,,,,Busch Stadium,
70,608070,Jose Ramirez,CLE,CIN,2026-07-27T23:10:00Z,Scheduled,2,Chase Burns,695505,R,46.6,Longshot,Watch List,"Projected Lineup, Premium Lineup Spot, Platoon Edge",32.8,38.6,39.3,95.5,75.0,9.8,No,Yes,2,Yes,Yes,RotoWire projected lineup; MLB probable pitchers,lineup projected / unconfirmed,H:2026/2025 P:2026/2025,,,Direct BvP not yet weighted; 2026/2025 Statcast baseline active,7,5,27,0,"Last 7 games: 5/27, 0 HR","switch hitter; pitcher baseline 9.0% barrel, 9.9 HR allowed",neutral batted-ball profile; pitcher fly-ball pressure modest,6.51,40.5,89.32,99.8667,0.4404,0.1592,0.3483,70.34,13.26,49.78,30.04,16.0,0.1864,9.01,39.19,89.29,0.3525,0.1439,29.43,,,Great American Ball Park,
71,694192,Jackson Chourio,MIL,SF,2026-07-28T01:45:00Z,Scheduled,1,Tyler Mahle,641816,R,46.4,Longshot,Watch List,"Projected Lineup, Strong Barrel, Premium Lineup Spot",50.3,37.4,19.3,88.7,50.0,20.9,No,Yes,1,Yes,Yes,RotoWire projected lineup; MLB probable pitchers,lineup projected / unconfirmed,H:2026/2025 P:2026/2025,,,Direct BvP not yet weighted; 2026/2025 Statcast baseline active,7,7,27,0,"Last 7 games: 7/27, 0 HR","same-side matchup; pitcher baseline 7.5% barrel, 10.6 HR allowed",neutral batted-ball profile; pitcher fly-ball pressure modest,11.8,45.03,91.4,102.0811,0.4484,0.2,0.3231,74.39,45.67,32.62,28.08,15.4,0.1923,7.51,36.26,89.27,0.4053,0.153,27.75,,,Oracle Park,
72,543807,George Springer,TOR,WSH,2026-07-27T22:45:00Z,Scheduled,4,Andrew Alvarez,674841,L,46.3,Longshot,Watch List,"Projected Lineup, Strong Barrel, Premium Lineup Spot, Platoon Edge",41.5,24.7,28.2,90.4,78.0,55.9,No,Yes,4,Yes,Yes,RotoWire projected lineup; MLB probable pitchers,lineup projected / unconfirmed,H:2026/2025 P:2026/2025,,,Direct BvP not yet weighted; 2026/2025 Statcast baseline active,7,10,27,1,Contact streak: 10/27 over last 7 games,"platoon edge; pitcher baseline 5.1% barrel, 1.7 HR allowed",neutral batted-ball profile; pitcher fly-ball pressure modest,10.39,41.72,88.88,100.2064,0.4345,0.1876,0.3347,73.21,34.81,42.49,27.35,17.3,0.1922,5.1,42.27,89.46,0.3549,0.1081,15.59,,,Nationals Park,
73,666182,Bo Bichette,NYM,ATL,2026-07-27T23:10:00Z,Scheduled,3,Martín Pérez,527048,L,46.3,Longshot,Watch List,"Projected Lineup, Premium Lineup Spot, Platoon Edge",33.3,41.5,24.8,92.1,78.0,33.7,No,Yes,3,Yes,Yes,RotoWire projected lineup; MLB probable pitchers,lineup projected / unconfirmed,H:2026/2025 P:2026/2025,,,Direct BvP not yet weighted; 2026/2025 Statcast baseline active,7,10,29,0,Contact streak: 10/29 over last 7 games,"platoon edge; pitcher baseline 9.1% barrel, 8.8 HR allowed",neutral batted-ball profile; pitcher fly-ball pressure modest,6.99,44.25,90.09,101.225,0.4324,0.1482,0.3327,69.8,13.46,25.93,22.81,12.4,0.1314,9.05,37.72,88.2,0.4269,0.1723,24.97,,,Citi Field,
74,805808,Kevin McGonigle,DET,BAL,2026-07-27T22:40:00Z,Scheduled,2,Kyle Bradish,680694,R,46.2,Longshot,Watch List,"Projected Lineup, Premium Lineup Spot, Platoon Edge",34.3,33.8,27.6,95.5,80.0,40.7,No,Yes,2,Yes,Yes,RotoWire projected lineup; MLB probable pitchers,lineup projected / unconfirmed,H:2026 P:2026/2025,,,Direct BvP not yet weighted; 2026/2025 Statcast baseline active,7,7,26,1,"Last 7 games: 7/26, 1 HR","platoon edge; pitcher baseline 8.3% barrel, 9.3 HR allowed",neutral batted-ball profile; pitcher fly-ball pressure modest,7.5,38.1,88.2,98.5607,0.439,0.173,0.359,71.2,17.1,38.6,34.8,9.0,0.139,8.31,37.57,88.68,0.3592,0.1359,22.24,,,Comerica Park,
75,672960,Kazuma Okamoto,TOR,WSH,2026-07-27T22:45:00Z,Scheduled,6,Andrew Alvarez,674841,L,46.2,Longshot,Watch List,"Projected Lineup, Strong Barrel, Platoon Edge",54.8,24.7,28.2,71.7,78.0,18.3,No,Yes,6,Yes,Yes,RotoWire projected lineup; MLB probable pitchers,lineup projected / unconfirmed,H:2026 P:2026/2025,,,Direct BvP not yet weighted; 2026/2025 Statcast baseline active,7,3,25,1,"Last 7 games: 3/25, 1 HR","platoon edge; pitcher baseline 5.1% barrel, 1.7 HR allowed",neutral batted-ball profile; pitcher fly-ball pressure modest,14.0,46.5,91.0,102.0902,0.428,0.217,0.316,73.3,36.0,51.4,33.3,23.0,0.221,5.1,42.27,89.46,0.3549,0.1081,15.59,,,Nationals Park,
76,700932,Kyle Manzardo,CLE,CIN,2026-07-27T23:10:00Z,Scheduled,7,Chase Burns,695505,R,46.0,Longshot,Watch List,"Projected Lineup, Strong Barrel, Platoon Edge",40.8,39.7,39.3,59.8,80.0,30.3,No,Yes,7,Yes,Yes,RotoWire projected lineup; MLB probable pitchers,lineup projected / unconfirmed,H:2026/2025 P:2026/2025,,,Direct BvP not yet weighted; 2026/2025 Statcast baseline active,7,4,20,1,"Last 7 games: 4/20, 1 HR","platoon edge; pitcher baseline 9.0% barrel, 9.9 HR allowed",neutral batted-ball profile; pitcher fly-ball pressure modest,11.31,41.49,89.67,99.1247,0.3905,0.1717,0.3059,70.04,6.95,42.15,33.83,15.8,0.1713,9.01,39.19,89.29,0.3525,0.1439,29.43,,,Great American Ball Park,
77,669477,Casey Schmitt,SF,MIL,2026-07-28T01:45:00Z,Scheduled,5,Brandon Sproat,687075,R,46.0,Longshot,Watch List,"Projected Lineup, Strong Barrel",49.2,36.9,19.3,81.9,50.0,40.9,No,Yes,5,Yes,Yes,RotoWire projected lineup; MLB probable pitchers,lineup projected / unconfirmed,H:2026/2025 P:2026/2025,,,Direct BvP not yet weighted; 2026/2025 Statcast baseline active,7,4,27,2,Hot streak: 2 HR in last 7 games,"same-side matchup; pitcher baseline 7.2% barrel, 11.2 HR allowed",neutral batted-ball profile; pitcher fly-ball pressure modest,11.38,44.36,89.71,100.7536,0.492,0.2122,0.3483,72.26,25.71,41.62,33.15,18.3,0.1997,7.18,41.4,89.3,0.3948,0.1465,22.55,,,Oracle Park,
78,645277,Ozzie Albies,ATL,NYM,2026-07-27T23:10:00Z,Scheduled,2,Zac Thornton,804267,L,45.9,Longshot,Watch List,"Projected Lineup, Premium Lineup Spot, Platoon Edge",16.6,54.6,24.8,95.5,75.0,69.8,No,Yes,2,Yes,Yes,RotoWire projected lineup; MLB probable pitchers,lineup projected / unconfirmed,H:2026/2025 P:2026,,,Direct BvP not yet weighted; 2026/2025 Statcast baseline active,7,7,32,3,Hot streak: 3 HR in last 7 games,"switch hitter; pitcher baseline 12.5% barrel, 1.0 HR allowed",neutral batted-ball profile; pitcher allows elevated contact,4.48,28.39,87.01,96.7904,0.3625,0.1244,0.2892,69.0,6.02,46.84,31.9,16.7,0.1614,12.5,37.5,89.8,0.426,0.175,39.1,,,Citi Field,
79,678246,Miguel Vargas,CWS,NYY,2026-07-27T23:40:00Z,Scheduled,3,Max Fried,608331,L,45.8,Longshot,Watch List,"Projected Lineup, Strong Barrel, Premium Lineup Spot, Platoon Edge",54.4,9.3,27.6,92.1,78.0,31.4,No,Yes,3,Yes,Yes,RotoWire projected lineup; MLB probable pitchers,lineup projected / unconfirmed,H:2026/2025 P:2026/2025,,,Direct BvP not yet weighted; 2026/2025 Statcast baseline active,7,6,29,1,"Last 7 games: 6/29, 1 HR","platoon edge; pitcher baseline 3.3% barrel, 4.9 HR allowed",fly-ball profile; pitcher fly-ball pressure modest,12.97,44.14,90.19,100.4119,0.4896,0.2305,0.3687,73.05,35.08,42.67,36.22,19.5,0.216,3.26,32.51,86.36,0.2891,0.0802,22.6,,,Rate Field,
80,695670,Harry Ford,WSH,TOR,2026-07-27T22:45:00Z,Scheduled,7,Max Scherzer,453286,R,45.7,Longshot,Watch List,"Projected Lineup, Strong Barrel",34.1,65.0,28.2,59.8,50.0,35.6,No,Yes,7,Yes,Yes,RotoWire projected lineup; MLB probable pitchers,lineup projected / unconfirmed,H:2026/2025 P:2026/2025,,,Direct BvP not yet weighted; 2026/2025 Statcast baseline active,5,4,17,1,"Last 5 games: 4/17, 1 HR","same-side matchup; pitcher baseline 13.0% barrel, 12.0 HR allowed",fly-ball profile; pitcher allows elevated contact,16.25,32.5,79.55,97.5708,0.2997,0.1682,0.238,67.03,7.52,16.25,41.25,0.7,0.1995,12.96,39.11,88.93,0.5079,0.244,32.34,,,Nationals Park,
81,665052,Griffin Conine,MIA,PHI,2026-07-27T22:40:00Z,Scheduled,6,Zack Wheeler,554430,R,45.6,Longshot,Watch List,"Projected Lineup, Strong Barrel, Platoon Edge",58.9,21.7,21.5,71.7,80.0,10.6,No,Yes,6,Yes,Yes,RotoWire projected lineup; MLB probable pitchers,lineup projected / unconfirmed,H:2026/2025 P:2026/2025,,,Direct BvP not yet weighted; 2026/2025 Statcast baseline active,7,4,21,0,"Last 7 games: 4/21, 0 HR","platoon edge; pitcher baseline 6.3% barrel, 13.4 HR allowed",neutral batted-ball profile; pitcher fly-ball pressure modest,15.92,53.07,90.62,103.7983,0.4761,0.2124,0.3531,74.12,44.32,48.69,20.75,5.5,0.2266,6.29,33.96,86.63,0.3116,0.1135,24.62,,,loanDepot park,
82,702284,Cole Young,SEA,TEX,2026-07-27T18:35:00Z,Scheduled,1,Kumar Rocker,677958,R,45.5,Longshot,Watch List,"Projected Lineup, Premium Lineup Spot, Platoon Edge",25.2,47.1,27.6,88.7,80.0,41.7,No,Yes,1,Yes,Yes,RotoWire projected lineup; MLB probable pitchers,lineup projected / unconfirmed,H:2026/2025 P:2026/2025,,,Direct BvP not yet weighted; 2026/2025 Statcast baseline active,7,8,29,1,"Last 7 games: 8/29, 1 HR","platoon edge; pitcher baseline 8.7% barrel, 11.7 HR allowed",neutral batted-ball profile; pitcher fly-ball pressure modest,5.32,36.0,88.16,98.846,0.4005,0.1401,0.3201,71.61,22.44,43.45,26.94,10.3,0.1297,8.72,43.86,89.73,0.443,0.1766,22.3,,,Globe Life Field,
83,671056,Ivan Herrera,STL,CHC,2026-07-27T23:45:00Z,Scheduled,3,David Peterson,656849,L,45.5,Longshot,Watch List,"Projected Lineup, Premium Lineup Spot, Platoon Edge",33.2,38.8,22.1,92.1,78.0,40.3,No,Yes,3,Yes,Yes,RotoWire projected lineup; MLB probable pitchers,lineup projected / unconfirmed,H:2026/2025 P:2026/2025,,,Direct BvP not yet weighted; 2026/2025 Statcast baseline active,7,8,30,1,"Last 7 games: 8/30, 1 HR","platoon edge; pitcher baseline 6.5% barrel, 9.6 HR allowed",neutral batted-ball profile; pitcher fly-ball pressure modest,7.04,41.54,89.73,101.0104,0.4044,0.1527,0.3435,74.05,44.13,36.26,19.52,13.4,0.1464,6.54,44.11,90.46,0.4238,0.1475,20.2,,,Busch Stadium,
84,676724,Jared Young,NYM,ATL,2026-07-27T23:10:00Z,Scheduled,6,Martín Pérez,527048,L,45.2,Longshot,Watch List,"Projected Lineup, Strong Barrel",44.2,41.5,24.8,71.7,50.0,47.2,No,Yes,6,Yes,Yes,RotoWire projected lineup; MLB probable pitchers,lineup projected / unconfirmed,H:2026/2025 P:2026/2025,,,Direct BvP not yet weighted; 2026/2025 Statcast baseline active,7,5,16,1,"Last 7 games: 5/16, 1 HR","same-side matchup; pitcher baseline 9.1% barrel, 8.8 HR allowed",neutral batted-ball profile; pitcher fly-ball pressure modest,11.71,44.2,88.24,100.9351,0.4301,0.1969,0.3212,73.44,34.58,41.4,26.11,6.1,0.2194,9.05,37.72,88.2,0.4269,0.1723,24.97,,,Citi Field,
85,691016,Tyler Soderstrom,ATH,BOS,2026-07-28T01:40:00Z,Scheduled,4,Payton Tolle,801139,L,45.2,Longshot,Watch List,"Projected Lineup, Strong Barrel, Premium Lineup Spot",44.7,29.8,30.9,90.4,50.0,30.2,No,Yes,4,Yes,Yes,RotoWire projected lineup; MLB probable pitchers,lineup projected / unconfirmed,H:2026/2025 P:2026/2025,,,Direct BvP not yet weighted; 2026/2025 Statcast baseline active,7,9,28,0,Contact streak: 9/28 over last 7 games,"same-side matchup; pitcher baseline 6.9% barrel, 7.8 HR allowed",neutral batted-ball profile; pitcher fly-ball pressure modest,10.35,45.53,90.55,101.9102,0.4339,0.1771,0.3396,74.28,42.38,36.07,25.67,18.7,0.2148,6.89,35.5,88.01,0.3588,0.1387,28.51,,,Sutter Health Park,
86,665489,Vladimir Guerrero,TOR,WSH,2026-07-27T22:45:00Z,Scheduled,2,Andrew Alvarez,674841,L,45.0,Longshot,Watch List,"Projected Lineup, Premium Lineup Spot, Platoon Edge",40.1,24.7,28.2,95.5,78.0,24.9,No,Yes,2,Yes,Yes,RotoWire projected lineup; MLB probable pitchers,lineup projected / unconfirmed,H:2026/2025 P:2026/2025,,,Direct BvP not yet weighted; 2026/2025 Statcast baseline active,7,8,28,0,"Last 7 games: 8/28, 0 HR","platoon edge; pitcher baseline 5.1% barrel, 1.7 HR allowed",neutral batted-ball profile; pitcher fly-ball pressure modest,8.49,45.73,90.74,103.1863,0.4374,0.1451,0.3553,76.42,64.34,36.23,19.24,11.1,0.1162,5.1,42.27,89.46,0.3549,0.1081,15.59,,,Nationals Park,
87,681297,Colton Cowser,BAL,DET,2026-07-27T22:40:00Z,Scheduled,6,Keider Montero,672456,R,44.9,Longshot,Watch List,"Projected Lineup, Strong Barrel, Platoon Edge",43.8,37.9,27.6,71.7,80.0,0.0,No,Yes,6,Yes,Yes,RotoWire projected lineup; MLB probable pitchers,lineup projected / unconfirmed,H:2026/2025 P:2026/2025,,,Direct BvP not yet weighted; 2026/2025 Statcast baseline active,7,1,9,0,"Last 7 games: 1/9, 0 HR","platoon edge; pitcher baseline 7.6% barrel, 11.8 HR allowed",neutral batted-ball profile; pitcher fly-ball pressure modest,11.51,40.05,88.17,100.4885,0.4089,0.2016,0.3119,74.44,44.64,38.8,33.27,10.4,0.1442,7.57,38.42,88.75,0.3998,0.1615,25.84,,,Comerica Park,
88,690993,Colt Keith,DET,BAL,2026-07-27T22:40:00Z,Scheduled,1,Kyle Bradish,680694,R,44.9,Longshot,Watch List,"Projected Lineup, Premium Lineup Spot, Platoon Edge",36.5,33.8,27.6,88.7,80.0,19.5,No,Yes,1,Yes,Yes,RotoWire projected lineup; MLB probable pitchers,lineup projected / unconfirmed,H:2026/2025 P:2026/2025,,,Direct BvP not yet weighted; 2026/2025 Statcast baseline active,7,5,20,0,"Last 7 games: 5/20, 0 HR","platoon edge; pitcher baseline 8.3% barrel, 9.3 HR allowed",neutral batted-ball profile; pitcher fly-ball pressure modest,8.22,42.23,89.16,100.1184,0.4321,0.1681,0.327,71.47,16.44,37.8,27.91,9.5,0.1458,8.31,37.57,88.68,0.3592,0.1359,22.24,,,Comerica Park,
89,681481,Kerry Carpenter,DET,BAL,2026-07-27T22:40:00Z,Scheduled,6,Kyle Bradish,680694,R,44.8,Longshot,Watch List,"Projected Lineup, Strong Barrel, Platoon Edge",46.5,33.8,27.6,71.7,80.0,0.0,No,Yes,6,Yes,Yes,RotoWire projected lineup; MLB probable pitchers,lineup projected / unconfirmed,H:2026/2025 P:2026/2025,,,Direct BvP not yet weighted; 2026/2025 Statcast baseline active,7,3,26,0,"Last 7 games: 3/26, 0 HR","platoon edge; pitcher baseline 8.3% barrel, 9.3 HR allowed",fly-ball profile; pitcher fly-ball pressure modest,10.57,45.26,90.35,99.7455,0.4202,0.1962,0.3077,71.83,17.08,44.35,36.67,16.9,0.2198,8.31,37.57,88.68,0.3592,0.1359,22.24,,,Comerica Park,
90,667472,Dane Myers,CIN,CLE,2026-07-27T23:10:00Z,Scheduled,6,Slade Cecconi,677944,R,44.5,Longshot,Watch List,Projected Lineup,31.8,52.0,39.3,71.7,50.0,22.9,No,Yes,6,Yes,Yes,RotoWire projected lineup; MLB probable pitchers,lineup projected / unconfirmed,H:2026/2025 P:2026/2025,,,Direct BvP not yet weighted; 2026/2025 Statcast baseline active,7,6,22,0,"Last 7 games: 6/22, 0 HR","same-side matchup; pitcher baseline 9.5% barrel, 17.7 HR allowed",neutral batted-ball profile; pitcher fly-ball pressure modest,6.96,36.68,90.14,99.6992,0.4098,0.1561,0.3334,71.56,20.11,26.67,26.5,3.9,0.1106,9.54,42.03,89.53,0.4561,0.1884,25.96,,,Great American Ball Park,
91,696285,Jacob Young,WSH,TOR,2026-07-27T22:45:00Z,Scheduled,6,Max Scherzer,453286,R,44.1,Longshot,Watch List,Projected Lineup,20.8,65.0,28.2,71.7,50.0,57.5,No,Yes,6,Yes,Yes,RotoWire projected lineup; MLB probable pitchers,lineup projected / unconfirmed,H:2026/2025 P:2026/2025,,,Direct BvP not yet weighted; 2026/2025 Statcast baseline active,7,8,21,1,Contact streak: 8/21 over last 7 games,"same-side matchup; pitcher baseline 13.0% barrel, 12.0 HR allowed",neutral batted-ball profile; pitcher allows elevated contact,5.4,35.11,88.44,98.4918,0.3787,0.1181,0.3068,69.07,2.23,34.86,23.02,6.9,0.1211,12.96,39.11,88.93,0.5079,0.244,32.34,,,Nationals Park,
92,647304,Josh Naylor,SEA,TEX,2026-07-27T18:35:00Z,Scheduled,5,Kumar Rocker,677958,R,43.8,Longshot,Watch List,"Projected Lineup, Platoon Edge",24.1,47.1,27.6,81.9,80.0,35.6,No,Yes,5,Yes,Yes,RotoWire projected lineup; MLB probable pitchers,lineup projected / unconfirmed,H:2026/2025 P:2026/2025,,,Direct BvP not yet weighted; 2026/2025 Statcast baseline active,7,10,28,0,Contact streak: 10/28 over last 7 games,"platoon edge; pitcher baseline 8.7% barrel, 11.7 HR allowed",neutral batted-ball profile; pitcher fly-ball pressure modest,5.37,37.63,87.94,99.0871,0.4059,0.1345,0.3252,70.44,11.46,41.57,23.2,11.6,0.1173,8.72,43.86,89.73,0.443,0.1766,22.3,,,Globe Life Field,
93,679529,Spencer Torkelson,DET,BAL,2026-07-27T22:40:00Z,Scheduled,7,Kyle Bradish,680694,R,43.7,Longshot,Watch List,"Projected Lineup, Strong Barrel",52.0,33.8,27.6,59.8,50.0,28.9,No,Yes,7,Yes,Yes,RotoWire projected lineup; MLB probable pitchers,lineup projected / unconfirmed,H:2026/2025 P:2026/2025,,,Direct BvP not yet weighted; 2026/2025 Statcast baseline active,7,4,21,1,"Last 7 games: 4/21, 1 HR","same-side matchup; pitcher baseline 8.3% barrel, 9.3 HR allowed",fly-ball profile; pitcher fly-ball pressure modest,14.2,42.86,89.92,100.3367,0.4238,0.2083,0.32,73.14,26.05,47.63,36.81,22.6,0.2132,8.31,37.57,88.68,0.3592,0.1359,22.24,,,Comerica Park,
94,683011,Anthony Volpe,NYY,CWS,2026-07-27T23:40:00Z,Scheduled,5,Noah Schultz,702273,L,43.7,Longshot,Watch List,"Projected Lineup, Platoon Edge",22.0,52.9,27.6,81.9,78.0,21.5,No,Yes,5,Yes,Yes,RotoWire projected lineup; MLB probable pitchers,lineup projected / unconfirmed,H:2026/2025 P:2026,,,Direct BvP not yet weighted; 2026/2025 Statcast baseline active,7,5,19,0,"Last 7 games: 5/19, 0 HR","platoon edge; pitcher baseline 10.7% barrel, 9.0 HR allowed",neutral batted-ball profile; pitcher fly-ball pressure modest,5.74,36.72,88.32,98.869,0.3427,0.1113,0.2968,71.9,19.92,32.73,22.94,6.4,0.1048,10.7,39.6,89.1,0.471,0.198,28.4,,,Rate Field,
95,680474,Max Schuemann,NYY,CWS,2026-07-27T23:40:00Z,Scheduled,7,Noah Schultz,702273,L,43.6,Longshot,Watch List,"Projected Lineup, Platoon Edge",32.6,52.9,27.6,59.8,78.0,12.0,No,Yes,7,Yes,Yes,RotoWire projected lineup; MLB probable pitchers,lineup projected / unconfirmed,H:2026/2025 P:2026,,,Direct BvP not yet weighted; 2026/2025 Statcast baseline active,7,3,15,0,"Last 7 games: 3/15, 0 HR","platoon edge; pitcher baseline 10.7% barrel, 9.0 HR allowed",fly-ball profile; pitcher fly-ball pressure modest,9.53,37.87,88.56,98.3157,0.3571,0.1411,0.3243,69.86,7.49,31.03,36.86,2.0,0.1579,10.7,39.6,89.1,0.471,0.198,28.4,,,Rate Field,
96,680776,Jarren Duran,BOS,ATH,2026-07-28T01:40:00Z,Scheduled,7,Jack Perkins,678022,R,43.5,Longshot,Watch List,"Projected Lineup, Strong Barrel, Platoon Edge",38.7,38.5,30.9,59.8,80.0,25.8,No,Yes,7,Yes,Yes,RotoWire projected lineup; MLB probable pitchers,lineup projected / unconfirmed,H:2026/2025 P:2026/2025,,,Direct BvP not yet weighted; 2026/2025 Statcast baseline active,7,7,24,0,"Last 7 games: 7/24, 0 HR","platoon edge; pitcher baseline 8.4% barrel, 8.9 HR allowed",neutral batted-ball profile; pitcher allows elevated contact,10.33,40.99,90.26,101.8722,0.3827,0.1515,0.3022,74.94,49.46,39.74,22.23,13.9,0.1601,8.41,37.35,88.08,0.3832,0.1517,33.82,,,Sutter Health Park,
97,687637,Dylan Beavers,BAL,DET,2026-07-27T22:40:00Z,Scheduled,1,Keider Montero,672456,R,43.4,Longshot,Watch List,"Projected Lineup, Premium Lineup Spot, Platoon Edge",27.6,37.9,27.6,88.7,80.0,29.7,No,Yes,1,Yes,Yes,RotoWire projected lineup; MLB probable pitchers,lineup projected / unconfirmed,H:2026/2025 P:2026/2025,,,Direct BvP not yet weighted; 2026/2025 Statcast baseline active,7,7,22,0,"Last 7 games: 7/22, 0 HR","platoon edge; pitcher baseline 7.6% barrel, 11.8 HR allowed",neutral batted-ball profile; pitcher fly-ball pressure modest,6.57,35.07,88.45,99.239,0.3758,0.146,0.3181,72.13,18.8,41.51,29.36,2.6,0.1296,7.57,38.42,88.75,0.3998,0.1615,25.84,,,Comerica Park,
98,802139,JJ Wetherholt,STL,CHC,2026-07-27T23:45:00Z,Scheduled,1,David Peterson,656849,L,43.4,Longshot,Watch List,"Projected Lineup, Premium Lineup Spot",39.1,38.8,22.1,88.7,50.0,18.3,No,Yes,1,Yes,Yes,RotoWire projected lineup; MLB probable pitchers,lineup projected / unconfirmed,H:2026 P:2026/2025,,,Direct BvP not yet weighted; 2026/2025 Statcast baseline active,7,3,26,1,"Last 7 games: 3/26, 1 HR","same-side matchup; pitcher baseline 6.5% barrel, 9.6 HR allowed",neutral batted-ball profile; pitcher fly-ball pressure modest,7.3,45.1,90.0,99.4495,0.435,0.177,0.349,72.3,22.3,36.8,30.2,15.0,0.142,6.54,44.11,90.46,0.4238,0.1475,20.2,,,Busch Stadium,
99,687515,Colby Thomas,ATH,BOS,2026-07-28T01:40:00Z,Scheduled,6,Payton Tolle,801139,L,43.4,Longshot,Watch List,"Projected Lineup, Strong Barrel, Platoon Edge",44.0,29.8,30.9,71.7,78.0,0.0,No,Yes,6,Yes,Yes,RotoWire projected lineup; MLB probable pitchers,lineup projected / unconfirmed,H:2026/2025 P:2026/2025,,,Direct BvP not yet weighted; 2026/2025 Statcast baseline active,7,1,12,0,"Last 7 games: 1/12, 0 HR","platoon edge; pitcher baseline 6.9% barrel, 7.8 HR allowed",fly-ball profile; pitcher fly-ball pressure modest,10.78,40.06,90.03,100.9427,0.379,0.1865,0.2661,75.29,54.59,37.32,35.68,4.6,0.1598,6.89,35.5,88.01,0.3588,0.1387,28.51,,,Sutter Health Park,
100,642350,Jose Siri,LAA,HOU,2026-07-28T01:38:00Z,Scheduled,8,Tatsuya Imai,837227,R,43.2,Longshot,Watch List,"Projected Lineup, Strong Barrel",41.3,53.0,28.2,47.9,50.0,28.2,No,Yes,8,Yes,Yes,RotoWire projected lineup; MLB probable pitchers,lineup projected / unconfirmed,H:2026/2025 P:2026,,,Direct BvP not yet weighted; 2026/2025 Statcast baseline active,7,4,13,0,"Last 7 games: 4/13, 0 HR","same-side matchup; pitcher baseline 10.9% barrel, 9.0 HR allowed",fly-ball profile; pitcher fly-ball pressure modest,14.12,34.35,85.67,98.3841,0.3781,0.1903,0.2813,73.01,32.7,27.98,41.99,3.5,0.1649,10.9,45.6,89.9,0.412,0.183,25.9,,,Angel Stadium,
101,683734,Andrew Vaughn,MIL,SF,2026-07-28T01:45:00Z,Scheduled,3,Tyler Mahle,641816,R,43.2,Longshot,Watch List,"Projected Lineup, Premium Lineup Spot",32.9,37.4,19.3,92.1,50.0,61.5,No,Yes,3,Yes,Yes,RotoWire projected lineup; MLB probable pitchers,lineup projected / unconfirmed,H:2026/2025 P:2026/2025,,,Direct BvP not yet weighted; 2026/2025 Statcast baseline active,7,6,21,2,Hot streak: 2 HR in last 7 games,"same-side matchup; pitcher baseline 7.5% barrel, 10.6 HR allowed",neutral batted-ball profile; pitcher fly-ball pressure modest,7.03,42.73,90.41,99.7546,0.4195,0.1423,0.3434,70.42,10.52,34.77,24.27,6.3,0.1661,7.51,36.26,89.27,0.4053,0.153,27.75,,,Oracle Park,
102,683953,Travis Bazzana,CLE,CIN,2026-07-27T23:10:00Z,Scheduled,5,Chase Burns,695505,R,42.9,Longshot,Watch List,"Projected Lineup, Platoon Edge",21.2,39.7,39.3,81.9,80.0,36.3,No,Yes,5,Yes,Yes,RotoWire projected lineup; MLB probable pitchers,lineup projected / unconfirmed,H:2026 P:2026/2025,,,Direct BvP not yet weighted; 2026/2025 Statcast baseline active,7,6,25,1,"Last 7 games: 6/25, 1 HR","platoon edge; pitcher baseline 9.0% barrel, 9.9 HR allowed",neutral batted-ball profile; pitcher fly-ball pressure modest,4.7,35.9,88.0,98.4802,0.353,0.127,0.305,69.8,13.1,38.9,29.4,9.0,0.162,9.01,39.19,89.29,0.3525,0.1439,29.43,,,Great American Ball Park,
103,693304,Nick Gonzales,PIT,AZ,2026-07-27T22:40:00Z,Scheduled,6,Merrill Kelly,518876,R,42.8,Longshot,Watch List,Projected Lineup,16.4,68.9,24.3,71.7,50.0,53.6,No,Yes,6,Yes,Yes,RotoWire projected lineup; MLB probable pitchers,lineup projected / unconfirmed,H:2026/2025 P:2026/2025,,,Direct BvP not yet weighted; 2026/2025 Statcast baseline active,7,11,31,1,Contact streak: 11/31 over last 7 games,"same-side matchup; pitcher baseline 12.2% barrel, 22.3 HR allowed",neutral batted-ball profile; pitcher fly-ball pressure modest,3.45,37.19,86.77,98.4237,0.3792,0.107,0.3127,70.64,12.59,40.09,20.77,5.7,0.0999,12.24,44.55,90.34,0.5262,0.2384,26.78,,,PNC Park,
104,661388,William Contreras,MIL,SF,2026-07-28T01:45:00Z,Scheduled,4,Tyler Mahle,641816,R,42.5,Longshot,Watch List,"Projected Lineup, Premium Lineup Spot",36.4,37.4,19.3,90.4,50.0,29.2,No,Yes,4,Yes,Yes,RotoWire projected lineup; MLB probable pitchers,lineup projected / unconfirmed,H:2026/2025 P:2026/2025,,,Direct BvP not yet weighted; 2026/2025 Statcast baseline active,7,5,26,1,"Last 7 games: 5/26, 1 HR","same-side matchup; pitcher baseline 7.5% barrel, 10.6 HR allowed",neutral batted-ball profile; pitcher fly-ball pressure modest,6.96,44.37,90.33,101.4947,0.4245,0.1618,0.3322,73.2,35.07,36.25,23.38,12.1,0.1243,7.51,36.26,89.27,0.4053,0.153,27.75,,,Oracle Park,
105,621438,Tyrone Taylor,NYM,ATL,2026-07-27T23:10:00Z,Scheduled,7,Martín Pérez,527048,L,42.4,Longshot,Watch List,"Projected Lineup, Platoon Edge, Hot Hitter/Streak",28.0,41.5,24.8,59.8,78.0,81.7,No,Yes,7,Yes,Yes,RotoWire projected lineup; MLB probable pitchers,lineup projected / unconfirmed,H:2026/2025 P:2026/2025,,,Direct BvP not yet weighted; 2026/2025 Statcast baseline active,7,6,14,2,Hot streak: 2 HR in last 7 games,"platoon edge; pitcher baseline 9.1% barrel, 8.8 HR allowed",neutral batted-ball profile; pitcher fly-ball pressure modest,7.65,34.05,86.99,98.3403,0.3934,0.1588,0.2917,71.21,12.56,48.09,30.42,5.5,0.1877,9.05,37.72,88.2,0.4269,0.1723,24.97,,,Citi Field,
106,701807,Carson Benge,NYM,ATL,2026-07-27T23:10:00Z,Scheduled,4,Martín Pérez,527048,L,42.3,Longshot,Watch List,"Projected Lineup, Premium Lineup Spot",33.0,41.5,24.8,90.4,50.0,10.8,No,Yes,4,Yes,Yes,RotoWire projected lineup; MLB probable pitchers,lineup projected / unconfirmed,H:2026 P:2026/2025,,,Direct BvP not yet weighted; 2026/2025 Statcast baseline active,7,5,26,0,"Last 7 games: 5/26, 0 HR","same-side matchup; pitcher baseline 9.1% barrel, 8.8 HR allowed",neutral batted-ball profile; pitcher fly-ball pressure modest,7.7,40.3,89.1,100.0341,0.432,0.152,0.338,71.1,18.7,32.4,25.5,11.0,0.131,9.05,37.72,88.2,0.4269,0.1723,24.97,,,Citi Field,
107,621493,Taylor Ward,BAL,DET,2026-07-27T22:40:00Z,Scheduled,4,Keider Montero,672456,R,42.1,Longshot,Watch List,"Projected Lineup, Premium Lineup Spot",32.6,37.9,27.6,90.4,50.0,19.5,No,Yes,4,Yes,Yes,RotoWire projected lineup; MLB probable pitchers,lineup projected / unconfirmed,H:2026/2025 P:2026/2025,,,Direct BvP not yet weighted; 2026/2025 Statcast baseline active,7,7,28,0,"Last 7 games: 7/28, 0 HR","same-side matchup; pitcher baseline 7.6% barrel, 11.8 HR allowed",neutral batted-ball profile; pitcher fly-ball pressure modest,7.96,40.04,89.61,99.5545,0.4003,0.1546,0.3435,68.66,4.33,34.64,29.45,15.7,0.1483,7.57,38.42,88.75,0.3998,0.1615,25.84,,,Comerica Park,
108,607208,Trea Turner,PHI,MIA,2026-07-27T22:40:00Z,Scheduled,1,Tyler Phillips,663969,R,41.9,Longshot,Watch List,"Projected Lineup, Premium Lineup Spot",28.9,38.1,21.5,88.7,50.0,61.5,No,Yes,1,Yes,Yes,RotoWire projected lineup; MLB probable pitchers,lineup projected / unconfirmed,H:2026/2025 P:2026/2025,,,Direct BvP not yet weighted; 2026/2025 Statcast baseline active,7,8,28,2,Hot streak: 2 HR in last 7 games,"same-side matchup; pitcher baseline 7.0% barrel, 8.7 HR allowed",neutral batted-ball profile; pitcher fly-ball pressure modest,6.36,41.75,89.02,99.5565,0.3834,0.1316,0.3028,71.55,19.2,33.91,25.69,14.3,0.1467,6.99,43.05,89.76,0.4001,0.145,24.82,,,loanDepot park,
109,678882,Ceddanne Rafaela,BOS,ATH,2026-07-28T01:40:00Z,Scheduled,2,Jack Perkins,678022,R,41.9,Longshot,Watch List,"Projected Lineup, Premium Lineup Spot",21.5,38.5,30.9,95.5,50.0,60.0,No,Yes,2,Yes,Yes,RotoWire projected lineup; MLB probable pitchers,lineup projected / unconfirmed,H:2026/2025 P:2026/2025,,,Direct BvP not yet weighted; 2026/2025 Statcast baseline active,7,8,29,2,Hot streak: 2 HR in last 7 games,"same-side matchup; pitcher baseline 8.4% barrel, 8.9 HR allowed",neutral batted-ball profile; pitcher allows elevated contact,6.26,34.78,86.9,97.8664,0.3691,0.1271,0.2882,70.16,9.11,35.36,25.44,11.8,0.1615,8.41,37.35,88.08,0.3832,0.1517,33.82,,,Sutter Health Park,
110,663968,Jake Mangum,PIT,AZ,2026-07-27T22:40:00Z,Scheduled,1,Merrill Kelly,518876,R,41.6,Longshot,Watch List,"Projected Lineup, Premium Lineup Spot, Platoon Edge",4.7,67.1,24.3,88.7,75.0,22.0,No,Yes,1,Yes,Yes,RotoWire projected lineup; MLB probable pitchers,lineup projected / unconfirmed,H:2026/2025 P:2026/2025,,,Direct BvP not yet weighted; 2026/2025 Statcast baseline active,7,8,30,0,"Last 7 games: 8/30, 0 HR","switch hitter; pitcher baseline 12.2% barrel, 22.3 HR allowed",neutral batted-ball profile; pitcher fly-ball pressure modest,1.79,27.87,85.48,96.2384,0.3297,0.0738,0.2823,67.3,3.83,28.42,14.37,2.3,0.0699,12.24,44.55,90.34,0.5262,0.2384,26.78,,,PNC Park,
111,682657,Angel Martinez,CLE,CIN,2026-07-27T23:10:00Z,Scheduled,6,Chase Burns,695505,R,41.4,Longshot,Watch List,"Projected Lineup, Platoon Edge",24.2,38.6,39.3,71.7,75.0,29.2,No,Yes,6,Yes,Yes,RotoWire projected lineup; MLB probable pitchers,lineup projected / unconfirmed,H:2026/2025 P:2026/2025,,,Direct BvP not yet weighted; 2026/2025 Statcast baseline active,7,5,26,1,"Last 7 games: 5/26, 1 HR","switch hitter; pitcher baseline 9.0% barrel, 9.9 HR allowed",neutral batted-ball profile; pitcher fly-ball pressure modest,6.37,34.69,87.52,98.9582,0.376,0.1375,0.2865,70.83,14.58,45.79,27.43,11.0,0.1777,9.01,39.19,89.29,0.3525,0.1439,29.43,,,Great American Ball Park,
112,694384,Nolan Schanuel,LAA,HOU,2026-07-28T01:38:00Z,Scheduled,5,Tatsuya Imai,837227,R,41.4,Longshot,Watch List,"Projected Lineup, Platoon Edge",12.1,53.0,28.2,81.9,80.0,36.0,No,Yes,5,Yes,Yes,RotoWire projected lineup; MLB probable pitchers,lineup projected / unconfirmed,H:2026/2025 P:2026,,,Direct BvP not yet weighted; 2026/2025 Statcast baseline active,7,9,25,0,Contact streak: 9/25 over last 7 games,"platoon edge; pitcher baseline 10.9% barrel, 9.0 HR allowed",neutral batted-ball profile; pitcher fly-ball pressure modest,2.68,30.96,87.29,96.905,0.3838,0.1057,0.3291,67.85,6.17,40.45,20.38,7.8,0.1145,10.9,45.6,89.9,0.412,0.183,25.9,,,Angel Stadium,
113,664761,Alec Bohm,PHI,MIA,2026-07-27T22:40:00Z,Scheduled,5,Tyler Phillips,663969,R,41.3,Longshot,Watch List,Projected Lineup,29.7,38.1,21.5,81.9,50.0,63.1,No,Yes,5,Yes,Yes,RotoWire projected lineup; MLB probable pitchers,lineup projected / unconfirmed,H:2026/2025 P:2026/2025,,,Direct BvP not yet weighted; 2026/2025 Statcast baseline active,7,8,27,2,Hot streak: 2 HR in last 7 games,"same-side matchup; pitcher baseline 7.0% barrel, 8.7 HR allowed",neutral batted-ball profile; pitcher fly-ball pressure modest,5.64,43.67,90.66,100.2926,0.3885,0.1334,0.3093,70.93,12.53,29.05,21.18,12.4,0.1388,6.99,43.05,89.76,0.4001,0.145,24.82,,,loanDepot park,
114,672386,Alejandro Kirk,TOR,WSH,2026-07-27T22:45:00Z,Scheduled,3,Andrew Alvarez,674841,L,41.3,Longshot,Watch List,"Projected Lineup, Premium Lineup Spot, Platoon Edge",26.9,24.7,28.2,92.1,78.0,48.1,No,Yes,3,Yes,Yes,RotoWire projected lineup; MLB probable pitchers,lineup projected / unconfirmed,H:2026/2025 P:2026/2025,,,Direct BvP not yet weighted; 2026/2025 Statcast baseline active,7,7,22,1,"Last 7 games: 7/22, 1 HR","platoon edge; pitcher baseline 5.1% barrel, 1.7 HR allowed",neutral batted-ball profile; pitcher fly-ball pressure modest,5.27,42.82,88.51,100.3958,0.3834,0.1344,0.3093,71.59,18.94,27.05,23.23,6.6,0.125,5.1,42.27,89.46,0.3549,0.1081,15.59,,,Nationals Park,
115,596142,Gary Sanchez,MIL,SF,2026-07-28T01:45:00Z,Scheduled,6,Tyler Mahle,641816,R,41.3,Longshot,Watch List,Projected Lineup,42.6,37.4,19.3,71.7,50.0,17.3,No,Yes,6,Yes,Yes,RotoWire projected lineup; MLB probable pitchers,lineup projected / unconfirmed,H:2026/2025 P:2026/2025,,,Direct BvP not yet weighted; 2026/2025 Statcast baseline active,7,4,17,0,"Last 7 games: 4/17, 0 HR","same-side matchup; pitcher baseline 7.5% barrel, 10.6 HR allowed",neutral batted-ball profile; pitcher fly-ball pressure modest,9.36,42.33,90.01,101.0168,0.435,0.2027,0.3507,72.19,27.71,44.44,29.33,7.1,0.2038,7.51,36.26,89.27,0.4053,0.153,27.75,,,Oracle Park,
116,805999,A.J. Ewing,NYM,ATL,2026-07-27T23:10:00Z,Scheduled,1,Martín Pérez,527048,L,41.2,Longshot,Watch List,"Projected Lineup, Premium Lineup Spot",30.5,41.5,24.8,88.7,50.0,11.0,No,Yes,1,Yes,Yes,RotoWire projected lineup; MLB probable pitchers,lineup projected / unconfirmed,H:2026 P:2026/2025,,,Direct BvP not yet weighted; 2026/2025 Statcast baseline active,7,6,31,0,"Last 7 games: 6/31, 0 HR","same-side matchup; pitcher baseline 9.1% barrel, 8.8 HR allowed",neutral batted-ball profile; pitcher fly-ball pressure modest,6.7,41.8,89.4,100.0632,0.399,0.144,0.32,70.2,11.0,32.1,25.5,7.0,0.146,9.05,37.72,88.2,0.4269,0.1723,24.97,,,Citi Field,
117,807799,Masataka Yoshida,BOS,ATH,2026-07-28T01:40:00Z,Scheduled,1,Jack Perkins,678022,R,41.2,Longshot,Watch List,"Projected Lineup, Premium Lineup Spot, Platoon Edge",22.7,38.5,30.9,88.7,80.0,4.5,No,Yes,1,Yes,Yes,RotoWire projected lineup; MLB probable pitchers,lineup projected / unconfirmed,H:2026/2025 P:2026/2025,,,Direct BvP not yet weighted; 2026/2025 Statcast baseline active,7,3,20,0,"Last 7 games: 3/20, 0 HR","platoon edge; pitcher baseline 8.4% barrel, 8.9 HR allowed",neutral batted-ball profile; pitcher allows elevated contact,3.94,40.57,89.29,99.4932,0.3791,0.1101,0.3217,71.55,16.78,43.85,21.81,4.0,0.1227,8.41,37.35,88.08,0.3832,0.1517,33.82,,,Sutter Health Park,
118,663853,Romy Gonzalez,BOS,ATH,2026-07-28T01:40:00Z,Scheduled,6,Jack Perkins,678022,R,41.2,Longshot,Watch List,Projected Lineup,38.0,38.5,30.9,71.7,50.0,3.4,No,Yes,6,Yes,Yes,RotoWire projected lineup; MLB probable pitchers,lineup projected / unconfirmed,H:2026/2025 P:2026/2025,,,Direct BvP not yet weighted; 2026/2025 Statcast baseline active,7,3,21,0,"Last 7 games: 3/21, 0 HR","same-side matchup; pitcher baseline 8.4% barrel, 8.9 HR allowed",neutral batted-ball profile; pitcher allows elevated contact,7.7,48.27,91.2,102.3131,0.4065,0.1466,0.3223,72.62,26.78,25.08,21.93,3.4,0.157,8.41,37.35,88.08,0.3832,0.1517,33.82,,,Sutter Health Park,
119,681082,Bryson Stott,PHI,MIA,2026-07-27T22:40:00Z,Scheduled,6,Tyler Phillips,663969,R,41.0,Longshot,Watch List,"Projected Lineup, Platoon Edge",27.1,38.1,21.5,71.7,80.0,48.3,No,Yes,6,Yes,Yes,RotoWire projected lineup; MLB probable pitchers,lineup projected / unconfirmed,H:2026/2025 P:2026/2025,,,Direct BvP not yet weighted; 2026/2025 Statcast baseline active,7,8,25,1,Contact streak: 8/25 over last 7 games,"platoon edge; pitcher baseline 7.0% barrel, 8.7 HR allowed",neutral batted-ball profile; pitcher fly-ball pressure modest,6.5,35.66,88.58,98.5203,0.4021,0.1439,0.3165,69.75,6.05,34.1,29.34,8.8,0.141,6.99,43.05,89.76,0.4001,0.145,24.82,,,loanDepot park,
120,642086,Dominic Smith,ATL,NYM,2026-07-27T23:10:00Z,Scheduled,6,Zac Thornton,804267,L,41.0,Longshot,Watch List,Projected Lineup,22.4,54.7,24.8,71.7,50.0,44.5,No,Yes,6,Yes,Yes,RotoWire projected lineup; MLB probable pitchers,lineup projected / unconfirmed,H:2026/2025 P:2026,,,Direct BvP not yet weighted; 2026/2025 Statcast baseline active,7,5,17,1,"Last 7 games: 5/17, 1 HR","same-side matchup; pitcher baseline 12.5% barrel, 1.0 HR allowed",neutral batted-ball profile; pitcher allows elevated contact,5.25,35.08,87.77,98.0976,0.3917,0.1401,0.3095,68.4,5.08,36.72,28.05,6.4,0.1302,12.5,37.5,89.8,0.426,0.175,39.1,,,Citi Field,
121,677587,Brayan Rocchio,CLE,CIN,2026-07-27T23:10:00Z,Scheduled,4,Chase Burns,695505,R,40.9,Longshot,Watch List,"Projected Lineup, Premium Lineup Spot, Platoon Edge",14.0,38.6,39.3,90.4,75.0,34.2,No,Yes,4,Yes,Yes,RotoWire projected lineup; MLB probable pitchers,lineup projected / unconfirmed,H:2026/2025 P:2026/2025,,,Direct BvP not yet weighted; 2026/2025 Statcast baseline active,7,7,31,1,"Last 7 games: 7/31, 1 HR","switch hitter; pitcher baseline 9.0% barrel, 9.9 HR allowed",neutral batted-ball profile; pitcher fly-ball pressure modest,3.09,33.12,86.95,97.5131,0.3573,0.1067,0.2985,70.07,7.29,44.48,24.04,7.8,0.1238,9.01,39.19,89.29,0.3525,0.1439,29.43,,,Great American Ball Park,
122,694497,Evan Carter,TEX,SEA,2026-07-27T18:35:00Z,Scheduled,6,George Kirby,669923,R,40.3,Longshot,Watch List,"Projected Lineup, Platoon Edge",23.0,39.0,27.6,71.7,80.0,39.8,No,Yes,6,Yes,Yes,RotoWire projected lineup; MLB probable pitchers,lineup projected / unconfirmed,H:2026/2025 P:2026/2025,,,Direct BvP not yet weighted; 2026/2025 Statcast baseline active,7,5,19,1,"Last 7 games: 5/19, 1 HR","platoon edge; pitcher baseline 7.4% barrel, 12.2 HR allowed",neutral batted-ball profile; pitcher fly-ball pressure modest,6.04,36.56,87.4,98.7432,0.3383,0.1281,0.2975,70.98,17.47,37.79,29.31,7.1,0.1485,7.41,42.71,89.83,0.3913,0.1374,24.8,,,Globe Life Field,
123,663647,Ke'Bryan Hayes,CIN,CLE,2026-07-27T23:10:00Z,Scheduled,9,Slade Cecconi,677944,R,40.3,Longshot,Watch List,Projected Lineup,30.0,52.0,39.3,40.2,50.0,37.8,No,Yes,9,Yes,Yes,RotoWire projected lineup; MLB probable pitchers,lineup projected / unconfirmed,H:2026/2025 P:2026/2025,,,Direct BvP not yet weighted; 2026/2025 Statcast baseline active,7,3,12,1,"Last 7 games: 3/12, 1 HR","same-side matchup; pitcher baseline 9.5% barrel, 17.7 HR allowed",neutral batted-ball profile; pitcher fly-ball pressure modest,7.05,40.12,90.35,99.9391,0.3805,0.1278,0.2995,70.85,8.23,29.48,24.98,2.9,0.071,9.54,42.03,89.53,0.4561,0.1884,25.96,,,Great American Ball Park,
124,683146,Brett Baty,NYM,ATL,2026-07-27T23:10:00Z,Scheduled,8,Martín Pérez,527048,L,40.3,Longshot,Watch List,Projected Lineup,39.4,41.5,24.8,47.9,50.0,48.7,No,Yes,8,Yes,Yes,RotoWire projected lineup; MLB probable pitchers,lineup projected / unconfirmed,H:2026/2025 P:2026/2025,,,Direct BvP not yet weighted; 2026/2025 Statcast baseline active,7,5,25,2,Hot streak: 2 HR in last 7 games,"same-side matchup; pitcher baseline 9.1% barrel, 8.8 HR allowed",neutral batted-ball profile; pitcher fly-ball pressure modest,9.96,41.65,89.86,101.2887,0.3996,0.1588,0.3137,74.94,52.49,36.94,24.35,9.6,0.1292,9.05,37.72,88.2,0.4269,0.1723,24.97,,,Citi Field,
125,643289,Mauricio Dubon,ATL,NYM,2026-07-27T23:10:00Z,Scheduled,5,Zac Thornton,804267,L,39.9,Longshot,Watch List,"Projected Lineup, Platoon Edge",11.9,54.7,24.8,81.9,78.0,12.0,No,Yes,5,Yes,Yes,RotoWire projected lineup; MLB probable pitchers,lineup projected / unconfirmed,H:2026/2025 P:2026,,,Direct BvP not yet weighted; 2026/2025 Statcast baseline active,7,5,25,0,"Last 7 games: 5/25, 0 HR","platoon edge; pitcher baseline 12.5% barrel, 1.0 HR allowed",neutral batted-ball profile; pitcher allows elevated contact,3.65,29.66,85.97,96.4689,0.3702,0.1085,0.3018,68.76,3.12,32.24,24.11,9.1,0.1357,12.5,37.5,89.8,0.426,0.175,39.1,,,Citi Field,
126,662139,Daulton Varsho,TOR,WSH,2026-07-27T22:45:00Z,Scheduled,5,Andrew Alvarez,674841,L,39.5,Longshot,Watch List,Projected Lineup,34.9,24.7,28.2,81.9,50.0,36.5,No,Yes,5,Yes,Yes,RotoWire projected lineup; MLB probable pitchers,lineup projected / unconfirmed,H:2026/2025 P:2026/2025,,,Direct BvP not yet weighted; 2026/2025 Statcast baseline active,7,8,22,0,Contact streak: 8/22 over last 7 games,"same-side matchup; pitcher baseline 5.1% barrel, 1.7 HR allowed",neutral batted-ball profile; pitcher fly-ball pressure modest,9.39,38.2,87.31,99.4794,0.4086,0.1676,0.3074,73.71,36.25,41.29,28.75,10.9,0.1882,5.1,42.27,89.46,0.3549,0.1081,15.59,,,Nationals Park,
127,573262,Mike Yastrzemski,ATL,NYM,2026-07-27T23:10:00Z,Scheduled,8,Zac Thornton,804267,L,39.5,Longshot,Watch List,Projected Lineup,33.1,54.7,24.8,47.9,50.0,10.1,No,Yes,8,Yes,Yes,RotoWire projected lineup; MLB probable pitchers,lineup projected / unconfirmed,H:2026/2025 P:2026,,,Direct BvP not yet weighted; 2026/2025 Statcast baseline active,7,3,16,0,"Last 7 games: 3/16, 0 HR","same-side matchup; pitcher baseline 12.5% barrel, 1.0 HR allowed",neutral batted-ball profile; pitcher allows elevated contact,6.96,43.02,90.38,99.6729,0.3658,0.1386,0.3059,71.27,8.09,43.73,31.96,9.3,0.1413,12.5,37.5,89.8,0.426,0.175,39.1,,,Citi Field,
128,621020,Dansby Swanson,CHC,STL,2026-07-27T23:45:00Z,Scheduled,9,,,,39.5,Longshot,Watch List,Projected Lineup,41.0,41.2,22.1,40.2,60.0,33.9,No,Yes,9,Yes,Yes,RotoWire projected lineup; MLB probable pitchers,lineup projected / unconfirmed,H:2026/2025 P:,,,Direct BvP not yet weighted; 2026/2025 Statcast baseline active,7,9,26,0,Contact streak: 9/26 over last 7 games,"handedness incomplete; pitcher baseline 0.0% barrel, 0.0 HR allowed",neutral batted-ball profile; pitcher fly-ball pressure modest,8.97,44.44,90.01,100.1581,0.4217,0.1848,0.3198,71.32,8.64,46.36,30.73,18.4,0.1891,,,,,,,,,Busch Stadium,
129,682997,Tyler Callihan,PIT,AZ,2026-07-27T22:40:00Z,Scheduled,9,Merrill Kelly,518876,R,39.4,Longshot,Watch List,"Projected Lineup, Platoon Edge",19.2,68.9,24.3,40.2,80.0,0.0,No,Yes,9,Yes,Yes,RotoWire projected lineup; MLB probable pitchers,lineup projected / unconfirmed,H:2026/2025 P:2026/2025,,,Direct BvP not yet weighted; 2026/2025 Statcast baseline active,7,1,13,0,"Last 7 games: 1/13, 0 HR","platoon edge; pitcher baseline 12.2% barrel, 22.3 HR allowed",fly-ball profile; pitcher fly-ball pressure modest,5.18,38.72,86.23,97.3701,0.2944,0.0973,0.2466,70.68,10.89,49.08,37.08,2.1,0.1365,12.24,44.55,90.34,0.5262,0.2384,26.78,,,PNC Park,
130,691788,Joe Mack,MIA,PHI,2026-07-27T22:40:00Z,Scheduled,9,Zack Wheeler,554430,R,39.4,Longshot,Watch List,"Projected Lineup, Strong Barrel, Platoon Edge, Hot Hitter/Streak",44.0,21.7,21.5,40.2,80.0,72.7,No,Yes,9,Yes,Yes,RotoWire projected lineup; MLB probable pitchers,lineup projected / unconfirmed,H:2026 P:2026/2025,,,Direct BvP not yet weighted; 2026/2025 Statcast baseline active,7,5,21,3,Hot streak: 3 HR in last 7 games,"platoon edge; pitcher baseline 6.3% barrel, 13.4 HR allowed",neutral batted-ball profile; pitcher fly-ball pressure modest,10.7,39.7,89.2,100.2484,0.447,0.205,0.322,74.4,44.7,48.1,28.2,10.0,0.203,6.29,33.96,86.63,0.3116,0.1135,24.62,,,loanDepot park,
131,681351,Logan O'Hoppe,LAA,HOU,2026-07-28T01:38:00Z,Scheduled,9,Tatsuya Imai,837227,R,39.4,Longshot,Watch List,"Projected Lineup, Strong Barrel",35.8,53.0,28.2,40.2,50.0,10.6,No,Yes,9,Yes,Yes,RotoWire projected lineup; MLB probable pitchers,lineup projected / unconfirmed,H:2026/2025 P:2026,,,Direct BvP not yet weighted; 2026/2025 Statcast baseline active,7,4,21,0,"Last 7 games: 4/21, 0 HR","same-side matchup; pitcher baseline 10.9% barrel, 9.0 HR allowed",neutral batted-ball profile; pitcher fly-ball pressure modest,11.06,39.34,88.1,99.7439,0.3641,0.1536,0.28,72.07,23.97,44.52,29.63,8.5,0.109,10.9,45.6,89.9,0.412,0.183,25.9,,,Angel Stadium,
132,677649,Ezequiel Duran,TEX,SEA,2026-07-27T18:35:00Z,Scheduled,3,George Kirby,669923,R,39.3,Longshot,Watch List,"Projected Lineup, Premium Lineup Spot",18.7,39.0,27.6,92.1,50.0,44.8,No,Yes,3,Yes,Yes,RotoWire projected lineup; MLB probable pitchers,lineup projected / unconfirmed,H:2026/2025 P:2026/2025,,,Direct BvP not yet weighted; 2026/2025 Statcast baseline active,7,8,27,1,"Last 7 games: 8/27, 1 HR","same-side matchup; pitcher baseline 7.4% barrel, 12.2 HR allowed",neutral batted-ball profile; pitcher fly-ball pressure modest,5.12,34.68,87.54,98.7185,0.3496,0.1069,0.2869,72.34,23.71,34.05,19.62,7.0,0.139,7.41,42.71,89.83,0.3913,0.1374,24.8,,,Globe Life Field,
133,682622,Noelvi Marte,CIN,CLE,2026-07-27T23:10:00Z,Scheduled,7,Slade Cecconi,677944,R,39.3,Longshot,Watch List,Projected Lineup,22.7,52.0,39.3,59.8,50.0,10.6,No,Yes,7,Yes,Yes,RotoWire projected lineup; MLB probable pitchers,lineup projected / unconfirmed,H:2026/2025 P:2026/2025,,,Direct BvP not yet weighted; 2026/2025 Statcast baseline active,7,4,21,0,"Last 7 games: 4/21, 0 HR","same-side matchup; pitcher baseline 9.5% barrel, 17.7 HR allowed",neutral batted-ball profile; pitcher fly-ball pressure modest,6.86,30.21,87.66,99.2242,0.3578,0.1422,0.2718,72.88,30.89,45.34,20.29,8.4,0.1752,9.54,42.03,89.53,0.4561,0.1884,25.96,,,Great American Ball Park,
134,665161,Jeremy Pena,HOU,LAA,2026-07-28T01:38:00Z,Scheduled,1,Walbert Ureña,700712,R,39.3,Longshot,Watch List,"Projected Lineup, Premium Lineup Spot, Hot Hitter/Streak",30.0,13.5,28.2,88.7,50.0,100.0,No,Yes,1,Yes,Yes,RotoWire projected lineup; MLB probable pitchers,lineup projected / unconfirmed,H:2026/2025 P:2026,,,Direct BvP not yet weighted; 2026/2025 Statcast baseline active,7,14,28,5,Hot streak: 5 HR in last 7 games,"same-side matchup; pitcher baseline 5.0% barrel, 5.0 HR allowed",neutral batted-ball profile; pitcher fly-ball pressure modest,5.89,40.66,88.34,99.9039,0.4425,0.148,0.3487,72.23,14.23,46.69,24.64,11.4,0.1653,5.0,33.2,86.9,0.292,0.091,22.0,,,Angel Stadium,
135,641680,Jonah Heim,ATH,BOS,2026-07-28T01:40:00Z,Scheduled,3,Payton Tolle,801139,L,39.2,Longshot,Watch List,"Projected Lineup, Premium Lineup Spot, Platoon Edge",22.1,29.0,30.9,92.1,75.0,13.0,No,Yes,3,Yes,Yes,RotoWire projected lineup; MLB probable pitchers,lineup projected / unconfirmed,H:2026/2025 P:2026/2025,,,Direct BvP not yet weighted; 2026/2025 Statcast baseline active,7,6,29,0,"Last 7 games: 6/29, 0 HR","switch hitter; pitcher baseline 6.9% barrel, 7.8 HR allowed",neutral batted-ball profile; pitcher fly-ball pressure modest,6.45,31.49,87.4,97.7741,0.3684,0.1375,0.2893,69.91,10.29,40.77,27.97,9.6,0.1729,6.89,35.5,88.01,0.3588,0.1387,28.51,,,Sutter Health Park,
136,642715,Willy Adames,SF,MIL,2026-07-28T01:45:00Z,Scheduled,7,Brandon Sproat,687075,R,39.1,Longshot,Watch List,"Projected Lineup, Strong Barrel",40.1,36.9,19.3,59.8,50.0,24.3,No,Yes,7,Yes,Yes,RotoWire projected lineup; MLB probable pitchers,lineup projected / unconfirmed,H:2026/2025 P:2026/2025,,,Direct BvP not yet weighted; 2026/2025 Statcast baseline active,7,4,25,1,"Last 7 games: 4/25, 1 HR","same-side matchup; pitcher baseline 7.2% barrel, 11.2 HR allowed",neutral batted-ball profile; pitcher fly-ball pressure modest,10.36,40.63,88.27,99.1609,0.4049,0.1844,0.3018,72.24,23.86,48.12,34.76,21.6,0.2016,7.18,41.4,89.3,0.3948,0.1465,22.55,,,Oracle Park,
137,694203,Denzer Guzman,LAA,HOU,2026-07-28T01:38:00Z,Scheduled,7,Tatsuya Imai,837227,R,38.9,Longshot,Watch List,Projected Lineup,27.2,53.0,28.2,59.8,50.0,2.5,No,Yes,7,Yes,Yes,RotoWire projected lineup; MLB probable pitchers,lineup projected / unconfirmed,H:2026/2025 P:2026,,,Direct BvP not yet weighted; 2026/2025 Statcast baseline active,7,3,22,0,"Last 7 games: 3/22, 0 HR","same-side matchup; pitcher baseline 10.9% barrel, 9.0 HR allowed",neutral batted-ball profile; pitcher fly-ball pressure modest,8.42,39.19,87.13,98.6606,0.3349,0.1197,0.2581,73.43,32.95,44.73,25.31,3.4,0.1397,10.9,45.6,89.9,0.412,0.183,25.9,,,Angel Stadium,
138,702616,Jackson Holliday,BAL,DET,2026-07-27T22:40:00Z,Scheduled,8,Keider Montero,672456,R,38.6,Longshot,Watch List,"Projected Lineup, Platoon Edge",30.5,37.9,27.6,47.9,80.0,27.0,No,Yes,8,Yes,Yes,RotoWire projected lineup; MLB probable pitchers,lineup projected / unconfirmed,H:2026/2025 P:2026/2025,,,Direct BvP not yet weighted; 2026/2025 Statcast baseline active,7,6,20,0,"Last 7 games: 6/20, 0 HR","platoon edge; pitcher baseline 7.6% barrel, 11.8 HR allowed",neutral batted-ball profile; pitcher fly-ball pressure modest,8.57,38.56,87.96,98.585,0.3837,0.149,0.3217,70.6,8.46,37.16,26.92,8.6,0.1449,7.57,38.42,88.75,0.3998,0.1615,25.84,,,Comerica Park,
139,624431,Jose Trevino,CIN,CLE,2026-07-27T23:10:00Z,Scheduled,8,Slade Cecconi,677944,R,38.6,Longshot,Watch List,"Projected Lineup, Hot Hitter/Streak",12.9,52.0,39.3,47.9,50.0,94.7,No,Yes,8,Yes,Yes,RotoWire projected lineup; MLB probable pitchers,lineup projected / unconfirmed,H:2026/2025 P:2026/2025,,,Direct BvP not yet weighted; 2026/2025 Statcast baseline active,7,10,26,3,Hot streak: 3 HR in last 7 games,"same-side matchup; pitcher baseline 9.5% barrel, 17.7 HR allowed",neutral batted-ball profile; pitcher fly-ball pressure modest,3.59,33.77,87.55,98.0244,0.327,0.0969,0.2514,68.9,3.3,36.35,20.66,3.3,0.1459,9.54,42.03,89.53,0.4561,0.1884,25.96,,,Great American Ball Park,
140,695720,Tommy White,ATH,BOS,2026-07-28T01:40:00Z,Scheduled,5,Payton Tolle,801139,L,38.6,Longshot,Watch List,"Projected Lineup, Platoon Edge",20.4,29.8,30.9,81.9,78.0,32.0,No,Yes,5,Yes,Yes,RotoWire projected lineup; MLB probable pitchers,lineup projected / unconfirmed,H:2026 P:2026/2025,,,Direct BvP not yet weighted; 2026/2025 Statcast baseline active,7,9,27,0,Contact streak: 9/27 over last 7 games,"platoon edge; pitcher baseline 6.9% barrel, 7.8 HR allowed",neutral batted-ball profile; pitcher fly-ball pressure modest,7.7,30.8,85.2,97.4266,0.439,0.122,0.35,70.3,13.6,30.8,15.4,0.0,0.074,6.89,35.5,88.01,0.3588,0.1387,28.51,,,Sutter Health Park,
141,650402,Gleyber Torres,DET,BAL,2026-07-27T22:40:00Z,Scheduled,3,Kyle Bradish,680694,R,38.2,Longshot,Watch List,"Projected Lineup, Premium Lineup Spot",24.6,33.8,27.6,92.1,50.0,9.3,No,Yes,3,Yes,Yes,RotoWire projected lineup; MLB probable pitchers,lineup projected / unconfirmed,H:2026/2025 P:2026/2025,,,Direct BvP not yet weighted; 2026/2025 Statcast baseline active,7,4,22,0,"Last 7 games: 4/22, 0 HR","same-side matchup; pitcher baseline 8.3% barrel, 9.3 HR allowed",neutral batted-ball profile; pitcher fly-ball pressure modest,7.64,32.77,86.71,97.514,0.4067,0.1475,0.349,68.52,5.5,21.65,27.73,7.6,0.1128,8.31,37.57,88.68,0.3592,0.1359,22.24,,,Comerica Park,
142,641487,J.P. Crawford,SEA,TEX,2026-07-27T18:35:00Z,Scheduled,8,Kumar Rocker,677958,R,37.9,Longshot,Watch List,"Projected Lineup, Platoon Edge",22.9,47.1,27.6,47.9,80.0,19.5,No,Yes,8,Yes,Yes,RotoWire projected lineup; MLB probable pitchers,lineup projected / unconfirmed,H:2026/2025 P:2026/2025,,,Direct BvP not yet weighted; 2026/2025 Statcast baseline active,7,6,24,0,"Last 7 games: 6/24, 0 HR","platoon edge; pitcher baseline 8.7% barrel, 11.7 HR allowed",neutral batted-ball profile; pitcher fly-ball pressure modest,6.16,35.82,87.9,98.4497,0.3783,0.1256,0.3325,71.31,18.88,35.77,20.23,10.6,0.1281,8.72,43.86,89.73,0.443,0.1766,22.3,,,Globe Life Field,
143,687282,Gabriel Rincones,PHI,MIA,2026-07-27T22:40:00Z,Scheduled,8,Tyler Phillips,663969,R,37.9,Longshot,Watch List,"Projected Lineup, Strong Barrel, Platoon Edge",35.1,38.1,21.5,47.9,80.0,0.8,No,Yes,8,Yes,Yes,RotoWire projected lineup; MLB probable pitchers,lineup projected / unconfirmed,H:2026 P:2026/2025,,,Direct BvP not yet weighted; 2026/2025 Statcast baseline active,7,2,16,0,"Last 7 games: 2/16, 0 HR","platoon edge; pitcher baseline 7.0% barrel, 8.7 HR allowed",neutral batted-ball profile; pitcher fly-ball pressure modest,10.0,35.8,90.8,101.0517,0.289,0.131,0.216,76.2,61.7,30.2,30.2,2.0,0.13,6.99,43.05,89.76,0.4001,0.145,24.82,,,loanDepot park,
144,676566,Shawn Ross,PIT,AZ,2026-07-27T22:40:00Z,Scheduled,8,Merrill Kelly,518876,R,37.7,Longshot,Watch List,Projected Lineup,14.5,68.9,24.3,47.9,50.0,30.3,No,Yes,8,Yes,Yes,RotoWire projected lineup; MLB probable pitchers,lineup projected / unconfirmed,H:2026 P:2026/2025,,,Direct BvP not yet weighted; 2026/2025 Statcast baseline active,2,1,5,1,"Last 2 games: 1/5, 1 HR","same-side matchup; pitcher baseline 12.2% barrel, 22.3 HR allowed",fly-ball profile; pitcher fly-ball pressure modest,0.0,0.0,82.6,82.5948,0.143,0.068,0.089,79.2,100.0,0.0,100.0,0.0,0.0,12.24,44.55,90.34,0.5262,0.2384,26.78,,,PNC Park,
145,680757,Steven Kwan,CLE,CIN,2026-07-27T23:10:00Z,Scheduled,1,Chase Burns,695505,R,37.6,Longshot,Watch List,"Projected Lineup, Premium Lineup Spot, Platoon Edge",2.2,39.7,39.3,88.7,80.0,37.6,No,Yes,1,Yes,Yes,RotoWire projected lineup; MLB probable pitchers,lineup projected / unconfirmed,H:2026/2025 P:2026/2025,,,Direct BvP not yet weighted; 2026/2025 Statcast baseline active,7,10,27,0,Contact streak: 10/27 over last 7 games,"platoon edge; pitcher baseline 9.0% barrel, 9.9 HR allowed",neutral batted-ball profile; pitcher fly-ball pressure modest,0.78,12.44,84.24,92.4732,0.3415,0.0713,0.3184,63.07,0.38,28.16,23.51,4.0,0.0712,9.01,39.19,89.29,0.3525,0.1439,29.43,,,Great American Ball Park,
146,665966,Carlos Narvaez,BOS,ATH,2026-07-28T01:40:00Z,Scheduled,9,Jack Perkins,678022,R,37.4,Longshot,Watch List,Projected Lineup,34.4,38.5,30.9,40.2,50.0,40.3,No,Yes,9,Yes,Yes,RotoWire projected lineup; MLB probable pitchers,lineup projected / unconfirmed,H:2026/2025 P:2026/2025,,,Direct BvP not yet weighted; 2026/2025 Statcast baseline active,7,4,15,1,"Last 7 games: 4/15, 1 HR","same-side matchup; pitcher baseline 8.4% barrel, 8.9 HR allowed",neutral batted-ball profile; pitcher allows elevated contact,7.84,40.33,91.31,100.3817,0.3558,0.1417,0.2818,71.95,19.73,31.32,30.24,6.6,0.1178,8.41,37.35,88.08,0.3832,0.1517,33.82,,,Sutter Health Park,
147,593871,Jorge Polanco,NYM,ATL,2026-07-27T23:10:00Z,Scheduled,5,Martín Pérez,527048,L,37.3,Longshot,Watch List,"Projected Lineup, Platoon Edge",17.0,40.6,24.8,81.9,75.0,0.0,No,Yes,5,Yes,Yes,RotoWire projected lineup; MLB probable pitchers,lineup projected / unconfirmed,H:2026/2025 P:2026/2025,,,Direct BvP not yet weighted; 2026/2025 Statcast baseline active,7,1,22,0,"Last 7 games: 1/22, 0 HR","switch hitter; pitcher baseline 9.1% barrel, 8.8 HR allowed",neutral batted-ball profile; pitcher fly-ball pressure modest,5.12,34.04,86.95,98.2546,0.3303,0.1119,0.266,70.01,7.08,44.97,23.8,8.5,0.1229,9.05,37.72,88.2,0.4269,0.1723,24.97,,,Citi Field,
148,701678,Hao-Yu Lee,DET,BAL,2026-07-27T22:40:00Z,Scheduled,9,Kyle Bradish,680694,R,37.1,Longshot,Watch List,"Projected Lineup, Hot Hitter/Streak",32.4,33.8,27.6,40.2,50.0,80.0,No,Yes,9,Yes,Yes,RotoWire projected lineup; MLB probable pitchers,lineup projected / unconfirmed,H:2026 P:2026/2025,,,Direct BvP not yet weighted; 2026/2025 Statcast baseline active,7,9,22,2,Hot streak: 2 HR in last 7 games,"same-side matchup; pitcher baseline 8.3% barrel, 9.3 HR allowed",neutral batted-ball profile; pitcher fly-ball pressure modest,8.4,38.2,88.7,99.6285,0.398,0.16,0.29,70.8,18.3,29.0,27.5,6.0,0.165,8.31,37.57,88.68,0.3592,0.1359,22.24,,,Comerica Park,
149,655316,Andruw Monasterio,BOS,ATH,2026-07-28T01:40:00Z,Scheduled,8,Jack Perkins,678022,R,37.0,Longshot,Watch List,Projected Lineup,29.4,38.5,30.9,47.9,50.0,45.0,No,Yes,8,Yes,Yes,RotoWire projected lineup; MLB probable pitchers,lineup projected / unconfirmed,H:2026/2025 P:2026/2025,,,Direct BvP not yet weighted; 2026/2025 Statcast baseline active,7,9,20,0,Contact streak: 9/20 over last 7 games,"same-side matchup; pitcher baseline 8.4% barrel, 8.9 HR allowed",neutral batted-ball profile; pitcher allows elevated contact,7.89,36.85,88.19,98.0516,0.3875,0.1474,0.2975,69.17,3.18,41.74,32.74,4.7,0.1845,8.41,37.35,88.08,0.3832,0.1517,33.82,,,Sutter Health Park,
150,592663,J.T. Realmuto,PHI,MIA,2026-07-27T22:40:00Z,Scheduled,7,Tyler Phillips,663969,R,36.9,Longshot,Watch List,Projected Lineup,30.1,38.1,21.5,59.8,50.0,34.2,No,Yes,7,Yes,Yes,RotoWire projected lineup; MLB probable pitchers,lineup projected / unconfirmed,H:2026/2025 P:2026/2025,,,Direct BvP not yet weighted; 2026/2025 Statcast baseline active,7,8,23,0,Contact streak: 8/23 over last 7 games,"same-side matchup; pitcher baseline 7.0% barrel, 8.7 HR allowed",neutral batted-ball profile; pitcher fly-ball pressure modest,5.86,41.72,89.58,100.0001,0.3921,0.1356,0.3181,72.84,32.25,40.41,25.59,8.5,0.1298,6.99,43.05,89.76,0.4001,0.145,24.82,,,loanDepot park,
151,672640,Otto Lopez,MIA,PHI,2026-07-27T22:40:00Z,Scheduled,1,Zack Wheeler,554430,R,36.9,Longshot,Watch List,"Projected Lineup, Premium Lineup Spot",32.6,21.7,21.5,88.7,50.0,16.6,No,Yes,1,Yes,Yes,RotoWire projected lineup; MLB probable pitchers,lineup projected / unconfirmed,H:2026/2025 P:2026/2025,,,Direct BvP not yet weighted; 2026/2025 Statcast baseline active,7,6,26,0,"Last 7 games: 6/26, 0 HR","same-side matchup; pitcher baseline 6.3% barrel, 13.4 HR allowed",neutral batted-ball profile; pitcher fly-ball pressure modest,6.96,41.1,89.2,100.4784,0.4382,0.1552,0.3335,71.84,23.89,32.72,22.57,10.8,0.1514,6.29,33.96,86.63,0.3116,0.1135,24.62,,,loanDepot park,
152,681546,James Outman,DET,BAL,2026-07-27T22:40:00Z,Scheduled,8,Kyle Bradish,680694,R,36.8,Longshot,Watch List,"Projected Lineup, Platoon Edge",27.6,33.8,27.6,47.9,80.0,31.6,No,Yes,8,Yes,Yes,RotoWire projected lineup; MLB probable pitchers,lineup projected / unconfirmed,H:2026/2025 P:2026/2025,,,Direct BvP not yet weighted; 2026/2025 Statcast baseline active,7,5,24,1,"Last 7 games: 5/24, 1 HR","platoon edge; pitcher baseline 8.3% barrel, 9.3 HR allowed",neutral batted-ball profile; pitcher fly-ball pressure modest,9.48,36.6,86.6,98.4954,0.2901,0.1349,0.2279,72.39,21.02,52.94,30.51,4.6,0.1527,8.31,37.57,88.68,0.3592,0.1359,22.24,,,Comerica Park,
153,691458,Blaze Jordan,STL,CHC,2026-07-27T23:45:00Z,Scheduled,8,David Peterson,656849,L,36.8,Longshot,Watch List,"Projected Lineup, Platoon Edge",30.6,38.8,22.1,47.9,78.0,7.0,No,Yes,8,Yes,Yes,RotoWire projected lineup; MLB probable pitchers,lineup projected / unconfirmed,H:2026 P:2026/2025,,,Direct BvP not yet weighted; 2026/2025 Statcast baseline active,7,4,24,0,"Last 7 games: 4/24, 0 HR","platoon edge; pitcher baseline 6.5% barrel, 9.6 HR allowed",neutral batted-ball profile; pitcher fly-ball pressure modest,6.6,45.1,89.2,99.6962,0.387,0.131,0.294,72.8,29.6,38.5,19.8,1.0,0.118,6.54,44.11,90.46,0.4238,0.1475,20.2,,,Busch Stadium,
154,608348,Carson Kelly,CHC,STL,2026-07-27T23:45:00Z,Scheduled,7,,,,36.6,Longshot,Watch List,Projected Lineup,29.3,41.2,22.1,59.8,60.0,0.0,No,Yes,7,Yes,Yes,RotoWire projected lineup; MLB probable pitchers,lineup projected / unconfirmed,H:2026/2025 P:,,,Direct BvP not yet weighted; 2026/2025 Statcast baseline active,7,2,21,0,"Last 7 games: 2/21, 0 HR","handedness incomplete; pitcher baseline 0.0% barrel, 0.0 HR allowed",neutral batted-ball profile; pitcher fly-ball pressure modest,7.22,38.55,88.24,99.0767,0.3949,0.1547,0.3224,70.89,8.89,38.31,24.52,9.3,0.1363,,,,,,,,,Busch Stadium,
155,676914,Davis Schneider,TOR,WSH,2026-07-27T22:45:00Z,Scheduled,9,Andrew Alvarez,674841,L,36.5,Longshot,Watch List,"Projected Lineup, Strong Barrel, Platoon Edge",41.5,24.7,28.2,40.2,78.0,0.0,No,Yes,9,Yes,Yes,RotoWire projected lineup; MLB probable pitchers,lineup projected / unconfirmed,H:2026/2025 P:2026/2025,,,Direct BvP not yet weighted; 2026/2025 Statcast baseline active,7,0,13,0,"Last 7 games: 0/13, 0 HR","platoon edge; pitcher baseline 5.1% barrel, 1.7 HR allowed",fly-ball profile; pitcher fly-ball pressure modest,12.11,43.41,88.98,100.469,0.3229,0.1608,0.2831,71.22,14.33,43.65,41.67,5.4,0.1565,5.1,42.27,89.46,0.3549,0.1081,15.59,,,Nationals Park,
156,666211,Taylor Trammell,HOU,LAA,2026-07-28T01:38:00Z,Scheduled,7,Walbert Ureña,700712,R,36.5,Longshot,Watch List,"Projected Lineup, Platoon Edge",33.7,13.5,28.2,59.8,80.0,46.5,No,Yes,7,Yes,Yes,RotoWire projected lineup; MLB probable pitchers,lineup projected / unconfirmed,H:2026/2025 P:2026,,,Direct BvP not yet weighted; 2026/2025 Statcast baseline active,7,4,13,1,"Last 7 games: 4/13, 1 HR","platoon edge; pitcher baseline 5.0% barrel, 5.0 HR allowed",neutral batted-ball profile; pitcher fly-ball pressure modest,8.64,36.31,89.74,100.1778,0.3427,0.1452,0.2752,75.16,51.5,45.21,30.72,3.0,0.1325,5.0,33.2,86.9,0.292,0.091,22.0,,,Angel Stadium,
157,691026,Masyn Winn,STL,CHC,2026-07-27T23:45:00Z,Scheduled,5,David Peterson,656849,L,36.4,Longshot,Watch List,"Projected Lineup, Platoon Edge",14.9,38.8,22.1,81.9,78.0,7.0,No,Yes,5,Yes,Yes,RotoWire projected lineup; MLB probable pitchers,lineup projected / unconfirmed,H:2026/2025 P:2026/2025,,,Direct BvP not yet weighted; 2026/2025 Statcast baseline active,7,4,24,0,"Last 7 games: 4/24, 0 HR","platoon edge; pitcher baseline 6.5% barrel, 9.6 HR allowed",neutral batted-ball profile; pitcher fly-ball pressure modest,3.75,34.81,88.02,98.613,0.333,0.0867,0.2958,71.17,15.48,32.53,21.04,5.5,0.0897,6.54,44.11,90.46,0.4238,0.1475,20.2,,,Busch Stadium,
158,643217,Andrew Benintendi,CWS,NYY,2026-07-27T23:40:00Z,Scheduled,5,Max Fried,608331,L,36.0,Longshot,Watch List,Projected Lineup,38.6,9.3,27.6,81.9,50.0,17.7,No,Yes,5,Yes,Yes,RotoWire projected lineup; MLB probable pitchers,lineup projected / unconfirmed,H:2026/2025 P:2026/2025,,,Direct BvP not yet weighted; 2026/2025 Statcast baseline active,7,5,21,0,"Last 7 games: 5/21, 0 HR","same-side matchup; pitcher baseline 3.3% barrel, 4.9 HR allowed",neutral batted-ball profile; pitcher fly-ball pressure modest,9.7,43.41,88.7,98.8018,0.4244,0.1774,0.3207,69.54,4.43,51.57,30.87,13.0,0.1812,3.26,32.51,86.36,0.2891,0.0802,22.6,,,Rate Field,
159,699393,Pedro Ramirez,CHC,STL,2026-07-27T23:45:00Z,Scheduled,8,,,,35.7,Longshot,Watch List,"Projected Lineup, Platoon Edge",21.4,40.2,22.1,47.9,75.0,45.0,No,Yes,8,Yes,Yes,RotoWire projected lineup; MLB probable pitchers,lineup projected / unconfirmed,H:2026 P:,,,Direct BvP not yet weighted; 2026/2025 Statcast baseline active,7,11,25,0,Contact streak: 11/25 over last 7 games,"switch hitter; pitcher baseline 0.0% barrel, 0.0 HR allowed",neutral batted-ball profile; pitcher fly-ball pressure modest,3.0,42.4,89.9,100.0217,0.358,0.097,0.295,72.4,22.0,31.8,19.7,1.0,0.154,,,,,,,,,Busch Stadium,
160,620443,Luis Torrens,NYM,ATL,2026-07-27T23:10:00Z,Scheduled,9,Martín Pérez,527048,L,35.5,Longshot,Watch List,"Projected Lineup, Platoon Edge",24.6,41.5,24.8,40.2,78.0,19.5,No,Yes,9,Yes,Yes,RotoWire projected lineup; MLB probable pitchers,lineup projected / unconfirmed,H:2026/2025 P:2026/2025,,,Direct BvP not yet weighted; 2026/2025 Statcast baseline active,7,6,24,0,"Last 7 games: 6/24, 0 HR","platoon edge; pitcher baseline 9.1% barrel, 8.8 HR allowed",neutral batted-ball profile; pitcher fly-ball pressure modest,5.87,40.89,88.57,99.1295,0.37,0.1254,0.2981,70.45,8.27,30.31,17.19,2.9,0.105,9.05,37.72,88.2,0.4269,0.1723,24.97,,,Citi Field,
161,670623,Isaac Paredes,HOU,LAA,2026-07-28T01:38:00Z,Scheduled,3,Walbert Ureña,700712,R,35.1,Longshot,Watch List,"Projected Lineup, Premium Lineup Spot, Hot Hitter/Streak",20.3,13.5,28.2,92.1,50.0,70.6,No,Yes,3,Yes,Yes,RotoWire projected lineup; MLB probable pitchers,lineup projected / unconfirmed,H:2026/2025 P:2026,,,Direct BvP not yet weighted; 2026/2025 Statcast baseline active,7,9,26,2,Hot streak: 2 HR in last 7 games,"same-side matchup; pitcher baseline 5.0% barrel, 5.0 HR allowed",neutral batted-ball profile; pitcher fly-ball pressure modest,6.09,31.15,86.91,97.1346,0.3737,0.1334,0.3193,67.95,7.54,52.77,31.71,15.8,0.1816,5.0,33.2,86.9,0.292,0.091,22.0,,,Angel Stadium,
162,703607,Henry Bolte,ATH,BOS,2026-07-28T01:40:00Z,Scheduled,9,Payton Tolle,801139,L,35.1,Longshot,Watch List,"Projected Lineup, Platoon Edge",32.4,29.8,30.9,40.2,78.0,0.0,No,Yes,9,Yes,Yes,RotoWire projected lineup; MLB probable pitchers,lineup projected / unconfirmed,H:2026 P:2026/2025,,,Direct BvP not yet weighted; 2026/2025 Statcast baseline active,7,2,18,0,"Last 7 games: 2/18, 0 HR","platoon edge; pitcher baseline 6.9% barrel, 7.8 HR allowed",neutral batted-ball profile; pitcher fly-ball pressure modest,6.6,46.3,90.0,103.7434,0.345,0.12,0.295,76.9,73.2,31.4,18.2,3.0,0.082,6.89,35.5,88.01,0.3588,0.1387,28.51,,,Sutter Health Park,
163,650333,Luis Arraez,SF,MIL,2026-07-28T01:45:00Z,Scheduled,1,Brandon Sproat,687075,R,35.1,Longshot,Watch List,"Projected Lineup, Premium Lineup Spot, Platoon Edge",7.0,36.9,19.3,88.7,80.0,28.6,No,Yes,1,Yes,Yes,RotoWire projected lineup; MLB probable pitchers,lineup projected / unconfirmed,H:2026/2025 P:2026/2025,,,Direct BvP not yet weighted; 2026/2025 Statcast baseline active,7,9,29,0,"Last 7 games: 9/29, 0 HR","platoon edge; pitcher baseline 7.2% barrel, 11.2 HR allowed",neutral batted-ball profile; pitcher fly-ball pressure modest,0.68,19.71,86.73,94.0671,0.3686,0.083,0.3037,63.02,0.12,29.89,26.91,5.2,0.1161,7.18,41.4,89.3,0.3948,0.1465,22.55,,,Oracle Park,
164,805347,Jim Jarvis,ATL,NYM,2026-07-27T23:10:00Z,Scheduled,9,Zac Thornton,804267,L,34.8,Longshot,Watch List,Projected Lineup,21.6,54.7,24.8,40.2,50.0,13.6,No,Yes,9,Yes,Yes,RotoWire projected lineup; MLB probable pitchers,lineup projected / unconfirmed,H:2026 P:2026,,,Direct BvP not yet weighted; 2026/2025 Statcast baseline active,7,4,19,0,"Last 7 games: 4/19, 0 HR","same-side matchup; pitcher baseline 12.5% barrel, 1.0 HR allowed",neutral batted-ball profile; pitcher allows elevated contact,6.3,39.6,88.5,98.4812,0.344,0.092,0.279,70.8,10.3,33.3,18.8,1.0,0.153,12.5,37.5,89.8,0.426,0.175,39.1,,,Citi Field,
165,669701,Josh Smith,TEX,SEA,2026-07-27T18:35:00Z,Scheduled,8,George Kirby,669923,R,34.7,Longshot,Watch List,"Projected Lineup, Platoon Edge",17.4,39.0,27.6,47.9,80.0,30.3,No,Yes,8,Yes,Yes,RotoWire projected lineup; MLB probable pitchers,lineup projected / unconfirmed,H:2026/2025 P:2026/2025,,,Direct BvP not yet weighted; 2026/2025 Statcast baseline active,7,5,25,1,"Last 7 games: 5/25, 1 HR","platoon edge; pitcher baseline 7.4% barrel, 12.2 HR allowed",neutral batted-ball profile; pitcher fly-ball pressure modest,5.7,31.03,86.99,97.5429,0.3345,0.1127,0.2855,69.17,3.49,34.69,29.63,3.7,0.0793,7.41,42.71,89.83,0.3913,0.1374,24.8,,,Globe Life Field,
166,805779,Jacob Wilson,ATH,BOS,2026-07-28T01:40:00Z,Scheduled,1,Payton Tolle,801139,L,34.7,Longshot,Watch List,"Projected Lineup, Premium Lineup Spot, Platoon Edge",3.2,29.8,30.9,88.7,78.0,48.7,No,Yes,1,Yes,Yes,RotoWire projected lineup; MLB probable pitchers,lineup projected / unconfirmed,H:2026/2025 P:2026/2025,,,Direct BvP not yet weighted; 2026/2025 Statcast baseline active,7,6,30,2,Hot streak: 2 HR in last 7 games,"platoon edge; pitcher baseline 6.9% barrel, 7.8 HR allowed",neutral batted-ball profile; pitcher fly-ball pressure modest,2.48,26.8,84.11,95.5845,0.3584,0.0863,0.2935,64.18,0.44,33.51,20.88,8.8,0.1288,6.89,35.5,88.01,0.3588,0.1387,28.51,,,Sutter Health Park,
167,683083,Nasim Nunez,WSH,TOR,2026-07-27T22:45:00Z,Scheduled,9,Max Scherzer,453286,R,34.4,Longshot,Watch List,"Projected Lineup, Platoon Edge",4.7,63.7,28.2,40.2,75.0,19.5,No,Yes,9,Yes,Yes,RotoWire projected lineup; MLB probable pitchers,lineup projected / unconfirmed,H:2026/2025 P:2026/2025,,,Direct BvP not yet weighted; 2026/2025 Statcast baseline active,7,6,24,0,"Last 7 games: 6/24, 0 HR","switch hitter; pitcher baseline 13.0% barrel, 12.0 HR allowed",neutral batted-ball profile; pitcher allows elevated contact,1.69,26.87,85.8,95.8784,0.3012,0.0734,0.2792,68.77,4.94,32.06,18.61,1.9,0.0825,12.96,39.11,88.93,0.5079,0.244,32.34,,,Nationals Park,
168,663538,Nico Hoerner,CHC,STL,2026-07-27T23:45:00Z,Scheduled,5,,,,34.1,Longshot,Watch List,Projected Lineup,8.4,41.2,22.1,81.9,60.0,25.5,No,Yes,5,Yes,Yes,RotoWire projected lineup; MLB probable pitchers,lineup projected / unconfirmed,H:2026/2025 P:,,,Direct BvP not yet weighted; 2026/2025 Statcast baseline active,7,9,31,0,"Last 7 games: 9/31, 0 HR","handedness incomplete; pitcher baseline 0.0% barrel, 0.0 HR allowed",neutral batted-ball profile; pitcher fly-ball pressure modest,1.28,28.83,86.28,96.2812,0.3749,0.0822,0.3213,68.36,1.76,33.43,21.49,4.9,0.0928,,,,,,,,,Busch Stadium,
169,806068,Colt Emerson,SEA,TEX,2026-07-27T18:35:00Z,Scheduled,9,Kumar Rocker,677958,R,34.0,Longshot,Watch List,"Projected Lineup, Platoon Edge",14.2,47.1,27.6,40.2,80.0,19.5,No,Yes,9,Yes,Yes,RotoWire projected lineup; MLB probable pitchers,lineup projected / unconfirmed,H:2026 P:2026/2025,,,Direct BvP not yet weighted; 2026/2025 Statcast baseline active,7,6,24,0,"Last 7 games: 6/24, 0 HR","platoon edge; pitcher baseline 8.7% barrel, 11.7 HR allowed",neutral batted-ball profile; pitcher fly-ball pressure modest,5.5,29.1,86.3,96.7601,0.289,0.105,0.246,72.5,25.3,40.9,21.8,7.0,0.171,8.72,43.86,89.73,0.443,0.1766,22.3,,,Globe Life Field,
170,695731,Braden Montgomery,CWS,NYY,2026-07-27T23:40:00Z,Scheduled,4,Max Fried,608331,L,33.9,Longshot,Watch List,"Projected Lineup, Premium Lineup Spot, Platoon Edge",20.8,8.8,27.6,90.4,75.0,28.2,No,Yes,4,Yes,Yes,RotoWire projected lineup; MLB probable pitchers,lineup projected / unconfirmed,H:2026 P:2026/2025,,,Direct BvP not yet weighted; 2026/2025 Statcast baseline active,7,8,26,0,"Last 7 games: 8/26, 0 HR","switch hitter; pitcher baseline 3.3% barrel, 4.9 HR allowed",neutral batted-ball profile; pitcher fly-ball pressure modest,3.7,40.2,89.2,100.0293,0.362,0.118,0.298,69.8,9.4,31.8,18.7,3.0,0.154,3.26,32.51,86.36,0.2891,0.0802,22.6,,,Rate Field,
171,665750,Leody Taveras,BAL,DET,2026-07-27T22:40:00Z,Scheduled,7,Keider Montero,672456,R,33.8,Longshot,Watch List,"Projected Lineup, Platoon Edge",17.2,36.7,27.6,59.8,75.0,2.5,No,Yes,7,Yes,Yes,RotoWire projected lineup; MLB probable pitchers,lineup projected / unconfirmed,H:2026/2025 P:2026/2025,,,Direct BvP not yet weighted; 2026/2025 Statcast baseline active,7,3,22,0,"Last 7 games: 3/22, 0 HR","switch hitter; pitcher baseline 7.6% barrel, 11.8 HR allowed",neutral batted-ball profile; pitcher fly-ball pressure modest,5.07,31.35,87.45,98.4454,0.3237,0.1103,0.2705,72.32,24.42,32.25,22.7,3.7,0.1116,7.57,38.42,88.75,0.3998,0.1615,25.84,,,Comerica Park,
172,595978,Austin Hedges,CLE,CIN,2026-07-27T23:10:00Z,Scheduled,8,Chase Burns,695505,R,33.8,Longshot,Watch List,Projected Lineup,15.5,39.7,39.3,47.9,50.0,42.0,No,Yes,8,Yes,Yes,RotoWire projected lineup; MLB probable pitchers,lineup projected / unconfirmed,H:2026/2025 P:2026/2025,,,Direct BvP not yet weighted; 2026/2025 Statcast baseline active,7,5,18,1,"Last 7 games: 5/18, 1 HR","same-side matchup; pitcher baseline 9.0% barrel, 9.9 HR allowed",neutral batted-ball profile; pitcher fly-ball pressure modest,4.66,32.62,87.36,98.2032,0.3281,0.1035,0.2798,70.03,10.26,51.31,23.52,4.3,0.1321,9.01,39.19,89.29,0.3525,0.1439,29.43,,,Great American Ball Park,
173,701358,Cam Smith,HOU,LAA,2026-07-28T01:38:00Z,Scheduled,8,Walbert Ureña,700712,R,33.8,Longshot,Watch List,"Projected Lineup, Strong Barrel",43.1,13.5,28.2,47.9,50.0,18.3,No,Yes,8,Yes,Yes,RotoWire projected lineup; MLB probable pitchers,lineup projected / unconfirmed,H:2026/2025 P:2026,,,Direct BvP not yet weighted; 2026/2025 Statcast baseline active,7,1,14,1,"Last 7 games: 1/14, 1 HR","same-side matchup; pitcher baseline 5.0% barrel, 5.0 HR allowed",neutral batted-ball profile; pitcher fly-ball pressure modest,10.47,43.53,89.02,101.5985,0.4236,0.1802,0.3243,76.6,67.2,36.72,24.3,11.8,0.1479,5.0,33.2,86.9,0.292,0.091,22.0,,,Angel Stadium,
174,702332,Caleb Durbin,BOS,ATH,2026-07-28T01:40:00Z,Scheduled,5,Jack Perkins,678022,R,33.7,Longshot,Watch List,Projected Lineup,5.8,38.5,30.9,81.9,50.0,37.8,No,Yes,5,Yes,Yes,RotoWire projected lineup; MLB probable pitchers,lineup projected / unconfirmed,H:2026/2025 P:2026/2025,,,Direct BvP not yet weighted; 2026/2025 Statcast baseline active,7,6,24,1,"Last 7 games: 6/24, 1 HR","same-side matchup; pitcher baseline 8.4% barrel, 8.9 HR allowed",neutral batted-ball profile; pitcher allows elevated contact,3.02,27.81,84.64,96.1509,0.3354,0.0958,0.2917,68.81,5.12,41.65,18.63,10.3,0.1499,8.41,37.35,88.08,0.3832,0.1517,33.82,,,Sutter Health Park,
175,806198,Cooper Pratt,MIL,SF,2026-07-28T01:45:00Z,Scheduled,8,Tyler Mahle,641816,R,33.7,Longshot,Watch List,"Projected Lineup, Hot Hitter/Streak",19.7,37.4,19.3,47.9,50.0,81.7,No,Yes,8,Yes,Yes,RotoWire projected lineup; MLB probable pitchers,lineup projected / unconfirmed,H:2026 P:2026/2025,,,Direct BvP not yet weighted; 2026/2025 Statcast baseline active,7,10,23,2,Hot streak: 2 HR in last 7 games,"same-side matchup; pitcher baseline 7.5% barrel, 10.6 HR allowed",neutral batted-ball profile; pitcher fly-ball pressure modest,5.2,31.6,88.4,97.5199,0.401,0.113,0.345,70.4,8.6,35.4,21.5,2.0,0.115,7.51,36.26,89.27,0.4053,0.153,27.75,,,Oracle Park,
176,690984,Petey Halpin,CLE,CIN,2026-07-27T23:10:00Z,Scheduled,9,Chase Burns,695505,R,33.5,Longshot,Watch List,"Projected Lineup, Platoon Edge",9.0,39.7,39.3,40.2,80.0,45.9,No,Yes,9,Yes,Yes,RotoWire projected lineup; MLB probable pitchers,lineup projected / unconfirmed,H:2026/2025 P:2026/2025,,,Direct BvP not yet weighted; 2026/2025 Statcast baseline active,7,4,22,2,Hot streak: 2 HR in last 7 games,"platoon edge; pitcher baseline 9.0% barrel, 9.9 HR allowed",neutral batted-ball profile; pitcher fly-ball pressure modest,4.97,20.02,82.01,94.1185,0.2905,0.0896,0.2587,70.36,6.51,40.97,34.52,1.4,0.0875,9.01,39.19,89.29,0.3525,0.1439,29.43,,,Great American Ball Park,
177,665877,Jose Fermin,STL,CHC,2026-07-27T23:45:00Z,Scheduled,6,David Peterson,656849,L,33.5,Longshot,Watch List,"Projected Lineup, Platoon Edge",9.1,38.8,22.1,71.7,78.0,16.6,No,Yes,6,Yes,Yes,RotoWire projected lineup; MLB probable pitchers,lineup projected / unconfirmed,H:2026/2025 P:2026/2025,,,Direct BvP not yet weighted; 2026/2025 Statcast baseline active,7,3,13,0,"Last 7 games: 3/13, 0 HR","platoon edge; pitcher baseline 6.5% barrel, 9.6 HR allowed",neutral batted-ball profile; pitcher fly-ball pressure modest,1.4,30.59,86.12,96.3875,0.3432,0.0913,0.3019,68.0,3.09,46.92,24.31,3.1,0.1235,6.54,44.11,90.46,0.4238,0.1475,20.2,,,Busch Stadium,
178,687551,Drew Gilbert,SF,MIL,2026-07-28T01:45:00Z,Scheduled,6,Brandon Sproat,687075,R,33.5,Longshot,Watch List,"Projected Lineup, Platoon Edge",10.9,36.9,19.3,71.7,80.0,17.7,No,Yes,6,Yes,Yes,RotoWire projected lineup; MLB probable pitchers,lineup projected / unconfirmed,H:2026/2025 P:2026/2025,,,Direct BvP not yet weighted; 2026/2025 Statcast baseline active,7,5,21,0,"Last 7 games: 5/21, 0 HR","platoon edge; pitcher baseline 7.2% barrel, 11.2 HR allowed",neutral batted-ball profile; pitcher fly-ball pressure modest,2.66,33.84,85.97,97.467,0.3303,0.0957,0.287,70.52,10.16,39.79,18.29,3.7,0.1334,7.18,41.4,89.3,0.3948,0.1465,22.55,,,Oracle Park,
179,686780,Pedro Pages,STL,CHC,2026-07-27T23:45:00Z,Scheduled,9,David Peterson,656849,L,33.2,Longshot,Watch List,"Projected Lineup, Platoon Edge",23.9,38.8,22.1,40.2,78.0,0.0,No,Yes,9,Yes,Yes,RotoWire projected lineup; MLB probable pitchers,lineup projected / unconfirmed,H:2026/2025 P:2026/2025,,,Direct BvP not yet weighted; 2026/2025 Statcast baseline active,7,0,5,0,"Last 7 games: 0/5, 0 HR","platoon edge; pitcher baseline 6.5% barrel, 9.6 HR allowed",neutral batted-ball profile; pitcher fly-ball pressure modest,6.0,38.04,87.23,99.496,0.3421,0.1278,0.2632,72.53,22.68,36.69,27.13,6.1,0.1246,6.54,44.11,90.46,0.4238,0.1475,20.2,,,Busch Stadium,
180,676609,Jose Caballero,NYY,CWS,2026-07-27T23:40:00Z,Scheduled,8,Noah Schultz,702273,L,33.1,Longshot,Watch List,"Projected Lineup, Platoon Edge",7.7,52.9,27.6,47.9,78.0,0.0,No,Yes,8,Yes,Yes,RotoWire projected lineup; MLB probable pitchers,lineup projected / unconfirmed,H:2026/2025 P:2026,,,Direct BvP not yet weighted; 2026/2025 Statcast baseline active,7,3,26,0,"Last 7 games: 3/26, 0 HR","platoon edge; pitcher baseline 10.7% barrel, 9.0 HR allowed",neutral batted-ball profile; pitcher fly-ball pressure modest,4.29,26.75,84.46,96.4265,0.3264,0.1052,0.2766,68.89,8.01,41.25,21.24,8.5,0.1313,10.7,39.6,89.1,0.471,0.198,28.4,,,Rate Field,
181,645305,Ali Sanchez,NYY,CWS,2026-07-27T23:40:00Z,Scheduled,9,Noah Schultz,702273,L,33.1,Longshot,Watch List,"Projected Lineup, Platoon Edge",7.5,52.9,27.6,40.2,78.0,22.9,No,Yes,9,Yes,Yes,RotoWire projected lineup; MLB probable pitchers,lineup projected / unconfirmed,H:2026/2025 P:2026,,,Direct BvP not yet weighted; 2026/2025 Statcast baseline active,7,3,11,0,"Last 7 games: 3/11, 0 HR","platoon edge; pitcher baseline 10.7% barrel, 9.0 HR allowed",neutral batted-ball profile; pitcher fly-ball pressure modest,5.28,21.67,82.98,94.828,0.3409,0.0826,0.2776,70.28,7.91,33.36,21.59,0.0,0.0611,10.7,39.6,89.1,0.471,0.198,28.4,,,Rate Field,
182,803011,Sam Antonacci,CWS,NYY,2026-07-27T23:40:00Z,Scheduled,1,Max Fried,608331,L,32.6,Longshot,Watch List,"Projected Lineup, Premium Lineup Spot",25.0,9.3,27.6,88.7,50.0,21.1,No,Yes,1,Yes,Yes,RotoWire projected lineup; MLB probable pitchers,lineup projected / unconfirmed,H:2026 P:2026/2025,,,Direct BvP not yet weighted; 2026/2025 Statcast baseline active,7,6,23,0,"Last 7 games: 6/23, 0 HR","same-side matchup; pitcher baseline 3.3% barrel, 4.9 HR allowed",neutral batted-ball profile; pitcher fly-ball pressure modest,6.6,36.0,87.5,98.2286,0.425,0.139,0.357,70.0,8.8,33.3,21.8,7.0,0.131,3.26,32.51,86.36,0.2891,0.0802,22.6,,,Rate Field,
183,553869,Elias Diaz,TEX,SEA,2026-07-27T18:35:00Z,Scheduled,9,George Kirby,669923,R,32.5,Longshot,Watch List,Projected Lineup,25.4,39.0,27.6,40.2,50.0,9.3,No,Yes,9,Yes,Yes,RotoWire projected lineup; MLB probable pitchers,lineup projected / unconfirmed,H:2026/2025 P:2026/2025,,,Direct BvP not yet weighted; 2026/2025 Statcast baseline active,7,4,22,0,"Last 7 games: 4/22, 0 HR","same-side matchup; pitcher baseline 7.4% barrel, 12.2 HR allowed",neutral batted-ball profile; pitcher fly-ball pressure modest,6.2,36.81,86.79,99.5926,0.375,0.1303,0.2817,74.41,43.47,39.89,27.45,5.5,0.1631,7.41,42.71,89.83,0.3913,0.1374,24.8,,,Globe Life Field,
184,800325,Luis Lara,MIL,SF,2026-07-28T01:45:00Z,Scheduled,7,Tyler Mahle,641816,R,32.3,Longshot,Watch List,"Projected Lineup, Platoon Edge",12.5,36.3,19.3,59.8,75.0,28.9,No,Yes,7,Yes,Yes,RotoWire projected lineup; MLB probable pitchers,lineup projected / unconfirmed,H:2026 P:2026/2025,,,Direct BvP not yet weighted; 2026/2025 Statcast baseline active,7,5,16,0,"Last 7 games: 5/16, 0 HR","switch hitter; pitcher baseline 7.5% barrel, 10.6 HR allowed",neutral batted-ball profile; pitcher fly-ball pressure modest,4.0,28.0,86.5,95.544,0.364,0.084,0.344,71.0,19.2,36.0,28.0,0.0,0.069,7.51,36.26,89.27,0.4053,0.153,27.75,,,Oracle Park,
185,670032,Nicky Lopez,TEX,SEA,2026-07-27T18:35:00Z,Scheduled,7,George Kirby,669923,R,32.0,Longshot,Watch List,"Projected Lineup, Platoon Edge",3.0,39.0,27.6,59.8,80.0,39.1,No,Yes,7,Yes,Yes,RotoWire projected lineup; MLB probable pitchers,lineup projected / unconfirmed,H:2026/2025 P:2026/2025,,,Direct BvP not yet weighted; 2026/2025 Statcast baseline active,7,8,21,0,Contact streak: 8/21 over last 7 games,"platoon edge; pitcher baseline 7.4% barrel, 12.2 HR allowed",neutral batted-ball profile; pitcher fly-ball pressure modest,0.0,28.1,84.94,95.5917,0.2774,0.0412,0.2624,66.79,0.75,34.64,10.95,0.7,0.0301,7.41,42.71,89.83,0.3913,0.1374,24.8,,,Globe Life Field,
186,675961,Alika Williams,ATH,BOS,2026-07-28T01:40:00Z,Scheduled,7,Payton Tolle,801139,L,31.8,Longshot,Watch List,"Projected Lineup, Platoon Edge",9.0,29.8,30.9,59.8,78.0,32.0,No,Yes,7,Yes,Yes,RotoWire projected lineup; MLB probable pitchers,lineup projected / unconfirmed,H:2026 P:2026/2025,,,Direct BvP not yet weighted; 2026/2025 Statcast baseline active,7,4,12,0,Contact streak: 4/12 over last 7 games,"platoon edge; pitcher baseline 6.9% barrel, 7.8 HR allowed",neutral batted-ball profile; pitcher fly-ball pressure modest,0.0,35.8,85.6,97.3572,0.272,0.059,0.229,69.5,4.3,36.8,22.1,2.0,0.159,6.89,35.5,88.01,0.3588,0.1387,28.51,,,Sutter Health Park,
187,514888,Jose Altuve,HOU,LAA,2026-07-28T01:38:00Z,Scheduled,4,Walbert Ureña,700712,R,31.7,Longshot,Watch List,"Projected Lineup, Premium Lineup Spot",16.1,13.5,28.2,90.4,50.0,35.3,No,Yes,4,Yes,Yes,RotoWire projected lineup; MLB probable pitchers,lineup projected / unconfirmed,H:2026/2025 P:2026,,,Direct BvP not yet weighted; 2026/2025 Statcast baseline active,7,7,30,1,"Last 7 games: 7/30, 1 HR","same-side matchup; pitcher baseline 5.0% barrel, 5.0 HR allowed",neutral batted-ball profile; pitcher fly-ball pressure modest,5.92,32.02,85.59,97.2713,0.3511,0.1218,0.286,69.07,9.67,44.59,22.51,16.2,0.1686,5.0,33.2,86.9,0.292,0.091,22.0,,,Angel Stadium,
188,701852,Drew Cavanaugh,SF,MIL,2026-07-28T01:45:00Z,Scheduled,8,Brandon Sproat,687075,R,31.7,Longshot,Watch List,"Projected Lineup, Platoon Edge",12.0,36.9,19.3,47.9,80.0,42.0,No,Yes,8,Yes,Yes,RotoWire projected lineup; MLB probable pitchers,lineup projected / unconfirmed,H:2026 P:2026/2025,,,Direct BvP not yet weighted; 2026/2025 Statcast baseline active,7,4,10,0,Contact streak: 4/10 over last 7 games,"platoon edge; pitcher baseline 7.2% barrel, 11.2 HR allowed",neutral batted-ball profile; pitcher fly-ball pressure modest,6.9,20.7,84.9,96.6414,0.331,0.109,0.307,69.7,5.2,24.1,17.2,0.0,0.0,7.18,41.4,89.3,0.3948,0.1465,22.55,,,Oracle Park,
189,664770,Nathan Lukes,TOR,WSH,2026-07-27T22:45:00Z,Scheduled,1,Andrew Alvarez,674841,L,31.4,Longshot,Watch List,"Projected Lineup, Premium Lineup Spot",9.6,24.7,28.2,88.7,50.0,22.9,No,Yes,1,Yes,Yes,RotoWire projected lineup; MLB probable pitchers,lineup projected / unconfirmed,H:2026/2025 P:2026/2025,,,Direct BvP not yet weighted; 2026/2025 Statcast baseline active,7,6,22,0,"Last 7 games: 6/22, 0 HR","same-side matchup; pitcher baseline 5.1% barrel, 1.7 HR allowed",neutral batted-ball profile; pitcher fly-ball pressure modest,2.14,30.42,86.92,96.7559,0.3507,0.0945,0.2954,67.51,4.21,32.82,21.23,7.1,0.1268,5.1,42.27,89.46,0.3549,0.1081,15.59,,,Nationals Park,
190,689414,Liam Hicks,MIA,PHI,2026-07-27T22:40:00Z,Scheduled,5,Zack Wheeler,554430,R,31.2,Longshot,Watch List,"Projected Lineup, Platoon Edge",9.6,21.7,21.5,81.9,80.0,19.1,No,Yes,5,Yes,Yes,RotoWire projected lineup; MLB probable pitchers,lineup projected / unconfirmed,H:2026/2025 P:2026/2025,,,Direct BvP not yet weighted; 2026/2025 Statcast baseline active,7,3,24,1,"Last 7 games: 3/24, 1 HR","platoon edge; pitcher baseline 6.3% barrel, 13.4 HR allowed",neutral batted-ball profile; pitcher fly-ball pressure modest,3.88,29.52,84.95,96.5878,0.3507,0.1039,0.3108,68.03,3.93,42.73,24.08,11.6,0.1438,6.29,33.96,86.63,0.3116,0.1135,24.62,,,loanDepot park,
191,673237,Yainer Diaz,HOU,LAA,2026-07-28T01:38:00Z,Scheduled,6,Walbert Ureña,700712,R,31.2,Longshot,Watch List,Projected Lineup,26.9,13.5,28.2,71.7,50.0,6.0,No,Yes,6,Yes,Yes,RotoWire projected lineup; MLB probable pitchers,lineup projected / unconfirmed,H:2026/2025 P:2026,,,Direct BvP not yet weighted; 2026/2025 Statcast baseline active,7,4,25,0,"Last 7 games: 4/25, 0 HR","same-side matchup; pitcher baseline 5.0% barrel, 5.0 HR allowed",neutral batted-ball profile; pitcher fly-ball pressure modest,6.45,35.55,88.36,99.3519,0.4097,0.1487,0.3043,72.41,21.1,35.72,20.01,10.2,0.1505,5.0,33.2,86.9,0.292,0.091,22.0,,,Angel Stadium,
192,669364,Xavier Edwards,MIA,PHI,2026-07-27T22:40:00Z,Scheduled,4,Zack Wheeler,554430,R,31.1,Longshot,Watch List,"Projected Lineup, Premium Lineup Spot, Platoon Edge",10.2,20.2,21.5,90.4,75.0,4.2,No,Yes,4,Yes,Yes,RotoWire projected lineup; MLB probable pitchers,lineup projected / unconfirmed,H:2026/2025 P:2026/2025,,,Direct BvP not yet weighted; 2026/2025 Statcast baseline active,7,4,27,0,"Last 7 games: 4/27, 0 HR","switch hitter; pitcher baseline 6.3% barrel, 13.4 HR allowed",neutral batted-ball profile; pitcher fly-ball pressure modest,3.18,28.98,86.94,96.608,0.36,0.0977,0.3111,68.02,2.47,29.85,21.77,5.1,0.1015,6.29,33.96,86.63,0.3116,0.1135,24.62,,,loanDepot park,
193,664774,LaMonte Wade,HOU,LAA,2026-07-28T01:38:00Z,Scheduled,5,Walbert Ureña,700712,R,30.9,Longshot,Watch List,"Projected Lineup, Platoon Edge",14.5,13.5,28.2,81.9,80.0,0.0,No,Yes,5,Yes,Yes,RotoWire projected lineup; MLB probable pitchers,lineup projected / unconfirmed,H:2026/2025 P:2026,,,Direct BvP not yet weighted; 2026/2025 Statcast baseline active,7,2,19,0,"Last 7 games: 2/19, 0 HR","platoon edge; pitcher baseline 5.0% barrel, 5.0 HR allowed",neutral batted-ball profile; pitcher fly-ball pressure modest,4.92,32.85,86.06,97.366,0.3,0.1069,0.2817,70.98,10.18,34.41,24.67,2.0,0.1318,5.0,33.2,86.9,0.292,0.091,22.0,,,Angel Stadium,
194,665923,Esteury Ruiz,MIA,PHI,2026-07-27T22:40:00Z,Scheduled,7,Zack Wheeler,554430,R,30.7,Longshot,Watch List,Projected Lineup,21.9,21.7,21.5,59.8,50.0,43.2,No,Yes,7,Yes,Yes,RotoWire projected lineup; MLB probable pitchers,lineup projected / unconfirmed,H:2026/2025 P:2026/2025,,,Direct BvP not yet weighted; 2026/2025 Statcast baseline active,7,4,14,1,"Last 7 games: 4/14, 1 HR","same-side matchup; pitcher baseline 6.3% barrel, 13.4 HR allowed",neutral batted-ball profile; pitcher fly-ball pressure modest,8.05,28.0,85.0,96.2084,0.351,0.1554,0.2966,71.45,16.49,44.87,28.98,3.8,0.2018,6.29,33.96,86.63,0.3116,0.1135,24.62,,,loanDepot park,
195,643446,Jeff McNeil,ATH,BOS,2026-07-28T01:40:00Z,Scheduled,8,Payton Tolle,801139,L,30.2,Longshot,Watch List,Projected Lineup,12.4,29.8,30.9,47.9,50.0,62.1,No,Yes,8,Yes,Yes,RotoWire projected lineup; MLB probable pitchers,lineup projected / unconfirmed,H:2026/2025 P:2026/2025,,,Direct BvP not yet weighted; 2026/2025 Statcast baseline active,7,7,17,1,Contact streak: 7/17 over last 7 games,"same-side matchup; pitcher baseline 6.9% barrel, 7.8 HR allowed",neutral batted-ball profile; pitcher fly-ball pressure modest,2.37,32.55,86.64,96.6439,0.3698,0.0985,0.3146,69.02,5.3,43.14,23.89,6.4,0.1127,6.89,35.5,88.01,0.3588,0.1387,28.51,,,Sutter Health Park,
196,687401,Joey Ortiz,MIL,SF,2026-07-28T01:45:00Z,Scheduled,9,Tyler Mahle,641816,R,29.7,Longshot,Watch List,Projected Lineup,15.7,37.4,19.3,40.2,50.0,50.3,No,Yes,9,Yes,Yes,RotoWire projected lineup; MLB probable pitchers,lineup projected / unconfirmed,H:2026/2025 P:2026/2025,,,Direct BvP not yet weighted; 2026/2025 Statcast baseline active,7,7,21,1,Contact streak: 7/21 over last 7 games,"same-side matchup; pitcher baseline 7.5% barrel, 10.6 HR allowed",neutral batted-ball profile; pitcher fly-ball pressure modest,3.77,34.48,87.14,98.7118,0.341,0.0967,0.2939,72.82,28.88,30.65,21.22,5.6,0.1038,7.51,36.26,89.27,0.4053,0.153,27.75,,,Oracle Park,
197,676391,Ernie Clement,TOR,WSH,2026-07-27T22:45:00Z,Scheduled,7,Andrew Alvarez,674841,L,29.3,Longshot,Watch List,"Projected Lineup, Platoon Edge",6.7,24.7,28.2,59.8,78.0,30.2,No,Yes,7,Yes,Yes,RotoWire projected lineup; MLB probable pitchers,lineup projected / unconfirmed,H:2026/2025 P:2026/2025,,,Direct BvP not yet weighted; 2026/2025 Statcast baseline active,7,9,28,0,Contact streak: 9/28 over last 7 games,"platoon edge; pitcher baseline 5.1% barrel, 1.7 HR allowed",neutral batted-ball profile; pitcher fly-ball pressure modest,2.47,23.9,85.62,95.0882,0.3485,0.0909,0.2792,67.53,2.82,42.83,27.97,8.3,0.1252,5.1,42.27,89.46,0.3549,0.1081,15.59,,,Nationals Park,
198,701305,Zach Dezenzo,HOU,LAA,2026-07-28T01:38:00Z,Scheduled,9,Walbert Ureña,700712,R,28.7,Longshot,Watch List,"Projected Lineup, Strong Barrel",28.7,13.5,28.2,40.2,50.0,32.0,No,Yes,9,Yes,Yes,RotoWire projected lineup; MLB probable pitchers,lineup projected / unconfirmed,H:2026/2025 P:2026,,,Direct BvP not yet weighted; 2026/2025 Statcast baseline active,7,6,18,0,Contact streak: 6/18 over last 7 games,"same-side matchup; pitcher baseline 5.0% barrel, 5.0 HR allowed",neutral batted-ball profile; pitcher fly-ball pressure modest,12.27,32.53,85.1,97.4595,0.349,0.1359,0.2838,74.62,44.57,43.5,19.91,1.3,0.1115,5.0,33.2,86.9,0.292,0.091,22.0,,,Angel Stadium,
199,805367,Chase Meidroth,CWS,NYY,2026-07-27T23:40:00Z,Scheduled,7,Max Fried,608331,L,28.5,Longshot,Watch List,"Projected Lineup, Platoon Edge",12.4,9.3,27.6,59.8,78.0,52.5,No,Yes,7,Yes,Yes,RotoWire projected lineup; MLB probable pitchers,lineup projected / unconfirmed,H:2026/2025 P:2026/2025,,,Direct BvP not yet weighted; 2026/2025 Statcast baseline active,7,8,23,1,Contact streak: 8/23 over last 7 games,"platoon edge; pitcher baseline 3.3% barrel, 4.9 HR allowed",neutral batted-ball profile; pitcher fly-ball pressure modest,3.56,35.4,87.99,97.4389,0.3288,0.0891,0.2923,67.05,1.18,37.63,19.42,6.4,0.0936,3.26,32.51,86.36,0.2891,0.0802,22.6,,,Rate Field,
200,702222,Justin Crawford,PHI,MIA,2026-07-27T22:40:00Z,Scheduled,9,Tyler Phillips,663969,R,28.1,Longshot,Watch List,"Projected Lineup, Platoon Edge",8.0,38.1,21.5,40.2,80.0,5.1,No,Yes,9,Yes,Yes,RotoWire projected lineup; MLB probable pitchers,lineup projected / unconfirmed,H:2026 P:2026/2025,,,Direct BvP not yet weighted; 2026/2025 Statcast baseline active,7,2,13,0,"Last 7 games: 2/13, 0 HR","platoon edge; pitcher baseline 7.0% barrel, 8.7 HR allowed",neutral batted-ball profile; pitcher fly-ball pressure modest,0.9,32.7,86.3,97.4216,0.309,0.06,0.272,68.8,4.9,27.3,16.8,2.0,0.087,6.99,43.05,89.76,0.4001,0.145,24.82,,,loanDepot park,
201,687529,Grant McCray,SF,MIL,2026-07-28T01:45:00Z,Scheduled,9,Brandon Sproat,687075,R,26.8,Longshot,Watch List,"Projected Lineup, Platoon Edge",6.8,36.9,19.3,40.2,80.0,0.0,No,Yes,9,Yes,Yes,RotoWire projected lineup; MLB probable pitchers,lineup projected / unconfirmed,H:2026/2025 P:2026/2025,,,Direct BvP not yet weighted; 2026/2025 Statcast baseline active,7,0,4,0,"Last 7 games: 0/4, 0 HR","platoon edge; pitcher baseline 7.2% barrel, 11.2 HR allowed",neutral batted-ball profile; pitcher fly-ball pressure modest,4.62,6.93,85.07,88.487,0.1248,0.0535,0.209,71.44,11.16,16.14,9.24,0.0,0.0273,7.18,41.4,89.3,0.3948,0.1465,22.55,,,Oracle Park,
202,682668,Luisangel Acuna,CWS,NYY,2026-07-27T23:40:00Z,Scheduled,8,Max Fried,608331,L,26.7,Longshot,Watch List,"Projected Lineup, Platoon Edge",15.9,9.3,27.6,47.9,78.0,27.0,No,Yes,8,Yes,Yes,RotoWire projected lineup; MLB probable pitchers,lineup projected / unconfirmed,H:2026/2025 P:2026/2025,,,Direct BvP not yet weighted; 2026/2025 Statcast baseline active,7,3,10,0,"Last 7 games: 3/10, 0 HR","platoon edge; pitcher baseline 3.3% barrel, 4.9 HR allowed",neutral batted-ball profile; pitcher fly-ball pressure modest,3.15,38.23,88.88,99.793,0.3249,0.0728,0.2773,71.61,24.71,32.29,16.86,0.7,0.0393,3.26,32.51,86.36,0.2891,0.0802,22.6,,,Rate Field,
203,688363,Graham Pauley,MIA,PHI,2026-07-27T22:40:00Z,Scheduled,8,Zack Wheeler,554430,R,26.5,Longshot,Watch List,"Projected Lineup, Platoon Edge",10.6,21.7,21.5,47.9,80.0,14.1,No,Yes,8,Yes,Yes,RotoWire projected lineup; MLB probable pitchers,lineup projected / unconfirmed,H:2026/2025 P:2026/2025,,,Direct BvP not yet weighted; 2026/2025 Statcast baseline active,7,3,14,0,"Last 7 games: 3/14, 0 HR","platoon edge; pitcher baseline 6.3% barrel, 13.4 HR allowed",neutral batted-ball profile; pitcher fly-ball pressure modest,4.66,26.65,84.71,95.7732,0.2793,0.0976,0.2332,71.07,13.63,44.79,31.81,1.9,0.1252,6.29,33.96,86.63,0.3116,0.1135,24.62,,,loanDepot park,
204,644433,Chadwick Tromp,BAL,DET,2026-07-27T22:40:00Z,Scheduled,9,Keider Montero,672456,R,26.2,Longshot,Watch List,Projected Lineup,7.6,37.9,27.6,40.2,50.0,5.7,No,Yes,9,Yes,Yes,RotoWire projected lineup; MLB probable pitchers,lineup projected / unconfirmed,H:2026/2025 P:2026/2025,,,Direct BvP not yet weighted; 2026/2025 Statcast baseline active,7,3,19,0,"Last 7 games: 3/19, 0 HR","same-side matchup; pitcher baseline 7.6% barrel, 11.8 HR allowed",neutral batted-ball profile; pitcher fly-ball pressure modest,2.01,28.87,86.07,95.9301,0.2441,0.0677,0.1885,70.84,10.34,27.33,22.87,0.3,0.0752,7.57,38.42,88.75,0.3998,0.1615,25.84,,,Comerica Park,
205,671976,Tristan Peters,CWS,NYY,2026-07-27T23:40:00Z,Scheduled,6,Max Fried,608331,L,25.4,Longshot,Watch List,Projected Lineup,13.5,9.3,27.6,71.7,50.0,1.6,No,Yes,6,Yes,Yes,RotoWire projected lineup; MLB probable pitchers,lineup projected / unconfirmed,H:2026/2025 P:2026/2025,,,Direct BvP not yet weighted; 2026/2025 Statcast baseline active,7,3,23,0,"Last 7 games: 3/23, 0 HR","same-side matchup; pitcher baseline 3.3% barrel, 4.9 HR allowed",neutral batted-ball profile; pitcher fly-ball pressure modest,3.71,34.33,87.36,97.9968,0.3257,0.1015,0.2621,69.35,5.04,42.4,18.83,4.2,0.1148,3.26,32.51,86.36,0.2891,0.0802,22.6,,,Rate Field,
206,665926,Andres Gimenez,TOR,WSH,2026-07-27T22:45:00Z,Scheduled,8,Andrew Alvarez,674841,L,25.1,Longshot,Watch List,Projected Lineup,7.9,24.7,28.2,47.9,50.0,23.7,No,Yes,8,Yes,Yes,RotoWire projected lineup; MLB probable pitchers,lineup projected / unconfirmed,H:2026/2025 P:2026/2025,,,Direct BvP not yet weighted; 2026/2025 Statcast baseline active,7,5,18,0,"Last 7 games: 5/18, 0 HR","same-side matchup; pitcher baseline 5.1% barrel, 1.7 HR allowed",neutral batted-ball profile; pitcher fly-ball pressure modest,3.7,24.62,86.16,95.8569,0.3344,0.0971,0.2793,68.39,4.65,38.38,22.88,7.0,0.1177,5.1,42.27,89.46,0.3549,0.1081,15.59,,,Nationals Park,
207,691011,Drew Romo,CWS,NYY,2026-07-27T23:40:00Z,Scheduled,9,Max Fried,608331,L,22.0,Longshot,Watch List,"Projected Lineup, Platoon Edge",10.3,8.8,27.6,40.2,75.0,0.0,No,Yes,9,Yes,Yes,RotoWire projected lineup; MLB probable pitchers,lineup projected / unconfirmed,H:2026/2025 P:2026/2025,,,Direct BvP not yet weighted; 2026/2025 Statcast baseline active,7,2,21,0,"Last 7 games: 2/21, 0 HR","switch hitter; pitcher baseline 3.3% barrel, 4.9 HR allowed",neutral batted-ball profile; pitcher fly-ball pressure modest,7.0,25.6,83.5,95.073,0.1946,0.0777,0.1701,68.49,3.78,38.4,33.7,3.5,0.119,3.26,32.51,86.36,0.2891,0.0802,22.6,,,Rate Field,
