rank,hitter_id,player,team,opponent,game_start_time,game_status,batting_order,pitcher,pitcher_id,pitcher_hand,hr_score,tier,play_type,reason_tags,power_score,pitcher_score,environment_score,lineup_score,platoon_score,recent_form_score,confirmed_lineup,rotowire_confirmed_lineup,rotowire_batting_order,rotowire_player_found,lineup_disagreement,lineup_sources_used,source_warnings,stat_years_used,bvp_pa,bvp_hr,bvp_note,recent_games,recent_hits,recent_abs,recent_hr,recent_form_note,split_matchup_note,pitch_mix_note,barrel_pct,hard_hit_pct,avg_exit_velocity,ev50,xslg,xiso,xwoba,bat_speed,fast_swing_pct,pull_pct,fb_pct,hr_total,iso,pitcher_barrel_pct_allowed,pitcher_hard_hit_pct_allowed,pitcher_avg_exit_velocity_allowed,pitcher_xslg_allowed,pitcher_xiso_allowed,pitcher_fb_pct_allowed,wind_direction,weather_temp,ballpark,odds
1,592450,Aaron Judge,NYY,MIN,2026-09-15T23:40:00Z,Scheduled,3,Bailey Ober,641927,R,64.2,Tier 3,Watch List,"Projected Lineup, Elite Power, Strong Barrel, Premium Lineup Spot",89.3,53.6,27.1,92.1,50.0,8.1,No,Yes,3,Yes,Yes,RotoWire projected lineup; MLB probable pitchers,lineup projected / unconfirmed,H:2026/2025 P:2026/2025,,,Direct BvP not yet weighted; 2026/2025 Statcast baseline active,7,4,23,0,"Last 7 games: 4/23, 0 HR","same-side matchup; pitcher baseline 10.1% barrel, 21.6 HR allowed",lift-pull EV profile; pitcher allows elevated contact,21.79,57.78,94.49,105.6167,0.6163,0.3411,0.4198,76.34,66.37,40.99,34.27,27.8,0.2919,10.13,37.07,88.9,0.455,0.2056,32.53,,,Target Field,
2,624413,Pete Alonso,BAL,NYM,2026-09-15T23:10:00Z,Scheduled,2,Sean Manaea,640455,L,64.0,Tier 3,Watch List,"Projected Lineup, Strong Barrel, Premium Lineup Spot, Platoon Edge",71.9,54.2,24.8,95.5,78.0,62.4,No,Yes,2,Yes,Yes,RotoWire projected lineup; MLB probable pitchers,lineup projected / unconfirmed,H:2026/2025 P:2026/2025,,,Direct BvP not yet weighted; 2026/2025 Statcast baseline active,7,7,24,2,Hot streak: 2 HR in last 7 games,"platoon edge; pitcher baseline 10.4% barrel, 18.6 HR allowed",EV profile; pitcher fly-ball pressure modest,15.4,55.59,93.78,104.1814,0.551,0.2703,0.3923,74.78,48.37,36.71,30.32,35.9,0.2366,10.37,41.76,89.38,0.4444,0.1897,28.61,,,Citi Field,
3,800543,Josue De Paula,LAD,CIN,2026-09-15T22:40:00Z,Scheduled,9,Rhett Lowder,695076,R,63.0,Tier 3,Watch List,"Projected Lineup, Elite Power, Strong Barrel, Platoon Edge",90.2,53.3,39.3,40.2,80.0,33.7,No,Yes,9,Yes,Yes,RotoWire projected lineup; MLB probable pitchers,lineup projected / unconfirmed,H:2026 P:2026,,,Direct BvP not yet weighted; 2026/2025 Statcast baseline active,4,2,9,1,"Last 4 games: 2/9, 1 HR","platoon edge; pitcher baseline 9.9% barrel, 17.0 HR allowed",lift-pull EV profile; pitcher fly-ball pressure modest,28.6,57.1,93.5,101.4465,0.78,0.477,0.542,74.7,42.9,57.1,42.9,1.0,0.571,9.9,39.0,90.1,0.464,0.192,28.1,,,Great American Ball Park,
4,665487,Fernando Tatis,SD,COL,2026-09-16T00:40:00Z,Scheduled,1,Kyle Freeland,607536,L,62.2,Tier 3,Watch List,"Projected Lineup, Strong Barrel, Premium Lineup Spot, Platoon Edge, Hot Hitter/Streak",57.0,58.6,38.7,88.7,78.0,81.7,No,Yes,1,Yes,Yes,RotoWire projected lineup; MLB probable pitchers,lineup projected / unconfirmed,H:2026/2025 P:2026/2025,,,Direct BvP not yet weighted; 2026/2025 Statcast baseline active,7,13,25,2,Hot streak: 2 HR in last 7 games,"platoon edge; pitcher baseline 10.2% barrel, 23.4 HR allowed",EV profile; pitcher fly-ball pressure modest,12.05,53.48,93.09,104.5195,0.4887,0.1995,0.3742,75.65,58.26,34.94,21.73,22.2,0.1724,10.24,43.87,90.47,0.4751,0.1931,28.24,,,Coors Field,
5,700250,Ben Rice,NYY,MIN,2026-09-15T23:40:00Z,Scheduled,1,Bailey Ober,641927,R,60.5,Tier 3,Watch List,"Projected Lineup, Strong Barrel, Premium Lineup Spot, Platoon Edge",63.8,53.6,27.1,88.7,80.0,57.8,No,Yes,1,Yes,Yes,RotoWire projected lineup; MLB probable pitchers,lineup projected / unconfirmed,H:2026/2025 P:2026/2025,,,Direct BvP not yet weighted; 2026/2025 Statcast baseline active,7,6,23,2,Hot streak: 2 HR in last 7 games,"platoon edge; pitcher baseline 10.1% barrel, 21.6 HR allowed",lift-pull EV profile; pitcher allows elevated contact,14.7,50.57,92.39,102.4523,0.5215,0.252,0.3798,72.91,27.73,44.82,30.88,34.4,0.2608,10.13,37.07,88.9,0.455,0.2056,32.53,,,Target Field,
6,665742,Juan Soto,NYM,BAL,2026-09-15T23:10:00Z,Scheduled,2,Shane Baz,669358,R,60.2,Tier 3,Watch List,"Projected Lineup, Strong Barrel, Premium Lineup Spot, Platoon Edge",70.4,40.8,24.8,95.5,80.0,57.4,No,Yes,2,Yes,Yes,RotoWire projected lineup; MLB probable pitchers,lineup projected / unconfirmed,H:2026/2025 P:2026/2025,,,Direct BvP not yet weighted; 2026/2025 Statcast baseline active,7,8,31,2,Hot streak: 2 HR in last 7 games,"platoon edge; pitcher baseline 7.5% barrel, 17.6 HR allowed",lift-pull EV profile; pitcher fly-ball pressure modest,15.33,50.05,92.89,103.0188,0.5856,0.2951,0.4178,72.76,32.47,39.88,32.12,30.4,0.2571,7.54,40.94,89.77,0.3923,0.1483,25.85,,,Citi Field,
7,682987,Spencer Jones,NYY,MIN,2026-09-15T23:40:00Z,Scheduled,5,Bailey Ober,641927,R,59.4,Longshot,Watch List,"Projected Lineup, Strong Barrel, Platoon Edge",65.6,53.6,27.1,81.9,80.0,43.4,No,Yes,5,Yes,Yes,RotoWire projected lineup; MLB probable pitchers,lineup projected / unconfirmed,H:2026 P:2026/2025,,,Direct BvP not yet weighted; 2026/2025 Statcast baseline active,7,9,22,0,Contact streak: 9/22 over last 7 games,"platoon edge; pitcher baseline 10.1% barrel, 21.6 HR allowed",EV profile; pitcher allows elevated contact,15.0,55.3,94.2,104.4587,0.442,0.197,0.331,77.2,72.5,34.6,35.3,9.0,0.187,10.13,37.07,88.9,0.455,0.2056,32.53,,,Target Field,
8,621566,Matt Olson,ATL,CHC,2026-09-15T23:40:00Z,Scheduled,3,Kevin Gausman,592332,R,59.2,Longshot,Watch List,"Projected Lineup, Strong Barrel, Premium Lineup Spot, Platoon Edge",66.4,41.9,29.8,92.1,80.0,53.3,No,Yes,3,Yes,Yes,RotoWire projected lineup; MLB probable pitchers,lineup projected / unconfirmed,H:2026/2025 P:2026/2025,,,Direct BvP not yet weighted; 2026/2025 Statcast baseline active,7,6,26,2,Hot streak: 2 HR in last 7 games,"platoon edge; pitcher baseline 7.7% barrel, 23.1 HR allowed",lift-pull EV profile; pitcher fly-ball pressure modest,14.61,52.25,92.95,103.7159,0.5039,0.2559,0.3565,74.6,47.75,38.14,33.34,36.0,0.2442,7.73,39.93,88.95,0.4077,0.1613,26.16,,,Wrigley Field,
9,592518,Manny Machado,SD,COL,2026-09-16T00:40:00Z,Scheduled,3,Kyle Freeland,607536,L,58.9,Longshot,Watch List,"Projected Lineup, Strong Barrel, Premium Lineup Spot, Platoon Edge",49.5,58.6,38.7,92.1,78.0,56.2,No,Yes,3,Yes,Yes,RotoWire projected lineup; MLB probable pitchers,lineup projected / unconfirmed,H:2026/2025 P:2026/2025,,,Direct BvP not yet weighted; 2026/2025 Statcast baseline active,7,6,24,2,Hot streak: 2 HR in last 7 games,"platoon edge; pitcher baseline 10.2% barrel, 23.4 HR allowed",neutral batted-ball profile; pitcher fly-ball pressure modest,10.94,46.81,91.22,101.9261,0.4509,0.1946,0.3421,74.64,44.79,39.17,28.36,27.0,0.1899,10.24,43.87,90.47,0.4751,0.1931,28.24,,,Coors Field,
10,701538,Jackson Merrill,SD,COL,2026-09-16T00:40:00Z,Scheduled,5,Kyle Freeland,607536,L,58.9,Longshot,Watch List,"Projected Lineup, Strong Barrel, Hot Hitter/Streak",54.9,58.6,38.7,81.9,50.0,100.0,No,Yes,5,Yes,Yes,RotoWire projected lineup; MLB probable pitchers,lineup projected / unconfirmed,H:2026/2025 P:2026/2025,,,Direct BvP not yet weighted; 2026/2025 Statcast baseline active,7,13,26,3,Hot streak: 3 HR in last 7 games,"same-side matchup; pitcher baseline 10.2% barrel, 23.4 HR allowed",neutral batted-ball profile; pitcher fly-ball pressure modest,12.93,46.82,90.89,101.1037,0.4914,0.2256,0.347,72.95,27.89,37.0,30.55,22.3,0.1916,10.24,43.87,90.47,0.4751,0.1931,28.24,,,Coors Field,
11,682985,Riley Greene,DET,TOR,2026-09-15T23:07:00Z,Scheduled,3,,,,57.4,Longshot,Watch List,"Projected Lineup, Strong Barrel, Premium Lineup Spot, Hot Hitter/Streak",62.4,41.2,30.4,92.1,60.0,81.7,No,Yes,3,Yes,Yes,RotoWire projected lineup; MLB probable pitchers,lineup projected / unconfirmed,H:2026/2025 P:,,,Direct BvP not yet weighted; 2026/2025 Statcast baseline active,7,11,26,2,Hot streak: 2 HR in last 7 games,"handedness incomplete; pitcher baseline 0.0% barrel, 0.0 HR allowed",neutral batted-ball profile; pitcher fly-ball pressure modest,15.84,47.04,90.25,102.61,0.5015,0.2452,0.36,75.6,57.73,38.77,33.94,24.8,0.2112,,,,,,,,,Rogers Centre,
12,671277,Luis Garcia,NYY,MIN,2026-09-15T23:40:00Z,Scheduled,4,Bailey Ober,641927,R,57.4,Longshot,Watch List,"Projected Lineup, Strong Barrel, Premium Lineup Spot, Platoon Edge, Hot Hitter/Streak",51.4,53.6,27.1,90.4,80.0,72.7,No,Yes,4,Yes,Yes,RotoWire projected lineup; MLB probable pitchers,lineup projected / unconfirmed,H:2026/2025 P:2026/2025,,,Direct BvP not yet weighted; 2026/2025 Statcast baseline active,7,9,25,2,Hot streak: 2 HR in last 7 games,"platoon edge; pitcher baseline 10.1% barrel, 21.6 HR allowed",neutral batted-ball profile; pitcher allows elevated contact,11.59,46.71,91.25,101.9759,0.4959,0.2114,0.3488,73.73,39.76,42.06,23.03,25.8,0.2314,10.13,37.07,88.9,0.455,0.2056,32.53,,,Target Field,
13,682829,Elly De La Cruz,CIN,LAD,2026-09-15T22:40:00Z,Scheduled,2,Yoshinobu Yamamoto,808967,R,56.8,Longshot,Watch List,"Projected Lineup, Strong Barrel, Premium Lineup Spot, Platoon Edge, Hot Hitter/Streak",60.4,26.3,39.3,95.5,75.0,90.6,No,Yes,2,Yes,Yes,RotoWire projected lineup; MLB probable pitchers,lineup projected / unconfirmed,H:2026/2025 P:2026/2025,,,Direct BvP not yet weighted; 2026/2025 Statcast baseline active,7,10,28,4,Hot streak: 4 HR in last 7 games,"switch hitter; pitcher baseline 6.5% barrel, 17.5 HR allowed",EV profile; pitcher fly-ball pressure modest,14.43,50.71,93.52,104.559,0.4772,0.2045,0.3577,75.52,55.1,34.89,24.68,24.8,0.211,6.47,37.6,88.09,0.3306,0.1207,22.94,,,Great American Ball Park,
14,808959,Munetaka Murakami,CWS,CLE,2026-09-15T22:40:00Z,Scheduled,4,Foster Griffin,656492,L,56.8,Longshot,Watch List,"Projected Lineup, Strong Barrel, Premium Lineup Spot",74.5,41.6,27.6,90.4,50.0,18.3,No,Yes,4,Yes,Yes,RotoWire projected lineup; MLB probable pitchers,lineup projected / unconfirmed,H:2026 P:2026,,,Direct BvP not yet weighted; 2026/2025 Statcast baseline active,7,2,22,1,"Last 7 games: 2/22, 1 HR","same-side matchup; pitcher baseline 8.7% barrel, 23.0 HR allowed",lift-pull EV profile; pitcher fly-ball pressure modest,18.7,56.6,93.8,104.2922,0.451,0.25,0.342,74.8,50.4,46.0,38.3,31.0,0.262,8.7,37.2,88.0,0.417,0.157,25.6,,,Progressive Field,
15,691723,Coby Mayo,BAL,NYM,2026-09-15T23:10:00Z,Scheduled,4,Sean Manaea,640455,L,56.8,Longshot,Watch List,"Projected Lineup, Strong Barrel, Premium Lineup Spot, Platoon Edge, Hot Hitter/Streak",51.3,54.2,24.8,90.4,78.0,70.3,No,Yes,4,Yes,Yes,RotoWire projected lineup; MLB probable pitchers,lineup projected / unconfirmed,H:2026/2025 P:2026/2025,,,Direct BvP not yet weighted; 2026/2025 Statcast baseline active,7,6,27,4,Hot streak: 4 HR in last 7 games,"platoon edge; pitcher baseline 10.4% barrel, 18.6 HR allowed",neutral batted-ball profile; pitcher fly-ball pressure modest,12.2,44.54,90.17,102.5634,0.4323,0.2111,0.315,75.47,55.93,48.5,33.83,19.4,0.2193,10.37,41.76,89.38,0.4444,0.1897,28.61,,,Citi Field,
16,686527,Dominic Canzone,SEA,LAA,2026-09-16T01:38:00Z,Scheduled,3,Ryan Johnson,696270,R,55.7,Longshot,Watch List,"Projected Lineup, Strong Barrel, Premium Lineup Spot, Platoon Edge",55.0,46.1,28.2,92.1,80.0,43.9,No,Yes,3,Yes,Yes,RotoWire projected lineup; MLB probable pitchers,lineup projected / unconfirmed,H:2026/2025 P:2026/2025,,,Direct BvP not yet weighted; 2026/2025 Statcast baseline active,7,9,31,1,"Last 7 games: 9/31, 1 HR","platoon edge; pitcher baseline 9.4% barrel, 13.8 HR allowed",neutral batted-ball profile; pitcher allows elevated contact,12.82,46.27,91.53,102.5427,0.498,0.2234,0.3592,73.94,41.29,39.97,26.16,18.7,0.2111,9.41,36.49,87.75,0.4353,0.1833,33.88,,,Angel Stadium,
17,545361,Mike Trout,LAA,SEA,2026-09-16T01:38:00Z,Scheduled,2,Logan Gilbert,669302,R,55.7,Longshot,Watch List,"Projected Lineup, Strong Barrel, Premium Lineup Spot",59.6,48.7,28.2,95.5,50.0,44.1,No,Yes,2,Yes,Yes,RotoWire projected lineup; MLB probable pitchers,lineup projected / unconfirmed,H:2026/2025 P:2026/2025,,,Direct BvP not yet weighted; 2026/2025 Statcast baseline active,7,7,24,1,"Last 7 games: 7/24, 1 HR","same-side matchup; pitcher baseline 9.7% barrel, 24.9 HR allowed",neutral batted-ball profile; pitcher fly-ball pressure modest,15.66,46.5,90.27,102.8751,0.4831,0.2355,0.3713,74.56,46.93,35.67,31.49,22.5,0.1923,9.72,41.49,90.03,0.3831,0.161,28.47,,,Angel Stadium,
18,686948,Drake Baldwin,ATL,CHC,2026-09-15T23:40:00Z,Scheduled,2,Kevin Gausman,592332,R,55.6,Longshot,Watch List,"Projected Lineup, Strong Barrel, Premium Lineup Spot, Platoon Edge",55.2,41.9,29.8,95.5,80.0,44.8,No,Yes,2,Yes,Yes,RotoWire projected lineup; MLB probable pitchers,lineup projected / unconfirmed,H:2026/2025 P:2026/2025,,,Direct BvP not yet weighted; 2026/2025 Statcast baseline active,7,8,27,1,"Last 7 games: 8/27, 1 HR","platoon edge; pitcher baseline 7.7% barrel, 23.1 HR allowed",neutral batted-ball profile; pitcher fly-ball pressure modest,12.12,50.09,91.56,102.1578,0.4856,0.2122,0.3593,75.3,56.65,32.22,25.81,21.8,0.1796,7.73,39.93,88.95,0.4077,0.1613,26.16,,,Wrigley Field,
19,805811,Bryce Eldridge,SF,STL,2026-09-15T23:45:00Z,Scheduled,2,Andre Pallante,669467,R,55.2,Longshot,Watch List,"Projected Lineup, Strong Barrel, Premium Lineup Spot, Platoon Edge",68.6,25.3,22.1,95.5,80.0,52.3,No,Yes,2,Yes,Yes,RotoWire projected lineup; MLB probable pitchers,lineup projected / unconfirmed,H:2026/2025 P:2026/2025,,,Direct BvP not yet weighted; 2026/2025 Statcast baseline active,7,9,26,1,Contact streak: 9/26 over last 7 games,"platoon edge; pitcher baseline 5.4% barrel, 13.3 HR allowed",EV profile; pitcher fly-ball pressure modest,15.55,57.39,93.57,103.3036,0.4757,0.2421,0.3573,72.86,28.01,37.36,36.56,11.2,0.1518,5.41,35.84,87.8,0.381,0.1279,17.4,,,Busch Stadium,
20,664034,Ty France,SD,COL,2026-09-16T00:40:00Z,Scheduled,4,Kyle Freeland,607536,L,55.1,Longshot,Watch List,"Projected Lineup, Premium Lineup Spot, Platoon Edge",42.7,58.6,38.7,90.4,78.0,29.7,No,Yes,4,Yes,Yes,RotoWire projected lineup; MLB probable pitchers,lineup projected / unconfirmed,H:2026/2025 P:2026/2025,,,Direct BvP not yet weighted; 2026/2025 Statcast baseline active,7,7,22,0,"Last 7 games: 7/22, 0 HR","platoon edge; pitcher baseline 10.2% barrel, 23.4 HR allowed",neutral batted-ball profile; pitcher fly-ball pressure modest,9.1,47.35,91.18,101.0633,0.4299,0.1744,0.3329,71.77,19.81,35.87,25.67,16.1,0.1821,10.24,43.87,90.47,0.4751,0.1931,28.24,,,Coors Field,
21,669257,Will Smith,LAD,CIN,2026-09-15T22:40:00Z,Scheduled,3,Rhett Lowder,695076,R,54.5,Longshot,Watch List,"Projected Lineup, Strong Barrel, Premium Lineup Spot",50.8,53.3,39.3,92.1,50.0,33.7,No,Yes,3,Yes,Yes,RotoWire projected lineup; MLB probable pitchers,lineup projected / unconfirmed,H:2026/2025 P:2026,,,Direct BvP not yet weighted; 2026/2025 Statcast baseline active,7,4,18,1,"Last 7 games: 4/18, 1 HR","same-side matchup; pitcher baseline 9.9% barrel, 17.0 HR allowed",fly-ball profile; pitcher fly-ball pressure modest,12.34,42.27,90.25,100.2081,0.4897,0.2193,0.3808,69.91,6.73,30.95,39.57,10.0,0.1597,9.9,39.0,90.1,0.464,0.192,28.1,,,Great American Ball Park,
22,691181,Emmanuel Rodriguez,MIN,NYY,2026-09-15T23:40:00Z,Scheduled,6,Max Fried,608331,L,54.4,Longshot,Watch List,"Projected Lineup, Elite Power, Strong Barrel",96.7,9.9,27.1,71.7,50.0,30.3,No,Yes,6,Yes,Yes,RotoWire projected lineup; MLB probable pitchers,lineup projected / unconfirmed,H:2026 P:2026/2025,,,Direct BvP not yet weighted; 2026/2025 Statcast baseline active,3,2,10,1,"Last 3 games: 2/10, 1 HR","same-side matchup; pitcher baseline 3.5% barrel, 7.0 HR allowed",EV profile; pitcher fly-ball pressure modest,50.0,83.3,101.1,105.2675,1.089,0.716,0.607,74.3,63.6,16.7,66.7,1.0,0.375,3.47,31.74,86.15,0.2968,0.0872,23.65,,,Target Field,
23,663728,Cal Raleigh,SEA,LAA,2026-09-16T01:38:00Z,Scheduled,4,Ryan Johnson,696270,R,54.2,Longshot,Watch List,"Projected Lineup, Strong Barrel, Premium Lineup Spot, Platoon Edge",59.7,44.6,28.2,90.4,75.0,4.2,No,Yes,4,Yes,Yes,RotoWire projected lineup; MLB probable pitchers,lineup projected / unconfirmed,H:2026/2025 P:2026/2025,,,Direct BvP not yet weighted; 2026/2025 Statcast baseline active,7,4,27,0,"Last 7 games: 4/27, 0 HR","switch hitter; pitcher baseline 9.4% barrel, 13.8 HR allowed",fly-ball profile; pitcher allows elevated contact,15.86,42.18,90.32,101.1558,0.4406,0.239,0.3297,75.06,52.32,53.31,42.64,32.7,0.2321,9.41,36.49,87.75,0.4353,0.1833,33.88,,,Angel Stadium,
24,699024,Leo Bernal,STL,SF,2026-09-15T23:45:00Z,Scheduled,5,Blade Tidwell,694918,R,53.9,Longshot,Watch List,"Projected Lineup, Platoon Edge",62.1,36.2,22.1,81.9,75.0,63.1,No,Yes,5,Yes,Yes,RotoWire projected lineup; MLB probable pitchers,lineup projected / unconfirmed,H:2026 P:2026/2025,,,Direct BvP not yet weighted; 2026/2025 Statcast baseline active,7,8,27,2,Hot streak: 2 HR in last 7 games,"switch hitter; pitcher baseline 8.9% barrel, 5.4 HR allowed",lift-pull EV profile; pitcher fly-ball pressure modest,7.9,68.4,94.8,102.7881,0.523,0.233,0.372,74.3,38.7,44.7,39.5,3.0,0.229,8.89,34.05,87.92,0.4087,0.1579,27.26,,,Busch Stadium,
25,663656,Kyle Tucker,LAD,CIN,2026-09-15T22:40:00Z,Scheduled,4,Rhett Lowder,695076,R,53.8,Longshot,Watch List,"Projected Lineup, Premium Lineup Spot, Platoon Edge, Hot Hitter/Streak",33.7,53.3,39.3,90.4,80.0,82.7,No,Yes,4,Yes,Yes,RotoWire projected lineup; MLB probable pitchers,lineup projected / unconfirmed,H:2026/2025 P:2026,,,Direct BvP not yet weighted; 2026/2025 Statcast baseline active,7,7,23,3,Hot streak: 3 HR in last 7 games,"platoon edge; pitcher baseline 9.9% barrel, 17.0 HR allowed",neutral batted-ball profile; pitcher fly-ball pressure modest,7.65,37.81,89.19,98.7939,0.4151,0.157,0.3405,71.58,20.59,42.89,33.75,16.4,0.1595,9.9,39.0,90.1,0.464,0.192,28.1,,,Great American Ball Park,
26,696100,Hunter Goodman,COL,SD,2026-09-16T00:40:00Z,Scheduled,3,Walker Buehler,621111,R,53.8,Longshot,Watch List,"Projected Lineup, Strong Barrel, Premium Lineup Spot",55.5,43.2,38.7,92.1,50.0,38.2,No,Yes,3,Yes,Yes,RotoWire projected lineup; MLB probable pitchers,lineup projected / unconfirmed,H:2026/2025 P:2026/2025,,,Direct BvP not yet weighted; 2026/2025 Statcast baseline active,7,3,23,2,Hot streak: 2 HR in last 7 games,"same-side matchup; pitcher baseline 8.7% barrel, 19.9 HR allowed",neutral batted-ball profile; pitcher fly-ball pressure modest,14.23,45.15,90.31,102.406,0.4518,0.2231,0.3192,74.86,48.11,48.63,32.34,35.9,0.2686,8.73,38.29,88.95,0.4136,0.1631,23.3,,,Coors Field,
27,606192,Teoscar Hernandez,LAD,CIN,2026-09-15T22:40:00Z,Scheduled,5,Rhett Lowder,695076,R,53.6,Longshot,Watch List,"Projected Lineup, Strong Barrel, Hot Hitter/Streak",45.4,53.3,39.3,81.9,50.0,80.0,No,Yes,5,Yes,Yes,RotoWire projected lineup; MLB probable pitchers,lineup projected / unconfirmed,H:2026/2025 P:2026,,,Direct BvP not yet weighted; 2026/2025 Statcast baseline active,7,9,22,2,Hot streak: 2 HR in last 7 games,"same-side matchup; pitcher baseline 9.9% barrel, 17.0 HR allowed",neutral batted-ball profile; pitcher fly-ball pressure modest,10.8,45.33,90.27,101.5908,0.4399,0.185,0.3289,72.62,26.39,35.2,28.96,16.6,0.1685,9.9,39.0,90.1,0.464,0.192,28.1,,,Great American Ball Park,
28,669065,Kyle Stowers,MIA,AZ,2026-09-16T01:40:00Z,Scheduled,1,Michael Soroka,647336,R,53.0,Longshot,Watch List,"Projected Lineup, Strong Barrel, Premium Lineup Spot, Platoon Edge",63.1,34.7,28.2,88.7,80.0,0.0,No,Yes,1,Yes,Yes,RotoWire projected lineup; MLB probable pitchers,lineup projected / unconfirmed,H:2026/2025 P:2026/2025,,,Direct BvP not yet weighted; 2026/2025 Statcast baseline active,7,3,25,0,"Last 7 games: 3/25, 0 HR","platoon edge; pitcher baseline 7.7% barrel, 8.5 HR allowed",lift-pull EV profile; pitcher fly-ball pressure modest,14.48,55.29,92.01,103.379,0.4642,0.2251,0.3421,75.28,54.39,45.43,32.2,20.8,0.2294,7.68,35.92,88.22,0.3937,0.1483,27.94,,,Chase Field,
29,660670,Ronald Acuna,ATL,CHC,2026-09-15T23:40:00Z,Scheduled,1,Kevin Gausman,592332,R,52.7,Longshot,Watch List,"Projected Lineup, Strong Barrel, Premium Lineup Spot",57.7,41.9,29.8,88.7,50.0,44.8,No,Yes,1,Yes,Yes,RotoWire projected lineup; MLB probable pitchers,lineup projected / unconfirmed,H:2026/2025 P:2026/2025,,,Direct BvP not yet weighted; 2026/2025 Statcast baseline active,7,8,27,1,"Last 7 games: 8/27, 1 HR","same-side matchup; pitcher baseline 7.7% barrel, 23.1 HR allowed",neutral batted-ball profile; pitcher fly-ball pressure modest,13.32,47.11,90.88,103.076,0.4972,0.2363,0.3725,75.98,62.67,35.67,27.6,18.2,0.2014,7.73,39.93,88.95,0.4077,0.1613,26.16,,,Wrigley Field,
30,691718,Pete Crow-Armstrong,CHC,ATL,2026-09-15T23:40:00Z,Scheduled,1,Martín Pérez,527048,L,52.7,Longshot,Watch List,"Projected Lineup, Strong Barrel, Premium Lineup Spot",57.8,38.2,29.8,88.7,50.0,61.5,No,Yes,1,Yes,Yes,RotoWire projected lineup; MLB probable pitchers,lineup projected / unconfirmed,H:2026/2025 P:2026/2025,,,Direct BvP not yet weighted; 2026/2025 Statcast baseline active,7,8,28,2,Hot streak: 2 HR in last 7 games,"same-side matchup; pitcher baseline 8.1% barrel, 10.9 HR allowed",fly-ball profile; pitcher fly-ball pressure modest,13.38,46.85,90.27,101.8727,0.4974,0.2414,0.3581,74.31,45.16,49.95,35.08,38.0,0.2697,8.07,37.51,87.99,0.4234,0.1639,24.13,,,Wrigley Field,
31,687263,Zach Neto,LAA,SEA,2026-09-16T01:38:00Z,Scheduled,1,Logan Gilbert,669302,R,52.7,Longshot,Watch List,"Projected Lineup, Strong Barrel, Premium Lineup Spot, Hot Hitter/Streak",48.2,48.7,28.2,88.7,50.0,79.9,No,Yes,1,Yes,Yes,RotoWire projected lineup; MLB probable pitchers,lineup projected / unconfirmed,H:2026/2025 P:2026/2025,,,Direct BvP not yet weighted; 2026/2025 Statcast baseline active,7,8,28,3,Hot streak: 3 HR in last 7 games,"same-side matchup; pitcher baseline 9.7% barrel, 24.9 HR allowed",neutral batted-ball profile; pitcher fly-ball pressure modest,12.32,42.47,90.02,100.3118,0.4355,0.2111,0.3202,71.4,14.74,47.34,34.26,26.0,0.2051,9.72,41.49,90.03,0.3831,0.161,28.47,,,Angel Stadium,
32,665052,Griffin Conine,MIA,AZ,2026-09-16T01:40:00Z,Scheduled,4,Michael Soroka,647336,R,52.5,Longshot,Watch List,"Projected Lineup, Strong Barrel, Premium Lineup Spot, Platoon Edge",56.8,34.7,28.2,90.4,80.0,26.4,No,Yes,4,Yes,Yes,RotoWire projected lineup; MLB probable pitchers,lineup projected / unconfirmed,H:2026/2025 P:2026/2025,,,Direct BvP not yet weighted; 2026/2025 Statcast baseline active,7,8,27,0,"Last 7 games: 8/27, 0 HR","platoon edge; pitcher baseline 7.7% barrel, 8.5 HR allowed",neutral batted-ball profile; pitcher fly-ball pressure modest,14.94,49.43,91.32,103.1925,0.4579,0.2103,0.3461,74.26,44.18,42.18,23.62,11.1,0.2028,7.68,35.92,88.22,0.3937,0.1483,27.94,,,Chase Field,
33,678246,Miguel Vargas,CWS,CLE,2026-09-15T22:40:00Z,Scheduled,3,Foster Griffin,656492,L,52.2,Longshot,Watch List,"Projected Lineup, Strong Barrel, Premium Lineup Spot, Platoon Edge",51.1,41.6,27.6,92.1,78.0,27.1,No,Yes,3,Yes,Yes,RotoWire projected lineup; MLB probable pitchers,lineup projected / unconfirmed,H:2026/2025 P:2026,,,Direct BvP not yet weighted; 2026/2025 Statcast baseline active,7,5,28,1,"Last 7 games: 5/28, 1 HR","platoon edge; pitcher baseline 8.7% barrel, 23.0 HR allowed",fly-ball profile; pitcher fly-ball pressure modest,12.2,43.37,90.05,100.2482,0.4735,0.2172,0.361,72.91,33.37,44.28,35.24,25.8,0.2062,8.7,37.2,88.0,0.417,0.157,25.6,,,Progressive Field,
34,687952,Christian Encarnacion-Strand,BAL,NYM,2026-09-15T23:10:00Z,Scheduled,6,Sean Manaea,640455,L,52.0,Longshot,Watch List,"Projected Lineup, Strong Barrel, Platoon Edge",52.6,54.2,24.8,71.7,78.0,17.7,No,Yes,6,Yes,Yes,RotoWire projected lineup; MLB probable pitchers,lineup projected / unconfirmed,H:2026/2025 P:2026/2025,,,Direct BvP not yet weighted; 2026/2025 Statcast baseline active,7,5,21,0,"Last 7 games: 5/21, 0 HR","platoon edge; pitcher baseline 10.4% barrel, 18.6 HR allowed",neutral batted-ball profile; pitcher fly-ball pressure modest,13.69,40.01,89.93,101.1901,0.4743,0.2339,0.3231,73.6,36.76,45.11,31.54,7.4,0.1949,10.37,41.76,89.38,0.4444,0.1897,28.61,,,Citi Field,
35,676475,Alec Burleson,STL,SF,2026-09-15T23:45:00Z,Scheduled,3,Blade Tidwell,694918,R,51.8,Longshot,Watch List,"Projected Lineup, Strong Barrel, Premium Lineup Spot, Platoon Edge",51.8,36.8,22.1,92.1,80.0,50.3,No,Yes,3,Yes,Yes,RotoWire projected lineup; MLB probable pitchers,lineup projected / unconfirmed,H:2026/2025 P:2026/2025,,,Direct BvP not yet weighted; 2026/2025 Statcast baseline active,7,7,21,1,Contact streak: 7/21 over last 7 games,"platoon edge; pitcher baseline 8.9% barrel, 5.4 HR allowed",neutral batted-ball profile; pitcher fly-ball pressure modest,10.41,47.55,91.56,101.9489,0.5046,0.2193,0.366,73.28,34.84,44.24,27.26,20.8,0.1788,8.89,34.05,87.92,0.4087,0.1579,27.26,,,Busch Stadium,
36,641355,Cody Bellinger,NYY,MIN,2026-09-15T23:40:00Z,Scheduled,2,Bailey Ober,641927,R,51.7,Longshot,Watch List,"Projected Lineup, Premium Lineup Spot, Platoon Edge, Hot Hitter/Streak",30.4,53.6,27.1,95.5,80.0,83.2,No,Yes,2,Yes,Yes,RotoWire projected lineup; MLB probable pitchers,lineup projected / unconfirmed,H:2026/2025 P:2026/2025,,,Direct BvP not yet weighted; 2026/2025 Statcast baseline active,7,8,26,3,Hot streak: 3 HR in last 7 games,"platoon edge; pitcher baseline 10.1% barrel, 21.6 HR allowed",neutral batted-ball profile; pitcher allows elevated contact,6.87,37.76,88.93,98.5382,0.4166,0.1505,0.3335,69.89,4.54,44.01,31.71,19.2,0.1793,10.13,37.07,88.9,0.455,0.2056,32.53,,,Target Field,
37,642350,Jose Siri,LAA,SEA,2026-09-16T01:38:00Z,Scheduled,3,Logan Gilbert,669302,R,51.7,Longshot,Watch List,"Projected Lineup, Strong Barrel, Premium Lineup Spot",50.0,48.7,28.2,92.1,50.0,37.8,No,Yes,3,Yes,Yes,RotoWire projected lineup; MLB probable pitchers,lineup projected / unconfirmed,H:2026/2025 P:2026/2025,,,Direct BvP not yet weighted; 2026/2025 Statcast baseline active,7,4,16,1,"Last 7 games: 4/16, 1 HR","same-side matchup; pitcher baseline 9.7% barrel, 24.9 HR allowed",fly-ball profile; pitcher fly-ball pressure modest,15.94,39.18,88.26,99.8227,0.3774,0.1945,0.275,73.15,35.08,32.67,44.09,5.6,0.1383,9.72,41.49,90.03,0.3831,0.161,28.47,,,Angel Stadium,
38,666176,Jo Adell,CLE,CWS,2026-09-15T22:40:00Z,Scheduled,4,Davis Martin,663436,R,51.5,Longshot,Watch List,"Projected Lineup, Strong Barrel, Premium Lineup Spot",52.3,45.0,27.6,90.4,50.0,43.2,No,Yes,4,Yes,Yes,RotoWire projected lineup; MLB probable pitchers,lineup projected / unconfirmed,H:2026/2025 P:2026/2025,,,Direct BvP not yet weighted; 2026/2025 Statcast baseline active,7,8,28,1,"Last 7 games: 8/28, 1 HR","same-side matchup; pitcher baseline 7.5% barrel, 15.1 HR allowed",neutral batted-ball profile; pitcher fly-ball pressure modest,11.49,45.52,90.51,102.8464,0.4713,0.2148,0.337,77.39,71.83,39.12,27.35,25.8,0.1874,7.49,44.53,90.42,0.4314,0.1594,24.04,,,Progressive Field,
39,703197,Michael Arroyo,SEA,LAA,2026-09-16T01:38:00Z,Scheduled,7,Ryan Johnson,696270,R,51.3,Longshot,Watch List,"Projected Lineup, Strong Barrel",62.5,46.1,28.2,59.8,50.0,50.3,No,Yes,7,Yes,Yes,RotoWire projected lineup; MLB probable pitchers,lineup projected / unconfirmed,H:2026 P:2026/2025,,,Direct BvP not yet weighted; 2026/2025 Statcast baseline active,4,3,9,1,Contact streak: 3/9 over last 4 games,"same-side matchup; pitcher baseline 9.4% barrel, 13.8 HR allowed",neutral batted-ball profile; pitcher allows elevated contact,12.5,50.0,90.6,103.4138,0.564,0.313,0.447,74.3,42.9,50.0,12.5,1.0,0.445,9.41,36.49,87.75,0.4353,0.1833,33.88,,,Angel Stadium,
40,605141,Mookie Betts,LAD,CIN,2026-09-15T22:40:00Z,Scheduled,2,Rhett Lowder,695076,R,51.2,Longshot,Watch List,"Projected Lineup, Premium Lineup Spot, Hot Hitter/Streak",32.9,53.3,39.3,95.5,50.0,75.9,No,Yes,2,Yes,Yes,RotoWire projected lineup; MLB probable pitchers,lineup projected / unconfirmed,H:2026/2025 P:2026,,,Direct BvP not yet weighted; 2026/2025 Statcast baseline active,7,7,27,3,Hot streak: 3 HR in last 7 games,"same-side matchup; pitcher baseline 9.9% barrel, 17.0 HR allowed",neutral batted-ball profile; pitcher fly-ball pressure modest,7.18,37.62,89.87,98.4853,0.4283,0.156,0.3335,69.53,8.39,40.1,33.38,20.0,0.1739,9.9,39.0,90.1,0.464,0.192,28.1,,,Great American Ball Park,
41,596019,Francisco Lindor,NYM,BAL,2026-09-15T23:10:00Z,Scheduled,1,Shane Baz,669358,R,51.1,Longshot,Watch List,"Projected Lineup, Premium Lineup Spot, Platoon Edge, Hot Hitter/Streak",45.8,38.9,24.8,88.7,75.0,75.7,No,Yes,1,Yes,Yes,RotoWire projected lineup; MLB probable pitchers,lineup projected / unconfirmed,H:2026/2025 P:2026/2025,,,Direct BvP not yet weighted; 2026/2025 Statcast baseline active,7,8,31,4,Hot streak: 4 HR in last 7 games,"switch hitter; pitcher baseline 7.5% barrel, 17.6 HR allowed",neutral batted-ball profile; pitcher fly-ball pressure modest,9.18,46.92,90.99,100.4084,0.4421,0.1961,0.3366,72.09,23.37,45.53,32.4,23.3,0.2088,7.54,40.94,89.77,0.3923,0.1483,25.85,,,Citi Field,
42,701398,Sal Stewart,CIN,LAD,2026-09-15T22:40:00Z,Scheduled,3,Yoshinobu Yamamoto,808967,R,50.9,Longshot,Watch List,"Projected Lineup, Strong Barrel, Premium Lineup Spot",59.8,28.1,39.3,92.1,50.0,22.4,No,Yes,3,Yes,Yes,RotoWire projected lineup; MLB probable pitchers,lineup projected / unconfirmed,H:2026/2025 P:2026/2025,,,Direct BvP not yet weighted; 2026/2025 Statcast baseline active,7,7,26,0,"Last 7 games: 7/26, 0 HR","same-side matchup; pitcher baseline 6.5% barrel, 17.5 HR allowed",neutral batted-ball profile; pitcher fly-ball pressure modest,14.33,43.96,91.9,101.5389,0.5229,0.254,0.3653,72.1,26.58,37.73,32.09,23.2,0.2312,6.47,37.6,88.09,0.3306,0.1207,22.94,,,Great American Ball Park,
43,668227,Randy Arozarena,SEA,LAA,2026-09-16T01:38:00Z,Scheduled,2,Ryan Johnson,696270,R,50.9,Longshot,Watch List,"Projected Lineup, Premium Lineup Spot, Hot Hitter/Streak",40.0,46.1,28.2,95.5,50.0,90.6,No,Yes,2,Yes,Yes,RotoWire projected lineup; MLB probable pitchers,lineup projected / unconfirmed,H:2026/2025 P:2026/2025,,,Direct BvP not yet weighted; 2026/2025 Statcast baseline active,7,10,28,3,Hot streak: 3 HR in last 7 games,"same-side matchup; pitcher baseline 9.4% barrel, 13.8 HR allowed",neutral batted-ball profile; pitcher allows elevated contact,9.05,44.86,90.88,101.0657,0.4177,0.1697,0.341,71.32,24.52,34.96,24.73,25.6,0.1964,9.41,36.49,87.75,0.4353,0.1833,33.88,,,Angel Stadium,
44,672960,Kazuma Okamoto,TOR,DET,2026-09-15T23:07:00Z,Scheduled,6,Drew Anderson,623454,R,50.6,Longshot,Watch List,"Projected Lineup, Strong Barrel, Hot Hitter/Streak",54.2,39.1,30.4,71.7,50.0,84.7,No,Yes,6,Yes,Yes,RotoWire projected lineup; MLB probable pitchers,lineup projected / unconfirmed,H:2026 P:2026,,,Direct BvP not yet weighted; 2026/2025 Statcast baseline active,7,7,22,4,Hot streak: 4 HR in last 7 games,"same-side matchup; pitcher baseline 8.4% barrel, 14.0 HR allowed",neutral batted-ball profile; pitcher fly-ball pressure modest,13.7,44.3,90.6,101.395,0.451,0.227,0.329,73.1,34.5,51.5,33.6,32.0,0.228,8.4,39.2,89.9,0.367,0.141,24.0,,,Rogers Centre,
45,673548,Seiya Suzuki,CHC,ATL,2026-09-15T23:40:00Z,Scheduled,2,Martín Pérez,527048,L,50.6,Longshot,Watch List,"Projected Lineup, Strong Barrel, Premium Lineup Spot, Platoon Edge",47.8,38.2,29.8,95.5,78.0,16.1,No,Yes,2,Yes,Yes,RotoWire projected lineup; MLB probable pitchers,lineup projected / unconfirmed,H:2026/2025 P:2026/2025,,,Direct BvP not yet weighted; 2026/2025 Statcast baseline active,7,5,22,0,"Last 7 games: 5/22, 0 HR","platoon edge; pitcher baseline 8.1% barrel, 10.9 HR allowed",neutral batted-ball profile; pitcher fly-ball pressure modest,12.47,41.98,89.34,101.0331,0.4478,0.2015,0.3443,73.44,37.81,41.48,32.39,26.4,0.2155,8.07,37.51,87.99,0.4234,0.1639,24.13,,,Wrigley Field,
46,671739,Michael Harris,ATL,CHC,2026-09-15T23:40:00Z,Scheduled,5,Kevin Gausman,592332,R,50.3,Longshot,Watch List,"Projected Lineup, Platoon Edge",45.0,41.9,29.8,81.9,80.0,44.8,No,Yes,5,Yes,Yes,RotoWire projected lineup; MLB probable pitchers,lineup projected / unconfirmed,H:2026/2025 P:2026/2025,,,Direct BvP not yet weighted; 2026/2025 Statcast baseline active,7,8,27,1,"Last 7 games: 8/27, 1 HR","platoon edge; pitcher baseline 7.7% barrel, 23.1 HR allowed",neutral batted-ball profile; pitcher fly-ball pressure modest,9.94,46.27,90.34,103.0391,0.4632,0.1816,0.3325,74.79,47.54,36.29,22.56,23.5,0.1873,7.73,39.93,88.95,0.4077,0.1613,26.16,,,Wrigley Field,
47,814430,Brett Callahan,DET,TOR,2026-09-15T23:07:00Z,Scheduled,5,,,,50.1,Longshot,Watch List,"Projected Lineup, Strong Barrel",56.7,41.2,30.4,81.9,60.0,0.8,No,Yes,5,Yes,Yes,RotoWire projected lineup; MLB probable pitchers,lineup projected / unconfirmed,H:2026 P:,,,Direct BvP not yet weighted; 2026/2025 Statcast baseline active,7,2,16,0,"Last 7 games: 2/16, 0 HR","handedness incomplete; pitcher baseline 0.0% barrel, 0.0 HR allowed",EV profile; pitcher fly-ball pressure modest,14.3,53.6,92.6,102.9883,0.404,0.187,0.299,73.8,40.8,42.9,28.6,1.0,0.167,,,,,,,,,Rogers Centre,
48,681715,Heriberto Hernandez,MIA,AZ,2026-09-16T01:40:00Z,Scheduled,2,Michael Soroka,647336,R,50.1,Longshot,Watch List,"Projected Lineup, Strong Barrel, Premium Lineup Spot",54.8,34.7,28.2,95.5,50.0,31.4,No,Yes,2,Yes,Yes,RotoWire projected lineup; MLB probable pitchers,lineup projected / unconfirmed,H:2026/2025 P:2026/2025,,,Direct BvP not yet weighted; 2026/2025 Statcast baseline active,7,6,29,1,"Last 7 games: 6/29, 1 HR","same-side matchup; pitcher baseline 7.7% barrel, 8.5 HR allowed",neutral batted-ball profile; pitcher fly-ball pressure modest,12.89,46.87,90.9,101.7056,0.4693,0.2243,0.3466,74.0,43.85,47.17,31.04,19.8,0.2091,7.68,35.92,88.22,0.3937,0.1483,27.94,,,Chase Field,
49,695491,Joshua Baez,STL,SF,2026-09-15T23:45:00Z,Scheduled,6,Blade Tidwell,694918,R,49.0,Longshot,Watch List,"Projected Lineup, Strong Barrel",63.9,36.8,22.1,71.7,50.0,24.0,No,Yes,6,Yes,Yes,RotoWire projected lineup; MLB probable pitchers,lineup projected / unconfirmed,H:2026 P:2026/2025,,,Direct BvP not yet weighted; 2026/2025 Statcast baseline active,7,7,25,0,"Last 7 games: 7/25, 0 HR","same-side matchup; pitcher baseline 8.9% barrel, 5.4 HR allowed",lift-pull EV profile; pitcher fly-ball pressure modest,13.1,49.2,92.8,102.5236,0.468,0.248,0.316,77.5,74.3,45.9,39.3,7.0,0.304,8.89,34.05,87.92,0.4087,0.1579,27.26,,,Busch Stadium,
50,677594,Julio Rodriguez,SEA,LAA,2026-09-16T01:38:00Z,Scheduled,5,Ryan Johnson,696270,R,48.4,Longshot,Watch List,Projected Lineup,45.6,46.1,28.2,81.9,50.0,41.7,No,Yes,5,Yes,Yes,RotoWire projected lineup; MLB probable pitchers,lineup projected / unconfirmed,H:2026/2025 P:2026/2025,,,Direct BvP not yet weighted; 2026/2025 Statcast baseline active,7,8,29,1,"Last 7 games: 8/29, 1 HR","same-side matchup; pitcher baseline 9.4% barrel, 13.8 HR allowed",neutral batted-ball profile; pitcher allows elevated contact,9.1,45.48,90.75,102.8322,0.4531,0.1859,0.3377,76.61,66.36,38.35,25.49,24.3,0.1699,9.41,36.49,87.75,0.4353,0.1833,33.88,,,Angel Stadium,
51,800050,Chase DeLauter,CLE,CWS,2026-09-15T22:40:00Z,Scheduled,3,Davis Martin,663436,R,48.2,Longshot,Watch List,"Projected Lineup, Premium Lineup Spot, Platoon Edge",34.9,45.0,27.6,92.1,80.0,32.9,No,Yes,3,Yes,Yes,RotoWire projected lineup; MLB probable pitchers,lineup projected / unconfirmed,H:2026 P:2026/2025,,,Direct BvP not yet weighted; 2026/2025 Statcast baseline active,7,5,23,1,"Last 7 games: 5/23, 1 HR","platoon edge; pitcher baseline 7.5% barrel, 15.1 HR allowed",neutral batted-ball profile; pitcher fly-ball pressure modest,6.2,46.0,91.4,101.3267,0.426,0.15,0.344,71.5,18.7,37.9,19.6,14.0,0.165,7.49,44.53,90.42,0.4314,0.1594,24.04,,,Progressive Field,
52,683737,Michael Busch,CHC,ATL,2026-09-15T23:40:00Z,Scheduled,3,Martín Pérez,527048,L,48.2,Longshot,Watch List,"Projected Lineup, Strong Barrel, Premium Lineup Spot",45.2,38.2,29.8,92.1,50.0,45.3,No,Yes,3,Yes,Yes,RotoWire projected lineup; MLB probable pitchers,lineup projected / unconfirmed,H:2026/2025 P:2026/2025,,,Direct BvP not yet weighted; 2026/2025 Statcast baseline active,7,6,20,1,"Last 7 games: 6/20, 1 HR","same-side matchup; pitcher baseline 8.1% barrel, 10.9 HR allowed",fly-ball profile; pitcher fly-ball pressure modest,11.57,42.19,89.61,99.7311,0.4465,0.2062,0.3444,68.9,5.78,40.21,35.32,23.5,0.1885,8.07,37.51,87.99,0.4234,0.1639,24.13,,,Wrigley Field,
53,666160,Mickey Moniak,COL,SD,2026-09-16T00:40:00Z,Scheduled,7,Walker Buehler,621111,R,48.1,Longshot,Watch List,"Projected Lineup, Strong Barrel, Platoon Edge",46.0,43.2,38.7,59.8,80.0,24.0,No,Yes,7,Yes,Yes,RotoWire projected lineup; MLB probable pitchers,lineup projected / unconfirmed,H:2026/2025 P:2026/2025,,,Direct BvP not yet weighted; 2026/2025 Statcast baseline active,7,3,19,1,"Last 7 games: 3/19, 1 HR","platoon edge; pitcher baseline 8.7% barrel, 19.9 HR allowed",fly-ball profile; pitcher fly-ball pressure modest,10.93,42.22,89.56,100.2514,0.4214,0.1944,0.2957,74.12,43.18,46.8,37.05,22.6,0.2452,8.73,38.29,88.95,0.4136,0.1631,23.3,,,Coors Field,
54,691023,Jordan Walker,STL,SF,2026-09-15T23:45:00Z,Scheduled,4,Blade Tidwell,694918,R,47.9,Longshot,Watch List,"Projected Lineup, Strong Barrel, Premium Lineup Spot",54.4,36.8,22.1,90.4,50.0,13.6,No,Yes,4,Yes,Yes,RotoWire projected lineup; MLB probable pitchers,lineup projected / unconfirmed,H:2026/2025 P:2026/2025,,,Direct BvP not yet weighted; 2026/2025 Statcast baseline active,7,4,19,0,"Last 7 games: 4/19, 0 HR","same-side matchup; pitcher baseline 8.9% barrel, 5.4 HR allowed",EV profile; pitcher fly-ball pressure modest,12.23,49.23,92.44,104.5622,0.4365,0.1865,0.3235,78.87,83.05,38.38,23.84,21.4,0.1722,8.89,34.05,87.92,0.4087,0.1579,27.26,,,Busch Stadium,
55,693307,Dillon Dingler,DET,TOR,2026-09-15T23:07:00Z,Scheduled,4,,,,47.6,Longshot,Watch List,"Projected Lineup, Premium Lineup Spot",42.3,41.2,30.4,90.4,60.0,23.4,No,Yes,4,Yes,Yes,RotoWire projected lineup; MLB probable pitchers,lineup projected / unconfirmed,H:2026/2025 P:,,,Direct BvP not yet weighted; 2026/2025 Statcast baseline active,7,4,26,1,"Last 7 games: 4/26, 1 HR","handedness incomplete; pitcher baseline 0.0% barrel, 0.0 HR allowed",neutral batted-ball profile; pitcher fly-ball pressure modest,9.76,43.25,88.88,100.5274,0.465,0.1969,0.342,71.77,15.69,41.36,28.85,22.8,0.1925,,,,,,,,,Rogers Centre,
56,543807,George Springer,TOR,DET,2026-09-15T23:07:00Z,Scheduled,2,Drew Anderson,623454,R,47.6,Longshot,Watch List,"Projected Lineup, Premium Lineup Spot",40.3,39.1,30.4,95.5,50.0,50.3,No,Yes,2,Yes,Yes,RotoWire projected lineup; MLB probable pitchers,lineup projected / unconfirmed,H:2026/2025 P:2026,,,Direct BvP not yet weighted; 2026/2025 Statcast baseline active,7,8,24,1,Contact streak: 8/24 over last 7 games,"same-side matchup; pitcher baseline 8.4% barrel, 14.0 HR allowed",neutral batted-ball profile; pitcher fly-ball pressure modest,9.55,41.58,89.02,100.3828,0.438,0.1848,0.3354,73.31,35.86,40.88,26.86,20.1,0.1908,8.4,39.2,89.9,0.367,0.141,24.0,,,Rogers Centre,
57,641857,Ryan McMahon,NYY,MIN,2026-09-15T23:40:00Z,Scheduled,7,Bailey Ober,641927,R,47.5,Longshot,Watch List,"Projected Lineup, Strong Barrel, Platoon Edge",45.3,53.6,27.1,59.8,80.0,1.6,No,Yes,7,Yes,Yes,RotoWire projected lineup; MLB probable pitchers,lineup projected / unconfirmed,H:2026/2025 P:2026/2025,,,Direct BvP not yet weighted; 2026/2025 Statcast baseline active,7,3,23,0,"Last 7 games: 3/23, 0 HR","platoon edge; pitcher baseline 10.1% barrel, 21.6 HR allowed",neutral batted-ball profile; pitcher allows elevated contact,10.0,46.79,91.48,101.7867,0.3952,0.1674,0.3073,74.42,45.92,40.57,31.75,13.0,0.1488,10.13,37.07,88.9,0.455,0.2056,32.53,,,Target Field,
58,663886,Tyler Stephenson,CIN,LAD,2026-09-15T22:40:00Z,Scheduled,4,Yoshinobu Yamamoto,808967,R,47.2,Longshot,Watch List,"Projected Lineup, Strong Barrel, Premium Lineup Spot",50.7,28.1,39.3,90.4,50.0,13.6,No,Yes,4,Yes,Yes,RotoWire projected lineup; MLB probable pitchers,lineup projected / unconfirmed,H:2026/2025 P:2026/2025,,,Direct BvP not yet weighted; 2026/2025 Statcast baseline active,7,4,19,0,"Last 7 games: 4/19, 0 HR","same-side matchup; pitcher baseline 6.5% barrel, 17.5 HR allowed",neutral batted-ball profile; pitcher fly-ball pressure modest,13.24,46.19,90.99,100.4906,0.4312,0.1991,0.3264,70.45,6.72,36.94,33.5,14.4,0.1795,6.47,37.6,88.09,0.3306,0.1207,22.94,,,Great American Ball Park,
59,553993,Eugenio Suarez,CIN,LAD,2026-09-15T22:40:00Z,Scheduled,5,Yoshinobu Yamamoto,808967,R,47.2,Longshot,Watch List,"Projected Lineup, Strong Barrel, Hot Hitter/Streak",44.8,28.1,39.3,81.9,50.0,76.1,No,Yes,5,Yes,Yes,RotoWire projected lineup; MLB probable pitchers,lineup projected / unconfirmed,H:2026/2025 P:2026/2025,,,Direct BvP not yet weighted; 2026/2025 Statcast baseline active,7,6,23,3,Hot streak: 3 HR in last 7 games,"same-side matchup; pitcher baseline 6.5% barrel, 17.5 HR allowed",fly-ball profile; pitcher fly-ball pressure modest,12.9,39.41,88.94,100.0771,0.3986,0.1953,0.3053,72.16,23.14,46.98,35.16,31.5,0.2455,6.47,37.6,88.09,0.3306,0.1207,22.94,,,Great American Ball Park,
60,805808,Kevin McGonigle,DET,TOR,2026-09-15T23:07:00Z,Scheduled,1,,,,47.2,Longshot,Watch List,"Projected Lineup, Premium Lineup Spot, Hot Hitter/Streak",33.8,41.2,30.4,88.7,60.0,75.9,No,Yes,1,Yes,Yes,RotoWire projected lineup; MLB probable pitchers,lineup projected / unconfirmed,H:2026 P:,,,Direct BvP not yet weighted; 2026/2025 Statcast baseline active,7,7,27,3,Hot streak: 3 HR in last 7 games,"handedness incomplete; pitcher baseline 0.0% barrel, 0.0 HR allowed",fly-ball profile; pitcher fly-ball pressure modest,7.3,37.0,88.0,98.356,0.439,0.177,0.354,71.2,16.0,37.5,35.8,17.0,0.153,,,,,,,,,Rogers Centre,
61,665489,Vladimir Guerrero,TOR,DET,2026-09-15T23:07:00Z,Scheduled,3,Drew Anderson,623454,R,47.2,Longshot,Watch List,"Projected Lineup, Premium Lineup Spot",40.5,39.1,30.4,92.1,50.0,50.3,No,Yes,3,Yes,Yes,RotoWire projected lineup; MLB probable pitchers,lineup projected / unconfirmed,H:2026/2025 P:2026,,,Direct BvP not yet weighted; 2026/2025 Statcast baseline active,7,9,27,1,Contact streak: 9/27 over last 7 games,"same-side matchup; pitcher baseline 8.4% barrel, 14.0 HR allowed",neutral batted-ball profile; pitcher fly-ball pressure modest,8.42,46.36,90.95,103.4349,0.4353,0.1458,0.349,76.42,63.96,35.32,19.31,13.2,0.1225,8.4,39.2,89.9,0.367,0.141,24.0,,,Rogers Centre,
62,676724,Jared Young,NYM,BAL,2026-09-15T23:10:00Z,Scheduled,5,Shane Baz,669358,R,47.2,Longshot,Watch List,"Projected Lineup, Platoon Edge",39.3,40.8,24.8,81.9,80.0,41.2,No,Yes,5,Yes,Yes,RotoWire projected lineup; MLB probable pitchers,lineup projected / unconfirmed,H:2026/2025 P:2026/2025,,,Direct BvP not yet weighted; 2026/2025 Statcast baseline active,7,6,22,1,"Last 7 games: 6/22, 1 HR","platoon edge; pitcher baseline 7.5% barrel, 17.6 HR allowed",neutral batted-ball profile; pitcher fly-ball pressure modest,9.33,43.99,88.45,100.774,0.4126,0.1801,0.3086,73.37,33.18,41.05,27.23,7.5,0.2061,7.54,40.94,89.77,0.3923,0.1483,25.85,,,Citi Field,
63,683002,Gunnar Henderson,BAL,NYM,2026-09-15T23:10:00Z,Scheduled,3,Sean Manaea,640455,L,46.9,Longshot,Watch List,"Projected Lineup, Premium Lineup Spot",36.4,54.2,24.8,92.1,50.0,14.6,No,Yes,3,Yes,Yes,RotoWire projected lineup; MLB probable pitchers,lineup projected / unconfirmed,H:2026/2025 P:2026/2025,,,Direct BvP not yet weighted; 2026/2025 Statcast baseline active,7,5,23,0,"Last 7 games: 5/23, 0 HR","same-side matchup; pitcher baseline 10.4% barrel, 18.6 HR allowed",neutral batted-ball profile; pitcher fly-ball pressure modest,7.48,45.0,90.07,101.1819,0.4019,0.1497,0.3249,74.6,46.12,41.08,23.17,20.5,0.171,10.37,41.76,89.38,0.4444,0.1897,28.61,,,Citi Field,
64,663586,Austin Riley,ATL,CHC,2026-09-15T23:40:00Z,Scheduled,7,Kevin Gausman,592332,R,46.5,Longshot,Watch List,"Projected Lineup, Strong Barrel",53.5,41.9,29.8,59.8,50.0,28.9,No,Yes,7,Yes,Yes,RotoWire projected lineup; MLB probable pitchers,lineup projected / unconfirmed,H:2026/2025 P:2026/2025,,,Direct BvP not yet weighted; 2026/2025 Statcast baseline active,7,4,21,1,"Last 7 games: 4/21, 1 HR","same-side matchup; pitcher baseline 7.7% barrel, 23.1 HR allowed",neutral batted-ball profile; pitcher fly-ball pressure modest,13.1,46.49,91.67,102.7625,0.4195,0.1956,0.309,75.83,59.78,40.36,31.15,16.7,0.1519,7.73,39.93,88.95,0.4077,0.1613,26.16,,,Wrigley Field,
65,691019,Kyle Teel,CWS,CLE,2026-09-15T22:40:00Z,Scheduled,2,Foster Griffin,656492,L,46.4,Longshot,Watch List,"Projected Lineup, Strong Barrel, Premium Lineup Spot",36.4,41.6,27.6,95.5,50.0,47.2,No,Yes,2,Yes,Yes,RotoWire projected lineup; MLB probable pitchers,lineup projected / unconfirmed,H:2026/2025 P:2026,,,Direct BvP not yet weighted; 2026/2025 Statcast baseline active,7,5,16,1,"Last 7 games: 5/16, 1 HR","same-side matchup; pitcher baseline 8.7% barrel, 23.0 HR allowed",neutral batted-ball profile; pitcher fly-ball pressure modest,11.42,44.11,85.01,100.3351,0.3978,0.1713,0.3216,71.64,25.18,40.68,28.96,5.2,0.1569,8.7,37.2,88.0,0.417,0.157,25.6,,,Progressive Field,
66,681393,Connor Norby,COL,SD,2026-09-16T00:40:00Z,Scheduled,2,Walker Buehler,621111,R,46.2,Longshot,Watch List,"Projected Lineup, Premium Lineup Spot",29.6,43.2,38.7,95.5,50.0,47.7,No,Yes,2,Yes,Yes,RotoWire projected lineup; MLB probable pitchers,lineup projected / unconfirmed,H:2026/2025 P:2026/2025,,,Direct BvP not yet weighted; 2026/2025 Statcast baseline active,7,6,19,1,"Last 7 games: 6/19, 1 HR","same-side matchup; pitcher baseline 8.7% barrel, 19.9 HR allowed",neutral batted-ball profile; pitcher fly-ball pressure modest,8.21,36.75,87.25,98.1501,0.3743,0.1515,0.3056,70.28,8.48,42.52,34.86,7.3,0.1366,8.73,38.29,88.95,0.4136,0.1631,23.3,,,Coors Field,
67,664023,Ian Happ,CHC,ATL,2026-09-15T23:40:00Z,Scheduled,5,Martín Pérez,527048,L,45.9,Longshot,Watch List,"Projected Lineup, Strong Barrel, Platoon Edge",43.1,37.0,29.8,81.9,75.0,2.0,No,Yes,5,Yes,Yes,RotoWire projected lineup; MLB probable pitchers,lineup projected / unconfirmed,H:2026/2025 P:2026/2025,,,Direct BvP not yet weighted; 2026/2025 Statcast baseline active,7,2,15,0,"Last 7 games: 2/15, 0 HR","switch hitter; pitcher baseline 8.1% barrel, 10.9 HR allowed",neutral batted-ball profile; pitcher fly-ball pressure modest,10.96,42.58,89.51,100.741,0.4129,0.1909,0.3274,71.74,17.87,45.03,31.34,23.0,0.1868,8.07,37.51,87.99,0.4234,0.1639,24.13,,,Wrigley Field,
68,593428,Xander Bogaerts,SD,COL,2026-09-16T00:40:00Z,Scheduled,7,Kyle Freeland,607536,L,45.9,Longshot,Watch List,"Projected Lineup, Platoon Edge",28.0,58.6,38.7,59.8,78.0,27.7,No,Yes,7,Yes,Yes,RotoWire projected lineup; MLB probable pitchers,lineup projected / unconfirmed,H:2026/2025 P:2026/2025,,,Direct BvP not yet weighted; 2026/2025 Statcast baseline active,7,7,23,0,"Last 7 games: 7/23, 0 HR","platoon edge; pitcher baseline 10.2% barrel, 23.4 HR allowed",neutral batted-ball profile; pitcher fly-ball pressure modest,6.06,40.46,89.14,100.0817,0.3815,0.1313,0.3207,72.31,28.29,43.03,23.62,11.0,0.1091,10.24,43.87,90.47,0.4751,0.1931,28.24,,,Coors Field,
69,679529,Spencer Torkelson,DET,TOR,2026-09-15T23:07:00Z,Scheduled,7,,,,45.8,Longshot,Watch List,"Projected Lineup, Strong Barrel",47.3,41.2,30.4,59.8,60.0,39.8,No,Yes,7,Yes,Yes,RotoWire projected lineup; MLB probable pitchers,lineup projected / unconfirmed,H:2026/2025 P:,,,Direct BvP not yet weighted; 2026/2025 Statcast baseline active,7,5,19,1,"Last 7 games: 5/19, 1 HR","handedness incomplete; pitcher baseline 0.0% barrel, 0.0 HR allowed",fly-ball profile; pitcher fly-ball pressure modest,12.38,42.3,89.57,100.1403,0.4119,0.1964,0.3165,73.14,26.16,47.42,36.25,25.4,0.1978,,,,,,,,,Rogers Centre,
70,687637,Dylan Beavers,BAL,NYM,2026-09-15T23:10:00Z,Scheduled,1,Sean Manaea,640455,L,45.7,Longshot,Watch List,"Projected Lineup, Premium Lineup Spot",31.3,54.2,24.8,88.7,50.0,35.3,No,Yes,1,Yes,Yes,RotoWire projected lineup; MLB probable pitchers,lineup projected / unconfirmed,H:2026/2025 P:2026/2025,,,Direct BvP not yet weighted; 2026/2025 Statcast baseline active,7,7,30,1,"Last 7 games: 7/30, 1 HR","same-side matchup; pitcher baseline 10.4% barrel, 18.6 HR allowed",neutral batted-ball profile; pitcher fly-ball pressure modest,7.97,35.14,87.96,99.1354,0.3856,0.1614,0.3139,72.41,21.75,40.88,32.58,6.1,0.152,10.37,41.76,89.38,0.4444,0.1897,28.61,,,Citi Field,
71,683146,Brett Baty,NYM,BAL,2026-09-15T23:10:00Z,Scheduled,8,Shane Baz,669358,R,45.7,Longshot,Watch List,"Projected Lineup, Strong Barrel, Platoon Edge, Hot Hitter/Streak",44.6,40.8,24.8,47.9,80.0,71.6,No,Yes,8,Yes,Yes,RotoWire projected lineup; MLB probable pitchers,lineup projected / unconfirmed,H:2026/2025 P:2026/2025,,,Direct BvP not yet weighted; 2026/2025 Statcast baseline active,7,6,17,2,Hot streak: 2 HR in last 7 games,"platoon edge; pitcher baseline 7.5% barrel, 17.6 HR allowed",neutral batted-ball profile; pitcher fly-ball pressure modest,10.94,43.26,90.42,101.7061,0.4178,0.177,0.3186,75.08,53.86,35.75,26.66,12.4,0.1502,7.54,40.94,89.77,0.3923,0.1483,25.85,,,Citi Field,
72,691777,Max Muncy,LAD,CIN,2026-09-15T22:40:00Z,Scheduled,7,Rhett Lowder,695076,R,45.6,Longshot,Watch List,"Projected Lineup, Strong Barrel",35.3,53.3,39.3,59.8,50.0,48.1,No,Yes,7,Yes,Yes,RotoWire projected lineup; MLB probable pitchers,lineup projected / unconfirmed,H:2026/2025 P:2026,,,Direct BvP not yet weighted; 2026/2025 Statcast baseline active,7,7,22,1,"Last 7 games: 7/22, 1 HR","same-side matchup; pitcher baseline 9.9% barrel, 17.0 HR allowed",neutral batted-ball profile; pitcher fly-ball pressure modest,10.59,40.31,88.5,100.9708,0.3642,0.15,0.2831,73.8,42.18,43.31,22.23,9.0,0.1601,9.9,39.0,90.1,0.464,0.192,28.1,,,Great American Ball Park,
73,663993,Nathaniel Lowe,CLE,CWS,2026-09-15T22:40:00Z,Scheduled,7,Davis Martin,663436,R,45.4,Longshot,Watch List,"Projected Lineup, Platoon Edge",37.2,45.0,27.6,59.8,80.0,52.0,No,Yes,7,Yes,Yes,RotoWire projected lineup; MLB probable pitchers,lineup projected / unconfirmed,H:2026/2025 P:2026/2025,,,Direct BvP not yet weighted; 2026/2025 Statcast baseline active,7,4,18,2,Hot streak: 2 HR in last 7 games,"platoon edge; pitcher baseline 7.5% barrel, 15.1 HR allowed",neutral batted-ball profile; pitcher fly-ball pressure modest,8.47,41.15,89.28,100.7433,0.422,0.166,0.3275,73.93,38.87,34.54,26.34,17.3,0.1887,7.49,44.53,90.42,0.4314,0.1594,24.04,,,Progressive Field,
74,608324,Alex Bregman,CHC,ATL,2026-09-15T23:40:00Z,Scheduled,4,Martín Pérez,527048,L,45.1,Longshot,Watch List,"Projected Lineup, Premium Lineup Spot, Platoon Edge",27.8,38.2,29.8,90.4,78.0,52.5,No,Yes,4,Yes,Yes,RotoWire projected lineup; MLB probable pitchers,lineup projected / unconfirmed,H:2026/2025 P:2026/2025,,,Direct BvP not yet weighted; 2026/2025 Statcast baseline active,7,8,23,1,Contact streak: 8/23 over last 7 games,"platoon edge; pitcher baseline 8.1% barrel, 10.9 HR allowed",neutral batted-ball profile; pitcher fly-ball pressure modest,6.04,39.36,88.77,98.3478,0.3934,0.1439,0.3258,70.09,4.94,47.56,27.3,22.9,0.1876,8.07,37.51,87.99,0.4234,0.1639,24.13,,,Wrigley Field,
75,701807,Carson Benge,NYM,BAL,2026-09-15T23:10:00Z,Scheduled,4,Shane Baz,669358,R,44.8,Longshot,Watch List,"Projected Lineup, Premium Lineup Spot, Platoon Edge",30.2,40.8,24.8,90.4,80.0,29.2,No,Yes,4,Yes,Yes,RotoWire projected lineup; MLB probable pitchers,lineup projected / unconfirmed,H:2026 P:2026/2025,,,Direct BvP not yet weighted; 2026/2025 Statcast baseline active,7,5,26,1,"Last 7 games: 5/26, 1 HR","platoon edge; pitcher baseline 7.5% barrel, 17.6 HR allowed",neutral batted-ball profile; pitcher fly-ball pressure modest,6.9,38.4,88.7,99.5691,0.424,0.15,0.334,71.0,17.7,34.3,26.5,17.0,0.14,7.54,40.94,89.77,0.3923,0.1483,25.85,,,Citi Field,
76,672386,Alejandro Kirk,TOR,DET,2026-09-15T23:07:00Z,Scheduled,4,Drew Anderson,623454,R,44.6,Longshot,Watch List,"Projected Lineup, Premium Lineup Spot, Hot Hitter/Streak",30.3,39.1,30.4,90.4,50.0,70.6,No,Yes,4,Yes,Yes,RotoWire projected lineup; MLB probable pitchers,lineup projected / unconfirmed,H:2026/2025 P:2026,,,Direct BvP not yet weighted; 2026/2025 Statcast baseline active,7,9,26,2,Hot streak: 2 HR in last 7 games,"same-side matchup; pitcher baseline 8.4% barrel, 14.0 HR allowed",neutral batted-ball profile; pitcher fly-ball pressure modest,5.97,44.01,89.28,100.4774,0.4058,0.1393,0.3233,71.94,19.86,25.44,22.04,11.5,0.1474,8.4,39.2,89.9,0.367,0.141,24.0,,,Rogers Centre,
77,665019,Kody Clemens,MIN,NYY,2026-09-15T23:40:00Z,Scheduled,3,Max Fried,608331,L,44.6,Longshot,Watch List,"Projected Lineup, Strong Barrel, Premium Lineup Spot",53.6,9.9,27.1,92.1,50.0,60.7,No,Yes,3,Yes,Yes,RotoWire projected lineup; MLB probable pitchers,lineup projected / unconfirmed,H:2026/2025 P:2026/2025,,,Direct BvP not yet weighted; 2026/2025 Statcast baseline active,7,7,25,2,Hot streak: 2 HR in last 7 games,"same-side matchup; pitcher baseline 3.5% barrel, 7.0 HR allowed",lift-pull EV profile; pitcher fly-ball pressure modest,12.0,47.25,92.06,101.545,0.4629,0.2132,0.3352,72.06,14.49,46.64,33.95,23.9,0.228,3.47,31.74,86.15,0.2968,0.0872,23.65,,,Target Field,
78,683953,Travis Bazzana,CLE,CWS,2026-09-15T22:40:00Z,Scheduled,5,Davis Martin,663436,R,44.5,Longshot,Watch List,"Projected Lineup, Platoon Edge, Hot Hitter/Streak",21.4,45.0,27.6,81.9,80.0,77.4,No,Yes,5,Yes,Yes,RotoWire projected lineup; MLB probable pitchers,lineup projected / unconfirmed,H:2026 P:2026/2025,,,Direct BvP not yet weighted; 2026/2025 Statcast baseline active,7,9,23,2,Hot streak: 2 HR in last 7 games,"platoon edge; pitcher baseline 7.5% barrel, 15.1 HR allowed",neutral batted-ball profile; pitcher fly-ball pressure modest,4.8,37.3,88.0,98.5209,0.353,0.123,0.307,69.7,12.3,39.3,28.1,12.0,0.146,7.49,44.53,90.42,0.4314,0.1594,24.04,,,Progressive Field,
79,669134,Luis Campusano,SD,COL,2026-09-16T00:40:00Z,Scheduled,6,Kyle Freeland,607536,L,44.5,Longshot,Watch List,"Projected Lineup, Platoon Edge",21.2,58.6,38.7,71.7,78.0,12.0,No,Yes,6,Yes,Yes,RotoWire projected lineup; MLB probable pitchers,lineup projected / unconfirmed,H:2026/2025 P:2026/2025,,,Direct BvP not yet weighted; 2026/2025 Statcast baseline active,7,5,25,0,"Last 7 games: 5/25, 0 HR","platoon edge; pitcher baseline 10.2% barrel, 23.4 HR allowed",neutral batted-ball profile; pitcher fly-ball pressure modest,6.44,35.6,87.59,98.37,0.3109,0.1169,0.2983,72.96,29.92,46.07,20.22,4.9,0.1225,10.24,43.87,90.47,0.4751,0.1931,28.24,,,Coors Field,
80,669242,Tommy Edman,LAD,CIN,2026-09-15T22:40:00Z,Scheduled,1,Rhett Lowder,695076,R,44.3,Longshot,Watch List,"Projected Lineup, Premium Lineup Spot, Platoon Edge",21.0,51.5,39.3,88.7,75.0,0.0,No,Yes,1,Yes,Yes,RotoWire projected lineup; MLB probable pitchers,lineup projected / unconfirmed,H:2026/2025 P:2026,,,Direct BvP not yet weighted; 2026/2025 Statcast baseline active,7,0,22,0,"Last 7 games: 0/22, 0 HR","switch hitter; pitcher baseline 9.9% barrel, 17.0 HR allowed",neutral batted-ball profile; pitcher fly-ball pressure modest,4.99,35.91,87.81,98.9914,0.3718,0.1153,0.314,70.59,13.51,43.23,26.57,8.1,0.1402,9.9,39.0,90.1,0.464,0.192,28.1,,,Great American Ball Park,
81,682626,Francisco Alvarez,NYM,BAL,2026-09-15T23:10:00Z,Scheduled,9,Shane Baz,669358,R,44.3,Longshot,Watch List,"Projected Lineup, Strong Barrel",54.4,40.8,24.8,40.2,50.0,54.7,No,Yes,9,Yes,Yes,RotoWire projected lineup; MLB probable pitchers,lineup projected / unconfirmed,H:2026/2025 P:2026/2025,,,Direct BvP not yet weighted; 2026/2025 Statcast baseline active,7,6,25,2,Hot streak: 2 HR in last 7 games,"same-side matchup; pitcher baseline 7.5% barrel, 17.6 HR allowed",neutral batted-ball profile; pitcher fly-ball pressure modest,14.41,48.63,91.28,102.9514,0.4321,0.2017,0.3253,74.11,42.04,37.4,24.82,13.8,0.1749,7.54,40.94,89.77,0.3923,0.1483,25.85,,,Citi Field,
82,695657,Colson Montgomery,CWS,CLE,2026-09-15T22:40:00Z,Scheduled,7,Foster Griffin,656492,L,44.1,Longshot,Watch List,"Projected Lineup, Strong Barrel",51.8,41.6,27.6,59.8,50.0,0.0,No,Yes,7,Yes,Yes,RotoWire projected lineup; MLB probable pitchers,lineup projected / unconfirmed,H:2026/2025 P:2026,,,Direct BvP not yet weighted; 2026/2025 Statcast baseline active,7,1,22,0,"Last 7 games: 1/22, 0 HR","same-side matchup; pitcher baseline 8.7% barrel, 23.0 HR allowed",neutral batted-ball profile; pitcher fly-ball pressure modest,13.24,42.54,88.91,101.8869,0.4352,0.222,0.3151,76.72,70.72,48.81,32.81,28.0,0.2403,8.7,37.2,88.0,0.417,0.157,25.6,,,Progressive Field,
83,643217,Andrew Benintendi,CWS,CLE,2026-09-15T22:40:00Z,Scheduled,5,Foster Griffin,656492,L,43.9,Longshot,Watch List,Projected Lineup,37.6,41.6,27.6,81.9,50.0,29.4,No,Yes,5,Yes,Yes,RotoWire projected lineup; MLB probable pitchers,lineup projected / unconfirmed,H:2026/2025 P:2026,,,Direct BvP not yet weighted; 2026/2025 Statcast baseline active,7,6,19,0,"Last 7 games: 6/19, 0 HR","same-side matchup; pitcher baseline 8.7% barrel, 23.0 HR allowed",neutral batted-ball profile; pitcher fly-ball pressure modest,9.42,42.5,88.84,98.8312,0.4111,0.1711,0.3123,69.68,4.64,49.26,32.76,15.8,0.1805,8.7,37.2,88.0,0.417,0.157,25.6,,,Progressive Field,
84,669224,Austin Wells,NYY,MIN,2026-09-15T23:40:00Z,Scheduled,8,Bailey Ober,641927,R,43.7,Longshot,Watch List,"Projected Lineup, Platoon Edge",36.1,53.6,27.1,47.9,80.0,18.3,No,Yes,8,Yes,Yes,RotoWire projected lineup; MLB probable pitchers,lineup projected / unconfirmed,H:2026/2025 P:2026/2025,,,Direct BvP not yet weighted; 2026/2025 Statcast baseline active,7,1,17,1,"Last 7 games: 1/17, 1 HR","platoon edge; pitcher baseline 10.1% barrel, 21.6 HR allowed",neutral batted-ball profile; pitcher allows elevated contact,7.82,43.59,89.69,100.6678,0.3606,0.1549,0.2889,72.91,27.67,44.98,33.42,14.0,0.1547,10.13,37.07,88.9,0.455,0.2056,32.53,,,Target Field,
85,681297,Colton Cowser,BAL,NYM,2026-09-15T23:10:00Z,Scheduled,8,Sean Manaea,640455,L,43.6,Longshot,Watch List,"Projected Lineup, Strong Barrel",44.8,54.2,24.8,47.9,50.0,16.6,No,Yes,8,Yes,Yes,RotoWire projected lineup; MLB probable pitchers,lineup projected / unconfirmed,H:2026/2025 P:2026/2025,,,Direct BvP not yet weighted; 2026/2025 Statcast baseline active,7,3,13,0,"Last 7 games: 3/13, 0 HR","same-side matchup; pitcher baseline 10.4% barrel, 18.6 HR allowed",neutral batted-ball profile; pitcher fly-ball pressure modest,11.44,42.64,88.87,100.8636,0.4068,0.1946,0.3091,74.3,43.66,38.45,32.29,13.9,0.1617,10.37,41.76,89.38,0.4444,0.1897,28.61,,,Citi Field,
86,571771,Enrique Hernandez,LAD,CIN,2026-09-15T22:40:00Z,Scheduled,8,Rhett Lowder,695076,R,43.3,Longshot,Watch List,Projected Lineup,35.0,53.3,39.3,47.9,50.0,37.8,No,Yes,8,Yes,Yes,RotoWire projected lineup; MLB probable pitchers,lineup projected / unconfirmed,H:2026/2025 P:2026,,,Direct BvP not yet weighted; 2026/2025 Statcast baseline active,7,5,20,1,"Last 7 games: 5/20, 1 HR","same-side matchup; pitcher baseline 9.9% barrel, 17.0 HR allowed",neutral batted-ball profile; pitcher fly-ball pressure modest,9.22,43.13,89.95,100.3072,0.366,0.1485,0.2786,70.54,13.12,33.37,25.61,5.1,0.1721,9.9,39.0,90.1,0.464,0.192,28.1,,,Great American Ball Park,
87,608070,Jose Ramirez,CLE,CWS,2026-09-15T22:40:00Z,Scheduled,2,Davis Martin,663436,R,43.2,Longshot,Watch List,"Projected Lineup, Premium Lineup Spot, Platoon Edge",25.9,43.4,27.6,95.5,75.0,0.0,No,Yes,2,Yes,Yes,RotoWire projected lineup; MLB probable pitchers,lineup projected / unconfirmed,H:2026/2025 P:2026/2025,,,Direct BvP not yet weighted; 2026/2025 Statcast baseline active,7,3,29,0,"Last 7 games: 3/29, 0 HR","switch hitter; pitcher baseline 7.5% barrel, 15.1 HR allowed",neutral batted-ball profile; pitcher fly-ball pressure modest,4.97,37.77,88.76,99.1174,0.4082,0.1375,0.3308,70.27,12.77,50.48,28.78,16.7,0.1591,7.49,44.53,90.42,0.4314,0.1594,24.04,,,Progressive Field,
88,805999,A.J. Ewing,NYM,BAL,2026-09-15T23:10:00Z,Scheduled,7,Shane Baz,669358,R,43.2,Longshot,Watch List,"Projected Lineup, Platoon Edge, Hot Hitter/Streak",30.8,40.8,24.8,59.8,80.0,78.7,No,Yes,7,Yes,Yes,RotoWire projected lineup; MLB probable pitchers,lineup projected / unconfirmed,H:2026 P:2026/2025,,,Direct BvP not yet weighted; 2026/2025 Statcast baseline active,7,10,25,2,Hot streak: 2 HR in last 7 games,"platoon edge; pitcher baseline 7.5% barrel, 17.6 HR allowed",neutral batted-ball profile; pitcher fly-ball pressure modest,7.0,42.2,89.4,100.1234,0.4,0.142,0.322,70.4,12.6,32.4,24.4,9.0,0.122,7.54,40.94,89.77,0.3923,0.1483,25.85,,,Citi Field,
89,641487,J.P. Crawford,SEA,LAA,2026-09-16T01:38:00Z,Scheduled,1,Ryan Johnson,696270,R,43.0,Longshot,Watch List,"Projected Lineup, Premium Lineup Spot, Platoon Edge",19.6,46.1,28.2,88.7,80.0,31.4,No,Yes,1,Yes,Yes,RotoWire projected lineup; MLB probable pitchers,lineup projected / unconfirmed,H:2026/2025 P:2026/2025,,,Direct BvP not yet weighted; 2026/2025 Statcast baseline active,7,6,29,1,"Last 7 games: 6/29, 1 HR","platoon edge; pitcher baseline 9.4% barrel, 13.8 HR allowed",neutral batted-ball profile; pitcher allows elevated contact,5.39,34.0,87.48,97.9862,0.3636,0.1179,0.3238,71.21,18.53,34.86,21.42,11.3,0.1176,9.41,36.49,87.75,0.4353,0.1833,33.88,,,Angel Stadium,
90,650402,Gleyber Torres,DET,TOR,2026-09-15T23:07:00Z,Scheduled,2,,,,42.8,Longshot,Watch List,"Projected Lineup, Premium Lineup Spot",24.7,41.2,30.4,95.5,60.0,28.2,No,Yes,2,Yes,Yes,RotoWire projected lineup; MLB probable pitchers,lineup projected / unconfirmed,H:2026/2025 P:,,,Direct BvP not yet weighted; 2026/2025 Statcast baseline active,7,8,26,0,"Last 7 games: 8/26, 0 HR","handedness incomplete; pitcher baseline 0.0% barrel, 0.0 HR allowed",neutral batted-ball profile; pitcher fly-ball pressure modest,6.87,35.22,87.55,97.9241,0.3983,0.1412,0.3364,68.77,6.1,27.95,26.4,10.4,0.1184,,,,,,,,,Rogers Centre,
91,669357,Nolan Gorman,STL,SF,2026-09-15T23:45:00Z,Scheduled,7,Blade Tidwell,694918,R,42.7,Longshot,Watch List,"Projected Lineup, Strong Barrel, Platoon Edge",41.3,36.8,22.1,59.8,80.0,26.4,No,Yes,7,Yes,Yes,RotoWire projected lineup; MLB probable pitchers,lineup projected / unconfirmed,H:2026/2025 P:2026/2025,,,Direct BvP not yet weighted; 2026/2025 Statcast baseline active,7,4,23,1,"Last 7 games: 4/23, 1 HR","platoon edge; pitcher baseline 8.9% barrel, 5.4 HR allowed",fly-ball profile; pitcher fly-ball pressure modest,10.04,42.36,89.46,100.7162,0.3692,0.1725,0.2841,73.19,30.94,44.11,38.73,10.5,0.1419,8.89,34.05,87.92,0.4087,0.1579,27.26,,,Busch Stadium,
92,664983,Jake McCarthy,COL,SD,2026-09-16T00:40:00Z,Scheduled,1,Walker Buehler,621111,R,42.7,Longshot,Watch List,"Projected Lineup, Premium Lineup Spot, Platoon Edge",16.3,43.2,38.7,88.7,80.0,30.0,No,Yes,1,Yes,Yes,RotoWire projected lineup; MLB probable pitchers,lineup projected / unconfirmed,H:2026/2025 P:2026/2025,,,Direct BvP not yet weighted; 2026/2025 Statcast baseline active,7,8,25,0,Contact streak: 8/25 over last 7 games,"platoon edge; pitcher baseline 8.7% barrel, 19.9 HR allowed",neutral batted-ball profile; pitcher fly-ball pressure modest,5.3,28.23,85.19,96.8839,0.3985,0.135,0.3105,70.82,12.91,37.31,22.01,11.7,0.1725,8.73,38.29,88.95,0.4136,0.1631,23.3,,,Coors Field,
93,666182,Bo Bichette,NYM,BAL,2026-09-15T23:10:00Z,Scheduled,3,Shane Baz,669358,R,42.5,Longshot,Watch List,"Projected Lineup, Premium Lineup Spot",33.4,40.8,24.8,92.1,50.0,12.0,No,Yes,3,Yes,Yes,RotoWire projected lineup; MLB probable pitchers,lineup projected / unconfirmed,H:2026/2025 P:2026/2025,,,Direct BvP not yet weighted; 2026/2025 Statcast baseline active,7,6,30,0,"Last 7 games: 6/30, 0 HR","same-side matchup; pitcher baseline 7.5% barrel, 17.6 HR allowed",neutral batted-ball profile; pitcher fly-ball pressure modest,6.99,43.9,90.02,101.058,0.4359,0.1517,0.3362,69.66,13.09,26.49,23.09,16.6,0.1426,7.54,40.94,89.77,0.3923,0.1483,25.85,,,Citi Field,
94,681198,TJ Rumfield,COL,SD,2026-09-16T00:40:00Z,Scheduled,4,Walker Buehler,621111,R,42.5,Longshot,Watch List,"Projected Lineup, Premium Lineup Spot, Platoon Edge",13.4,43.2,38.7,90.4,80.0,40.7,No,Yes,4,Yes,Yes,RotoWire projected lineup; MLB probable pitchers,lineup projected / unconfirmed,H:2026 P:2026/2025,,,Direct BvP not yet weighted; 2026/2025 Statcast baseline active,7,9,23,0,Contact streak: 9/23 over last 7 games,"platoon edge; pitcher baseline 8.7% barrel, 19.9 HR allowed",neutral batted-ball profile; pitcher fly-ball pressure modest,4.9,27.6,84.3,96.1406,0.388,0.127,0.335,68.5,7.8,41.4,28.7,15.0,0.158,8.73,38.29,88.95,0.4136,0.1631,23.3,,,Coors Field,
95,687093,Vaughn Grissom,LAA,SEA,2026-09-16T01:38:00Z,Scheduled,4,Logan Gilbert,669302,R,42.4,Longshot,Watch List,"Projected Lineup, Premium Lineup Spot",25.6,48.7,28.2,90.4,50.0,18.3,No,Yes,4,Yes,Yes,RotoWire projected lineup; MLB probable pitchers,lineup projected / unconfirmed,H:2026 P:2026/2025,,,Direct BvP not yet weighted; 2026/2025 Statcast baseline active,7,3,26,1,"Last 7 games: 3/26, 1 HR","same-side matchup; pitcher baseline 9.7% barrel, 24.9 HR allowed",neutral batted-ball profile; pitcher fly-ball pressure modest,7.0,36.8,87.7,98.8703,0.377,0.135,0.305,70.9,16.4,40.1,24.8,11.0,0.144,9.72,41.49,90.03,0.3831,0.161,28.47,,,Angel Stadium,
96,624424,Michael Conforto,CHC,ATL,2026-09-15T23:40:00Z,Scheduled,7,Martín Pérez,527048,L,41.8,Longshot,Watch List,"Projected Lineup, Strong Barrel",44.1,38.2,29.8,59.8,50.0,15.3,No,Yes,7,Yes,Yes,RotoWire projected lineup; MLB probable pitchers,lineup projected / unconfirmed,H:2026/2025 P:2026/2025,,,Direct BvP not yet weighted; 2026/2025 Statcast baseline active,7,4,18,0,"Last 7 games: 4/18, 0 HR","same-side matchup; pitcher baseline 8.1% barrel, 10.9 HR allowed",neutral batted-ball profile; pitcher fly-ball pressure modest,10.54,41.48,90.04,100.5263,0.4226,0.1903,0.33,72.92,33.51,43.46,33.85,13.4,0.2068,8.07,37.51,87.99,0.4234,0.1639,24.13,,,Wrigley Field,
97,694249,Cole Carrigg,COL,SD,2026-09-16T00:40:00Z,Scheduled,5,Walker Buehler,621111,R,41.8,Longshot,Watch List,"Projected Lineup, Platoon Edge",23.9,41.0,38.7,81.9,75.0,1.6,No,Yes,5,Yes,Yes,RotoWire projected lineup; MLB probable pitchers,lineup projected / unconfirmed,H:2026 P:2026/2025,,,Direct BvP not yet weighted; 2026/2025 Statcast baseline active,7,3,23,0,"Last 7 games: 3/23, 0 HR","switch hitter; pitcher baseline 8.7% barrel, 19.9 HR allowed",neutral batted-ball profile; pitcher fly-ball pressure modest,5.3,34.3,87.4,98.4131,0.383,0.136,0.311,73.2,34.4,48.6,28.1,7.0,0.176,8.73,38.29,88.95,0.4136,0.1631,23.3,,,Coors Field,
98,647304,Josh Naylor,SEA,LAA,2026-09-16T01:38:00Z,Scheduled,6,Ryan Johnson,696270,R,41.8,Longshot,Watch List,"Projected Lineup, Platoon Edge",22.6,46.1,28.2,71.7,80.0,35.6,No,Yes,6,Yes,Yes,RotoWire projected lineup; MLB probable pitchers,lineup projected / unconfirmed,H:2026/2025 P:2026/2025,,,Direct BvP not yet weighted; 2026/2025 Statcast baseline active,7,10,28,0,Contact streak: 10/28 over last 7 games,"platoon edge; pitcher baseline 9.4% barrel, 13.8 HR allowed",neutral batted-ball profile; pitcher allows elevated contact,5.09,37.77,87.73,99.027,0.4005,0.1282,0.3208,70.34,11.75,41.43,22.22,13.0,0.1152,9.41,36.49,87.75,0.4353,0.1833,33.88,,,Angel Stadium,
99,695336,Thomas Saggese,STL,SF,2026-09-15T23:45:00Z,Scheduled,1,Blade Tidwell,694918,R,41.7,Longshot,Watch List,"Projected Lineup, Premium Lineup Spot",34.8,36.8,22.1,88.7,50.0,22.4,No,Yes,1,Yes,Yes,RotoWire projected lineup; MLB probable pitchers,lineup projected / unconfirmed,H:2026/2025 P:2026/2025,,,Direct BvP not yet weighted; 2026/2025 Statcast baseline active,7,7,26,0,"Last 7 games: 7/26, 0 HR","same-side matchup; pitcher baseline 8.9% barrel, 5.4 HR allowed",neutral batted-ball profile; pitcher fly-ball pressure modest,7.98,40.74,90.2,100.2641,0.3993,0.1558,0.3041,71.55,18.04,32.35,26.76,3.4,0.1337,8.89,34.05,87.92,0.4087,0.1579,27.26,,,Busch Stadium,
100,682657,Angel Martinez,CLE,CWS,2026-09-15T22:40:00Z,Scheduled,6,Davis Martin,663436,R,41.4,Longshot,Watch List,"Projected Lineup, Platoon Edge",23.9,43.4,27.6,71.7,75.0,43.2,No,Yes,6,Yes,Yes,RotoWire projected lineup; MLB probable pitchers,lineup projected / unconfirmed,H:2026/2025 P:2026/2025,,,Direct BvP not yet weighted; 2026/2025 Statcast baseline active,7,8,28,1,"Last 7 games: 8/28, 1 HR","switch hitter; pitcher baseline 7.5% barrel, 15.1 HR allowed",neutral batted-ball profile; pitcher fly-ball pressure modest,6.37,33.78,87.45,98.4965,0.3816,0.1375,0.2907,71.08,15.81,45.72,26.73,13.8,0.1784,7.49,44.53,90.42,0.4314,0.1594,24.04,,,Progressive Field,
101,671056,Ivan Herrera,STL,SF,2026-09-15T23:45:00Z,Scheduled,2,Blade Tidwell,694918,R,41.3,Longshot,Watch List,"Projected Lineup, Premium Lineup Spot",34.1,36.8,22.1,95.5,50.0,0.0,No,Yes,2,Yes,Yes,RotoWire projected lineup; MLB probable pitchers,lineup projected / unconfirmed,H:2026/2025 P:2026/2025,,,Direct BvP not yet weighted; 2026/2025 Statcast baseline active,7,3,25,0,"Last 7 games: 3/25, 0 HR","same-side matchup; pitcher baseline 8.9% barrel, 5.4 HR allowed",neutral batted-ball profile; pitcher fly-ball pressure modest,7.11,42.8,89.87,101.2636,0.4105,0.1544,0.343,73.81,42.3,36.75,19.59,16.9,0.1471,8.89,34.05,87.92,0.4087,0.1579,27.26,,,Busch Stadium,
102,702616,Jackson Holliday,BAL,NYM,2026-09-15T23:10:00Z,Scheduled,5,Sean Manaea,640455,L,41.2,Longshot,Watch List,Projected Lineup,23.9,54.2,24.8,81.9,50.0,12.0,No,Yes,5,Yes,Yes,RotoWire projected lineup; MLB probable pitchers,lineup projected / unconfirmed,H:2026/2025 P:2026/2025,,,Direct BvP not yet weighted; 2026/2025 Statcast baseline active,7,6,30,0,"Last 7 games: 6/30, 0 HR","same-side matchup; pitcher baseline 10.4% barrel, 18.6 HR allowed",neutral batted-ball profile; pitcher fly-ball pressure modest,6.89,35.48,87.54,97.9644,0.3683,0.1308,0.299,70.6,7.48,33.66,24.4,10.0,0.119,10.37,41.76,89.38,0.4444,0.1897,28.61,,,Citi Field,
103,680777,Ryan Jeffers,MIN,NYY,2026-09-15T23:40:00Z,Scheduled,4,Max Fried,608331,L,40.8,Longshot,Watch List,"Projected Lineup, Premium Lineup Spot, Platoon Edge",40.7,9.9,27.1,90.4,78.0,25.3,No,Yes,4,Yes,Yes,RotoWire projected lineup; MLB probable pitchers,lineup projected / unconfirmed,H:2026/2025 P:2026/2025,,,Direct BvP not yet weighted; 2026/2025 Statcast baseline active,7,4,24,1,"Last 7 games: 4/24, 1 HR","platoon edge; pitcher baseline 3.5% barrel, 7.0 HR allowed",neutral batted-ball profile; pitcher fly-ball pressure modest,9.73,41.26,89.09,100.9588,0.4364,0.1857,0.3468,73.14,36.82,37.32,28.1,12.5,0.1961,3.47,31.74,86.15,0.2968,0.0872,23.65,,,Target Field,
104,695681,Christian Moore,LAA,SEA,2026-09-16T01:38:00Z,Scheduled,5,Logan Gilbert,669302,R,40.7,Longshot,Watch List,Projected Lineup,24.4,48.7,28.2,81.9,50.0,15.3,No,Yes,5,Yes,Yes,RotoWire projected lineup; MLB probable pitchers,lineup projected / unconfirmed,H:2026/2025 P:2026/2025,,,Direct BvP not yet weighted; 2026/2025 Statcast baseline active,7,6,27,0,"Last 7 games: 6/27, 0 HR","same-side matchup; pitcher baseline 9.7% barrel, 24.9 HR allowed",neutral batted-ball profile; pitcher fly-ball pressure modest,7.53,37.84,88.41,99.8106,0.3086,0.1098,0.2561,71.86,23.54,26.29,24.77,2.8,0.1104,9.72,41.49,90.03,0.3831,0.161,28.47,,,Angel Stadium,
105,668709,JJ Bleday,CIN,LAD,2026-09-15T22:40:00Z,Scheduled,7,Yoshinobu Yamamoto,808967,R,40.6,Longshot,Watch List,"Projected Lineup, Platoon Edge",37.3,28.1,39.3,59.8,80.0,2.5,No,Yes,7,Yes,Yes,RotoWire projected lineup; MLB probable pitchers,lineup projected / unconfirmed,H:2026/2025 P:2026/2025,,,Direct BvP not yet weighted; 2026/2025 Statcast baseline active,7,3,22,0,"Last 7 games: 3/22, 0 HR","platoon edge; pitcher baseline 6.5% barrel, 17.5 HR allowed",neutral batted-ball profile; pitcher fly-ball pressure modest,9.2,39.75,88.49,99.7995,0.3996,0.1718,0.3222,73.0,26.81,47.21,32.92,19.6,0.199,6.47,37.6,88.09,0.3306,0.1207,22.94,,,Great American Ball Park,
106,694203,Denzer Guzman,LAA,SEA,2026-09-16T01:38:00Z,Scheduled,6,Logan Gilbert,669302,R,40.6,Longshot,Watch List,Projected Lineup,25.2,48.7,28.2,71.7,50.0,37.8,No,Yes,6,Yes,Yes,RotoWire projected lineup; MLB probable pitchers,lineup projected / unconfirmed,H:2026/2025 P:2026/2025,,,Direct BvP not yet weighted; 2026/2025 Statcast baseline active,7,5,20,1,"Last 7 games: 5/20, 1 HR","same-side matchup; pitcher baseline 9.7% barrel, 24.9 HR allowed",neutral batted-ball profile; pitcher fly-ball pressure modest,8.63,37.37,86.57,98.6876,0.3258,0.1155,0.2511,73.43,34.92,40.53,23.84,5.5,0.1397,9.72,41.49,90.03,0.3831,0.161,28.47,,,Angel Stadium,
107,672640,Otto Lopez,MIA,AZ,2026-09-16T01:40:00Z,Scheduled,5,Michael Soroka,647336,R,40.6,Longshot,Watch List,Projected Lineup,29.6,34.7,28.2,81.9,50.0,45.0,No,Yes,5,Yes,Yes,RotoWire projected lineup; MLB probable pitchers,lineup projected / unconfirmed,H:2026/2025 P:2026/2025,,,Direct BvP not yet weighted; 2026/2025 Statcast baseline active,7,13,26,0,Contact streak: 13/26 over last 7 games,"same-side matchup; pitcher baseline 7.7% barrel, 8.5 HR allowed",neutral batted-ball profile; pitcher fly-ball pressure modest,6.4,39.84,88.85,100.162,0.4242,0.1454,0.3279,71.77,23.16,33.63,22.64,11.5,0.1318,7.68,35.92,88.22,0.3937,0.1483,27.94,,,Chase Field,
108,605137,Josh Bell,MIN,NYY,2026-09-15T23:40:00Z,Scheduled,5,Max Fried,608331,L,40.2,Longshot,Watch List,"Projected Lineup, Strong Barrel, Platoon Edge",45.0,9.1,27.1,81.9,75.0,18.3,No,Yes,5,Yes,Yes,RotoWire projected lineup; MLB probable pitchers,lineup projected / unconfirmed,H:2026/2025 P:2026/2025,,,Direct BvP not yet weighted; 2026/2025 Statcast baseline active,7,2,22,1,"Last 7 games: 2/22, 1 HR","switch hitter; pitcher baseline 3.5% barrel, 7.0 HR allowed",neutral batted-ball profile; pitcher fly-ball pressure modest,10.49,43.71,89.98,101.0179,0.4556,0.2017,0.3408,72.33,28.5,41.36,26.85,19.9,0.1709,3.47,31.74,86.15,0.2968,0.0872,23.65,,,Target Field,
109,691720,Kyle Karros,COL,SD,2026-09-16T00:40:00Z,Scheduled,6,Walker Buehler,621111,R,40.1,Longshot,Watch List,Projected Lineup,24.2,43.2,38.7,71.7,50.0,27.6,No,Yes,6,Yes,Yes,RotoWire projected lineup; MLB probable pitchers,lineup projected / unconfirmed,H:2026/2025 P:2026/2025,,,Direct BvP not yet weighted; 2026/2025 Statcast baseline active,7,4,22,1,"Last 7 games: 4/22, 1 HR","same-side matchup; pitcher baseline 8.7% barrel, 19.9 HR allowed",neutral batted-ball profile; pitcher fly-ball pressure modest,6.04,38.39,88.81,99.5018,0.3621,0.1229,0.3133,69.8,5.44,39.29,24.06,8.0,0.128,8.73,38.29,88.95,0.4136,0.1631,23.3,,,Coors Field,
110,687957,Dustin Harris,SD,COL,2026-09-16T00:40:00Z,Scheduled,2,Kyle Freeland,607536,L,40.0,Longshot,Watch List,"Projected Lineup, Premium Lineup Spot",4.3,58.6,38.7,95.5,50.0,16.1,No,Yes,2,Yes,Yes,RotoWire projected lineup; MLB probable pitchers,lineup projected / unconfirmed,H:2026/2025 P:2026/2025,,,Direct BvP not yet weighted; 2026/2025 Statcast baseline active,7,5,22,0,"Last 7 games: 5/22, 0 HR","same-side matchup; pitcher baseline 10.2% barrel, 23.4 HR allowed",neutral batted-ball profile; pitcher fly-ball pressure modest,2.09,21.21,85.5,94.8703,0.338,0.0855,0.294,66.96,2.52,47.57,22.12,0.3,0.0968,10.24,43.87,90.47,0.4751,0.1931,28.24,,,Coors Field,
111,702284,Cole Young,SEA,LAA,2026-09-16T01:38:00Z,Scheduled,8,Ryan Johnson,696270,R,40.0,Longshot,Watch List,"Projected Lineup, Platoon Edge",24.0,46.1,28.2,47.9,80.0,57.5,No,Yes,8,Yes,Yes,RotoWire projected lineup; MLB probable pitchers,lineup projected / unconfirmed,H:2026/2025 P:2026/2025,,,Direct BvP not yet weighted; 2026/2025 Statcast baseline active,7,8,21,1,Contact streak: 8/21 over last 7 games,"platoon edge; pitcher baseline 9.4% barrel, 13.8 HR allowed",neutral batted-ball profile; pitcher allows elevated contact,5.32,36.0,88.09,98.8139,0.383,0.1331,0.311,71.51,21.58,41.91,26.38,13.1,0.1283,9.41,36.49,87.75,0.4353,0.1833,33.88,,,Angel Stadium,
112,691788,Joe Mack,MIA,AZ,2026-09-16T01:40:00Z,Scheduled,8,Michael Soroka,647336,R,39.9,Longshot,Watch List,"Projected Lineup, Platoon Edge",34.1,34.7,28.2,47.9,80.0,43.2,No,Yes,8,Yes,Yes,RotoWire projected lineup; MLB probable pitchers,lineup projected / unconfirmed,H:2026 P:2026/2025,,,Direct BvP not yet weighted; 2026/2025 Statcast baseline active,7,6,21,1,"Last 7 games: 6/21, 1 HR","platoon edge; pitcher baseline 7.7% barrel, 8.5 HR allowed",neutral batted-ball profile; pitcher fly-ball pressure modest,8.2,38.6,88.6,99.6197,0.391,0.168,0.289,74.3,43.7,48.3,25.1,13.0,0.171,7.68,35.92,88.22,0.3937,0.1483,27.94,,,Chase Field,
113,665966,Carlos Narvaez,BAL,NYM,2026-09-15T23:10:00Z,Scheduled,9,Sean Manaea,640455,L,39.8,Longshot,Watch List,"Projected Lineup, Platoon Edge",31.1,54.2,24.8,40.2,78.0,2.0,No,Yes,9,Yes,Yes,RotoWire projected lineup; MLB probable pitchers,lineup projected / unconfirmed,H:2026/2025 P:2026/2025,,,Direct BvP not yet weighted; 2026/2025 Statcast baseline active,7,2,15,0,"Last 7 games: 2/15, 0 HR","platoon edge; pitcher baseline 10.4% barrel, 18.6 HR allowed",neutral batted-ball profile; pitcher fly-ball pressure modest,7.21,40.12,90.96,100.1141,0.3257,0.127,0.2699,72.09,19.88,32.58,30.24,6.6,0.1003,10.37,41.76,89.38,0.4444,0.1897,28.61,,,Citi Field,
114,518595,Travis d'Arnaud,LAA,SEA,2026-09-16T01:38:00Z,Scheduled,7,Logan Gilbert,669302,R,39.8,Longshot,Watch List,"Projected Lineup, Strong Barrel",31.5,48.7,28.2,59.8,50.0,12.0,No,Yes,7,Yes,Yes,RotoWire projected lineup; MLB probable pitchers,lineup projected / unconfirmed,H:2026/2025 P:2026/2025,,,Direct BvP not yet weighted; 2026/2025 Statcast baseline active,7,3,15,0,"Last 7 games: 3/15, 0 HR","same-side matchup; pitcher baseline 9.7% barrel, 24.9 HR allowed",neutral batted-ball profile; pitcher fly-ball pressure modest,11.54,34.19,87.78,97.6412,0.3096,0.1456,0.2515,70.8,12.34,30.79,32.14,2.5,0.1082,9.72,41.49,90.03,0.3831,0.161,28.47,,,Angel Stadium,
115,672275,Patrick Bailey,CLE,CWS,2026-09-15T22:40:00Z,Scheduled,8,Davis Martin,663436,R,39.5,Longshot,Watch List,"Projected Lineup, Platoon Edge",30.6,43.4,27.6,47.9,75.0,27.0,No,Yes,8,Yes,Yes,RotoWire projected lineup; MLB probable pitchers,lineup projected / unconfirmed,H:2026/2025 P:2026/2025,,,Direct BvP not yet weighted; 2026/2025 Statcast baseline active,7,6,20,0,"Last 7 games: 6/20, 0 HR","switch hitter; pitcher baseline 7.5% barrel, 15.1 HR allowed",neutral batted-ball profile; pitcher fly-ball pressure modest,6.37,39.9,89.74,99.5632,0.3771,0.144,0.2948,72.48,26.27,34.32,27.25,7.4,0.1156,7.49,44.53,90.42,0.4314,0.1594,24.04,,,Progressive Field,
116,703601,Max Clark,DET,TOR,2026-09-15T23:07:00Z,Scheduled,6,,,,39.2,Longshot,Watch List,Projected Lineup,19.6,41.2,30.4,71.7,60.0,57.5,No,Yes,6,Yes,Yes,RotoWire projected lineup; MLB probable pitchers,lineup projected / unconfirmed,H:2026 P:,,,Direct BvP not yet weighted; 2026/2025 Statcast baseline active,7,8,21,1,Contact streak: 8/21 over last 7 games,"handedness incomplete; pitcher baseline 0.0% barrel, 0.0 HR allowed",neutral batted-ball profile; pitcher fly-ball pressure modest,1.0,40.4,87.9,98.5371,0.367,0.09,0.323,73.4,29.0,38.5,26.0,3.0,0.17,,,,,,,,,Rogers Centre,
117,500743,Miguel Rojas,LAD,CIN,2026-09-15T22:40:00Z,Scheduled,6,Rhett Lowder,695076,R,39.1,Longshot,Watch List,Projected Lineup,15.7,53.3,39.3,71.7,50.0,14.1,No,Yes,6,Yes,Yes,RotoWire projected lineup; MLB probable pitchers,lineup projected / unconfirmed,H:2026/2025 P:2026,,,Direct BvP not yet weighted; 2026/2025 Statcast baseline active,7,3,14,0,"Last 7 games: 3/14, 0 HR","same-side matchup; pitcher baseline 9.9% barrel, 17.0 HR allowed",neutral batted-ball profile; pitcher fly-ball pressure modest,4.59,33.44,86.97,97.6191,0.3727,0.1055,0.3004,68.73,5.0,36.71,22.75,4.2,0.1238,9.9,39.0,90.1,0.464,0.192,28.1,,,Great American Ball Park,
118,667472,Dane Myers,CIN,LAD,2026-09-15T22:40:00Z,Scheduled,1,Yoshinobu Yamamoto,808967,R,39.1,Longshot,Watch List,"Projected Lineup, Premium Lineup Spot",25.0,28.1,39.3,88.7,50.0,24.9,No,Yes,1,Yes,Yes,RotoWire projected lineup; MLB probable pitchers,lineup projected / unconfirmed,H:2026/2025 P:2026/2025,,,Direct BvP not yet weighted; 2026/2025 Statcast baseline active,7,6,21,0,"Last 7 games: 6/21, 0 HR","same-side matchup; pitcher baseline 6.5% barrel, 17.5 HR allowed",neutral batted-ball profile; pitcher fly-ball pressure modest,5.28,38.08,89.72,99.095,0.3649,0.1253,0.3085,71.11,18.19,29.26,24.05,6.0,0.1036,6.47,37.6,88.09,0.3306,0.1207,22.94,,,Great American Ball Park,
119,645277,Ozzie Albies,ATL,CHC,2026-09-15T23:40:00Z,Scheduled,4,Kevin Gausman,592332,R,38.8,Longshot,Watch List,"Projected Lineup, Premium Lineup Spot, Platoon Edge",16.0,40.2,29.8,90.4,75.0,0.0,No,Yes,4,Yes,Yes,RotoWire projected lineup; MLB probable pitchers,lineup projected / unconfirmed,H:2026/2025 P:2026/2025,,,Direct BvP not yet weighted; 2026/2025 Statcast baseline active,7,2,23,0,"Last 7 games: 2/23, 0 HR","switch hitter; pitcher baseline 7.7% barrel, 23.1 HR allowed",neutral batted-ball profile; pitcher fly-ball pressure modest,4.2,28.6,87.22,96.6959,0.3544,0.1219,0.2864,68.86,5.67,46.35,31.76,19.5,0.1502,7.73,39.93,88.95,0.4077,0.1613,26.16,,,Wrigley Field,
120,805300,Jakob Marsee,MIA,AZ,2026-09-16T01:40:00Z,Scheduled,6,Michael Soroka,647336,R,38.8,Longshot,Watch List,"Projected Lineup, Platoon Edge",20.4,34.7,28.2,71.7,80.0,45.0,No,Yes,6,Yes,Yes,RotoWire projected lineup; MLB probable pitchers,lineup projected / unconfirmed,H:2026/2025 P:2026/2025,,,Direct BvP not yet weighted; 2026/2025 Statcast baseline active,7,12,28,0,Contact streak: 12/28 over last 7 games,"platoon edge; pitcher baseline 7.7% barrel, 8.5 HR allowed",neutral batted-ball profile; pitcher fly-ball pressure modest,4.95,36.99,87.85,98.6519,0.3594,0.1176,0.3197,70.36,5.58,41.51,23.05,7.8,0.1363,7.68,35.92,88.22,0.3937,0.1483,27.94,,,Chase Field,
121,682877,Juan Brito,CIN,LAD,2026-09-15T22:40:00Z,Scheduled,6,Yoshinobu Yamamoto,808967,R,38.5,Longshot,Watch List,"Projected Lineup, Platoon Edge",19.7,26.3,39.3,71.7,75.0,60.3,No,Yes,6,Yes,Yes,RotoWire projected lineup; MLB probable pitchers,lineup projected / unconfirmed,H:2026 P:2026/2025,,,Direct BvP not yet weighted; 2026/2025 Statcast baseline active,7,8,20,1,Contact streak: 8/20 over last 7 games,"switch hitter; pitcher baseline 6.5% barrel, 17.5 HR allowed",neutral batted-ball profile; pitcher fly-ball pressure modest,7.5,30.2,85.3,96.6109,0.368,0.14,0.292,69.4,3.4,49.1,24.5,2.0,0.162,6.47,37.6,88.09,0.3306,0.1207,22.94,,,Great American Ball Park,
122,666023,Freddy Fermin,SD,COL,2026-09-16T00:40:00Z,Scheduled,9,Kyle Freeland,607536,L,38.4,Longshot,Watch List,"Projected Lineup, Platoon Edge",15.5,58.6,38.7,40.2,78.0,15.3,No,Yes,9,Yes,Yes,RotoWire projected lineup; MLB probable pitchers,lineup projected / unconfirmed,H:2026/2025 P:2026/2025,,,Direct BvP not yet weighted; 2026/2025 Statcast baseline active,7,2,9,0,"Last 7 games: 2/9, 0 HR","platoon edge; pitcher baseline 10.2% barrel, 23.4 HR allowed",neutral batted-ball profile; pitcher fly-ball pressure modest,4.06,31.16,88.12,97.4581,0.3259,0.1051,0.2735,69.78,6.21,37.27,27.09,4.3,0.1062,10.24,43.87,90.47,0.4751,0.1931,28.24,,,Coors Field,
123,677347,Kyren Paris,LAA,SEA,2026-09-16T01:38:00Z,Scheduled,8,Logan Gilbert,669302,R,38.4,Longshot,Watch List,Projected Lineup,34.2,48.7,28.2,47.9,50.0,0.0,No,Yes,8,Yes,Yes,RotoWire projected lineup; MLB probable pitchers,lineup projected / unconfirmed,H:2026/2025 P:2026/2025,,,Direct BvP not yet weighted; 2026/2025 Statcast baseline active,7,0,13,0,"Last 7 games: 0/13, 0 HR","same-side matchup; pitcher baseline 9.7% barrel, 24.9 HR allowed",fly-ball profile; pitcher fly-ball pressure modest,5.01,61.03,88.55,100.2594,0.2234,0.1001,0.237,72.36,23.12,36.75,47.09,1.8,0.0573,9.72,41.49,90.03,0.3831,0.161,28.47,,,Angel Stadium,
124,803011,Sam Antonacci,CWS,CLE,2026-09-15T22:40:00Z,Scheduled,1,Foster Griffin,656492,L,38.2,Longshot,Watch List,"Projected Lineup, Premium Lineup Spot",17.7,41.6,27.6,88.7,50.0,25.8,No,Yes,1,Yes,Yes,RotoWire projected lineup; MLB probable pitchers,lineup projected / unconfirmed,H:2026 P:2026,,,Direct BvP not yet weighted; 2026/2025 Statcast baseline active,7,7,24,0,"Last 7 games: 7/24, 0 HR","same-side matchup; pitcher baseline 8.7% barrel, 23.0 HR allowed",neutral batted-ball profile; pitcher fly-ball pressure modest,4.9,32.5,87.3,97.455,0.388,0.114,0.342,69.7,7.5,31.9,22.1,8.0,0.124,8.7,37.2,88.0,0.417,0.157,25.6,,,Progressive Field,
125,680757,Steven Kwan,CLE,CWS,2026-09-15T22:40:00Z,Scheduled,1,Davis Martin,663436,R,38.1,Longshot,Watch List,"Projected Lineup, Premium Lineup Spot, Platoon Edge",2.4,45.0,27.6,88.7,80.0,53.9,No,Yes,1,Yes,Yes,RotoWire projected lineup; MLB probable pitchers,lineup projected / unconfirmed,H:2026/2025 P:2026/2025,,,Direct BvP not yet weighted; 2026/2025 Statcast baseline active,7,10,28,1,Contact streak: 10/28 over last 7 games,"platoon edge; pitcher baseline 7.5% barrel, 15.1 HR allowed",neutral batted-ball profile; pitcher fly-ball pressure modest,0.85,12.86,84.38,92.7092,0.3457,0.0734,0.3184,62.73,0.31,28.72,23.16,5.4,0.0782,7.49,44.53,90.42,0.4314,0.1594,24.04,,,Progressive Field,
126,694376,Shay Whitcomb,SF,STL,2026-09-15T23:45:00Z,Scheduled,3,Andre Pallante,669467,R,38.0,Longshot,Watch List,"Projected Lineup, Strong Barrel, Premium Lineup Spot",27.7,25.3,22.1,92.1,50.0,42.3,No,Yes,3,Yes,Yes,RotoWire projected lineup; MLB probable pitchers,lineup projected / unconfirmed,H:2026/2025 P:2026/2025,,,Direct BvP not yet weighted; 2026/2025 Statcast baseline active,7,7,25,1,"Last 7 games: 7/25, 1 HR","same-side matchup; pitcher baseline 5.4% barrel, 13.3 HR allowed",neutral batted-ball profile; pitcher fly-ball pressure modest,10.38,28.07,85.62,97.4082,0.3671,0.1716,0.2484,71.66,17.36,41.88,28.07,3.1,0.1528,5.41,35.84,87.8,0.381,0.1279,17.4,,,Busch Stadium,
127,664770,Nathan Lukes,TOR,DET,2026-09-15T23:07:00Z,Scheduled,5,Drew Anderson,623454,R,37.9,Longshot,Watch List,"Projected Lineup, Platoon Edge",10.9,39.1,30.4,81.9,80.0,34.5,No,Yes,5,Yes,Yes,RotoWire projected lineup; MLB probable pitchers,lineup projected / unconfirmed,H:2026/2025 P:2026,,,Direct BvP not yet weighted; 2026/2025 Statcast baseline active,7,7,20,0,Contact streak: 7/20 over last 7 games,"platoon edge; pitcher baseline 8.4% barrel, 14.0 HR allowed",neutral batted-ball profile; pitcher fly-ball pressure modest,3.19,30.7,87.2,96.844,0.357,0.1015,0.2954,67.3,3.69,31.77,20.95,10.6,0.1268,8.4,39.2,89.9,0.367,0.141,24.0,,,Rogers Centre,
128,678662,Ezequiel Tovar,COL,SD,2026-09-16T00:40:00Z,Scheduled,9,Walker Buehler,621111,R,37.9,Longshot,Watch List,Projected Lineup,29.0,43.2,38.7,40.2,50.0,39.8,No,Yes,9,Yes,Yes,RotoWire projected lineup; MLB probable pitchers,lineup projected / unconfirmed,H:2026/2025 P:2026/2025,,,Direct BvP not yet weighted; 2026/2025 Statcast baseline active,7,5,19,1,"Last 7 games: 5/19, 1 HR","same-side matchup; pitcher baseline 8.7% barrel, 19.9 HR allowed",neutral batted-ball profile; pitcher fly-ball pressure modest,7.41,34.63,88.0,98.9653,0.3885,0.1534,0.291,71.95,21.1,37.47,30.34,10.4,0.1323,8.73,38.29,88.95,0.4136,0.1631,23.3,,,Coors Field,
129,669221,Sean Murphy,ATL,CHC,2026-09-15T23:40:00Z,Scheduled,8,Kevin Gausman,592332,R,37.6,Longshot,Watch List,"Projected Lineup, Strong Barrel",36.1,41.9,29.8,47.9,50.0,0.0,No,Yes,8,Yes,Yes,RotoWire projected lineup; MLB probable pitchers,lineup projected / unconfirmed,H:2026/2025 P:2026/2025,,,Direct BvP not yet weighted; 2026/2025 Statcast baseline active,7,2,21,0,"Last 7 games: 2/21, 0 HR","same-side matchup; pitcher baseline 7.7% barrel, 23.1 HR allowed",neutral batted-ball profile; pitcher fly-ball pressure modest,10.74,41.21,87.42,101.1728,0.3709,0.1664,0.2874,72.53,28.05,48.28,26.56,6.9,0.175,7.73,39.93,88.95,0.4077,0.1613,26.16,,,Wrigley Field,
130,703520,Brett Bateman,TOR,DET,2026-09-15T23:07:00Z,Scheduled,1,Drew Anderson,623454,R,37.3,Longshot,Watch List,"Projected Lineup, Premium Lineup Spot, Platoon Edge",2.7,39.1,30.4,88.7,80.0,56.2,No,Yes,1,Yes,Yes,RotoWire projected lineup; MLB probable pitchers,lineup projected / unconfirmed,H:2026 P:2026,,,Direct BvP not yet weighted; 2026/2025 Statcast baseline active,7,7,28,2,Hot streak: 2 HR in last 7 games,"platoon edge; pitcher baseline 8.4% barrel, 14.0 HR allowed",neutral batted-ball profile; pitcher fly-ball pressure modest,2.0,20.2,84.3,94.9301,0.338,0.077,0.312,68.2,2.5,30.3,12.1,2.0,0.104,8.4,39.2,89.9,0.367,0.141,24.0,,,Rogers Centre,
131,699393,Pedro Ramirez,CHC,ATL,2026-09-15T23:40:00Z,Scheduled,8,Martín Pérez,527048,L,37.3,Longshot,Watch List,"Projected Lineup, Platoon Edge",23.8,37.0,29.8,47.9,75.0,52.8,No,Yes,8,Yes,Yes,RotoWire projected lineup; MLB probable pitchers,lineup projected / unconfirmed,H:2026 P:2026/2025,,,Direct BvP not yet weighted; 2026/2025 Statcast baseline active,7,5,22,2,Hot streak: 2 HR in last 7 games,"switch hitter; pitcher baseline 8.1% barrel, 10.9 HR allowed",neutral batted-ball profile; pitcher fly-ball pressure modest,4.8,39.9,89.1,99.3526,0.357,0.112,0.29,72.3,22.5,41.7,23.8,6.0,0.165,8.07,37.51,87.99,0.4234,0.1639,24.13,,,Wrigley Field,
132,691182,Adael Amador,COL,SD,2026-09-16T00:40:00Z,Scheduled,8,Walker Buehler,621111,R,37.3,Longshot,Watch List,"Projected Lineup, Platoon Edge",15.7,41.0,38.7,47.9,75.0,59.6,No,Yes,8,Yes,Yes,RotoWire projected lineup; MLB probable pitchers,lineup projected / unconfirmed,H:2026/2025 P:2026/2025,,,Direct BvP not yet weighted; 2026/2025 Statcast baseline active,7,6,22,2,Hot streak: 2 HR in last 7 games,"switch hitter; pitcher baseline 8.7% barrel, 19.9 HR allowed",neutral batted-ball profile; pitcher fly-ball pressure modest,8.23,27.15,83.96,97.3548,0.3305,0.1216,0.2774,69.34,8.22,53.78,26.35,3.1,0.2546,8.73,38.29,88.95,0.4136,0.1631,23.3,,,Coors Field,
133,630105,Jake Cronenworth,SD,COL,2026-09-16T00:40:00Z,Scheduled,8,Kyle Freeland,607536,L,37.1,Longshot,Watch List,Projected Lineup,13.6,58.6,38.7,47.9,50.0,31.6,No,Yes,8,Yes,Yes,RotoWire projected lineup; MLB probable pitchers,lineup projected / unconfirmed,H:2026/2025 P:2026/2025,,,Direct BvP not yet weighted; 2026/2025 Statcast baseline active,7,5,24,1,"Last 7 games: 5/24, 1 HR","same-side matchup; pitcher baseline 10.2% barrel, 23.4 HR allowed",neutral batted-ball profile; pitcher fly-ball pressure modest,3.82,31.44,87.45,97.612,0.3103,0.0958,0.2833,71.32,17.04,31.54,24.26,6.8,0.0946,10.24,43.87,90.47,0.4751,0.1931,28.24,,,Coors Field,
134,669701,Josh Smith,TOR,DET,2026-09-15T23:07:00Z,Scheduled,8,Drew Anderson,623454,R,37.0,Longshot,Watch List,"Projected Lineup, Platoon Edge",18.0,39.1,30.4,47.9,80.0,64.8,No,Yes,8,Yes,Yes,RotoWire projected lineup; MLB probable pitchers,lineup projected / unconfirmed,H:2026/2025 P:2026,,,Direct BvP not yet weighted; 2026/2025 Statcast baseline active,7,4,13,2,Hot streak: 2 HR in last 7 games,"platoon edge; pitcher baseline 8.4% barrel, 14.0 HR allowed",neutral batted-ball profile; pitcher fly-ball pressure modest,6.54,30.12,86.22,97.236,0.3408,0.1218,0.2918,68.79,2.97,35.25,30.05,7.2,0.1234,8.4,39.2,89.9,0.367,0.141,24.0,,,Rogers Centre,
135,543760,Marcus Semien,NYM,BAL,2026-09-15T23:10:00Z,Scheduled,6,Shane Baz,669358,R,37.0,Longshot,Watch List,Projected Lineup,23.7,40.8,24.8,71.7,50.0,22.4,No,Yes,6,Yes,Yes,RotoWire projected lineup; MLB probable pitchers,lineup projected / unconfirmed,H:2026/2025 P:2026/2025,,,Direct BvP not yet weighted; 2026/2025 Statcast baseline active,7,7,26,0,"Last 7 games: 7/26, 0 HR","same-side matchup; pitcher baseline 7.5% barrel, 17.6 HR allowed",neutral batted-ball profile; pitcher fly-ball pressure modest,6.38,34.16,87.11,97.4343,0.3859,0.1411,0.3089,68.57,3.55,46.63,32.28,14.3,0.1284,7.54,40.94,89.77,0.3923,0.1483,25.85,,,Citi Field,
136,701678,Hao-Yu Lee,DET,TOR,2026-09-15T23:07:00Z,Scheduled,9,,,,36.9,Longshot,Watch List,Projected Lineup,34.1,41.2,30.4,40.2,60.0,2.5,No,Yes,9,Yes,Yes,RotoWire projected lineup; MLB probable pitchers,lineup projected / unconfirmed,H:2026 P:,,,Direct BvP not yet weighted; 2026/2025 Statcast baseline active,7,3,22,0,"Last 7 games: 3/22, 0 HR","handedness incomplete; pitcher baseline 0.0% barrel, 0.0 HR allowed",neutral batted-ball profile; pitcher fly-ball pressure modest,8.2,40.6,89.6,100.1443,0.387,0.158,0.298,71.6,23.3,28.0,26.6,8.0,0.155,,,,,,,,,Rogers Centre,
137,806146,George Lombard,NYY,MIN,2026-09-15T23:40:00Z,Scheduled,6,Bailey Ober,641927,R,36.9,Longshot,Watch List,Projected Lineup,13.6,53.6,27.1,71.7,50.0,19.9,No,Yes,6,Yes,Yes,RotoWire projected lineup; MLB probable pitchers,lineup projected / unconfirmed,H:2026 P:2026/2025,,,Direct BvP not yet weighted; 2026/2025 Statcast baseline active,7,3,23,1,"Last 7 games: 3/23, 1 HR","same-side matchup; pitcher baseline 10.1% barrel, 21.6 HR allowed",neutral batted-ball profile; pitcher allows elevated contact,5.3,32.9,85.5,97.0699,0.304,0.091,0.265,72.2,23.2,30.3,22.4,3.0,0.123,10.13,37.07,88.9,0.455,0.2056,32.53,,,Target Field,
138,608348,Carson Kelly,CHC,ATL,2026-09-15T23:40:00Z,Scheduled,9,Martín Pérez,527048,L,36.3,Longshot,Watch List,"Projected Lineup, Platoon Edge",26.7,38.2,29.8,40.2,78.0,23.7,No,Yes,9,Yes,Yes,RotoWire projected lineup; MLB probable pitchers,lineup projected / unconfirmed,H:2026/2025 P:2026/2025,,,Direct BvP not yet weighted; 2026/2025 Statcast baseline active,7,5,18,0,"Last 7 games: 5/18, 0 HR","platoon edge; pitcher baseline 8.1% barrel, 10.9 HR allowed",neutral batted-ball profile; pitcher fly-ball pressure modest,6.8,37.85,87.61,98.7932,0.3851,0.1449,0.3133,70.61,7.91,41.11,26.2,12.1,0.1426,8.07,37.51,87.99,0.4234,0.1639,24.13,,,Wrigley Field,
139,669364,Xavier Edwards,MIA,AZ,2026-09-16T01:40:00Z,Scheduled,3,Michael Soroka,647336,R,35.8,Longshot,Watch List,"Projected Lineup, Premium Lineup Spot, Platoon Edge",9.0,33.8,28.2,92.1,75.0,16.6,No,Yes,3,Yes,Yes,RotoWire projected lineup; MLB probable pitchers,lineup projected / unconfirmed,H:2026/2025 P:2026/2025,,,Direct BvP not yet weighted; 2026/2025 Statcast baseline active,7,6,26,0,"Last 7 games: 6/26, 0 HR","switch hitter; pitcher baseline 7.7% barrel, 8.5 HR allowed",neutral batted-ball profile; pitcher fly-ball pressure modest,2.48,28.91,86.8,96.5742,0.3516,0.0907,0.3076,67.95,2.47,28.59,22.05,5.1,0.0868,7.68,35.92,88.22,0.3937,0.1483,27.94,,,Chase Field,
140,813841,Jonah Cox,SF,STL,2026-09-15T23:45:00Z,Scheduled,1,Andre Pallante,669467,R,35.6,Longshot,Watch List,"Projected Lineup, Premium Lineup Spot",25.7,25.3,22.1,88.7,50.0,16.6,No,Yes,1,Yes,Yes,RotoWire projected lineup; MLB probable pitchers,lineup projected / unconfirmed,H:2026 P:2026/2025,,,Direct BvP not yet weighted; 2026/2025 Statcast baseline active,7,6,26,0,"Last 7 games: 6/26, 0 HR","same-side matchup; pitcher baseline 5.4% barrel, 13.3 HR allowed",neutral batted-ball profile; pitcher fly-ball pressure modest,7.2,39.1,88.0,99.2773,0.343,0.138,0.259,69.0,6.4,20.3,26.1,4.0,0.169,5.41,35.84,87.8,0.381,0.1279,17.4,,,Busch Stadium,
141,687529,Grant McCray,SF,STL,2026-09-15T23:45:00Z,Scheduled,8,Andre Pallante,669467,R,35.4,Longshot,Watch List,"Projected Lineup, Strong Barrel, Platoon Edge",30.7,25.3,22.1,47.9,80.0,40.3,No,Yes,8,Yes,Yes,RotoWire projected lineup; MLB probable pitchers,lineup projected / unconfirmed,H:2026/2025 P:2026/2025,,,Direct BvP not yet weighted; 2026/2025 Statcast baseline active,7,4,15,1,"Last 7 games: 4/15, 1 HR","platoon edge; pitcher baseline 5.4% barrel, 13.3 HR allowed",neutral batted-ball profile; pitcher fly-ball pressure modest,12.6,27.58,86.68,98.3435,0.3574,0.1617,0.283,72.01,22.12,40.01,25.13,1.4,0.1253,5.41,35.84,87.8,0.381,0.1279,17.4,,,Busch Stadium,
142,663538,Nico Hoerner,CHC,ATL,2026-09-15T23:40:00Z,Scheduled,6,Martín Pérez,527048,L,34.9,Longshot,Watch List,"Projected Lineup, Platoon Edge",8.9,38.2,29.8,71.7,78.0,24.9,No,Yes,6,Yes,Yes,RotoWire projected lineup; MLB probable pitchers,lineup projected / unconfirmed,H:2026/2025 P:2026/2025,,,Direct BvP not yet weighted; 2026/2025 Statcast baseline active,7,8,28,0,"Last 7 games: 8/28, 0 HR","platoon edge; pitcher baseline 8.1% barrel, 10.9 HR allowed",neutral batted-ball profile; pitcher fly-ball pressure modest,1.77,29.46,86.14,96.3201,0.3826,0.0843,0.3234,68.33,1.83,32.8,21.63,7.7,0.0942,8.07,37.51,87.99,0.4234,0.1639,24.13,,,Wrigley Field,
143,642215,Weston Wilson,SEA,LAA,2026-09-16T01:38:00Z,Scheduled,9,Ryan Johnson,696270,R,34.5,Longshot,Watch List,Projected Lineup,21.6,46.1,28.2,40.2,50.0,38.3,No,Yes,9,Yes,Yes,RotoWire projected lineup; MLB probable pitchers,lineup projected / unconfirmed,H:2026/2025 P:2026/2025,,,Direct BvP not yet weighted; 2026/2025 Statcast baseline active,7,6,16,0,Contact streak: 6/16 over last 7 games,"same-side matchup; pitcher baseline 9.4% barrel, 13.8 HR allowed",neutral batted-ball profile; pitcher allows elevated contact,6.1,36.59,86.67,98.4675,0.3297,0.1172,0.2817,72.71,27.03,46.71,26.48,4.3,0.1332,9.41,36.49,87.75,0.4353,0.1833,33.88,,,Angel Stadium,
144,805367,Chase Meidroth,CWS,CLE,2026-09-15T22:40:00Z,Scheduled,8,Foster Griffin,656492,L,34.4,Longshot,Watch List,"Projected Lineup, Platoon Edge",12.8,41.6,27.6,47.9,78.0,45.9,No,Yes,8,Yes,Yes,RotoWire projected lineup; MLB probable pitchers,lineup projected / unconfirmed,H:2026/2025 P:2026,,,Direct BvP not yet weighted; 2026/2025 Statcast baseline active,7,4,22,2,Hot streak: 2 HR in last 7 games,"platoon edge; pitcher baseline 8.7% barrel, 23.0 HR allowed",neutral batted-ball profile; pitcher fly-ball pressure modest,3.63,34.84,87.64,97.3682,0.3372,0.0975,0.2972,67.12,1.18,38.05,20.75,11.3,0.1118,8.7,37.2,88.0,0.417,0.157,25.6,,,Progressive Field,
145,665926,Andres Gimenez,TOR,DET,2026-09-15T23:07:00Z,Scheduled,7,Drew Anderson,623454,R,34.3,Longshot,Watch List,"Projected Lineup, Platoon Edge",7.4,39.1,30.4,59.8,80.0,46.5,No,Yes,7,Yes,Yes,RotoWire projected lineup; MLB probable pitchers,lineup projected / unconfirmed,H:2026/2025 P:2026,,,Direct BvP not yet weighted; 2026/2025 Statcast baseline active,7,8,26,1,"Last 7 games: 8/26, 1 HR","platoon edge; pitcher baseline 8.4% barrel, 14.0 HR allowed",neutral batted-ball profile; pitcher fly-ball pressure modest,3.21,25.6,85.74,95.9782,0.3414,0.0992,0.2842,68.53,5.14,38.59,23.16,8.4,0.1135,8.4,39.2,89.9,0.367,0.141,24.0,,,Rogers Centre,
146,686797,Brooks Lee,MIN,NYY,2026-09-15T23:40:00Z,Scheduled,2,Max Fried,608331,L,34.2,Longshot,Watch List,"Projected Lineup, Premium Lineup Spot, Platoon Edge",22.0,9.1,27.1,95.5,75.0,12.0,No,Yes,2,Yes,Yes,RotoWire projected lineup; MLB probable pitchers,lineup projected / unconfirmed,H:2026/2025 P:2026/2025,,,Direct BvP not yet weighted; 2026/2025 Statcast baseline active,7,5,25,0,"Last 7 games: 5/25, 0 HR","switch hitter; pitcher baseline 3.5% barrel, 7.0 HR allowed",neutral batted-ball profile; pitcher fly-ball pressure modest,4.75,35.42,88.39,97.7241,0.3558,0.1281,0.2792,69.92,8.63,41.64,30.19,20.9,0.1683,3.47,31.74,86.15,0.2968,0.0872,23.65,,,Target Field,
147,695731,Braden Montgomery,CWS,CLE,2026-09-15T22:40:00Z,Scheduled,9,Foster Griffin,656492,L,34.1,Longshot,Watch List,"Projected Lineup, Platoon Edge",24.3,39.8,27.6,40.2,75.0,0.0,No,Yes,9,Yes,Yes,RotoWire projected lineup; MLB probable pitchers,lineup projected / unconfirmed,H:2026 P:2026,,,Direct BvP not yet weighted; 2026/2025 Statcast baseline active,7,2,19,0,"Last 7 games: 2/19, 0 HR","switch hitter; pitcher baseline 8.7% barrel, 23.0 HR allowed",neutral batted-ball profile; pitcher fly-ball pressure modest,4.5,40.4,88.9,99.9291,0.396,0.141,0.331,69.7,8.5,38.6,19.7,6.0,0.13,8.7,37.2,88.0,0.417,0.157,25.6,,,Progressive Field,
148,663647,Ke'Bryan Hayes,CIN,LAD,2026-09-15T22:40:00Z,Scheduled,8,Yoshinobu Yamamoto,808967,R,33.8,Longshot,Watch List,Projected Lineup,30.2,28.1,39.3,47.9,50.0,0.0,No,Yes,8,Yes,Yes,RotoWire projected lineup; MLB probable pitchers,lineup projected / unconfirmed,H:2026/2025 P:2026/2025,,,Direct BvP not yet weighted; 2026/2025 Statcast baseline active,7,2,20,0,"Last 7 games: 2/20, 0 HR","same-side matchup; pitcher baseline 6.5% barrel, 17.5 HR allowed",neutral batted-ball profile; pitcher fly-ball pressure modest,6.63,41.1,90.28,99.9616,0.3735,0.1313,0.2932,70.89,7.57,30.25,27.01,5.0,0.085,6.47,37.6,88.09,0.3306,0.1207,22.94,,,Great American Ball Park,
149,671976,Tristan Peters,CWS,CLE,2026-09-15T22:40:00Z,Scheduled,6,Foster Griffin,656492,L,33.8,Longshot,Watch List,Projected Lineup,15.1,41.6,27.6,71.7,50.0,2.5,No,Yes,6,Yes,Yes,RotoWire projected lineup; MLB probable pitchers,lineup projected / unconfirmed,H:2026/2025 P:2026,,,Direct BvP not yet weighted; 2026/2025 Statcast baseline active,7,3,22,0,"Last 7 games: 3/22, 0 HR","same-side matchup; pitcher baseline 8.7% barrel, 23.0 HR allowed",neutral batted-ball profile; pitcher fly-ball pressure modest,3.99,35.8,87.29,98.1972,0.3313,0.1085,0.2663,69.3,5.46,41.98,19.95,8.4,0.1281,8.7,37.2,88.0,0.417,0.157,25.6,,,Progressive Field,
150,682663,Agustin Ramirez,MIA,AZ,2026-09-16T01:40:00Z,Scheduled,9,Michael Soroka,647336,R,33.8,Longshot,Watch List,Projected Lineup,30.0,34.7,28.2,40.2,50.0,23.4,No,Yes,9,Yes,Yes,RotoWire projected lineup; MLB probable pitchers,lineup projected / unconfirmed,H:2026/2025 P:2026/2025,,,Direct BvP not yet weighted; 2026/2025 Statcast baseline active,7,2,13,1,"Last 7 games: 2/13, 1 HR","same-side matchup; pitcher baseline 7.7% barrel, 8.5 HR allowed",neutral batted-ball profile; pitcher fly-ball pressure modest,6.31,42.03,89.96,102.5126,0.3569,0.1245,0.2991,75.62,57.37,40.82,18.35,9.1,0.1407,7.68,35.92,88.22,0.3937,0.1483,27.94,,,Chase Field,
151,643289,Mauricio Dubon,ATL,CHC,2026-09-15T23:40:00Z,Scheduled,6,Kevin Gausman,592332,R,33.7,Longshot,Watch List,Projected Lineup,9.9,41.9,29.8,71.7,50.0,27.7,No,Yes,6,Yes,Yes,RotoWire projected lineup; MLB probable pitchers,lineup projected / unconfirmed,H:2026/2025 P:2026/2025,,,Direct BvP not yet weighted; 2026/2025 Statcast baseline active,7,7,23,0,"Last 7 games: 7/23, 0 HR","same-side matchup; pitcher baseline 7.7% barrel, 23.1 HR allowed",neutral batted-ball profile; pitcher fly-ball pressure modest,2.95,28.54,85.9,96.1877,0.3618,0.0994,0.2969,68.94,4.17,31.82,25.86,9.8,0.1161,7.73,39.93,88.95,0.4077,0.1613,26.16,,,Wrigley Field,
152,699302,Hector Rodriguez,CIN,LAD,2026-09-15T22:40:00Z,Scheduled,9,Yoshinobu Yamamoto,808967,R,33.5,Longshot,Watch List,"Projected Lineup, Platoon Edge",24.4,28.1,39.3,40.2,80.0,0.0,No,Yes,9,Yes,Yes,RotoWire projected lineup; MLB probable pitchers,lineup projected / unconfirmed,H:2026 P:2026/2025,,,Direct BvP not yet weighted; 2026/2025 Statcast baseline active,7,3,26,0,"Last 7 games: 3/26, 0 HR","platoon edge; pitcher baseline 6.5% barrel, 17.5 HR allowed",neutral batted-ball profile; pitcher fly-ball pressure modest,6.3,34.2,87.9,99.1091,0.333,0.124,0.266,74.3,45.7,41.8,29.1,5.0,0.164,6.47,37.6,88.09,0.3306,0.1207,22.94,,,Great American Ball Park,
153,685133,Wade Meckler,LAA,SEA,2026-09-16T01:38:00Z,Scheduled,9,Logan Gilbert,669302,R,33.4,Longshot,Watch List,"Projected Lineup, Platoon Edge",11.9,48.7,28.2,40.2,80.0,14.1,No,Yes,9,Yes,Yes,RotoWire projected lineup; MLB probable pitchers,lineup projected / unconfirmed,H:2026 P:2026/2025,,,Direct BvP not yet weighted; 2026/2025 Statcast baseline active,7,3,14,0,"Last 7 games: 3/14, 0 HR","platoon edge; pitcher baseline 9.7% barrel, 24.9 HR allowed",neutral batted-ball profile; pitcher fly-ball pressure modest,3.0,33.5,86.9,96.7234,0.357,0.098,0.314,69.0,2.0,34.0,18.8,3.0,0.093,9.72,41.49,90.03,0.3831,0.161,28.47,,,Angel Stadium,
154,806367,Turner Hill,SF,STL,2026-09-15T23:45:00Z,Scheduled,4,Andre Pallante,669467,R,33.0,Longshot,Watch List,"Projected Lineup, Premium Lineup Spot, Platoon Edge",11.3,25.3,22.1,90.4,80.0,0.0,No,Yes,4,Yes,Yes,RotoWire projected lineup; MLB probable pitchers,lineup projected / unconfirmed,H:2026 P:2026/2025,,,Direct BvP not yet weighted; 2026/2025 Statcast baseline active,7,1,22,0,"Last 7 games: 1/22, 0 HR","platoon edge; pitcher baseline 5.4% barrel, 13.3 HR allowed",neutral batted-ball profile; pitcher fly-ball pressure modest,3.4,32.2,87.2,96.6794,0.343,0.107,0.316,65.7,0.9,49.2,22.0,0.0,0.083,5.41,35.84,87.8,0.381,0.1279,17.4,,,Busch Stadium,
155,677008,Heston Kjerstad,BAL,NYM,2026-09-15T23:10:00Z,Scheduled,7,Sean Manaea,640455,L,32.8,Longshot,Watch List,Projected Lineup,7.5,54.2,24.8,59.8,50.0,14.1,No,Yes,7,Yes,Yes,RotoWire projected lineup; MLB probable pitchers,lineup projected / unconfirmed,H:2026/2025 P:2026/2025,,,Direct BvP not yet weighted; 2026/2025 Statcast baseline active,7,3,14,0,"Last 7 games: 3/14, 0 HR","same-side matchup; pitcher baseline 10.4% barrel, 18.6 HR allowed",neutral batted-ball profile; pitcher fly-ball pressure modest,2.4,29.83,85.37,93.2692,0.3056,0.076,0.2396,70.52,9.18,29.02,25.0,1.2,0.0405,10.37,41.76,89.38,0.4444,0.1897,28.61,,,Citi Field,
156,677587,Brayan Rocchio,CLE,CWS,2026-09-15T22:40:00Z,Scheduled,9,Davis Martin,663436,R,32.7,Longshot,Watch List,"Projected Lineup, Platoon Edge",14.3,43.4,27.6,40.2,75.0,21.1,No,Yes,9,Yes,Yes,RotoWire projected lineup; MLB probable pitchers,lineup projected / unconfirmed,H:2026/2025 P:2026/2025,,,Direct BvP not yet weighted; 2026/2025 Statcast baseline active,7,6,23,0,"Last 7 games: 6/23, 0 HR","switch hitter; pitcher baseline 7.5% barrel, 15.1 HR allowed",neutral batted-ball profile; pitcher fly-ball pressure modest,3.16,32.35,87.23,97.3377,0.3524,0.1074,0.2936,69.86,6.73,43.57,25.51,10.6,0.1217,7.49,44.53,90.42,0.4314,0.1594,24.04,,,Progressive Field,
157,605170,Victor Caratini,MIN,NYY,2026-09-15T23:40:00Z,Scheduled,7,Max Fried,608331,L,32.1,Longshot,Watch List,"Projected Lineup, Platoon Edge",30.5,9.1,27.1,59.8,75.0,12.0,No,Yes,7,Yes,Yes,RotoWire projected lineup; MLB probable pitchers,lineup projected / unconfirmed,H:2026/2025 P:2026/2025,,,Direct BvP not yet weighted; 2026/2025 Statcast baseline active,7,3,15,0,"Last 7 games: 3/15, 0 HR","switch hitter; pitcher baseline 3.5% barrel, 7.0 HR allowed",neutral batted-ball profile; pitcher fly-ball pressure modest,7.0,40.0,89.33,99.0169,0.39,0.1504,0.3213,71.39,16.57,38.06,23.55,8.5,0.1135,3.47,31.74,86.15,0.2968,0.0872,23.65,,,Target Field,
158,701675,Nathan Church,STL,SF,2026-09-15T23:45:00Z,Scheduled,9,Blade Tidwell,694918,R,32.1,Longshot,Watch List,"Projected Lineup, Platoon Edge",15.0,36.8,22.1,40.2,80.0,43.4,No,Yes,9,Yes,Yes,RotoWire projected lineup; MLB probable pitchers,lineup projected / unconfirmed,H:2026/2025 P:2026/2025,,,Direct BvP not yet weighted; 2026/2025 Statcast baseline active,7,9,22,0,Contact streak: 9/22 over last 7 games,"platoon edge; pitcher baseline 8.9% barrel, 5.4 HR allowed",neutral batted-ball profile; pitcher fly-ball pressure modest,4.78,33.45,86.69,97.5208,0.3371,0.106,0.2764,69.53,8.13,34.71,21.88,7.3,0.1067,8.89,34.05,87.92,0.4087,0.1579,27.26,,,Busch Stadium,
159,691594,Javier Sanoja,MIA,AZ,2026-09-16T01:40:00Z,Scheduled,7,Michael Soroka,647336,R,31.7,Longshot,Watch List,Projected Lineup,10.8,34.7,28.2,59.8,50.0,53.9,No,Yes,7,Yes,Yes,RotoWire projected lineup; MLB probable pitchers,lineup projected / unconfirmed,H:2026/2025 P:2026/2025,,,Direct BvP not yet weighted; 2026/2025 Statcast baseline active,7,10,28,1,Contact streak: 10/28 over last 7 games,"same-side matchup; pitcher baseline 7.7% barrel, 8.5 HR allowed",neutral batted-ball profile; pitcher fly-ball pressure modest,2.01,32.69,87.45,97.5327,0.3476,0.0823,0.289,68.93,6.46,37.66,18.97,7.4,0.1516,7.68,35.92,88.22,0.3937,0.1483,27.94,,,Chase Field,
160,676609,Jose Caballero,NYY,MIN,2026-09-15T23:40:00Z,Scheduled,9,Bailey Ober,641927,R,31.1,Longshot,Watch List,Projected Lineup,9.5,53.6,27.1,40.2,50.0,18.3,No,Yes,9,Yes,Yes,RotoWire projected lineup; MLB probable pitchers,lineup projected / unconfirmed,H:2026/2025 P:2026/2025,,,Direct BvP not yet weighted; 2026/2025 Statcast baseline active,7,1,9,1,"Last 7 games: 1/9, 1 HR","same-side matchup; pitcher baseline 10.1% barrel, 21.6 HR allowed",neutral batted-ball profile; pitcher allows elevated contact,4.71,27.17,84.53,96.4159,0.3369,0.1108,0.2848,68.96,7.98,41.95,21.73,10.6,0.1278,10.13,37.07,88.9,0.455,0.2056,32.53,,,Target Field,
161,807712,Luke Keaschall,MIN,NYY,2026-09-15T23:40:00Z,Scheduled,1,Max Fried,608331,L,30.9,Longshot,Watch List,"Projected Lineup, Premium Lineup Spot, Platoon Edge",12.8,9.9,27.1,88.7,78.0,16.1,No,Yes,1,Yes,Yes,RotoWire projected lineup; MLB probable pitchers,lineup projected / unconfirmed,H:2026/2025 P:2026/2025,,,Direct BvP not yet weighted; 2026/2025 Statcast baseline active,7,5,22,0,"Last 7 games: 5/22, 0 HR","platoon edge; pitcher baseline 3.5% barrel, 7.0 HR allowed",neutral batted-ball profile; pitcher fly-ball pressure modest,3.94,29.59,85.71,96.7329,0.364,0.1139,0.3177,68.64,7.1,38.47,27.53,7.5,0.1213,3.47,31.74,86.15,0.2968,0.0872,23.65,,,Target Field,
162,695391,Brett Harris,SF,STL,2026-09-15T23:45:00Z,Scheduled,5,Andre Pallante,669467,R,30.4,Longshot,Watch List,Projected Lineup,15.3,25.3,22.1,81.9,50.0,0.0,No,Yes,5,Yes,Yes,RotoWire projected lineup; MLB probable pitchers,lineup projected / unconfirmed,H:2026/2025 P:2026/2025,,,Direct BvP not yet weighted; 2026/2025 Statcast baseline active,7,0,8,0,"Last 7 games: 0/8, 0 HR","same-side matchup; pitcher baseline 5.4% barrel, 13.3 HR allowed",fly-ball profile; pitcher fly-ball pressure modest,1.11,43.34,84.28,96.6833,0.2199,0.0717,0.3041,70.23,17.45,16.68,43.34,0.0,0.0204,5.41,35.84,87.8,0.381,0.1279,17.4,,,Busch Stadium,
163,668952,Ryan Kreidler,MIN,NYY,2026-09-15T23:40:00Z,Scheduled,8,Max Fried,608331,L,29.4,Longshot,Watch List,"Projected Lineup, Platoon Edge",26.6,9.9,27.1,47.9,78.0,9.3,No,Yes,8,Yes,Yes,RotoWire projected lineup; MLB probable pitchers,lineup projected / unconfirmed,H:2026/2025 P:2026/2025,,,Direct BvP not yet weighted; 2026/2025 Statcast baseline active,7,2,11,0,"Last 7 games: 2/11, 0 HR","platoon edge; pitcher baseline 3.5% barrel, 7.0 HR allowed",neutral batted-ball profile; pitcher fly-ball pressure modest,6.83,35.25,88.62,99.3919,0.339,0.1294,0.2731,73.1,32.02,45.33,29.77,4.2,0.105,3.47,31.74,86.15,0.2968,0.0872,23.65,,,Target Field,
164,668800,Andrew Knizner,SF,STL,2026-09-15T23:45:00Z,Scheduled,7,Andre Pallante,669467,R,29.2,Longshot,Watch List,Projected Lineup,18.3,25.3,22.1,59.8,50.0,18.3,No,Yes,7,Yes,Yes,RotoWire projected lineup; MLB probable pitchers,lineup projected / unconfirmed,H:2026/2025 P:2026/2025,,,Direct BvP not yet weighted; 2026/2025 Statcast baseline active,7,2,19,1,"Last 7 games: 2/19, 1 HR","same-side matchup; pitcher baseline 5.4% barrel, 13.3 HR allowed",neutral batted-ball profile; pitcher fly-ball pressure modest,6.44,28.94,85.67,97.0701,0.3594,0.1337,0.2899,69.48,6.63,30.68,28.94,1.7,0.1606,5.41,35.84,87.8,0.381,0.1279,17.4,,,Busch Stadium,
165,691026,Masyn Winn,STL,SF,2026-09-15T23:45:00Z,Scheduled,8,Blade Tidwell,694918,R,29.2,Longshot,Watch List,Projected Lineup,16.5,36.8,22.1,47.9,50.0,8.5,No,Yes,8,Yes,Yes,RotoWire projected lineup; MLB probable pitchers,lineup projected / unconfirmed,H:2026/2025 P:2026/2025,,,Direct BvP not yet weighted; 2026/2025 Statcast baseline active,7,3,17,0,"Last 7 games: 3/17, 0 HR","same-side matchup; pitcher baseline 8.9% barrel, 5.4 HR allowed",neutral batted-ball profile; pitcher fly-ball pressure modest,3.89,35.23,88.3,98.6935,0.3372,0.0923,0.2944,71.24,16.26,32.53,22.09,6.2,0.0939,8.89,34.05,87.92,0.4087,0.1579,27.26,,,Busch Stadium,
166,673490,Ha-Seong Kim,ATL,CHC,2026-09-15T23:40:00Z,Scheduled,9,Kevin Gausman,592332,R,29.0,Longshot,Watch List,Projected Lineup,11.9,41.9,29.8,40.2,50.0,8.5,No,Yes,9,Yes,Yes,RotoWire projected lineup; MLB probable pitchers,lineup projected / unconfirmed,H:2026/2025 P:2026/2025,,,Direct BvP not yet weighted; 2026/2025 Statcast baseline active,7,3,17,0,"Last 7 games: 3/17, 0 HR","same-side matchup; pitcher baseline 7.7% barrel, 23.1 HR allowed",neutral batted-ball profile; pitcher fly-ball pressure modest,3.38,30.91,87.25,96.8425,0.2601,0.0713,0.2494,71.45,15.49,43.52,28.03,1.5,0.0403,7.73,39.93,88.95,0.4077,0.1613,26.16,,,Wrigley Field,
167,656716,Zach McKinstry,DET,TOR,2026-09-15T23:07:00Z,Scheduled,8,,,,28.8,Longshot,Watch List,Projected Lineup,6.5,41.2,30.4,47.9,60.0,0.8,No,Yes,8,Yes,Yes,RotoWire projected lineup; MLB probable pitchers,lineup projected / unconfirmed,H:2026/2025 P:,,,Direct BvP not yet weighted; 2026/2025 Statcast baseline active,7,2,16,0,"Last 7 games: 2/16, 0 HR","handedness incomplete; pitcher baseline 0.0% barrel, 0.0 HR allowed",neutral batted-ball profile; pitcher fly-ball pressure modest,3.23,24.41,85.77,95.6215,0.3272,0.09,0.291,67.85,3.72,40.33,27.09,6.4,0.123,,,,,,,,,Rogers Centre,
168,814154,Scott Bandura,SF,STL,2026-09-15T23:45:00Z,Scheduled,6,Andre Pallante,669467,R,28.5,Longshot,Watch List,"Projected Lineup, Platoon Edge",3.8,25.3,22.1,71.7,80.0,12.0,No,Yes,6,Yes,Yes,RotoWire projected lineup; MLB probable pitchers,lineup projected / unconfirmed,H:2026 P:2026/2025,,,Direct BvP not yet weighted; 2026/2025 Statcast baseline active,2,1,5,0,"Last 2 games: 1/5, 0 HR","platoon edge; pitcher baseline 5.4% barrel, 13.3 HR allowed",neutral batted-ball profile; pitcher fly-ball pressure modest,0.0,0.0,51.9,51.8745,0.055,0.003,0.209,72.7,25.0,0.0,0.0,0.0,0.0,5.41,35.84,87.8,0.381,0.1279,17.4,,,Busch Stadium,
169,683766,Christian Koss,SF,STL,2026-09-15T23:45:00Z,Scheduled,9,Andre Pallante,669467,R,26.4,Longshot,Watch List,Projected Lineup,11.2,25.3,22.1,40.2,50.0,63.3,No,Yes,9,Yes,Yes,RotoWire projected lineup; MLB probable pitchers,lineup projected / unconfirmed,H:2026/2025 P:2026/2025,,,Direct BvP not yet weighted; 2026/2025 Statcast baseline active,7,8,18,1,Contact streak: 8/18 over last 7 games,"same-side matchup; pitcher baseline 5.4% barrel, 13.3 HR allowed",neutral batted-ball profile; pitcher fly-ball pressure modest,5.23,29.68,85.01,97.2499,0.332,0.1012,0.2718,69.72,6.63,39.42,19.47,3.7,0.1047,5.41,35.84,87.8,0.381,0.1279,17.4,,,Busch Stadium,
170,676391,Ernie Clement,TOR,DET,2026-09-15T23:07:00Z,Scheduled,9,Drew Anderson,623454,R,26.0,Longshot,Watch List,Projected Lineup,4.5,39.1,30.4,40.2,50.0,9.3,No,Yes,9,Yes,Yes,RotoWire projected lineup; MLB probable pitchers,lineup projected / unconfirmed,H:2026/2025 P:2026,,,Direct BvP not yet weighted; 2026/2025 Statcast baseline active,7,4,22,0,"Last 7 games: 4/22, 0 HR","same-side matchup; pitcher baseline 8.4% barrel, 14.0 HR allowed",neutral batted-ball profile; pitcher fly-ball pressure modest,2.12,21.66,84.85,94.5073,0.3324,0.0832,0.2694,67.32,2.68,39.82,27.83,9.0,0.1126,8.4,39.2,89.9,0.367,0.141,24.0,,,Rogers Centre,
171,805805,Walker Jenkins,MIN,NYY,2026-09-15T23:40:00Z,Scheduled,9,Max Fried,608331,L,22.9,Longshot,Watch List,Projected Lineup,19.3,9.9,27.1,40.2,50.0,0.0,No,Yes,9,Yes,Yes,RotoWire projected lineup; MLB probable pitchers,lineup projected / unconfirmed,H:2026 P:2026/2025,,,Direct BvP not yet weighted; 2026/2025 Statcast baseline active,7,1,20,0,"Last 7 games: 1/20, 0 HR","same-side matchup; pitcher baseline 3.5% barrel, 7.0 HR allowed",neutral batted-ball profile; pitcher fly-ball pressure modest,7.4,33.3,86.4,97.879,0.261,0.105,0.255,71.6,18.8,44.4,25.9,1.0,0.122,3.47,31.74,86.15,0.2968,0.0872,23.65,,,Target Field,
