rank,hitter_id,player,team,opponent,game_start_time,game_status,batting_order,pitcher,pitcher_id,pitcher_hand,hr_score,tier,play_type,reason_tags,power_score,pitcher_score,environment_score,lineup_score,platoon_score,recent_form_score,confirmed_lineup,rotowire_confirmed_lineup,rotowire_batting_order,rotowire_player_found,lineup_disagreement,lineup_sources_used,source_warnings,stat_years_used,bvp_pa,bvp_hr,bvp_note,recent_games,recent_hits,recent_abs,recent_hr,recent_form_note,split_matchup_note,pitch_mix_note,barrel_pct,hard_hit_pct,avg_exit_velocity,ev50,xslg,xiso,xwoba,bat_speed,fast_swing_pct,pull_pct,fb_pct,hr_total,iso,pitcher_barrel_pct_allowed,pitcher_hard_hit_pct_allowed,pitcher_avg_exit_velocity_allowed,pitcher_xslg_allowed,pitcher_xiso_allowed,pitcher_fb_pct_allowed,wind_direction,weather_temp,ballpark,odds
1,663728,Cal Raleigh,SEA,COL,2026-09-20T19:10:00Z,Pre-Game,4,Tomoyuki Sugano,608372,R,66.7,Tier 3,Watch List,"Strong Barrel, Premium Lineup Spot, Platoon Edge",61.1,68.7,49.7,94.9,75.0,50.8,Yes,Yes,4,Yes,No,MLB Stats API; RotoWire,,H:2026/2025 P:2026/2025,,,Direct BvP not yet weighted; 2026/2025 Statcast baseline active,7,6,28,2,Hot streak: 2 HR in last 7 games,"switch hitter; pitcher baseline 11.9% barrel, 31.6 HR allowed",fly-ball profile; pitcher allows elevated contact,16.28,42.46,90.39,101.2697,0.4462,0.2432,0.3304,75.06,52.32,53.03,43.06,34.1,0.2391,11.94,42.18,90.7,0.5401,0.2385,30.14,In From RF,70,Coors Field,
2,703155,Lazaro Montes,SEA,COL,2026-09-20T19:10:00Z,Pre-Game,8,Tomoyuki Sugano,608372,R,66.6,Tier 3,Watch List,"Elite Power, Strong Barrel, Platoon Edge",77.1,69.2,49.7,52.4,80.0,50.8,Yes,Yes,8,Yes,No,MLB Stats API; RotoWire,,H:2026 P:2026/2025,,,Direct BvP not yet weighted; 2026/2025 Statcast baseline active,7,3,14,2,Hot streak: 2 HR in last 7 games,"platoon edge; pitcher baseline 11.9% barrel, 31.6 HR allowed",fly-ball profile; pitcher allows elevated contact,21.1,42.1,90.8,103.4456,0.561,0.333,0.357,75.9,61.3,31.6,42.1,4.0,0.361,11.94,42.18,90.7,0.5401,0.2385,30.14,In From RF,70,Coors Field,
3,691718,Pete Crow-Armstrong,CHC,CIN,2026-09-20T17:40:00Z,Pre-Game,1,Rhett Lowder,695076,R,65.6,Tier 3,Watch List,"Strong Barrel, Premium Lineup Spot, Platoon Edge",58.1,53.1,66.3,93.2,80.0,69.8,Yes,Yes,1,Yes,No,MLB Stats API; RotoWire,,H:2026/2025 P:2026,,,Direct BvP not yet weighted; 2026/2025 Statcast baseline active,7,7,32,3,Hot streak: 3 HR in last 7 games,"platoon edge; pitcher baseline 9.8% barrel, 18.0 HR allowed",neutral batted-ball profile; pitcher fly-ball pressure modest,13.31,46.92,90.41,101.8756,0.5002,0.2428,0.3588,74.31,45.72,50.44,34.87,40.1,0.276,9.8,38.9,90.1,0.463,0.192,27.6,R To L,87,Great American Ball Park,
4,686527,Dominic Canzone,SEA,COL,2026-09-20T19:10:00Z,Pre-Game,3,Tomoyuki Sugano,608372,R,65.5,Tier 3,Watch List,"Strong Barrel, Premium Lineup Spot, Platoon Edge",55.4,69.2,49.7,96.6,80.0,48.3,Yes,Yes,3,Yes,No,MLB Stats API; RotoWire,,H:2026/2025 P:2026/2025,,,Direct BvP not yet weighted; 2026/2025 Statcast baseline active,7,8,25,1,Contact streak: 8/25 over last 7 games,"platoon edge; pitcher baseline 11.9% barrel, 31.6 HR allowed",neutral batted-ball profile; pitcher allows elevated contact,12.89,46.34,91.53,102.5344,0.5015,0.2255,0.362,73.94,41.29,39.13,26.3,18.7,0.2104,11.94,42.18,90.7,0.5401,0.2385,30.14,In From RF,70,Coors Field,
5,699024,Leo Bernal,STL,WSH,2026-09-20T18:15:00Z,Pre-Game,5,Jake Irvin,663623,R,64.7,Tier 3,Watch List,Platoon Edge,59.0,60.5,64.6,86.4,75.0,43.9,Yes,Yes,5,Yes,No,MLB Stats API; RotoWire,,H:2026 P:2026/2025,,,Direct BvP not yet weighted; 2026/2025 Statcast baseline active,7,9,31,1,"Last 7 games: 9/31, 1 HR","switch hitter; pitcher baseline 11.2% barrel, 23.3 HR allowed",lift-pull EV profile; pitcher fly-ball pressure modest,8.9,62.5,93.8,102.3346,0.502,0.207,0.359,74.3,36.9,42.9,35.7,3.0,0.169,11.23,45.7,89.7,0.4693,0.2127,29.23,Out To RF,89,Busch Stadium,
6,676475,Alec Burleson,STL,WSH,2026-09-20T18:15:00Z,Pre-Game,3,Jake Irvin,663623,R,64.6,Tier 3,Watch List,"Strong Barrel, Premium Lineup Spot, Platoon Edge",52.3,62.1,64.6,96.6,80.0,39.5,Yes,Yes,3,Yes,No,MLB Stats API; RotoWire,,H:2026/2025 P:2026/2025,,,Direct BvP not yet weighted; 2026/2025 Statcast baseline active,7,6,23,1,"Last 7 games: 6/23, 1 HR","platoon edge; pitcher baseline 11.2% barrel, 23.3 HR allowed",neutral batted-ball profile; pitcher fly-ball pressure modest,10.55,48.04,91.7,102.0387,0.5053,0.2193,0.366,73.28,34.77,44.03,26.91,21.5,0.1802,11.23,45.7,89.7,0.4693,0.2127,29.23,Out To RF,89,Busch Stadium,
7,682985,Riley Greene,DET,CWS,2026-09-20T18:10:00Z,Pre-Game,4,Davis Martin,663436,R,63.4,Tier 3,Watch List,"Strong Barrel, Premium Lineup Spot, Platoon Edge, Hot Hitter/Streak",61.9,44.8,53.6,94.9,80.0,74.2,Yes,Yes,4,Yes,No,MLB Stats API; RotoWire,,H:2026/2025 P:2026/2025,,,Direct BvP not yet weighted; 2026/2025 Statcast baseline active,7,10,27,2,Hot streak: 2 HR in last 7 games,"platoon edge; pitcher baseline 7.4% barrel, 15.8 HR allowed",neutral batted-ball profile; pitcher fly-ball pressure modest,15.7,46.62,90.18,102.552,0.5029,0.2452,0.3614,75.67,58.29,39.12,33.31,25.5,0.2091,7.42,44.67,90.42,0.4293,0.1573,23.97,L To R,67,Rate Field,
8,665833,Oneil Cruz,PIT,KC,2026-09-20T17:35:00Z,Pre-Game,4,Michael Wacha,608379,R,63.0,Tier 3,Watch List,"Strong Barrel, Premium Lineup Spot, Platoon Edge",68.0,37.3,58.3,94.9,80.0,48.5,Yes,Yes,4,Yes,No,MLB Stats API; RotoWire,,H:2026/2025 P:2026/2025,,,Direct BvP not yet weighted; 2026/2025 Statcast baseline active,7,9,28,1,Contact streak: 9/28 over last 7 games,"platoon edge; pitcher baseline 7.0% barrel, 23.4 HR allowed",EV profile; pitcher fly-ball pressure modest,16.46,54.43,94.75,106.3235,0.4579,0.2168,0.3436,78.1,74.7,39.53,22.75,19.3,0.1962,6.98,35.72,87.92,0.4081,0.1633,28.95,Out To CF,72,PNC Park,
9,700250,Ben Rice,NYY,AZ,2026-09-20T20:10:00Z,Scheduled,1,Corbin Burnes,669203,R,62.9,Tier 3,Watch List,"Projected Lineup, Strong Barrel, Premium Lineup Spot, Platoon Edge, Hot Hitter/Streak",63.6,54.5,28.2,88.7,80.0,99.5,No,No,1,Yes,Yes,RotoWire projected lineup; MLB probable pitchers,lineup projected / unconfirmed,H:2026/2025 P:2026/2025,,,Direct BvP not yet weighted; 2026/2025 Statcast baseline active,7,10,24,3,Hot streak: 3 HR in last 7 games,"platoon edge; pitcher baseline 11.2% barrel, 3.5 HR allowed",lift-pull EV profile; pitcher allows elevated contact,14.49,50.57,92.39,102.4529,0.5222,0.252,0.3805,72.84,27.38,44.61,31.09,35.1,0.2608,11.18,38.73,90.34,0.4081,0.1839,43.67,,,Chase Field,
10,670541,Yordan Alvarez,HOU,ATL,2026-09-20T18:10:00Z,Pre-Game,2,Martín Pérez,527048,L,62.6,Tier 3,Watch List,"Elite Power, Strong Barrel, Premium Lineup Spot",77.9,37.7,41.1,100.0,50.0,63.7,Yes,Yes,2,Yes,No,MLB Stats API; RotoWire,,H:2026/2025 P:2026/2025,,,Direct BvP not yet weighted; 2026/2025 Statcast baseline active,7,6,20,2,Hot streak: 2 HR in last 7 games,"same-side matchup; pitcher baseline 7.9% barrel, 10.9 HR allowed",lift-pull EV profile; pitcher fly-ball pressure modest,15.48,53.25,94.42,104.7806,0.6113,0.3035,0.4273,76.1,61.8,40.67,36.17,29.8,0.248,7.93,37.16,88.06,0.4213,0.1618,24.69,None,72,Daikin Park,
11,656941,Kyle Schwarber,PHI,NYM,2026-09-20T17:10:00Z,Pre-Game,1,Jonah Tong,804636,R,62.3,Tier 3,Watch List,"Strong Barrel, Premium Lineup Spot, Platoon Edge",74.1,37.3,49.3,93.2,80.0,24.3,Yes,Yes,1,Yes,No,MLB Stats API; RotoWire,,H:2026/2025 P:2026/2025,,,Direct BvP not yet weighted; 2026/2025 Statcast baseline active,7,4,25,1,"Last 7 games: 4/25, 1 HR","platoon edge; pitcher baseline 8.9% barrel, 2.3 HR allowed",lift-pull EV profile; pitcher allows elevated contact,17.51,52.25,92.9,104.036,0.518,0.2784,0.3744,77.16,75.35,54.21,33.25,48.3,0.2915,8.91,34.64,89.58,0.3604,0.1456,33.31,R To L,68,Citi Field,
12,682829,Elly De La Cruz,CIN,CHC,2026-09-20T17:40:00Z,Pre-Game,2,David Peterson,656849,L,62.3,Tier 3,Watch List,"Strong Barrel, Premium Lineup Spot, Platoon Edge, Hot Hitter/Streak",61.1,33.0,66.3,100.0,75.0,70.8,Yes,Yes,2,Yes,No,MLB Stats API; RotoWire,,H:2026/2025 P:2026/2025,,,Direct BvP not yet weighted; 2026/2025 Statcast baseline active,7,8,23,2,Hot streak: 2 HR in last 7 games,"switch hitter; pitcher baseline 6.2% barrel, 13.1 HR allowed",EV profile; pitcher fly-ball pressure modest,14.5,50.85,93.59,104.5657,0.4814,0.208,0.3605,75.59,55.59,35.03,25.03,26.2,0.2145,6.19,42.01,89.41,0.4056,0.1349,18.59,R To L,87,Great American Ball Park,
13,808959,Munetaka Murakami,CWS,DET,2026-09-20T18:10:00Z,Pre-Game,4,Troy Melton,675512,R,62.3,Tier 3,Watch List,"Strong Barrel, Premium Lineup Spot, Platoon Edge",72.7,36.6,53.6,94.9,80.0,19.9,Yes,Yes,4,Yes,No,MLB Stats API; RotoWire,,H:2026 P:2026/2025,,,Direct BvP not yet weighted; 2026/2025 Statcast baseline active,7,3,23,1,"Last 7 games: 3/23, 1 HR","platoon edge; pitcher baseline 6.9% barrel, 11.2 HR allowed",lift-pull EV profile; pitcher fly-ball pressure modest,18.6,55.4,93.5,104.2099,0.442,0.245,0.339,74.7,49.8,46.3,38.0,32.0,0.262,6.92,40.94,89.4,0.3801,0.1519,25.26,L To R,67,Rate Field,
14,669257,Will Smith,LAD,SF,2026-09-20T20:10:00Z,Pre-Game,3,Matt Wilkinson,683363,L,62.0,Tier 3,Watch List,"Projected Lineup, Strong Barrel, Premium Lineup Spot, Platoon Edge",50.8,50.9,65.1,92.1,78.0,66.7,No,No,3,Yes,Yes,RotoWire projected lineup; MLB probable pitchers,lineup projected / unconfirmed,H:2026/2025 P:2026,,,Direct BvP not yet weighted; 2026/2025 Statcast baseline active,7,8,25,2,Hot streak: 2 HR in last 7 games,"platoon edge; pitcher baseline 7.7% barrel, 4.0 HR allowed",fly-ball profile; pitcher allows elevated contact,12.41,42.27,89.62,100.2204,0.4981,0.2249,0.3836,69.84,6.52,31.09,39.57,11.4,0.1744,7.7,49.2,91.0,0.444,0.187,32.3,Out To CF,77,UNIQLO Field at Dodger Stadium,
15,683737,Michael Busch,CHC,CIN,2026-09-20T17:40:00Z,Pre-Game,3,Rhett Lowder,695076,R,61.4,Tier 3,Watch List,"Strong Barrel, Premium Lineup Spot, Platoon Edge",45.2,53.1,66.3,96.6,80.0,61.5,Yes,Yes,3,Yes,No,MLB Stats API; RotoWire,,H:2026/2025 P:2026,,,Direct BvP not yet weighted; 2026/2025 Statcast baseline active,7,6,21,2,Hot streak: 2 HR in last 7 games,"platoon edge; pitcher baseline 9.8% barrel, 18.0 HR allowed",fly-ball profile; pitcher fly-ball pressure modest,11.57,42.05,89.54,99.7274,0.4472,0.2069,0.3465,68.9,5.78,40.77,35.32,24.2,0.1892,9.8,38.9,90.1,0.463,0.192,27.6,R To L,87,Great American Ball Park,
16,668227,Randy Arozarena,SEA,COL,2026-09-20T19:10:00Z,Pre-Game,2,Tomoyuki Sugano,608372,R,60.9,Tier 3,Watch List,"Premium Lineup Spot, Hot Hitter/Streak",40.4,69.2,49.7,100.0,50.0,100.0,Yes,Yes,2,Yes,No,MLB Stats API; RotoWire,,H:2026/2025 P:2026/2025,,,Direct BvP not yet weighted; 2026/2025 Statcast baseline active,7,13,29,4,Hot streak: 4 HR in last 7 games,"same-side matchup; pitcher baseline 11.9% barrel, 31.6 HR allowed",neutral batted-ball profile; pitcher allows elevated contact,8.98,45.35,91.02,101.1279,0.4205,0.1711,0.3417,71.32,24.66,35.17,24.59,26.3,0.1985,11.94,42.18,90.7,0.5401,0.2385,30.14,In From RF,70,Coors Field,
17,682987,Spencer Jones,NYY,AZ,2026-09-20T20:10:00Z,Scheduled,4,Corbin Burnes,669203,R,60.9,Tier 3,Watch List,"Projected Lineup, Strong Barrel, Premium Lineup Spot, Platoon Edge",67.3,54.5,28.2,90.4,80.0,30.3,No,No,4,Yes,Yes,RotoWire projected lineup; MLB probable pitchers,lineup projected / unconfirmed,H:2026 P:2026/2025,,,Direct BvP not yet weighted; 2026/2025 Statcast baseline active,7,6,30,1,"Last 7 games: 6/30, 1 HR","platoon edge; pitcher baseline 11.2% barrel, 3.5 HR allowed",EV profile; pitcher allows elevated contact,15.4,55.6,94.2,104.3845,0.443,0.205,0.325,77.1,71.6,35.0,37.8,10.0,0.185,11.18,38.73,90.34,0.4081,0.1839,43.67,,,Chase Field,
18,682674,Victor Bericoto,SF,LAD,2026-09-20T20:10:00Z,Pre-Game,3,,,,60.8,Tier 3,Watch List,"Strong Barrel, Premium Lineup Spot",62.0,41.2,65.1,96.6,60.0,35.6,Yes,No,2,Yes,Yes,MLB Stats API; RotoWire,RotoWire not confirmed; order MLB 3 vs RotoWire 2,H:2026 P:,,,Direct BvP not yet weighted; 2026/2025 Statcast baseline active,7,4,17,1,"Last 7 games: 4/17, 1 HR","handedness incomplete; pitcher baseline 0.0% barrel, 0.0 HR allowed",neutral batted-ball profile; pitcher fly-ball pressure modest,15.4,50.8,90.7,100.8591,0.475,0.248,0.303,74.9,53.8,35.4,29.2,5.0,0.209,,,,,,,Out To CF,77,UNIQLO Field at Dodger Stadium,
19,664040,Brandon Lowe,PIT,KC,2026-09-20T17:35:00Z,Pre-Game,2,Michael Wacha,608379,R,60.7,Tier 3,Watch List,"Strong Barrel, Premium Lineup Spot, Platoon Edge, Hot Hitter/Streak",52.3,37.3,58.3,100.0,80.0,91.0,Yes,Yes,2,Yes,No,MLB Stats API; RotoWire,,H:2026/2025 P:2026/2025,,,Direct BvP not yet weighted; 2026/2025 Statcast baseline active,7,9,25,4,Hot streak: 4 HR in last 7 games,"platoon edge; pitcher baseline 7.0% barrel, 23.4 HR allowed",neutral batted-ball profile; pitcher fly-ball pressure modest,12.44,45.97,91.1,101.4925,0.45,0.2061,0.3308,73.66,40.02,46.58,32.71,32.4,0.2287,6.98,35.72,87.92,0.4081,0.1633,28.95,Out To CF,72,PNC Park,
20,691023,Jordan Walker,STL,WSH,2026-09-20T18:15:00Z,Pre-Game,4,Jake Irvin,663623,R,60.6,Tier 3,Watch List,"Strong Barrel, Premium Lineup Spot",55.1,62.1,64.6,94.9,50.0,0.0,Yes,Yes,4,Yes,No,MLB Stats API; RotoWire,,H:2026/2025 P:2026/2025,,,Direct BvP not yet weighted; 2026/2025 Statcast baseline active,7,2,22,0,"Last 7 games: 2/22, 0 HR","same-side matchup; pitcher baseline 11.2% barrel, 23.3 HR allowed",EV profile; pitcher fly-ball pressure modest,12.58,49.65,92.58,104.7078,0.4344,0.1858,0.3228,78.87,82.98,38.31,23.63,21.4,0.1673,11.23,45.7,89.7,0.4693,0.2127,29.23,Out To RF,89,Busch Stadium,
21,701398,Sal Stewart,CIN,CHC,2026-09-20T17:40:00Z,Pre-Game,3,David Peterson,656849,L,60.5,Tier 3,Watch List,"Strong Barrel, Premium Lineup Spot, Platoon Edge",59.2,34.4,66.3,96.6,78.0,44.8,Yes,Yes,3,Yes,No,MLB Stats API; RotoWire,,H:2026/2025 P:2026/2025,,,Direct BvP not yet weighted; 2026/2025 Statcast baseline active,7,8,27,1,"Last 7 games: 8/27, 1 HR","platoon edge; pitcher baseline 6.2% barrel, 13.1 HR allowed",neutral batted-ball profile; pitcher fly-ball pressure modest,14.12,44.17,91.83,101.5439,0.5208,0.2512,0.3639,72.1,26.51,37.73,31.74,23.9,0.2298,6.19,42.01,89.41,0.4056,0.1349,18.59,R To L,87,Great American Ball Park,
22,695506,Jac Caglianone,KC,PIT,2026-09-20T17:35:00Z,Pre-Game,3,Lake Bachar,669199,R,59.3,Longshot,Watch List,"Strong Barrel, Premium Lineup Spot, Platoon Edge",57.5,42.4,58.3,96.6,80.0,14.1,Yes,Yes,3,Yes,No,MLB Stats API; RotoWire,,H:2026/2025 P:2026/2025,,,Direct BvP not yet weighted; 2026/2025 Statcast baseline active,7,3,14,0,"Last 7 games: 3/14, 0 HR","platoon edge; pitcher baseline 8.8% barrel, 12.1 HR allowed",neutral batted-ball profile; pitcher allows elevated contact,13.05,50.66,91.92,104.6618,0.4779,0.2122,0.3448,77.19,73.99,44.42,22.54,18.2,0.1856,8.81,36.25,89.39,0.3794,0.171,32.06,Out To CF,72,PNC Park,
23,665742,Juan Soto,NYM,PHI,2026-09-20T17:10:00Z,Pre-Game,2,Cristopher Sánchez,650911,L,58.7,Longshot,Watch List,"Strong Barrel, Premium Lineup Spot",70.0,32.5,49.3,100.0,50.0,37.8,Yes,Yes,2,Yes,No,MLB Stats API; RotoWire,,H:2026/2025 P:2026/2025,,,Direct BvP not yet weighted; 2026/2025 Statcast baseline active,7,7,28,1,"Last 7 games: 7/28, 1 HR","same-side matchup; pitcher baseline 6.9% barrel, 15.5 HR allowed",lift-pull EV profile; pitcher fly-ball pressure modest,15.19,50.26,92.96,103.0938,0.5849,0.2923,0.4178,72.83,32.68,39.95,31.35,31.1,0.2536,6.89,40.64,89.07,0.3583,0.1249,16.62,R To L,68,Citi Field,
24,802139,JJ Wetherholt,STL,WSH,2026-09-20T18:15:00Z,Pre-Game,1,Jake Irvin,663623,R,58.3,Longshot,Watch List,"Premium Lineup Spot, Platoon Edge",39.2,62.1,64.6,93.2,80.0,9.3,Yes,Yes,1,Yes,No,MLB Stats API; RotoWire,,H:2026 P:2026/2025,,,Direct BvP not yet weighted; 2026/2025 Statcast baseline active,7,4,22,0,"Last 7 games: 4/22, 0 HR","platoon edge; pitcher baseline 11.2% barrel, 23.3 HR allowed",neutral batted-ball profile; pitcher fly-ball pressure modest,7.5,45.0,89.9,99.4419,0.437,0.181,0.35,71.9,19.6,36.2,29.5,17.0,0.126,11.23,45.7,89.7,0.4693,0.2127,29.23,Out To RF,89,Busch Stadium,
25,606192,Teoscar Hernandez,LAD,SF,2026-09-20T20:10:00Z,Pre-Game,5,Matt Wilkinson,683363,L,58.1,Longshot,Watch List,"Projected Lineup, Strong Barrel, Platoon Edge",45.6,50.9,65.1,81.9,78.0,52.0,No,No,5,Yes,Yes,RotoWire projected lineup; MLB probable pitchers,lineup projected / unconfirmed,H:2026/2025 P:2026,,,Direct BvP not yet weighted; 2026/2025 Statcast baseline active,7,6,27,2,Hot streak: 2 HR in last 7 games,"platoon edge; pitcher baseline 7.7% barrel, 4.0 HR allowed",neutral batted-ball profile; pitcher allows elevated contact,10.87,45.47,90.27,101.6406,0.4427,0.1871,0.331,72.62,26.88,35.55,28.33,18.0,0.1727,7.7,49.2,91.0,0.444,0.187,32.3,Out To CF,77,UNIQLO Field at Dodger Stadium,
26,691181,Emmanuel Rodriguez,MIN,LAA,2026-09-20T20:07:00Z,Scheduled,7,Ryan Johnson,696270,R,57.6,Longshot,Watch List,"Projected Lineup, Elite Power, Strong Barrel, Platoon Edge",80.1,46.1,28.2,59.8,80.0,6.0,No,No,7,Yes,Yes,RotoWire projected lineup; MLB probable pitchers,lineup projected / unconfirmed,H:2026 P:2026/2025,,,Direct BvP not yet weighted; 2026/2025 Statcast baseline active,7,4,25,0,"Last 7 games: 4/25, 0 HR","platoon edge; pitcher baseline 9.5% barrel, 13.8 HR allowed",EV profile; pitcher allows elevated contact,23.5,58.8,94.1,104.0493,0.524,0.264,0.343,76.6,76.1,41.2,29.4,1.0,0.207,9.48,36.42,87.68,0.4332,0.1833,34.09,,,Angel Stadium,
27,673548,Seiya Suzuki,CHC,CIN,2026-09-20T17:40:00Z,Pre-Game,2,Rhett Lowder,695076,R,57.5,Longshot,Watch List,"Strong Barrel, Premium Lineup Spot",47.3,53.1,66.3,100.0,50.0,13.3,Yes,Yes,2,Yes,No,MLB Stats API; RotoWire,,H:2026/2025 P:2026,,,Direct BvP not yet weighted; 2026/2025 Statcast baseline active,7,5,24,0,"Last 7 games: 5/24, 0 HR","same-side matchup; pitcher baseline 9.8% barrel, 18.0 HR allowed",neutral batted-ball profile; pitcher fly-ball pressure modest,12.26,42.26,89.48,101.0546,0.4443,0.198,0.3422,73.37,37.25,41.69,31.9,26.4,0.2099,9.8,38.9,90.1,0.463,0.192,27.6,R To L,87,Great American Ball Park,
28,695578,James Wood,WSH,STL,2026-09-20T18:15:00Z,Pre-Game,1,Quinn Mathews,687273,L,57.5,Longshot,Watch List,"Elite Power, Strong Barrel, Premium Lineup Spot",78.6,12.9,64.6,93.2,50.0,25.8,Yes,Yes,1,Yes,No,MLB Stats API; RotoWire,,H:2026/2025 P:2026,,,Direct BvP not yet weighted; 2026/2025 Statcast baseline active,7,7,24,0,"Last 7 games: 7/24, 0 HR","same-side matchup; pitcher baseline 2.8% barrel, 3.0 HR allowed",EV profile; pitcher fly-ball pressure modest,18.5,57.7,94.93,106.2965,0.5427,0.2729,0.396,76.56,66.5,32.92,24.31,30.3,0.2407,2.8,32.1,87.7,0.321,0.085,25.7,Out To RF,89,Busch Stadium,
29,605141,Mookie Betts,LAD,SF,2026-09-20T20:10:00Z,Pre-Game,1,Matt Wilkinson,683363,L,57.5,Longshot,Watch List,"Projected Lineup, Premium Lineup Spot, Platoon Edge, Hot Hitter/Streak",33.7,50.9,65.1,88.7,78.0,100.0,No,No,1,Yes,Yes,RotoWire projected lineup; MLB probable pitchers,lineup projected / unconfirmed,H:2026/2025 P:2026,,,Direct BvP not yet weighted; 2026/2025 Statcast baseline active,7,13,27,3,Hot streak: 3 HR in last 7 games,"platoon edge; pitcher baseline 7.7% barrel, 4.0 HR allowed",neutral batted-ball profile; pitcher allows elevated contact,7.25,38.11,90.08,98.6236,0.4346,0.1574,0.3384,69.53,8.67,40.73,33.17,21.4,0.1823,7.7,49.2,91.0,0.444,0.187,32.3,Out To CF,77,UNIQLO Field at Dodger Stadium,
30,669127,Shea Langeliers,ATH,CLE,2026-09-20T17:40:00Z,Pre-Game,2,Gavin Williams,668909,R,57.4,Longshot,Watch List,"Strong Barrel, Premium Lineup Spot",56.2,54.2,40.6,100.0,50.0,25.8,Yes,Yes,2,Yes,No,MLB Stats API; RotoWire,,H:2026/2025 P:2026/2025,,,Direct BvP not yet weighted; 2026/2025 Statcast baseline active,7,7,24,0,"Last 7 games: 7/24, 0 HR","same-side matchup; pitcher baseline 10.6% barrel, 25.8 HR allowed",neutral batted-ball profile; pitcher fly-ball pressure modest,13.26,44.55,91.32,102.4174,0.4948,0.2298,0.3521,74.71,48.26,39.67,29.7,25.4,0.2334,10.61,46.05,90.12,0.3973,0.1747,25.86,In From CF,68,Progressive Field,
31,621566,Matt Olson,ATL,HOU,2026-09-20T18:10:00Z,Pre-Game,3,Hunter Brown,686613,R,57.4,Longshot,Watch List,"Strong Barrel, Premium Lineup Spot, Platoon Edge, Hot Hitter/Streak",65.3,21.9,41.1,96.6,80.0,73.7,Yes,Yes,3,Yes,No,MLB Stats API; RotoWire,,H:2026/2025 P:2026/2025,,,Direct BvP not yet weighted; 2026/2025 Statcast baseline active,7,11,30,2,Hot streak: 2 HR in last 7 games,"platoon edge; pitcher baseline 6.1% barrel, 12.8 HR allowed",EV profile; pitcher fly-ball pressure modest,14.54,51.76,92.6,103.656,0.5011,0.2538,0.3551,74.53,47.4,37.86,33.13,36.7,0.2414,6.11,35.56,86.31,0.3229,0.1192,23.09,None,72,Daikin Park,
32,664023,Ian Happ,CHC,CIN,2026-09-20T17:40:00Z,Pre-Game,5,Rhett Lowder,695076,R,57.2,Longshot,Watch List,"Strong Barrel, Platoon Edge",44.0,51.1,66.3,86.4,75.0,32.5,Yes,Yes,5,Yes,No,MLB Stats API; RotoWire,,H:2026/2025 P:2026,,,Direct BvP not yet weighted; 2026/2025 Statcast baseline active,7,3,14,1,"Last 7 games: 3/14, 1 HR","switch hitter; pitcher baseline 9.8% barrel, 18.0 HR allowed",neutral batted-ball profile; pitcher fly-ball pressure modest,11.17,43.07,89.65,100.7616,0.415,0.1923,0.3281,71.74,17.94,44.82,31.55,23.7,0.1903,9.8,38.9,90.1,0.463,0.192,27.6,R To L,87,Great American Ball Park,
33,691406,Junior Caminero,TB,BOS,2026-09-20T17:40:00Z,Pre-Game,3,Patrick Sandoval,663776,L,57.1,Longshot,Watch List,"Strong Barrel, Premium Lineup Spot, Platoon Edge",61.9,34.3,41.1,96.6,78.0,34.9,Yes,Yes,3,Yes,No,MLB Stats API; RotoWire,,H:2026/2025 P:2026,,,Direct BvP not yet weighted; 2026/2025 Statcast baseline active,7,6,26,1,"Last 7 games: 6/26, 1 HR","platoon edge; pitcher baseline 6.9% barrel, 6.0 HR allowed",EV profile; pitcher fly-ball pressure modest,13.37,50.28,92.61,105.0394,0.4975,0.2306,0.3586,79.27,84.06,45.1,23.49,42.2,0.2591,6.9,36.0,87.8,0.442,0.163,25.7,None,72,Tropicana Field,
34,677594,Julio Rodríguez,SEA,COL,2026-09-20T19:10:00Z,Pre-Game,5,Tomoyuki Sugano,608372,R,57.1,Longshot,Watch List,No major boost,45.4,69.2,49.7,86.4,50.0,28.6,Yes,Yes,5,Yes,No,MLB Stats API; RotoWire,,H:2026/2025 P:2026/2025,,,Direct BvP not yet weighted; 2026/2025 Statcast baseline active,7,9,29,0,"Last 7 games: 9/29, 0 HR","same-side matchup; pitcher baseline 11.9% barrel, 31.6 HR allowed",neutral batted-ball profile; pitcher allows elevated contact,9.1,45.48,90.75,102.8294,0.4496,0.1845,0.3363,76.61,66.64,38.14,25.56,24.3,0.1699,11.94,42.18,90.7,0.5401,0.2385,30.14,In From RF,70,Coors Field,
35,701350,Roman Anthony,BOS,TB,2026-09-20T17:40:00Z,Pre-Game,1,Griffin Jax,643377,R,57.0,Longshot,Watch List,"Strong Barrel, Premium Lineup Spot, Platoon Edge",55.9,43.0,41.1,93.2,80.0,36.5,Yes,Yes,1,Yes,No,MLB Stats API; RotoWire,,H:2026/2025 P:2026/2025,,,Direct BvP not yet weighted; 2026/2025 Statcast baseline active,7,7,29,1,"Last 7 games: 7/29, 1 HR","platoon edge; pitcher baseline 9.3% barrel, 12.6 HR allowed",EV profile; pitcher fly-ball pressure modest,13.15,51.27,92.82,102.9246,0.4525,0.1903,0.3566,75.42,54.49,40.35,23.77,5.9,0.15,9.26,41.51,88.99,0.3993,0.1534,23.37,None,72,Tropicana Field,
36,677951,Bobby Witt Jr.,KC,PIT,2026-09-20T17:35:00Z,Pre-Game,2,Lake Bachar,669199,R,56.8,Longshot,Watch List,"Strong Barrel, Premium Lineup Spot",55.5,42.4,58.3,100.0,50.0,20.9,Yes,Yes,2,Yes,No,MLB Stats API; RotoWire,,H:2026/2025 P:2026/2025,,,Direct BvP not yet weighted; 2026/2025 Statcast baseline active,7,7,27,0,"Last 7 games: 7/27, 0 HR","same-side matchup; pitcher baseline 8.8% barrel, 12.1 HR allowed",EV profile; pitcher allows elevated contact,11.8,49.55,92.53,103.4196,0.5031,0.2087,0.3734,73.95,42.3,31.22,27.41,19.5,0.1759,8.81,36.25,89.39,0.3794,0.171,32.06,Out To CF,72,PNC Park,
37,641343,Jake Bauers,MIL,BAL,2026-09-20T23:20:00Z,Scheduled,5,Brandon Young,687064,R,56.5,Longshot,Watch List,"Projected Lineup, Strong Barrel, Platoon Edge",60.6,43.1,32.1,81.9,80.0,54.7,No,No,5,Yes,Yes,RotoWire projected lineup; MLB probable pitchers,lineup projected / unconfirmed,H:2026/2025 P:2026/2025,,,Direct BvP not yet weighted; 2026/2025 Statcast baseline active,7,6,25,2,Hot streak: 2 HR in last 7 games,"platoon edge; pitcher baseline 7.8% barrel, 18.3 HR allowed",lift-pull EV profile; pitcher fly-ball pressure modest,13.91,50.5,92.12,103.0298,0.4724,0.2216,0.3715,76.5,69.72,40.41,30.33,20.3,0.2074,7.75,40.17,89.33,0.4159,0.1651,26.73,,,Oriole Park at Camden Yards,
38,680664,Eduardo Valencia,DET,CWS,2026-09-20T18:10:00Z,Pre-Game,5,Davis Martin,663436,R,56.4,Longshot,Watch List,Strong Barrel,58.2,44.8,53.6,86.4,50.0,36.5,Yes,Yes,5,Yes,No,MLB Stats API; RotoWire,,H:2026 P:2026/2025,,,Direct BvP not yet weighted; 2026/2025 Statcast baseline active,7,8,22,0,Contact streak: 8/22 over last 7 games,"same-side matchup; pitcher baseline 7.4% barrel, 15.8 HR allowed",neutral batted-ball profile; pitcher fly-ball pressure modest,16.7,46.2,89.6,101.3333,0.497,0.241,0.337,73.1,29.5,39.7,21.8,6.0,0.276,7.42,44.67,90.42,0.4293,0.1573,23.97,L To R,67,Rate Field,
39,800543,Josue De Paula,LAD,SF,2026-09-20T20:10:00Z,Pre-Game,7,Matt Wilkinson,683363,L,56.4,Longshot,Watch List,"Projected Lineup, Strong Barrel",58.0,50.9,65.1,59.8,50.0,47.7,No,No,7,Yes,Yes,RotoWire projected lineup; MLB probable pitchers,lineup projected / unconfirmed,H:2026 P:2026,,,Direct BvP not yet weighted; 2026/2025 Statcast baseline active,7,6,19,1,"Last 7 games: 6/19, 1 HR","same-side matchup; pitcher baseline 7.7% barrel, 4.0 HR allowed",neutral batted-ball profile; pitcher allows elevated contact,14.3,52.4,90.9,99.9804,0.502,0.216,0.442,72.0,25.0,42.9,28.6,1.0,0.208,7.7,49.2,91.0,0.444,0.187,32.3,Out To CF,77,UNIQLO Field at Dodger Stadium,
40,678246,Miguel Vargas,CWS,DET,2026-09-20T18:10:00Z,Pre-Game,3,Troy Melton,675512,R,56.0,Longshot,Watch List,"Strong Barrel, Premium Lineup Spot, Hot Hitter/Streak",51.3,36.6,53.6,96.6,50.0,85.0,Yes,Yes,3,Yes,No,MLB Stats API; RotoWire,,H:2026/2025 P:2026/2025,,,Direct BvP not yet weighted; 2026/2025 Statcast baseline active,7,8,25,3,Hot streak: 3 HR in last 7 games,"same-side matchup; pitcher baseline 6.9% barrel, 11.2 HR allowed",fly-ball profile; pitcher fly-ball pressure modest,12.27,43.09,90.05,100.2262,0.4756,0.2193,0.3617,72.91,33.3,44.63,35.38,27.9,0.2125,6.92,40.94,89.4,0.3801,0.1519,25.26,L To R,67,Rate Field,
41,547180,Bryce Harper,PHI,NYM,2026-09-20T17:10:00Z,Pre-Game,3,Jonah Tong,804636,R,55.9,Longshot,Watch List,"Strong Barrel, Premium Lineup Spot, Platoon Edge",50.3,37.3,49.3,96.6,80.0,43.2,Yes,Yes,3,Yes,No,MLB Stats API; RotoWire,,H:2026/2025 P:2026/2025,,,Direct BvP not yet weighted; 2026/2025 Statcast baseline active,7,8,28,1,"Last 7 games: 8/28, 1 HR","platoon edge; pitcher baseline 8.9% barrel, 2.3 HR allowed",neutral batted-ball profile; pitcher allows elevated contact,11.18,44.91,90.53,101.8043,0.4878,0.2177,0.3778,74.1,45.29,38.54,27.03,27.7,0.2239,8.91,34.64,89.58,0.3604,0.1456,33.31,R To L,68,Citi Field,
42,663886,Tyler Stephenson,CIN,CHC,2026-09-20T17:40:00Z,Pre-Game,4,David Peterson,656849,L,55.9,Longshot,Watch List,"Strong Barrel, Premium Lineup Spot, Platoon Edge",49.7,34.4,66.3,94.9,78.0,19.5,Yes,Yes,4,Yes,No,MLB Stats API; RotoWire,,H:2026/2025 P:2026/2025,,,Direct BvP not yet weighted; 2026/2025 Statcast baseline active,7,5,20,0,"Last 7 games: 5/20, 0 HR","platoon edge; pitcher baseline 6.2% barrel, 13.1 HR allowed",neutral batted-ball profile; pitcher fly-ball pressure modest,13.03,46.12,90.85,100.4403,0.4263,0.1949,0.3243,70.45,6.72,36.94,33.36,14.4,0.1739,6.19,42.01,89.41,0.4056,0.1349,18.59,R To L,87,Great American Ball Park,
43,672960,Kazuma Okamoto,TOR,TEX,2026-09-20T18:35:00Z,Pre-Game,4,Jacob deGrom,594798,R,55.9,Longshot,Watch List,"Strong Barrel, Premium Lineup Spot",53.6,47.5,41.1,94.9,50.0,57.8,Yes,Yes,4,Yes,No,MLB Stats API; RotoWire,,H:2026 P:2026/2025,,,Direct BvP not yet weighted; 2026/2025 Statcast baseline active,7,6,23,2,Hot streak: 2 HR in last 7 games,"same-side matchup; pitcher baseline 8.6% barrel, 21.8 HR allowed",neutral batted-ball profile; pitcher fly-ball pressure modest,13.5,43.9,90.5,101.2996,0.45,0.226,0.329,73.0,33.6,51.8,34.0,33.0,0.226,8.6,44.42,90.45,0.3798,0.1539,28.9,None,72,Globe Life Field,
44,696100,Hunter Goodman,COL,SEA,2026-09-20T19:10:00Z,Pre-Game,3,Kade Anderson,807739,L,55.9,Longshot,Watch List,"Strong Barrel, Premium Lineup Spot, Platoon Edge",56.0,33.7,49.7,96.6,78.0,27.1,Yes,Yes,3,Yes,No,MLB Stats API; RotoWire,,H:2026/2025 P:2026,,,Direct BvP not yet weighted; 2026/2025 Statcast baseline active,7,5,28,1,"Last 7 games: 5/28, 1 HR","platoon edge; pitcher baseline 7.7% barrel, 4.0 HR allowed",neutral batted-ball profile; pitcher fly-ball pressure modest,14.3,45.64,90.24,102.5058,0.456,0.2252,0.322,74.86,48.04,48.28,32.41,35.9,0.2679,7.7,39.7,87.5,0.404,0.14,25.6,In From RF,70,Coors Field,
45,671732,Lawrence Butler,ATH,CLE,2026-09-20T17:40:00Z,Pre-Game,3,Gavin Williams,668909,R,55.8,Longshot,Watch List,"Premium Lineup Spot, Platoon Edge, Hot Hitter/Streak",37.2,54.2,40.6,96.6,80.0,73.0,Yes,Yes,3,Yes,No,MLB Stats API; RotoWire,,H:2026/2025 P:2026/2025,,,Direct BvP not yet weighted; 2026/2025 Statcast baseline active,7,6,25,3,Hot streak: 3 HR in last 7 games,"platoon edge; pitcher baseline 10.6% barrel, 25.8 HR allowed",neutral batted-ball profile; pitcher fly-ball pressure modest,8.57,44.61,89.94,101.8414,0.3947,0.1563,0.319,73.63,38.02,35.52,22.42,18.2,0.1616,10.61,46.05,90.12,0.3973,0.1747,25.86,In From CF,68,Progressive Field,
46,671277,Luis Garcia,NYY,AZ,2026-09-20T20:10:00Z,Scheduled,3,Corbin Burnes,669203,R,55.5,Longshot,Watch List,"Projected Lineup, Strong Barrel, Premium Lineup Spot, Platoon Edge",50.8,54.5,28.2,92.1,80.0,26.2,No,No,3,Yes,Yes,RotoWire projected lineup; MLB probable pitchers,lineup projected / unconfirmed,H:2026/2025 P:2026/2025,,,Direct BvP not yet weighted; 2026/2025 Statcast baseline active,7,5,29,1,"Last 7 games: 5/29, 1 HR","platoon edge; pitcher baseline 11.2% barrel, 3.5 HR allowed",neutral batted-ball profile; pitcher allows elevated contact,11.52,46.57,91.18,101.9255,0.4882,0.2086,0.3432,73.73,39.9,41.5,23.52,25.8,0.2251,11.18,38.73,90.34,0.4081,0.1839,43.67,,,Chase Field,
47,665052,Griffin Conine,MIA,SD,2026-09-20T20:10:00Z,Scheduled,4,Walker Buehler,621111,R,55.4,Longshot,Watch List,"Projected Lineup, Strong Barrel, Premium Lineup Spot, Platoon Edge",57.3,43.0,22.6,90.4,80.0,57.8,No,No,4,Yes,Yes,RotoWire projected lineup; MLB probable pitchers,lineup projected / unconfirmed,H:2026/2025 P:2026/2025,,,Direct BvP not yet weighted; 2026/2025 Statcast baseline active,7,6,23,2,Hot streak: 2 HR in last 7 games,"platoon edge; pitcher baseline 8.6% barrel, 20.6 HR allowed",neutral batted-ball profile; pitcher fly-ball pressure modest,15.22,49.22,91.18,103.1095,0.4586,0.2131,0.3433,74.26,44.04,41.34,24.32,12.5,0.2091,8.59,38.15,88.88,0.4171,0.1645,23.44,,,Petco Park,
48,624413,Pete Alonso,BAL,MIL,2026-09-20T23:20:00Z,Scheduled,2,Jacob Misiorowski,694819,R,55.2,Longshot,Watch List,"Projected Lineup, Strong Barrel, Premium Lineup Spot, Hot Hitter/Streak",73.3,18.9,32.1,95.5,50.0,75.9,No,No,2,Yes,Yes,RotoWire projected lineup; MLB probable pitchers,lineup projected / unconfirmed,H:2026/2025 P:2026/2025,,,Direct BvP not yet weighted; 2026/2025 Statcast baseline active,7,7,27,4,Hot streak: 4 HR in last 7 games,"same-side matchup; pitcher baseline 5.0% barrel, 12.2 HR allowed",EV profile; pitcher fly-ball pressure modest,15.82,55.66,93.85,104.2744,0.5552,0.2759,0.393,74.78,48.51,36.5,30.67,38.0,0.2415,5.03,34.35,87.74,0.2796,0.0996,25.71,,,Oriole Park at Camden Yards,
49,641487,J.P. Crawford,SEA,COL,2026-09-20T19:10:00Z,Pre-Game,1,Tomoyuki Sugano,608372,R,54.9,Longshot,Watch List,"Premium Lineup Spot, Platoon Edge, Hot Hitter/Streak",21.4,69.2,49.7,93.2,80.0,70.9,Yes,Yes,1,Yes,No,MLB Stats API; RotoWire,,H:2026/2025 P:2026/2025,,,Direct BvP not yet weighted; 2026/2025 Statcast baseline active,7,7,31,3,Hot streak: 3 HR in last 7 games,"platoon edge; pitcher baseline 11.9% barrel, 31.6 HR allowed",neutral batted-ball profile; pitcher allows elevated contact,5.88,34.35,87.55,98.0568,0.3699,0.1242,0.3245,71.21,18.67,34.93,22.26,12.7,0.1232,11.94,42.18,90.7,0.5401,0.2385,30.14,In From RF,70,Coors Field,
50,671056,Iván Herrera,STL,WSH,2026-09-20T18:15:00Z,Pre-Game,2,Jake Irvin,663623,R,54.8,Longshot,Watch List,Premium Lineup Spot,34.0,62.1,64.6,100.0,50.0,10.6,Yes,Yes,2,Yes,No,MLB Stats API; RotoWire,,H:2026/2025 P:2026/2025,,,Direct BvP not yet weighted; 2026/2025 Statcast baseline active,7,4,21,0,"Last 7 games: 4/21, 0 HR","same-side matchup; pitcher baseline 11.2% barrel, 23.3 HR allowed",neutral batted-ball profile; pitcher fly-ball pressure modest,7.04,42.66,89.94,101.2751,0.4105,0.1537,0.3437,73.81,42.51,36.82,19.38,16.9,0.1464,11.23,45.7,89.7,0.4693,0.2127,29.23,Out To RF,89,Busch Stadium,
51,624424,Michael Conforto,CHC,CIN,2026-09-20T17:40:00Z,Pre-Game,7,Rhett Lowder,695076,R,54.7,Longshot,Watch List,"Strong Barrel, Platoon Edge",44.3,53.1,66.3,64.3,80.0,24.9,Yes,Yes,7,Yes,No,MLB Stats API; RotoWire,,H:2026/2025 P:2026,,,Direct BvP not yet weighted; 2026/2025 Statcast baseline active,7,6,21,0,"Last 7 games: 6/21, 0 HR","platoon edge; pitcher baseline 9.8% barrel, 18.0 HR allowed",neutral batted-ball profile; pitcher fly-ball pressure modest,10.54,41.97,90.11,100.5817,0.4247,0.1896,0.3307,72.92,33.51,43.39,33.43,13.4,0.2012,9.8,38.9,90.1,0.463,0.192,27.6,R To L,87,Great American Ball Park,
52,804668,Rafael Flores Jr.,PIT,KC,2026-09-20T17:35:00Z,Pre-Game,7,Michael Wacha,608379,R,54.6,Longshot,Watch List,Strong Barrel,61.2,37.3,58.3,64.3,50.0,63.3,Yes,Yes,7,Yes,No,MLB Stats API; RotoWire,,H:2026/2025 P:2026/2025,,,Direct BvP not yet weighted; 2026/2025 Statcast baseline active,7,10,23,1,Contact streak: 10/23 over last 7 games,"same-side matchup; pitcher baseline 7.0% barrel, 23.4 HR allowed",fly-ball profile; pitcher fly-ball pressure modest,13.06,51.44,91.86,102.1953,0.4902,0.2395,0.3491,73.75,38.55,39.42,37.71,6.3,0.2121,6.98,35.72,87.92,0.4081,0.1633,28.95,Out To CF,72,PNC Park,
53,691777,Max Muncy,LAD,SF,2026-09-20T20:10:00Z,Pre-Game,4,Matt Wilkinson,683363,L,54.5,Longshot,Watch List,"Projected Lineup, Strong Barrel, Premium Lineup Spot, Platoon Edge",35.1,50.9,65.1,90.4,78.0,26.1,No,No,4,Yes,Yes,RotoWire projected lineup; MLB probable pitchers,lineup projected / unconfirmed,H:2026/2025 P:2026,,,Direct BvP not yet weighted; 2026/2025 Statcast baseline active,7,5,17,0,"Last 7 games: 5/17, 0 HR","platoon edge; pitcher baseline 7.7% barrel, 4.0 HR allowed",neutral batted-ball profile; pitcher allows elevated contact,10.52,40.17,88.5,100.9708,0.3621,0.1493,0.2817,73.8,42.11,43.52,22.51,9.0,0.1594,7.7,49.2,91.0,0.444,0.187,32.3,Out To CF,77,UNIQLO Field at Dodger Stadium,
54,669003,Garrett Mitchell,MIL,BAL,2026-09-20T23:20:00Z,Scheduled,1,Brandon Young,687064,R,54.5,Longshot,Watch List,"Projected Lineup, Strong Barrel, Premium Lineup Spot, Platoon Edge, Hot Hitter/Streak",48.0,43.1,32.1,88.7,80.0,77.4,No,No,1,Yes,Yes,RotoWire projected lineup; MLB probable pitchers,lineup projected / unconfirmed,H:2026/2025 P:2026/2025,,,Direct BvP not yet weighted; 2026/2025 Statcast baseline active,7,9,23,2,Hot streak: 2 HR in last 7 games,"platoon edge; pitcher baseline 7.8% barrel, 18.3 HR allowed",EV profile; pitcher fly-ball pressure modest,10.48,49.62,92.5,103.8881,0.4173,0.1617,0.3342,77.15,77.44,33.58,17.2,7.7,0.1405,7.75,40.17,89.33,0.4159,0.1651,26.73,,,Oriole Park at Camden Yards,
55,666176,Jo Adell,CLE,ATH,2026-09-20T17:40:00Z,Pre-Game,4,Jack Perkins,678022,R,54.3,Longshot,Watch List,"Strong Barrel, Premium Lineup Spot",52.5,41.0,40.6,94.9,50.0,65.2,Yes,Yes,4,Yes,No,MLB Stats API; RotoWire,,H:2026/2025 P:2026/2025,,,Direct BvP not yet weighted; 2026/2025 Statcast baseline active,7,9,29,2,Hot streak: 2 HR in last 7 games,"same-side matchup; pitcher baseline 9.2% barrel, 15.2 HR allowed",neutral batted-ball profile; pitcher allows elevated contact,11.42,45.8,90.65,102.9402,0.4734,0.2148,0.3377,77.39,72.18,39.89,27.07,26.5,0.1874,9.18,36.86,87.94,0.3769,0.1503,33.12,In From CF,68,Progressive Field,
56,660670,Ronald Acuña Jr.,ATL,HOU,2026-09-20T18:10:00Z,Pre-Game,2,Hunter Brown,686613,R,54.2,Longshot,Watch List,"Strong Barrel, Premium Lineup Spot, Hot Hitter/Streak",59.2,21.9,41.1,100.0,50.0,93.9,Yes,Yes,2,Yes,No,MLB Stats API; RotoWire,,H:2026/2025 P:2026/2025,,,Direct BvP not yet weighted; 2026/2025 Statcast baseline active,7,11,29,4,Hot streak: 4 HR in last 7 games,"same-side matchup; pitcher baseline 6.1% barrel, 12.8 HR allowed",neutral batted-ball profile; pitcher fly-ball pressure modest,13.81,46.83,90.74,103.0747,0.5084,0.2454,0.3774,75.91,61.97,36.23,28.23,20.3,0.2119,6.11,35.56,86.31,0.3229,0.1192,23.09,None,72,Daikin Park,
57,669065,Kyle Stowers,MIA,SD,2026-09-20T20:10:00Z,Scheduled,1,Walker Buehler,621111,R,54.1,Longshot,Watch List,"Projected Lineup, Strong Barrel, Premium Lineup Spot, Platoon Edge",62.8,43.0,22.6,88.7,80.0,1.4,No,No,1,Yes,Yes,RotoWire projected lineup; MLB probable pitchers,lineup projected / unconfirmed,H:2026/2025 P:2026/2025,,,Direct BvP not yet weighted; 2026/2025 Statcast baseline active,7,4,31,0,"Last 7 games: 4/31, 0 HR","platoon edge; pitcher baseline 8.6% barrel, 20.6 HR allowed",neutral batted-ball profile; pitcher fly-ball pressure modest,14.48,55.01,91.94,103.2571,0.4607,0.2244,0.3386,75.28,54.25,45.36,32.62,20.8,0.2231,8.59,38.15,88.88,0.4171,0.1645,23.44,,,Petco Park,
58,668804,Bryan Reynolds,PIT,KC,2026-09-20T17:35:00Z,Pre-Game,3,Michael Wacha,608379,R,53.9,Longshot,Watch List,"Strong Barrel, Premium Lineup Spot, Platoon Edge",47.7,35.7,58.3,96.6,75.0,12.0,Yes,Yes,3,Yes,No,MLB Stats API; RotoWire,,H:2026/2025 P:2026/2025,,,Direct BvP not yet weighted; 2026/2025 Statcast baseline active,7,6,30,0,"Last 7 games: 6/30, 0 HR","switch hitter; pitcher baseline 7.0% barrel, 23.4 HR allowed",neutral batted-ball profile; pitcher fly-ball pressure modest,11.15,47.33,90.99,101.9034,0.4456,0.1911,0.3485,72.62,27.88,39.24,26.02,16.7,0.1612,6.98,35.72,87.92,0.4081,0.1633,28.95,Out To CF,72,PNC Park,
59,545361,Mike Trout,LAA,MIN,2026-09-20T20:07:00Z,Scheduled,2,Dean Kremer,665152,R,53.9,Longshot,Watch List,"Projected Lineup, Strong Barrel, Premium Lineup Spot",59.4,47.7,28.2,95.5,50.0,14.6,No,No,2,Yes,Yes,RotoWire projected lineup; MLB probable pitchers,lineup projected / unconfirmed,H:2026/2025 P:2026/2025,,,Direct BvP not yet weighted; 2026/2025 Statcast baseline active,7,5,23,0,"Last 7 games: 5/23, 0 HR","same-side matchup; pitcher baseline 9.3% barrel, 18.5 HR allowed",neutral batted-ball profile; pitcher allows elevated contact,15.8,46.57,90.2,102.8301,0.481,0.2334,0.372,74.49,46.44,35.81,31.14,22.5,0.1874,9.33,35.66,87.96,0.4419,0.1987,31.55,,,Angel Stadium,
60,668901,Mark Vientos,NYM,PHI,2026-09-20T17:10:00Z,Pre-Game,4,Cristopher Sánchez,650911,L,53.6,Longshot,Watch List,"Strong Barrel, Premium Lineup Spot, Platoon Edge",47.3,32.5,49.3,94.9,78.0,50.3,Yes,Yes,4,Yes,No,MLB Stats API; RotoWire,,H:2026/2025 P:2026/2025,,,Direct BvP not yet weighted; 2026/2025 Statcast baseline active,7,5,15,1,Contact streak: 5/15 over last 7 games,"platoon edge; pitcher baseline 6.9% barrel, 15.5 HR allowed",neutral batted-ball profile; pitcher fly-ball pressure modest,10.73,46.37,90.21,101.212,0.4418,0.2038,0.3151,72.88,26.85,37.07,29.23,14.2,0.1849,6.89,40.64,89.07,0.3583,0.1249,16.62,R To L,68,Citi Field,
61,518692,Freddie Freeman,LAD,SF,2026-09-20T20:10:00Z,Pre-Game,2,Matt Wilkinson,683363,L,53.3,Longshot,Watch List,"Projected Lineup, Premium Lineup Spot",39.6,50.9,65.1,95.5,50.0,7.0,No,No,2,Yes,Yes,RotoWire projected lineup; MLB probable pitchers,lineup projected / unconfirmed,H:2026/2025 P:2026,,,Direct BvP not yet weighted; 2026/2025 Statcast baseline active,7,5,30,0,"Last 7 games: 5/30, 0 HR","same-side matchup; pitcher baseline 7.7% barrel, 4.0 HR allowed",neutral batted-ball profile; pitcher allows elevated contact,8.86,42.48,89.85,100.1649,0.467,0.1832,0.3612,70.08,7.91,36.54,27.14,18.4,0.1657,7.7,49.2,91.0,0.444,0.187,32.3,Out To CF,77,UNIQLO Field at Dodger Stadium,
62,608369,Corey Seager,TEX,TOR,2026-09-20T18:35:00Z,Pre-Game,2,Spencer Miles,693686,R,53.2,Longshot,Watch List,"Strong Barrel, Premium Lineup Spot, Platoon Edge",61.8,11.9,41.1,100.0,80.0,52.1,Yes,Yes,2,Yes,No,MLB Stats API; RotoWire,,H:2026/2025 P:2026,,,Direct BvP not yet weighted; 2026/2025 Statcast baseline active,7,10,29,1,Contact streak: 10/29 over last 7 games,"platoon edge; pitcher baseline 3.5% barrel, 5.0 HR allowed",lift-pull EV profile; pitcher fly-ball pressure modest,14.67,49.89,92.13,102.614,0.5095,0.2462,0.3678,71.8,15.16,40.57,30.85,18.9,0.2034,3.5,34.5,86.8,0.32,0.091,19.8,None,72,Globe Life Field,
63,680869,Zack Gelof,ATH,CLE,2026-09-20T17:40:00Z,Pre-Game,4,Gavin Williams,668909,R,53.1,Longshot,Watch List,"Strong Barrel, Premium Lineup Spot",41.2,54.2,40.6,94.9,50.0,53.3,Yes,Yes,4,Yes,No,MLB Stats API; RotoWire,,H:2026/2025 P:2026/2025,,,Direct BvP not yet weighted; 2026/2025 Statcast baseline active,7,6,26,2,Hot streak: 2 HR in last 7 games,"same-side matchup; pitcher baseline 10.6% barrel, 25.8 HR allowed",neutral batted-ball profile; pitcher fly-ball pressure modest,10.54,43.91,89.15,99.8484,0.3837,0.1781,0.2848,73.22,26.66,39.74,28.78,13.9,0.1736,10.61,46.05,90.12,0.3973,0.1747,25.86,In From CF,68,Progressive Field,
64,665019,Kody Clemens,MIN,LAA,2026-09-20T20:07:00Z,Scheduled,3,Ryan Johnson,696270,R,53.0,Longshot,Watch List,"Projected Lineup, Strong Barrel, Premium Lineup Spot, Platoon Edge",52.0,46.1,28.2,92.1,80.0,8.1,No,No,3,Yes,Yes,RotoWire projected lineup; MLB probable pitchers,lineup projected / unconfirmed,H:2026/2025 P:2026/2025,,,Direct BvP not yet weighted; 2026/2025 Statcast baseline active,7,4,23,0,"Last 7 games: 4/23, 0 HR","platoon edge; pitcher baseline 9.5% barrel, 13.8 HR allowed",neutral batted-ball profile; pitcher allows elevated contact,11.58,46.69,91.92,101.4284,0.4587,0.209,0.3338,72.06,14.42,46.43,33.25,23.9,0.2238,9.48,36.42,87.68,0.4332,0.1833,34.09,,,Angel Stadium,
65,686948,Drake Baldwin,ATL,HOU,2026-09-20T18:10:00Z,Pre-Game,1,Hunter Brown,686613,R,52.9,Longshot,Watch List,"Strong Barrel, Premium Lineup Spot, Platoon Edge",56.1,21.9,41.1,93.2,80.0,55.3,Yes,Yes,1,Yes,No,MLB Stats API; RotoWire,,H:2026/2025 P:2026/2025,,,Direct BvP not yet weighted; 2026/2025 Statcast baseline active,7,11,30,1,Contact streak: 11/30 over last 7 games,"platoon edge; pitcher baseline 6.1% barrel, 12.8 HR allowed",neutral batted-ball profile; pitcher fly-ball pressure modest,12.26,50.16,91.49,102.1395,0.4947,0.2185,0.3635,75.3,56.51,32.36,25.88,22.5,0.1817,6.11,35.56,86.31,0.3229,0.1192,23.09,None,72,Daikin Park,
66,663656,Kyle Tucker,LAD,SF,2026-09-20T20:10:00Z,Pre-Game,6,Matt Wilkinson,683363,L,52.9,Longshot,Watch List,"Projected Lineup, Hot Hitter/Streak",35.1,50.9,65.1,71.7,50.0,95.7,No,No,6,Yes,Yes,RotoWire projected lineup; MLB probable pitchers,lineup projected / unconfirmed,H:2026/2025 P:2026,,,Direct BvP not yet weighted; 2026/2025 Statcast baseline active,7,9,23,3,Hot streak: 3 HR in last 7 games,"same-side matchup; pitcher baseline 7.7% barrel, 4.0 HR allowed",neutral batted-ball profile; pitcher allows elevated contact,7.93,38.16,89.26,98.8724,0.4228,0.1626,0.3454,71.65,20.73,43.1,34.03,18.5,0.1707,7.7,49.2,91.0,0.444,0.187,32.3,Out To CF,77,UNIQLO Field at Dodger Stadium,
67,701678,Hao-Yu Lee,DET,CWS,2026-09-20T18:10:00Z,Pre-Game,3,Davis Martin,663436,R,52.4,Longshot,Watch List,"Premium Lineup Spot, Hot Hitter/Streak",36.2,44.8,53.6,96.6,50.0,71.9,Yes,Yes,3,Yes,No,MLB Stats API; RotoWire,,H:2026 P:2026/2025,,,Direct BvP not yet weighted; 2026/2025 Statcast baseline active,7,11,31,2,Hot streak: 2 HR in last 7 games,"same-side matchup; pitcher baseline 7.4% barrel, 15.8 HR allowed",neutral batted-ball profile; pitcher fly-ball pressure modest,8.9,41.5,89.6,100.4171,0.4,0.165,0.303,71.5,22.2,27.7,25.9,10.0,0.166,7.42,44.67,90.42,0.4293,0.1573,23.97,L To R,67,Rate Field,
68,805808,Kevin McGonigle,DET,CWS,2026-09-20T18:10:00Z,Pre-Game,1,Davis Martin,663436,R,52.3,Longshot,Watch List,"Premium Lineup Spot, Platoon Edge",34.4,44.8,53.6,93.2,80.0,37.6,Yes,Yes,1,Yes,No,MLB Stats API; RotoWire,,H:2026 P:2026/2025,,,Direct BvP not yet weighted; 2026/2025 Statcast baseline active,7,10,27,0,Contact streak: 10/27 over last 7 games,"platoon edge; pitcher baseline 7.4% barrel, 15.8 HR allowed",fly-ball profile; pitcher fly-ball pressure modest,7.1,37.5,88.0,98.4221,0.45,0.182,0.36,71.3,16.0,37.2,35.6,17.0,0.151,7.42,44.67,90.42,0.4293,0.1573,23.97,L To R,67,Rate Field,
69,679529,Spencer Torkelson,DET,CWS,2026-09-20T18:10:00Z,Pre-Game,7,Davis Martin,663436,R,52.2,Longshot,Watch List,"Strong Barrel, Hot Hitter/Streak",48.1,44.8,53.6,64.3,50.0,80.0,Yes,Yes,7,Yes,No,MLB Stats API; RotoWire,,H:2026/2025 P:2026/2025,,,Direct BvP not yet weighted; 2026/2025 Statcast baseline active,7,9,22,2,Hot streak: 2 HR in last 7 games,"same-side matchup; pitcher baseline 7.4% barrel, 15.8 HR allowed",fly-ball profile; pitcher fly-ball pressure modest,12.59,42.86,89.71,100.2537,0.414,0.1971,0.3193,73.14,26.09,47.91,36.11,26.1,0.1999,7.42,44.67,90.42,0.4293,0.1573,23.97,L To R,67,Rate Field,
70,665487,Fernando Tatis,SD,MIA,2026-09-20T20:10:00Z,Scheduled,1,Sandy Alcantara,645261,R,52.2,Longshot,Watch List,"Projected Lineup, Strong Barrel, Premium Lineup Spot, Hot Hitter/Streak",58.0,36.9,22.6,88.7,50.0,77.0,No,No,1,Yes,Yes,RotoWire projected lineup; MLB probable pitchers,lineup projected / unconfirmed,H:2026/2025 P:2026/2025,,,Direct BvP not yet weighted; 2026/2025 Statcast baseline active,7,8,30,3,Hot streak: 3 HR in last 7 games,"same-side matchup; pitcher baseline 6.6% barrel, 22.7 HR allowed",EV profile; pitcher fly-ball pressure modest,12.26,53.13,93.09,104.4668,0.495,0.2072,0.3756,75.65,58.12,34.73,22.5,24.3,0.1787,6.64,38.77,89.23,0.3982,0.1428,24.94,,,Petco Park,
71,521692,Salvador Perez,KC,PIT,2026-09-20T17:35:00Z,Pre-Game,4,Lake Bachar,669199,R,52.1,Longshot,Watch List,"Strong Barrel, Premium Lineup Spot",46.7,42.4,58.3,94.9,50.0,0.0,Yes,Yes,4,Yes,No,MLB Stats API; RotoWire,,H:2026/2025 P:2026/2025,,,Direct BvP not yet weighted; 2026/2025 Statcast baseline active,7,2,21,0,"Last 7 games: 2/21, 0 HR","same-side matchup; pitcher baseline 8.8% barrel, 12.1 HR allowed",neutral batted-ball profile; pitcher allows elevated contact,11.51,43.9,89.3,100.8169,0.4584,0.2065,0.3234,71.99,22.42,41.77,30.92,22.3,0.1666,8.81,36.25,89.39,0.3794,0.171,32.06,Out To CF,72,PNC Park,
72,701538,Jackson Merrill,SD,MIA,2026-09-20T20:10:00Z,Scheduled,5,Sandy Alcantara,645261,R,52.1,Longshot,Watch List,"Projected Lineup, Strong Barrel, Platoon Edge",55.0,36.9,22.6,81.9,80.0,60.3,No,No,5,Yes,Yes,RotoWire projected lineup; MLB probable pitchers,lineup projected / unconfirmed,H:2026/2025 P:2026/2025,,,Direct BvP not yet weighted; 2026/2025 Statcast baseline active,7,12,30,1,Contact streak: 12/30 over last 7 games,"platoon edge; pitcher baseline 6.6% barrel, 22.7 HR allowed",neutral batted-ball profile; pitcher fly-ball pressure modest,12.72,47.38,91.03,101.2305,0.4942,0.2256,0.3491,72.95,28.1,37.56,30.34,23.0,0.1923,6.64,38.77,89.23,0.3982,0.1428,24.94,,,Petco Park,
73,695336,Thomas Saggese,STL,WSH,2026-09-20T18:15:00Z,Pre-Game,6,Jake Irvin,663623,R,52.0,Longshot,Watch List,No major boost,35.6,62.1,64.6,76.2,50.0,10.8,Yes,Yes,6,Yes,No,MLB Stats API; RotoWire,,H:2026/2025 P:2026/2025,,,Direct BvP not yet weighted; 2026/2025 Statcast baseline active,7,5,26,0,"Last 7 games: 5/26, 0 HR","same-side matchup; pitcher baseline 11.2% barrel, 23.3 HR allowed",neutral batted-ball profile; pitcher fly-ball pressure modest,8.33,42.56,90.27,100.4508,0.3902,0.1481,0.3034,71.55,18.11,29.41,27.88,3.4,0.1183,11.23,45.7,89.7,0.4693,0.2127,29.23,Out To RF,89,Busch Stadium,
74,665489,Vladimir Guerrero Jr.,TOR,TEX,2026-09-20T18:35:00Z,Pre-Game,2,Jacob deGrom,594798,R,51.9,Longshot,Watch List,Premium Lineup Spot,40.9,47.5,41.1,100.0,50.0,46.5,Yes,Yes,2,Yes,No,MLB Stats API; RotoWire,,H:2026/2025 P:2026/2025,,,Direct BvP not yet weighted; 2026/2025 Statcast baseline active,7,8,26,1,"Last 7 games: 8/26, 1 HR","same-side matchup; pitcher baseline 8.6% barrel, 21.8 HR allowed",neutral batted-ball profile; pitcher fly-ball pressure modest,8.56,46.43,90.95,103.3898,0.436,0.1472,0.3497,76.49,64.38,35.25,19.45,13.2,0.1204,8.6,44.42,90.45,0.3798,0.1539,28.9,None,72,Globe Life Field,
75,815873,Sean Keys,TOR,TEX,2026-09-20T18:35:00Z,Pre-Game,5,Jacob deGrom,594798,R,51.7,Longshot,Watch List,Platoon Edge,38.1,47.5,41.1,86.4,80.0,45.3,Yes,Yes,5,Yes,No,MLB Stats API; RotoWire,,H:2026 P:2026/2025,,,Direct BvP not yet weighted; 2026/2025 Statcast baseline active,7,3,10,1,"Last 7 games: 3/10, 1 HR","platoon edge; pitcher baseline 8.6% barrel, 21.8 HR allowed",neutral batted-ball profile; pitcher fly-ball pressure modest,7.1,60.7,90.7,102.0315,0.317,0.12,0.24,74.7,48.5,32.1,21.4,2.0,0.152,8.6,44.42,90.45,0.3798,0.1539,28.9,None,72,Globe Life Field,
76,695657,Colson Montgomery,CWS,DET,2026-09-20T18:10:00Z,Pre-Game,6,Troy Melton,675512,R,51.6,Longshot,Watch List,"Strong Barrel, Platoon Edge",51.2,36.6,53.6,76.2,80.0,0.0,Yes,Yes,6,Yes,No,MLB Stats API; RotoWire,,H:2026/2025 P:2026/2025,,,Direct BvP not yet weighted; 2026/2025 Statcast baseline active,7,2,18,0,"Last 7 games: 2/18, 0 HR","platoon edge; pitcher baseline 6.9% barrel, 11.2 HR allowed",neutral batted-ball profile; pitcher fly-ball pressure modest,13.1,42.61,88.91,101.8799,0.4303,0.2185,0.313,76.72,70.65,48.81,32.74,28.0,0.2382,6.92,40.94,89.4,0.3801,0.1519,25.26,L To R,67,Rate Field,
77,608324,Alex Bregman,CHC,CIN,2026-09-20T17:40:00Z,Pre-Game,4,Rhett Lowder,695076,R,51.3,Longshot,Watch List,Premium Lineup Spot,28.3,53.1,66.3,94.9,50.0,30.3,Yes,Yes,4,Yes,No,MLB Stats API; RotoWire,,H:2026/2025 P:2026,,,Direct BvP not yet weighted; 2026/2025 Statcast baseline active,7,5,25,1,"Last 7 games: 5/25, 1 HR","same-side matchup; pitcher baseline 9.8% barrel, 18.0 HR allowed",neutral batted-ball profile; pitcher fly-ball pressure modest,6.32,39.43,88.7,98.3666,0.3955,0.1453,0.3265,70.16,5.08,47.49,27.3,23.6,0.1904,9.8,38.9,90.1,0.463,0.192,27.6,R To L,87,Great American Ball Park,
78,647304,Josh Naylor,SEA,COL,2026-09-20T19:10:00Z,Pre-Game,6,Tomoyuki Sugano,608372,R,51.1,Longshot,Watch List,Platoon Edge,22.9,69.2,49.7,76.2,80.0,32.0,Yes,Yes,6,Yes,No,MLB Stats API; RotoWire,,H:2026/2025 P:2026/2025,,,Direct BvP not yet weighted; 2026/2025 Statcast baseline active,7,10,30,0,Contact streak: 10/30 over last 7 games,"platoon edge; pitcher baseline 11.9% barrel, 31.6 HR allowed",neutral batted-ball profile; pitcher allows elevated contact,5.3,37.77,87.73,98.9767,0.3991,0.1289,0.3187,70.34,11.82,41.36,22.22,13.0,0.1138,11.94,42.18,90.7,0.5401,0.2385,30.14,In From RF,70,Coors Field,
79,641355,Cody Bellinger,NYY,AZ,2026-09-20T20:10:00Z,Scheduled,2,Corbin Burnes,669203,R,51.1,Longshot,Watch List,"Projected Lineup, Premium Lineup Spot, Platoon Edge",30.5,54.5,28.2,95.5,80.0,63.7,No,No,2,Yes,Yes,RotoWire projected lineup; MLB probable pitchers,lineup projected / unconfirmed,H:2026/2025 P:2026/2025,,,Direct BvP not yet weighted; 2026/2025 Statcast baseline active,7,9,30,2,Hot streak: 2 HR in last 7 games,"platoon edge; pitcher baseline 11.2% barrel, 3.5 HR allowed",neutral batted-ball profile; pitcher allows elevated contact,6.8,37.83,88.93,98.5576,0.4187,0.1512,0.3342,69.89,4.89,44.15,31.85,19.9,0.1786,11.18,38.73,90.34,0.4081,0.1839,43.67,,,Chase Field,
80,703607,Henry Bolte,ATH,CLE,2026-09-20T17:40:00Z,Pre-Game,1,Gavin Williams,668909,R,50.8,Longshot,Watch List,Premium Lineup Spot,37.9,54.2,40.6,93.2,50.0,32.9,Yes,Yes,1,Yes,No,MLB Stats API; RotoWire,,H:2026 P:2026/2025,,,Direct BvP not yet weighted; 2026/2025 Statcast baseline active,7,5,23,1,"Last 7 games: 5/23, 1 HR","same-side matchup; pitcher baseline 10.6% barrel, 25.8 HR allowed",neutral batted-ball profile; pitcher fly-ball pressure modest,8.0,48.3,90.9,104.442,0.374,0.129,0.317,76.9,71.4,31.8,15.5,11.0,0.124,10.61,46.05,90.12,0.3973,0.1747,25.86,In From CF,68,Progressive Field,
81,800050,Chase DeLauter,CLE,ATH,2026-09-20T17:40:00Z,Pre-Game,3,Jack Perkins,678022,R,50.8,Longshot,Watch List,"Premium Lineup Spot, Platoon Edge",34.9,41.0,40.6,96.6,80.0,52.0,Yes,Yes,3,Yes,No,MLB Stats API; RotoWire,,H:2026 P:2026/2025,,,Direct BvP not yet weighted; 2026/2025 Statcast baseline active,7,6,27,2,Hot streak: 2 HR in last 7 games,"platoon edge; pitcher baseline 9.2% barrel, 15.2 HR allowed",neutral batted-ball profile; pitcher allows elevated contact,6.3,46.1,91.3,101.2934,0.426,0.149,0.345,71.5,18.6,37.7,19.3,15.0,0.168,9.18,36.86,87.94,0.3769,0.1503,33.12,In From CF,68,Progressive Field,
82,668723,Ryan Vilade,TB,BOS,2026-09-20T17:40:00Z,Pre-Game,2,Patrick Sandoval,663776,L,50.7,Longshot,Watch List,"Premium Lineup Spot, Platoon Edge",44.9,34.3,41.1,100.0,78.0,10.1,Yes,Yes,2,Yes,No,MLB Stats API; RotoWire,,H:2026/2025 P:2026,,,Direct BvP not yet weighted; 2026/2025 Statcast baseline active,7,3,16,0,"Last 7 games: 3/16, 0 HR","platoon edge; pitcher baseline 6.9% barrel, 6.0 HR allowed",neutral batted-ball profile; pitcher fly-ball pressure modest,8.79,50.57,91.7,102.6432,0.4061,0.1618,0.3223,75.91,58.56,24.15,25.03,7.7,0.1407,6.9,36.0,87.8,0.442,0.163,25.7,None,72,Tropicana Field,
83,665161,Jeremy Peña,HOU,ATL,2026-09-20T18:10:00Z,Pre-Game,1,Martín Pérez,527048,L,50.7,Longshot,Watch List,"Premium Lineup Spot, Platoon Edge, Hot Hitter/Streak",33.3,37.7,41.1,93.2,78.0,88.9,Yes,Yes,1,Yes,No,MLB Stats API; RotoWire,,H:2026/2025 P:2026/2025,,,Direct BvP not yet weighted; 2026/2025 Statcast baseline active,7,9,26,3,Hot streak: 3 HR in last 7 games,"platoon edge; pitcher baseline 7.9% barrel, 10.9 HR allowed",neutral batted-ball profile; pitcher fly-ball pressure modest,7.43,40.66,88.62,100.0091,0.4299,0.1606,0.3291,72.23,15.04,45.99,25.34,19.1,0.1912,7.93,37.16,88.06,0.4213,0.1618,24.69,None,72,Daikin Park,
84,681715,Heriberto Hernandez,MIA,SD,2026-09-20T20:10:00Z,Scheduled,2,Walker Buehler,621111,R,50.7,Longshot,Watch List,"Projected Lineup, Strong Barrel, Premium Lineup Spot",53.2,43.0,22.6,95.5,50.0,32.0,No,No,2,Yes,Yes,RotoWire projected lineup; MLB probable pitchers,lineup projected / unconfirmed,H:2026/2025 P:2026/2025,,,Direct BvP not yet weighted; 2026/2025 Statcast baseline active,7,10,30,0,Contact streak: 10/30 over last 7 games,"same-side matchup; pitcher baseline 8.6% barrel, 20.6 HR allowed",neutral batted-ball profile; pitcher fly-ball pressure modest,12.4,46.59,90.83,101.6149,0.463,0.2173,0.3445,74.07,43.92,46.4,30.62,19.8,0.2014,8.59,38.15,88.88,0.4171,0.1645,23.44,,,Petco Park,
85,682626,Francisco Alvarez,NYM,PHI,2026-09-20T17:10:00Z,Pre-Game,7,Cristopher Sánchez,650911,L,50.6,Longshot,Watch List,"Strong Barrel, Platoon Edge",54.3,32.5,49.3,64.3,78.0,29.2,Yes,Yes,7,Yes,No,MLB Stats API; RotoWire,,H:2026/2025 P:2026/2025,,,Direct BvP not yet weighted; 2026/2025 Statcast baseline active,7,5,26,1,"Last 7 games: 5/26, 1 HR","platoon edge; pitcher baseline 6.9% barrel, 15.5 HR allowed",neutral batted-ball profile; pitcher fly-ball pressure modest,14.48,48.91,91.14,102.8825,0.4293,0.201,0.3225,74.11,42.11,37.61,24.61,14.5,0.1756,6.89,40.64,89.07,0.3583,0.1249,16.62,R To L,68,Citi Field,
86,671739,Michael Harris II,ATL,HOU,2026-09-20T18:10:00Z,Pre-Game,4,Hunter Brown,686613,R,50.6,Longshot,Watch List,"Premium Lineup Spot, Platoon Edge, Hot Hitter/Streak",44.4,21.9,41.1,94.9,80.0,81.6,Yes,Yes,4,Yes,No,MLB Stats API; RotoWire,,H:2026/2025 P:2026/2025,,,Direct BvP not yet weighted; 2026/2025 Statcast baseline active,7,13,31,2,Hot streak: 2 HR in last 7 games,"platoon edge; pitcher baseline 6.1% barrel, 12.8 HR allowed",neutral batted-ball profile; pitcher fly-ball pressure modest,9.8,45.85,90.34,102.9784,0.4625,0.1802,0.3318,74.72,47.05,36.22,22.49,24.2,0.1866,6.11,35.56,86.31,0.3229,0.1192,23.09,None,72,Daikin Park,
87,691019,Kyle Teel,CWS,DET,2026-09-20T18:10:00Z,Pre-Game,2,Troy Melton,675512,R,50.6,Longshot,Watch List,"Strong Barrel, Premium Lineup Spot, Platoon Edge",38.2,36.6,53.6,100.0,80.0,0.0,Yes,Yes,2,Yes,No,MLB Stats API; RotoWire,,H:2026/2025 P:2026/2025,,,Direct BvP not yet weighted; 2026/2025 Statcast baseline active,7,1,19,0,"Last 7 games: 1/19, 0 HR","platoon edge; pitcher baseline 6.9% barrel, 11.2 HR allowed",neutral batted-ball profile; pitcher fly-ball pressure modest,11.77,46.91,85.78,100.4929,0.3817,0.1664,0.3188,71.36,23.78,40.12,29.31,5.2,0.1471,6.92,40.94,89.4,0.3801,0.1519,25.26,L To R,67,Rate Field,
88,694192,Jackson Chourio,MIL,BAL,2026-09-20T23:20:00Z,Scheduled,2,Brandon Young,687064,R,50.6,Longshot,Watch List,"Projected Lineup, Strong Barrel, Premium Lineup Spot",50.1,43.1,32.1,95.5,50.0,20.3,No,No,2,Yes,Yes,RotoWire projected lineup; MLB probable pitchers,lineup projected / unconfirmed,H:2026/2025 P:2026/2025,,,Direct BvP not yet weighted; 2026/2025 Statcast baseline active,7,4,30,1,"Last 7 games: 4/30, 1 HR","same-side matchup; pitcher baseline 7.8% barrel, 18.3 HR allowed",neutral batted-ball profile; pitcher fly-ball pressure modest,11.52,45.66,90.98,101.9221,0.4582,0.2007,0.3308,74.25,44.66,31.36,29.2,23.1,0.1958,7.75,40.17,89.33,0.4159,0.1651,26.73,,,Oriole Park at Camden Yards,
89,668930,Brice Turang,MIL,BAL,2026-09-20T23:20:00Z,Scheduled,3,Brandon Young,687064,R,50.1,Longshot,Watch List,"Projected Lineup, Premium Lineup Spot, Platoon Edge",36.4,43.1,32.1,92.1,80.0,57.5,No,No,3,Yes,Yes,RotoWire projected lineup; MLB probable pitchers,lineup projected / unconfirmed,H:2026/2025 P:2026/2025,,,Direct BvP not yet weighted; 2026/2025 Statcast baseline active,7,8,21,1,Contact streak: 8/21 over last 7 games,"platoon edge; pitcher baseline 7.8% barrel, 18.3 HR allowed",neutral batted-ball profile; pitcher fly-ball pressure modest,7.72,43.34,90.54,100.3759,0.4276,0.1698,0.3427,70.25,13.55,27.79,23.64,18.7,0.1666,7.75,40.17,89.33,0.4159,0.1651,26.73,,,Oriole Park at Camden Yards,
90,665953,Andrés Chaparro,WSH,STL,2026-09-20T18:15:00Z,Pre-Game,2,Quinn Mathews,687273,L,50.0,Longshot,Watch List,"Strong Barrel, Premium Lineup Spot, Platoon Edge",43.0,12.9,64.6,100.0,78.0,39.8,Yes,Yes,2,Yes,No,MLB Stats API; RotoWire,,H:2026/2025 P:2026,,,Direct BvP not yet weighted; 2026/2025 Statcast baseline active,7,5,19,1,"Last 7 games: 5/19, 1 HR","platoon edge; pitcher baseline 2.8% barrel, 3.0 HR allowed",neutral batted-ball profile; pitcher fly-ball pressure modest,12.29,41.37,88.38,100.758,0.4055,0.1883,0.3175,74.07,41.46,49.78,26.02,8.0,0.2006,2.8,32.1,87.7,0.321,0.085,25.7,Out To RF,89,Busch Stadium,
91,687263,Zach Neto,LAA,MIN,2026-09-20T20:07:00Z,Scheduled,1,Dean Kremer,665152,R,50.0,Longshot,Watch List,"Projected Lineup, Strong Barrel, Premium Lineup Spot",48.1,47.7,28.2,88.7,50.0,31.6,No,No,1,Yes,Yes,RotoWire projected lineup; MLB probable pitchers,lineup projected / unconfirmed,H:2026/2025 P:2026/2025,,,Direct BvP not yet weighted; 2026/2025 Statcast baseline active,7,5,24,1,"Last 7 games: 5/24, 1 HR","same-side matchup; pitcher baseline 9.3% barrel, 18.5 HR allowed",neutral batted-ball profile; pitcher allows elevated contact,12.11,42.82,90.16,100.3738,0.4334,0.209,0.3216,71.47,15.44,47.2,34.33,26.0,0.2023,9.33,35.66,87.96,0.4419,0.1987,31.55,,,Angel Stadium,
92,596019,Francisco Lindor,NYM,PHI,2026-09-20T17:10:00Z,Pre-Game,1,Cristopher Sánchez,650911,L,49.9,Longshot,Watch List,"Premium Lineup Spot, Platoon Edge",45.9,30.8,49.3,93.2,75.0,3.4,Yes,Yes,1,Yes,No,MLB Stats API; RotoWire,,H:2026/2025 P:2026/2025,,,Direct BvP not yet weighted; 2026/2025 Statcast baseline active,7,4,28,0,"Last 7 games: 4/28, 0 HR","switch hitter; pitcher baseline 6.9% barrel, 15.5 HR allowed",neutral batted-ball profile; pitcher fly-ball pressure modest,9.04,47.27,91.06,100.4822,0.4421,0.1961,0.3373,72.16,23.93,44.69,32.33,23.3,0.2032,6.89,40.64,89.07,0.3583,0.1249,16.62,R To L,68,Citi Field,
93,686681,Michael Massey,KC,PIT,2026-09-20T17:35:00Z,Pre-Game,5,Lake Bachar,669199,R,49.8,Longshot,Watch List,Platoon Edge,26.9,42.4,58.3,86.4,80.0,53.3,Yes,Yes,5,Yes,No,MLB Stats API; RotoWire,,H:2026/2025 P:2026/2025,,,Direct BvP not yet weighted; 2026/2025 Statcast baseline active,7,6,26,2,Hot streak: 2 HR in last 7 games,"platoon edge; pitcher baseline 8.8% barrel, 12.1 HR allowed",neutral batted-ball profile; pitcher allows elevated contact,5.19,37.76,88.76,98.6586,0.3922,0.1409,0.2944,71.43,11.84,49.43,30.17,10.0,0.1355,8.81,36.25,89.39,0.3794,0.171,32.06,Out To CF,72,PNC Park,
94,702284,Cole Young,SEA,COL,2026-09-20T19:10:00Z,Pre-Game,7,Tomoyuki Sugano,608372,R,49.8,Longshot,Watch List,Platoon Edge,23.7,69.2,49.7,64.3,80.0,34.9,Yes,Yes,7,Yes,No,MLB Stats API; RotoWire,,H:2026/2025 P:2026/2025,,,Direct BvP not yet weighted; 2026/2025 Statcast baseline active,7,6,26,1,"Last 7 games: 6/26, 1 HR","platoon edge; pitcher baseline 11.9% barrel, 31.6 HR allowed",neutral batted-ball profile; pitcher allows elevated contact,5.25,36.07,88.09,98.8283,0.3795,0.131,0.3089,71.51,21.44,41.91,26.52,13.1,0.1262,11.94,42.18,90.7,0.5401,0.2385,30.14,In From RF,70,Coors Field,
95,605137,Josh Bell,MIN,LAA,2026-09-20T20:07:00Z,Scheduled,5,Ryan Johnson,696270,R,49.8,Longshot,Watch List,"Projected Lineup, Strong Barrel, Platoon Edge",45.0,44.6,28.2,81.9,75.0,36.5,No,No,5,Yes,Yes,RotoWire projected lineup; MLB probable pitchers,lineup projected / unconfirmed,H:2026/2025 P:2026/2025,,,Direct BvP not yet weighted; 2026/2025 Statcast baseline active,7,7,29,1,"Last 7 games: 7/29, 1 HR","switch hitter; pitcher baseline 9.5% barrel, 13.8 HR allowed",neutral batted-ball profile; pitcher allows elevated contact,10.42,43.85,89.98,101.0585,0.4584,0.2024,0.3422,72.26,28.36,41.01,27.06,20.6,0.1695,9.48,36.42,87.68,0.4332,0.1833,34.09,,,Angel Stadium,
96,661388,William Contreras,MIL,BAL,2026-09-20T23:20:00Z,Scheduled,4,Brandon Young,687064,R,49.6,Longshot,Watch List,"Projected Lineup, Premium Lineup Spot, Hot Hitter/Streak",39.7,43.1,32.1,90.4,50.0,83.6,No,No,4,Yes,Yes,RotoWire projected lineup; MLB probable pitchers,lineup projected / unconfirmed,H:2026/2025 P:2026/2025,,,Direct BvP not yet weighted; 2026/2025 Statcast baseline active,7,9,29,3,Hot streak: 3 HR in last 7 games,"same-side matchup; pitcher baseline 7.8% barrel, 18.3 HR allowed",neutral batted-ball profile; pitcher fly-ball pressure modest,7.8,45.7,90.61,101.7073,0.4287,0.1709,0.3336,73.41,36.51,35.69,24.29,17.0,0.1446,7.75,40.17,89.33,0.4159,0.1651,26.73,,,Oriole Park at Camden Yards,
97,671218,Heliot Ramos,NYY,AZ,2026-09-20T20:10:00Z,Scheduled,7,Corbin Burnes,669203,R,49.5,Longshot,Watch List,"Projected Lineup, Strong Barrel",50.1,54.5,28.2,59.8,50.0,56.2,No,No,7,Yes,Yes,RotoWire projected lineup; MLB probable pitchers,lineup projected / unconfirmed,H:2026/2025 P:2026/2025,,,Direct BvP not yet weighted; 2026/2025 Statcast baseline active,7,5,20,2,Hot streak: 2 HR in last 7 games,"same-side matchup; pitcher baseline 11.2% barrel, 3.5 HR allowed",EV profile; pitcher allows elevated contact,12.23,48.45,92.01,102.9578,0.4345,0.1841,0.3263,73.06,33.1,33.38,24.21,14.7,0.1566,11.18,38.73,90.34,0.4081,0.1839,43.67,,,Chase Field,
98,643217,Andrew Benintendi,CWS,DET,2026-09-20T18:10:00Z,Pre-Game,5,Troy Melton,675512,R,49.2,Longshot,Watch List,Platoon Edge,37.3,36.6,53.6,86.4,80.0,15.3,Yes,Yes,5,Yes,No,MLB Stats API; RotoWire,,H:2026/2025 P:2026/2025,,,Direct BvP not yet weighted; 2026/2025 Statcast baseline active,7,4,18,0,"Last 7 games: 4/18, 0 HR","platoon edge; pitcher baseline 6.9% barrel, 11.2 HR allowed",neutral batted-ball profile; pitcher fly-ball pressure modest,9.28,42.57,88.84,98.8458,0.4081,0.1704,0.3093,69.68,4.57,49.19,33.04,15.8,0.1777,6.92,40.94,89.4,0.3801,0.1519,25.26,L To R,67,Rate Field,
99,641857,Ryan McMahon,NYY,AZ,2026-09-20T20:10:00Z,Scheduled,6,Corbin Burnes,669203,R,49.2,Longshot,Watch List,"Projected Lineup, Platoon Edge",44.1,54.5,28.2,71.7,80.0,2.5,No,No,6,Yes,Yes,RotoWire projected lineup; MLB probable pitchers,lineup projected / unconfirmed,H:2026/2025 P:2026/2025,,,Direct BvP not yet weighted; 2026/2025 Statcast baseline active,7,3,22,0,"Last 7 games: 3/22, 0 HR","platoon edge; pitcher baseline 11.2% barrel, 3.5 HR allowed",neutral batted-ball profile; pitcher allows elevated contact,9.79,46.44,91.34,101.6952,0.3882,0.1632,0.3031,74.42,45.85,41.27,31.05,13.0,0.1446,11.18,38.73,90.34,0.4081,0.1839,43.67,,,Chase Field,
100,681393,Connor Norby,COL,SEA,2026-09-20T19:10:00Z,Pre-Game,2,Kade Anderson,807739,L,48.7,Longshot,Watch List,"Premium Lineup Spot, Platoon Edge",29.8,33.7,49.7,100.0,78.0,45.0,Yes,Yes,2,Yes,No,MLB Stats API; RotoWire,,H:2026/2025 P:2026,,,Direct BvP not yet weighted; 2026/2025 Statcast baseline active,7,13,29,0,Contact streak: 13/29 over last 7 games,"platoon edge; pitcher baseline 7.7% barrel, 4.0 HR allowed",fly-ball profile; pitcher fly-ball pressure modest,8.14,36.19,87.53,98.1073,0.3778,0.1529,0.307,70.28,8.76,41.96,35.0,7.3,0.1373,7.7,39.7,87.5,0.404,0.14,25.6,In From RF,70,Coors Field,
101,694249,Cole Carrigg,COL,SEA,2026-09-20T19:10:00Z,Pre-Game,4,Kade Anderson,807739,L,48.6,Longshot,Watch List,"Premium Lineup Spot, Platoon Edge, Hot Hitter/Streak",26.1,33.3,49.7,94.9,75.0,90.2,Yes,Yes,4,Yes,No,MLB Stats API; RotoWire,,H:2026 P:2026,,,Direct BvP not yet weighted; 2026/2025 Statcast baseline active,7,11,31,3,Hot streak: 3 HR in last 7 games,"switch hitter; pitcher baseline 7.7% barrel, 4.0 HR allowed",neutral batted-ball profile; pitcher fly-ball pressure modest,5.2,35.9,87.8,98.6841,0.39,0.146,0.309,73.2,34.9,47.6,29.4,10.0,0.193,7.7,39.7,87.5,0.404,0.14,25.6,In From RF,70,Coors Field,
102,814430,Brett Callahan,DET,CWS,2026-09-20T18:10:00Z,Pre-Game,8,Davis Martin,663436,R,48.2,Longshot,Watch List,"Strong Barrel, Platoon Edge",44.0,44.8,53.6,52.4,80.0,7.0,Yes,Yes,8,Yes,No,MLB Stats API; RotoWire,,H:2026 P:2026/2025,,,Direct BvP not yet weighted; 2026/2025 Statcast baseline active,7,2,12,0,"Last 7 games: 2/12, 0 HR","platoon edge; pitcher baseline 7.4% barrel, 15.8 HR allowed",fly-ball profile; pitcher fly-ball pressure modest,10.8,45.9,89.7,100.8696,0.387,0.161,0.303,74.7,48.0,35.1,35.1,1.0,0.136,7.42,44.67,90.42,0.4293,0.1573,23.97,L To R,67,Rate Field,
103,667472,Dane Myers,CIN,CHC,2026-09-20T17:40:00Z,Pre-Game,1,David Peterson,656849,L,48.1,Longshot,Watch List,"Premium Lineup Spot, Platoon Edge",25.8,34.4,66.3,93.2,78.0,25.3,Yes,Yes,1,Yes,No,MLB Stats API; RotoWire,,H:2026/2025 P:2026/2025,,,Direct BvP not yet weighted; 2026/2025 Statcast baseline active,7,4,24,1,"Last 7 games: 4/24, 1 HR","platoon edge; pitcher baseline 6.2% barrel, 13.1 HR allowed",neutral batted-ball profile; pitcher fly-ball pressure modest,5.49,38.43,89.86,99.159,0.3684,0.126,0.3099,71.04,17.91,28.56,24.19,6.7,0.1071,6.19,42.01,89.41,0.4056,0.1349,18.59,R To L,87,Great American Ball Park,
104,650490,Yandy Díaz,TB,BOS,2026-09-20T17:40:00Z,Pre-Game,1,Patrick Sandoval,663776,L,48.1,Longshot,Watch List,"Premium Lineup Spot, Platoon Edge",41.4,34.3,41.1,93.2,78.0,0.0,Yes,Yes,1,Yes,No,MLB Stats API; RotoWire,,H:2026/2025 P:2026,,,Direct BvP not yet weighted; 2026/2025 Statcast baseline active,7,2,29,0,"Last 7 games: 2/29, 0 HR","platoon edge; pitcher baseline 6.9% barrel, 6.0 HR allowed",neutral batted-ball profile; pitcher fly-ball pressure modest,7.53,49.49,91.6,103.2619,0.4467,0.1642,0.3491,73.5,37.44,23.74,19.58,22.9,0.1652,6.9,36.0,87.8,0.442,0.163,25.7,None,72,Tropicana Field,
105,592518,Manny Machado,SD,MIA,2026-09-20T20:10:00Z,Scheduled,3,Sandy Alcantara,645261,R,48.0,Longshot,Watch List,"Projected Lineup, Strong Barrel, Premium Lineup Spot",48.0,36.9,22.6,92.1,50.0,50.8,No,No,3,Yes,Yes,RotoWire projected lineup; MLB probable pitchers,lineup projected / unconfirmed,H:2026/2025 P:2026/2025,,,Direct BvP not yet weighted; 2026/2025 Statcast baseline active,7,6,28,2,Hot streak: 2 HR in last 7 games,"same-side matchup; pitcher baseline 6.6% barrel, 22.7 HR allowed",neutral batted-ball profile; pitcher fly-ball pressure modest,10.59,46.18,91.08,101.8164,0.4446,0.1911,0.3386,74.64,44.65,39.17,28.29,27.7,0.1878,6.64,38.77,89.23,0.3982,0.1428,24.94,,,Petco Park,
106,694208,Moises Ballesteros,LAA,MIN,2026-09-20T20:07:00Z,Scheduled,5,Dean Kremer,665152,R,47.9,Longshot,Watch List,"Projected Lineup, Platoon Edge",34.4,47.7,28.2,81.9,80.0,43.2,No,No,5,Yes,Yes,RotoWire projected lineup; MLB probable pitchers,lineup projected / unconfirmed,H:2026/2025 P:2026/2025,,,Direct BvP not yet weighted; 2026/2025 Statcast baseline active,7,6,21,1,"Last 7 games: 6/21, 1 HR","platoon edge; pitcher baseline 9.3% barrel, 18.5 HR allowed",neutral batted-ball profile; pitcher allows elevated contact,8.24,43.31,90.15,100.7825,0.3846,0.145,0.3074,72.36,29.51,34.5,21.7,6.9,0.1403,9.33,35.66,87.96,0.4419,0.1987,31.55,,,Angel Stadium,
107,668709,JJ Bleday,CIN,CHC,2026-09-20T17:40:00Z,Pre-Game,5,David Peterson,656849,L,47.8,Longshot,Watch List,No major boost,36.6,34.4,66.3,86.4,50.0,19.5,Yes,Yes,5,Yes,No,MLB Stats API; RotoWire,,H:2026/2025 P:2026/2025,,,Direct BvP not yet weighted; 2026/2025 Statcast baseline active,7,6,24,0,"Last 7 games: 6/24, 0 HR","same-side matchup; pitcher baseline 6.2% barrel, 13.1 HR allowed",neutral batted-ball profile; pitcher fly-ball pressure modest,8.99,39.47,88.56,99.7563,0.3954,0.169,0.3201,73.0,27.09,47.0,32.64,19.6,0.1941,6.19,42.01,89.41,0.4056,0.1349,18.59,R To L,87,Great American Ball Park,
108,656811,Ryan O'Hearn,PIT,KC,2026-09-20T17:35:00Z,Pre-Game,6,Michael Wacha,608379,R,47.7,Longshot,Watch List,Platoon Edge,32.9,37.3,58.3,76.2,80.0,25.3,Yes,Yes,6,Yes,No,MLB Stats API; RotoWire,,H:2026/2025 P:2026/2025,,,Direct BvP not yet weighted; 2026/2025 Statcast baseline active,7,4,24,1,"Last 7 games: 4/24, 1 HR","platoon edge; pitcher baseline 7.0% barrel, 23.4 HR allowed",neutral batted-ball profile; pitcher fly-ball pressure modest,7.04,42.29,89.19,99.2413,0.4078,0.1537,0.3232,71.1,11.57,38.87,27.94,17.7,0.1728,6.98,35.72,87.92,0.4081,0.1633,28.95,Out To CF,72,PNC Park,
109,666182,Bo Bichette,NYM,PHI,2026-09-20T17:10:00Z,Pre-Game,3,Cristopher Sánchez,650911,L,47.6,Longshot,Watch List,"Premium Lineup Spot, Platoon Edge",32.7,32.5,49.3,96.6,78.0,20.7,Yes,Yes,3,Yes,No,MLB Stats API; RotoWire,,H:2026/2025 P:2026/2025,,,Direct BvP not yet weighted; 2026/2025 Statcast baseline active,7,8,31,0,"Last 7 games: 8/31, 0 HR","platoon edge; pitcher baseline 6.9% barrel, 15.5 HR allowed",neutral batted-ball profile; pitcher fly-ball pressure modest,6.78,43.97,90.02,101.0805,0.4324,0.1489,0.3341,69.59,12.88,26.56,22.53,16.6,0.1391,6.89,40.64,89.07,0.3583,0.1249,16.62,R To L,68,Citi Field,
110,668939,Adley Rutschman,BOS,TB,2026-09-20T17:40:00Z,Pre-Game,3,Griffin Jax,643377,R,47.6,Longshot,Watch List,"Premium Lineup Spot, Platoon Edge",32.1,41.6,41.1,96.6,75.0,10.8,Yes,Yes,3,Yes,No,MLB Stats API; RotoWire,,H:2026/2025 P:2026/2025,,,Direct BvP not yet weighted; 2026/2025 Statcast baseline active,7,5,26,0,"Last 7 games: 5/26, 0 HR","switch hitter; pitcher baseline 9.3% barrel, 12.6 HR allowed",neutral batted-ball profile; pitcher fly-ball pressure modest,7.22,38.67,88.98,99.198,0.4107,0.162,0.3271,70.42,12.14,38.68,30.34,11.1,0.1705,9.26,41.51,88.99,0.3993,0.1534,23.37,None,72,Tropicana Field,
111,681508,Mickey Gasper,BOS,TB,2026-09-20T17:40:00Z,Pre-Game,2,Griffin Jax,643377,R,47.4,Longshot,Watch List,"Premium Lineup Spot, Platoon Edge",30.1,41.6,41.1,100.0,75.0,12.0,Yes,Yes,2,Yes,No,MLB Stats API; RotoWire,,H:2026/2025 P:2026/2025,,,Direct BvP not yet weighted; 2026/2025 Statcast baseline active,7,3,15,0,"Last 7 games: 3/15, 0 HR","switch hitter; pitcher baseline 9.3% barrel, 12.6 HR allowed",neutral batted-ball profile; pitcher fly-ball pressure modest,7.39,35.47,88.5,98.5295,0.388,0.1573,0.3228,71.51,11.79,40.03,30.85,6.9,0.1692,9.26,41.51,88.99,0.3993,0.1534,23.37,None,72,Tropicana Field,
112,663993,Nathaniel Lowe,CLE,ATH,2026-09-20T17:40:00Z,Pre-Game,6,Jack Perkins,678022,R,47.3,Longshot,Watch List,Platoon Edge,36.9,41.0,40.6,76.2,80.0,26.1,Yes,Yes,6,Yes,No,MLB Stats API; RotoWire,,H:2026/2025 P:2026/2025,,,Direct BvP not yet weighted; 2026/2025 Statcast baseline active,7,5,17,0,"Last 7 games: 5/17, 0 HR","platoon edge; pitcher baseline 9.2% barrel, 15.2 HR allowed",neutral batted-ball profile; pitcher allows elevated contact,8.33,41.5,89.28,100.8849,0.4206,0.1639,0.3275,73.93,38.59,34.4,26.13,17.3,0.1852,9.18,36.86,87.94,0.3769,0.1503,33.12,In From CF,68,Progressive Field,
113,669224,Austin Wells,NYY,AZ,2026-09-20T20:10:00Z,Scheduled,8,Corbin Burnes,669203,R,47.1,Longshot,Watch List,"Projected Lineup, Platoon Edge, Hot Hitter/Streak",37.1,54.5,28.2,47.9,80.0,72.7,No,No,8,Yes,Yes,RotoWire projected lineup; MLB probable pitchers,lineup projected / unconfirmed,H:2026/2025 P:2026/2025,,,Direct BvP not yet weighted; 2026/2025 Statcast baseline active,7,5,21,3,Hot streak: 3 HR in last 7 games,"platoon edge; pitcher baseline 11.2% barrel, 3.5 HR allowed",neutral batted-ball profile; pitcher allows elevated contact,7.96,43.66,89.83,100.712,0.3655,0.1584,0.2917,72.98,28.16,45.19,34.05,15.4,0.1638,11.18,38.73,90.34,0.4081,0.1839,43.67,,,Chase Field,
114,670231,John Rave,KC,PIT,2026-09-20T17:35:00Z,Pre-Game,7,Lake Bachar,669199,R,47.0,Longshot,Watch List,Platoon Edge,30.8,42.4,58.3,64.3,80.0,33.7,Yes,Yes,7,Yes,No,MLB Stats API; RotoWire,,H:2026/2025 P:2026/2025,,,Direct BvP not yet weighted; 2026/2025 Statcast baseline active,7,4,18,1,"Last 7 games: 4/18, 1 HR","platoon edge; pitcher baseline 8.8% barrel, 12.1 HR allowed",neutral batted-ball profile; pitcher allows elevated contact,8.58,37.13,88.09,99.87,0.3749,0.143,0.3111,73.97,39.51,44.03,24.85,5.4,0.1866,8.81,36.25,89.39,0.3794,0.171,32.06,Out To CF,72,PNC Park,
115,673237,Yainer Diaz,HOU,ATL,2026-09-20T18:10:00Z,Pre-Game,5,Martín Pérez,527048,L,47.0,Longshot,Watch List,Platoon Edge,31.1,37.7,41.1,86.4,78.0,48.1,Yes,Yes,5,Yes,No,MLB Stats API; RotoWire,,H:2026/2025 P:2026/2025,,,Direct BvP not yet weighted; 2026/2025 Statcast baseline active,7,7,22,1,"Last 7 games: 7/22, 1 HR","platoon edge; pitcher baseline 7.9% barrel, 10.9 HR allowed",neutral batted-ball profile; pitcher fly-ball pressure modest,7.15,39.61,89.27,100.044,0.4153,0.1501,0.3099,72.48,22.65,36.63,18.47,14.4,0.1603,7.93,37.16,88.06,0.4213,0.1618,24.69,None,72,Daikin Park,
116,813841,Jonah Cox,SF,LAD,2026-09-20T20:10:00Z,Pre-Game,1,,,,47.0,Longshot,Watch List,Premium Lineup Spot,22.9,41.2,65.1,93.2,60.0,26.4,Yes,No,1,Yes,Yes,MLB Stats API; RotoWire,RotoWire not confirmed,H:2026 P:,,,Direct BvP not yet weighted; 2026/2025 Statcast baseline active,7,8,27,0,"Last 7 games: 8/27, 0 HR","handedness incomplete; pitcher baseline 0.0% barrel, 0.0 HR allowed",neutral batted-ball profile; pitcher fly-ball pressure modest,6.3,38.0,88.5,99.3569,0.344,0.127,0.265,68.8,5.9,20.3,22.8,4.0,0.144,,,,,,,Out To CF,77,UNIQLO Field at Dodger Stadium,
117,608070,José Ramírez,CLE,ATH,2026-09-20T17:40:00Z,Pre-Game,2,Jack Perkins,678022,R,46.8,Longshot,Watch List,"Premium Lineup Spot, Platoon Edge",26.5,39.3,40.6,100.0,75.0,35.3,Yes,Yes,2,Yes,No,MLB Stats API; RotoWire,,H:2026/2025 P:2026/2025,,,Direct BvP not yet weighted; 2026/2025 Statcast baseline active,7,7,30,1,"Last 7 games: 7/30, 1 HR","switch hitter; pitcher baseline 9.2% barrel, 15.2 HR allowed",neutral batted-ball profile; pitcher allows elevated contact,5.18,37.91,88.76,99.1985,0.4124,0.1396,0.3329,70.34,12.84,50.41,28.5,17.4,0.1633,9.18,36.86,87.94,0.3769,0.1503,33.12,In From CF,68,Progressive Field,
118,691781,Brady House,WSH,STL,2026-09-20T18:15:00Z,Pre-Game,3,Quinn Mathews,687273,L,46.8,Longshot,Watch List,"Premium Lineup Spot, Platoon Edge",39.5,12.9,64.6,96.6,78.0,10.1,Yes,Yes,3,Yes,No,MLB Stats API; RotoWire,,H:2026/2025 P:2026,,,Direct BvP not yet weighted; 2026/2025 Statcast baseline active,7,3,16,0,"Last 7 games: 3/16, 0 HR","platoon edge; pitcher baseline 2.8% barrel, 3.0 HR allowed",neutral batted-ball profile; pitcher fly-ball pressure modest,8.36,47.63,89.94,101.9162,0.4211,0.1567,0.3204,73.17,30.18,31.56,26.14,8.2,0.1356,2.8,32.1,87.7,0.321,0.085,25.7,Out To RF,89,Busch Stadium,
119,686611,Dylan Crews,WSH,STL,2026-09-20T18:15:00Z,Pre-Game,5,Quinn Mathews,687273,L,46.8,Longshot,Watch List,Platoon Edge,40.0,12.9,64.6,86.4,78.0,33.7,Yes,Yes,5,Yes,No,MLB Stats API; RotoWire,,H:2026/2025 P:2026,,,Direct BvP not yet weighted; 2026/2025 Statcast baseline active,7,6,27,1,"Last 7 games: 6/27, 1 HR","platoon edge; pitcher baseline 2.8% barrel, 3.0 HR allowed",neutral batted-ball profile; pitcher fly-ball pressure modest,9.52,41.71,90.05,101.022,0.4098,0.1713,0.3126,73.83,37.65,34.08,26.79,11.4,0.1489,2.8,32.1,87.7,0.321,0.085,25.7,Out To RF,89,Busch Stadium,
120,680574,Matt McLain,CIN,CHC,2026-09-20T17:40:00Z,Pre-Game,6,David Peterson,656849,L,46.6,Longshot,Watch List,Platoon Edge,32.3,34.4,66.3,76.2,78.0,0.0,Yes,Yes,6,Yes,No,MLB Stats API; RotoWire,,H:2026/2025 P:2026/2025,,,Direct BvP not yet weighted; 2026/2025 Statcast baseline active,7,1,20,0,"Last 7 games: 1/20, 0 HR","platoon edge; pitcher baseline 6.2% barrel, 13.1 HR allowed",neutral batted-ball profile; pitcher fly-ball pressure modest,8.99,37.48,88.31,98.8974,0.3655,0.1518,0.2952,71.0,9.96,36.34,33.78,15.0,0.1426,6.19,42.01,89.41,0.4056,0.1349,18.59,R To L,87,Great American Ball Park,
121,664034,Ty France,SD,MIA,2026-09-20T20:10:00Z,Scheduled,4,Sandy Alcantara,645261,R,46.6,Longshot,Watch List,"Projected Lineup, Premium Lineup Spot",42.6,36.9,22.6,90.4,50.0,63.3,No,No,4,Yes,Yes,RotoWire projected lineup; MLB probable pitchers,lineup projected / unconfirmed,H:2026/2025 P:2026/2025,,,Direct BvP not yet weighted; 2026/2025 Statcast baseline active,7,15,31,1,Contact streak: 15/31 over last 7 games,"same-side matchup; pitcher baseline 6.6% barrel, 22.7 HR allowed",neutral batted-ball profile; pitcher fly-ball pressure modest,9.03,47.07,91.18,101.0147,0.4334,0.1758,0.3329,71.77,19.88,36.78,25.25,16.8,0.1849,6.64,38.77,89.23,0.3982,0.1428,24.94,,,Petco Park,
122,592885,Christian Yelich,MIL,BAL,2026-09-20T23:20:00Z,Scheduled,6,Brandon Young,687064,R,46.6,Longshot,Watch List,"Projected Lineup, Platoon Edge",38.3,43.1,32.1,71.7,80.0,31.4,No,No,6,Yes,Yes,RotoWire projected lineup; MLB probable pitchers,lineup projected / unconfirmed,H:2026/2025 P:2026/2025,,,Direct BvP not yet weighted; 2026/2025 Statcast baseline active,7,6,29,1,"Last 7 games: 6/29, 1 HR","platoon edge; pitcher baseline 7.8% barrel, 18.3 HR allowed",neutral batted-ball profile; pitcher fly-ball pressure modest,9.6,44.51,89.43,101.0398,0.4033,0.166,0.3167,73.23,32.39,34.1,19.09,16.4,0.1558,7.75,40.17,89.33,0.4159,0.1651,26.73,,,Oriole Park at Camden Yards,
123,572233,Christian Walker,HOU,ATL,2026-09-20T18:10:00Z,Pre-Game,6,Martín Pérez,527048,L,46.3,Longshot,Watch List,"Strong Barrel, Platoon Edge",40.7,37.7,41.1,76.2,78.0,0.0,Yes,Yes,6,Yes,No,MLB Stats API; RotoWire,,H:2026/2025 P:2026/2025,,,Direct BvP not yet weighted; 2026/2025 Statcast baseline active,7,2,24,0,"Last 7 games: 2/24, 0 HR","platoon edge; pitcher baseline 7.9% barrel, 10.9 HR allowed",neutral batted-ball profile; pitcher fly-ball pressure modest,10.24,41.83,89.43,101.3425,0.3986,0.1722,0.3035,74.31,43.41,41.71,28.07,25.6,0.1858,7.93,37.16,88.06,0.4213,0.1618,24.69,None,72,Daikin Park,
124,683953,Travis Bazzana,CLE,ATH,2026-09-20T17:40:00Z,Pre-Game,5,Jack Perkins,678022,R,46.1,Longshot,Watch List,"Platoon Edge, Hot Hitter/Streak",21.4,41.0,40.6,86.4,80.0,75.9,Yes,Yes,5,Yes,No,MLB Stats API; RotoWire,,H:2026 P:2026/2025,,,Direct BvP not yet weighted; 2026/2025 Statcast baseline active,7,7,27,4,Hot streak: 4 HR in last 7 games,"platoon edge; pitcher baseline 9.2% barrel, 15.2 HR allowed",neutral batted-ball profile; pitcher allows elevated contact,5.1,37.1,87.8,98.4479,0.352,0.124,0.304,69.6,12.5,39.0,28.1,15.0,0.162,9.18,36.86,87.94,0.3769,0.1503,33.12,In From CF,68,Progressive Field,
125,680776,Jarren Duran,BOS,TB,2026-09-20T17:40:00Z,Pre-Game,7,Griffin Jax,643377,R,46.1,Longshot,Watch List,Platoon Edge,39.3,43.0,41.1,64.3,80.0,8.5,Yes,Yes,7,Yes,No,MLB Stats API; RotoWire,,H:2026/2025 P:2026/2025,,,Direct BvP not yet weighted; 2026/2025 Statcast baseline active,7,3,17,0,"Last 7 games: 3/17, 0 HR","platoon edge; pitcher baseline 9.3% barrel, 12.6 HR allowed",neutral batted-ball profile; pitcher fly-ball pressure modest,9.56,42.25,90.33,102.0145,0.3953,0.1571,0.3064,74.98,50.24,38.13,23.84,18.8,0.1664,9.26,41.51,88.99,0.3993,0.1534,23.37,None,72,Tropicana Field,
126,650402,Gleyber Torres,DET,CWS,2026-09-20T18:10:00Z,Pre-Game,2,Davis Martin,663436,R,46.0,Longshot,Watch List,Premium Lineup Spot,24.4,44.8,53.6,100.0,50.0,12.0,Yes,Yes,2,Yes,No,MLB Stats API; RotoWire,,H:2026/2025 P:2026/2025,,,Direct BvP not yet weighted; 2026/2025 Statcast baseline active,7,5,25,0,"Last 7 games: 5/25, 0 HR","same-side matchup; pitcher baseline 7.4% barrel, 15.8 HR allowed",neutral batted-ball profile; pitcher fly-ball pressure modest,6.87,34.87,87.48,97.808,0.3983,0.1405,0.3371,68.77,6.03,28.37,26.4,10.4,0.1142,7.42,44.67,90.42,0.4293,0.1573,23.97,L To R,67,Rate Field,
127,664761,Alec Bohm,PHI,NYM,2026-09-20T17:10:00Z,Pre-Game,5,Jonah Tong,804636,R,45.9,Longshot,Watch List,No major boost,32.9,37.3,49.3,86.4,50.0,42.0,Yes,Yes,5,Yes,No,MLB Stats API; RotoWire,,H:2026/2025 P:2026/2025,,,Direct BvP not yet weighted; 2026/2025 Statcast baseline active,7,10,25,0,Contact streak: 10/25 over last 7 games,"same-side matchup; pitcher baseline 8.9% barrel, 2.3 HR allowed",neutral batted-ball profile; pitcher allows elevated contact,6.13,44.44,90.66,100.4668,0.4144,0.1467,0.3275,71.21,15.26,28.21,22.51,13.8,0.1339,8.91,34.64,89.58,0.3604,0.1456,33.31,R To L,68,Citi Field,
128,690976,Alex Freeland,LAD,SF,2026-09-20T20:10:00Z,Pre-Game,9,Matt Wilkinson,683363,L,45.9,Longshot,Watch List,"Projected Lineup, Platoon Edge",26.7,50.4,65.1,40.2,75.0,56.6,No,No,9,Yes,Yes,RotoWire projected lineup; MLB probable pitchers,lineup projected / unconfirmed,H:2026/2025 P:2026,,,Direct BvP not yet weighted; 2026/2025 Statcast baseline active,7,6,16,1,Contact streak: 6/16 over last 7 games,"switch hitter; pitcher baseline 7.7% barrel, 4.0 HR allowed",neutral batted-ball profile; pitcher allows elevated contact,6.74,39.05,89.93,99.0679,0.3277,0.1224,0.2859,70.77,10.17,35.62,25.69,3.4,0.0997,7.7,49.2,91.0,0.444,0.187,32.3,Out To CF,77,UNIQLO Field at Dodger Stadium,
129,691723,Coby Mayo,BAL,MIL,2026-09-20T23:20:00Z,Scheduled,4,Jacob Misiorowski,694819,R,45.9,Longshot,Watch List,"Projected Lineup, Strong Barrel, Premium Lineup Spot",52.2,18.9,32.1,90.4,50.0,44.8,No,No,4,Yes,Yes,RotoWire projected lineup; MLB probable pitchers,lineup projected / unconfirmed,H:2026/2025 P:2026/2025,,,Direct BvP not yet weighted; 2026/2025 Statcast baseline active,7,8,27,1,"Last 7 games: 8/27, 1 HR","same-side matchup; pitcher baseline 5.0% barrel, 12.2 HR allowed",neutral batted-ball profile; pitcher fly-ball pressure modest,12.41,44.33,90.17,102.476,0.4414,0.2167,0.3206,75.47,56.07,49.34,33.69,20.1,0.2221,5.03,34.35,87.74,0.2796,0.0996,25.71,,,Oriole Park at Camden Yards,
130,701807,Carson Benge,NYM,PHI,2026-09-20T17:10:00Z,Pre-Game,5,Cristopher Sánchez,650911,L,45.8,Longshot,Watch List,No major boost,32.4,32.5,49.3,86.4,50.0,66.9,Yes,Yes,5,Yes,No,MLB Stats API; RotoWire,,H:2026 P:2026/2025,,,Direct BvP not yet weighted; 2026/2025 Statcast baseline active,7,9,28,2,Hot streak: 2 HR in last 7 games,"same-side matchup; pitcher baseline 6.9% barrel, 15.5 HR allowed",neutral batted-ball profile; pitcher fly-ball pressure modest,7.5,38.7,88.7,99.5413,0.436,0.158,0.34,71.1,17.4,33.6,27.5,19.0,0.144,6.89,40.64,89.07,0.3583,0.1249,16.62,R To L,68,Citi Field,
131,672580,Maikel Garcia,KC,PIT,2026-09-20T17:35:00Z,Pre-Game,1,Lake Bachar,669199,R,45.8,Longshot,Watch List,Premium Lineup Spot,25.8,42.4,58.3,93.2,50.0,16.1,Yes,Yes,1,Yes,No,MLB Stats API; RotoWire,,H:2026/2025 P:2026/2025,,,Direct BvP not yet weighted; 2026/2025 Statcast baseline active,7,5,22,0,"Last 7 games: 5/22, 0 HR","same-side matchup; pitcher baseline 8.8% barrel, 12.1 HR allowed",neutral batted-ball profile; pitcher allows elevated contact,4.76,41.46,90.18,100.3472,0.3849,0.1124,0.3189,71.76,18.08,34.04,21.46,6.9,0.1294,8.81,36.25,89.39,0.3794,0.171,32.06,Out To CF,72,PNC Park,
132,670623,Isaac Paredes,HOU,ATL,2026-09-20T18:10:00Z,Pre-Game,3,Martín Pérez,527048,L,45.7,Longshot,Watch List,"Premium Lineup Spot, Platoon Edge, Hot Hitter/Streak",17.9,37.7,41.1,96.6,78.0,80.8,Yes,Yes,3,Yes,No,MLB Stats API; RotoWire,,H:2026/2025 P:2026/2025,,,Direct BvP not yet weighted; 2026/2025 Statcast baseline active,7,7,24,3,Hot streak: 3 HR in last 7 games,"platoon edge; pitcher baseline 7.9% barrel, 10.9 HR allowed",neutral batted-ball profile; pitcher fly-ball pressure modest,5.25,30.59,86.56,97.0445,0.3723,0.1299,0.3214,67.74,7.64,51.86,31.29,21.4,0.1844,7.93,37.16,88.06,0.4213,0.1618,24.69,None,72,Daikin Park,
133,596115,Trevor Story,BOS,TB,2026-09-20T17:40:00Z,Pre-Game,4,Griffin Jax,643377,R,45.5,Longshot,Watch List,Premium Lineup Spot,25.9,43.0,41.1,94.9,50.0,54.3,Yes,Yes,4,Yes,No,MLB Stats API; RotoWire,,H:2026/2025 P:2026/2025,,,Direct BvP not yet weighted; 2026/2025 Statcast baseline active,7,9,25,1,Contact streak: 9/25 over last 7 games,"same-side matchup; pitcher baseline 9.3% barrel, 12.6 HR allowed",neutral batted-ball profile; pitcher fly-ball pressure modest,6.47,40.07,88.39,99.7586,0.3545,0.1268,0.2704,71.03,13.96,42.02,24.95,10.3,0.128,9.26,41.51,88.99,0.3993,0.1534,23.37,None,72,Tropicana Field,
134,804606,Konnor Griffin,PIT,KC,2026-09-20T17:35:00Z,Pre-Game,1,Michael Wacha,608379,R,45.3,Longshot,Watch List,Premium Lineup Spot,26.6,37.3,58.3,93.2,50.0,25.5,Yes,Yes,1,Yes,No,MLB Stats API; RotoWire,,H:2026 P:2026/2025,,,Direct BvP not yet weighted; 2026/2025 Statcast baseline active,7,9,31,0,"Last 7 games: 9/31, 0 HR","same-side matchup; pitcher baseline 7.0% barrel, 23.4 HR allowed",neutral batted-ball profile; pitcher fly-ball pressure modest,6.8,35.1,87.6,100.0682,0.387,0.137,0.306,75.5,57.1,39.9,17.3,5.0,0.12,6.98,35.72,87.92,0.4081,0.1633,28.95,Out To CF,72,PNC Park,
135,622268,Donovan Walton,ATH,CLE,2026-09-20T17:40:00Z,Pre-Game,5,Gavin Williams,668909,R,45.3,Longshot,Watch List,Platoon Edge,16.5,54.2,40.6,86.4,80.0,28.9,Yes,Yes,5,Yes,No,MLB Stats API; RotoWire,,H:2026/2025 P:2026/2025,,,Direct BvP not yet weighted; 2026/2025 Statcast baseline active,7,4,21,1,"Last 7 games: 4/21, 1 HR","platoon edge; pitcher baseline 10.6% barrel, 25.8 HR allowed",neutral batted-ball profile; pitcher fly-ball pressure modest,3.57,34.42,88.68,97.3922,0.3716,0.1082,0.3139,67.99,0.49,37.77,22.58,5.6,0.1323,10.61,46.05,90.12,0.3973,0.1747,25.86,In From CF,68,Progressive Field,
136,680777,Ryan Jeffers,MIN,LAA,2026-09-20T20:07:00Z,Scheduled,4,Ryan Johnson,696270,R,45.3,Longshot,Watch List,"Projected Lineup, Premium Lineup Spot",39.1,46.1,28.2,90.4,50.0,0.0,No,No,4,Yes,Yes,RotoWire projected lineup; MLB probable pitchers,lineup projected / unconfirmed,H:2026/2025 P:2026/2025,,,Direct BvP not yet weighted; 2026/2025 Statcast baseline active,7,2,24,0,"Last 7 games: 2/24, 0 HR","same-side matchup; pitcher baseline 9.5% barrel, 13.8 HR allowed",neutral batted-ball profile; pitcher allows elevated contact,9.31,41.47,88.88,100.8312,0.4266,0.1801,0.3412,73.14,37.24,37.6,27.61,12.5,0.1877,9.48,36.42,87.68,0.4332,0.1833,34.09,,,Angel Stadium,
137,668800,Andrew Knizner,SF,LAD,2026-09-20T20:10:00Z,Pre-Game,4,,,,45.3,Longshot,Watch List,Premium Lineup Spot,13.4,41.2,65.1,94.9,60.0,50.3,Yes,No,7,Yes,Yes,MLB Stats API; RotoWire,RotoWire not confirmed; order MLB 4 vs RotoWire 7,H:2026/2025 P:,,,Direct BvP not yet weighted; 2026/2025 Statcast baseline active,7,7,21,1,Contact streak: 7/21 over last 7 games,"handedness incomplete; pitcher baseline 0.0% barrel, 0.0 HR allowed",neutral batted-ball profile; pitcher fly-ball pressure modest,4.9,29.29,85.53,97.1405,0.3454,0.1176,0.2899,69.69,6.42,31.03,23.34,1.7,0.1319,,,,,,,Out To CF,77,UNIQLO Field at Dodger Stadium,
138,699393,Pedro Ramírez,CHC,CIN,2026-09-20T17:40:00Z,Pre-Game,8,Rhett Lowder,695076,R,45.2,Longshot,Watch List,Platoon Edge,22.2,51.1,66.3,52.4,75.0,30.3,Yes,Yes,8,Yes,No,MLB Stats API; RotoWire,,H:2026 P:2026,,,Direct BvP not yet weighted; 2026/2025 Statcast baseline active,7,5,25,1,"Last 7 games: 5/25, 1 HR","switch hitter; pitcher baseline 9.8% barrel, 18.0 HR allowed",neutral batted-ball profile; pitcher fly-ball pressure modest,4.5,39.0,89.0,99.3443,0.353,0.108,0.289,72.2,22.3,40.7,23.2,6.0,0.157,9.8,38.9,90.1,0.463,0.192,27.6,R To L,87,Great American Ball Park,
139,687952,Christian Encarnacion-Strand,BAL,MIL,2026-09-20T23:20:00Z,Scheduled,5,Jacob Misiorowski,694819,R,45.1,Longshot,Watch List,"Projected Lineup, Strong Barrel",51.2,18.9,32.1,81.9,50.0,57.6,No,No,5,Yes,Yes,RotoWire projected lineup; MLB probable pitchers,lineup projected / unconfirmed,H:2026/2025 P:2026/2025,,,Direct BvP not yet weighted; 2026/2025 Statcast baseline active,7,7,27,2,Hot streak: 2 HR in last 7 games,"same-side matchup; pitcher baseline 5.0% barrel, 12.2 HR allowed",neutral batted-ball profile; pitcher fly-ball pressure modest,12.99,40.85,89.65,101.128,0.4638,0.2304,0.3154,73.6,35.71,45.04,32.31,8.8,0.2138,5.03,34.35,87.74,0.2796,0.0996,25.71,,,Oriole Park at Camden Yards,
140,701675,Nathan Church,STL,WSH,2026-09-20T18:15:00Z,Pre-Game,9,Jake Irvin,663623,R,45.0,Longshot,Watch List,Platoon Edge,14.9,62.1,64.6,44.8,80.0,39.7,Yes,Yes,9,Yes,No,MLB Stats API; RotoWire,,H:2026/2025 P:2026/2025,,,Direct BvP not yet weighted; 2026/2025 Statcast baseline active,7,10,26,0,Contact streak: 10/26 over last 7 games,"platoon edge; pitcher baseline 11.2% barrel, 23.3 HR allowed",neutral batted-ball profile; pitcher fly-ball pressure modest,4.57,33.59,86.76,97.5337,0.3385,0.106,0.2771,69.53,8.13,34.57,21.95,7.3,0.106,11.23,45.7,89.7,0.4693,0.2127,29.23,Out To RF,89,Busch Stadium,
141,808982,Jung Hoo Lee,SF,LAD,2026-09-20T20:10:00Z,Pre-Game,2,,,,45.0,Longshot,Watch List,Premium Lineup Spot,12.9,41.2,65.1,100.0,60.0,32.5,Yes,No,4,Yes,Yes,MLB Stats API; RotoWire,RotoWire not confirmed; order MLB 2 vs RotoWire 4,H:2026/2025 P:,,,Direct BvP not yet weighted; 2026/2025 Statcast baseline active,7,6,28,1,"Last 7 games: 6/28, 1 HR","handedness incomplete; pitcher baseline 0.0% barrel, 0.0 HR allowed",neutral batted-ball profile; pitcher fly-ball pressure modest,2.72,31.58,87.45,96.9596,0.3822,0.0989,0.3161,68.44,3.33,38.32,23.22,9.4,0.1319,,,,,,,Out To CF,77,UNIQLO Field at Dodger Stadium,
142,607208,Trea Turner,PHI,NYM,2026-09-20T17:10:00Z,Pre-Game,2,Jonah Tong,804636,R,44.9,Longshot,Watch List,Premium Lineup Spot,26.6,37.3,49.3,100.0,50.0,24.0,Yes,Yes,2,Yes,No,MLB Stats API; RotoWire,,H:2026/2025 P:2026/2025,,,Direct BvP not yet weighted; 2026/2025 Statcast baseline active,7,7,25,0,"Last 7 games: 7/25, 0 HR","same-side matchup; pitcher baseline 8.9% barrel, 2.3 HR allowed",neutral batted-ball profile; pitcher allows elevated contact,6.15,39.86,88.53,99.1505,0.3799,0.1288,0.3028,71.38,18.44,35.17,25.06,17.8,0.1432,8.91,34.64,89.58,0.3604,0.1456,33.31,R To L,68,Citi Field,
143,691720,Kyle Karros,COL,SEA,2026-09-20T19:10:00Z,Pre-Game,5,Kade Anderson,807739,L,44.8,Longshot,Watch List,Platoon Edge,24.9,33.7,49.7,86.4,78.0,39.2,Yes,Yes,5,Yes,No,MLB Stats API; RotoWire,,H:2026/2025 P:2026,,,Direct BvP not yet weighted; 2026/2025 Statcast baseline active,7,7,27,1,"Last 7 games: 7/27, 1 HR","platoon edge; pitcher baseline 7.7% barrel, 4.0 HR allowed",neutral batted-ball profile; pitcher fly-ball pressure modest,6.18,38.6,89.02,99.6456,0.3663,0.1243,0.3161,69.8,5.65,38.8,23.85,8.7,0.1287,7.7,39.7,87.5,0.404,0.14,25.6,In From RF,70,Coors Field,
144,701358,Cam Smith,HOU,ATL,2026-09-20T18:10:00Z,Pre-Game,7,Martín Pérez,527048,L,44.6,Longshot,Watch List,Platoon Edge,40.6,37.7,41.1,64.3,78.0,0.0,Yes,Yes,7,Yes,No,MLB Stats API; RotoWire,,H:2026/2025 P:2026/2025,,,Direct BvP not yet weighted; 2026/2025 Statcast baseline active,7,1,24,0,"Last 7 games: 1/24, 0 HR","platoon edge; pitcher baseline 7.9% barrel, 10.9 HR allowed",neutral batted-ball profile; pitcher fly-ball pressure modest,9.84,42.9,88.46,101.3079,0.4089,0.1732,0.3131,76.95,68.95,37.21,25.07,16.7,0.164,7.93,37.16,88.06,0.4213,0.1618,24.69,None,72,Daikin Park,
145,694376,Shay Whitcomb,SF,LAD,2026-09-20T20:10:00Z,Pre-Game,7,,,,44.6,Longshot,Watch List,Strong Barrel,26.0,41.2,65.1,64.3,60.0,39.5,Yes,No,5,Yes,Yes,MLB Stats API; RotoWire,RotoWire not confirmed; order MLB 7 vs RotoWire 5,H:2026/2025 P:,,,Direct BvP not yet weighted; 2026/2025 Statcast baseline active,7,6,23,1,"Last 7 games: 6/23, 1 HR","handedness incomplete; pitcher baseline 0.0% barrel, 0.0 HR allowed",neutral batted-ball profile; pitcher fly-ball pressure modest,10.1,28.77,85.83,97.7378,0.3482,0.1562,0.2379,71.66,17.43,42.79,26.88,3.1,0.1332,,,,,,,Out To CF,77,UNIQLO Field at Dodger Stadium,
146,694728,Brice Matthews,HOU,ATL,2026-09-20T18:10:00Z,Pre-Game,9,Martín Pérez,527048,L,44.5,Longshot,Watch List,"Strong Barrel, Platoon Edge",41.9,37.7,41.1,44.8,78.0,43.2,Yes,Yes,9,Yes,No,MLB Stats API; RotoWire,,H:2026/2025 P:2026/2025,,,Direct BvP not yet weighted; 2026/2025 Statcast baseline active,7,4,14,1,"Last 7 games: 4/14, 1 HR","platoon edge; pitcher baseline 7.9% barrel, 10.9 HR allowed",neutral batted-ball profile; pitcher fly-ball pressure modest,13.85,38.48,87.34,100.6105,0.3773,0.1895,0.2702,72.99,29.28,36.52,28.26,6.1,0.18,7.93,37.16,88.06,0.4213,0.1618,24.69,None,72,Daikin Park,
147,669016,Brandon Marsh,PHI,NYM,2026-09-20T17:10:00Z,Pre-Game,7,Jonah Tong,804636,R,44.4,Longshot,Watch List,Platoon Edge,36.0,37.3,49.3,64.3,80.0,0.0,Yes,Yes,7,Yes,No,MLB Stats API; RotoWire,,H:2026/2025 P:2026/2025,,,Direct BvP not yet weighted; 2026/2025 Statcast baseline active,7,1,16,0,"Last 7 games: 1/16, 0 HR","platoon edge; pitcher baseline 8.9% barrel, 2.3 HR allowed",neutral batted-ball profile; pitcher allows elevated contact,8.12,43.74,89.77,99.9922,0.4103,0.1557,0.309,71.54,15.58,37.98,26.52,15.2,0.1511,8.91,34.64,89.58,0.3604,0.1456,33.31,R To L,68,Citi Field,
148,676551,Brewer Hicklen,ATL,HOU,2026-09-20T18:10:00Z,Pre-Game,8,Hunter Brown,686613,R,44.4,Longshot,Watch List,Strong Barrel,61.0,21.9,41.1,52.4,50.0,19.5,Yes,Yes,8,Yes,No,MLB Stats API; RotoWire,,H:2026/2025 P:2026/2025,,,Direct BvP not yet weighted; 2026/2025 Statcast baseline active,7,2,8,0,"Last 7 games: 2/8, 0 HR","same-side matchup; pitcher baseline 6.1% barrel, 12.8 HR allowed",neutral batted-ball profile; pitcher fly-ball pressure modest,24.31,52.31,91.98,105.0069,0.4056,0.1807,0.3614,72.67,30.36,42.0,14.0,0.0,0.1302,6.11,35.56,86.31,0.3229,0.1192,23.09,None,72,Daikin Park,
149,607043,Brandon Nimmo,TEX,TOR,2026-09-20T18:35:00Z,Pre-Game,5,Spencer Miles,693686,R,44.4,Longshot,Watch List,Platoon Edge,45.7,11.9,41.1,86.4,80.0,19.5,Yes,Yes,5,Yes,No,MLB Stats API; RotoWire,,H:2026/2025 P:2026,,,Direct BvP not yet weighted; 2026/2025 Statcast baseline active,7,7,28,0,"Last 7 games: 7/28, 0 HR","platoon edge; pitcher baseline 3.5% barrel, 5.0 HR allowed",EV profile; pitcher fly-ball pressure modest,9.15,50.41,92.04,102.0346,0.4386,0.1747,0.3357,72.34,27.74,33.59,25.7,17.3,0.1551,3.5,34.5,86.8,0.32,0.091,19.8,None,72,Globe Life Field,
150,801126,Brock Rodden,SEA,COL,2026-09-20T19:10:00Z,Pre-Game,9,Tomoyuki Sugano,608372,R,44.4,Longshot,Watch List,Platoon Edge,22.4,68.7,49.7,44.8,75.0,0.0,Yes,Yes,9,Yes,No,MLB Stats API; RotoWire,,H:2026 P:2026/2025,,,Direct BvP not yet weighted; 2026/2025 Statcast baseline active,7,0,7,0,"Last 7 games: 0/7, 0 HR","switch hitter; pitcher baseline 11.9% barrel, 31.6 HR allowed",fly-ball profile; pitcher allows elevated contact,5.6,38.9,87.9,98.0197,0.237,0.096,0.242,69.0,1.8,55.6,44.4,0.0,0.086,11.94,42.18,90.7,0.5401,0.2385,30.14,In From RF,70,Coors Field,
151,682657,Angel Martínez,CLE,ATH,2026-09-20T17:40:00Z,Pre-Game,7,Jack Perkins,678022,R,44.2,Longshot,Watch List,"Platoon Edge, Hot Hitter/Streak",24.4,39.3,40.6,64.3,75.0,97.0,Yes,Yes,7,Yes,No,MLB Stats API; RotoWire,,H:2026/2025 P:2026/2025,,,Direct BvP not yet weighted; 2026/2025 Statcast baseline active,7,12,30,3,Hot streak: 3 HR in last 7 games,"switch hitter; pitcher baseline 9.2% barrel, 15.2 HR allowed",neutral batted-ball profile; pitcher allows elevated contact,6.44,33.92,87.45,98.5191,0.3837,0.1396,0.2914,71.08,15.81,45.23,27.29,15.2,0.1889,9.18,36.86,87.94,0.3769,0.1503,33.12,In From CF,68,Progressive Field,
152,803011,Sam Antonacci,CWS,DET,2026-09-20T18:10:00Z,Pre-Game,1,Troy Melton,675512,R,44.2,Longshot,Watch List,"Premium Lineup Spot, Platoon Edge",18.0,36.6,53.6,93.2,80.0,24.9,Yes,Yes,1,Yes,No,MLB Stats API; RotoWire,,H:2026 P:2026/2025,,,Direct BvP not yet weighted; 2026/2025 Statcast baseline active,7,6,21,0,"Last 7 games: 6/21, 0 HR","platoon edge; pitcher baseline 6.9% barrel, 11.2 HR allowed",neutral batted-ball profile; pitcher fly-ball pressure modest,5.0,32.7,87.3,97.4047,0.389,0.114,0.341,69.7,7.5,31.6,22.1,8.0,0.12,6.92,40.94,89.4,0.3801,0.1519,25.26,L To R,67,Rate Field,
153,682928,CJ Abrams,WSH,STL,2026-09-20T18:15:00Z,Pre-Game,4,Quinn Mathews,687273,L,44.2,Longshot,Watch List,Premium Lineup Spot,38.1,12.9,64.6,94.9,50.0,22.0,Yes,Yes,4,Yes,No,MLB Stats API; RotoWire,,H:2026/2025 P:2026,,,Direct BvP not yet weighted; 2026/2025 Statcast baseline active,7,8,30,0,"Last 7 games: 8/30, 0 HR","same-side matchup; pitcher baseline 2.8% barrel, 3.0 HR allowed",neutral batted-ball profile; pitcher fly-ball pressure modest,9.14,40.25,89.33,99.8325,0.4192,0.1728,0.3223,72.82,27.12,44.01,28.38,26.7,0.2117,2.8,32.1,87.7,0.321,0.085,25.7,Out To RF,89,Busch Stadium,
154,666139,Josh Lowe,LAA,MIN,2026-09-20T20:07:00Z,Scheduled,7,Dean Kremer,665152,R,44.1,Longshot,Watch List,"Projected Lineup, Platoon Edge",32.5,47.7,28.2,59.8,80.0,43.2,No,No,7,Yes,Yes,RotoWire projected lineup; MLB probable pitchers,lineup projected / unconfirmed,H:2026/2025 P:2026/2025,,,Direct BvP not yet weighted; 2026/2025 Statcast baseline active,7,6,21,1,"Last 7 games: 6/21, 1 HR","platoon edge; pitcher baseline 9.3% barrel, 18.5 HR allowed",neutral batted-ball profile; pitcher allows elevated contact,8.07,37.78,88.6,99.2026,0.3709,0.1545,0.287,73.31,33.77,35.85,30.24,11.7,0.153,9.33,35.66,87.96,0.4419,0.1987,31.55,,,Angel Stadium,
155,665804,Miguel Amaya,CHC,CIN,2026-09-20T17:40:00Z,Pre-Game,9,Rhett Lowder,695076,R,43.9,Longshot,Watch List,No major boost,23.7,53.1,66.3,44.8,50.0,53.3,Yes,Yes,9,Yes,No,MLB Stats API; RotoWire,,H:2026/2025 P:2026,,,Direct BvP not yet weighted; 2026/2025 Statcast baseline active,7,6,17,1,Contact streak: 6/17 over last 7 games,"same-side matchup; pitcher baseline 9.8% barrel, 18.0 HR allowed",neutral batted-ball profile; pitcher fly-ball pressure modest,6.88,33.39,87.31,97.6288,0.3461,0.1294,0.295,70.94,13.59,42.83,32.51,5.4,0.163,9.8,38.9,90.1,0.463,0.192,27.6,R To L,87,Great American Ball Park,
156,683002,Gunnar Henderson,BAL,MIL,2026-09-20T23:20:00Z,Scheduled,3,Jacob Misiorowski,694819,R,43.9,Longshot,Watch List,"Projected Lineup, Premium Lineup Spot, Platoon Edge",37.0,18.9,32.1,92.1,80.0,44.8,No,No,3,Yes,Yes,RotoWire projected lineup; MLB probable pitchers,lineup projected / unconfirmed,H:2026/2025 P:2026/2025,,,Direct BvP not yet weighted; 2026/2025 Statcast baseline active,7,8,27,1,"Last 7 games: 8/27, 1 HR","platoon edge; pitcher baseline 5.0% barrel, 12.2 HR allowed",neutral batted-ball profile; pitcher fly-ball pressure modest,7.76,44.93,90.07,101.1917,0.4061,0.1511,0.3263,74.53,45.63,41.01,23.52,21.2,0.1717,5.03,34.35,87.74,0.2796,0.0996,25.71,,,Oriole Park at Camden Yards,
157,703601,Max Clark,DET,CWS,2026-09-20T18:10:00Z,Pre-Game,6,Davis Martin,663436,R,43.7,Longshot,Watch List,Platoon Edge,17.0,44.8,53.6,76.2,80.0,28.2,Yes,Yes,6,Yes,No,MLB Stats API; RotoWire,,H:2026 P:2026/2025,,,Direct BvP not yet weighted; 2026/2025 Statcast baseline active,7,8,26,0,"Last 7 games: 8/26, 0 HR","platoon edge; pitcher baseline 7.4% barrel, 15.8 HR allowed",neutral batted-ball profile; pitcher fly-ball pressure modest,1.6,37.9,87.2,98.1265,0.356,0.086,0.318,73.5,30.1,35.5,25.8,3.0,0.159,7.42,44.67,90.42,0.4293,0.1573,23.97,L To R,67,Rate Field,
158,664954,Brett Sullivan,COL,SEA,2026-09-20T19:10:00Z,Pre-Game,7,Kade Anderson,807739,L,43.7,Longshot,Watch List,Strong Barrel,42.3,33.7,49.7,64.3,50.0,13.6,Yes,Yes,7,Yes,No,MLB Stats API; RotoWire,,H:2026/2025 P:2026,,,Direct BvP not yet weighted; 2026/2025 Statcast baseline active,7,4,19,0,"Last 7 games: 4/19, 0 HR","same-side matchup; pitcher baseline 7.7% barrel, 4.0 HR allowed",neutral batted-ball profile; pitcher fly-ball pressure modest,10.3,52.82,90.09,97.8452,0.3624,0.1542,0.3124,69.23,5.39,50.21,34.6,4.9,0.1211,7.7,39.7,87.5,0.404,0.14,25.6,In From RF,70,Coors Field,
159,687529,Grant McCray,SF,LAD,2026-09-20T20:10:00Z,Pre-Game,8,,,,43.7,Longshot,Watch List,Strong Barrel,31.8,41.2,65.1,52.4,60.0,16.6,Yes,,,No,Yes,MLB Stats API; RotoWire,not found on RotoWire,H:2026/2025 P:,,,Direct BvP not yet weighted; 2026/2025 Statcast baseline active,7,3,13,0,"Last 7 games: 3/13, 0 HR","handedness incomplete; pitcher baseline 0.0% barrel, 0.0 HR allowed",neutral batted-ball profile; pitcher fly-ball pressure modest,13.16,29.82,86.82,99.2429,0.3537,0.1557,0.2818,72.01,22.75,41.83,23.52,1.4,0.1246,,,,,,,Out To CF,77,UNIQLO Field at Dodger Stadium,
160,681082,Bryson Stott,PHI,NYM,2026-09-20T17:10:00Z,Pre-Game,6,Jonah Tong,804636,R,43.6,Longshot,Watch List,Platoon Edge,25.1,37.3,49.3,76.2,80.0,22.4,Yes,Yes,6,Yes,No,MLB Stats API; RotoWire,,H:2026/2025 P:2026/2025,,,Direct BvP not yet weighted; 2026/2025 Statcast baseline active,7,7,26,0,"Last 7 games: 7/26, 0 HR","platoon edge; pitcher baseline 8.9% barrel, 2.3 HR allowed",neutral batted-ball profile; pitcher allows elevated contact,5.87,34.61,88.72,98.2722,0.3986,0.139,0.3228,69.72,6.61,34.17,27.73,10.9,0.1382,8.91,34.64,89.58,0.3604,0.1456,33.31,R To L,68,Citi Field,
161,668904,Royce Lewis,MIN,LAA,2026-09-20T20:07:00Z,Scheduled,6,Ryan Johnson,696270,R,43.6,Longshot,Watch List,"Projected Lineup, Strong Barrel",40.3,46.1,28.2,71.7,50.0,9.8,No,No,6,Yes,Yes,RotoWire projected lineup; MLB probable pitchers,lineup projected / unconfirmed,H:2026/2025 P:2026/2025,,,Direct BvP not yet weighted; 2026/2025 Statcast baseline active,7,5,27,0,"Last 7 games: 5/27, 0 HR","same-side matchup; pitcher baseline 9.5% barrel, 13.8 HR allowed",neutral batted-ball profile; pitcher allows elevated contact,10.17,40.37,89.87,100.6034,0.3972,0.16,0.304,74.65,49.96,46.51,30.92,13.7,0.1538,9.48,36.42,87.68,0.4332,0.1833,34.09,,,Angel Stadium,
162,663494,Bryan Torres,STL,WSH,2026-09-20T18:15:00Z,Pre-Game,7,Jake Irvin,663623,R,43.5,Longshot,Watch List,Platoon Edge,7.6,62.1,64.6,64.3,80.0,3.4,Yes,Yes,7,Yes,No,MLB Stats API; RotoWire,,H:2026 P:2026/2025,,,Direct BvP not yet weighted; 2026/2025 Statcast baseline active,7,3,21,0,"Last 7 games: 3/21, 0 HR","platoon edge; pitcher baseline 11.2% barrel, 23.3 HR allowed",neutral batted-ball profile; pitcher fly-ball pressure modest,3.3,25.8,86.7,95.6277,0.339,0.104,0.293,66.0,1.1,46.8,22.6,4.0,0.109,11.23,45.7,89.7,0.4693,0.2127,29.23,Out To RF,89,Busch Stadium,
163,805805,Walker Jenkins,MIN,LAA,2026-09-20T20:07:00Z,Scheduled,8,Ryan Johnson,696270,R,43.4,Longshot,Watch List,"Projected Lineup, Platoon Edge, Hot Hitter/Streak",32.3,46.1,28.2,47.9,80.0,70.8,No,No,8,Yes,Yes,RotoWire projected lineup; MLB probable pitchers,lineup projected / unconfirmed,H:2026 P:2026/2025,,,Direct BvP not yet weighted; 2026/2025 Statcast baseline active,7,8,23,2,Hot streak: 2 HR in last 7 games,"platoon edge; pitcher baseline 9.5% barrel, 13.8 HR allowed",neutral batted-ball profile; pitcher allows elevated contact,9.8,34.1,87.8,98.3584,0.394,0.166,0.319,71.6,18.2,36.6,26.8,3.0,0.193,9.48,36.42,87.68,0.4332,0.1833,34.09,,,Angel Stadium,
164,672640,Otto Lopez,MIA,SD,2026-09-20T20:10:00Z,Scheduled,3,Walker Buehler,621111,R,43.3,Longshot,Watch List,"Projected Lineup, Premium Lineup Spot",30.1,43.0,22.6,92.1,50.0,44.8,No,No,3,Yes,Yes,RotoWire projected lineup; MLB probable pitchers,lineup projected / unconfirmed,H:2026/2025 P:2026/2025,,,Direct BvP not yet weighted; 2026/2025 Statcast baseline active,7,8,27,1,"Last 7 games: 8/27, 1 HR","same-side matchup; pitcher baseline 8.6% barrel, 20.6 HR allowed",neutral batted-ball profile; pitcher fly-ball pressure modest,6.4,40.12,88.99,100.1719,0.4242,0.1468,0.3286,71.84,23.09,33.63,22.85,12.2,0.1325,8.59,38.15,88.88,0.4171,0.1645,23.44,,,Petco Park,
165,694212,Samuel Basallo,BAL,MIL,2026-09-20T23:20:00Z,Scheduled,6,Jacob Misiorowski,694819,R,43.3,Longshot,Watch List,"Projected Lineup, Strong Barrel, Platoon Edge",46.2,18.9,32.1,71.7,80.0,30.3,No,No,6,Yes,Yes,RotoWire projected lineup; MLB probable pitchers,lineup projected / unconfirmed,H:2026/2025 P:2026/2025,,,Direct BvP not yet weighted; 2026/2025 Statcast baseline active,7,4,20,1,"Last 7 games: 4/20, 1 HR","platoon edge; pitcher baseline 5.0% barrel, 12.2 HR allowed",neutral batted-ball profile; pitcher fly-ball pressure modest,11.21,43.07,90.08,102.0089,0.424,0.1945,0.3099,74.66,47.74,42.6,29.12,13.8,0.1797,5.03,34.35,87.74,0.2796,0.0996,25.71,,,Oriole Park at Camden Yards,
166,686797,Brooks Lee,MIN,LAA,2026-09-20T20:07:00Z,Scheduled,2,Ryan Johnson,696270,R,43.2,Longshot,Watch List,"Projected Lineup, Premium Lineup Spot, Platoon Edge",21.3,44.6,28.2,95.5,75.0,22.4,No,No,2,Yes,Yes,RotoWire projected lineup; MLB probable pitchers,lineup projected / unconfirmed,H:2026/2025 P:2026/2025,,,Direct BvP not yet weighted; 2026/2025 Statcast baseline active,7,7,26,0,"Last 7 games: 7/26, 0 HR","switch hitter; pitcher baseline 9.5% barrel, 13.8 HR allowed",neutral batted-ball profile; pitcher allows elevated contact,4.61,35.28,88.25,97.71,0.3558,0.1267,0.2792,69.92,8.42,41.71,29.7,20.9,0.1641,9.48,36.42,87.68,0.4332,0.1833,34.09,,,Angel Stadium,
167,673962,Josh Jung,TEX,TOR,2026-09-20T18:35:00Z,Pre-Game,3,Spencer Miles,693686,R,42.8,Longshot,Watch List,"Premium Lineup Spot, Hot Hitter/Streak",37.2,11.9,41.1,96.6,50.0,70.4,Yes,Yes,3,Yes,No,MLB Stats API; RotoWire,,H:2026/2025 P:2026,,,Direct BvP not yet weighted; 2026/2025 Statcast baseline active,7,10,29,2,Hot streak: 2 HR in last 7 games,"same-side matchup; pitcher baseline 3.5% barrel, 5.0 HR allowed",neutral batted-ball profile; pitcher fly-ball pressure modest,7.46,48.24,90.21,100.402,0.4329,0.1585,0.3355,70.41,7.48,37.55,23.71,11.9,0.1509,3.5,34.5,86.8,0.32,0.091,19.8,None,72,Globe Life Field,
168,683748,Victor Mesa Jr.,TB,BOS,2026-09-20T17:40:00Z,Pre-Game,8,Patrick Sandoval,663776,L,42.7,Longshot,Watch List,Strong Barrel,43.8,34.3,41.1,52.4,50.0,39.5,Yes,Yes,8,Yes,No,MLB Stats API; RotoWire,,H:2026/2025 P:2026,,,Direct BvP not yet weighted; 2026/2025 Statcast baseline active,7,6,23,1,"Last 7 games: 6/23, 1 HR","same-side matchup; pitcher baseline 6.9% barrel, 6.0 HR allowed",neutral batted-ball profile; pitcher fly-ball pressure modest,10.11,40.94,89.7,100.0839,0.4339,0.1921,0.3298,73.72,33.16,40.31,34.4,9.4,0.2141,6.9,36.0,87.8,0.442,0.163,25.7,None,72,Tropicana Field,
169,695734,Daylen Lile,WSH,STL,2026-09-20T18:15:00Z,Pre-Game,6,Quinn Mathews,687273,L,42.7,Longshot,Watch List,No major boost,36.2,12.9,64.6,76.2,50.0,56.2,Yes,Yes,6,Yes,No,MLB Stats API; RotoWire,,H:2026/2025 P:2026,,,Direct BvP not yet weighted; 2026/2025 Statcast baseline active,7,6,24,2,Hot streak: 2 HR in last 7 games,"same-side matchup; pitcher baseline 2.8% barrel, 3.0 HR allowed",neutral batted-ball profile; pitcher fly-ball pressure modest,8.28,38.56,88.69,99.0763,0.4469,0.1761,0.3326,70.78,9.92,40.45,33.81,18.1,0.192,2.8,32.1,87.7,0.321,0.085,25.7,Out To RF,89,Busch Stadium,
170,664770,Nathan Lukes,TOR,TEX,2026-09-20T18:35:00Z,Pre-Game,3,Jacob deGrom,594798,R,42.7,Longshot,Watch List,"Premium Lineup Spot, Platoon Edge",11.0,47.5,41.1,96.6,80.0,15.3,Yes,Yes,3,Yes,No,MLB Stats API; RotoWire,,H:2026/2025 P:2026/2025,,,Direct BvP not yet weighted; 2026/2025 Statcast baseline active,7,4,18,0,"Last 7 games: 4/18, 0 HR","platoon edge; pitcher baseline 8.6% barrel, 21.8 HR allowed",neutral batted-ball profile; pitcher fly-ball pressure modest,3.33,30.84,86.99,96.8544,0.357,0.1029,0.2947,67.3,3.62,31.56,21.09,10.6,0.1254,8.6,44.42,90.45,0.3798,0.1539,28.9,None,72,Globe Life Field,
171,695670,Harry Ford,WSH,STL,2026-09-20T18:15:00Z,Pre-Game,7,Quinn Mathews,687273,L,42.4,Longshot,Watch List,"Strong Barrel, Platoon Edge",41.1,12.9,64.6,64.3,78.0,0.0,Yes,Yes,7,Yes,No,MLB Stats API; RotoWire,,H:2026/2025 P:2026,,,Direct BvP not yet weighted; 2026/2025 Statcast baseline active,7,1,12,0,"Last 7 games: 1/12, 0 HR","platoon edge; pitcher baseline 2.8% barrel, 3.0 HR allowed",fly-ball profile; pitcher fly-ball pressure modest,14.92,38.31,87.11,98.9814,0.3553,0.1731,0.2849,69.62,5.63,34.03,37.26,2.1,0.1141,2.8,32.1,87.7,0.321,0.085,25.7,Out To RF,89,Busch Stadium,
172,687093,Vaughn Grissom,LAA,MIN,2026-09-20T20:07:00Z,Scheduled,4,Dean Kremer,665152,R,42.3,Longshot,Watch List,"Projected Lineup, Premium Lineup Spot",25.5,47.7,28.2,90.4,50.0,21.8,No,No,4,Yes,Yes,RotoWire projected lineup; MLB probable pitchers,lineup projected / unconfirmed,H:2026 P:2026/2025,,,Direct BvP not yet weighted; 2026/2025 Statcast baseline active,7,3,21,1,"Last 7 games: 3/21, 1 HR","same-side matchup; pitcher baseline 9.3% barrel, 18.5 HR allowed",neutral batted-ball profile; pitcher allows elevated contact,6.9,36.3,87.7,98.7394,0.378,0.138,0.308,70.9,16.5,40.4,24.9,12.0,0.147,9.33,35.66,87.96,0.4419,0.1987,31.55,,,Angel Stadium,
173,695391,Brett Harris,SF,LAD,2026-09-20T20:10:00Z,Pre-Game,5,,,,42.3,Longshot,Watch List,No major boost,12.9,41.2,65.1,86.4,60.0,17.3,Yes,No,3,Yes,Yes,MLB Stats API; RotoWire,RotoWire not confirmed; order MLB 5 vs RotoWire 3,H:2026/2025 P:,,,Direct BvP not yet weighted; 2026/2025 Statcast baseline active,7,4,17,0,"Last 7 games: 4/17, 0 HR","handedness incomplete; pitcher baseline 0.0% barrel, 0.0 HR allowed",neutral batted-ball profile; pitcher fly-ball pressure modest,5.24,33.05,86.59,97.3571,0.2436,0.0773,0.2504,70.86,13.11,33.13,20.66,0.0,0.0785,,,,,,,Out To CF,77,UNIQLO Field at Dodger Stadium,
174,695720,Tommy White,ATH,CLE,2026-09-20T17:40:00Z,Pre-Game,6,Gavin Williams,668909,R,42.1,Longshot,Watch List,No major boost,18.5,54.2,40.6,76.2,50.0,35.6,Yes,Yes,6,Yes,No,MLB Stats API; RotoWire,,H:2026 P:2026/2025,,,Direct BvP not yet weighted; 2026/2025 Statcast baseline active,7,4,17,1,"Last 7 games: 4/17, 1 HR","same-side matchup; pitcher baseline 10.6% barrel, 25.8 HR allowed",neutral batted-ball profile; pitcher fly-ball pressure modest,6.9,31.7,85.7,96.8905,0.382,0.118,0.293,69.3,12.9,29.0,23.4,3.0,0.08,10.61,46.05,90.12,0.3973,0.1747,25.86,In From CF,68,Progressive Field,
175,694671,Wyatt Langford,TEX,TOR,2026-09-20T18:35:00Z,Pre-Game,1,Spencer Miles,693686,R,42.1,Longshot,Watch List,Premium Lineup Spot,40.4,11.9,41.1,93.2,50.0,43.2,Yes,Yes,1,Yes,No,MLB Stats API; RotoWire,,H:2026/2025 P:2026,,,Direct BvP not yet weighted; 2026/2025 Statcast baseline active,7,6,21,1,"Last 7 games: 6/21, 1 HR","same-side matchup; pitcher baseline 3.5% barrel, 5.0 HR allowed",neutral batted-ball profile; pitcher fly-ball pressure modest,9.8,40.42,89.65,100.4167,0.4151,0.1785,0.3313,72.89,27.78,43.24,30.95,18.5,0.1928,3.5,34.5,86.8,0.32,0.091,19.8,None,72,Globe Life Field,
176,573262,Mike Yastrzemski,ATL,HOU,2026-09-20T18:10:00Z,Pre-Game,7,Hunter Brown,686613,R,42.0,Longshot,Watch List,Platoon Edge,34.2,21.9,41.1,64.3,80.0,61.5,Yes,Yes,7,Yes,No,MLB Stats API; RotoWire,,H:2026/2025 P:2026/2025,,,Direct BvP not yet weighted; 2026/2025 Statcast baseline active,7,6,21,2,Hot streak: 2 HR in last 7 games,"platoon edge; pitcher baseline 6.1% barrel, 12.8 HR allowed",neutral batted-ball profile; pitcher fly-ball pressure modest,7.31,42.32,90.38,99.7373,0.3819,0.1463,0.3136,71.31,8.58,44.22,30.7,12.8,0.1595,6.11,35.56,86.31,0.3229,0.1192,23.09,None,72,Daikin Park,
177,686765,Nick Sogard,BOS,TB,2026-09-20T17:40:00Z,Pre-Game,5,Griffin Jax,643377,R,41.9,Longshot,Watch List,Platoon Edge,16.2,41.6,41.1,86.4,75.0,31.6,Yes,Yes,5,Yes,No,MLB Stats API; RotoWire,,H:2026/2025 P:2026/2025,,,Direct BvP not yet weighted; 2026/2025 Statcast baseline active,7,5,24,1,"Last 7 games: 5/24, 1 HR","switch hitter; pitcher baseline 9.3% barrel, 12.6 HR allowed",neutral batted-ball profile; pitcher fly-ball pressure modest,5.39,30.71,86.56,97.0079,0.3624,0.1149,0.309,68.78,3.89,43.98,25.35,3.5,0.1239,9.26,41.51,88.99,0.3993,0.1534,23.37,None,72,Tropicana Field,
178,805300,Jakob Marsee,MIA,SD,2026-09-20T20:10:00Z,Scheduled,6,Walker Buehler,621111,R,41.9,Longshot,Watch List,"Projected Lineup, Platoon Edge, Hot Hitter/Streak",20.8,43.0,22.6,71.7,80.0,81.7,No,No,6,Yes,Yes,RotoWire projected lineup; MLB probable pitchers,lineup projected / unconfirmed,H:2026/2025 P:2026/2025,,,Direct BvP not yet weighted; 2026/2025 Statcast baseline active,7,10,22,2,Hot streak: 2 HR in last 7 games,"platoon edge; pitcher baseline 8.6% barrel, 20.6 HR allowed",neutral batted-ball profile; pitcher fly-ball pressure modest,5.02,36.99,87.78,98.6208,0.3657,0.1204,0.3239,70.36,5.44,41.37,23.19,9.2,0.1461,8.59,38.15,88.88,0.4171,0.1645,23.44,,,Petco Park,
179,669394,Jake Burger,TEX,TOR,2026-09-20T18:35:00Z,Pre-Game,6,Spencer Miles,693686,R,41.7,Longshot,Watch List,Strong Barrel,51.9,11.9,41.1,76.2,50.0,7.0,Yes,Yes,6,Yes,No,MLB Stats API; RotoWire,,H:2026/2025 P:2026,,,Direct BvP not yet weighted; 2026/2025 Statcast baseline active,7,4,24,0,"Last 7 games: 4/24, 0 HR","same-side matchup; pitcher baseline 3.5% barrel, 5.0 HR allowed",neutral batted-ball profile; pitcher fly-ball pressure modest,12.85,46.96,90.26,102.7957,0.4395,0.204,0.3198,75.37,58.21,41.11,28.25,23.0,0.1886,3.5,34.5,86.8,0.32,0.091,19.8,None,72,Globe Life Field,
180,543760,Marcus Semien,NYM,PHI,2026-09-20T17:10:00Z,Pre-Game,6,Cristopher Sánchez,650911,L,41.6,Longshot,Watch List,Platoon Edge,23.1,32.5,49.3,76.2,78.0,22.4,Yes,Yes,6,Yes,No,MLB Stats API; RotoWire,,H:2026/2025 P:2026/2025,,,Direct BvP not yet weighted; 2026/2025 Statcast baseline active,7,7,26,0,"Last 7 games: 7/26, 0 HR","platoon edge; pitcher baseline 6.9% barrel, 15.5 HR allowed",neutral batted-ball profile; pitcher fly-ball pressure modest,6.17,33.74,87.11,97.3372,0.3824,0.1397,0.3075,68.57,3.48,46.42,32.84,14.3,0.1263,6.89,40.64,89.07,0.3583,0.1249,16.62,R To L,68,Citi Field,
181,663538,Nico Hoerner,CHC,CIN,2026-09-20T17:40:00Z,Pre-Game,6,Rhett Lowder,695076,R,41.6,Longshot,Watch List,No major boost,9.0,53.1,66.3,76.2,50.0,15.3,Yes,Yes,6,Yes,No,MLB Stats API; RotoWire,,H:2026/2025 P:2026,,,Direct BvP not yet weighted; 2026/2025 Statcast baseline active,7,6,27,0,"Last 7 games: 6/27, 0 HR","same-side matchup; pitcher baseline 9.8% barrel, 18.0 HR allowed",neutral batted-ball profile; pitcher fly-ball pressure modest,1.7,29.46,86.14,96.3228,0.3819,0.085,0.322,68.33,1.76,32.52,21.98,7.7,0.0928,9.8,38.9,90.1,0.463,0.192,27.6,R To L,87,Great American Ball Park,
182,669242,Tommy Edman,LAD,SF,2026-09-20T20:10:00Z,Pre-Game,8,Matt Wilkinson,683363,L,41.6,Longshot,Watch List,"Projected Lineup, Platoon Edge",19.1,50.4,65.1,47.9,75.0,0.0,No,No,8,Yes,Yes,RotoWire projected lineup; MLB probable pitchers,lineup projected / unconfirmed,H:2026/2025 P:2026,,,Direct BvP not yet weighted; 2026/2025 Statcast baseline active,7,2,22,0,"Last 7 games: 2/22, 0 HR","switch hitter; pitcher baseline 7.7% barrel, 4.0 HR allowed",neutral batted-ball profile; pitcher allows elevated contact,4.71,34.65,87.53,98.7223,0.3627,0.1111,0.3084,70.59,13.37,43.44,26.64,8.1,0.1332,7.7,49.2,91.0,0.444,0.187,32.3,Out To CF,77,UNIQLO Field at Dodger Stadium,
183,806146,George Lombard,NYY,AZ,2026-09-20T20:10:00Z,Scheduled,5,Corbin Burnes,669203,R,41.6,Longshot,Watch List,Projected Lineup,20.3,54.5,28.2,81.9,50.0,32.5,No,No,5,Yes,Yes,RotoWire projected lineup; MLB probable pitchers,lineup projected / unconfirmed,H:2026 P:2026/2025,,,Direct BvP not yet weighted; 2026/2025 Statcast baseline active,7,6,28,1,"Last 7 games: 6/28, 1 HR","same-side matchup; pitcher baseline 11.2% barrel, 3.5 HR allowed",neutral batted-ball profile; pitcher allows elevated contact,6.4,34.7,86.5,98.1263,0.351,0.115,0.288,72.2,23.4,33.7,22.1,4.0,0.132,11.18,38.73,90.34,0.4081,0.1839,43.67,,,Chase Field,
184,807726,John Peck,DET,CWS,2026-09-20T18:10:00Z,Pre-Game,9,Davis Martin,663436,R,41.4,Longshot,Watch List,Strong Barrel,34.4,44.8,53.6,44.8,50.0,8.5,Yes,Yes,9,Yes,No,MLB Stats API; RotoWire,,H:2026 P:2026/2025,,,Direct BvP not yet weighted; 2026/2025 Statcast baseline active,7,3,17,0,"Last 7 games: 3/17, 0 HR","same-side matchup; pitcher baseline 7.4% barrel, 15.8 HR allowed",neutral batted-ball profile; pitcher fly-ball pressure modest,11.1,40.5,88.3,98.866,0.383,0.142,0.341,72.2,17.8,24.3,13.5,0.0,0.021,7.42,44.67,90.42,0.4293,0.1573,23.97,L To R,67,Rate Field,
185,669701,Josh Smith,TOR,TEX,2026-09-20T18:35:00Z,Pre-Game,6,Jacob deGrom,594798,R,41.3,Longshot,Watch List,Platoon Edge,17.8,47.5,41.1,76.2,80.0,0.8,Yes,Yes,6,Yes,No,MLB Stats API; RotoWire,,H:2026/2025 P:2026/2025,,,Direct BvP not yet weighted; 2026/2025 Statcast baseline active,7,2,16,0,"Last 7 games: 2/16, 0 HR","platoon edge; pitcher baseline 8.6% barrel, 21.8 HR allowed",neutral batted-ball profile; pitcher fly-ball pressure modest,6.26,30.89,86.29,97.2272,0.3373,0.1197,0.2904,68.86,2.97,36.3,29.77,7.2,0.1213,8.6,44.42,90.45,0.3798,0.1539,28.9,None,72,Globe Life Field,
186,663647,Ke'Bryan Hayes,CIN,CHC,2026-09-20T17:40:00Z,Pre-Game,9,David Peterson,656849,L,41.1,Longshot,Watch List,Platoon Edge,29.2,34.4,66.3,44.8,78.0,0.0,Yes,Yes,9,Yes,No,MLB Stats API; RotoWire,,H:2026/2025 P:2026/2025,,,Direct BvP not yet weighted; 2026/2025 Statcast baseline active,7,1,13,0,"Last 7 games: 1/13, 0 HR","platoon edge; pitcher baseline 6.2% barrel, 13.1 HR allowed",neutral batted-ball profile; pitcher fly-ball pressure modest,6.42,40.75,90.14,99.7655,0.3693,0.1285,0.2904,70.89,7.57,29.76,26.94,5.0,0.0822,6.19,42.01,89.41,0.4056,0.1349,18.59,R To L,87,Great American Ball Park,
187,514888,Jose Altuve,HOU,ATL,2026-09-20T18:10:00Z,Pre-Game,4,Martín Pérez,527048,L,41.1,Longshot,Watch List,"Premium Lineup Spot, Platoon Edge",13.7,37.7,41.1,94.9,78.0,20.9,Yes,Yes,4,Yes,No,MLB Stats API; RotoWire,,H:2026/2025 P:2026/2025,,,Direct BvP not yet weighted; 2026/2025 Statcast baseline active,7,7,27,0,"Last 7 games: 7/27, 0 HR","platoon edge; pitcher baseline 7.9% barrel, 10.9 HR allowed",neutral batted-ball profile; pitcher fly-ball pressure modest,4.94,31.39,85.38,97.0745,0.3448,0.1176,0.2811,68.93,9.71,45.78,23.07,18.3,0.1567,7.93,37.16,88.06,0.4213,0.1618,24.69,None,72,Daikin Park,
188,665877,José Fermín,STL,WSH,2026-09-20T18:15:00Z,Pre-Game,8,Jake Irvin,663623,R,41.1,Longshot,Watch List,No major boost,9.7,62.1,64.6,52.4,50.0,29.4,Yes,Yes,8,Yes,No,MLB Stats API; RotoWire,,H:2026/2025 P:2026/2025,,,Direct BvP not yet weighted; 2026/2025 Statcast baseline active,7,6,19,0,"Last 7 games: 6/19, 0 HR","same-side matchup; pitcher baseline 11.2% barrel, 23.3 HR allowed",neutral batted-ball profile; pitcher fly-ball pressure modest,1.54,30.94,86.4,96.4611,0.3467,0.0899,0.3047,68.07,3.02,47.62,24.45,4.5,0.1165,11.23,45.7,89.7,0.4693,0.2127,29.23,Out To RF,89,Busch Stadium,
189,620443,Luis Torrens,NYM,PHI,2026-09-20T17:10:00Z,Pre-Game,9,Cristopher Sánchez,650911,L,40.9,Longshot,Watch List,Platoon Edge,31.5,32.5,49.3,44.8,78.0,41.2,Yes,Yes,9,Yes,No,MLB Stats API; RotoWire,,H:2026/2025 P:2026/2025,,,Direct BvP not yet weighted; 2026/2025 Statcast baseline active,7,6,22,1,"Last 7 games: 6/22, 1 HR","platoon edge; pitcher baseline 6.9% barrel, 15.5 HR allowed",neutral batted-ball profile; pitcher fly-ball pressure modest,7.34,43.41,89.2,99.6055,0.3966,0.1506,0.3072,70.35,7.64,31.78,21.32,7.8,0.1533,6.89,40.64,89.07,0.3583,0.1249,16.62,R To L,68,Citi Field,
190,693304,Nick Gonzales,PIT,KC,2026-09-20T17:35:00Z,Pre-Game,5,Michael Wacha,608379,R,40.9,Longshot,Watch List,No major boost,16.1,37.3,58.3,86.4,50.0,24.9,Yes,Yes,5,Yes,No,MLB Stats API; RotoWire,,H:2026/2025 P:2026/2025,,,Direct BvP not yet weighted; 2026/2025 Statcast baseline active,7,6,21,0,"Last 7 games: 6/21, 0 HR","same-side matchup; pitcher baseline 7.0% barrel, 23.4 HR allowed",neutral batted-ball profile; pitcher fly-ball pressure modest,3.45,35.44,87.05,98.1362,0.3792,0.1063,0.3155,70.71,12.52,37.01,21.4,5.7,0.0922,6.98,35.72,87.92,0.4081,0.1633,28.95,Out To CF,72,PNC Park,
191,687462,Spencer Horwitz,PIT,KC,2026-09-20T17:35:00Z,Pre-Game,8,Michael Wacha,608379,R,40.9,Longshot,Watch List,Platoon Edge,21.3,37.3,58.3,52.4,80.0,32.0,Yes,Yes,8,Yes,No,MLB Stats API; RotoWire,,H:2026/2025 P:2026/2025,,,Direct BvP not yet weighted; 2026/2025 Statcast baseline active,7,7,21,0,Contact streak: 7/21 over last 7 games,"platoon edge; pitcher baseline 7.0% barrel, 23.4 HR allowed",neutral batted-ball profile; pitcher fly-ball pressure modest,6.62,32.71,87.05,97.4513,0.3664,0.1325,0.3162,68.68,5.32,39.45,27.91,10.3,0.1326,6.98,35.72,87.92,0.4081,0.1633,28.95,Out To CF,72,PNC Park,
192,679845,Nick Loftin,KC,PIT,2026-09-20T17:35:00Z,Pre-Game,6,Lake Bachar,669199,R,40.8,Longshot,Watch List,No major boost,15.9,42.4,58.3,76.2,50.0,29.4,Yes,Yes,6,Yes,No,MLB Stats API; RotoWire,,H:2026/2025 P:2026/2025,,,Direct BvP not yet weighted; 2026/2025 Statcast baseline active,7,6,19,0,"Last 7 games: 6/19, 0 HR","same-side matchup; pitcher baseline 8.8% barrel, 12.1 HR allowed",neutral batted-ball profile; pitcher allows elevated contact,4.76,30.29,87.22,96.9534,0.3429,0.113,0.2933,68.98,5.94,43.24,28.08,6.1,0.1441,8.81,36.25,89.39,0.3794,0.171,32.06,Out To CF,72,PNC Park,
193,672275,Patrick Bailey,CLE,ATH,2026-09-20T17:40:00Z,Pre-Game,8,Jack Perkins,678022,R,40.8,Longshot,Watch List,Platoon Edge,30.7,39.3,40.6,52.4,75.0,21.1,Yes,Yes,8,Yes,No,MLB Stats API; RotoWire,,H:2026/2025 P:2026/2025,,,Direct BvP not yet weighted; 2026/2025 Statcast baseline active,7,6,23,0,"Last 7 games: 6/23, 0 HR","switch hitter; pitcher baseline 9.2% barrel, 15.2 HR allowed",neutral batted-ball profile; pitcher allows elevated contact,6.58,40.11,89.67,99.6133,0.3736,0.1433,0.2927,72.41,26.2,34.6,27.04,7.4,0.1121,9.18,36.86,87.94,0.3769,0.1503,33.12,In From CF,68,Progressive Field,
194,703520,Brett Bateman,TOR,TEX,2026-09-20T18:35:00Z,Pre-Game,1,Jacob deGrom,594798,R,40.6,Longshot,Watch List,"Premium Lineup Spot, Platoon Edge",2.7,47.5,41.1,93.2,80.0,37.8,Yes,Yes,1,Yes,No,MLB Stats API; RotoWire,,H:2026 P:2026/2025,,,Direct BvP not yet weighted; 2026/2025 Statcast baseline active,7,7,28,1,"Last 7 games: 7/28, 1 HR","platoon edge; pitcher baseline 8.6% barrel, 21.8 HR allowed",neutral batted-ball profile; pitcher fly-ball pressure modest,1.7,20.7,84.6,94.8552,0.327,0.07,0.3,68.0,2.6,33.6,12.1,2.0,0.089,8.6,44.42,90.45,0.3798,0.1539,28.9,None,72,Globe Life Field,
195,678662,Ezequiel Tovar,COL,SEA,2026-09-20T19:10:00Z,Pre-Game,9,Kade Anderson,807739,L,40.6,Longshot,Watch List,Platoon Edge,29.3,33.7,49.7,44.8,78.0,42.0,Yes,Yes,9,Yes,No,MLB Stats API; RotoWire,,H:2026/2025 P:2026,,,Direct BvP not yet weighted; 2026/2025 Statcast baseline active,7,5,18,1,"Last 7 games: 5/18, 1 HR","platoon edge; pitcher baseline 7.7% barrel, 4.0 HR allowed",neutral batted-ball profile; pitcher fly-ball pressure modest,7.48,34.77,88.14,99.0541,0.3892,0.1534,0.2917,71.95,21.03,37.12,30.06,10.4,0.1309,7.7,39.7,87.5,0.404,0.14,25.6,In From RF,70,Coors Field,
196,685133,Wade Meckler,LAA,MIN,2026-09-20T20:07:00Z,Scheduled,3,Dean Kremer,665152,R,40.5,Longshot,Watch List,"Projected Lineup, Premium Lineup Spot, Platoon Edge",11.1,47.7,28.2,92.1,80.0,22.4,No,No,3,Yes,Yes,RotoWire projected lineup; MLB probable pitchers,lineup projected / unconfirmed,H:2026 P:2026/2025,,,Direct BvP not yet weighted; 2026/2025 Statcast baseline active,7,7,26,0,"Last 7 games: 7/26, 0 HR","platoon edge; pitcher baseline 9.3% barrel, 18.5 HR allowed",neutral batted-ball profile; pitcher allows elevated contact,2.8,32.9,86.8,96.5942,0.351,0.094,0.31,69.0,2.3,33.8,19.4,3.0,0.084,9.33,35.66,87.96,0.4419,0.1987,31.55,,,Angel Stadium,
197,592663,J.T. Realmuto,PHI,NYM,2026-09-20T17:10:00Z,Pre-Game,8,Jonah Tong,804636,R,40.3,Longshot,Watch List,No major boost,32.2,37.3,49.3,52.4,50.0,29.2,Yes,Yes,8,Yes,No,MLB Stats API; RotoWire,,H:2026/2025 P:2026/2025,,,Direct BvP not yet weighted; 2026/2025 Statcast baseline active,7,5,26,1,"Last 7 games: 5/26, 1 HR","same-side matchup; pitcher baseline 8.9% barrel, 2.3 HR allowed",neutral batted-ball profile; pitcher allows elevated contact,6.56,41.65,89.72,100.0634,0.3984,0.1454,0.3181,72.77,30.54,41.74,25.94,11.3,0.1291,8.91,34.64,89.58,0.3604,0.1456,33.31,R To L,68,Citi Field,
198,664983,Jake McCarthy,COL,SEA,2026-09-20T19:10:00Z,Pre-Game,1,Kade Anderson,807739,L,40.3,Longshot,Watch List,Premium Lineup Spot,17.2,33.7,49.7,93.2,50.0,30.2,Yes,Yes,1,Yes,No,MLB Stats API; RotoWire,,H:2026/2025 P:2026,,,Direct BvP not yet weighted; 2026/2025 Statcast baseline active,7,9,28,0,Contact streak: 9/28 over last 7 games,"same-side matchup; pitcher baseline 7.7% barrel, 4.0 HR allowed",neutral batted-ball profile; pitcher fly-ball pressure modest,5.58,28.09,85.19,96.8477,0.4055,0.1392,0.314,70.89,13.19,37.94,21.8,11.7,0.1753,7.7,39.7,87.5,0.404,0.14,25.6,In From RF,70,Coors Field,
199,687637,Dylan Beavers,BAL,MIL,2026-09-20T23:20:00Z,Scheduled,1,Jacob Misiorowski,694819,R,40.2,Longshot,Watch List,"Projected Lineup, Premium Lineup Spot, Platoon Edge",30.2,18.9,32.1,88.7,80.0,26.2,No,No,1,Yes,Yes,RotoWire projected lineup; MLB probable pitchers,lineup projected / unconfirmed,H:2026/2025 P:2026/2025,,,Direct BvP not yet weighted; 2026/2025 Statcast baseline active,7,5,29,1,"Last 7 games: 5/29, 1 HR","platoon edge; pitcher baseline 5.0% barrel, 12.2 HR allowed",neutral batted-ball profile; pitcher fly-ball pressure modest,7.69,34.58,87.89,99.0703,0.3807,0.1593,0.3111,72.41,21.89,40.88,32.58,6.1,0.1471,5.03,34.35,87.74,0.2796,0.0996,25.71,,,Oriole Park at Camden Yards,
200,641680,Jonah Heim,ATH,CLE,2026-09-20T17:40:00Z,Pre-Game,8,Gavin Williams,668909,R,40.1,Longshot,Watch List,Platoon Edge,21.9,52.9,40.6,52.4,75.0,0.0,Yes,Yes,8,Yes,No,MLB Stats API; RotoWire,,H:2026/2025 P:2026/2025,,,Direct BvP not yet weighted; 2026/2025 Statcast baseline active,7,2,25,0,"Last 7 games: 2/25, 0 HR","switch hitter; pitcher baseline 10.6% barrel, 25.8 HR allowed",neutral batted-ball profile; pitcher fly-ball pressure modest,6.17,32.75,87.68,97.6776,0.3572,0.1333,0.2823,69.84,9.45,40.56,27.55,12.4,0.1512,10.61,46.05,90.12,0.3973,0.1747,25.86,In From CF,68,Progressive Field,
201,678218,Brandon Valenzuela,TOR,TEX,2026-09-20T18:35:00Z,Pre-Game,8,Jacob deGrom,594798,R,39.9,Longshot,Watch List,Platoon Edge,26.4,45.6,41.1,52.4,75.0,0.0,Yes,Yes,8,Yes,No,MLB Stats API; RotoWire,,H:2026 P:2026/2025,,,Direct BvP not yet weighted; 2026/2025 Statcast baseline active,7,2,19,0,"Last 7 games: 2/19, 0 HR","switch hitter; pitcher baseline 8.6% barrel, 21.8 HR allowed",neutral batted-ball profile; pitcher fly-ball pressure modest,6.7,37.2,88.1,99.1308,0.373,0.134,0.31,72.6,22.1,43.9,23.8,8.0,0.144,8.6,44.42,90.45,0.3798,0.1539,28.9,None,72,Globe Life Field,
202,650333,Luis Arraez,PHI,NYM,2026-09-20T17:10:00Z,Pre-Game,4,Jonah Tong,804636,R,39.7,Longshot,Watch List,"Premium Lineup Spot, Platoon Edge",6.8,37.3,49.3,94.9,80.0,12.0,Yes,Yes,4,Yes,No,MLB Stats API; RotoWire,,H:2026/2025 P:2026/2025,,,Direct BvP not yet weighted; 2026/2025 Statcast baseline active,7,5,25,0,"Last 7 games: 5/25, 0 HR","platoon edge; pitcher baseline 8.9% barrel, 2.3 HR allowed",neutral batted-ball profile; pitcher allows elevated contact,1.17,18.24,86.24,93.8873,0.3721,0.0851,0.3058,62.92,0.19,30.24,28.03,6.6,0.1084,8.91,34.64,89.58,0.3604,0.1456,33.31,R To L,68,Citi Field,
203,680757,Steven Kwan,CLE,ATH,2026-09-20T17:40:00Z,Pre-Game,1,Jack Perkins,678022,R,39.4,Longshot,Watch List,"Premium Lineup Spot, Platoon Edge",2.6,41.0,40.6,93.2,80.0,48.3,Yes,Yes,1,Yes,No,MLB Stats API; RotoWire,,H:2026/2025 P:2026/2025,,,Direct BvP not yet weighted; 2026/2025 Statcast baseline active,7,8,25,1,Contact streak: 8/25 over last 7 games,"platoon edge; pitcher baseline 9.2% barrel, 15.2 HR allowed",neutral batted-ball profile; pitcher allows elevated contact,0.85,13.07,84.45,92.7458,0.3464,0.0734,0.3198,62.73,0.31,28.37,23.51,5.4,0.0761,9.18,36.86,87.94,0.3769,0.1503,33.12,In From CF,68,Progressive Field,
204,593428,Xander Bogaerts,SD,MIA,2026-09-20T20:10:00Z,Scheduled,6,Sandy Alcantara,645261,R,39.4,Longshot,Watch List,Projected Lineup,28.8,36.9,22.6,71.7,50.0,61.4,No,No,6,Yes,Yes,RotoWire projected lineup; MLB probable pitchers,lineup projected / unconfirmed,H:2026/2025 P:2026/2025,,,Direct BvP not yet weighted; 2026/2025 Statcast baseline active,7,11,27,1,Contact streak: 11/27 over last 7 games,"same-side matchup; pitcher baseline 6.6% barrel, 22.7 HR allowed",neutral batted-ball profile; pitcher fly-ball pressure modest,6.06,41.09,89.35,100.2181,0.3864,0.1334,0.3242,72.31,27.94,43.66,23.48,11.7,0.1161,6.64,38.77,89.23,0.3982,0.1428,24.94,,,Petco Park,
205,694203,Denzer Guzman,LAA,MIN,2026-09-20T20:07:00Z,Scheduled,6,Dean Kremer,665152,R,39.3,Longshot,Watch List,Projected Lineup,24.7,47.7,28.2,71.7,50.0,18.2,No,No,6,Yes,Yes,RotoWire projected lineup; MLB probable pitchers,lineup projected / unconfirmed,H:2026/2025 P:2026/2025,,,Direct BvP not yet weighted; 2026/2025 Statcast baseline active,7,7,29,0,"Last 7 games: 7/29, 0 HR","same-side matchup; pitcher baseline 9.3% barrel, 18.5 HR allowed",neutral batted-ball profile; pitcher allows elevated contact,8.14,37.3,86.71,98.7833,0.3279,0.1148,0.2525,73.57,37.37,40.18,24.05,5.5,0.1306,9.33,35.66,87.96,0.4419,0.1987,31.55,,,Angel Stadium,
206,676356,Jonny DeLuca,TB,BOS,2026-09-20T17:40:00Z,Pre-Game,4,Patrick Sandoval,663776,L,38.7,Longshot,Watch List,"Premium Lineup Spot, Platoon Edge",9.8,34.3,41.1,94.9,78.0,15.3,Yes,Yes,4,Yes,No,MLB Stats API; RotoWire,,H:2026/2025 P:2026,,,Direct BvP not yet weighted; 2026/2025 Statcast baseline active,7,4,18,0,"Last 7 games: 4/18, 0 HR","platoon edge; pitcher baseline 6.9% barrel, 6.0 HR allowed",neutral batted-ball profile; pitcher fly-ball pressure modest,2.86,29.84,85.53,97.4424,0.3276,0.0893,0.2621,72.75,28.66,45.88,22.62,6.3,0.1419,6.9,36.0,87.8,0.442,0.163,25.7,None,72,Tropicana Field,
207,665828,Oswaldo Cabrera,CIN,CHC,2026-09-20T17:40:00Z,Pre-Game,7,David Peterson,656849,L,38.6,Longshot,Watch List,Platoon Edge,15.2,33.0,66.3,64.3,75.0,0.0,Yes,Yes,7,Yes,No,MLB Stats API; RotoWire,,H:2026/2025 P:2026/2025,,,Direct BvP not yet weighted; 2026/2025 Statcast baseline active,3,0,9,0,"Last 3 games: 0/9, 0 HR","switch hitter; pitcher baseline 6.2% barrel, 13.1 HR allowed",neutral batted-ball profile; pitcher fly-ball pressure modest,0.0,40.38,89.45,97.684,0.22,0.0358,0.1888,69.13,0.48,42.54,4.29,0.3,0.0195,6.19,42.01,89.41,0.4056,0.1349,18.59,R To L,87,Great American Ball Park,
208,695731,Braden Montgomery,CWS,DET,2026-09-20T18:10:00Z,Pre-Game,8,Troy Melton,675512,R,38.5,Longshot,Watch List,Platoon Edge,23.9,35.4,53.6,52.4,75.0,0.0,Yes,Yes,8,Yes,No,MLB Stats API; RotoWire,,H:2026 P:2026/2025,,,Direct BvP not yet weighted; 2026/2025 Statcast baseline active,7,1,17,0,"Last 7 games: 1/17, 0 HR","switch hitter; pitcher baseline 6.9% barrel, 11.2 HR allowed",neutral batted-ball profile; pitcher fly-ball pressure modest,4.8,39.6,88.8,99.8455,0.387,0.139,0.324,69.7,8.6,37.8,19.1,6.0,0.128,6.92,40.94,89.4,0.3801,0.1519,25.26,L To R,67,Rate Field,
209,807712,Luke Keaschall,MIN,LAA,2026-09-20T20:07:00Z,Scheduled,1,Ryan Johnson,696270,R,38.4,Longshot,Watch List,"Projected Lineup, Premium Lineup Spot",12.4,46.1,28.2,88.7,50.0,40.9,No,No,1,Yes,Yes,RotoWire projected lineup; MLB probable pitchers,lineup projected / unconfirmed,H:2026/2025 P:2026/2025,,,Direct BvP not yet weighted; 2026/2025 Statcast baseline active,7,11,28,0,Contact streak: 11/28 over last 7 games,"same-side matchup; pitcher baseline 9.5% barrel, 13.8 HR allowed",neutral batted-ball profile; pitcher allows elevated contact,3.87,29.73,85.64,96.7222,0.364,0.1118,0.3191,68.57,7.38,39.03,27.11,7.5,0.1192,9.48,36.42,87.68,0.4332,0.1833,34.09,,,Angel Stadium,
210,691788,Joe Mack,MIA,SD,2026-09-20T20:10:00Z,Scheduled,8,Walker Buehler,621111,R,38.4,Longshot,Watch List,"Projected Lineup, Platoon Edge",32.8,43.0,22.6,47.9,80.0,0.0,No,No,8,Yes,Yes,RotoWire projected lineup; MLB probable pitchers,lineup projected / unconfirmed,H:2026 P:2026/2025,,,Direct BvP not yet weighted; 2026/2025 Statcast baseline active,7,2,19,0,"Last 7 games: 2/19, 0 HR","platoon edge; pitcher baseline 8.6% barrel, 20.6 HR allowed",neutral batted-ball profile; pitcher fly-ball pressure modest,7.9,38.4,88.5,99.4773,0.383,0.163,0.285,74.3,43.5,48.6,25.0,13.0,0.165,8.59,38.15,88.88,0.4171,0.1645,23.44,,,Petco Park,
211,694197,Angel Genao,CLE,ATH,2026-09-20T17:40:00Z,Pre-Game,9,Jack Perkins,678022,R,38.3,Longshot,Watch List,Platoon Edge,29.4,39.3,40.6,44.8,75.0,0.8,Yes,Yes,9,Yes,No,MLB Stats API; RotoWire,,H:2026 P:2026/2025,,,Direct BvP not yet weighted; 2026/2025 Statcast baseline active,7,2,16,0,"Last 7 games: 2/16, 0 HR","switch hitter; pitcher baseline 9.2% barrel, 15.2 HR allowed",neutral batted-ball profile; pitcher allows elevated contact,5.1,51.5,90.9,100.5244,0.344,0.1,0.292,72.3,24.6,37.4,13.1,2.0,0.085,9.18,36.86,87.94,0.3769,0.1503,33.12,In From CF,68,Progressive Field,
212,681297,Colton Cowser,BAL,MIL,2026-09-20T23:20:00Z,Scheduled,9,Jacob Misiorowski,694819,R,38.1,Longshot,Watch List,"Projected Lineup, Strong Barrel, Platoon Edge",43.5,18.9,32.1,40.2,80.0,32.0,No,No,9,Yes,Yes,RotoWire projected lineup; MLB probable pitchers,lineup projected / unconfirmed,H:2026/2025 P:2026/2025,,,Direct BvP not yet weighted; 2026/2025 Statcast baseline active,7,7,21,0,Contact streak: 7/21 over last 7 games,"platoon edge; pitcher baseline 5.0% barrel, 12.2 HR allowed",neutral batted-ball profile; pitcher fly-ball pressure modest,11.09,42.29,88.8,100.8377,0.404,0.1904,0.3084,74.3,43.52,38.87,31.52,13.9,0.1575,5.03,34.35,87.74,0.2796,0.0996,25.71,,,Oriole Park at Camden Yards,
213,686668,Brenton Doyle,CWS,DET,2026-09-20T18:10:00Z,Pre-Game,9,Troy Melton,675512,R,37.7,Longshot,Watch List,No major boost,25.4,36.6,53.6,44.8,50.0,34.5,Yes,Yes,9,Yes,No,MLB Stats API; RotoWire,,H:2026/2025 P:2026/2025,,,Direct BvP not yet weighted; 2026/2025 Statcast baseline active,7,7,20,0,Contact streak: 7/20 over last 7 games,"same-side matchup; pitcher baseline 6.9% barrel, 11.2 HR allowed",neutral batted-ball profile; pitcher fly-ball pressure modest,7.26,37.46,89.27,99.8368,0.324,0.1119,0.2566,71.96,14.74,37.2,24.01,6.6,0.108,6.92,40.94,89.4,0.3801,0.1519,25.26,L To R,67,Rate Field,
214,682663,Agustin Ramirez,MIA,SD,2026-09-20T20:10:00Z,Scheduled,9,Walker Buehler,621111,R,37.7,Longshot,Watch List,"Projected Lineup, Hot Hitter/Streak",30.6,43.0,22.6,40.2,50.0,75.8,No,No,9,Yes,Yes,RotoWire projected lineup; MLB probable pitchers,lineup projected / unconfirmed,H:2026/2025 P:2026/2025,,,Direct BvP not yet weighted; 2026/2025 Statcast baseline active,7,8,21,2,Hot streak: 2 HR in last 7 games,"same-side matchup; pitcher baseline 8.6% barrel, 20.6 HR allowed",neutral batted-ball profile; pitcher fly-ball pressure modest,6.59,42.03,90.03,102.5922,0.359,0.1252,0.2977,75.62,56.74,42.15,18.49,9.8,0.1477,8.59,38.15,88.88,0.4171,0.1645,23.44,,,Petco Park,
215,810938,Ben Williamson,TB,BOS,2026-09-20T17:40:00Z,Pre-Game,6,Patrick Sandoval,663776,L,37.6,Longshot,Watch List,Platoon Edge,11.7,34.3,41.1,76.2,78.0,33.7,Yes,Yes,6,Yes,No,MLB Stats API; RotoWire,,H:2026/2025 P:2026,,,Direct BvP not yet weighted; 2026/2025 Statcast baseline active,7,4,18,1,"Last 7 games: 4/18, 1 HR","platoon edge; pitcher baseline 6.9% barrel, 6.0 HR allowed",neutral batted-ball profile; pitcher fly-ball pressure modest,2.04,35.25,87.6,98.5328,0.3283,0.0796,0.2837,69.49,10.25,27.55,14.04,2.4,0.0766,6.9,36.0,87.8,0.442,0.163,25.7,None,72,Tropicana Field,
216,814154,Scott Bandura,SF,LAD,2026-09-20T20:10:00Z,Pre-Game,6,,,,37.4,Longshot,Watch List,No major boost,2.5,41.2,65.1,76.2,60.0,16.6,Yes,No,8,Yes,Yes,MLB Stats API; RotoWire,RotoWire not confirmed; order MLB 6 vs RotoWire 8,H:2026 P:,,,Direct BvP not yet weighted; 2026/2025 Statcast baseline active,6,3,13,0,"Last 6 games: 3/13, 0 HR","handedness incomplete; pitcher baseline 0.0% barrel, 0.0 HR allowed",neutral batted-ball profile; pitcher fly-ball pressure modest,0.0,16.7,75.7,85.5095,0.145,0.034,0.153,70.4,13.6,50.0,0.0,0.0,0.077,,,,,,,Out To CF,77,UNIQLO Field at Dodger Stadium,
217,672016,Denzel Clarke,ATH,CLE,2026-09-20T17:40:00Z,Pre-Game,9,Gavin Williams,668909,R,37.2,Longshot,Watch List,No major boost,19.2,54.2,40.6,44.8,50.0,19.5,Yes,Yes,9,Yes,No,MLB Stats API; RotoWire,,H:2026/2025 P:2026/2025,,,Direct BvP not yet weighted; 2026/2025 Statcast baseline active,7,1,4,0,"Last 7 games: 1/4, 0 HR","same-side matchup; pitcher baseline 10.6% barrel, 25.8 HR allowed",neutral batted-ball profile; pitcher fly-ball pressure modest,3.69,40.46,88.67,101.7798,0.2338,0.0541,0.2283,76.05,62.07,44.6,10.37,0.9,0.0531,10.61,46.05,90.12,0.3973,0.1747,25.86,In From CF,68,Progressive Field,
218,663743,Nick Fortes,TB,BOS,2026-09-20T17:40:00Z,Pre-Game,7,Patrick Sandoval,663776,L,37.1,Longshot,Watch List,Platoon Edge,12.5,34.3,41.1,64.3,78.0,50.3,Yes,Yes,7,Yes,No,MLB Stats API; RotoWire,,H:2026/2025 P:2026,,,Direct BvP not yet weighted; 2026/2025 Statcast baseline active,7,3,9,1,Contact streak: 3/9 over last 7 games,"platoon edge; pitcher baseline 6.9% barrel, 6.0 HR allowed",neutral batted-ball profile; pitcher fly-ball pressure modest,2.78,36.01,85.96,98.9542,0.3269,0.0916,0.2756,72.42,23.88,51.12,17.94,5.0,0.1158,6.9,36.0,87.8,0.442,0.163,25.7,None,72,Tropicana Field,
219,691182,Adael Amador,COL,SEA,2026-09-20T19:10:00Z,Pre-Game,6,Kade Anderson,807739,L,37.0,Longshot,Watch List,Platoon Edge,8.2,33.3,49.7,76.2,75.0,27.6,Yes,Yes,6,Yes,No,MLB Stats API; RotoWire,,H:2026/2025 P:2026,,,Direct BvP not yet weighted; 2026/2025 Statcast baseline active,7,4,22,1,"Last 7 games: 4/22, 1 HR","switch hitter; pitcher baseline 7.7% barrel, 4.0 HR allowed",neutral batted-ball profile; pitcher fly-ball pressure modest,6.13,23.93,84.03,95.963,0.2927,0.0971,0.2585,69.13,8.22,50.63,22.43,3.1,0.1909,7.7,39.7,87.5,0.404,0.14,25.6,In From RF,70,Coors Field,
220,687597,Jordan Beck,COL,SEA,2026-09-20T19:10:00Z,Pre-Game,8,Kade Anderson,807739,L,37.0,Longshot,Watch List,Platoon Edge,19.6,33.7,49.7,52.4,78.0,12.0,Yes,Yes,8,Yes,No,MLB Stats API; RotoWire,,H:2026/2025 P:2026,,,Direct BvP not yet weighted; 2026/2025 Statcast baseline active,7,3,15,0,"Last 7 games: 3/15, 0 HR","platoon edge; pitcher baseline 7.7% barrel, 4.0 HR allowed",neutral batted-ball profile; pitcher fly-ball pressure modest,5.61,33.32,86.77,98.6235,0.3222,0.1066,0.2663,73.76,36.83,39.59,28.32,5.5,0.1118,7.7,39.7,87.5,0.404,0.14,25.6,In From RF,70,Coors Field,
221,665926,Andrés Giménez,TOR,TEX,2026-09-20T18:35:00Z,Pre-Game,7,Jacob deGrom,594798,R,36.7,Longshot,Watch List,Platoon Edge,7.1,47.5,41.1,64.3,80.0,12.0,Yes,Yes,7,Yes,No,MLB Stats API; RotoWire,,H:2026/2025 P:2026/2025,,,Direct BvP not yet weighted; 2026/2025 Statcast baseline active,7,5,25,0,"Last 7 games: 5/25, 0 HR","platoon edge; pitcher baseline 8.6% barrel, 21.8 HR allowed",neutral batted-ball profile; pitcher fly-ball pressure modest,3.21,25.53,85.6,95.9731,0.3386,0.0985,0.2835,68.53,5.07,38.52,23.3,8.4,0.1121,8.6,44.42,90.45,0.3798,0.1539,28.9,None,72,Globe Life Field,
222,683011,Anthony Volpe,NYY,AZ,2026-09-20T20:10:00Z,Scheduled,9,Corbin Burnes,669203,R,36.6,Longshot,Watch List,Projected Lineup,25.5,54.5,28.2,40.2,50.0,14.6,No,No,9,Yes,Yes,RotoWire projected lineup; MLB probable pitchers,lineup projected / unconfirmed,H:2026/2025 P:2026/2025,,,Direct BvP not yet weighted; 2026/2025 Statcast baseline active,7,5,23,0,"Last 7 games: 5/23, 0 HR","same-side matchup; pitcher baseline 11.2% barrel, 3.5 HR allowed",neutral batted-ball profile; pitcher allows elevated contact,6.37,38.47,88.46,98.8902,0.3581,0.126,0.2982,71.62,19.19,33.01,24.83,7.1,0.1195,11.18,38.73,90.34,0.4081,0.1839,43.67,,,Chase Field,
223,687401,Joey Ortiz,MIL,BAL,2026-09-20T23:20:00Z,Scheduled,7,Brandon Young,687064,R,36.3,Longshot,Watch List,Projected Lineup,16.9,43.1,32.1,59.8,50.0,54.9,No,No,7,Yes,Yes,RotoWire projected lineup; MLB probable pitchers,lineup projected / unconfirmed,H:2026/2025 P:2026/2025,,,Direct BvP not yet weighted; 2026/2025 Statcast baseline active,7,8,22,1,Contact streak: 8/22 over last 7 games,"same-side matchup; pitcher baseline 7.8% barrel, 18.3 HR allowed",neutral batted-ball profile; pitcher fly-ball pressure modest,3.77,35.6,87.77,99.1565,0.3424,0.0981,0.2918,73.0,30.64,31.98,20.03,8.4,0.122,7.75,40.17,89.33,0.4159,0.1651,26.73,,,Oriole Park at Camden Yards,
224,675961,Alika Williams,ATH,CLE,2026-09-20T17:40:00Z,Pre-Game,7,Gavin Williams,668909,R,36.1,Longshot,Watch List,No major boost,6.3,54.2,40.6,64.3,50.0,29.4,Yes,Yes,7,Yes,No,MLB Stats API; RotoWire,,H:2026 P:2026/2025,,,Direct BvP not yet weighted; 2026/2025 Statcast baseline active,7,6,19,0,"Last 7 games: 6/19, 0 HR","same-side matchup; pitcher baseline 10.6% barrel, 25.8 HR allowed",neutral batted-ball profile; pitcher fly-ball pressure modest,1.2,32.5,84.5,96.8664,0.29,0.08,0.242,69.2,3.0,43.5,23.0,4.0,0.166,10.61,46.05,90.12,0.3973,0.1747,25.86,In From CF,68,Progressive Field,
225,687957,Dustin Harris,SD,MIA,2026-09-20T20:10:00Z,Scheduled,2,Sandy Alcantara,645261,R,36.1,Longshot,Watch List,"Projected Lineup, Premium Lineup Spot, Platoon Edge",4.1,36.9,22.6,95.5,80.0,38.9,No,No,2,Yes,Yes,RotoWire projected lineup; MLB probable pitchers,lineup projected / unconfirmed,H:2026/2025 P:2026/2025,,,Direct BvP not yet weighted; 2026/2025 Statcast baseline active,7,11,29,0,Contact streak: 11/29 over last 7 games,"platoon edge; pitcher baseline 6.6% barrel, 22.7 HR allowed",neutral batted-ball profile; pitcher fly-ball pressure modest,2.58,21.14,85.15,94.9159,0.3422,0.089,0.2933,66.75,2.31,45.33,21.91,0.3,0.1108,6.64,38.77,89.23,0.3982,0.1428,24.94,,,Petco Park,
226,669236,Jeremiah Jackson,BAL,MIL,2026-09-20T23:20:00Z,Scheduled,7,Jacob Misiorowski,694819,R,36.1,Longshot,Watch List,Projected Lineup,34.5,18.9,32.1,59.8,50.0,49.9,No,No,7,Yes,Yes,RotoWire projected lineup; MLB probable pitchers,lineup projected / unconfirmed,H:2026/2025 P:2026/2025,,,Direct BvP not yet weighted; 2026/2025 Statcast baseline active,7,5,24,2,Hot streak: 2 HR in last 7 games,"same-side matchup; pitcher baseline 5.0% barrel, 12.2 HR allowed",neutral batted-ball profile; pitcher fly-ball pressure modest,7.85,41.31,89.76,100.5979,0.3937,0.158,0.2882,72.67,26.96,39.44,24.35,7.8,0.1542,5.03,34.35,87.74,0.2796,0.0996,25.71,,,Oriole Park at Camden Yards,
227,683766,Christian Koss,SF,LAD,2026-09-20T20:10:00Z,Pre-Game,9,,,,35.8,Longshot,Watch List,No major boost,10.1,41.2,65.1,44.8,60.0,22.4,Yes,No,9,Yes,Yes,MLB Stats API; RotoWire,RotoWire not confirmed,H:2026/2025 P:,,,Direct BvP not yet weighted; 2026/2025 Statcast baseline active,7,7,26,0,"Last 7 games: 7/26, 0 HR","handedness incomplete; pitcher baseline 0.0% barrel, 0.0 HR allowed",neutral batted-ball profile; pitcher fly-ball pressure modest,4.81,29.61,84.94,97.2131,0.3306,0.0977,0.2697,69.65,6.63,38.65,19.05,3.7,0.097,,,,,,,Out To CF,77,UNIQLO Field at Dodger Stadium,
228,702222,Justin Crawford,PHI,NYM,2026-09-20T17:10:00Z,Pre-Game,9,Jonah Tong,804636,R,35.7,Longshot,Watch List,Platoon Edge,10.9,37.3,49.3,44.8,80.0,45.3,Yes,Yes,9,Yes,No,MLB Stats API; RotoWire,,H:2026 P:2026/2025,,,Direct BvP not yet weighted; 2026/2025 Statcast baseline active,7,6,20,1,"Last 7 games: 6/20, 1 HR","platoon edge; pitcher baseline 8.9% barrel, 2.3 HR allowed",neutral batted-ball profile; pitcher allows elevated contact,1.8,35.6,87.0,98.2013,0.328,0.07,0.286,69.2,6.1,28.8,16.3,3.0,0.089,8.91,34.64,89.58,0.3604,0.1456,33.31,R To L,68,Citi Field,
229,702332,Caleb Durbin,BOS,TB,2026-09-20T17:40:00Z,Pre-Game,6,Griffin Jax,643377,R,35.7,Longshot,Watch List,No major boost,4.0,43.0,41.1,76.2,50.0,55.6,Yes,Yes,6,Yes,No,MLB Stats API; RotoWire,,H:2026/2025 P:2026/2025,,,Direct BvP not yet weighted; 2026/2025 Statcast baseline active,7,7,19,1,Contact streak: 7/19 over last 7 games,"same-side matchup; pitcher baseline 9.3% barrel, 12.6 HR allowed",neutral batted-ball profile; pitcher fly-ball pressure modest,3.23,25.85,83.8,95.5061,0.3312,0.0902,0.2987,68.81,4.88,41.02,20.03,12.4,0.1338,9.26,41.51,88.99,0.3993,0.1534,23.37,None,72,Tropicana Field,
230,703492,Nick Morabito,NYM,PHI,2026-09-20T17:10:00Z,Pre-Game,8,Cristopher Sánchez,650911,L,35.6,Longshot,Watch List,Platoon Edge,15.0,32.5,49.3,52.4,78.0,22.0,Yes,Yes,8,Yes,No,MLB Stats API; RotoWire,,H:2026 P:2026/2025,,,Direct BvP not yet weighted; 2026/2025 Statcast baseline active,7,4,15,0,"Last 7 games: 4/15, 0 HR","platoon edge; pitcher baseline 6.9% barrel, 15.5 HR allowed",neutral batted-ball profile; pitcher fly-ball pressure modest,0.0,38.1,88.7,98.3792,0.327,0.053,0.322,70.8,24.5,33.3,9.5,0.0,0.031,6.89,40.64,89.07,0.3583,0.1249,16.62,R To L,68,Citi Field,
231,805367,Chase Meidroth,CWS,DET,2026-09-20T18:10:00Z,Pre-Game,7,Troy Melton,675512,R,35.6,Longshot,Watch List,No major boost,12.4,36.6,53.6,64.3,50.0,24.0,Yes,Yes,7,Yes,No,MLB Stats API; RotoWire,,H:2026/2025 P:2026/2025,,,Direct BvP not yet weighted; 2026/2025 Statcast baseline active,7,7,25,0,"Last 7 games: 7/25, 0 HR","same-side matchup; pitcher baseline 6.9% barrel, 11.2 HR allowed",neutral batted-ball profile; pitcher fly-ball pressure modest,3.49,34.91,87.57,97.4132,0.3358,0.0968,0.2965,67.05,1.25,38.05,20.68,11.3,0.1111,6.92,40.94,89.4,0.3801,0.1519,25.26,L To R,67,Rate Field,
232,571912,Luke Maile,KC,PIT,2026-09-20T17:35:00Z,Pre-Game,8,Lake Bachar,669199,R,35.5,Longshot,Watch List,No major boost,14.4,42.4,58.3,52.4,50.0,0.0,Yes,Yes,8,Yes,No,MLB Stats API; RotoWire,,H:2026/2025 P:2026/2025,,,Direct BvP not yet weighted; 2026/2025 Statcast baseline active,7,1,16,0,"Last 7 games: 1/16, 0 HR","same-side matchup; pitcher baseline 8.8% barrel, 12.1 HR allowed",neutral batted-ball profile; pitcher allows elevated contact,4.75,33.16,86.46,97.9504,0.2799,0.099,0.2517,69.57,3.66,42.41,29.18,1.0,0.1092,8.81,36.25,89.39,0.3794,0.171,32.06,Out To CF,72,PNC Park,
233,677943,Will Banfield,CIN,CHC,2026-09-20T17:40:00Z,Pre-Game,8,David Peterson,656849,L,35.5,Longshot,Watch List,Platoon Edge,7.4,34.4,66.3,52.4,78.0,9.3,Yes,Yes,8,Yes,No,MLB Stats API; RotoWire,,H:2026/2025 P:2026/2025,,,Direct BvP not yet weighted; 2026/2025 Statcast baseline active,7,2,11,0,"Last 7 games: 2/11, 0 HR","platoon edge; pitcher baseline 6.2% barrel, 13.1 HR allowed",neutral batted-ball profile; pitcher fly-ball pressure modest,0.0,23.04,85.24,92.576,0.2096,0.0442,0.165,72.56,19.76,38.58,30.54,0.0,0.0581,6.19,42.01,89.41,0.4056,0.1349,18.59,R To L,87,Great American Ball Park,
234,691594,Javier Sanoja,MIA,SD,2026-09-20T20:10:00Z,Scheduled,5,Walker Buehler,621111,R,35.3,Longshot,Watch List,Projected Lineup,11.3,43.0,22.6,81.9,50.0,37.8,No,No,5,Yes,Yes,RotoWire projected lineup; MLB probable pitchers,lineup projected / unconfirmed,H:2026/2025 P:2026/2025,,,Direct BvP not yet weighted; 2026/2025 Statcast baseline active,7,7,28,1,"Last 7 games: 7/28, 1 HR","same-side matchup; pitcher baseline 8.6% barrel, 20.6 HR allowed",neutral batted-ball profile; pitcher fly-ball pressure modest,2.29,33.04,87.52,97.564,0.3483,0.0844,0.2883,69.0,6.88,37.94,19.39,8.1,0.1558,8.59,38.15,88.88,0.4171,0.1645,23.44,,,Petco Park,
235,645277,Ozzie Albies,ATL,HOU,2026-09-20T18:10:00Z,Pre-Game,6,Hunter Brown,686613,R,35.0,Longshot,Watch List,Platoon Edge,16.2,20.5,41.1,76.2,75.0,23.4,Yes,Yes,6,Yes,No,MLB Stats API; RotoWire,,H:2026/2025 P:2026/2025,,,Direct BvP not yet weighted; 2026/2025 Statcast baseline active,7,4,26,1,"Last 7 games: 4/26, 1 HR","switch hitter; pitcher baseline 6.1% barrel, 12.8 HR allowed",neutral batted-ball profile; pitcher fly-ball pressure modest,4.27,28.81,87.29,96.7486,0.353,0.1212,0.2857,68.86,5.67,46.63,31.69,20.2,0.1502,6.11,35.56,86.31,0.3229,0.1192,23.09,None,72,Daikin Park,
236,681987,Nate Eaton,BOS,TB,2026-09-20T17:40:00Z,Pre-Game,9,Griffin Jax,643377,R,34.9,Longshot,Watch List,No major boost,21.9,43.0,41.1,44.8,50.0,9.3,Yes,Yes,9,Yes,No,MLB Stats API; RotoWire,,H:2026/2025 P:2026/2025,,,Direct BvP not yet weighted; 2026/2025 Statcast baseline active,7,2,11,0,"Last 7 games: 2/11, 0 HR","same-side matchup; pitcher baseline 9.3% barrel, 12.6 HR allowed",neutral batted-ball profile; pitcher fly-ball pressure modest,6.72,32.95,87.54,97.6809,0.3153,0.1251,0.286,73.09,25.95,47.92,23.89,1.0,0.1073,9.26,41.51,88.99,0.3993,0.1534,23.37,None,72,Tropicana Field,
237,695681,Christian Moore,LAA,MIN,2026-09-20T20:07:00Z,Scheduled,8,Dean Kremer,665152,R,34.5,Longshot,Watch List,Projected Lineup,23.1,47.7,28.2,47.9,50.0,0.0,No,No,8,Yes,Yes,RotoWire projected lineup; MLB probable pitchers,lineup projected / unconfirmed,H:2026/2025 P:2026/2025,,,Direct BvP not yet weighted; 2026/2025 Statcast baseline active,7,2,23,0,"Last 7 games: 2/23, 0 HR","same-side matchup; pitcher baseline 9.3% barrel, 18.5 HR allowed",neutral batted-ball profile; pitcher allows elevated contact,6.97,37.14,88.48,99.4773,0.2904,0.1028,0.2421,71.86,24.03,25.45,27.22,2.8,0.102,9.33,35.66,87.96,0.4419,0.1987,31.55,,,Angel Stadium,
238,663968,Jake Mangum,PIT,KC,2026-09-20T17:35:00Z,Pre-Game,9,Michael Wacha,608379,R,34.2,Longshot,Watch List,Platoon Edge,7.3,35.7,58.3,44.8,75.0,30.3,Yes,Yes,9,Yes,No,MLB Stats API; RotoWire,,H:2026/2025 P:2026/2025,,,Direct BvP not yet weighted; 2026/2025 Statcast baseline active,7,5,25,1,"Last 7 games: 5/25, 1 HR","switch hitter; pitcher baseline 7.0% barrel, 23.4 HR allowed",neutral batted-ball profile; pitcher fly-ball pressure modest,2.49,29.62,86.25,96.83,0.3367,0.0864,0.2851,67.72,4.5,28.21,16.4,4.4,0.086,6.98,35.72,87.92,0.4081,0.1633,28.95,Out To CF,72,PNC Park,
239,677649,Ezequiel Duran,TEX,TOR,2026-09-20T18:35:00Z,Pre-Game,4,Spencer Miles,693686,R,34.2,Longshot,Watch List,Premium Lineup Spot,20.2,11.9,41.1,94.9,50.0,15.3,Yes,Yes,4,Yes,No,MLB Stats API; RotoWire,,H:2026/2025 P:2026,,,Direct BvP not yet weighted; 2026/2025 Statcast baseline active,7,6,27,0,"Last 7 games: 6/27, 0 HR","same-side matchup; pitcher baseline 3.5% barrel, 5.0 HR allowed",neutral batted-ball profile; pitcher fly-ball pressure modest,4.98,35.87,87.75,98.9733,0.351,0.1139,0.2862,72.34,24.73,35.59,21.51,11.9,0.1376,3.5,34.5,86.8,0.32,0.091,19.8,None,72,Globe Life Field,
240,800325,Luis Lara,MIL,BAL,2026-09-20T23:20:00Z,Scheduled,8,Brandon Young,687064,R,34.2,Longshot,Watch List,"Projected Lineup, Platoon Edge",16.5,41.1,32.1,47.9,75.0,12.0,No,No,8,Yes,Yes,RotoWire projected lineup; MLB probable pitchers,lineup projected / unconfirmed,H:2026 P:2026/2025,,,Direct BvP not yet weighted; 2026/2025 Statcast baseline active,7,5,25,0,"Last 7 games: 5/25, 0 HR","switch hitter; pitcher baseline 7.8% barrel, 18.3 HR allowed",neutral batted-ball profile; pitcher fly-ball pressure modest,3.7,41.0,87.7,98.8743,0.328,0.074,0.292,71.5,17.6,30.6,14.9,1.0,0.086,7.75,40.17,89.33,0.4159,0.1651,26.73,,,Oriole Park at Camden Yards,
241,643289,Mauricio Dubón,ATL,HOU,2026-09-20T18:10:00Z,Pre-Game,5,Hunter Brown,686613,R,33.7,Longshot,Watch List,No major boost,10.5,21.9,41.1,86.4,50.0,45.0,Yes,Yes,5,Yes,No,MLB Stats API; RotoWire,,H:2026/2025 P:2026/2025,,,Direct BvP not yet weighted; 2026/2025 Statcast baseline active,7,12,27,0,Contact streak: 12/27 over last 7 games,"same-side matchup; pitcher baseline 6.1% barrel, 12.8 HR allowed",neutral batted-ball profile; pitcher fly-ball pressure modest,3.16,28.82,85.97,96.2377,0.3639,0.1001,0.2983,68.87,4.1,31.61,25.93,9.8,0.1182,6.11,35.56,86.31,0.3229,0.1192,23.09,None,72,Daikin Park,
242,669397,Nick Allen,HOU,ATL,2026-09-20T18:10:00Z,Pre-Game,8,Martín Pérez,527048,L,33.7,Longshot,Watch List,Platoon Edge,3.5,37.7,41.1,52.4,78.0,60.3,Yes,Yes,8,Yes,No,MLB Stats API; RotoWire,,H:2026/2025 P:2026/2025,,,Direct BvP not yet weighted; 2026/2025 Statcast baseline active,7,2,5,1,Contact streak: 2/5 over last 7 games,"platoon edge; pitcher baseline 7.9% barrel, 10.9 HR allowed",neutral batted-ball profile; pitcher fly-ball pressure modest,1.26,25.87,85.64,95.993,0.2743,0.0533,0.2506,67.65,1.39,35.67,20.71,2.1,0.0811,7.93,37.16,88.06,0.4213,0.1618,24.69,None,72,Daikin Park,
243,696285,Jacob Young,WSH,STL,2026-09-20T18:15:00Z,Pre-Game,8,Quinn Mathews,687273,L,33.4,Longshot,Watch List,Platoon Edge,16.6,12.9,64.6,52.4,78.0,15.3,Yes,Yes,8,Yes,No,MLB Stats API; RotoWire,,H:2026/2025 P:2026,,,Direct BvP not yet weighted; 2026/2025 Statcast baseline active,7,4,18,0,"Last 7 games: 4/18, 0 HR","platoon edge; pitcher baseline 2.8% barrel, 3.0 HR allowed",neutral batted-ball profile; pitcher fly-ball pressure modest,4.56,31.54,87.67,97.7343,0.3689,0.1104,0.3103,69.21,2.23,34.93,24.35,7.6,0.1155,2.8,32.1,87.7,0.321,0.085,25.7,Out To RF,89,Busch Stadium,
244,630105,Jake Cronenworth,SD,MIA,2026-09-20T20:10:00Z,Scheduled,8,Sandy Alcantara,645261,R,33.2,Longshot,Watch List,"Projected Lineup, Platoon Edge",15.1,36.9,22.6,47.9,80.0,40.9,No,No,8,Yes,Yes,RotoWire projected lineup; MLB probable pitchers,lineup projected / unconfirmed,H:2026/2025 P:2026/2025,,,Direct BvP not yet weighted; 2026/2025 Statcast baseline active,7,11,28,0,Contact streak: 11/28 over last 7 games,"platoon edge; pitcher baseline 6.6% barrel, 22.7 HR allowed",neutral batted-ball profile; pitcher fly-ball pressure modest,4.24,32.07,87.45,97.7063,0.3173,0.1007,0.2868,71.32,17.25,31.82,24.4,6.8,0.0946,6.64,38.77,89.23,0.3982,0.1428,24.94,,,Petco Park,
245,802415,Chandler Simpson,TB,BOS,2026-09-20T17:40:00Z,Pre-Game,5,Patrick Sandoval,663776,L,33.0,Longshot,Watch List,No major boost,0.3,34.3,41.1,86.4,50.0,37.0,Yes,Yes,5,Yes,No,MLB Stats API; RotoWire,,H:2026/2025 P:2026,,,Direct BvP not yet weighted; 2026/2025 Statcast baseline active,7,11,30,0,Contact streak: 11/30 over last 7 games,"same-side matchup; pitcher baseline 6.9% barrel, 6.0 HR allowed",neutral batted-ball profile; pitcher fly-ball pressure modest,0.0,14.64,83.81,92.8654,0.3108,0.0382,0.2753,64.8,0.44,28.34,12.58,0.0,0.0507,6.9,36.0,87.8,0.442,0.163,25.7,None,72,Tropicana Field,
246,669134,Luis Campusano,SD,MIA,2026-09-20T20:10:00Z,Scheduled,7,Sandy Alcantara,645261,R,33.0,Longshot,Watch List,Projected Lineup,20.5,36.9,22.6,59.8,50.0,21.0,No,No,7,Yes,Yes,RotoWire projected lineup; MLB probable pitchers,lineup projected / unconfirmed,H:2026/2025 P:2026/2025,,,Direct BvP not yet weighted; 2026/2025 Statcast baseline active,7,4,29,1,"Last 7 games: 4/29, 1 HR","same-side matchup; pitcher baseline 6.6% barrel, 22.7 HR allowed",neutral batted-ball profile; pitcher fly-ball pressure modest,6.02,36.02,87.8,98.4586,0.3025,0.1134,0.292,73.03,31.32,46.35,20.36,5.6,0.1232,6.64,38.77,89.23,0.3982,0.1428,24.94,,,Petco Park,
247,805346,Ben Ross,MIN,LAA,2026-09-20T20:07:00Z,Scheduled,9,Ryan Johnson,696270,R,32.5,Longshot,Watch List,"Projected Lineup, Strong Barrel",21.1,46.1,28.2,40.2,50.0,2.0,No,No,9,Yes,Yes,RotoWire projected lineup; MLB probable pitchers,lineup projected / unconfirmed,H:2026 P:2026/2025,,,Direct BvP not yet weighted; 2026/2025 Statcast baseline active,7,2,15,0,"Last 7 games: 2/15, 0 HR","same-side matchup; pitcher baseline 9.5% barrel, 13.8 HR allowed",neutral batted-ball profile; pitcher allows elevated contact,14.3,28.6,74.8,95.4813,0.188,0.082,0.125,70.9,3.6,42.9,14.3,0.0,0.134,9.48,36.42,87.68,0.4332,0.1833,34.09,,,Angel Stadium,
248,686475,Tyler Tolbert,KC,PIT,2026-09-20T17:35:00Z,Pre-Game,9,Lake Bachar,669199,R,32.1,Longshot,Watch List,No major boost,7.4,42.4,58.3,44.8,50.0,0.8,Yes,Yes,9,Yes,No,MLB Stats API; RotoWire,,H:2026/2025 P:2026/2025,,,Direct BvP not yet weighted; 2026/2025 Statcast baseline active,7,1,8,0,"Last 7 games: 1/8, 0 HR","same-side matchup; pitcher baseline 8.8% barrel, 12.1 HR allowed",neutral batted-ball profile; pitcher allows elevated contact,2.82,29.14,85.92,96.5106,0.3241,0.0739,0.3004,69.18,3.37,32.61,23.4,2.4,0.1098,8.81,36.25,89.39,0.3794,0.171,32.06,Out To CF,72,PNC Park,
249,669364,Xavier Edwards,MIA,SD,2026-09-20T20:10:00Z,Scheduled,7,Walker Buehler,621111,R,31.5,Longshot,Watch List,"Projected Lineup, Platoon Edge",8.6,40.9,22.6,59.8,75.0,7.0,No,No,7,Yes,Yes,RotoWire projected lineup; MLB probable pitchers,lineup projected / unconfirmed,H:2026/2025 P:2026/2025,,,Direct BvP not yet weighted; 2026/2025 Statcast baseline active,7,4,24,0,"Last 7 games: 4/24, 0 HR","switch hitter; pitcher baseline 8.6% barrel, 20.6 HR allowed",neutral batted-ball profile; pitcher fly-ball pressure modest,2.48,28.7,86.8,96.5317,0.3488,0.0893,0.3062,67.88,2.4,28.66,21.98,5.1,0.0847,8.59,38.15,88.88,0.4171,0.1645,23.44,,,Petco Park,
250,806198,Cooper Pratt,MIL,BAL,2026-09-20T23:20:00Z,Scheduled,9,Brandon Young,687064,R,31.1,Longshot,Watch List,Projected Lineup,11.7,43.1,32.1,40.2,50.0,38.3,No,No,9,Yes,Yes,RotoWire projected lineup; MLB probable pitchers,lineup projected / unconfirmed,H:2026 P:2026/2025,,,Direct BvP not yet weighted; 2026/2025 Statcast baseline active,7,9,24,0,Contact streak: 9/24 over last 7 games,"same-side matchup; pitcher baseline 7.8% barrel, 18.3 HR allowed",neutral batted-ball profile; pitcher fly-ball pressure modest,3.5,27.8,87.3,96.8308,0.365,0.097,0.316,69.9,8.8,31.8,21.6,3.0,0.091,7.75,40.17,89.33,0.4159,0.1651,26.73,,,Oriole Park at Camden Yards,
251,643376,Danny Jansen,TEX,TOR,2026-09-20T18:35:00Z,Pre-Game,8,Spencer Miles,693686,R,30.6,Longshot,Watch List,No major boost,22.7,11.9,41.1,52.4,50.0,45.0,Yes,Yes,8,Yes,No,MLB Stats API; RotoWire,,H:2026/2025 P:2026,,,Direct BvP not yet weighted; 2026/2025 Statcast baseline active,7,8,18,0,Contact streak: 8/18 over last 7 games,"same-side matchup; pitcher baseline 3.5% barrel, 5.0 HR allowed",neutral batted-ball profile; pitcher fly-ball pressure modest,7.05,34.66,87.53,97.8595,0.3206,0.1304,0.2755,69.85,6.53,54.05,28.28,8.4,0.1707,3.5,34.5,86.8,0.32,0.091,19.8,None,72,Globe Life Field,
252,676391,Ernie Clement,TOR,TEX,2026-09-20T18:35:00Z,Pre-Game,9,Jacob deGrom,594798,R,29.9,Longshot,Watch List,No major boost,4.7,47.5,41.1,44.8,50.0,0.0,Yes,Yes,9,Yes,No,MLB Stats API; RotoWire,,H:2026/2025 P:2026/2025,,,Direct BvP not yet weighted; 2026/2025 Statcast baseline active,7,1,20,0,"Last 7 games: 1/20, 0 HR","same-side matchup; pitcher baseline 8.6% barrel, 21.8 HR allowed",neutral batted-ball profile; pitcher fly-ball pressure modest,2.19,22.01,84.85,94.5371,0.3317,0.0846,0.2687,67.39,2.68,40.03,28.18,9.0,0.1105,8.6,44.42,90.45,0.3798,0.1539,28.9,None,72,Globe Life Field,
253,670764,Taylor Walls,TB,BOS,2026-09-20T17:40:00Z,Pre-Game,9,Patrick Sandoval,663776,L,29.6,Longshot,Watch List,Platoon Edge,5.5,33.7,41.1,44.8,75.0,10.1,Yes,Yes,9,Yes,No,MLB Stats API; RotoWire,,H:2026/2025 P:2026,,,Direct BvP not yet weighted; 2026/2025 Statcast baseline active,7,3,16,0,"Last 7 games: 3/16, 0 HR","switch hitter; pitcher baseline 6.9% barrel, 6.0 HR allowed",neutral batted-ball profile; pitcher fly-ball pressure modest,2.29,23.25,85.95,95.4655,0.2733,0.0773,0.254,68.35,2.13,38.54,28.7,2.6,0.0808,6.9,36.0,87.8,0.442,0.163,25.7,None,72,Tropicana Field,
254,643396,Isiah Kiner-Falefa,BOS,TB,2026-09-20T17:40:00Z,Pre-Game,8,Griffin Jax,643377,R,29.2,Longshot,Watch List,No major boost,2.6,43.0,41.1,52.4,50.0,0.0,Yes,Yes,8,Yes,No,MLB Stats API; RotoWire,,H:2026/2025 P:2026/2025,,,Direct BvP not yet weighted; 2026/2025 Statcast baseline active,7,1,17,0,"Last 7 games: 1/17, 0 HR","same-side matchup; pitcher baseline 9.3% barrel, 12.6 HR allowed",neutral batted-ball profile; pitcher fly-ball pressure modest,2.1,27.01,83.27,95.3333,0.3222,0.0646,0.2893,67.9,2.95,38.36,14.88,2.0,0.0741,9.26,41.51,88.99,0.3993,0.1534,23.37,None,72,Tropicana Field,
255,694497,Evan Carter,TEX,TOR,2026-09-20T18:35:00Z,Pre-Game,9,Spencer Miles,693686,R,29.0,Longshot,Watch List,Platoon Edge,19.7,11.9,41.1,44.8,80.0,0.0,Yes,Yes,9,Yes,No,MLB Stats API; RotoWire,,H:2026/2025 P:2026,,,Direct BvP not yet weighted; 2026/2025 Statcast baseline active,7,1,14,0,"Last 7 games: 1/14, 0 HR","platoon edge; pitcher baseline 3.5% barrel, 5.0 HR allowed",neutral batted-ball profile; pitcher fly-ball pressure modest,5.34,34.81,87.33,98.5632,0.3257,0.1169,0.2835,71.02,18.07,39.19,27.91,7.8,0.1289,3.5,34.5,86.8,0.32,0.091,19.8,None,72,Globe Life Field,
256,665750,Leody Taveras,BAL,MIL,2026-09-20T23:20:00Z,Scheduled,8,Jacob Misiorowski,694819,R,29.0,Longshot,Watch List,"Projected Lineup, Platoon Edge",18.4,17.6,32.1,47.9,75.0,8.5,No,No,8,Yes,Yes,RotoWire projected lineup; MLB probable pitchers,lineup projected / unconfirmed,H:2026/2025 P:2026/2025,,,Direct BvP not yet weighted; 2026/2025 Statcast baseline active,7,3,17,0,"Last 7 games: 3/17, 0 HR","switch hitter; pitcher baseline 5.0% barrel, 12.2 HR allowed",neutral batted-ball profile; pitcher fly-ball pressure modest,4.72,33.38,88.15,99.0909,0.3152,0.1068,0.2592,72.46,25.37,34.49,25.15,6.5,0.1165,5.03,34.35,87.74,0.2796,0.0996,25.71,,,Oriole Park at Camden Yards,
257,683083,Nasim Nuñez,WSH,STL,2026-09-20T18:15:00Z,Pre-Game,9,Quinn Mathews,687273,L,28.2,Longshot,Watch List,Platoon Edge,5.2,12.5,64.6,44.8,75.0,15.3,Yes,Yes,9,Yes,No,MLB Stats API; RotoWire,,H:2026/2025 P:2026,,,Direct BvP not yet weighted; 2026/2025 Statcast baseline active,7,2,9,0,"Last 7 games: 2/9, 0 HR","switch hitter; pitcher baseline 2.8% barrel, 3.0 HR allowed",neutral batted-ball profile; pitcher fly-ball pressure modest,2.04,27.71,86.01,96.0784,0.3019,0.0755,0.2757,68.6,4.63,31.01,19.66,1.9,0.0748,2.8,32.1,87.7,0.321,0.085,25.7,Out To RF,89,Busch Stadium,
258,623168,Tyler Heineman,LAA,MIN,2026-09-20T20:07:00Z,Scheduled,9,Dean Kremer,665152,R,27.9,Longshot,Watch List,"Projected Lineup, Platoon Edge",0.3,45.7,28.2,40.2,75.0,3.4,No,No,9,Yes,Yes,RotoWire projected lineup; MLB probable pitchers,lineup projected / unconfirmed,H:2026/2025 P:2026/2025,,,Direct BvP not yet weighted; 2026/2025 Statcast baseline active,7,3,21,0,"Last 7 games: 3/21, 0 HR","switch hitter; pitcher baseline 9.3% barrel, 18.5 HR allowed",neutral batted-ball profile; pitcher allows elevated contact,1.38,15.33,82.79,92.8401,0.272,0.0552,0.2478,65.4,0.42,43.71,21.68,1.6,0.071,9.33,35.66,87.96,0.4419,0.1987,31.55,,,Angel Stadium,
259,673490,Ha-Seong Kim,ATL,HOU,2026-09-20T18:10:00Z,Pre-Game,9,Hunter Brown,686613,R,26.2,Longshot,Watch List,No major boost,11.0,21.9,41.1,44.8,50.0,8.5,Yes,Yes,9,Yes,No,MLB Stats API; RotoWire,,H:2026/2025 P:2026/2025,,,Direct BvP not yet weighted; 2026/2025 Statcast baseline active,7,3,17,0,"Last 7 games: 3/17, 0 HR","same-side matchup; pitcher baseline 6.1% barrel, 12.8 HR allowed",neutral batted-ball profile; pitcher fly-ball pressure modest,3.31,30.28,86.97,96.6678,0.2538,0.0699,0.2438,71.45,15.56,42.33,27.26,1.5,0.0396,6.11,35.56,86.31,0.3229,0.1192,23.09,None,72,Daikin Park,
260,670032,Nicky Lopez,TEX,TOR,2026-09-20T18:35:00Z,Pre-Game,7,Spencer Miles,693686,R,26.2,Longshot,Watch List,Platoon Edge,2.2,11.9,41.1,64.3,80.0,5.1,Yes,Yes,7,Yes,No,MLB Stats API; RotoWire,,H:2026/2025 P:2026,,,Direct BvP not yet weighted; 2026/2025 Statcast baseline active,7,2,13,0,"Last 7 games: 2/13, 0 HR","platoon edge; pitcher baseline 3.5% barrel, 5.0 HR allowed",neutral batted-ball profile; pitcher fly-ball pressure modest,0.0,27.26,84.66,95.1876,0.2648,0.0412,0.2568,66.72,1.24,33.73,12.14,0.7,0.028,3.5,34.5,86.8,0.32,0.091,19.8,None,72,Globe Life Field,
261,669392,Samad Taylor,SD,MIA,2026-09-20T20:10:00Z,Scheduled,9,Sandy Alcantara,645261,R,26.2,Longshot,Watch List,Projected Lineup,1.8,36.9,22.6,40.2,50.0,63.3,No,No,9,Yes,Yes,RotoWire projected lineup; MLB probable pitchers,lineup projected / unconfirmed,H:2026/2025 P:2026/2025,,,Direct BvP not yet weighted; 2026/2025 Statcast baseline active,7,9,21,1,Contact streak: 9/21 over last 7 games,"same-side matchup; pitcher baseline 6.6% barrel, 22.7 HR allowed",neutral batted-ball profile; pitcher fly-ball pressure modest,2.87,20.9,82.49,94.0718,0.3084,0.0689,0.2789,68.81,3.5,29.62,16.63,1.4,0.0679,6.64,38.77,89.23,0.3982,0.1428,24.94,,,Petco Park,
